transaction_id,user_id,category,price,quantity,total_amount,payment_method,is_return,rating
3328,1512,Other,353.52,2,159.11,Card,0,5.0
4375,1904,Clothing,84.53,3,1616.62,Cash,0,4.0
3426,4856,Clothing,354.16,4,674.22,Cash,0,3.0
2026,1236,Other,210.6,3,140.22,Card,0,2.0
3873,1153,Food,232.96,3,449.26,Cash,0,
4026,2846,Clothing,110.31,3,2240.23,Online,0,5.0
946,1627,Clothing,38.22,2,1298.75,Cash,0,1.0
697,1272,Other,20.77,2,2099.08,Cash,1,5.0
1634,2428,Other,260.93,4,363.48,Card,0,3.0
3657,2977,Food,136.51,5,2380.13,Online,0,4.0
2394,2891,Food,140.58,1,173.23,Cash,1,
1816,4637,Other,179.26,2,1569.64,Cash,0,3.0
1116,2896,Books,31.03,5,965.04,Card,0,3.0
3275,3381,Electronics,415.54,3,664.19,Cash,0,5.0
131,3818,Books,313.54,4,1557.25,Card,0,5.0
1928,2919,Food,245.46,3,625.76,Card,0,3.0
3044,3671,Food,128.28,4,2275.43,Online,0,5.0
3423,3561,Clothing,438.63,2,140.86,Online,0,2.0
1859,3639,Electronics,101.37,2,2028.51,Card,0,4.0
4128,3458,Books,373.65,5,1152.27,Cash,0,2.0
2779,4273,Books,331.9,4,1731.81,Card,0,4.0
651,2888,Electronics,329.62,1,1903.06,Cash,0,3.0
860,2026,Books,72.76,4,2280.65,Cash,0,4.0
4812,4293,Clothing,66.71,2,894.42,Online,0,4.0
3690,3270,Electronics,492.15,3,2095.15,Online,0,1.0
2342,3513,Clothing,106.79,1,2124.73,Online,1,5.0
2629,4743,Clothing,386.26,2,2092.57,Card,0,4.0
4947,3272,Books,371.56,2,1907.55,Card,0,2.0
2500,2367,Clothing,277.28,2,1884.37,Cash,0,2.0
4159,1874,Food,142.65,2,987.77,Card,0,
548,4044,Books,360.86,1,739.67,Card,0,1.0
4672,2465,Food,110.46,2,805.71,Card,0,
4045,4116,Books,168.19,3,1470.04,Cash,0,3.0
4188,2795,Food,234.34,5,1666.9,Card,0,
1499,1840,Electronics,351.71,5,2155.14,Cash,0,2.0
2669,2441,Electronics,182.81,1,659.4,Card,0,4.0
4875,2607,Clothing,110.93,1,2409.79,Cash,0,4.0
4901,4935,Electronics,148.97,3,1628.71,Card,0,4.0
2376,1646,Other,26.16,2,144.44,Card,0,3.0
2523,2382,Other,431.54,5,2013.67,Online,0,1.0
2606,2364,Electronics,450.65,3,2044.39,Card,0,5.0
2067,3354,Books,107.35,2,1878.82,Card,0,1.0
1582,3666,Electronics,232.83,3,1437.31,Card,0,2.0
1911,2596,Books,168.14,5,1174.36,Card,0,1.0
71,3741,Books,492.83,4,719.27,Cash,0,4.0
4244,2607,Clothing,199.92,2,662.68,Online,1,
169,4254,Food,251.93,5,1511.73,Cash,0,1.0
3100,3857,Food,126.93,1,495.49,Card,1,4.0
3551,1647,Books,187.29,5,2358.49,Online,0,5.0
759,1466,Food,425.77,4,1185.4,Online,0,1.0
3816,2945,Books,442.2,5,528.52,Online,0,1.0
2232,4298,Food,23.81,2,1714.99,Online,0,5.0
397,2810,Other,118.4,2,456.14,Cash,0,2.0
1199,3664,Other,97.22,1,2274.41,Cash,0,5.0
3447,4092,Clothing,246.71,1,382.09,Online,0,3.0
2395,2461,Electronics,279.09,4,310.21,Cash,0,2.0
269,1070,Clothing,150.48,3,1710.53,Cash,0,4.0
2183,4663,Books,88.15,5,258.46,Online,0,5.0
3346,1304,Clothing,279.25,1,720.85,Cash,0,3.0
2221,1986,Other,288.65,5,1204.99,Card,1,2.0
421,4720,Food,467.16,2,2358.91,Card,0,
3831,3648,Books,198.38,4,31.4,Cash,1,
3717,1359,Electronics,225.51,2,157.04,Online,0,1.0
3326,2812,Electronics,410.57,5,1013.4,Card,0,5.0
3263,4797,Books,301.0,3,1063.94,Online,0,5.0
4057,4966,Food,264.9,2,1062.0,Online,0,5.0
244,1072,Other,371.17,2,2201.52,Online,0,2.0
265,2395,Clothing,181.86,2,1806.21,Cash,0,4.0
4705,3300,Food,93.82,1,1812.43,Card,0,1.0
1031,2389,Electronics,110.44,1,1851.65,Online,0,4.0
3108,4406,Other,93.33,4,900.63,Cash,0,3.0
1387,3646,Other,216.06,1,2068.47,Online,0,2.0
1337,3983,Other,279.7,1,278.24,Card,0,1.0
677,4107,Other,26.92,1,2211.2,Online,0,4.0
1699,4466,Clothing,474.51,1,2008.3,Cash,0,4.0
4105,1803,Food,496.42,1,1961.98,Online,1,
4532,3389,Clothing,137.4,5,654.64,Cash,1,3.0
1339,1739,Other,427.55,4,1281.42,Cash,0,2.0
2150,1810,Electronics,314.37,3,1535.41,Cash,0,4.0
706,1633,Books,449.74,5,332.62,Card,0,5.0
2696,1897,Clothing,62.11,1,1235.95,Card,0,5.0
2037,4834,Electronics,482.46,1,1801.87,Card,0,1.0
3085,1328,Books,207.98,1,1124.54,Cash,0,1.0
673,2860,Food,378.67,4,557.82,Online,0,3.0
1239,2350,Clothing,460.02,1,2027.55,Cash,0,1.0
3894,1981,Food,56.15,2,1759.7,Card,0,3.0
2484,1482,Clothing,17.66,3,1166.78,Card,0,1.0
3673,3637,Electronics,362.41,5,2164.99,Card,1,
12,4393,Other,60.34,2,1829.77,Card,0,2.0
1389,2914,Books,122.04,3,567.91,Online,0,3.0
2624,1648,Books,203.31,2,594.35,Online,1,2.0
3338,3236,Other,208.78,2,2242.87,Card,0,1.0
1837,4697,Clothing,39.67,1,2240.96,Online,0,1.0
3867,2579,Clothing,259.1,1,2280.21,Card,0,4.0
2837,2598,Books,188.69,4,900.32,Online,0,1.0
1055,4362,Books,192.52,3,244.44,Card,0,4.0
4362,3636,Clothing,263.63,1,1927.2,Card,0,2.0
4292,2143,Electronics,32.96,2,365.65,Cash,0,3.0
4157,2699,Clothing,125.56,1,844.56,Card,0,5.0
333,1188,Clothing,391.31,3,2094.38,Cash,0,1.0
4933,4709,Clothing,314.2,2,802.66,Card,0,2.0
4220,4764,Other,303.82,2,489.91,Card,0,5.0
609,3577,Food,61.68,4,1182.47,Cash,1,
2509,1543,Food,224.18,5,720.82,Cash,1,
273,1255,Clothing,281.95,1,292.32,Card,0,3.0
4046,3399,Clothing,273.12,2,1181.75,Card,0,1.0
1185,3042,Electronics,255.3,1,2391.06,Cash,0,2.0
4166,3881,Clothing,139.51,3,1443.52,Card,0,4.0
4104,1092,Clothing,93.68,5,1203.14,Online,0,3.0
3886,4705,Books,69.12,1,1841.16,Card,0,2.0
4868,1756,Electronics,123.44,5,1757.2,Cash,0,5.0
1856,3610,Food,218.01,3,2361.96,Card,1,4.0
4287,4945,Electronics,358.03,2,1767.61,Card,0,3.0
4817,2173,Clothing,312.27,5,1183.81,Card,0,1.0
4959,1608,Electronics,172.21,3,410.58,Cash,0,3.0
4347,3700,Clothing,315.31,5,880.56,Cash,0,5.0
2273,3615,Food,242.4,5,425.25,Online,0,
4596,2640,Books,370.37,5,2225.2,Cash,0,4.0
4648,3659,Electronics,435.47,1,2261.83,Cash,0,3.0
3249,4111,Electronics,374.73,3,1765.67,Online,0,2.0
4666,4998,Clothing,191.6,5,2074.06,Online,1,
3529,2138,Electronics,422.54,3,659.14,Online,0,4.0
320,4268,Other,55.24,1,659.4,Online,0,4.0
4800,3553,Clothing,491.82,4,537.54,Cash,0,2.0
4494,3190,Food,272.52,1,464.75,Online,0,3.0
3449,3239,Books,22.51,2,757.08,Card,1,
1742,1844,Books,286.79,4,2499.85,Cash,0,3.0
1763,2442,Electronics,213.63,5,32.84,Online,0,2.0
3866,3468,Clothing,178.95,4,378.66,Online,0,2.0
2093,3882,Food,66.13,1,2153.79,Card,0,4.0
1979,4813,Other,498.98,5,1202.43,Card,0,3.0
2294,2032,Electronics,470.52,1,482.02,Cash,0,4.0
4146,1726,Other,454.46,4,1179.86,Cash,0,3.0
101,1325,Other,224.97,3,1124.09,Card,0,3.0
1454,4116,Clothing,275.65,3,1108.93,Online,0,1.0
2658,3958,Other,29.95,1,1875.06,Online,0,3.0
2690,3123,Food,329.71,5,2217.89,Cash,0,
410,2846,Food,12.64,2,1142.3,Online,0,4.0
99,2116,Food,28.35,2,1721.11,Card,1,
47,4030,Clothing,175.18,4,150.3,Card,0,3.0
1694,3856,Clothing,276.49,5,826.91,Cash,0,5.0
1066,4173,Food,455.12,1,2028.52,Online,0,2.0
4906,3804,Electronics,83.42,2,2010.06,Card,0,3.0
174,3124,Books,100.59,2,1460.16,Cash,0,1.0
2419,3195,Clothing,313.75,2,130.08,Card,0,4.0
3733,3239,Electronics,295.06,2,2148.42,Card,0,3.0
3162,3792,Electronics,494.85,4,747.65,Online,0,3.0
672,2458,Clothing,104.6,5,2129.12,Online,0,3.0
3322,1904,Food,101.59,2,370.9,Card,0,5.0
2729,1456,Other,68.39,4,407.41,Card,0,5.0
1919,2946,Food,322.34,5,1493.2,Card,0,
1119,1703,Clothing,376.74,5,833.84,Card,0,5.0
2792,2947,Other,377.11,1,2154.02,Cash,1,4.0
3054,3179,Electronics,361.1,5,2253.0,Card,0,5.0
700,1249,Clothing,197.97,1,1267.53,Card,0,5.0
3672,2950,Books,356.27,4,1294.12,Cash,0,2.0
733,3117,Other,184.82,1,1602.81,Card,0,5.0
181,3277,Clothing,78.67,2,995.29,Online,0,4.0
616,3058,Clothing,199.89,1,2370.7,Cash,0,5.0
2487,4475,Electronics,420.4,2,29.02,Card,0,5.0
4827,1266,Other,447.52,5,872.09,Online,0,3.0
1579,3564,Clothing,214.37,3,2201.67,Online,0,5.0
2457,3139,Other,412.98,2,462.44,Card,0,3.0
2407,4092,Books,42.75,5,485.31,Online,0,5.0
1729,3299,Food,122.59,5,2163.81,Card,0,
3523,2432,Food,150.97,2,1357.62,Card,0,
1776,4322,Electronics,123.38,5,2008.68,Cash,0,3.0
2927,3345,Clothing,362.66,4,2147.58,Online,0,1.0
3383,4918,Food,62.69,2,1978.36,Card,0,
2820,4727,Clothing,258.22,2,1794.83,Online,0,4.0
777,4317,Other,6.78,5,1643.77,Card,0,2.0
3887,4729,Other,146.39,3,1443.34,Card,1,
3180,3312,Food,403.69,1,324.07,Cash,1,
297,1777,Electronics,299.48,1,1261.93,Card,0,5.0
812,3472,Food,182.81,1,556.29,Cash,0,2.0
937,4268,Food,136.11,4,1829.16,Online,0,4.0
4317,3307,Food,259.98,4,2023.99,Cash,0,5.0
2423,4236,Other,462.47,1,1890.78,Online,0,3.0
4126,2028,Food,499.07,1,745.91,Cash,0,
3708,3705,Food,140.66,4,830.07,Cash,0,
2879,1065,Electronics,380.2,5,1146.3,Cash,0,3.0
4655,1568,Books,238.84,4,1697.32,Online,0,3.0
294,4332,Books,422.67,1,1088.24,Cash,0,4.0
1721,4976,Books,45.33,4,198.73,Online,0,1.0
1508,1808,Food,318.61,5,2497.45,Online,0,2.0
2920,3716,Other,160.25,2,879.37,Cash,0,1.0
3205,2238,Clothing,127.26,4,1107.04,Card,0,4.0
4729,3760,Clothing,24.72,3,2218.75,Card,0,1.0
2429,1415,Electronics,353.05,2,944.76,Card,1,2.0
3504,4956,Clothing,468.42,4,1949.11,Online,0,3.0
3456,2239,Clothing,289.53,3,359.5,Card,0,1.0
60,3442,Clothing,383.85,4,2473.51,Card,0,2.0
1375,1340,Electronics,252.64,3,557.22,Cash,0,5.0
1624,3203,Food,448.69,2,1074.77,Cash,1,5.0
205,3215,Clothing,424.48,3,601.44,Online,0,1.0
814,4287,Food,248.43,2,2492.98,Online,0,1.0
2783,2740,Electronics,40.83,2,1002.49,Card,0,4.0
3870,2511,Electronics,310.15,2,1340.0,Online,1,2.0
4197,3988,Clothing,414.48,5,944.63,Online,0,4.0
4248,4013,Food,272.09,4,2449.98,Card,1,1.0
4069,2120,Food,97.38,1,1187.45,Card,0,1.0
817,1671,Electronics,310.11,2,2261.6,Cash,0,1.0
1497,4792,Books,235.15,5,93.28,Online,0,5.0
283,3918,Clothing,65.12,3,61.81,Cash,0,4.0
2336,2302,Electronics,34.07,5,635.43,Online,0,4.0
2755,4770,Food,45.59,2,2492.66,Online,0,1.0
1052,1372,Other,84.93,1,1597.06,Card,0,3.0
4635,4345,Clothing,11.33,1,1802.91,Card,0,2.0
2747,4669,Books,214.8,3,2182.77,Cash,1,3.0
526,2032,Clothing,143.77,1,1234.63,Online,0,1.0
2358,3701,Books,462.05,2,2082.3,Cash,0,4.0
636,4815,Books,398.12,2,679.55,Online,1,2.0
1705,3053,Electronics,196.81,5,790.41,Card,0,2.0
3955,2546,Electronics,373.52,4,432.26,Online,0,4.0
1973,2605,Clothing,107.35,3,2372.98,Card,1,
3334,2600,Food,51.16,5,889.01,Cash,1,4.0
1461,4506,Clothing,132.86,5,458.9,Card,0,4.0
2961,3416,Other,62.8,4,943.86,Online,0,1.0
1125,4032,Clothing,52.01,3,1161.81,Cash,0,2.0
2381,4123,Other,154.55,5,878.4,Card,0,2.0
2944,1207,Electronics,251.4,3,2431.4,Card,0,2.0
633,1091,Food,63.18,2,476.91,Cash,0,4.0
688,1351,Food,7.72,2,316.27,Card,0,4.0
1719,4130,Food,134.67,4,2255.92,Card,0,2.0
346,1973,Other,437.88,3,44.82,Card,1,5.0
4640,4872,Clothing,278.24,2,306.0,Cash,0,1.0
4038,3410,Clothing,255.93,2,1410.88,Card,0,1.0
4219,1606,Books,418.89,4,2286.9,Online,0,5.0
3828,4933,Clothing,141.73,4,658.34,Card,0,4.0
1524,4977,Books,434.7,3,1451.54,Card,0,3.0
3243,3591,Clothing,291.14,4,1113.61,Cash,0,3.0
3000,4448,Books,227.82,1,1393.25,Online,0,4.0
3265,3981,Clothing,449.29,5,996.4,Card,0,3.0
2338,4811,Clothing,93.74,2,2233.08,Cash,0,2.0
4826,4635,Food,358.46,1,1433.73,Card,0,
1865,4016,Electronics,22.09,1,2281.54,Online,0,3.0
4974,2895,Electronics,483.99,3,2268.88,Cash,0,4.0
3519,4787,Food,219.95,5,2189.26,Cash,0,
913,4919,Clothing,496.47,1,283.59,Cash,0,3.0
3606,1095,Electronics,249.38,3,2405.52,Cash,1,
3402,2543,Clothing,23.67,1,313.86,Card,0,2.0
3228,1029,Books,450.53,1,2269.58,Cash,0,5.0
1177,2602,Other,495.93,4,1930.97,Online,1,
4474,3869,Electronics,196.07,1,167.48,Cash,0,3.0
4925,4969,Other,406.14,3,1189.69,Online,0,4.0
2971,4572,Electronics,308.91,2,1991.69,Card,0,3.0
4531,2455,Electronics,51.3,2,916.64,Cash,0,2.0
3979,1455,Clothing,190.15,5,1212.1,Card,0,3.0
2328,1933,Food,379.81,5,1932.05,Cash,0,5.0
1886,3763,Clothing,204.25,2,1446.84,Online,0,5.0
1564,3690,Clothing,369.79,5,2044.27,Online,0,2.0
4815,4966,Other,479.63,1,1406.99,Cash,0,1.0
1089,4250,Food,85.57,4,890.91,Online,0,5.0
2842,3927,Other,182.4,2,961.82,Card,0,1.0
4930,1729,Books,474.64,2,2289.46,Card,0,1.0
383,3936,Books,64.11,4,1546.39,Online,0,4.0
3744,2099,Clothing,112.61,4,2032.4,Card,0,5.0
4042,3045,Food,361.58,2,2255.53,Card,0,1.0
3849,3571,Books,90.27,5,843.3,Cash,0,2.0
3473,3892,Clothing,71.03,5,1479.1,Cash,0,2.0
3735,2377,Electronics,450.83,5,2437.8,Online,0,5.0
3608,4996,Electronics,319.97,1,1062.21,Card,0,5.0
1260,4909,Electronics,402.55,2,2019.89,Card,0,1.0
117,4487,Food,288.96,5,1949.0,Cash,0,5.0
1687,4012,Clothing,118.91,1,275.84,Online,0,3.0
1914,4529,Food,457.69,5,140.16,Online,0,4.0
3361,3027,Books,324.99,1,2239.06,Online,0,3.0
2213,1081,Clothing,362.54,3,2360.26,Cash,0,1.0
3869,1401,Food,319.21,1,429.48,Card,0,
3004,2555,Books,67.09,1,989.36,Cash,0,5.0
146,1869,Clothing,185.09,4,799.64,Card,1,
2542,3658,Electronics,305.78,4,807.02,Card,0,2.0
3830,1481,Electronics,348.37,1,1334.29,Cash,0,2.0
2383,3915,Food,241.29,1,1663.23,Cash,0,
4151,2994,Other,37.48,5,1608.39,Cash,1,4.0
187,4926,Electronics,376.35,1,524.92,Cash,0,3.0
2174,3331,Other,349.9,5,1800.99,Card,0,3.0
2646,4939,Clothing,338.51,1,544.2,Cash,0,3.0
4784,1934,Other,100.03,5,2206.75,Card,0,3.0
4536,3181,Electronics,83.41,1,2442.2,Online,0,5.0
4335,4230,Electronics,344.89,4,485.37,Card,0,2.0
3991,1735,Clothing,114.31,1,1323.96,Card,0,2.0
2896,2149,Food,450.87,4,1365.85,Cash,0,
1515,1807,Clothing,60.22,3,2287.88,Card,0,2.0
581,1528,Other,349.79,3,705.14,Online,0,3.0
2249,4012,Electronics,347.59,2,1432.78,Card,1,
4251,2622,Food,181.51,5,1652.93,Online,0,
714,2023,Clothing,430.14,5,2024.33,Card,0,5.0
4889,4440,Electronics,436.33,2,709.04,Card,0,5.0
4428,2137,Books,95.91,4,1028.34,Online,0,2.0
4910,2153,Food,482.05,1,1918.84,Card,0,3.0
4175,3051,Electronics,368.96,5,1989.57,Card,1,4.0
1468,4419,Electronics,483.34,3,1893.42,Cash,0,2.0
2179,4084,Other,133.15,4,2314.15,Card,0,3.0
2976,4066,Electronics,173.24,5,1756.57,Online,0,3.0
3540,4099,Food,215.98,4,388.33,Cash,0,1.0
590,4892,Clothing,456.71,5,909.1,Cash,0,1.0
4156,3130,Clothing,84.32,1,691.49,Cash,0,3.0
4193,1131,Other,435.68,2,1708.09,Card,0,1.0
2302,2985,Books,427.42,2,2040.28,Cash,0,1.0
2141,4212,Clothing,267.22,5,1730.9,Card,0,5.0
4373,1357,Books,9.3,1,1082.82,Cash,0,4.0
3933,4325,Clothing,231.64,3,1727.71,Card,0,4.0
151,1678,Clothing,91.52,4,2094.61,Card,0,2.0
358,3962,Food,459.1,1,718.69,Card,0,
260,1949,Books,439.67,2,1741.81,Card,0,1.0
631,2935,Electronics,411.2,4,2187.79,Online,1,2.0
1085,2080,Electronics,67.89,2,1858.37,Card,0,4.0
1048,3237,Clothing,77.2,1,1687.97,Card,0,3.0
3023,1625,Food,434.73,5,32.59,Online,0,5.0
3342,3724,Food,384.23,3,2064.68,Card,0,2.0
1180,4815,Clothing,298.79,2,439.16,Card,0,5.0
4177,3237,Food,386.9,2,1775.43,Cash,0,
1686,4850,Books,433.34,4,1616.95,Card,0,3.0
274,4174,Other,467.17,3,909.84,Online,0,2.0
4485,2409,Other,186.06,4,314.7,Card,0,4.0
2053,2709,Food,309.25,3,2263.95,Online,0,2.0
2936,3077,Other,164.32,1,1626.23,Cash,0,5.0
3911,2023,Clothing,486.51,2,930.19,Card,0,2.0
4262,2454,Electronics,93.03,1,1907.5,Online,1,
2733,4849,Other,301.52,5,1329.9,Online,0,2.0
893,4088,Books,286.35,5,1078.47,Online,0,5.0
3022,3114,Books,79.16,1,2454.23,Cash,0,3.0
3452,1167,Food,432.46,3,2097.5,Card,0,
900,3497,Food,159.38,4,1310.55,Card,0,5.0
326,2120,Clothing,492.78,3,430.54,Cash,0,3.0
607,1711,Clothing,360.75,1,1172.76,Card,0,4.0
2292,1387,Electronics,22.54,1,241.29,Card,0,3.0
476,4151,Other,464.05,1,1556.22,Card,0,4.0
4918,4578,Electronics,176.16,1,918.56,Card,0,4.0
2510,2480,Other,291.21,4,1105.99,Card,0,4.0
3723,3083,Food,222.93,2,45.73,Card,0,1.0
3713,3732,Clothing,48.82,4,1074.5,Cash,1,
4809,1355,Clothing,73.64,3,2419.52,Card,0,2.0
3832,2381,Electronics,39.64,4,1167.02,Online,0,2.0
4409,2396,Books,490.83,4,955.5,Cash,0,2.0
420,4808,Clothing,333.09,5,100.66,Card,0,5.0
102,2530,Other,340.21,5,1258.64,Cash,1,1.0
899,2326,Electronics,344.68,5,2067.85,Cash,0,4.0
1671,2961,Food,313.43,1,1828.15,Card,0,1.0
4305,1387,Other,66.22,4,706.75,Card,0,4.0
3345,2789,Other,105.96,5,815.02,Cash,0,2.0
2291,3211,Other,259.57,2,2397.79,Card,0,3.0
2882,1797,Books,8.39,2,1244.77,Cash,0,4.0
2536,3984,Other,340.63,3,2359.27,Card,0,4.0
144,1185,Other,353.16,2,398.87,Card,0,4.0
1963,4424,Other,284.76,4,891.64,Online,0,5.0
4295,2927,Clothing,213.52,2,1615.7,Online,0,1.0
4043,2758,Clothing,425.75,3,1875.21,Cash,0,5.0
3343,3001,Other,178.89,3,919.62,Cash,0,4.0
1183,2122,Clothing,494.95,1,1811.56,Cash,0,4.0
634,4657,Other,443.02,1,336.61,Card,0,1.0
2171,4579,Clothing,469.77,1,2183.4,Online,0,4.0
3389,4356,Other,92.89,1,2093.16,Online,0,1.0
4597,1710,Electronics,492.58,3,1131.28,Cash,0,3.0
3647,1635,Other,355.36,1,900.37,Card,0,1.0
3545,2968,Clothing,222.48,5,1478.85,Card,0,4.0
1316,1118,Books,450.27,3,1228.82,Online,0,4.0
4753,3007,Food,110.7,2,1740.4,Cash,0,4.0
3922,1780,Food,387.16,3,577.7,Card,0,5.0
801,4443,Clothing,149.56,4,1933.85,Cash,0,4.0
1120,3180,Clothing,90.89,4,2200.54,Cash,0,4.0
2932,4780,Electronics,37.01,5,474.56,Card,0,1.0
2461,1204,Clothing,300.13,1,504.61,Card,0,3.0
4883,4741,Food,282.95,2,1448.15,Online,0,
1982,2562,Clothing,162.35,5,78.06,Cash,1,
3113,2842,Food,347.18,3,613.49,Cash,0,
2153,1676,Clothing,369.48,1,1959.84,Card,0,3.0
1064,2036,Clothing,75.92,2,658.14,Card,0,2.0
1493,2612,Books,134.73,4,221.24,Online,0,5.0
3283,3364,Food,155.35,4,315.89,Cash,0,2.0
2459,3237,Food,451.79,5,665.21,Card,0,
442,4508,Clothing,331.09,3,179.5,Online,0,3.0
3500,1500,Clothing,249.09,1,792.22,Cash,0,5.0
2090,3064,Electronics,240.26,5,1753.04,Online,0,3.0
268,4419,Clothing,278.82,5,1815.35,Card,0,2.0
2986,4150,Electronics,15.79,1,897.97,Online,0,5.0
2526,1822,Other,101.76,2,2248.41,Online,0,2.0
1741,1347,Books,466.0,2,852.85,Online,0,3.0
3045,2778,Clothing,207.55,2,917.65,Cash,0,2.0
2360,2395,Electronics,100.95,2,780.78,Cash,0,5.0
3390,2093,Electronics,404.1,4,1354.91,Cash,0,3.0
2371,3112,Food,333.7,1,2347.33,Card,0,
637,4250,Books,425.67,3,1894.7,Card,0,4.0
3824,2830,Electronics,92.64,3,2068.89,Card,0,5.0
3206,3164,Food,352.1,1,1888.43,Online,0,
3161,3932,Clothing,361.39,5,1692.07,Online,0,1.0
4368,4793,Electronics,285.55,3,1183.21,Card,0,1.0
1739,4821,Food,295.63,2,308.72,Online,0,
897,1369,Books,115.44,5,195.04,Card,0,2.0
2504,2597,Food,110.79,3,1278.26,Cash,0,
994,4959,Electronics,488.07,3,2232.2,Card,0,3.0
1746,2873,Food,329.73,1,401.42,Card,0,
118,1925,Books,470.26,5,109.77,Cash,0,1.0
3360,4674,Electronics,322.18,2,1015.52,Cash,0,5.0
795,1517,Clothing,350.83,1,384.35,Card,0,1.0
1903,3610,Clothing,305.26,3,2187.07,Cash,1,
1860,1130,Electronics,278.4,1,1873.09,Card,0,1.0
2688,2876,Books,492.09,1,873.78,Online,0,3.0
2475,3742,Clothing,355.44,3,484.8,Cash,0,5.0
124,1619,Other,108.46,2,1782.95,Online,1,
4301,2745,Electronics,404.16,4,1796.67,Card,0,5.0
2377,2580,Books,342.25,2,938.9,Card,0,3.0
4296,4133,Clothing,5.81,1,2298.6,Cash,0,5.0
4252,4179,Other,122.49,4,2328.46,Online,1,2.0
2245,1709,Clothing,56.45,3,1396.73,Cash,0,2.0
1560,2953,Clothing,12.9,5,801.74,Online,0,3.0
248,3077,Food,125.35,4,1041.24,Cash,0,
2024,3421,Other,258.81,4,2442.72,Online,0,3.0
3811,3740,Clothing,251.67,5,1641.12,Online,0,2.0
2884,2194,Food,279.77,1,353.88,Cash,0,
2326,4279,Other,7.66,1,529.65,Card,0,5.0
4908,2585,Food,281.07,2,1210.39,Cash,0,5.0
1478,1962,Electronics,218.82,4,1914.04,Card,0,2.0
1161,4691,Books,394.24,1,2395.02,Online,0,2.0
3238,3213,Electronics,287.27,1,122.84,Card,0,1.0
1032,1530,Other,228.33,3,2047.34,Cash,0,4.0
1126,1111,Electronics,426.64,3,969.47,Online,0,5.0
79,1540,Food,376.09,3,252.16,Online,0,
1938,3214,Food,233.8,1,411.52,Card,0,
3521,1377,Electronics,310.26,4,355.89,Cash,0,4.0
3144,4543,Electronics,492.66,1,597.0,Cash,0,4.0
1717,1056,Other,152.19,3,2254.29,Cash,0,5.0
2330,4845,Books,277.17,1,2259.49,Cash,0,1.0
408,4633,Electronics,289.95,1,127.55,Online,0,1.0
175,2670,Food,436.88,1,150.8,Online,0,
2983,4800,Food,333.51,1,99.8,Cash,0,
4872,2085,Other,389.07,5,457.41,Cash,0,3.0
1306,4978,Food,13.85,3,1046.51,Cash,1,3.0
3358,3270,Food,188.74,3,1723.78,Cash,0,4.0
162,4974,Food,318.73,1,773.96,Cash,0,
263,2495,Clothing,415.18,2,169.4,Cash,0,1.0
1029,1656,Food,267.98,3,2409.34,Online,0,
2151,2946,Clothing,40.77,4,2464.64,Card,0,1.0
840,4157,Food,418.18,5,806.57,Online,0,3.0
914,4928,Food,26.27,4,1880.65,Cash,0,
1946,4295,Food,99.5,4,1684.82,Cash,0,3.0
1593,3535,Food,217.59,1,542.27,Cash,0,
507,2835,Electronics,232.73,3,1002.8,Card,0,3.0
1613,4653,Books,251.67,5,1036.57,Online,0,3.0
2836,1593,Electronics,404.06,2,2395.22,Online,0,3.0
3003,4726,Other,59.05,5,1934.65,Card,0,5.0
2241,4069,Books,54.95,2,1463.88,Online,0,5.0
2726,1732,Other,49.61,4,896.14,Card,1,
2614,2098,Clothing,444.51,2,2374.41,Cash,0,2.0
2300,4883,Clothing,277.9,3,767.83,Online,0,5.0
4055,1693,Electronics,488.9,4,894.01,Card,0,3.0
2618,3017,Electronics,85.0,3,253.84,Cash,0,4.0
4768,2676,Clothing,426.31,3,58.7,Online,0,1.0
1385,4212,Clothing,107.84,1,1627.14,Card,0,1.0
4132,1940,Clothing,32.4,4,954.93,Online,0,5.0
3972,2343,Food,413.4,5,11.58,Card,0,
3268,1556,Electronics,272.28,3,1438.08,Online,0,3.0
2823,3732,Other,252.78,3,2484.43,Card,0,3.0
4419,2620,Books,190.31,1,868.65,Cash,0,3.0
784,1368,Other,5.28,2,1724.15,Online,0,2.0
638,2965,Food,210.65,3,1126.92,Card,0,1.0
747,4933,Clothing,150.54,1,692.91,Online,0,2.0
744,4509,Clothing,462.33,2,997.5,Online,0,5.0
67,4274,Food,84.01,4,891.74,Cash,0,1.0
1532,4249,Clothing,226.08,2,1057.8,Online,0,5.0
614,4148,Books,288.36,2,2104.83,Online,0,4.0
382,3381,Clothing,89.88,5,2415.16,Card,0,5.0
731,4398,Books,235.21,5,720.54,Card,0,2.0
4565,4542,Books,372.96,4,717.86,Cash,0,5.0
1198,2555,Clothing,309.58,1,740.13,Online,0,1.0
2201,1810,Clothing,153.99,3,788.07,Card,0,5.0
344,4754,Food,362.06,2,1529.87,Card,0,
3443,1457,Electronics,183.18,5,1359.39,Online,0,5.0
1163,4453,Clothing,396.56,3,1656.65,Card,0,5.0
3404,3388,Electronics,445.16,4,1907.45,Card,0,3.0
1189,1000,Clothing,100.32,3,951.2,Cash,0,2.0
2891,1226,Food,431.44,4,836.71,Cash,0,4.0
4690,3390,Food,93.11,1,2176.85,Online,0,
2112,2453,Clothing,246.82,3,2416.66,Cash,0,2.0
2674,2658,Clothing,16.0,3,1652.95,Cash,0,1.0
4870,2289,Clothing,13.69,4,202.93,Online,1,
3408,1899,Electronics,230.79,5,2459.16,Card,0,4.0
3774,3829,Clothing,416.74,5,1226.13,Card,0,5.0
4845,1753,Books,148.29,5,1793.82,Card,0,4.0
3241,1563,Other,24.75,2,2363.83,Card,0,1.0
3460,3583,Other,228.25,1,1583.45,Cash,1,3.0
4271,2229,Books,267.66,4,1995.01,Online,0,2.0
3038,3124,Clothing,48.16,1,715.4,Card,0,4.0
1162,2405,Food,481.06,1,1475.11,Online,0,
3759,3221,Food,377.04,2,861.91,Card,0,4.0
2387,1066,Clothing,411.36,5,419.59,Card,1,1.0
3213,4203,Clothing,429.4,3,2363.78,Online,0,4.0
4477,3899,Food,450.73,5,437.61,Card,0,
3124,4949,Food,474.18,1,2468.63,Online,0,1.0
880,2344,Electronics,231.82,2,73.49,Card,0,4.0
3140,4704,Clothing,110.59,3,979.92,Cash,0,5.0
3927,2446,Clothing,485.55,2,348.23,Card,0,3.0
512,1403,Clothing,147.63,5,1251.13,Cash,0,5.0
3373,2774,Books,306.89,3,216.64,Online,0,5.0
4291,2273,Food,245.13,4,1546.58,Card,0,
4473,1259,Electronics,306.96,1,304.2,Card,0,4.0
2762,2075,Clothing,439.74,5,809.5,Cash,0,4.0
4911,2916,Books,442.9,5,2210.23,Card,0,3.0
2708,2366,Food,38.34,3,2261.69,Cash,0,
514,4880,Other,321.02,5,2371.59,Card,0,3.0
1649,1099,Other,75.49,1,2060.38,Online,0,4.0
665,4315,Clothing,75.45,1,1624.97,Card,0,4.0
1477,3817,Books,192.12,5,923.39,Online,1,3.0
305,1595,Electronics,454.48,2,384.84,Cash,0,1.0
2702,3135,Food,444.0,4,2333.85,Online,0,
4319,4110,Electronics,38.29,5,1413.83,Cash,0,1.0
1238,4244,Food,143.41,1,399.38,Card,0,5.0
342,4190,Electronics,151.92,1,284.16,Cash,0,1.0
1310,2910,Clothing,131.79,5,571.18,Online,1,
1984,3915,Clothing,475.0,2,1691.87,Cash,0,3.0
4180,2013,Food,149.89,2,483.79,Cash,1,
4607,3408,Other,284.62,1,1953.38,Cash,0,1.0
1726,1810,Electronics,219.61,5,1381.2,Online,0,1.0
2089,1601,Clothing,143.56,5,659.32,Card,0,3.0
3626,4260,Other,251.72,4,80.18,Card,0,4.0
3902,2804,Other,28.65,2,2050.61,Card,0,4.0
1250,1608,Food,436.1,3,300.56,Online,0,3.0
694,4465,Other,261.63,3,2365.72,Card,0,2.0
4967,1827,Clothing,485.33,1,917.91,Online,0,3.0
3212,4248,Books,313.49,2,1837.81,Cash,1,5.0
3645,4731,Electronics,335.78,3,2491.69,Card,0,4.0
4322,4202,Food,159.86,3,338.19,Online,0,
757,3276,Other,476.51,2,1329.58,Online,0,4.0
4393,2402,Electronics,387.2,4,547.83,Card,0,3.0
3418,2701,Food,489.4,5,1257.39,Card,0,
3187,1216,Books,61.25,1,414.12,Card,0,2.0
2421,2255,Other,281.75,1,1198.96,Card,0,3.0
449,4616,Clothing,448.38,4,2250.52,Card,0,5.0
3433,3398,Other,180.77,4,1490.56,Card,0,4.0
2867,1575,Books,280.69,4,1912.99,Online,0,2.0
4946,2525,Other,148.13,5,456.87,Card,1,3.0
3059,4853,Electronics,401.43,4,70.55,Cash,0,5.0
2513,1014,Books,371.89,2,956.19,Online,0,2.0
2662,2359,Books,331.03,4,1922.82,Online,0,4.0
3501,2817,Books,348.97,4,1170.44,Online,0,1.0
4811,2022,Electronics,270.99,1,1413.93,Online,0,5.0
2759,1433,Other,428.88,2,1967.25,Card,0,3.0
958,1728,Other,307.01,2,1249.36,Card,0,1.0
105,4262,Other,80.48,4,921.79,Cash,0,5.0
4216,4141,Food,11.81,2,917.92,Cash,0,
613,3663,Electronics,183.87,2,1754.36,Card,0,1.0
4213,1901,Food,464.09,1,2467.1,Online,0,
3879,3892,Books,474.11,5,580.07,Cash,0,5.0
4636,3847,Clothing,376.23,2,1358.97,Online,0,3.0
445,2582,Clothing,120.23,2,2149.49,Online,0,5.0
2598,3424,Clothing,95.05,4,1665.47,Online,0,2.0
1272,4186,Other,202.93,5,166.75,Online,0,5.0
1033,4793,Clothing,462.2,5,1223.95,Cash,0,2.0
4463,1615,Clothing,64.57,1,1908.75,Card,0,2.0
932,2268,Books,420.56,3,999.06,Cash,0,5.0
3961,2298,Other,19.69,2,408.08,Card,0,3.0
4290,2387,Food,50.55,1,1020.43,Online,0,
2664,2536,Clothing,382.67,5,2306.76,Card,0,1.0
238,4251,Clothing,72.8,4,1688.1,Card,0,4.0
4382,4766,Food,105.62,3,462.12,Cash,0,1.0
689,3302,Food,495.7,2,205.8,Card,0,
868,4128,Electronics,397.47,2,1064.27,Cash,0,1.0
3703,1278,Other,247.96,5,2343.6,Online,0,5.0
4443,4634,Clothing,445.89,1,2375.96,Cash,0,1.0
1026,3653,Books,226.96,4,2304.6,Card,0,4.0
500,1276,Food,235.49,5,2244.92,Online,0,3.0
4998,4060,Other,43.65,2,1799.77,Card,0,2.0
4717,4761,Food,205.71,5,507.87,Cash,1,2.0
2366,3398,Electronics,367.85,3,2388.56,Card,0,4.0
2109,4303,Electronics,422.48,2,1930.37,Card,1,
3969,1935,Books,430.97,4,375.7,,0,3.0
4651,2540,Other,457.13,2,2488.71,Online,0,3.0
3743,4001,Books,88.38,3,1308.87,Card,0,4.0
3261,2184,Clothing,359.7,5,674.32,Card,1,
2222,2930,Food,351.77,4,943.59,Cash,1,2.0
4847,2951,Food,340.07,3,731.86,Card,0,3.0
838,1878,Clothing,209.4,5,377.43,Card,0,1.0
2594,1877,Books,435.19,3,835.25,Online,1,5.0
4917,2810,Food,181.55,1,616.23,Card,0,1.0
4145,1283,Food,404.21,4,1352.16,Online,1,3.0
1405,3265,Clothing,173.54,5,2050.98,Cash,0,4.0
2788,2964,Other,417.81,4,1756.08,Online,0,4.0
4141,1907,Clothing,86.93,2,1640.72,Card,0,2.0
3666,3033,Food,465.96,2,2409.69,Card,0,
2849,3797,Books,224.68,3,1161.64,Card,0,1.0
3693,2016,Food,276.39,4,374.19,Cash,0,
2415,2476,Books,319.98,4,483.63,Online,0,3.0
2386,1709,Electronics,77.86,4,10.39,Cash,0,2.0
3006,4367,Electronics,436.53,2,2464.03,Online,0,1.0
3020,3070,Food,88.4,4,360.09,Online,0,
30,3484,Clothing,421.27,1,238.11,Cash,0,5.0
3628,2855,Electronics,28.97,2,2396.24,Cash,0,2.0
3543,4009,Food,270.62,4,1306.55,Card,0,
3195,3642,Clothing,34.3,2,390.6,Online,0,4.0
2784,4732,Books,233.08,5,544.02,Card,0,4.0
2953,4598,Clothing,479.16,4,766.02,Online,0,2.0
1802,2445,Electronics,385.05,4,571.67,Card,0,4.0
469,4618,Other,308.99,2,1215.75,Cash,0,3.0
2931,1205,Electronics,316.89,5,1853.14,Cash,0,4.0
4092,3441,Electronics,329.93,2,1110.46,Card,0,4.0
3308,1752,Electronics,195.46,5,866.17,Card,0,1.0
869,2239,Books,371.21,2,2093.57,Online,0,5.0
2663,1780,Books,464.58,5,1599.53,Cash,1,
2268,3717,Clothing,162.97,2,676.93,Cash,0,2.0
3350,4151,Clothing,246.17,3,1985.83,Cash,0,5.0
579,3912,Food,81.06,4,353.16,Online,0,5.0
4307,3186,Food,398.75,4,1990.75,Online,0,
4504,2840,Other,32.71,4,2347.37,Card,0,3.0
4642,3709,Food,126.51,2,2304.66,Online,0,
2817,1022,Electronics,306.73,3,76.74,Card,0,2.0
1105,1436,Clothing,94.35,3,1686.74,Online,0,2.0
2778,4632,Food,191.35,4,564.69,Online,0,
3279,4175,Food,343.91,1,1161.59,Card,0,
2049,3687,Clothing,352.81,5,255.18,Online,0,4.0
1587,3083,Food,243.17,2,964.16,Card,0,
4011,4590,Food,473.97,2,1740.91,Cash,0,
287,2721,Books,219.04,4,298.09,Cash,0,4.0
2531,1603,Food,317.63,5,282.06,Cash,0,1.0
4791,2527,Clothing,321.53,5,1816.12,Cash,0,5.0
4939,2758,Clothing,69.17,4,2098.82,Online,0,1.0
4679,2379,Electronics,238.71,1,1439.16,Cash,0,2.0
2087,4270,Food,359.56,3,306.85,Cash,0,
1656,1586,Clothing,141.52,2,2413.46,Online,0,5.0
2064,2472,Clothing,148.21,2,40.31,Card,0,5.0
3273,3288,Food,405.59,2,10.19,Cash,0,5.0
4824,1068,Other,56.14,2,707.64,Card,0,2.0
1054,4576,Food,78.33,5,1438.18,Cash,0,
4139,2265,Clothing,183.73,4,2159.95,Online,0,4.0
1883,1170,Other,12.91,2,1321.74,Online,0,5.0
4401,2516,Food,244.25,2,811.73,Card,0,
1068,3244,Food,491.61,5,1699.18,Cash,0,1.0
3065,3336,Electronics,415.7,3,306.29,Card,0,5.0
3986,4732,Clothing,62.72,5,2230.84,Cash,0,1.0
954,4555,Food,133.8,3,1247.27,Card,1,
4390,3324,Food,73.39,2,740.05,Online,0,4.0
2966,3670,Electronics,74.54,5,81.02,Card,1,3.0
202,1412,Books,98.27,3,1732.57,Online,0,5.0
2486,3836,Clothing,268.74,1,2290.09,Cash,0,2.0
4985,3092,Electronics,402.79,1,1828.32,Cash,0,2.0
4142,3127,Electronics,68.59,2,480.03,Card,0,4.0
1154,4584,Food,32.64,3,731.71,Card,0,
1875,1005,Electronics,323.75,4,1864.18,Cash,0,2.0
3569,2778,Electronics,366.77,2,1885.08,Card,0,2.0
2034,2911,Food,268.04,5,1396.31,Online,0,2.0
849,4211,Electronics,159.84,5,1891.16,Online,0,2.0
84,1423,Electronics,322.06,1,1775.64,Cash,0,3.0
9,4948,Other,105.19,4,811.0,Cash,0,5.0
2844,4825,Books,82.03,5,655.1,Cash,0,2.0
373,3466,Clothing,365.6,1,81.48,Cash,0,3.0
3918,1137,Food,126.6,5,803.39,Card,0,
1100,2976,Food,146.63,2,578.37,Online,0,
1483,2831,Other,381.44,1,335.85,Card,0,3.0
1028,1024,Food,463.01,4,1294.23,Online,0,1.0
1985,1749,Clothing,57.21,1,597.69,Online,0,4.0
1618,3133,Electronics,266.06,4,1531.55,Cash,0,3.0
2488,4858,Clothing,301.44,4,725.91,Online,0,2.0
4706,3355,Food,91.18,1,875.9,Online,0,3.0
2640,2006,Food,282.54,1,2321.87,Cash,0,5.0
497,4886,Food,351.33,1,2204.28,Online,0,
4435,1759,Clothing,69.53,1,1105.49,Card,0,2.0
2284,4526,Clothing,491.37,2,983.13,Cash,0,3.0
524,3453,Electronics,344.92,4,1804.75,Card,0,3.0
1611,3700,Other,211.5,2,1076.3,Cash,1,4.0
4071,2670,Other,283.39,2,627.56,Cash,0,1.0
591,3800,Electronics,331.02,1,2043.97,Cash,0,5.0
363,1587,Books,242.4,5,1851.59,Card,0,1.0
4572,3556,Other,194.73,5,1542.68,Card,0,2.0
4685,4207,Food,385.27,5,1289.33,Online,0,4.0
2676,3520,Other,258.65,1,882.78,Card,0,2.0
2796,3378,Food,243.65,5,1795.64,Online,0,2.0
911,4059,Clothing,244.47,5,1597.41,Cash,0,2.0
895,3648,Electronics,13.63,3,1793.91,Cash,0,3.0
4204,3596,Books,250.36,5,1888.54,Card,0,3.0
211,3085,Electronics,209.19,4,987.04,Online,0,3.0
1182,1676,Electronics,69.37,5,1426.2,Cash,0,3.0
1441,3105,Clothing,340.15,2,441.57,Card,0,5.0
3272,2490,Food,326.09,5,16.32,Online,0,
113,2420,Clothing,296.97,5,1966.57,Online,0,5.0
2644,4087,Clothing,337.06,5,2146.88,Card,0,4.0
2418,3772,Clothing,260.42,3,1686.05,Cash,0,4.0
800,2132,Clothing,293.43,3,852.39,Cash,0,1.0
4492,2924,Clothing,165.74,2,301.81,Online,0,2.0
4895,4754,Clothing,480.24,1,2192.5,Card,0,4.0
314,4318,Clothing,257.37,5,1554.57,Cash,0,2.0
1614,3480,Books,47.26,2,2204.38,Card,0,3.0
4076,4155,Electronics,5.31,2,1332.17,Cash,0,4.0
908,1200,Clothing,489.98,2,1166.54,Cash,0,4.0
3578,3806,Books,353.24,5,1000.64,Card,0,2.0
2609,3001,Food,179.02,1,26.93,Card,0,3.0
964,4570,Books,438.61,1,2246.09,Online,0,5.0
1225,4845,Books,276.24,1,416.89,Card,0,1.0
2269,4824,Books,109.9,2,1524.02,Card,0,2.0
525,3050,Electronics,209.22,3,2316.1,Card,0,3.0
1143,4923,Clothing,468.18,4,347.47,Card,0,4.0
4173,4951,Food,427.08,5,1743.53,Cash,0,1.0
1265,1038,Clothing,114.06,3,2129.4,Cash,1,
1950,3824,Books,161.31,5,571.91,Cash,0,5.0
4578,4786,Electronics,466.78,2,2458.04,Cash,0,1.0
1975,4714,Food,279.64,3,1793.93,Card,0,
3281,2097,Food,56.09,3,208.31,Cash,1,
2699,2508,Other,126.32,1,1594.23,Card,0,1.0
26,2519,Other,336.83,2,717.37,Online,0,3.0
3357,1891,Other,320.2,2,2044.08,Cash,0,1.0
3160,4127,Other,37.07,5,1027.75,Cash,0,1.0
3324,2118,Books,299.39,5,502.54,Cash,0,5.0
3863,1574,Electronics,15.22,1,2122.1,Card,0,3.0
310,4835,Food,427.67,5,1905.44,Online,0,
4259,1136,Clothing,67.87,1,612.88,Card,0,2.0
3067,1750,Other,471.07,2,1812.76,Online,0,2.0
2131,4355,Books,55.34,2,1051.21,Card,0,5.0
4192,4357,Other,215.85,2,1878.23,Cash,0,4.0
4749,1390,Electronics,329.54,3,2484.56,Card,0,3.0
1934,3141,Clothing,27.78,1,2126.78,Card,0,2.0
1608,4675,Books,97.09,5,105.89,Online,1,5.0
577,2930,Electronics,271.94,1,609.64,Cash,0,3.0
3674,2871,Books,283.72,5,2139.33,Cash,0,2.0
1329,3175,Electronics,193.83,1,1131.61,Online,0,4.0
3348,1723,Food,444.91,5,320.9,Cash,0,
3024,4554,Other,461.73,3,1262.47,Card,0,3.0
3010,3522,Books,362.39,3,1040.42,Online,0,3.0
4106,3200,Other,138.69,5,2246.2,Card,1,1.0
4746,1067,Clothing,81.83,1,1883.17,Cash,0,3.0
4475,4422,Clothing,308.72,3,1355.96,Online,0,4.0
3080,1104,Food,384.7,4,2105.59,Card,0,
2471,1707,Books,127.37,5,132.94,Cash,0,1.0
4819,4934,Other,170.39,3,2249.4,Card,0,3.0
2538,3257,Clothing,56.63,4,909.26,Card,0,5.0
2578,2834,Electronics,306.86,3,1281.48,Card,0,5.0
1887,4510,Electronics,38.48,5,794.3,Card,1,5.0
3458,2197,Clothing,234.6,3,1584.92,Online,0,3.0
4509,1890,Electronics,420.61,5,2125.69,Cash,0,3.0
2730,3211,Other,354.65,5,2494.88,Online,0,3.0
1142,2136,Electronics,484.21,1,1777.55,Online,0,2.0
3625,2883,Clothing,237.47,3,1114.14,Online,0,4.0
1654,2920,Food,131.8,3,341.81,Online,0,
4429,3561,Clothing,199.59,5,434.92,Card,0,3.0
2740,1993,Clothing,58.33,2,524.83,Card,1,3.0
493,1354,Food,41.09,4,429.82,Card,0,
1610,2005,Other,417.49,5,1786.06,Cash,0,1.0
4700,4475,Clothing,184.52,4,525.3,Card,0,4.0
1332,1969,Clothing,474.19,1,1448.76,Card,0,1.0
3738,1530,Electronics,155.06,5,1147.7,Online,0,2.0
1823,2240,Clothing,108.12,5,2166.68,Online,0,1.0
3237,1065,Electronics,151.25,5,25.38,Card,0,1.0
2515,4375,Other,202.66,5,1615.23,Card,0,5.0
4616,1983,Books,234.7,1,1684.69,Cash,0,5.0
1845,1980,Food,370.87,3,921.48,Card,0,5.0
2958,1570,Books,32.04,1,1330.68,Card,0,2.0
1127,2063,Electronics,58.59,5,733.6,Card,0,5.0
1300,4316,Books,492.69,1,1033.33,Online,0,2.0
4513,2719,Clothing,216.76,1,1415.76,Card,0,3.0
2145,3094,Books,411.87,1,1935.38,Card,0,1.0
4772,3413,Clothing,45.33,2,527.96,Cash,0,4.0
2265,4752,Electronics,70.08,2,1462.38,Card,0,3.0
2261,4689,Electronics,167.17,4,672.25,Cash,0,1.0
251,2544,Electronics,337.49,2,2009.96,Card,0,3.0
3484,4568,Food,439.52,2,236.76,Card,0,
154,1283,Clothing,497.2,3,1711.88,Online,0,1.0
3538,2204,Food,465.29,4,959.1,Card,0,
1768,4436,Other,455.17,2,700.44,Card,0,4.0
1514,2588,Clothing,81.29,4,687.71,Cash,0,3.0
3688,1931,Books,87.04,5,986.67,Online,1,
62,3957,Books,322.51,3,781.93,Online,0,1.0
1252,1783,Food,410.02,1,804.28,Cash,0,2.0
3392,4648,Electronics,135.87,4,1254.41,Online,0,2.0
601,2769,Electronics,86.99,5,1827.34,Card,0,4.0
3764,1229,Clothing,234.79,3,545.0,Online,0,3.0
3636,1909,Clothing,131.46,4,1445.53,Card,0,4.0
381,4464,Clothing,334.23,1,212.04,Online,0,4.0
4210,2245,Other,269.96,2,225.92,Cash,1,
1433,1003,Electronics,297.85,5,2374.45,Cash,0,3.0
2670,1396,Food,116.93,3,2446.16,Cash,0,
3480,2170,Food,212.0,4,650.01,Online,0,4.0
992,2788,Electronics,178.99,3,1594.23,Online,0,5.0
3781,4594,Clothing,170.82,3,1860.6,Cash,0,4.0
3646,1027,Other,344.9,4,1086.96,Cash,0,3.0
1128,1101,Electronics,307.47,3,2299.17,Online,0,2.0
4881,4994,Other,243.0,3,1740.56,Cash,0,3.0
2657,1930,Other,294.13,4,85.25,Card,0,4.0
114,3264,Clothing,452.43,1,1471.08,Card,0,3.0
519,2269,Clothing,290.2,2,1734.65,Online,0,5.0
4438,1519,Other,72.53,2,2341.32,Card,0,2.0
4975,4391,Clothing,78.11,5,461.51,Card,0,2.0
1452,1525,Electronics,261.73,5,2310.44,Cash,0,4.0
3026,4649,Food,418.19,1,2017.77,Cash,0,
4744,4289,Books,201.35,5,311.23,Card,1,5.0
663,2067,Other,222.86,5,2001.29,Cash,0,1.0
1373,1292,Clothing,328.08,1,1457.52,Online,0,4.0
2169,4657,Books,17.9,2,2183.25,Cash,0,4.0
3208,1599,Food,417.17,2,1002.26,Cash,0,5.0
1415,4808,Food,331.88,5,1390.65,Online,0,
4439,4904,Food,410.61,3,732.57,Card,0,
2651,2484,Clothing,421.4,5,1689.87,Online,0,5.0
4688,3938,Electronics,113.36,5,247.89,Card,0,2.0
3359,4908,Food,463.81,2,1322.57,Cash,0,
4882,4967,Food,440.65,3,982.19,Online,0,
810,3411,Books,27.84,3,175.18,Cash,0,4.0
2768,2229,Books,421.85,3,1614.09,Online,1,
1447,4499,Other,378.24,4,1503.59,Card,0,4.0
3497,3439,Books,38.75,4,2421.32,Cash,0,5.0
1630,1151,Food,125.61,3,119.4,Online,0,
2743,2489,Clothing,436.2,2,1531.59,Online,0,3.0
3842,1954,Electronics,348.94,5,1469.88,Card,0,4.0
4589,1307,Clothing,176.41,1,605.86,Cash,0,1.0
2650,1321,Electronics,178.05,2,1406.8,Card,0,3.0
2761,4063,Clothing,236.77,1,1045.33,Online,0,1.0
3855,2511,Clothing,366.65,2,213.28,Cash,0,3.0
53,4999,Clothing,150.6,3,1492.17,Card,0,3.0
2205,3546,Clothing,180.62,1,2120.64,Online,0,4.0
387,3305,Books,484.94,1,1397.84,Online,0,5.0
3957,3332,Food,332.18,5,1420.4,Cash,0,3.0
1805,4502,Books,62.92,4,525.6,Cash,1,
3737,3404,Books,332.0,4,1205.07,Card,0,1.0
474,4873,Clothing,364.93,3,990.62,Cash,0,4.0
1844,4087,Food,70.68,1,481.36,Online,0,4.0
3189,1190,Food,411.25,3,2407.46,Online,0,1.0
411,3696,Clothing,499.18,4,932.93,Card,0,3.0
3291,1587,Books,468.23,5,1710.74,Cash,1,4.0
3851,1623,Electronics,43.65,2,2441.59,Cash,0,3.0
985,1922,Clothing,86.98,5,185.06,Cash,0,2.0
4840,4960,Books,429.84,4,1352.2,Online,0,4.0
896,2075,Food,75.4,4,379.62,Card,0,
1191,3020,Electronics,103.84,3,1260.41,Online,0,4.0
1954,3454,Clothing,246.88,5,2202.36,Online,0,4.0
2341,4336,Electronics,243.49,2,2413.85,Card,0,5.0
3367,3300,Clothing,211.05,2,1796.56,Online,0,4.0
3856,4450,Clothing,103.72,2,1696.17,Cash,0,3.0
2329,1662,Other,412.2,4,1776.36,Cash,0,1.0
2642,1771,Food,84.66,4,723.51,Online,0,
73,4048,Clothing,250.46,5,196.72,Card,0,3.0
604,4150,Books,403.37,3,264.65,Card,0,1.0
3493,4921,Electronics,366.08,2,512.65,Online,1,1.0
4703,3349,Food,49.78,3,1598.31,Cash,0,
864,4049,Electronics,410.91,1,234.98,Card,1,5.0
923,2795,Clothing,5.15,2,489.51,Online,0,5.0
3157,4061,Books,103.79,1,1650.85,Cash,0,1.0
4200,2070,Food,117.7,4,1218.75,Card,0,
340,1946,Other,169.74,5,1288.68,Online,0,2.0
1359,1735,Clothing,353.23,1,785.99,Cash,0,1.0
1365,2725,Food,375.4,3,348.6,Cash,0,1.0
4646,4331,Clothing,491.49,2,1410.46,Cash,0,5.0
2056,2064,Clothing,5.25,4,1032.4,Card,0,5.0
3063,3984,Clothing,230.04,4,1726.88,Cash,0,1.0
4191,1877,Electronics,327.69,5,954.95,Card,0,5.0
2791,2514,Other,317.98,4,785.45,Online,0,3.0
3129,3701,Electronics,24.66,1,998.97,Online,0,2.0
3175,1880,Other,112.9,4,1396.66,Card,0,4.0
3438,3788,Electronics,256.24,5,2080.7,Card,0,4.0
1459,4458,Clothing,387.98,5,939.34,Card,0,1.0
1923,4382,Other,356.47,4,1315.94,Card,0,2.0
4434,3653,Clothing,394.93,5,1052.08,Card,0,2.0
2156,3635,Other,133.15,3,2087.01,Cash,0,2.0
2634,4417,Clothing,55.84,1,1857.37,Cash,0,2.0
2146,4238,Clothing,345.88,4,1337.55,Online,0,3.0
4412,4372,Food,104.62,5,653.43,Cash,0,
1201,2774,Food,318.12,5,1203.32,Online,0,2.0
3977,4706,Other,117.26,4,665.32,Online,0,2.0
7,2454,Clothing,268.76,4,2085.8,Cash,1,
3049,1270,Clothing,232.81,5,2386.8,Cash,0,2.0
3204,4575,Clothing,190.54,4,805.4,Online,0,2.0
1466,4069,Clothing,65.48,4,1366.87,Cash,0,1.0
212,3973,Electronics,54.65,5,809.54,Online,0,4.0
4035,1894,Clothing,429.89,1,1270.75,Card,0,4.0
1227,3176,Food,145.96,1,80.2,Card,1,5.0
1755,3351,Electronics,221.33,3,175.41,Cash,1,1.0
1736,3629,Electronics,257.57,1,1731.8,Cash,1,
380,4740,Books,206.5,4,1449.63,Online,0,1.0
2619,4037,Electronics,326.06,1,1555.15,Card,0,5.0
4365,1044,Clothing,355.9,3,2379.12,Online,0,4.0
3694,3865,Clothing,50.58,3,790.19,Card,0,5.0
4563,4331,Clothing,368.03,2,1603.05,Online,0,3.0
3307,4792,Books,257.69,2,2095.74,Cash,0,3.0
136,2928,Food,475.31,4,2472.9,Online,0,1.0
2002,4560,Books,372.99,2,1726.68,Card,0,4.0
2694,2497,Clothing,214.75,1,913.12,Online,0,5.0
2853,3371,Other,216.55,1,756.01,Card,0,2.0
2225,1210,Other,164.12,2,843.84,Cash,0,2.0
4912,2787,Food,57.99,1,2011.54,Cash,0,
1276,4380,Clothing,140.98,2,2050.52,Online,0,4.0
2182,3057,Electronics,136.9,3,2108.14,Cash,1,
357,2371,Electronics,135.77,1,1060.06,Cash,0,1.0
1552,3840,Food,472.75,4,1556.88,Cash,0,
2599,4668,Electronics,294.37,1,2391.1,Card,0,1.0
2059,2718,Books,394.69,3,1740.27,Card,0,3.0
1882,1426,Clothing,289.94,5,1911.61,Card,0,3.0
217,1198,Clothing,477.03,4,1559.58,Cash,0,3.0
2238,4669,Books,357.19,5,1518.51,Card,0,3.0
2045,3776,Books,52.86,5,2194.63,Card,0,3.0
3009,2420,Food,24.77,5,2142.72,Online,0,
414,1220,Electronics,170.8,2,513.17,Online,0,2.0
405,3023,Books,117.1,3,2075.23,Cash,0,5.0
4608,4778,Clothing,303.63,1,1596.74,Card,0,2.0
2706,1825,Clothing,443.36,4,354.46,Online,0,4.0
3037,2738,Clothing,350.99,3,15.04,Card,0,4.0
3142,1912,Clothing,19.01,4,1530.88,Card,0,2.0
599,1287,Books,389.97,5,1497.82,Cash,0,1.0
429,2039,Electronics,179.68,5,1648.65,Online,0,1.0
530,1289,Clothing,153.2,4,2187.46,Cash,0,4.0
2194,2028,Clothing,439.8,1,801.01,Card,0,3.0
2047,1812,Other,0.0,2,117.31,Card,0,5.0
4988,3164,Electronics,314.03,4,1802.31,Card,0,3.0
2704,2564,Clothing,313.19,5,1836.52,Online,1,
3685,3747,Clothing,476.33,1,1136.78,Online,0,1.0
3644,4515,Food,142.0,3,668.33,Card,0,
1009,4051,Food,228.83,2,1245.58,Online,0,
1519,3450,Clothing,345.05,1,918.72,Cash,0,5.0
491,2169,Electronics,18.92,2,2298.9,Cash,0,2.0
741,1605,Electronics,406.69,4,527.05,Card,0,2.0
1368,4791,Clothing,238.24,5,1293.16,Card,0,3.0
3192,1616,Books,248.63,3,1265.04,Cash,0,3.0
1644,2777,Clothing,375.71,3,1646.8,Card,0,2.0
797,1021,Books,144.23,4,561.26,Cash,0,2.0
1697,3492,Electronics,176.66,1,1978.13,Card,0,4.0
1010,2195,Electronics,197.25,4,519.82,Cash,1,5.0
3746,4762,Electronics,443.52,5,488.97,Online,0,3.0
4107,4494,Food,492.72,3,1419.36,Online,0,1.0
277,1669,Books,262.66,4,1118.2,Online,0,2.0
3861,2823,Other,497.85,3,816.78,Cash,0,1.0
4466,4149,Food,17.13,4,1017.56,Card,0,3.0
229,2828,Books,276.59,3,1025.3,Cash,0,3.0
2389,2593,Other,288.61,5,87.64,Cash,0,4.0
4402,4840,Electronics,214.98,1,1381.48,Card,0,2.0
3584,2631,Books,493.42,3,1306.56,Cash,0,3.0
2008,4302,Electronics,369.75,1,99.39,Online,0,2.0
2668,3727,Electronics,302.62,4,2251.05,Cash,0,3.0
3598,2575,Food,165.18,4,1213.99,Online,1,3.0
1769,4303,Electronics,284.16,1,1512.57,Cash,0,2.0
3224,4910,Clothing,325.74,4,322.36,Online,0,5.0
3541,1192,Clothing,497.22,5,405.83,Cash,0,5.0
4835,1684,Clothing,182.82,1,2421.46,Card,0,5.0
2111,2391,Clothing,353.21,5,2060.14,Online,0,5.0
3526,3378,Electronics,290.86,3,1798.49,Cash,0,4.0
3937,2301,Electronics,22.3,1,2224.89,Card,0,1.0
2017,1522,Electronics,357.3,1,850.98,Card,1,
1627,3579,Electronics,231.01,1,1969.72,Cash,0,2.0
3119,3585,Food,109.69,5,2187.23,Online,0,1.0
825,1878,Books,191.2,4,595.63,Card,0,4.0
4063,2537,Clothing,184.4,1,369.28,Cash,0,4.0
772,3802,Electronics,460.73,3,1197.14,Card,0,4.0
4273,1595,Clothing,262.0,4,1687.09,Cash,0,5.0
3770,1571,Clothing,249.68,5,776.3,Online,0,4.0
3900,4923,Other,499.59,3,577.24,Online,0,1.0
2511,3200,Food,237.04,4,1310.53,Card,0,4.0
988,1147,Clothing,45.55,4,2073.53,Online,0,2.0
1819,2834,Electronics,398.35,4,1583.41,Online,0,5.0
1381,4278,Clothing,269.2,3,71.36,Card,0,5.0
2520,3601,Clothing,116.97,4,2418.28,Online,0,2.0
2303,3962,Clothing,343.34,5,101.41,Cash,0,1.0
661,4562,Clothing,40.3,4,1103.02,Online,0,4.0
1704,3104,Books,131.99,3,178.87,Cash,0,4.0
4366,1346,Books,408.26,3,1383.61,Online,0,3.0
1025,1617,Electronics,175.96,4,542.98,Online,0,2.0
2160,2614,Food,363.54,1,1063.22,Card,0,
278,2883,Electronics,281.23,5,1340.57,Online,0,1.0
2069,1136,Other,58.22,1,1393.83,Online,0,4.0
2152,1620,Clothing,308.96,5,1308.37,Card,0,2.0
3337,4152,Other,454.02,4,1839.54,Card,1,4.0
3635,3486,Clothing,233.5,2,456.02,Cash,0,2.0
1130,2197,Clothing,203.07,2,1104.55,Cash,0,2.0
965,3949,Electronics,187.48,1,2308.51,Card,0,5.0
1633,1171,Clothing,454.08,3,1545.04,Cash,0,5.0
1706,4630,Other,102.01,2,1617.35,Cash,0,2.0
3964,3658,Clothing,355.81,5,1065.1,Cash,0,1.0
656,4220,Food,436.27,1,873.31,Card,1,
3403,2405,Electronics,131.54,3,1995.37,Online,0,2.0
675,1817,Electronics,242.47,1,982.06,Online,0,1.0
3082,4865,Clothing,369.79,3,2444.69,Online,1,3.0
3090,3703,Clothing,469.36,1,1673.01,Card,0,2.0
434,3280,Food,242.19,3,551.47,Online,0,2.0
4461,2294,Clothing,329.09,3,2454.05,Cash,0,2.0
1968,2578,Clothing,308.09,5,271.13,Cash,0,4.0
3881,2354,Food,339.48,1,1074.54,Card,0,3.0
426,3262,Clothing,197.2,5,256.18,Card,0,4.0
3689,1124,Clothing,475.53,4,2101.53,Card,0,5.0
1920,2300,Other,84.57,1,2162.89,Cash,0,1.0
3762,3018,Electronics,43.15,4,1191.03,Online,0,1.0
1725,3980,Other,96.12,2,294.27,Cash,1,4.0
1313,3190,Food,309.37,2,2118.08,Card,1,
2019,2639,Other,396.31,3,1047.56,Card,0,4.0
475,4411,Clothing,487.8,5,73.35,Card,0,5.0
4223,4332,Clothing,477.57,5,453.87,Cash,0,2.0
2742,3957,Clothing,93.18,5,147.34,Card,0,3.0
4949,1098,Food,328.45,2,1612.84,Online,1,
1660,2473,Clothing,64.22,5,122.52,Card,0,2.0
1326,3505,Books,186.75,4,1280.26,Card,0,2.0
3123,1021,Food,455.09,2,1143.61,Online,0,
3588,1814,Clothing,125.94,3,716.17,Card,1,1.0
2524,1051,Clothing,424.38,4,1000.26,Online,0,5.0
2757,1200,Clothing,431.95,2,227.3,Cash,0,5.0
2334,3677,Food,461.27,3,1957.06,Online,0,
1253,3929,Clothing,427.34,3,1368.02,Online,0,5.0
4112,2896,Food,423.63,2,1552.3,Cash,0,
1261,3679,Electronics,250.49,4,671.19,Card,0,3.0
1005,2280,Food,420.18,2,1230.72,Online,0,
3734,4547,Other,78.28,4,600.82,Card,0,2.0
3103,1620,Clothing,52.43,1,625.99,Cash,0,2.0
1027,1994,Clothing,399.93,2,1446.35,Card,1,2.0
2075,4326,Other,39.53,1,1503.55,Online,0,4.0
4710,1386,Electronics,171.11,1,943.67,Cash,0,2.0
298,2025,Other,443.46,1,2131.94,Online,0,4.0
4455,2184,Clothing,79.79,3,39.93,Online,0,4.0
336,1682,Clothing,41.46,1,710.41,Cash,1,
2615,2503,Clothing,317.72,5,1134.06,Cash,0,4.0
1208,1127,Other,371.25,5,1557.05,Card,0,5.0
1249,2121,Other,423.69,3,2231.36,Online,1,
3741,2096,Clothing,198.67,2,1683.24,Card,0,4.0
4490,3233,Electronics,194.94,1,581.57,Card,0,5.0
196,3307,Clothing,438.56,2,1084.76,Online,0,1.0
4007,2124,Books,361.32,1,1471.23,Online,0,4.0
3760,4378,Clothing,94.73,4,1648.59,Cash,0,4.0
1096,1944,Clothing,302.43,2,1605.71,Online,0,1.0
2854,2269,Electronics,297.21,2,804.63,Online,0,5.0
2236,1329,Electronics,42.63,5,76.71,Online,1,3.0
1445,4550,Clothing,173.29,4,1781.13,Card,0,3.0
781,2456,Food,70.35,4,178.51,Card,0,
998,3294,Clothing,89.85,5,1171.52,Online,0,1.0
1181,2574,Electronics,253.54,1,1802.19,Online,0,1.0
1744,1496,Food,435.21,2,1416.47,Card,0,5.0
2782,2190,Electronics,476.5,1,888.2,Online,0,3.0
4332,2234,Books,110.69,4,2481.29,Online,0,4.0
4907,4483,Clothing,193.95,5,729.78,Cash,0,5.0
3941,3357,Clothing,418.38,3,1620.7,Online,0,5.0
1336,1508,Clothing,495.58,5,2475.21,Card,1,2.0
2613,2579,Other,433.02,5,1903.59,Card,1,
735,2713,Clothing,130.82,5,486.19,Cash,0,2.0
2870,4889,Other,219.84,3,729.04,Card,1,4.0
1396,3613,Other,12.87,2,1211.15,Cash,0,3.0
3611,1598,Food,114.35,1,2323.16,Card,0,
4667,1136,Clothing,51.05,4,426.77,Card,0,1.0
2753,4348,Electronics,463.88,3,1372.55,Card,0,1.0
1862,1135,Food,281.22,5,1850.6,Card,0,
157,3189,Other,393.84,5,1017.18,Online,0,1.0
1363,1952,Clothing,344.17,5,1576.53,Cash,0,5.0
2317,2656,Books,30.7,3,818.54,Online,0,1.0
3165,1301,Books,189.59,3,183.85,Online,0,4.0
4003,1819,Books,395.19,5,1156.54,Card,0,3.0
3052,2413,Clothing,357.2,3,509.56,Cash,1,3.0
3974,1364,Clothing,313.41,1,222.78,Online,0,2.0
2088,1068,Electronics,166.68,2,1926.11,Card,0,1.0
140,1216,Electronics,425.87,1,1157.99,Card,0,5.0
24,4481,Electronics,29.75,4,1468.31,Card,0,5.0
3659,1328,Clothing,122.12,5,975.15,Online,0,3.0
1885,1088,Clothing,314.74,1,717.43,Cash,0,1.0
1099,4119,Clothing,85.43,1,365.71,Card,0,1.0
1830,1036,Food,265.57,4,290.51,Online,0,3.0
732,1034,Clothing,325.23,2,868.63,Online,0,2.0
1301,4941,Clothing,277.35,3,1559.54,Cash,0,1.0
3385,3661,Clothing,300.26,1,1235.78,Card,0,5.0
4232,3111,Electronics,314.57,4,314.79,Card,0,4.0
4555,4744,Electronics,337.75,2,632.5,Card,0,3.0
206,4155,Food,26.61,1,499.34,Online,0,3.0
3168,4503,Electronics,443.73,3,538.56,Card,0,1.0
473,4379,Food,481.13,1,1122.01,Online,1,3.0
2949,3389,Electronics,30.83,4,1885.36,Cash,0,2.0
3172,1554,Clothing,227.68,1,2428.78,Card,1,1.0
4140,4727,Clothing,38.41,1,704.35,Cash,0,4.0
1491,1989,Clothing,267.24,2,529.32,Online,1,2.0
4062,2640,Clothing,27.06,2,1444.87,Card,0,4.0
4770,2934,Other,141.52,5,2159.73,Online,0,3.0
441,4066,Electronics,479.83,4,453.0,Card,0,5.0
415,3160,Food,256.63,1,2360.2,Cash,1,1.0
296,1867,Clothing,178.34,1,506.99,Cash,0,1.0
4837,3284,Electronics,385.74,2,52.99,Cash,0,2.0
4734,3676,Books,151.05,3,1326.74,Online,0,2.0
2253,2572,Clothing,464.23,1,1314.88,Card,0,5.0
3620,2881,Clothing,351.87,3,1993.76,Online,0,5.0
1179,1589,Electronics,158.76,4,1643.54,Online,0,2.0
930,4513,Clothing,463.29,3,970.33,Cash,0,1.0
3789,2348,Books,127.4,2,930.32,Online,0,3.0
1636,4912,Books,416.31,1,186.02,Card,0,5.0
2959,2174,Clothing,160.24,3,2187.34,Cash,0,1.0
1539,1081,Clothing,108.39,3,1488.93,Card,0,1.0
1350,2074,Electronics,128.28,2,840.09,Online,0,2.0
276,1901,Other,444.31,4,2134.92,Online,0,5.0
456,4331,Electronics,166.02,1,1062.17,Online,0,5.0
58,3319,Food,43.75,5,1299.54,Cash,0,3.0
3431,1303,Clothing,29.74,3,1654.98,Card,0,3.0
2656,3021,Books,358.03,2,1521.2,Online,0,2.0
1022,3362,Food,415.44,1,60.72,Cash,0,
1371,1911,Electronics,161.95,3,2192.0,Card,0,5.0
2519,3614,Electronics,313.11,4,1211.49,Card,0,1.0
4712,1131,Other,92.52,1,1070.92,Card,0,5.0
3596,3465,Electronics,275.32,3,424.38,Card,0,3.0
2512,3703,Electronics,75.23,3,634.15,Card,0,1.0
2681,4004,Clothing,474.57,4,1702.0,Online,0,4.0
878,2619,Food,402.45,4,137.65,Cash,0,
1202,4114,Clothing,314.19,2,1649.47,Cash,0,4.0
3159,4110,Electronics,166.83,4,473.67,Card,0,5.0
4953,4162,Books,64.86,5,1535.7,Online,0,1.0
4964,3178,Clothing,57.69,5,378.29,Card,0,4.0
4583,4365,Clothing,319.72,3,337.34,Card,0,4.0
3415,1224,Clothing,310.17,1,2429.98,Online,0,1.0
28,3796,Electronics,273.03,2,1279.65,Card,0,2.0
2835,3488,Electronics,118.83,1,1081.16,Online,0,4.0
2998,3463,Electronics,400.31,4,969.73,Cash,0,5.0
398,3066,Clothing,286.67,3,1156.97,Card,0,5.0
803,2479,Clothing,369.82,3,866.38,Cash,0,5.0
2813,3702,Other,96.96,2,280.87,Online,0,4.0
4437,3413,Clothing,244.24,3,1515.38,Card,0,4.0
1404,3032,Electronics,143.32,4,1686.57,Cash,0,4.0
2654,4860,Clothing,293.03,2,2239.87,Card,0,4.0
594,2153,Clothing,253.96,1,2297.89,Card,0,4.0
3962,2091,Food,10.63,5,1858.04,Cash,0,
793,3677,Books,444.52,3,1480.52,Online,0,2.0
3487,2141,Other,8.49,1,900.73,Card,1,
495,3410,Electronics,98.26,2,1061.31,Card,0,5.0
3084,1569,Books,493.3,4,239.84,Online,0,3.0
435,3072,Clothing,360.15,3,159.15,Card,0,3.0
3378,3900,Food,216.73,5,274.93,Card,0,2.0
1964,1452,Clothing,284.12,3,2329.56,Online,1,
2325,3662,Other,46.15,3,1434.85,Online,0,2.0
1665,2678,Clothing,66.74,1,1838.45,Cash,0,3.0
1918,3455,Clothing,351.66,2,2129.78,Cash,0,4.0
2110,3770,Other,183.61,4,834.48,Cash,0,1.0
3406,2572,Food,498.53,2,626.54,Card,0,2.0
2991,2790,Clothing,251.66,2,2042.61,Online,0,4.0
4487,3632,Clothing,200.44,4,1122.04,Card,0,5.0
1648,2781,Food,77.41,2,1189.59,Online,0,2.0
3375,2500,Food,310.94,4,2411.98,Card,1,1.0
4214,4484,Clothing,458.71,1,804.1,Card,0,3.0
1969,3283,Clothing,420.92,4,727.86,Cash,0,2.0
1366,3856,Books,110.51,4,1739.97,Card,0,1.0
2506,4484,Clothing,302.99,1,1784.79,Cash,0,3.0
3475,4357,Clothing,216.41,2,1765.6,Card,0,2.0
4049,4036,Food,130.36,3,2101.69,Card,0,2.0
1612,1231,Books,361.99,2,651.83,Online,0,1.0
1510,4804,Clothing,430.52,4,1590.76,Card,0,3.0
4164,2790,Books,67.26,3,1186.92,Card,0,5.0
1077,3707,Food,366.29,3,1415.45,Online,0,1.0
3513,2434,Books,12.21,1,726.5,Card,0,4.0
3135,4393,Food,184.59,5,2039.41,Online,0,
2148,3173,Other,148.56,2,2242.1,Cash,0,5.0
93,2666,Other,83.39,3,1103.51,Online,0,4.0
4089,2972,Electronics,165.39,2,1668.8,Card,0,5.0
606,1262,Clothing,83.45,4,1325.15,Cash,0,1.0
2035,4927,Food,71.48,3,1508.3,Card,0,
750,1136,Electronics,350.02,5,1313.97,Card,1,
4379,4495,Electronics,150.36,4,2401.27,Card,1,3.0
2850,2041,Electronics,82.8,3,2053.35,Card,0,2.0
3711,3615,Books,286.63,3,2354.47,Online,0,2.0
1112,2192,Books,444.82,4,904.0,Cash,0,3.0
815,2071,Food,149.36,3,1058.11,Cash,0,1.0
210,1267,Clothing,498.62,5,2343.65,Cash,0,4.0
2829,1432,Clothing,229.41,2,485.73,Card,0,5.0
1791,1264,Books,229.68,2,896.54,Online,1,
654,2277,Other,138.87,1,73.72,Card,0,1.0
432,4859,Electronics,164.89,4,575.31,Card,1,
520,4039,Clothing,42.49,5,283.94,Card,0,5.0
2195,1889,Clothing,410.59,5,396.59,Cash,0,2.0
4182,2989,Books,115.6,5,460.38,Card,0,3.0
389,4438,Food,451.68,3,2418.55,Cash,0,5.0
4716,1831,Food,358.56,2,1088.44,Cash,0,1.0
3776,3702,Books,224.8,1,2177.06,Online,0,3.0
3544,2279,Electronics,89.34,4,1687.09,Online,1,
394,2464,Food,53.17,5,2080.72,Card,0,
159,2619,Other,152.55,4,744.19,Online,1,
3183,3007,Books,114.35,1,476.08,Card,0,3.0
2889,4258,Electronics,319.88,1,1778.3,Cash,0,1.0
4645,1727,Food,307.16,3,372.86,Cash,0,
4053,1368,Clothing,399.77,2,1822.74,Card,1,
3050,1561,Electronics,466.49,5,2369.61,Card,0,1.0
4945,1354,Books,402.69,1,2492.04,Cash,0,1.0
877,4609,Other,173.74,3,2026.03,Card,0,3.0
1909,4999,Electronics,483.08,1,1452.46,Card,0,3.0
3794,1605,Other,330.75,3,1133.17,Online,0,5.0
1351,2872,Food,160.64,1,1968.93,Card,0,
4124,3918,Other,37.85,3,1465.5,Online,0,1.0
3462,1500,Clothing,214.73,5,2220.05,Cash,1,
498,2307,Clothing,479.78,2,1478.52,Card,0,4.0
403,2452,Electronics,324.82,1,2315.9,Card,0,2.0
1492,1101,Food,92.38,5,2251.85,Online,0,1.0
4538,3922,Electronics,469.03,2,1837.51,Card,0,1.0
901,4999,Electronics,123.34,3,1657.6,Card,0,4.0
4297,2233,Clothing,187.8,2,419.12,Online,0,5.0
2992,2856,Other,499.7,1,493.15,Card,0,2.0
1915,2465,Electronics,428.57,4,176.29,Card,0,4.0
267,1538,Clothing,287.36,5,1356.74,Card,0,2.0
4789,2336,Electronics,371.75,3,881.85,Online,0,2.0
3909,1656,Books,270.7,2,1682.29,Card,1,
1808,1151,Food,173.18,4,1561.96,Cash,0,
3395,2551,Books,83.41,2,781.33,Online,0,3.0
1258,4282,Other,247.79,5,897.99,Cash,0,5.0
2826,3854,Food,114.42,5,880.26,Card,0,4.0
3349,4351,Books,448.44,5,1391.66,Cash,0,2.0
4562,4766,Clothing,477.76,1,1181.38,Online,0,1.0
467,3240,Other,128.0,4,1882.01,Cash,0,2.0
3833,1361,Food,72.54,4,259.72,Cash,0,3.0
2713,2770,Food,142.58,1,1687.97,Online,1,2.0
4356,4505,Food,347.7,4,1683.68,Online,0,
4399,1288,Food,159.79,5,211.7,Online,0,
1360,1653,Other,160.24,5,42.51,Online,1,4.0
4041,3262,Other,299.52,3,2028.72,Cash,0,2.0
4956,1203,Clothing,336.35,2,1111.99,Card,0,5.0
2627,1598,Other,27.49,2,1354.34,Card,0,3.0
2588,4285,Other,444.34,1,2391.74,Card,0,1.0
879,3906,Food,248.08,5,91.24,Cash,0,3.0
1019,3070,Electronics,484.86,4,652.8,Card,0,3.0
195,1165,Electronics,29.57,1,1676.91,Card,0,2.0
4546,1975,Electronics,471.09,4,157.29,Online,0,4.0
366,2371,Food,466.89,5,2483.51,Card,0,
4052,3991,Food,455.02,2,1658.91,Card,0,
2298,1073,Books,294.89,5,1940.49,Card,0,3.0
583,3796,Electronics,89.12,3,648.59,Card,0,5.0
36,3832,Clothing,285.87,3,1544.36,Card,0,1.0
1758,1285,Books,215.99,5,828.98,Card,0,2.0
3130,2027,Food,116.3,2,1580.1,Cash,0,
1861,3447,Clothing,195.42,3,2024.08,Online,1,4.0
655,2230,Electronics,353.28,4,791.15,Card,0,4.0
3331,3262,Electronics,464.58,5,147.24,Card,0,1.0
2885,3802,Clothing,259.63,2,1431.18,Online,0,2.0
3622,3056,Food,254.39,5,1192.8,Cash,0,2.0
2257,2072,Food,112.52,4,2279.85,Cash,0,1.0
979,2582,Food,422.48,4,2367.21,Online,0,
3701,2549,Books,429.3,5,2440.13,Card,0,4.0
360,2803,Books,365.61,1,2390.82,Cash,0,5.0
2402,1101,Electronics,460.5,1,1644.09,Cash,1,1.0
3134,1832,Electronics,326.19,4,709.99,Online,0,1.0
4004,2714,Clothing,280.05,4,1062.86,Cash,0,1.0
4454,4094,Books,184.92,5,774.41,Online,0,2.0
3002,4217,Food,22.58,4,107.7,Online,0,1.0
4476,3755,Clothing,431.8,3,1138.38,Cash,0,5.0
2549,1814,Food,394.55,4,2141.63,Cash,1,
659,1301,Food,9.28,3,1546.28,Cash,0,
2099,1183,Electronics,481.56,2,1389.48,Online,0,2.0
3747,3014,Electronics,195.55,3,1007.0,Cash,0,1.0
2427,1222,Clothing,324.07,4,1313.8,Online,0,5.0
3434,1704,Clothing,192.94,5,1778.28,Card,0,5.0
1871,3812,Electronics,454.87,1,658.64,Card,0,5.0
2054,2570,Food,390.76,5,1764.61,Cash,0,5.0
375,4323,Clothing,83.29,3,2400.77,Card,0,2.0
3232,3357,Other,417.45,3,688.76,Online,0,2.0
4034,3062,Clothing,403.58,3,2269.96,Card,0,1.0
3653,2209,Clothing,170.29,2,503.44,Cash,0,2.0
1178,2938,Clothing,440.37,5,1943.9,Cash,0,2.0
4308,2875,Clothing,226.69,3,825.73,Cash,0,2.0
3801,1019,Books,479.68,5,1657.68,Cash,0,4.0
1271,2474,Food,21.58,1,2491.48,Card,0,
2739,2889,Other,100.09,5,1313.26,Cash,0,3.0
928,1106,Clothing,375.7,5,1763.78,Card,0,5.0
4994,2499,Books,18.59,4,410.43,Card,0,3.0
3971,4471,Food,142.68,4,1728.78,Card,0,
1224,1044,Books,375.14,3,1405.55,Cash,0,4.0
1486,2435,Books,334.24,1,2153.11,Online,0,5.0
4764,4476,Electronics,287.21,5,1839.6,Online,0,1.0
1318,4971,Clothing,397.72,3,1179.18,Card,0,1.0
3242,1179,Food,133.26,2,1007.38,Card,0,4.0
999,2393,Clothing,356.8,3,379.34,Cash,0,2.0
4805,1116,Clothing,163.27,4,2029.12,Cash,0,5.0
2984,1465,Clothing,403.11,2,1037.1,Cash,0,1.0
4543,1008,Other,447.9,2,1437.56,Card,0,2.0
642,1589,Other,373.96,1,1417.06,Card,0,4.0
567,3137,Electronics,359.87,5,660.1,Online,0,2.0
1418,4215,Other,12.34,3,2253.79,Cash,0,3.0
4673,4338,Electronics,37.1,5,2434.43,Online,0,4.0
1520,2697,Clothing,461.45,4,808.6,Card,0,2.0
2181,2146,Electronics,209.6,4,943.02,Online,1,
2865,2406,Clothing,293.19,1,552.94,Online,0,5.0
3531,2233,Food,277.38,5,1164.89,Card,0,3.0
2811,1595,Clothing,242.47,2,529.34,Cash,0,4.0
4965,1778,Books,120.56,3,358.37,Cash,0,1.0
1716,1774,Electronics,325.95,2,1788.22,Card,0,3.0
3740,1796,Clothing,302.75,4,1331.94,Card,0,1.0
3182,1087,Books,383.05,5,636.52,Card,0,1.0
1695,3021,Books,148.36,5,2229.01,Online,0,5.0
4499,3194,Clothing,361.34,1,979.49,Online,0,4.0
4355,2933,Food,411.92,5,2246.24,Cash,0,4.0
963,1605,Other,439.23,2,1131.76,Online,0,4.0
1858,2766,Food,323.43,3,1648.48,Online,0,
1372,1786,Other,274.72,1,376.09,Card,1,3.0
3872,1686,Other,455.79,2,976.37,Card,0,1.0
593,3598,Books,182.07,1,732.87,Card,0,1.0
112,2250,Books,8.97,4,952.92,Cash,0,5.0
2890,4005,Food,96.39,2,1165.43,Cash,0,3.0
1945,1732,Books,296.57,5,2474.67,Cash,0,4.0
690,2073,Books,22.8,1,1352.23,Card,0,4.0
707,1241,Food,275.37,1,896.75,Card,0,
874,1293,Food,204.76,3,1076.66,Online,0,5.0
3280,1462,Clothing,62.62,3,295.52,Online,1,4.0
4009,2428,Other,437.95,4,1625.14,Cash,0,4.0
2597,2047,Clothing,26.04,5,1002.98,Cash,0,2.0
4127,2099,Clothing,178.45,4,1031.44,Cash,0,1.0
2722,4952,Food,349.53,1,2302.93,Card,0,
839,2472,Food,156.56,2,1053.98,Cash,0,1.0
2477,1762,Food,155.19,1,2024.35,Cash,0,
1599,4392,Food,105.26,5,2081.6,Online,0,
1718,3575,Food,473.96,4,711.23,Online,0,5.0
3439,2126,Clothing,496.66,3,108.91,Online,0,5.0
4266,1846,Clothing,387.09,4,1973.65,Card,0,1.0
1966,1713,Clothing,326.51,1,1466.05,Cash,0,3.0
3171,1933,Electronics,326.0,4,1270.89,Cash,0,3.0
111,4043,Clothing,79.4,4,2350.13,Cash,0,4.0
3621,4543,Other,93.02,1,2170.41,Card,0,3.0
4452,2822,Electronics,403.84,1,808.61,Online,0,4.0
4516,4512,Food,410.01,4,1573.58,Card,0,5.0
4781,4634,Other,275.46,1,167.43,Card,0,3.0
2720,1896,Clothing,21.77,1,1375.83,Card,0,5.0
847,4950,Electronics,43.0,1,85.03,Card,0,5.0
4931,1900,Electronics,381.27,1,323.95,Cash,0,5.0
2390,2911,Clothing,275.54,5,1492.12,Online,0,4.0
3470,4914,Clothing,85.84,4,1383.72,Card,0,4.0
1274,4375,Other,398.64,2,2213.69,Card,0,3.0
4114,3964,Books,123.33,5,125.15,Online,0,3.0
4675,4832,Food,414.64,2,1554.39,Card,1,
264,1934,Books,257.17,1,630.75,Card,0,4.0
3483,1949,Clothing,475.14,3,742.32,Card,0,5.0
3143,2092,Clothing,273.66,5,660.42,Card,0,2.0
3259,3577,Electronics,496.98,4,39.72,Online,0,4.0
3510,1622,Books,388.55,2,1855.18,Cash,0,1.0
3429,2389,Other,469.2,2,875.28,Online,0,3.0
875,4898,Clothing,185.38,4,1752.04,Card,1,4.0
1888,4418,Other,307.38,1,1955.01,Card,1,
462,2291,Books,184.77,3,322.96,Online,0,1.0
2735,1585,Books,48.53,3,1336.74,Card,0,3.0
3788,2286,Clothing,62.0,1,2160.76,Online,0,2.0
1702,2285,Electronics,416.08,4,175.15,Card,0,3.0
4343,3811,Food,203.04,2,1375.4,Online,0,
339,4138,Clothing,70.14,5,520.11,Cash,0,3.0
1667,4125,Electronics,394.75,4,2243.36,Card,0,5.0
2736,3982,Books,111.23,5,149.49,Cash,0,5.0
284,4903,Food,415.95,2,318.24,Card,0,
275,3194,Books,261.4,1,630.49,Card,0,1.0
3843,3425,Books,11.53,2,470.54,Cash,0,2.0
4086,2624,Electronics,408.63,3,1749.0,Card,0,5.0
2474,2478,Other,177.5,3,388.56,Cash,0,2.0
369,4549,Other,163.25,2,943.66,Cash,0,3.0
4625,4723,Electronics,386.31,1,819.25,Online,0,2.0
1383,4562,Electronics,291.85,2,239.11,Online,0,2.0
4984,4212,Clothing,478.63,2,1388.35,Online,0,4.0
69,3258,Food,452.15,5,1861.9,Card,0,
3282,4638,Clothing,450.79,4,1760.54,Card,0,5.0
1621,2690,Food,352.77,5,185.14,Online,0,
4665,4781,Food,10.94,2,553.61,Card,0,1.0
1796,1912,Food,159.73,4,1576.8,Card,0,4.0
3623,2948,Electronics,222.24,1,1951.73,Online,0,1.0
4376,1059,Books,363.69,1,893.44,Card,1,
1241,3262,Food,57.15,2,846.49,Cash,0,
4263,3603,Books,59.92,3,1091.6,Cash,1,
618,2074,Other,85.39,5,635.12,Cash,0,5.0
2297,3059,Clothing,195.98,5,1732.78,Online,0,2.0
204,2975,Electronics,168.13,2,1560.97,Online,1,3.0
1512,1410,Electronics,434.02,5,2477.82,Online,0,5.0
4724,1269,Electronics,434.83,1,2227.64,Card,0,5.0
395,1454,Food,74.59,1,35.02,Card,0,4.0
4353,1786,Clothing,480.08,4,941.02,Cash,0,4.0
1290,2540,Electronics,209.53,4,2245.83,Cash,0,3.0
1639,4433,Clothing,329.59,5,1647.54,Cash,0,1.0
2915,3553,Books,315.77,4,1986.29,Card,0,2.0
3720,4319,Other,75.57,1,1236.61,Online,0,4.0
3923,1592,Electronics,469.96,3,2264.51,Cash,0,2.0
2560,3266,Clothing,21.82,1,702.78,Card,1,
1789,2204,Books,367.41,2,933.9,Cash,0,1.0
1820,2731,Clothing,127.59,3,1009.18,Online,0,4.0
1231,4301,Clothing,405.75,2,2205.04,Cash,0,3.0
621,1954,Books,114.4,1,2250.42,Card,0,2.0
2593,2503,Electronics,493.97,4,720.79,Online,0,1.0
4520,1837,Food,150.67,3,1154.01,Card,0,2.0
1046,3746,Clothing,313.56,3,2344.55,Card,0,5.0
1330,3826,Books,444.5,5,754.65,Online,0,1.0
302,2938,Books,222.3,2,1515.12,Online,0,2.0
2021,3945,Books,289.26,2,368.15,Card,0,4.0
1971,2913,Food,305.5,1,744.04,Online,0,4.0
4540,1995,Clothing,214.14,1,1360.25,Online,0,4.0
2010,4918,Food,474.32,2,1129.44,Online,1,
3812,3159,Clothing,319.32,1,650.14,Online,0,4.0
1892,2457,Food,107.86,3,1746.83,Online,0,1.0
2508,3292,Electronics,295.75,4,519.23,Card,0,4.0
1115,4002,Other,0.0,2,1724.56,Card,0,1.0
4632,3687,Books,25.19,4,210.69,Card,1,3.0
4592,1866,Electronics,302.31,2,2097.09,Card,0,5.0
2172,2157,Books,93.5,3,2352.39,Cash,0,3.0
1689,4096,Clothing,240.62,2,341.05,Card,0,2.0
3014,1045,Other,85.53,3,346.61,Card,0,2.0
1042,3824,Clothing,334.2,2,247.13,Online,0,4.0
2781,4645,Books,27.64,1,2218.19,Cash,0,5.0
2091,3896,Clothing,180.53,2,2288.29,Cash,0,1.0
1709,4989,Electronics,206.22,4,2415.65,Online,0,3.0
3630,3774,Clothing,11.05,4,1333.9,Cash,0,4.0
4579,3091,Clothing,435.59,3,30.45,Online,0,1.0
1129,2392,Other,335.5,4,1853.33,Card,1,1.0
4858,1444,Clothing,104.88,1,426.16,Online,0,5.0
1277,4644,Electronics,322.66,2,836.34,Card,0,3.0
1983,3408,Books,51.47,3,1241.1,Cash,0,4.0
2988,2773,Clothing,224.81,2,1183.38,Cash,0,1.0
1144,2698,Books,110.92,5,8.78,Cash,0,2.0
2539,3998,Clothing,375.22,4,1914.78,Card,0,4.0
4926,1829,Food,331.36,2,528.85,Card,0,4.0
2898,4545,Clothing,377.59,4,2233.44,Online,0,1.0
2857,2665,Other,383.7,2,65.82,Online,0,5.0
377,1825,Food,167.89,1,471.91,Cash,1,3.0
126,2256,Other,368.5,1,1627.28,Cash,0,3.0
4245,4613,Clothing,280.47,4,331.97,Cash,0,5.0
938,1360,Clothing,254.91,4,1814.79,Online,0,4.0
4759,3426,Clothing,156.14,1,1245.54,Card,0,3.0
1057,1984,Electronics,139.0,3,614.2,Online,1,
3891,1613,Other,423.35,3,1588.46,Online,0,1.0
2902,1019,Food,69.93,1,2130.55,Cash,0,
1416,1488,Electronics,389.72,5,1536.78,Cash,0,4.0
3728,4498,Clothing,269.04,2,1311.94,Card,0,5.0
1243,3154,Electronics,21.45,1,326.88,Card,0,2.0
2965,3119,Food,377.73,4,2487.33,Card,0,
1108,3673,Clothing,177.04,4,591.12,Card,0,5.0
3110,3937,Other,293.95,5,664.92,Card,0,4.0
1561,2064,Clothing,11.38,2,177.19,Cash,0,4.0
625,2535,Electronics,280.39,1,140.71,Cash,0,2.0
1711,1914,Clothing,219.78,5,912.36,Card,0,4.0
4054,3706,Clothing,313.12,3,1123.65,Cash,0,5.0
3053,4139,Electronics,446.54,2,523.68,Card,0,1.0
2352,1802,Other,285.6,2,1336.95,Cash,0,3.0
4357,3658,Clothing,63.65,1,2184.61,Online,1,
1041,4371,Clothing,294.3,4,264.34,Cash,0,5.0
4634,1575,Electronics,387.12,4,1210.09,Online,0,2.0
2050,4899,Other,466.45,4,292.53,Cash,0,5.0
2935,4106,Clothing,245.5,5,1402.01,Cash,0,4.0
976,1751,Clothing,80.59,5,1971.5,Card,0,1.0
2323,4523,Clothing,149.82,4,85.92,Card,0,1.0
4948,1613,Other,72.22,4,1520.08,Cash,0,1.0
1818,1998,Clothing,366.52,4,472.87,Cash,0,5.0
4284,2287,Food,399.26,3,2189.9,Card,0,
3988,2965,Food,411.83,2,724.67,Online,0,3.0
4426,4756,Other,60.5,3,989.42,Cash,0,5.0
3601,2369,Books,296.74,5,1050.42,Card,0,3.0
4851,1731,Food,227.26,4,372.49,Cash,0,3.0
3613,3315,Clothing,334.52,1,270.33,Online,0,4.0
4447,4614,Food,120.47,3,937.71,Cash,1,4.0
1584,4244,Books,354.16,5,537.95,Cash,1,5.0
4871,4956,Electronics,399.84,5,904.88,Cash,0,3.0
3599,3412,Clothing,358.05,4,1811.54,Online,0,1.0
2895,2629,Food,446.49,1,2224.04,Cash,0,
1879,3746,Electronics,27.86,2,2339.96,Cash,0,2.0
1203,4588,Clothing,82.53,5,845.51,Cash,0,5.0
828,4035,Other,202.18,1,1976.21,Online,0,3.0
944,2689,Books,145.9,4,832.84,Online,0,5.0
4312,1129,Clothing,154.39,5,706.72,Online,0,3.0
4363,3255,Books,478.45,4,1013.0,Online,0,2.0
4384,3660,Clothing,114.17,5,1196.97,Card,0,4.0
4674,1675,Other,128.62,2,21.35,Cash,1,
1136,1195,Food,493.48,2,2029.46,Cash,0,
86,4021,Electronics,99.21,5,2269.48,Cash,0,1.0
4138,3082,Books,369.51,3,702.2,Cash,0,1.0
2396,3824,Food,126.03,3,162.03,Card,0,4.0
2913,3232,Clothing,300.79,4,1875.31,Card,0,3.0
4239,2310,Electronics,121.93,3,2175.27,Online,0,4.0
615,1314,Clothing,474.44,4,1319.53,Card,0,3.0
4701,1233,Clothing,385.77,4,569.2,Online,0,2.0
2489,4232,Clothing,220.65,4,255.4,Card,0,5.0
4731,2796,Food,118.85,5,1097.02,Online,0,
4622,3506,Food,457.23,5,1634.18,Cash,0,
1434,2196,Clothing,207.19,2,448.5,Online,0,5.0
1772,4730,Electronics,110.24,1,2276.32,Online,0,2.0
2144,3799,Books,305.15,5,722.23,Cash,0,4.0
1438,3386,Electronics,323.12,4,1561.43,Cash,0,3.0
3576,2501,Clothing,463.21,3,839.48,Cash,0,3.0
4903,1806,Other,35.56,4,408.52,Online,0,1.0
2431,3655,Clothing,342.87,5,54.79,Card,0,4.0
4068,1061,Other,274.98,5,570.93,Cash,0,1.0
10,3450,Other,368.22,2,1125.09,Card,0,2.0
3062,1898,Clothing,121.14,5,1227.36,Online,0,4.0
884,4768,Other,11.91,5,2491.88,Online,0,5.0
166,2341,Food,117.92,5,2259.73,Card,0,
4941,3703,Food,169.16,1,423.92,Card,0,2.0
1111,3986,Electronics,239.27,3,1274.31,Card,0,2.0
2780,2014,Clothing,496.9,3,447.37,Cash,0,1.0
371,1281,Books,459.53,5,2201.5,Card,0,5.0
4508,4214,Other,380.04,2,1846.88,Card,0,2.0
288,1867,Electronics,264.83,4,1848.85,Card,1,
2925,2556,Food,324.21,1,833.38,Card,0,4.0
1259,1683,Clothing,433.21,4,1005.74,Online,0,5.0
4848,2445,Other,493.69,1,1428.22,Card,0,4.0
3164,4243,Food,135.52,4,640.92,Card,0,
3015,2934,Clothing,110.97,4,537.35,Cash,1,
3755,3094,Other,321.06,5,1006.4,Online,0,2.0
3542,3860,Other,66.6,4,375.24,Online,0,5.0
2121,2400,Electronics,224.28,2,2425.28,Cash,0,2.0
1693,2197,Clothing,125.05,1,109.32,Card,0,1.0
4364,3395,Clothing,30.16,5,910.3,Online,0,5.0
3137,3586,Books,408.69,3,187.09,Cash,0,1.0
334,1040,Clothing,210.96,1,2063.5,Online,0,1.0
2574,3624,Electronics,196.62,1,1489.95,Cash,0,1.0
624,4645,Books,270.95,4,1427.61,Card,0,2.0
2408,3434,Clothing,45.63,1,81.41,Online,0,4.0
1880,2856,Other,55.38,4,2099.34,Online,0,5.0
2162,4698,Other,57.25,1,2258.89,Cash,0,4.0
940,2450,Books,14.55,5,1001.12,Online,0,5.0
1467,1293,Food,323.48,1,750.25,Online,0,
2872,1898,Clothing,125.76,1,776.46,Cash,1,2.0
1190,3334,Electronics,195.31,1,792.91,Card,0,2.0
2264,4277,Books,194.51,5,563.18,Card,0,1.0
3301,3739,Books,269.94,3,1904.41,Card,0,3.0
3528,3327,Clothing,271.16,3,1181.17,Cash,0,3.0
1456,1023,Electronics,5.48,1,86.18,Online,0,5.0
3815,2314,Clothing,128.86,4,559.07,Card,0,5.0
2068,1944,Clothing,152.85,3,433.92,Card,0,4.0
4576,2536,Clothing,176.28,4,1517.36,Online,0,5.0
2136,1581,Electronics,460.67,2,836.45,Cash,0,5.0
1548,1265,Books,49.64,3,1402.47,Card,1,4.0
1798,2679,Electronics,405.05,3,2234.07,Online,0,4.0
2344,1239,Books,127.72,3,1272.79,Card,0,5.0
299,3582,Books,396.27,1,2367.55,Card,0,3.0
3524,2774,Clothing,10.47,4,1138.57,Cash,0,1.0
3072,4918,Clothing,132.14,2,2276.64,Online,0,4.0
451,4285,Clothing,309.54,3,419.75,Card,0,3.0
4408,3381,Food,221.14,2,812.5,Card,0,1.0
2367,2574,Electronics,100.8,4,1095.71,Online,0,1.0
4594,4713,Electronics,304.48,3,2367.07,Cash,0,2.0
4680,1932,Food,136.48,2,1146.05,Online,0,
3214,2004,Books,115.59,1,770.14,Card,0,4.0
4686,3158,Clothing,29.21,2,1853.33,Cash,0,1.0
4367,1713,Other,395.43,5,485.27,Card,0,4.0
1474,3276,Other,176.37,1,2071.5,Cash,0,5.0
931,1116,Food,225.48,2,705.26,Online,1,2.0
172,2075,Books,318.58,2,116.79,Online,0,5.0
458,3142,Electronics,180.18,2,781.01,Cash,0,5.0
1500,2377,Food,131.18,4,632.2,Card,0,
1172,3069,Books,265.93,4,870.65,Card,0,4.0
1437,3273,Clothing,308.1,1,2303.85,Card,1,1.0
1616,2710,Other,113.54,5,841.1,Online,0,1.0
2074,3204,Clothing,397.81,1,961.34,Online,0,2.0
1356,4133,Clothing,254.14,4,2294.99,Cash,0,1.0
3793,1386,Clothing,477.56,2,758.68,Card,0,4.0
80,1517,Other,445.39,1,2068.93,Cash,0,1.0
3400,1521,Books,378.14,1,1594.72,Online,0,4.0
2518,3838,Other,216.84,1,1409.05,Online,0,1.0
2521,1898,Clothing,375.75,2,355.12,Card,0,5.0
3218,4651,Clothing,255.01,2,1131.04,Cash,0,3.0
4233,1177,Electronics,16.46,3,121.83,Cash,0,5.0
3570,3019,Other,158.9,4,2144.58,Card,0,3.0
851,1705,Books,382.56,2,1710.98,Card,0,2.0
3520,2436,Clothing,495.28,3,1953.65,Online,0,5.0
1209,3744,Food,422.86,2,954.21,Card,0,
3442,2312,Clothing,84.93,4,995.07,Cash,0,1.0
4349,3317,Books,138.23,3,2315.34,Card,1,1.0
90,2752,Food,126.26,3,918.4,Online,0,
2227,1775,Food,122.1,1,1003.8,Card,1,
1214,3888,Other,197.21,4,1587.89,Cash,1,
4894,2926,Clothing,246.47,3,2211.1,Card,0,1.0
1361,3088,Food,238.41,1,1581.36,Cash,0,
332,1067,Other,76.34,5,766.23,Online,0,2.0
2493,1699,Clothing,284.83,3,1054.71,Cash,0,1.0
1751,1542,Other,332.22,5,20.59,Cash,0,1.0
4018,3201,Clothing,67.46,3,26.8,Online,0,5.0
2455,2968,Books,205.03,4,1012.95,Online,0,1.0
1831,2444,Electronics,308.97,1,1706.29,Online,0,1.0
1095,4735,Books,96.14,4,825.63,Online,0,2.0
1110,1368,Electronics,441.13,2,134.14,Card,0,4.0
947,4267,Clothing,172.26,4,462.09,Cash,0,3.0
3648,3015,Books,445.95,2,2185.27,Online,0,3.0
1884,2712,Other,243.77,3,427.97,Card,0,1.0
3787,3668,Electronics,231.2,5,1422.12,Cash,0,3.0
4699,2193,Clothing,308.93,2,415.16,Cash,0,1.0
345,4257,Books,478.18,3,787.14,Cash,0,1.0
863,2252,Food,236.31,3,610.33,Online,0,
3028,4724,Clothing,408.97,5,190.7,Online,0,1.0
4469,2134,Clothing,359.63,3,941.52,Cash,0,3.0
2631,4294,Electronics,266.77,2,783.95,Cash,0,1.0
3915,4086,Food,53.21,2,417.59,Card,0,2.0
3533,1830,Electronics,108.86,3,649.27,Online,0,4.0
4966,1900,Books,308.05,2,1625.85,Card,0,4.0
4807,1648,Clothing,374.54,3,1716.32,Online,0,4.0
1097,4268,Clothing,368.27,3,99.57,Cash,0,2.0
199,1393,Books,384.37,5,1628.25,Card,0,5.0
4569,3293,Food,342.1,3,1603.23,Online,0,3.0
416,4220,Food,399.51,4,2416.32,Card,0,
1543,1683,Electronics,479.2,5,2484.37,Online,0,1.0
1153,3212,Food,226.35,2,335.34,Cash,0,
3116,4982,Clothing,326.1,5,2222.56,Card,0,1.0
3938,1801,Other,272.69,3,1676.38,Card,0,1.0
1878,3150,Books,318.72,5,1420.21,Cash,0,2.0
1311,1239,Food,278.17,4,816.02,Online,0,
3329,3197,Books,317.98,1,1883.06,Card,0,1.0
3455,4704,Food,443.47,2,639.21,Card,0,3.0
4194,2071,Clothing,333.0,1,1627.6,Card,0,2.0
3267,4845,Other,366.65,4,1364.53,Cash,0,5.0
1826,4711,Electronics,113.71,2,1648.87,Card,0,5.0
2605,4371,Electronics,260.03,4,2293.53,Online,1,5.0
2648,2912,Food,182.14,3,1492.42,Online,0,1.0
3036,3200,Other,354.83,5,1776.44,Online,0,1.0
323,3828,Books,197.27,4,2050.87,Cash,0,1.0
4647,2457,Books,425.97,1,1820.02,Online,0,3.0
4336,1405,Electronics,108.46,2,1162.28,Card,0,1.0
2839,2975,Food,480.89,1,766.47,Card,0,3.0
1342,3038,Other,437.39,4,2094.48,Card,0,4.0
916,2051,Other,276.43,3,1517.73,Card,0,5.0
2251,3387,Clothing,277.49,3,1326.79,Cash,0,2.0
2928,3165,Clothing,53.76,3,2433.14,Online,0,5.0
1838,3581,Electronics,462.98,1,1702.66,Online,0,5.0
2361,2548,Clothing,383.39,4,1011.77,Cash,0,2.0
2301,4179,Books,250.12,2,913.26,Card,0,3.0
2403,4987,Electronics,143.88,3,285.1,Online,1,4.0
2621,1761,Food,435.38,1,1781.98,Card,0,
97,2848,Food,174.01,2,2495.6,Cash,0,
3612,2330,Food,145.62,3,2033.78,Card,0,3.0
4769,1624,Other,7.2,3,870.84,Online,0,5.0
3795,3169,Other,418.82,4,1503.65,Card,0,2.0
562,2545,Other,194.83,4,693.85,Card,0,4.0
4846,2954,Books,419.68,4,1189.0,Card,0,4.0
3485,3721,Clothing,63.72,2,1130.8,Card,0,1.0
1384,3428,Clothing,114.8,1,2231.69,Cash,1,
3829,4394,Books,227.05,5,253.75,Online,0,2.0
4346,4167,Food,137.54,1,2162.74,Online,1,3.0
3507,1957,Books,218.52,4,765.16,Cash,1,
4472,4485,Books,422.07,2,1025.37,Card,0,2.0
3372,2461,Other,452.37,2,847.57,Online,0,1.0
4340,4775,Books,141.13,3,1854.37,Card,0,3.0
2242,4860,Food,210.53,3,364.66,Cash,1,
4022,3937,Clothing,466.26,4,1537.85,Cash,0,5.0
355,2969,Clothing,257.43,5,1783.84,Card,0,3.0
1557,1766,Clothing,417.22,3,329.14,Card,0,1.0
3817,3426,Books,169.09,2,2039.09,Card,0,5.0
2243,3340,Clothing,429.49,3,1410.13,Card,0,5.0
4440,1109,Clothing,233.08,1,986.16,Cash,0,5.0
2727,2464,Electronics,113.61,3,1633.08,Card,0,2.0
936,1022,Food,365.21,3,2212.75,Online,0,3.0
4830,2880,Other,57.03,3,1896.88,Card,1,5.0
4601,3988,Other,369.15,4,2260.53,Card,0,5.0
2999,1343,Other,287.95,5,1602.91,Card,0,5.0
2305,3281,Electronics,345.84,2,2301.41,Online,0,4.0
3970,2637,Clothing,243.05,3,1673.69,Online,0,3.0
996,3470,Clothing,167.93,5,1370.13,Card,0,1.0
1675,2016,Clothing,84.82,1,24.23,Cash,0,5.0
1863,4417,Other,466.56,2,1116.7,Cash,1,
3572,1588,Food,388.06,5,919.0,Online,0,
4773,2112,Other,305.46,4,1168.89,Card,0,3.0
4354,3412,Electronics,425.72,5,1281.4,Online,0,4.0
3967,2659,Electronics,337.61,3,1685.11,Cash,0,4.0
4776,3779,Electronics,26.03,4,2253.07,Online,0,1.0
1807,4834,Clothing,216.73,4,1147.3,Cash,0,4.0
560,1618,Electronics,115.15,4,789.83,Card,0,4.0
528,4309,Books,371.43,2,2007.47,Card,0,4.0
2410,1091,Clothing,137.56,5,825.2,Card,1,4.0
4983,2109,Other,34.82,3,536.09,Card,0,2.0
3853,2920,Clothing,158.67,4,543.07,Cash,1,2.0
1458,2654,Books,305.39,1,1068.66,Online,0,1.0
3417,2416,Electronics,158.81,5,130.64,Online,0,1.0
188,2029,Clothing,391.13,4,478.2,Online,1,3.0
3602,4902,Food,42.05,5,1317.92,Online,0,3.0
2409,1532,Books,32.83,4,1477.75,Online,0,5.0
3785,2046,Clothing,138.41,2,552.61,Card,0,4.0
4039,1179,Books,371.93,4,1932.76,Cash,0,2.0
974,2899,Clothing,454.26,5,2274.7,Cash,0,2.0
3316,3264,Clothing,264.42,1,1280.84,Online,0,4.0
4919,1068,Clothing,51.75,2,802.79,Cash,0,1.0
173,2026,Books,317.21,3,2079.2,Online,0,5.0
2456,1973,Books,262.6,4,1289.6,Online,0,3.0
2189,2912,Electronics,59.46,2,238.72,Card,0,5.0
837,1186,Clothing,135.96,5,1832.74,Card,0,5.0
4037,1339,Electronics,156.33,4,1735.8,Cash,0,1.0
8,4289,Food,66.63,2,472.85,Cash,0,1.0
2583,1721,Food,193.84,2,850.6,Cash,0,5.0
702,3951,Clothing,99.14,1,704.71,Cash,0,5.0
3928,2442,Electronics,140.48,5,2120.64,Online,0,5.0
934,1740,Electronics,488.81,5,486.34,Online,0,1.0
3145,4576,Books,306.84,5,1211.18,Online,0,3.0
1080,4655,Food,148.52,3,2382.93,Card,0,
2632,1416,Clothing,351.7,3,1798.04,Card,0,1.0
780,4150,Clothing,398.03,1,2215.6,Card,0,1.0
4179,1062,Food,44.63,4,12.45,Cash,0,1.0
786,1350,Other,357.33,5,1643.69,Card,0,4.0
921,2054,Books,157.68,3,208.45,Card,0,1.0
3566,3857,Clothing,345.39,3,2089.32,Card,0,2.0
4228,2415,Clothing,285.62,5,346.7,Online,0,5.0
1006,3522,Food,401.24,1,442.45,Online,0,
704,3475,Electronics,279.37,3,132.68,Cash,0,3.0
2458,2245,Electronics,294.88,1,1383.95,Card,0,2.0
3846,2309,Electronics,491.19,5,965.03,Card,0,2.0
208,2729,Food,93.9,5,533.1,Online,0,4.0
1902,4200,Food,55.13,5,1662.96,Online,0,1.0
2871,3111,Books,26.11,3,2012.66,Cash,0,3.0
4235,3912,Clothing,499.03,2,1037.69,Online,0,3.0
153,2184,Other,308.6,5,979.58,Card,0,4.0
1767,2399,Food,191.0,1,1124.69,Card,0,4.0
3778,2287,Electronics,352.49,2,80.23,Cash,0,1.0
22,4527,Clothing,54.88,3,2171.16,Cash,0,4.0
4184,2804,Electronics,181.68,4,1302.61,Online,0,5.0
438,2388,Electronics,215.09,4,236.31,Card,0,4.0
666,1418,Clothing,234.67,3,2023.56,Cash,0,1.0
635,3103,Food,18.71,5,2445.74,Cash,0,1.0
3191,2733,Food,30.1,5,1697.33,Cash,0,4.0
254,3935,Electronics,306.48,5,753.36,Card,0,4.0
384,2351,Clothing,198.16,3,1630.54,Online,0,1.0
447,4796,Electronics,160.35,2,2361.55,,0,1.0
3210,2688,Clothing,482.57,1,2304.41,Online,0,1.0
1014,1758,Clothing,150.3,3,881.22,Online,0,4.0
2923,2871,Other,122.78,5,430.41,Cash,0,2.0
4639,2629,Books,230.36,3,1172.03,Card,0,5.0
3420,3476,Electronics,455.67,5,1973.63,Card,0,5.0
523,2172,Electronics,171.84,1,1165.2,Card,0,5.0
3985,1327,Clothing,271.97,4,2292.75,Cash,0,1.0
4321,1816,Electronics,72.63,2,2296.71,Cash,0,1.0
3808,4740,Clothing,412.57,4,2322.37,Card,0,2.0
4410,2850,Other,68.13,2,1347.46,Online,0,3.0
4304,2302,Clothing,452.21,1,970.14,Cash,0,4.0
3464,1098,Electronics,109.53,5,2017.96,Card,0,2.0
3397,1864,Clothing,190.24,3,2362.9,Card,0,1.0
2405,3846,Clothing,234.16,1,1196.32,Cash,1,
640,2895,Other,101.23,1,2283.77,Online,0,5.0
2122,1780,Food,378.79,4,1156.94,Cash,1,
4300,3099,Clothing,392.96,1,1136.64,Cash,0,5.0
4787,4384,Food,232.05,1,467.48,Cash,0,
1558,3475,Electronics,275.31,5,793.88,Online,0,5.0
3047,3202,Books,436.32,5,1820.53,Card,0,1.0
2348,2338,Electronics,350.56,5,1132.21,Card,0,3.0
457,1676,Clothing,218.58,4,2067.08,Online,0,1.0
85,1857,Electronics,351.58,5,1261.22,Cash,1,
2856,4565,Food,166.6,2,2249.01,Cash,0,
2608,2231,Books,471.73,1,1258.19,Card,0,4.0
189,2133,Other,142.32,2,1793.82,Online,0,3.0
4501,4572,Books,374.4,5,1610.38,Cash,0,1.0
2464,1088,Other,494.38,3,1472.02,Card,0,1.0
4470,4038,Food,172.92,5,888.85,Card,0,
2217,1052,Food,95.8,3,1517.82,Card,0,2.0
4115,3962,Clothing,402.4,3,1031.81,Card,0,3.0
1312,4343,Clothing,42.17,2,2389.75,Online,0,3.0
1670,2408,Food,393.72,3,175.49,Card,0,
2315,4436,Books,408.44,2,2033.51,Card,0,2.0
1462,1241,Books,492.8,3,444.89,Card,0,3.0
3813,4210,Electronics,19.04,2,2393.45,Online,1,5.0
2914,1334,Food,460.88,3,1745.87,Cash,1,
4360,2346,Electronics,198.41,2,37.59,Online,0,1.0
4268,3004,Other,165.23,5,1134.35,Online,0,5.0
4178,2304,Food,331.79,3,259.6,Cash,0,2.0
4496,3119,Electronics,314.54,3,1437.74,Card,0,4.0
1534,2888,Clothing,395.79,4,5.81,Online,0,1.0
4506,3854,Clothing,206.8,2,198.51,Online,0,3.0
792,3370,Electronics,14.6,1,1748.07,Card,0,1.0
4286,1548,Electronics,439.45,4,1196.56,Card,0,3.0
2116,4286,Clothing,473.95,2,1003.81,Online,1,
511,4221,Clothing,369.48,4,407.19,Online,0,5.0
4730,3919,Clothing,254.9,2,285.71,Online,0,4.0
3278,4666,Electronics,243.89,1,1456.06,Card,0,4.0
883,1572,Clothing,26.26,2,273.08,Online,0,4.0
1957,3127,Other,316.36,1,1220.55,Online,0,4.0
4503,2108,Electronics,29.17,5,862.57,Cash,0,5.0
96,1365,Food,381.9,2,785.93,Online,0,5.0
1602,2601,Food,378.66,1,2410.25,Card,0,
2728,1822,Food,169.93,3,1781.36,Cash,0,4.0
4442,4615,Books,447.34,3,237.56,Card,0,1.0
3019,4294,Other,136.11,3,670.97,Online,0,3.0
1319,3015,Clothing,185.0,4,1609.01,Cash,0,1.0
2177,1205,Electronics,434.7,3,1996.38,Card,0,1.0
4372,3581,Books,156.94,3,1300.91,Online,0,2.0
3951,2343,Electronics,303.67,3,397.97,Online,0,3.0
4551,4176,Food,477.49,5,1497.61,Card,0,5.0
1779,4203,Food,362.8,4,1301.46,Cash,0,4.0
4056,2101,Electronics,219.39,1,602.35,Card,0,4.0
2946,4712,Electronics,285.83,3,610.77,Card,0,1.0
4631,4662,Electronics,344.6,4,750.69,Cash,0,5.0
2851,1466,Books,292.85,3,889.5,Card,0,5.0
2202,2058,Food,192.17,4,2481.88,Cash,0,
2661,3369,Clothing,89.63,1,1519.21,Online,0,5.0
610,1784,Other,233.23,5,1863.59,Online,0,4.0
4750,2115,Electronics,378.62,1,845.65,Cash,0,3.0
3430,2196,Food,140.67,4,1623.9,Card,0,4.0
1357,2366,Electronics,498.08,4,1468.34,Online,0,3.0
1221,4549,Clothing,261.62,5,360.44,Cash,0,4.0
1609,4857,Clothing,437.08,5,1011.43,Online,0,4.0
3814,4081,Electronics,127.55,3,1357.4,Online,0,3.0
3949,1026,Books,285.55,5,1073.62,Cash,1,1.0
3914,1397,Clothing,266.82,5,1740.35,Online,0,4.0
3554,3192,Books,184.51,3,538.46,Cash,0,3.0
4002,4598,Other,355.54,3,1600.61,Online,0,4.0
1148,2966,Food,234.53,2,2185.64,Card,0,
4726,4484,Electronics,360.27,3,2427.87,Cash,0,5.0
2863,2276,Books,489.99,2,849.89,Card,0,4.0
588,2079,Food,240.69,2,870.94,Cash,0,
481,3500,Clothing,296.5,5,61.41,Card,0,2.0
4986,2663,Other,380.93,5,637.55,Online,0,5.0
1034,2617,Clothing,199.49,5,21.16,Online,0,4.0
4987,4941,Food,15.78,5,834.09,Online,0,
4658,3059,Clothing,494.25,3,1594.56,Card,0,1.0
2616,4419,Electronics,417.41,5,225.67,Online,0,2.0
3247,3173,Clothing,446.43,1,591.42,Cash,0,1.0
4714,3268,Clothing,146.7,1,1760.21,Online,0,1.0
2638,3564,Other,208.34,2,2129.88,Card,0,3.0
4097,4953,Clothing,353.77,5,162.43,Card,0,2.0
3270,4425,Books,479.52,1,2000.39,Card,0,2.0
76,3939,Other,495.07,1,2189.44,Card,0,4.0
2098,3107,Clothing,316.62,2,2200.27,Card,0,4.0
3834,2059,Other,300.57,5,275.51,Card,1,2.0
484,1959,Other,262.09,3,1504.93,Online,1,3.0
4272,3378,Electronics,327.39,5,1340.57,Card,0,5.0
2014,2865,Books,349.69,1,745.05,Card,0,3.0
2561,3414,Food,290.19,2,2412.64,Online,0,
1382,1959,Clothing,380.25,2,1222.92,Cash,0,5.0
4081,4560,Clothing,312.46,3,666.99,Card,0,4.0
4548,2671,Clothing,172.02,3,719.19,Card,1,3.0
4683,4164,Electronics,437.8,1,1751.23,Card,1,
3436,4232,Other,312.69,5,1649.53,Online,0,3.0
3252,4018,Electronics,32.26,1,1770.62,Cash,0,3.0
3236,1571,Clothing,14.98,4,540.14,Card,0,3.0
2904,3406,Electronics,305.26,3,723.63,Cash,0,1.0
4624,2218,Other,83.82,2,2257.97,Card,1,2.0
1453,2315,Food,134.33,3,1966.3,Cash,0,
2448,4005,Other,97.19,4,1678.33,Card,0,3.0
1850,2662,Electronics,469.16,5,709.01,Card,0,4.0
74,4122,Clothing,165.87,3,506.81,Card,0,3.0
1273,3448,Other,492.96,1,530.01,Card,0,1.0
3525,1417,Clothing,307.22,4,997.5,Online,0,2.0
4801,3012,Food,495.55,2,938.52,Card,0,
3199,3847,Clothing,342.55,3,1583.79,Online,0,3.0
3865,1396,Books,292.11,1,2055.89,Cash,0,1.0
703,1231,Food,37.02,1,400.05,Card,0,1.0
1536,1368,Clothing,405.31,4,2011.14,Cash,0,5.0
4255,1308,Clothing,96.42,4,2116.5,Card,0,1.0
833,3750,Clothing,293.05,3,1870.79,Online,0,1.0
2556,2534,Electronics,440.75,5,2043.47,Cash,0,5.0
2841,2665,Food,79.35,2,787.58,Card,0,
1927,3577,Books,205.61,4,1518.43,Card,0,4.0
1626,1897,Other,415.09,2,627.3,Card,1,
2689,1267,Food,485.28,4,513.48,Card,0,
2880,2202,Electronics,167.02,1,539.82,Card,0,1.0
3376,2370,Clothing,308.22,4,1800.57,Card,0,1.0
2313,2139,Electronics,432.07,1,1227.37,Online,0,5.0
687,3041,Electronics,453.29,2,1989.49,Card,0,1.0
3302,1487,Clothing,493.94,4,1567.29,Online,0,4.0
3920,3197,Clothing,330.21,5,1309.17,Cash,0,2.0
2307,2780,Other,44.75,2,2011.74,Online,0,1.0
4708,3850,Electronics,95.71,4,316.53,Card,0,1.0
2933,4206,Electronics,310.98,1,1452.57,Cash,0,1.0
2170,2316,Food,348.13,5,36.68,Card,0,
3862,4833,Electronics,92.19,3,596.93,Card,0,5.0
1703,2779,Clothing,11.21,5,1991.77,Card,0,1.0
691,3031,Books,64.67,3,1746.68,Cash,0,4.0
3671,3036,Food,329.43,4,204.26,Card,0,
1121,3219,Other,69.67,1,2462.22,Online,0,2.0
1280,1101,Other,220.73,4,1173.96,Card,0,3.0
2834,2702,Clothing,102.0,3,93.35,Online,0,5.0
68,2056,Other,111.22,4,1077.4,Online,0,2.0
3820,1237,Clothing,133.55,1,1073.89,Card,0,2.0
3564,4986,Food,309.51,5,1743.86,Card,0,1.0
2256,3256,Electronics,468.72,1,1818.06,Online,0,2.0
4777,1998,Food,253.78,4,101.6,Card,1,2.0
3202,4355,Books,277.45,5,479.6,Online,0,2.0
3245,1776,Other,433.89,4,384.87,Cash,0,1.0
3695,1258,Clothing,98.89,5,2119.6,Online,0,1.0
3563,3523,Electronics,24.17,5,595.83,Cash,0,5.0
1413,4926,Books,22.07,2,1647.84,Online,0,1.0
3679,2151,Electronics,313.25,3,2474.57,Card,0,4.0
2062,4477,Clothing,81.79,2,927.46,Cash,0,3.0
3317,2237,Books,5.37,2,400.97,Card,0,5.0
629,1590,Food,402.1,2,1043.24,Card,0,5.0
723,2752,Other,365.83,2,464.81,Card,0,4.0
3235,2376,Other,169.32,3,337.69,Card,1,5.0
2952,1410,Electronics,183.72,4,10.46,Cash,0,3.0
135,1425,Food,480.09,3,1291.27,Card,0,1.0
3852,2565,Books,440.99,4,2069.55,Card,0,3.0
4570,4321,Clothing,122.55,3,535.58,Cash,0,2.0
4090,4932,Books,428.02,5,2265.86,Card,0,2.0
1061,2526,Books,340.08,5,726.83,Cash,0,1.0
1081,2457,Clothing,176.33,5,1230.96,Card,0,4.0
1766,1470,Food,248.32,5,1912.88,Card,1,
2380,3425,Clothing,97.46,4,1818.44,Cash,0,1.0
258,3036,Clothing,436.63,5,2019.95,Online,0,5.0
2550,1531,Electronics,163.59,3,1706.26,Cash,0,2.0
2260,3969,Clothing,17.81,1,2484.85,Card,0,1.0
1679,2580,Other,449.68,5,45.12,Online,0,1.0
1761,1125,Electronics,434.62,4,1293.62,Cash,0,5.0
909,4178,Clothing,139.03,1,567.82,Cash,0,4.0
247,3022,Books,376.63,1,1747.86,Online,0,2.0
1083,2445,Electronics,332.23,3,319.63,Online,0,5.0
561,1642,Electronics,366.19,4,539.68,Card,0,2.0
1217,4483,Clothing,245.69,2,1310.02,Card,0,2.0
1848,1648,Books,360.04,3,1197.47,Card,0,3.0
2339,4275,Food,316.07,5,1731.86,Cash,0,5.0
3857,3391,Food,123.94,1,795.65,Card,0,
2981,3374,Books,74.32,3,2331.77,Cash,0,3.0
1573,1850,Electronics,105.74,2,1827.29,Cash,0,1.0
1102,1354,Clothing,181.94,2,1236.06,Cash,0,5.0
1629,2869,Books,269.33,5,277.7,Online,0,2.0
558,2850,Books,453.95,2,1860.57,Cash,0,3.0
2252,4389,Books,310.87,5,1806.37,Online,0,4.0
4573,4375,Food,303.26,2,1631.12,Cash,0,
4249,4383,Food,320.72,3,279.18,Online,0,
968,4602,Clothing,188.25,2,2424.71,Card,0,5.0
2800,1123,Books,368.05,3,219.68,Card,0,3.0
4691,4430,Food,291.42,4,669.82,Online,0,
2320,3575,Electronics,265.89,2,1285.43,Online,1,
685,3080,Books,91.37,5,456.81,Online,0,5.0
3012,2597,Books,16.53,2,125.71,Card,0,1.0
78,4478,Food,137.29,1,1320.21,Card,0,5.0
3600,1832,Clothing,437.52,5,1281.37,Cash,0,1.0
3091,4887,Electronics,455.24,4,228.77,Online,0,1.0
2874,3108,Clothing,480.49,2,1336.86,Cash,0,1.0
1959,1767,Food,149.55,3,75.46,Cash,0,5.0
4866,4728,Electronics,284.22,4,34.23,Card,0,3.0
926,4322,Other,357.12,1,1718.76,Online,1,
6,2147,Food,145.05,3,1590.68,Online,0,1.0
4528,1951,Food,269.1,4,2409.86,Card,0,1.0
1058,1986,Clothing,492.33,2,639.73,Card,0,3.0
4923,1499,Other,459.15,4,191.63,Card,0,5.0
2982,1857,Clothing,320.5,1,2303.62,Card,0,5.0
365,4904,Other,435.3,5,1998.18,Card,0,2.0
1853,1206,Books,100.33,1,1542.24,Cash,0,2.0
3153,3833,Clothing,426.87,2,2281.32,Cash,0,5.0
3617,2011,Other,442.76,2,1254.06,Cash,0,5.0
1811,3173,Food,107.36,5,743.08,Online,0,
2517,1244,Electronics,124.41,4,2464.33,Card,0,5.0
1898,4043,Food,271.43,5,394.21,Card,0,
2831,3555,Food,371.69,3,913.09,Online,0,
2369,3387,Other,93.32,5,20.86,Online,1,3.0
2794,1008,Other,83.96,2,1791.18,Online,0,4.0
3355,3646,Electronics,14.8,5,927.11,Online,0,2.0
3574,3929,Clothing,177.54,2,1966.64,Card,0,2.0
100,3118,Food,106.48,3,35.94,Card,0,4.0
698,3740,Other,132.09,4,2028.58,Cash,0,1.0
1377,4004,Clothing,258.4,2,947.44,Online,0,5.0
2693,2321,Books,481.28,4,1902.57,Card,0,1.0
3707,1501,Clothing,44.9,1,2211.33,Online,0,2.0
2942,4452,Clothing,153.45,1,55.95,Cash,0,3.0
1997,1115,Electronics,201.73,3,19.86,Online,0,3.0
3702,4705,Clothing,191.89,5,1225.81,Online,0,5.0
4170,4034,Clothing,449.59,1,505.5,Online,0,1.0
2331,2578,Clothing,434.66,3,356.38,Cash,0,3.0
197,2997,Food,302.06,4,285.08,Card,0,1.0
1168,2177,Electronics,27.75,3,619.56,Card,0,3.0
1562,2901,Food,315.66,3,2313.99,Cash,1,4.0
487,4158,Electronics,433.52,5,221.61,Cash,0,5.0
1374,4306,Clothing,215.51,1,2208.41,Cash,0,3.0
2200,3986,Electronics,146.03,3,1303.79,Card,0,2.0
3178,1409,Food,450.07,4,2240.34,Card,0,
4008,3455,Electronics,477.63,5,1264.86,Card,0,5.0
3984,3552,Food,325.72,4,1602.81,Cash,1,
1087,1823,Other,22.7,4,925.38,Cash,0,3.0
2595,1133,Food,45.8,4,1719.78,Online,0,
2771,2339,Electronics,321.19,1,1234.5,Card,0,3.0
1669,1406,Clothing,481.62,1,1122.13,Card,0,1.0
4377,3345,Books,210.4,5,1164.25,Cash,0,5.0
3605,2857,Other,254.64,2,1703.34,Cash,0,5.0
1192,4251,Food,463.57,4,1463.25,Online,1,1.0
2449,3564,Food,30.34,1,1384.4,Online,0,
241,4097,Books,335.26,5,1640.63,Card,0,2.0
3476,1045,Food,204.85,3,600.13,Online,0,4.0
4571,4641,Clothing,163.47,5,314.58,Card,0,5.0
3070,1317,Books,203.36,3,2295.62,Online,0,1.0
4230,2209,Food,368.95,2,701.47,Card,0,4.0
2340,1228,Electronics,99.03,4,1323.67,Online,0,4.0
2025,1631,Clothing,315.91,5,1763.11,Card,0,2.0
4628,3505,Clothing,27.57,5,2402.88,Card,0,2.0
1910,2379,Clothing,268.53,3,2359.34,Card,0,5.0
802,4768,Clothing,496.24,2,2078.44,Online,0,3.0
3399,1059,Clothing,201.86,1,1974.99,Card,0,5.0
1188,3008,Books,115.0,5,2107.76,Online,0,2.0
4241,4538,Other,231.39,5,1447.05,Card,0,4.0
359,2218,Food,481.37,1,1986.04,Card,0,
4404,3499,Other,420.34,3,773.09,Card,0,2.0
949,4758,Food,272.46,4,2128.51,Cash,1,
1263,3479,Electronics,384.04,3,38.67,Card,0,1.0
2934,4274,Other,249.59,4,1333.95,Online,0,2.0
404,1251,Other,189.47,5,1644.96,Cash,0,1.0
2185,2634,Books,216.31,2,1864.16,Cash,1,
2996,4762,Electronics,261.44,4,2176.68,Online,0,5.0
568,3191,Other,411.6,3,1066.0,Cash,0,2.0
3710,1892,Other,477.01,4,1177.26,Card,0,5.0
2828,2585,Clothing,55.09,1,844.99,Cash,1,
1050,4823,Food,94.33,1,679.93,Online,0,
3965,1221,Other,57.38,4,474.87,Card,0,4.0
1590,4487,Electronics,418.82,5,196.46,Online,0,3.0
1936,2772,Other,263.68,3,345.78,Cash,1,3.0
1668,4850,Clothing,438.34,3,1664.63,Online,0,3.0
3244,1725,Electronics,355.98,3,174.0,Online,0,5.0
830,3199,Electronics,316.24,2,529.04,Online,0,4.0
2590,1580,Food,490.04,2,1325.36,Card,0,
1205,1065,Other,37.81,1,513.8,Card,0,2.0
4352,4438,Clothing,364.44,5,2396.81,Online,0,3.0
2114,4190,Clothing,188.25,4,471.13,Card,0,3.0
1804,1331,Clothing,113.8,1,2067.82,Card,0,2.0
4240,2282,Clothing,154.98,1,1771.52,Cash,0,2.0
2072,3702,Clothing,260.42,2,867.91,Cash,0,1.0
1995,3461,Books,310.26,3,1243.77,Cash,0,4.0
4960,3680,Other,106.55,4,1546.86,Card,0,1.0
2235,1092,Clothing,205.39,1,295.26,Card,0,5.0
2397,2973,Books,296.47,2,139.5,Online,0,4.0
1184,4712,Books,215.46,5,1360.92,Card,0,2.0
3516,3984,Books,107.05,4,1421.06,Card,1,
575,4463,Books,210.73,2,1433.94,Online,0,3.0
2601,3699,Clothing,85.06,2,1754.73,Card,0,1.0
2660,4613,Clothing,104.96,5,767.39,Online,1,5.0
194,3476,Clothing,100.51,2,2399.73,Card,0,1.0
1948,3067,Electronics,393.87,5,770.2,Card,0,3.0
2158,1697,Clothing,206.47,4,1088.78,Card,0,5.0
419,3244,Electronics,165.58,1,2222.51,Card,0,3.0
1137,2607,Electronics,293.41,4,2492.17,Online,0,1.0
4869,1323,Food,412.43,1,839.08,Card,0,
3730,2578,Other,269.32,2,998.63,Cash,0,1.0
4921,3956,Books,364.35,5,131.63,Cash,0,3.0
1598,1831,Food,164.07,2,2183.56,Card,0,5.0
4122,4810,Books,317.24,1,1760.59,Card,0,5.0
437,2803,Books,45.07,3,368.42,Cash,0,2.0
4256,2509,Electronics,410.21,4,2446.55,Card,0,1.0
4005,1515,Clothing,329.81,2,1968.9,Cash,0,1.0
1223,4852,Other,271.33,2,2070.89,Cash,0,1.0
230,3428,Other,454.22,2,1799.55,Cash,0,4.0
1335,4796,Clothing,328.25,3,1049.54,Cash,0,1.0
572,1203,Clothing,327.52,4,823.21,Card,0,5.0
4893,4589,Clothing,94.37,2,700.65,Card,0,1.0
1036,2058,Other,171.96,4,388.01,Card,0,2.0
720,1313,Clothing,305.88,2,1814.58,Online,0,5.0
418,2081,Other,170.35,1,430.52,Online,0,3.0
2848,4815,Other,440.58,4,527.57,Cash,1,5.0
2127,3250,Electronics,66.19,4,561.3,Card,0,5.0
533,3313,Books,110.87,2,2348.09,Online,0,3.0
4804,3874,Books,275.88,5,2071.78,Cash,0,2.0
3293,4329,Food,184.53,5,226.87,Cash,1,5.0
2197,2562,Other,307.37,3,69.2,Card,0,3.0
956,1313,Books,452.93,1,1591.34,Card,0,1.0
2347,3496,Food,156.83,1,376.97,Online,0,3.0
2319,2971,Clothing,206.84,5,1717.46,Card,1,
3284,3049,Other,166.83,3,1092.35,Online,0,5.0
75,2906,Other,498.0,1,1884.65,Card,1,4.0
1347,2012,Electronics,120.01,2,700.43,Card,0,1.0
3767,3100,Clothing,172.72,1,737.11,Card,0,2.0
3201,1529,Other,105.21,5,1224.5,Card,0,4.0
882,4785,Books,92.9,1,1170.43,Card,0,1.0
4599,4959,Other,256.42,4,2493.51,Online,0,3.0
2799,3396,Other,123.02,5,2455.22,Online,0,1.0
1605,4843,Clothing,234.72,4,1808.4,Card,0,5.0
1600,2096,Clothing,66.27,2,1301.1,Card,0,5.0
3363,3313,Food,24.08,5,839.68,Card,0,
2472,4497,Food,201.28,5,1965.97,Online,0,1.0
4460,3127,Clothing,438.03,2,590.27,Cash,0,1.0
3639,2947,Electronics,245.73,3,800.7,Online,0,5.0
2436,3976,Food,348.52,2,775.28,Card,0,4.0
4957,4965,Other,142.94,5,2485.03,Cash,1,
4825,2744,Clothing,118.53,4,450.59,Cash,0,2.0
1007,2616,Books,135.07,2,513.5,Online,0,1.0
3222,4646,Electronics,31.97,5,1164.66,Card,0,3.0
1585,4007,Electronics,279.87,1,1490.01,Online,0,5.0
2466,4002,Books,187.81,5,437.02,Cash,0,3.0
1541,1376,Food,446.03,2,1320.15,Cash,0,
2751,4982,Electronics,357.78,2,2426.87,Cash,0,3.0
4867,3680,Electronics,386.44,1,1988.89,Card,0,2.0
3750,4377,Clothing,205.92,2,1781.76,Card,1,4.0
3780,2367,Electronics,24.68,2,436.24,Card,0,3.0
1873,1102,Clothing,494.74,3,1359.93,Online,0,1.0
1817,1252,Food,56.58,5,110.33,Online,0,2.0
1078,3072,Electronics,206.5,4,684.37,Card,0,3.0
178,4745,Electronics,127.95,4,2132.78,Online,0,3.0
4838,4658,Clothing,90.0,2,1191.38,Online,1,5.0
4155,1566,Electronics,112.43,2,182.56,Card,0,5.0
4510,2334,Food,348.37,3,1739.72,Cash,0,
887,1927,Books,141.31,3,1422.18,Card,1,5.0
486,2576,Food,27.13,3,359.18,Card,0,5.0
3632,4573,Clothing,226.57,4,859.62,Online,0,2.0
2957,3884,Clothing,79.75,2,94.94,Cash,0,4.0
4237,4878,Other,183.15,1,2300.62,Cash,0,5.0
2061,4332,Food,447.84,2,664.98,Online,0,
4383,1447,Other,62.03,4,446.66,Cash,0,1.0
309,3995,Food,233.14,4,2217.2,Online,0,
3848,2609,Clothing,343.03,1,2055.11,Card,0,2.0
179,3655,Books,378.37,4,1936.88,Cash,0,1.0
3152,2096,Clothing,462.17,4,70.32,Cash,0,1.0
88,3836,Clothing,472.41,1,2048.82,Card,0,5.0
3407,3001,Clothing,403.82,3,1916.76,Online,0,2.0
4116,3456,Food,274.81,3,1378.21,Card,0,
1215,1761,Other,353.03,4,1086.2,Card,0,3.0
1194,2279,Clothing,449.43,1,1707.29,Cash,0,1.0
922,3713,Food,277.98,4,1664.87,Card,0,3.0
1691,2205,Electronics,86.66,2,1043.87,Card,0,3.0
1715,2640,Clothing,303.16,2,1522.95,Cash,0,2.0
4885,4796,Clothing,219.86,3,1778.43,Online,0,4.0
2964,1279,Other,347.19,2,830.64,Online,0,5.0
513,1513,Clothing,298.4,4,131.77,Cash,0,1.0
4537,2053,Food,127.74,2,1305.67,Card,0,1.0
2611,4112,Other,335.84,5,1866.84,Cash,0,5.0
2079,4024,Food,95.18,5,398.28,Cash,0,5.0
17,2568,Books,50.99,1,1485.92,Online,0,4.0
664,4215,Clothing,242.56,2,1681.21,Card,0,2.0
2364,4151,Food,315.97,2,812.28,Cash,0,1.0
3511,1718,Other,424.21,1,2203.35,Card,0,4.0
959,4328,Food,448.45,5,744.45,Online,0,4.0
3340,1659,Clothing,226.94,1,1336.74,Cash,0,3.0
1866,2186,Food,292.55,2,1095.2,Online,0,1.0
1941,1056,Books,308.84,3,1557.72,Cash,0,5.0
646,4314,Clothing,398.15,2,860.9,Online,0,1.0
4728,4681,Electronics,300.29,5,2428.66,Online,1,
4405,3075,Electronics,70.99,4,2394.25,Online,0,5.0
1169,1033,Clothing,186.09,5,21.58,Cash,0,4.0
2391,4522,Clothing,289.87,5,1025.77,Cash,0,3.0
4096,2831,Clothing,120.94,5,2199.73,Cash,0,4.0
87,1081,Clothing,390.1,2,351.16,Online,0,4.0
1738,2740,Clothing,378.68,2,441.06,Online,0,3.0
4101,3134,Clothing,248.99,4,394.63,Online,0,5.0
446,3072,Books,114.7,2,2171.49,Card,0,5.0
4677,3324,Electronics,295.11,1,2228.33,Online,0,2.0
2582,4829,Electronics,217.47,1,776.9,Cash,0,5.0
3303,3900,Clothing,111.24,3,1103.03,Cash,0,1.0
3132,2985,Clothing,434.45,4,739.83,Card,0,4.0
1942,3053,Food,433.74,5,2171.17,Card,0,
4385,4697,Electronics,291.62,5,1171.58,Cash,0,5.0
1846,3442,Food,213.33,3,2014.78,Card,0,
328,2270,Clothing,395.53,3,2017.26,Card,0,4.0
35,1125,Electronics,447.65,3,1470.5,Cash,1,1.0
2725,2798,Food,147.63,5,800.24,Card,0,
1999,2756,Other,156.48,4,190.66,Card,0,1.0
3414,4794,Food,35.08,1,805.82,Online,0,4.0
1833,1295,Other,76.75,4,1157.73,Online,1,2.0
220,2455,Food,288.3,1,1745.97,Card,0,4.0
1707,2598,Electronics,303.99,2,1120.98,Online,0,2.0
2703,2164,Books,281.45,4,387.7,Cash,0,5.0
4075,4286,Other,475.89,2,803.84,Cash,0,2.0
4783,4246,Clothing,333.89,2,644.64,Card,0,3.0
2546,3385,Electronics,277.28,2,1180.24,Online,0,5.0
3966,1452,Electronics,469.02,5,1928.67,Cash,0,3.0
3556,4499,Food,467.66,2,2448.15,Card,0,
3040,3587,Food,445.48,4,739.31,Cash,0,5.0
3076,2841,Electronics,400.73,4,282.25,Card,0,5.0
1956,3017,Electronics,174.91,4,771.55,Cash,0,5.0
3492,4334,Clothing,372.61,3,840.35,Cash,0,5.0
3374,2480,Food,12.18,2,132.68,Card,0,1.0
4859,4683,Electronics,282.31,2,982.96,Online,0,5.0
3827,2448,Other,419.58,4,1750.18,Card,0,1.0
1940,3301,Food,23.65,5,353.48,Card,0,3.0
3995,2467,Books,490.98,5,690.18,Cash,0,3.0
3185,2007,Food,93.87,2,2399.53,Card,0,
2501,1122,Books,492.15,3,1645.88,Online,0,2.0
133,2010,Clothing,271.44,1,2319.03,Card,0,1.0
337,1944,Clothing,498.05,1,1998.3,Card,0,4.0
1642,4594,Food,341.38,5,808.78,Cash,0,3.0
1757,2369,Food,293.46,4,1371.08,Online,0,
4314,3992,Clothing,265.07,3,2350.2,Cash,1,5.0
201,3997,Clothing,148.25,2,1184.35,Online,0,3.0
3321,3085,Food,87.21,1,899.78,Cash,0,
504,4057,Books,163.25,4,1925.88,Card,1,4.0
2125,3449,Food,207.99,1,2325.06,Card,0,
1325,1030,Electronics,193.37,5,1103.95,Card,0,4.0
2684,4289,Electronics,331.98,5,286.96,Online,1,5.0
4558,2242,Clothing,44.3,1,1155.67,Card,0,5.0
725,2816,Clothing,33.06,4,323.74,Card,0,1.0
1572,1369,Clothing,13.35,4,894.17,Online,0,1.0
4671,3490,Clothing,433.81,2,1678.8,Online,0,1.0
2073,1620,Books,358.23,5,973.87,Online,0,3.0
1353,1468,Electronics,477.91,4,899.59,Online,0,1.0
4267,1206,Food,129.75,4,2280.93,Online,0,
1546,1763,Books,307.74,3,1373.97,Card,0,3.0
2224,1640,Food,345.83,2,243.85,Cash,0,1.0
3298,1475,Food,268.36,3,2212.19,Card,0,5.0
1212,2606,Electronics,364.67,3,1926.05,Card,0,3.0
3469,1712,Clothing,26.88,5,208.09,Card,0,4.0
4398,4723,Food,43.68,2,1078.47,Card,0,2.0
4865,2708,Clothing,243.71,4,510.41,Card,1,
4741,3283,Other,416.72,5,1331.66,Online,0,4.0
912,4455,Clothing,119.37,3,1014.83,Online,0,1.0
3254,4967,Books,23.58,5,1697.2,Cash,0,1.0
3677,3690,Books,62.19,1,30.2,Card,0,5.0
3231,4462,Clothing,391.25,2,589.38,Card,0,4.0
4386,3415,Other,131.89,4,1047.38,Online,0,5.0
831,2399,Electronics,209.62,4,1187.57,Card,1,
3638,3892,Clothing,73.08,1,1501.5,Card,0,1.0
4449,3371,Clothing,174.15,1,1734.59,Cash,0,2.0
2497,2947,Electronics,30.6,5,224.24,Card,0,1.0
4486,4960,Clothing,108.25,3,2486.41,Online,0,1.0
4032,1563,Other,38.13,4,1626.54,Online,0,2.0
3451,4384,Electronics,351.63,4,1212.3,Cash,0,5.0
585,2974,Electronics,84.64,3,857.19,Cash,0,5.0
3841,4739,Electronics,230.28,2,1088.72,Card,0,1.0
3112,1839,Other,267.26,2,504.2,Cash,0,5.0
2955,4536,Clothing,361.12,3,1548.44,Card,0,1.0
4154,2914,Clothing,253.39,2,808.24,Card,1,1.0
2118,2172,Other,159.39,2,1221.95,Cash,0,4.0
761,3251,Other,117.97,4,1905.15,Card,0,2.0
2612,4705,Food,480.34,2,1389.15,Online,0,
2452,1329,Books,347.44,2,175.4,Online,0,5.0
2038,3006,Clothing,378.65,3,2110.82,Card,0,5.0
2154,3417,Other,94.77,4,1037.49,Card,0,4.0
4012,4767,Clothing,106.07,3,1569.36,Card,0,4.0
563,3426,Books,465.94,4,1912.16,Cash,0,4.0
3079,3990,Other,307.67,1,475.26,Card,0,3.0
2188,2060,Other,384.66,4,373.28,Cash,1,3.0
743,3128,Food,347.24,1,254.33,Card,0,
857,4191,Books,161.82,4,1425.89,Card,0,4.0
3229,4440,Clothing,234.81,2,2223.2,Cash,0,4.0
3926,3347,Electronics,139.53,1,2490.35,Card,1,2.0
4739,1426,Food,383.95,2,1163.78,Card,0,1.0
1734,4203,Other,150.36,5,2221.61,Card,0,3.0
3779,4562,Clothing,33.78,1,1018.95,Card,0,4.0
2065,1698,Clothing,280.84,4,2200.2,Online,0,1.0
1932,1191,Electronics,141.69,4,1594.97,Card,1,2.0
234,1046,Food,474.87,5,668.51,Online,0,4.0
2003,4076,Food,112.99,3,2053.73,Online,0,
3401,1308,Clothing,11.12,2,793.86,Card,1,3.0
4652,1978,Electronics,63.35,1,396.21,Cash,0,3.0
721,4474,Clothing,269.2,1,1626.83,Card,0,1.0
4752,4661,Other,323.03,3,2447.98,Card,0,1.0
4854,4424,Other,354.5,2,1167.3,Online,0,3.0
255,1400,Clothing,190.71,1,1990.99,Online,1,1.0
1040,3517,Other,380.48,3,1578.85,Card,0,2.0
2756,2880,Clothing,118.1,4,2222.39,Card,0,3.0
3043,1567,Food,425.98,2,2011.25,Cash,0,3.0
1463,1202,Electronics,134.6,5,1306.59,Online,0,5.0
2133,2068,Food,151.06,1,1381.07,Cash,0,1.0
2267,4969,Food,253.98,1,128.38,Cash,0,
3388,1142,Clothing,103.76,4,2072.37,Online,0,3.0
4713,4307,Books,172.84,4,126.93,Cash,0,2.0
4134,4543,Food,402.01,4,1897.13,Card,0,
1489,2411,Other,56.37,5,1743.02,Card,0,2.0
240,4186,Clothing,476.05,5,1138.6,Online,0,2.0
905,1350,Food,466.01,3,1206.07,Card,0,
2001,2151,Clothing,249.62,5,1236.76,Cash,0,3.0
4432,1672,Food,286.11,5,972.75,Card,0,
4047,3068,Other,352.02,5,2431.61,Cash,0,2.0
3585,1044,Books,126.77,4,2163.38,Cash,0,2.0
3330,4542,Food,326.44,1,1394.96,Card,1,
3981,4736,Electronics,486.3,1,2114.75,Card,0,2.0
4618,3405,Electronics,427.73,1,786.12,Online,0,2.0
4320,4572,Other,72.79,2,932.18,Online,0,3.0
4421,3443,Books,194.98,4,223.99,Online,0,2.0
3753,3209,Clothing,124.63,2,1831.8,Online,0,1.0
4799,3026,Other,264.63,4,2353.55,Cash,0,5.0
116,3348,Other,376.96,5,1370.92,Cash,0,3.0
2126,1627,Electronics,236.85,1,244.17,Card,0,5.0
3960,4847,Clothing,489.94,4,1189.77,Card,0,5.0
1479,2491,Other,207.41,2,907.0,Card,1,
3706,3319,Clothing,263.07,5,909.21,Online,0,3.0
3319,2348,Books,91.95,5,78.22,Online,0,1.0
4732,4804,Food,170.19,5,195.01,Card,0,2.0
3550,3138,Books,467.46,4,550.49,Online,0,5.0
3700,1971,Clothing,449.81,2,627.98,Online,0,1.0
4786,4700,Other,276.91,2,1075.99,Online,1,
2745,4472,Other,114.3,3,1043.7,Card,0,2.0
362,3007,Food,16.65,2,1587.96,Cash,0,5.0
2318,2131,Electronics,271.87,5,1841.77,Cash,0,2.0
3198,4306,Other,90.46,1,643.74,Online,0,2.0
2105,2952,Other,45.92,4,163.77,Cash,0,2.0
3561,2083,Clothing,19.82,4,462.49,Online,0,5.0
4808,4839,Clothing,386.86,1,579.53,Cash,0,4.0
1327,4909,Electronics,435.85,5,2107.02,Online,0,3.0
4350,2704,Books,137.23,4,1559.86,Card,0,1.0
1122,2553,Electronics,464.17,3,789.53,Card,0,5.0
1103,4305,Clothing,58.31,4,237.53,Card,0,2.0
619,2030,Electronics,469.46,2,1734.26,Card,0,1.0
2682,4769,Clothing,159.85,1,1806.17,Card,0,3.0
3662,3395,Clothing,269.73,3,922.21,Cash,0,1.0
2078,1852,Electronics,243.03,4,1213.98,Cash,0,2.0
861,2967,Food,290.19,4,613.02,Online,0,
2467,1362,Clothing,426.84,1,54.24,Card,0,3.0
1008,4706,Other,211.41,2,1958.95,Online,0,2.0
3034,2604,Food,306.05,1,768.54,Card,0,4.0
4118,3258,Clothing,475.02,3,17.0,Cash,0,4.0
417,1559,Clothing,381.52,3,13.54,Card,0,2.0
1476,4314,Clothing,109.6,4,1218.48,Cash,0,4.0
3432,3199,Food,293.56,5,197.46,Cash,0,1.0
1345,2556,Clothing,226.6,1,697.19,Card,0,1.0
3696,3114,Clothing,271.16,2,2183.78,Online,0,3.0
1952,1141,Electronics,374.62,4,606.75,Card,0,4.0
3885,2292,Books,455.97,1,744.02,Online,0,1.0
2218,2014,Food,343.97,4,2212.27,Online,0,5.0
739,1579,Other,150.37,5,2350.57,Card,0,3.0
4033,3962,Electronics,211.06,3,2028.24,Cash,0,3.0
2789,1096,Other,150.51,5,1553.35,Cash,0,2.0
2667,1128,Other,196.3,3,100.42,Cash,0,2.0
678,1919,Food,43.99,5,1281.22,Online,0,
444,4783,Clothing,94.94,5,1950.44,Cash,0,4.0
969,2381,Other,223.81,3,1569.69,Card,0,2.0
3959,1736,Clothing,9.81,5,1163.68,Cash,0,1.0
2910,1329,Food,62.66,1,269.44,Card,0,4.0
1424,3022,Clothing,80.61,4,582.11,Card,0,4.0
3253,2205,Electronics,124.45,3,1369.26,Cash,0,1.0
1370,1095,Food,39.45,2,59.89,Card,0,
4270,4130,Other,149.39,3,301.46,Cash,0,5.0
1784,1398,Food,444.82,4,425.72,Cash,0,
3491,1628,Clothing,296.07,2,1121.38,Card,0,1.0
3336,2959,Books,227.13,1,2058.34,Online,0,2.0
3952,1130,Electronics,87.6,4,1373.16,Card,0,5.0
1220,2042,Electronics,65.64,1,922.43,Online,0,2.0
2322,1055,Books,300.0,2,1644.61,Card,0,5.0
2398,2999,Clothing,218.81,1,218.6,Cash,0,1.0
2479,2194,Electronics,288.22,5,2350.77,Cash,0,1.0
1270,1741,Clothing,381.01,5,785.99,Card,0,5.0
3589,4842,Clothing,116.27,3,2155.41,Cash,0,4.0
2636,2739,Electronics,256.89,5,1515.24,Card,0,2.0
3251,4290,Books,36.6,2,1728.0,Card,0,5.0
2698,2754,Books,288.25,2,2203.81,Online,0,4.0
3947,1595,Other,347.86,2,1592.36,Online,0,5.0
4820,2191,Other,76.52,4,132.37,Online,0,2.0
165,1157,Clothing,99.04,5,1611.57,Card,0,4.0
3772,1522,Books,106.42,2,1047.48,Cash,0,4.0
4261,2598,Clothing,170.2,5,1932.93,Cash,0,2.0
3481,3663,Food,199.94,5,1788.49,Card,0,
4431,1281,Other,434.77,1,116.11,Online,0,3.0
2084,1611,Other,149.39,2,2296.96,Cash,0,1.0
4523,1340,Clothing,209.5,5,1664.38,Card,0,1.0
989,2109,Food,225.34,4,833.01,Online,0,
3466,4128,Other,115.31,2,1397.93,Cash,1,
1410,3796,Food,176.27,3,1662.17,Card,0,
1155,3428,Other,318.42,4,1568.84,Online,0,2.0
1568,3291,Clothing,496.57,1,1491.49,Online,0,3.0
3013,2947,Food,413.83,4,2301.13,Cash,0,3.0
1868,1738,Electronics,390.18,5,1216.69,Online,0,1.0
3880,2776,Electronics,327.6,4,23.22,Card,0,5.0
4190,3114,Electronics,260.23,1,1667.47,Card,0,4.0
1764,2725,Electronics,247.26,3,1067.94,Cash,0,3.0
3577,3105,Clothing,306.94,3,406.16,Online,1,2.0
3377,1485,Books,39.47,3,1266.7,Cash,0,3.0
3847,1359,Food,139.82,3,2049.62,Card,0,
1286,3950,Clothing,264.54,4,1806.32,Card,0,5.0
3203,1070,Clothing,406.8,1,1900.38,Card,0,5.0
488,4295,Clothing,433.44,3,1997.92,Card,0,1.0
1921,4089,Electronics,347.92,5,1071.52,Online,0,2.0
2129,1053,Food,459.98,2,738.78,Card,0,
827,4937,Food,221.85,3,1420.21,Card,0,
4905,2956,Food,36.58,5,109.48,Online,0,
464,2653,Food,246.06,3,2420.01,Card,0,4.0
1559,2031,Clothing,229.97,2,147.91,Card,0,2.0
1248,3077,Clothing,336.59,3,1820.41,Cash,0,2.0
4150,4602,Clothing,492.58,2,2296.9,Online,0,5.0
2571,2643,Other,213.31,5,670.05,Cash,0,1.0
3684,3903,Clothing,341.11,1,1466.72,Card,0,4.0
2164,1141,Clothing,335.3,4,1948.65,Card,0,4.0
1435,2567,Food,43.84,4,1050.59,Online,0,
1655,1427,Food,5.42,5,1453.26,Cash,1,4.0
3176,4641,Books,256.24,3,698.04,Card,0,1.0
3086,2714,Books,17.46,2,1481.41,Online,0,4.0
56,3913,Other,400.67,5,2091.3,Card,0,2.0
3396,2333,Clothing,16.91,3,781.18,Card,0,5.0
1484,2928,Electronics,286.89,1,1617.96,Online,1,1.0
4982,3726,Electronics,161.26,3,631.49,Cash,0,1.0
350,4996,Books,343.65,3,2324.89,Online,0,2.0
2365,2768,Clothing,347.47,1,1003.51,Online,0,4.0
3997,4975,Other,313.23,5,1077.43,Online,0,3.0
2132,4669,Other,380.79,5,1991.19,Card,0,1.0
3667,3466,Food,316.24,3,2005.76,Card,0,
1002,1104,Clothing,316.79,5,2148.24,Card,0,2.0
3258,2713,Other,470.25,1,1016.23,Cash,0,4.0
2754,3113,Food,211.78,5,1918.09,Card,0,
295,3094,Books,130.85,2,782.95,Card,0,1.0
3422,3093,Other,333.84,2,2280.3,Online,1,2.0
4415,3949,Books,325.99,1,598.78,Online,0,2.0
1228,1617,Electronics,104.62,1,2095.94,Cash,1,
1951,2227,Clothing,383.55,3,1883.3,Card,0,4.0
2528,3274,Clothing,212.25,2,607.44,Online,0,4.0
409,3954,Other,485.22,2,1260.49,Cash,0,4.0
4654,3726,Clothing,429.14,5,1469.43,Online,0,2.0
2036,2019,Clothing,241.11,2,625.62,Cash,0,4.0
2543,2571,Food,161.96,1,527.69,Card,0,2.0
2847,4960,Clothing,60.16,1,439.31,Cash,1,5.0
4493,1166,Books,309.33,4,2105.33,Card,0,3.0
2818,1325,Other,442.46,5,836.22,Online,0,4.0
2866,4380,Books,92.37,3,148.33,Card,0,2.0
515,3613,Books,337.53,5,619.63,Cash,0,5.0
3682,3165,Electronics,460.02,4,1903.9,Online,0,3.0
993,3279,Electronics,301.82,3,1682.56,Card,0,4.0
2293,4042,Clothing,427.1,2,1979.42,Online,0,5.0
1638,2721,Electronics,434.3,1,2159.05,Card,0,2.0
4099,4964,Clothing,24.73,1,172.66,Card,1,2.0
2770,4904,Clothing,423.46,2,1556.32,Cash,0,4.0
804,2590,Clothing,140.71,2,520.77,Online,0,1.0
1267,3434,Food,86.21,5,1536.41,Online,0,
1288,1751,Food,403.96,2,2225.75,Cash,0,1.0
2502,1749,Books,301.98,2,1808.89,Online,0,3.0
2633,4433,Electronics,476.23,4,431.9,Card,0,1.0
2821,4158,Clothing,466.24,4,2056.28,Card,0,1.0
1554,3423,Food,462.31,5,597.82,Cash,0,3.0
4796,2243,Books,390.54,2,1630.23,Online,0,3.0
4853,1304,Books,39.49,5,708.9,Card,0,3.0
2873,3172,Food,50.6,4,307.73,Cash,0,5.0
4027,4979,Electronics,427.22,1,957.65,Online,0,3.0
737,1407,Food,100.72,4,152.2,Online,0,2.0
2422,1883,Other,187.21,4,2434.08,Card,0,5.0
924,4558,Clothing,207.74,5,982.99,Online,0,4.0
1731,3415,Clothing,6.89,2,174.03,Card,0,1.0
4500,4684,Clothing,276.79,5,1833.37,Online,0,4.0
19,4407,Food,37.71,3,1398.92,Cash,0,
2787,4892,Clothing,285.52,3,760.43,Card,0,1.0
4176,3514,Food,335.54,3,2183.64,Online,0,
1765,4122,Clothing,146.72,4,1319.74,Online,0,2.0
3309,2897,Books,422.68,3,1556.65,Card,0,5.0
3287,2793,Electronics,417.3,1,2184.6,Card,1,1.0
3066,2102,Books,489.2,2,393.59,Card,0,3.0
1743,3665,Electronics,244.0,5,2235.54,Online,0,4.0
580,3200,Books,115.89,1,33.5,Card,0,1.0
3200,4457,Books,319.25,4,527.6,Online,0,2.0
3934,3551,Clothing,460.18,4,60.21,Card,0,5.0
4207,4544,Electronics,450.78,4,1535.0,Card,0,3.0
4162,2320,Food,279.48,4,464.2,Cash,0,5.0
1109,1089,Clothing,421.5,1,1801.54,Card,0,2.0
4687,2067,Other,166.73,1,1323.5,Card,0,2.0
2978,2296,Clothing,443.61,2,1738.18,Card,0,1.0
2639,2082,Other,152.0,1,437.47,Cash,0,1.0
2187,3198,Books,83.97,4,850.11,Online,0,2.0
2231,1505,Electronics,36.61,2,632.9,Online,0,5.0
584,4583,Food,445.25,2,194.13,Online,0,1.0
2977,4710,Other,77.7,1,1465.13,Cash,0,4.0
1773,2503,Clothing,434.49,4,1344.04,Online,0,2.0
4282,2202,Clothing,346.04,5,2008.06,Online,0,5.0
990,4592,Other,41.33,3,1497.72,Online,0,3.0
5000,1997,Books,264.39,2,2082.11,Card,0,4.0
3150,2788,Food,129.28,4,1175.91,Card,0,
2893,1191,Clothing,243.64,1,2472.1,Online,0,1.0
3018,2451,Food,314.17,3,2043.05,Online,0,2.0
1123,3810,Other,345.96,4,2004.06,Online,0,2.0
2645,4658,Electronics,32.82,2,1444.68,Card,0,5.0
1088,4619,Electronics,382.03,5,451.39,Card,0,3.0
2191,2497,Electronics,497.55,2,2108.53,Card,0,5.0
3498,4221,Clothing,164.86,1,571.69,Cash,0,3.0
1673,3094,Books,438.07,4,760.56,Cash,0,3.0
81,1934,Clothing,333.53,5,314.48,Card,1,4.0
4788,3418,Clothing,201.76,5,1999.61,Cash,0,4.0
4637,1402,Food,69.45,3,994.18,Card,0,
1690,4405,Clothing,374.31,2,2358.67,Cash,1,4.0
4836,1505,Food,168.12,5,1707.06,Online,0,
4535,3726,Electronics,82.51,3,1723.27,Card,0,3.0
3048,3841,Electronics,365.5,5,1346.7,Cash,0,3.0
3660,4714,Electronics,415.47,3,1925.79,Cash,0,1.0
2569,3224,Books,280.57,4,775.35,Online,0,4.0
1101,2983,Food,466.87,2,959.42,Card,0,4.0
2428,3400,Electronics,13.4,1,894.97,Card,0,1.0
4359,3979,Food,467.98,5,1850.63,Card,0,
3821,1643,Food,66.26,4,2044.29,Cash,1,2.0
1485,1385,Food,195.51,5,2224.98,Card,0,
970,4308,Electronics,345.13,1,2064.49,Online,0,5.0
4997,2133,Electronics,230.65,3,1315.82,Cash,0,2.0
2490,3295,Clothing,441.65,2,1941.27,Cash,1,
2687,3649,Electronics,79.62,2,506.02,Online,0,2.0
1756,1297,Food,446.55,1,1339.66,Cash,0,
3111,2837,Other,452.65,2,2496.13,Cash,0,1.0
3502,4262,Electronics,253.65,2,755.91,Cash,0,2.0
361,1483,Clothing,33.15,2,2474.81,Cash,0,2.0
4606,4456,Clothing,117.74,1,1803.73,Online,0,3.0
2272,3067,Clothing,64.11,4,2210.19,Cash,0,3.0
4344,1550,Other,217.52,1,2418.84,Online,0,1.0
4564,3059,Electronics,261.34,2,649.02,Cash,0,5.0
184,1888,Clothing,150.6,4,870.96,Card,1,2.0
4928,1973,Electronics,220.0,2,1083.17,Online,0,5.0
2554,1618,Other,326.19,4,242.27,Cash,0,4.0
3732,3168,Electronics,146.59,5,252.21,Online,0,5.0
4125,4224,Clothing,446.44,5,894.39,Card,0,2.0
4324,3600,Clothing,33.36,3,1776.07,Online,0,1.0
534,1082,Books,328.85,2,445.81,Online,0,3.0
1987,3875,Clothing,67.26,3,658.14,Card,0,1.0
2785,3019,Electronics,243.64,4,1206.75,Card,1,
4416,2138,Clothing,172.51,3,2231.53,Card,0,1.0
2553,1584,Other,164.1,4,2351.65,Online,0,3.0
3796,2323,Clothing,490.63,1,394.37,Online,0,2.0
1595,1778,Books,203.2,5,1114.78,Online,0,5.0
2798,1359,Food,481.56,2,214.23,Cash,0,5.0
356,3595,Books,24.04,4,1872.84,Card,0,4.0
4745,2352,Food,362.05,1,866.05,Cash,0,4.0
2700,1821,Clothing,328.85,2,593.24,Online,0,4.0
4979,1657,Other,275.65,4,2088.33,Cash,0,5.0
3835,1515,Clothing,190.71,1,2177.6,Cash,0,5.0
4481,1711,Clothing,248.76,1,1131.45,Cash,0,1.0
3064,4036,Food,160.92,2,1891.1,Online,0,
252,2543,Other,423.18,2,955.71,Online,0,5.0
2948,4510,Food,385.73,2,746.78,Card,0,
2637,3114,Other,212.15,5,597.71,Card,0,5.0
3580,3992,Other,422.6,5,805.98,Card,0,1.0
2584,2244,Clothing,169.69,1,1795.39,Card,0,1.0
1378,3585,Clothing,49.71,1,227.61,Cash,1,
386,2226,Food,326.3,2,845.97,Card,0,2.0
1302,2113,Food,63.49,1,1917.28,Card,1,2.0
1245,2917,Electronics,479.11,1,1237.02,Cash,0,2.0
3884,4543,Books,199.93,2,1593.6,Online,0,5.0
1677,1805,Books,218.36,1,367.55,Cash,0,5.0
3699,4133,Other,456.66,1,2126.71,Online,0,3.0
1150,3266,Other,179.12,1,1109.55,Card,0,3.0
4498,3546,Electronics,243.14,1,2112.83,Online,0,4.0
4693,4402,Clothing,239.37,3,1280.37,Online,0,1.0
303,2445,Clothing,422.01,1,1455.94,Online,0,2.0
3631,3162,Books,144.26,1,816.22,Card,0,3.0
3386,1915,Food,155.36,3,1630.31,Card,0,
3381,1211,Clothing,447.06,3,682.61,Online,0,2.0
4028,4048,Clothing,341.57,4,2499.23,Online,0,4.0
1701,1560,Books,124.87,3,2494.55,Online,0,1.0
779,3844,Other,478.48,2,1800.79,Card,0,5.0
846,4089,Food,126.42,4,2009.86,Online,0,
2276,2131,Clothing,411.67,2,1789.7,Card,0,5.0
1777,3898,Clothing,271.09,3,1897.54,Cash,0,5.0
2956,4464,Clothing,483.71,1,728.73,Cash,0,5.0
3654,4622,Electronics,442.2,5,99.37,Cash,0,5.0
1211,2206,Electronics,52.31,2,218.16,Card,0,2.0
1376,1718,Books,273.88,4,1032.98,Online,0,1.0
2532,4158,Electronics,189.91,1,582.07,Card,0,5.0
4981,4216,Electronics,167.84,2,782.07,Cash,1,5.0
329,1034,Clothing,80.92,1,1405.41,Online,0,5.0
540,2835,Other,183.28,1,884.34,Cash,0,2.0
1847,3324,Electronics,441.14,1,1648.25,Card,0,5.0
2962,2130,Books,495.9,5,450.4,Online,0,2.0
967,2587,Clothing,356.02,5,2490.3,Card,1,4.0
1091,4567,Electronics,351.2,5,596.46,Online,0,1.0
2192,2467,Other,41.4,1,1331.97,Card,0,2.0
15,3261,Clothing,52.21,3,1740.78,Card,0,3.0
1962,3087,Clothing,417.67,4,72.03,Cash,0,2.0
2777,1812,Electronics,292.1,1,1175.52,Cash,0,4.0
1507,4138,Electronics,295.37,1,1756.09,Online,0,1.0
4748,3884,Clothing,205.99,4,1579.83,Online,0,3.0
3761,1878,Books,281.51,4,2488.93,Card,0,4.0
1922,4827,Books,6.59,1,1491.46,Online,0,2.0
657,3965,Electronics,99.44,2,2284.66,Online,0,5.0
2306,2462,Electronics,482.7,2,2213.08,Online,0,4.0
508,3464,Books,173.85,2,1179.13,Card,0,3.0
2444,2345,Electronics,199.69,1,1514.19,Online,0,4.0
4338,3411,Books,430.28,4,1149.11,Online,0,2.0
3027,4633,Food,444.26,1,1866.75,Card,0,1.0
4626,2043,Electronics,163.08,2,424.84,Cash,1,
3362,1827,Food,190.35,500,664.84,Card,0,
805,2252,Food,322.01,3,2395.71,Cash,0,3.0
2918,4042,Electronics,452.02,2,2446.59,Card,0,2.0
4459,4824,Books,367.38,3,1197.38,Online,0,2.0
1219,3126,Clothing,262.35,2,1036.74,Online,0,3.0
4394,1830,Clothing,244.35,2,456.44,Card,1,
2900,1343,Books,19.78,2,685.28,Online,0,2.0
143,1357,Books,420.64,3,532.31,Card,1,1.0
1774,2329,Clothing,48.2,1,505.19,Online,0,1.0
4289,4929,Electronics,335.38,4,492.88,Card,0,1.0
1157,2926,Books,250.72,3,2420.41,Cash,0,3.0
3807,2765,Other,238.6,3,1911.64,Cash,0,2.0
4,4068,Other,118.61,4,1442.68,Card,0,2.0
1800,4689,Clothing,130.07,3,502.12,Card,0,1.0
2190,3823,Clothing,13.69,4,1061.87,Online,0,5.0
452,1210,Clothing,35.65,1,1641.15,Online,0,4.0
927,2386,Food,114.44,2,1857.36,Card,0,5.0
2424,1313,Clothing,443.39,1,391.67,Card,0,5.0
4014,1843,Books,352.16,5,1126.81,Online,0,5.0
3615,4977,Clothing,205.15,1,64.77,Cash,0,3.0
2939,1822,Clothing,203.45,1,1390.33,Online,0,2.0
4527,4996,Electronics,128.58,1,2301.02,Online,1,
3939,4976,Food,421.12,1,668.37,Card,0,
4103,4719,Books,256.88,5,433.32,Cash,0,3.0
4814,4385,Clothing,48.28,4,1875.59,Card,0,2.0
21,3391,Electronics,412.32,3,2219.32,Card,0,5.0
2176,1376,Food,377.02,5,2385.92,Card,0,
3945,1573,Food,335.44,5,844.94,Online,0,2.0
2625,3892,Other,89.46,2,1710.67,Online,0,5.0
3457,2532,Electronics,58.47,5,2358.59,Online,0,4.0
935,4557,Other,372.65,1,1257.74,Card,0,5.0
1094,2440,Other,383.3,3,1450.83,Cash,0,4.0
4167,1954,Electronics,456.54,4,778.47,Cash,0,5.0
3233,2644,Clothing,325.94,4,721.9,Card,0,1.0
3634,1387,Electronics,278.2,5,317.04,Cash,0,1.0
494,4516,Electronics,183.14,1,477.73,Cash,0,2.0
3594,2737,Electronics,247.11,2,155.31,Card,0,3.0
4880,3412,Other,95.09,2,107.55,Online,0,5.0
4852,1020,Electronics,56.24,3,702.85,Online,0,1.0
1236,3322,Clothing,287.61,2,1213.18,Card,0,2.0
4638,1252,Food,350.54,5,16.69,Cash,0,4.0
1988,3851,Clothing,89.6,2,539.17,Card,0,2.0
4171,3066,Clothing,315.78,2,2416.77,Card,0,3.0
343,1852,Clothing,467.56,5,109.09,Cash,0,5.0
4293,4263,Food,226.54,5,951.83,Cash,0,
2211,4660,Clothing,127.84,1,349.58,Online,0,3.0
103,2349,Food,389.89,3,944.06,Online,0,4.0
331,4540,Books,294.76,3,806.56,Online,0,3.0
1251,1768,Electronics,15.16,1,211.28,Cash,0,4.0
3536,3782,Electronics,31.38,5,1712.22,Card,0,2.0
459,2413,Books,86.79,1,1916.48,Card,0,5.0
2940,3044,Clothing,214.29,4,845.03,Card,0,2.0
841,1672,Electronics,249.05,1,2006.16,Cash,0,3.0
3742,4462,Food,147.19,5,1856.63,Card,0,
3568,3680,Other,23.42,5,717.39,Cash,1,
4048,2616,Food,366.37,4,1614.56,Cash,0,
821,3016,Electronics,268.6,5,2206.64,Card,0,2.0
1908,1241,Clothing,355.34,4,1371.55,Cash,0,2.0
3877,4739,Other,194.68,2,108.31,Card,0,5.0
1047,3857,Books,359.74,3,1149.87,Online,0,3.0
1924,4395,Electronics,279.64,5,2466.76,Card,0,4.0
4462,3472,Electronics,407.12,5,620.63,Cash,0,4.0
1787,3108,Clothing,69.73,2,2338.54,Card,0,3.0
2350,4396,Food,37.73,4,2363.41,Card,1,5.0
903,3757,Electronics,85.57,2,1193.95,Card,0,2.0
14,4142,Clothing,14.99,2,611.37,Online,1,
348,4058,Electronics,350.0,1,770.38,Card,0,2.0
2379,3182,Other,468.16,5,2246.14,Card,0,5.0
479,2510,Food,379.68,4,1563.47,Card,0,
3664,2282,Electronics,376.76,1,1991.34,Card,0,3.0
430,3724,Electronics,39.93,2,2063.93,Cash,1,
1160,3055,Other,443.75,1,1249.91,Cash,0,2.0
3518,4256,Electronics,422.91,5,510.92,Online,0,5.0
4044,4225,Food,60.28,2,1860.42,Online,0,
20,2194,Clothing,431.19,1,1534.61,Card,1,
3347,3542,Electronics,275.56,4,1916.17,Cash,0,5.0
2370,2144,Clothing,52.56,4,595.35,Card,0,1.0
2206,1511,Other,192.72,4,379.66,Online,0,5.0
1893,4604,Clothing,340.88,1,636.63,Card,0,3.0
1832,2926,Clothing,104.14,5,307.11,Online,0,5.0
1229,1762,Clothing,143.06,1,2304.13,Online,0,2.0
3633,2658,Electronics,162.95,3,1129.5,Cash,0,5.0
1517,2060,Clothing,402.61,2,216.11,Online,0,1.0
2220,2108,Food,376.44,3,608.92,Cash,1,1.0
1939,4565,Electronics,435.42,2,1771.3,Cash,1,2.0
1419,3847,Electronics,302.14,5,824.28,Cash,0,4.0
2209,1302,Clothing,395.23,4,2459.23,Card,0,2.0
2718,4140,Food,394.61,1,403.72,Card,0,5.0
1213,1577,Clothing,131.98,1,86.79,Card,0,4.0
4938,4491,Clothing,168.93,2,1915.5,Cash,0,4.0
4821,2518,Food,270.38,1,272.7,Cash,0,
787,2249,Electronics,97.46,2,369.25,Card,0,2.0
3505,1592,Electronics,144.17,3,2415.52,Card,0,2.0
1867,1198,Books,166.24,4,1214.52,Cash,0,1.0
4369,4911,Food,460.68,2,1299.08,Cash,0,2.0
3017,1980,Other,395.24,1,1246.26,Card,0,5.0
3055,2693,Food,315.96,3,997.79,Cash,0,2.0
788,4995,Electronics,426.2,1,173.69,Online,1,
2551,1758,Books,311.83,4,1119.62,Card,0,1.0
2596,1717,Other,473.93,5,1974.0,Cash,0,3.0
1977,2271,Clothing,59.76,2,7.55,Cash,0,3.0
4844,2474,Clothing,411.36,1,742.29,Online,0,4.0
3495,2731,Food,369.56,1,837.53,Cash,0,1.0
4238,3087,Other,267.9,2,514.03,Cash,0,5.0
3122,1596,Food,348.21,4,1286.54,Card,0,3.0
1305,4183,Other,425.4,4,259.18,Card,0,3.0
98,3413,Electronics,288.99,5,1919.48,Online,0,2.0
1603,1643,Electronics,136.17,3,1132.85,Cash,1,
3944,4295,Electronics,308.84,4,1181.81,Cash,0,4.0
855,1485,Food,436.33,1,1281.48,Online,0,5.0
2372,2463,Other,455.45,1,2387.71,Online,0,1.0
4904,2578,Food,394.39,1,2082.45,Cash,0,
806,1937,Other,220.51,5,1903.88,Cash,0,2.0
676,2404,Food,324.37,3,795.75,Card,0,
3169,2724,Books,454.87,5,1887.49,Online,0,1.0
4227,1357,Electronics,435.6,2,1590.23,Online,0,5.0
2299,1237,Clothing,252.5,3,2034.91,Card,0,2.0
2140,1271,Other,319.02,1,933.51,Card,0,4.0
730,4762,Clothing,409.91,2,2098.98,Cash,0,4.0
4899,4537,Clothing,47.85,4,1289.91,Online,0,5.0
4545,2313,Electronics,228.57,5,1647.9,Card,0,4.0
919,3678,Clothing,493.85,1,1346.36,Online,0,1.0
3223,1993,Other,282.63,4,1867.09,Cash,0,3.0
3956,4351,Books,92.35,3,1583.43,Online,0,3.0
2042,1841,Food,185.4,5,2473.9,Online,0,
3993,3508,Clothing,179.72,3,1473.09,Card,0,5.0
4436,2344,Food,429.22,4,174.68,Card,0,3.0
4283,3405,Books,206.91,1,49.73,Card,0,1.0
3394,2733,Books,357.86,5,1909.41,Online,1,
3994,4606,Food,14.96,4,2301.19,Cash,0,
717,1696,Electronics,150.68,2,316.39,Online,0,1.0
2559,1355,Books,200.72,1,653.15,Online,0,5.0
4208,4741,Electronics,461.06,1,903.54,Cash,0,1.0
1781,1523,Food,356.0,4,1771.76,Online,0,3.0
1925,2070,Clothing,133.58,4,1993.07,Card,1,
2104,2941,Other,103.94,3,1731.77,Cash,0,2.0
308,1226,Clothing,101.84,4,469.49,Card,0,4.0
3878,3032,Food,283.17,4,145.45,Card,0,3.0
2309,4904,Food,435.87,2,2219.78,Card,0,5.0
1344,3006,Books,373.82,5,2133.22,Cash,0,3.0
4483,4689,Food,275.17,5,1890.28,Card,0,
3893,2908,Books,336.37,1,2408.05,Cash,0,5.0
753,1819,Electronics,287.36,3,1255.39,Online,0,4.0
3592,4484,Books,8.7,2,1774.51,Cash,0,1.0
4195,4626,Electronics,49.86,1,73.79,Online,0,5.0
1782,1654,Clothing,180.88,4,1430.84,Card,0,5.0
1011,4890,Clothing,158.88,3,83.65,Cash,0,5.0
4281,1554,Food,479.06,1,523.09,Card,0,
4833,2635,Books,177.11,2,815.83,Online,0,5.0
235,3963,Other,110.12,1,300.69,Online,0,4.0
3958,2220,Other,448.36,1,1996.1,Online,0,4.0
2812,4086,Clothing,338.58,5,2316.74,Online,0,4.0
1151,2540,Books,334.29,1,2394.77,Cash,0,5.0
1001,4850,Electronics,475.04,3,814.01,Online,0,4.0
2534,2273,Food,490.06,1,1418.64,Card,0,3.0
3136,2804,Other,303.44,3,693.22,Online,0,1.0
3822,3377,Other,474.44,4,1039.03,Card,0,5.0
709,2094,Electronics,59.21,3,1025.84,Card,0,5.0
4129,3051,Other,37.56,1,831.21,Cash,0,1.0
975,4743,Food,154.09,1,965.89,Card,0,
59,2814,Food,251.58,4,1030.51,Online,0,
1896,3473,Food,38.45,2,1702.75,Cash,0,3.0
4530,1906,Books,117.2,4,2291.33,Online,0,1.0
4822,4483,Electronics,411.16,2,1715.59,Online,0,4.0
4747,3790,Clothing,332.25,1,1711.55,Card,0,5.0
33,4112,Electronics,195.5,2,1866.17,Online,0,5.0
853,4013,Food,261.59,4,1657.18,Online,0,
2255,3734,Clothing,190.52,5,2359.06,Online,0,5.0
11,4042,Electronics,22.39,5,2113.47,Card,0,4.0
3194,2205,Clothing,326.8,2,728.98,Online,0,2.0
44,1941,Other,477.52,4,1010.3,Online,0,2.0
439,3985,Books,32.19,5,897.3,Online,0,1.0
3786,1238,Food,327.58,5,752.63,Online,0,1.0
1958,1209,Electronics,129.28,1,1565.61,Card,0,1.0
4797,3342,Other,75.34,5,1653.56,Online,0,5.0
2278,2114,Clothing,125.27,4,764.04,Online,1,
2134,1283,Food,94.92,4,210.76,Cash,0,
215,2777,Clothing,384.05,3,1401.29,Cash,0,2.0
708,3181,Electronics,150.55,1,2443.75,Card,0,4.0
3532,1446,Electronics,341.57,4,432.56,Cash,0,4.0
3311,1927,Clothing,199.15,1,664.16,Card,0,1.0
2476,1421,Clothing,128.95,1,2310.09,Online,0,2.0
876,1027,Clothing,85.01,4,584.23,Online,0,2.0
1877,1011,Food,110.46,3,467.35,Card,0,3.0
2216,3271,Other,12.15,2,776.68,Card,0,2.0
2570,2322,Books,152.51,4,1886.73,Card,0,5.0
4623,3160,Clothing,278.47,3,477.78,Card,0,4.0
850,3505,Books,366.27,1,290.4,Online,0,5.0
1990,2965,Other,258.63,1,835.62,Cash,0,3.0
3573,1272,Clothing,352.9,3,1105.21,Card,1,4.0
760,1837,Other,267.32,2,767.24,Cash,0,3.0
1801,3386,Clothing,32.3,3,2347.62,Cash,0,4.0
1775,1437,Clothing,227.08,4,1678.92,Cash,0,4.0
43,4778,Clothing,325.6,5,1810.0,Online,0,2.0
3719,3591,Food,238.07,4,941.91,Card,0,
2809,3077,Clothing,497.18,5,1256.15,Card,0,3.0
2417,1686,Other,457.42,1,1042.93,Card,0,2.0
4345,1130,Clothing,434.76,5,730.89,Card,0,2.0
502,2348,Clothing,466.18,1,578.35,Online,0,2.0
3921,1862,Food,160.59,5,1101.64,Cash,0,4.0
3489,4289,Books,234.86,1,614.01,Cash,1,1.0
1063,3693,Other,58.97,1,1461.98,Online,0,2.0
3450,3632,Electronics,219.91,3,599.43,Card,0,1.0
789,2951,Other,331.85,1,1175.95,Cash,0,2.0
734,1359,Other,373.12,4,555.68,Cash,0,5.0
960,3686,Other,455.84,5,1271.64,Card,0,1.0
647,1785,Clothing,34.54,2,1267.37,Online,0,4.0
4929,4416,Other,230.23,2,1123.95,Online,0,4.0
4755,3661,Electronics,232.93,1,391.09,Card,0,4.0
3758,2307,Other,86.65,5,2083.47,Cash,0,5.0
388,3810,Food,7.21,1,1442.59,Online,0,
4842,3637,Books,57.54,3,146.85,Cash,0,4.0
3982,4892,Other,381.14,2,70.78,Card,0,2.0
564,2734,Clothing,111.2,3,2102.0,Cash,0,3.0
3968,1303,Food,59.97,3,1768.39,Online,0,
4186,4698,Food,94.69,4,507.66,Cash,0,
3146,2336,Food,279.66,5,93.91,Card,0,4.0
2975,3052,Food,319.88,4,522.33,Cash,0,
492,4112,Books,5.71,3,400.99,Card,1,
3368,1198,Clothing,271.47,1,2255.21,Online,0,3.0
3093,3720,Electronics,342.85,2,640.64,Card,0,2.0
2404,2460,Food,498.33,4,2276.09,Cash,0,2.0
311,1816,Food,418.87,3,1547.92,Online,0,
52,4558,Electronics,328.29,5,1600.87,Cash,0,4.0
4735,3348,Books,158.26,2,2305.84,Cash,0,3.0
4425,4257,Other,115.29,2,376.75,Online,0,3.0
2382,4812,Electronics,254.9,3,2275.41,Online,0,2.0
223,1894,Electronics,175.36,5,1380.62,Online,0,4.0
4832,1381,Other,57.29,1,314.87,Card,0,3.0
3412,1239,Electronics,292.48,5,716.66,Card,0,1.0
4740,3163,Electronics,200.63,5,1369.1,Card,0,4.0
3716,3206,Food,461.01,3,1010.23,Online,1,5.0
123,2255,Books,178.68,1,1615.82,Card,0,3.0
2567,3552,Books,385.8,3,799.71,Cash,0,5.0
4341,2989,Books,71.2,4,1627.09,Card,0,3.0
1317,1595,Clothing,285.56,5,1111.93,Online,0,4.0
1503,1234,Books,157.92,1,1015.31,Card,0,4.0
3903,2582,Clothing,352.58,1,690.95,Card,0,5.0
3246,2040,Clothing,483.98,4,1730.56,Cash,0,5.0
2051,4761,Clothing,36.05,4,1160.91,Cash,0,3.0
3845,2934,Food,282.15,2,1239.41,Online,0,1.0
4963,1065,Other,435.66,4,1072.53,Card,0,2.0
4733,2540,Food,247.58,2,1365.52,Card,0,
2433,3423,Clothing,158.9,5,1529.15,Card,0,3.0
3992,3539,Books,442.53,5,1122.18,Online,0,3.0
1412,1835,Clothing,71.75,4,1695.87,Online,0,3.0
3889,1156,Clothing,193.55,4,1197.62,Cash,0,5.0
2462,3259,Food,329.34,1,902.84,Card,0,1.0
2478,3783,Books,125.36,1,782.76,Online,0,1.0
4758,3351,Food,158.91,4,1164.79,Card,1,5.0
412,3957,Electronics,347.25,2,287.77,Cash,0,1.0
3665,3804,Electronics,439.14,3,1253.56,Card,0,2.0
3546,4694,Books,464.08,1,2444.53,Online,0,1.0
3068,4643,Electronics,313.07,4,141.15,Online,0,1.0
2147,2645,Clothing,94.5,1,1025.01,Online,0,2.0
242,4630,Books,160.74,3,1210.32,Card,0,4.0
443,3118,Electronics,141.32,2,2193.81,Cash,0,4.0
4231,2328,Electronics,178.07,2,582.0,Cash,0,2.0
4215,2494,Other,148.31,5,392.04,Online,0,4.0
3011,1524,Clothing,160.53,3,1462.7,Cash,0,5.0
4678,4755,Food,5.28,4,1801.91,Online,0,1.0
1549,3482,Other,88.17,4,1558.61,Card,0,3.0
554,1370,Clothing,88.74,2,228.57,Online,0,1.0
1929,4784,Food,18.7,1,1838.21,Online,0,5.0
3256,4739,Electronics,247.51,5,519.19,Cash,0,1.0
4629,4814,Food,252.54,1,1883.13,Cash,0,4.0
3240,4724,Food,294.9,3,1550.21,Card,0,
401,1978,Electronics,394.55,5,1223.04,Card,0,2.0
2947,4646,Electronics,441.41,4,1791.73,Cash,0,1.0
2246,2951,Books,424.55,2,1306.83,Cash,1,
1408,4487,Electronics,267.97,5,498.2,Online,0,1.0
2968,2761,Clothing,81.43,1,176.23,Card,0,1.0
1733,4388,Other,67.73,1,1482.63,Card,0,1.0
3033,1252,Books,294.18,1,125.79,Cash,0,4.0
3508,3723,Other,56.58,3,1021.37,Cash,0,1.0
3715,4942,Clothing,271.81,3,1447.46,Cash,0,3.0
2705,3572,Other,280.5,4,1242.14,Online,0,2.0
2846,4478,Electronics,89.9,1,162.61,Online,0,3.0
125,4399,Clothing,456.7,3,705.5,Card,0,5.0
158,4766,Clothing,211.34,3,1134.92,Online,1,1.0
4864,3648,Food,448.06,5,1778.51,Online,0,
1905,1553,Clothing,268.67,5,1902.71,Online,0,3.0
904,4573,Electronics,340.77,2,646.79,Cash,0,5.0
951,3020,Other,470.31,5,2020.37,Cash,0,1.0
232,1578,Electronics,491.77,5,2030.94,Card,0,5.0
3751,1916,Food,120.12,2,1328.5,Cash,0,
3156,2887,Food,109.82,1,737.49,Online,0,
57,3388,Books,61.61,2,1199.27,Cash,0,1.0
2030,2840,Clothing,58.43,3,419.0,Online,0,3.0
980,4468,Electronics,151.65,2,1749.28,Card,0,1.0
1720,2189,Electronics,357.51,1,1655.49,Online,1,5.0
2244,1260,Food,332.01,3,50.36,Online,0,
3912,3869,Other,377.8,4,2372.28,Cash,0,2.0
3197,3277,Clothing,280.51,2,1179.38,Online,0,5.0
3421,1401,Clothing,339.84,4,934.68,Card,1,4.0
1516,2587,Books,94.94,1,2111.27,Card,0,5.0
1828,4932,Clothing,338.64,1,1938.75,Online,0,1.0
2897,4003,Electronics,116.02,4,1122.57,Cash,0,3.0
34,3417,Clothing,135.19,3,2281.58,Cash,0,4.0
152,4889,Other,10.14,5,1207.48,Card,0,5.0
4577,4432,Food,347.43,4,995.68,Online,0,
4468,1794,Electronics,357.4,4,1190.33,Card,0,5.0
4557,2788,Clothing,74.5,4,953.76,Card,0,3.0
3669,2885,Clothing,312.16,2,1853.42,Card,0,5.0
1509,2063,Books,442.99,5,2161.31,Card,0,2.0
3610,4283,Clothing,325.01,1,2226.5,Card,0,1.0
39,1449,Other,444.02,2,1319.55,Online,0,4.0
885,4829,Clothing,246.57,5,2498.9,Online,1,
1786,4189,Other,63.51,5,2328.18,Online,0,2.0
3221,3240,Electronics,289.39,3,2252.78,Online,0,3.0
1427,3419,Electronics,165.58,5,2154.46,Cash,0,5.0
3486,4798,Other,327.89,5,1090.59,Card,0,3.0
433,4470,Other,172.54,2,879.26,Online,0,3.0
66,2196,Clothing,348.18,1,81.96,Online,0,2.0
2701,4975,Other,194.18,5,281.34,Online,0,1.0
4201,4302,Food,488.7,1,84.85,Card,1,4.0
4991,2044,Books,312.47,3,958.59,Card,1,
4395,1037,Clothing,194.56,5,705.02,Card,0,2.0
1792,2052,Clothing,366.0,4,1816.95,Card,0,5.0
312,2990,Clothing,171.31,1,123.29,Online,0,3.0
4526,4385,Food,331.23,3,1455.07,Card,0,
1482,3260,Other,251.79,5,996.01,Card,0,2.0
1732,2402,Books,49.53,5,1382.75,Online,0,4.0
2447,4225,Clothing,373.16,5,898.48,Card,0,1.0
1550,3729,Clothing,136.82,1,782.04,Card,0,3.0
3131,3071,Electronics,193.95,3,2268.64,Online,0,4.0
1449,1918,Books,68.72,2,1273.06,Cash,0,5.0
2803,1828,Food,346.54,3,2361.84,Card,0,4.0
3858,2253,Other,56.29,2,1343.8,Online,0,3.0
1841,4765,Food,323.6,1,1253.85,Card,0,
3805,4541,Electronics,380.83,3,2147.49,Card,0,3.0
3312,2028,Clothing,41.44,4,150000.0,Online,0,5.0
4212,2032,Clothing,291.82,2,1944.96,Online,0,5.0
4110,1607,Other,50.52,3,1237.85,Cash,0,3.0
1752,1215,Food,387.45,4,1238.39,Cash,0,2.0
1551,1724,Clothing,447.91,4,1583.78,Cash,0,1.0
2824,1262,Clothing,88.92,3,918.43,Online,0,1.0
4274,3572,Other,209.58,1,402.3,Card,0,3.0
499,1035,Clothing,107.35,2,1647.07,Cash,0,5.0
865,1984,Electronics,262.75,1,2384.59,Card,0,3.0
596,1792,Food,463.69,5,2425.8,Online,0,3.0
4560,1112,Clothing,114.57,2,2271.37,Online,0,3.0
3766,1117,Electronics,156.8,3,1918.87,Cash,0,5.0
1581,1831,Clothing,386.83,3,1700.43,Cash,1,
122,2388,Books,406.61,4,1479.87,Card,0,5.0
1425,2617,Electronics,378.19,4,991.76,Cash,0,1.0
1358,4224,Books,328.53,2,1033.72,Card,0,5.0
565,1816,Clothing,74.92,4,1750.26,Cash,0,5.0
764,2922,Clothing,482.61,2,2353.66,Online,0,5.0
3917,1461,Electronics,78.15,2,2178.83,Online,0,5.0
2607,4250,Food,60.39,4,1258.12,Card,0,
2859,4120,Other,219.62,3,2219.77,Cash,0,5.0
3295,3880,Books,370.07,3,1076.97,Online,0,5.0
1104,4057,Other,45.95,4,257.79,Online,0,1.0
1455,4271,Books,147.66,5,1370.94,Cash,0,4.0
489,1050,Clothing,299.05,2,1617.92,Online,0,5.0
4094,3030,Food,229.45,1,2027.49,Online,0,4.0
1795,4688,Other,105.18,4,1684.17,Cash,0,2.0
4715,3109,Books,181.25,5,1383.51,Card,1,
641,3164,Books,29.21,3,1162.2,Cash,0,2.0
1812,4114,Other,125.3,2,147.9,Online,0,4.0
3619,2746,Clothing,233.18,3,1878.39,Card,0,3.0
532,4386,Food,482.79,4,264.94,Card,0,
198,4756,Clothing,58.15,4,966.04,Online,0,5.0
3106,2631,Books,150.6,2,56.22,Card,1,
127,1681,Clothing,49.9,1,298.64,Card,0,1.0
807,4066,Books,430.86,1,2018.61,Cash,0,4.0
4058,4070,Electronics,11.08,2,532.04,Cash,0,4.0
1024,4572,Food,51.12,5,2091.6,Online,0,
2107,4270,Food,383.47,5,1609.07,Cash,1,
745,3297,Clothing,82.32,2,188.8,Card,0,3.0
3416,1278,Clothing,359.89,2,2205.52,Online,0,2.0
808,3995,Books,167.83,1,560.77,Online,0,2.0
1045,2372,Food,105.74,3,714.33,Card,0,
2732,3139,Clothing,332.24,5,1519.7,Online,0,1.0
325,1266,Clothing,97.79,2,1958.49,Online,0,3.0
2805,4451,Books,100.06,4,1423.81,Cash,0,3.0
4512,2730,Electronics,135.92,2,568.63,Card,1,
3286,3419,Clothing,210.38,2,2308.38,Online,0,4.0
1601,4640,Clothing,365.64,2,1764.11,Card,0,4.0
2683,4668,Clothing,12.31,1,1635.28,Online,0,1.0
3126,1548,Clothing,439.98,1,957.36,Cash,1,
249,4492,Electronics,498.31,5,942.85,Card,1,3.0
3230,2724,Books,261.5,2,819.49,Card,0,2.0
3581,4576,Food,179.04,2,936.83,Cash,0,
281,3668,Clothing,466.89,1,1975.6,Online,0,5.0
4619,1117,Electronics,396.69,5,2157.7,Cash,0,3.0
4136,3459,Clothing,264.47,2,2217.61,Card,0,3.0
3874,1260,Electronics,101.6,2,1443.51,Cash,0,4.0
4420,3959,Other,271.07,5,69.2,Card,0,1.0
4887,1008,Books,435.67,4,1330.81,Card,0,5.0
4278,3406,Food,349.63,5,1003.07,Online,0,
4133,1430,Food,296.45,5,508.56,Cash,0,2.0
1753,3517,Other,244.24,3,1568.78,Cash,0,3.0
2076,3228,Clothing,139.84,2,987.46,Cash,0,4.0
2685,1654,Other,120.06,3,1350.99,Card,0,2.0
3687,4534,Clothing,324.18,5,2177.77,Card,0,1.0
3765,1702,Clothing,56.97,5,155.64,Card,0,3.0
2270,2488,Clothing,199.78,3,1907.58,Cash,1,3.0
4829,1814,Electronics,264.85,4,2396.61,Card,0,3.0
858,3938,Clothing,441.83,4,1272.14,Cash,0,4.0
751,3870,Clothing,139.03,2,13.15,Online,0,1.0
65,4815,Books,220.51,2,2175.68,Card,0,4.0
436,2424,Food,141.78,5,1832.03,Online,0,5.0
4024,1228,Clothing,383.15,1,1043.03,Online,0,1.0
2254,4294,Clothing,38.11,1,2306.06,Card,0,4.0
203,4211,Clothing,407.92,3,492.42,Online,0,4.0
1268,3816,Other,8.54,2,2114.39,Card,0,3.0
221,1988,Clothing,228.38,5,2251.29,Card,0,5.0
727,2402,Other,13.92,2,1313.77,Card,0,4.0
1244,3206,Clothing,28.05,4,434.24,Cash,0,4.0
1617,4942,Clothing,354.87,4,1680.45,Online,0,1.0
3898,4890,Clothing,280.46,5,1165.92,Card,0,4.0
4051,1668,Other,348.44,2,1389.37,Cash,1,
4453,3024,Clothing,476.49,5,1945.73,Cash,0,5.0
1262,4256,Electronics,393.89,2,956.64,Card,0,3.0
966,2242,Books,486.83,5,318.13,Online,0,5.0
1338,1744,Food,52.96,5,473.76,Card,0,
168,4492,Books,57.17,4,868.0,Cash,0,2.0
4934,1760,Clothing,298.98,3,313.38,Online,0,1.0
4254,1029,Food,25.06,4,833.37,Cash,0,3.0
571,1863,Other,340.42,1,811.82,Online,0,2.0
3555,3499,Other,81.09,5,673.35,Card,0,3.0
1340,2904,Books,71.41,1,2171.42,Cash,0,3.0
2541,2004,Clothing,400.48,3,1711.13,Card,0,3.0
3102,2568,Books,449.26,5,1420.0,Online,1,
3899,1058,Other,179.7,3,1630.28,Card,0,2.0
1170,1496,Clothing,394.5,4,2192.57,Online,1,2.0
2312,2221,Books,24.71,4,750.79,Cash,0,5.0
1004,2481,Books,361.14,2,720.65,Card,0,5.0
292,2416,Clothing,339.87,5,1522.11,Cash,0,4.0
1684,2852,Food,10.77,3,669.5,Cash,0,2.0
4932,1659,Other,149.55,1,1539.41,Card,0,4.0
4591,2631,Books,219.91,5,909.89,Cash,0,4.0
2450,4466,Clothing,251.12,4,2044.62,Online,0,3.0
2266,4568,Food,115.68,4,2426.82,Online,0,4.0
3088,3355,Clothing,331.81,2,400.18,Card,0,1.0
1619,4836,Other,346.82,2,1403.31,Cash,0,1.0
3260,2676,Electronics,468.9,5,2223.8,Cash,0,2.0
2137,2994,Clothing,57.34,1,2026.15,Online,0,1.0
4542,1597,Electronics,7.83,4,2121.28,Cash,0,5.0
4684,3688,Other,94.92,5,1829.37,Card,0,1.0
1341,4881,Books,132.35,4,888.11,Cash,0,2.0
2406,1733,Other,18.07,3,2407.83,Cash,0,5.0
171,3624,Other,49.74,4,1719.58,Online,0,5.0
4954,4880,Books,300.72,5,2407.81,Online,0,2.0
4902,1977,Electronics,310.3,4,435.2,Online,0,5.0
2734,3383,Electronics,449.53,5,1479.52,Online,0,2.0
4467,2547,Books,267.75,2,2181.59,Cash,1,3.0
2412,2156,Clothing,60.09,5,1186.76,Online,0,2.0
367,4663,Books,313.65,1,2027.03,Card,0,3.0
2719,1222,Clothing,15.87,2,1794.49,Card,0,2.0
423,2741,Clothing,179.71,4,1349.02,Card,0,3.0
2085,2538,Books,472.84,2,2320.35,Card,0,3.0
4036,1853,Electronics,388.8,5,590.69,Card,0,1.0
1176,3710,Electronics,230.01,1,1431.8,Card,0,4.0
711,4536,Food,143.82,5,1725.96,Card,0,
3445,4172,Food,214.67,3,779.05,Card,0,5.0
2388,3050,Books,227.14,2,2318.31,Cash,0,4.0
1653,1908,Clothing,67.2,5,1888.25,Card,0,2.0
1173,2403,Clothing,6.85,4,253.56,Online,0,1.0
50,1501,Other,182.62,5,1590.15,Cash,0,2.0
852,3689,Other,122.57,5,1810.32,Online,0,4.0
374,1222,Electronics,331.19,4,821.32,Cash,0,1.0
3586,3338,Clothing,223.02,4,842.43,Cash,0,5.0
1728,2413,Clothing,384.71,4,2287.99,Card,0,2.0
1,1776,Clothing,45.96,5,2078.58,Cash,0,5.0
4137,3016,Food,139.01,4,1389.77,Online,0,
1712,2718,Electronics,149.15,2,1501.86,Card,0,1.0
4951,1794,Food,170.03,3,247.5,Online,0,
1420,3258,Books,363.3,3,172.61,Card,0,3.0
2776,4000,Food,130.83,3,1587.99,Online,0,5.0
898,1163,Clothing,266.29,1,2165.98,Cash,0,1.0
3650,3124,Electronics,125.63,4,1339.26,Cash,0,5.0
2630,2599,Electronics,161.79,1,2498.64,Online,0,4.0
2214,1657,Clothing,462.5,3,1665.7,Online,0,1.0
454,3818,Food,35.59,5,120.94,Card,0,2.0
1062,4372,Electronics,51.83,4,2420.21,Online,0,1.0
338,3954,Food,478.23,5,96.4,Cash,1,1.0
823,2656,Electronics,287.31,2,1131.08,Online,0,1.0
1537,2762,Electronics,80.65,3,1848.06,Cash,0,5.0
193,1206,Food,146.31,5,376.96,Online,0,
3932,4354,Electronics,406.74,1,1656.55,Cash,0,4.0
228,1649,Food,485.31,5,1352.04,Cash,0,1.0
364,4351,Electronics,499.84,2,2056.51,Card,0,1.0
4977,3101,Electronics,294.53,5,532.64,Online,0,5.0
3441,3816,Food,355.12,4,1993.46,Card,0,3.0
4567,3919,Food,93.13,2,200.14,Card,0,5.0
1771,3717,Electronics,345.0,4,587.39,Online,0,2.0
1076,1008,Electronics,17.24,1,733.01,Card,0,4.0
3583,4532,Clothing,19.14,5,257.89,Card,1,5.0
1762,1050,Books,217.21,5,470.85,Card,0,5.0
1666,3627,Electronics,241.86,3,857.92,Card,0,4.0
2775,1068,Other,399.06,3,2022.03,Online,0,3.0
1822,1292,Food,266.26,4,1640.46,Cash,0,
3768,4263,Clothing,385.87,3,435.95,Card,0,1.0
109,3136,Electronics,118.68,4,1882.3,Cash,0,2.0
3365,2343,Food,359.54,1,166.24,Cash,0,5.0
950,3490,Other,14.71,1,2456.42,Cash,0,3.0
1295,1318,Electronics,176.05,3,2274.41,Online,0,5.0
1897,4058,Electronics,410.47,5,2276.57,Card,0,1.0
3802,1541,Food,327.26,5,951.53,Card,0,
4411,3608,Electronics,244.49,2,1131.98,Card,0,3.0
3496,3868,Electronics,415.76,4,2033.23,Cash,0,1.0
353,2307,Food,259.93,2,219.68,Card,0,
3907,2711,Other,263.92,1,643.09,Cash,0,2.0
239,3115,Food,145.56,4,603.8,Card,0,3.0
4209,3949,Electronics,305.48,3,1368.27,Card,0,4.0
1635,2429,Books,210.22,2,1087.48,Cash,0,2.0
1292,3134,Electronics,387.76,4,1829.75,Online,0,2.0
2128,4108,Books,13.66,3,1790.32,Card,0,2.0
2077,3456,Other,386.26,2,1686.77,Online,0,4.0
4331,3594,Books,57.39,2,1615.38,Online,0,2.0
2100,1837,Clothing,50.52,4,1999.61,Card,0,4.0
1174,4219,Clothing,220.57,1,2474.35,Cash,0,3.0
4224,3579,Electronics,213.59,5,828.61,Cash,0,4.0
149,2977,Other,283.22,1,1674.7,Card,0,2.0
2426,3345,Clothing,385.09,5,1960.42,Card,0,5.0
4757,2966,Clothing,208.11,1,946.8,Cash,0,5.0
4692,3408,Clothing,86.57,3,1967.15,Online,0,5.0
2833,3215,Electronics,361.78,4,1258.31,Online,0,1.0
3579,1982,Food,433.62,4,220.86,Online,0,
1855,4734,Clothing,461.31,5,62.64,Online,1,3.0
321,2469,Food,431.05,2,1197.2,Cash,0,2.0
2819,1876,Other,341.59,5,1975.92,Cash,0,1.0
1588,1904,Other,289.29,2,2219.89,Cash,0,3.0
4202,2759,Electronics,146.11,1,1955.77,Card,0,4.0
4574,4959,Food,67.77,3,153.88,Cash,1,
2142,1916,Food,112.63,3,167.76,Card,0,4.0
2473,3891,Books,493.11,3,924.84,Cash,0,1.0
1114,4993,Electronics,322.77,1,1976.32,Card,0,4.0
1696,4112,Food,406.8,3,363.82,Online,0,2.0
2711,4287,Food,219.63,5,2125.38,Online,1,3.0
4181,3037,Clothing,470.26,1,475.39,Card,0,4.0
42,2009,Food,124.16,3,699.41,Card,1,
4999,3618,Electronics,251.49,3,234.63,Cash,0,2.0
3560,1772,Clothing,36.61,3,582.39,Cash,0,1.0
2378,4349,Clothing,182.31,1,1607.41,Card,0,1.0
2468,4442,Books,92.51,3,1059.05,Cash,0,3.0
1131,4897,Electronics,456.05,4,1880.15,Card,1,5.0
4391,3656,Food,177.59,4,1926.43,Cash,0,4.0
696,4953,Food,41.47,5,857.84,Card,0,5.0
3468,3731,Other,143.55,4,743.53,Online,1,
2288,1002,Food,335.54,1,119.28,Card,0,4.0
4656,1542,Food,87.01,4,1511.91,Online,0,
4973,1738,Clothing,487.47,1,18.07,Card,0,5.0
1723,1545,Clothing,232.67,1,1194.1,Cash,0,4.0
4337,2852,Clothing,420.18,4,2112.22,Card,0,2.0
628,1089,Clothing,469.95,5,2456.27,Card,0,1.0
1315,2742,Other,485.0,2,1364.01,Online,0,5.0
2469,1331,Clothing,23.33,3,1872.3,Online,0,5.0
1657,3967,Clothing,311.11,4,953.85,Card,0,4.0
4072,2519,Books,105.11,3,2183.35,Cash,0,4.0
2892,4337,Books,184.6,3,2062.63,Card,0,2.0
752,1978,Food,146.53,2,2313.35,Cash,0,4.0
1931,2788,Food,87.84,5,327.93,Cash,0,5.0
245,2282,Other,453.95,4,1912.52,Card,0,5.0
4339,4027,Clothing,441.81,4,843.28,Cash,0,1.0
3604,1159,Other,449.31,4,97.53,Card,0,2.0
3227,2046,Electronics,262.36,3,1730.89,Cash,0,1.0
1352,2846,Clothing,164.88,3,1870.36,Online,0,4.0
4318,1986,Other,78.16,1,1716.93,Cash,0,5.0
1663,3451,Clothing,196.58,4,430.77,Card,0,2.0
3061,4623,Books,208.12,5,2143.45,Online,0,3.0
1571,1302,Electronics,422.21,3,1419.08,Online,0,2.0
1785,3953,Clothing,138.66,1,54.73,Online,0,2.0
2004,2349,Electronics,421.78,4,132.69,Cash,0,2.0
233,3317,Clothing,408.95,3,2327.01,Online,0,4.0
2314,2666,Food,396.94,5,1907.74,Card,0,
4001,2627,Other,315.9,5,2158.26,Card,0,4.0
1530,3010,Clothing,317.59,2,1787.51,Cash,0,2.0
2055,4310,Electronics,460.86,4,2107.29,Online,0,1.0
1681,1993,Food,469.67,4,926.88,Cash,0,1.0
4328,1756,Books,382.63,5,1110.69,Card,0,5.0
1195,4245,Electronics,425.0,2,2006.92,Card,0,2.0
2924,2604,Electronics,363.28,2,2192.05,Cash,0,2.0
2199,1402,Other,59.36,1,1924.6,Online,1,
1204,3807,Clothing,179.45,2,154.24,Card,1,5.0
4515,1970,Clothing,314.11,4,950.85,Online,0,2.0
3595,1275,Electronics,139.56,1,642.93,Card,0,5.0
95,2863,Clothing,84.99,4,2289.89,Cash,0,2.0
1369,1381,Books,87.43,1,917.31,Online,1,
2675,2795,Clothing,140.7,1,1104.46,Card,0,1.0
2724,3169,Clothing,5.73,3,1505.07,Cash,0,2.0
2840,1213,Food,92.81,1,1979.24,Cash,0,
3725,1859,Electronics,125.64,5,834.11,Cash,0,5.0
632,2244,Books,27.98,3,676.65,Online,0,5.0
943,4830,Clothing,201.68,1,145.79,Cash,0,5.0
3444,1898,Books,442.13,2,666.46,Online,0,1.0
1098,4641,Books,181.74,3,854.73,Online,0,4.0
3876,3334,Clothing,433.78,2,307.78,Card,0,2.0
3731,4858,Food,185.28,2,497.16,Cash,0,1.0
4897,1803,Clothing,427.65,4,1499.38,Online,0,4.0
3895,3899,Food,174.11,2,1892.02,Card,0,4.0
1662,3000,Other,198.64,3,125.75,Online,0,3.0
987,1407,Clothing,412.87,4,51.68,Cash,0,4.0
424,4089,Books,447.87,4,1910.73,Online,0,1.0
290,1512,Food,411.42,5,1474.66,Online,0,
4898,3499,Books,468.91,2,2175.49,Online,0,3.0
2498,4861,Clothing,92.16,4,1221.68,Online,0,3.0
1297,1966,Clothing,441.02,1,1089.34,Online,0,4.0
3177,4620,Food,108.07,1,2300.9,Card,0,
4774,3924,Food,256.15,4,224.36,Online,0,5.0
2793,2076,Food,477.49,5,34.78,Online,0,1.0
3557,1241,Other,320.43,2,763.41,Card,0,3.0
379,3460,Food,24.43,4,1674.45,Cash,0,1.0
2916,3510,Food,21.21,5,1749.66,Card,0,3.0
2086,2568,Books,444.62,1,914.54,Online,0,1.0
2259,4921,Food,5.79,4,658.69,Card,0,5.0
4131,2106,Books,58.83,1,1561.43,Cash,1,
402,1432,Food,366.95,3,2212.56,Card,0,
4091,4000,Clothing,391.27,4,177.57,Cash,0,3.0
2289,4051,Electronics,190.04,2,482.09,Card,0,3.0
2544,4128,Other,181.37,1,637.68,Card,1,
347,4141,Food,378.5,2,1080.08,Card,0,
1051,1348,Books,400.64,4,1274.96,Card,0,1.0
1379,2373,Other,205.48,1,1061.68,Cash,0,3.0
3658,4470,Electronics,128.94,5,1561.51,Online,0,2.0
3046,2177,Electronics,141.75,3,2157.18,Card,0,1.0
1955,1815,Electronics,333.94,1,75.96,Online,0,2.0
4843,3837,Food,289.83,3,811.33,Online,0,5.0
1324,1349,Clothing,151.85,3,48.88,Online,0,2.0
2023,2971,Electronics,460.92,3,1820.25,Online,0,1.0
2029,1967,Food,406.26,3,1832.77,Card,0,
3257,1967,Electronics,406.4,1,547.93,Card,0,2.0
1362,2509,Electronics,96.11,1,1385.14,Cash,0,3.0
4896,1079,Electronics,298.0,2,627.71,Cash,0,2.0
2393,4839,Clothing,316.54,4,1005.04,Cash,0,5.0
3618,4529,Books,442.83,2,2085.84,Cash,0,3.0
4325,4392,Clothing,68.4,3,1430.67,Card,0,1.0
2881,3013,Clothing,268.77,4,1059.09,Online,0,1.0
4309,3066,Clothing,275.5,4,1559.31,Cash,0,4.0
4913,2188,Books,317.46,3,1433.0,Online,0,4.0
4221,4141,Food,82.55,4,1196.91,Card,0,
2973,2173,Electronics,56.21,2,2320.44,Card,0,3.0
713,4381,Food,304.53,1,701.48,Online,0,
2989,1745,Food,424.31,1,2439.36,Online,0,4.0
1531,4712,Food,90.7,1,1769.6,Card,0,5.0
1989,2397,Other,157.64,1,2046.88,Online,0,3.0
4061,4926,Clothing,198.45,1,2442.79,Online,0,1.0
1974,4427,Clothing,324.98,2,177.83,Online,0,1.0
3393,1957,Electronics,112.81,3,269.32,Card,0,5.0
1145,2574,Clothing,235.14,2,237.11,Card,0,3.0
2494,1530,Food,149.38,2,1287.35,Cash,0,
3691,3375,Food,56.18,3,1928.39,Card,0,
266,3478,Clothing,73.71,4,2363.83,Cash,0,4.0
3562,4672,Books,450.78,5,1032.58,Cash,0,5.0
1275,4674,Food,376.56,2,746.78,Card,0,
453,3588,Clothing,402.98,1,820.87,Online,0,2.0
2557,1796,Clothing,332.31,5,436.51,Cash,0,3.0
1065,1522,Books,324.27,3,693.29,Online,0,1.0
3285,4825,Food,389.55,4,1841.63,Card,0,
1471,1787,Clothing,258.51,4,995.46,Cash,0,3.0
2070,2225,Clothing,7.62,4,2315.7,Online,1,1.0
2316,3200,Other,300.65,4,861.64,Card,0,3.0
529,3587,Other,131.02,3,742.95,Card,0,1.0
3,4204,Clothing,51.95,2,801.86,Card,0,3.0
872,2726,Food,395.37,2,1172.2,Online,0,
2843,4225,Food,52.34,4,1973.02,Online,1,
890,2770,Other,395.48,3,424.03,Cash,0,5.0
2655,2817,Clothing,39.89,1,2062.93,Cash,0,3.0
3296,4009,Clothing,387.42,5,2070.9,Card,0,3.0
2482,3228,Food,341.74,4,1634.04,Online,0,3.0
3655,1233,Books,268.37,2,1044.2,Card,0,2.0
4958,2773,Other,158.44,5,936.23,Cash,0,3.0
551,1860,Electronics,325.71,3,1131.16,Cash,0,2.0
3269,2210,Clothing,484.34,4,1899.18,Cash,0,4.0
2604,2145,Food,400.08,4,1823.88,Online,1,2.0
1364,4749,Other,175.52,1,1442.01,Cash,1,
3705,1588,Clothing,474.06,3,812.88,Online,0,3.0
4823,3989,Other,14.42,1,947.37,Online,0,4.0
1511,3150,Clothing,36.12,2,2350.08,Card,0,3.0
2861,2950,Electronics,248.77,2,1629.03,Online,0,4.0
1003,3281,Clothing,184.72,2,862.23,Online,0,2.0
4669,2623,Books,7.19,3,1661.77,Cash,0,4.0
27,4362,Other,312.22,1,1579.71,Card,0,2.0
4313,4176,Electronics,112.82,5,431.53,Card,0,4.0
1113,2386,Clothing,227.98,1,2028.81,Online,0,4.0
3663,4470,Food,44.52,1,451.83,Online,1,
4491,3699,Books,313.28,4,2314.32,Online,1,
1196,1853,Clothing,353.06,4,1445.41,Online,0,4.0
4016,3046,Food,165.54,1,2254.5,Cash,0,
4392,3750,Electronics,192.84,1,1127.23,Cash,0,2.0
4306,2225,Clothing,336.69,4,1824.59,Cash,0,5.0
4961,4980,Clothing,471.12,5,669.3,Cash,0,3.0
1851,1998,Clothing,456.66,4,2445.7,Cash,0,2.0
3170,4009,Books,431.33,1,1675.38,Card,0,1.0
2226,1863,Food,115.1,2,2067.24,Card,0,2.0
4611,2382,Food,393.84,5,1768.63,Cash,0,
316,3064,Other,47.45,1,1646.09,Card,0,5.0
2180,1760,Clothing,403.09,5,405.07,Online,0,2.0
1640,4199,Clothing,442.24,3,1953.83,Card,0,5.0
1012,2296,Food,377.61,5,1168.86,Cash,0,
4643,4436,Electronics,40.17,3,2010.1,Cash,1,1.0
1299,1632,Books,426.96,5,1310.78,Card,0,5.0
1388,3977,Electronics,219.27,1,907.19,Card,0,3.0
995,3545,Clothing,89.03,5,938.06,Cash,0,5.0
4095,4172,Electronics,438.07,4,1537.18,Card,0,2.0
2138,3089,Electronics,450.15,2,1564.07,Card,0,1.0
4863,2081,Electronics,406.18,1,136.33,Cash,0,2.0
4900,2759,Books,85.22,1,927.57,Online,0,2.0
4029,2276,Electronics,51.99,4,353.64,Card,0,5.0
3745,3235,Clothing,328.25,1,1881.48,Card,0,2.0
2602,2462,Clothing,476.98,2,2357.94,Online,0,1.0
598,1079,Clothing,350.31,5,1712.2,Card,0,3.0
4488,4343,Other,9.46,3,429.17,Online,0,2.0
1495,2225,Clothing,328.37,3,240.86,Card,0,3.0
2491,1318,Clothing,102.51,4,1419.79,Card,0,1.0
2774,1448,Food,469.81,2,2493.83,Cash,0,3.0
4707,3841,Clothing,368.2,1,1146.39,Card,0,2.0
552,1018,Food,453.19,3,1480.51,Card,0,4.0
3552,1794,Electronics,24.79,4,1174.19,Cash,0,3.0
4970,2100,Clothing,409.62,5,557.67,Online,0,4.0
710,4929,Books,335.57,1,358.06,Card,0,1.0
4698,1803,Books,142.54,5,494.6,Cash,0,3.0
997,2490,Books,295.62,3,441.45,Cash,0,5.0
4236,1761,Other,477.58,5,1945.15,Card,0,2.0
3582,1386,Books,495.89,5,642.42,Card,0,4.0
2103,4069,Clothing,239.0,3,476.74,Online,0,3.0
1167,4867,Clothing,85.22,1,711.84,Card,0,2.0
1592,3459,Other,360.94,4,578.81,Online,0,3.0
186,2329,Other,488.13,4,1415.9,Cash,0,3.0
1254,4594,Food,299.81,4,254.22,Online,0,5.0
1133,1919,Clothing,409.97,2,672.01,Cash,0,4.0
1737,1571,Books,397.34,4,1409.2,Card,0,1.0
1284,4189,Clothing,112.14,2,1793.77,Cash,0,4.0
4465,1921,Clothing,94.58,1,1158.26,Card,0,4.0
1021,4965,Clothing,172.79,3,2027.81,Online,0,3.0
471,3222,Food,118.8,4,1337.02,Card,1,
682,4303,Food,340.06,2,349.46,Cash,0,3.0
4641,4005,Clothing,171.99,4,2305.39,Card,1,
3453,2597,Clothing,306.77,4,609.44,Cash,0,2.0
1222,2970,Other,431.01,1,1488.47,Online,0,2.0
765,2091,Food,95.62,5,2423.96,Card,0,1.0
110,4858,Food,48.57,2,1679.54,Online,0,3.0
1881,2713,Clothing,149.05,1,1910.77,Online,0,2.0
1030,2531,Electronics,250.34,2,328.48,Card,0,3.0
1894,3647,Books,84.92,2,2452.88,Online,0,1.0
4518,4805,Other,27.69,1,941.72,Online,0,2.0
699,2882,Electronics,461.16,5,1663.9,Cash,0,3.0
506,3518,Electronics,81.92,3,687.56,Online,0,4.0
1547,4466,Other,425.52,4,798.64,Online,0,1.0
2875,1379,Books,88.57,5,2363.51,Cash,0,3.0
4165,2365,Clothing,422.22,5,857.61,Card,0,3.0
2290,1783,Electronics,332.71,5,1088.34,Cash,0,1.0
2909,4962,Clothing,17.3,2,1131.0,Card,1,3.0
3535,4716,Food,369.88,5,2434.4,Cash,0,1.0
2695,4231,Food,123.54,2,1717.0,Card,0,2.0
832,3302,Books,94.9,3,339.84,Online,0,2.0
962,1684,Clothing,387.85,5,1804.19,Card,0,2.0
1073,1362,Clothing,201.04,2,2154.96,Online,0,3.0
602,4917,Clothing,270.66,2,871.11,Online,0,1.0
2806,1917,Clothing,381.14,2,1305.98,Cash,0,1.0
4723,1013,Books,269.7,1,229.64,Cash,0,1.0
2764,2475,Books,155.62,3,1033.86,Card,0,1.0
3354,4086,Clothing,241.74,1,887.73,Card,0,4.0
237,4952,Electronics,53.33,2,115.85,Online,0,2.0
3896,2275,Electronics,482.42,4,1699.77,Cash,1,4.0
2095,1545,Electronics,307.39,1,2276.52,Online,0,2.0
2537,4492,Electronics,315.73,2,1936.91,Cash,0,4.0
2287,3531,Clothing,273.31,3,1572.67,Cash,0,4.0
3039,3750,Books,146.33,5,48.66,Online,0,3.0
422,4778,Electronics,222.2,3,953.26,Card,0,4.0
2535,2273,Food,219.05,3,673.21,Cash,0,
4802,2186,Books,400.61,3,712.82,Card,0,2.0
2691,2092,Clothing,355.07,3,2147.04,Card,0,3.0
1710,1578,Food,150.72,4,2047.55,Cash,0,3.0
2337,1143,Books,229.83,5,345.39,Card,0,3.0
592,1930,Food,182.95,5,853.67,Card,0,
2401,4851,Clothing,140.96,1,657.43,Card,0,4.0
4265,3480,Food,456.07,4,1463.99,Cash,1,
961,1473,Other,415.03,4,161.92,Card,1,
3335,4077,Electronics,419.48,5,911.4,Card,1,5.0
1852,1085,Electronics,30.91,3,860.63,Cash,0,2.0
3174,2284,Clothing,334.95,3,1410.12,Cash,0,1.0
782,4351,Clothing,309.36,2,1234.37,Online,0,5.0
4720,3218,Books,183.74,1,1075.79,Card,0,1.0
177,3629,Other,153.8,3,2194.87,Card,0,1.0
1783,1505,Food,302.03,3,1646.01,Card,0,
1117,4248,Electronics,84.24,5,1579.93,Card,0,5.0
1615,1490,Clothing,412.08,1,1369.78,Cash,0,1.0
396,4478,Books,395.69,4,644.85,Cash,0,3.0
4657,1518,Electronics,189.73,5,2174.86,Online,0,1.0
4694,3458,Books,209.63,1,314.45,Card,1,
1234,4993,Food,278.66,2,796.57,Card,0,5.0
1622,2223,Clothing,21.24,4,1553.73,Card,0,2.0
4017,2767,Clothing,70.89,1,309.64,Online,0,3.0
3897,1266,Food,72.47,2,248.41,Online,0,
3721,2664,Books,139.66,2,1021.75,Cash,0,3.0
972,1274,Electronics,414.15,4,2426.11,Card,0,1.0
128,4718,Electronics,434.12,1,29.9,Card,0,3.0
3980,2763,Clothing,218.73,3,87.42,Card,0,3.0
1501,2616,Electronics,165.31,4,267.01,Card,0,3.0
3998,4775,Books,11.14,4,1090.65,Online,0,5.0
589,1555,Electronics,183.85,1,82.4,Cash,0,1.0
1235,3444,Food,210.93,4,1934.05,Card,0,
4311,1094,Food,462.18,2,1978.46,Online,0,5.0
819,2296,Books,256.95,5,366.08,Card,0,1.0
4374,3542,Food,188.48,3,2289.16,Cash,0,
214,3385,Electronics,446.3,5,979.04,Card,0,4.0
4277,2127,Other,370.8,3,2028.17,Cash,0,5.0
4000,1565,Electronics,228.76,2,2378.58,Card,1,
3839,4141,Electronics,160.32,3,1036.07,Cash,0,1.0
3649,2421,Clothing,202.27,5,87.52,Cash,1,
1346,4679,Books,381.08,4,1182.37,Card,0,2.0
505,3229,Books,124.87,1,1590.18,Card,0,1.0
4234,1234,Other,413.03,1,2419.81,Card,1,3.0
3344,1134,Other,316.93,2,177.92,Cash,0,1.0
3425,4071,Books,175.99,5,1001.42,Online,0,2.0
2666,1923,Clothing,205.01,1,1331.96,Cash,0,1.0
1255,3970,Food,242.55,1,1791.35,Card,0,2.0
231,3113,Other,111.79,1,2318.8,Cash,0,2.0
2941,3304,Books,307.94,1,800.24,Card,1,
5,2214,Food,325.26,3,389.52,Online,0,5.0
4886,1384,Books,398.7,3,514.63,Cash,0,3.0
1323,1653,Clothing,365.18,4,1759.92,Online,0,3.0
4387,1553,Food,174.76,1,2130.26,Online,0,2.0
4763,2415,Other,29.02,1,363.37,Card,0,3.0
3073,2414,Clothing,449.5,5,776.99,Card,0,1.0
4511,4440,Books,234.29,1,697.36,Card,0,3.0
4549,4723,Food,468.4,5,715.35,Cash,0,
2802,1198,Books,218.11,1,1053.74,Card,0,1.0
1391,4094,Clothing,196.31,2,1496.31,Cash,0,3.0
4660,1156,Clothing,356.86,1,390.15,Card,0,1.0
2228,1914,Clothing,335.55,4,2419.9,Cash,0,1.0
289,3882,Food,298.11,5,490.49,Card,0,5.0
307,1970,Clothing,250.37,2,1094.41,Online,0,1.0
790,3453,Books,8.43,1,1502.94,Cash,0,5.0
3071,3534,Other,263.63,4,1438.02,Cash,0,5.0
3823,1184,Clothing,353.82,4,2009.85,Card,0,5.0
4659,1009,Other,499.88,1,2122.42,Card,0,4.0
1502,2779,Books,102.34,5,321.88,Card,0,3.0
925,2642,Electronics,86.12,4,1283.77,Card,0,4.0
4765,1087,Clothing,423.91,5,2426.6,Cash,0,5.0
1494,1389,Clothing,384.38,3,935.73,Online,0,3.0
1870,4893,Other,371.98,4,291.77,Card,0,5.0
2822,4264,Clothing,222.66,4,996.76,Online,0,4.0
866,1342,Books,260.37,5,328.66,Cash,1,1.0
746,4109,Clothing,138.31,5,1766.88,Card,0,3.0
2101,2892,Clothing,56.91,2,2007.21,Card,0,3.0
1586,2452,Food,435.87,2,1236.94,Cash,0,
981,4145,Clothing,467.26,4,2101.0,Card,1,3.0
4065,1502,Electronics,165.55,2,1507.18,Online,0,2.0
1658,4204,Clothing,302.78,4,113.88,Cash,0,3.0
1583,1755,Clothing,215.7,2,1580.49,Online,0,5.0
4250,4009,Books,322.3,4,1656.24,Online,0,1.0
317,3351,Electronics,398.47,2,2145.5,Card,0,1.0
3264,3046,Other,409.17,3,2039.92,Online,0,4.0
612,3164,Clothing,475.36,2,1267.86,Cash,0,3.0
4924,4206,Books,474.3,4,719.09,Card,0,3.0
2617,3319,Other,379.78,2,1568.27,Card,0,1.0
3559,2054,Clothing,293.57,2,828.89,Card,0,3.0
2285,1283,Food,485.56,5,2456.05,Card,0,1.0
4649,2145,Food,300.94,4,2235.62,Cash,0,
3250,2639,Clothing,124.06,1,1869.42,Cash,0,1.0
3494,3217,Other,27.02,5,1585.34,Online,0,1.0
2092,1878,Food,451.07,3,1477.64,Card,0,5.0
478,3158,Food,135.65,4,1976.49,Online,0,
4119,4972,Clothing,474.31,5,502.89,Cash,1,
4798,2721,Food,258.89,2,693.02,Cash,0,3.0
1700,2311,Other,305.43,2,2186.36,Card,0,3.0
468,4391,Food,301.11,4,8.08,Online,0,
1390,4681,Electronics,383.31,4,638.53,Card,0,4.0
3077,3086,Clothing,299.72,5,2476.78,Online,0,2.0
4123,2547,Food,162.03,3,773.93,Online,0,
2186,2742,Food,433.54,5,1101.14,Card,0,2.0
455,2062,Clothing,57.68,1,201.23,Cash,0,5.0
1395,4219,Clothing,454.49,5,2454.86,Card,0,3.0
2005,3745,Other,82.16,2,846.31,Cash,0,4.0
3369,4127,Clothing,374.67,3,230.96,Cash,1,1.0
4612,4614,Clothing,164.03,3,695.64,Card,0,5.0
605,1070,Food,245.79,1,743.9,Card,0,
2247,3370,Clothing,341.94,3,111.91,Card,0,2.0
2311,1871,Clothing,467.79,2,1660.86,Online,0,5.0
1526,3473,Food,185.13,5,1034.38,Online,1,
4078,4053,Clothing,499.92,1,1709.51,Online,0,1.0
1577,3164,Food,206.68,2,591.12,Card,0,
2786,4192,Books,138.02,1,1702.73,Cash,0,2.0
3854,4107,Clothing,119.08,5,704.17,Online,0,1.0
2296,2389,Other,395.68,2,1918.59,Cash,0,2.0
4849,2849,Food,413.23,1,182.94,Online,0,
2166,3864,Books,22.44,4,67.73,Card,0,4.0
83,3143,Books,36.33,5,131.0,Card,0,4.0
3987,1818,Other,444.44,3,213.66,Card,0,1.0
1475,1409,Clothing,461.43,3,2031.99,Cash,1,2.0
542,3246,Electronics,116.19,3,319.41,Online,0,5.0
4418,2007,Clothing,237.22,2,36.34,Card,0,1.0
2027,4057,Other,391.5,1,361.51,Online,1,
2525,3058,Food,249.79,1,1842.08,Online,0,
4529,2133,Food,319.51,1,1172.28,Cash,0,
400,2903,Electronics,155.3,3,17.49,Cash,0,1.0
1086,4605,Clothing,198.6,4,623.88,Card,0,2.0
4681,4845,Clothing,171.42,2,1126.54,Online,0,2.0
41,2854,Electronics,221.2,4,1957.06,Cash,0,3.0
3155,4762,Clothing,418.85,2,794.44,Online,0,5.0
891,2434,Books,109.22,5,1982.26,Online,0,3.0
3448,1248,Electronics,431.58,1,929.44,Cash,0,5.0
250,2026,Electronics,165.92,2,404.48,Online,0,1.0
2832,1048,Books,157.22,1,371.25,Online,0,1.0
2917,2956,Clothing,300.22,4,326.13,Cash,0,2.0
3398,2286,Electronics,156.02,3,1057.54,Cash,0,4.0
1525,2075,Other,488.25,5,1066.96,Card,0,4.0
330,1785,Food,13.78,3,1012.63,Card,0,
3158,3087,Electronics,384.93,4,1462.9,Cash,0,2.0
4152,2987,Food,335.6,4,1357.53,Cash,0,3.0
1200,3237,Other,70.58,1,1887.48,Card,0,2.0
2481,1248,Clothing,360.59,1,809.73,Card,0,3.0
2797,1250,Electronics,121.7,2,1271.24,Online,0,1.0
1523,2857,Books,321.69,5,1292.48,Cash,1,
94,4157,Books,477.21,3,585.85,Card,1,3.0
626,1199,Clothing,325.83,4,1774.15,Card,0,3.0
3215,4891,Books,18.71,2,193.23,Online,0,4.0
3748,2361,Food,65.34,5,360.74,Online,0,1.0
4169,2447,Electronics,81.69,4,2157.76,Card,0,4.0
1522,1340,Books,6.63,2,803.45,Cash,0,2.0
1428,2414,Electronics,337.27,5,1039.35,Online,0,4.0
1714,4368,Clothing,178.88,4,1134.98,Cash,0,1.0
48,1272,Clothing,457.96,3,2449.86,Card,0,2.0
4507,3893,Other,271.07,5,171.5,Cash,0,2.0
941,1216,Food,356.74,2,1899.91,Card,0,
3859,4860,Clothing,481.62,3,1921.51,Cash,0,4.0
4610,1867,Electronics,494.04,5,1092.67,Card,0,4.0
2043,1634,Electronics,303.77,4,1469.35,Online,0,1.0
3773,1771,Books,403.42,3,838.71,Online,0,2.0
1246,2159,Books,348.95,2,1068.01,Online,0,4.0
2349,1150,Other,328.47,4,1593.17,Card,0,2.0
3844,1292,Electronics,9.66,4,657.9,Card,0,2.0
4696,1507,Electronics,413.8,4,196.0,Cash,0,2.0
644,3080,Electronics,472.61,4,813.76,Card,0,1.0
2343,3184,Clothing,95.01,4,449.41,Cash,0,4.0
3149,1757,Clothing,31.69,2,1819.9,Card,0,4.0
1247,4834,Books,165.65,4,1298.33,Cash,0,3.0
1092,2024,Other,186.42,1,78.71,Online,0,2.0
2522,2478,Clothing,262.9,4,1361.47,Card,0,4.0
2451,2919,Other,176.62,2,2081.6,Card,0,4.0
3790,3719,Books,113.76,2,805.08,Cash,0,5.0
2356,1465,Clothing,376.33,1,2198.94,Card,0,2.0
4891,3217,Other,222.3,3,2380.28,Card,0,4.0
1473,4073,Food,181.7,1,1792.69,Cash,0,2.0
754,2484,Other,100.71,2,254.67,Card,0,2.0
4718,1731,Electronics,380.99,2,1562.74,Card,0,4.0
4879,3452,Clothing,491.55,4,2022.03,Cash,0,3.0
4614,3862,Food,360.54,1,1311.76,Cash,0,3.0
2838,1227,Other,60.33,5,348.42,Card,0,4.0
4441,3953,Food,304.28,4,1472.45,Online,0,5.0
3736,2566,Clothing,467.75,5,623.32,Online,0,3.0
1722,4833,Books,334.1,4,953.93,Card,0,1.0
3463,2161,Electronics,293.81,5,622.44,Online,0,3.0
470,4991,Clothing,405.57,3,2086.08,Online,0,4.0
3058,4753,Food,34.83,1,1907.08,Online,0,
886,4584,Clothing,207.57,4,1301.91,Cash,0,5.0
1053,2662,Electronics,372.18,1,2401.35,Online,0,1.0
4243,4574,Books,13.85,4,281.11,Cash,0,1.0
450,1457,Food,443.13,1,1314.97,Cash,1,
4697,1231,Food,391.16,5,1967.24,Online,0,5.0
3798,1562,Clothing,122.84,1,1417.92,Card,0,1.0
4778,3503,Food,368.89,1,1536.66,Cash,0,2.0
768,2733,Electronics,199.94,1,1098.09,Card,0,1.0
3512,3385,Food,443.64,5,1160.63,Online,0,1.0
2930,1641,Clothing,303.44,4,311.71,Card,0,2.0
3714,4623,Books,439.28,2,315.96,Cash,0,4.0
1490,4350,Food,402.58,1,1524.03,Card,0,2.0
4839,3372,Electronics,423.69,5,662.5,Online,0,5.0
1093,1047,Other,318.13,4,1342.88,Online,0,2.0
1815,4561,Books,350.36,5,436.9,Cash,0,5.0
1141,4394,Clothing,381.73,3,1458.44,Online,0,3.0
2163,1201,Other,328.89,3,107.55,Card,0,3.0
4031,1804,Food,426.62,1,2189.12,Cash,0,2.0
4088,2129,Other,152.04,2,651.84,Card,0,3.0
1400,3030,Electronics,493.33,4,605.15,Card,0,3.0
2752,3674,Food,79.59,5,1850.53,Cash,1,5.0
4149,1336,Clothing,261.94,2,832.67,Online,0,5.0
2773,4146,Books,80.66,5,1705.52,Cash,0,1.0
4060,1358,Food,293.76,2,2187.28,Online,0,5.0
4480,3222,Books,7.23,1,791.54,Cash,0,5.0
2120,2711,Electronics,153.74,4,1328.5,Card,0,5.0
2175,1101,Food,118.89,2,1374.49,Card,0,1.0
3757,2359,Books,351.37,4,246.09,Card,0,5.0
701,2260,Electronics,383.18,2,49.19,Online,0,1.0
4664,3686,Electronics,187.63,2,2441.02,Card,0,3.0
2411,2819,Other,165.67,5,1433.11,Cash,0,3.0
1566,2125,Clothing,231.58,1,1171.84,Online,0,5.0
3007,1577,Food,323.43,2,217.65,Online,0,3.0
315,2841,Books,239.68,5,1100.83,Card,0,3.0
2808,2118,Food,246.88,4,1742.35,Card,0,3.0
370,2121,Food,18.55,2,1496.98,Online,0,
2355,2133,Electronics,254.87,1,1862.25,Online,0,5.0
3255,3485,Books,425.88,1,1317.82,Cash,0,4.0
1652,4049,Books,62.18,1,1036.43,Cash,0,3.0
4098,4219,Food,124.67,3,2264.8,Online,0,
2430,3109,Clothing,92.66,2,920.67,Online,1,
3041,1724,Books,297.07,5,1715.3,Cash,0,4.0
2723,4356,Books,134.1,2,2251.96,Card,0,1.0
3919,1761,Books,355.25,2,267.48,Online,0,4.0
939,1699,Clothing,148.61,3,2122.55,Card,0,2.0
2600,4213,Food,44.96,5,2217.82,Card,0,2.0
1294,1858,Food,90.89,1,389.17,Online,0,1.0
991,1502,Electronics,168.24,3,1874.7,Cash,0,4.0
3537,4928,Electronics,433.23,3,702.66,Online,0,1.0
1431,1399,Clothing,450.05,1,1027.41,Online,0,4.0
4102,3570,Electronics,422.5,5,367.74,Card,0,4.0
45,4603,Food,313.11,3,2489.14,Card,0,
4148,4309,Food,245.33,4,61.02,Card,1,4.0
3930,3932,Clothing,464.3,3,602.57,Card,1,
3954,4067,Electronics,124.08,5,378.94,Online,0,4.0
4258,4430,Clothing,26.72,4,1590.12,Online,0,3.0
3248,1081,Books,236.33,4,1934.33,Cash,0,2.0
182,1903,Electronics,177.85,1,345.17,Online,0,1.0
1440,2125,Food,147.02,5,110.47,Card,0,
1829,3063,Books,113.76,2,771.09,Card,1,3.0
3461,1407,Food,436.04,2,444.99,Card,0,
3095,3220,Other,185.05,2,2307.86,Online,0,3.0
1912,4932,Food,469.45,2,759.74,Cash,1,
472,1111,Clothing,234.41,4,1377.15,Cash,0,3.0
2997,4449,Other,294.75,5,2433.82,Card,0,2.0
1175,4981,Other,83.07,4,2066.5,Online,1,
1589,3454,Electronics,68.76,5,2074.39,Online,0,2.0
2883,2816,Electronics,207.37,4,1863.42,Card,0,4.0
1970,3016,Clothing,27.52,2,1179.54,Card,0,3.0
2321,1810,Food,371.45,3,1053.55,Card,0,2.0
4552,2847,Food,52.63,2,213.02,Card,0,2.0
4380,1230,Clothing,70.3,4,1756.35,Online,0,2.0
4695,3806,Clothing,25.47,2,998.01,Online,0,1.0
4630,4519,Electronics,193.23,4,2292.4,Card,0,2.0
2562,1888,Books,172.9,4,1952.29,Cash,0,5.0
679,1974,Other,166.79,4,2384.35,Card,0,2.0
3081,2605,Food,97.97,2,2006.58,Card,0,
64,2606,Clothing,364.36,4,1095.3,Online,0,2.0
2767,1861,Other,359.53,1,792.56,Online,0,2.0
1991,1060,Food,396.25,4,2035.88,Cash,0,
1606,3171,Clothing,180.85,1,969.13,Card,0,5.0
4779,3462,Electronics,92.74,3,586.59,Cash,0,5.0
1422,1258,Other,196.94,5,1515.02,Online,0,4.0
4514,3860,Books,140.33,2,495.96,Card,0,4.0
796,2344,Books,394.78,2,1520.15,Card,0,1.0
1797,2614,Food,175.49,3,2325.94,Online,1,
1842,1922,Clothing,202.31,4,514.61,Card,0,1.0
2184,2190,Electronics,454.95,2,2338.94,Card,0,3.0
4010,2153,Electronics,88.83,5,472.62,Card,1,
3435,1091,Electronics,293.32,1,194.34,Card,0,1.0
3089,1221,Electronics,446.23,5,1759.82,Card,1,
1135,3861,Electronics,307.55,5,2091.57,Cash,0,2.0
4942,1312,Clothing,366.41,5,1055.94,Cash,0,5.0
77,2878,Electronics,121.45,1,1823.43,Cash,0,3.0
3692,4969,Electronics,227.9,1,98.92,Card,0,3.0
2041,2562,Food,390.58,1,1563.37,Online,0,
4294,1806,Books,359.63,5,655.93,Online,0,3.0
1949,4889,Electronics,285.86,2,2462.59,Card,0,2.0
2165,4169,Clothing,133.97,2,1504.09,Card,0,2.0
1035,1045,Electronics,109.29,3,1313.22,Cash,0,3.0
3739,1479,Clothing,314.87,2,159.71,Cash,0,1.0
4246,1350,Other,111.52,3,2240.45,Cash,0,1.0
652,4784,Other,471.87,2,449.57,Online,0,2.0
826,3994,Other,122.56,4,601.74,Online,0,5.0
4326,3169,Other,154.94,5,815.25,Card,1,4.0
3117,3617,Clothing,112.01,2,279.27,Online,0,2.0
2760,1137,Electronics,90.28,1,1681.33,Card,0,1.0
3804,2323,Books,445.86,4,143.61,Card,0,4.0
2758,3515,Electronics,163.94,5,1439.2,Online,0,4.0
4603,2512,Food,336.04,3,2391.07,Card,0,1.0
2591,1745,Clothing,494.29,3,32.86,Online,0,1.0
3825,4791,Clothing,410.76,1,2144.98,Cash,0,4.0
1020,3984,Electronics,259.74,4,1425.26,Card,0,1.0
3092,4098,Other,330.69,2,2329.51,Online,0,5.0
4972,4323,Other,441.46,2,1644.87,Online,0,5.0
763,1622,Clothing,349.01,4,2121.22,Cash,0,3.0
1935,1930,Electronics,232.94,4,5.12,Cash,0,3.0
4067,3405,Other,81.36,1,516.86,Card,0,5.0
2864,1847,Clothing,459.16,4,347.86,Card,0,1.0
2635,4217,Electronics,82.83,1,1079.97,Online,0,4.0
3989,4592,Food,389.97,3,1304.99,Online,0,
4269,3493,Electronics,334.59,5,617.96,Card,0,3.0
1436,4817,Clothing,342.7,5,210.24,Cash,0,3.0
1943,2997,Other,25.31,4,91.39,Cash,0,1.0
1269,1790,Other,44.86,1,1237.36,Online,0,4.0
1159,4519,Food,180.28,2,1761.83,Card,0,
2463,3817,Food,364.27,5,242.21,Card,1,4.0
463,2517,Clothing,113.21,5,2159.55,Cash,0,4.0
1556,3413,Electronics,239.27,2,1129.65,Online,0,3.0
978,3264,Food,123.53,4,909.95,Card,0,
4253,3878,Other,114.09,2,811.22,Card,0,1.0
1904,1417,Books,206.75,3,1998.54,Card,0,4.0
1810,1707,Food,488.45,3,2021.87,Online,0,
483,3651,Other,308.73,2,1075.47,Online,0,4.0
910,3552,Books,141.45,2,2224.59,Cash,0,5.0
2712,1505,Electronics,179.39,3,1254.88,Online,0,4.0
4464,1435,Food,484.31,5,1625.63,Online,0,
1106,1699,Clothing,68.12,1,1013.31,Cash,0,4.0
3320,3357,Books,130.41,3,80.72,Cash,1,
3078,4270,Books,43.99,4,444.7,Card,0,5.0
742,2407,Food,407.78,1,1179.08,Cash,0,5.0
4327,2779,Electronics,278.9,4,369.38,Card,0,1.0
549,3917,Electronics,271.41,5,1945.91,Online,1,
3032,3855,Clothing,165.01,3,197.19,Cash,1,
119,3900,Food,400.07,2,205.82,Card,0,
859,2577,Books,122.22,2,1275.92,Online,0,3.0
1521,3253,Electronics,198.97,3,861.46,Card,0,2.0
4019,4473,Other,433.95,5,417.06,Cash,0,5.0
4185,4325,Clothing,47.72,3,1808.94,Card,1,5.0
1146,4306,Food,456.18,3,953.25,Online,0,3.0
2096,2799,Clothing,404.12,3,570.48,Card,1,2.0
138,3822,Other,172.22,4,1230.38,Card,0,1.0
873,2778,Clothing,182.07,4,73.69,Card,0,1.0
2080,4802,Other,199.15,5,2371.68,Card,0,4.0
4873,3136,Other,154.38,1,2331.6,Online,0,4.0
2507,1585,Food,433.12,2,2155.06,Card,0,1.0
3101,3924,Electronics,279.69,3,1557.2,Card,0,5.0
1392,3809,Clothing,336.35,3,208.47,Cash,0,3.0
718,1306,Food,254.01,2,1072.42,Cash,0,
3371,1406,Other,330.76,2,76.95,Cash,1,1.0
736,2934,Electronics,361.08,4,1056.74,Online,1,
1594,4763,Food,5.5,1,2359.82,Card,1,2.0
4484,2978,Electronics,343.41,3,487.34,Online,0,1.0
1944,1237,Electronics,250.67,2,71.83,Card,1,
1596,2790,Books,78.01,5,2014.38,Card,0,2.0
2000,2447,Electronics,329.62,4,2093.21,Online,1,1.0
4211,2399,Food,497.03,3,1472.52,Card,0,2.0
1152,2776,Electronics,389.57,2,1259.74,Card,0,2.0
1285,4210,Electronics,227.0,1,2122.19,Online,0,3.0
4892,1146,Clothing,91.41,5,2372.47,Card,0,4.0
3571,3924,Electronics,277.65,2,1477.38,Cash,0,5.0
129,3690,Electronics,177.71,4,1738.23,Cash,0,5.0
749,4430,Other,167.38,1,38.78,Online,0,5.0
2271,2658,Electronics,352.02,2,2019.38,Online,0,2.0
466,2410,Other,302.14,3,2472.21,Online,0,5.0
3179,2770,Food,165.01,1,1856.43,Online,0,
3148,2269,Clothing,148.2,1,2058.0,Cash,0,1.0
4521,1926,Clothing,457.68,5,1687.53,Card,0,1.0
692,4094,Electronics,123.85,3,2277.83,Cash,0,3.0
1839,4370,Electronics,349.01,5,433.23,Card,0,1.0
219,1004,Clothing,88.18,5,249.08,Online,0,3.0
3514,4141,Books,395.46,3,800.52,Online,0,3.0
1304,3699,Books,22.91,5,1806.94,Online,0,2.0
1518,1066,Other,344.63,5,2341.25,Card,1,2.0
1650,2587,Other,79.48,1,1276.1,Online,0,3.0
573,4627,Clothing,293.38,2,1951.04,Online,0,3.0
4989,1146,Books,94.41,2,1844.51,Card,0,2.0
4969,3139,Electronics,166.92,1,1532.75,Card,0,5.0
2362,2530,Electronics,67.16,1,1696.4,Cash,0,3.0
1402,1504,Food,95.79,2,1619.09,Card,0,
137,3455,Food,7.06,4,750.06,Online,0,
2894,3799,Electronics,179.34,1,545.51,Online,0,5.0
3138,1371,Food,154.11,3,2031.69,Cash,0,1.0
3166,4999,Books,326.08,5,973.67,Card,0,5.0
4756,1772,Clothing,216.89,5,620.41,Card,0,4.0
2717,1580,Food,325.8,2,1409.51,Cash,0,1.0
2135,1832,Food,481.49,4,968.41,Card,1,
4676,2536,Books,295.66,2,2165.94,Online,0,5.0
1090,3115,Food,299.25,4,2153.9,Online,0,
4816,4934,Clothing,376.88,2,1604.95,Card,0,1.0
1937,4805,Food,287.68,2,97.5,Online,0,3.0
23,1861,Books,17.47,1,376.84,Card,0,3.0
2741,4879,Books,428.84,2,461.44,Cash,0,1.0
1854,4946,Electronics,339.64,1,1251.87,Online,0,1.0
4348,4055,Food,395.17,2,2025.14,Card,0,5.0
4585,4592,Clothing,435.06,1,1006.92,Cash,0,4.0
4084,2045,Other,50.68,2,1972.56,Cash,0,1.0
1900,4982,Electronics,471.45,5,1761.26,Cash,0,3.0
1821,4555,Clothing,72.69,2,816.1,Card,0,5.0
2929,1788,Food,376.02,2,529.66,Cash,0,
1071,3230,Food,155.94,2,2343.77,Online,0,3.0
2368,3786,Food,490.92,3,355.98,Online,0,
4121,2618,Books,36.68,3,1274.07,Card,0,3.0
973,4878,Clothing,78.29,5,1143.5,Card,0,3.0
4066,3079,Clothing,475.97,5,930.08,Cash,0,1.0
4430,1545,Clothing,107.67,5,1526.23,Cash,0,5.0
1430,3135,Food,384.3,3,396.57,Card,1,
3905,3218,Electronics,330.5,5,2208.48,Online,0,5.0
4915,3930,Clothing,67.27,4,1318.76,Online,0,1.0
639,1060,Electronics,180.65,3,605.24,Cash,0,5.0
3749,1475,Electronics,11.34,2,337.89,Card,0,4.0
2262,2846,Electronics,385.41,4,51.26,Card,0,2.0
1778,3389,Other,153.52,1,1500.85,Card,0,1.0
4554,4753,Electronics,273.73,5,1393.05,Cash,0,1.0
2581,4613,Clothing,118.41,2,1692.83,Card,1,1.0
4978,4723,Electronics,101.48,2,549.46,Online,0,1.0
4962,2140,Electronics,453.39,4,2305.9,Online,1,5.0
427,4789,Books,33.35,3,2025.82,Online,0,3.0
4580,2342,Clothing,370.1,2,1364.41,Cash,1,
4519,4845,Food,470.18,5,904.49,Cash,0,
929,3553,Food,160.01,1,242.29,Cash,0,
4329,2167,Clothing,460.99,2,1960.48,Online,0,3.0
4582,2512,Clothing,367.38,4,826.69,Card,0,1.0
1628,4786,Clothing,232.53,4,1201.02,Card,0,4.0
3094,1150,Other,6.18,2,2218.64,Card,1,1.0
3791,4803,Books,86.47,4,1955.57,Card,0,3.0
4771,2272,Food,460.36,3,1634.41,Card,0,
670,1537,Clothing,63.58,2,2437.97,Online,0,5.0
163,3435,Clothing,91.56,3,2400.5,Online,0,1.0
3413,4175,Food,326.12,3,29.08,Card,0,4.0
894,4995,Food,6.99,4,1333.61,Cash,0,
1591,2708,Electronics,214.03,4,2464.39,Card,0,1.0
4996,1418,Clothing,454.77,4,2433.37,Online,0,3.0
1981,4300,Electronics,343.73,2,1806.77,Online,0,1.0
3539,4536,Clothing,397.87,4,1018.3,Cash,0,3.0
225,3150,Food,406.93,1,1775.99,Card,0,4.0
392,3043,Other,426.26,2,1440.0,Cash,0,5.0
282,2446,Clothing,115.52,2,359.84,Cash,0,2.0
4916,3497,Food,279.78,4,79.9,Card,0,
2210,2125,Electronics,431.03,3,960.73,Cash,0,5.0
3196,4230,Clothing,166.19,4,1951.79,Cash,0,2.0
2168,4038,Clothing,353.2,2,378.53,Card,1,
170,4668,Books,36.03,5,554.71,Card,0,5.0
4544,1135,Electronics,268.5,3,1897.49,Card,0,2.0
518,4972,Clothing,126.83,4,485.84,Card,0,3.0
2906,1999,Clothing,98.85,3,546.51,Cash,0,5.0
842,1875,Food,126.83,2,1799.0,Cash,0,1.0
3587,2281,Food,442.43,5,595.82,Cash,0,1.0
4738,2962,Electronics,88.9,4,1457.87,Online,0,3.0
2274,4017,Clothing,140.99,4,928.24,Card,0,5.0
4767,2815,Books,256.07,3,1809.64,Online,0,1.0
509,4737,Electronics,373.69,4,367.52,Online,0,4.0
2009,3847,Electronics,136.76,4,1197.38,Card,0,5.0
1460,2613,Clothing,19.04,5,2039.3,Online,0,3.0
2295,4063,Clothing,17.98,5,1272.09,Card,0,2.0
715,2302,Electronics,285.49,5,682.45,Card,0,3.0
3482,2603,Electronics,351.71,2,83.67,Card,0,4.0
871,2137,Electronics,163.4,2,363.7,Card,0,3.0
4135,4433,Food,229.22,3,1810.74,Online,0,
2926,4047,Clothing,203.38,5,1665.63,Cash,0,2.0
1401,2574,Electronics,112.12,3,2263.26,Cash,0,2.0
4160,3726,Clothing,346.72,5,1304.9,Card,0,2.0
1070,3102,Electronics,480.93,4,1912.61,Online,0,2.0
2545,4134,Electronics,367.1,5,213.92,Card,0,3.0
1607,4456,Food,142.43,1,2403.27,Cash,0,5.0
769,4376,Food,404.1,3,1068.3,Online,0,3.0
1266,1979,Electronics,177.26,2,74.59,Online,0,2.0
2568,2311,Other,249.29,1,684.59,Cash,0,5.0
4556,3834,Electronics,110.06,1,104.39,Card,0,4.0
4888,3562,Food,423.99,2,1070.18,Card,0,1.0
2413,1838,Electronics,221.88,5,1145.6,Cash,0,1.0
141,3217,Clothing,443.83,5,1180.17,Online,0,3.0
756,4376,Electronics,33.68,5,119.94,Card,0,3.0
2196,2249,Clothing,238.23,1,2475.3,Card,0,5.0
4302,1312,Other,20.01,4,723.27,Cash,0,3.0
2178,4724,Electronics,408.2,3,1737.56,Cash,0,5.0
272,2825,Books,403.74,1,1570.98,Online,0,2.0
595,1097,Food,21.66,2,746.59,Card,0,
2,4637,Electronics,345.71,2,2078.58,Card,0,5.0
2033,3831,Clothing,350.88,4,1937.49,Card,0,1.0
2230,4343,Clothing,292.99,2,918.26,Card,0,2.0
2716,1805,Clothing,151.09,2,752.65,Card,0,1.0
1578,4661,Food,262.29,4,1419.64,Card,0,2.0
1708,1944,Electronics,281.21,3,1415.32,Cash,0,2.0
4451,3059,Food,446.24,5,813.02,Card,0,
61,4195,Other,66.0,2,2004.92,Cash,0,2.0
4422,4836,Other,403.98,3,451.55,Card,0,4.0
3133,2726,Food,258.32,4,2369.28,Online,0,4.0
1257,1167,Food,123.61,1,1872.41,Card,0,5.0
1023,1201,Electronics,38.22,5,1397.46,Cash,0,5.0
1480,1457,Food,7.08,4,228.04,Card,0,3.0
2233,2857,Clothing,112.5,2,759.6,Online,0,4.0
1403,2869,Other,296.17,2,139.19,Card,0,2.0
1321,4349,Electronics,204.66,5,2188.94,Cash,0,1.0
4456,3311,Food,455.65,2,917.01,Card,1,4.0
4388,2052,Other,31.1,2,2448.06,Online,0,2.0
3479,4131,Electronics,300.05,1,1908.61,Card,0,3.0
822,2053,Electronics,163.62,3,1665.89,Cash,0,5.0
3096,3770,Food,453.89,3,1227.72,Cash,0,
3440,3179,Clothing,478.79,3,1745.06,Online,0,5.0
3946,4493,Books,170.62,3,1560.73,Online,0,2.0
617,4964,Clothing,182.27,1,886.85,Online,0,3.0
2438,4522,Food,480.04,5,1854.18,Online,0,5.0
4650,4715,Electronics,45.07,5,392.54,Cash,0,2.0
2013,2489,Electronics,364.25,3,615.01,Card,0,1.0
3668,1390,Clothing,255.91,5,1052.94,Cash,0,4.0
2801,1633,Electronics,393.52,5,400.29,Online,0,2.0
3575,3034,Other,375.17,2,736.83,Online,0,1.0
785,3326,Clothing,217.39,4,296.56,Card,0,2.0
4298,4878,Food,38.54,5,477.21,Card,0,3.0
448,4445,Electronics,53.19,2,470.7,Online,0,4.0
3888,4735,Books,37.67,2,2153.64,Online,0,1.0
3676,1003,Other,321.22,5,953.16,Cash,0,1.0
351,2694,Clothing,98.42,4,773.13,Online,0,5.0
2470,3968,Clothing,224.58,4,2437.88,Cash,0,4.0
2173,3309,Clothing,263.06,5,187.1,Card,0,5.0
3332,3446,Clothing,96.94,1,1172.71,Cash,0,2.0
3515,4169,Other,253.8,4,1743.89,Card,0,3.0
4059,2142,Other,473.25,2,1044.82,Online,0,2.0
4689,1210,Food,458.21,3,2129.78,Cash,0,5.0
778,1684,Clothing,48.58,5,2320.56,Card,0,2.0
3908,2342,Other,190.74,1,1019.79,Online,0,3.0
142,1609,Clothing,261.56,1,203.08,Online,0,3.0
1439,2229,Books,407.68,4,2406.33,Online,0,4.0
843,1117,Books,475.35,3,1182.67,Cash,0,5.0
3756,3071,Other,456.59,5,1518.97,Card,0,1.0
3290,2033,Other,265.03,2,2318.29,Cash,0,2.0
29,4920,Books,91.47,4,1938.39,Card,0,5.0
4737,2983,Books,146.8,5,652.81,Online,0,2.0
2679,1803,Food,115.46,4,2405.07,Cash,0,
1836,4808,Clothing,235.21,2,1179.21,Card,0,3.0
539,2669,Other,20.56,2,586.11,Online,0,1.0
2057,1185,Clothing,315.74,5,799.89,Cash,0,5.0
167,2208,Electronics,478.87,3,1879.43,Cash,0,1.0
2763,2748,Other,28.96,1,1569.38,Online,0,1.0
3184,1098,Electronics,383.05,1,1899.23,Cash,1,3.0
4950,3354,Electronics,34.52,2,664.78,Cash,0,2.0
3167,4561,Other,352.18,4,1831.53,Cash,0,5.0
1857,3524,Electronics,23.96,3,224.38,Card,0,3.0
3818,4953,Books,274.85,3,629.27,Online,1,4.0
490,4197,Books,137.6,2,1554.79,Card,0,1.0
648,4979,Clothing,270.46,5,290.32,Cash,0,2.0
1641,2898,Clothing,49.08,3,458.78,Cash,0,3.0
3643,4775,Clothing,397.09,4,290.49,Card,0,5.0
627,3377,Other,382.27,1,1976.06,Online,0,4.0
4334,4104,Food,394.12,1,1003.01,Card,0,5.0
2155,1770,Food,126.88,4,95.67,Card,0,4.0
4222,3793,Electronics,58.26,2,1433.68,Cash,0,1.0
2868,1544,Books,397.08,5,1334.35,Card,0,4.0
4813,4447,Other,187.47,3,1344.14,Cash,0,3.0
4417,2043,Electronics,284.45,3,1469.28,Cash,0,5.0
4561,3779,Books,45.4,1,1253.5,Card,0,4.0
2714,4670,Books,121.03,1,1106.49,Card,0,1.0
413,3785,Clothing,417.17,3,580.75,Cash,0,4.0
2022,4034,Books,180.15,2,586.07,Card,0,2.0
352,4054,Books,325.82,2,2492.86,Card,1,
3008,1344,Electronics,486.45,1,676.31,Cash,0,3.0
2586,2957,Electronics,380.79,3,837.43,Card,0,5.0
608,3770,Other,168.93,2,862.07,Cash,0,2.0
2193,4413,Other,233.46,2,1130.62,Online,0,4.0
1457,3810,Electronics,184.81,3,1247.38,Card,0,2.0
705,1956,Other,411.94,1,1941.32,Cash,0,3.0
2903,4700,Clothing,81.62,5,1229.61,Card,0,1.0
1398,3874,Clothing,362.46,5,2368.26,Cash,1,4.0
3239,2515,Other,403.59,5,1747.88,Card,0,2.0
4280,4436,Other,388.99,3,2323.02,Card,0,4.0
799,3755,Food,257.22,2,290.62,Card,0,3.0
791,3493,Clothing,428.18,2,2395.5,Card,0,1.0
1661,1720,Books,433.46,4,483.06,Card,0,3.0
2159,4347,Food,267.63,4,1261.57,Card,0,2.0
3936,2336,Food,166.74,2,1653.21,Online,0,
3341,1027,Other,308.18,4,55.38,Online,1,
180,2039,Books,368.14,2,1696.42,Card,0,2.0
3549,2659,Electronics,180.16,1,1169.35,Card,0,3.0
2119,4479,Clothing,479.56,4,1832.08,Card,0,2.0
3642,1875,Clothing,340.22,2,1771.69,Online,1,4.0
1470,1209,Food,346.69,2,2086.02,Online,0,1.0
2852,3391,Clothing,25.55,4,954.32,Card,1,
3704,2146,Food,204.78,2,1074.92,Card,0,2.0
4085,1595,Electronics,347.83,1,2339.75,Card,0,1.0
1156,2207,Electronics,461.19,2,34.91,Cash,0,5.0
1960,4383,Food,158.78,3,1029.62,Card,0,4.0
574,4591,Clothing,383.61,1,1069.3,Card,1,1.0
1623,1874,Other,25.22,1,1052.37,Cash,0,5.0
1322,1162,Clothing,171.84,5,2188.44,Cash,0,5.0
3686,2674,Clothing,458.46,4,1112.62,Card,0,5.0
259,1653,Books,72.26,1,1652.32,Card,0,2.0
1835,3367,Books,348.45,3,833.52,Cash,1,4.0
4478,2207,Clothing,20.6,4,271.46,Cash,0,1.0
1446,3603,Clothing,358.29,5,417.0,Online,0,1.0
2628,3202,Clothing,237.7,2,810.88,Online,0,2.0
1840,3621,Electronics,312.49,2,2199.22,Cash,0,3.0
406,1795,Clothing,260.37,4,813.55,Cash,1,
3558,2509,Other,470.56,3,2444.63,Card,0,4.0
4330,4257,Clothing,208.98,2,1864.55,Card,0,2.0
4992,1535,Clothing,426.7,5,2175.54,Card,0,3.0
4584,3556,Books,387.41,5,1672.2,Card,0,5.0
775,3142,Other,335.41,4,2161.96,Cash,1,4.0
3783,1098,Other,62.64,2,657.29,Card,0,2.0
3139,2616,Food,466.47,2,1127.94,Online,0,
3325,3280,Electronics,382.53,2,169.57,Online,0,3.0
2060,2412,Food,79.08,3,1422.78,Card,0,5.0
285,1063,Electronics,290.57,1,1852.01,Card,0,2.0
3973,3311,Food,370.53,5,797.41,Card,0,
3506,1171,Books,196.01,5,936.23,Card,1,
51,4818,Other,249.76,5,939.55,Cash,0,3.0
3590,2269,Clothing,323.34,2,1321.88,Card,0,5.0
3924,2600,Books,274.9,4,1506.21,Card,1,
3391,2871,Electronics,78.45,5,472.96,Card,0,1.0
4818,3283,Electronics,106.4,3,1792.42,Online,0,5.0
1451,4562,Books,120.95,1,154.44,Online,1,1.0
4361,4800,Clothing,160.26,3,852.48,Card,0,2.0
2790,1376,Other,39.85,1,934.11,Card,0,5.0
4303,4988,Food,20.97,5,1364.32,Cash,0,5.0
2015,3471,Electronics,377.58,4,1603.7,Online,0,5.0
2697,4079,Other,108.02,4,1182.59,Online,0,4.0
622,2572,Other,169.67,5,969.5,Online,0,2.0
1976,1643,Books,384.82,5,8.13,Cash,0,1.0
4279,1851,Food,190.47,4,1145.58,Cash,0,
54,4298,Electronics,462.5,3,1769.65,Card,0,4.0
1980,2624,Books,346.19,5,124.77,Online,0,2.0
3294,2656,Books,485.14,2,103.7,Card,0,3.0
1994,1774,Food,15.1,5,261.13,Cash,1,
4861,4044,Other,151.47,5,348.73,Card,0,1.0
3940,3865,Books,431.03,3,1271.89,Online,0,4.0
3864,3001,Clothing,448.37,2,956.27,Cash,0,5.0
3499,4317,Food,397.07,1,326.03,Card,0,5.0
2223,4951,Food,119.2,4,1177.47,Card,0,
3616,3642,Clothing,16.11,1,1114.21,Cash,0,3.0
286,2294,Books,145.9,2,1029.74,Cash,1,1.0
3446,2836,Food,477.91,3,1256.54,Card,0,4.0
3266,3781,Food,478.45,4,660.39,Cash,0,3.0
4653,4816,Other,260.99,4,2101.1,Cash,0,5.0
4083,3178,Other,403.64,3,2154.92,Cash,0,1.0
3910,1836,Clothing,427.47,1,2492.67,Cash,0,5.0
844,4694,Books,66.91,3,2060.0,Online,0,4.0
1926,1821,Electronics,402.86,1,1490.52,Cash,0,4.0
2970,3153,Electronics,175.95,1,1046.19,Cash,0,3.0
192,2690,Clothing,278.73,1,1090.22,Online,0,3.0
1889,1854,Food,304.89,2,936.18,Cash,0,
3056,1844,Electronics,213.29,4,1994.62,Online,0,4.0
1421,3713,Clothing,200.46,4,1681.27,Card,0,5.0
3181,3062,Food,191.73,3,1760.6,Online,0,1.0
722,3970,Other,378.86,5,2134.09,Online,0,5.0
3943,4939,Other,215.94,4,1364.54,Card,0,5.0
132,2425,Books,286.46,3,650.88,Online,0,3.0
854,3259,Other,262.2,3,2046.49,Card,0,1.0
1060,2578,Food,206.2,5,795.08,Card,0,4.0
270,2505,Electronics,302.03,2,2498.46,Card,0,5.0
813,1958,Electronics,114.16,2,761.57,Cash,0,1.0
2677,3785,Books,180.35,5,1352.52,Card,0,4.0
280,3702,Other,203.08,2,2092.53,Online,0,2.0
649,2097,Books,177.8,3,2125.92,Cash,0,2.0
820,2631,Food,196.78,4,611.93,Online,0,
4670,2423,Clothing,138.87,3,1652.35,Card,0,2.0
2039,3934,Books,153.59,2,2178.87,Online,0,5.0
3410,4305,Books,261.81,5,1711.96,Cash,0,2.0
2527,2623,Food,369.64,5,657.82,Card,0,
3075,1587,Clothing,307.19,4,720.42,Cash,0,5.0
2335,2871,Clothing,301.62,1,1305.75,Card,0,2.0
1443,2173,Food,88.56,2,1555.29,Card,1,
1901,1177,Electronics,499.29,1,423.07,Online,1,
2443,4573,Electronics,378.3,1,184.15,Card,0,5.0
2308,2504,Food,197.1,3,58.76,Card,0,2.0
2514,2466,Clothing,268.85,3,1719.17,Card,0,4.0
2665,1170,Food,241.3,3,1185.98,Card,0,4.0
2219,1344,Other,482.57,3,941.94,Online,0,1.0
4489,4797,Food,415.58,2,2236.92,Online,0,
1481,3601,Books,139.13,5,2147.82,Cash,0,5.0
4226,2381,Clothing,453.4,4,742.84,Card,1,1.0
1348,4024,Food,212.68,3,541.98,Card,0,
3327,2571,Clothing,335.5,5,485.2,Card,0,5.0
4927,1501,Electronics,191.31,3,203.44,Card,0,1.0
440,4366,Food,350.15,5,156.09,Card,0,5.0
4590,2346,Books,262.72,5,800.37,Card,1,3.0
1380,3919,Clothing,106.14,3,1201.3,Online,0,2.0
1555,2285,Books,275.69,3,1745.54,Cash,0,4.0
4161,2651,Clothing,327.48,4,494.22,Cash,0,4.0
1735,2412,Clothing,380.71,3,173.46,Card,0,4.0
318,2912,Electronics,145.38,3,1896.18,Cash,0,4.0
953,3506,Clothing,155.8,5,923.42,Card,1,
3593,2151,Electronics,227.97,2,390.15,Cash,0,4.0
2106,2457,Electronics,15.98,2,505.67,Online,0,1.0
1799,2734,Clothing,388.68,3,1780.61,Online,0,2.0
4407,3804,Food,222.31,1,2065.37,Card,0,2.0
889,4103,Clothing,202.01,4,1925.63,Cash,0,5.0
2750,4718,Food,39.85,2,1754.04,Card,0,
496,3583,Electronics,136.2,3,2186.18,Cash,0,5.0
2649,3223,Clothing,205.75,1,584.71,Online,0,2.0
1226,2245,Clothing,275.3,4,1654.76,Card,0,1.0
25,1300,Electronics,297.24,4,1101.06,Cash,0,4.0
4120,1382,Electronics,186.69,1,2374.72,Card,0,5.0
3370,3975,Electronics,357.83,2,2426.26,Cash,0,5.0
3154,4599,Books,162.27,4,1397.37,Card,0,4.0
4790,3850,Electronics,329.77,5,470.85,Card,1,
3681,4395,Food,174.73,5,1795.38,Online,0,1.0
4163,3747,Clothing,5.19,2,882.52,Card,0,1.0
3727,3844,Other,232.19,1,166.89,Cash,0,5.0
4719,1402,Food,322.0,5,691.62,Cash,0,
1676,2731,Books,342.86,2,1857.9,Online,0,1.0
1570,1938,Clothing,280.74,4,445.76,Card,0,5.0
1432,1308,Books,30.55,4,391.67,Online,0,1.0
3271,4446,Clothing,241.39,1,1766.99,Online,0,4.0
2995,4363,Other,336.55,4,875.78,Card,0,1.0
4990,3706,Clothing,332.55,4,522.27,Online,0,3.0
1044,2369,Electronics,433.52,3,128.08,Online,0,1.0
2018,4495,Electronics,179.2,3,1971.64,Card,0,1.0
2951,1377,Electronics,211.82,3,839.15,Online,0,2.0
3712,1217,Food,349.56,4,402.61,Cash,0,2.0
1906,4389,Food,157.84,1,407.53,Online,0,1.0
3366,4177,Other,267.41,1,1952.63,Cash,0,2.0
3216,3681,Clothing,195.36,3,627.61,Cash,0,1.0
2678,1396,Clothing,16.91,1,2395.95,Card,1,
2985,2963,Clothing,200.54,1,1278.87,Card,0,5.0
1069,2414,Electronics,291.18,1,1081.46,Online,0,2.0
2737,1313,Books,433.26,4,2489.83,Online,0,1.0
3125,1225,Electronics,406.05,4,91.89,Online,0,2.0
301,2500,Food,491.95,1,1330.79,Cash,0,1.0
2980,3258,Clothing,360.1,2,1454.65,Cash,0,2.0
1298,3934,Clothing,276.5,1,58.59,Card,0,4.0
3637,4941,Food,48.57,3,51.8,Cash,0,
3288,4540,Clothing,203.73,3,2160.76,Online,0,5.0
319,2537,Other,324.65,1,1186.22,Cash,0,1.0
1197,1049,Food,125.16,5,1309.79,Card,0,5.0
4433,4241,Clothing,251.31,4,2237.74,Online,0,3.0
3474,4994,Food,484.13,1,869.21,Online,0,
3274,2760,Clothing,219.37,3,2443.74,Card,0,1.0
3226,2176,Books,365.53,3,299.61,Cash,0,5.0
2082,4734,Electronics,30.07,5,1408.36,Online,0,3.0
902,3591,Electronics,412.29,4,1799.66,Card,0,4.0
3035,2212,Books,289.58,1,2347.39,Cash,0,3.0
824,4060,Clothing,45.5,3,2051.61,Card,0,2.0
2028,2771,Other,173.81,5,1117.22,Online,0,5.0
3999,4298,Clothing,117.72,4,1619.94,Online,0,3.0
4285,1754,Electronics,306.6,5,1475.26,Card,0,1.0
2945,1878,Other,298.2,5,1904.33,Cash,0,3.0
3306,2096,Clothing,396.89,3,814.71,Card,0,4.0
630,3102,Clothing,467.6,3,1259.81,Card,0,3.0
2442,1347,Other,130.54,3,917.42,Online,0,1.0
611,1209,Food,121.45,2,1151.02,Card,0,2.0
2587,2366,Electronics,47.74,2,1868.1,Online,0,3.0
4922,2685,Electronics,143.77,3,1054.68,Cash,0,3.0
1134,2947,Clothing,279.13,5,444.45,Online,0,1.0
13,3348,Clothing,111.4,2,795.59,Card,0,4.0
2130,1287,Electronics,179.83,4,1914.28,Card,0,3.0
3661,4076,Other,492.59,1,1265.53,Online,0,5.0
293,4072,Food,418.21,2,2484.12,Cash,0,
2460,3619,Clothing,112.8,2,2073.94,Cash,0,3.0
3683,4538,Other,253.79,4,1552.18,Cash,0,1.0
4397,2729,Clothing,300.52,4,2353.87,Cash,0,2.0
1528,1208,Electronics,425.37,5,12.55,Cash,0,3.0
543,2315,Electronics,93.98,3,2063.54,Online,0,5.0
4621,3724,Food,433.07,3,2249.88,Card,0,
4920,1555,Clothing,489.53,5,242.39,Online,0,1.0
3763,3821,Books,28.43,4,541.55,Card,0,4.0
3353,3438,Electronics,5.31,4,6.57,Cash,0,2.0
3726,3113,Other,247.74,2,1812.53,Card,0,5.0
4264,4322,Electronics,469.74,2,398.71,Card,1,1.0
918,1286,Food,262.66,1,1750.56,Cash,0,3.0
4015,1034,Food,315.63,4,1698.16,Online,0,
37,1382,Other,362.32,1,120.83,Card,0,5.0
4980,4857,Clothing,325.04,1,1464.66,Online,0,3.0
1806,4849,Electronics,11.34,5,1598.32,Card,1,1.0
578,2528,Food,375.31,4,476.19,Card,0,
2686,4548,Electronics,285.53,2,1909.31,Online,0,5.0
2279,1270,Books,316.84,4,805.0,Online,0,3.0
1674,1114,Clothing,371.06,4,724.24,Card,0,1.0
3356,3966,Food,179.53,5,88.1,Online,0,
1303,4549,Clothing,183.83,2,1922.6,Cash,0,2.0
684,1789,Food,479.76,1,1601.72,Online,0,4.0
306,3251,Books,493.9,3,168.32,Card,0,5.0
46,4980,Clothing,477.34,1,534.45,Online,0,1.0
1349,4070,Other,162.49,5,1055.76,Cash,0,4.0
4130,4443,Clothing,188.0,1,648.68,Online,0,2.0
92,4351,Clothing,252.31,2,1977.09,Online,0,3.0
2731,4334,Clothing,131.68,4,273.22,Card,0,5.0
1760,4059,Other,151.3,5,756.21,Card,0,4.0
1825,3781,Electronics,389.79,4,1161.28,Card,0,4.0
368,4988,Clothing,430.27,1,1658.12,Card,0,1.0
2480,3757,Clothing,116.92,3,267.61,Cash,0,1.0
3467,3294,Electronics,116.47,1,2281.26,Cash,0,3.0
3477,3443,Electronics,137.53,3,2293.01,Card,0,3.0
983,1675,Clothing,39.48,3,2296.28,Online,0,5.0
4668,1690,Electronics,261.12,4,1292.28,Cash,0,5.0
4725,2077,Electronics,466.93,4,2169.6,Online,0,1.0
2434,3646,Food,260.88,1,675.35,Card,0,2.0
3503,3221,Books,489.22,2,2426.31,Card,0,3.0
3333,2581,Clothing,140.99,1,101.89,Card,0,4.0
2275,4863,Clothing,192.42,3,1787.06,Card,1,
4593,3959,Clothing,380.59,2,533.13,Online,0,2.0
2485,2407,Electronics,16.21,3,2027.73,Card,0,3.0
3115,2617,Food,358.16,3,406.84,Cash,0,
3005,2593,Clothing,215.75,1,772.4,Card,1,
1645,1692,Other,316.08,5,1339.44,Card,0,5.0
4196,3652,Electronics,241.36,4,2146.02,Online,0,5.0
4702,3567,Food,347.78,3,1686.51,Card,0,
1498,2415,Food,30.83,4,1067.28,Card,0,
1907,4678,Clothing,28.79,4,480.61,Cash,0,3.0
1015,1874,Clothing,75.1,2,623.67,Online,1,
4766,3677,Clothing,26.77,3,2235.43,Card,0,4.0
2212,2335,Food,66.03,1,1419.49,Cash,0,
393,4449,Clothing,288.86,4,2114.22,Card,0,1.0
667,2540,Electronics,9.48,4,2320.5,Card,0,3.0
1647,3242,Electronics,301.63,3,396.57,Online,0,3.0
4198,1992,Clothing,368.16,3,343.36,Online,0,1.0
2416,1840,Food,101.95,3,1251.59,Card,0,4.0
3025,3253,Books,484.14,3,1675.07,Online,0,1.0
4598,2314,Books,373.0,5,1317.12,Card,1,
3057,3312,Food,140.37,2,1718.92,Cash,1,4.0
547,4488,Electronics,29.31,3,1127.55,Card,0,4.0
1569,3892,Other,126.95,5,590.75,Online,0,3.0
104,3891,Food,19.92,5,379.18,Cash,0,5.0
2499,3610,Electronics,268.58,4,407.0,Cash,0,1.0
2263,3310,Other,56.55,1,2405.75,Card,0,5.0
145,1724,Food,252.29,3,1415.34,Card,0,5.0
669,1857,Clothing,187.7,3,1068.88,Cash,0,1.0
671,2340,Clothing,407.93,3,1662.74,Online,0,5.0
1864,3217,Clothing,245.47,3,2241.21,Online,0,1.0
4502,2361,Books,140.22,1,1787.16,Online,0,2.0
3419,4884,Books,76.5,5,202.13,Cash,0,1.0
2580,3526,Clothing,241.19,4,256.18,Cash,0,4.0
4458,1379,Food,445.25,5,2273.0,Cash,0,
4644,1668,Clothing,433.02,3,398.88,Card,1,
4550,3090,Clothing,426.74,5,2098.8,Cash,0,4.0
1074,4845,Clothing,28.44,2,2122.81,Online,0,4.0
4206,2434,Food,342.25,5,254.34,Online,0,
2052,4197,Clothing,199.65,4,1533.65,Online,0,4.0
63,3242,Electronics,266.29,5,1958.76,Card,0,1.0
1637,1761,Clothing,377.57,4,99.13,Online,0,2.0
4581,3654,Books,100.7,2,403.46,Card,0,2.0
681,4652,Food,217.82,1,97.93,Card,0,1.0
1967,1085,Electronics,167.42,3,748.75,Card,0,3.0
906,3426,Clothing,119.94,5,2377.24,Card,0,3.0
2877,2784,Other,486.17,4,1290.89,Card,0,2.0
3472,2071,Food,69.87,5,1822.22,Cash,0,3.0
2738,3649,Clothing,411.96,3,2453.29,Cash,0,2.0
4525,1101,Clothing,474.11,2,2242.62,Cash,0,5.0
1545,4727,Other,284.02,2,2454.3,Card,0,5.0
4457,4773,Electronics,249.11,5,699.2,Cash,1,
1834,3482,Clothing,267.93,3,580.6,Card,0,2.0
1692,2455,Food,123.35,5,320.84,Card,0,2.0
3629,2666,Clothing,458.93,3,214.43,Online,0,3.0
2492,4011,Books,182.92,1,243.42,Card,0,1.0
4242,2263,Electronics,374.81,1,2023.65,Card,0,5.0
3782,4951,Clothing,366.11,5,886.82,Online,0,3.0
3547,3471,Electronics,398.16,1,319.06,Card,0,2.0
2353,1352,Clothing,459.61,5,1518.77,Card,0,3.0
3678,4810,Other,449.69,4,781.97,Card,0,2.0
4495,1492,Clothing,108.24,1,2346.15,Card,0,2.0
1469,2110,Other,443.98,2,1174.84,Card,0,5.0
740,3566,Electronics,142.92,3,1123.26,Card,0,4.0
2673,2857,Other,11.99,3,1214.14,Online,0,2.0
324,2084,Clothing,316.6,2,72.46,Online,0,1.0
3016,2628,Other,173.53,4,396.21,Online,0,1.0
107,2070,Food,407.46,2,730.84,Card,0,2.0
1423,2250,Food,195.32,3,2472.7,Online,0,
4971,4821,Other,72.04,2,367.84,Card,0,2.0
3217,2746,Other,442.76,3,786.98,Card,0,2.0
643,1235,Food,41.49,3,560.12,Card,0,
4890,3356,Clothing,113.68,4,1241.84,Card,0,3.0
2044,3203,Books,216.21,4,432.32,Online,0,4.0
3364,4890,Clothing,370.4,3,2381.82,Online,0,2.0
1688,3716,Electronics,347.24,2,1544.67,Online,1,
2555,4676,Other,140.73,4,1539.77,Cash,0,5.0
2465,4819,Other,236.68,5,2355.22,Online,0,2.0
2905,1432,Food,409.3,2,2405.63,Card,0,
4876,3729,Books,290.24,3,881.53,Online,0,4.0
4074,1451,Food,393.09,3,143.01,Cash,0,2.0
3427,4701,Books,30.05,5,1296.04,Online,0,3.0
2385,4064,Other,160.63,5,966.84,Online,0,1.0
4187,2877,Books,146.9,1,236.19,Online,0,1.0
2816,2744,Electronics,436.85,4,214.63,Card,0,1.0
1139,4824,Electronics,81.0,3,1353.25,Cash,0,4.0
829,4261,Electronics,317.44,4,652.6,Card,0,4.0
134,3683,Books,131.16,5,2189.81,Online,0,5.0
1672,3289,Other,251.28,4,941.94,Card,0,3.0
952,4530,Food,483.41,1,2378.02,Card,0,5.0
892,3444,Food,127.29,2,581.2,Cash,0,1.0
503,4737,Food,179.4,1,1763.76,Card,0,1.0
431,3707,Books,308.08,1,2353.57,Cash,0,2.0
3603,1567,Electronics,340.98,4,1089.04,Online,0,2.0
758,3230,Clothing,162.07,2,310.25,Cash,0,1.0
770,3651,Clothing,237.1,4,2171.23,Online,0,5.0
1506,2983,Clothing,59.03,3,598.63,Card,0,3.0
1978,3714,Food,224.59,3,336.63,Online,0,4.0
4553,4102,Other,477.87,1,971.06,Online,0,5.0
510,1888,Other,122.25,2,1133.3,Online,0,2.0
3454,3218,Books,90.76,4,1651.03,Online,0,1.0
4709,2723,Food,65.59,5,1773.02,Card,0,
3310,4756,Clothing,152.26,3,485.28,Online,1,
2237,3237,Electronics,363.95,4,556.46,Card,0,1.0
3784,3520,Books,319.6,1,901.66,Cash,1,5.0
271,2754,Books,222.49,4,1988.54,Cash,0,3.0
4351,3951,Other,336.23,3,1822.73,Cash,0,1.0
1334,1791,Electronics,211.83,2,2277.29,Card,0,2.0
1207,2274,Food,493.81,4,1272.9,Cash,0,3.0
2911,2690,Electronics,471.63,3,646.56,Cash,1,
3304,2835,Clothing,125.05,5,2113.92,Card,0,4.0
4944,4209,Clothing,493.03,3,2049.84,Card,0,1.0
261,1847,Food,302.34,1,1317.34,Online,0,5.0
4633,4156,Electronics,314.35,3,1409.07,Card,0,2.0
3890,4739,Books,78.44,3,454.47,Cash,0,2.0
4217,1341,Books,222.39,4,53.16,Cash,0,2.0
3262,2934,Clothing,223.78,1,133.59,Online,0,2.0
2208,1316,Clothing,90.9,2,2099.77,Card,0,1.0
3030,3010,Food,423.6,3,201.48,Online,0,2.0
2124,2028,Other,165.63,3,1177.96,Card,0,4.0
1803,3136,Books,207.88,2,934.59,Card,0,5.0
2071,1892,Electronics,123.54,1,539.62,Cash,0,1.0
2603,2347,Other,497.37,5,2190.47,Card,1,2.0
3351,4852,Food,17.18,1,1850.15,Online,0,
3021,2892,Electronics,59.23,4,1027.75,Cash,0,5.0
2887,2367,Clothing,395.01,2,960.07,Online,0,1.0
89,3362,Food,449.49,5,1279.12,Online,0,
1632,2351,Other,415.58,1,1221.17,Card,0,4.0
3680,1008,Clothing,365.26,3,1817.6,Online,1,3.0
4968,2409,Food,304.38,2,912.49,Cash,0,1.0
1538,1993,Electronics,101.49,1,682.03,Card,0,5.0
1107,2917,Electronics,250.05,4,445.42,Online,0,5.0
767,3597,Electronics,196.61,3,1920.08,Cash,0,5.0
2040,3893,Electronics,472.34,1,78.49,Online,0,2.0
653,2177,Clothing,10.32,4,1240.41,Card,0,2.0
1487,4586,Clothing,334.62,1,1388.34,Online,0,5.0
3810,4025,Other,186.38,3,1732.29,Card,0,3.0
4168,2888,Other,437.9,5,447.04,Card,0,4.0
1996,4889,Books,356.84,5,957.08,Online,0,3.0
1037,3249,Other,259.72,4,1408.61,Card,1,3.0
1216,1666,Electronics,452.87,3,463.59,Card,0,2.0
945,3754,Food,103.82,1,496.13,Cash,0,
2143,1570,Food,65.09,3,96.63,Card,0,
748,3092,Clothing,156.12,4,1304.05,Online,0,4.0
1540,2187,Electronics,389.13,3,1332.47,Cash,0,3.0
70,1812,Books,168.04,3,459.84,Cash,0,5.0
4077,3453,Clothing,231.27,1,156.22,Online,0,3.0
1448,2565,Food,254.5,3,997.93,Online,0,
1809,4889,Books,349.75,2,2395.34,Online,0,1.0
1281,2930,Clothing,267.83,3,1309.75,Card,0,5.0
834,3701,Food,483.43,5,1445.44,Cash,0,2.0
16,1873,Food,144.29,2,1202.32,Cash,0,4.0
3522,4083,Food,247.43,1,921.63,Online,0,2.0
2204,2491,Clothing,129.49,3,741.41,Cash,0,2.0
4742,2586,Books,441.94,2,2285.74,Online,0,4.0
4025,1975,Clothing,237.88,2,1789.52,Card,0,4.0
553,4601,Food,74.52,3,2464.38,Online,0,
2032,4109,Books,241.06,4,1391.81,Cash,0,5.0
72,3800,Clothing,27.87,4,1811.08,Online,0,1.0
40,1522,Other,459.27,2,102.24,Cash,0,4.0
774,2015,Other,335.92,5,169.98,Card,0,5.0
1574,3322,Clothing,262.87,4,1480.17,Online,0,1.0
1043,3463,Clothing,432.14,5,2128.1,Card,1,3.0
2248,3057,Other,229.26,5,1725.1,Online,0,3.0
3277,4182,Clothing,243.17,4,1831.94,Online,0,4.0
1186,4602,Food,325.56,2,1569.43,Cash,0,4.0
4878,2099,Electronics,358.78,4,479.36,Card,0,5.0
2589,2345,Food,91.64,5,249.08,Card,0,
4909,1294,Electronics,441.34,1,1361.07,Online,0,4.0
738,2584,Clothing,362.47,3,2292.84,Online,0,5.0
1972,4486,Other,284.28,5,1562.3,Online,0,4.0
2967,3552,Other,299.64,3,600.93,Cash,0,2.0
3207,1099,Clothing,40.05,4,1650.69,Online,0,1.0
1651,4442,Food,244.49,3,503.36,Cash,0,
1429,1991,Books,5.05,3,1931.51,Card,0,4.0
4663,1140,Food,141.61,2,1655.46,Cash,0,2.0
2573,3860,Other,389.47,3,232.09,Card,0,4.0
4378,3106,Clothing,353.71,1,698.92,Online,0,2.0
2203,2260,Other,140.59,2,1549.83,Cash,0,5.0
2558,2484,Electronics,435.79,4,324.27,Online,0,3.0
2623,4972,Food,493.59,5,363.94,Card,0,
1664,4007,Other,177.66,4,2138.06,Cash,0,2.0
4937,1958,Electronics,352.13,1,912.09,Online,0,1.0
3220,4084,Other,347.28,4,1814.7,Card,0,3.0
1059,3158,Other,58.3,1,1265.94,Card,0,4.0
322,2364,Clothing,370.94,2,2365.2,Cash,0,3.0
2547,2811,Clothing,335.83,2,1018.55,Card,0,1.0
38,3374,Other,207.16,4,1261.93,Online,0,4.0
881,4913,Electronics,82.39,4,703.67,Cash,0,5.0
1529,2537,Clothing,76.5,4,2367.48,Online,0,2.0
597,3469,Books,115.54,2,2082.43,Card,0,4.0
3314,2389,Clothing,72.68,4,327.21,Online,1,3.0
1296,4860,Books,88.29,4,26.92,Online,0,5.0
3060,1219,Electronics,65.47,4,1077.74,Online,0,3.0
2505,4549,Electronics,57.9,1,2102.25,Card,0,4.0
1740,4927,Books,252.43,3,1736.41,Card,1,3.0
3754,1801,Other,333.75,5,696.7,Cash,0,3.0
623,1260,Other,457.88,3,1746.88,Card,0,3.0
3188,3457,Clothing,266.31,2,551.99,Cash,0,2.0
2516,4857,Other,282.02,2,280.63,Online,0,1.0
4736,3751,Clothing,204.0,1,2424.39,Cash,0,4.0
2149,1471,Electronics,275.48,1,1245.92,Cash,0,2.0
4358,4132,Clothing,405.57,1,1547.54,Card,0,3.0
1788,2938,Electronics,249.95,4,1970.99,Online,0,5.0
4225,2419,Clothing,325.84,4,2278.84,Online,1,
2960,2643,Electronics,27.0,1,1131.09,Card,0,5.0
668,1061,Clothing,123.51,5,976.88,Online,0,5.0
1890,4282,Clothing,255.49,2,289.17,Online,0,3.0
3670,2943,Books,11.41,4,1136.21,Card,0,4.0
246,4457,Clothing,463.97,1,1504.68,Card,0,3.0
1631,4148,Clothing,368.08,4,565.67,Online,1,2.0
1013,4942,Other,11.05,4,1857.86,Online,0,3.0
2707,1574,Clothing,36.39,1,1942.76,Card,0,3.0
385,2025,Clothing,146.85,5,2134.73,Card,0,1.0
3836,2769,Clothing,7.66,1,1603.09,Online,0,2.0
2795,4052,Books,451.17,4,1046.05,Online,0,1.0
4087,3273,Electronics,25.23,4,1446.79,Cash,0,1.0
2540,4592,Clothing,164.96,1,1492.15,Card,0,4.0
4727,2154,Other,494.66,3,2271.56,Online,0,2.0
1291,2232,Electronics,331.13,2,422.22,Online,0,2.0
2066,4472,Food,306.17,4,1280.97,Cash,0,
3775,4212,Food,494.48,1,787.91,Card,0,
1869,4119,Books,237.61,1,700.86,Card,0,5.0
762,1974,Clothing,100.75,2,1208.23,Cash,0,1.0
728,1280,Electronics,402.62,5,73.02,Cash,0,5.0
4857,2009,Food,138.88,5,706.9,Online,1,
4850,2239,Other,104.74,2,1657.57,Online,0,5.0
4993,4229,Clothing,131.44,5,1851.78,Card,0,4.0
683,2711,Clothing,5.35,1,546.59,Cash,0,5.0
4144,3858,Electronics,37.28,4,2102.94,Cash,0,3.0
2969,3997,Other,192.3,4,2144.26,Cash,0,2.0
222,2394,Electronics,410.75,1,70.5,Online,0,4.0
4080,4178,Clothing,416.49,4,995.96,Online,0,2.0
1017,4265,Electronics,142.09,4,2398.03,Cash,0,5.0
3925,4725,Food,340.45,4,871.2,Card,0,1.0
4559,3007,Clothing,214.04,2,2262.39,Online,0,2.0
4013,4914,Clothing,495.68,1,454.46,Cash,1,1.0
226,3482,Electronics,338.93,2,967.49,Card,0,3.0
3565,1100,Electronics,152.5,3,603.23,Card,0,3.0
1544,4189,Clothing,365.37,4,2468.43,Card,0,1.0
4855,1603,Other,456.9,3,2383.13,Card,0,3.0
150,4985,Electronics,87.57,3,1842.63,Online,1,
4158,3365,Other,40.27,5,1202.26,Cash,0,2.0
341,2331,Books,198.44,5,1019.83,Cash,1,4.0
485,1185,Food,210.9,4,490.42,Card,0,
3976,3789,Books,431.33,2,534.21,Cash,0,4.0
3614,1043,Clothing,230.76,1,2251.06,Online,0,2.0
4423,4123,Electronics,250.14,3,1213.57,Cash,0,1.0
256,2687,Electronics,125.92,5,267.58,Cash,0,5.0
1308,3000,Food,57.54,4,1637.48,Card,0,4.0
4389,4035,Electronics,446.64,1,890.28,Online,1,1.0
3459,2991,Electronics,350.98,3,265.97,Online,0,3.0
1930,3547,Books,203.65,4,2457.17,Card,0,2.0
2533,1592,Books,170.42,3,2183.7,Cash,1,
313,3198,Other,28.42,4,1557.5,Card,0,5.0
3718,2488,Electronics,343.13,1,2125.35,Online,0,4.0
1218,1932,Books,480.99,4,1953.47,Online,0,2.0
4834,1373,Electronics,157.46,4,270.06,Cash,0,3.0
3942,4257,Electronics,111.3,2,342.67,Cash,0,2.0
155,1183,Electronics,445.16,1,38.35,Online,0,1.0
2825,4500,Books,474.09,3,2014.43,Card,1,
2815,3507,Clothing,401.63,5,2215.31,Online,0,2.0
91,1915,Other,165.38,5,1610.7,Card,0,5.0
1018,1111,Food,382.27,5,1060.79,Online,0,
4615,3999,Clothing,10.69,2,2246.85,Online,0,1.0
4143,3122,Electronics,220.76,3,1574.79,Cash,0,1.0
1140,2824,Books,405.6,3,1754.8,Online,0,2.0
586,4406,Electronics,175.35,1,1302.3,Cash,0,1.0
4021,2782,Food,282.13,4,1922.08,Online,0,
4315,4268,Food,99.3,1,1059.1,Card,0,4.0
55,2250,Other,452.23,1,51.02,Cash,0,5.0
1678,3177,Clothing,299.92,1,1304.01,Cash,0,5.0
1293,2985,Clothing,493.04,1,1885.42,Cash,0,2.0
1874,1547,Food,79.16,4,2126.24,Card,0,
1567,2242,Clothing,356.35,4,139.55,Online,0,1.0
3948,3047,Clothing,297.49,3,2428.82,Cash,0,1.0
3193,4098,Books,426.85,1,1346.3,Card,0,5.0
1794,1711,Clothing,315.97,3,1990.8,Online,0,3.0
461,1905,Clothing,430.41,5,987.36,Online,0,2.0
3315,4566,Other,176.75,4,1208.4,Card,0,1.0
3656,4319,Other,221.15,3,1974.06,Online,0,3.0
3305,2825,Food,125.35,5,2061.32,Card,0,
1542,1002,Clothing,283.6,5,1490.93,Cash,0,3.0
867,4212,Books,142.7,5,1717.05,Online,0,3.0
2345,3004,Clothing,19.45,1,1217.77,Card,0,4.0
4310,3368,Food,117.55,3,450.59,Online,0,4.0
2117,4393,Clothing,418.86,4,135.55,Cash,0,2.0
4761,4419,Electronics,281.11,1,272.49,Card,0,2.0
3729,3204,Clothing,96.37,1,2272.44,Online,0,4.0
257,2991,Electronics,10.83,4,1564.41,Cash,0,5.0
4595,3083,Food,485.05,5,113.73,Card,0,1.0
4534,2202,Clothing,39.64,3,1132.32,Online,1,
2972,3206,Food,44.45,1,1731.92,Card,0,2.0
2207,2846,Electronics,246.18,1,1161.62,Cash,0,5.0
3471,1106,Electronics,215.06,4,434.96,Online,0,2.0
1680,4226,Books,328.02,4,1571.57,Online,1,
2083,1870,Clothing,383.0,2,156.43,Cash,0,1.0
1947,3637,Clothing,129.99,3,356.03,Cash,0,4.0
4370,1646,Books,71.59,5,2471.89,Cash,0,4.0
2830,1559,Food,140.44,4,327.13,Online,1,4.0
4342,1162,Clothing,56.46,3,2421.9,Cash,0,4.0
2908,3534,Books,43.27,2,1072.65,Cash,1,
1472,2632,Other,163.07,5,2068.59,Online,1,2.0
191,2930,Other,33.79,1,378.05,Card,0,4.0
977,4648,Other,429.72,4,1047.77,Online,0,2.0
917,1336,Clothing,236.14,1,1426.19,Online,0,2.0
2766,3849,Food,300.28,5,2092.67,Card,0,1.0
185,2290,Other,147.34,1,898.4,Card,0,2.0
4780,1454,Books,347.2,3,2476.01,Online,0,3.0
1132,1340,Books,30.1,4,1797.91,Cash,0,3.0
3913,1733,Clothing,384.59,5,920.1,Card,0,3.0
848,1870,Clothing,377.07,1,340.87,Card,0,2.0
570,3668,Clothing,442.97,3,2158.67,Cash,0,1.0
3651,1586,Other,274.2,2,529.59,Online,0,1.0
2575,3865,Books,347.1,2,2158.19,Card,0,1.0
3120,2320,Books,298.82,3,2099.94,Card,0,3.0
262,4345,Food,312.42,4,1399.78,Cash,0,1.0
2585,2705,Clothing,110.03,5,2363.66,Card,0,4.0
1916,3004,Clothing,266.71,5,1437.55,Cash,0,3.0
32,3057,Clothing,493.16,1,69.33,Card,0,2.0
2579,2343,Clothing,388.72,4,833.19,Cash,0,2.0
4203,3331,Food,29.84,2,1090.42,Card,0,
354,2642,Books,491.04,3,225.25,Cash,0,5.0
3074,2772,Electronics,93.96,2,1593.38,Online,0,5.0
566,3871,Electronics,421.98,4,1105.86,Card,0,5.0
1256,3389,Electronics,59.94,3,1392.46,Cash,0,1.0
1992,4241,Clothing,485.65,4,546.19,Card,0,4.0
2006,4243,Electronics,168.31,4,67.67,Online,0,5.0
4795,4337,Food,177.39,3,1582.2,Card,0,
1000,4584,Other,204.81,3,1585.8,Card,0,3.0
147,1823,Books,136.78,4,197.19,Card,0,3.0
1075,3520,Clothing,415.7,3,919.42,Card,0,4.0
3640,2342,Food,423.74,1,2081.36,Card,0,
1749,4590,Other,397.37,4,1305.78,Cash,0,5.0
1278,2126,Clothing,251.86,5,2030.89,Card,0,1.0
49,3012,Clothing,60.72,2,613.39,Online,0,2.0
1604,1412,Other,250.12,4,1238.04,Card,0,4.0
1575,3117,Clothing,278.36,1,2074.21,Online,0,3.0
209,3835,Electronics,337.66,2,1804.71,Cash,0,5.0
1793,4334,Clothing,318.82,1,841.32,Online,0,4.0
300,1358,Clothing,294.06,4,2430.28,Card,0,5.0
2592,2038,Electronics,202.2,5,2063.82,Cash,0,2.0
3097,4939,Other,346.36,5,1032.86,Card,0,1.0
190,1142,Clothing,5.26,5,23.71,Online,0,5.0
1187,3318,Food,99.81,2,1436.33,Online,0,4.0
3087,1983,Electronics,212.44,3,99.88,Online,0,1.0
693,2277,Clothing,222.17,5,1656.63,Online,1,4.0
4806,2429,Clothing,415.77,1,16.75,Online,0,4.0
4620,3526,Books,169.39,1,140.12,Cash,0,4.0
2921,2987,Clothing,128.19,5,1768.66,Card,0,2.0
582,1338,Clothing,138.48,1,432.66,Online,0,5.0
2234,3059,Electronics,146.8,2,2317.6,Cash,0,1.0
1913,2461,Electronics,185.51,5,480.98,Online,0,5.0
1876,1710,Food,22.21,2,874.79,Cash,0,
1118,3547,Other,129.66,5,1601.42,Card,1,2.0
3607,3472,Food,495.75,4,1057.97,Card,0,5.0
1576,1046,Electronics,47.73,3,150.67,Online,0,5.0
1147,1504,Clothing,322.18,1,825.69,Online,0,4.0
2198,4195,Food,316.7,4,782.98,Online,0,5.0
2563,1560,Books,226.85,1,154.05,Cash,0,1.0
4093,1870,Electronics,403.34,4,377.65,Online,0,1.0
4109,1878,Clothing,273.51,5,202.58,Cash,0,4.0
538,2583,Food,335.1,2,1664.07,Cash,0,2.0
550,3778,Books,363.2,4,246.12,Card,0,1.0
4874,3463,Electronics,365.32,5,1326.41,Card,0,1.0
279,1139,Other,186.57,2,2412.23,Card,0,5.0
1814,2708,Clothing,235.64,5,1465.01,Card,0,2.0
2012,2356,Other,112.75,5,659.61,Card,0,5.0
1444,4323,Electronics,478.75,1,827.15,Online,0,3.0
1465,1950,Books,257.14,1,60.99,Card,0,4.0
1171,3911,Food,311.02,3,796.26,Card,0,
2229,1182,Other,384.78,5,1773.57,Cash,0,3.0
1899,4191,Clothing,485.67,2,2198.16,Card,0,5.0
4914,1612,Clothing,223.65,5,873.29,Card,0,5.0
1367,2580,Books,204.73,2,904.29,Cash,0,2.0
391,1836,Clothing,333.68,2,1898.49,Card,0,3.0
335,1607,Books,172.6,5,2059.32,Online,0,4.0
907,2462,Electronics,48.05,4,2095.39,Cash,0,5.0
4943,2855,Food,85.41,2,803.87,Card,0,
3083,1506,Electronics,439.9,2,184.0,Cash,0,4.0
4575,4963,Food,373.02,4,1933.38,Online,0,
253,1520,Clothing,91.7,1,1732.35,Cash,0,1.0
4862,2191,Books,419.43,2,2144.11,Online,0,1.0
2446,4135,Electronics,6.81,4,1944.81,Online,0,4.0
4782,3558,Clothing,182.13,5,1545.14,Online,0,2.0
2048,4232,Electronics,231.73,4,1079.14,Cash,0,2.0
4743,3060,Books,376.73,4,2240.83,Online,0,3.0
3127,1373,Clothing,14.57,1,2421.13,Card,0,3.0
3300,4408,Clothing,133.64,4,103.16,Online,0,3.0
291,2030,Clothing,200.2,5,1855.15,Cash,0,3.0
4020,4135,Food,219.06,3,2473.24,Cash,0,2.0
2081,4099,Clothing,138.67,1,602.59,Cash,0,5.0
1309,2417,Food,8.74,1,1704.16,Card,1,
1442,2804,Electronics,372.94,3,953.22,Card,0,2.0
1394,4833,Books,304.35,5,1570.65,Card,1,
4524,4749,Books,33.07,2,70.29,Cash,0,5.0
3752,1648,Clothing,164.67,3,1504.37,Card,0,2.0
870,2666,Books,120.89,4,1934.14,Cash,0,3.0
3722,1290,Food,38.29,2,1224.19,Card,0,
1843,2820,Other,492.28,5,1320.96,Cash,0,1.0
1504,1113,Food,415.59,3,1074.31,Cash,0,2.0
207,1420,Other,252.15,4,1275.51,Cash,0,3.0
4183,2902,Food,238.77,2,1276.88,Cash,0,4.0
955,3191,Other,56.68,4,603.29,Online,0,2.0
4682,4725,Electronics,301.35,1,1065.62,Card,0,5.0
164,1734,Clothing,382.62,1,2359.13,Online,0,3.0
1563,4328,Electronics,41.34,5,258.86,Card,0,4.0
818,2933,Food,42.05,5,618.91,Card,0,2.0
4006,3465,Clothing,406.57,1,549.46,Card,0,2.0
4841,4321,Other,248.01,2,450.75,Online,0,1.0
4064,2650,Electronics,6.78,1,1071.75,Cash,0,2.0
236,1364,Food,218.18,2,1338.2,Online,0,
3118,2978,Clothing,336.34,5,2458.38,Card,0,2.0
521,2069,Clothing,261.54,5,1572.23,Cash,1,
3173,1003,Food,341.26,5,2209.12,Card,0,
4050,1564,Electronics,11.87,1,1266.0,Card,0,4.0
2351,4474,Books,159.46,4,2248.67,Cash,0,3.0
1056,4975,Clothing,76.04,1,920.46,Online,0,4.0
2765,2181,Electronics,455.38,3,983.03,Online,0,5.0
3871,3093,Food,44.7,1,2175.69,Card,1,4.0
1759,4956,Books,7.03,3,2206.17,Card,0,4.0
4218,1065,Food,431.38,3,1024.89,Cash,0,2.0
3978,2250,Clothing,439.95,5,200.43,Card,0,3.0
2503,1318,Clothing,334.98,1,192.11,Online,0,4.0
1165,1447,Clothing,450.78,4,2154.58,Card,0,4.0
1580,4325,Food,351.8,1,2034.51,Online,0,
2855,2083,Food,478.77,1,1011.74,Online,0,3.0
3292,1422,Books,167.06,3,2216.79,Online,0,5.0
755,3414,Food,185.62,4,855.93,Cash,0,1.0
3975,2412,Electronics,449.76,4,1705.08,Cash,0,2.0
2439,1389,Electronics,182.12,4,2023.73,Cash,0,3.0
2432,1623,Clothing,10.2,1,1827.84,Online,0,3.0
3883,3752,Other,335.81,4,1777.59,Online,0,3.0
546,1265,Clothing,195.46,3,244.29,Online,0,4.0
620,2946,Electronics,401.37,2,443.5,Online,0,5.0
1282,1654,Other,494.26,4,448.26,Card,0,2.0
1727,1046,Books,384.31,2,333.72,Card,0,3.0
3652,4429,Food,35.96,3,923.54,Card,0,2.0
3339,2686,Other,224.09,1,355.59,Online,0,3.0
304,1814,Other,410.12,4,1167.6,Card,0,5.0
3211,3342,Electronics,219.11,1,24.77,Online,0,5.0
130,3084,Clothing,152.65,4,1790.45,Cash,0,4.0
3641,3982,Other,54.82,5,1502.02,Cash,0,4.0
2280,4400,Electronics,339.96,4,2230.74,Online,0,2.0
2495,4827,Other,498.87,3,1745.89,Card,0,1.0
372,1629,Food,113.12,3,767.17,Card,0,4.0
4113,1982,Other,225.42,1,1459.04,Cash,0,5.0
2610,1165,Electronics,431.44,2,80.47,Cash,0,5.0
2123,4391,Books,157.96,3,38.08,Online,0,3.0
378,3729,Electronics,379.68,2,34.94,Card,0,3.0
1039,1364,Books,219.05,5,1330.02,Online,0,3.0
1488,1527,Other,127.72,1,224.74,Cash,0,5.0
773,3675,Clothing,189.73,4,1484.24,Cash,0,5.0
3983,2328,Electronics,164.14,1,158.79,Online,0,1.0
2414,1504,Books,185.85,2,2128.69,Online,0,1.0
2721,3433,Clothing,169.9,5,2119.56,Online,0,1.0
2749,1655,Electronics,206.66,2,1362.5,Cash,0,1.0
3597,3254,Electronics,81.52,3,1514.47,Card,0,2.0
1279,2750,Electronics,313.79,4,1715.89,Cash,0,5.0
4260,1774,Electronics,213.02,1,1821.27,Card,0,1.0
1307,1949,Clothing,298.13,1,2040.8,Cash,0,2.0
3675,3162,Other,351.52,1,1439.54,Card,0,1.0
798,1178,Other,181.44,2,1767.98,Online,1,3.0
556,4094,Electronics,248.24,4,2470.18,Card,0,1.0
3318,1958,Books,99.02,3,439.91,Card,0,2.0
2807,4576,Other,464.37,4,828.72,Card,0,1.0
3860,1617,Other,127.58,4,2090.91,Online,0,5.0
1386,3906,Clothing,23.31,1,145.79,Card,0,3.0
1138,2205,Clothing,399.53,1,53.31,Cash,1,
2496,2136,Clothing,228.9,4,1949.81,Card,0,5.0
3530,3928,Clothing,161.85,2,216.12,Card,0,2.0
3591,1239,Clothing,354.2,1,331.32,Online,0,1.0
695,2699,Other,56.84,5,615.09,Card,0,2.0
1713,1161,Other,114.52,2,125.97,Cash,0,1.0
1016,4959,Other,68.74,2,993.97,Cash,1,
1683,1494,Clothing,68.81,2,229.29,Cash,0,3.0
1149,4142,Books,58.92,4,213.4,Card,1,5.0
2286,1365,Food,255.7,2,2360.7,Cash,0,
2810,2115,Food,216.84,5,1447.83,Card,1,
216,3377,Clothing,119.94,3,935.56,Card,1,
2384,3627,Clothing,203.15,3,2076.44,Card,1,1.0
1333,1847,Clothing,449.96,5,691.06,Card,0,5.0
399,4001,Clothing,216.9,4,2263.69,Cash,0,2.0
3627,1380,Clothing,151.38,3,2288.71,Online,0,1.0
2333,4023,Other,482.23,1,634.49,Online,0,4.0
726,2428,Electronics,451.99,1,1197.81,Online,0,2.0
984,1709,Electronics,468.58,5,1851.2,Cash,0,3.0
4414,3426,Electronics,198.89,2,2121.65,Online,0,4.0
645,4638,Electronics,151.89,4,1870.48,Online,0,5.0
4446,2601,Clothing,376.05,3,841.39,Online,0,3.0
794,3120,Clothing,170.19,1,540.34,Card,0,2.0
4479,3705,Electronics,65.59,5,362.45,Online,0,4.0
3405,2625,Electronics,88.69,2,427.06,Online,0,4.0
4568,4995,Other,318.55,3,450.37,Card,0,3.0
460,3267,Electronics,60.5,1,144.08,Card,0,1.0
4884,4913,Food,438.81,1,1482.69,Online,0,
4541,1384,Food,284.08,5,421.08,Card,0,
4229,1375,Food,246.51,4,1676.32,Card,0,
183,3964,Electronics,112.26,3,725.49,Online,0,3.0
176,2861,Electronics,352.58,4,2180.04,Card,0,4.0
4711,2146,Other,420.16,5,1582.16,Cash,0,2.0
1411,2348,Other,127.67,4,176.0,Card,1,
4079,2692,Electronics,406.54,5,964.19,Cash,0,5.0
2483,4546,Other,213.53,3,2498.55,Cash,0,1.0
4793,1646,Clothing,496.78,2,1158.68,Cash,0,4.0
2102,2388,Other,199.84,2,1619.17,Card,0,5.0
3114,2560,Food,94.44,4,1666.87,Card,0,
482,1412,Electronics,350.43,2,2239.97,Card,0,3.0
3769,1947,Books,169.68,4,1785.67,Online,0,2.0
1895,4596,Clothing,199.38,5,1010.96,Card,0,1.0
531,3228,Clothing,321.95,2,1602.51,Cash,0,4.0
3109,2318,Electronics,248.84,2,2207.61,Card,0,4.0
3809,3452,Electronics,387.13,4,1877.61,Card,0,2.0
376,1079,Clothing,101.91,1,1986.2,Card,0,1.0
3478,4191,Electronics,258.66,3,870.49,Card,1,5.0
2937,2451,Food,8.77,3,2127.98,Card,0,
4316,2953,Electronics,344.91,3,1610.53,Cash,0,4.0
148,2767,Food,133.42,5,1277.38,Card,0,
2011,1626,Other,354.53,5,157.79,Card,0,2.0
1450,1523,Food,141.45,2,1426.23,Card,0,5.0
477,4549,Clothing,307.32,4,1917.98,Card,0,3.0
3609,4187,Electronics,403.98,2,119.19,Cash,0,3.0
1505,4029,Food,290.47,1,1796.6,Cash,0,
1393,3411,Electronics,321.83,5,151.57,Card,0,4.0
3840,2542,Food,358.19,5,761.25,Cash,0,1.0
2886,1631,Books,205.88,5,1657.17,Card,0,3.0
4722,2617,Clothing,353.29,5,1942.98,Card,0,1.0
680,1541,Clothing,211.33,1,806.7,Online,0,3.0
942,4037,Other,121.74,3,151.47,Cash,0,2.0
1397,1968,Books,38.68,1,1036.14,Cash,0,2.0
4566,2363,Food,307.67,2,11.38,Card,0,3.0
120,3941,Other,427.1,3,244.33,Online,0,3.0
4940,2744,Food,367.23,3,376.09,Cash,0,
729,2660,Books,242.28,3,180.54,Card,0,5.0
1240,3830,Electronics,468.05,3,56.21,Online,0,1.0
227,2931,Books,133.01,2,2047.68,Online,0,3.0
3051,2532,Clothing,464.09,2,2244.52,Cash,0,1.0
1343,1236,Clothing,131.73,4,1066.5,Online,0,4.0
2680,4935,Books,52.73,5,823.47,Online,0,5.0
816,2488,Electronics,120.29,4,1746.2,Card,0,2.0
3534,2417,Other,462.79,3,1269.99,Cash,0,3.0
2827,2383,Clothing,104.7,2,550.02,Card,0,5.0
3709,4340,Food,233.71,4,1675.02,Cash,0,5.0
4605,3283,Clothing,436.73,1,2049.22,Cash,0,3.0
2324,4463,Other,301.76,1,193.85,Online,0,3.0
724,4559,Other,315.67,3,1654.81,Cash,0,3.0
2912,4378,Clothing,52.16,3,421.66,Card,0,4.0
2167,3264,Other,334.35,2,1114.56,Card,0,3.0
2565,2413,Books,351.83,1,428.25,Cash,0,2.0
986,4399,Other,472.35,5,1918.34,Cash,1,
4199,2676,Clothing,453.13,1,1890.19,Online,0,5.0
121,1169,Clothing,321.38,5,725.28,Online,0,1.0
2566,2318,Clothing,18.64,2,896.32,Online,0,3.0
4040,1588,Food,80.53,3,1281.73,Cash,0,4.0
2672,4188,Books,198.4,5,637.37,Card,0,2.0
2115,3377,Clothing,45.18,3,497.8,Online,0,5.0
783,4732,Electronics,307.93,1,1414.26,Cash,0,1.0
4189,2025,Clothing,437.89,5,1212.57,Card,0,4.0
1646,4336,Food,12.92,2,1380.89,Cash,0,3.0
161,4539,Books,45.3,2,1006.55,Card,0,2.0
3929,3806,Clothing,444.27,1,580.41,Online,0,2.0
3698,3930,Food,18.77,4,815.19,Cash,0,
1164,3013,Clothing,164.13,1,2152.79,Online,0,3.0
4450,2975,Food,234.64,4,867.07,Card,0,
3099,4093,Books,56.6,1,2019.42,Online,0,2.0
3527,1982,Electronics,260.82,4,140.99,Online,0,1.0
4147,2781,Food,127.96,3,2483.71,Card,0,4.0
2659,1679,Electronics,103.22,1,2437.52,Card,1,2.0
3996,4514,Clothing,431.27,2,1599.55,Card,0,3.0
4539,4544,Other,290.03,5,2240.89,Cash,0,1.0
712,4492,Other,422.76,5,2025.8,Card,0,5.0
2901,3290,Food,419.11,1,899.14,Card,0,1.0
2869,1057,Electronics,23.82,2,1965.16,Card,0,2.0
982,3001,Other,113.44,1,1360.68,Online,0,5.0
1406,2882,Clothing,460.91,4,688.51,Card,1,5.0
535,2884,Books,453.76,3,1178.55,Card,0,3.0
1067,2989,Electronics,413.86,4,2216.76,Online,0,5.0
4030,2511,Clothing,273.17,1,970.41,Online,0,2.0
3029,1257,Electronics,479.24,4,1157.37,Card,0,3.0
1496,4638,Clothing,472.86,2,2280.3,Cash,0,2.0
4721,2499,Electronics,218.96,1,145.93,Online,0,1.0
1242,3275,Clothing,352.99,4,610.73,Cash,0,3.0
555,4762,Other,174.08,5,289.33,Online,0,4.0
4117,2110,Electronics,102.83,2,1497.74,Cash,0,4.0
4662,3772,Electronics,26.88,1,2482.42,Online,0,4.0
4288,2376,Electronics,386.11,4,173.79,Online,0,4.0
557,4456,Food,463.23,2,1017.03,Cash,0,
4828,4221,Clothing,377.74,4,1272.36,Cash,0,1.0
1230,2656,Electronics,223.21,3,1494.61,Card,0,4.0
4760,4809,Other,351.35,1,2255.83,Online,0,2.0
1289,4719,Other,213.92,2,1946.58,Card,0,2.0
2445,4615,Other,68.72,4,643.66,Cash,0,5.0
1730,3213,Electronics,179.54,5,1190.66,Online,1,
1824,1168,Clothing,190.21,5,1698.08,Cash,0,2.0
2746,3608,Books,420.99,1,1315.41,Cash,0,5.0
4762,4246,Clothing,19.83,4,624.64,Card,0,1.0
218,3857,Electronics,312.98,3,1657.75,Cash,0,4.0
3892,3476,Books,462.9,4,381.21,Online,0,4.0
1232,1792,Other,415.35,3,215.84,Cash,0,5.0
4754,2449,Clothing,298.39,4,1623.46,Card,1,4.0
2327,2533,Clothing,203.76,4,1938.09,Card,0,4.0
1747,2978,Electronics,60.95,4,2235.54,Online,0,3.0
2772,1135,Clothing,344.4,1,93.08,Card,0,5.0
2058,3508,Books,8.43,1,1484.14,Card,1,
1748,3558,Clothing,410.81,3,1150.04,Card,0,3.0
933,3126,Clothing,315.94,5,1618.95,Online,1,4.0
3803,4960,Books,388.7,5,163.77,Card,0,4.0
2860,3725,Electronics,115.45,4,1045.32,Card,0,1.0
428,1635,Clothing,362.14,1,2461.64,Cash,0,5.0
2031,1442,Electronics,355.94,2,1878.3,Card,1,2.0
1698,3916,Books,332.12,2,1046.34,Card,0,2.0
4082,1356,Other,357.89,5,838.15,Cash,0,5.0
1049,4474,Food,422.17,2,558.12,Online,0,
407,4914,Clothing,409.47,1,718.47,Card,1,2.0
2094,4906,Other,363.61,2,565.5,Online,0,4.0
2748,3532,Food,395.45,4,181.44,Card,0,4.0
522,3122,Clothing,48.3,1,10.16,Cash,0,4.0
3838,3316,Books,211.27,5,1014.17,Cash,0,3.0
4276,4229,Clothing,389.99,3,2419.12,Online,0,3.0
888,2778,Food,495.07,1,2317.39,Card,0,
3352,3907,Electronics,423.09,2,2340.08,Online,0,3.0
3141,2388,Books,460.05,2,1077.56,Online,0,3.0
2671,3108,Food,303.41,3,509.26,Cash,0,
3850,2360,Electronics,159.22,1,1129.73,Cash,0,1.0
2899,1098,Electronics,55.93,4,2276.3,Card,0,5.0
2425,3704,Clothing,320.64,3,1275.49,Cash,0,1.0
2157,3054,Clothing,470.21,2,2361.29,Cash,0,4.0
1166,2720,Electronics,336.52,1,75.29,Online,0,4.0
2375,3252,Clothing,271.55,4,1990.82,Cash,0,5.0
1770,4761,Clothing,417.9,5,956.03,Card,0,1.0
2354,2974,Clothing,203.65,1,2131.74,Online,0,1.0
2250,1087,Books,90.55,3,1559.63,Card,0,5.0
971,4754,Other,183.74,5,51.0,Online,0,3.0
1210,1187,Books,240.79,1,1327.73,Cash,0,1.0
2373,1295,Electronics,281.89,3,1324.86,Online,0,2.0
224,2890,Clothing,438.11,1,1511.67,Card,0,3.0
4522,4605,Food,407.47,5,1956.96,Cash,0,
3792,4755,Clothing,236.83,1,60.95,Cash,0,5.0
2990,3224,Clothing,389.11,5,185.17,Card,0,3.0
2454,4793,Food,70.66,4,2177.84,Cash,0,
4505,3938,Food,138.02,2,1401.73,Card,0,2.0
3935,4756,Food,372.61,2,720.71,Online,0,
4586,2797,Clothing,159.18,2,2465.82,Cash,0,4.0
835,1757,Electronics,96.79,1,1283.79,Online,0,3.0
3800,2842,Food,351.0,3,1438.5,Online,0,
4952,3438,Electronics,489.34,2,1360.42,Online,0,3.0
4174,3861,Electronics,205.5,1,1257.49,Card,0,4.0
2277,3187,Clothing,465.22,3,773.6,Cash,0,2.0
2994,1776,Other,349.77,5,970.64,Online,0,3.0
3771,2960,Food,387.43,5,1503.17,Online,0,1.0
915,4367,Electronics,228.48,4,795.85,Online,0,1.0
776,2748,Clothing,32.89,5,789.28,Cash,0,3.0
1565,3611,Clothing,313.06,1,2265.79,Card,0,3.0
3190,2238,Other,379.0,4,1742.51,Online,0,2.0
845,2081,Electronics,65.84,5,1028.12,Online,0,4.0
2332,3347,Food,67.33,2,651.8,Online,1,
1233,2250,Other,85.87,4,574.72,Cash,0,4.0
2548,1724,Books,83.37,3,11.34,Online,0,4.0
4831,2548,Clothing,378.68,2,1990.9,Card,0,5.0
545,4154,Electronics,477.77,5,1109.5,Card,0,5.0
3868,3708,Clothing,134.06,3,1210.4,Card,0,2.0
3104,4465,Clothing,81.11,4,2457.7,Online,0,2.0
948,1566,Electronics,45.46,4,2439.06,Card,0,3.0
4371,3416,Other,126.35,3,1796.96,Card,0,1.0
465,2089,Clothing,23.23,3,817.41,Card,0,5.0
1827,4456,Clothing,404.1,2,1740.65,Cash,0,4.0
2576,2077,Clothing,132.73,5,202.85,Card,0,5.0
4482,2723,Clothing,221.01,4,487.41,Online,0,2.0
576,4372,Books,70.75,3,1058.68,Online,0,5.0
1237,1137,Books,325.57,2,874.13,Online,0,1.0
4403,2248,Clothing,79.21,1,1760.77,Card,0,4.0
4810,3823,Other,202.32,1,1329.22,Card,0,2.0
4547,1978,Electronics,366.55,3,426.94,Card,0,5.0
2862,3727,Clothing,211.53,1,1466.36,Cash,1,3.0
2878,2161,Other,260.4,3,1130.97,Cash,0,4.0
4400,4022,Clothing,489.41,1,416.57,Cash,0,1.0
3509,1808,Food,205.02,5,1309.47,Card,0,
537,3305,Food,161.84,1,1564.97,Card,0,2.0
541,1949,Clothing,132.7,3,365.75,Cash,0,5.0
4299,4981,Clothing,391.4,2,1503.32,Cash,1,5.0
2108,3800,Clothing,245.1,1,2269.99,Online,0,5.0
3797,4780,Books,272.61,5,1084.97,Card,0,4.0
3121,1043,Books,336.08,5,1021.01,Cash,0,4.0
4108,1353,Clothing,468.49,2,398.59,Card,0,3.0
3548,1705,Electronics,392.13,4,2466.25,Card,1,
3819,1939,Books,416.64,1,108.36,Card,0,3.0
4587,2349,Food,323.93,3,1636.35,Card,0,5.0
1953,3423,Clothing,175.97,5,999.18,Online,0,1.0
2281,4281,Food,422.03,5,2274.23,Online,0,
3384,3924,Books,306.35,4,1110.93,Cash,0,3.0
3437,3153,Electronics,221.47,4,2010.92,Online,0,5.0
4497,4415,Books,59.26,1,478.83,Card,0,4.0
2643,3807,Food,111.57,1,1409.55,Online,0,
650,1020,Clothing,19.85,3,1845.27,Card,0,2.0
3488,3284,Books,318.38,5,2453.01,Card,0,3.0
536,4836,Books,233.67,4,1168.58,Cash,0,1.0
3186,2640,Clothing,247.95,3,276.72,Cash,1,5.0
2641,1587,Food,442.23,2,157.81,Online,0,5.0
544,1647,Electronics,369.85,5,1878.05,Card,0,3.0
213,4374,Clothing,162.25,2,443.83,Online,0,3.0
3107,2148,Electronics,89.0,5,1058.52,Cash,0,1.0
2963,2162,Electronics,480.29,4,971.52,Card,0,4.0
1643,2359,Clothing,48.95,3,1112.26,Cash,1,3.0
2283,2596,Books,236.66,4,815.92,Online,1,3.0
4413,1203,Other,352.37,1,2493.19,Online,0,4.0
4100,4301,Other,145.65,1,722.58,Card,0,5.0
1513,2318,Clothing,30.19,3,1427.83,Cash,0,4.0
771,2799,Clothing,35.92,4,368.44,Cash,0,2.0
425,1779,Clothing,343.11,4,613.54,Cash,1,3.0
106,3261,Other,366.25,2,192.06,Card,0,3.0
2804,2434,Food,288.38,2,736.22,Online,0,
1038,2558,Electronics,301.3,4,1847.85,Card,1,2.0
4617,2024,Electronics,174.84,5,1493.57,Card,0,3.0
3990,4391,Food,281.78,2,71.43,Online,0,3.0
4704,3147,Food,422.87,4,327.69,Card,1,
587,2532,Electronics,217.07,1,2361.71,Online,0,5.0
1625,3804,Other,376.1,4,589.03,Online,0,4.0
3799,3364,Clothing,464.27,3,1278.07,Card,0,2.0
1314,4001,Clothing,337.64,4,416.48,Card,0,3.0
1965,4494,Electronics,32.79,3,690.2,Cash,0,2.0
3379,1362,Food,327.29,5,1317.43,Card,0,
4172,2846,Books,316.99,1,2468.57,Online,0,1.0
4381,3844,Clothing,70.33,2,983.78,Card,0,4.0
3777,1112,Other,188.47,3,187.24,Online,0,3.0
4445,1679,Other,211.37,2,292.17,Online,0,2.0
1079,2329,Food,8.09,2,367.72,Card,0,
3147,2095,Other,342.82,5,1608.91,Cash,0,5.0
3806,4157,Food,283.51,5,1695.16,Online,0,4.0
3953,3686,Clothing,437.84,4,95.03,Online,0,2.0
4609,2279,Electronics,149.96,2,1817.39,Online,0,2.0
4257,3093,Electronics,6.51,4,80.2,Card,0,2.0
3624,3716,Clothing,330.02,1,174.74,Card,0,5.0
3553,1740,Food,320.71,2,871.63,Online,0,3.0
390,4217,Food,219.45,3,333.06,Online,0,5.0
2453,4534,Electronics,58.15,1,741.31,Card,0,5.0
4111,4645,Clothing,349.23,3,1914.62,Card,0,5.0
2626,1550,Electronics,468.16,4,1198.02,Cash,0,5.0
1685,1081,Clothing,195.28,4,280.22,Card,0,4.0
3906,2687,Electronics,56.8,3,17.96,Cash,0,1.0
4627,4357,Food,266.0,1,801.27,Cash,0,5.0
4792,3133,Food,446.44,2,2043.96,Cash,0,1.0
1961,3424,Books,468.35,2,864.0,Online,0,2.0
603,3216,Clothing,46.42,2,1216.68,Cash,0,4.0
2530,4608,Books,58.1,3,1049.01,Cash,0,2.0
1754,3900,Clothing,453.45,1,402.48,Cash,0,1.0
2950,2612,Electronics,283.92,3,2138.06,Card,0,4.0
569,2830,Clothing,83.18,2,2286.74,Cash,0,3.0
4070,4449,Books,392.77,3,544.99,Online,0,3.0
2564,1363,Food,342.15,2,1967.27,Online,0,
2919,3050,Clothing,164.67,1,475.35,Card,1,
4995,2071,Books,457.48,2,967.98,Card,1,
1891,4796,Food,348.11,5,1957.45,Card,1,5.0
3209,1859,Other,472.01,2,182.21,Card,0,1.0
1206,3443,Clothing,359.29,5,203.32,Online,0,3.0
2239,3913,Other,176.61,3,2088.23,Cash,1,5.0
3724,4026,Clothing,326.42,2,2039.57,Online,0,2.0
3098,1978,Electronics,236.62,5,698.95,Online,0,4.0
1426,4960,Clothing,111.52,3,1155.64,Card,0,1.0
3875,3692,Electronics,157.16,2,2087.0,Online,0,5.0
3411,1761,Clothing,285.17,3,2288.99,Card,0,2.0
2310,2115,Books,370.83,5,2279.6,Cash,0,3.0
3313,2485,Clothing,63.86,1,789.92,Online,0,4.0
3424,4247,Clothing,416.71,4,1836.32,Online,0,3.0
4533,1827,Books,28.56,3,188.71,Online,0,5.0
2063,3593,Clothing,383.34,1,1123.52,Cash,0,3.0
4333,3447,Clothing,147.19,4,2431.72,Cash,0,1.0
660,3344,Other,111.53,2,1294.34,Online,1,4.0
4935,3101,Books,407.0,3,985.9,Cash,0,4.0
1917,4299,Books,340.05,4,444.77,Card,0,1.0
2622,2109,Other,37.65,4,880.64,Cash,0,5.0
3826,2785,Electronics,394.63,1,1474.31,Online,0,2.0
4275,3796,Books,177.21,4,21.41,Card,0,4.0
2552,1005,Electronics,61.77,4,2417.72,Card,0,1.0
2258,4607,Clothing,407.53,4,2308.27,Online,0,3.0
3931,4264,Books,361.22,5,1247.91,Online,0,2.0
4471,1451,Clothing,378.15,4,693.29,Cash,0,1.0
1745,1695,Clothing,40.36,4,1606.12,Cash,1,1.0
4444,1952,Clothing,446.95,3,1171.65,Card,0,2.0
1750,3499,Books,254.28,2,2183.46,Online,0,2.0
3323,2084,Clothing,492.02,5,2298.13,Card,0,1.0
674,1695,Other,239.58,1,796.1,Card,0,3.0
4023,3615,Food,131.4,5,336.87,Card,0,5.0
1417,2431,Other,37.18,3,1078.24,Card,0,3.0
559,4827,Clothing,436.58,4,1959.77,Online,1,2.0
4247,1540,Books,43.85,1,251.5,Online,1,
1320,2274,Electronics,294.93,3,2418.04,Online,0,5.0
3409,2107,Books,375.19,1,2109.89,Card,0,1.0
3380,4801,Electronics,353.73,2,803.53,Card,0,3.0
2974,1013,Electronics,306.92,2,64.29,Online,0,1.0
2652,3183,Food,473.3,1,1702.92,Card,0,
2888,4775,Other,253.31,2,1375.17,Cash,0,5.0
156,4608,Books,354.32,2,1585.65,Card,0,4.0
3234,4472,Books,67.55,3,210.2,Card,0,3.0
4613,3072,Electronics,182.43,2,1589.18,Card,0,4.0
2046,4265,Clothing,403.98,3,664.44,Card,0,2.0
2620,3213,Electronics,78.35,4,1321.71,Card,0,3.0
3001,3532,Books,332.73,4,196.92,Card,0,2.0
82,1132,Food,433.03,5,965.77,Card,0,
658,4766,Food,40.0,3,2481.99,Card,0,
3299,1244,Food,160.2,5,590.76,Cash,0,
2529,3161,Food,299.34,1,904.91,Cash,1,5.0
2420,1933,Clothing,24.56,5,1325.9,Online,0,3.0
2710,1974,Clothing,385.14,5,172.39,Cash,0,4.0
2399,2970,Clothing,24.51,2,1743.06,Cash,1,
527,1513,Other,309.85,5,2102.13,Online,0,2.0
4424,4731,Clothing,452.05,5,956.32,Online,0,3.0
3105,3094,Other,329.23,5,2116.58,Online,0,2.0
2113,4635,Clothing,307.97,1,833.22,Card,0,3.0
3490,4195,Food,248.1,4,1978.67,Online,0,
2769,4413,Clothing,264.18,1,2184.22,Cash,0,3.0
2440,2648,Electronics,362.32,2,1566.14,Cash,1,4.0
811,2920,Food,492.23,5,277.95,Card,0,
2647,4557,Food,160.66,5,2148.29,Card,0,4.0
1849,1282,Other,283.31,4,569.97,Cash,0,2.0
2876,1977,Clothing,79.3,2,1038.91,Card,0,2.0
4794,3868,Food,285.77,3,950.23,Cash,0,5.0
139,3912,Books,27.55,2,2320.16,Cash,0,5.0
4602,2628,Other,345.13,1,1465.91,Online,0,5.0
856,4867,Clothing,17.69,3,2243.11,Online,0,3.0
4323,3201,Food,417.47,3,2210.38,Online,0,
3517,2540,Food,251.88,1,1218.8,Card,0,3.0
1998,4246,Books,95.82,3,1164.81,Online,0,3.0
3289,2867,Clothing,381.5,2,899.45,Card,0,2.0
1464,1236,Clothing,389.71,3,1719.42,Card,0,3.0
4396,2230,Other,349.46,1,8.3,Online,0,5.0
108,2753,Food,122.1,2,213.78,Online,0,
1790,3360,Food,330.34,5,381.12,Card,0,
1264,4495,Clothing,291.61,1,1390.53,Card,0,1.0
719,3023,Books,14.61,4,1303.63,Cash,0,3.0
2715,1073,Books,456.42,1,1034.01,Card,0,2.0
1409,3984,Other,170.78,2,1585.2,Online,0,1.0
4856,3854,Clothing,486.92,1,815.02,Online,0,5.0
1354,2915,Food,268.95,2,2480.72,Card,0,
3916,1968,Other,335.19,2,1153.72,Online,1,
2392,1509,Clothing,353.9,5,1076.8,Card,0,5.0
3219,3104,Clothing,267.46,2,1315.47,Online,0,2.0
2577,3866,Clothing,416.85,3,1589.04,Online,0,3.0
2572,2307,Books,356.64,3,2002.81,Card,0,1.0
3465,3883,Food,258.78,4,501.99,Card,0,
517,4985,Books,144.94,3,86.72,Online,0,3.0
1328,3138,Clothing,89.35,1,2307.49,Card,0,1.0
3387,2460,Clothing,96.13,1,315.97,Online,0,1.0
2979,4409,Other,31.21,2,1440.82,Cash,0,3.0
1620,4101,Clothing,238.25,4,980.94,Cash,0,1.0
516,3488,Clothing,91.79,2,1170.2,Card,0,3.0
4803,2150,Other,239.14,2,2328.15,Online,0,2.0
1986,3222,Clothing,496.39,5,1450.35,Online,0,5.0
2954,1382,Clothing,231.11,4,518.61,Cash,0,2.0
2441,1765,Food,418.74,4,1961.45,Card,0,1.0
2240,4001,Clothing,283.69,4,429.47,Card,0,1.0
3042,3416,Electronics,167.62,5,1900.65,Card,0,1.0
4517,1066,Electronics,261.5,5,715.85,Cash,0,5.0
2304,4596,Other,209.26,3,1288.56,Cash,1,3.0
3904,4671,Food,166.74,5,503.01,Online,0,
4936,1331,Food,52.18,3,1072.7,Card,0,2.0
600,3894,Other,414.55,4,565.83,Online,0,3.0
3697,4668,Books,481.73,2,108.69,Card,0,4.0
1331,4619,Electronics,12.58,4,846.7,Online,0,2.0
3163,1565,Food,285.16,5,1275.65,Card,0,3.0
4751,3151,Electronics,283.53,2,1290.55,Card,1,4.0
2653,3475,Books,276.27,5,1811.39,Card,0,4.0
3950,3428,Food,333.2,2,1330.51,Online,0,
2922,3222,Books,255.24,1,355.42,Card,0,2.0
1553,2250,Other,181.3,3,2259.16,Card,0,1.0
4661,4059,Food,444.56,5,2167.43,Online,0,3.0
1527,1955,Other,411.97,3,1844.6,Card,0,1.0
1158,3416,Clothing,464.57,3,1419.61,Card,0,4.0
1355,1387,Electronics,233.72,2,2434.73,Card,0,5.0
4600,4613,Clothing,208.45,1,2175.77,Cash,0,1.0
3428,2807,Food,234.69,4,1216.29,Cash,0,4.0
4153,1585,Electronics,176.15,4,1596.04,Online,0,4.0
3882,1638,Food,128.04,4,1745.88,Online,0,1.0
3567,3838,Clothing,145.94,2,2085.86,Cash,0,5.0
160,1230,Clothing,187.47,2,322.55,Online,0,1.0
3069,3367,Electronics,489.74,2,858.03,Online,0,4.0
1780,1748,Food,468.77,1,1944.42,Cash,0,2.0
3276,1047,Electronics,60.17,2,709.46,Card,0,5.0
1124,3488,Food,239.29,5,1254.77,Cash,0,5.0
1993,2530,Clothing,182.62,2,892.88,Online,0,2.0
3128,3660,Books,184.52,3,926.63,Cash,0,5.0
200,1120,Clothing,379.13,3,2422.19,Cash,0,3.0
4877,4756,Electronics,351.79,3,1393.37,Online,0,5.0
4860,3313,Other,104.43,5,459.19,Card,0,1.0
2020,3222,Electronics,349.45,2,1308.39,Cash,1,
243,3254,Electronics,477.51,2,593.97,Card,0,3.0
4604,4008,Food,362.28,3,1721.07,Online,0,
836,4105,Electronics,39.18,3,2181.3,Card,0,5.0
2993,1131,Books,233.73,3,1444.1,Card,0,5.0
480,2944,Clothing,350.57,4,856.49,Online,0,2.0
662,1772,Electronics,182.89,5,50.65,Online,0,4.0
4427,1352,Clothing,193.58,3,764.33,Cash,0,1.0
2346,4769,Food,359.48,5,2111.49,Card,0,5.0
3901,1616,Clothing,146.27,5,1700.36,Cash,0,4.0
2161,1064,Books,188.87,5,2492.28,Card,0,3.0
1872,2517,Electronics,184.33,5,2111.04,Card,0,5.0
2437,2278,Clothing,263.74,3,612.24,Card,1,5.0
4205,4099,Electronics,59.62,1,1890.2,Cash,0,1.0
1283,4161,Food,168.01,3,294.13,Cash,0,
2709,1686,Clothing,352.36,1,308.16,Online,0,2.0
716,1218,Other,387.01,3,1734.31,Card,1,
3031,3593,Clothing,233.69,4,1551.54,Cash,0,3.0
2435,1404,Clothing,169.92,4,1576.91,Online,0,3.0
2845,3655,Clothing,423.99,3,1198.34,Cash,0,4.0
1597,2938,Clothing,202.31,5,724.06,Online,0,3.0
809,1530,Clothing,97.99,2,1063.97,Cash,0,2.0
2943,3229,Books,138.34,4,1500.51,Online,0,4.0
1414,4860,Food,493.91,5,92.66,Card,0,
3297,3774,Electronics,151.51,1,1024.29,Online,0,2.0
31,3149,Books,167.14,1,760.19,Online,0,5.0
686,1580,Electronics,128.07,1,956.84,Cash,0,3.0
4955,3421,Other,39.95,2,1689.7,Cash,0,3.0
4775,4892,Clothing,80.08,5,1304.4,Cash,0,5.0
2357,2063,Books,402.63,2,2240.35,Cash,0,3.0
2282,4759,Electronics,450.03,4,41.99,Card,0,1.0
4448,1958,Clothing,416.43,3,866.72,Online,0,3.0
957,3922,Clothing,295.5,2,1971.63,Cash,0,5.0
1193,1938,Books,358.59,2,555.1,Card,0,2.0
327,2306,Electronics,399.07,3,1429.92,Card,0,5.0
3225,4581,Electronics,322.59,3,825.31,Card,0,4.0
1533,3723,Food,440.24,1,2414.64,Cash,0,
1407,3529,Books,17.99,1,960.32,Card,0,3.0
2215,3240,Food,22.4,2,1507.39,Card,0,1.0
2007,2222,Other,297.65,3,128.82,Cash,0,4.0
2907,3658,Electronics,61.53,2,1527.79,Online,0,1.0
3382,1700,Clothing,421.48,2,1547.17,Cash,0,2.0
4406,1701,Clothing,57.02,3,1901.98,Online,0,3.0
2938,3989,Food,214.21,3,683.19,Card,1,2.0
4785,1208,Electronics,231.18,2,309.21,Card,0,4.0
1535,4093,Clothing,287.32,2,195.82,Online,0,1.0
1082,3020,Other,482.53,3,1183.28,Online,0,2.0
1072,2042,Electronics,213.64,3,419.67,Card,0,3.0
2359,4411,Electronics,251.11,5,28.4,Online,0,1.0
3151,4947,Food,92.24,1,1415.65,Card,0,
2016,2336,Electronics,458.36,4,1744.18,Cash,0,5.0
1399,2939,Electronics,180.0,5,606.27,Card,0,1.0
1813,1420,Electronics,171.96,1,2417.78,Card,0,5.0
1084,4905,Clothing,274.07,4,1262.86,Card,0,3.0
18,1373,Electronics,433.73,5,1623.5,Cash,0,2.0
349,1756,Electronics,433.75,1,1443.64,Cash,1,
2097,2836,Food,273.53,2,568.37,Card,0,
2363,1052,Food,212.08,4,770.62,Online,0,4.0
862,2252,Electronics,156.41,1,1739.11,Card,0,3.0
2858,1861,Books,70.69,4,1563.34,Card,0,5.0
1933,3096,Other,129.81,2,1297.11,Cash,0,5.0
4976,3700,Other,277.06,5,1122.4,Online,0,1.0
4588,2276,Food,141.19,1,2293.75,Card,0,4.0
115,2775,Clothing,79.04,1,1617.03,Card,0,4.0
3837,1329,Clothing,384.59,1,1614.86,Cash,0,1.0
2692,2468,Other,215.81,1,427.16,Online,1,
920,4414,Clothing,439.07,3,1577.88,Cash,0,5.0
1682,2996,Books,433.85,5,1578.71,Card,0,2.0
2744,2664,Electronics,480.75,1,1198.2,Cash,0,5.0
3963,1232,Books,429.49,3,14.11,Cash,0,4.0
2139,4488,Electronics,445.98,2,1944.62,Online,0,3.0
2374,3989,Other,299.76,1,1617.68,Card,1,
2987,4676,Electronics,406.47,3,128.65,Cash,0,3.0
766,3916,Other,62.13,3,654.19,Online,0,5.0
1724,3093,Clothing,286.71,2,884.46,Online,0,2.0
1659,1255,Books,484.92,3,1584.59,Online,0,1.0
2814,3868,Other,451.46,5,1727.22,Card,0,1.0
1287,2326,Food,47.39,4,2282.6,Cash,0,1.0
4073,2633,Electronics,433.79,1,1948.76,Card,0,1.0
2400,2551,Food,368.32,2,289.94,Cash,0,3.0
501,2719,Electronics,495.78,2,1562.43,Cash,0,3.0
