delivery_time_min,order_amount,distance_km,courier_rating,courier_experience,is_weekend,is_rain,num_items,tip
51,474.5708217823592,3.3181165307975946,4.246344849064375,17,0,1,5,0
42,618.7743487614101,0.5,3.148856836877031,16,1,1,2,0
54,447.55079493143955,17.96083130004628,4.007383522474889,21,0,1,6,1
70,570.2182801648455,3.6491640351242474,3.365250260506202,16,0,0,4,1
41,258.0601420619161,4.762002620964084,4.147950350063484,16,0,0,3,1
41,739.9975339454171,1.3499297670397967,4.274809224522367,16,0,0,2,0
71,665.5426598147063,3.303381414942359,4.1134185131057075,14,0,1,2,0
56,442.0644493539078,2.8031395544308073,4.476591020956615,17,0,0,1,1
38,924.8419279588951,0.5,3.6712184884818027,18,0,0,3,0
52,1062.9305782380009,0.5611444314044407,4.5302131832662615,18,1,0,2,1
38,297.7398348634977,9.084540907357626,3.8655341634163873,15,1,0,2,1
38,454.2454136610512,1.3709998438399396,3.968368996645194,26,0,1,7,0
48,452.7901735394549,1.0843058312969118,4.296204254522143,19,0,1,5,0
25,415.73517103259564,3.5150932302417464,3.036716767998448,16,0,1,5,0
26,1007.0065739665014,7.3212174887384,4.307988442840497,12,1,0,6,1
37,603.7057622300321,0.5,4.237170298144231,13,0,1,2,0
32,582.7408517294572,4.299645561570667,3.61969423350656,14,0,0,7,0
49,244.21984355070268,0.6346827486498934,3.171588569798979,27,0,1,3,0
34,913.8889042488573,0.5,3.181870899826082,18,1,0,1,0
29,357.94194289786657,0.5,4.846447493970457,16,0,0,9,1
69,685.3751243331714,8.98378291640906,4.378558642451674,26,0,0,4,1
41,764.092204940333,0.6276601288068672,3.2542052275414806,24,1,0,4,0
45,1313.3406673951758,0.5,3.7134463386178127,17,0,1,4,0
29,345.70637943825886,2.8803765409826503,4.184965987803193,17,1,1,2,0
37,200.0,9.289287130413296,4.671143410181298,14,0,0,2,1
46,729.183031401584,1.5218248160799044,3.087321857426017,18,1,0,4,0
31,1636.4026259334862,2.738421661806102,3.473266262940018,22,0,0,10,0
50,1235.7992138372315,0.5,4.77949798059076,20,1,1,5,1
37,738.6540713537711,2.9808148693756924,3.018331100367633,18,0,0,1,0
40,520.1836421361294,4.309167572435212,3.402798205587775,17,1,0,4,0
37,995.8148017913156,4.230408628003247,4.918048351945932,29,0,0,3,1
77,408.80035208253275,2.020530351400584,4.226803693044342,21,0,0,7,1
44,844.0222735232356,1.8955755486777095,3.5233427332750127,16,1,1,4,0
32,856.3978785865994,0.5637365377439869,3.133982188791695,17,0,0,3,0
57,1130.1492173599165,2.2848314940464514,3.056382680894444,18,0,0,3,0
30,2643.423190998414,0.5239959709907936,3.4894901592738545,12,0,1,3,0
47,809.3310025199021,7.2749209221968485,4.762971639177821,13,1,0,2,1
24,515.6963829389564,16.947475271097957,3.831827308595019,26,0,0,1,1
30,656.6905112178902,17.545214356009524,4.440666738331986,20,1,0,4,1
47,274.640246738336,10.015036506594138,4.836570070759915,25,0,0,4,1
55,469.95804955542377,4.591365343776415,3.816080923205633,22,0,0,5,1
47,542.0502888239105,6.0343131667104855,3.3825547420747943,23,0,1,2,0
43,511.81119692820926,1.6788030681875032,4.034235861713839,15,0,1,5,0
40,717.7902791181714,4.981683304268637,4.816167374119709,15,0,1,1,0
28,440.8876291566589,3.0408101447615032,4.608748828275401,6,0,1,3,0
36,1165.0453982112624,3.2890675587788962,3.131659686726308,15,0,0,3,0
38,665.2105003582193,7.0894733728686665,4.385145600155163,14,1,0,5,1
61,662.0557980242125,1.6558600276558297,4.1437950449179075,19,0,0,3,1
49,564.5633732848515,1.9139185224449948,4.814926352692851,17,0,1,4,1
26,718.8087600834172,12.927512083135063,3.2449628337005945,12,0,0,5,0
49,1004.8053622499664,0.5,4.068072226409313,21,0,0,5,1
39,431.14087469740105,3.3241039241198522,4.758925387023785,21,0,0,5,1
36,478.6366525857135,12.19780063549285,3.8200475734834862,25,0,0,4,1
53,571.4271397531955,4.7126988129455,3.963989835465734,26,1,0,3,1
60,339.36103418319675,3.952775611979838,3.1409213553339166,23,0,1,5,0
59,441.5852398445622,1.4367051812518892,3.5562872808978216,20,0,0,6,1
34,524.2085300291724,2.102453310392968,3.649013298337895,27,0,1,8,0
40,1029.8769317595745,9.554350962767268,4.890244897489774,19,0,0,5,1
49,758.4528726069652,4.096025778827216,3.5653347210823183,26,0,0,2,1
59,732.7429481159108,3.6153748500393164,3.9217374705393038,18,0,1,1,0
38,1017.8511629664862,0.524468198529216,4.3426088471285595,22,0,1,3,0
42,620.989457910779,0.5,3.324366744815755,10,0,0,3,0
32,808.5418376808344,16.577647978903975,3.9728847742837488,18,1,0,9,1
31,631.6839080448677,2.3659327852463403,4.477078078951815,23,0,0,2,1
57,759.5158377634273,4.621779113553947,4.733710426054132,11,0,0,5,1
67,497.01523084687176,0.5,4.252518549324853,18,0,0,5,1
43,200.0,5.746070464472279,4.338107030633896,17,0,1,3,1
60,621.9504448504401,13.48308223448412,3.252566945169138,16,0,0,1,1
49,1354.752511172003,4.2861631879595805,4.891552994492694,18,0,0,4,1
36,1056.9130285980993,0.6740342991521535,3.2651481549689647,26,1,0,3,0
49,1077.823212608894,4.358039330275023,4.549345874363596,21,0,1,10,1
70,1234.0606605351309,7.269595411285781,3.5296326435566376,18,0,1,3,0
44,695.2898406118794,2.6078872281344023,4.867186287402503,16,0,0,4,1
71,734.109245743851,10.594561744885315,4.439919078738959,21,0,0,2,1
20,488.4191994039633,5.230330982140458,4.507627425956738,18,0,1,2,0
57,567.9103501303595,11.475511708146918,3.438118346119767,18,0,0,5,1
45,904.9553223258595,4.8842566937016505,3.886079953270322,14,0,0,4,0
40,1214.3232668479664,0.7037179592046167,4.235626389178573,15,0,1,3,0
45,620.3456744824093,1.853084928372473,4.539947236413202,22,0,1,4,1
24,531.0761223582807,1.1269487873151105,3.207918751824779,14,1,0,4,0
41,665.3172399296734,11.97495484629651,4.924730632909057,22,0,0,5,1
49,898.3891932476245,7.143923467867238,4.780441341109112,17,0,0,2,1
69,323.1357753225765,5.6412102667967385,3.5406971809911685,20,1,0,7,1
38,211.01084355919397,1.7902817713168635,4.6455204860646635,22,1,0,8,1
35,505.0874462895866,1.0169789661595643,4.036647846079647,15,1,0,4,1
38,361.2765700534509,7.062187429746098,3.9236129631240373,13,0,0,5,1
58,515.908746088525,3.213771943366735,3.6288682116228106,15,1,0,1,1
49,617.7660590663348,1.2795577295166711,4.161937173263185,20,0,0,7,1
38,530.2644240798542,4.793668871942185,4.459778235407196,21,0,0,3,1
52,1375.034041481597,0.5,3.8218658099255167,15,0,0,6,0
46,783.1876968742968,1.973889012717029,4.258438386016584,17,1,0,2,1
59,772.9676361090308,3.1607966021174843,4.398625842310608,21,0,0,5,1
36,907.8721566265357,0.800599248605534,4.422243634030572,23,0,0,2,1
40,376.3740418662866,20.0,3.1039321962623605,19,0,1,4,0
39,1118.2898678855613,1.1729020464797122,4.719495611370133,17,0,0,6,1
28,640.4159305385987,0.6983402316664269,3.9165066295300957,18,1,1,6,0
48,930.0518233440223,1.1378596725190913,3.524832163392429,18,0,0,6,0
48,389.1914506029156,7.328011245991459,3.4835290149593634,27,0,0,6,1
44,305.857900606184,2.771325162598201,3.966028225687901,15,1,0,6,1
41,1001.1902578256397,4.166829443337638,4.773663078937918,23,0,0,3,1
29,802.8795984562886,0.5,3.756695163365294,21,0,1,4,0
39,423.6782076309133,0.5,4.499451493567086,15,1,1,4,0
40,430.5952093572365,2.951378748969702,3.193637461974437,13,1,1,4,0
35,1167.6137231489872,8.481934907777898,3.9521134043021235,15,1,0,2,0
42,366.97512026618193,10.824512585782784,4.9833722807854715,21,0,0,4,1
50,1512.223671413735,0.5,4.540875605584674,19,0,0,4,1
78,423.98141964342386,3.8648831609652516,3.421056976881226,22,0,0,5,1
47,915.2488200639807,12.222453618197719,4.002882947395822,20,0,0,6,1
48,564.3591062692356,2.4548923925152417,3.467249527297133,19,0,1,5,0
43,899.279345672986,8.847030824508789,3.8191218545250187,21,0,1,4,0
25,506.7121034143622,0.7175949691092814,4.560168047469929,16,1,0,7,1
44,613.146286011978,13.69727786285637,4.5424496305808075,21,0,0,8,1
45,678.8903232933113,6.960019498419614,3.4562007558047703,17,0,0,4,0
93,402.9877933803893,14.179508158214002,4.84444663630972,16,0,0,8,1
42,963.34554873918,5.644593109592982,4.185136365529654,15,0,0,6,1
48,514.6017068880946,2.258099703576552,3.759848581924029,20,1,1,9,0
44,593.2999223165031,13.917736546059395,4.0038711615617215,20,0,0,8,1
31,404.57021766564765,1.611828451439742,4.210142506875488,12,0,0,1,0
62,200.0,2.018627026807612,4.119781063691571,24,0,0,3,1
56,604.5510513615222,6.033355841550835,3.9728100710723564,11,0,0,7,1
56,2222.321636904892,7.247583134383784,4.0098656081788,23,0,1,5,0
34,984.6656519935902,13.253872410029023,3.3528238208557726,23,1,0,1,1
68,658.7669368628506,1.1458232657080352,4.625465808609359,18,0,1,8,1
29,583.2142329955424,7.997389274953654,4.083520639882031,17,0,0,2,1
53,672.6552544088256,6.707485617017292,3.262159723409406,15,0,0,6,0
86,874.4189053665547,0.5,4.532314203165556,18,1,0,1,1
33,368.55634085051986,2.448772121701424,4.864887956754702,22,1,0,2,1
37,1161.143816910831,1.6617618740132432,4.894613798473924,22,0,1,9,1
46,951.1679568413925,1.815552498552928,3.7380354648223455,10,0,1,4,0
38,952.5026249537055,20.0,3.271033747121508,21,1,1,1,0
28,828.1860849434896,5.1469809991990045,4.03679925326613,24,1,0,3,1
45,671.6976601869491,6.323502451526385,3.2252184586984414,19,1,1,3,0
32,931.1595318643664,18.77886636113732,4.867974837025234,18,1,1,2,1
51,894.179972890191,2.3676635051643706,3.367159254710292,25,0,0,2,0
33,557.2308711971667,8.093406719431021,3.5055317199023284,17,0,1,5,0
71,499.29600364125497,2.8504986938955605,3.813273053769941,14,1,0,7,1
35,699.8934769172539,10.183200535417038,3.7663289371182516,16,1,0,6,1
40,1443.044036665011,0.9962657002461488,4.589325784795778,18,0,0,4,0
57,357.9690256665354,14.752473209791939,3.912633641101925,20,0,1,7,1
30,319.3339329847449,1.2344393254175554,3.341536520006674,19,1,0,9,0
47,722.2565589784214,1.974261916458344,3.534419790972148,13,0,0,3,0
66,682.2825381923044,7.056876044507961,4.018226770375044,14,1,0,4,1
27,725.361993906693,2.502356588495185,3.29490783485227,14,0,0,2,0
47,751.4289037688261,4.685164055357775,4.223311351292028,13,0,0,2,1
48,594.9033008051073,2.9400949690668092,4.131494613102292,21,0,0,9,1
56,1400.9862323902594,6.781152938586439,4.429404632764515,18,0,0,6,1
30,298.7323466420069,1.2959995220950262,4.875409230758735,19,0,1,10,1
30,439.5500049724927,0.5,4.824509122202311,18,0,1,4,0
52,631.6734830671205,1.782870441360368,4.8921512361376625,25,1,1,5,1
48,292.4827218775027,3.215205269135781,3.489431194047402,19,1,0,3,1
48,609.1550285439835,0.9197346982224508,3.263130613278709,27,0,0,3,0
49,1526.5034662108103,2.190953659796779,3.604553400992897,15,0,0,3,0
36,672.1242667242162,2.5539866066122805,4.790170345532629,17,0,0,4,1
47,746.466285745835,0.5,4.944106949246977,23,0,1,3,1
48,354.2197975226717,4.377030674777809,4.718649902140952,21,0,0,1,1
36,488.7344505100425,10.785650325194624,3.220035442255087,15,0,1,5,0
78,551.3676399719262,0.8228576022456812,4.8948559961195865,21,0,0,4,1
51,567.4442187777681,4.554128628821411,3.846716054701572,13,0,1,6,0
31,1262.4655801140743,5.464232786109861,3.0186205815247074,14,0,0,5,0
54,879.0532977391977,2.7179036506796725,3.884787481496387,18,1,0,5,1
33,381.56111005675274,6.038190690047156,3.092138339350935,16,0,0,7,0
56,752.3881812349654,2.6443670781082584,4.087755842322235,17,1,0,4,1
63,853.2997343727462,3.5123251659203096,3.6771080548741026,13,1,0,4,1
34,1176.235683196808,0.5,3.9468698671880977,23,1,0,5,0
59,1465.9669579602778,5.883735941515056,4.226340721486234,16,1,0,3,1
50,400.39553822551767,5.413832676009013,4.737602191635641,20,0,1,3,1
57,443.4438753647123,0.5,4.323803152943857,20,0,0,4,1
78,354.6782606644995,2.2963085135505064,3.8680977369563614,21,0,0,6,1
41,591.694272823694,19.323751100352617,4.63885570734073,18,1,0,6,1
35,839.8129489534175,2.7299895897809288,4.811164275146265,17,1,0,3,1
34,1089.7104070243656,3.4852278985845384,3.239519932864394,24,1,0,1,0
34,640.3561386208918,12.035849445762416,4.063865955105583,25,0,0,5,1
43,566.839524657193,6.316170830807772,3.5690239194848883,15,1,0,5,1
49,717.5760938267475,4.362208191713996,3.094122395753895,12,0,0,5,0
48,438.09183142352026,7.9926056234838905,4.33709339022797,19,0,0,3,1
57,1890.8265884809812,9.988985809830007,4.725541554918451,24,1,0,1,1
44,297.72477515426795,3.0521992544632415,3.325805308954788,11,0,0,4,0
69,729.5079672668304,3.222817235449181,4.624827315247801,18,1,0,4,1
41,1829.509376496122,2.439216556819023,4.7067914670738835,16,0,0,1,0
101,667.4069116053109,17.011911419677435,4.828680885332967,20,1,0,5,1
53,604.8499934031405,5.972856590439909,3.5305701781721046,18,0,0,3,1
34,556.2830728905162,0.5,4.807906130379779,28,1,0,1,1
32,607.7746422840064,9.93739838116295,3.6413255094728645,18,1,0,1,1
51,1321.3698430130394,3.2750192844142205,4.104676026911005,16,1,1,2,0
41,220.09715100064207,0.5,3.1010149416645643,11,0,0,4,0
55,1431.8417772204043,3.9893978583499825,3.0877621767374874,15,1,0,3,0
51,326.3666438480931,2.699249572296216,4.440746425464406,18,0,0,1,1
43,582.1183836515669,10.50841141219809,3.888959955955582,20,0,0,6,1
34,536.6669996900482,1.140746568877711,3.5125847507384353,18,0,0,2,0
28,892.7232611191819,8.75686860262072,3.3808269920498204,18,1,1,4,0
39,299.1478174759985,4.078706631177119,4.339906981718436,16,0,1,2,0
57,838.0571808351234,0.5,3.00080308805068,26,1,0,3,0
47,1830.152931818412,17.85020511355982,4.611782338393708,10,1,0,6,1
30,336.4377023276583,3.5935070732554744,3.1584992122598576,24,0,1,5,0
47,731.3214358347973,1.7186303907754372,3.3829792298162387,11,1,1,1,0
50,477.71241592149926,3.1687986608871324,3.7724727905981794,16,0,0,2,1
34,822.98963225651,9.754635990236144,3.969717479432207,17,1,0,3,1
46,671.5402057515902,1.8185202687856585,3.7099902316278834,20,0,0,4,0
45,482.6330072463721,1.0701534770501977,3.641424329968588,14,0,0,7,0
31,848.8955421760164,0.690975522387576,4.927832024146377,16,0,0,4,1
49,1639.5450190069885,1.768108039088484,4.2831593624867885,16,0,1,2,0
52,604.5885258837136,7.5717316698802595,3.0468659107347764,13,0,0,3,0
61,953.2516894811871,3.1897580193027464,3.8603518168886266,21,0,1,5,0
61,348.4042770146394,1.2904972825242003,4.75001739948794,20,0,0,2,1
29,412.3126049780358,0.9087186165179261,3.602912372821336,12,0,0,6,0
33,842.3563463797606,2.0227986642481524,3.1891126895487765,21,0,0,3,0
52,1396.9659904643784,14.060755292789032,4.516769543179835,23,1,0,2,1
52,794.5744389335375,2.10055959878204,4.2120276638721625,20,0,0,7,1
52,568.7670709878554,20.0,4.140625015653008,16,1,0,4,1
120,664.9060169089673,3.3201798269678733,3.107153119214816,19,0,1,2,1
53,355.95208639467353,0.9871592316682497,3.280998019591035,18,0,1,7,0
62,899.8766183260515,11.08846734600884,4.245098792426227,17,0,0,5,1
59,1033.975676566596,3.0842222723172408,3.4156476829176716,10,0,0,3,0
54,530.5715562938465,6.183708497195263,4.008140159496849,16,0,0,2,1
40,525.8305045537397,20.0,4.089763372058787,21,0,1,4,1
56,759.711772643126,0.5,3.567014380541879,9,1,0,2,0
35,534.664866030715,0.5084726612342598,4.896850311082986,15,1,0,3,1
41,643.5075068901454,6.3729911360493645,4.68492821367115,13,0,0,3,1
38,1900.4783461189513,1.6552100581501072,4.444747015265597,13,1,0,2,0
45,587.859015520877,1.01855175627672,3.155987732818818,16,0,0,10,0
89,556.0342671907046,0.5,3.212260038618039,18,0,1,7,1
25,481.1740703136504,0.5,3.9855626917299114,21,0,1,3,0
54,964.9690089542488,7.4468563890961414,3.3214266983819716,15,1,0,2,0
27,607.5217113300281,0.7218549460335216,4.956530927058948,18,1,0,6,1
38,480.733701106366,3.1529338476935247,3.317040468054819,14,1,0,4,0
61,1287.750293208876,4.655712567820531,3.974935670927948,13,0,1,4,0
45,1352.6237479635458,2.796157563870309,3.728242113683011,20,0,0,5,0
32,492.6446963370688,0.5,4.278772842908196,22,1,0,4,1
36,261.577347659914,7.650858359617665,3.25807281777885,14,0,0,5,0
54,1100.7607877139312,0.5,3.8606328560847816,21,0,0,3,0
35,472.33339761668924,7.175110418121385,3.5494100656142873,25,0,0,6,1
47,987.6346081945604,11.188881188318529,4.775503049343376,21,0,0,5,1
45,248.37708394257552,2.83556844461547,3.08117142426939,17,0,0,2,0
36,1039.2958225994962,3.834425816125082,4.827454988012919,17,0,0,2,1
85,363.0040660201694,3.240710306721102,4.665988277106001,16,0,0,5,1
54,958.5119784949369,2.4649990806133593,3.595141432881631,19,0,0,5,0
24,669.9054171039389,10.920657427566516,4.57858130935421,13,0,0,5,1
47,412.8276899569063,11.218445618418789,3.062427120677495,12,0,0,8,1
36,542.659387190677,2.045983042331863,4.933731100586787,15,0,0,9,1
57,937.4460677705309,4.773465701841266,4.053189885179579,26,0,1,7,1
35,701.3080446687858,13.080151834527406,3.6065620521308905,17,0,0,5,1
43,890.877106399997,16.358548756225147,3.725166425189354,18,0,0,4,1
52,1786.8691554651548,3.556138669689523,3.1328107069209947,16,1,0,6,0
57,304.2589640297777,3.014931224978737,4.978699028084078,16,1,0,2,1
31,1493.0947934972519,1.6334612959409631,3.0785838903013847,22,0,0,2,0
40,700.7687654369897,15.95531520471371,4.309814246295718,19,0,0,6,1
38,424.3709589191143,0.7705035148056729,3.8854718554129164,15,1,0,7,1
36,342.0110981032879,4.335474393463496,4.89783243637743,15,0,0,5,1
75,605.127878194122,1.6602619653102622,3.4919994806135906,18,0,1,1,0
50,1054.5032226026894,1.6356382008261607,4.064173647876022,27,0,1,6,0
30,624.0468463380756,2.5957054025217245,3.964712417165506,20,0,1,4,0
58,1415.9804464069414,20.0,4.405732888100203,19,0,1,3,1
84,321.95511936444103,0.5,3.136020463904841,15,1,1,1,0
60,661.1333280396769,4.3201735964095525,3.38757826004671,15,1,0,7,1
28,355.59885289090266,0.5,3.4291296401856997,8,0,0,2,0
38,797.7664945724798,0.8392587362282147,4.476301509683379,17,0,0,7,1
65,1036.3328915010077,2.895191692672631,3.37827739265348,16,0,0,8,1
36,538.9480063909001,3.57144686309625,4.146983527781954,17,0,1,6,0
51,200.0,1.4973727113287703,3.4304876410019074,27,0,0,3,1
56,734.7086847725301,1.9023295238839042,4.723249900167957,18,0,0,2,1
33,827.4670401857783,0.5,4.884370908979277,18,0,0,5,1
43,814.1522415783604,1.8064262313775978,4.036985949884481,15,0,1,6,0
16,1233.8456257010214,16.989779113062543,3.7046177684183563,19,0,0,1,0
32,389.347850074604,14.475579317476619,3.468115550034998,15,1,1,4,0
41,934.5901142823706,2.0389261636121576,3.0995620030460875,16,0,0,5,0
30,1207.4352443714686,4.229789715639278,3.5370001523949908,30,1,0,5,0
72,273.33720277851313,12.01730014798798,4.308471559890636,17,0,0,4,1
29,780.4150651513098,0.5,4.067233862618422,17,0,0,4,0
39,516.9313521216361,8.321677164334286,4.888082556561855,14,0,0,2,1
46,638.574701192534,14.818218591413173,3.792554524983401,18,0,0,1,1
68,791.4274722008579,0.5,4.387726684656789,22,0,1,3,1
29,521.3312925811625,0.8803915486109798,3.978645494950243,16,1,0,6,0
63,474.44512362768745,16.188548211409138,4.025152431848423,16,1,0,2,1
44,676.5972613976263,3.8559776142847406,3.535548629208235,14,0,0,2,0
33,386.20836540434965,0.5,3.9099015536839996,15,0,0,1,0
51,386.48282723183536,1.4895510011091286,3.9415699940254143,18,0,0,3,1
47,934.1963504709782,2.988672977894771,4.413285043497868,14,0,0,5,1
37,374.5041867324453,5.903054343219857,4.881279998372228,13,0,0,6,1
45,928.1155595907364,6.605537341168576,3.6586425549650086,22,0,0,5,1
39,838.2326157811099,20.0,3.084400937162597,21,0,1,4,0
46,280.64671479108694,1.6949554269810665,3.992590251001279,23,0,0,10,1
54,474.0049069383823,3.8633345619544324,4.088922664298337,13,0,1,1,0
71,1208.4027213333611,3.810595416972328,3.3368811022638303,13,0,0,5,0
30,407.2459222049904,2.60139465779218,4.520929212552133,18,0,1,7,0
84,527.3148818334722,0.9266016060389448,4.969858216882983,21,1,0,2,1
24,838.0103461324263,18.961556528390346,4.891549434016921,20,0,0,4,1
42,984.0682502344281,9.597413779439295,3.394212077647304,15,1,0,3,0
53,586.5339528133318,3.4490939120805053,4.750726479801521,23,1,1,7,1
48,493.36284766780204,4.622186913069447,4.408987272823369,15,1,0,5,1
37,1354.496301304549,1.2890700112906384,3.907693127613823,22,1,0,3,0
41,1586.7605578129733,3.9239781378005087,4.0812219886494585,16,0,1,2,0
38,1085.1017337358999,5.936727914885518,4.699200349964916,18,1,0,4,1
37,694.1298670277222,3.6197541789296137,3.9602698792767463,14,0,0,6,0
57,444.01890447824917,20.0,3.7464147382102535,14,0,0,2,1
49,439.12222743310343,4.725273074927703,3.9864949860519716,26,1,0,4,1
36,863.7272642839068,2.3179111538684225,4.158259608070098,24,1,0,7,1
58,819.9137160924545,7.395383301091531,3.378155307556698,20,1,0,2,1
49,1340.5017946588491,0.9344348818922593,4.801815460533981,22,1,0,5,1
57,920.7835996487084,2.4267301307151667,4.348373897659227,13,1,0,8,1
53,313.70713171285456,2.1305764427688483,4.266537834674978,22,1,1,1,1
34,1125.4900376973542,2.826471483150584,3.198992452361276,17,1,0,4,0
37,403.82018261575007,7.611253765342133,4.208347876345184,16,0,0,6,1
55,548.9538434007399,3.309919516937448,3.2419213244769844,18,1,0,4,1
53,753.7796644786259,7.899746297875579,3.1573953503907983,11,1,0,4,0
44,1804.129972543853,4.29587781246959,4.054621791284786,18,1,0,2,0
46,3000.0,2.0932793851026203,3.80557106809299,15,0,0,4,0
65,900.8705103416082,8.30309668864543,4.1776205403124465,18,0,0,5,1
37,606.9228549479351,1.360944703258735,3.1784443361144774,26,0,1,3,0
52,868.9215319520994,1.2704820564755195,3.861966125694517,17,1,0,6,1
42,1036.7309382931974,3.5109691322508203,3.3495734300903157,22,0,0,2,0
41,566.6071391058138,1.5112669074681186,4.974200171848233,12,0,0,4,1
62,1632.072042039245,0.5,4.122300424870349,19,0,0,6,1
57,746.2311312243843,5.224848544077591,4.374873721881735,21,1,1,3,1
57,853.0955388370114,3.577923359336209,3.6508365613652156,12,1,0,5,1
66,927.9354071757506,2.9486029991851916,3.1894778295586885,15,1,0,5,1
44,821.221860768371,17.05147034953414,4.951741725567073,28,0,0,1,1
54,1011.7838602765461,4.233813830778963,3.5725180707663666,19,0,0,5,1
40,488.51657764782954,9.954647641652643,3.8476163703471484,16,0,0,6,1
49,503.13027018859975,0.750919168739037,4.29972784340515,20,0,0,2,1
42,383.72374649322325,4.210631682170712,3.0493945953722226,20,1,0,3,0
46,828.6108428544633,10.123995126788541,4.620518261034574,18,0,0,1,1
53,981.8791658552342,4.374613519645215,4.073156380057241,18,0,0,2,1
34,836.2155653000058,6.329492431770306,3.5564343741376443,22,0,0,5,0
83,1536.475162836858,2.326422452088375,3.1232159705849387,17,0,0,3,0
33,663.2831617157244,0.5,3.3249968309488827,12,1,0,3,0
31,929.2435125742536,3.061526685652196,4.790067717706874,24,0,1,5,0
63,385.3490557804953,2.5083333998424107,4.372048447871782,15,1,0,5,1
56,548.0958326529932,10.089293761294103,3.4998034432737795,12,0,1,8,0
53,941.7773414813526,1.398538445012143,3.131201529890059,23,0,0,3,0
53,1016.9376184447866,17.016131322534825,4.381230624773273,19,0,1,4,1
44,574.2222555510515,15.866898233462193,4.14481545193553,23,0,0,5,1
34,641.7509974854531,1.422646193108916,3.8090390489164703,11,1,0,5,0
45,311.39528770032484,2.1389520327275795,3.727222898380128,16,0,1,6,0
36,556.3988535653586,11.29550877690156,3.4336285518582166,23,0,1,2,0
59,1038.1458679676534,16.99932448348955,4.339222513075035,26,0,0,1,1
42,886.7849514075921,2.9298934269369536,4.941336055587741,20,0,0,3,1
34,854.343092434163,1.9356490019428678,3.3514304916736517,17,1,0,4,0
40,681.9026076341405,3.7337315857610225,4.194233240031007,25,0,1,4,0
50,667.494786204351,5.820063207231278,3.8483701114919526,15,0,0,4,1
37,478.10933003622137,1.5974085897829629,3.89337744348933,15,1,0,4,0
34,943.3281526855009,6.668000560401078,3.508294560255629,19,0,0,5,0
48,820.9699213624041,0.5,4.650269751322838,9,0,1,6,0
48,850.6573673994834,0.5,3.9705112082944822,21,0,0,5,1
38,511.31333312932526,2.4411451790312495,4.086811704396528,17,0,0,7,1
38,226.63222287806383,2.1807030768327,3.6095218255946513,16,1,1,3,0
47,1151.2186499406744,1.8963063511938427,3.3636169313338993,24,0,0,6,0
28,523.5231610345433,3.3767304482344684,3.171820776405641,13,1,0,1,0
29,432.08058836105926,1.9337093032494221,4.428238281849832,21,0,0,1,1
36,940.8083532240098,1.0675623872149762,3.3924685633757115,22,1,0,3,0
41,546.7511047005012,1.851476036529416,4.380150708377595,21,0,0,3,1
49,1129.9946667707109,18.425288394094434,3.7807528920939077,21,0,0,9,1
69,905.5142141660122,2.6476083621871953,3.8315496019793027,23,0,0,4,1
57,936.1583706714007,2.941348899641984,3.9383549921855434,13,0,0,3,0
42,335.97009210182756,4.296540020920419,3.735417016255086,25,1,0,3,1
44,1219.2265883119042,20.0,3.20123995444518,23,1,0,8,1
33,757.9559463009269,1.3827300555338742,3.6192636200056914,13,0,0,2,0
44,553.0018961598247,5.71724463254645,4.327468721387877,16,0,0,2,1
40,714.5794827578122,6.293635731467112,4.331568802937742,11,0,0,5,1
49,273.6588844544243,4.673857480194014,3.5724486144799887,17,1,0,1,1
34,815.9282365892169,0.5,3.920205253115376,12,1,0,1,0
52,397.54742927567474,5.64853801523644,3.386894456023875,15,0,1,6,0
70,338.20927377871715,0.5,3.4207441630596715,19,1,0,4,1
43,310.69769787440964,4.533467781591341,3.046094176813215,18,1,0,5,0
50,1160.1959444850595,6.72732043582701,4.793493099815489,23,0,0,4,1
54,485.5917756607252,1.1847539870973123,3.4214133301498126,14,1,0,7,1
39,1432.0522796050188,9.21385372880897,3.4550677538729264,15,0,0,4,0
47,508.8225181789948,0.5,3.5592028652902634,18,0,0,6,0
44,283.24748511808957,9.283501993670866,3.2548161433908582,26,0,0,6,1
46,380.59574688103834,3.0839783909849694,4.278525766362725,15,0,0,6,1
35,1233.8637807531234,1.2268687309126556,3.1502859063551734,16,0,0,3,0
45,615.2636720900568,0.7180710980969138,3.2684048526527008,18,0,0,6,0
51,505.6558763983528,15.320823037540091,4.289513453180186,18,1,0,3,1
69,720.5458955009503,0.5,3.6793212409628855,16,0,0,2,1
59,854.8203826402365,1.1100548392448715,4.415895653402378,13,0,1,6,0
85,1162.9316820747479,2.137191404536912,4.114849489340284,21,1,1,5,1
35,1372.3084694100776,4.841011204494486,3.5120423461230263,20,0,1,3,0
58,555.6372632442979,3.9351039017353178,4.301655900978656,19,0,1,3,1
47,342.74137601004657,0.671335415390899,3.2325473605857615,18,1,0,4,0
86,540.9178502979676,1.71053630411802,4.072820766160061,18,1,1,3,1
35,757.5884174600101,1.36397893255261,3.874296210090069,21,0,0,1,0
34,410.8057754121894,1.2010852277966628,3.5357471656348816,21,0,0,2,0
37,412.1653247609838,2.6478708940377493,4.208009995479,28,1,1,6,1
23,789.8901939299179,6.08751044529768,4.742667184680565,17,0,0,4,1
38,649.1564976400541,1.226006039278473,4.997809399526154,18,0,1,1,0
35,676.1388793079935,2.283888432115991,4.215525537486849,27,0,0,2,1
46,455.2070328205143,2.479007161768635,3.8094117486583405,16,0,1,3,0
49,592.7659558305598,18.744533776833784,3.4504142004324034,24,1,0,3,1
78,419.00524086119054,15.468529241937958,3.5141921787902235,16,1,0,4,1
59,1038.0499724292217,8.050630314578598,3.9589099562995314,17,1,0,5,1
37,1116.1322810925274,1.383110110064952,3.7345554025614183,18,1,1,6,0
34,264.252759875925,0.5,4.827629045249888,17,0,0,8,1
51,417.90100314922773,1.9056003726596442,3.736590935311419,16,0,0,4,1
30,314.73637147228897,1.5516466455118114,3.7468891822908708,13,1,0,5,0
77,480.5772727203007,3.5253478547030976,3.767069024867954,18,0,0,6,1
63,637.963463909088,7.5192650862815515,4.673240420735317,24,0,0,2,1
38,322.20158503711156,9.771025143988215,4.301576641693804,26,1,0,7,1
26,419.50275508791685,9.317268389840109,4.228337700637786,18,0,0,5,1
67,402.63132380187517,2.2289014774395017,3.6682860447677244,11,0,0,3,1
43,737.7711374868834,5.811505350055038,4.635808353664879,13,1,0,10,1
64,688.6079999352651,1.8758983655938077,3.0767277227114023,25,1,0,2,1
27,463.6505870207462,0.5,4.741594344676226,21,0,0,7,1
37,726.624934638765,6.046020076459111,4.025499799587859,20,1,0,3,1
44,506.06238778573095,0.5,3.7965004697268254,20,0,1,2,0
45,580.6640978568055,2.631241279700745,3.9943345614353714,24,0,0,2,1
39,1535.6761400415178,1.9977576588575598,4.334831061067662,19,1,0,4,0
53,1300.1442851856225,5.910690276707358,3.0255308530357947,25,1,0,7,1
32,347.307092558759,7.267418715654293,4.743103712916495,14,0,0,1,1
42,1007.1362726543147,1.812707995578756,3.8934790506227857,22,0,0,3,0
46,997.9451124418596,8.346656579470675,3.6859330394001564,14,0,0,5,0
52,374.6035832960312,1.7401107273569383,3.276491131268114,22,0,1,5,0
55,1001.634877853293,2.955899316347989,3.8789307487168845,25,0,0,3,1
31,1435.0657690101355,6.491756753103576,3.9926455425687575,18,0,0,2,0
28,379.4518065763265,5.903238627443741,3.8072933889869556,17,0,0,2,0
65,420.41763635595066,20.0,4.357320187653794,18,0,0,6,1
49,1106.360118396788,1.2755002219923774,3.8417930575184522,15,0,1,3,0
35,761.8484530632105,5.428251993587033,4.9228351556931464,19,1,0,3,1
71,876.3259735295572,4.7039662624491525,4.198555035647184,13,0,1,3,0
46,788.627906490108,12.331314909719753,4.614955871303818,20,0,0,3,1
63,808.6352583626189,0.8501597712233924,3.2187118062189577,18,1,0,3,0
45,342.6686467708498,6.967565036572387,3.7945825858918116,26,1,0,4,1
82,1122.8875917228802,4.199758405261743,3.6736954028943054,20,0,0,1,1
75,1193.6785017913528,1.6056143051850946,4.138964776273184,14,0,0,7,1
41,593.0653693809122,3.216406206193864,4.722227040122851,19,1,0,6,1
59,650.8384957946163,2.0306511242698644,3.1566764355240133,20,0,0,7,1
54,309.3416250019792,4.329335735985363,3.1451495960894214,21,1,0,4,1
67,860.1677066847009,10.991152902598856,4.7006354163151975,21,0,0,6,1
33,885.3904382265971,4.211775299029261,3.4257001720767146,14,0,0,6,0
54,644.7769812494344,4.994591635636997,4.337506508899628,16,0,1,4,1
61,1166.9825507364815,3.6568195993113637,4.08575626472161,23,1,0,5,1
26,562.8208573435178,0.5,4.665787189774459,19,1,0,4,1
31,882.0978253457424,1.3254204188196106,3.250177819672807,14,0,0,6,0
24,399.48164956778413,3.386386179016569,3.2595659314452226,21,0,0,2,0
41,657.3548140679407,1.8570236523790749,4.113636720556615,15,0,0,6,1
55,609.612110846079,1.003019919199958,4.892757306716742,16,0,0,7,1
70,744.4561568643733,3.5072360728879115,3.8299955167415085,15,1,0,5,1
45,552.9328334150338,1.9490154525250118,3.65388420050939,21,0,0,2,0
72,622.8238301567467,1.49275559000476,4.213378646395771,11,1,0,5,1
29,1005.2822086690512,3.1179695600673627,4.860897201090062,12,0,0,4,1
26,534.6529695496353,0.7152210997701215,4.673855665689247,24,1,1,6,1
43,297.886174755431,13.13781947976804,4.990967221466439,18,1,0,3,1
50,1595.2599055031276,10.11349532637616,3.0451371664047544,19,0,0,6,0
44,1327.0676853784307,6.148514781271537,3.2257162894255247,20,0,0,3,0
24,348.58031140535627,0.5614435658230681,4.218935526733244,7,0,1,5,0
43,939.0360802792196,7.477807030455019,4.641152878667699,12,0,0,5,1
30,517.2429127400947,8.250188411079545,3.570488684613533,19,0,0,3,0
54,758.8040744669631,7.300019214177723,3.4784221760684373,25,0,1,7,0
49,770.5557937297174,0.6049991349774558,4.5739515987624015,20,1,0,5,1
33,591.5795126582233,5.162830169926545,3.1127637077064634,22,0,0,1,0
38,449.49160040463994,8.988630040848028,3.7387652951651704,23,1,0,2,1
32,470.9394237935328,4.306094565032964,4.011618445184659,24,1,1,6,0
43,420.6932905880857,5.198049029908355,4.120697348700647,15,1,1,4,0
59,438.81981993945357,3.065800643803283,4.457230313585554,22,0,0,5,1
33,643.1711448367837,3.761379882178202,3.7096914468613162,14,0,0,1,0
51,465.03841051995965,0.5,4.225368689349215,24,0,0,2,1
38,935.4484433422264,5.093874468440543,4.170750845581913,19,0,0,3,1
35,1399.154042580593,0.5,4.095232201307494,18,0,0,7,0
43,497.68800231491076,2.8547768942998752,4.280966586284425,25,1,0,5,1
32,749.7218343998248,1.731184464073511,3.5188983421361524,17,0,1,6,0
37,853.9243059586721,3.941994262708275,3.169297507169258,18,0,1,7,0
31,842.1862046511162,0.7159830999231378,3.2385433440794866,18,1,0,1,0
80,690.8879359296193,5.882491899623759,3.449164765307802,18,0,0,6,1
45,964.2409477517429,7.924007895636168,4.000395871045571,13,0,0,2,0
36,846.5120836766281,0.8917738728987994,4.680885501092041,22,1,0,2,1
47,358.22768964710906,0.5508217745971264,4.402586684176768,20,0,0,3,1
43,1027.1857212580255,0.7862844785492396,4.578081208404094,20,0,0,7,1
41,1036.5419653737017,10.483042751819582,3.7019512478521825,16,0,0,4,0
53,454.117941757705,3.7558867605362027,3.8093074832971006,20,1,0,3,1
56,677.8790757781094,3.148618241527925,3.7873637719812256,13,0,1,4,0
38,936.0458837771553,0.5642301959700797,3.3837463688090033,20,0,0,2,0
37,599.0488157538493,5.242771881540705,3.122433316287144,21,0,0,1,0
41,1137.3872486918006,10.124751323483405,4.181832185654454,14,0,1,5,0
22,2168.815071315154,8.806710110388966,4.978433366841172,18,0,0,5,0
28,448.99285913395886,4.918228864824997,3.333659409900526,15,0,0,5,0
67,333.4449213766981,0.5,3.0933696397985475,13,0,0,4,0
73,774.2612104075176,0.5961536932293031,4.559063363647866,22,0,1,1,1
41,954.1121789784409,0.5,3.5051720133694486,12,0,0,3,0
53,592.6279583056504,1.4885220872054834,4.6592876107058565,20,0,0,4,1
49,1375.57943920133,0.7289538325171298,4.407873334069031,18,0,0,2,0
112,340.596025871659,1.505850070756569,4.891347074101609,20,0,0,8,1
62,940.5448279079272,2.431137075872818,3.817854471513344,29,0,0,5,1
43,491.30719781682103,14.3220101145545,4.323939678901269,14,1,0,7,1
33,1571.3477241030855,4.71286630451339,3.9297095616265416,18,1,1,3,0
27,1801.288780015628,9.008254715260419,4.261177394617087,23,0,1,1,0
47,453.35328771349305,6.195435812880584,3.8991978120154744,22,0,0,4,1
35,505.3349274156602,0.5967514249636929,3.3772644928481497,22,0,0,3,0
29,1022.2833097872885,6.657523651336662,4.015794832006762,23,0,0,4,0
36,548.0873516713863,1.6086001089330653,4.0571684028748844,19,0,1,5,0
32,650.2093520005375,5.095880552100826,4.621207696520322,18,0,0,2,1
74,673.6388997334711,2.0848702151148872,4.471041411587162,13,1,0,6,1
58,254.71962282240472,20.0,4.327583247882888,21,0,1,3,1
44,660.5554863057013,1.5295797150306978,3.226774191105145,26,0,0,8,1
69,471.13096513070485,1.6364855807506018,4.44123258132743,19,1,0,4,1
45,519.7971237428555,13.344550501355334,4.000610312709029,24,0,1,7,1
34,1368.972861823505,0.5,4.788199072212318,20,0,1,6,0
70,354.8682354610833,5.964982786210586,4.839741868261085,23,1,0,4,1
52,998.8479784787214,6.460858808065867,3.110313181203571,18,1,0,4,0
32,578.5462750246143,9.050999592309095,4.641283120708957,15,1,1,4,1
42,578.3157013981388,18.333498397554024,3.0753947808453415,16,0,0,7,1
34,987.5093331540514,18.566254018687648,3.734339251390045,34,0,0,6,1
29,788.4158249282546,0.5,4.084599951242158,25,1,0,5,1
59,884.7512204110061,8.625347273491059,3.296201597254255,20,0,1,3,0
79,1079.3263011724937,5.196671340724831,4.492627625138153,16,1,0,1,1
29,563.6005795974152,5.211284556163474,3.016709408344277,17,0,0,2,0
52,489.74342560167,0.6868361380083193,3.3371980968680734,12,0,1,1,0
36,386.61321032715676,5.251785144038891,4.161593659706951,17,1,0,5,1
38,440.2288630633809,20.0,4.428775124074585,19,0,1,3,1
37,2906.041755231115,12.141794385659173,4.833286205387832,18,0,0,3,0
34,1239.3468554696055,2.8913365377349844,4.4109933038692475,16,0,0,7,0
45,338.47925889349574,0.5,4.343558540509732,24,0,0,4,1
34,343.3571028043673,2.2493855857565976,3.7886822927013286,15,0,0,3,0
48,846.3500382754514,8.754728347802878,3.002568851053603,25,0,0,4,0
44,874.4826013225012,6.044911679935314,3.240318517471244,25,0,1,5,0
41,875.1907981876667,3.0748571244227705,4.069109089512079,28,1,0,10,1
34,585.5327421840053,0.5,4.350259771688839,21,0,1,9,0
37,624.7008342867983,2.783429290328935,3.834896567792925,18,1,0,3,0
56,783.632187821951,3.165201131484224,4.46135802305678,21,0,0,3,1
51,694.3294107456042,13.194174074456997,4.0437245906643575,19,0,0,4,1
33,219.28007929861403,5.123363810539972,3.1483523911886246,28,0,0,7,1
46,592.9441335605535,1.8673104332512158,3.3840325019358977,14,1,0,4,0
56,434.5438163915753,3.725553649703846,4.679996446487886,17,1,1,6,1
27,726.0404354269956,0.5,4.449825493248879,18,1,0,4,1
52,2959.0676106719366,17.980268270906397,4.7895239740249895,21,0,0,5,1
36,799.3035873505198,2.231903518878148,3.235114498241873,11,0,0,5,0
53,568.6329557014673,3.2491680700900254,4.980445069230148,13,1,0,6,1
35,1054.5830462730496,2.1947266463424024,3.418813427899867,15,1,0,2,0
26,846.6978857558024,5.736572032898788,3.0235597525732842,16,1,0,5,0
27,820.6094084116901,5.426982392290495,4.994845878107109,12,0,0,4,1
45,900.9279580188605,6.2819882640837035,3.5621477708902263,13,1,1,5,0
48,1859.888432562174,1.560852265176102,4.33603890502512,25,0,0,4,1
34,377.87210142170716,1.896564010583294,3.3533646283526104,18,0,0,8,0
54,842.8727843803707,0.6690927755226515,4.160457064398283,18,0,0,4,1
27,418.55547379216284,5.328450673998246,4.808069972909118,19,0,1,4,0
43,878.0963478186183,0.5,3.640362334856877,12,1,0,3,0
31,420.1688877983641,4.5525664613706,4.340507952088719,17,1,0,4,1
36,539.8636421841941,10.18942106622196,3.3758071775968332,22,1,0,6,1
45,573.8999298503308,11.074343286358616,4.249590797437451,11,0,1,7,1
34,1083.45291070034,2.9804450139727146,3.6729007036350203,22,0,0,3,0
39,1052.8196469054012,3.0744875189969,3.422416517175903,19,1,0,8,0
60,356.7878372774245,0.5,3.6263641014072703,16,0,0,2,1
37,683.6643326980457,5.554917873811834,3.3576821370155985,18,1,0,7,0
57,466.4776329519122,8.609099000916675,4.803832215675765,13,0,0,4,1
31,354.51389620801314,1.4029037637667099,3.7943737726342577,22,0,0,6,1
52,596.7459478239842,2.7348629693785442,3.4905586099487347,22,0,0,1,0
68,570.0696838769559,9.126767516434537,3.896815682031866,15,1,0,5,1
21,2238.045553388996,10.482754077177301,3.641072333612991,24,0,0,4,0
35,825.9051303941451,1.3931490422755517,4.488838507626652,24,0,0,6,1
53,334.01678614162853,3.9988828883301784,4.942439823770989,20,1,0,4,1
42,501.5047093641497,1.0690187086828233,3.8760673133952936,18,0,1,3,0
49,1108.4208766067627,0.5372510663319602,4.72206679994448,18,1,0,7,1
37,1889.790747725198,12.102368874451594,4.131726147119239,13,0,1,3,0
45,300.9693233820959,8.588109391173631,3.314471330188467,13,0,0,6,1
42,259.83265974246956,7.136308951975792,4.381245484162683,32,1,1,5,1
63,1695.0755442253328,0.5,4.0268689942516405,15,0,0,1,0
48,808.198008630853,9.280811364606516,4.301213046504207,19,0,0,5,1
49,430.890343397912,2.881659295209507,4.77937482514333,14,0,0,2,1
39,868.9751624195309,2.0957550967752123,3.8808691413120924,26,0,0,5,1
38,200.0,3.953539425761557,4.802355246434711,21,0,0,4,1
39,666.2651758944293,0.5,4.50133802856331,17,0,0,9,1
50,783.609325170653,7.066201815154283,3.9772098517559695,14,1,0,6,1
39,1055.8855416143015,4.366576211608102,4.206444271315927,19,1,0,7,1
48,400.635494981594,1.0326005530273132,3.651162265038023,16,0,0,2,0
83,694.2579523424242,1.0427047001080516,4.967194599477549,12,0,0,5,1
58,418.7556966429499,1.0182284525958716,4.334702326100792,13,0,0,5,1
40,755.7358254201432,0.5,3.08769370499326,20,0,0,2,0
64,425.10102170941434,4.431214243490142,3.6532438114960177,25,0,1,2,1
39,542.3706264690915,9.17379972422134,4.246628867518115,15,0,0,3,1
24,404.2737722756426,0.5,3.1126665555984796,17,0,0,4,0
33,921.0995513485464,0.5,3.0477683826382855,20,0,1,3,0
25,1021.7024242220924,4.25216708356428,3.900048479055605,15,0,0,1,0
40,591.5165809254805,8.560002989082546,3.66538035938534,17,1,0,3,1
44,677.9808193391774,1.9781102311442498,3.876597216066332,22,1,1,4,0
73,322.3713986019108,2.1509492969092534,3.5253866197600106,15,0,0,7,1
49,572.585274825584,4.535992180495252,3.3294354938859616,18,1,0,5,1
41,648.6528615012069,1.6024927143376468,4.378286713960676,13,0,1,1,0
57,2466.1081655480116,0.5,4.029142232535601,17,1,1,3,0
23,381.46400198065544,6.644440787386447,3.4003084224987337,22,0,0,9,1
47,1383.1082761432406,4.912819288731211,3.6391788525199966,19,1,0,2,0
56,1094.9121237344466,4.34651093699433,4.183615815326652,22,0,0,4,1
28,765.3384867025712,6.767860683394994,3.1444586965449557,21,0,0,6,0
62,1602.484060496917,5.623203092174411,3.294906018532359,15,0,0,5,0
49,801.1536379098707,1.152615996404674,3.1464912082147802,18,0,0,3,0
39,808.0141718890806,2.173036073534379,4.624634665428237,15,0,1,1,0
54,647.7078030847388,0.6740046574753866,4.504818466424019,22,0,1,1,0
88,1226.3339155629967,0.695488642223212,4.506625863758514,20,1,0,2,1
47,1150.825300878561,5.638080505933257,4.432650686952056,14,0,0,5,1
48,486.4632485636861,9.780816410573525,4.338770847339738,14,0,0,6,1
38,343.90876449342005,16.448179480354014,3.95398383075635,19,0,0,2,1
34,600.9487649909516,4.948974860103847,4.28455632701423,18,1,0,3,1
57,445.8491730472326,1.0173255125667338,3.0767231095759495,15,1,1,2,0
34,644.3472009225668,0.5582923389996878,4.242928845313569,7,1,0,2,0
45,1234.8676376693277,8.379250179324124,4.555755411073754,21,0,1,5,1
38,529.1908662010278,4.322720857910577,4.00071672076878,22,0,0,2,1
51,651.0512143197194,4.815405385879955,3.715026656854474,17,0,0,3,1
49,684.7209393206592,7.603978863268138,3.5548534696019582,21,0,0,6,1
61,1016.596376935388,6.0747850140101125,4.285604100324165,12,0,0,5,1
38,216.27599204299614,8.992659336853519,4.3856023972598175,16,0,1,6,1
41,491.1010212789461,0.5,4.741935199725085,20,0,0,1,1
33,739.2542044276915,6.8821288164795185,3.6846681649219812,19,0,0,1,0
39,1212.0149217318697,9.51410627549352,4.539544614771171,21,0,0,7,1
50,520.1143942100216,1.685307348132644,4.122711648378676,18,1,0,8,1
56,260.2710653532049,5.114472238721316,4.7656729813561585,24,0,1,1,1
33,906.7399757709958,1.885569619133633,4.055624216591242,17,1,0,4,0
58,484.113220293881,15.846985023009577,4.035259656795935,19,0,0,5,1
67,366.9283768107398,0.5,4.155754162881818,24,0,0,3,1
50,486.787316119058,4.335037301664972,4.498630710284869,21,0,0,3,1
78,606.5197678480472,0.9106291620431997,4.929380957656922,28,1,0,2,1
35,491.5814621327125,6.227798463062179,3.1471267084315313,19,0,0,3,0
30,220.79109245577303,0.9672580337277714,3.1068692047820345,16,1,0,4,0
26,1041.6206519967477,1.3419028332078364,4.875100674814677,19,0,1,6,0
70,1258.2001428100261,3.4097585324907627,4.059751251036412,12,0,0,1,1
54,921.2772253353994,12.315820702687368,4.229806029133872,21,1,0,3,1
43,376.5900385211538,1.1894739145394322,3.964847203189458,25,0,1,3,0
48,601.3963690415089,0.778826703309313,3.187314905214949,15,1,0,5,0
31,662.9763659294617,7.114311083631174,4.536178756837333,17,0,0,8,1
93,897.3062277115724,3.4719350675156346,4.494449290177174,19,0,0,3,1
46,929.0571404087001,12.139897681780024,3.623406642985624,21,1,0,4,1
46,460.77649575782203,0.7927198310638528,3.612478490456801,12,1,0,3,0
55,692.977671218425,5.19127347282727,4.6756827618110375,11,0,0,4,1
51,836.0096886465022,1.3255546154023112,3.1447145154826535,23,1,0,5,0
47,1377.3424506242134,0.8525208616449735,4.762210296713132,26,0,0,2,1
35,946.0101230681802,5.751045226909061,3.513323379791829,15,1,1,2,0
51,986.8601562068415,4.5031281133883185,4.185969495510988,18,0,0,2,1
78,693.6124075734302,7.028965323619332,4.871988358003556,18,0,1,6,1
66,1346.4537624553025,1.851425549203286,4.356245003073293,22,0,0,5,1
72,816.3811961113254,2.970779434447734,3.828859624934073,22,0,0,4,1
38,432.44538671749916,2.5999346057208177,4.379068417810831,17,0,0,3,1
33,1341.6895877321617,20.0,3.6879592726327406,23,0,0,7,1
43,942.8918946758608,1.7283144046938888,3.554516832698372,19,0,0,3,0
45,532.9768497916294,1.7464913668912496,4.993366555869359,11,1,1,3,1
62,523.3516014531808,2.189023779797281,4.501580462359575,14,0,0,4,1
26,771.4622751642333,4.157382682724594,4.289439954763635,17,0,0,5,0
70,838.4813992330056,1.4539193520438396,3.7105792864386373,18,0,0,7,1
42,734.100641382619,12.342604583586724,3.0983216583100965,13,1,0,4,0
39,777.1662851876443,1.5440897817890549,3.062113752070311,17,0,0,2,0
32,1556.1633614224709,11.30797067863334,4.108362510897598,12,0,1,8,0
27,1136.5715254060608,0.5461458554704888,4.524065442078102,16,0,1,5,0
57,731.6613685348539,5.3437536185955885,4.07475838088771,19,0,0,2,1
45,1064.9203540141398,11.875000411167527,4.681570143878229,23,0,0,8,1
30,396.92130951673005,0.9241200570057446,3.066853066186443,14,0,0,4,0
30,811.5642230434312,17.261447181381307,3.7335041528518804,19,0,0,3,1
40,1643.6146903279082,3.0154663210966595,3.474140782348356,14,0,0,4,0
73,596.4390472362361,14.567546654622102,3.894545936314244,17,0,1,5,1
41,435.36424941972615,5.647729852201779,3.1447527863882447,21,0,1,3,0
28,480.0813437564641,1.7947223716893297,4.908263283142145,19,0,1,6,0
41,385.7476816824619,1.0431378793646342,3.4465108021387216,14,1,0,4,0
41,449.267754833247,1.8101250518858567,4.84461555096717,26,1,0,1,1
19,552.6616394554923,0.5,3.8517863100733636,23,0,0,3,0
43,329.38144629910073,0.7766533490445192,4.9710482665104365,17,0,0,5,1
41,670.3561692106572,0.5527611819946485,4.108116766920421,17,0,0,5,1
55,1044.3381212045597,2.7490758639589563,4.861665728351615,18,0,0,7,1
77,422.4714666356719,7.937853174723499,3.0106979773884457,24,0,0,2,1
62,1421.7474062099707,0.7621648459481406,4.4964776123618,19,0,1,1,0
41,858.6797577474375,0.6981522458447776,4.806101306205031,21,1,0,4,1
32,1113.529849008681,5.156108794468862,3.279441133957908,25,1,1,4,0
96,478.704129607359,1.0981423196946427,3.192251703464303,14,0,0,6,1
45,1019.6988458665943,0.5135426104560245,3.8491452143719114,24,0,0,4,0
44,385.3041605574534,0.9126993723510874,4.867357812265871,14,1,1,2,1
44,1038.0754515288602,12.867469523768364,4.084773120380877,15,1,0,5,1
47,724.8173339210342,8.615028209282702,4.054912927443464,17,1,0,5,1
42,877.1040338229234,2.185278609600971,3.2822522365986435,17,0,0,2,0
37,369.51919853609076,5.33296366042089,3.0015790221864376,22,0,0,7,0
37,425.1597917551169,3.8531190485584825,4.620280181490923,21,0,0,1,1
44,896.6038351298419,5.652438732231034,3.1751491259724762,28,0,1,3,0
37,413.9834502927075,5.739083344354255,4.267699637470648,30,0,1,4,1
36,838.4904116281335,4.9541826635734845,4.829232909030383,21,0,0,2,1
46,335.7715764470711,1.5469218208957862,3.417303826316862,13,1,0,3,0
41,1016.4659206450923,0.5,4.330545672473821,11,1,1,5,0
70,359.1493585927687,3.0400499620703285,3.157397153415019,20,0,0,7,1
20,876.6869462491696,11.080839177282746,4.207510287675226,20,1,0,4,1
62,909.427669308866,4.214007935006194,3.3278634419064055,19,0,1,1,0
64,469.47455009807084,8.930608209483182,4.471907121030356,26,1,1,6,1
23,889.8147398107249,20.0,3.6024625895878164,31,0,1,4,1
40,757.6496924582644,0.8933384264307671,3.9267820176092925,15,0,0,2,0
39,508.04959557800385,5.884669028259934,4.198861084055244,20,0,0,3,1
29,401.7068757957232,5.608794180804345,3.342546821332479,18,0,1,2,0
35,249.30751990741885,19.548989254179048,4.483275637235241,20,0,0,4,1
32,792.208823938763,20.0,3.605280681273629,16,0,1,3,0
75,304.173607078022,5.802629078183482,4.324743719825507,13,1,0,3,1
59,697.6182962829454,1.39602249078049,3.316566101398747,16,0,1,7,0
65,583.0517176634768,8.011215241543878,4.3762353184127,21,0,0,6,1
55,934.0886870342263,0.5660066186709765,3.2563761456209237,16,0,0,2,0
31,571.9074915580658,7.586557253056694,3.8507129925399672,22,0,0,4,1
38,564.1251402862216,12.050635718165953,3.4944121474777536,14,0,0,2,0
51,959.0424628330827,2.413081334201814,4.496750498856365,13,1,0,5,1
30,786.4498952884423,4.979853812843907,3.524070009013749,14,0,0,1,0
55,779.0521423343737,2.8118467834903518,4.7634346127907925,17,0,1,3,1
41,841.035436223782,2.87917732412566,4.783640422813225,17,1,0,4,1
39,308.65184868216323,1.858006731766436,3.3928826304455715,17,0,0,2,0
55,971.0659056593429,7.180146887064508,4.227691890015448,19,0,0,1,1
51,903.4623130675008,13.758174116340875,3.1754352834399286,13,1,1,5,0
40,400.0775629605518,14.130020004597473,3.7830741992032584,16,0,0,10,1
63,588.7253423901109,0.960534092700986,4.426643459002545,21,0,0,3,1
32,652.1967995522084,10.386964194788252,4.318846493699833,22,1,1,4,1
53,621.8827734153613,6.686215277675606,4.249401338813216,19,0,0,4,1
53,785.978928294536,1.457362238886478,3.565081727324887,18,0,0,1,0
40,1360.6031742898042,0.5,3.7560498988688042,18,1,0,2,0
49,1142.3963126256012,1.5598551563164251,3.2058922894005724,17,0,1,8,0
30,345.11938590901394,12.16393797871606,4.438045640867202,14,0,0,3,1
58,907.809899731591,5.014402010278992,4.0077775935825475,15,1,1,1,0
42,1292.6719829414706,6.383697167758628,4.417531264691309,22,1,1,5,0
38,807.0650404250806,1.4863215194438417,3.4978870495937455,28,0,0,4,0
61,1147.6713008651582,6.353914505692121,3.6488764572701324,25,0,0,5,1
36,1819.1692555143918,0.5,3.6684306745202293,21,1,0,3,0
29,1109.7108590746068,2.352589573523283,3.0514848194944326,14,1,0,4,0
28,753.4437003982621,4.927579069577103,3.682095745661247,21,0,0,5,0
53,1121.6367002071427,0.7896858299565791,4.6066091470360675,22,0,1,5,0
30,715.1153916162679,8.658128706138362,4.794596991499477,22,0,0,4,1
75,673.1387815218135,1.3396017973610632,4.0364366312718545,13,1,0,3,1
23,557.9631284453509,5.281804605527639,3.9110033904384407,17,1,0,2,0
74,1453.4665108985944,2.597626301992397,3.0616492373987407,22,1,0,6,1
47,441.7683576689777,4.532241582208916,4.758408675170765,16,1,0,6,1
43,1431.078825632858,0.5683668182306739,3.0260204268517454,15,0,0,9,0
37,854.0007413420217,0.5,4.889500160420424,22,0,0,2,1
50,330.4141648662375,12.015587932777432,3.9784324973761813,20,1,0,4,1
44,799.3705827959357,1.571020179665576,3.683868987149453,21,1,0,3,0
62,232.75508099191836,8.565028035793866,4.848436869685321,24,0,0,6,1
46,909.3717790500707,20.0,3.0487819862201935,14,0,1,8,0
46,1035.4752111089617,1.18767847827395,4.162849789738174,18,1,1,1,0
40,494.6359424469615,1.540585538425381,4.097865048998675,28,0,0,5,1
43,707.5256250247783,5.436281873638286,3.438640802422764,21,0,0,2,0
49,1767.0711135604313,16.82654105015206,3.8577748627004214,23,0,1,3,0
26,516.5265277644914,12.373653891602308,4.30452801188754,14,0,0,1,1
29,391.71957209279,3.494574108006709,4.454262393763855,16,0,0,3,1
55,1395.253922838451,7.926417040715163,3.0014337174131596,19,1,0,8,0
47,1774.5348216725167,0.729442009637046,4.873706860182031,20,0,0,5,1
42,666.3718419104213,18.95748184090207,3.329050744785625,23,0,0,4,1
44,1102.9365776145555,16.670484262668804,3.4671608684447186,24,0,0,9,1
49,1300.8041872453791,0.8940125268997047,3.5269468913876967,19,1,1,3,0
38,458.8658418245895,1.7792558795233624,3.075640273104071,26,1,0,2,0
35,521.8327229023016,0.5276637497063112,3.24610424718065,18,1,0,7,0
47,1230.8216784306767,1.5853319620153947,4.972699845888324,20,1,1,1,0
33,1544.5797399530818,8.462896376585956,3.630433474754572,15,0,1,2,0
50,881.337315015704,2.376613610177816,3.2306021806780985,21,0,1,1,0
26,428.41520190464826,0.5,3.2139825223492466,22,0,1,2,0
60,1796.3831402114756,2.0944657461582463,4.438919935339944,27,0,0,6,1
51,510.05295369050026,19.918490454528396,4.709137328065282,12,1,1,2,1
48,562.5224865757816,4.9669874541322825,3.5139045990169397,18,0,0,5,1
60,789.3177125094255,2.6906496364895647,3.04181902467047,10,1,0,7,0
73,1446.75762425289,0.9108389240709778,3.446180036890712,19,0,0,5,0
60,1019.4188492576163,20.0,3.1130313815935144,25,0,0,4,1
25,818.466731409286,8.597631525189314,3.206789873260083,17,0,1,2,0
30,838.5248902321861,1.652789918877025,3.863016239695285,16,0,0,4,0
37,679.7719228410344,0.5,3.459836741723265,16,0,0,4,0
45,879.250427232217,0.5,4.031891757050847,18,0,0,5,0
52,200.0,0.6413158960559024,3.5069875065143807,9,0,0,4,0
35,573.464635579574,4.3466610255777685,4.881074602205896,22,0,0,2,1
47,750.4409502700016,13.208744226866017,4.811887935852529,23,0,0,7,1
35,374.0887086488073,3.4332757772182476,4.133612210020932,23,0,1,5,0
37,806.8692690332218,9.25581144203833,3.7088479839747723,19,0,0,6,1
29,600.5010496670513,2.951929779407672,3.7622937640694714,10,0,0,1,0
33,1599.9663058425806,6.165009603393448,3.8237045662889937,12,0,0,2,0
29,1460.4645698384086,6.5814677515537925,4.455158644269888,18,0,0,5,0
33,526.9455462695507,0.9555828342106922,3.903277991037676,22,0,0,5,0
61,616.8224037964469,2.2409450112157185,4.713459893011795,19,0,0,6,1
33,640.9979233397246,5.070925892504658,4.888189571860729,18,0,0,4,1
98,530.6858687543638,0.5,3.6718923067578677,23,0,0,3,1
51,733.2689064764985,2.2434827319387614,4.12138896275136,14,0,0,2,1
47,455.25557545744005,3.8264335552468083,3.190113073665129,23,1,0,4,1
34,377.9237034535905,20.0,3.4009380955327178,12,0,0,5,1
55,908.1010054982331,3.2173447934139032,3.8269315334203204,19,0,0,1,1
37,911.2021686384729,8.465640157676816,3.412405431803558,21,1,0,9,1
46,444.8966999033171,2.8287616345110407,4.753120981577435,16,0,1,5,1
96,1040.7300482916878,7.957762143215298,3.316572512118196,21,1,0,8,1
43,485.0301895122834,4.5244646912975925,3.911321643106184,23,0,0,6,1
63,754.8979835692314,10.88396845052435,4.211398480919751,19,0,0,3,1
36,1002.4196499635035,2.646157829381812,4.383727816321689,23,1,0,6,1
44,654.0564859280801,4.635550501401643,3.7661387394530133,14,0,0,5,0
76,834.9488421356656,4.971513813887149,4.738198137449457,17,0,1,6,1
37,513.7748723933237,2.701125777246215,4.136638302155851,25,0,1,10,1
76,602.9092622975946,0.7792475315912574,3.8790155608951036,20,0,1,1,0
55,600.0843835394721,0.5,3.1344812681040732,15,0,1,6,0
37,457.9274780603323,0.5,3.92937893689033,16,0,0,3,0
54,608.8749551352921,10.338919355516333,4.641471681631461,13,1,0,4,1
59,306.6450379819859,1.349046479874378,4.229082036442631,14,1,0,7,1
53,520.30913557664,1.1881571613140782,4.664324907458237,17,0,1,6,1
27,576.8384550060971,6.659701386750012,3.9880233411986112,19,1,0,3,1
35,585.1745177904513,1.928430884047426,3.2369234101889637,16,0,0,5,0
41,589.48618056488,3.5265511817810955,3.027279691671762,18,0,0,5,0
43,644.9145968663618,0.8867361383283445,3.6064390934371824,24,1,1,7,0
53,845.3246536254304,16.062694908427012,4.395980942995585,13,1,0,3,1
47,1029.942791106682,9.53859309645895,4.5805198078833875,20,1,0,5,1
29,480.6394412275592,9.967773492423738,3.591505669240659,17,0,1,5,0
50,364.45371904069293,2.6108970788653374,3.9913078417664942,15,0,0,6,1
53,395.0363531187886,7.1850173142149485,3.8422378088681635,21,1,1,6,1
52,521.3379768519699,0.7767011751116064,3.8210455687028557,26,0,0,2,1
61,557.8216798194034,0.5,3.462697426400301,17,0,0,3,0
57,452.59693758381087,0.5,3.272742210058917,20,0,1,5,0
51,347.9092492939478,4.416719172317864,3.3933771164624265,24,1,0,8,1
43,529.503400047671,3.0384717187561963,3.1106647743266924,15,0,0,4,0
27,728.3001885081828,3.649215048235608,3.3962614836471543,7,0,0,4,0
50,895.6186718364504,0.5,3.018401795250759,20,0,0,3,0
47,503.35136924997175,2.7468501986632408,4.254516801271956,23,0,0,4,1
48,541.0442610647303,6.330449718228755,3.632750814775366,24,1,0,4,1
30,418.4891005801268,2.923201417484717,4.946289422853817,26,0,0,7,1
32,654.7676335878294,6.5879328358132,3.3874341015525955,15,0,1,7,0
61,435.1912905874662,1.3264660167008058,3.6916571406191876,18,0,0,4,1
44,885.8644134053709,8.387031664297618,3.7156823172830666,19,0,0,3,1
54,272.34421267934795,4.438895889677394,3.016902992124921,20,0,0,2,0
45,555.6758739679603,1.1834437449777988,4.678415906078918,18,0,0,3,1
45,773.2123111907532,1.3506548298580014,3.0639889202886494,29,0,1,5,0
59,729.1775521836635,4.944716610333097,4.880359669458483,17,0,0,6,1
38,2556.812979419236,8.858007855018075,4.784148702187242,21,1,1,2,0
46,792.2682328238652,2.6860856982106007,4.071043832171927,25,1,0,2,1
38,402.6117514105935,1.4940550440639475,4.087191149822584,17,0,0,3,1
39,634.138811753483,10.08746712286573,4.307555845912312,13,0,0,1,1
40,273.6573655740935,5.5322389068689315,3.774100023869774,23,1,0,3,1
47,638.8694470907687,2.9718105648240645,4.294444566795711,15,0,0,4,1
38,438.54918478114064,3.3461787092205646,3.0895367773769737,17,0,0,4,0
65,1051.2078735697678,1.1423917047700014,3.108095254699453,19,1,0,5,0
34,505.339187738821,4.92823928683616,3.914460839239089,25,0,1,6,0
42,627.4205453937457,2.2216210155004066,4.09924460221207,19,0,0,4,1
39,484.06591201688775,20.0,4.775635280671638,25,0,0,6,1
68,1586.7222285321138,3.2713972183031093,3.2093212678157927,16,0,0,6,0
47,566.4442231579823,3.326547411187799,4.645295854387779,17,1,0,2,1
60,1662.833779062767,4.171846497593944,3.4200946745841394,20,0,1,3,0
28,999.3208328155075,12.429896311280482,3.7881672970200637,13,0,0,5,0
48,846.4349592118278,8.067684003548298,3.6332048696548256,21,1,0,1,1
58,799.8039008308973,2.9994689342521834,3.800310545730798,23,1,0,5,1
45,809.8901726141152,6.341654770395612,3.3009909961451713,6,0,0,9,0
61,253.70285254829744,4.412291523205101,4.00714014880711,8,0,0,9,1
38,578.5692831627446,3.389983146863323,4.603285179662734,18,0,0,3,1
68,1014.9341226659533,1.0679205237388774,3.883068020757794,15,1,1,2,0
89,649.0770353933334,3.117511067579936,3.981227151796398,16,0,0,5,1
40,329.4435689478552,1.4106116957404362,4.697535170562628,15,0,0,4,1
39,647.9397895740949,12.316243420641001,4.412116229276061,17,0,0,5,1
69,1559.394303915556,2.0429008756999796,3.9809088170395697,16,0,0,5,1
71,1240.7184150012652,15.21034876607742,3.5153912963783593,21,0,1,6,1
38,644.8372731767813,3.8077221126473875,4.769853493689933,25,0,1,1,1
39,1070.3325125031913,4.992175026026282,4.1540408033811165,17,0,0,8,1
41,553.7683673374644,3.9147078908727058,3.4422952202213866,18,0,0,6,0
29,283.7416685955191,0.69275193058819,3.538239505276021,15,0,0,1,0
33,418.9564623016097,2.35659221824097,4.606266177872492,22,0,0,3,1
33,1453.0853236586925,0.5220610065703521,3.088291124174911,21,1,0,6,0
35,579.9857063921617,4.876941001226755,4.98418437405764,22,1,1,9,1
44,588.9304000157848,2.960849041080727,3.2607033594295833,15,0,0,3,0
47,572.539026613697,7.525051018873462,4.592137050793875,20,0,0,4,1
71,1723.424010543031,1.2453236102681322,3.7895506335433655,19,0,1,5,0
33,1499.6386494178337,0.8990199930991672,3.984432366574934,26,0,0,4,0
60,2017.0475589394869,2.607177137396339,4.761301154929155,21,0,1,1,0
41,614.2963059979725,13.058161122364977,3.8258223791784265,21,0,0,1,1
44,771.0955103100255,6.1966497469470525,4.074987507346469,16,1,1,4,0
54,311.5870412283735,2.7143653801211847,3.09859932481834,23,0,0,1,0
31,1391.958758664312,3.641511413053084,3.0046949477349063,17,0,0,3,0
50,370.9659295769473,0.5,3.489599746003452,22,0,0,3,1
46,741.2869385711484,20.0,4.361166185837535,16,1,0,3,1
51,384.2712702728416,5.489172526523908,3.2425297867182734,19,0,0,5,1
48,495.4996198825776,1.680190133763775,3.2275239176090986,14,1,1,4,0
93,437.6278030847673,4.407132981589317,3.8219212160718063,18,0,1,3,1
36,490.8125925314156,0.5797618708386768,4.295674077216453,16,1,0,3,1
38,507.97825849555306,16.88301198736937,4.424143984495861,23,1,0,3,1
37,505.660554132654,0.9605565292785413,3.3569013481967493,27,1,0,1,0
37,1008.9515041218474,5.221051189660951,3.1591762947440847,20,0,0,7,0
36,382.8214159201088,1.4081982405382991,4.880794067891088,15,0,0,6,1
63,742.6840461076455,6.32147017858399,3.5213327651242032,16,0,1,5,0
68,1222.8990338573537,7.4989139221039345,4.706692995217447,10,1,0,9,1
37,514.6061329856517,5.5953975361256525,4.726982900925637,18,0,0,9,1
34,464.53669526431355,4.766063429317505,4.5450451835250885,23,0,0,3,1
51,592.7292318645833,11.149884873066316,3.3376672133051404,27,0,1,3,0
37,1199.7429496202553,0.5,4.6436029185084005,26,0,0,10,1
54,732.932650355796,2.0092191077925956,4.538501118483174,20,0,0,6,1
47,509.9908848401508,1.4270065743282434,4.193445980212434,22,0,0,6,1
28,847.2012973241336,20.0,3.6744040703379053,11,0,0,6,1
71,383.31378091582957,2.4664823032037795,3.525017208533088,15,0,0,5,1
76,935.124574545252,6.595285534958935,3.243778424160718,19,1,0,3,1
37,815.909672891358,5.771552624718473,4.019514133801743,14,1,0,7,1
39,570.2619202120563,1.1918014384206752,4.1705217510196935,12,1,0,5,1
48,437.3383276824788,1.3655943639142603,3.7186779810315747,23,0,1,8,0
49,426.946852751663,1.6514488822423736,3.950718135361737,14,1,0,5,1
54,869.0569586532696,2.64772605401502,3.7270289147385336,19,0,0,1,0
81,1229.6566354754473,1.3349878350048963,4.282012114641402,24,0,0,8,1
42,483.642562418349,0.5,4.802518415593127,22,0,0,1,1
35,836.472254883461,10.576092121333105,3.3278405240938898,13,0,0,2,0
29,234.27285678926228,16.849922757030818,3.762817619806247,20,0,0,5,1
35,496.55345169095204,2.0894882673058452,3.2817372079017226,23,1,0,5,0
44,654.8921290272197,2.0662784760868442,4.2498875408156636,17,0,1,5,0
76,422.0645614317326,0.5,4.457741018977192,17,0,1,6,1
38,416.4418402518637,5.701089956198645,4.863825465194912,10,0,0,10,1
47,476.3296810633115,8.72743079836921,3.55774385252193,17,0,0,4,1
44,769.7735372816168,0.7926831725002745,4.90042241173086,15,0,1,3,0
63,605.6701256805175,0.8697813143735782,3.1265253436413496,22,0,0,4,1
95,217.2142912044654,7.805221276493058,4.206027726729176,12,1,0,1,1
38,230.361525228744,4.789350851774627,3.11426543868666,14,0,1,4,0
38,491.06053582040437,0.5,4.7875483755238895,18,0,1,7,1
61,836.1794916975182,4.871545980434359,4.059618114140108,17,1,0,2,1
54,200.0,1.8474819630602881,4.338696701525592,13,1,0,2,1
77,518.0827154897172,2.3000697074855663,4.663147851820905,14,1,0,1,1
53,511.25887761853886,7.342544524046479,3.3006212449679375,18,0,1,4,0
40,1331.6431224381288,8.328327133928745,3.0771831238762677,16,0,1,4,0
53,548.6655701983938,2.557100892725221,4.7577622918257045,19,0,0,2,1
62,805.5252042907078,14.70176560891229,3.629866454917865,16,1,1,7,1
57,713.8183870022142,2.60827624819199,3.2579578158543305,24,1,0,5,1
52,229.22791258812967,7.388453823800264,3.936922474174173,15,0,0,4,1
61,976.6258379435939,3.3070534120651933,4.196612151392038,19,0,1,5,0
63,740.7759757982479,11.39103955424943,3.0619412068450202,20,1,0,4,1
67,857.5970237221661,11.916874429382611,3.5497913165141757,26,0,0,7,1
54,3000.0,0.5,3.065599748553792,13,0,0,5,0
42,234.61445040477494,13.783051799304848,3.840670778390998,19,0,0,5,1
46,1575.532083309587,8.73015111074391,4.790200058132489,13,0,0,5,1
64,576.09711003702,7.834544022810766,4.965304822987139,15,1,0,2,1
34,767.903790260093,1.1214168763685142,4.2740951070072555,22,0,1,3,0
49,650.1765083600039,8.176836171509489,3.3232753875691836,15,0,0,5,0
39,538.0125210945882,9.490026372696992,4.811698779998611,30,0,1,3,1
45,500.23777524836544,1.7064715619972592,4.032495646400121,24,0,0,3,1
65,784.2707991471041,15.209936497561712,3.307498624205836,27,0,0,2,1
47,311.5043029152361,0.5,4.8434533389033225,17,0,0,5,1
45,968.055658196868,0.8120608715529732,4.514938101446206,19,0,1,4,0
29,540.1802053813004,3.856420855224157,4.463410545446303,19,0,0,8,1
55,378.0268899335628,4.287662442969723,4.41836140758881,8,1,0,7,1
54,531.1229671586004,5.180301743803973,3.400679642192885,17,0,1,1,0
85,1247.0980963090205,0.5,3.4220133834150523,20,0,0,5,1
40,508.9411833286495,16.140437439062417,4.37658599685451,17,1,1,7,1
47,795.7036432968956,0.5,3.4394455002207938,19,0,1,2,0
48,461.5183718496759,0.7719482661154764,3.8773433936060977,28,1,0,8,1
71,971.61625289925,0.5,4.564003651187883,21,0,0,3,1
43,937.0661425001869,4.183453302603049,4.567905036195682,12,1,0,2,1
48,1676.2332074993108,13.460900297228664,3.9065235450517193,19,1,0,7,1
53,609.2435022280882,5.482280565637971,4.58437987655049,19,0,1,3,1
47,929.2031606630995,8.648361050912513,4.677243592396113,14,1,1,4,1
39,698.5688692590019,0.5,4.309551502568521,27,1,0,6,1
47,1271.4787738443306,3.904597491099998,3.4568517046168403,17,0,0,7,0
61,464.3245673060558,3.0768858290776064,3.548023560771095,23,0,0,3,1
32,965.3615133702782,3.455425981764517,3.6296823108174707,23,0,0,2,0
46,603.4428581377423,0.5,3.2336082154679042,24,1,0,7,1
36,644.133441182911,5.766958701168255,3.5463192407398902,13,0,0,3,0
63,696.3665975086109,3.498044209589067,3.4190384486250642,15,0,0,5,1
28,754.5489837340955,7.2440168459389,3.910657499617204,23,0,0,3,1
37,627.5889904738651,3.3207643780046463,4.81687509574453,17,0,0,2,1
50,740.5229246630693,0.8089585359779549,3.208960633507916,16,0,0,5,0
71,1464.192285982991,5.224271765635617,4.440535847894791,27,0,1,5,1
43,1088.6839308200126,0.9460442719912356,4.374566008826255,17,1,0,10,1
37,1027.1849653048873,10.294061510209552,3.1915083973267153,15,0,1,5,0
78,529.6573229626887,4.748154952106526,4.8451448098116,22,0,0,4,1
28,426.4007304384098,0.8551510249253341,4.136944404313639,21,0,1,5,0
23,1072.3955739538176,16.395525883293413,3.7274510422713685,22,0,1,4,0
51,1030.7308536645576,3.652848376075648,4.513077166990613,21,0,0,5,1
38,1388.994437234412,0.5,3.514730916803268,14,0,0,6,0
32,491.7692916061019,4.928644911053797,4.387019674092641,16,0,1,3,0
55,593.0185453699921,1.4597820187743074,3.0794224151444944,26,0,0,4,0
48,293.0249968142436,8.140389102622787,4.678816075218544,22,0,1,6,1
37,546.625785629955,8.513857258470942,3.896341694042637,25,0,1,4,0
30,1094.754323842133,19.30364557068606,4.273385828715884,21,1,0,4,1
58,526.7638314259093,3.4844662518761247,3.4424756396133676,14,0,0,5,1
54,916.2047790470509,3.034451838415383,4.354147425316896,17,1,0,3,1
43,604.7096630150553,7.0014716334500795,4.544480551786553,19,1,1,5,1
77,782.1359027360062,0.710529710953729,3.9464263737687975,15,0,0,3,1
32,374.7107163081476,3.9583833356041542,4.235453848123589,20,1,0,3,1
28,694.0921445478596,3.951018022246207,3.9126518476447973,22,0,0,10,1
36,200.0,0.5,4.788182738515691,22,0,0,3,1
44,605.801225126251,2.706287435673569,3.9957383610286383,16,0,0,4,1
48,294.3481875949525,9.596309883097614,4.683617418057638,13,1,0,2,1
41,1215.6051021644319,9.695046841351823,4.602704116540497,24,0,0,5,1
49,981.1287321430979,0.5225691760738074,3.821009642696713,23,1,0,3,1
30,839.9442251341419,0.5,3.46016898371495,14,0,1,6,0
68,1422.9722738121548,1.5237713973150593,3.812164265119542,18,1,0,4,1
43,413.8657887846897,10.387858955925902,4.65243475155044,12,0,1,3,1
62,1593.489586671493,0.6900073287920482,3.4552650716387845,10,0,1,3,0
49,1060.0758934422888,6.36477128345197,4.0488726917154985,17,0,0,2,1
51,590.9446489319564,0.5332824398536797,4.612193495921495,26,0,0,2,1
53,1173.5751748232724,4.879379091062655,3.7069549502567574,21,0,0,2,0
51,382.54765884566285,2.200805300381365,4.284419274005395,21,1,0,6,1
54,440.4262109162715,7.777447350806756,3.4912631480976293,27,0,0,6,1
66,490.63729023338965,1.3308453853426472,3.21855889073632,23,1,1,5,0
47,510.56152322640753,5.097182805889043,4.588768450185713,14,0,0,4,1
55,392.180102181925,1.343860227323681,3.1979372468174136,22,1,1,4,0
43,1226.0360658356192,6.25288175888835,3.542762790159169,18,0,0,2,0
68,584.3924729405575,10.344606749735142,4.7102188439948804,24,0,0,4,1
36,793.3404782691237,0.6779635734592118,3.6929385741573344,15,1,1,9,0
76,500.1081208739224,10.071854133244184,4.946090699028322,14,0,0,3,1
44,267.6548693703256,4.501782474214858,4.95946866954772,18,0,0,4,1
29,761.3008990071733,0.6797314785977164,3.5365520409071136,24,0,0,3,0
46,255.66615522926816,2.7890782801250875,3.081956444499781,13,0,0,5,0
36,642.7031650353753,0.8768903543235089,4.4101265684107585,17,0,0,6,1
57,335.57399401809346,6.0256655338588665,3.9019730052966874,14,1,0,2,1
36,1796.5761607499114,7.112056675187441,3.201505687919153,20,0,0,6,0
39,1049.093105704556,0.5591096187404582,4.415045637956085,20,0,0,4,1
25,701.2587227619326,3.5275145224803195,3.0623498182238427,12,0,1,1,0
39,1251.1937052740377,8.426873903771266,4.740393380984484,14,0,0,2,1
21,435.6512383760223,13.757114851591204,3.2773050582266077,9,0,0,4,0
27,872.8290252861789,3.6027755154531165,3.25462375749345,21,1,0,4,0
56,735.0255179131507,15.00666198622234,3.351344595937169,19,1,0,5,1
56,759.0062718487579,3.836003145142411,4.920532716984133,15,0,0,7,1
50,1256.6148406398636,2.505948449274814,4.386338720507692,19,1,0,6,1
33,959.3404828978378,9.426060119679295,4.602743070927273,19,0,0,7,1
44,768.4394971731944,3.396050871559142,3.795269971465506,13,1,0,5,0
44,290.77689285276523,3.1923718661861518,3.672625455009911,16,0,0,6,1
31,411.5690687638744,3.369787326945151,3.46896801356634,21,0,1,3,0
70,625.5589269366423,9.379565637224465,3.9612960566248177,26,0,0,3,1
58,696.9308445663108,8.917216969812547,4.103657467068337,17,0,0,3,1
41,378.0014900953612,2.5835477712548167,4.2635496873055105,19,0,0,3,1
45,2221.2787838555714,2.0270744958722076,3.514237007997389,9,0,0,3,0
47,1419.6945582396484,3.3856607823883875,4.897308161805981,20,0,1,6,1
24,898.7987595535546,4.25219321770099,3.3395169964142717,18,0,0,4,0
41,689.535671107858,1.3612567743746915,4.931306349532825,24,0,1,5,1
36,598.1822749108181,7.898305492988001,3.0297122450150074,16,0,0,1,0
33,413.245054785751,3.332358439125339,3.9622513836336912,23,0,0,3,1
41,691.4150255103616,2.0326700090074037,3.6667356762331256,21,0,1,4,0
76,756.6314433396474,0.5648413119340875,3.8982468278605014,16,0,0,1,1
54,357.49440521351136,1.364592366140808,4.141329157961578,20,1,1,4,1
37,786.1032999153805,14.907290357822529,3.871178316025418,14,1,0,6,1
53,615.4603199713987,1.8199343898886204,3.82969370060319,19,0,0,7,1
68,256.2353148892774,0.9247808579302947,4.465446830826613,12,0,0,4,1
58,432.59739622792813,3.0871641334387734,4.371752550172929,19,0,0,2,1
45,540.8798866893055,1.8342595080194486,4.666542564071696,31,1,0,3,1
36,1709.3078964849071,0.5,3.499917962478991,24,0,0,3,0
55,878.5532867170275,1.9514926511490267,4.219057019508127,17,0,0,4,1
50,341.12849191717436,3.9275035411896235,4.170389570785708,25,0,0,3,1
58,848.1166155792015,4.011601129185015,3.7394756217453775,19,0,0,1,1
54,306.8466175177221,2.2046240986930337,3.972115083805362,23,0,1,6,1
61,1142.924408078727,2.964724535213181,3.6275642866114577,22,0,0,5,1
38,525.5459747342579,16.83657729493674,3.2836887952339704,17,0,0,7,1
66,634.7186981045439,2.368841350954555,3.4276024213254654,13,0,0,2,0
47,1290.6462278863276,1.4935588039591536,3.2110272928024024,22,0,1,6,0
83,349.47017285771784,1.3950459150513839,4.366139150380248,19,0,0,2,1
36,330.7758340551856,3.0602753895849073,4.321454786218303,17,0,1,2,0
75,496.80636216473727,7.125594856973817,4.901212743159745,24,1,1,5,1
47,1117.8801252934682,1.1532846823550449,4.459356827294482,22,0,0,4,1
36,311.16613393358097,6.1772507448843665,3.1040916775122627,15,0,0,5,0
38,200.0,0.5,4.768490347857909,11,0,1,9,1
40,530.8187207636407,2.7144458623667482,4.725350325891451,22,0,0,5,1
50,876.4418861149154,7.477535105010256,3.886640641545397,20,0,0,3,1
52,1212.1257009050644,2.0679876018768097,4.171726101055843,12,0,1,3,0
37,527.6426835715076,4.147551195076277,4.952156664945038,24,0,0,1,1
44,541.4694765058291,1.1469352121871297,4.064608727696332,20,0,1,1,0
85,1184.3511692611091,6.773889151840154,4.8106436567521795,17,0,1,3,1
75,261.158930247441,0.5,3.1660775156203727,22,0,0,5,1
50,547.7065289618422,9.571081314024369,3.3821037374173657,18,0,0,1,1
45,731.5839257875488,1.1044578597567232,3.8815098868826357,16,0,0,2,0
46,832.6466484558032,10.373186769794065,4.169513616674609,18,0,0,3,1
53,515.4790453238664,2.173408233689405,4.632455703725601,14,0,1,4,1
32,676.6948994706173,6.41298047170358,4.9765242302863735,16,0,1,4,1
41,200.0,1.9226193066188233,3.7777029929482326,27,0,0,5,1
27,478.60508197350435,11.817606351034765,3.09483127228017,16,0,0,5,0
50,834.4345887585481,0.6770207286243114,4.602343006590649,16,1,0,4,1
54,407.0161978763515,0.9832371549431606,4.208761438165617,25,1,1,5,1
38,685.0501935236935,3.3965184780773825,3.3970857177364033,16,0,0,5,0
71,831.6704348602632,0.5,3.9896569132428406,25,0,1,5,1
30,560.4417990534463,1.0906568210677239,4.4846204910674485,19,0,0,4,1
28,724.3189872641888,14.391202598203579,4.5408235741372875,10,0,1,2,0
47,411.0166470131832,18.75157501714209,3.9992368239975242,12,1,0,4,1
61,599.8588395693258,2.3601029443531156,3.6104290602577183,21,1,0,3,1
74,902.4453052727015,12.83835665928019,4.947485164076987,16,1,0,10,1
38,719.4496037808568,3.9353630303038423,4.3267252219129855,16,0,1,2,0
61,496.0785917183925,1.5717901028996244,3.816475038692597,19,0,0,8,1
44,744.0499741586508,6.060003392941046,3.5609264484093046,18,1,0,1,0
42,950.8011027691623,5.377924429459355,4.462205966007124,17,0,0,1,1
58,238.65747398097687,20.0,3.4843668911875354,15,1,0,5,1
54,1187.4186549621072,1.5397455922512935,3.3434199779473763,16,0,0,5,0
27,562.2084174265631,5.574615488044748,4.05966777792414,16,0,0,2,0
69,822.8261727308924,0.5,3.5799747852882837,10,0,0,5,0
67,1210.2999032704747,0.603194516504489,4.25781028984723,24,0,0,8,1
37,335.0109277307275,0.5,3.235877349748467,16,0,0,8,0
50,466.5100198273085,20.0,4.309882209134643,20,0,1,5,1
51,575.7800050496244,8.10435756691717,3.5665930559954044,22,0,0,3,1
48,449.4943298297501,7.7258177887444335,3.0004858688690255,19,0,0,5,0
37,1583.6194351454892,3.5639550702620753,3.2538721153483525,20,0,0,3,0
36,433.37957173227244,1.7838539062651906,4.867230755670188,16,0,0,5,1
44,503.8238032674174,0.8200371512553224,4.734709278230715,7,1,0,4,1
63,736.7101386182055,1.675089645121938,3.4672180640724735,15,0,1,2,0
52,364.64534984209007,2.3577939648642072,4.556743809090983,18,0,1,10,1
39,545.7492625240563,7.05929375608539,4.217143186347949,13,1,0,3,1
56,779.557640019183,3.8789690907087016,4.941809422899739,18,1,0,3,1
19,563.16338922783,0.5,3.747211319068118,27,0,0,6,0
63,634.7978301924136,0.5,4.362921225034342,16,1,1,5,1
26,510.4710586207502,0.5397759475397189,3.127071444847837,15,0,1,7,0
40,311.9256460324453,2.642391884919933,3.792494693632812,15,0,0,4,0
31,781.1729761557597,13.529730859301143,4.927635322376361,17,0,0,5,1
30,1599.5322725318317,5.0723091175610815,4.0779617489002415,24,0,1,3,0
63,671.2897187480119,8.093046705408582,3.5757590066696894,12,1,0,2,1
38,744.4398516688648,3.1403058700794606,3.2405419262572135,12,1,0,2,0
49,940.4527211411047,2.244468759905774,4.407056680363061,13,1,1,4,0
44,352.6001698696326,0.5736904775085802,4.289712086859454,16,1,0,5,1
51,1558.154409555012,10.434668577712703,3.7478774272075492,23,0,0,5,1
45,735.9516312885644,7.642978292289252,4.901882703731669,20,0,1,6,1
30,1504.0675988513974,0.9203239623199939,3.044405625975701,14,1,0,7,0
60,461.03939839371975,3.5898697904818238,3.6074477032636514,15,1,0,6,1
38,1650.8258573440276,3.3410516028677923,4.842138972599162,18,1,0,2,1
28,980.0246721562821,4.905367116581393,3.6418708766388805,19,1,0,1,0
39,877.0114454105393,14.611191176855813,3.5045056677103408,14,0,0,5,1
70,747.7077755003651,4.334782647202849,4.068440819862495,12,1,0,6,1
57,587.4174297078431,3.8850061008037162,4.647603499841075,21,1,0,4,1
40,1212.2892936009134,0.5,3.206293521756722,15,1,1,6,0
40,713.4982148303219,0.5,4.886041419291472,17,0,0,7,1
40,248.75417211170844,1.03725409016712,4.590145762362328,20,0,1,2,0
83,380.4697863965498,0.5,3.3625005111031037,21,0,0,5,1
50,606.1194773039545,6.800266361068422,4.424015922396325,16,0,1,2,0
50,776.6575282205489,6.424654587500687,3.769917445275114,22,0,0,6,1
60,646.5857039993289,0.7312379922200576,3.804589356152637,14,0,0,7,1
48,1223.5177555780924,9.041850346675423,4.566580184877733,18,0,0,4,1
41,250.74815477230402,0.8408273523907364,4.925569615961464,21,0,0,5,1
42,714.6507545975151,1.7917788286239884,3.253311745694388,17,0,0,4,0
43,268.00627309462783,1.4315943379318878,3.8412604737576386,25,0,0,4,1
44,972.4864553569458,2.3285212129259336,3.961883216168607,20,0,1,2,0
55,634.4577155528071,1.4695992073208732,3.7526236339099954,19,0,1,4,0
45,820.4106323001649,3.356448295112079,3.72637824743245,17,0,1,8,0
55,431.8414554912856,2.6162447177544967,3.104537335123193,15,0,0,2,0
43,1261.0909590388405,20.0,4.3710772411252465,14,0,1,1,1
45,1119.751799374768,0.5,3.8724288342400905,12,0,1,7,0
24,890.4902479886288,0.7668129811598556,3.3895876052878533,23,1,0,2,0
58,623.4330468330114,0.5,4.632067004604137,15,0,0,2,1
49,888.850133575385,4.915374796716641,4.605121496303256,21,0,0,3,1
60,467.1048338085499,0.5,3.9727832561777876,24,1,0,5,1
18,1020.2243463652649,9.052868889069899,3.596901322295521,17,0,0,4,0
83,1517.3800072607773,3.5865706211819246,4.276185451592905,22,1,0,5,1
42,1136.0416700490912,3.7433800512140976,3.576304271554806,18,1,0,6,0
62,461.8308807560893,4.123055076990261,3.4720158606474243,14,0,0,3,1
32,796.883630433888,0.9365521405558402,4.4610293080526535,12,0,0,4,0
53,348.4271703861896,1.1013029496847833,3.0806504794419016,13,0,1,4,0
32,885.5378102093742,1.9196238022691656,3.189536942069188,21,0,1,4,0
37,833.2233274639859,4.500812664333628,3.0135763480471796,14,0,1,3,0
79,261.1491839993478,1.179357140518704,3.3058863729508525,14,0,0,5,1
42,372.0796997791786,0.6183677185453798,3.1379800174209187,19,1,0,6,0
47,577.3395403777336,17.552308606412733,4.991604735559838,21,0,0,6,1
58,572.2466624170652,0.5,3.577619939908179,25,0,0,2,1
51,363.3118412529183,8.115083575917927,3.2985360253384943,17,0,0,6,1
46,807.9412655080811,7.756674089693121,3.481992515991836,22,0,0,5,1
49,754.2597498236611,1.7635150258873602,4.87225114308027,16,0,1,4,1
91,603.5720582626061,0.7287522306612642,4.040320446048791,13,0,0,6,1
43,455.8228512439863,0.7869466989282824,3.7296361926157138,17,0,0,1,0
47,1123.6679438744911,5.9772398416931924,4.7467829158184385,18,1,0,5,1
61,1521.8828380921993,5.1473894111949345,3.789980541098065,19,0,0,2,0
62,522.2880512886659,7.633433018244213,3.670017139915392,11,0,0,6,1
63,489.76052219487326,13.861437629948004,3.4145650450994713,24,0,0,7,1
54,850.3124181390871,5.887098451314484,3.7555936478188228,15,0,0,4,1
31,556.1206739206187,0.8471344764783593,3.6333687120338523,19,0,0,4,0
72,620.3608964066605,1.3948844752435996,4.354607918596282,18,1,0,7,1
31,962.7815817673227,9.231935715261264,3.579165409341454,25,1,0,2,1
48,256.0369976855346,1.1742216702772108,4.154399492845123,22,0,0,6,1
35,1285.819018046812,0.5,3.1317843300639456,11,0,1,2,0
43,689.757621136256,6.074832639664823,3.3825783133930285,20,0,0,5,0
49,541.4514628074019,2.5752255287813046,3.8148105432226975,16,0,0,4,1
49,636.1172634822507,12.631147132512623,4.87389850781739,22,0,0,3,1
50,652.7633618842318,5.252755823686311,3.754503971431391,18,0,0,1,1
72,279.8907499493905,0.5,4.328148242399668,13,0,0,2,1
51,1404.5456008978304,14.76878517772499,3.5101744448427965,21,0,0,3,1
41,679.0283071335583,1.4957867357159795,3.2540671519464635,14,1,0,3,0
59,830.0625548366019,2.056504192586014,3.1170732001601005,19,1,0,2,0
63,1070.3862945930798,2.573000471326034,3.6108269970855025,20,0,0,8,1
30,399.1825261140371,0.5,3.3153220535938157,12,0,1,5,0
53,842.8052823393664,3.431010986717417,3.3480208960322484,16,1,1,4,0
55,581.8306666073804,0.6580575614469336,4.5215186167739,20,0,0,2,1
40,1015.752897675205,2.5622207200538636,3.0316761418897484,20,1,0,6,0
67,229.6109350473727,2.1593774713247766,4.115620251470869,21,0,0,4,1
42,632.9888768541045,7.410505156158739,3.7589227611869296,22,0,0,4,1
46,492.0545931915844,8.127087331620938,4.013099999817094,17,0,0,3,1
42,825.6174043183681,0.8327108381471462,4.125660474429206,26,1,0,3,1
44,841.3620726696311,2.2828804169992005,3.6267353889145566,23,0,1,5,0
32,466.93359494936146,2.336860761356089,3.5902177203685706,15,0,0,4,0
29,465.8730014529735,0.8208982677202443,4.466803698669811,17,0,0,3,1
72,629.3372715147852,8.008675900249564,4.742553976242315,20,1,0,2,1
34,424.8256656682565,6.141811256774967,3.3851632649170558,10,1,0,4,0
33,1013.324559925138,1.0559624176961988,3.1952375210702977,16,1,1,3,0
23,553.0212346421139,2.284228151977149,4.795591612784052,22,1,0,5,1
36,200.0,0.559157172928912,3.6997909272947975,11,0,1,4,0
30,551.4708446177259,4.947084737564512,4.102634781325628,11,0,0,2,0
73,395.72838900586976,0.646967965959302,3.719086289040007,25,0,0,1,1
60,294.2300935218825,20.0,3.2516046726921024,16,0,1,6,1
36,358.2699243341725,7.58616444064644,4.178663289895456,19,1,0,3,1
87,702.5413325986639,2.4734373159619567,4.050281703539259,18,1,0,2,1
60,1292.4829491183991,4.3204359552504235,3.405987118382394,15,0,0,2,0
40,777.8955315372369,12.114834675295006,3.9037380893045555,19,0,0,4,1
21,491.14937416294873,4.038294767629455,4.593895008031292,24,1,0,5,1
88,835.4346243068161,0.9588209103286864,4.180852206215783,15,0,1,5,1
29,528.7178077877751,2.3797331141513784,3.1938346541339895,11,0,1,3,0
27,469.98454698977554,9.26216303392993,4.09604299445827,16,0,0,3,1
60,373.4628988423432,5.167115433700033,4.405476598579174,17,0,0,2,1
92,277.0188616931373,5.259469693747764,4.585406811561503,18,0,0,3,1
67,547.3224663436852,10.080324189271844,4.258235157268533,13,0,1,4,1
52,719.838401861382,11.220310211425007,3.3053163290815677,18,0,1,6,0
53,633.7713007506973,12.615695735973556,4.420346533180322,17,1,0,3,1
57,540.2416481449527,0.5,4.354683692163032,15,0,0,5,1
56,414.5223815633514,3.9276941387285094,3.048853765881266,11,0,0,5,0
48,901.5568442510865,6.7451763383933505,3.8234953351804863,29,1,0,4,1
46,344.2726876549545,7.071964160438392,3.6659004939247466,33,0,0,4,1
43,980.4522618774356,4.666118976665835,4.338824128507287,24,0,0,2,1
35,402.9818366310791,0.9123318474960866,3.4322716246218414,26,1,0,4,1
41,456.5884240709492,7.98311571580673,4.1817438459485174,20,0,1,3,0
26,319.45212040235197,6.366816872903973,4.826411923628345,14,1,1,6,1
43,517.6497869068639,0.5,4.595604744417216,18,0,1,3,0
33,1083.1797736829596,3.1163318806382896,4.842915472433061,17,0,0,1,1
32,860.7585576219188,0.9556657224086265,4.95701193386538,29,0,0,3,1
47,1084.865240562217,2.0585003687078367,3.0213402540123253,14,0,0,3,0
67,863.5668162257643,0.5,4.245482552754956,13,1,0,5,1
58,383.0498302215466,2.556877778177016,3.825678795517813,17,0,0,6,1
27,563.7468977031853,3.9911711253632975,4.7197089806702435,17,1,1,8,1
33,450.293879624218,4.832430945883536,3.5036294040182634,21,1,0,3,0
59,1293.7334336448725,5.445642191347343,4.962058978230152,17,0,1,2,1
33,365.62407087519506,9.0483336502684,4.227415939087495,18,1,1,6,1
41,1039.8677750677114,1.2133071296641869,4.587074804457662,21,0,1,4,0
52,1039.4811101243279,0.641905234774826,3.1711991056455364,24,0,1,7,0
33,1660.3938310927372,9.537103339422808,3.36691576951773,19,1,0,3,0
46,541.9407638543656,0.8516456605443072,4.516807346068406,20,0,1,6,1
29,949.7141834396648,18.39664231913008,3.043973044078647,23,0,0,7,1
37,2081.462224519767,9.242862882599038,4.633755971787566,21,0,1,3,0
49,488.42169486629206,3.4745096550679637,3.0278980373838227,22,0,0,2,0
27,308.73394180265257,19.928731198560126,4.314237678122547,15,0,0,4,1
51,259.82153280703335,0.5122500492822375,3.7301878404636115,20,0,0,5,1
44,949.8993336781825,1.8053211078049358,4.2229897054383985,21,0,0,6,1
52,259.4139104614863,5.083655952222431,4.392062813978227,22,0,0,6,1
47,552.1614434482582,2.153967415150488,3.684950438372608,12,0,0,4,0
67,827.7048202310388,13.181384631263246,3.2159248962216713,19,0,1,6,1
46,729.6666371590962,0.5,3.1392917354965313,26,0,0,2,0
39,822.8076309403558,3.986007548931429,4.1778720451250955,23,1,0,4,1
46,743.3335950717295,4.468566008999014,4.041310707468223,17,0,0,2,1
52,1260.7132442518975,5.2882365042514445,4.484402018242265,17,0,0,3,1
45,413.16284358024996,1.4763286009847019,4.019471020007874,14,0,0,4,1
45,474.13990234407214,2.267238608890388,3.8448915800617582,19,0,0,4,1
36,451.99462011664235,9.279267395156431,3.796174356472462,9,0,0,8,1
36,1007.3676353970388,1.0842095482182885,3.052893805195335,10,1,0,2,0
29,1043.3576425856652,8.768500434639376,3.6711144033933145,20,1,0,6,1
75,833.4824612344466,4.1351694432532895,4.952040315048988,19,1,0,3,1
30,1202.0056714698533,7.1813638899858745,4.747111152454178,15,1,0,3,1
36,369.0675044919523,6.25195782210051,3.6587561340684354,19,0,1,5,0
36,1530.9014988092931,1.16288639276708,4.175590810132745,21,0,0,3,0
58,1424.561478356526,4.206063985039436,4.694593491070988,17,1,0,6,1
40,960.8429754861951,10.114291127409912,3.8825486735001373,15,0,0,6,1
64,1621.1636200825787,2.8291926172999364,3.035915727500302,21,1,0,4,0
36,290.52464121700496,16.994615382776296,3.14902092363728,17,1,0,2,1
48,511.7191461548727,3.0093629376171926,4.020785442697413,12,1,0,5,1
34,460.5163084190375,0.770336297096847,4.938878751351757,15,0,0,5,1
85,954.0724976251153,2.466849985075385,4.386419084437735,18,1,1,2,1
31,393.44041379327984,15.151867706575032,3.141832382877139,16,0,0,3,0
49,971.4089803985559,1.9262602468690337,3.3787217515837256,16,0,1,5,0
54,1319.8430038087104,10.128486341931131,4.5426462864337,20,0,0,7,1
50,941.6196740862653,10.653702882814676,4.68287951991249,19,1,0,7,1
42,766.5312842006279,2.1553495889210468,4.2353891723771815,15,1,1,1,0
42,405.8823460494932,0.5,4.288846339259633,12,0,1,2,0
45,435.53471972471414,6.446889345336491,3.0566749007667693,22,0,0,3,0
42,1242.4114062954936,1.866289122323049,4.657060519163017,12,0,1,8,0
59,982.081699511824,7.637529896761742,4.576550416341659,20,1,0,7,1
86,652.2906470694904,2.92285284478043,3.5180702882066943,18,0,0,6,1
37,539.7171613795222,3.320532293976353,4.417353439931014,5,0,0,5,0
29,241.55472777008984,7.523349513208136,3.429709212849996,12,0,0,2,0
43,389.387032307972,2.409274543765256,3.080660322103026,17,0,1,2,0
96,1729.7108651792412,2.9270934617233935,3.4022730851807546,12,0,0,2,0
35,350.64426324316,2.359550978101458,3.3572577535085992,19,0,0,1,0
73,731.238674534851,2.2891147020281415,3.6754959934696947,17,1,1,3,0
73,1100.7224177099608,3.7321762833953316,3.836898994350916,16,1,0,3,1
37,355.14944261205807,8.272161865201735,4.017077782995416,19,0,0,3,1
53,729.4969867537311,2.245269570513162,3.953507751016656,16,1,0,2,1
72,1063.1141621392724,3.71436347581243,3.5413492119305787,23,0,0,6,1
39,669.3115594777372,5.5543453671670475,3.058341337148149,19,0,1,4,0
42,2791.129210373928,1.5697157886712882,4.210203244474301,16,0,0,7,0
37,288.790170438279,1.6253471168622178,3.791489659694709,20,0,0,4,1
32,1129.312438418467,13.546239116586559,3.5973443147750994,18,1,0,7,1
36,610.0855122151512,6.428347525049536,4.733882085661024,15,0,0,1,1
30,978.4405976378487,4.304122561463407,4.49348661559632,19,0,0,5,1
45,829.3593836487106,5.2166455976300945,4.7155310967448845,21,1,1,5,1
35,461.0109988758983,0.5,3.989965589424922,18,0,0,4,0
47,745.8303759226538,4.813021250320642,3.261862504253555,19,1,0,4,0
28,262.70960911371753,3.5617404515091,4.392442872242545,27,1,0,10,1
49,899.3063557040077,3.945534333813251,3.4121475598743505,15,0,0,1,0
57,772.0730987137626,2.2269361852603593,3.8824593381834336,22,1,0,5,1
24,915.3715828568714,0.5,3.1300015778977768,15,0,0,3,0
50,1128.9679350420784,1.074260314606855,4.650616804845965,16,0,1,4,0
64,799.3588110389732,15.053692855948013,3.251881282095001,10,0,0,5,1
31,716.2610603249187,2.627155179365433,4.80619501409862,24,0,0,1,1
73,428.14667337183477,3.143197885415952,4.728461204523114,16,1,1,4,1
50,465.8620769819341,0.5,3.9291655288784924,19,0,0,5,1
36,1203.9550726390137,0.5,4.4887364086079815,20,0,0,4,0
43,1363.987539166148,6.314748713046646,4.238890147636306,18,1,0,3,1
52,590.4853240173491,3.861976547952298,4.60615128467549,11,0,0,5,1
45,680.6181120686156,3.553562601263522,3.863610201571824,10,0,1,2,0
52,423.1356496979965,1.3927827212950536,4.5716169684887,14,0,0,2,1
33,1195.5701010767966,6.827573441341478,3.924913634130296,22,1,1,4,0
47,927.7000066670677,0.9210361424301903,4.881931575685588,16,0,0,6,1
29,1755.6750717945208,1.053202355896254,3.972744201650295,19,0,0,4,0
43,428.7347637519569,3.087529228416583,3.925238543867459,12,0,0,7,1
34,550.5930942982876,1.6863217861131674,4.570143723127026,12,0,0,7,1
35,746.7444025073631,1.4215254459727675,4.643155383521676,11,1,0,1,1
64,918.9619969259005,5.181535674730899,4.108978228642341,6,0,0,2,1
62,597.1487120155693,5.263012003987745,3.359595626990151,20,0,1,4,0
53,429.8857409998438,8.701067523119544,3.9355164619151592,22,0,0,3,1
32,1033.497297752384,2.7039210627423382,4.936145005819357,22,1,0,3,1
40,953.9084297675687,0.5,4.50597238607837,15,1,0,3,1
64,420.6760035868779,1.5987292240250066,4.622325207758264,18,0,0,3,1
46,1309.9200719468474,19.561481012919685,3.06565099763848,22,0,0,5,1
89,1194.0418631449015,4.534903218186328,3.93571892526832,22,0,0,2,1
50,711.3383876807151,6.184840812922564,4.293242267315111,19,0,0,3,1
47,692.147394789869,0.5,4.660065367256149,25,0,1,3,1
40,877.4578197800412,3.6511904315184562,3.0985473071655427,26,0,0,5,0
46,432.3123956013285,0.5,4.704877771283746,16,0,0,5,1
42,675.2045888775519,4.210907331810655,4.096801873483823,21,1,0,4,1
55,226.74096163040403,12.677054938643575,3.3946279411521196,20,0,0,7,1
59,1030.941583890259,17.276018686488484,3.6345104328994,14,1,0,5,1
35,304.67736248028564,3.8886549003869413,3.5638591035031215,15,0,0,3,0
29,1410.514646387081,3.064336092110908,4.061718068576951,22,1,0,5,0
25,563.9355393405039,14.503664732887367,3.1033713598222636,11,0,1,10,0
52,598.3444006758062,5.5983088944238615,3.3170723169998473,17,0,0,2,0
32,485.9632709937755,0.5,4.625386086751565,15,1,0,1,1
23,575.9267964017101,3.1342283626199996,3.265207981493622,18,0,0,3,0
50,1351.899166153283,1.3737964519882677,3.4667925389162537,11,0,1,5,0
94,200.0,3.172545678807437,3.9067412112083146,27,0,0,5,1
44,1259.5158663381108,3.0391205498475693,4.034241776226661,16,1,1,3,0
57,787.6168499260029,4.3631016234555915,4.527220959228317,25,0,1,5,1
45,363.7581326627077,2.2062684136883757,3.8946648533323756,13,1,0,4,1
43,388.51967167791366,0.8972511118503558,4.579729242071077,19,0,1,6,1
58,1537.9359644553476,3.503069280558311,4.236692614090915,16,0,0,3,1
40,414.571957415586,8.865754959866623,3.226199478847645,20,0,0,2,0
48,373.65194833788524,5.4534025636975825,3.3126628767856774,17,0,0,5,1
49,1174.5698461662032,2.0652278310305276,3.874067450899542,13,0,0,4,0
36,787.8253578042278,13.707235304485774,3.793778786178079,14,0,0,2,1
60,416.14643757969264,12.1639000748287,4.487088539274589,22,0,0,8,1
42,741.2311260809055,1.1744893129222687,4.161474279594704,25,0,0,4,1
35,398.26740764488534,0.5,3.7762661620044984,16,0,1,2,0
52,1153.3323182016609,6.760599261616706,3.3415205669007713,14,1,0,10,1
34,1130.8054918759888,8.789987215553502,3.4536742046509903,22,1,0,5,0
45,867.8362974024277,17.188979966063865,4.151002036938118,20,1,1,6,1
44,796.9807541435116,11.028943458471648,3.846877609799585,16,0,0,3,1
61,1604.542683290243,4.588142734328713,4.029855017721344,18,1,0,4,1
51,665.0373228677686,3.7756697525268152,3.3413548706044676,13,0,1,3,0
44,368.3608164474293,0.5,4.325812504689131,10,0,0,6,1
57,832.7528974273945,1.4161695467034185,4.705077481711934,20,1,0,6,1
67,1887.5283950942323,3.077364855360139,3.515879013573801,15,1,0,2,0
52,400.46254975398483,4.951084565427672,3.983028451663653,18,0,1,1,0
44,555.1668041744621,4.07377071540406,4.951054658041803,22,0,0,6,1
30,819.1137958318213,6.786319068245167,3.666483481101455,13,0,0,4,0
32,647.4538879374513,1.6409020612627185,4.190092689847522,22,0,1,4,0
40,407.0142551677181,4.161501529512491,3.180391400400489,20,1,0,6,1
37,1165.527354185743,0.5,4.212030004958886,19,0,1,1,0
42,2121.8006301395953,2.6693243668458866,3.179263546609236,23,1,1,4,0
45,733.6746905687367,6.9346894998250255,4.918470870647644,15,0,1,2,1
52,423.25119954246276,5.911070480371037,4.431325304144623,9,1,1,3,1
43,306.5925714894921,20.0,4.576319576271413,16,1,0,1,1
51,756.7159793346001,1.6278967821346488,4.408208721543273,25,0,1,6,1
45,1155.0959252342593,3.4476616019736115,4.179458072152931,10,0,0,3,0
24,843.5202200015655,1.9988846856554834,3.899825562171011,18,1,0,3,0
33,664.3426659508204,2.904480325070695,4.716746759522125,15,0,0,5,1
42,495.39933470306,9.722809836732678,4.913671335086126,18,0,1,2,1
31,385.25990468936254,5.763374573562422,3.9980723458081626,17,0,0,1,0
53,1009.666808831089,10.704082857181696,4.863070098310524,21,0,1,8,1
70,1050.3574467464691,1.1377104807988883,4.166665819977035,28,1,0,2,1
64,307.0882319102154,10.332078451853109,4.076768373792866,23,0,1,4,1
41,1472.7983197887047,0.5,3.9089654659107134,19,1,1,4,0
69,886.2823776087537,10.97310746119146,3.4185755230602397,18,0,0,3,1
46,1339.1593195221105,1.9954805127140993,3.0074393216361184,21,1,0,2,0
40,339.99677278537615,1.8886731341513112,3.4830124537121225,17,0,0,3,0
37,335.9921922332872,3.5881069961613288,4.019446343207131,8,0,0,3,0
40,617.3989090849796,14.124902591279566,3.759919904519505,13,0,0,4,1
39,855.2486226978567,0.5,3.896970456005268,12,1,0,5,0
47,1633.010318131694,2.171105445905906,4.961296439128099,22,0,0,5,1
46,946.7541563605937,9.709610164780502,3.700544741338655,13,1,0,3,1
44,589.1373578218562,2.521356397723325,3.904365878720216,20,0,0,3,1
50,398.1446558529984,1.1104511412505431,3.267031102705639,17,0,0,3,0
63,1230.2839635050498,2.7651367836070477,3.0959154648739755,15,1,1,5,0
59,410.611407669312,2.4351589568338703,4.550819029184989,24,0,0,7,1
28,1501.5216066845676,12.350062687041653,4.141366350143957,18,0,0,1,0
20,576.9800411585517,7.176044555729652,4.5214096120877905,13,0,0,5,1
59,1473.3456355784904,3.517154948068405,3.2997255977731035,23,0,0,3,0
29,933.989919206346,20.0,4.143657542365382,25,0,1,2,1
41,621.1063077456929,3.1300370836597096,3.5072849486827513,12,0,0,3,0
31,513.0133222269751,0.5,3.45612363380004,20,0,0,1,0
26,560.9019209807154,1.5209161662963502,3.0230520281059707,15,1,1,5,0
52,823.9899606743512,2.8641300011035224,3.260681447138144,14,1,0,3,0
56,691.303017640062,0.8533640827761579,3.6185362229993907,17,0,0,3,0
37,494.2761138522923,14.740916904268408,3.233757521181878,13,0,0,7,1
20,612.2766940751167,7.280342641932586,4.971716880821875,15,0,0,6,1
37,691.7942016033311,1.561835961607561,3.6172652970479016,14,1,1,1,0
50,229.4380257647881,4.467811619721634,3.2606478934046565,19,0,0,2,0
28,836.380838161569,6.390773382633057,3.3981646256559155,21,0,1,6,0
47,407.5401223715677,14.174783270770954,4.175406456682953,15,1,1,3,1
44,373.65533128401586,10.669925791670325,3.128087047729577,20,0,0,3,1
53,286.09611661612877,3.6200140458107057,4.724868260282314,14,1,0,6,1
46,271.2534845572199,7.450560776767798,4.922999358474295,15,0,0,4,1
33,337.73995938334446,4.129334557098908,3.493494841334762,14,0,0,9,0
64,466.60800767007044,4.02267232653576,3.900190537181719,21,1,0,7,1
42,1766.277615118759,0.6093805198699483,3.0442689020589944,17,0,0,6,0
44,511.35300408799645,0.674162095912738,4.281420449454443,14,1,0,2,1
33,726.9626154228091,3.7701538391388016,3.827852116105178,22,0,1,5,0
39,812.6013893030321,1.565762161068664,3.5401169322031114,16,1,0,4,0
34,710.1900378096371,0.5,3.413674221233217,20,0,0,1,0
42,639.878471241232,6.4157872493987265,4.308046155317521,22,0,1,3,0
74,365.89745560435824,0.5,3.832434062064629,14,0,0,8,1
29,1373.9756822801419,4.522760019448477,3.359318578059824,14,0,0,5,0
27,1641.881832478589,3.8738885104274425,4.378218162973648,13,0,0,4,0
69,286.7671759588299,17.339040734524747,4.130144566073387,22,0,0,3,1
41,398.6108806442596,3.3103082979245464,4.717344109858992,17,0,0,3,1
36,578.3011934084791,0.5,3.234951797752986,20,0,0,2,0
61,410.6458246793281,4.011328942895021,4.571333203888912,19,0,0,9,1
37,856.6100321696169,9.197280531987877,4.347033573634518,14,0,1,5,0
77,462.13816221906444,20.0,3.2300218736561956,9,0,0,2,1
54,1963.5867098491974,2.81360579283768,4.389641459743442,13,1,0,1,0
38,1206.253189954782,1.9305095227277267,3.883094577759661,20,0,0,10,0
85,739.7313023417762,11.85717363898496,4.889969571111687,15,0,0,7,1
37,1111.530453578301,1.06127850502785,3.2832227012357986,11,0,0,3,0
55,1156.264942722327,4.77813315373333,4.285666781631476,27,1,1,1,1
48,501.71200305553555,2.601976538894778,3.7639600909258917,15,0,0,6,1
66,442.25709582068947,0.5,4.913629341181755,19,0,0,1,1
71,691.6441100471094,2.133100075050619,3.659949790580553,18,0,0,5,1
45,1023.3307855801796,1.5409787154150285,4.9243718189836,15,0,0,2,1
35,713.0347802128142,5.793263172009636,4.802971702201498,19,1,0,3,1
51,302.32474641992206,14.859150861010038,3.5407664706213127,20,0,0,9,1
36,445.2285643353583,1.5601961536535676,4.607083553652855,24,0,0,3,1
81,640.9898154127627,8.342382971308798,4.991208403607012,22,1,0,5,1
46,640.4475301477256,0.5,3.5053260043425647,16,0,0,5,0
40,1783.38957551197,3.8622617435111763,3.873554338646639,21,1,0,3,0
47,332.6217733877181,0.5,4.040361473133519,19,0,0,5,1
29,856.4488711773276,13.59300263772962,3.5898622716077284,12,1,1,4,0
33,1400.4607297798882,7.2696824525788815,3.0305296792920595,19,1,0,4,0
64,2070.871625413977,5.363990470887109,3.4402584883950533,16,0,1,2,0
36,543.375868911148,8.683413582074433,3.563873768683517,21,1,0,3,1
32,850.4067176187725,5.213804079762832,3.8871994026363743,14,0,0,6,0
52,884.3741136512722,17.35988020804256,3.3422049568268037,14,0,0,4,1
63,733.4363849787746,6.2580822176653665,4.746508713383346,27,0,0,1,1
55,633.0677202126918,12.928628108244574,4.409822265462672,24,0,0,4,1
60,827.151354622181,3.6400586548225986,3.170400955119324,16,1,0,1,0
35,200.0,0.6225151446166626,4.300184902279863,10,0,1,5,0
29,935.4565931682746,3.7557644636990437,4.307312952811241,21,1,0,5,1
70,708.4567068009046,0.6783703071497276,4.912442347287255,19,0,0,6,1
40,595.1196939463958,4.488491722040794,3.0060417427123225,15,0,0,4,0
41,1850.907054898533,3.2936617216207003,3.4958648996116146,18,0,1,2,0
66,474.62878375062223,4.871922297999921,4.855582958750631,22,0,0,2,1
52,543.735005248127,0.5,4.864267830796566,19,1,0,4,1
51,1800.422522575209,1.0835743709006498,4.4411728387412746,15,1,1,1,0
85,438.76736290735164,3.3797832592429082,4.53152664209508,15,1,0,1,1
36,505.19392149815366,15.029272816458823,3.1829659158592944,25,1,0,7,1
59,617.9992774514367,2.4193692101066904,4.0277516695564675,11,0,0,6,1
45,1012.6918282797326,2.761468527604996,3.4631659825779986,13,0,1,3,0
48,737.9685833269473,6.271001562513528,3.3624360872272345,26,0,1,5,0
70,348.51711045384235,4.629089322179008,4.620606598246665,15,0,1,2,1
52,509.7476087591019,1.7757102406798175,3.270076273361095,16,0,0,5,0
52,490.94042351400196,2.6450871080473175,3.9373032739927707,19,0,1,8,0
61,639.9496346441226,1.2275836158697908,4.877156479172066,18,0,0,5,1
40,822.9717128550826,16.910130522570153,3.371664111130685,10,0,0,2,0
34,819.8348175418421,0.6999575375709134,4.955986847476469,21,1,0,5,1
32,273.6894646492828,2.324776245470658,4.988575971522118,17,0,0,5,1
24,1132.2595237844168,0.5,4.111234309364805,17,0,0,7,0
82,754.6729095542684,1.253726827854695,3.340285480354316,16,0,0,5,1
32,1329.1115942811934,7.581357835465926,3.6322097758817913,13,1,1,2,0
41,830.5591624358253,1.1230683588651735,3.8489856653530703,17,1,0,4,0
41,1153.6215867541587,0.5,3.6186484487164456,15,0,0,6,0
49,839.8914486801975,3.216579981195808,3.5612711597530318,15,0,1,2,0
57,1303.897164896735,0.5,4.944459418432715,21,1,0,2,1
57,863.6134889917539,0.5,3.306729654831491,18,0,0,1,0
37,633.3621508406106,8.241566034893648,4.4666558174337245,15,1,0,4,1
42,2071.8917550084616,7.380512113790426,3.0008205788783497,20,1,0,4,0
48,1037.447409456852,12.333692694100975,4.192365338804754,17,0,0,5,1
41,886.1375709482026,9.638426433660356,4.831886007908105,16,0,0,1,1
72,351.37280830672614,5.747037428893825,3.575868188186438,10,0,1,6,0
51,349.27032454242624,0.5,3.3710519505154384,19,0,0,5,0
55,769.9747646053935,7.635802778478906,4.3033595897568535,16,1,0,4,1
54,715.3418918911871,9.338155790853142,4.425202814596786,15,1,0,6,1
63,489.28185670132,8.024295699451612,4.376061037903963,21,1,0,4,1
47,713.7204433935503,3.551253428969825,3.6386337600427483,21,0,0,1,0
30,1471.906037486034,1.3257025245172647,3.5044048043186615,17,0,1,2,0
50,941.7136403964633,9.332306533752659,4.911837599924088,18,0,0,5,1
36,375.96488389180206,6.494400171862972,4.846599016539859,20,0,0,4,1
38,629.0719175100436,19.754124372645634,3.9146332197856406,20,0,1,3,1
53,444.75197159347283,0.8461931501505029,4.692387732308747,19,0,0,7,1
64,547.9313699544217,1.2787507201688288,3.904646955268592,18,0,0,2,1
44,540.8771465424898,1.1900053347681456,3.8487780361450206,21,1,0,5,1
49,523.8352406812771,7.864078044329923,3.3135258951985893,13,0,0,5,0
74,355.1116737720999,1.0345507471411735,3.852812112983946,26,1,1,3,1
48,624.0139096588302,0.5,4.074833877199614,18,0,0,1,1
97,502.55052471554126,20.0,3.045008654857373,21,0,0,3,1
52,200.0,0.5,3.888226010350813,13,1,0,3,1
26,1856.5700630954927,9.016450262927483,4.562712436790401,17,1,1,8,0
56,1146.403382566381,2.2735407512681305,4.360092112748539,13,0,1,2,0
50,551.0632740726682,9.213647019230539,4.27031397772787,20,0,0,4,1
65,671.4298378967762,4.044142657643495,4.8191108568744045,12,0,0,5,1
54,370.2479166806846,11.595159490631033,3.03606401965046,21,0,0,4,1
42,1552.872062540314,13.03150758429547,4.114095172384468,19,1,0,3,1
30,1717.5331880713136,0.5,4.574697696819414,19,0,1,5,0
41,719.3491638569785,0.5,4.0826707654025345,14,0,1,1,0
34,1109.6115988115605,1.4408024648555153,3.647791105160758,20,1,1,2,0
37,726.0677931552437,5.532951387243616,3.2725011301839557,15,0,0,4,0
53,340.916398167841,10.958448458592436,4.775126143632383,14,0,1,4,1
73,541.362069944914,3.0803932379874883,3.941524784775206,25,0,1,5,1
50,710.4964729793435,4.669386315128416,4.756230393971403,20,0,0,4,1
31,529.9200470947542,1.044353553147773,4.171704244866337,18,0,0,1,0
51,596.2579415542957,8.172928261113908,4.348384233230002,24,0,1,8,1
64,635.4289109828422,17.106201226144655,4.6085223087569,11,0,0,3,1
37,638.7804113235796,1.56396657152553,4.318311089200269,13,1,1,2,0
42,682.7503310620916,3.4142612939454993,3.7961096813578754,13,1,0,5,0
44,391.3872452018967,0.5,4.027266767857302,20,0,0,2,1
35,464.7464208971056,4.095101650792105,4.606091049351759,16,0,1,6,0
54,349.9211583146446,3.493648085488875,3.7473005927459684,14,0,0,5,1
43,1084.5362712493925,0.7799747214277022,3.7762429135369944,13,0,1,1,0
50,232.10190689488476,2.917574925717928,3.1913802321160025,17,1,0,6,1
34,1184.1673775876338,2.0331137802694856,4.829168870443495,21,0,0,4,1
39,1330.3198734224034,3.6889539585805995,3.1820726298908832,15,0,0,6,0
55,571.8688640880409,4.405273574731803,4.296418354897112,21,0,0,3,1
39,200.0,0.5,3.8263889576055954,13,0,0,5,0
75,555.2090552879965,7.156583803128508,3.8112387805108847,18,0,1,1,1
39,644.1347345460839,6.241614309450587,4.359103673145368,21,1,0,5,1
47,401.2966342157751,2.28079069928789,3.1341874652597577,12,1,0,4,0
59,514.0861215614271,0.5,4.1874115659028694,18,1,0,4,1
29,1429.5251417943698,7.031108792612709,4.54406357194471,17,1,0,2,1
26,927.4729050315264,15.52496419800347,4.656425515773188,15,1,1,4,1
28,418.93590749288063,1.3731816702412805,3.3410607787875506,17,0,0,5,0
65,299.2263813583003,1.9542960798780618,4.794838100156348,23,0,0,5,1
37,564.8111012621806,1.0155582409906039,4.312292183694884,20,1,0,3,1
96,597.8091825624455,4.3011605134773765,4.763709601641366,19,0,0,2,1
37,852.4372451165922,0.8411548529804211,3.9705614342203965,21,0,0,5,0
47,508.94585910692564,2.2017887633851245,4.084066690194404,14,0,0,4,1
70,858.9835637906925,5.970327123366266,4.838076554057342,18,0,0,2,1
81,1750.3604550641185,4.106220922831712,4.799819086709343,15,0,1,5,1
82,999.99523225136,2.4425699842621964,3.8963217467380042,15,0,1,4,0
64,649.3395350159064,2.7257880800598078,3.5488252632713637,17,0,1,2,0
60,606.93685914643,4.128947786646454,3.7863408691285283,13,1,1,3,0
53,556.4979199151071,0.5,3.7755286570594997,13,0,1,6,0
56,1200.2923801534228,0.5,3.573733749965588,26,1,0,4,1
37,486.06544582433673,10.654013887161444,3.5371592086659334,22,0,0,4,1
34,680.3527097463227,0.5,4.722125872959439,16,0,0,4,1
44,682.388368429453,6.1345628721428795,3.1397238413693236,16,0,1,3,0
42,517.5509133546597,12.63102904748308,4.3552223641991885,16,0,0,3,1
39,334.87831467384467,1.5782381391324318,3.3456401029129044,15,0,0,4,0
55,781.7126766053644,2.3140791141269093,3.6890117867881265,25,1,0,2,1
59,645.1597845316454,4.207324262370907,3.1230860682696737,14,1,0,4,0
45,854.161456214412,10.673036659965561,3.539947273710924,23,1,0,5,1
69,509.3828254788671,14.22842893010418,4.536842142234484,17,0,0,5,1
31,1224.6503447849645,6.726976211605292,4.770030649094517,17,0,0,5,1
42,429.06701094303884,0.5,3.4430543038047343,11,0,0,7,0
36,1565.5933085257354,5.530513693904129,3.9270956785178437,14,0,0,4,0
25,277.60014336745087,2.6407382873178316,3.940648095874413,24,0,0,2,0
43,826.6530117238008,3.1810089422309273,4.747150611519468,16,0,0,4,1
43,843.6311232209782,0.5,4.525598105751611,22,0,0,4,1
70,446.8493289221382,1.0601658747167693,4.0261544367361,18,0,0,3,1
54,822.3753894146747,7.8154824707867885,4.341494400943547,16,0,0,5,1
32,1261.124843811615,3.0253045436561354,4.694710107818734,18,0,0,3,0
77,219.5523235791567,1.795261993738553,3.0190779080510897,18,0,1,5,0
64,855.231680645152,2.4226964007842353,3.805780062100097,16,1,0,6,1
53,200.0,9.634444003408664,4.814486334554157,19,0,0,1,1
41,410.4144891740699,6.911492125683641,4.480626061687903,16,0,1,3,1
33,1502.045586581617,1.5894378127310054,4.085682748668149,28,0,0,5,0
39,497.2579886687996,0.6249928770167232,4.059289054070267,20,0,0,6,1
61,369.83613079689246,1.4517496176464921,3.6955401952088756,19,1,0,4,1
78,602.4659417237303,12.676146354297877,4.041041067283029,21,1,1,4,1
71,1870.4852517147763,4.356453442039596,4.310766398926907,19,0,1,5,0
38,266.1763013850112,3.812274173051322,3.836726076857586,12,0,0,3,0
31,393.21048124244953,4.536575662909962,4.428306292784348,16,1,0,2,1
46,1406.2977790513057,2.2787545436758383,4.722464454520772,20,0,0,1,1
26,1683.8719820779622,8.228098766509945,3.309369696369722,16,1,0,5,0
49,631.6177516664393,3.704195357913526,3.903094045634849,18,0,0,3,1
42,357.9787577465194,0.6207230914884594,3.816040182570162,24,0,0,8,1
38,1896.796616402757,0.6909403755384238,4.374929608099456,24,1,0,2,0
27,1476.192174003495,3.848620259721895,3.4997349305158587,23,0,0,5,0
52,933.9972499832721,13.7891089065929,4.280501829904552,19,0,0,4,1
38,443.10148320256485,1.8433914961179783,4.754978483462976,23,0,0,4,1
31,649.034146655372,10.183487860880781,3.836263199587245,16,0,0,7,1
18,613.8925786348524,7.221642919395396,4.8220313999584405,9,1,0,4,1
44,784.7974447398076,1.423847875510038,4.986327477866957,24,0,1,7,1
76,1374.0264446478343,0.5,3.212184099895904,17,0,0,3,0
73,1032.4692275534303,0.5370757089104837,3.4661063759697175,17,1,0,6,1
38,388.1189875322851,6.518853983771997,4.900759502964187,17,0,0,8,1
37,1323.7822047063723,1.1136540452741226,4.916655372962774,20,0,0,6,1
51,777.875176668809,2.3202741564568234,3.195414550773517,17,1,0,4,0
33,937.7964281835335,3.4827565000926217,3.0299970007542734,18,1,1,5,0
48,1384.7438139562676,6.463440314127133,3.3222000465128447,20,0,0,3,0
56,381.53777972441753,0.6008550538363867,4.992025566764497,19,0,0,1,1
64,653.3331680990268,2.607464969237068,3.359999233221374,13,1,0,1,0
43,509.9296241431259,3.3186497974570357,4.005095213444046,15,1,1,3,0
42,303.70908540204886,3.891641864669493,4.696835452861022,15,1,1,6,1
34,791.0451049244842,8.528660519464122,3.0408032213764127,18,0,0,2,0
34,2335.02593192831,0.9417677338678563,4.208977964516919,24,0,0,1,0
41,265.0613020560024,8.246912184870448,3.5540508977392484,17,0,0,2,1
49,654.4922174687861,5.90255804397267,4.724669832879464,19,1,0,5,1
58,916.2337040307591,4.058198999294619,3.5669222985281586,17,1,0,3,1
35,707.3595548939714,6.0120013803604415,4.373511440563818,23,0,1,3,0
69,628.5628190190771,2.6552924991185596,4.348439264894794,9,0,0,5,1
41,347.37045991290324,0.7448067567136397,3.4429870977192802,17,0,0,2,0
44,747.2451954266303,5.4795582972415735,3.0695983997367002,20,1,0,3,0
35,455.6012665328611,3.7187541607196106,3.818499147570795,18,0,0,1,0
21,222.5249316104516,5.099580443161509,3.5783863039317394,22,0,0,8,1
58,1208.6944755180753,2.062439408500661,4.617955499227417,10,0,0,6,1
55,1074.05116104979,11.868610808496916,4.60072837691069,13,0,0,4,1
41,682.5463852087685,4.426018264189117,3.914047904385251,13,0,0,3,0
45,745.8595741671462,0.5,4.213024450646438,16,1,0,2,1
52,1138.1495335456884,2.9874034185333906,4.20851903197385,27,1,1,1,0
27,744.0958285765456,7.06023680085109,4.654316296855247,17,0,0,5,1
38,1045.2472898207614,7.902662679606205,3.8500048282463952,25,0,0,6,1
56,573.2138736766082,3.4119962627634064,3.550893359581018,10,1,0,5,1
30,1281.763149057685,11.256968633491734,3.530069836281095,20,0,0,1,0
48,780.8576469268608,1.5576095646060923,4.0723845585644085,16,0,1,7,0
29,732.9122431023126,2.643239991812347,3.898296405464425,32,1,1,1,0
51,352.47138993166726,11.443258602637753,3.8802415419698724,27,1,0,3,1
44,767.7605703241883,11.329179295211617,3.1822746781794145,13,1,0,3,0
27,438.7907031778125,5.78723981117883,4.4372074813803914,19,0,0,1,1
63,483.40684908516374,9.794287172239418,3.4274733759638214,21,0,1,3,1
35,442.4432403574271,0.5,3.3939072604174427,28,0,0,3,0
35,390.2870656191732,10.012216439801866,3.825516640554787,23,0,0,4,1
47,1924.431159527377,1.932872619382958,3.455556683235603,19,1,0,5,0
63,1294.227836433152,0.9820913253210378,4.167716534616031,19,0,1,2,0
32,1737.467289495567,1.3680401327971161,3.742926678668943,7,1,0,4,0
45,360.8825251302497,2.706153613864073,3.89782344518558,13,0,0,3,0
50,689.2657323463193,1.4463633813210226,4.0743386432080575,15,0,0,6,1
55,348.3633998615847,1.932487573370595,3.40707104496361,17,1,1,4,0
47,469.72741642281113,0.7250045038303666,3.3115032457310596,18,0,0,1,0
40,420.2864523861,1.756140208967916,4.76084380574721,20,0,1,5,1
34,1236.1932825020215,4.246477107245864,3.8674474056628423,17,0,0,5,0
45,545.5994840917239,2.915670895410271,3.8241872192650783,17,0,0,5,1
32,1134.774993723213,2.1287377759519637,3.071224300545683,13,0,1,7,0
18,899.6991636133449,6.861013164893697,3.9959526051747867,26,0,1,5,0
50,2104.4709325137455,11.198519631611566,4.108339443222,15,0,0,5,0
58,317.4365286010485,7.069134080741264,4.117681741909333,22,1,0,3,1
22,1248.3982640969807,2.017340782602069,4.414062338645769,22,0,0,4,0
33,1179.9418483669047,6.821532729895246,3.3549636699820233,16,0,0,6,0
53,408.8345622702115,0.8242563686965275,3.504446268461238,19,0,0,5,1
82,1100.5514685842184,0.6981381884971,4.621460930460826,25,0,0,4,1
44,786.8774209934486,2.120389051557105,4.894341233686788,17,0,0,3,1
35,593.633348298501,8.243554729925831,3.2718654947346413,13,0,0,2,0
42,440.5536610743779,1.4141244201820313,3.9952991090104364,27,0,0,4,1
67,464.2602479873803,0.5,3.4283525054791735,22,1,0,1,1
36,1853.6390646142004,0.7061449172058737,3.120146336709965,15,1,0,6,0
35,665.3687574715987,9.785941442802397,3.651006676252271,18,1,0,7,1
38,983.4482328106103,5.0226500131837994,3.2873752503684255,14,0,0,3,0
33,447.89118360210614,1.4597971256119666,4.419866146868492,20,0,0,1,1
46,450.37182838976605,4.051729969479178,4.067450827342888,14,1,0,3,1
72,1142.5208872121063,3.749430296588934,3.2876689419806215,13,0,0,6,0
49,338.73290101933645,5.3273768336258325,3.0184831768110287,13,1,0,5,0
41,540.4451306675015,1.3275651870097747,4.616314098048425,16,0,1,7,0
40,676.5549732199221,9.990339665878519,3.352388812328495,14,0,0,3,0
27,703.2316127494615,1.8507448622218665,4.212433284441532,14,1,0,2,0
58,608.1693366966274,5.923002556813514,3.673843826153491,21,1,0,1,1
43,810.70958135859,0.5,4.170971876630071,16,1,1,4,0
42,940.5152636561933,2.3313102276943956,3.631307253964648,31,1,0,7,1
116,960.3701400748165,2.167084355378382,3.173879121384508,14,0,1,4,1
48,406.3025567208427,3.9206623454319818,3.445900017115507,11,0,0,4,0
35,577.0462683273456,0.5,3.376117132958151,19,1,1,3,0
39,1208.7976065541204,7.806367665995838,3.8560387048792877,16,0,0,4,0
63,1040.3615685548511,1.2281013653489012,4.3165675668523145,28,0,0,6,1
46,334.81236628203754,5.651100182756405,3.527612149892715,20,0,1,4,0
29,792.9339684825219,8.128144490557615,3.024139870601236,10,0,0,5,0
58,247.3705402127698,4.1262774311690436,4.037874728529514,12,0,0,1,1
36,680.9354067272877,6.752381898139078,4.211518978717944,13,0,0,5,1
78,1717.944004126432,5.421480957021663,4.92574098800362,21,1,0,4,1
61,414.0777016524505,2.196633453230412,4.178941606186494,20,1,1,3,1
39,438.2714543758469,8.273707458684541,3.9423451187562835,19,0,0,2,1
65,974.5880713364485,1.7456698852171504,4.146803251795408,26,0,1,4,1
45,307.5381800782734,4.233973975163369,4.855801259724054,24,0,1,4,1
57,484.744760333923,6.840263564285861,4.656756291203292,28,0,0,3,1
51,896.2510547766733,2.3817660043866598,3.645957466727616,16,0,0,6,0
34,484.37387433690634,1.803182528702926,3.4745087273142747,12,0,1,6,0
36,591.1176141937306,3.0748788996596454,3.525267224732147,27,0,0,7,1
60,964.9659880342825,8.517740157598823,4.008842079430426,21,0,1,2,1
40,821.2052200758112,13.290714958562575,4.488098902457155,15,0,0,1,1
39,760.0689844298006,3.93820600902027,4.006438414365924,14,0,0,5,0
33,561.4029172874232,5.415656775254085,3.135592791656225,13,0,1,5,0
50,800.3351341504537,11.6793456719585,4.447161400879962,25,0,0,3,1
82,625.2388019930713,0.5187360409862849,4.6119402573419075,18,0,0,2,1
32,836.2292558387758,1.320339329994484,3.5789957302394395,18,1,0,5,0
45,518.80805961994,6.170442248531405,4.328251478566701,16,0,1,6,1
68,607.1133506848838,8.679102080046132,3.853183802108787,17,1,0,4,1
43,405.4595453514474,9.725568323236475,4.778238711454886,19,0,0,3,1
51,653.6004257885704,2.681633284170006,4.69045111632148,18,1,0,3,1
32,443.4120921277742,0.5,4.0508639966192845,16,0,0,4,0
50,381.0675953163875,2.879323371178421,4.383011091627189,14,1,0,7,1
42,756.9752620153306,1.3115961637530196,4.766699402044208,21,0,0,7,1
60,739.7926083477732,1.7208843914408747,3.991434020156551,15,1,0,4,1
63,983.8140124744054,7.397919170066617,3.6265014809776437,11,0,1,4,0
97,536.1624616360158,0.5,4.507332275819163,12,0,0,4,1
53,815.6835092510265,8.789144896795797,3.4401325095693833,18,1,0,7,1
49,876.0286414638019,2.7901896679742384,3.777062296012084,23,0,1,4,0
47,830.7981821400073,4.53249329420799,4.731454474213587,10,1,0,3,1
40,440.17534487127034,0.5,4.44884468053863,19,0,1,5,0
49,716.7174863571877,2.057610159140955,3.8076220104949985,16,0,0,2,0
40,797.9693179507195,0.5,3.429489004816715,19,1,0,4,0
47,667.5332711515234,16.291166711438038,3.7119367816644733,18,0,0,1,1
66,234.33721572327684,8.232108529276958,3.568208298454866,20,0,0,4,1
33,720.7157475076486,3.0775314302571384,3.3521785758877076,13,1,0,5,0
62,2010.754934214519,1.2654535496152683,4.486665827131313,20,1,0,7,1
66,555.5620842280778,13.54939225039567,3.5041397737003432,14,1,0,2,1
43,462.18324704747977,2.11252174269768,3.9083349403355276,15,0,0,2,0
23,801.6517445693452,0.8776300844567413,3.771718893672218,23,0,0,2,0
37,777.5820003912224,4.140991648049674,4.964154757271261,17,0,0,5,1
65,1207.5726902844892,14.391890679956557,3.782184488296441,17,0,0,5,1
44,354.62678338401247,0.5,3.1599649655935096,12,1,0,6,0
33,958.8073096575665,1.3598628650472948,3.179651505144168,23,0,0,4,0
38,893.5578077693995,13.939335454718183,4.181507442706129,14,0,0,3,1
57,619.5086919312741,0.9381941434491006,4.198727103476531,14,0,0,4,1
52,787.8783178491204,0.6009240034054828,3.83751798096531,13,1,0,2,0
41,1112.9047196183617,4.222027753416456,3.8636873846240594,21,1,0,4,1
40,1028.8096054677999,9.89685259238518,3.1078651656817424,16,0,1,6,0
39,375.58707831613873,3.241919067177909,4.033093020778525,19,0,0,4,1
33,1002.3265165449706,20.0,4.009478950760704,21,1,0,3,1
72,643.9722901644875,5.684245942415068,3.299098637113889,16,0,1,3,0
40,689.8243838297245,0.5,3.207678772221855,14,0,0,3,0
64,689.935762547951,20.0,3.247144981198981,11,0,0,4,1
70,617.0058502338476,2.6203500298367812,3.202056492982517,7,0,0,1,0
60,1206.9523575796825,1.6941929079601423,4.219416391073519,21,0,0,3,1
39,637.8741584464917,4.080860469667863,3.3929653048058372,20,1,0,3,0
50,380.02116016256014,1.8142382930217082,3.502860304374927,13,0,0,6,0
44,546.3364922086998,0.5,3.3471442883028795,13,0,0,6,0
34,727.3060447934214,0.5,4.915670608897006,21,1,0,4,1
49,1229.8006870023282,2.9853987369967583,4.709234926303671,18,1,0,5,1
31,899.2376442987759,9.06583764283818,3.4609896747030415,17,0,0,6,0
63,434.73313524082533,4.246843848553109,3.655132587844252,22,0,0,1,1
38,2304.444568635906,20.0,3.4197856846099945,19,0,0,4,0
47,759.2929379884014,1.6902939922558355,3.9837519189216475,24,0,0,3,1
48,1258.5246094833874,1.6456815058946759,3.0392210649485074,15,0,0,2,0
41,616.5520721631993,0.8702758499483862,4.342736017793591,18,0,1,8,0
53,868.4236072091857,0.896013656543395,4.046316299635283,19,0,0,2,1
38,1012.0510085261982,1.6786687189412497,4.797277856602206,16,0,0,1,1
58,1223.043075050867,7.871320279851195,3.3287853686568285,16,0,0,1,0
29,1128.5446403158724,11.809382522213827,4.608218492122264,18,0,0,2,1
46,1028.7487120523153,18.461861677175133,4.583922028933431,18,0,0,2,1
79,568.1904344237785,1.3217138537312954,3.2543623784337736,19,0,1,4,0
33,499.7594981595787,10.65567650180588,3.797118448288255,18,0,0,6,1
36,785.4868802694422,1.9893830383155682,3.340305282289034,26,0,1,6,0
52,1060.572394497703,0.5986527170030216,3.509441000915098,15,0,0,8,0
47,595.0465570406919,10.202062908402603,3.5264923496610887,13,0,1,8,0
49,1132.9566316625042,5.054458292639605,4.112472788051545,18,0,0,6,1
51,1375.1366304211915,0.9000066295496525,3.822821863520931,14,1,0,3,0
54,420.666155990365,2.8091146125685023,4.895465608012611,24,1,1,6,1
62,437.7025841468515,1.6931767364350636,3.2527402838940103,20,0,0,5,1
50,620.0576580359218,6.674102220721653,4.947384269700398,19,1,1,4,1
41,775.7314060896508,3.0203384985828814,3.461277280428528,20,0,0,6,0
54,511.68873111127385,20.0,4.545747872763706,18,0,0,5,1
79,1307.7996394479549,0.5,3.677939852345643,16,1,0,3,1
42,822.2409106438895,2.192643154473778,3.286162790834628,13,0,0,4,0
33,678.3908007159649,3.287936638526566,4.71577837049248,18,0,0,3,1
62,324.4220326416348,3.4971700541264674,3.6177217984729264,17,0,0,2,1
43,344.4993114597457,1.898517694197366,4.317710808453684,23,0,0,8,1
23,765.4811766194769,6.532616896680629,4.132887370173253,17,0,0,4,0
57,228.99546203631405,10.387100869663207,3.9435126187817486,23,0,0,2,1
38,1103.5843979420067,13.96145181457003,3.991638945297078,15,0,0,2,1
43,614.5701484459672,8.176173452442143,4.464475828184575,19,0,0,3,1
49,3000.0,9.504977334592757,3.1755458282468814,18,0,0,2,0
47,2108.976684773829,3.998601050856734,4.33636132391581,17,1,0,5,0
55,607.453400560475,8.74028904572959,4.791624202797157,24,1,1,4,1
39,630.7007474207724,1.8084654916895055,3.1155763940397283,24,0,0,5,0
52,1094.2131035297245,2.5414671798830817,3.2813066784673337,24,0,0,4,0
41,1558.6670891202086,1.9056653427178594,4.433263873404063,15,1,0,2,0
55,293.2382654690079,3.1498041357705997,3.874563296489235,16,0,1,4,0
53,272.2749135148297,1.6814185856311028,3.8070972416273765,16,0,0,5,1
33,487.3500226323348,16.299979195840795,3.273933269088472,22,0,0,1,1
61,890.131132345617,1.87597426110966,4.013540081435576,23,1,0,5,1
38,852.7247367643902,0.5159506860086345,3.2530906223927545,17,0,0,4,0
56,1135.5651409004545,3.7413671202917165,3.953240912621081,20,0,1,5,0
49,365.09267877997206,0.5,4.527230597923314,11,0,1,2,0
77,208.9151248977047,0.585721508937265,3.516528715774327,21,0,1,5,1
41,1021.4792467971718,1.2383941559485625,3.9615723363594544,17,0,0,4,0
40,439.6161076733868,3.1213739138816177,4.984031938793671,19,0,0,1,1
44,242.44043899198385,2.839193173025821,4.373300846708075,20,0,1,4,1
40,715.1782933803096,8.039492040466106,4.682713542610397,10,0,0,4,1
56,988.8946894565025,6.725275622860965,3.8296952131210915,9,0,0,10,1
27,625.7628302764274,2.7784027780636835,4.535721846251711,19,1,0,5,1
32,529.0462234210488,2.030107871350946,3.0810183458826437,8,1,0,3,0
32,614.1989410711765,1.902414765694937,3.24582236508449,16,0,0,3,0
59,552.6410079285722,7.43599271154491,3.4061411858401245,15,0,1,2,0
74,338.9919782190806,0.5,3.803903849230439,12,0,0,6,1
43,465.28943904484396,0.5,4.691489756651526,7,0,0,3,1
42,863.1944225055859,7.937022012497476,3.692532101575861,25,1,0,2,1
45,781.2063056263376,3.2422686584919305,4.309242387030926,26,0,0,1,1
63,723.4488915309903,0.7013769175005466,4.418628589606967,23,0,0,4,1
33,404.40860245877155,1.3430975135715875,4.172364708176683,16,1,0,6,1
48,607.4369713282255,13.478431236121411,3.7144839363402724,15,1,0,5,1
59,223.96000275423316,9.812844846287538,4.154106683427089,15,0,1,5,1
51,727.2267535106737,6.185667122174916,3.6845311855794924,17,0,0,5,1
47,1358.8973175073202,3.291074694399528,3.167747477104024,16,0,1,1,0
60,318.2807751622123,3.673218118508009,4.985607956372029,23,1,0,4,1
19,496.2283299004927,18.49354508865844,3.254364907265022,16,1,0,3,0
54,784.1131934702685,16.87332897110837,3.144696767672115,25,0,0,6,1
36,1244.4156200435923,1.2120717671570604,4.757061498414312,16,0,0,2,0
25,531.5980676432717,8.332808389512326,3.60366932178579,23,0,0,4,0
52,470.53711278237216,1.0985140508381348,4.300593948147015,22,0,0,5,1
67,248.5237535741398,1.2010510454636378,3.6580114593244657,24,0,0,7,1
42,700.4472535492908,5.636494734531828,3.7829085415889425,17,0,0,3,0
59,1846.4829860197783,2.595978599019197,3.524225944033593,32,0,0,6,1
72,764.085146291625,13.40785011432452,3.6860880115860204,16,1,0,3,1
66,657.773410059897,0.5,3.8214008011730862,20,0,0,4,1
73,781.3640351443229,3.5823414886985967,4.440832138184685,18,0,0,5,1
55,661.4629666090369,12.537082354262397,4.023072388469584,14,0,0,4,1
45,442.96590972613166,11.722958761403834,4.887130434313954,13,1,0,3,1
27,1003.8922340015616,0.8511500558260672,3.083760787677551,15,0,0,3,0
41,744.625019067632,2.283563334258999,4.006136645264056,18,1,0,5,1
34,671.0251555872693,4.826372949618066,4.168449577663436,11,0,0,7,1
85,408.42854818648533,0.8681663560918025,4.840393972148548,17,1,1,3,1
42,1276.342654631613,17.21356246380777,3.098317047242855,20,1,0,6,1
46,927.3688405411774,12.31079644343585,4.146999169870432,19,0,1,3,0
52,504.48574379962474,0.9133091476075816,4.707259857055914,18,1,0,7,1
45,1097.634212581794,0.6457362922081377,3.483855456238473,14,0,1,3,0
74,518.6423753458612,0.5,4.752584697047875,23,0,0,5,1
37,449.8878159270057,12.008915625571179,3.0380868185485834,15,0,1,10,0
47,454.93222019951673,1.0760245406848628,4.464909258267459,21,0,0,3,1
35,274.36675230899107,2.6917115327734544,4.866226442337306,26,1,0,8,1
30,841.9925701968064,2.978753761993111,4.314395323280125,16,1,0,5,1
37,266.24782842252034,4.569106968672832,3.878058487960896,14,0,0,3,0
44,359.8826781714993,0.5,3.089762032945436,13,0,1,7,0
39,235.61662067802092,1.285820059351419,4.840227626645257,19,0,0,4,1
36,637.1245444203304,13.403906033051406,3.9405924453831496,16,0,1,5,0
29,616.9819505205144,11.952171773750187,3.057993488671896,21,0,0,7,0
43,564.9017902136438,7.600057938611066,4.379642142657524,18,1,0,6,1
28,394.93103418793055,0.5,3.9636745071525166,15,0,0,4,0
56,370.14067026199217,1.9801000329436467,3.2486906348848215,17,0,1,3,0
45,838.978375310488,4.943752521816599,3.428543618620519,19,1,0,6,1
28,505.0836373847383,1.6092300980850547,3.1289813609116925,23,0,0,4,0
40,779.1309725139223,12.016819219025285,4.1485870794171475,19,0,0,2,1
35,427.252706612623,5.024099871637139,4.244058958504018,25,0,0,2,1
49,728.167694592722,0.5,4.011484596710889,17,0,1,5,0
66,1276.1959509094183,11.984785950641347,4.63420426600523,17,1,0,1,1
25,891.6582222081546,15.822726396433058,4.722017642616027,16,0,0,5,1
46,541.2022701196438,0.5,4.2312487933662535,23,0,0,4,1
42,756.4220481662983,3.8002850603519485,3.0255129594148613,18,0,1,1,0
54,589.7315378391684,1.8074632395452104,4.390459311495471,14,0,0,4,1
47,667.767522228477,2.494807050890638,3.835998433840703,19,1,0,1,1
35,565.2083780869052,0.990128426000182,4.131114966452774,23,1,0,2,1
40,612.673640574484,4.3146041869665455,4.298161204037768,16,1,0,4,1
35,739.5535375865065,15.847970960885409,3.7004732286541535,22,0,0,3,1
61,404.77066611193277,3.496556702805214,4.834197010343589,22,0,0,5,1
44,400.23848682552307,0.5,3.267949733499562,14,0,1,2,0
79,332.19718491763507,4.837937677094687,4.343023614562075,11,0,1,3,1
43,298.82689156348556,2.0792668571670765,3.008719159913161,10,0,0,3,0
36,361.896642785103,9.687112987905662,4.849302210810362,19,0,0,4,1
28,720.3457127737954,2.851800305133488,3.225008266476183,17,1,0,2,0
26,425.6452454837014,1.0711644034926406,3.1897684602951495,14,0,0,3,0
27,859.892371601847,1.0604346500803508,3.6660152661044885,13,0,0,2,0
48,676.7871856471456,7.321586132536629,3.7471325720781614,26,0,0,4,1
52,248.57581592760687,1.543422764910269,3.428600144645757,18,0,0,2,0
27,922.8694579044882,7.288595095576512,4.170243321854249,15,0,0,4,0
58,997.6468169003094,1.1526495090944535,3.885828196083927,13,0,1,9,0
38,404.66868176245885,1.9407275748193697,3.0683511780821746,14,0,0,9,0
46,820.6492304518682,3.1319958772761067,3.639304124510601,15,0,0,1,0
72,433.43891768373373,14.340729435735742,4.620865827146341,27,1,0,1,1
58,698.4301602511975,13.421528585840283,4.379403069723737,14,0,0,1,1
41,353.45309761599174,1.1588525047167866,4.449741707159761,25,0,0,5,1
34,271.36011427763657,2.217541096230726,4.396233848167047,17,0,0,6,1
23,549.2707037805924,0.8090628860210618,3.6219460427660666,19,0,1,5,0
36,625.239969260271,3.56659718980225,3.1993278441535518,14,1,1,2,0
41,545.2040635926423,3.0863275966374353,3.544934368066192,18,0,0,5,0
33,367.963857815805,11.551078785540035,4.663570600370319,16,0,0,4,1
42,544.5993947835092,13.296684327353832,4.960941595566142,14,1,1,5,1
45,761.0106680990012,2.4190313730556987,3.987694029483123,19,0,0,2,0
41,650.3778391065663,3.383790521074734,3.019400709846084,16,0,0,2,0
36,728.6915402963562,11.328192951516181,3.280089624268458,18,0,0,1,0
47,475.77373747076297,8.21776142717993,3.6441611506325318,12,0,0,7,1
51,1194.9492052055753,0.5,4.157170697185899,18,1,1,3,0
32,369.41228791026055,1.9287503951810918,3.150187291610628,23,0,0,1,0
68,848.7631299843551,2.738954508412922,4.886714597419763,17,0,0,6,1
43,1201.0429057707836,1.304981846255432,3.7301673465688014,18,0,0,4,0
44,845.94474681032,1.113041072512288,4.825168435849646,13,0,0,6,1
55,601.0859202524457,0.5,4.561043605514044,13,0,1,1,0
47,510.73531255850986,5.155278391529383,4.510874545031163,20,0,0,5,1
59,1116.600215109513,1.5225157203151085,4.213439159564464,21,0,0,4,1
48,326.52696630863943,0.5,4.253567634103689,19,0,1,2,0
37,409.50039578892495,1.313187027267884,4.276006470432496,18,1,0,3,1
49,545.2373024598514,8.095268805275634,4.257442774051164,20,0,0,5,1
31,1235.0007776722377,9.535487362639362,4.107456462796723,20,0,0,3,0
46,804.228809820792,3.299202732598623,4.972828036965778,21,0,0,4,1
44,409.92619067355116,2.6898765722505313,4.464581134851392,18,1,0,3,1
41,569.5497562107968,19.050422729556725,4.553892776785043,17,1,0,10,1
43,489.23278930754356,1.1192481250533612,4.744925630167348,16,1,0,2,1
25,466.42885652286793,1.2126467556732954,3.431279525451698,14,0,1,2,0
37,1085.1188284411844,1.725617999138687,3.167608318190122,22,1,0,6,0
45,334.9992976877018,0.9482858936821208,3.965788873197197,19,0,0,3,1
46,1486.813365565547,2.3850654769086614,4.028161391238546,18,0,0,3,0
32,1006.3798310867724,12.086290118397025,4.658363559899835,17,0,1,6,1
65,1147.6031572753109,4.7770791761624585,3.8875671585646714,13,1,0,1,1
34,527.7012155983227,2.6546871574718143,4.141706051088626,11,1,1,5,0
59,617.09910837348,13.621720739813142,4.054141877026916,16,1,0,1,1
50,324.8696720209149,0.5,3.076405567514782,17,1,1,9,0
36,511.6643258550497,1.1803599346176699,4.230429793193828,23,0,0,3,1
76,851.3534896524255,4.172270537717332,4.656086571548505,22,0,0,6,1
31,1271.6003838376685,4.779741803817415,3.3150010961516077,15,0,0,1,0
58,382.38256694257825,0.5,4.188663467853192,18,1,1,3,1
60,554.0456208753806,2.5795154440723813,4.187221088892828,22,0,0,5,1
36,616.6800857750142,5.237038989957396,3.3283699281127177,20,1,0,3,0
67,330.9957048152041,5.9878094312881895,3.246927147461472,27,0,0,5,1
41,893.9721484947329,5.082488064474814,4.96010388595297,14,0,1,5,1
48,463.12863002425934,1.9324554756851975,3.787438339306075,27,0,1,6,0
48,603.233784801438,0.5,3.4548434574470583,21,0,0,6,0
42,530.6089525393527,2.785329115474062,3.34264908890875,18,1,0,5,0
57,448.2408713270226,0.6891570501287272,4.33520342716647,19,0,0,2,1
56,662.8027981535148,14.746501440486426,4.218890594654558,17,0,1,4,1
26,597.1660471896312,3.223412642272689,4.2871042459748345,22,0,1,2,0
66,552.2887784569326,1.9081997803880997,3.1760120550229045,14,0,0,5,0
27,462.094395354144,7.268672289333832,4.787069166996874,19,0,0,3,1
60,780.3654498366554,3.4452637965942507,3.778532793618097,15,0,1,3,0
62,1520.5214804509517,1.8555649638479457,3.626738812860716,17,1,1,3,0
32,713.3296219208555,8.355708739216109,3.9247228944954786,14,0,0,7,1
39,1094.5067755151733,10.09275399054457,3.7801321314952565,14,0,0,7,1
32,331.91836078348985,5.589100408782959,4.727154006278292,16,0,0,4,1
41,719.7332949076352,0.5,4.858521950395784,21,0,0,1,1
40,384.2586296201985,4.177274926386391,3.6069064328992124,15,0,0,5,0
56,317.83663877322715,7.204701335588679,4.727871614919909,20,0,0,6,1
66,459.58058244618303,0.7338243481399348,4.563046259066134,11,0,0,2,1
67,1207.068132376757,1.2981997778458232,4.861615344689524,21,0,0,3,1
37,1069.5656541414173,10.706376436355258,3.491500624371776,11,0,0,4,0
41,751.0726321686069,0.5,4.153918300241958,15,1,0,1,0
26,309.0953236358083,6.986314234669494,3.5490891694808893,14,1,1,2,0
35,602.9653149776369,3.210115781375869,4.648188980968748,16,0,0,4,1
59,773.4414749017922,2.9599267649035395,3.0106483811421283,13,0,0,5,0
72,726.158357842521,0.5,4.129638325772792,22,0,0,2,1
30,264.56929669223587,8.557304213671697,3.678406862543836,11,0,1,2,0
37,426.1711712410007,2.2300677364636377,3.6453674141556407,21,1,1,3,0
44,644.1690025043772,3.890972960243622,4.289812647729834,19,1,0,2,1
48,869.6975041062341,5.655171533900455,4.702968898627988,17,0,1,4,1
35,221.8354940632953,6.063883499640904,4.218390782786653,22,0,0,3,1
50,613.3513964654062,15.615562696167357,4.706345957293445,16,0,1,2,1
38,714.458122645725,3.7893881017541124,3.52919422376206,15,0,0,4,0
44,1017.1969084390541,2.5517915896387655,4.039003709529962,21,1,0,3,1
52,940.5161234848694,15.363458234562007,3.901073078134152,21,0,0,3,1
44,890.0571368775923,5.137651295319738,3.0232897990061924,15,0,0,4,0
39,445.8710330543855,1.7701804031342938,4.11362428628148,20,0,0,3,1
43,256.21038706473206,0.6760310883985426,4.32304864829235,29,0,1,5,1
43,546.466836026811,9.243379608256195,4.18382880883814,24,0,1,2,1
40,1097.5282803656698,2.248508400170427,4.472559797566843,22,0,0,6,1
41,1335.0543261640387,5.400960749969443,4.142679056906154,17,0,0,3,0
72,948.8726077107143,3.182099369955958,3.1335005097015136,15,1,0,4,1
52,824.4120053172467,1.1090333504103953,3.2328910481694226,22,1,0,2,0
40,804.177345787802,4.602580840100964,4.192949155087905,15,0,0,1,0
55,503.67973850483753,0.5,3.5499583839472804,19,1,0,5,1
40,623.263793185894,2.6665701816883876,3.1592902580695315,15,0,0,1,0
63,1532.3147244456256,3.9550674587320027,3.8592054868970935,20,1,0,1,1
49,415.1836685339884,2.8639215919847953,4.108645196167311,13,1,0,3,1
43,1491.2789632534602,6.9049855866337095,3.6574919766992133,19,0,0,4,0
51,566.2218274738512,8.799122932707446,4.440867404451556,18,1,0,6,1
27,1290.4110042381521,7.375476489171357,4.28754121620249,17,0,0,4,0
31,329.1759779832822,0.5,3.665636722183344,17,0,1,1,0
31,891.5416012839623,1.079156570302864,4.509745057817121,17,0,0,3,0
46,460.1787182784461,3.8459043591383146,4.297390085066071,12,1,0,1,1
75,327.78778565486505,13.653169554078682,4.274890757435804,15,1,0,5,1
87,741.9389938123232,9.007739350042165,4.106855401574136,17,0,0,4,1
54,1101.839014612707,9.242744726844311,3.0227793361771056,21,0,0,3,0
51,435.95075106813607,1.8063430631997812,4.3930143669537784,18,0,0,5,1
26,314.3452863387736,2.8057539266454246,3.752083582218313,13,1,0,5,0
37,635.287478080897,3.181055681861997,4.885219420317311,15,0,1,3,0
35,636.6896528103318,0.8561460252366315,4.6359695421544105,18,1,0,4,1
37,874.9439382882089,0.5,4.175388939062625,15,0,0,6,0
42,1069.34039669251,14.678164780006481,3.504363963638539,21,0,0,3,1
38,645.6725000491404,1.3768744912532658,3.407434786555333,22,0,1,2,0
24,1682.0215581038012,1.3718480800956785,3.6807696753550982,19,1,0,1,0
55,744.0567972191574,0.5,3.953135887160037,22,0,0,7,1
32,559.356349611454,13.190831269770115,3.592131020077894,17,1,0,6,1
48,297.14383676757967,4.334374233494412,4.029858990784966,18,0,0,3,1
83,583.2816882152604,5.49861738592762,3.3307408510263716,18,0,1,1,0
33,562.171254786623,12.128109436059853,4.955425625650999,20,1,0,5,1
20,1075.0821950395714,2.1203365730798813,3.2158491099299877,15,1,0,5,0
41,838.1874912512236,4.857792611879789,4.863888279308744,20,1,1,3,1
62,368.8224781234476,0.5,4.82715602280539,14,0,0,5,1
80,724.967766020955,1.0337220774773361,4.050720963638996,19,0,0,7,1
30,930.5404867331353,8.89656045406102,4.4498205436721685,19,0,0,4,1
51,1427.9793466917404,7.2786157023972855,3.872096595945176,29,0,0,4,1
38,1036.652430430346,2.158860806610639,4.260069155084876,15,1,1,7,0
43,973.0381861048528,2.364524190619923,3.6811518748422376,19,0,0,5,0
98,685.4276824031052,3.8130697525263852,3.602318039570891,18,0,0,2,1
28,807.6719735090667,0.5,4.156459572339028,25,0,1,4,0
48,1242.340588012107,1.3803773588850983,3.9962593483679605,23,0,0,2,0
51,341.5900388657491,1.1674330882286579,4.159072738299962,23,0,0,6,1
61,558.514363621946,1.441631044313937,3.5733211625740458,19,0,0,3,1
46,452.0151177497322,8.197059449480866,3.7339156636339905,18,0,1,6,0
49,803.9817415153373,1.640255962581628,3.1677959212578184,22,0,1,6,0
39,1230.4202883239345,1.0630048633456535,3.1045527445444114,26,1,0,6,0
48,493.4950639221706,3.508553321660842,3.5069142593460327,13,0,0,4,0
40,201.31036391939614,10.036349995539972,3.1484937186610917,14,0,1,4,0
53,541.2545184664496,1.3810717531501155,3.2075494172694814,19,1,0,4,0
40,1050.2010132386413,0.5,4.625856810787874,7,1,1,1,0
50,870.279958683404,2.2034261113261393,3.077747394033379,23,1,0,4,0
44,823.9362199210649,6.884727482585706,4.317885587869485,16,1,0,4,1
62,578.2482929803075,4.000217093010911,3.545115497630801,19,0,0,4,1
44,350.89415731834146,8.485703175586345,4.743091361416253,20,0,0,2,1
26,860.6149232842835,16.043655733968034,3.969984569154999,17,0,0,1,1
65,438.28049063084615,7.867036332608857,3.6111529186556517,13,0,1,5,0
34,1982.369978395678,4.629219578405649,4.035277871378869,11,1,0,7,0
36,884.7044232349585,3.399591230756449,3.763916038090538,11,0,1,5,0
37,497.5399469355681,0.5,4.128602129339661,18,1,0,6,1
67,489.9519751021103,20.0,3.2290657366526965,11,1,1,3,1
23,634.9383430968857,2.4183316826514885,4.993981005625102,20,0,1,2,0
114,590.074640953741,0.8257189979727688,3.8511117553934353,15,1,0,3,1
61,1162.6031768061978,5.4936943143382795,3.6964612794147373,26,0,0,5,1
47,730.1194017964572,1.6723891575178849,4.42041969663253,21,0,0,6,1
43,461.3625288311614,4.406769355330026,3.727798812990665,14,1,0,6,1
48,1711.662402710632,4.418729386935728,4.666548610057515,22,0,0,5,1
52,681.7439624721954,2.950515116074949,3.9085414487208503,19,1,1,4,0
54,976.9347248456805,9.043061891795908,4.43911682653087,12,0,1,6,1
52,490.72640193153876,1.5391998328157275,3.2149064328837733,15,0,0,4,0
45,797.5605957245551,2.976769445859275,4.692238371110223,29,1,0,2,1
42,777.0890844299233,3.8576211075363958,4.47143597355622,12,0,0,4,1
42,258.5723022204377,5.447639199060925,3.423433556923931,10,0,0,4,0
42,1821.9043063548402,7.661732790278647,3.2905720194915733,14,0,0,3,0
62,1268.159899129547,2.5110416548875736,3.632584697451249,23,1,1,2,0
53,545.3361218656111,5.192954925421331,4.952141172063809,25,0,0,4,1
18,383.3180758520877,0.8161897812573554,3.5136631491341173,17,1,0,5,0
54,791.382017974283,13.489120868695865,3.9122544178932666,10,0,1,3,0
47,694.6088280034112,2.4149078493189875,3.0600404514346726,20,0,0,5,0
44,794.5965283216109,6.537811889147676,3.7944550591324653,16,1,1,4,0
39,732.0059908118715,0.5,4.142640030866206,15,0,0,2,0
62,856.7280108495104,1.148242959594831,4.90624922501593,15,0,0,4,1
59,1371.4897677131437,3.3382017593608566,4.033472089880129,27,1,1,4,1
35,883.6416459492237,10.52902893036848,4.6382146523553756,30,1,0,4,1
50,393.53588202344434,3.745997325528037,4.094255285137801,22,0,1,6,1
33,1314.591731884467,13.287057467988452,3.081570026871036,16,0,1,8,0
29,1510.668099178701,3.306274898357599,3.630016550379548,19,1,0,1,0
37,3000.0,3.3711276151945224,4.151099015662206,20,1,0,3,0
57,379.2717563577512,0.6377283627944628,4.901187931862249,10,1,0,4,1
59,751.0265519324297,8.114040586824077,4.718260719502466,17,0,1,2,1
52,234.85085390030062,1.418220596292309,3.4567112283576953,24,1,0,1,1
55,877.059274764923,11.49358737800473,3.440219660038327,19,0,0,4,1
52,505.6778724835953,12.085729023171723,3.4023459342278013,15,0,0,2,1
36,1740.143564977137,14.350797120424906,4.844997792605007,18,0,0,5,1
50,451.55289277127696,3.6722473801883915,4.705332306203442,20,0,1,1,1
56,285.83321632587706,5.651966766440407,4.549766864505898,14,0,1,3,1
56,525.5094272033849,7.537021926738403,3.785470228448455,11,0,1,4,0
63,247.70935776162543,0.7021448812041351,4.008761408597533,25,0,0,4,1
55,968.3075243362374,4.593432935692051,3.9286634895903054,20,0,1,5,0
49,236.85744845798442,0.5,3.5067962151187455,20,0,0,2,0
61,674.6734463264376,3.4414557846414935,4.010056092297534,18,0,0,4,1
44,235.35478288419415,0.8411624667806249,3.060993095705509,18,0,0,5,0
34,566.7119204083148,1.010109253519828,3.2636207469949183,29,0,1,4,0
42,1512.7569774239435,2.2710259553626413,4.773179192337893,22,0,1,6,0
35,796.5771179700287,2.8320190815661945,4.503359534062847,19,0,1,4,0
