district,wall_type,street,price_per_sqm
Окраины,кирпич,Улица_8,98.0
Исторический центр,кирпич,Улица_35,152.8
Окраины,монолит,Улица_39,59.4
Окраины,панель,Улица_23,40.0
Исторический центр,монолит,Улица_47,163.0
Исторический центр,кирпич,Улица_62,161.3
Окраины,панель,Улица_52,67.0
Центр,кирпич,Улица_53,139.0
Окраины,кирпич,Улица_41,72.7
Окраины,панель,Улица_44,45.1
Окраины,панель,Улица_13,50.2
Окраины,монолит,Улица_28,101.5
Исторический центр,монолит,Улица_5,149.3
Окраины,панель,Улица_6,54.5
Центр,монолит,Улица_36,140.3
Исторический центр,кирпич,Улица_52,173.4
Центр,панель,Улица_17,97.9
Центр,монолит,Улица_37,113.7
Центр,панель,Улица_58,120.2
Центр,панель,Улица_0,108.0
Исторический центр,кирпич,Улица_43,166.5
Исторический центр,панель,Улица_46,180.9
Центр,монолит,Улица_34,126.5
Центр,монолит,Улица_59,109.7
Исторический центр,монолит,Улица_51,177.5
Исторический центр,монолит,Улица_7,220.3
Исторический центр,панель,Улица_40,134.0
Окраины,панель,Улица_2,80.5
Окраины,кирпич,Улица_13,93.0
Окраины,панель,Улица_25,45.5
Центр,панель,Улица_57,114.1
Окраины,дерево,Улица_39,43.7
Центр,панель,Улица_50,69.1
Центр,панель,Улица_4,120.3
Окраины,панель,Улица_31,74.0
Центр,панель,Улица_0,105.6
Окраины,монолит,Улица_53,84.2
Окраины,кирпич,Улица_10,103.9
Исторический центр,панель,Улица_52,172.7
Окраины,монолит,Улица_7,93.7
Исторический центр,панель,Улица_24,130.8
Окраины,кирпич,Улица_39,92.0
Окраины,монолит,Улица_31,73.3
Исторический центр,монолит,Улица_27,223.0
Исторический центр,кирпич,Улица_2,187.0
Окраины,монолит,Улица_61,101.6
Центр,монолит,Улица_26,154.6
Исторический центр,панель,Улица_44,170.2
Центр,дерево,Улица_24,67.7
Центр,монолит,Улица_60,128.6
Центр,монолит,Улица_43,113.5
Исторический центр,монолит,Улица_45,176.5
Центр,кирпич,Улица_13,134.8
Исторический центр,кирпич,Улица_7,221.5
Центр,панель,Улица_47,91.7
Окраины,кирпич,Улица_13,48.1
Окраины,панель,Улица_64,46.0
Исторический центр,монолит,Улица_6,183.3
Окраины,монолит,Улица_48,68.8
Окраины,панель,Улица_54,73.3
Центр,монолит,Улица_12,132.0
Исторический центр,монолит,Улица_55,212.2
Центр,панель,Улица_55,74.7
Центр,кирпич,Улица_14,133.9
Центр,панель,Улица_56,91.5
Центр,монолит,Улица_57,83.5
Центр,панель,Улица_34,96.2
Центр,монолит,Улица_15,130.2
Центр,кирпич,Улица_7,148.4
Исторический центр,монолит,Улица_44,160.2
Окраины,монолит,Улица_39,125.1
Центр,монолит,Улица_53,140.9
Центр,дерево,Улица_13,88.5
Центр,монолит,Улица_58,149.0
Центр,дерево,Улица_52,91.1
Центр,дерево,Улица_26,122.8
Центр,монолит,Улица_46,130.8
Окраины,монолит,Улица_5,55.5
Окраины,кирпич,Улица_54,54.8
Центр,панель,Улица_43,98.3
Окраины,панель,Улица_17,40.0
Исторический центр,кирпич,Улица_15,183.7
Центр,кирпич,Улица_11,103.7
Исторический центр,дерево,Улица_19,160.4
Исторический центр,монолит,Улица_44,187.7
Центр,монолит,Улица_63,139.6
Окраины,панель,Улица_58,82.3
Исторический центр,кирпич,Улица_21,208.5
Центр,кирпич,Улица_46,127.1
Исторический центр,кирпич,Улица_28,198.4
Исторический центр,кирпич,Улица_44,219.6
Исторический центр,кирпич,Улица_8,222.2
Исторический центр,дерево,Улица_23,124.4
Окраины,монолит,Улица_14,55.3
Исторический центр,кирпич,Улица_35,157.9
Исторический центр,кирпич,Улица_12,174.0
Исторический центр,панель,Улица_43,141.7
Окраины,кирпич,Улица_35,84.5
Исторический центр,дерево,Улица_60,147.2
Исторический центр,панель,Улица_39,168.2
Окраины,панель,Улица_26,77.9
Окраины,панель,Улица_0,80.9
Окраины,кирпич,Улица_33,89.6
Исторический центр,панель,Улица_20,166.9
Окраины,монолит,Улица_32,92.7
Окраины,монолит,Улица_6,62.2
Исторический центр,кирпич,Улица_64,162.2
Окраины,панель,Улица_2,40.5
Исторический центр,панель,Улица_50,126.0
Центр,монолит,Улица_53,116.1
Окраины,панель,Улица_58,78.1
Центр,панель,Улица_5,91.8
Исторический центр,панель,Улица_28,196.0
Окраины,панель,Улица_16,58.4
Исторический центр,панель,Улица_59,150.2
Центр,панель,Улица_21,110.6
Исторический центр,панель,Улица_23,137.7
Окраины,монолит,Улица_50,57.7
Окраины,панель,Улица_49,40.0
Центр,дерево,Улица_10,57.1
Исторический центр,панель,Улица_55,134.5
Окраины,дерево,Улица_41,40.0
Центр,монолит,Улица_38,170.5
Окраины,панель,Улица_47,45.8
Окраины,монолит,Улица_56,57.2
Исторический центр,кирпич,Улица_20,165.9
Окраины,дерево,Улица_19,40.0
Исторический центр,панель,Улица_14,141.8
Окраины,кирпич,Улица_50,61.6
Центр,панель,Улица_61,105.8
Окраины,дерево,Улица_36,40.0
Исторический центр,кирпич,Улица_5,140.9
Исторический центр,панель,Улица_25,153.3
Центр,монолит,Улица_7,150.5
Окраины,монолит,Улица_3,88.0
Окраины,панель,Улица_20,44.6
Центр,кирпич,Улица_30,125.4
Окраины,кирпич,Улица_20,111.9
Окраины,панель,Улица_24,40.0
Исторический центр,панель,Улица_14,149.1
Окраины,дерево,Улица_34,56.4
Окраины,кирпич,Улица_48,51.9
Центр,монолит,Улица_42,99.6
Центр,кирпич,Улица_40,119.3
Исторический центр,кирпич,Улица_36,199.7
Окраины,панель,Улица_56,40.4
Окраины,панель,Улица_41,41.6
Окраины,монолит,Улица_46,88.0
Исторический центр,дерево,Улица_60,124.6
Исторический центр,панель,Улица_13,126.4
Центр,дерево,Улица_52,121.0
Исторический центр,монолит,Улица_33,181.7
Окраины,панель,Улица_23,57.4
Окраины,монолит,Улица_19,64.4
Исторический центр,панель,Улица_29,137.0
Окраины,кирпич,Улица_6,109.4
Окраины,монолит,Улица_35,68.9
Исторический центр,кирпич,Улица_37,174.5
Исторический центр,панель,Улица_51,156.6
Окраины,монолит,Улица_14,72.9
Окраины,кирпич,Улица_45,97.7
Окраины,кирпич,Улица_22,79.0
Центр,дерево,Улица_11,67.3
Центр,панель,Улица_43,65.0
Центр,кирпич,Улица_14,148.4
Исторический центр,монолит,Улица_48,214.0
Центр,панель,Улица_20,97.4
Исторический центр,панель,Улица_14,130.9
Исторический центр,дерево,Улица_13,142.9
Центр,монолит,Улица_41,121.1
Центр,панель,Улица_14,100.2
Центр,монолит,Улица_62,106.3
Окраины,монолит,Улица_26,78.8
Центр,кирпич,Улица_52,131.0
Окраины,кирпич,Улица_51,100.7
Исторический центр,кирпич,Улица_62,155.9
Окраины,монолит,Улица_52,106.7
Центр,панель,Улица_56,89.8
Исторический центр,панель,Улица_51,153.5
Исторический центр,дерево,Улица_42,93.7
Исторический центр,монолит,Улица_6,188.2
Окраины,кирпич,Улица_41,73.3
Центр,кирпич,Улица_3,112.0
Исторический центр,панель,Улица_4,149.4
Исторический центр,панель,Улица_40,169.4
Исторический центр,монолит,Улица_3,168.0
Окраины,монолит,Улица_1,80.9
Окраины,кирпич,Улица_20,90.1
Центр,панель,Улица_42,86.1
Окраины,монолит,Улица_8,70.6
Исторический центр,панель,Улица_27,148.3
Центр,кирпич,Улица_25,158.7
Исторический центр,панель,Улица_2,175.9
Исторический центр,кирпич,Улица_48,192.5
Окраины,дерево,Улица_16,40.0
Центр,кирпич,Улица_62,124.0
Окраины,панель,Улица_54,67.6
Окраины,панель,Улица_22,91.9
Центр,дерево,Улица_33,90.1
Исторический центр,кирпич,Улица_14,185.3
Исторический центр,кирпич,Улица_46,177.8
Центр,кирпич,Улица_2,145.1
Исторический центр,кирпич,Улица_27,189.2
Центр,кирпич,Улица_2,143.7
Центр,панель,Улица_3,131.7
Окраины,кирпич,Улица_30,60.2
Центр,кирпич,Улица_44,213.7
Окраины,монолит,Улица_58,55.2
Исторический центр,панель,Улица_44,156.0
Исторический центр,панель,Улица_36,123.4
Исторический центр,кирпич,Улица_64,208.6
Исторический центр,дерево,Улица_8,146.2
Окраины,кирпич,Улица_16,92.3
Исторический центр,монолит,Улица_64,187.8
Центр,монолит,Улица_2,139.8
Центр,кирпич,Улица_25,122.2
Центр,дерево,Улица_52,128.8
Окраины,кирпич,Улица_30,62.2
Исторический центр,кирпич,Улица_25,185.9
Исторический центр,монолит,Улица_22,158.7
Исторический центр,монолит,Улица_29,167.1
Окраины,панель,Улица_9,68.4
Центр,кирпич,Улица_63,116.2
Центр,панель,Улица_21,125.1
Исторический центр,монолит,Улица_14,167.5
Центр,кирпич,Улица_55,149.8
Центр,кирпич,Улица_19,178.8
Окраины,кирпич,Улица_46,54.7
Окраины,кирпич,Улица_52,99.0
Окраины,монолит,Улица_52,66.7
Окраины,панель,Улица_0,40.0
Исторический центр,дерево,Улица_1,131.7
Окраины,панель,Улица_57,49.7
Центр,монолит,Улица_18,106.6
Исторический центр,кирпич,Улица_61,187.9
Центр,панель,Улица_11,78.0
Центр,кирпич,Улица_25,134.0
Центр,кирпич,Улица_26,134.0
Окраины,панель,Улица_28,75.9
Окраины,дерево,Улица_14,52.1
Исторический центр,монолит,Улица_45,202.5
Исторический центр,кирпич,Улица_0,189.6
Окраины,кирпич,Улица_59,116.4
Центр,кирпич,Улица_56,153.9
Исторический центр,панель,Улица_2,174.7
Окраины,монолит,Улица_17,50.4
Окраины,дерево,Улица_51,56.4
Окраины,кирпич,Улица_59,52.3
Центр,панель,Улица_33,121.3
Окраины,панель,Улица_59,50.1
Окраины,монолит,Улица_25,54.3
Окраины,панель,Улица_18,45.2
Окраины,монолит,Улица_21,59.9
Исторический центр,монолит,Улица_32,149.2
Исторический центр,кирпич,Улица_37,201.8
Окраины,монолит,Улица_34,105.2
Центр,кирпич,Улица_9,155.8
Исторический центр,монолит,Улица_14,211.8
Окраины,панель,Улица_10,73.4
Исторический центр,панель,Улица_23,121.4
Исторический центр,дерево,Улица_3,149.8
Центр,монолит,Улица_12,123.9
Окраины,монолит,Улица_56,66.5
Окраины,панель,Улица_36,40.0
Центр,монолит,Улица_47,103.9
Центр,панель,Улица_0,120.9
Окраины,монолит,Улица_59,53.7
Окраины,панель,Улица_11,59.0
Центр,дерево,Улица_20,81.1
Исторический центр,дерево,Улица_10,136.6
Исторический центр,монолит,Улица_43,181.4
Центр,кирпич,Улица_57,177.2
Исторический центр,кирпич,Улица_43,178.5
Центр,монолит,Улица_33,115.3
Исторический центр,кирпич,Улица_24,182.2
Исторический центр,монолит,Улица_3,186.7
Окраины,панель,Улица_63,78.7
Окраины,панель,Улица_15,46.2
Исторический центр,дерево,Улица_9,133.9
Исторический центр,панель,Улица_34,174.7
Окраины,панель,Улица_5,42.6
Окраины,панель,Улица_18,70.0
Окраины,панель,Улица_58,63.7
Центр,монолит,Улица_52,136.5
Исторический центр,кирпич,Улица_7,210.0
Окраины,дерево,Улица_9,82.9
Исторический центр,монолит,Улица_37,185.8
Центр,кирпич,Улица_28,147.5
Центр,монолит,Улица_14,147.2
Окраины,панель,Улица_22,88.0
Центр,кирпич,Улица_45,165.4
Исторический центр,дерево,Улица_27,173.4
Окраины,кирпич,Улица_25,64.8
Исторический центр,кирпич,Улица_9,231.0
Исторический центр,панель,Улица_46,164.3
Центр,панель,Улица_3,108.6
Центр,панель,Улица_54,102.2
Центр,монолит,Улица_6,105.7
Центр,панель,Улица_54,78.7
Центр,панель,Улица_30,116.0
Окраины,кирпич,Улица_18,80.3
Исторический центр,панель,Улица_27,174.4
Исторический центр,кирпич,Улица_27,218.7
Исторический центр,кирпич,Улица_18,193.4
Исторический центр,панель,Улица_19,167.1
Центр,кирпич,Улица_12,117.0
Исторический центр,кирпич,Улица_42,142.4
Окраины,кирпич,Улица_10,96.7
Окраины,дерево,Улица_47,40.2
Исторический центр,дерево,Улица_14,171.1
Исторический центр,панель,Улица_16,177.4
Окраины,дерево,Улица_53,40.0
Окраины,монолит,Улица_49,40.0
Центр,панель,Улица_27,87.1
Окраины,кирпич,Улица_3,81.6
Центр,монолит,Улица_21,136.0
Центр,монолит,Улица_38,137.3
Центр,панель,Улица_33,124.0
Центр,монолит,Улица_43,79.8
Центр,панель,Улица_41,124.5
Исторический центр,монолит,Улица_39,190.0
Окраины,дерево,Улица_11,40.0
Центр,панель,Улица_1,125.5
Окраины,монолит,Улица_27,116.5
Окраины,панель,Улица_9,73.1
Центр,монолит,Улица_56,119.6
Исторический центр,монолит,Улица_36,157.7
Центр,кирпич,Улица_63,136.8
Исторический центр,панель,Улица_39,160.7
Окраины,кирпич,Улица_59,66.2
Исторический центр,монолит,Улица_47,191.7
Исторический центр,панель,Улица_18,149.6
Исторический центр,монолит,Улица_32,183.4
Окраины,кирпич,Улица_43,68.6
Окраины,панель,Улица_36,40.0
Исторический центр,кирпич,Улица_35,155.5
Исторический центр,монолит,Улица_20,158.4
Центр,дерево,Улица_1,138.0
Исторический центр,дерево,Улица_30,126.3
Центр,монолит,Улица_29,154.0
Исторический центр,монолит,Улица_43,172.5
Центр,кирпич,Улица_11,125.3
Окраины,кирпич,Улица_50,87.0
Исторический центр,панель,Улица_48,135.4
Исторический центр,монолит,Улица_23,130.8
Исторический центр,дерево,Улица_23,133.3
Исторический центр,кирпич,Улица_59,173.2
Центр,дерево,Улица_10,93.1
Исторический центр,монолит,Улица_12,133.1
Окраины,панель,Улица_63,40.0
Окраины,кирпич,Улица_19,84.6
Исторический центр,кирпич,Улица_27,203.3
Окраины,панель,Улица_1,54.9
Исторический центр,монолит,Улица_42,152.9
Исторический центр,кирпич,Улица_7,211.3
Окраины,панель,Улица_12,51.0
Исторический центр,монолит,Улица_34,170.7
Окраины,монолит,Улица_22,65.3
Центр,дерево,Улица_45,100.8
Исторический центр,панель,Улица_14,172.2
Центр,кирпич,Улица_1,142.6
Окраины,монолит,Улица_60,96.3
Центр,панель,Улица_63,98.0
Центр,кирпич,Улица_51,148.5
Окраины,кирпич,Улица_35,55.4
Центр,панель,Улица_46,113.9
Центр,кирпич,Улица_1,161.3
Окраины,кирпич,Улица_43,70.1
Центр,кирпич,Улица_63,181.3
Окраины,кирпич,Улица_27,81.1
Центр,панель,Улица_53,115.4
Окраины,панель,Улица_35,40.0
Окраины,монолит,Улица_62,41.8
Центр,кирпич,Улица_24,120.2
Центр,кирпич,Улица_47,124.7
Центр,панель,Улица_38,124.5
Исторический центр,панель,Улица_46,160.5
Исторический центр,панель,Улица_20,134.7
Исторический центр,панель,Улица_29,143.3
Окраины,дерево,Улица_30,40.0
Центр,кирпич,Улица_25,121.1
Окраины,панель,Улица_21,55.8
Исторический центр,монолит,Улица_20,188.1
Центр,панель,Улица_0,116.3
Окраины,кирпич,Улица_36,81.9
Центр,панель,Улица_45,145.3
Окраины,монолит,Улица_8,84.9
Центр,кирпич,Улица_16,130.3
Исторический центр,кирпич,Улица_46,239.1
Исторический центр,кирпич,Улица_58,206.0
Центр,монолит,Улица_53,119.6
Окраины,кирпич,Улица_11,57.7
Исторический центр,дерево,Улица_63,147.7
Исторический центр,панель,Улица_5,151.9
Исторический центр,дерево,Улица_52,126.0
Центр,дерево,Улица_15,90.4
Центр,панель,Улица_4,61.6
Окраины,кирпич,Улица_45,102.9
Окраины,кирпич,Улица_13,75.1
Окраины,кирпич,Улица_43,96.2
Центр,монолит,Улица_62,118.0
Центр,кирпич,Улица_51,139.2
Окраины,кирпич,Улица_25,103.1
Окраины,панель,Улица_52,56.6
Центр,дерево,Улица_28,101.3
Окраины,кирпич,Улица_18,83.1
Исторический центр,кирпич,Улица_46,195.0
Центр,кирпич,Улица_7,134.8
Окраины,дерево,Улица_22,40.0
Центр,панель,Улица_34,90.5
Исторический центр,кирпич,Улица_52,196.4
Центр,кирпич,Улица_57,133.2
Центр,кирпич,Улица_4,135.4
Центр,кирпич,Улица_15,108.1
Центр,дерево,Улица_16,99.8
Исторический центр,монолит,Улица_31,150.4
Центр,панель,Улица_51,120.0
Центр,монолит,Улица_19,136.4
Окраины,кирпич,Улица_0,81.5
Центр,монолит,Улица_57,149.3
Окраины,монолит,Улица_43,92.4
Исторический центр,панель,Улица_5,117.4
Исторический центр,монолит,Улица_49,147.6
Исторический центр,кирпич,Улица_19,187.4
Исторический центр,кирпич,Улица_13,209.0
Окраины,кирпич,Улица_4,76.7
Центр,панель,Улица_40,89.3
Исторический центр,монолит,Улица_39,170.0
Центр,дерево,Улица_33,75.1
Окраины,панель,Улица_44,57.1
Окраины,монолит,Улица_26,91.6
Окраины,монолит,Улица_43,92.1
Исторический центр,кирпич,Улица_32,163.4
Центр,панель,Улица_32,114.6
Центр,кирпич,Улица_43,103.6
Центр,монолит,Улица_19,140.7
Окраины,дерево,Улица_35,45.1
Исторический центр,кирпич,Улица_6,173.2
Окраины,монолит,Улица_31,72.2
Окраины,панель,Улица_38,45.7
Центр,панель,Улица_23,77.0
Окраины,панель,Улица_53,69.9
Центр,панель,Улица_37,76.2
Исторический центр,кирпич,Улица_31,202.5
Центр,кирпич,Улица_44,159.1
Исторический центр,кирпич,Улица_60,162.4
Центр,панель,Улица_52,119.0
Окраины,кирпич,Улица_50,75.8
Окраины,монолит,Улица_55,81.3
Исторический центр,панель,Улица_26,157.8
Исторический центр,монолит,Улица_37,164.5
Исторический центр,панель,Улица_61,119.5
Центр,панель,Улица_17,83.7
Центр,дерево,Улица_63,100.8
Исторический центр,кирпич,Улица_29,135.7
Окраины,кирпич,Улица_48,85.5
Центр,монолит,Улица_40,129.5
Центр,кирпич,Улица_12,134.8
Центр,кирпич,Улица_33,138.6
Исторический центр,панель,Улица_24,158.5
Исторический центр,кирпич,Улица_17,166.4
Исторический центр,панель,Улица_4,98.1
Исторический центр,кирпич,Улица_18,204.5
Исторический центр,монолит,Улица_41,165.5
Окраины,монолит,Улица_17,126.0
Окраины,монолит,Улица_31,40.0
Исторический центр,панель,Улица_20,145.0
Центр,монолит,Улица_9,148.8
Исторический центр,кирпич,Улица_36,202.0
Окраины,монолит,Улица_48,46.9
Окраины,монолит,Улица_12,75.2
Центр,монолит,Улица_54,108.2
Окраины,панель,Улица_16,50.5
Исторический центр,кирпич,Улица_8,189.3
Центр,панель,Улица_43,112.6
Исторический центр,монолит,Улица_45,205.5
Исторический центр,кирпич,Улица_7,189.2
Центр,монолит,Улица_36,125.0
Исторический центр,кирпич,Улица_18,198.1
Окраины,кирпич,Улица_62,102.6
Исторический центр,кирпич,Улица_45,176.3
Центр,кирпич,Улица_25,154.4
Центр,панель,Улица_45,108.3
Центр,кирпич,Улица_45,136.5
Исторический центр,дерево,Улица_13,121.0
Центр,панель,Улица_62,97.9
Центр,кирпич,Улица_2,156.3
Исторический центр,монолит,Улица_27,164.7
Окраины,монолит,Улица_28,100.2
Исторический центр,монолит,Улица_17,189.6
Центр,кирпич,Улица_34,142.0
Центр,монолит,Улица_46,112.8
Исторический центр,монолит,Улица_4,151.9
Окраины,кирпич,Улица_58,77.4
Центр,кирпич,Улица_58,136.2
Центр,панель,Улица_46,103.7
Центр,кирпич,Улица_12,109.7
Исторический центр,монолит,Улица_32,191.4
Центр,панель,Улица_61,97.7
Окраины,дерево,Улица_15,66.4
Центр,панель,Улица_43,56.3
Центр,кирпич,Улица_57,139.0
Окраины,кирпич,Улица_5,107.6
Центр,панель,Улица_14,77.2
Исторический центр,монолит,Улица_3,167.6
Исторический центр,монолит,Улица_55,149.3
Исторический центр,кирпич,Улица_63,223.6
Окраины,кирпич,Улица_33,66.5
Центр,кирпич,Улица_55,135.5
Исторический центр,монолит,Улица_31,167.4
Окраины,кирпич,Улица_8,118.7
Центр,панель,Улица_62,81.3
Окраины,панель,Улица_32,61.5
Исторический центр,дерево,Улица_20,132.1
Исторический центр,кирпич,Улица_54,151.4
Исторический центр,кирпич,Улица_56,183.2
Окраины,монолит,Улица_1,78.8
Окраины,панель,Улица_12,40.0
Исторический центр,кирпич,Улица_3,179.1
Окраины,дерево,Улица_49,40.0
Исторический центр,монолит,Улица_47,175.3
Исторический центр,кирпич,Улица_29,190.2
Центр,кирпич,Улица_28,115.3
Окраины,панель,Улица_7,103.8
Исторический центр,монолит,Улица_11,173.9
Исторический центр,кирпич,Улица_40,188.7
Окраины,монолит,Улица_25,79.0
Центр,панель,Улица_49,48.8
Центр,кирпич,Улица_1,157.4
Исторический центр,монолит,Улица_54,162.3
Окраины,дерево,Улица_55,40.0
Центр,кирпич,Улица_13,125.9
Окраины,кирпич,Улица_5,79.1
Окраины,панель,Улица_60,44.1
Исторический центр,монолит,Улица_11,167.5
Центр,дерево,Улица_12,46.6
Исторический центр,панель,Улица_18,155.1
Центр,монолит,Улица_43,93.1
Центр,панель,Улица_58,92.8
Центр,панель,Улица_36,110.0
Центр,кирпич,Улица_24,134.3
Центр,кирпич,Улица_15,118.5
Окраины,кирпич,Улица_37,62.0
Исторический центр,панель,Улица_42,92.4
Окраины,кирпич,Улица_13,46.5
Центр,дерево,Улица_5,61.7
Исторический центр,кирпич,Улица_22,175.9
Центр,кирпич,Улица_59,132.7
Исторический центр,панель,Улица_11,107.4
Окраины,монолит,Улица_12,41.7
Исторический центр,кирпич,Улица_5,159.5
Исторический центр,кирпич,Улица_62,183.3
Исторический центр,дерево,Улица_37,107.9
Исторический центр,кирпич,Улица_49,154.3
Исторический центр,кирпич,Улица_51,178.4
Центр,монолит,Улица_39,150.0
Исторический центр,кирпич,Улица_7,192.1
Исторический центр,панель,Улица_60,130.8
Окраины,панель,Улица_7,120.4
Исторический центр,кирпич,Улица_33,196.4
Окраины,кирпич,Улица_59,74.9
Центр,кирпич,Улица_56,136.7
Исторический центр,кирпич,Улица_45,225.7
Окраины,кирпич,Улица_21,108.0
Окраины,монолит,Улица_39,105.9
Центр,панель,Улица_44,103.2
Исторический центр,панель,Улица_54,179.0
Исторический центр,монолит,Улица_50,143.8
Окраины,монолит,Улица_4,40.0
Исторический центр,кирпич,Улица_12,165.8
Окраины,дерево,Улица_27,40.4
Исторический центр,кирпич,Улица_61,188.8
Окраины,кирпич,Улица_23,55.1
Исторический центр,монолит,Улица_6,164.0
Центр,панель,Улица_37,88.4
Исторический центр,панель,Улица_36,127.8
Исторический центр,кирпич,Улица_41,173.6
Центр,панель,Улица_4,83.1
Исторический центр,кирпич,Улица_63,194.1
Центр,дерево,Улица_49,73.7
Исторический центр,кирпич,Улица_14,178.6
Окраины,монолит,Улица_52,103.5
Окраины,панель,Улица_24,63.4
Исторический центр,монолит,Улица_8,192.1
Исторический центр,монолит,Улица_37,153.7
Исторический центр,монолит,Улица_21,190.2
Окраины,кирпич,Улица_48,63.3
Исторический центр,кирпич,Улица_14,210.5
Окраины,кирпич,Улица_64,94.0
Центр,монолит,Улица_53,171.1
Окраины,монолит,Улица_29,48.7
Окраины,панель,Улица_19,77.1
Центр,кирпич,Улица_32,142.6
Окраины,панель,Улица_6,40.0
Исторический центр,панель,Улица_7,169.2
Исторический центр,панель,Улица_27,167.9
Окраины,монолит,Улица_44,93.0
Исторический центр,дерево,Улица_10,139.1
Окраины,кирпич,Улица_30,76.2
Исторический центр,панель,Улица_11,131.9
Исторический центр,панель,Улица_50,126.3
Окраины,кирпич,Улица_43,107.1
Исторический центр,кирпич,Улица_49,178.0
Окраины,кирпич,Улица_16,99.1
Исторический центр,монолит,Улица_34,141.8
Исторический центр,панель,Улица_0,148.6
Центр,панель,Улица_28,130.7
Центр,дерево,Улица_50,96.6
Окраины,монолит,Улица_63,105.7
Центр,кирпич,Улица_3,128.8
Окраины,панель,Улица_27,73.9
Центр,панель,Улица_15,129.9
Исторический центр,монолит,Улица_62,164.9
Окраины,монолит,Улица_52,64.7
Окраины,монолит,Улица_16,82.5
Исторический центр,кирпич,Улица_39,208.9
Окраины,монолит,Улица_12,40.0
Окраины,кирпич,Улица_51,102.1
Центр,кирпич,Улица_57,150.2
Окраины,кирпич,Улица_36,74.1
Исторический центр,кирпич,Улица_60,175.2
Центр,кирпич,Улица_33,132.2
Центр,монолит,Улица_16,112.4
Исторический центр,дерево,Улица_19,162.3
Исторический центр,кирпич,Улица_58,218.8
Центр,кирпич,Улица_32,136.5
Окраины,кирпич,Улица_16,101.0
Центр,кирпич,Улица_56,86.3
Исторический центр,кирпич,Улица_0,192.7
Центр,дерево,Улица_12,76.5
Исторический центр,кирпич,Улица_26,234.1
Центр,панель,Улица_58,85.8
Окраины,кирпич,Улица_5,48.8
Центр,монолит,Улица_22,129.6
Центр,монолит,Улица_9,147.4
Исторический центр,дерево,Улица_50,92.9
Исторический центр,монолит,Улица_18,222.0
Исторический центр,кирпич,Улица_50,155.9
Центр,кирпич,Улица_41,118.8
Окраины,монолит,Улица_56,40.0
Исторический центр,панель,Улица_37,153.3
Исторический центр,панель,Улица_61,137.1
Центр,кирпич,Улица_6,110.5
Исторический центр,кирпич,Улица_49,187.1
Окраины,панель,Улица_51,48.0
Окраины,панель,Улица_25,42.4
Исторический центр,монолит,Улица_25,181.9
Исторический центр,кирпич,Улица_18,207.1
Центр,панель,Улица_8,137.1
Окраины,кирпич,Улица_60,75.1
Окраины,кирпич,Улица_19,86.1
Исторический центр,панель,Улица_49,142.7
Центр,кирпич,Улица_21,156.1
Окраины,кирпич,Улица_12,78.6
Окраины,кирпич,Улица_11,69.2
Центр,кирпич,Улица_9,153.8
Центр,кирпич,Улица_64,155.1
Окраины,кирпич,Улица_29,106.3
Окраины,кирпич,Улица_7,82.0
Центр,кирпич,Улица_20,98.4
Окраины,панель,Улица_21,79.6
Исторический центр,кирпич,Улица_17,154.8
Исторический центр,кирпич,Улица_47,184.9
Центр,кирпич,Улица_43,144.6
Центр,монолит,Улица_8,166.7
Центр,монолит,Улица_53,128.5
Исторический центр,монолит,Улица_25,189.2
Окраины,монолит,Улица_25,82.2
Исторический центр,панель,Улица_33,175.7
Окраины,монолит,Улица_7,110.5
Исторический центр,панель,Улица_9,159.4
Окраины,кирпич,Улица_47,78.5
Исторический центр,кирпич,Улица_54,171.3
Центр,кирпич,Улица_53,140.3
Исторический центр,дерево,Улица_39,139.7
Окраины,панель,Улица_14,78.2
Исторический центр,монолит,Улица_17,135.7
Исторический центр,кирпич,Улица_22,195.2
Исторический центр,панель,Улица_61,143.8
Центр,кирпич,Улица_45,144.7
Исторический центр,кирпич,Улица_38,214.8
Центр,монолит,Улица_14,102.0
Центр,панель,Улица_52,125.8
Исторический центр,кирпич,Улица_63,220.4
Исторический центр,монолит,Улица_62,162.3
Исторический центр,кирпич,Улица_15,171.5
Окраины,дерево,Улица_12,49.9
Исторический центр,кирпич,Улица_46,197.0
Центр,кирпич,Улица_8,169.3
Исторический центр,кирпич,Улица_62,186.1
Окраины,кирпич,Улица_33,78.6
Исторический центр,кирпич,Улица_28,190.9
Окраины,панель,Улица_36,40.0
Окраины,монолит,Улица_42,40.0
Исторический центр,монолит,Улица_63,172.3
Центр,кирпич,Улица_23,101.0
Окраины,панель,Улица_33,71.9
Исторический центр,кирпич,Улица_47,151.0
Исторический центр,кирпич,Улица_11,183.9
Центр,монолит,Улица_22,142.7
Окраины,панель,Улица_12,40.0
Окраины,кирпич,Улица_44,63.2
Исторический центр,кирпич,Улица_64,225.6
Исторический центр,дерево,Улица_46,171.5
Центр,кирпич,Улица_57,147.3
Центр,панель,Улица_4,60.9
Окраины,панель,Улица_4,40.0
Окраины,кирпич,Улица_59,108.7
Исторический центр,кирпич,Улица_20,205.4
Окраины,панель,Улица_23,40.0
Центр,монолит,Улица_17,149.8
Центр,панель,Улица_20,71.4
Исторический центр,панель,Улица_53,165.8
Центр,дерево,Улица_9,97.8
Центр,монолит,Улица_23,104.8
Центр,панель,Улица_59,90.7
Центр,панель,Улица_56,76.5
Исторический центр,панель,Улица_22,166.1
Исторический центр,монолит,Улица_21,198.6
Окраины,панель,Улица_33,40.0
Центр,панель,Улица_27,82.6
Окраины,кирпич,Улица_38,98.3
Исторический центр,панель,Улица_41,132.6
Исторический центр,кирпич,Улица_22,194.7
Исторический центр,кирпич,Улица_1,156.6
Исторический центр,кирпич,Улица_23,166.3
Исторический центр,панель,Улица_16,183.9
Исторический центр,панель,Улица_64,152.6
Исторический центр,кирпич,Улица_59,200.2
Центр,панель,Улица_49,82.5
Окраины,панель,Улица_11,64.9
Исторический центр,кирпич,Улица_46,180.4
Центр,монолит,Улица_64,136.2
Центр,монолит,Улица_26,137.9
Окраины,монолит,Улица_47,93.8
Исторический центр,панель,Улица_61,152.3
Окраины,панель,Улица_43,44.5
Исторический центр,кирпич,Улица_18,191.3
Центр,кирпич,Улица_58,151.5
Центр,кирпич,Улица_7,126.8
Центр,дерево,Улица_54,65.0
Центр,кирпич,Улица_46,160.1
Окраины,кирпич,Улица_1,102.7
Исторический центр,монолит,Улица_38,214.9
Исторический центр,дерево,Улица_44,116.8
Окраины,монолит,Улица_31,86.8
Исторический центр,кирпич,Улица_64,182.0
Центр,кирпич,Улица_37,154.7
Исторический центр,панель,Улица_10,165.9
Центр,кирпич,Улица_9,148.4
Окраины,кирпич,Улица_58,70.6
Исторический центр,панель,Улица_54,169.5
Окраины,дерево,Улица_19,72.4
Исторический центр,кирпич,Улица_16,188.0
Центр,монолит,Улица_4,84.9
Окраины,монолит,Улица_59,103.3
Исторический центр,кирпич,Улица_22,188.4
Центр,монолит,Улица_45,172.6
Окраины,кирпич,Улица_51,68.5
Окраины,кирпич,Улица_9,95.6
Исторический центр,монолит,Улица_45,200.2
Исторический центр,кирпич,Улица_27,232.4
Исторический центр,дерево,Улица_42,92.6
Центр,кирпич,Улица_25,150.7
Исторический центр,панель,Улица_54,128.4
Окраины,панель,Улица_47,48.3
Окраины,кирпич,Улица_28,72.4
Исторический центр,кирпич,Улица_26,207.2
Исторический центр,панель,Улица_17,132.7
Окраины,монолит,Улица_59,63.2
Центр,монолит,Улица_20,135.0
Исторический центр,панель,Улица_23,157.0
Исторический центр,монолит,Улица_2,190.1
Окраины,монолит,Улица_61,77.0
Исторический центр,монолит,Улица_1,182.4
Центр,панель,Улица_41,104.4
Окраины,панель,Улица_33,44.4
Исторический центр,монолит,Улица_41,168.7
Окраины,панель,Улица_19,51.7
Исторический центр,монолит,Улица_44,185.4
Исторический центр,панель,Улица_41,124.3
Исторический центр,кирпич,Улица_46,181.8
Центр,кирпич,Улица_4,118.2
Центр,панель,Улица_48,60.1
Окраины,панель,Улица_36,53.8
Исторический центр,монолит,Улица_33,167.7
Исторический центр,кирпич,Улица_17,168.2
Центр,монолит,Улица_18,116.2
Исторический центр,монолит,Улица_39,207.4
Центр,кирпич,Улица_16,125.6
Исторический центр,монолит,Улица_59,168.4
Окраины,дерево,Улица_41,40.0
Исторический центр,монолит,Улица_64,199.0
Исторический центр,монолит,Улица_52,216.9
Центр,дерево,Улица_6,81.9
Исторический центр,панель,Улица_4,108.7
Исторический центр,кирпич,Улица_23,137.3
Центр,монолит,Улица_27,129.2
Окраины,панель,Улица_61,63.1
Окраины,панель,Улица_16,89.9
Центр,кирпич,Улица_19,112.4
Центр,монолит,Улица_2,139.4
Центр,кирпич,Улица_36,120.2
Центр,дерево,Улица_14,93.5
Центр,кирпич,Улица_50,163.8
Окраины,кирпич,Улица_47,102.0
Окраины,панель,Улица_7,92.3
Центр,кирпич,Улица_12,127.0
Исторический центр,монолит,Улица_47,173.5
Центр,дерево,Улица_2,88.8
Исторический центр,монолит,Улица_64,179.0
Центр,кирпич,Улица_30,134.1
Центр,кирпич,Улица_25,156.0
Окраины,монолит,Улица_55,40.0
Исторический центр,дерево,Улица_33,142.4
Исторический центр,панель,Улица_8,165.5
Окраины,панель,Улица_61,64.6
Окраины,кирпич,Улица_12,46.1
Окраины,монолит,Улица_40,77.1
Окраины,панель,Улица_0,49.5
Исторический центр,кирпич,Улица_46,182.9
Исторический центр,кирпич,Улица_3,190.5
Центр,монолит,Улица_62,120.3
Центр,кирпич,Улица_51,171.5
Окраины,кирпич,Улица_9,74.2
Окраины,панель,Улица_27,61.7
Окраины,кирпич,Улица_5,70.4
Центр,кирпич,Улица_26,171.0
Центр,монолит,Улица_11,89.4
Центр,монолит,Улица_61,119.3
Центр,монолит,Улица_51,117.3
Центр,монолит,Улица_47,100.7
Центр,панель,Улица_45,120.3
Центр,монолит,Улица_14,153.7
Окраины,панель,Улица_35,45.7
Окраины,монолит,Улица_13,40.0
Окраины,дерево,Улица_2,40.0
Окраины,кирпич,Улица_18,69.9
Центр,панель,Улица_53,91.5
Исторический центр,панель,Улица_9,162.3
Центр,кирпич,Улица_32,182.4
Исторический центр,кирпич,Улица_12,176.2
Окраины,монолит,Улица_50,51.9
Центр,дерево,Улица_31,72.1
Окраины,панель,Улица_23,48.5
Центр,кирпич,Улица_34,139.5
Окраины,кирпич,Улица_39,111.4
Исторический центр,монолит,Улица_53,167.7
Исторический центр,панель,Улица_43,130.4
Исторический центр,кирпич,Улица_61,172.6
Центр,панель,Улица_32,134.6
Исторический центр,кирпич,Улица_55,175.6
Центр,панель,Улица_35,99.7
Исторический центр,монолит,Улица_53,171.3
Исторический центр,панель,Улица_18,176.1
Центр,монолит,Улица_42,107.4
Центр,панель,Улица_11,98.5
Исторический центр,монолит,Улица_10,177.5
Центр,монолит,Улица_11,138.2
Исторический центр,кирпич,Улица_40,167.3
Центр,панель,Улица_24,99.9
Окраины,кирпич,Улица_2,89.2
Окраины,монолит,Улица_2,47.1
Окраины,панель,Улица_27,73.2
Окраины,дерево,Улица_22,40.0
Окраины,кирпич,Улица_47,104.6
Исторический центр,монолит,Улица_41,138.9
Окраины,монолит,Улица_39,51.9
Окраины,монолит,Улица_5,40.0
Окраины,кирпич,Улица_19,90.1
Окраины,панель,Улица_10,40.0
Центр,монолит,Улица_26,139.7
Исторический центр,кирпич,Улица_20,205.1
Окраины,кирпич,Улица_12,73.7
Окраины,панель,Улица_34,51.7
Окраины,панель,Улица_46,40.0
Исторический центр,кирпич,Улица_27,194.9
Центр,кирпич,Улица_20,145.9
Исторический центр,кирпич,Улица_17,167.8
Центр,монолит,Улица_30,110.3
Окраины,монолит,Улица_59,74.3
Окраины,монолит,Улица_36,50.3
Исторический центр,дерево,Улица_20,125.0
Исторический центр,панель,Улица_13,144.2
Центр,кирпич,Улица_59,132.8
Центр,кирпич,Улица_22,131.1
Исторический центр,кирпич,Улица_28,221.0
Центр,дерево,Улица_46,131.1
Исторический центр,панель,Улица_29,130.5
Центр,кирпич,Улица_37,103.7
Исторический центр,панель,Улица_26,175.7
Исторический центр,панель,Улица_14,126.7
Исторический центр,монолит,Улица_58,159.8
Центр,кирпич,Улица_2,161.5
Центр,дерево,Улица_9,79.4
Центр,панель,Улица_16,90.2
Исторический центр,кирпич,Улица_10,188.7
Центр,монолит,Улица_47,98.6
Центр,кирпич,Улица_4,123.1
Исторический центр,дерево,Улица_63,140.6
Окраины,дерево,Улица_13,75.5
Исторический центр,монолит,Улица_49,162.6
Центр,монолит,Улица_25,126.1
Исторический центр,кирпич,Улица_6,185.6
Окраины,дерево,Улица_15,40.7
Исторический центр,панель,Улица_54,170.9
Центр,монолит,Улица_55,122.3
Окраины,дерево,Улица_3,56.2
Центр,дерево,Улица_47,126.2
Окраины,монолит,Улица_16,78.4
Окраины,кирпич,Улица_35,102.1
Исторический центр,дерево,Улица_37,162.9
Исторический центр,панель,Улица_61,147.1
Центр,дерево,Улица_47,86.3
Исторический центр,монолит,Улица_9,180.6
Исторический центр,кирпич,Улица_35,180.0
Окраины,панель,Улица_28,44.1
Исторический центр,панель,Улица_3,131.5
Окраины,монолит,Улица_43,49.6
Окраины,кирпич,Улица_55,57.5
Окраины,панель,Улица_41,73.5
Центр,кирпич,Улица_12,98.3
Центр,монолит,Улица_45,133.5
Центр,панель,Улица_32,127.4
Окраины,кирпич,Улица_20,93.9
Центр,кирпич,Улица_56,114.4
Центр,кирпич,Улица_47,149.5
Исторический центр,панель,Улица_32,159.8
Центр,кирпич,Улица_35,124.6
Центр,кирпич,Улица_32,112.6
Окраины,дерево,Улица_30,40.0
Окраины,монолит,Улица_20,109.0
Окраины,панель,Улица_26,77.5
Окраины,дерево,Улица_61,40.0
Окраины,кирпич,Улица_25,89.4
Окраины,панель,Улица_11,57.1
Центр,панель,Улица_21,93.1
Окраины,панель,Улица_16,56.2
Окраины,панель,Улица_6,40.0
Исторический центр,панель,Улица_36,141.1
Центр,панель,Улица_37,87.1
Центр,монолит,Улица_10,119.6
Центр,кирпич,Улица_0,145.2
Окраины,кирпич,Улица_24,40.0
Окраины,кирпич,Улица_41,73.3
Окраины,кирпич,Улица_51,86.1
Исторический центр,панель,Улица_23,121.6
Окраины,кирпич,Улица_52,68.6
Исторический центр,монолит,Улица_55,159.7
Центр,кирпич,Улица_62,157.8
Окраины,кирпич,Улица_7,92.4
Исторический центр,монолит,Улица_58,196.4
Исторический центр,кирпич,Улица_44,184.6
Окраины,панель,Улица_26,135.8
Центр,монолит,Улица_51,137.6
Центр,кирпич,Улица_17,122.2
Центр,кирпич,Улица_15,135.1
Исторический центр,панель,Улица_4,125.6
Исторический центр,кирпич,Улица_2,208.7
Исторический центр,кирпич,Улица_6,160.1
Исторический центр,кирпич,Улица_49,161.6
Центр,кирпич,Улица_13,136.5
Окраины,панель,Улица_37,44.8
Исторический центр,монолит,Улица_46,198.7
Исторический центр,панель,Улица_32,144.9
Центр,кирпич,Улица_42,118.0
Окраины,кирпич,Улица_28,98.0
Окраины,монолит,Улица_56,73.3
Центр,панель,Улица_4,78.1
Центр,монолит,Улица_59,120.3
Окраины,панель,Улица_1,90.2
Исторический центр,панель,Улица_42,116.9
Окраины,панель,Улица_3,57.0
Центр,кирпич,Улица_55,136.4
Исторический центр,панель,Улица_58,176.6
Исторический центр,панель,Улица_8,210.8
Центр,кирпич,Улица_2,163.3
Центр,кирпич,Улица_47,93.9
Центр,монолит,Улица_42,119.0
Окраины,дерево,Улица_0,47.4
Окраины,панель,Улица_56,43.4
Исторический центр,кирпич,Улица_52,205.4
Центр,кирпич,Улица_15,146.6
Исторический центр,монолит,Улица_50,140.1
Исторический центр,кирпич,Улица_54,164.2
Исторический центр,дерево,Улица_0,111.1
Исторический центр,кирпич,Улица_27,196.2
Центр,панель,Улица_52,141.6
Исторический центр,панель,Улица_57,167.2
Центр,монолит,Улица_59,137.6
Центр,панель,Улица_58,135.1
Окраины,панель,Улица_21,64.1
Центр,дерево,Улица_7,99.4
Окраины,кирпич,Улица_48,68.8
Центр,монолит,Улица_41,124.9
Центр,кирпич,Улица_26,147.0
Центр,монолит,Улица_38,133.1
Окраины,панель,Улица_24,40.0
Окраины,кирпич,Улица_37,82.6
Исторический центр,монолит,Улица_23,163.1
Окраины,кирпич,Улица_23,43.2
Окраины,кирпич,Улица_59,110.3
Окраины,панель,Улица_49,40.0
Окраины,панель,Улица_13,65.2
Исторический центр,панель,Улица_52,183.5
Окраины,кирпич,Улица_31,76.7
Центр,кирпич,Улица_47,127.4
Центр,кирпич,Улица_38,173.5
Окраины,кирпич,Улица_39,102.0
Окраины,панель,Улица_41,64.9
Центр,монолит,Улица_7,126.4
Центр,дерево,Улица_25,101.1
Исторический центр,монолит,Улица_11,147.6
Центр,кирпич,Улица_42,136.9
Центр,панель,Улица_50,109.2
Окраины,кирпич,Улица_62,73.9
Центр,кирпич,Улица_48,102.6
Исторический центр,панель,Улица_26,166.6
Центр,кирпич,Улица_8,142.4
Окраины,кирпич,Улица_38,102.0
Окраины,дерево,Улица_64,40.0
Центр,панель,Улица_6,105.9
Окраины,панель,Улица_9,52.0
Исторический центр,кирпич,Улица_52,230.5
Исторический центр,кирпич,Улица_56,184.3
Центр,монолит,Улица_26,175.1
Центр,кирпич,Улица_53,142.5
Центр,панель,Улица_3,77.5
Окраины,кирпич,Улица_22,92.2
Исторический центр,панель,Улица_47,167.5
Исторический центр,кирпич,Улица_41,148.0
Окраины,монолит,Улица_2,91.9
Исторический центр,монолит,Улица_2,197.1
Центр,монолит,Улица_27,133.5
Центр,кирпич,Улица_62,110.3
Центр,монолит,Улица_30,132.0
Исторический центр,панель,Улица_9,160.0
Центр,панель,Улица_48,79.0
Окраины,панель,Улица_20,49.7
Окраины,кирпич,Улица_52,98.8
Исторический центр,кирпич,Улица_53,194.5
Окраины,монолит,Улица_56,61.2
Окраины,кирпич,Улица_19,82.4
Исторический центр,панель,Улица_48,122.6
Центр,панель,Улица_6,89.2
Центр,монолит,Улица_28,133.1
Центр,дерево,Улица_47,79.2
Исторический центр,монолит,Улица_12,175.0
Окраины,кирпич,Улица_2,90.3
Центр,кирпич,Улица_1,174.8
Центр,панель,Улица_15,94.8
Исторический центр,кирпич,Улица_5,163.5
Центр,кирпич,Улица_44,125.8
Исторический центр,панель,Улица_4,91.9
Окраины,панель,Улица_55,40.0
Исторический центр,дерево,Улица_31,149.9
Исторический центр,кирпич,Улица_48,183.9
Исторический центр,кирпич,Улица_12,165.0
Исторический центр,кирпич,Улица_29,163.2
Окраины,дерево,Улица_24,40.0
Окраины,монолит,Улица_59,63.8
Центр,монолит,Улица_58,136.7
Окраины,дерево,Улица_27,54.0
Окраины,панель,Улица_57,69.0
Центр,панель,Улица_19,112.2
Окраины,кирпич,Улица_33,138.1
Исторический центр,панель,Улица_4,115.5
Исторический центр,панель,Улица_59,150.1
Центр,панель,Улица_42,90.4
Центр,дерево,Улица_56,74.4
Центр,дерево,Улица_56,53.9
Исторический центр,монолит,Улица_53,175.8
Окраины,монолит,Улица_44,63.3
Исторический центр,монолит,Улица_36,204.1
Центр,кирпич,Улица_47,143.6
Окраины,кирпич,Улица_53,102.9
Окраины,монолит,Улица_47,64.9
Исторический центр,монолит,Улица_5,169.8
Центр,кирпич,Улица_33,124.2
Исторический центр,дерево,Улица_62,90.5
Окраины,кирпич,Улица_47,46.3
Исторический центр,кирпич,Улица_22,178.7
Исторический центр,монолит,Улица_12,145.3
Центр,кирпич,Улица_46,115.1
Центр,кирпич,Улица_43,137.0
Окраины,кирпич,Улица_31,92.7
Исторический центр,монолит,Улица_25,183.9
Исторический центр,панель,Улица_52,186.0
Исторический центр,монолит,Улица_13,181.7
Окраины,панель,Улица_51,60.4
Окраины,кирпич,Улица_35,80.3
Центр,дерево,Улица_7,76.5
Центр,кирпич,Улица_39,125.6
Центр,дерево,Улица_21,92.6
Исторический центр,панель,Улица_15,166.7
Исторический центр,дерево,Улица_59,133.9
Центр,кирпич,Улица_59,160.5
Исторический центр,панель,Улица_9,157.3
Центр,кирпич,Улица_24,85.8
Окраины,кирпич,Улица_30,54.6
Центр,панель,Улица_20,119.4
Окраины,кирпич,Улица_32,94.4
Исторический центр,панель,Улица_30,147.2
Центр,кирпич,Улица_20,151.8
Исторический центр,кирпич,Улица_35,158.3
Окраины,монолит,Улица_64,102.9
Окраины,панель,Улица_3,40.0
Окраины,панель,Улица_3,57.0
Исторический центр,панель,Улица_8,138.6
Исторический центр,монолит,Улица_29,156.9
Исторический центр,кирпич,Улица_44,185.3
Исторический центр,монолит,Улица_3,208.3
Окраины,дерево,Улица_22,55.0
Окраины,монолит,Улица_15,60.8
Центр,панель,Улица_21,100.1
Центр,панель,Улица_47,93.4
Исторический центр,монолит,Улица_61,174.7
Окраины,панель,Улица_59,40.0
Окраины,кирпич,Улица_4,40.0
Окраины,кирпич,Улица_6,75.7
Центр,монолит,Улица_50,124.6
Центр,кирпич,Улица_64,173.2
Окраины,монолит,Улица_8,73.0
Окраины,панель,Улица_44,75.3
Окраины,панель,Улица_46,60.2
Центр,кирпич,Улица_23,121.8
Окраины,кирпич,Улица_9,115.2
Окраины,дерево,Улица_47,40.0
Исторический центр,монолит,Улица_34,180.0
Исторический центр,монолит,Улица_53,176.1
Центр,панель,Улица_15,104.4
Окраины,монолит,Улица_52,65.9
Окраины,панель,Улица_39,84.1
Исторический центр,панель,Улица_19,149.7
Центр,кирпич,Улица_44,145.9
Исторический центр,панель,Улица_5,125.7
Исторический центр,монолит,Улица_48,199.6
Исторический центр,дерево,Улица_38,149.5
Исторический центр,кирпич,Улица_1,192.8
Окраины,монолит,Улица_38,119.5
Окраины,панель,Улица_20,40.0
Исторический центр,панель,Улица_39,173.4
Центр,кирпич,Улица_53,134.4
Центр,панель,Улица_11,78.8
Центр,панель,Улица_36,91.5
Центр,кирпич,Улица_37,136.8
Исторический центр,монолит,Улица_14,196.8
Окраины,монолит,Улица_6,49.6
Центр,панель,Улица_49,52.9
Исторический центр,дерево,Улица_64,154.4
Центр,кирпич,Улица_43,126.2
Центр,кирпич,Улица_30,138.1
Исторический центр,монолит,Улица_42,164.3
Окраины,кирпич,Улица_47,116.4
Окраины,кирпич,Улица_60,92.3
Исторический центр,кирпич,Улица_9,195.2
Окраины,кирпич,Улица_28,95.2
Исторический центр,монолит,Улица_47,178.6
Исторический центр,кирпич,Улица_61,185.3
Исторический центр,панель,Улица_12,151.9
Окраины,кирпич,Улица_43,116.6
Исторический центр,монолит,Улица_46,190.7
Центр,кирпич,Улица_63,160.1
Окраины,монолит,Улица_52,77.7
Окраины,панель,Улица_43,46.6
Окраины,кирпич,Улица_27,130.5
Окраины,панель,Улица_1,63.2
Центр,кирпич,Улица_56,140.6
Окраины,панель,Улица_56,50.8
Окраины,кирпич,Улица_33,99.5
Исторический центр,дерево,Улица_57,141.9
Окраины,кирпич,Улица_51,81.7
Центр,монолит,Улица_28,151.8
Центр,кирпич,Улица_34,105.7
Центр,кирпич,Улица_47,118.1
Центр,панель,Улица_32,84.3
Окраины,дерево,Улица_8,46.2
Окраины,кирпич,Улица_47,82.4
Центр,кирпич,Улица_35,124.3
Центр,кирпич,Улица_43,145.6
Окраины,кирпич,Улица_59,121.0
Центр,кирпич,Улица_62,142.4
Исторический центр,панель,Улица_4,125.6
Центр,кирпич,Улица_39,156.7
Центр,кирпич,Улица_18,128.9
Исторический центр,монолит,Улица_46,218.5
Исторический центр,панель,Улица_64,170.2
Окраины,кирпич,Улица_17,78.6
Окраины,кирпич,Улица_49,40.0
Исторический центр,панель,Улица_29,142.3
Исторический центр,кирпич,Улица_4,182.1
Окраины,панель,Улица_41,40.0
Центр,кирпич,Улица_4,95.5
Исторический центр,панель,Улица_49,133.3
Окраины,кирпич,Улица_57,90.3
Центр,панель,Улица_7,96.2
Исторический центр,монолит,Улица_30,152.4
Центр,панель,Улица_11,87.1
Окраины,кирпич,Улица_20,80.2
Исторический центр,кирпич,Улица_61,156.6
Центр,кирпич,Улица_32,164.6
Исторический центр,кирпич,Улица_25,215.2
Центр,кирпич,Улица_39,168.3
Окраины,монолит,Улица_64,58.4
Окраины,панель,Улица_58,60.5
Исторический центр,панель,Улица_14,156.3
Центр,панель,Улица_0,117.4
Исторический центр,панель,Улица_10,162.8
Исторический центр,кирпич,Улица_54,150.4
Центр,монолит,Улица_1,153.9
Центр,кирпич,Улица_64,155.2
Центр,монолит,Улица_43,111.9
Окраины,монолит,Улица_15,86.6
Исторический центр,монолит,Улица_21,193.4
Исторический центр,панель,Улица_17,119.9
Окраины,кирпич,Улица_46,97.1
Центр,панель,Улица_29,102.9
Окраины,панель,Улица_9,40.0
Окраины,панель,Улица_57,62.7
Окраины,монолит,Улица_61,77.9
Исторический центр,кирпич,Улица_5,177.2
Окраины,кирпич,Улица_40,95.9
Исторический центр,кирпич,Улица_42,200.6
Исторический центр,кирпич,Улица_17,167.0
Исторический центр,панель,Улица_57,133.6
Центр,монолит,Улица_59,139.2
Исторический центр,монолит,Улица_26,158.9
Исторический центр,монолит,Улица_21,166.5
Центр,монолит,Улица_23,133.4
Исторический центр,монолит,Улица_39,216.6
Окраины,кирпич,Улица_39,93.2
Окраины,монолит,Улица_5,40.0
Исторический центр,кирпич,Улица_17,190.2
Центр,кирпич,Улица_29,154.7
Окраины,панель,Улица_20,60.4
Центр,кирпич,Улица_61,104.2
Центр,кирпич,Улица_9,155.9
Окраины,кирпич,Улица_12,59.1
Центр,кирпич,Улица_8,142.4
Окраины,дерево,Улица_38,44.2
Центр,кирпич,Улица_23,138.4
Окраины,кирпич,Улица_33,87.7
Исторический центр,панель,Улица_60,172.5
Окраины,панель,Улица_40,40.0
Окраины,дерево,Улица_4,40.0
Окраины,кирпич,Улица_49,40.0
Окраины,панель,Улица_3,40.0
Центр,монолит,Улица_50,103.8
Исторический центр,дерево,Улица_51,125.8
Окраины,панель,Улица_38,66.4
Центр,монолит,Улица_7,144.0
Исторический центр,кирпич,Улица_44,199.7
Исторический центр,панель,Улица_27,167.3
Исторический центр,панель,Улица_26,176.7
Исторический центр,монолит,Улица_64,220.2
Окраины,кирпич,Улица_33,123.0
Окраины,кирпич,Улица_61,65.0
Центр,кирпич,Улица_61,115.5
Центр,кирпич,Улица_37,109.5
Центр,кирпич,Улица_25,138.4
Исторический центр,дерево,Улица_23,138.3
Исторический центр,панель,Улица_38,137.7
Окраины,панель,Улица_20,53.2
Исторический центр,монолит,Улица_46,194.1
Исторический центр,панель,Улица_47,169.4
Исторический центр,кирпич,Улица_12,159.4
Центр,кирпич,Улица_2,165.2
Центр,кирпич,Улица_31,135.0
Окраины,панель,Улица_34,41.1
Исторический центр,панель,Улица_18,104.5
Исторический центр,кирпич,Улица_13,191.0
Окраины,панель,Улица_47,40.0
Исторический центр,дерево,Улица_44,138.2
Исторический центр,монолит,Улица_18,174.0
Центр,монолит,Улица_63,162.5
Окраины,монолит,Улица_44,98.0
Окраины,кирпич,Улица_2,99.3
Окраины,монолит,Улица_37,83.2
Окраины,кирпич,Улица_41,55.5
Центр,монолит,Улица_39,149.9
Центр,панель,Улица_49,95.3
Исторический центр,кирпич,Улица_34,179.2
Исторический центр,монолит,Улица_23,166.3
Исторический центр,дерево,Улица_16,156.8
Исторический центр,кирпич,Улица_39,212.8
Центр,монолит,Улица_43,106.6
Окраины,кирпич,Улица_22,64.2
Центр,панель,Улица_5,69.5
Исторический центр,панель,Улица_20,184.5
Центр,панель,Улица_34,103.6
Окраины,дерево,Улица_28,40.0
Окраины,монолит,Улица_6,40.0
Центр,монолит,Улица_52,153.2
Центр,кирпич,Улица_36,139.5
Центр,дерево,Улица_22,118.9
Исторический центр,кирпич,Улица_7,192.5
Центр,монолит,Улица_47,153.4
Центр,кирпич,Улица_9,108.4
Центр,кирпич,Улица_23,141.9
Окраины,монолит,Улица_46,73.5
Окраины,кирпич,Улица_52,91.0
Исторический центр,кирпич,Улица_38,242.5
Исторический центр,кирпич,Улица_5,178.7
Окраины,кирпич,Улица_20,79.4
Окраины,кирпич,Улица_35,101.3
Окраины,кирпич,Улица_2,100.3
Центр,панель,Улица_41,90.6
Центр,кирпич,Улица_44,141.0
Окраины,монолит,Улица_43,70.1
Центр,кирпич,Улица_32,159.9
Центр,дерево,Улица_59,100.1
Исторический центр,монолит,Улица_25,216.3
Окраины,кирпич,Улица_20,74.1
Окраины,монолит,Улица_1,76.7
Центр,монолит,Улица_46,140.2
Окраины,дерево,Улица_29,40.0
Исторический центр,панель,Улица_26,174.5
Исторический центр,кирпич,Улица_19,176.1
Исторический центр,панель,Улица_49,148.6
Окраины,панель,Улица_22,58.1
Окраины,панель,Улица_12,40.0
Окраины,кирпич,Улица_3,80.6
Окраины,монолит,Улица_13,56.9
Окраины,дерево,Улица_19,40.0
Исторический центр,кирпич,Улица_12,148.9
Центр,кирпич,Улица_2,159.0
Исторический центр,кирпич,Улица_46,192.9
Окраины,монолит,Улица_2,83.8
Исторический центр,монолит,Улица_0,153.1
Окраины,панель,Улица_23,58.3
Окраины,панель,Улица_34,53.0
Исторический центр,панель,Улица_13,116.7
Окраины,кирпич,Улица_12,71.6
Центр,панель,Улица_46,112.4
Окраины,монолит,Улица_49,40.0
Центр,дерево,Улица_25,76.4
Центр,дерево,Улица_2,94.4
Окраины,дерево,Улица_50,40.0
Исторический центр,панель,Улица_39,166.0
Центр,панель,Улица_35,136.9
Исторический центр,монолит,Улица_50,149.9
Центр,дерево,Улица_0,102.5
Окраины,кирпич,Улица_32,62.5
Окраины,кирпич,Улица_6,57.7
Центр,кирпич,Улица_51,163.9
Окраины,панель,Улица_10,49.4
Центр,кирпич,Улица_26,129.2
Окраины,кирпич,Улица_13,86.0
Исторический центр,кирпич,Улица_45,217.5
Окраины,кирпич,Улица_9,57.3
Исторический центр,монолит,Улица_23,170.1
Окраины,кирпич,Улица_60,88.8
Исторический центр,монолит,Улица_17,177.6
Окраины,панель,Улица_8,84.2
Исторический центр,монолит,Улица_16,175.2
Центр,кирпич,Улица_57,118.4
Центр,дерево,Улица_12,86.0
Исторический центр,панель,Улица_49,156.5
Окраины,дерево,Улица_5,40.0
Исторический центр,дерево,Улица_50,113.9
Окраины,кирпич,Улица_35,79.9
Центр,кирпич,Улица_24,114.1
Окраины,кирпич,Улица_10,88.4
Центр,панель,Улица_43,85.9
Окраины,кирпич,Улица_13,80.5
Окраины,кирпич,Улица_28,88.3
Окраины,панель,Улица_49,40.0
Исторический центр,кирпич,Улица_4,193.1
Исторический центр,кирпич,Улица_56,149.9
Центр,панель,Улица_25,122.0
Центр,кирпич,Улица_5,130.2
Исторический центр,панель,Улица_15,169.9
Центр,панель,Улица_59,81.8
Исторический центр,панель,Улица_11,150.0
Окраины,монолит,Улица_2,106.0
Центр,панель,Улица_62,76.3
Центр,панель,Улица_63,102.6
Исторический центр,панель,Улица_61,153.3
Центр,монолит,Улица_5,80.1
Центр,монолит,Улица_18,116.4
Окраины,монолит,Улица_17,73.0
Центр,монолит,Улица_42,100.9
Окраины,кирпич,Улица_2,107.6
Исторический центр,кирпич,Улица_37,172.7
Центр,кирпич,Улица_43,150.5
Окраины,дерево,Улица_62,40.0
Исторический центр,монолит,Улица_41,149.6
Центр,монолит,Улица_63,131.9
Исторический центр,кирпич,Улица_53,182.0
Центр,монолит,Улица_36,108.1
Исторический центр,кирпич,Улица_3,190.0
Исторический центр,кирпич,Улица_1,196.9
Окраины,панель,Улица_43,41.4
Исторический центр,панель,Улица_61,135.0
Центр,панель,Улица_0,141.5
Центр,монолит,Улица_16,115.1
Окраины,кирпич,Улица_15,93.8
Центр,панель,Улица_8,136.2
Центр,панель,Улица_52,129.7
Центр,кирпич,Улица_58,159.1
Исторический центр,монолит,Улица_8,177.1
Исторический центр,монолит,Улица_11,155.8
Центр,монолит,Улица_40,150.6
Окраины,монолит,Улица_14,79.5
Исторический центр,монолит,Улица_10,179.8
Окраины,кирпич,Улица_7,74.6
Центр,монолит,Улица_54,128.6
Центр,кирпич,Улица_5,133.7
Исторический центр,кирпич,Улица_52,215.5
Центр,кирпич,Улица_19,115.3
Исторический центр,монолит,Улица_38,196.1
Центр,монолит,Улица_33,142.8
Центр,кирпич,Улица_56,144.3
Исторический центр,монолит,Улица_18,205.5
Исторический центр,дерево,Улица_30,111.7
Исторический центр,кирпич,Улица_39,188.8
Центр,кирпич,Улица_13,112.2
Центр,монолит,Улица_36,138.6
Окраины,кирпич,Улица_43,79.1
Исторический центр,панель,Улица_8,149.1
Центр,кирпич,Улица_57,124.0
Центр,панель,Улица_19,101.4
Исторический центр,монолит,Улица_49,191.6
Окраины,монолит,Улица_19,75.4
Исторический центр,монолит,Улица_35,157.8
Окраины,монолит,Улица_26,97.2
Центр,монолит,Улица_31,88.7
Окраины,монолит,Улица_0,84.7
Центр,кирпич,Улица_16,120.9
Исторический центр,панель,Улица_8,151.5
Исторический центр,кирпич,Улица_44,195.9
Исторический центр,монолит,Улица_31,215.6
Окраины,кирпич,Улица_44,78.8
Центр,панель,Улица_8,118.1
Исторический центр,кирпич,Улица_29,163.4
Исторический центр,монолит,Улица_37,170.4
Центр,монолит,Улица_59,127.4
Исторический центр,панель,Улица_0,168.3
Центр,монолит,Улица_4,80.3
Центр,кирпич,Улица_62,141.4
Центр,панель,Улица_35,81.3
Центр,монолит,Улица_64,154.0
Центр,кирпич,Улица_23,134.0
Окраины,дерево,Улица_3,40.2
Исторический центр,кирпич,Улица_24,182.0
Окраины,кирпич,Улица_6,87.3
Исторический центр,дерево,Улица_12,150.8
Окраины,кирпич,Улица_42,82.5
Центр,дерево,Улица_56,90.9
Исторический центр,дерево,Улица_35,132.0
Исторический центр,кирпич,Улица_13,191.6
Окраины,панель,Улица_26,67.2
Окраины,кирпич,Улица_36,83.8
Исторический центр,панель,Улица_24,130.8
Окраины,кирпич,Улица_3,115.6
Окраины,кирпич,Улица_15,84.4
Окраины,панель,Улица_18,41.5
Центр,панель,Улица_28,125.7
Центр,дерево,Улица_50,85.6
Окраины,монолит,Улица_17,64.4
Окраины,монолит,Улица_57,58.7
Центр,панель,Улица_43,110.3
Центр,монолит,Улица_15,128.6
Исторический центр,кирпич,Улица_64,191.1
Исторический центр,монолит,Улица_1,185.6
Центр,дерево,Улица_55,86.1
Окраины,кирпич,Улица_27,113.0
Окраины,монолит,Улица_64,99.8
Окраины,монолит,Улица_4,40.0
Окраины,дерево,Улица_21,40.0
Исторический центр,монолит,Улица_12,141.1
Центр,кирпич,Улица_64,171.7
Окраины,кирпич,Улица_15,130.4
Исторический центр,кирпич,Улица_63,157.1
Окраины,монолит,Улица_31,61.1
Центр,кирпич,Улица_50,116.9
Исторический центр,монолит,Улица_57,167.7
Центр,кирпич,Улица_45,136.0
Центр,кирпич,Улица_51,130.6
Исторический центр,панель,Улица_62,160.9
Исторический центр,монолит,Улица_59,163.0
Исторический центр,кирпич,Улица_64,203.2
Исторический центр,панель,Улица_54,164.6
Исторический центр,панель,Улица_56,138.5
Исторический центр,кирпич,Улица_25,189.8
Исторический центр,кирпич,Улица_11,146.1
Окраины,монолит,Улица_45,94.1
Центр,панель,Улица_46,93.0
Исторический центр,кирпич,Улица_37,176.1
Окраины,монолит,Улица_20,106.9
Окраины,дерево,Улица_13,40.4
Окраины,панель,Улица_1,48.2
Центр,панель,Улица_32,98.8
Исторический центр,монолит,Улица_5,127.5
Окраины,дерево,Улица_36,72.4
Центр,монолит,Улица_13,117.1
Центр,панель,Улица_36,125.0
Центр,панель,Улица_7,102.0
Окраины,монолит,Улица_12,56.2
Исторический центр,кирпич,Улица_39,188.7
Окраины,панель,Улица_57,103.1
Окраины,монолит,Улица_17,56.9
Исторический центр,монолит,Улица_56,165.3
Исторический центр,панель,Улица_37,179.1
Исторический центр,монолит,Улица_31,156.1
Центр,кирпич,Улица_24,143.2
Исторический центр,панель,Улица_57,130.7
Окраины,монолит,Улица_32,80.7
Исторический центр,кирпич,Улица_29,181.1
Окраины,кирпич,Улица_33,87.7
Центр,дерево,Улица_47,97.0
Окраины,кирпич,Улица_39,84.7
Окраины,кирпич,Улица_50,68.3
Исторический центр,дерево,Улица_12,118.0
Исторический центр,монолит,Улица_30,166.5
Окраины,монолит,Улица_38,102.5
Исторический центр,монолит,Улица_62,155.7
Центр,кирпич,Улица_47,141.7
Центр,монолит,Улица_47,113.6
Исторический центр,панель,Улица_60,156.8
Центр,монолит,Улица_11,79.3
Исторический центр,панель,Улица_55,131.0
Окраины,панель,Улица_17,40.0
Окраины,панель,Улица_26,92.3
Центр,панель,Улица_27,143.9
Исторический центр,монолит,Улица_51,158.9
Исторический центр,панель,Улица_15,129.2
Центр,панель,Улица_57,145.9
Окраины,панель,Улица_8,62.6
Центр,панель,Улица_25,101.2
Окраины,монолит,Улица_27,141.4
Исторический центр,монолит,Улица_35,173.5
Окраины,монолит,Улица_8,94.5
Центр,дерево,Улица_46,116.9
Исторический центр,монолит,Улица_50,169.1
Центр,панель,Улица_56,102.2
Центр,монолит,Улица_31,103.1
Окраины,дерево,Улица_56,40.0
Центр,панель,Улица_53,107.9
Окраины,монолит,Улица_15,70.2
Исторический центр,монолит,Улица_61,180.9
Окраины,панель,Улица_55,40.0
Исторический центр,кирпич,Улица_22,201.1
Окраины,панель,Улица_16,40.0
Центр,дерево,Улица_37,97.9
Окраины,монолит,Улица_29,57.7
Окраины,панель,Улица_57,40.0
Исторический центр,дерево,Улица_21,139.4
Центр,панель,Улица_16,77.3
Окраины,панель,Улица_14,79.4
Центр,монолит,Улица_47,104.2
Окраины,монолит,Улица_31,84.9
Окраины,кирпич,Улица_39,126.3
Центр,панель,Улица_56,111.7
Окраины,панель,Улица_57,76.5
Центр,панель,Улица_15,114.2
Окраины,панель,Улица_27,40.0
Исторический центр,панель,Улица_0,162.6
Центр,кирпич,Улица_40,186.0
Окраины,панель,Улица_47,67.2
Окраины,кирпич,Улица_30,65.2
Исторический центр,панель,Улица_35,158.8
Центр,монолит,Улица_32,160.2
Окраины,монолит,Улица_32,79.5
Исторический центр,панель,Улица_22,162.0
Окраины,кирпич,Улица_59,90.1
Центр,кирпич,Улица_29,126.0
Окраины,панель,Улица_44,40.0
Окраины,кирпич,Улица_38,95.5
Окраины,панель,Улица_44,82.8
Окраины,кирпич,Улица_11,68.1
Исторический центр,монолит,Улица_31,207.9
Исторический центр,панель,Улица_55,122.4
Центр,кирпич,Улица_23,115.6
Исторический центр,монолит,Улица_12,192.5
Исторический центр,кирпич,Улица_19,189.9
Центр,кирпич,Улица_55,106.6
Исторический центр,панель,Улица_52,166.2
Исторический центр,панель,Улица_53,166.0
Центр,монолит,Улица_33,136.4
Центр,кирпич,Улица_27,174.7
Центр,панель,Улица_49,79.9
Окраины,кирпич,Улица_1,94.3
Окраины,кирпич,Улица_25,54.2
Центр,монолит,Улица_50,116.5
Центр,монолит,Улица_46,122.9
Центр,кирпич,Улица_25,161.8
Окраины,панель,Улица_60,47.1
Окраины,кирпич,Улица_22,104.9
Исторический центр,монолит,Улица_36,164.2
Исторический центр,кирпич,Улица_40,221.9
Центр,кирпич,Улица_51,131.8
Окраины,панель,Улица_48,46.9
Окраины,панель,Улица_26,65.1
Окраины,панель,Улица_5,77.1
Центр,кирпич,Улица_23,140.6
Исторический центр,кирпич,Улица_37,174.2
Центр,панель,Улица_27,103.8
Исторический центр,кирпич,Улица_27,179.2
Исторический центр,монолит,Улица_60,120.3
Центр,кирпич,Улица_45,142.0
Исторический центр,панель,Улица_42,90.7
Исторический центр,монолит,Улица_58,185.8
Окраины,кирпич,Улица_1,78.9
Исторический центр,панель,Улица_14,168.1
Центр,монолит,Улица_36,109.1
Центр,кирпич,Улица_19,134.4
Исторический центр,дерево,Улица_34,127.4
Окраины,панель,Улица_33,66.1
Окраины,кирпич,Улица_30,72.0
Исторический центр,панель,Улица_18,127.5
Исторический центр,кирпич,Улица_23,174.2
Центр,монолит,Улица_38,126.2
Исторический центр,монолит,Улица_53,173.8
Окраины,монолит,Улица_38,102.7
Исторический центр,дерево,Улица_16,125.0
Центр,монолит,Улица_18,136.7
Центр,панель,Улица_47,89.6
Центр,кирпич,Улица_34,133.0
Центр,панель,Улица_31,76.6
Центр,кирпич,Улица_46,149.8
Исторический центр,монолит,Улица_46,159.9
Исторический центр,панель,Улица_63,160.1
Исторический центр,кирпич,Улица_45,189.2
Исторический центр,кирпич,Улица_34,181.5
Центр,панель,Улица_16,89.9
Окраины,панель,Улица_41,40.0
Исторический центр,панель,Улица_28,169.8
Окраины,панель,Улица_16,51.0
Исторический центр,панель,Улица_13,139.7
Исторический центр,монолит,Улица_23,170.1
Окраины,кирпич,Улица_56,43.0
Центр,кирпич,Улица_49,105.9
Исторический центр,панель,Улица_56,158.5
Исторический центр,панель,Улица_60,130.1
Исторический центр,кирпич,Улица_38,190.1
Окраины,панель,Улица_54,40.4
Центр,кирпич,Улица_35,97.5
Окраины,панель,Улица_36,40.0
Окраины,панель,Улица_13,40.0
Центр,панель,Улица_26,106.7
Окраины,монолит,Улица_30,80.5
Центр,кирпич,Улица_43,119.3
Исторический центр,дерево,Улица_47,121.0
Центр,панель,Улица_56,102.2
Исторический центр,панель,Улица_21,187.6
Окраины,монолит,Улица_3,92.4
Окраины,монолит,Улица_45,120.6
Исторический центр,панель,Улица_58,165.4
Окраины,панель,Улица_33,50.7
Центр,кирпич,Улица_10,132.2
Исторический центр,кирпич,Улица_30,175.2
Окраины,панель,Улица_10,67.8
Исторический центр,кирпич,Улица_55,177.8
Центр,панель,Улица_37,105.1
Центр,кирпич,Улица_20,131.3
Окраины,монолит,Улица_9,81.5
Центр,монолит,Улица_25,112.0
Исторический центр,дерево,Улица_7,150.3
Центр,панель,Улица_7,122.8
Исторический центр,монолит,Улица_59,172.1
Исторический центр,монолит,Улица_33,152.7
Центр,панель,Улица_15,73.8
Окраины,кирпич,Улица_12,83.0
Центр,дерево,Улица_21,92.3
Исторический центр,панель,Улица_26,175.7
Исторический центр,панель,Улица_63,145.4
Центр,кирпич,Улица_1,131.8
Окраины,кирпич,Улица_25,76.1
Окраины,монолит,Улица_29,63.2
Исторический центр,панель,Улица_7,164.1
Исторический центр,кирпич,Улица_37,178.9
Окраины,кирпич,Улица_60,93.4
Центр,панель,Улица_64,140.4
Исторический центр,панель,Улица_45,187.5
Исторический центр,кирпич,Улица_42,158.7
Окраины,монолит,Улица_58,69.8
Центр,кирпич,Улица_45,154.5
Окраины,панель,Улица_34,40.2
Центр,монолит,Улица_38,141.7
Центр,кирпич,Улица_50,134.3
Центр,монолит,Улица_3,166.0
Исторический центр,монолит,Улица_50,148.5
Окраины,монолит,Улица_4,40.0
Окраины,кирпич,Улица_54,102.7
Центр,кирпич,Улица_19,140.9
Исторический центр,кирпич,Улица_23,163.4
Исторический центр,панель,Улица_35,120.9
Окраины,монолит,Улица_33,81.3
Исторический центр,монолит,Улица_53,187.6
Исторический центр,монолит,Улица_33,160.3
Центр,дерево,Улица_16,120.0
Исторический центр,монолит,Улица_4,108.5
Центр,кирпич,Улица_17,118.4
Окраины,кирпич,Улица_54,65.7
Исторический центр,монолит,Улица_52,204.4
Окраины,кирпич,Улица_49,100.0
Окраины,кирпич,Улица_44,54.8
Исторический центр,панель,Улица_12,137.7
Исторический центр,монолит,Улица_15,143.9
Окраины,кирпич,Улица_12,83.0
Исторический центр,монолит,Улица_19,171.7
Центр,монолит,Улица_46,133.5
Центр,панель,Улица_18,85.9
Исторический центр,кирпич,Улица_44,189.7
Окраины,кирпич,Улица_36,103.8
Исторический центр,монолит,Улица_53,192.9
Исторический центр,монолит,Улица_5,157.0
Окраины,монолит,Улица_13,62.8
Окраины,панель,Улица_3,45.8
Центр,кирпич,Улица_54,125.3
Окраины,кирпич,Улица_33,105.5
Центр,монолит,Улица_26,129.2
Окраины,кирпич,Улица_6,80.6
Исторический центр,кирпич,Улица_2,201.8
Центр,панель,Улица_46,120.1
Центр,кирпич,Улица_1,161.6
Центр,кирпич,Улица_24,117.1
Исторический центр,панель,Улица_59,166.1
Исторический центр,кирпич,Улица_23,173.2
Исторический центр,кирпич,Улица_14,175.3
Исторический центр,монолит,Улица_13,169.1
Исторический центр,монолит,Улица_53,166.2
Центр,кирпич,Улица_5,124.0
Исторический центр,монолит,Улица_17,144.6
Центр,панель,Улица_19,141.6
Исторический центр,панель,Улица_61,113.7
Окраины,монолит,Улица_39,66.2
Центр,монолит,Улица_38,93.5
Окраины,монолит,Улица_51,49.4
Центр,кирпич,Улица_31,121.7
Окраины,кирпич,Улица_26,131.0
Исторический центр,монолит,Улица_51,221.4
Исторический центр,панель,Улица_62,123.1
Исторический центр,кирпич,Улица_62,186.1
Центр,монолит,Улица_16,132.7
Окраины,монолит,Улица_48,91.1
Исторический центр,монолит,Улица_22,198.7
Окраины,кирпич,Улица_12,60.8
Окраины,монолит,Улица_22,68.6
Исторический центр,кирпич,Улица_56,135.4
Исторический центр,кирпич,Улица_61,202.0
Окраины,панель,Улица_53,40.0
Исторический центр,кирпич,Улица_19,192.4
Исторический центр,кирпич,Улица_51,212.0
Исторический центр,монолит,Улица_22,162.7
Центр,кирпич,Улица_34,169.7
Окраины,кирпич,Улица_33,80.9
Окраины,кирпич,Улица_32,88.6
Центр,панель,Улица_45,120.5
Окраины,панель,Улица_44,40.0
Исторический центр,монолит,Улица_18,158.5
Окраины,монолит,Улица_14,103.9
Исторический центр,панель,Улица_38,152.1
Центр,монолит,Улица_17,129.0
Исторический центр,кирпич,Улица_58,206.0
Окраины,кирпич,Улица_31,88.5
Окраины,монолит,Улица_20,109.5
Окраины,панель,Улица_39,56.5
Центр,дерево,Улица_26,134.3
Центр,панель,Улица_1,125.7
Окраины,монолит,Улица_38,80.7
Исторический центр,панель,Улица_55,122.3
Центр,панель,Улица_12,96.8
Окраины,панель,Улица_55,45.9
Окраины,монолит,Улица_55,48.4
Центр,панель,Улица_27,126.5
Центр,дерево,Улица_63,85.9
Центр,кирпич,Улица_63,131.6
Исторический центр,кирпич,Улица_55,168.5
Исторический центр,панель,Улица_40,129.2
Окраины,панель,Улица_40,67.5
Центр,монолит,Улица_3,123.1
Исторический центр,кирпич,Улица_56,174.3
Центр,монолит,Улица_29,151.1
Окраины,панель,Улица_45,58.7
Исторический центр,панель,Улица_55,118.8
Исторический центр,монолит,Улица_30,166.3
Исторический центр,кирпич,Улица_6,192.6
Окраины,панель,Улица_53,74.7
Центр,дерево,Улица_7,96.1
Исторический центр,монолит,Улица_54,176.4
Окраины,панель,Улица_43,40.0
Центр,панель,Улица_12,89.6
Окраины,кирпич,Улица_19,98.6
Центр,панель,Улица_31,81.6
Окраины,монолит,Улица_59,107.6
Центр,монолит,Улица_49,120.1
Исторический центр,кирпич,Улица_26,226.0
Центр,кирпич,Улица_24,114.9
Окраины,кирпич,Улица_51,104.3
Окраины,кирпич,Улица_20,95.1
Центр,кирпич,Улица_17,153.2
Исторический центр,панель,Улица_38,177.4
Исторический центр,кирпич,Улица_14,194.4
Центр,кирпич,Улица_52,136.2
Центр,панель,Улица_37,92.0
Окраины,кирпич,Улица_47,77.1
Исторический центр,кирпич,Улица_51,161.3
Центр,кирпич,Улица_27,150.1
Исторический центр,кирпич,Улица_15,207.4
Центр,панель,Улица_15,87.7
Центр,кирпич,Улица_34,126.8
Исторический центр,монолит,Улица_16,180.4
Центр,дерево,Улица_51,104.0
Центр,монолит,Улица_11,125.9
Окраины,панель,Улица_47,42.3
Центр,монолит,Улица_21,126.3
Центр,монолит,Улица_48,118.1
Центр,кирпич,Улица_51,141.6
Окраины,панель,Улица_0,64.6
Исторический центр,монолит,Улица_63,170.5
Окраины,кирпич,Улица_7,96.2
Окраины,кирпич,Улица_24,82.4
Исторический центр,монолит,Улица_50,165.7
Окраины,монолит,Улица_52,64.6
Исторический центр,кирпич,Улица_14,198.1
Окраины,панель,Улица_49,54.1
Исторический центр,кирпич,Улица_37,194.7
Центр,монолит,Улица_39,142.6
Окраины,кирпич,Улица_38,87.3
Окраины,кирпич,Улица_16,93.0
Окраины,монолит,Улица_6,98.9
Окраины,панель,Улица_38,68.5
Центр,монолит,Улица_34,116.2
Окраины,панель,Улица_50,55.0
Центр,кирпич,Улица_46,165.4
Центр,панель,Улица_35,87.4
Центр,кирпич,Улица_63,145.1
Центр,панель,Улица_12,69.0
Исторический центр,кирпич,Улица_17,170.2
Исторический центр,монолит,Улица_20,207.4
Окраины,дерево,Улица_64,71.0
Исторический центр,дерево,Улица_7,108.5
Исторический центр,панель,Улица_47,180.4
Окраины,кирпич,Улица_42,96.8
Окраины,панель,Улица_52,40.0
Окраины,монолит,Улица_26,110.0
Исторический центр,кирпич,Улица_18,180.7
Исторический центр,дерево,Улица_22,138.5
Окраины,кирпич,Улица_49,69.1
Центр,дерево,Улица_50,78.3
Окраины,монолит,Улица_42,94.1
Центр,монолит,Улица_50,132.8
Центр,кирпич,Улица_40,178.1
Окраины,кирпич,Улица_10,77.2
Окраины,панель,Улица_51,40.0
Окраины,кирпич,Улица_22,75.3
Исторический центр,кирпич,Улица_48,187.8
Центр,панель,Улица_37,82.7
Исторический центр,панель,Улица_46,165.8
Исторический центр,панель,Улица_6,151.1
Окраины,панель,Улица_61,49.9
Исторический центр,кирпич,Улица_28,212.8
Окраины,дерево,Улица_37,40.0
Центр,кирпич,Улица_32,140.9
Окраины,панель,Улица_28,40.0
Исторический центр,панель,Улица_22,155.5
Исторический центр,монолит,Улица_2,180.3
Окраины,кирпич,Улица_44,83.9
Окраины,панель,Улица_7,77.7
Исторический центр,панель,Улица_28,183.2
Центр,кирпич,Улица_1,136.7
Центр,панель,Улица_49,101.3
Окраины,дерево,Улица_64,50.1
Центр,дерево,Улица_19,120.6
Исторический центр,кирпич,Улица_51,185.6
Окраины,кирпич,Улица_36,100.7
Исторический центр,кирпич,Улица_26,219.9
Исторический центр,панель,Улица_46,162.9
Центр,кирпич,Улица_5,96.3
Окраины,кирпич,Улица_59,85.4
Окраины,дерево,Улица_44,51.2
Центр,дерево,Улица_43,81.5
Исторический центр,кирпич,Улица_17,142.9
Исторический центр,кирпич,Улица_64,202.6
Исторический центр,панель,Улица_24,153.3
Исторический центр,кирпич,Улица_26,152.0
Окраины,панель,Улица_6,52.5
Окраины,панель,Улица_43,40.0
Центр,монолит,Улица_28,124.9
Центр,монолит,Улица_43,148.6
Окраины,панель,Улица_35,40.0
Окраины,монолит,Улица_18,65.5
Исторический центр,кирпич,Улица_5,158.9
Исторический центр,панель,Улица_24,131.2
Центр,панель,Улица_30,88.8
Окраины,кирпич,Улица_8,79.5
Центр,кирпич,Улица_36,125.6
Окраины,кирпич,Улица_26,82.6
Исторический центр,дерево,Улица_12,95.2
Центр,кирпич,Улица_40,138.0
Центр,кирпич,Улица_23,92.9
Окраины,панель,Улица_43,45.2
Исторический центр,монолит,Улица_59,183.0
Центр,кирпич,Улица_8,131.8
Исторический центр,дерево,Улица_1,150.0
Центр,монолит,Улица_55,138.8
Исторический центр,панель,Улица_29,142.4
Окраины,монолит,Улица_21,59.0
Центр,кирпич,Улица_12,99.7
Центр,кирпич,Улица_15,158.7
Исторический центр,монолит,Улица_44,170.6
Исторический центр,кирпич,Улица_64,148.9
Центр,кирпич,Улица_10,142.5
Окраины,панель,Улица_19,60.7
Исторический центр,кирпич,Улица_62,207.6
Исторический центр,дерево,Улица_11,111.7
Исторический центр,кирпич,Улица_61,147.2
Центр,монолит,Улица_41,111.8
Центр,панель,Улица_57,104.8
Центр,монолит,Улица_4,113.4
Центр,кирпич,Улица_26,149.9
Окраины,панель,Улица_27,64.6
Окраины,монолит,Улица_25,53.1
Центр,панель,Улица_48,93.8
Окраины,панель,Улица_20,65.4
Исторический центр,панель,Улица_0,159.5
Исторический центр,монолит,Улица_57,195.5
Исторический центр,панель,Улица_54,165.4
Центр,дерево,Улица_25,84.0
Исторический центр,кирпич,Улица_24,165.5
Окраины,панель,Улица_32,56.6
Центр,монолит,Улица_5,109.4
Окраины,монолит,Улица_22,64.5
Исторический центр,монолит,Улица_29,192.3
Исторический центр,дерево,Улица_53,152.6
Исторический центр,панель,Улица_10,162.5
Центр,кирпич,Улица_30,130.4
Окраины,кирпич,Улица_5,59.9
Центр,монолит,Улица_10,142.5
Центр,монолит,Улица_11,101.3
Исторический центр,кирпич,Улица_52,194.9
Центр,кирпич,Улица_35,104.7
Центр,кирпич,Улица_16,128.3
Исторический центр,монолит,Улица_27,188.5
Центр,кирпич,Улица_21,155.0
Исторический центр,панель,Улица_6,140.1
Исторический центр,панель,Улица_14,195.4
Исторический центр,монолит,Улица_10,150.7
Исторический центр,монолит,Улица_23,147.0
Центр,панель,Улица_29,88.5
Исторический центр,кирпич,Улица_60,192.9
Исторический центр,панель,Улица_40,127.5
Центр,монолит,Улица_50,138.3
Центр,дерево,Улица_43,97.0
Окраины,кирпич,Улица_12,48.6
Центр,кирпич,Улица_11,111.8
Центр,кирпич,Улица_8,128.5
Окраины,панель,Улица_47,62.4
Центр,монолит,Улица_48,115.7
Центр,кирпич,Улица_52,152.2
Центр,панель,Улица_55,102.6
Центр,кирпич,Улица_39,134.0
Окраины,кирпич,Улица_23,69.8
Центр,панель,Улица_32,78.8
Центр,кирпич,Улица_22,143.5
Окраины,панель,Улица_53,40.0
Исторический центр,монолит,Улица_52,193.1
Окраины,панель,Улица_48,40.0
Исторический центр,кирпич,Улица_48,180.6
Окраины,дерево,Улица_59,40.0
Окраины,панель,Улица_64,87.6
Центр,монолит,Улица_31,99.7
Исторический центр,кирпич,Улица_20,185.9
Центр,кирпич,Улица_17,113.7
Исторический центр,кирпич,Улица_59,188.1
Окраины,кирпич,Улица_12,87.6
Окраины,панель,Улица_23,40.2
Исторический центр,дерево,Улица_29,117.4
Центр,панель,Улица_1,105.4
Центр,кирпич,Улица_24,119.6
Центр,панель,Улица_49,93.1
Центр,кирпич,Улица_13,154.0
Окраины,панель,Улица_5,40.0
Окраины,панель,Улица_29,40.0
Окраины,монолит,Улица_29,40.0
Окраины,дерево,Улица_37,54.3
Окраины,кирпич,Улица_57,114.3
Центр,панель,Улица_40,97.4
Центр,дерево,Улица_56,102.7
Центр,монолит,Улица_35,113.0
Центр,панель,Улица_63,120.7
Окраины,дерево,Улица_15,40.0
Окраины,кирпич,Улица_13,53.8
Окраины,дерево,Улица_30,40.0
Исторический центр,кирпич,Улица_64,224.0
Центр,панель,Улица_54,97.0
Центр,монолит,Улица_39,178.2
Окраины,кирпич,Улица_24,59.9
Центр,панель,Улица_24,58.8
Центр,кирпич,Улица_2,168.6
Окраины,дерево,Улица_25,47.4
Исторический центр,монолит,Улица_39,205.2
Исторический центр,монолит,Улица_37,148.2
Исторический центр,панель,Улица_37,131.9
Окраины,монолит,Улица_6,47.9
Центр,панель,Улица_29,70.8
Окраины,панель,Улица_18,87.5
Окраины,монолит,Улица_34,72.3
Центр,панель,Улица_32,110.4
Исторический центр,кирпич,Улица_32,182.2
Исторический центр,кирпич,Улица_37,187.3
Окраины,кирпич,Улица_9,92.9
Исторический центр,монолит,Улица_56,140.8
Окраины,панель,Улица_27,100.1
Окраины,монолит,Улица_37,71.9
Центр,панель,Улица_15,114.0
Центр,кирпич,Улица_20,106.1
Центр,кирпич,Улица_5,115.7
Окраины,монолит,Улица_40,69.9
Центр,панель,Улица_14,106.2
Исторический центр,дерево,Улица_2,153.4
Исторический центр,монолит,Улица_42,158.2
Окраины,панель,Улица_46,68.4
Окраины,панель,Улица_13,40.0
Центр,дерево,Улица_28,88.6
Окраины,монолит,Улица_3,84.0
Окраины,кирпич,Улица_25,91.4
Исторический центр,панель,Улица_11,154.9
Исторический центр,монолит,Улица_1,187.8
Центр,монолит,Улица_16,154.9
Окраины,кирпич,Улица_34,78.5
Окраины,монолит,Улица_9,108.1
Исторический центр,дерево,Улица_42,92.1
Окраины,кирпич,Улица_20,100.6
Исторический центр,монолит,Улица_14,152.9
Центр,кирпич,Улица_34,128.8
Исторический центр,кирпич,Улица_59,172.8
Окраины,кирпич,Улица_43,68.0
Центр,кирпич,Улица_4,127.9
Исторический центр,монолит,Улица_17,154.5
Исторический центр,кирпич,Улица_20,177.1
Центр,кирпич,Улица_50,136.9
Центр,кирпич,Улица_40,130.2
Исторический центр,кирпич,Улица_23,151.4
Окраины,кирпич,Улица_23,71.6
Исторический центр,монолит,Улица_37,132.3
Центр,кирпич,Улица_43,115.0
Исторический центр,монолит,Улица_56,180.4
Центр,монолит,Улица_58,152.9
Центр,кирпич,Улица_33,150.4
Окраины,монолит,Улица_22,106.4
Центр,кирпич,Улица_42,106.6
Центр,кирпич,Улица_39,163.9
Окраины,кирпич,Улица_46,82.8
Центр,кирпич,Улица_40,127.6
Окраины,панель,Улица_46,64.1
Окраины,монолит,Улица_19,78.9
Центр,кирпич,Улица_64,180.9
Центр,монолит,Улица_23,113.0
Исторический центр,кирпич,Улица_35,206.3
Окраины,монолит,Улица_44,81.4
Исторический центр,кирпич,Улица_1,206.9
Центр,кирпич,Улица_27,160.4
Исторический центр,кирпич,Улица_25,185.8
Окраины,кирпич,Улица_22,98.0
Исторический центр,панель,Улица_35,130.5
Окраины,монолит,Улица_5,77.0
Центр,кирпич,Улица_34,135.6
Центр,монолит,Улица_37,102.3
Окраины,монолит,Улица_34,80.4
Центр,монолит,Улица_52,139.2
Центр,кирпич,Улица_37,139.2
Центр,панель,Улица_58,148.3
Центр,дерево,Улица_42,68.5
Окраины,монолит,Улица_3,86.0
Исторический центр,панель,Улица_4,158.9
Исторический центр,кирпич,Улица_44,182.1
Центр,кирпич,Улица_24,131.8
Исторический центр,панель,Улица_10,168.3
Исторический центр,монолит,Улица_28,202.3
Центр,кирпич,Улица_33,121.5
Центр,панель,Улица_13,105.7
Исторический центр,панель,Улица_23,114.5
Окраины,панель,Улица_58,80.2
Центр,монолит,Улица_38,118.2
Окраины,монолит,Улица_25,95.1
Исторический центр,кирпич,Улица_42,181.1
Центр,монолит,Улица_35,162.4
Окраины,кирпич,Улица_38,82.6
Центр,кирпич,Улица_60,131.0
Исторический центр,кирпич,Улица_15,194.8
Окраины,кирпич,Улица_58,99.7
Исторический центр,кирпич,Улица_5,128.8
Исторический центр,кирпич,Улица_55,151.5
Центр,монолит,Улица_7,134.8
Окраины,кирпич,Улица_26,104.7
Исторический центр,монолит,Улица_26,143.4
Исторический центр,кирпич,Улица_45,207.3
Окраины,дерево,Улица_40,40.0
Исторический центр,монолит,Улица_24,152.3
Исторический центр,кирпич,Улица_17,174.5
Окраины,монолит,Улица_11,48.0
Окраины,панель,Улица_50,40.0
Окраины,монолит,Улица_38,68.3
Окраины,панель,Улица_9,59.3
Центр,панель,Улица_53,75.4
Окраины,монолит,Улица_28,87.8
Центр,панель,Улица_40,126.7
Центр,кирпич,Улица_8,155.6
Центр,монолит,Улица_62,138.7
Исторический центр,панель,Улица_36,150.2
Центр,панель,Улица_13,127.6
Центр,кирпич,Улица_38,142.1
Исторический центр,панель,Улица_39,154.1
Исторический центр,дерево,Улица_53,146.4
Исторический центр,кирпич,Улица_2,184.7
Окраины,панель,Улица_54,40.0
Исторический центр,монолит,Улица_32,163.3
Исторический центр,монолит,Улица_18,168.5
Центр,панель,Улица_33,120.0
Исторический центр,кирпич,Улица_49,161.1
Окраины,дерево,Улица_46,58.6
Исторический центр,монолит,Улица_45,175.9
Окраины,кирпич,Улица_55,74.7
Исторический центр,кирпич,Улица_56,203.7
Исторический центр,панель,Улица_50,144.0
Исторический центр,кирпич,Улица_53,198.2
Исторический центр,кирпич,Улица_27,228.6
Окраины,монолит,Улица_18,64.4
Окраины,кирпич,Улица_26,117.9
Центр,монолит,Улица_47,127.4
Окраины,кирпич,Улица_18,106.9
Исторический центр,монолит,Улица_50,168.4
Центр,монолит,Улица_6,119.9
Центр,кирпич,Улица_28,154.9
Центр,панель,Улица_42,93.9
Исторический центр,кирпич,Улица_57,212.8
Окраины,монолит,Улица_7,68.1
Исторический центр,монолит,Улица_41,130.5
Центр,панель,Улица_41,110.3
Исторический центр,панель,Улица_12,111.0
Исторический центр,кирпич,Улица_25,183.4
Окраины,монолит,Улица_17,84.9
Окраины,панель,Улица_41,49.3
Центр,кирпич,Улица_50,130.4
Исторический центр,панель,Улица_15,181.0
Исторический центр,кирпич,Улица_2,201.8
Окраины,монолит,Улица_44,79.7
Исторический центр,кирпич,Улица_21,196.1
Исторический центр,панель,Улица_22,132.7
Исторический центр,кирпич,Улица_58,175.3
Окраины,кирпич,Улица_61,51.0
Центр,панель,Улица_53,131.5
Центр,дерево,Улица_56,60.7
Исторический центр,монолит,Улица_22,171.1
Центр,кирпич,Улица_59,124.0
Окраины,кирпич,Улица_54,46.4
Окраины,монолит,Улица_62,85.5
Центр,панель,Улица_55,71.4
Центр,кирпич,Улица_54,145.2
Исторический центр,монолит,Улица_24,157.2
Центр,монолит,Улица_25,133.9
Исторический центр,дерево,Улица_48,112.8
Исторический центр,дерево,Улица_62,125.1
Окраины,монолит,Улица_44,72.3
Окраины,кирпич,Улица_38,106.1
Окраины,кирпич,Улица_64,113.8
Окраины,панель,Улица_55,53.8
Центр,панель,Улица_8,114.2
Окраины,панель,Улица_27,70.2
Центр,панель,Улица_44,102.4
Окраины,панель,Улица_25,51.0
Центр,панель,Улица_27,111.2
Исторический центр,кирпич,Улица_39,209.1
Центр,кирпич,Улица_14,151.1
Центр,панель,Улица_5,108.6
Окраины,монолит,Улица_26,90.8
Центр,кирпич,Улица_37,98.2
Исторический центр,панель,Улица_63,129.0
Исторический центр,монолит,Улица_29,157.9
Окраины,панель,Улица_2,63.0
Исторический центр,кирпич,Улица_61,163.0
Центр,панель,Улица_11,85.6
Исторический центр,кирпич,Улица_29,175.9
Окраины,дерево,Улица_37,40.0
Центр,кирпич,Улица_59,139.9
Окраины,монолит,Улица_37,90.9
Центр,кирпич,Улица_14,125.6
Исторический центр,панель,Улица_17,166.0
Окраины,панель,Улица_51,40.0
Окраины,кирпич,Улица_28,87.6
Центр,панель,Улица_59,100.7
Окраины,кирпич,Улица_20,71.2
Центр,кирпич,Улица_16,130.1
Центр,панель,Улица_17,62.9
Центр,кирпич,Улица_56,167.5
Центр,монолит,Улица_36,133.3
Исторический центр,панель,Улица_59,173.1
Центр,панель,Улица_37,100.8
Окраины,кирпич,Улица_11,100.3
Исторический центр,панель,Улица_0,167.1
Окраины,монолит,Улица_57,75.0
Исторический центр,кирпич,Улица_2,200.4
Центр,монолит,Улица_62,112.5
Исторический центр,кирпич,Улица_20,187.2
Исторический центр,монолит,Улица_22,180.3
Окраины,кирпич,Улица_8,117.7
Окраины,монолит,Улица_54,40.0
Центр,панель,Улица_18,103.4
Исторический центр,кирпич,Улица_61,138.2
Исторический центр,кирпич,Улица_38,221.8
Исторический центр,панель,Улица_26,162.1
Центр,дерево,Улица_45,91.9
Центр,кирпич,Улица_33,163.0
Центр,кирпич,Улица_32,139.4
Центр,панель,Улица_49,59.2
Центр,панель,Улица_19,105.8
Окраины,панель,Улица_39,59.1
Исторический центр,монолит,Улица_57,188.3
Исторический центр,кирпич,Улица_30,160.6
Исторический центр,дерево,Улица_37,133.2
Исторический центр,панель,Улица_44,158.3
Исторический центр,кирпич,Улица_40,180.1
Исторический центр,монолит,Улица_8,235.2
Исторический центр,панель,Улица_8,175.0
Исторический центр,кирпич,Улица_62,159.6
Окраины,панель,Улица_21,51.2
Исторический центр,кирпич,Улица_15,160.9
Окраины,панель,Улица_31,81.3
Центр,монолит,Улица_13,126.4
Исторический центр,кирпич,Улица_37,178.2
Центр,панель,Улица_7,101.5
Центр,монолит,Улица_20,111.2
Центр,дерево,Улица_55,99.1
Окраины,панель,Улица_45,71.8
Центр,панель,Улица_42,68.9
Центр,панель,Улица_45,131.6
Центр,дерево,Улица_47,69.3
Исторический центр,монолит,Улица_30,122.7
Исторический центр,кирпич,Улица_32,192.0
Окраины,панель,Улица_43,40.0
Окраины,панель,Улица_7,40.0
Исторический центр,монолит,Улица_1,182.3
Окраины,панель,Улица_16,46.8
Исторический центр,монолит,Улица_51,186.6
Центр,дерево,Улица_44,83.2
Центр,кирпич,Улица_36,119.3
Окраины,кирпич,Улица_41,50.8
Исторический центр,панель,Улица_43,162.8
Исторический центр,кирпич,Улица_37,200.2
Окраины,кирпич,Улица_5,58.2
Исторический центр,кирпич,Улица_50,180.8
Центр,монолит,Улица_34,114.3
Окраины,монолит,Улица_57,119.5
Окраины,панель,Улица_56,40.0
Исторический центр,панель,Улица_5,150.5
Окраины,кирпич,Улица_12,58.4
Исторический центр,монолит,Улица_58,173.6
Исторический центр,монолит,Улица_29,157.4
Исторический центр,панель,Улица_1,137.5
Исторический центр,кирпич,Улица_57,194.3
Исторический центр,кирпич,Улица_35,170.5
Окраины,кирпич,Улица_44,105.1
Центр,панель,Улица_8,87.0
Центр,монолит,Улица_64,154.9
Окраины,монолит,Улица_49,40.0
Окраины,панель,Улица_31,40.7
Центр,монолит,Улица_42,99.8
Центр,дерево,Улица_53,118.6
Центр,кирпич,Улица_46,142.4
Центр,панель,Улица_13,92.7
Центр,дерево,Улица_47,101.3
Исторический центр,кирпич,Улица_54,168.3
Окраины,дерево,Улица_28,69.3
Исторический центр,дерево,Улица_46,141.6
Центр,монолит,Улица_62,159.6
Центр,монолит,Улица_18,105.7
Центр,монолит,Улица_8,166.7
Исторический центр,монолит,Улица_36,144.3
Исторический центр,кирпич,Улица_51,188.4
Центр,кирпич,Улица_56,112.7
Исторический центр,кирпич,Улица_27,237.4
Исторический центр,монолит,Улица_35,181.9
Центр,кирпич,Улица_63,158.2
Исторический центр,кирпич,Улица_17,154.5
Окраины,кирпич,Улица_34,93.2
Окраины,монолит,Улица_38,74.8
Окраины,дерево,Улица_7,55.1
Окраины,дерево,Улица_14,40.0
Центр,панель,Улица_6,70.4
Центр,монолит,Улица_16,125.4
Центр,монолит,Улица_63,156.0
Окраины,панель,Улица_11,48.2
Окраины,панель,Улица_55,61.7
Исторический центр,кирпич,Улица_45,200.3
Исторический центр,дерево,Улица_46,136.1
Окраины,панель,Улица_15,40.0
Окраины,панель,Улица_1,74.3
Окраины,монолит,Улица_53,59.0
Окраины,кирпич,Улица_26,77.7
Исторический центр,кирпич,Улица_30,151.4
Окраины,панель,Улица_40,40.0
Исторический центр,кирпич,Улица_35,198.1
Окраины,монолит,Улица_46,106.9
Окраины,панель,Улица_42,40.0
Окраины,панель,Улица_64,84.1
Исторический центр,панель,Улица_49,99.3
Исторический центр,панель,Улица_0,155.0
Центр,панель,Улица_56,83.1
Окраины,монолит,Улица_15,59.2
Центр,монолит,Улица_27,143.5
Центр,монолит,Улица_21,160.3
Исторический центр,монолит,Улица_40,165.3
Исторический центр,кирпич,Улица_18,167.2
Центр,панель,Улица_49,105.9
Окраины,дерево,Улица_58,73.4
Исторический центр,панель,Улица_33,155.0
Окраины,кирпич,Улица_38,82.3
Окраины,панель,Улица_6,44.1
Центр,кирпич,Улица_51,151.5
Центр,кирпич,Улица_59,152.9
Центр,дерево,Улица_51,79.4
Центр,панель,Улица_23,95.7
Исторический центр,кирпич,Улица_25,172.2
Исторический центр,дерево,Улица_9,126.1
Центр,дерево,Улица_16,61.8
Исторический центр,панель,Улица_1,168.7
Центр,кирпич,Улица_26,162.6
Окраины,монолит,Улица_47,56.5
Окраины,монолит,Улица_8,89.1
Окраины,монолит,Улица_22,91.4
Центр,монолит,Улица_26,137.8
Окраины,монолит,Улица_42,52.1
Исторический центр,кирпич,Улица_6,171.5
Окраины,монолит,Улица_62,90.5
Окраины,кирпич,Улица_43,72.8
Окраины,монолит,Улица_38,77.2
Исторический центр,панель,Улица_39,167.0
Центр,кирпич,Улица_6,158.2
Исторический центр,панель,Улица_24,114.0
Центр,кирпич,Улица_58,129.9
Центр,кирпич,Улица_12,141.1
Окраины,панель,Улица_61,40.0
Центр,кирпич,Улица_7,138.2
Исторический центр,монолит,Улица_44,178.6
Исторический центр,кирпич,Улица_17,178.8
Центр,монолит,Улица_59,124.9
Окраины,монолит,Улица_59,69.9
Окраины,монолит,Улица_1,91.2
Исторический центр,панель,Улица_13,132.0
Окраины,дерево,Улица_47,40.0
Центр,кирпич,Улица_55,133.8
Центр,кирпич,Улица_11,136.5
Исторический центр,панель,Улица_54,148.8
Центр,кирпич,Улица_27,121.0
Исторический центр,дерево,Улица_3,133.1
Центр,кирпич,Улица_35,141.5
Исторический центр,монолит,Улица_49,173.5
Окраины,монолит,Улица_2,84.6
Центр,кирпич,Улица_0,126.3
Центр,панель,Улица_16,107.6
Исторический центр,кирпич,Улица_61,184.6
Исторический центр,панель,Улица_47,114.8
Центр,кирпич,Улица_61,107.5
Исторический центр,дерево,Улица_18,119.9
Центр,дерево,Улица_33,115.4
Окраины,кирпич,Улица_48,85.0
Исторический центр,кирпич,Улица_46,196.2
Центр,монолит,Улица_49,113.6
Окраины,кирпич,Улица_25,59.3
Окраины,монолит,Улица_55,40.0
Центр,панель,Улица_13,86.4
Исторический центр,панель,Улица_24,132.4
Центр,монолит,Улица_3,168.3
Окраины,панель,Улица_31,40.0
Центр,дерево,Улица_64,116.5
Исторический центр,дерево,Улица_60,137.5
Окраины,кирпич,Улица_19,105.4
Центр,кирпич,Улица_9,127.6
Исторический центр,дерево,Улица_33,119.7
Окраины,дерево,Улица_60,40.0
Исторический центр,кирпич,Улица_26,201.8
Окраины,монолит,Улица_39,102.1
Центр,панель,Улица_64,117.2
Исторический центр,кирпич,Улица_32,219.5
Окраины,монолит,Улица_8,53.0
Исторический центр,кирпич,Улица_15,203.2
Исторический центр,дерево,Улица_4,108.7
Центр,кирпич,Улица_22,112.9
Исторический центр,панель,Улица_42,117.7
Окраины,кирпич,Улица_56,90.5
Окраины,панель,Улица_50,40.0
Окраины,монолит,Улица_12,75.0
Окраины,кирпич,Улица_23,78.6
Центр,панель,Улица_10,88.7
Исторический центр,панель,Улица_51,169.9
Центр,кирпич,Улица_16,104.0
Исторический центр,монолит,Улица_36,148.0
Исторический центр,кирпич,Улица_12,192.7
Исторический центр,панель,Улица_61,108.8
Центр,панель,Улица_7,116.0
Исторический центр,панель,Улица_55,154.8
Центр,кирпич,Улица_43,117.2
Окраины,панель,Улица_59,40.0
Окраины,панель,Улица_40,75.6
Исторический центр,монолит,Улица_20,193.9
Центр,монолит,Улица_41,122.0
Окраины,панель,Улица_28,79.4
Центр,кирпич,Улица_64,169.5
Центр,кирпич,Улица_16,120.7
Исторический центр,кирпич,Улица_29,147.9
Окраины,кирпич,Улица_25,108.0
Исторический центр,панель,Улица_52,166.1
Исторический центр,кирпич,Улица_18,193.1
Окраины,кирпич,Улица_52,92.4
Окраины,кирпич,Улица_16,69.3
Центр,кирпич,Улица_45,189.2
Окраины,кирпич,Улица_52,61.8
Центр,кирпич,Улица_63,141.9
Центр,панель,Улица_44,94.3
Центр,панель,Улица_48,59.7
Окраины,кирпич,Улица_18,94.6
Исторический центр,панель,Улица_64,166.4
Центр,кирпич,Улица_36,129.6
Исторический центр,кирпич,Улица_25,176.0
Исторический центр,кирпич,Улица_1,219.7
Окраины,панель,Улица_58,50.8
Исторический центр,монолит,Улица_4,104.1
Исторический центр,кирпич,Улица_36,164.8
Окраины,кирпич,Улица_30,50.0
Центр,монолит,Улица_47,141.6
Исторический центр,кирпич,Улица_5,181.5
Окраины,кирпич,Улица_14,77.6
Исторический центр,монолит,Улица_14,189.1
Исторический центр,монолит,Улица_60,168.2
Центр,панель,Улица_15,88.0
Исторический центр,панель,Улица_19,160.4
Окраины,кирпич,Улица_43,73.3
Исторический центр,кирпич,Улица_41,188.2
Центр,панель,Улица_45,145.6
Центр,кирпич,Улица_33,150.4
Окраины,панель,Улица_63,53.5
Центр,дерево,Улица_28,85.7
Исторический центр,дерево,Улица_2,171.8
Центр,кирпич,Улица_8,144.4
Окраины,панель,Улица_24,40.0
Центр,панель,Улица_41,130.7
Центр,монолит,Улица_45,156.1
Центр,кирпич,Улица_58,153.8
Окраины,кирпич,Улица_20,70.3
Центр,кирпич,Улица_21,150.9
Центр,кирпич,Улица_28,156.7
Исторический центр,кирпич,Улица_62,190.6
Окраины,монолит,Улица_60,45.8
Центр,монолит,Улица_63,135.0
Окраины,кирпич,Улица_39,113.5
Центр,панель,Улица_0,110.6
Центр,кирпич,Улица_64,147.8
Центр,монолит,Улица_61,121.7
Исторический центр,дерево,Улица_53,152.8
Исторический центр,дерево,Улица_59,164.1
Исторический центр,монолит,Улица_45,189.0
Окраины,кирпич,Улица_4,72.8
Окраины,кирпич,Улица_21,77.1
Исторический центр,панель,Улица_52,165.0
Окраины,дерево,Улица_31,40.0
Центр,кирпич,Улица_10,107.8
Центр,кирпич,Улица_9,143.4
Центр,монолит,Улица_38,139.1
Исторический центр,кирпич,Улица_30,170.1
Окраины,панель,Улица_11,56.8
Исторический центр,монолит,Улица_37,181.4
Окраины,кирпич,Улица_51,146.0
Центр,кирпич,Улица_4,115.1
Исторический центр,монолит,Улица_10,180.4
Окраины,панель,Улица_24,40.0
Окраины,дерево,Улица_34,40.0
Центр,кирпич,Улица_34,150.9
Исторический центр,кирпич,Улица_21,219.5
Исторический центр,монолит,Улица_36,163.0
Исторический центр,панель,Улица_54,169.7
Центр,кирпич,Улица_63,118.1
Исторический центр,монолит,Улица_19,200.6
Центр,кирпич,Улица_3,95.4
Центр,кирпич,Улица_17,95.1
Центр,кирпич,Улица_50,117.5
Окраины,панель,Улица_19,66.6
Исторический центр,панель,Улица_8,176.3
Исторический центр,панель,Улица_25,112.3
Центр,монолит,Улица_24,76.9
Центр,дерево,Улица_40,85.1
Исторический центр,кирпич,Улица_58,208.2
Центр,кирпич,Улица_44,171.3
Исторический центр,кирпич,Улица_40,172.0
Окраины,кирпич,Улица_37,92.5
Центр,монолит,Улица_18,111.9
Исторический центр,монолит,Улица_13,171.9
Центр,монолит,Улица_20,135.5
Исторический центр,кирпич,Улица_14,210.3
Исторический центр,кирпич,Улица_2,216.5
Центр,панель,Улица_36,97.3
Окраины,кирпич,Улица_45,75.4
Исторический центр,панель,Улица_15,154.4
Исторический центр,дерево,Улица_13,111.8
Исторический центр,панель,Улица_8,187.2
Окраины,монолит,Улица_6,70.7
Окраины,панель,Улица_13,75.5
Центр,кирпич,Улица_5,84.3
Окраины,панель,Улица_14,44.2
Центр,кирпич,Улица_51,112.4
Центр,кирпич,Улица_33,164.0
Окраины,панель,Улица_0,60.5
Центр,монолит,Улица_19,141.3
Окраины,кирпич,Улица_6,61.7
Центр,панель,Улица_6,114.2
Окраины,монолит,Улица_49,76.3
Окраины,монолит,Улица_1,89.5
Центр,монолит,Улица_46,148.5
Исторический центр,кирпич,Улица_13,168.1
Центр,дерево,Улица_30,53.5
Окраины,кирпич,Улица_49,88.5
Исторический центр,панель,Улица_60,170.5
Центр,кирпич,Улица_40,103.6
Центр,панель,Улица_13,79.2
Центр,кирпич,Улица_4,140.8
Исторический центр,панель,Улица_4,134.1
Окраины,кирпич,Улица_63,112.6
Центр,кирпич,Улица_28,165.5
Центр,панель,Улица_4,72.2
Центр,монолит,Улица_35,118.2
Центр,дерево,Улица_18,87.6
Центр,кирпич,Улица_63,135.2
Окраины,монолит,Улица_21,62.7
Окраины,монолит,Улица_33,76.5
Центр,кирпич,Улица_55,95.9
Исторический центр,кирпич,Улица_16,180.0
Окраины,монолит,Улица_55,75.5
Исторический центр,дерево,Улица_16,153.4
Окраины,панель,Улица_17,45.3
Центр,панель,Улица_44,120.5
Окраины,панель,Улица_55,40.0
Центр,кирпич,Улица_49,104.2
Окраины,монолит,Улица_57,83.4
Центр,монолит,Улица_17,116.4
Центр,кирпич,Улица_6,134.0
Центр,монолит,Улица_9,121.6
Центр,кирпич,Улица_2,130.4
Исторический центр,дерево,Улица_43,130.9
Центр,панель,Улица_13,79.2
Исторический центр,кирпич,Улица_3,169.6
Исторический центр,панель,Улица_17,114.7
Центр,панель,Улица_51,108.8
Исторический центр,кирпич,Улица_37,227.9
Окраины,панель,Улица_19,56.9
Центр,панель,Улица_43,79.2
Исторический центр,монолит,Улица_50,174.7
Центр,кирпич,Улица_18,153.9
Центр,панель,Улица_12,95.9
Центр,кирпич,Улица_61,143.9
Исторический центр,монолит,Улица_60,175.7
Окраины,кирпич,Улица_29,54.0
Окраины,дерево,Улица_29,46.1
Исторический центр,монолит,Улица_50,168.4
Центр,панель,Улица_47,93.5
Исторический центр,панель,Улица_32,144.6
Исторический центр,кирпич,Улица_18,210.8
Исторический центр,кирпич,Улица_56,175.0
Центр,монолит,Улица_18,102.4
Исторический центр,дерево,Улица_40,134.1
Центр,кирпич,Улица_41,97.9
Исторический центр,панель,Улица_51,194.2
Окраины,монолит,Улица_3,49.7
Исторический центр,панель,Улица_3,131.3
Исторический центр,кирпич,Улица_4,154.5
Окраины,кирпич,Улица_40,79.5
Центр,кирпич,Улица_60,147.2
Центр,монолит,Улица_54,99.7
Исторический центр,панель,Улица_12,127.5
Окраины,панель,Улица_13,42.3
Центр,дерево,Улица_59,103.0
Исторический центр,панель,Улица_24,147.4
Окраины,монолит,Улица_43,46.1
Центр,панель,Улица_9,99.6
Центр,кирпич,Улица_49,119.9
Окраины,дерево,Улица_43,40.0
Окраины,панель,Улица_13,40.9
Окраины,кирпич,Улица_14,94.6
Окраины,кирпич,Улица_15,93.7
Исторический центр,кирпич,Улица_1,188.3
Окраины,панель,Улица_29,40.0
Центр,монолит,Улица_29,126.2
Центр,дерево,Улица_30,70.6
Исторический центр,дерево,Улица_19,142.3
Центр,кирпич,Улица_48,113.0
Центр,панель,Улица_34,137.7
Окраины,кирпич,Улица_22,62.4
Центр,монолит,Улица_60,95.7
Исторический центр,панель,Улица_54,163.7
Окраины,панель,Улица_7,65.9
Окраины,монолит,Улица_39,65.9
Исторический центр,панель,Улица_58,153.4
Окраины,кирпич,Улица_31,84.5
Окраины,дерево,Улица_6,40.0
Исторический центр,дерево,Улица_1,151.8
Окраины,кирпич,Улица_5,72.1
Исторический центр,панель,Улица_35,145.5
Исторический центр,дерево,Улица_31,127.1
Центр,кирпич,Улица_44,149.4
Центр,панель,Улица_41,70.0
Окраины,кирпич,Улица_52,96.7
Окраины,панель,Улица_8,65.2
Исторический центр,кирпич,Улица_48,175.8
Окраины,панель,Улица_1,55.0
Исторический центр,кирпич,Улица_10,194.7
Исторический центр,панель,Улица_49,145.5
Окраины,дерево,Улица_34,40.0
Исторический центр,монолит,Улица_14,181.3
Центр,монолит,Улица_30,134.0
Окраины,панель,Улица_61,56.0
Центр,кирпич,Улица_27,154.7
Окраины,кирпич,Улица_24,56.8
Исторический центр,дерево,Улица_24,120.9
Окраины,панель,Улица_0,58.6
Центр,кирпич,Улица_58,155.7
Исторический центр,монолит,Улица_41,171.6
Окраины,кирпич,Улица_33,104.3
Окраины,кирпич,Улица_17,53.9
Окраины,дерево,Улица_4,40.0
Центр,монолит,Улица_19,147.3
Центр,панель,Улица_61,88.7
Окраины,дерево,Улица_31,40.0
Исторический центр,монолит,Улица_57,163.0
Исторический центр,монолит,Улица_49,142.5
Центр,кирпич,Улица_37,161.8
Исторический центр,кирпич,Улица_54,171.8
Центр,панель,Улица_27,125.4
Окраины,монолит,Улица_21,63.1
Центр,панель,Улица_42,76.7
Центр,кирпич,Улица_35,112.6
Окраины,кирпич,Улица_51,102.4
Исторический центр,монолит,Улица_35,164.9
Центр,кирпич,Улица_27,145.3
Центр,панель,Улица_57,100.8
Окраины,кирпич,Улица_35,77.5
Исторический центр,кирпич,Улица_8,193.1
Центр,монолит,Улица_20,172.5
Окраины,монолит,Улица_63,89.9
Центр,кирпич,Улица_60,130.9
Окраины,кирпич,Улица_39,95.3
Исторический центр,монолит,Улица_55,185.5
Исторический центр,кирпич,Улица_3,182.1
Исторический центр,панель,Улица_30,123.9
Исторический центр,дерево,Улица_26,117.7
Центр,кирпич,Улица_57,161.3
Центр,дерево,Улица_24,86.5
Исторический центр,кирпич,Улица_4,145.7
Исторический центр,панель,Улица_7,154.6
Исторический центр,панель,Улица_8,162.8
Центр,дерево,Улица_14,96.2
Исторический центр,кирпич,Улица_6,192.1
Исторический центр,панель,Улица_14,172.5
Исторический центр,дерево,Улица_36,149.4
Окраины,панель,Улица_38,41.3
Исторический центр,панель,Улица_5,151.6
Окраины,кирпич,Улица_56,66.7
Окраины,монолит,Улица_18,88.1
Исторический центр,кирпич,Улица_62,167.7
Окраины,кирпич,Улица_30,65.7
Исторический центр,панель,Улица_9,184.7
Центр,кирпич,Улица_61,105.0
Центр,дерево,Улица_2,102.3
Центр,дерево,Улица_17,64.2
Центр,монолит,Улица_24,116.1
Окраины,монолит,Улица_19,42.6
Исторический центр,монолит,Улица_57,199.1
Исторический центр,кирпич,Улица_49,173.4
Исторический центр,монолит,Улица_9,185.1
Центр,кирпич,Улица_20,145.1
Центр,кирпич,Улица_28,143.5
Исторический центр,монолит,Улица_9,158.2
Центр,панель,Улица_12,101.5
Исторический центр,монолит,Улица_46,190.6
Исторический центр,кирпич,Улица_22,164.3
Исторический центр,панель,Улица_49,112.7
Исторический центр,кирпич,Улица_3,178.0
Исторический центр,панель,Улица_52,165.8
Исторический центр,монолит,Улица_1,197.7
Исторический центр,панель,Улица_64,170.8
Центр,кирпич,Улица_56,147.5
Исторический центр,кирпич,Улица_6,160.8
Исторический центр,кирпич,Улица_18,198.8
Центр,панель,Улица_43,96.1
Центр,дерево,Улица_62,98.2
Центр,кирпич,Улица_64,166.3
Исторический центр,монолит,Улица_38,177.0
Окраины,монолит,Улица_25,57.9
Окраины,панель,Улица_43,50.9
Центр,монолит,Улица_11,100.2
Окраины,монолит,Улица_21,67.6
Центр,кирпич,Улица_13,144.4
Исторический центр,кирпич,Улица_29,144.8
Окраины,кирпич,Улица_43,59.1
Исторический центр,дерево,Улица_37,129.4
Окраины,дерево,Улица_58,55.4
Исторический центр,монолит,Улица_41,172.1
Окраины,кирпич,Улица_51,82.6
Исторический центр,панель,Улица_62,114.8
Исторический центр,кирпич,Улица_60,157.4
Окраины,кирпич,Улица_33,120.4
Исторический центр,панель,Улица_38,163.9
Исторический центр,дерево,Улица_40,142.4
Исторический центр,дерево,Улица_36,125.2
Окраины,монолит,Улица_64,109.4
Окраины,кирпич,Улица_31,108.9
Исторический центр,кирпич,Улица_7,229.3
Исторический центр,кирпич,Улица_17,161.2
Окраины,монолит,Улица_44,75.4
Окраины,монолит,Улица_32,110.6
Исторический центр,панель,Улица_4,182.1
Исторический центр,панель,Улица_35,171.9
Исторический центр,кирпич,Улица_22,182.5
Центр,кирпич,Улица_39,142.3
Окраины,панель,Улица_4,51.7
Центр,кирпич,Улица_33,155.6
Окраины,панель,Улица_23,40.0
Окраины,монолит,Улица_16,95.3
Окраины,панель,Улица_21,59.8
Окраины,кирпич,Улица_14,86.5
Окраины,кирпич,Улица_14,76.1
Окраины,панель,Улица_24,40.0
Окраины,панель,Улица_52,52.7
Центр,панель,Улица_20,137.3
Исторический центр,панель,Улица_31,138.5
Исторический центр,панель,Улица_20,149.7
Центр,монолит,Улица_43,121.8
Центр,кирпич,Улица_13,136.6
Центр,монолит,Улица_14,134.2
Центр,кирпич,Улица_19,160.2
Окраины,кирпич,Улица_33,70.2
Исторический центр,панель,Улица_35,164.5
Окраины,панель,Улица_8,44.1
Исторический центр,дерево,Улица_29,119.4
Исторический центр,монолит,Улица_62,131.0
Центр,дерево,Улица_34,64.7
Окраины,дерево,Улица_12,40.0
Центр,панель,Улица_45,115.1
Окраины,панель,Улица_55,44.6
Исторический центр,панель,Улица_8,152.6
Центр,дерево,Улица_35,96.6
Центр,монолит,Улица_2,141.8
Исторический центр,кирпич,Улица_18,190.2
Исторический центр,монолит,Улица_27,205.8
Исторический центр,кирпич,Улица_22,208.4
Центр,панель,Улица_6,84.5
Окраины,кирпич,Улица_13,91.5
Центр,монолит,Улица_45,157.6
Окраины,монолит,Улица_14,72.9
Центр,кирпич,Улица_14,151.5
Центр,кирпич,Улица_50,131.0
Исторический центр,кирпич,Улица_7,183.7
Окраины,монолит,Улица_61,58.9
Центр,кирпич,Улица_50,118.4
Центр,кирпич,Улица_62,130.6
Исторический центр,кирпич,Улица_15,226.1
Исторический центр,панель,Улица_23,156.1
Окраины,кирпич,Улица_5,79.6
Центр,монолит,Улица_56,121.4
Окраины,кирпич,Улица_30,49.2
Центр,монолит,Улица_5,118.0
Окраины,кирпич,Улица_28,85.4
Исторический центр,панель,Улица_2,172.5
Центр,кирпич,Улица_27,149.8
Окраины,монолит,Улица_47,60.3
Исторический центр,дерево,Улица_9,146.7
Исторический центр,дерево,Улица_32,145.5
Окраины,панель,Улица_11,40.0
Центр,панель,Улица_56,76.3
Центр,монолит,Улица_43,100.3
Исторический центр,монолит,Улица_12,151.9
Центр,кирпич,Улица_23,115.2
Центр,монолит,Улица_43,108.4
Центр,панель,Улица_56,54.5
Исторический центр,кирпич,Улица_15,209.5
Окраины,кирпич,Улица_20,65.8
Центр,кирпич,Улица_50,122.2
Исторический центр,панель,Улица_20,207.7
Исторический центр,кирпич,Улица_59,198.9
Окраины,кирпич,Улица_50,75.8
Центр,кирпич,Улица_20,137.0
Центр,панель,Улица_5,88.5
Окраины,монолит,Улица_64,112.4
Окраины,кирпич,Улица_57,96.4
Исторический центр,кирпич,Улица_5,181.6
Исторический центр,кирпич,Улица_64,229.0
Окраины,дерево,Улица_33,46.4
Центр,панель,Улица_55,63.6
Исторический центр,панель,Улица_2,182.8
Исторический центр,кирпич,Улица_41,151.5
Центр,монолит,Улица_61,108.1
Исторический центр,панель,Улица_5,144.0
Центр,кирпич,Улица_5,127.3
Центр,кирпич,Улица_62,131.9
Центр,панель,Улица_19,108.4
Окраины,монолит,Улица_20,118.4
Окраины,монолит,Улица_1,66.2
Окраины,панель,Улица_55,40.0
Центр,монолит,Улица_9,138.9
Центр,кирпич,Улица_22,116.2
Окраины,панель,Улица_29,40.0
Исторический центр,монолит,Улица_36,143.3
Центр,кирпич,Улица_54,116.1
Исторический центр,монолит,Улица_48,142.8
Исторический центр,кирпич,Улица_33,216.3
Центр,кирпич,Улица_43,107.1
Центр,панель,Улица_21,131.8
Исторический центр,панель,Улица_30,129.0
Исторический центр,монолит,Улица_6,142.3
Окраины,кирпич,Улица_20,75.0
Окраины,монолит,Улица_15,48.5
Центр,панель,Улица_19,115.6
Окраины,панель,Улица_42,40.0
Окраины,дерево,Улица_43,50.0
Окраины,монолит,Улица_46,96.9
Окраины,кирпич,Улица_18,92.4
Исторический центр,монолит,Улица_47,166.6
Центр,кирпич,Улица_10,120.8
Окраины,кирпич,Улица_28,122.8
Исторический центр,панель,Улица_44,167.4
Исторический центр,дерево,Улица_35,138.7
Исторический центр,кирпич,Улица_47,179.8
Окраины,монолит,Улица_14,72.9
Окраины,кирпич,Улица_43,68.4
Центр,монолит,Улица_39,167.7
Окраины,панель,Улица_13,48.8
Окраины,монолит,Улица_62,40.0
Исторический центр,кирпич,Улица_50,180.3
Центр,монолит,Улица_57,151.5
Окраины,дерево,Улица_14,61.7
Окраины,монолит,Улица_64,115.3
Исторический центр,панель,Улица_54,117.3
Исторический центр,дерево,Улица_9,143.5
Окраины,кирпич,Улица_41,67.7
Центр,монолит,Улица_10,118.8
Центр,монолит,Улица_15,159.2
Исторический центр,кирпич,Улица_18,176.2
Исторический центр,панель,Улица_30,132.0
Окраины,кирпич,Улица_52,110.8
Исторический центр,панель,Улица_7,158.1
Окраины,панель,Улица_23,45.5
Центр,кирпич,Улица_7,129.3
Центр,панель,Улица_47,97.6
Окраины,кирпич,Улица_29,56.1
Исторический центр,панель,Улица_57,150.9
Центр,кирпич,Улица_54,103.7
Исторический центр,монолит,Улица_61,150.1
Центр,кирпич,Улица_47,118.9
Окраины,монолит,Улица_3,54.6
Окраины,панель,Улица_36,40.4
Окраины,кирпич,Улица_7,87.6
Центр,монолит,Улица_0,158.9
Исторический центр,панель,Улица_46,143.1
Исторический центр,панель,Улица_4,136.1
Исторический центр,кирпич,Улица_49,170.5
Центр,панель,Улица_23,96.2
Центр,кирпич,Улица_46,142.8
Центр,кирпич,Улица_17,153.5
Центр,панель,Улица_27,142.9
Центр,кирпич,Улица_4,115.6
Исторический центр,кирпич,Улица_29,149.3
Центр,кирпич,Улица_0,139.0
Центр,кирпич,Улица_45,158.5
Исторический центр,кирпич,Улица_30,199.0
Центр,дерево,Улица_55,57.4
Исторический центр,кирпич,Улица_27,205.0
Исторический центр,панель,Улица_15,134.4
Окраины,кирпич,Улица_53,79.4
Окраины,дерево,Улица_52,40.0
Окраины,кирпич,Улица_11,52.6
Окраины,дерево,Улица_19,40.4
Центр,панель,Улица_33,164.2
Окраины,кирпич,Улица_52,112.5
Исторический центр,монолит,Улица_63,161.9
Центр,панель,Улица_22,87.3
Окраины,кирпич,Улица_26,117.1
Исторический центр,монолит,Улица_16,186.6
Центр,дерево,Улица_47,86.6
Центр,панель,Улица_20,100.8
Окраины,кирпич,Улица_49,69.3
Центр,монолит,Улица_39,126.3
Исторический центр,монолит,Улица_2,189.9
Центр,монолит,Улица_16,143.6
Исторический центр,монолит,Улица_60,150.3
Центр,кирпич,Улица_49,120.5
Окраины,дерево,Улица_5,40.0
Исторический центр,кирпич,Улица_27,206.4
Центр,кирпич,Улица_54,117.9
Центр,панель,Улица_57,100.3
Центр,панель,Улица_44,124.8
Исторический центр,кирпич,Улица_18,178.0
Исторический центр,монолит,Улица_28,202.6
Исторический центр,панель,Улица_22,160.9
Окраины,панель,Улица_31,40.0
Окраины,монолит,Улица_9,78.7
Исторический центр,панель,Улица_48,122.8
Центр,кирпич,Улица_64,139.5
Окраины,кирпич,Улица_28,104.4
Исторический центр,дерево,Улица_58,152.3
Центр,кирпич,Улица_44,118.7
Окраины,панель,Улица_50,40.0
Центр,панель,Улица_10,84.0
Центр,панель,Улица_5,99.2
Центр,кирпич,Улица_61,106.0
Центр,панель,Улица_4,40.0
Окраины,панель,Улица_8,40.0
Окраины,дерево,Улица_27,56.7
Окраины,кирпич,Улица_37,108.3
Исторический центр,панель,Улица_42,160.4
Окраины,панель,Улица_20,40.0
Центр,панель,Улица_61,95.4
Окраины,монолит,Улица_45,123.9
Центр,кирпич,Улица_37,112.8
Исторический центр,кирпич,Улица_48,138.8
Центр,монолит,Улица_38,130.5
Центр,панель,Улица_29,85.4
Центр,панель,Улица_20,75.0
Исторический центр,кирпич,Улица_0,179.9
Окраины,кирпич,Улица_31,63.8
Окраины,кирпич,Улица_7,83.0
Исторический центр,кирпич,Улица_29,189.7
Центр,панель,Улица_7,115.7
Окраины,монолит,Улица_18,70.9
Исторический центр,кирпич,Улица_58,195.1
Окраины,кирпич,Улица_54,66.7
Исторический центр,кирпич,Улица_29,208.6
Центр,панель,Улица_35,100.3
Окраины,кирпич,Улица_54,67.4
Исторический центр,дерево,Улица_43,123.7
Окраины,монолит,Улица_26,117.2
Окраины,дерево,Улица_53,60.1
Окраины,монолит,Улица_47,77.1
Окраины,панель,Улица_29,40.0
Исторический центр,панель,Улица_38,173.2
Центр,кирпич,Улица_12,150.0
Исторический центр,панель,Улица_15,155.1
Исторический центр,дерево,Улица_43,139.4
Исторический центр,кирпич,Улица_26,185.8
Центр,монолит,Улица_44,136.4
Окраины,кирпич,Улица_34,90.5
Окраины,монолит,Улица_27,79.9
Окраины,дерево,Улица_6,40.0
Центр,монолит,Улица_61,135.0
Окраины,монолит,Улица_50,62.4
Центр,панель,Улица_45,143.1
Окраины,монолит,Улица_19,71.4
Окраины,дерево,Улица_37,40.0
Исторический центр,монолит,Улица_60,148.8
Центр,панель,Улица_31,105.8
Исторический центр,панель,Улица_25,158.6
Исторический центр,монолит,Улица_57,191.5
Исторический центр,панель,Улица_38,172.0
Центр,монолит,Улица_19,139.7
Центр,панель,Улица_49,87.4
Окраины,кирпич,Улица_51,72.8
Исторический центр,панель,Улица_21,182.3
Окраины,панель,Улица_52,61.0
Исторический центр,кирпич,Улица_42,152.2
Центр,кирпич,Улица_22,160.7
Центр,панель,Улица_63,105.1
Центр,кирпич,Улица_8,171.5
Исторический центр,кирпич,Улица_6,217.7
Центр,монолит,Улица_40,143.0
Исторический центр,дерево,Улица_53,137.2
Окраины,монолит,Улица_64,84.5
Исторический центр,дерево,Улица_1,150.9
Окраины,монолит,Улица_3,58.6
Исторический центр,кирпич,Улица_31,190.8
Окраины,монолит,Улица_1,100.0
Центр,монолит,Улица_63,135.9
Окраины,панель,Улица_13,46.7
Центр,кирпич,Улица_19,153.0
Центр,монолит,Улица_48,128.7
Окраины,кирпич,Улица_7,96.9
Исторический центр,панель,Улица_62,165.6
Исторический центр,кирпич,Улица_45,202.8
Исторический центр,панель,Улица_20,163.5
Исторический центр,панель,Улица_31,170.8
Исторический центр,кирпич,Улица_7,210.5
Центр,панель,Улица_15,84.9
Исторический центр,панель,Улица_39,179.6
Центр,монолит,Улица_26,172.6
Центр,монолит,Улица_17,85.9
Центр,панель,Улица_34,85.5
Окраины,монолит,Улица_51,111.6
Окраины,кирпич,Улица_14,94.0
Центр,кирпич,Улица_62,129.2
Окраины,кирпич,Улица_52,68.9
Исторический центр,панель,Улица_30,119.0
Исторический центр,кирпич,Улица_60,183.5
Центр,кирпич,Улица_63,131.4
Исторический центр,монолит,Улица_33,175.7
Центр,монолит,Улица_54,95.5
Центр,панель,Улица_58,98.0
Исторический центр,кирпич,Улица_2,171.5
Окраины,панель,Улица_16,63.8
Исторический центр,панель,Улица_45,172.1
Исторический центр,монолит,Улица_37,210.0
Центр,кирпич,Улица_34,145.7
Центр,монолит,Улица_0,151.9
Центр,монолит,Улица_28,111.9
Центр,кирпич,Улица_3,123.0
Окраины,дерево,Улица_60,40.0
Окраины,панель,Улица_16,46.4
Окраины,кирпич,Улица_27,96.5
Центр,панель,Улица_49,84.0
Центр,кирпич,Улица_7,156.1
Центр,кирпич,Улица_33,172.6
Окраины,панель,Улица_58,91.2
Центр,монолит,Улица_17,95.9
Исторический центр,дерево,Улица_58,157.8
Исторический центр,монолит,Улица_26,222.7
Центр,кирпич,Улица_15,139.1
Исторический центр,монолит,Улица_9,165.0
Исторический центр,панель,Улица_21,184.3
Окраины,монолит,Улица_15,84.8
Центр,монолит,Улица_11,102.6
Центр,монолит,Улица_50,139.9
Окраины,панель,Улица_0,69.6
Исторический центр,монолит,Улица_26,201.8
Исторический центр,кирпич,Улица_11,187.9
Центр,дерево,Улица_29,100.3
Исторический центр,кирпич,Улица_8,221.7
Окраины,кирпич,Улица_52,86.7
Окраины,кирпич,Улица_60,84.9
Центр,монолит,Улица_53,122.5
Окраины,панель,Улица_36,46.9
Окраины,панель,Улица_64,80.1
Центр,дерево,Улица_41,76.9
Окраины,дерево,Улица_48,40.0
Окраины,кирпич,Улица_3,63.1
Окраины,кирпич,Улица_63,94.0
Исторический центр,монолит,Улица_50,161.5
Центр,дерево,Улица_59,83.6
Центр,панель,Улица_30,105.6
Центр,панель,Улица_57,128.4
Исторический центр,кирпич,Улица_3,172.9
Исторический центр,монолит,Улица_21,194.7
Центр,панель,Улица_2,108.0
Исторический центр,панель,Улица_46,171.9
Центр,кирпич,Улица_37,136.8
Исторический центр,дерево,Улица_32,153.5
Окраины,панель,Улица_47,45.8
Окраины,кирпич,Улица_64,111.5
Центр,панель,Улица_25,76.7
Исторический центр,монолит,Улица_7,163.9
Исторический центр,панель,Улица_49,145.1
Окраины,монолит,Улица_37,93.3
Окраины,панель,Улица_9,62.7
Исторический центр,дерево,Улица_41,105.1
Исторический центр,кирпич,Улица_36,179.1
Исторический центр,кирпич,Улица_25,185.6
Исторический центр,кирпич,Улица_11,198.6
Исторический центр,монолит,Улица_48,167.8
Исторический центр,панель,Улица_13,105.7
Центр,монолит,Улица_45,166.5
Исторический центр,монолит,Улица_34,158.1
Окраины,панель,Улица_28,43.4
Центр,дерево,Улица_11,40.0
Исторический центр,кирпич,Улица_43,186.2
Окраины,монолит,Улица_1,103.0
Центр,панель,Улица_58,112.2
Окраины,панель,Улица_16,60.4
Исторический центр,монолит,Улица_9,180.6
Исторический центр,панель,Улица_17,117.4
Исторический центр,кирпич,Улица_21,206.8
Исторический центр,панель,Улица_57,166.6
Центр,панель,Улица_52,103.6
Центр,монолит,Улица_0,114.6
Окраины,панель,Улица_60,45.0
Исторический центр,дерево,Улица_30,113.6
Окраины,панель,Улица_30,40.0
Центр,панель,Улица_18,60.5
Исторический центр,монолит,Улица_52,209.6
Исторический центр,панель,Улица_21,158.4
Центр,дерево,Улица_22,101.8
Центр,монолит,Улица_14,107.1
Центр,панель,Улица_25,115.4
Центр,кирпич,Улица_2,136.1
Центр,панель,Улица_19,100.0
Исторический центр,кирпич,Улица_39,202.4
Центр,монолит,Улица_38,147.3
Исторический центр,кирпич,Улица_17,168.1
Исторический центр,кирпич,Улица_40,203.9
Центр,кирпич,Улица_26,147.4
Центр,кирпич,Улица_14,105.7
Исторический центр,кирпич,Улица_36,202.6
Центр,монолит,Улица_57,145.4
Центр,монолит,Улица_4,115.6
Центр,монолит,Улица_6,145.9
Окраины,монолит,Улица_40,48.3
Исторический центр,кирпич,Улица_9,161.7
Окраины,монолит,Улица_61,69.8
Центр,кирпич,Улица_25,177.8
Окраины,кирпич,Улица_23,83.0
Центр,панель,Улица_40,107.6
Окраины,кирпич,Улица_64,88.0
Центр,монолит,Улица_16,142.1
Окраины,панель,Улица_23,40.0
Окраины,монолит,Улица_26,78.9
Окраины,панель,Улица_6,46.4
Исторический центр,кирпич,Улица_11,178.5
Окраины,монолит,Улица_2,63.2
Исторический центр,кирпич,Улица_9,218.7
Центр,панель,Улица_32,104.1
Окраины,кирпич,Улица_45,118.3
Центр,панель,Улица_58,98.1
Центр,монолит,Улица_51,135.9
Окраины,панель,Улица_5,46.3
Исторический центр,дерево,Улица_1,142.4
Окраины,монолит,Улица_28,63.3
Центр,монолит,Улица_39,150.9
Центр,монолит,Улица_60,102.6
Окраины,кирпич,Улица_28,96.9
Исторический центр,монолит,Улица_61,170.7
Исторический центр,кирпич,Улица_59,174.9
Центр,кирпич,Улица_40,123.0
Центр,дерево,Улица_64,84.9
Исторический центр,панель,Улица_63,158.3
Окраины,панель,Улица_62,46.1
Центр,кирпич,Улица_47,135.1
Исторический центр,панель,Улица_19,176.1
Центр,кирпич,Улица_36,141.5
Окраины,кирпич,Улица_63,107.4
Исторический центр,кирпич,Улица_4,168.2
Центр,панель,Улица_33,129.0
Окраины,панель,Улица_38,42.3
Центр,кирпич,Улица_61,122.7
Окраины,монолит,Улица_23,65.3
Окраины,кирпич,Улица_2,94.3
Исторический центр,монолит,Улица_49,162.2
Окраины,дерево,Улица_28,40.0
Центр,монолит,Улица_31,109.5
Окраины,монолит,Улица_38,116.7
Окраины,дерево,Улица_8,58.8
Исторический центр,панель,Улица_13,139.0
Окраины,монолит,Улица_63,92.3
Окраины,монолит,Улица_19,85.4
Центр,панель,Улица_27,144.9
Исторический центр,кирпич,Улица_13,174.3
Исторический центр,дерево,Улица_43,130.8
Исторический центр,монолит,Улица_38,207.1
Окраины,кирпич,Улица_27,94.3
Исторический центр,панель,Улица_63,155.9
Окраины,монолит,Улица_31,69.7
Окраины,панель,Улица_8,55.2
Центр,панель,Улица_27,83.0
Центр,монолит,Улица_16,128.7
Центр,панель,Улица_54,100.9
Центр,панель,Улица_9,130.0
Центр,монолит,Улица_5,106.7
Окраины,монолит,Улица_47,66.4
Окраины,панель,Улица_40,40.0
Исторический центр,панель,Улица_59,171.6
Окраины,панель,Улица_41,40.0
Окраины,дерево,Улица_27,73.2
Центр,кирпич,Улица_12,112.1
Окраины,кирпич,Улица_14,57.7
Центр,панель,Улица_35,94.8
Исторический центр,монолит,Улица_14,205.3
Исторический центр,кирпич,Улица_55,189.2
Окраины,кирпич,Улица_3,111.0
Исторический центр,кирпич,Улица_51,182.8
Окраины,монолит,Улица_9,87.8
Исторический центр,кирпич,Улица_44,181.6
Центр,панель,Улица_28,98.2
Центр,панель,Улица_52,89.1
Центр,монолит,Улица_28,122.6
Центр,панель,Улица_22,109.5
Окраины,кирпич,Улица_56,89.0
Исторический центр,панель,Улица_49,112.5
Окраины,дерево,Улица_20,51.0
Центр,панель,Улица_42,73.4
Окраины,дерево,Улица_9,73.2
Исторический центр,монолит,Улица_29,150.5
Окраины,кирпич,Улица_50,89.0
Исторический центр,монолит,Улица_32,185.3
Окраины,кирпич,Улица_17,84.1
Исторический центр,панель,Улица_21,153.4
Исторический центр,кирпич,Улица_63,175.7
Центр,кирпич,Улица_20,140.5
Исторический центр,дерево,Улица_0,148.7
Центр,кирпич,Улица_14,140.5
Центр,монолит,Улица_35,110.3
Центр,кирпич,Улица_46,153.5
Окраины,кирпич,Улица_53,112.5
Окраины,монолит,Улица_31,73.7
Окраины,панель,Улица_57,96.2
Окраины,монолит,Улица_45,72.6
Исторический центр,кирпич,Улица_53,189.6
Исторический центр,панель,Улица_32,133.5
Окраины,монолит,Улица_38,99.5
Исторический центр,панель,Улица_22,124.3
Исторический центр,панель,Улица_42,123.3
Центр,дерево,Улица_54,87.3
Центр,монолит,Улица_1,129.4
Центр,дерево,Улица_37,93.3
Центр,монолит,Улица_28,158.3
Исторический центр,монолит,Улица_35,204.3
Окраины,кирпич,Улица_28,93.8
Исторический центр,панель,Улица_36,131.7
Исторический центр,монолит,Улица_44,182.7
Исторический центр,кирпич,Улица_15,190.3
Центр,кирпич,Улица_30,105.0
Центр,кирпич,Улица_33,120.7
Центр,кирпич,Улица_49,103.8
Окраины,дерево,Улица_64,40.0
Исторический центр,монолит,Улица_61,164.7
Окраины,панель,Улица_42,50.3
Центр,кирпич,Улица_55,132.4
Окраины,монолит,Улица_14,96.9
Исторический центр,панель,Улица_47,171.0
Исторический центр,дерево,Улица_48,133.1
Центр,панель,Улица_43,87.3
Центр,кирпич,Улица_9,131.2
Окраины,панель,Улица_19,40.0
Центр,дерево,Улица_7,79.2
Центр,монолит,Улица_44,132.9
Исторический центр,монолит,Улица_33,226.3
Центр,кирпич,Улица_50,109.3
Центр,монолит,Улица_3,110.7
Исторический центр,монолит,Улица_38,199.4
Исторический центр,кирпич,Улица_23,179.6
Окраины,панель,Улица_54,40.0
Центр,кирпич,Улица_25,156.2
Исторический центр,кирпич,Улица_24,154.4
Окраины,кирпич,Улица_35,90.1
Окраины,кирпич,Улица_57,77.8
Центр,панель,Улица_11,84.7
Центр,кирпич,Улица_0,126.4
Окраины,кирпич,Улица_49,45.3
Исторический центр,монолит,Улица_24,172.0
Окраины,панель,Улица_4,40.0
Центр,панель,Улица_5,73.0
Исторический центр,панель,Улица_25,146.8
Исторический центр,монолит,Улица_54,120.3
Окраины,кирпич,Улица_38,96.7
Центр,монолит,Улица_8,149.2
Окраины,кирпич,Улица_44,89.8
Окраины,монолит,Улица_13,66.1
Окраины,кирпич,Улица_54,47.3
Исторический центр,монолит,Улица_8,182.0
Исторический центр,панель,Улица_14,136.3
Центр,панель,Улица_36,78.0
Центр,кирпич,Улица_49,124.0
Окраины,панель,Улица_20,48.8
Окраины,дерево,Улица_56,40.0
Окраины,монолит,Улица_18,109.6
Центр,кирпич,Улица_57,113.5
Исторический центр,панель,Улица_5,170.3
Исторический центр,дерево,Улица_3,122.9
Окраины,панель,Улица_42,44.8
Окраины,монолит,Улица_41,68.8
Окраины,дерево,Улица_2,40.0
Окраины,монолит,Улица_0,110.0
Центр,панель,Улица_54,74.4
Исторический центр,панель,Улица_14,151.9
Окраины,кирпич,Улица_46,106.9
Центр,монолит,Улица_45,168.4
Окраины,кирпич,Улица_57,113.6
Окраины,кирпич,Улица_38,96.8
Исторический центр,панель,Улица_2,144.7
Окраины,кирпич,Улица_29,40.0
Исторический центр,монолит,Улица_34,193.6
Исторический центр,панель,Улица_56,163.6
Исторический центр,панель,Улица_28,141.4
Центр,панель,Улица_49,100.7
Центр,дерево,Улица_61,40.0
Исторический центр,кирпич,Улица_51,174.0
Окраины,монолит,Улица_13,55.4
Исторический центр,дерево,Улица_34,150.6
Окраины,панель,Улица_27,75.4
Исторический центр,панель,Улица_57,142.7
Окраины,дерево,Улица_29,40.0
Центр,кирпич,Улица_6,126.5
Окраины,панель,Улица_38,40.0
Исторический центр,панель,Улица_34,149.7
Центр,кирпич,Улица_51,124.2
Окраины,монолит,Улица_13,98.2
Окраины,монолит,Улица_62,85.7
Окраины,монолит,Улица_35,74.7
Окраины,кирпич,Улица_23,96.3
Окраины,кирпич,Улица_39,100.3
Центр,панель,Улица_28,89.9
Центр,кирпич,Улица_52,115.6
Центр,монолит,Улица_21,146.9
Центр,панель,Улица_14,134.4
Исторический центр,монолит,Улица_63,189.6
Центр,панель,Улица_3,78.8
Окраины,панель,Улица_17,40.0
Окраины,кирпич,Улица_41,72.7
Центр,кирпич,Улица_29,111.1
Окраины,панель,Улица_14,86.0
Центр,монолит,Улица_54,115.8
Окраины,монолит,Улица_52,109.3
Исторический центр,монолит,Улица_15,212.9
Исторический центр,дерево,Улица_33,152.3
Центр,кирпич,Улица_26,173.3
Центр,кирпич,Улица_12,123.7
Центр,кирпич,Улица_26,144.1
Окраины,монолит,Улица_30,59.4
Центр,панель,Улица_2,122.1
Исторический центр,монолит,Улица_29,183.1
Окраины,панель,Улица_20,40.0
Центр,дерево,Улица_5,83.5
Окраины,дерево,Улица_31,47.9
Окраины,кирпич,Улица_41,86.1
Центр,панель,Улица_61,84.2
Окраины,панель,Улица_31,45.9
Исторический центр,кирпич,Улица_38,181.3
Исторический центр,панель,Улица_63,172.4
Окраины,монолит,Улица_29,65.1
Центр,кирпич,Улица_62,128.4
Окраины,панель,Улица_30,40.0
Исторический центр,монолит,Улица_39,193.2
Окраины,кирпич,Улица_32,49.2
Окраины,панель,Улица_62,46.5
Исторический центр,кирпич,Улица_24,180.0
Окраины,монолит,Улица_35,79.0
Окраины,кирпич,Улица_23,81.0
Центр,монолит,Улица_57,113.2
Центр,панель,Улица_38,120.2
Исторический центр,кирпич,Улица_45,185.6
Исторический центр,панель,Улица_9,138.9
Исторический центр,панель,Улица_31,113.1
Центр,панель,Улица_35,87.9
Исторический центр,панель,Улица_27,151.2
Исторический центр,панель,Улица_15,167.0
Исторический центр,кирпич,Улица_15,197.4
Центр,кирпич,Улица_17,91.2
Окраины,монолит,Улица_7,77.6
Исторический центр,панель,Улица_0,170.5
Окраины,панель,Улица_61,40.0
Исторический центр,монолит,Улица_37,179.6
Окраины,панель,Улица_44,72.4
Центр,монолит,Улица_57,135.2
Центр,кирпич,Улица_0,141.6
Исторический центр,кирпич,Улица_31,168.1
Окраины,дерево,Улица_7,42.4
Центр,панель,Улица_39,127.3
Исторический центр,монолит,Улица_55,162.9
Исторический центр,кирпич,Улица_62,205.2
Центр,панель,Улица_35,90.3
Центр,монолит,Улица_56,132.1
Исторический центр,кирпич,Улица_44,190.4
Окраины,монолит,Улица_1,78.3
Окраины,панель,Улица_49,40.0
Окраины,панель,Улица_28,93.8
Исторический центр,панель,Улица_9,160.5
Центр,монолит,Улица_26,149.0
Исторический центр,кирпич,Улица_14,164.0
Центр,кирпич,Улица_59,139.7
Окраины,монолит,Улица_30,80.6
Окраины,монолит,Улица_20,98.3
Центр,кирпич,Улица_59,139.0
Центр,панель,Улица_57,100.2
Исторический центр,панель,Улица_40,149.6
Окраины,панель,Улица_45,51.2
Исторический центр,кирпич,Улица_44,182.4
Исторический центр,монолит,Улица_25,200.0
Исторический центр,кирпич,Улица_50,162.2
Окраины,монолит,Улица_35,72.9
Исторический центр,монолит,Улица_51,191.1
Исторический центр,панель,Улица_50,150.8
Исторический центр,кирпич,Улица_2,145.6
Исторический центр,кирпич,Улица_13,180.7
Исторический центр,панель,Улица_48,99.4
Исторический центр,монолит,Улица_0,193.8
Окраины,панель,Улица_56,40.0
Исторический центр,панель,Улица_16,161.5
Центр,панель,Улица_49,56.9
Исторический центр,кирпич,Улица_13,164.2
Исторический центр,кирпич,Улица_58,216.8
Окраины,кирпич,Улица_2,64.6
Окраины,кирпич,Улица_39,78.2
Центр,панель,Улица_33,128.7
Центр,монолит,Улица_8,167.4
Окраины,монолит,Улица_20,113.3
Окраины,кирпич,Улица_24,73.9
Исторический центр,кирпич,Улица_43,196.9
Окраины,кирпич,Улица_24,64.2
Центр,кирпич,Улица_8,153.0
Исторический центр,панель,Улица_61,156.3
Центр,панель,Улица_25,105.9
Исторический центр,кирпич,Улица_56,176.7
Окраины,кирпич,Улица_36,92.2
Центр,кирпич,Улица_15,143.6
Исторический центр,кирпич,Улица_36,187.3
Исторический центр,монолит,Улица_23,169.0
Окраины,кирпич,Улица_25,71.9
Окраины,панель,Улица_19,69.9
Окраины,панель,Улица_8,51.7
Центр,монолит,Улица_28,146.7
Исторический центр,монолит,Улица_30,168.0
Окраины,монолит,Улица_18,53.6
Центр,кирпич,Улица_19,124.2
Центр,панель,Улица_26,134.1
Центр,монолит,Улица_43,139.3
Окраины,кирпич,Улица_34,85.0
Окраины,панель,Улица_21,40.0
Исторический центр,монолит,Улица_14,180.1
Исторический центр,панель,Улица_12,152.2
Окраины,кирпич,Улица_3,63.2
Центр,кирпич,Улица_55,135.7
Центр,панель,Улица_22,84.4
Центр,кирпич,Улица_33,139.5
Исторический центр,монолит,Улица_16,175.4
Центр,монолит,Улица_27,169.3
Исторический центр,кирпич,Улица_13,159.0
Исторический центр,монолит,Улица_33,192.2
Центр,панель,Улица_56,99.8
Центр,кирпич,Улица_54,162.4
Окраины,монолит,Улица_36,65.4
Окраины,монолит,Улица_25,73.7
Центр,панель,Улица_60,92.9
Исторический центр,монолит,Улица_51,181.4
Исторический центр,монолит,Улица_17,153.4
Исторический центр,монолит,Улица_52,194.9
Исторический центр,панель,Улица_62,184.8
Исторический центр,монолит,Улица_52,193.0
Окраины,дерево,Улица_26,63.4
Центр,монолит,Улица_30,142.7
Окраины,кирпич,Улица_0,65.2
Исторический центр,панель,Улица_5,140.0
Исторический центр,панель,Улица_10,146.1
Исторический центр,кирпич,Улица_33,170.1
Исторический центр,дерево,Улица_62,94.4
Центр,кирпич,Улица_52,168.6
Исторический центр,кирпич,Улица_17,171.6
Центр,дерево,Улица_20,71.9
Исторический центр,панель,Улица_18,141.8
Центр,кирпич,Улица_3,128.3
Окраины,панель,Улица_28,72.0
Исторический центр,панель,Улица_24,142.6
Центр,кирпич,Улица_55,141.7
Окраины,дерево,Улица_62,40.0
Исторический центр,панель,Улица_26,173.0
Исторический центр,панель,Улица_59,151.1
Исторический центр,панель,Улица_48,108.8
Центр,панель,Улица_64,110.0
Центр,кирпич,Улица_37,157.7
Окраины,кирпич,Улица_51,89.1
Центр,панель,Улица_0,145.5
Центр,монолит,Улица_39,166.1
Исторический центр,кирпич,Улица_20,207.0
Исторический центр,панель,Улица_14,175.0
Исторический центр,монолит,Улица_49,152.8
Исторический центр,кирпич,Улица_47,178.8
Исторический центр,кирпич,Улица_31,189.5
Исторический центр,кирпич,Улица_48,146.1
Исторический центр,панель,Улица_44,140.8
Окраины,кирпич,Улица_31,119.0
Окраины,панель,Улица_3,40.0
Окраины,панель,Улица_64,79.3
Окраины,панель,Улица_64,50.5
Исторический центр,кирпич,Улица_17,162.2
Окраины,панель,Улица_53,81.6
Исторический центр,монолит,Улица_46,214.2
Окраины,дерево,Улица_5,40.0
Центр,монолит,Улица_8,120.6
Окраины,панель,Улица_22,40.0
Окраины,панель,Улица_42,54.0
Исторический центр,кирпич,Улица_50,180.2
Окраины,кирпич,Улица_24,53.3
Центр,кирпич,Улица_34,107.7
Исторический центр,монолит,Улица_16,163.0
Исторический центр,кирпич,Улица_17,176.9
Окраины,кирпич,Улица_26,104.3
Исторический центр,дерево,Улица_14,151.8
Исторический центр,кирпич,Улица_14,176.3
Исторический центр,кирпич,Улица_41,182.2
Исторический центр,кирпич,Улица_33,216.7
Исторический центр,панель,Улица_47,150.5
Исторический центр,панель,Улица_7,153.2
Центр,панель,Улица_9,122.2
Окраины,панель,Улица_4,40.0
Центр,монолит,Улица_47,104.9
Исторический центр,монолит,Улица_25,172.0
Исторический центр,дерево,Улица_22,101.7
Окраины,монолит,Улица_61,42.7
Центр,панель,Улица_12,97.2
Окраины,кирпич,Улица_8,74.8
Центр,кирпич,Улица_19,132.0
Исторический центр,кирпич,Улица_56,207.4
Окраины,монолит,Улица_23,82.8
Окраины,монолит,Улица_32,74.8
Исторический центр,панель,Улица_19,157.9
Окраины,кирпич,Улица_59,107.4
Центр,панель,Улица_47,128.9
Центр,дерево,Улица_63,136.9
Центр,панель,Улица_29,119.9
Центр,монолит,Улица_16,106.9
Исторический центр,монолит,Улица_13,152.0
Окраины,дерево,Улица_18,40.0
Центр,монолит,Улица_58,129.6
Исторический центр,монолит,Улица_43,191.0
Окраины,кирпич,Улица_31,95.2
Окраины,кирпич,Улица_10,57.4
Исторический центр,панель,Улица_1,190.2
Исторический центр,кирпич,Улица_16,200.7
Центр,дерево,Улица_39,116.7
Окраины,кирпич,Улица_45,109.6
Окраины,монолит,Улица_3,92.8
Исторический центр,панель,Улица_37,162.4
Окраины,кирпич,Улица_62,98.8
Центр,дерево,Улица_28,93.9
Окраины,панель,Улица_18,40.0
Исторический центр,панель,Улица_28,135.3
Исторический центр,кирпич,Улица_34,154.7
Центр,монолит,Улица_22,152.0
Центр,кирпич,Улица_45,166.3
Окраины,панель,Улица_43,79.1
Окраины,панель,Улица_47,75.8
Исторический центр,монолит,Улица_51,197.3
Центр,монолит,Улица_7,120.2
Центр,панель,Улица_54,69.6
Центр,кирпич,Улица_39,172.5
Окраины,монолит,Улица_30,60.5
Центр,кирпич,Улица_47,144.2
Исторический центр,панель,Улица_60,156.8
Исторический центр,панель,Улица_51,151.1
Окраины,монолит,Улица_37,43.1
Окраины,панель,Улица_35,44.2
Центр,панель,Улица_54,82.7
Окраины,монолит,Улица_12,70.7
Исторический центр,панель,Улица_36,165.0
Центр,кирпич,Улица_46,162.6
Исторический центр,панель,Улица_21,142.2
Центр,монолит,Улица_38,143.4
Окраины,дерево,Улица_57,50.0
Центр,панель,Улица_29,74.4
Центр,панель,Улица_17,117.5
Исторический центр,кирпич,Улица_17,182.7
Исторический центр,монолит,Улица_38,177.0
Центр,монолит,Улица_25,146.1
Окраины,кирпич,Улица_6,64.6
Окраины,кирпич,Улица_64,103.6
Исторический центр,монолит,Улица_45,221.0
Окраины,кирпич,Улица_17,45.7
Исторический центр,кирпич,Улица_12,172.3
Окраины,кирпич,Улица_24,96.5
Центр,кирпич,Улица_7,151.1
Исторический центр,панель,Улица_31,197.5
Исторический центр,монолит,Улица_16,197.5
Центр,кирпич,Улица_47,128.4
Исторический центр,кирпич,Улица_62,209.7
Окраины,кирпич,Улица_39,95.0
Окраины,панель,Улица_14,49.9
Исторический центр,кирпич,Улица_5,189.4
Окраины,панель,Улица_62,49.6
Исторический центр,монолит,Улица_7,192.8
Центр,кирпич,Улица_31,130.6
Исторический центр,кирпич,Улица_44,227.9
Центр,кирпич,Улица_51,135.0
Окраины,панель,Улица_12,57.5
Центр,монолит,Улица_23,111.1
Окраины,кирпич,Улица_39,144.9
Исторический центр,дерево,Улица_13,136.5
Окраины,кирпич,Улица_61,78.2
Исторический центр,монолит,Улица_60,170.7
Исторический центр,панель,Улица_0,170.8
Центр,монолит,Улица_31,105.2
Центр,панель,Улица_12,78.9
Центр,панель,Улица_32,114.1
Центр,монолит,Улица_31,83.4
Окраины,монолит,Улица_55,73.0
Окраины,панель,Улица_23,45.9
Окраины,кирпич,Улица_3,64.3
Исторический центр,кирпич,Улица_22,180.7
Окраины,монолит,Улица_28,68.6
Окраины,панель,Улица_20,61.6
Окраины,панель,Улица_29,40.0
Центр,монолит,Улица_19,115.9
Окраины,монолит,Улица_15,55.2
Исторический центр,панель,Улица_48,146.1
Центр,монолит,Улица_57,165.1
Исторический центр,монолит,Улица_43,190.1
Окраины,панель,Улица_24,45.3
Центр,кирпич,Улица_22,117.8
Исторический центр,монолит,Улица_58,207.0
Окраины,панель,Улица_0,67.2
Исторический центр,дерево,Улица_14,132.5
Исторический центр,кирпич,Улица_51,200.0
Исторический центр,кирпич,Улица_57,191.6
Окраины,дерево,Улица_40,40.0
Окраины,панель,Улица_43,46.8
Исторический центр,панель,Улица_3,131.7
Центр,монолит,Улица_6,136.2
Центр,монолит,Улица_45,150.8
Окраины,панель,Улица_8,86.4
Окраины,кирпич,Улица_32,130.7
Окраины,монолит,Улица_32,81.3
Окраины,монолит,Улица_3,107.1
Окраины,кирпич,Улица_64,103.1
Центр,монолит,Улица_33,145.4
Окраины,монолит,Улица_63,60.4
Исторический центр,панель,Улица_24,126.5
Исторический центр,монолит,Улица_54,168.8
Центр,панель,Улица_8,140.0
Исторический центр,кирпич,Улица_16,182.3
Центр,монолит,Улица_20,138.4
Центр,монолит,Улица_59,155.6
Исторический центр,монолит,Улица_12,121.6
Окраины,панель,Улица_2,76.9
Исторический центр,кирпич,Улица_3,203.8
Исторический центр,кирпич,Улица_6,164.2
Центр,панель,Улица_25,131.2
Исторический центр,кирпич,Улица_23,193.9
Центр,панель,Улица_9,113.3
Окраины,панель,Улица_12,49.9
Окраины,монолит,Улица_43,90.7
Окраины,кирпич,Улица_38,120.4
Исторический центр,панель,Улица_18,132.4
Центр,панель,Улица_50,76.1
Окраины,кирпич,Улица_18,53.4
Центр,кирпич,Улица_51,155.7
Центр,кирпич,Улица_46,156.7
Окраины,монолит,Улица_29,54.4
Окраины,кирпич,Улица_45,124.1
Центр,монолит,Улица_20,164.6
Окраины,дерево,Улица_47,40.0
Центр,монолит,Улица_61,125.8
Центр,кирпич,Улица_57,156.4
Окраины,дерево,Улица_17,40.0
Исторический центр,кирпич,Улица_58,178.3
Окраины,панель,Улица_47,47.6
Исторический центр,монолит,Улица_62,157.8
Центр,панель,Улица_11,88.7
Центр,панель,Улица_33,96.3
Исторический центр,кирпич,Улица_60,165.6
Центр,панель,Улица_52,107.6
Исторический центр,панель,Улица_24,151.5
Исторический центр,кирпич,Улица_61,155.5
Центр,дерево,Улица_3,86.1
Исторический центр,дерево,Улица_12,145.7
Окраины,монолит,Улица_41,79.0
Окраины,панель,Улица_48,50.5
Центр,монолит,Улица_55,124.4
Центр,дерево,Улица_46,107.9
Исторический центр,монолит,Улица_7,200.3
Исторический центр,панель,Улица_54,153.7
Исторический центр,кирпич,Улица_17,177.4
Исторический центр,кирпич,Улица_34,187.5
Окраины,панель,Улица_31,40.0
Окраины,панель,Улица_23,53.0
Центр,монолит,Улица_6,108.5
Исторический центр,кирпич,Улица_12,182.4
Исторический центр,кирпич,Улица_41,177.7
Центр,панель,Улица_30,67.8
Исторический центр,панель,Улица_25,159.9
Исторический центр,кирпич,Улица_31,188.4
Исторический центр,монолит,Улица_51,179.1
Исторический центр,панель,Улица_19,126.5
Исторический центр,монолит,Улица_39,176.8
Центр,панель,Улица_58,133.3
Исторический центр,кирпич,Улица_13,190.7
Центр,панель,Улица_43,83.7
Исторический центр,монолит,Улица_47,168.2
Окраины,кирпич,Улица_42,75.8
Окраины,монолит,Улица_15,70.4
Окраины,панель,Улица_34,74.5
Окраины,монолит,Улица_52,117.7
Центр,монолит,Улица_33,125.6
Центр,кирпич,Улица_2,127.4
Исторический центр,монолит,Улица_4,158.1
Окраины,кирпич,Улица_9,95.4
Центр,монолит,Улица_51,111.6
Исторический центр,панель,Улица_28,154.9
Исторический центр,панель,Улица_30,115.8
Центр,монолит,Улица_36,103.5
Окраины,монолит,Улица_26,72.6
Исторический центр,кирпич,Улица_32,191.7
Окраины,монолит,Улица_58,72.9
Окраины,панель,Улица_63,70.3
Окраины,панель,Улица_43,40.0
Исторический центр,монолит,Улица_48,182.4
Окраины,панель,Улица_52,49.7
Исторический центр,кирпич,Улица_48,183.5
Окраины,монолит,Улица_62,89.3
Исторический центр,кирпич,Улица_24,199.9
Окраины,монолит,Улица_3,92.2
Центр,кирпич,Улица_50,147.3
Окраины,кирпич,Улица_10,61.5
Окраины,кирпич,Улица_16,40.0
Исторический центр,панель,Улица_28,187.3
Исторический центр,монолит,Улица_19,195.3
Окраины,кирпич,Улица_26,69.2
Центр,кирпич,Улица_7,138.5
Центр,дерево,Улица_60,60.6
Исторический центр,кирпич,Улица_27,206.4
Центр,монолит,Улица_2,122.9
Окраины,кирпич,Улица_6,89.0
Исторический центр,монолит,Улица_59,182.6
Окраины,кирпич,Улица_3,102.2
Исторический центр,монолит,Улица_4,135.6
Исторический центр,монолит,Улица_10,161.2
Исторический центр,панель,Улица_14,158.2
Исторический центр,кирпич,Улица_63,199.5
Центр,монолит,Улица_12,105.2
Окраины,панель,Улица_6,65.3
Окраины,кирпич,Улица_5,43.1
Окраины,кирпич,Улица_55,99.6
Исторический центр,монолит,Улица_63,156.5
Центр,кирпич,Улица_49,106.2
Окраины,панель,Улица_29,51.7
Центр,панель,Улица_21,122.4
Исторический центр,монолит,Улица_24,129.7
Окраины,дерево,Улица_27,58.0
Центр,дерево,Улица_38,66.9
Исторический центр,кирпич,Улица_4,151.4
Центр,монолит,Улица_64,158.6
Окраины,кирпич,Улица_14,108.1
Окраины,панель,Улица_39,63.3
Исторический центр,панель,Улица_42,145.5
Исторический центр,кирпич,Улица_0,210.1
Исторический центр,дерево,Улица_21,144.5
Центр,кирпич,Улица_61,119.5
Центр,монолит,Улица_25,116.7
Центр,монолит,Улица_17,103.9
Исторический центр,монолит,Улица_47,180.8
Окраины,кирпич,Улица_8,98.1
Окраины,панель,Улица_0,62.8
Центр,монолит,Улица_8,155.9
Центр,кирпич,Улица_22,140.6
Окраины,панель,Улица_44,66.6
Окраины,кирпич,Улица_1,109.7
Центр,панель,Улица_13,110.1
Центр,монолит,Улица_37,144.6
Окраины,панель,Улица_39,70.3
Исторический центр,панель,Улица_62,142.2
Центр,панель,Улица_15,130.5
Окраины,панель,Улица_5,40.0
Окраины,кирпич,Улица_2,99.4
Окраины,кирпич,Улица_13,90.0
Окраины,панель,Улица_30,53.5
Исторический центр,панель,Улица_32,160.6
Окраины,панель,Улица_0,45.2
Центр,кирпич,Улица_43,138.3
Исторический центр,панель,Улица_14,161.2
Окраины,кирпич,Улица_36,111.9
Исторический центр,дерево,Улица_26,153.5
Центр,панель,Улица_47,94.4
Окраины,кирпич,Улица_26,97.2
Центр,кирпич,Улица_11,105.7
Окраины,дерево,Улица_29,42.1
Окраины,кирпич,Улица_6,71.4
Окраины,монолит,Улица_33,81.5
Окраины,кирпич,Улица_31,64.0
Окраины,дерево,Улица_38,71.8
Исторический центр,монолит,Улица_42,158.1
Окраины,панель,Улица_42,40.0
Окраины,кирпич,Улица_2,107.1
Исторический центр,кирпич,Улица_45,209.0
Исторический центр,панель,Улица_31,128.3
Исторический центр,панель,Улица_42,105.0
Исторический центр,кирпич,Улица_2,219.5
Исторический центр,кирпич,Улица_62,151.4
Исторический центр,панель,Улица_39,185.6
Окраины,панель,Улица_17,54.0
Окраины,кирпич,Улица_61,81.7
Центр,кирпич,Улица_9,149.9
Окраины,дерево,Улица_51,75.2
Окраины,панель,Улица_45,40.0
Исторический центр,монолит,Улица_54,166.6
Исторический центр,панель,Улица_45,198.1
Окраины,кирпич,Улица_59,116.3
Центр,кирпич,Улица_25,146.7
Исторический центр,кирпич,Улица_26,179.3
Окраины,монолит,Улица_37,102.5
Окраины,монолит,Улица_21,81.9
Центр,кирпич,Улица_25,129.0
Центр,дерево,Улица_34,117.1
Исторический центр,кирпич,Улица_50,200.0
Центр,дерево,Улица_17,76.8
Окраины,дерево,Улица_42,40.0
Окраины,кирпич,Улица_11,74.3
Центр,кирпич,Улица_2,157.2
Центр,панель,Улица_6,76.6
Центр,монолит,Улица_5,113.5
Центр,панель,Улица_44,124.6
Исторический центр,дерево,Улица_38,171.2
Центр,монолит,Улица_50,72.6
Исторический центр,кирпич,Улица_8,201.1
Окраины,кирпич,Улица_22,88.9
Центр,монолит,Улица_11,114.2
Исторический центр,кирпич,Улица_61,176.5
Центр,монолит,Улица_39,125.9
Окраины,кирпич,Улица_53,86.9
Окраины,кирпич,Улица_6,63.8
Окраины,кирпич,Улица_16,74.0
Центр,монолит,Улица_49,113.4
Центр,кирпич,Улица_23,127.4
Исторический центр,монолит,Улица_1,155.3
Окраины,панель,Улица_32,43.3
Центр,монолит,Улица_20,132.7
Окраины,панель,Улица_52,40.0
Окраины,кирпич,Улица_45,84.9
Исторический центр,монолит,Улица_44,220.1
Исторический центр,кирпич,Улица_8,175.8
Исторический центр,панель,Улица_5,97.4
Исторический центр,кирпич,Улица_50,182.1
Окраины,монолит,Улица_34,79.3
Исторический центр,дерево,Улица_52,163.6
Исторический центр,панель,Улица_18,117.0
Исторический центр,панель,Улица_24,116.7
Исторический центр,монолит,Улица_10,182.4
Окраины,кирпич,Улица_16,90.7
Исторический центр,дерево,Улица_35,163.0
Окраины,кирпич,Улица_20,120.8
Центр,дерево,Улица_17,73.7
Окраины,монолит,Улица_59,73.0
Окраины,монолит,Улица_17,40.0
Исторический центр,монолит,Улица_0,153.5
Центр,панель,Улица_13,114.9
Центр,панель,Улица_7,116.2
Центр,кирпич,Улица_50,125.4
Центр,панель,Улица_59,104.1
Окраины,панель,Улица_33,53.6
Центр,монолит,Улица_35,112.3
Окраины,панель,Улица_61,40.0
Окраины,кирпич,Улица_0,97.0
Окраины,кирпич,Улица_41,52.2
Центр,монолит,Улица_0,147.1
Исторический центр,кирпич,Улица_53,197.4
Исторический центр,кирпич,Улица_46,225.9
Центр,монолит,Улица_38,107.7
Исторический центр,панель,Улица_29,119.3
Исторический центр,панель,Улица_6,138.8
Окраины,кирпич,Улица_21,121.4
Окраины,монолит,Улица_49,54.8
Центр,кирпич,Улица_44,148.1
Центр,монолит,Улица_9,145.5
Исторический центр,кирпич,Улица_13,165.4
Окраины,монолит,Улица_45,100.1
Центр,панель,Улица_5,104.0
Центр,панель,Улица_20,100.0
Центр,панель,Улица_61,98.8
Центр,панель,Улица_18,100.9
Центр,кирпич,Улица_61,166.1
Центр,монолит,Улица_52,144.0
Исторический центр,кирпич,Улица_23,127.8
Окраины,дерево,Улица_55,40.0
Окраины,монолит,Улица_61,51.9
Центр,кирпич,Улица_33,161.6
Окраины,монолит,Улица_21,87.1
Окраины,панель,Улица_56,40.0
Окраины,кирпич,Улица_9,64.1
Центр,дерево,Улица_7,95.9
Центр,монолит,Улица_37,103.3
Окраины,панель,Улица_61,40.0
Окраины,панель,Улица_27,93.6
Центр,кирпич,Улица_9,118.2
Исторический центр,дерево,Улица_44,147.0
Окраины,кирпич,Улица_64,87.7
Исторический центр,кирпич,Улица_8,194.6
Окраины,панель,Улица_4,44.2
Исторический центр,панель,Улица_9,138.4
Исторический центр,панель,Улица_11,168.7
Исторический центр,кирпич,Улица_57,177.2
Центр,кирпич,Улица_20,186.3
Исторический центр,кирпич,Улица_20,199.8
Исторический центр,дерево,Улица_64,170.4
Исторический центр,кирпич,Улица_2,213.2
Окраины,монолит,Улица_63,89.9
Исторический центр,монолит,Улица_48,133.0
Окраины,монолит,Улица_16,81.7
Исторический центр,монолит,Улица_31,162.9
Исторический центр,кирпич,Улица_20,209.8
Центр,кирпич,Улица_6,133.4
Окраины,панель,Улица_6,54.8
Исторический центр,кирпич,Улица_26,165.3
Окраины,монолит,Улица_7,111.5
Окраины,панель,Улица_27,87.9
Центр,монолит,Улица_46,148.7
Центр,кирпич,Улица_9,166.8
Центр,дерево,Улица_32,73.7
Центр,кирпич,Улица_6,134.4
Центр,панель,Улица_2,129.4
Центр,панель,Улица_13,97.4
Центр,монолит,Улица_43,126.3
Центр,панель,Улица_45,115.2
Исторический центр,дерево,Улица_60,104.7
Окраины,дерево,Улица_35,40.0
Центр,монолит,Улица_12,109.0
Центр,кирпич,Улица_15,123.3
Окраины,монолит,Улица_4,54.5
Исторический центр,монолит,Улица_37,190.4
Окраины,кирпич,Улица_49,85.9
Окраины,кирпич,Улица_37,82.5
Центр,кирпич,Улица_55,131.4
Окраины,кирпич,Улица_62,79.0
Окраины,панель,Улица_47,55.5
Центр,дерево,Улица_58,100.2
Центр,панель,Улица_43,85.3
Центр,панель,Улица_54,96.0
Центр,дерево,Улица_54,81.6
Окраины,кирпич,Улица_0,84.1
Окраины,монолит,Улица_7,64.8
Исторический центр,панель,Улица_3,137.5
Исторический центр,панель,Улица_52,167.4
Окраины,кирпич,Улица_57,97.6
Исторический центр,панель,Улица_36,139.7
Окраины,кирпич,Улица_48,84.4
Исторический центр,монолит,Улица_18,225.7
Центр,кирпич,Улица_0,166.4
Исторический центр,монолит,Улица_28,170.6
Центр,панель,Улица_32,99.5
Центр,кирпич,Улица_51,143.5
Центр,монолит,Улица_40,167.1
Центр,кирпич,Улица_22,128.8
Исторический центр,монолит,Улица_4,137.6
Окраины,дерево,Улица_56,41.9
Центр,монолит,Улица_5,116.1
Исторический центр,кирпич,Улица_48,144.1
Центр,панель,Улица_21,92.9
Исторический центр,монолит,Улица_3,161.4
Исторический центр,монолит,Улица_63,167.0
Исторический центр,кирпич,Улица_36,154.8
Окраины,панель,Улица_30,40.7
Исторический центр,панель,Улица_36,134.3
Исторический центр,кирпич,Улица_44,196.5
Окраины,кирпич,Улица_7,101.4
Окраины,панель,Улица_39,90.8
Исторический центр,монолит,Улица_4,140.6
Окраины,дерево,Улица_27,40.0
Центр,панель,Улица_8,121.2
Центр,панель,Улица_1,134.4
Окраины,кирпич,Улица_62,72.1
Окраины,дерево,Улица_50,40.0
Исторический центр,дерево,Улица_30,114.3
Окраины,дерево,Улица_6,40.0
Исторический центр,монолит,Улица_29,138.3
Центр,кирпич,Улица_57,165.7
Окраины,монолит,Улица_2,90.6
Исторический центр,панель,Улица_50,156.5
Исторический центр,кирпич,Улица_55,184.5
Центр,монолит,Улица_9,133.6
Окраины,кирпич,Улица_60,74.6
Центр,кирпич,Улица_49,97.5
Исторический центр,панель,Улица_46,167.2
Исторический центр,панель,Улица_0,170.6
Окраины,монолит,Улица_56,77.0
Исторический центр,кирпич,Улица_37,186.9
Окраины,кирпич,Улица_61,46.8
Центр,кирпич,Улица_64,118.2
Окраины,кирпич,Улица_61,83.0
Окраины,кирпич,Улица_55,89.7
Исторический центр,монолит,Улица_16,180.3
Исторический центр,панель,Улица_7,125.2
Окраины,монолит,Улица_59,101.9
Исторический центр,дерево,Улица_39,184.7
Исторический центр,монолит,Улица_61,151.9
Исторический центр,кирпич,Улица_40,178.1
Окраины,кирпич,Улица_11,84.7
Исторический центр,монолит,Улица_53,228.3
Окраины,панель,Улица_10,79.4
Исторический центр,монолит,Улица_59,210.6
Центр,монолит,Улица_45,110.1
Исторический центр,дерево,Улица_37,126.0
Исторический центр,дерево,Улица_60,141.4
Окраины,панель,Улица_16,55.0
Окраины,кирпич,Улица_35,107.0
Исторический центр,дерево,Улица_6,119.9
Центр,панель,Улица_15,139.9
Исторический центр,кирпич,Улица_13,182.8
Исторический центр,панель,Улица_24,137.3
Центр,панель,Улица_3,80.9
Окраины,монолит,Улица_28,83.1
Исторический центр,монолит,Улица_55,189.0
Окраины,кирпич,Улица_5,61.0
Окраины,дерево,Улица_0,40.0
Центр,монолит,Улица_38,148.5
Центр,панель,Улица_0,116.1
Окраины,кирпич,Улица_62,48.0
Исторический центр,панель,Улица_56,106.5
Окраины,монолит,Улица_64,97.1
Исторический центр,кирпич,Улица_64,198.0
Исторический центр,кирпич,Улица_20,188.8
Центр,монолит,Улица_29,122.1
Исторический центр,панель,Улица_32,158.8
Исторический центр,панель,Улица_47,154.0
Окраины,кирпич,Улица_21,125.0
Центр,панель,Улица_53,95.1
Исторический центр,монолит,Улица_3,184.4
Исторический центр,кирпич,Улица_54,174.2
Центр,кирпич,Улица_43,94.3
Окраины,монолит,Улица_11,64.3
Центр,дерево,Улица_51,99.3
Центр,панель,Улица_64,121.7
Исторический центр,кирпич,Улица_64,211.6
Исторический центр,кирпич,Улица_9,203.1
Окраины,монолит,Улица_17,40.0
Исторический центр,кирпич,Улица_46,195.6
Исторический центр,панель,Улица_48,117.0
Центр,панель,Улица_21,106.2
Исторический центр,кирпич,Улица_25,183.3
Окраины,монолит,Улица_8,92.8
Центр,монолит,Улица_20,137.9
Окраины,монолит,Улица_62,41.8
Центр,кирпич,Улица_5,98.6
Исторический центр,кирпич,Улица_13,157.2
Центр,панель,Улица_32,111.8
Центр,панель,Улица_23,100.1
Исторический центр,кирпич,Улица_50,159.4
Исторический центр,кирпич,Улица_1,194.2
Окраины,кирпич,Улица_14,80.7
Окраины,дерево,Улица_34,63.8
Исторический центр,монолит,Улица_35,146.6
Исторический центр,дерево,Улица_38,182.1
Исторический центр,кирпич,Улица_3,188.4
Центр,дерево,Улица_63,85.6
Центр,кирпич,Улица_5,124.3
Центр,панель,Улица_56,109.9
Исторический центр,монолит,Улица_29,173.4
Окраины,кирпич,Улица_14,71.0
Исторический центр,панель,Улица_16,152.1
Центр,кирпич,Улица_17,93.7
Центр,кирпич,Улица_18,121.4
Исторический центр,панель,Улица_23,108.5
Исторический центр,монолит,Улица_47,196.9
Центр,монолит,Улица_29,105.8
Центр,панель,Улица_14,114.1
Центр,панель,Улица_46,132.3
Исторический центр,кирпич,Улица_43,176.6
Центр,кирпич,Улица_26,134.0
Центр,дерево,Улица_63,114.1
Окраины,кирпич,Улица_40,89.4
Исторический центр,монолит,Улица_4,148.8
Окраины,кирпич,Улица_52,79.2
Окраины,монолит,Улица_7,85.7
Центр,монолит,Улица_21,153.7
Исторический центр,кирпич,Улица_6,172.4
Центр,кирпич,Улица_21,160.6
Исторический центр,монолит,Улица_45,182.3
Окраины,панель,Улица_29,40.0
Исторический центр,кирпич,Улица_15,210.3
Центр,монолит,Улица_4,91.2
Центр,кирпич,Улица_22,145.2
Центр,монолит,Улица_60,102.7
Исторический центр,панель,Улица_4,157.2
Окраины,кирпич,Улица_22,103.0
Окраины,монолит,Улица_24,66.3
Исторический центр,панель,Улица_7,206.3
Центр,кирпич,Улица_20,175.0
Окраины,панель,Улица_1,81.3
Центр,кирпич,Улица_21,155.3
Исторический центр,кирпич,Улица_63,179.8
Центр,кирпич,Улица_18,113.1
Окраины,панель,Улица_52,50.4
Окраины,кирпич,Улица_51,90.3
Центр,монолит,Улица_46,111.6
Исторический центр,монолит,Улица_53,145.7
Центр,панель,Улица_43,74.5
Исторический центр,монолит,Улица_6,195.5
Центр,монолит,Улица_0,156.8
Окраины,панель,Улица_62,50.9
Исторический центр,панель,Улица_38,173.7
Исторический центр,кирпич,Улица_18,173.9
Исторический центр,монолит,Улица_30,128.6
Окраины,кирпич,Улица_23,87.8
Центр,кирпич,Улица_64,121.6
Окраины,монолит,Улица_32,87.4
Исторический центр,кирпич,Улица_58,205.6
Центр,кирпич,Улица_32,131.3
Окраины,панель,Улица_31,42.5
Исторический центр,панель,Улица_58,159.7
Исторический центр,монолит,Улица_40,209.0
Окраины,монолит,Улица_11,78.7
Окраины,кирпич,Улица_10,88.7
Окраины,кирпич,Улица_18,79.1
Исторический центр,монолит,Улица_53,203.7
Окраины,кирпич,Улица_56,61.6
Исторический центр,панель,Улица_41,128.7
Окраины,кирпич,Улица_30,49.4
Исторический центр,панель,Улица_51,191.6
Исторический центр,панель,Улица_1,155.7
Центр,панель,Улица_37,86.1
Окраины,панель,Улица_31,51.4
Окраины,панель,Улица_9,58.2
Исторический центр,кирпич,Улица_7,196.3
Исторический центр,кирпич,Улица_19,227.5
Исторический центр,кирпич,Улица_19,215.5
Центр,панель,Улица_8,109.6
Центр,панель,Улица_14,89.3
Исторический центр,панель,Улица_62,161.5
Окраины,кирпич,Улица_20,73.2
Окраины,монолит,Улица_4,40.0
Центр,монолит,Улица_34,132.1
Центр,кирпич,Улица_47,153.0
Исторический центр,кирпич,Улица_61,150.5
Окраины,кирпич,Улица_34,105.3
Исторический центр,панель,Улица_20,119.0
Центр,панель,Улица_38,105.2
Окраины,кирпич,Улица_33,75.6
Окраины,монолит,Улица_14,75.9
Центр,кирпич,Улица_5,120.7
Исторический центр,панель,Улица_55,158.8
Исторический центр,панель,Улица_48,150.2
Окраины,монолит,Улица_0,109.4
Центр,кирпич,Улица_64,143.4
Окраины,монолит,Улица_27,65.4
Центр,монолит,Улица_19,171.7
Исторический центр,кирпич,Улица_47,191.4
Центр,кирпич,Улица_64,143.6
Исторический центр,панель,Улица_50,121.9
Центр,монолит,Улица_42,91.9
Окраины,монолит,Улица_48,63.6
Исторический центр,панель,Улица_24,128.4
Окраины,монолит,Улица_40,92.1
Окраины,кирпич,Улица_63,95.2
Исторический центр,кирпич,Улица_60,170.9
Исторический центр,дерево,Улица_11,104.9
Окраины,монолит,Улица_13,87.6
Окраины,панель,Улица_33,66.5
Окраины,монолит,Улица_47,89.0
Окраины,дерево,Улица_60,40.0
Исторический центр,монолит,Улица_34,173.5
Исторический центр,монолит,Улица_64,199.3
Окраины,монолит,Улица_58,87.8
Центр,кирпич,Улица_35,109.9
Центр,монолит,Улица_18,140.7
Исторический центр,кирпич,Улица_41,164.9
Окраины,монолит,Улица_18,52.2
Окраины,панель,Улица_38,51.6
Исторический центр,монолит,Улица_51,171.5
Центр,панель,Улица_11,123.9
Центр,кирпич,Улица_46,142.6
Центр,кирпич,Улица_35,130.5
Исторический центр,дерево,Улица_62,129.7
Центр,дерево,Улица_50,84.2
Исторический центр,кирпич,Улица_42,198.9
Исторический центр,дерево,Улица_33,175.4
Окраины,монолит,Улица_48,75.4
Центр,панель,Улица_17,70.8
Исторический центр,кирпич,Улица_60,175.2
Центр,дерево,Улица_56,45.3
Центр,панель,Улица_4,63.6
Окраины,монолит,Улица_23,40.0
Центр,монолит,Улица_63,130.3
Окраины,монолит,Улица_58,103.8
Исторический центр,монолит,Улица_37,163.1
Центр,кирпич,Улица_32,158.9
Исторический центр,кирпич,Улица_9,200.8
Центр,кирпич,Улица_36,145.5
Исторический центр,кирпич,Улица_10,157.4
Центр,панель,Улица_23,46.6
Центр,монолит,Улица_20,147.8
Центр,монолит,Улица_19,147.5
Центр,кирпич,Улица_9,138.5
Центр,панель,Улица_46,88.9
Центр,кирпич,Улица_46,180.0
Центр,кирпич,Улица_14,112.5
Центр,кирпич,Улица_43,136.9
Центр,монолит,Улица_61,142.4
Исторический центр,кирпич,Улица_5,142.7
Окраины,монолит,Улица_3,86.6
Центр,кирпич,Улица_22,155.8
Окраины,монолит,Улица_12,68.0
Центр,монолит,Улица_30,144.4
Центр,дерево,Улица_15,109.8
Исторический центр,монолит,Улица_40,169.4
Исторический центр,дерево,Улица_0,141.3
Окраины,монолит,Улица_11,64.2
Исторический центр,монолит,Улица_55,161.0
Исторический центр,кирпич,Улица_49,168.7
Окраины,кирпич,Улица_19,105.9
Исторический центр,кирпич,Улица_35,213.9
Центр,панель,Улица_37,88.6
Окраины,панель,Улица_21,41.6
Окраины,монолит,Улица_60,99.7
Центр,дерево,Улица_49,65.5
Исторический центр,панель,Улица_58,168.4
Окраины,панель,Улица_19,45.0
Окраины,дерево,Улица_35,55.0
Центр,кирпич,Улица_14,133.7
Центр,монолит,Улица_61,103.0
Исторический центр,кирпич,Улица_2,213.4
Окраины,монолит,Улица_4,56.4
Исторический центр,кирпич,Улица_55,188.2
Исторический центр,монолит,Улица_30,131.7
Центр,панель,Улица_34,79.8
Окраины,кирпич,Улица_25,78.6
Окраины,кирпич,Улица_0,66.7
Окраины,панель,Улица_6,46.7
Центр,дерево,Улица_35,45.8
Центр,монолит,Улица_24,110.2
Центр,панель,Улица_58,100.1
Центр,кирпич,Улица_60,130.5
Центр,панель,Улица_28,104.8
Окраины,монолит,Улица_17,40.0
Исторический центр,монолит,Улица_40,164.5
Окраины,кирпич,Улица_18,75.4
Исторический центр,монолит,Улица_3,187.5
Центр,монолит,Улица_64,167.1
Исторический центр,дерево,Улица_40,127.7
Окраины,дерево,Улица_14,40.0
Окраины,монолит,Улица_53,61.8
Исторический центр,монолит,Улица_63,162.2
Центр,кирпич,Улица_14,119.7
Центр,монолит,Улица_49,97.4
Окраины,панель,Улица_21,58.0
Исторический центр,кирпич,Улица_17,140.5
Центр,панель,Улица_1,138.2
Центр,монолит,Улица_35,89.4
Окраины,кирпич,Улица_19,131.7
Центр,панель,Улица_15,84.0
Исторический центр,панель,Улица_29,119.0
Окраины,кирпич,Улица_54,76.2
Окраины,кирпич,Улица_25,93.8
Исторический центр,монолит,Улица_56,163.4
Окраины,монолит,Улица_1,105.1
Центр,кирпич,Улица_55,129.1
Центр,монолит,Улица_61,137.0
Исторический центр,монолит,Улица_33,203.0
Центр,панель,Улица_55,53.6
Исторический центр,монолит,Улица_54,185.3
Исторический центр,дерево,Улица_19,140.8
Центр,панель,Улица_49,87.3
Исторический центр,кирпич,Улица_24,173.6
Центр,дерево,Улица_24,60.6
Окраины,панель,Улица_52,62.1
Окраины,кирпич,Улица_13,67.1
Исторический центр,панель,Улица_59,144.5
Центр,панель,Улица_42,68.5
Центр,монолит,Улица_61,122.5
Окраины,панель,Улица_62,52.0
Окраины,кирпич,Улица_1,110.9
Центр,монолит,Улица_53,106.3
Исторический центр,панель,Улица_15,148.3
Окраины,кирпич,Улица_54,104.2
Исторический центр,панель,Улица_42,108.6
Исторический центр,монолит,Улица_60,132.9
Окраины,кирпич,Улица_37,68.3
Исторический центр,панель,Улица_44,152.0
Исторический центр,кирпич,Улица_50,171.2
Центр,кирпич,Улица_41,134.8
Исторический центр,панель,Улица_23,160.8
Центр,кирпич,Улица_29,121.6
Окраины,монолит,Улица_36,40.0
Окраины,кирпич,Улица_52,90.8
Центр,монолит,Улица_62,126.0
Окраины,кирпич,Улица_10,75.7
Исторический центр,дерево,Улица_22,186.2
Исторический центр,панель,Улица_49,155.6
Исторический центр,монолит,Улица_54,182.6
Окраины,кирпич,Улица_54,92.8
Исторический центр,панель,Улица_3,146.6
Окраины,кирпич,Улица_53,75.8
Исторический центр,дерево,Улица_60,150.0
Центр,панель,Улица_4,104.1
Окраины,панель,Улица_17,40.0
Окраины,монолит,Улица_43,56.9
Исторический центр,панель,Улица_30,140.3
Окраины,монолит,Улица_20,90.0
Окраины,монолит,Улица_46,99.7
Центр,монолит,Улица_29,110.3
Центр,панель,Улица_54,102.1
Исторический центр,панель,Улица_40,157.1
Центр,кирпич,Улица_44,155.8
Исторический центр,монолит,Улица_29,170.3
Исторический центр,панель,Улица_44,143.8
Исторический центр,панель,Улица_44,160.1
Окраины,дерево,Улица_44,42.6
Центр,кирпич,Улица_54,131.0
Исторический центр,монолит,Улица_58,166.1
Центр,дерево,Улица_4,49.9
Исторический центр,монолит,Улица_31,158.7
Центр,монолит,Улица_5,157.2
Центр,панель,Улица_25,111.1
Исторический центр,кирпич,Улица_36,169.0
Окраины,монолит,Улица_12,40.0
Центр,кирпич,Улица_24,85.0
Окраины,кирпич,Улица_12,81.2
Окраины,монолит,Улица_19,104.4
Исторический центр,кирпич,Улица_59,176.1
Исторический центр,дерево,Улица_20,134.7
Исторический центр,монолит,Улица_60,158.6
Центр,монолит,Улица_25,144.3
Исторический центр,монолит,Улица_53,207.7
Исторический центр,монолит,Улица_41,128.9
Центр,монолит,Улица_10,118.5
Центр,панель,Улица_36,119.4
Исторический центр,кирпич,Улица_10,199.1
Исторический центр,монолит,Улица_26,157.1
Исторический центр,монолит,Улица_33,197.3
Исторический центр,панель,Улица_37,159.4
Окраины,кирпич,Улица_60,98.2
Окраины,панель,Улица_52,67.3
Исторический центр,кирпич,Улица_64,234.3
Окраины,дерево,Улица_2,40.0
Центр,дерево,Улица_27,80.7
Окраины,кирпич,Улица_13,57.2
Окраины,монолит,Улица_51,58.5
Исторический центр,кирпич,Улица_29,167.5
Окраины,монолит,Улица_57,72.3
Окраины,кирпич,Улица_53,72.8
Окраины,монолит,Улица_14,69.1
Окраины,панель,Улица_37,58.3
Центр,кирпич,Улица_13,167.7
Исторический центр,панель,Улица_56,182.6
Исторический центр,кирпич,Улица_58,161.8
Центр,панель,Улица_7,158.6
Окраины,кирпич,Улица_18,79.9
Центр,панель,Улица_31,107.6
Окраины,монолит,Улица_28,103.1
Центр,монолит,Улица_40,174.6
Исторический центр,монолит,Улица_44,164.6
Исторический центр,дерево,Улица_12,125.7
Исторический центр,кирпич,Улица_26,208.5
Окраины,кирпич,Улица_18,94.2
Окраины,панель,Улица_25,58.4
Центр,монолит,Улица_52,135.3
Центр,дерево,Улица_50,69.0
Исторический центр,кирпич,Улица_36,153.2
Окраины,панель,Улица_8,61.4
Центр,кирпич,Улица_51,152.7
Окраины,монолит,Улица_53,93.8
Окраины,панель,Улица_2,49.0
Исторический центр,кирпич,Улица_7,184.4
Исторический центр,панель,Улица_13,156.2
Окраины,монолит,Улица_2,106.6
Окраины,монолит,Улица_23,40.0
Окраины,кирпич,Улица_12,80.3
Окраины,монолит,Улица_42,87.4
Исторический центр,панель,Улица_28,175.4
Центр,монолит,Улица_50,105.8
Исторический центр,монолит,Улица_41,161.2
Центр,кирпич,Улица_30,112.4
Окраины,кирпич,Улица_62,40.0
Центр,монолит,Улица_25,139.3
Исторический центр,кирпич,Улица_17,156.8
Исторический центр,монолит,Улица_56,165.8
Окраины,монолит,Улица_6,95.8
Исторический центр,монолит,Улица_47,190.0
Окраины,кирпич,Улица_59,84.6
Исторический центр,кирпич,Улица_32,196.8
Исторический центр,монолит,Улица_2,200.4
Окраины,кирпич,Улица_3,60.9
Центр,монолит,Улица_3,168.9
Исторический центр,монолит,Улица_41,159.9
Центр,панель,Улица_8,112.9
Исторический центр,монолит,Улица_50,183.0
Исторический центр,кирпич,Улица_16,185.4
Исторический центр,кирпич,Улица_16,187.3
Исторический центр,дерево,Улица_19,145.6
Центр,дерево,Улица_13,105.0
Центр,панель,Улица_21,139.5
Исторический центр,дерево,Улица_51,165.5
Исторический центр,панель,Улица_26,169.8
Центр,кирпич,Улица_42,71.6
Окраины,кирпич,Улица_2,116.0
Окраины,дерево,Улица_7,73.8
Центр,кирпич,Улица_9,192.8
Исторический центр,панель,Улица_28,162.2
Исторический центр,панель,Улица_39,128.9
Окраины,монолит,Улица_64,83.5
Окраины,панель,Улица_20,82.6
Центр,кирпич,Улица_23,128.5
Окраины,кирпич,Улица_59,108.6
Центр,панель,Улица_25,114.1
Окраины,монолит,Улица_8,72.7
Окраины,панель,Улица_19,68.8
Окраины,монолит,Улица_55,43.3
Исторический центр,кирпич,Улица_35,164.8
Исторический центр,монолит,Улица_35,159.0
Исторический центр,панель,Улица_21,117.4
Окраины,кирпич,Улица_0,91.2
Центр,панель,Улица_36,80.7
Центр,монолит,Улица_12,110.0
Центр,монолит,Улица_42,98.2
Центр,кирпич,Улица_36,128.7
Исторический центр,монолит,Улица_24,183.1
Исторический центр,кирпич,Улица_20,172.3
Окраины,кирпич,Улица_40,72.4
Окраины,панель,Улица_41,47.8
Центр,монолит,Улица_41,116.7
Исторический центр,монолит,Улица_1,162.2
Центр,кирпич,Улица_7,131.4
Окраины,кирпич,Улица_60,69.9
Окраины,панель,Улица_13,62.8
Центр,кирпич,Улица_20,161.3
Окраины,кирпич,Улица_23,73.2
Центр,кирпич,Улица_49,83.0
Исторический центр,панель,Улица_44,160.7
Центр,кирпич,Улица_63,127.1
Исторический центр,панель,Улица_63,187.2
Исторический центр,кирпич,Улица_25,224.5
Окраины,кирпич,Улица_31,71.8
Окраины,монолит,Улица_56,80.0
Окраины,кирпич,Улица_52,94.8
Центр,панель,Улица_32,95.7
Центр,кирпич,Улица_51,119.2
Окраины,панель,Улица_17,49.2
Центр,кирпич,Улица_34,117.9
Окраины,кирпич,Улица_11,80.6
Центр,панель,Улица_50,78.9
Исторический центр,дерево,Улица_9,149.2
Исторический центр,кирпич,Улица_51,163.3
Окраины,панель,Улица_33,75.1
Центр,монолит,Улица_38,128.9
Центр,панель,Улица_7,107.5
Исторический центр,монолит,Улица_28,192.5
Исторический центр,кирпич,Улица_21,211.6
Окраины,дерево,Улица_60,40.0
Исторический центр,панель,Улица_42,127.4
Окраины,кирпич,Улица_48,44.5
Исторический центр,монолит,Улица_28,207.4
Исторический центр,панель,Улица_30,129.2
Центр,панель,Улица_52,134.4
Исторический центр,монолит,Улица_33,179.5
Исторический центр,панель,Улица_37,110.6
Окраины,кирпич,Улица_56,106.9
Исторический центр,монолит,Улица_3,179.6
Окраины,кирпич,Улица_1,93.5
Исторический центр,монолит,Улица_11,161.1
Исторический центр,дерево,Улица_34,136.7
Окраины,панель,Улица_20,66.2
Центр,панель,Улица_60,95.1
Окраины,кирпич,Улица_34,89.5
Окраины,кирпич,Улица_47,115.3
Окраины,дерево,Улица_14,53.1
Центр,кирпич,Улица_14,157.1
Исторический центр,панель,Улица_5,150.3
Окраины,монолит,Улица_21,81.1
Окраины,монолит,Улица_31,89.6
Центр,панель,Улица_21,105.7
Окраины,панель,Улица_26,86.0
Исторический центр,монолит,Улица_14,168.0
Центр,дерево,Улица_43,90.4
Исторический центр,панель,Улица_8,154.7
Исторический центр,панель,Улица_33,145.0
Центр,кирпич,Улица_14,174.3
Окраины,кирпич,Улица_61,62.3
Исторический центр,панель,Улица_44,106.2
Исторический центр,дерево,Улица_57,176.8
Исторический центр,монолит,Улица_18,203.7
Исторический центр,дерево,Улица_15,117.7
Центр,панель,Улица_7,117.5
Центр,монолит,Улица_32,123.0
Исторический центр,монолит,Улица_17,201.1
Окраины,панель,Улица_34,63.8
Исторический центр,кирпич,Улица_42,167.3
Окраины,панель,Улица_49,40.0
Исторический центр,монолит,Улица_2,170.7
Окраины,кирпич,Улица_58,108.0
Исторический центр,дерево,Улица_27,191.7
Окраины,кирпич,Улица_45,102.9
Исторический центр,монолит,Улица_63,169.9
Исторический центр,панель,Улица_46,146.5
Окраины,монолит,Улица_13,77.9
Центр,панель,Улица_6,54.7
Окраины,дерево,Улица_30,40.0
Центр,панель,Улица_50,81.5
Исторический центр,кирпич,Улица_28,218.0
Окраины,панель,Улица_14,42.4
Окраины,кирпич,Улица_24,81.3
Окраины,кирпич,Улица_60,48.3
Центр,панель,Улица_40,130.5
Центр,монолит,Улица_3,157.7
Исторический центр,панель,Улица_56,142.4
Центр,монолит,Улица_30,114.0
Центр,панель,Улица_2,91.8
Исторический центр,кирпич,Улица_49,133.0
Окраины,дерево,Улица_16,40.0
Окраины,панель,Улица_59,90.1
Исторический центр,дерево,Улица_23,105.7
Окраины,кирпич,Улица_31,63.2
Центр,кирпич,Улица_18,118.3
Исторический центр,монолит,Улица_59,214.7
Исторический центр,монолит,Улица_14,165.8
Исторический центр,кирпич,Улица_34,221.3
Окраины,кирпич,Улица_26,102.9
Исторический центр,монолит,Улица_6,165.2
Исторический центр,панель,Улица_5,127.8
Исторический центр,монолит,Улица_32,175.0
Окраины,кирпич,Улица_57,70.4
Центр,панель,Улица_48,74.1
Исторический центр,дерево,Улица_16,153.3
Центр,кирпич,Улица_41,127.8
Окраины,панель,Улица_39,40.0
Окраины,монолит,Улица_45,77.7
Окраины,кирпич,Улица_0,98.1
Окраины,панель,Улица_51,51.1
Центр,панель,Улица_34,103.0
Исторический центр,панель,Улица_4,122.1
Окраины,панель,Улица_16,40.0
Окраины,панель,Улица_52,47.6
Центр,панель,Улица_51,96.4
Центр,панель,Улица_13,88.8
Окраины,монолит,Улица_28,95.4
Исторический центр,кирпич,Улица_7,205.6
Исторический центр,панель,Улица_0,165.0
Окраины,дерево,Улица_28,62.3
Центр,панель,Улица_35,94.1
Окраины,монолит,Улица_50,40.0
Окраины,панель,Улица_36,40.0
Центр,монолит,Улица_52,125.9
Окраины,дерево,Улица_51,69.3
Окраины,кирпич,Улица_11,58.8
Окраины,панель,Улица_51,40.0
Центр,панель,Улица_0,136.3
Исторический центр,панель,Улица_6,175.9
Исторический центр,кирпич,Улица_16,180.8
Центр,монолит,Улица_42,112.1
Исторический центр,кирпич,Улица_16,148.5
Окраины,панель,Улица_58,70.9
Исторический центр,монолит,Улица_2,190.1
Окраины,кирпич,Улица_28,113.6
Исторический центр,дерево,Улица_21,169.4
Центр,монолит,Улица_37,123.2
Исторический центр,панель,Улица_53,163.9
Исторический центр,панель,Улица_49,122.3
Исторический центр,кирпич,Улица_29,175.3
Центр,монолит,Улица_22,143.4
Исторический центр,кирпич,Улица_46,211.2
Центр,монолит,Улица_20,137.4
Окраины,монолит,Улица_19,109.1
Исторический центр,кирпич,Улица_22,180.8
Центр,монолит,Улица_20,141.4
Центр,кирпич,Улица_20,141.7
Исторический центр,дерево,Улица_0,162.3
Окраины,кирпич,Улица_14,96.1
Центр,панель,Улица_16,96.3
Исторический центр,кирпич,Улица_50,164.8
Окраины,монолит,Улица_62,80.7
Центр,панель,Улица_13,114.1
Центр,кирпич,Улица_58,145.0
Окраины,панель,Улица_49,40.0
Окраины,панель,Улица_33,46.1
Исторический центр,монолит,Улица_5,177.4
Исторический центр,монолит,Улица_48,173.6
Центр,панель,Улица_5,82.5
Окраины,кирпич,Улица_6,61.4
Окраины,кирпич,Улица_50,42.7
Окраины,панель,Улица_0,56.9
Центр,панель,Улица_12,67.3
Окраины,панель,Улица_42,40.0
Окраины,кирпич,Улица_26,92.6
Центр,панель,Улица_2,109.2
Исторический центр,дерево,Улица_57,164.1
Исторический центр,кирпич,Улица_16,175.9
Центр,панель,Улица_44,119.3
Окраины,монолит,Улица_57,82.1
Центр,монолит,Улица_55,110.8
Исторический центр,кирпич,Улица_53,180.7
Исторический центр,панель,Улица_28,169.6
Центр,монолит,Улица_53,130.5
Центр,кирпич,Улица_26,177.1
Исторический центр,панель,Улица_44,120.0
Центр,кирпич,Улица_30,108.6
Исторический центр,панель,Улица_35,137.8
Центр,панель,Улица_60,82.2
Центр,монолит,Улица_36,149.2
Центр,кирпич,Улица_35,135.4
Исторический центр,панель,Улица_4,129.1
Центр,панель,Улица_45,121.0
Исторический центр,панель,Улица_51,130.4
Исторический центр,монолит,Улица_48,172.8
Центр,панель,Улица_5,113.3
Центр,дерево,Улица_9,99.3
Исторический центр,панель,Улица_22,167.8
Исторический центр,панель,Улица_16,157.3
Окраины,монолит,Улица_43,58.7
Исторический центр,кирпич,Улица_40,193.8
Окраины,кирпич,Улица_14,101.9
Окраины,монолит,Улица_43,90.8
Окраины,панель,Улица_57,46.7
Центр,монолит,Улица_49,79.5
Центр,дерево,Улица_51,98.5
Исторический центр,панель,Улица_62,140.7
Окраины,панель,Улица_57,68.1
Центр,панель,Улица_22,110.9
Центр,кирпич,Улица_43,123.4
Центр,монолит,Улица_43,130.9
Центр,монолит,Улица_51,147.9
Центр,панель,Улица_27,124.9
Окраины,кирпич,Улица_17,66.4
Окраины,кирпич,Улица_26,81.5
Окраины,кирпич,Улица_50,74.3
Окраины,монолит,Улица_59,79.4
Исторический центр,кирпич,Улица_48,175.3
Окраины,монолит,Улица_14,48.4
Центр,монолит,Улица_14,126.8
Окраины,монолит,Улица_50,64.0
Исторический центр,панель,Улица_47,144.5
Центр,монолит,Улица_0,137.0
Окраины,панель,Улица_6,69.0
Окраины,монолит,Улица_52,104.8
Окраины,панель,Улица_30,42.1
Центр,панель,Улица_17,74.8
Центр,панель,Улица_11,89.2
Исторический центр,кирпич,Улица_47,210.6
Центр,панель,Улица_29,106.5
Центр,дерево,Улица_6,78.2
Окраины,кирпич,Улица_2,102.5
Центр,кирпич,Улица_62,142.1
Окраины,кирпич,Улица_5,77.7
Окраины,панель,Улица_14,52.2
Центр,кирпич,Улица_42,113.7
Исторический центр,панель,Улица_17,96.5
Исторический центр,кирпич,Улица_21,200.8
Центр,кирпич,Улица_60,120.6
Исторический центр,монолит,Улица_60,162.8
Окраины,кирпич,Улица_52,91.3
Окраины,дерево,Улица_25,50.6
Центр,кирпич,Улица_39,147.0
Исторический центр,панель,Улица_7,156.0
Исторический центр,кирпич,Улица_20,195.3
Окраины,панель,Улица_42,52.5
Центр,дерево,Улица_20,82.9
Исторический центр,монолит,Улица_2,179.8
Центр,кирпич,Улица_30,125.7
Исторический центр,панель,Улица_26,147.5
Окраины,панель,Улица_26,81.4
Окраины,кирпич,Улица_56,46.4
Центр,кирпич,Улица_32,131.2
Окраины,дерево,Улица_43,40.0
Исторический центр,дерево,Улица_42,116.6
Окраины,дерево,Улица_30,40.0
Центр,монолит,Улица_64,142.8
Центр,монолит,Улица_16,96.9
Центр,кирпич,Улица_14,158.1
Исторический центр,кирпич,Улица_33,193.9
Исторический центр,кирпич,Улица_3,162.9
Исторический центр,монолит,Улица_27,175.8
Исторический центр,монолит,Улица_1,221.1
Исторический центр,монолит,Улица_16,175.9
Окраины,дерево,Улица_57,40.0
Исторический центр,монолит,Улица_8,178.7
Исторический центр,дерево,Улица_30,94.1
Окраины,кирпич,Улица_61,52.9
Исторический центр,монолит,Улица_18,184.4
Центр,панель,Улица_54,67.0
Исторический центр,кирпич,Улица_27,198.7
Исторический центр,дерево,Улица_49,117.4
Центр,монолит,Улица_64,151.5
Центр,кирпич,Улица_2,131.3
Центр,кирпич,Улица_51,159.0
Центр,монолит,Улица_9,130.7
Исторический центр,панель,Улица_20,134.1
Центр,дерево,Улица_36,69.6
Центр,кирпич,Улица_14,164.5
Окраины,кирпич,Улица_8,106.2
Центр,кирпич,Улица_43,110.9
Центр,кирпич,Улица_38,135.0
Окраины,кирпич,Улица_4,46.4
Окраины,дерево,Улица_24,40.0
Исторический центр,панель,Улица_55,172.1
Окраины,панель,Улица_63,56.8
Исторический центр,кирпич,Улица_51,189.1
Окраины,кирпич,Улица_8,103.1
Окраины,монолит,Улица_9,42.8
Исторический центр,панель,Улица_9,176.2
Окраины,монолит,Улица_61,102.9
Исторический центр,панель,Улица_59,161.7
Окраины,кирпич,Улица_18,85.3
Центр,панель,Улица_37,104.4
Окраины,кирпич,Улица_5,68.1
Исторический центр,монолит,Улица_14,169.2
Окраины,кирпич,Улица_46,140.2
Исторический центр,монолит,Улица_44,186.6
Исторический центр,кирпич,Улица_4,186.5
Центр,монолит,Улица_52,132.9
Центр,дерево,Улица_61,62.0
Исторический центр,панель,Улица_22,133.9
Окраины,панель,Улица_43,40.0
Исторический центр,дерево,Улица_51,92.9
Исторический центр,панель,Улица_45,142.2
Окраины,кирпич,Улица_18,57.2
Окраины,кирпич,Улица_46,145.6
Окраины,монолит,Улица_51,110.7
Окраины,монолит,Улица_23,51.2
Исторический центр,кирпич,Улица_16,197.5
Исторический центр,кирпич,Улица_45,191.6
Центр,дерево,Улица_63,93.8
Исторический центр,кирпич,Улица_27,183.5
Окраины,панель,Улица_49,40.0
Центр,кирпич,Улица_63,146.8
Окраины,монолит,Улица_27,80.6
Исторический центр,кирпич,Улица_55,162.4
Центр,монолит,Улица_58,105.8
Окраины,кирпич,Улица_4,83.4
Центр,монолит,Улица_53,121.7
Центр,монолит,Улица_43,138.2
Исторический центр,панель,Улица_41,176.0
Окраины,панель,Улица_56,40.0
Центр,панель,Улица_46,99.7
Центр,кирпич,Улица_24,123.8
Окраины,монолит,Улица_43,90.2
Центр,кирпич,Улица_14,161.3
Центр,монолит,Улица_50,118.8
Центр,кирпич,Улица_52,139.6
Окраины,кирпич,Улица_33,96.9
Окраины,кирпич,Улица_7,78.7
Окраины,панель,Улица_20,40.0
Окраины,панель,Улица_6,59.6
Исторический центр,монолит,Улица_55,163.5
Центр,кирпич,Улица_48,132.8
Окраины,кирпич,Улица_41,67.0
Центр,монолит,Улица_22,114.6
Центр,монолит,Улица_51,156.7
Исторический центр,кирпич,Улица_52,186.6
Окраины,панель,Улица_15,64.8
Окраины,панель,Улица_36,75.1
Центр,монолит,Улица_17,97.3
Окраины,монолит,Улица_19,99.2
Центр,монолит,Улица_45,149.2
Центр,монолит,Улица_1,135.9
Исторический центр,кирпич,Улица_62,188.4
Исторический центр,монолит,Улица_2,165.8
Исторический центр,панель,Улица_45,160.9
Центр,кирпич,Улица_48,143.4
Окраины,панель,Улица_0,50.5
Исторический центр,дерево,Улица_21,141.2
Окраины,монолит,Улица_13,103.7
Исторический центр,кирпич,Улица_44,211.0
Исторический центр,монолит,Улица_5,157.5
Центр,монолит,Улица_64,125.2
Исторический центр,кирпич,Улица_20,197.0
Исторический центр,панель,Улица_3,129.5
Центр,монолит,Улица_2,140.5
Окраины,панель,Улица_29,58.1
Исторический центр,кирпич,Улица_30,172.2
Центр,монолит,Улица_33,130.9
Исторический центр,дерево,Улица_19,155.5
Центр,монолит,Улица_53,137.8
Окраины,монолит,Улица_24,60.7
Окраины,панель,Улица_14,66.7
Центр,кирпич,Улица_37,122.1
Центр,панель,Улица_22,98.9
Центр,кирпич,Улица_51,124.3
Окраины,монолит,Улица_56,46.3
Исторический центр,кирпич,Улица_56,179.9
Окраины,панель,Улица_51,78.5
Центр,панель,Улица_34,120.9
Центр,дерево,Улица_13,86.5
Окраины,кирпич,Улица_13,90.0
Центр,кирпич,Улица_32,151.6
Окраины,кирпич,Улица_51,88.4
Центр,монолит,Улица_0,106.2
Исторический центр,кирпич,Улица_33,163.6
Исторический центр,кирпич,Улица_18,172.2
Центр,кирпич,Улица_23,145.7
Окраины,монолит,Улица_3,74.8
Исторический центр,кирпич,Улица_35,201.6
Окраины,кирпич,Улица_57,91.8
Центр,кирпич,Улица_31,123.5
Окраины,панель,Улица_8,47.4
Исторический центр,монолит,Улица_19,202.5
Окраины,панель,Улица_61,42.7
Окраины,дерево,Улица_57,40.0
Центр,дерево,Улица_21,93.3
Центр,панель,Улица_47,78.0
Центр,монолит,Улица_7,137.6
Исторический центр,монолит,Улица_14,197.5
Исторический центр,монолит,Улица_31,170.7
Центр,панель,Улица_52,122.9
Центр,панель,Улица_3,98.1
Исторический центр,панель,Улица_29,138.0
Исторический центр,монолит,Улица_12,179.8
Исторический центр,кирпич,Улица_20,207.5
Исторический центр,кирпич,Улица_40,179.0
Центр,панель,Улица_18,119.4
Исторический центр,кирпич,Улица_47,189.3
Центр,панель,Улица_62,63.1
Окраины,кирпич,Улица_19,94.5
Окраины,кирпич,Улица_63,101.2
Исторический центр,дерево,Улица_36,135.1
Окраины,панель,Улица_30,42.7
Окраины,монолит,Улица_17,55.0
Окраины,кирпич,Улица_19,101.4
Исторический центр,кирпич,Улица_10,190.7
Исторический центр,монолит,Улица_43,157.0
Окраины,монолит,Улица_63,91.1
Центр,панель,Улица_33,102.2
Окраины,дерево,Улица_64,75.1
Исторический центр,дерево,Улица_54,125.2
Исторический центр,дерево,Улица_0,144.1
Исторический центр,панель,Улица_37,130.7
Окраины,кирпич,Улица_8,110.5
Центр,панель,Улица_16,88.9
Исторический центр,монолит,Улица_51,161.3
Исторический центр,кирпич,Улица_17,185.3
Окраины,монолит,Улица_62,53.5
Центр,кирпич,Улица_32,152.3
Окраины,панель,Улица_3,57.4
Исторический центр,кирпич,Улица_51,181.3
Центр,монолит,Улица_8,178.4
Центр,кирпич,Улица_63,128.4
Исторический центр,монолит,Улица_29,158.5
Центр,панель,Улица_7,96.1
Центр,монолит,Улица_4,102.5
Окраины,дерево,Улица_62,40.0
Исторический центр,монолит,Улица_0,176.8
Исторический центр,дерево,Улица_14,121.0
Исторический центр,кирпич,Улица_37,202.0
Исторический центр,кирпич,Улица_41,170.5
Исторический центр,кирпич,Улица_45,207.0
Центр,кирпич,Улица_52,120.9
Окраины,монолит,Улица_25,75.8
Исторический центр,кирпич,Улица_60,214.3
Окраины,панель,Улица_53,58.2
Окраины,панель,Улица_21,40.0
Центр,панель,Улица_25,89.5
Исторический центр,панель,Улица_59,166.3
Центр,монолит,Улица_38,123.5
Исторический центр,кирпич,Улица_35,200.0
Центр,кирпич,Улица_20,200.1
Окраины,панель,Улица_40,64.9
Исторический центр,монолит,Улица_47,170.4
Окраины,панель,Улица_25,86.0
Окраины,монолит,Улица_62,61.5
Центр,панель,Улица_35,81.7
Исторический центр,панель,Улица_23,139.3
Окраины,кирпич,Улица_20,92.9
Центр,панель,Улица_17,93.4
Исторический центр,монолит,Улица_14,192.5
Исторический центр,кирпич,Улица_5,149.2
Окраины,кирпич,Улица_42,67.5
Исторический центр,монолит,Улица_30,166.9
Окраины,панель,Улица_27,97.7
Исторический центр,кирпич,Улица_7,193.0
Центр,монолит,Улица_28,129.3
Окраины,кирпич,Улица_20,90.8
Окраины,монолит,Улица_57,84.1
Исторический центр,кирпич,Улица_59,200.3
Исторический центр,монолит,Улица_49,144.0
Окраины,панель,Улица_30,46.5
Исторический центр,монолит,Улица_46,206.8
Центр,кирпич,Улица_33,166.2
Исторический центр,монолит,Улица_1,194.8
Центр,панель,Улица_51,72.7
Центр,панель,Улица_6,101.9
Центр,панель,Улица_18,120.1
Центр,монолит,Улица_14,130.9
Центр,дерево,Улица_47,81.3
Исторический центр,кирпич,Улица_13,178.6
Центр,кирпич,Улица_2,151.4
Исторический центр,монолит,Улица_49,154.0
Центр,кирпич,Улица_53,147.6
Окраины,дерево,Улица_5,40.0
Центр,панель,Улица_48,44.0
Окраины,монолит,Улица_22,69.1
Центр,кирпич,Улица_19,164.4
Центр,кирпич,Улица_59,129.6
Центр,монолит,Улица_44,118.1
Окраины,дерево,Улица_60,47.1
Окраины,дерево,Улица_55,53.6
Центр,кирпич,Улица_1,173.8
Исторический центр,кирпич,Улица_44,172.3
Центр,кирпич,Улица_39,150.1
Окраины,монолит,Улица_23,40.0
Центр,кирпич,Улица_28,161.5
Окраины,кирпич,Улица_53,128.8
Окраины,кирпич,Улица_52,119.1
Окраины,кирпич,Улица_48,73.3
Центр,дерево,Улица_31,90.8
Окраины,панель,Улица_60,60.7
Окраины,кирпич,Улица_41,50.6
Центр,кирпич,Улица_0,151.7
Окраины,кирпич,Улица_62,94.9
Центр,кирпич,Улица_34,156.3
Окраины,кирпич,Улица_50,54.4
Исторический центр,монолит,Улица_44,204.3
Исторический центр,кирпич,Улица_64,215.2
Окраины,кирпич,Улица_13,79.8
Исторический центр,панель,Улица_2,168.0
Центр,монолит,Улица_23,92.4
Исторический центр,панель,Улица_64,168.8
Окраины,монолит,Улица_47,74.5
Окраины,панель,Улица_9,84.1
Центр,монолит,Улица_12,107.1
Окраины,кирпич,Улица_13,77.9
Центр,дерево,Улица_9,110.7
Исторический центр,кирпич,Улица_39,221.8
Исторический центр,панель,Улица_22,142.5
Центр,монолит,Улица_54,103.3
Центр,панель,Улица_62,73.3
Окраины,дерево,Улица_41,40.0
Исторический центр,панель,Улица_46,180.0
Центр,монолит,Улица_51,141.4
Исторический центр,монолит,Улица_17,150.1
Центр,дерево,Улица_17,71.9
Исторический центр,дерево,Улица_23,120.7
Окраины,монолит,Улица_22,41.2
Исторический центр,монолит,Улица_11,157.5
Исторический центр,панель,Улица_22,187.8
Исторический центр,кирпич,Улица_20,195.4
Исторический центр,монолит,Улица_63,186.9
Исторический центр,дерево,Улица_33,149.4
Окраины,монолит,Улица_1,85.6
Центр,дерево,Улица_30,40.0
Исторический центр,монолит,Улица_18,155.0
Окраины,кирпич,Улица_12,79.8
Исторический центр,кирпич,Улица_64,208.4
Исторический центр,кирпич,Улица_5,164.5
Центр,кирпич,Улица_26,154.0
Исторический центр,панель,Улица_51,142.0
Окраины,дерево,Улица_47,40.0
Окраины,монолит,Улица_43,45.3
Центр,панель,Улица_16,105.3
Исторический центр,кирпич,Улица_37,207.0
Окраины,кирпич,Улица_9,112.9
Исторический центр,панель,Улица_53,166.1
Исторический центр,кирпич,Улица_5,144.8
Исторический центр,кирпич,Улица_5,174.2
Центр,панель,Улица_51,139.9
Исторический центр,кирпич,Улица_14,194.4
Окраины,дерево,Улица_56,41.0
Исторический центр,кирпич,Улица_55,167.8
Окраины,кирпич,Улица_6,104.8
Исторический центр,кирпич,Улица_50,156.8
Окраины,кирпич,Улица_57,99.1
Окраины,монолит,Улица_63,101.3
Исторический центр,монолит,Улица_25,183.3
Исторический центр,панель,Улица_57,146.8
Окраины,монолит,Улица_30,70.5
Центр,панель,Улица_12,68.6
Исторический центр,монолит,Улица_17,148.2
Центр,кирпич,Улица_12,124.6
Исторический центр,панель,Улица_23,136.7
Исторический центр,монолит,Улица_56,186.3
Исторический центр,монолит,Улица_28,161.6
Исторический центр,монолит,Улица_55,164.6
Центр,кирпич,Улица_53,151.8
Исторический центр,кирпич,Улица_4,124.2
Окраины,дерево,Улица_34,40.0
Окраины,кирпич,Улица_18,116.2
Центр,кирпич,Улица_54,126.9
Исторический центр,кирпич,Улица_43,179.2
Окраины,кирпич,Улица_37,85.9
Центр,кирпич,Улица_61,143.2
Исторический центр,панель,Улица_21,154.2
Окраины,панель,Улица_39,49.2
Окраины,дерево,Улица_25,41.3
Центр,кирпич,Улица_4,111.9
Исторический центр,кирпич,Улица_53,212.0
Исторический центр,панель,Улица_48,133.5
Окраины,панель,Улица_2,77.5
Окраины,панель,Улица_37,50.4
Окраины,монолит,Улица_13,101.6
Исторический центр,кирпич,Улица_46,194.9
Центр,монолит,Улица_13,129.6
Центр,панель,Улица_37,120.8
Исторический центр,кирпич,Улица_63,198.1
Центр,монолит,Улица_43,113.9
Окраины,панель,Улица_64,69.7
Центр,кирпич,Улица_24,108.7
Центр,кирпич,Улица_15,139.0
Центр,кирпич,Улица_14,164.6
Окраины,панель,Улица_2,87.5
Исторический центр,кирпич,Улица_36,190.8
Окраины,кирпич,Улица_54,58.2
Исторический центр,кирпич,Улица_37,178.1
Исторический центр,монолит,Улица_62,138.9
Исторический центр,монолит,Улица_0,196.1
Центр,монолит,Улица_18,126.9
Центр,кирпич,Улица_51,96.2
Исторический центр,дерево,Улица_29,109.5
Исторический центр,монолит,Улица_54,160.2
Центр,монолит,Улица_13,145.5
Окраины,панель,Улица_12,74.7
Исторический центр,панель,Улица_26,155.3
Окраины,монолит,Улица_8,76.4
Центр,кирпич,Улица_40,140.0
Исторический центр,панель,Улица_47,183.1
Окраины,монолит,Улица_11,73.3
Окраины,монолит,Улица_9,64.2
Окраины,дерево,Улица_5,40.0
Центр,монолит,Улица_33,108.5
Центр,кирпич,Улица_51,140.0
Окраины,кирпич,Улица_40,109.8
Окраины,панель,Улица_5,40.0
Центр,панель,Улица_1,146.4
Окраины,кирпич,Улица_14,76.3
Окраины,кирпич,Улица_16,83.8
Центр,панель,Улица_15,107.3
Окраины,монолит,Улица_27,62.6
Окраины,дерево,Улица_9,70.5
Окраины,монолит,Улица_9,59.1
Центр,монолит,Улица_9,145.2
Окраины,панель,Улица_27,65.1
Центр,дерево,Улица_23,76.5
Центр,панель,Улица_18,99.8
Исторический центр,монолит,Улица_55,175.0
Исторический центр,дерево,Улица_41,109.7
Окраины,дерево,Улица_11,40.0
Центр,панель,Улица_17,67.5
Исторический центр,кирпич,Улица_22,177.9
Окраины,кирпич,Улица_5,64.9
Исторический центр,кирпич,Улица_52,199.9
Исторический центр,кирпич,Улица_41,151.1
Центр,кирпич,Улица_29,136.3
Центр,кирпич,Улица_8,148.5
Исторический центр,панель,Улица_41,127.3
Исторический центр,монолит,Улица_33,187.8
Центр,кирпич,Улица_39,153.0
Окраины,монолит,Улица_16,64.6
Центр,монолит,Улица_28,102.7
Исторический центр,панель,Улица_49,114.5
