delivery_min,rest_dist,food_temp,rest_rating,items,order_sum,weather,promo,hour,late
112,5.17,69,1.64,3,2161.75,0,0,8,0
61,12.67,6,3.76,11,4414.0,0,1,14,0
102,9.74,13,3.38,11,4014.51,0,0,11,0
24,17.58,10,3.99,6,1082.87,0,0,17,0
116,5.79,11,1.6,14,4694.44,0,0,0,0
81,0.57,4,4.77,9,852.66,0,1,14,1
70,3.67,4,3.48,1,4421.9,0,0,0,0
30,7.32,19,4.39,12,5947.62,0,0,0,0
112,6.66,53,1.99,6,5756.29,0,1,20,0
92,15.93,54,3.96,2,4841.4,2,0,1,1
96,13.77,57,4.12,9,3300.2,0,0,3,1
84,6.34,78,2.59,13,4113.98,1,0,16,1
84,9.43,89,2.54,2,4423.03,0,0,1,0
97,2.36,29,3.63,12,248.73,0,0,6,0
109,18.01,23,1.37,3,793.72,1,0,21,1
113,18.74,86,3.94,12,3662.94,0,0,9,0
33,19.61,72,1.17,2,237.9,0,1,9,0
12,17.44,2,1.76,11,5471.65,0,1,12,0
31,3.89,47,3.66,4,3040.04,0,0,4,0
62,1.4,70,1.39,4,1695.05,0,1,6,0
11,11.8,21,4.89,10,2484.16,1,0,13,1
97,18.3,13,4.47,1,5134.5,0,0,17,0
117,3.96,47,3.51,8,5577.72,2,0,21,0
39,0.64,28,4.28,5,874.16,0,1,18,0
47,16.21,49,4.55,12,4712.17,0,0,19,0
11,2.0,79,2.04,8,3553.72,2,0,20,0
73,8.57,9,4.4,13,3595.92,0,0,20,0
69,13.74,70,1.78,6,4720.82,2,0,9,0
30,5.12,88,2.65,14,1492.5,0,1,7,0
42,2.14,26,3.23,2,3280.06,0,0,20,0
85,15.52,78,3.86,7,2052.25,0,0,1,1
67,12.79,27,1.12,10,748.17,0,0,13,0
31,19.78,8,2.16,15,809.46,1,0,1,0
117,7.21,70,3.43,15,991.53,0,0,11,0
98,1.7,79,2.43,15,3766.42,0,0,16,1
58,14.82,25,4.1,9,813.82,0,0,17,1
100,10.67,80,3.61,7,3506.6,0,0,16,1
68,4.66,86,1.94,11,3612.12,2,0,14,1
51,15.74,7,1.58,5,5442.6,0,0,2,0
101,4.47,1,3.52,4,3832.98,1,0,20,1
69,5.58,56,2.8,11,5916.41,0,0,18,0
89,2.3,51,1.68,14,379.76,0,0,22,0
24,8.29,57,2.31,8,4284.05,1,1,10,1
71,8.67,2,2.21,6,353.58,2,0,17,1
71,10.53,7,1.43,13,4430.39,2,0,20,1
56,14.32,58,3.19,5,2437.93,1,0,2,0
71,18.17,1,4.05,7,3745.59,0,0,17,1
60,3.19,61,3.3,11,1995.32,0,1,3,0
117,1.56,48,4.31,3,1122.81,1,0,8,0
64,0.86,19,1.51,9,4396.37,0,1,5,1
73,3.3,28,2.74,4,5446.8,2,0,6,1
12,13.33,16,3.44,12,1264.78,1,1,0,0
110,14.69,73,3.7,4,5540.08,2,1,2,0
60,15.84,21,3.78,15,1013.06,1,1,14,0
16,5.25,5,3.92,8,4466.84,1,0,1,1
30,6.46,61,3.61,6,5764.78,0,1,8,0
82,9.92,30,1.38,14,1054.75,1,0,7,0
48,1.73,61,3.78,11,2723.52,0,0,18,0
27,12.42,11,3.9,1,2157.25,1,0,13,0
13,19.68,11,4.97,2,2453.17,1,0,23,0
98,7.54,62,3.77,9,4568.21,1,0,9,1
69,15.18,15,3.75,6,4034.9,1,1,23,1
23,10.25,24,3.06,7,5818.38,1,1,10,0
18,2.99,21,4.47,11,1275.78,0,0,7,0
99,11.85,90,4.99,9,3350.91,2,0,3,1
62,6.35,87,4.12,3,2804.93,0,0,22,0
11,1.17,75,3.45,5,5529.37,2,0,7,0
93,12.88,17,1.32,5,261.59,0,0,9,0
101,17.25,44,3.91,10,5937.19,2,1,14,1
120,7.22,79,3.83,14,2982.46,0,1,12,1
69,8.11,67,4.1,7,3828.13,1,0,4,0
80,17.87,11,1.5,13,2288.3,0,1,14,0
53,16.37,48,3.61,2,5144.65,1,0,2,0
17,14.44,32,2.18,4,3459.53,0,0,2,0
56,5.35,85,4.04,11,4044.3,1,0,23,0
44,18.25,62,1.96,15,3963.65,0,0,12,0
87,3.51,17,3.74,4,2311.1,1,0,22,0
90,12.72,53,2.18,12,640.75,0,0,8,0
45,1.06,26,1.04,8,4884.7,0,0,1,0
59,13.05,82,3.53,10,1880.35,2,0,14,1
113,5.9,77,1.45,3,5123.8,2,1,17,0
13,9.27,24,3.64,2,3730.13,1,1,22,1
11,7.23,33,4.7,9,2251.48,2,0,7,1
15,3.87,87,4.88,12,3646.63,0,0,2,0
63,12.63,59,1.94,11,3943.86,0,0,0,0
115,17.7,53,4.24,4,4298.76,0,0,6,1
13,19.2,86,2.41,9,4969.56,0,1,5,1
63,4.25,4,4.6,6,1126.58,0,0,0,0
102,14.49,35,4.15,1,5676.04,1,0,8,1
72,13.45,53,1.3,14,2582.88,0,0,10,1
27,7.2,87,2.63,11,5190.61,0,0,21,0
99,0.87,35,2.35,3,1478.78,1,0,4,0
53,13.95,68,4.14,7,368.37,0,0,2,0
43,18.94,38,2.64,9,3525.4,0,0,8,0
83,12.83,69,3.74,8,2083.06,0,1,6,1
71,8.99,3,3.41,12,5909.88,2,1,19,1
109,10.74,73,4.9,5,805.83,0,0,12,0
23,4.39,64,4.75,12,474.36,2,0,0,0
104,15.14,84,2.71,13,461.1,1,0,19,0
57,15.06,39,3.89,8,1457.87,0,1,2,0
24,3.34,36,4.32,2,3559.31,0,0,5,1
81,17.62,66,4.6,3,3132.27,1,0,10,1
87,5.75,30,1.27,8,2230.44,2,1,16,0
96,19.65,90,2.21,9,715.0,0,0,14,0
71,7.97,80,2.28,10,1555.68,0,0,3,0
49,3.97,86,2.74,8,1268.05,0,0,0,0
94,7.36,76,1.68,4,4524.87,0,0,0,0
89,9.08,46,2.98,13,4723.69,2,0,5,1
118,1.85,26,3.65,6,4706.68,0,0,21,1
91,11.78,50,2.99,11,5820.44,0,0,8,0
120,12.15,19,3.66,5,5328.58,2,0,13,0
62,14.91,12,1.27,12,3087.27,0,1,13,0
33,1.07,62,4.5,15,2606.63,1,0,6,0
35,11.05,43,4.76,4,5511.46,1,0,5,0
98,1.53,23,3.47,9,3745.11,0,0,18,1
69,14.17,2,4.53,10,1907.51,0,0,2,0
118,1.59,9,1.53,3,3473.89,0,0,4,1
50,18.28,64,4.19,1,5954.47,2,0,21,0
38,14.19,48,1.48,13,5126.93,1,1,5,1
24,10.39,57,2.63,7,1831.42,0,0,7,0
54,9.11,76,2.3,10,5727.14,1,0,23,1
74,3.05,77,3.34,8,5892.48,1,0,12,0
98,6.17,1,2.21,11,1540.77,0,0,12,1
80,17.44,65,3.55,13,5394.43,0,0,0,0
18,18.14,30,2.47,3,5322.58,1,1,18,0
97,0.51,67,4.44,3,430.57,0,0,20,1
10,12.09,82,3.54,14,4084.2,2,0,8,0
117,14.53,36,1.86,6,1970.63,1,0,3,1
17,12.57,72,2.34,15,4112.75,0,1,4,0
97,2.09,23,4.39,2,5498.64,2,1,16,1
72,4.75,76,2.55,6,3092.92,0,0,6,1
20,5.38,43,3.14,5,2603.59,2,0,17,0
90,16.72,82,3.6,14,5544.88,0,1,12,0
17,9.53,40,2.39,7,5849.87,1,1,0,0
44,9.99,73,2.18,15,560.97,1,0,13,0
44,18.73,50,2.9,9,5552.52,0,0,13,0
42,12.92,41,1.86,9,680.06,0,0,12,0
14,18.02,77,2.14,1,2156.26,1,0,17,0
115,9.4,39,1.25,7,4622.93,1,1,7,1
112,3.41,47,2.22,3,4706.81,0,1,0,0
50,18.63,83,2.28,4,4409.77,2,1,14,1
37,9.44,3,4.85,2,426.85,1,0,16,0
16,4.04,59,3.36,1,971.2,0,0,16,1
82,6.4,38,4.15,10,5630.06,1,0,1,0
81,1.49,4,1.18,14,672.48,0,1,13,0
21,9.63,5,1.43,3,655.57,2,0,0,0
43,17.14,13,4.26,10,5046.75,0,1,1,0
42,18.7,69,3.49,9,3919.34,0,0,6,1
57,18.69,77,1.76,1,2239.61,0,0,0,0
32,2.94,11,2.62,15,1161.12,2,1,9,0
71,7.95,61,3.15,3,5328.19,0,1,17,0
97,1.05,26,4.37,11,5933.52,0,1,2,0
46,17.18,53,1.24,5,489.84,0,0,17,0
108,7.5,89,3.39,3,3413.86,0,1,18,1
53,12.81,11,3.87,4,1715.56,0,0,12,1
113,14.44,7,4.91,4,5027.84,1,0,22,0
95,8.88,73,4.23,1,2207.22,0,1,1,1
100,6.48,15,2.1,6,4344.85,1,0,2,0
44,19.26,51,3.84,11,3329.24,0,0,21,1
74,19.31,25,4.05,12,3340.84,1,0,3,0
108,6.14,7,3.92,7,5176.4,0,0,16,1
110,9.85,44,4.28,12,2928.35,1,1,7,0
56,19.47,83,4.61,7,5104.48,0,1,22,0
87,0.59,80,1.39,13,2307.88,0,0,7,0
12,8.55,18,1.42,6,1213.74,0,0,2,0
10,2.46,16,4.19,7,2841.77,0,1,14,0
14,10.43,64,2.01,14,3090.46,0,0,10,1
99,0.98,28,1.23,3,2974.62,1,0,8,0
23,8.43,13,2.6,5,4888.32,1,0,10,1
112,4.8,16,4.28,14,3475.14,0,0,5,0
36,10.9,12,1.51,14,5352.98,0,0,9,0
18,19.92,90,3.69,7,3182.28,1,0,9,0
88,16.11,62,1.01,10,1503.35,2,0,17,1
24,16.99,32,1.44,5,951.08,0,0,12,0
99,12.89,28,2.4,14,5236.5,0,0,16,0
51,1.31,36,1.33,10,525.8,0,1,3,0
86,4.53,82,4.38,2,882.14,0,0,17,1
60,18.54,45,4.46,6,569.22,0,0,0,0
72,7.64,23,4.02,7,2657.66,2,0,17,0
105,2.52,13,1.97,11,3289.17,0,0,6,1
112,14.2,4,3.09,2,315.27,0,1,4,0
61,6.34,52,1.74,10,3190.4,2,0,15,1
105,5.74,87,2.13,8,2483.8,0,0,4,1
13,19.96,29,3.06,5,4687.14,0,0,9,1
103,17.23,59,3.94,11,5013.75,0,0,15,1
110,8.45,72,1.38,8,4172.81,0,0,3,0
32,19.62,90,2.19,15,2946.27,1,0,0,1
112,13.18,27,4.71,3,1453.66,0,0,7,0
118,14.97,25,2.72,2,5113.27,1,0,0,1
24,1.11,17,4.76,7,2181.68,1,1,2,0
52,2.87,35,4.97,5,2266.49,0,0,17,1
38,12.85,7,3.11,5,5512.87,1,0,1,0
45,18.03,17,2.15,13,5858.46,1,1,4,0
22,12.66,83,4.16,8,5409.16,2,0,10,0
41,3.11,57,1.64,13,5989.76,0,0,13,0
80,2.76,31,2.01,9,5239.67,0,0,17,1
68,16.96,48,4.14,15,4285.27,2,0,9,1
95,3.22,47,2.73,14,1904.15,0,0,6,0
37,10.64,81,1.81,8,5727.15,0,1,7,0
75,1.22,70,3.6,10,5284.44,1,0,19,0
51,2.07,64,3.93,2,1596.33,0,0,16,0
54,13.61,32,1.5,10,3037.14,0,0,6,0
71,13.94,49,2.11,11,606.32,2,0,22,1
66,7.16,3,1.89,7,5729.19,1,1,15,0
15,4.7,83,2.52,11,3522.06,1,0,16,1
37,16.37,35,4.05,5,1622.16,0,0,3,0
37,4.73,27,3.85,14,1895.92,1,0,3,1
117,11.07,2,3.65,7,5887.81,1,0,0,1
53,19.38,5,1.03,3,3770.56,0,1,22,0
93,3.38,44,1.57,4,2639.96,0,0,2,0
39,18.85,22,1.89,7,3099.1,1,0,11,0
71,4.07,6,2.09,2,771.59,0,1,16,0
84,11.57,60,1.59,2,635.13,0,1,15,1
101,7.85,64,2.64,1,3637.7,0,1,13,1
98,19.32,5,1.3,1,3169.62,0,1,22,0
112,5.83,23,4.0,12,2283.09,0,0,2,1
71,8.29,36,4.15,1,3483.46,2,1,18,1
106,19.67,44,3.3,6,621.52,0,1,18,0
10,10.96,50,1.36,13,5675.15,0,0,15,1
36,10.3,87,4.56,5,1903.53,0,0,3,0
71,5.53,44,4.86,15,616.32,0,0,20,1
86,14.18,62,1.81,10,1183.12,0,0,16,1
114,0.78,28,3.82,8,753.75,0,0,18,1
12,1.47,24,4.37,5,1235.91,0,0,11,0
112,12.19,9,3.16,1,2617.17,0,1,0,1
79,7.16,34,2.29,12,4480.7,0,0,18,0
81,19.09,54,2.91,8,1779.62,2,1,18,1
36,18.11,24,3.05,6,2728.37,0,1,19,0
18,14.42,90,2.6,8,5586.79,1,0,11,0
71,16.45,44,4.72,13,1915.77,0,0,11,0
46,13.51,11,3.98,2,4809.37,0,0,16,0
106,2.95,3,1.97,10,1115.34,1,1,4,1
60,15.43,89,3.34,8,1234.27,0,1,3,0
115,4.6,66,3.75,6,2845.69,0,1,4,0
53,6.81,16,1.56,1,1557.79,0,1,5,0
33,16.48,72,2.43,13,5437.56,0,0,2,0
88,10.96,64,4.62,1,494.36,1,0,14,0
68,17.27,81,3.27,10,3664.18,1,0,2,0
41,4.65,52,1.87,12,3704.53,0,0,12,1
105,12.35,83,1.49,5,582.95,0,0,4,0
97,2.13,56,3.07,7,4448.87,2,1,20,1
114,13.04,27,3.19,4,2919.61,0,0,8,1
61,15.37,15,2.34,14,4393.83,1,0,22,0
71,11.91,20,3.52,13,4996.16,2,1,14,0
67,5.69,76,1.27,10,2072.82,0,0,21,0
61,1.11,41,1.58,5,3010.02,0,0,1,1
21,2.83,53,3.19,10,1712.41,2,1,8,0
48,12.63,31,1.25,3,1368.78,0,0,14,0
11,18.72,37,4.52,2,203.45,0,0,2,0
12,4.53,69,1.57,2,5789.06,0,1,6,1
110,14.83,37,3.7,14,2757.39,0,0,7,1
65,17.4,53,2.56,5,275.8,2,1,12,0
90,10.66,59,2.6,4,251.84,0,1,20,0
68,13.55,76,4.06,2,1872.44,0,0,21,1
11,16.39,76,3.0,5,280.84,1,0,14,0
11,5.58,46,3.9,10,2372.18,0,1,5,0
101,6.29,11,3.02,9,565.04,1,1,20,1
63,0.51,52,3.37,8,427.66,2,1,12,1
96,19.28,32,4.04,9,4082.41,2,0,6,1
110,18.39,27,3.43,9,5459.68,0,0,16,0
105,15.41,2,3.46,8,2574.44,1,0,14,1
106,2.04,81,4.16,9,5053.27,0,0,4,0
10,9.23,25,4.8,4,369.74,0,1,9,0
28,2.49,53,2.51,8,4710.6,0,0,21,0
11,0.81,39,3.31,14,564.24,1,0,11,0
62,12.52,65,1.35,2,5062.95,0,0,18,1
53,19.24,67,2.44,9,5317.72,1,0,17,1
99,18.11,88,2.65,13,4758.65,0,0,3,0
41,14.09,89,4.34,9,4960.34,2,0,12,1
79,2.38,46,3.05,11,3456.61,0,0,2,1
41,5.85,1,3.92,3,1736.33,2,1,5,0
77,6.74,41,1.08,6,3930.74,1,0,5,0
64,15.38,33,2.86,12,2749.34,2,1,3,0
84,16.14,20,4.61,7,230.95,1,0,3,0
65,8.01,43,1.9,3,2965.59,1,0,12,0
26,8.65,86,1.13,5,3976.89,0,0,9,0
47,1.37,1,2.73,1,280.53,1,1,9,1
33,6.14,90,3.82,11,3803.89,0,1,10,0
78,9.3,58,2.82,3,3984.69,0,0,12,1
107,2.78,85,2.84,12,1117.02,1,0,9,1
79,9.34,15,3.68,8,2700.23,0,0,10,0
95,17.14,19,2.02,3,5793.13,0,1,17,0
20,11.84,25,4.01,8,5328.3,0,1,6,0
25,2.04,15,1.61,9,2582.76,0,0,8,1
106,4.24,69,2.58,6,2229.11,0,0,12,1
82,9.75,22,3.62,7,919.67,0,0,9,0
68,7.55,41,4.31,6,404.1,0,1,17,1
79,7.5,36,4.17,8,1925.28,1,0,14,0
89,10.82,71,3.89,14,5653.64,0,0,4,0
102,11.9,5,2.44,7,5759.96,2,0,14,0
12,16.04,36,1.49,10,4912.61,2,0,10,0
29,7.15,21,1.87,1,2234.78,0,1,5,0
68,16.21,5,4.46,3,1033.03,0,0,0,0
45,7.1,31,4.43,3,3654.09,0,0,13,0
28,1.58,16,4.81,15,3949.73,2,1,14,0
99,11.31,37,1.3,3,2662.53,1,0,6,0
76,11.96,16,3.15,4,4211.55,1,0,14,0
28,18.72,36,3.59,13,4530.75,2,1,15,1
29,14.66,22,3.84,1,4741.76,2,0,23,1
105,18.4,48,3.58,14,3113.33,2,0,4,1
80,18.21,60,4.08,11,4791.52,1,0,21,0
61,12.29,48,2.44,15,347.76,2,1,19,1
114,10.79,60,1.72,2,4146.35,2,0,18,0
42,11.37,76,1.82,12,1566.68,0,1,18,0
49,19.58,31,1.05,5,1769.02,2,0,17,0
48,15.58,85,2.4,11,729.55,1,0,5,0
91,2.57,62,1.37,6,1315.88,0,1,8,1
113,15.68,6,2.29,9,5953.65,0,0,2,1
10,3.83,21,3.51,2,2609.26,1,0,16,1
20,9.22,84,4.58,14,5581.04,0,0,9,0
101,4.6,5,4.36,12,1144.82,2,0,15,1
66,13.95,60,2.01,9,1383.54,0,0,0,1
98,17.61,13,1.54,7,3435.32,2,0,3,0
59,6.16,15,1.77,9,2227.29,0,0,0,0
32,2.1,2,4.88,4,3934.71,0,0,17,1
40,6.32,8,3.2,7,2647.87,2,0,19,1
103,13.61,46,1.73,1,4907.26,0,1,3,0
51,6.91,84,4.36,8,2703.04,2,0,10,1
108,5.92,41,2.58,7,3519.63,0,0,23,0
16,4.1,41,4.6,7,2062.22,2,0,3,1
25,10.2,22,2.04,2,4283.44,0,0,18,1
99,5.88,2,2.57,10,3997.46,0,0,3,1
69,14.75,0,3.02,15,2502.61,2,0,4,1
11,1.99,66,4.57,9,1800.99,0,0,20,0
10,13.45,70,4.48,11,3761.81,2,0,12,0
57,5.13,2,3.3,8,5670.28,2,1,3,0
21,10.04,48,1.89,1,969.33,0,0,9,0
78,6.08,66,2.61,11,4834.88,0,1,17,1
46,14.59,54,4.9,1,3349.35,0,0,2,0
41,18.93,3,3.43,14,3248.25,0,0,18,0
18,18.38,30,4.12,5,5777.77,0,0,4,0
114,11.88,65,2.8,2,3714.07,1,0,10,1
108,9.52,77,3.13,1,5017.0,2,0,1,1
28,16.46,63,2.72,10,3183.97,0,1,17,1
57,13.82,30,3.81,12,1649.15,0,0,10,1
89,4.08,62,4.41,13,4228.04,1,0,11,1
12,16.51,65,3.03,11,5554.43,0,0,15,0
29,8.86,30,2.92,8,5079.13,1,0,1,0
33,4.19,46,2.36,12,1350.51,0,0,21,0
63,6.0,21,1.71,13,2037.96,2,0,23,1
42,5.72,73,4.76,4,3197.91,1,0,15,1
33,10.62,82,2.26,2,3515.3,0,1,15,0
84,5.07,45,4.2,14,1324.12,1,0,21,1
81,2.91,88,3.86,5,1534.07,2,1,3,1
45,2.91,57,4.16,12,4601.22,2,0,7,0
47,11.87,60,4.75,11,4435.84,0,0,3,0
113,14.83,45,3.49,13,5067.41,0,0,10,0
93,6.77,0,4.59,13,5610.99,0,0,7,0
108,1.18,24,1.67,12,1987.91,0,0,11,0
98,2.98,60,3.51,6,5185.65,0,0,3,0
108,18.34,80,4.09,8,4062.87,1,0,6,0
34,10.12,13,2.09,15,5755.07,0,0,12,0
102,9.34,44,3.96,15,1778.03,0,1,10,0
27,1.24,76,4.11,7,1764.09,0,0,9,0
119,14.71,38,4.32,7,4284.9,0,0,8,0
91,10.8,65,2.25,1,5584.78,0,1,5,1
75,4.44,31,3.73,3,4982.42,1,0,16,1
63,2.65,57,2.22,3,4416.83,2,0,12,0
44,7.98,55,3.96,7,2446.39,1,0,5,1
89,16.82,5,2.85,12,4363.05,0,0,23,0
70,17.37,88,3.39,14,4846.35,2,0,16,1
50,12.26,66,2.66,2,4569.06,0,0,12,0
109,14.69,81,1.65,10,4125.5,0,0,20,0
42,2.75,49,1.71,7,473.36,0,0,14,0
77,11.97,37,1.31,9,4026.35,0,0,15,0
42,13.51,2,3.47,1,2974.11,1,0,20,0
23,4.41,4,4.39,12,5777.1,2,0,23,1
30,17.66,23,1.08,14,3721.7,1,0,6,1
57,4.3,53,1.26,2,3727.72,0,0,20,0
29,6.61,33,2.83,11,5965.52,0,0,12,0
17,12.6,38,3.95,6,742.81,0,1,5,0
16,12.95,87,1.63,2,1802.63,2,0,7,0
76,14.14,47,2.09,14,4005.26,0,0,21,1
26,2.68,48,1.93,12,2028.37,0,0,9,1
42,17.06,33,2.6,2,2207.67,0,0,20,0
57,10.89,79,1.9,5,5377.34,1,1,9,1
85,9.69,6,2.41,7,3560.25,1,1,0,0
68,19.63,17,3.91,4,796.62,0,1,11,1
95,14.94,69,3.44,13,2003.0,1,0,7,0
31,2.8,33,1.32,6,641.14,1,0,7,1
119,15.25,50,3.55,12,3425.55,1,0,21,1
39,2.36,67,2.91,3,1204.96,2,1,6,1
47,1.04,13,4.74,4,5171.27,2,0,6,1
111,8.37,68,2.16,4,3548.42,0,1,14,0
118,19.87,88,3.9,15,544.38,1,0,11,0
60,3.91,7,3.92,4,1945.08,1,1,15,0
63,13.62,14,1.89,12,3774.76,0,0,15,0
17,3.88,82,4.61,1,2145.89,2,0,1,0
36,14.63,58,2.96,13,3176.42,0,0,13,0
36,10.35,10,3.72,4,5474.3,1,1,15,0
107,13.76,19,1.58,4,2230.21,0,1,13,1
30,4.46,54,2.03,6,2148.06,1,1,5,1
39,15.04,35,3.34,9,4954.59,0,0,22,0
106,19.91,81,2.28,10,2048.79,0,0,23,0
37,13.48,13,3.0,6,652.16,0,1,17,0
120,10.12,57,2.5,6,1249.48,0,0,9,0
73,18.5,37,3.56,7,5703.04,2,0,23,0
106,0.81,88,2.95,7,5613.1,0,1,14,1
78,14.73,79,1.02,1,1503.91,0,0,17,0
70,17.83,81,3.6,8,3410.31,1,0,8,0
57,1.7,0,2.69,1,996.73,0,0,15,0
28,9.28,64,2.37,15,4113.13,0,0,15,0
13,4.49,0,1.38,9,1274.77,0,0,1,0
44,11.55,84,1.88,14,488.78,1,0,14,1
73,13.17,59,1.9,14,4984.4,2,0,18,0
58,6.4,24,4.74,15,2087.32,2,1,23,0
26,9.47,90,2.73,4,829.43,2,1,10,0
53,5.95,9,1.17,9,5036.64,1,1,21,0
101,7.7,49,1.56,8,4621.91,2,0,7,1
39,3.61,11,1.32,9,4165.8,0,0,9,0
102,17.77,31,3.36,15,5485.24,0,0,5,1
55,0.7,32,1.75,14,3037.51,0,0,18,0
15,17.71,71,2.99,6,942.73,0,0,2,0
108,11.65,25,2.48,9,555.81,2,0,17,0
114,6.97,41,4.22,4,2046.96,0,0,7,1
46,14.6,49,2.28,3,703.62,1,0,20,1
33,10.4,60,2.83,3,3305.95,0,0,8,0
102,10.23,40,3.89,8,284.09,0,1,4,0
55,2.65,56,2.73,2,2773.83,0,0,4,0
62,8.1,1,4.17,12,1235.07,0,1,23,0
104,5.2,69,3.65,6,2335.95,2,0,14,1
108,0.81,30,2.64,9,4115.2,1,0,23,1
69,7.52,22,3.02,15,2235.59,1,1,1,1
106,2.25,75,4.87,9,2179.77,0,0,23,0
72,5.51,53,3.65,8,5946.35,0,0,12,1
94,2.3,27,4.62,8,4369.13,0,0,22,0
41,2.47,78,1.72,1,3180.4,1,0,11,0
96,4.38,18,2.93,11,3560.38,0,0,21,1
42,20.0,75,4.63,7,3797.06,1,0,2,0
76,0.54,47,2.29,14,342.54,1,0,4,0
27,12.95,1,4.87,15,665.53,0,0,17,1
34,3.25,10,1.39,1,3965.3,1,0,10,1
115,18.45,43,4.61,9,2313.92,1,1,15,1
104,2.33,58,2.78,3,521.58,0,0,8,1
63,19.12,58,1.29,1,1925.58,1,0,20,0
67,12.41,37,4.52,8,955.64,1,0,23,1
76,0.52,24,2.01,7,5514.62,0,1,20,0
113,17.93,20,1.09,2,1376.97,0,1,8,1
55,10.67,41,1.54,14,1033.41,0,0,11,0
33,5.62,35,3.64,7,3831.78,2,0,10,0
41,15.46,8,4.91,5,3227.09,0,1,0,0
56,18.57,11,1.45,15,3540.41,0,0,5,0
95,9.93,9,2.85,7,2728.5,0,1,12,1
32,6.65,58,1.72,10,2909.58,0,1,23,0
75,15.88,4,3.98,12,4717.03,0,0,22,0
36,13.79,32,1.47,7,1475.55,0,1,1,0
115,17.83,68,1.96,2,2499.87,0,0,17,0
11,14.0,79,1.79,2,5755.39,2,1,15,1
99,5.25,62,3.21,15,1301.92,2,0,9,1
26,18.67,28,4.49,7,1903.89,0,0,16,0
113,2.54,17,3.04,3,1311.09,2,1,15,1
42,5.72,5,1.23,4,318.87,0,0,16,0
18,10.64,52,3.25,15,1765.01,1,1,14,0
52,11.53,81,4.19,14,469.51,0,1,2,0
57,0.8,31,1.53,7,1097.17,0,0,2,1
48,15.72,41,1.29,14,2303.56,0,0,23,0
102,7.55,46,1.75,2,320.18,0,0,8,1
51,8.43,30,3.98,13,4567.15,1,0,4,0
35,16.28,61,3.37,2,4814.42,0,0,16,0
108,7.9,55,3.16,9,2586.2,0,0,17,1
59,1.42,10,2.0,11,5911.06,2,1,15,0
34,3.94,25,2.33,1,4138.16,1,1,19,0
33,19.14,26,4.86,12,4513.59,0,0,8,0
22,1.87,82,1.96,12,1315.34,0,1,14,0
69,7.42,56,4.61,3,5057.14,2,1,20,0
16,10.31,26,3.32,10,5681.27,0,0,8,0
66,10.12,58,1.49,4,1570.6,1,0,12,1
45,0.58,61,2.87,5,4181.49,1,0,0,0
54,10.27,19,4.79,15,4532.26,0,0,15,1
29,7.98,2,2.67,3,1969.98,2,0,8,0
74,19.46,15,4.45,9,2955.05,0,0,23,0
17,3.6,43,2.03,5,765.73,2,1,12,1
119,7.41,78,3.28,7,1203.95,1,0,13,1
25,8.68,29,4.38,15,557.11,1,1,10,1
23,8.12,39,4.68,14,3448.96,2,0,0,0
85,13.48,64,2.94,11,3826.52,1,0,22,1
96,4.7,28,3.56,13,5513.49,1,0,13,1
24,4.81,29,1.01,7,3344.67,0,1,20,0
101,14.72,31,2.01,11,1711.55,2,0,23,1
107,10.26,9,2.11,9,544.95,1,0,19,0
75,8.6,90,1.37,2,5332.73,2,1,17,1
41,3.8,50,2.12,3,2977.38,2,0,0,0
96,4.16,7,2.28,4,4476.47,0,1,22,1
72,0.71,50,4.88,8,284.97,0,0,0,1
95,2.28,35,3.67,1,3031.21,2,1,16,1
60,11.36,54,2.7,9,2089.19,1,0,21,1
34,17.89,34,4.95,5,375.92,0,0,1,1
67,6.1,35,1.61,4,4698.9,0,0,21,1
72,6.89,55,2.9,13,3174.83,0,0,21,0
71,2.75,35,3.59,8,2132.45,1,1,15,1
31,8.08,88,1.22,14,4873.63,1,0,4,1
67,1.23,83,3.87,9,2792.16,0,1,4,0
67,18.39,60,1.4,3,220.29,0,0,23,0
95,13.63,61,1.56,14,5677.8,1,0,6,0
58,19.82,80,1.64,4,1682.96,2,0,20,0
61,17.72,86,4.72,1,5017.34,0,0,3,0
51,9.72,24,3.73,15,4935.21,2,0,0,0
79,10.63,63,3.62,12,1141.77,0,1,17,0
24,4.22,59,3.22,14,2949.22,2,0,9,1
63,9.51,56,2.17,3,433.15,1,0,6,0
116,18.11,69,3.48,10,2256.4,2,1,10,1
69,1.49,51,2.64,5,4439.68,1,0,0,0
110,17.34,55,1.58,15,1575.0,0,0,5,0
106,7.15,62,3.76,13,879.34,2,1,4,0
17,18.04,67,1.52,8,3141.32,1,0,21,0
62,18.85,19,1.76,14,3314.52,0,1,12,0
69,13.58,53,4.27,1,4119.81,0,0,16,0
117,13.46,0,3.64,1,4603.0,0,0,17,0
117,9.33,89,3.52,3,4235.7,1,1,6,0
14,16.79,9,2.67,9,5103.39,1,1,5,0
112,19.25,22,2.59,9,1492.86,1,0,6,0
77,15.61,50,3.76,1,3504.65,0,0,11,1
15,12.63,23,3.96,4,2288.55,0,0,5,0
118,12.33,12,3.04,12,5780.25,0,1,22,0
105,17.06,28,4.88,8,2753.62,0,1,15,0
103,11.05,57,4.82,2,5766.34,2,0,22,0
56,16.18,90,2.65,4,4660.58,2,1,21,1
108,10.42,42,4.28,7,4367.09,0,0,7,1
64,1.72,9,3.17,7,3051.07,1,0,14,0
49,7.99,30,3.05,5,2771.59,1,0,22,0
61,9.17,73,1.22,7,3253.98,0,0,8,0
25,3.26,87,3.3,6,1903.07,2,1,12,0
22,2.5,13,4.6,2,5446.16,0,0,20,1
115,10.94,33,4.12,9,4807.12,1,1,11,1
39,2.16,16,4.15,5,4848.1,1,1,13,1
28,6.41,20,1.64,2,2712.29,0,0,7,0
26,15.02,66,2.43,6,612.32,0,1,14,0
72,19.31,57,1.93,10,4161.85,0,0,23,0
28,14.5,78,2.26,5,2371.6,0,1,23,0
101,19.86,7,3.32,2,5248.5,0,1,3,0
67,14.12,37,2.46,13,4725.96,2,0,8,0
64,6.23,25,3.24,10,1042.9,1,1,19,1
99,13.61,63,2.75,10,3689.95,2,0,5,1
110,14.19,29,2.15,7,4214.84,2,0,5,0
99,7.75,8,1.38,10,3495.2,1,1,1,0
71,0.85,31,4.57,13,3181.44,0,0,22,1
32,14.21,10,1.05,2,1521.61,1,1,6,0
18,0.92,85,1.01,7,1568.26,0,1,0,0
21,12.81,33,4.31,14,4654.45,0,0,20,0
10,3.69,17,4.99,6,308.4,1,0,8,0
67,11.53,18,3.91,12,4717.68,1,0,4,0
10,10.33,53,1.06,12,3255.43,0,0,22,0
120,0.76,81,1.91,4,5630.09,0,0,8,1
43,7.58,36,4.89,4,5984.46,0,1,12,1
105,12.22,81,4.23,12,4048.21,1,0,0,0
57,17.05,11,3.27,6,2591.09,2,0,19,1
98,17.83,3,1.95,9,2955.5,1,0,14,0
113,9.94,42,1.06,10,1384.45,2,0,16,1
118,14.7,26,1.08,6,775.56,0,1,7,0
10,6.67,50,3.45,6,3556.83,0,0,14,0
25,7.17,4,1.09,11,4871.87,1,0,18,0
70,4.29,5,4.97,1,1718.25,0,1,10,0
112,11.46,76,1.73,5,2633.99,0,0,7,1
73,6.63,86,3.84,15,3417.69,1,0,5,1
72,2.15,55,1.62,1,5465.81,2,1,5,0
78,13.86,88,3.16,11,1004.06,0,0,7,1
31,14.3,67,1.32,14,1573.92,2,0,23,0
102,7.52,43,4.07,9,5527.48,1,1,22,1
76,2.0,14,3.34,10,429.31,0,0,18,1
85,8.81,89,1.34,4,4005.47,1,0,19,0
35,9.13,41,4.39,2,3909.25,2,1,8,1
25,13.54,10,3.19,9,2422.88,1,1,19,0
60,6.65,72,4.69,6,2915.36,1,0,23,1
110,13.81,10,4.67,14,5158.52,1,0,5,1
95,17.49,65,4.68,11,1156.9,1,0,4,0
66,5.13,26,1.31,13,1543.09,0,1,15,0
38,19.59,57,1.48,10,3171.63,0,0,6,0
87,8.03,89,4.95,3,2576.52,0,0,0,0
101,5.71,71,2.95,13,3531.36,0,0,9,0
78,8.72,20,1.95,12,5540.87,2,0,18,1
56,2.34,20,4.08,2,5519.19,2,1,4,0
103,2.95,71,2.06,6,1534.11,0,0,19,0
119,8.58,0,3.91,10,1952.44,1,0,18,0
71,15.37,57,4.35,6,1140.0,0,0,18,0
78,18.06,12,4.14,14,5581.18,1,0,8,1
85,13.46,72,2.1,12,2507.61,1,0,20,0
25,2.55,5,2.61,12,2808.29,0,0,2,0
99,13.6,86,2.65,9,4855.32,2,0,20,1
99,12.89,57,2.97,5,3175.25,2,1,8,0
57,16.21,16,1.67,11,894.58,0,0,18,0
94,16.59,72,2.81,15,2739.52,1,1,15,1
48,17.43,11,3.04,15,3857.04,0,1,20,0
109,8.58,85,3.13,12,4371.41,0,0,1,1
42,14.11,51,4.28,9,3943.04,2,0,7,1
103,5.73,75,3.07,13,891.25,1,0,13,1
110,19.99,69,1.92,5,1965.2,0,0,5,0
32,3.92,72,3.65,2,4454.67,1,1,11,0
19,0.7,51,4.19,1,5305.1,2,0,23,1
78,3.4,36,2.28,9,473.68,2,0,0,0
109,15.63,2,3.58,10,444.93,0,0,17,0
43,9.21,7,1.59,7,3931.75,2,0,22,0
61,9.23,9,2.37,3,3378.67,2,1,6,0
104,19.12,46,4.64,15,1100.97,1,0,11,0
19,18.43,40,4.65,12,3380.09,0,0,11,0
28,6.57,63,3.3,6,5852.03,0,0,5,0
67,4.58,41,3.81,10,3859.22,0,0,22,0
105,17.05,42,4.42,4,2805.02,0,0,19,1
10,18.17,8,4.83,14,4999.69,2,0,1,0
78,11.06,13,2.96,9,1434.37,2,0,10,0
118,12.77,90,3.25,15,2603.09,0,0,15,1
13,5.51,3,2.66,2,3261.05,1,0,0,0
25,16.12,1,1.29,14,3126.33,1,0,5,0
33,12.83,84,2.69,11,5541.64,1,0,9,1
89,10.32,0,4.16,12,1897.48,0,0,8,1
11,1.67,74,4.22,15,527.72,0,1,9,0
101,18.36,64,4.57,12,5514.99,0,0,17,1
41,12.5,45,1.21,4,1458.99,0,1,17,0
100,4.26,58,3.11,1,2398.36,0,1,8,0
93,12.32,74,1.43,7,3279.17,1,1,12,0
33,13.71,6,1.8,14,5860.11,0,1,9,0
21,10.75,65,4.6,4,3304.56,0,1,8,0
59,14.5,14,2.99,5,2796.91,2,0,3,0
44,11.84,71,4.03,15,3585.1,1,1,14,1
42,18.98,46,1.26,12,5830.69,1,0,23,1
42,1.55,89,2.67,1,4944.08,0,0,7,0
70,2.57,39,3.7,2,1180.02,1,1,1,0
60,3.89,41,1.53,12,4858.91,0,0,3,0
52,13.96,50,2.3,4,5078.37,1,0,5,1
110,13.09,34,1.26,2,4206.03,0,1,19,0
21,17.9,40,3.61,14,4011.95,1,0,6,1
76,14.79,84,4.88,14,2757.09,2,0,12,1
74,10.41,56,4.31,13,3921.83,0,0,4,0
42,19.84,37,4.9,1,4477.93,0,1,3,0
49,5.69,71,4.38,10,912.36,0,1,21,0
83,16.75,7,4.42,1,1692.51,1,1,5,0
52,8.82,73,3.31,6,1325.67,0,0,4,1
53,13.15,62,3.07,2,5079.03,2,0,21,0
38,14.68,86,2.63,3,4144.02,0,1,4,1
22,12.86,3,4.27,5,2814.52,0,1,6,0
21,3.24,47,1.73,3,4991.12,1,0,4,1
104,9.14,51,1.22,6,4357.33,1,0,3,0
55,11.45,37,4.79,7,5498.84,2,0,8,1
11,17.06,86,1.02,10,645.48,0,1,4,0
44,9.15,4,4.91,6,3153.11,0,1,21,0
96,18.42,84,3.92,2,4299.14,0,0,1,1
90,9.09,69,2.31,9,1403.46,2,0,16,1
99,11.2,80,3.79,2,2097.33,1,0,18,0
17,16.03,88,4.27,6,2630.06,2,1,6,1
102,11.87,23,1.98,9,4807.09,2,1,16,0
35,19.22,85,4.08,9,3062.74,1,0,16,1
83,13.38,76,4.22,2,3058.65,0,0,15,0
99,10.69,16,2.0,9,2699.15,0,0,7,0
43,0.96,77,1.17,8,1525.82,0,0,18,0
114,8.57,89,1.82,14,5553.81,2,1,17,1
16,6.34,82,1.8,7,2043.25,0,0,23,0
77,15.09,25,1.26,13,3491.3,1,1,12,1
67,4.56,2,3.9,11,1062.92,0,0,13,1
118,4.5,1,2.52,8,2718.61,0,0,17,1
84,4.2,1,4.54,10,5442.06,0,1,12,1
38,2.95,21,2.01,8,5973.7,1,0,9,1
45,6.56,70,2.81,1,2298.16,0,1,13,0
98,17.78,3,3.56,9,1093.15,1,1,22,0
30,15.61,37,4.51,6,2023.82,1,0,22,1
45,14.84,83,3.1,1,2098.0,2,0,9,1
19,16.05,69,2.49,1,3938.15,2,1,5,0
110,5.75,72,4.47,13,3077.71,1,0,16,1
82,17.81,51,2.24,7,4657.07,1,0,16,0
33,3.18,30,1.32,10,4267.56,0,1,10,0
73,7.06,25,2.78,2,1657.59,1,1,18,1
108,11.94,35,4.14,6,4748.68,0,1,12,1
58,2.51,25,1.12,13,5115.28,0,0,11,1
108,14.74,27,3.34,5,3670.66,1,1,11,1
45,8.05,4,3.38,5,5580.47,0,1,3,0
91,15.8,73,4.71,10,4741.1,0,0,15,0
112,10.11,17,2.15,15,3653.3,0,0,22,1
105,4.03,14,2.12,12,5455.76,2,0,0,0
33,14.83,56,2.76,6,3682.08,0,1,19,0
32,5.42,4,2.43,14,3222.91,0,1,21,0
71,10.07,36,3.95,11,2266.3,2,0,13,0
105,1.97,85,3.57,8,5320.61,0,0,12,0
46,12.55,85,4.04,5,911.82,2,1,21,0
21,13.48,21,4.28,8,2946.32,2,0,6,0
64,7.88,51,4.69,5,3317.0,0,0,5,1
22,19.11,14,2.72,10,3417.54,1,0,0,1
32,17.55,16,4.94,15,3980.96,2,0,18,0
98,14.3,50,1.86,6,3133.61,1,0,0,1
108,14.42,44,3.86,8,1689.55,0,0,21,0
114,5.42,62,3.14,2,5170.28,2,0,22,1
39,13.31,27,4.27,7,4013.65,0,0,14,0
26,4.37,58,2.91,3,5177.49,0,1,11,0
71,3.31,85,4.14,9,1801.05,2,1,14,1
93,19.99,20,4.72,10,3894.93,0,1,2,0
98,12.64,41,3.93,7,4342.21,1,1,9,1
95,8.9,80,4.1,15,2423.75,0,0,0,0
22,6.12,68,1.27,3,4911.02,1,0,0,1
68,12.28,81,1.82,15,214.55,0,0,22,0
28,1.47,16,4.9,8,3650.53,0,1,20,0
58,2.35,67,3.77,10,3758.7,0,0,15,0
109,1.14,6,3.25,2,3296.29,0,0,4,0
21,10.23,88,2.47,10,3854.28,0,0,4,0
70,12.21,39,1.18,12,1169.92,0,1,10,1
114,1.72,39,2.48,8,4171.73,2,0,10,1
28,14.56,42,3.0,7,2147.58,1,0,11,0
85,4.99,72,1.85,12,2821.91,0,1,20,0
18,13.86,82,1.69,5,2132.03,1,1,17,0
80,19.65,50,3.03,4,2948.83,2,0,13,1
37,13.98,72,3.34,11,3805.1,1,0,0,0
87,17.72,22,1.96,10,5062.39,1,0,20,0
104,18.99,31,3.35,12,3003.92,0,1,7,0
61,9.99,30,4.6,14,2074.7,0,0,2,1
92,14.2,16,2.89,10,3030.06,0,0,17,0
120,17.11,57,4.43,1,4195.06,1,0,20,0
25,7.45,85,4.71,13,2210.86,0,1,22,0
78,5.6,34,1.37,4,2602.84,1,1,19,1
108,18.96,29,1.38,6,3464.47,0,0,1,0
21,14.66,63,2.9,15,1905.25,0,0,8,0
34,4.78,52,3.35,6,1412.69,0,1,21,0
61,9.26,50,2.7,2,1014.28,0,1,18,1
94,16.03,36,2.31,9,2245.14,0,1,11,1
109,11.17,89,3.56,13,480.39,0,1,10,0
62,13.17,5,1.01,13,3584.2,1,1,0,0
32,15.2,33,4.87,1,1220.27,1,0,15,1
25,12.63,55,1.93,4,2388.89,0,0,0,1
66,11.03,24,4.67,4,1761.49,1,0,23,0
48,15.12,12,1.44,2,3856.26,1,0,19,1
118,14.69,62,1.95,8,5132.0,1,0,8,0
62,12.78,65,1.94,11,3873.15,0,0,4,0
51,7.52,4,4.98,2,3346.53,0,0,4,0
67,8.41,74,1.02,2,4080.69,0,1,7,0
48,19.42,10,3.56,15,373.95,1,0,22,0
23,2.69,87,4.48,2,912.5,1,0,23,0
104,5.74,77,3.69,15,750.58,1,0,13,0
14,10.1,43,2.45,1,769.54,0,0,3,0
44,16.82,84,4.83,13,1710.81,0,1,11,0
96,3.69,68,4.57,5,3285.9,0,1,1,0
102,5.9,1,2.74,11,865.15,0,0,5,0
116,1.78,39,3.29,4,5623.67,0,0,13,0
84,14.27,36,4.87,2,5154.69,0,1,12,0
27,5.15,48,4.93,1,5835.54,1,0,22,0
120,8.08,74,2.8,1,446.5,0,0,21,1
85,9.15,35,4.39,2,5138.13,1,0,2,1
18,17.88,74,2.21,1,4861.66,1,1,18,1
83,8.52,72,2.49,9,5432.21,1,1,4,1
67,3.33,69,1.66,15,3262.08,2,0,22,1
117,10.72,33,1.84,2,4769.76,0,1,17,0
26,19.28,57,3.63,3,497.46,0,0,11,0
111,12.35,36,3.04,9,640.09,1,1,10,1
16,19.68,59,1.92,5,887.49,0,0,3,0
55,16.9,11,2.61,14,5505.78,2,0,11,0
22,1.2,31,2.49,13,554.78,0,0,23,0
49,13.34,80,4.95,8,780.87,0,1,18,0
51,6.09,3,4.41,7,5596.38,1,0,6,1
18,11.41,32,2.55,15,822.88,0,0,9,0
59,5.95,42,4.66,14,5244.59,0,0,18,0
36,7.3,8,2.37,6,4777.77,2,0,23,1
75,18.5,50,3.67,13,433.64,0,0,22,0
14,4.53,19,4.87,2,326.71,1,0,0,0
38,17.55,38,2.56,14,3299.45,0,0,15,1
46,1.09,22,3.72,13,5983.62,0,0,3,0
47,2.27,40,2.18,4,5297.21,0,0,22,0
92,17.17,43,2.07,9,1998.15,0,0,11,0
17,12.8,34,3.3,7,2440.59,0,0,12,0
118,15.07,22,4.92,3,2449.85,2,0,20,1
74,4.58,57,2.81,6,4458.24,1,0,2,0
95,10.97,47,4.75,8,2178.57,1,0,15,1
26,14.88,86,4.66,8,1057.22,0,0,1,1
80,12.73,57,2.02,8,4533.22,0,1,8,0
98,9.7,56,2.61,13,2856.49,1,0,5,0
54,19.22,86,3.57,8,645.32,1,1,9,0
13,13.69,38,3.07,10,4782.3,0,0,16,0
45,18.2,27,1.38,15,3594.81,0,0,4,0
79,14.73,63,4.97,6,3038.34,0,0,11,1
40,14.84,61,4.01,11,4105.39,0,0,22,0
28,2.06,82,2.75,15,3131.13,1,0,7,0
70,7.51,61,3.47,10,3960.84,0,0,20,0
117,17.24,84,1.35,11,5231.43,0,0,11,1
63,5.04,87,2.98,3,3758.38,1,1,11,0
48,2.75,84,4.72,9,4025.68,0,0,9,0
100,6.86,25,4.59,14,3760.37,1,0,12,1
83,4.8,50,2.35,14,3280.84,2,0,0,1
99,18.54,49,3.13,14,1197.44,0,0,1,0
28,17.43,35,3.79,3,2146.93,1,0,19,0
48,10.24,25,2.36,12,4220.03,0,0,14,0
76,1.7,32,1.26,12,2667.76,0,0,9,0
54,14.43,67,3.02,15,2555.55,1,1,0,1
22,12.66,72,3.41,4,4603.76,1,1,19,0
101,19.43,7,1.02,15,232.3,1,0,21,1
67,11.4,65,1.38,10,4138.17,2,0,21,1
29,7.06,22,1.83,1,3037.51,0,1,17,0
101,10.62,69,2.39,2,2385.22,1,0,0,1
81,19.6,54,3.16,6,2175.11,1,0,11,1
70,14.08,42,2.18,14,1202.68,0,0,7,1
114,13.6,20,2.1,13,2138.66,2,0,8,1
48,5.19,21,4.48,14,2470.23,0,0,22,0
10,15.0,8,1.58,12,2737.2,1,1,19,1
12,15.13,33,2.98,1,4099.34,1,0,1,0
86,6.69,58,4.81,12,2830.71,1,0,15,0
101,9.93,25,3.5,9,4818.45,0,0,22,1
71,6.24,0,3.87,8,3910.48,0,0,21,0
72,5.54,4,2.72,2,1299.66,0,0,13,1
34,1.0,40,1.08,14,1807.6,1,1,22,0
65,6.06,62,3.58,2,659.65,0,1,0,0
42,11.3,21,3.53,8,5685.19,1,0,13,1
47,0.53,67,1.44,12,5341.99,0,1,19,0
15,6.02,47,2.85,11,691.82,0,0,16,0
67,17.69,65,4.66,8,3529.64,0,0,22,1
53,12.08,15,1.82,1,5770.33,1,0,5,0
54,12.35,79,2.84,14,4533.43,1,0,7,1
41,8.37,52,2.84,5,3052.51,0,1,17,0
54,13.69,85,4.24,15,1598.4,0,0,7,1
70,4.2,64,4.3,11,1818.42,2,0,7,1
56,16.47,78,4.04,2,4470.18,0,0,1,1
30,2.78,63,2.46,1,4727.34,1,1,15,0
89,13.29,87,1.29,3,3266.42,1,1,12,1
94,7.15,67,2.4,15,901.5,0,0,13,1
84,15.08,62,3.72,13,5616.44,1,0,6,1
110,11.22,61,3.81,3,5099.62,2,1,2,1
45,9.32,81,4.86,13,1015.12,2,0,20,0
108,3.8,80,2.81,10,529.02,1,0,7,1
28,12.92,70,3.53,9,3308.03,1,0,0,0
29,19.51,44,3.16,10,1848.03,0,0,16,0
66,16.6,51,1.6,1,1842.85,0,0,7,0
27,1.67,73,2.84,11,705.89,0,1,5,0
56,7.84,64,3.18,2,5729.64,2,0,18,1
114,18.55,1,4.8,9,5014.97,0,0,10,0
58,10.31,48,2.47,14,860.24,0,0,7,1
23,13.41,21,4.92,5,5284.27,0,0,7,0
24,18.3,28,3.17,9,4161.15,0,1,9,0
40,17.54,34,1.97,6,2087.56,0,0,9,0
10,10.29,80,1.77,10,5253.25,0,0,21,0
63,9.03,75,1.57,10,3668.53,0,0,22,0
12,7.12,23,2.81,3,5122.29,1,1,12,0
25,14.52,29,1.09,8,2921.75,1,1,21,0
96,6.1,83,2.78,13,3103.78,0,0,2,1
66,5.37,41,4.95,9,1887.86,1,1,16,1
84,7.45,70,3.68,2,2448.62,1,0,20,1
21,3.96,49,4.04,9,3492.96,0,0,21,0
83,14.05,70,1.48,4,5692.94,0,0,14,0
105,12.52,59,2.89,8,3680.68,2,1,5,1
25,9.92,29,2.14,5,1054.79,1,1,16,0
81,8.11,11,4.58,13,240.58,0,0,23,0
111,18.23,48,1.73,6,5135.73,0,1,0,1
85,1.07,81,2.83,4,2313.09,1,0,2,1
33,15.5,45,3.35,5,2026.8,1,0,7,1
37,18.09,42,3.06,12,4844.24,2,0,7,0
17,9.2,1,4.32,1,5683.11,0,1,10,0
101,11.24,74,1.93,15,4538.66,0,0,15,0
45,18.92,79,2.51,12,1208.31,1,1,0,0
99,4.64,53,4.17,3,2469.99,0,1,10,1
17,10.64,34,3.11,14,4604.51,0,0,16,0
67,9.76,51,2.61,4,5460.17,0,0,12,0
69,5.54,32,1.12,1,5991.88,0,0,23,1
59,16.46,84,4.01,13,3167.05,2,1,1,1
37,18.04,83,4.89,3,4970.64,1,0,4,0
101,15.75,71,3.48,4,470.46,0,0,23,1
110,4.31,50,4.43,14,1857.78,1,0,20,1
50,2.19,25,3.07,14,2354.78,1,0,11,1
109,12.31,61,1.93,9,5858.04,2,0,14,1
73,1.61,60,1.06,3,219.68,2,1,6,0
36,13.62,25,3.61,11,1986.52,0,0,5,0
72,10.84,36,2.97,3,5596.39,2,0,4,1
26,13.42,29,4.13,4,1978.73,0,0,14,1
82,12.01,10,3.78,9,1505.39,0,1,2,1
42,8.74,52,4.95,9,4434.51,0,0,21,1
93,4.42,40,3.04,1,4522.97,0,1,8,0
86,6.46,4,2.71,15,2938.63,2,0,22,1
101,10.73,65,2.15,8,5692.12,1,0,16,1
38,13.21,12,2.91,10,1375.7,1,1,20,0
22,15.7,62,4.49,13,5497.81,2,1,22,1
55,15.46,81,1.17,1,4581.95,0,1,13,0
44,19.47,89,4.91,2,2335.61,0,0,6,0
15,6.07,24,4.97,10,4880.07,1,0,14,0
91,1.89,43,3.39,11,972.57,2,0,6,1
78,7.24,13,2.33,5,959.7,2,0,12,1
56,14.99,68,1.89,11,5593.64,0,0,13,0
34,9.04,58,2.11,13,749.73,2,0,21,1
75,16.45,55,1.2,15,223.66,2,0,10,1
19,11.21,51,2.9,11,2456.38,0,0,17,1
65,18.63,65,1.23,14,802.34,1,0,12,0
39,18.98,67,3.87,12,5205.61,0,1,11,0
118,1.85,11,2.49,13,5551.62,0,0,1,1
14,9.4,74,1.8,6,2998.07,2,0,9,0
42,12.39,67,3.18,2,2667.73,1,1,21,1
74,5.49,42,4.9,10,3326.43,1,0,10,0
27,8.44,72,3.78,5,1511.93,2,0,15,0
105,13.71,73,2.97,3,1928.2,0,1,16,1
120,4.92,90,4.11,7,785.67,0,0,13,0
58,12.24,5,3.95,12,2789.41,0,1,21,1
20,14.1,14,4.57,12,3747.81,1,1,20,1
94,2.26,41,1.82,1,5595.3,2,0,12,0
35,10.2,30,4.44,5,4486.62,1,0,16,0
72,5.63,85,2.2,12,4393.77,2,0,4,0
98,14.63,52,4.76,3,1986.39,1,0,3,0
95,4.2,5,2.12,11,5352.1,1,0,10,1
68,17.9,32,4.71,2,5692.34,1,0,16,0
36,8.9,28,4.86,12,5607.13,2,1,2,0
58,4.36,20,1.58,12,425.06,0,0,1,1
86,9.04,53,4.9,3,3705.23,0,0,0,0
42,8.47,55,1.34,10,3930.71,0,1,17,1
107,8.86,20,1.87,4,1911.38,2,1,15,0
114,11.92,54,2.78,15,5955.99,2,0,10,1
108,10.66,57,4.97,15,1888.89,0,1,6,1
10,3.42,63,2.95,11,1456.35,2,0,4,0
30,1.78,85,3.2,2,3008.04,1,0,17,0
64,14.72,45,3.78,2,2074.25,0,0,3,0
15,11.41,83,4.87,3,5559.37,2,0,21,1
101,7.5,21,4.13,2,2752.45,1,0,7,1
90,16.26,59,1.9,14,2578.87,0,0,21,1
78,8.07,10,2.21,6,3830.0,0,0,5,1
104,16.02,46,1.39,2,670.47,0,0,21,1
14,6.46,30,3.58,1,4589.05,1,0,20,1
111,1.92,76,1.72,8,4656.71,0,1,20,1
12,18.69,17,2.03,10,2949.35,1,0,21,0
62,8.19,21,4.55,15,5743.05,1,0,21,1
32,15.96,55,2.31,4,3560.17,0,1,0,0
110,5.94,16,3.27,2,4232.37,1,1,6,1
62,13.1,37,2.59,4,5561.2,2,0,5,0
46,17.53,24,1.3,11,4064.8,0,0,21,1
83,1.31,31,2.45,2,2704.59,1,1,0,0
83,16.7,14,2.63,11,343.67,2,0,6,1
92,11.64,12,4.58,5,4424.14,0,0,13,1
26,12.35,57,2.3,7,5796.22,0,0,5,0
94,10.7,89,2.52,6,2927.36,1,0,9,0
87,17.55,49,4.13,2,2170.66,1,1,17,1
82,1.35,10,4.04,11,3211.7,0,1,15,0
119,5.59,12,4.19,13,4424.94,0,0,11,1
10,17.58,49,4.82,4,204.0,1,1,10,0
60,15.17,37,4.18,8,5345.83,0,0,23,0
54,0.84,0,2.63,12,5340.9,1,0,7,0
86,10.58,38,4.29,14,3339.53,1,0,14,1
13,10.83,26,3.03,14,909.8,0,0,22,1
71,8.32,35,2.11,7,4096.47,0,0,11,0
74,6.3,31,2.21,7,999.5,1,1,22,0
113,13.79,40,1.9,12,3143.77,1,0,6,0
41,4.55,14,1.58,12,743.05,2,1,15,0
43,16.08,30,1.74,4,3616.58,0,0,3,1
101,16.16,5,1.25,1,2044.8,1,0,0,1
104,8.6,88,4.55,7,5019.75,0,1,0,1
81,6.03,51,4.72,6,4839.69,2,0,20,0
48,6.04,81,3.35,8,5991.15,0,0,14,1
35,9.9,21,4.36,11,1693.52,1,0,13,0
43,14.53,30,1.73,13,558.45,0,0,14,0
63,7.5,72,4.61,5,2769.42,0,0,1,0
12,12.4,45,3.03,8,683.74,0,0,15,0
59,7.96,66,1.27,10,1235.3,0,0,4,0
21,6.44,90,1.57,11,3664.34,0,0,10,0
74,0.98,42,2.24,14,3634.36,0,1,10,1
63,0.58,0,1.17,8,451.3,0,1,0,0
117,4.93,43,2.24,9,2768.85,0,0,1,0
14,8.42,56,1.24,1,3275.27,1,1,0,0
103,17.1,8,1.94,3,1754.54,1,1,2,0
103,16.07,4,2.06,12,5257.85,0,0,19,1
66,5.71,78,4.98,12,1134.37,0,0,0,0
26,5.27,8,1.94,11,1672.63,0,0,16,0
56,4.93,44,1.96,6,1110.57,0,1,1,0
32,7.12,76,3.75,13,875.97,0,0,13,0
88,10.21,23,4.44,4,5298.08,0,0,19,1
110,9.05,73,2.55,8,1811.58,2,0,1,0
94,4.76,41,4.5,10,4390.64,2,1,17,1
23,3.04,21,2.36,14,2682.3,0,0,7,0
75,0.75,59,1.79,14,3888.07,1,0,7,0
84,3.5,85,2.32,1,5583.42,0,1,6,0
60,14.25,36,3.44,15,5098.73,0,1,10,0
112,5.25,38,2.47,12,600.12,2,1,19,1
47,9.64,83,3.69,5,5102.17,0,1,6,0
73,12.03,73,1.95,14,2820.58,1,1,21,0
107,17.79,73,3.8,4,2230.85,1,1,6,1
47,17.83,89,2.39,12,4099.85,1,1,16,0
59,15.04,88,2.82,1,5711.21,0,1,14,1
107,1.19,52,3.23,10,745.99,1,0,20,1
91,11.71,27,3.74,6,4654.85,0,0,20,0
39,15.84,76,1.95,15,1380.35,0,0,6,0
88,0.84,14,4.34,10,2404.79,2,0,19,0
100,11.22,59,3.89,13,5268.17,1,1,16,0
60,17.23,59,1.94,15,3365.64,2,0,18,1
72,9.74,5,4.9,3,591.25,0,1,13,0
107,0.58,51,3.66,11,3146.68,0,1,19,0
61,0.71,11,2.81,15,4779.92,1,0,4,0
47,8.62,18,1.63,11,3267.51,0,0,11,0
106,3.52,74,3.13,5,1167.96,1,0,23,1
97,13.46,1,1.66,6,2781.24,2,0,23,0
88,14.32,54,2.72,4,5561.2,2,0,11,1
39,3.97,14,2.63,10,4017.58,1,0,1,0
115,17.83,63,3.88,10,4433.34,0,1,3,1
60,9.12,68,1.77,12,4758.43,2,0,1,0
90,3.29,14,4.29,6,726.02,1,0,4,1
14,15.4,42,2.3,7,3572.91,2,0,19,0
38,15.9,73,2.78,2,2380.31,1,0,1,0
13,12.97,16,4.09,14,1007.12,2,0,12,0
19,17.14,23,3.5,15,1375.72,0,0,2,1
65,14.88,73,2.23,7,4730.73,1,0,14,1
26,17.7,29,2.54,7,1136.64,0,1,18,1
83,8.96,66,2.22,2,2012.03,1,1,15,1
26,15.08,50,3.38,3,1852.27,1,0,13,0
93,20.0,59,2.33,3,482.06,0,1,22,0
97,14.64,2,3.9,1,2880.52,1,0,3,0
78,2.73,4,3.32,1,4642.39,0,1,16,1
43,10.61,27,1.58,10,328.49,0,0,20,0
15,11.95,77,2.24,11,852.8,0,0,21,0
62,3.9,10,1.89,6,4377.08,0,0,21,0
75,19.28,71,2.56,9,3642.77,0,1,11,1
86,3.92,71,3.06,9,4348.44,0,0,1,1
116,3.96,75,3.03,11,1534.6,0,1,20,1
52,18.35,14,4.02,14,4861.86,0,0,19,0
84,9.57,82,1.76,1,2983.25,0,0,13,1
120,1.73,47,4.79,12,3739.75,1,0,20,0
32,12.16,45,2.37,7,734.49,1,1,22,0
64,12.24,27,2.2,6,1389.18,2,0,2,0
89,1.76,6,3.74,4,4685.48,0,0,15,0
104,19.46,70,4.22,11,1498.67,2,1,7,1
84,11.11,81,2.51,3,736.67,0,0,11,0
25,11.42,87,3.99,9,3663.78,0,0,8,0
17,10.64,5,4.53,10,3378.03,0,0,0,0
13,12.41,57,4.07,5,3725.78,0,0,0,0
113,5.65,67,1.14,8,3786.17,0,0,8,0
13,6.1,54,4.31,4,3101.14,1,1,14,0
65,10.47,66,4.1,4,3063.89,2,1,9,0
34,16.23,48,3.68,6,5560.16,2,1,16,0
76,1.47,50,4.04,6,3296.51,1,0,1,0
105,12.27,58,4.92,3,3780.34,1,0,2,1
76,16.23,5,2.72,15,1748.42,0,1,22,0
36,3.56,89,1.27,2,5252.34,2,1,9,1
102,0.79,50,2.84,11,341.33,1,0,18,1
41,6.6,37,1.19,9,3431.92,0,0,8,0
59,11.97,10,2.18,2,2426.33,1,1,17,0
70,3.2,51,3.35,9,3702.64,0,0,2,0
60,8.81,19,2.24,12,2289.0,1,1,8,1
28,11.27,9,3.74,11,4362.59,2,0,21,1
30,12.18,25,4.29,14,317.92,1,0,10,1
14,5.85,47,2.68,8,2554.16,2,0,8,0
91,8.3,90,4.6,11,5021.33,2,1,4,0
101,15.68,13,1.32,13,1651.16,0,0,19,0
51,18.85,58,4.36,10,505.96,0,1,17,0
70,17.31,11,4.31,7,3079.84,0,0,11,0
31,11.5,22,2.29,12,5863.89,2,0,16,0
30,8.5,84,2.19,5,572.12,0,0,20,0
79,6.99,71,2.22,13,606.33,1,0,16,0
10,2.94,38,4.25,3,3651.68,0,0,15,0
14,2.58,8,4.33,2,1650.39,1,0,21,0
114,13.92,87,2.32,11,2579.34,0,0,21,0
21,5.57,24,3.37,8,5016.94,0,1,13,0
99,5.47,16,1.56,2,1353.32,0,1,22,1
55,19.96,41,2.88,8,4371.94,1,0,8,0
43,4.16,28,5.0,5,3126.02,0,0,21,0
58,3.39,59,1.64,9,5448.75,2,1,12,0
87,2.42,66,4.79,4,5843.18,0,0,2,1
99,11.81,84,4.3,8,3012.77,1,0,23,1
54,12.74,56,4.89,13,3590.95,2,0,4,0
36,7.62,71,1.72,11,4525.89,1,1,23,0
82,10.94,13,1.85,15,2048.31,0,0,7,0
35,15.87,38,1.07,7,1515.09,2,0,2,0
56,16.45,15,3.9,12,5795.17,0,0,22,1
95,19.18,17,3.58,8,2709.17,0,1,15,1
120,16.57,74,1.71,5,209.23,0,1,3,1
65,11.51,19,4.16,2,5058.77,0,0,8,0
103,4.0,45,2.2,7,3678.05,1,1,6,1
116,2.45,44,1.54,3,1177.64,1,0,17,0
72,1.56,3,2.69,15,374.81,0,0,16,0
57,13.5,83,1.36,13,1890.6,0,0,21,0
70,16.25,19,2.05,10,5581.75,0,0,5,0
90,10.42,10,2.49,10,5614.25,0,1,9,1
35,1.57,64,4.41,10,2003.82,0,0,4,0
45,10.94,17,4.17,15,5048.4,0,0,14,0
10,18.75,38,2.77,12,2762.7,1,0,1,0
17,12.15,43,3.9,11,3995.2,1,1,14,0
108,16.28,17,3.27,10,2139.77,0,0,8,0
61,16.1,46,2.36,13,3192.64,2,1,5,0
88,18.68,30,3.9,2,1903.92,0,0,3,0
56,15.52,38,3.73,3,554.46,1,0,22,1
65,15.08,37,3.48,14,1008.39,0,1,13,0
95,5.07,78,3.47,14,1885.91,1,1,8,1
23,1.67,46,3.73,4,5862.27,0,0,23,0
99,10.59,69,2.54,10,5800.9,1,0,0,1
37,2.93,7,4.48,13,5000.45,0,1,18,1
96,19.26,85,1.65,11,1548.54,0,0,9,0
87,6.15,64,4.54,7,2761.29,1,0,17,0
97,17.13,12,2.37,10,2750.74,1,0,18,0
11,8.06,54,1.5,15,2444.44,0,0,20,0
118,6.8,87,3.4,12,460.31,0,0,5,1
35,18.74,84,2.5,1,3300.26,0,0,2,1
23,7.58,42,4.26,6,622.31,0,0,17,0
68,8.11,3,2.72,13,4851.13,0,1,20,1
65,2.57,70,3.67,6,4209.58,0,0,19,0
16,13.57,59,2.23,8,2245.87,1,1,20,0
12,6.13,11,1.84,2,3953.39,1,1,9,1
120,11.92,58,2.55,2,1551.61,1,1,19,1
32,12.03,76,3.43,1,1738.45,1,0,3,0
119,14.52,53,3.63,3,2021.97,1,0,7,1
116,15.03,43,3.31,7,4822.67,0,0,15,0
120,10.53,15,4.95,15,1422.01,2,0,21,1
118,6.95,5,3.76,8,3464.13,1,1,1,1
27,16.83,13,4.73,7,1362.71,0,0,18,0
47,6.54,57,1.47,9,1853.22,2,1,14,0
108,10.4,30,1.25,15,1565.79,0,0,7,0
24,8.32,40,2.24,8,3941.03,1,0,16,0
73,17.17,34,1.55,8,3255.03,0,0,12,0
98,8.92,9,3.1,11,4383.54,2,0,21,0
110,8.03,80,3.08,2,1475.67,1,0,2,0
37,13.95,29,3.3,1,253.06,1,0,9,0
83,12.25,43,3.98,6,4146.96,1,1,12,0
48,2.59,54,4.89,7,866.15,1,1,10,1
66,10.41,70,4.51,6,1628.57,0,0,0,0
26,14.84,17,1.47,7,1972.98,2,0,13,0
112,19.85,82,2.35,8,4531.45,0,0,1,0
95,12.77,78,2.02,2,3830.17,2,0,21,0
99,7.72,85,1.71,1,1268.74,1,0,11,1
53,4.91,38,3.18,10,3667.75,0,0,3,0
34,17.52,41,3.21,8,4307.26,0,0,11,1
26,16.38,53,1.91,8,2455.6,0,0,0,0
22,5.06,29,3.85,14,1626.53,2,1,9,0
93,4.41,19,3.93,8,4138.1,0,0,3,0
34,14.45,41,1.08,14,3743.17,0,0,1,0
77,6.64,88,2.58,10,651.89,0,1,22,0
19,6.47,86,4.56,7,4066.74,0,1,21,0
76,3.47,4,3.08,2,3033.4,0,1,12,1
114,5.65,49,2.39,4,4569.54,0,0,7,1
118,8.84,40,2.01,9,1306.16,2,1,1,1
27,14.79,38,1.97,8,1697.66,1,1,2,1
120,7.06,56,1.4,4,3351.21,2,1,14,0
109,6.91,90,4.27,8,2994.05,1,0,6,0
120,6.06,56,1.35,10,2440.92,0,0,9,1
95,9.83,36,2.17,13,4526.99,2,1,19,1
43,4.02,6,1.18,6,3475.56,0,0,10,0
120,9.97,4,4.13,11,4319.58,0,0,21,0
17,14.23,78,1.16,9,1088.88,0,0,22,0
49,1.08,50,2.23,1,4428.13,1,0,13,1
117,0.69,7,3.29,6,2876.86,0,0,18,1
92,1.96,55,2.64,11,395.85,1,0,13,1
51,10.95,72,2.13,4,1560.05,2,1,21,0
50,17.16,10,2.1,3,349.39,1,0,22,0
110,0.6,21,4.19,5,2849.87,0,0,0,1
15,18.76,76,4.9,10,2090.1,1,1,6,0
61,2.57,10,2.39,11,5927.21,2,0,4,0
35,16.92,59,1.16,8,5237.32,0,0,6,0
73,9.92,14,1.15,15,4988.89,0,0,12,0
107,13.36,37,4.04,11,3106.48,0,0,6,1
68,10.46,0,3.21,10,4881.11,0,1,21,0
65,9.8,45,4.13,6,1747.84,1,1,18,0
68,16.78,87,3.79,1,3451.77,1,0,12,0
118,15.24,42,4.63,6,2478.92,0,0,15,0
79,9.93,21,4.54,7,1193.78,1,0,20,0
110,2.68,2,4.15,13,621.16,1,0,14,0
42,2.75,13,2.9,6,3437.67,1,0,18,0
62,16.13,1,2.23,3,766.31,0,1,6,0
31,10.82,60,3.03,11,4364.42,0,0,4,1
30,9.89,31,3.01,9,5544.52,0,0,13,0
79,13.77,37,3.44,13,1140.22,2,0,22,0
79,17.25,45,1.74,10,2931.44,1,0,15,0
13,12.76,41,3.62,10,4484.89,0,0,23,1
103,15.38,5,2.83,4,1863.67,0,0,10,1
84,15.42,40,3.48,5,5540.43,1,1,23,1
71,7.45,24,1.96,5,5353.1,0,0,20,0
71,5.84,10,2.74,3,801.78,0,0,10,0
103,16.12,40,1.84,12,358.92,0,0,11,1
104,7.85,70,4.5,2,5863.46,0,1,20,0
33,18.12,56,2.95,8,5747.56,0,0,12,0
64,1.86,45,1.9,7,2649.26,0,1,7,0
18,1.64,85,1.16,5,493.27,1,0,5,1
12,18.58,47,3.7,13,3789.48,2,1,21,0
40,13.14,62,1.86,1,1901.78,0,0,1,0
49,7.9,38,4.96,10,5632.99,0,0,22,0
110,15.22,9,3.13,1,4809.04,0,1,9,0
45,13.61,84,2.16,8,3967.64,0,0,22,0
33,10.86,69,3.63,4,1850.12,1,0,21,0
104,2.43,64,2.1,13,4267.36,0,0,1,0
15,16.34,58,4.28,4,1877.18,0,1,10,1
75,17.39,77,2.23,14,418.26,1,0,4,0
93,3.86,35,4.95,9,3148.92,1,0,5,1
101,17.08,26,3.42,2,3034.37,0,0,15,0
84,17.62,72,4.38,5,4625.43,0,0,19,0
13,11.21,54,1.29,6,5220.91,1,0,9,0
88,13.3,69,2.39,6,2255.92,0,0,13,0
15,7.95,80,3.95,10,2806.94,0,0,5,0
103,5.99,52,3.62,12,2928.32,1,0,4,1
111,14.58,59,1.78,14,2080.5,0,1,9,1
60,17.31,60,2.42,3,4511.64,2,0,11,0
71,13.25,35,2.05,10,3228.19,1,0,21,0
66,10.48,84,3.45,6,5500.94,0,1,16,0
75,3.6,26,2.38,10,3971.8,1,0,15,0
88,1.54,40,2.24,10,1429.0,1,0,9,1
84,9.19,27,1.83,5,1155.89,0,0,16,0
17,1.46,15,2.64,12,2359.83,0,1,1,0
35,11.6,34,1.78,8,2212.17,1,1,1,0
60,7.96,35,4.85,4,2561.36,1,1,13,1
54,15.27,55,1.62,13,1264.83,0,0,3,0
53,6.46,18,4.65,10,5873.69,0,1,11,0
14,12.06,56,2.71,10,1045.12,2,0,1,0
79,10.98,84,2.51,3,3985.36,1,1,13,1
35,0.59,32,1.93,6,275.8,1,0,23,0
77,1.91,22,3.54,10,2560.37,1,0,23,1
28,6.16,62,3.74,14,1993.26,0,0,17,0
93,17.7,69,2.87,9,2415.74,2,0,8,0
106,3.37,21,1.22,14,3088.85,0,0,22,1
29,14.36,66,4.67,8,3682.18,1,0,23,0
21,19.48,79,4.92,10,3584.37,0,0,7,0
56,15.92,58,2.72,8,3858.14,2,0,6,1
10,5.24,24,3.45,3,5098.38,1,0,12,0
99,18.21,16,2.8,1,5342.96,1,0,1,1
23,2.32,38,2.29,3,4476.05,2,1,1,0
73,9.63,76,1.31,14,657.87,2,0,15,0
47,17.81,74,2.82,3,5775.5,0,0,15,0
46,13.0,73,4.27,14,5694.91,0,0,23,0
20,8.57,38,1.07,12,4327.88,1,1,17,0
109,6.21,23,3.33,6,3201.15,2,0,1,1
86,7.81,37,4.52,13,1653.59,0,0,6,1
116,10.42,87,1.87,3,4586.84,0,1,6,1
12,6.72,80,1.73,2,5291.59,1,0,16,1
42,19.39,56,4.09,12,4058.09,0,0,22,1
15,18.7,43,2.02,15,3848.62,1,0,11,0
59,17.48,35,1.77,9,1319.43,0,0,12,0
19,8.73,69,2.51,6,2275.22,1,0,4,1
14,13.98,79,2.57,5,4394.19,2,0,14,0
32,18.11,44,4.5,12,298.01,0,1,20,0
19,17.08,25,3.47,3,3919.33,0,0,1,0
53,8.58,10,2.62,7,4646.69,1,0,5,0
11,2.69,51,3.14,7,2141.29,0,0,3,0
22,1.97,24,4.82,4,641.77,1,0,22,0
49,11.75,30,1.45,10,4950.89,0,0,12,1
11,13.03,84,1.83,2,1022.65,1,1,1,1
93,17.07,44,4.85,2,2350.65,2,0,23,1
74,6.2,66,4.83,13,4302.07,0,0,4,0
72,3.77,75,1.71,15,4938.52,2,1,7,0
110,7.89,39,1.58,12,5201.82,0,0,15,0
82,7.39,45,2.68,8,3276.42,1,0,6,0
26,3.08,53,1.2,4,2960.06,0,0,2,0
18,13.61,40,3.62,7,5120.24,0,0,8,0
84,10.42,88,1.31,3,3465.85,1,0,12,1
24,14.56,80,1.23,9,3556.17,0,0,1,1
33,7.38,37,2.94,10,2717.05,0,0,18,0
47,6.85,35,4.83,9,2362.32,0,1,10,0
44,9.72,82,2.71,7,2987.14,1,0,9,0
103,17.61,43,2.43,7,2316.12,0,1,10,0
104,1.29,56,4.99,1,2192.57,0,0,16,0
58,16.19,65,3.13,10,5963.25,1,1,16,1
78,7.7,80,2.5,8,2150.04,0,0,2,0
71,17.17,29,2.54,2,1687.03,0,0,11,0
69,16.14,9,1.78,8,2252.76,1,0,2,1
117,7.3,60,3.05,11,3626.53,1,1,4,0
59,14.03,62,2.76,13,5483.74,1,0,5,0
87,3.61,35,2.08,2,4769.61,1,0,19,1
84,17.98,53,1.64,1,5085.0,0,0,9,0
18,8.39,64,2.24,15,5182.25,1,0,10,0
43,9.38,81,3.03,11,5539.06,0,0,22,0
85,14.26,3,1.23,8,1563.41,0,0,18,1
108,16.51,54,1.61,4,2858.52,0,0,19,1
44,5.11,53,4.79,15,2434.15,2,1,10,1
10,13.4,90,3.17,11,2414.89,1,0,20,0
49,8.14,88,1.25,10,3983.25,2,0,7,1
73,7.69,63,3.77,15,2530.46,2,0,8,1
31,13.96,21,1.25,6,3774.72,2,0,2,0
69,8.05,24,3.96,10,2417.22,0,0,0,1
73,7.25,80,4.0,13,2004.54,1,1,1,1
102,16.8,58,3.6,11,2247.85,0,0,1,0
81,2.47,56,3.93,10,4861.79,1,0,2,0
20,13.68,53,1.35,1,3686.1,0,1,17,0
114,5.35,43,3.91,9,5849.19,0,1,16,0
110,0.8,51,1.55,11,5029.41,1,0,11,0
23,3.75,75,2.36,7,3017.53,2,1,5,0
69,12.33,15,4.77,5,1605.78,1,0,6,1
39,14.33,15,3.01,6,4108.67,0,0,16,0
44,0.91,80,4.87,3,4414.55,2,1,8,1
94,1.21,54,1.36,13,2892.22,0,1,22,0
46,18.1,60,2.91,9,1533.55,2,0,11,1
14,1.93,78,1.25,2,3431.98,2,0,13,0
92,17.94,76,3.52,12,1672.21,1,1,10,0
87,4.95,39,1.31,10,5651.99,1,0,3,1
35,14.93,90,1.7,1,3847.53,1,0,18,1
71,6.54,20,2.04,14,1893.2,1,1,5,0
13,17.25,65,3.99,15,1451.24,0,0,18,0
98,14.16,7,1.66,1,4357.0,1,0,15,1
118,8.34,70,4.39,10,4305.2,0,0,15,1
51,1.99,9,1.53,2,3663.37,1,0,3,0
98,14.79,56,1.14,6,3762.95,1,0,4,0
27,12.53,3,2.58,6,3702.44,0,0,9,0
49,0.56,42,4.92,9,2288.6,2,0,4,0
81,0.68,62,1.44,10,5637.0,0,1,8,1
48,16.27,42,1.41,15,2979.82,0,0,17,1
113,5.56,66,4.0,4,317.9,0,1,22,0
23,12.9,81,2.25,8,2220.5,0,0,22,0
41,9.36,50,3.87,4,955.64,0,0,5,1
60,17.34,55,1.8,3,2307.63,0,1,13,0
47,18.38,42,2.84,4,3727.92,0,0,19,0
106,19.94,23,2.06,1,331.45,0,0,22,1
32,3.5,33,2.81,9,5247.16,0,1,15,0
72,17.33,58,4.08,11,3739.79,1,0,2,0
24,5.69,1,4.05,15,1913.16,1,0,0,1
106,12.02,1,3.06,5,2004.99,0,1,5,1
34,10.36,9,4.71,7,2900.88,2,0,0,0
26,0.85,22,2.06,3,1638.93,0,0,5,1
106,18.69,14,1.96,5,225.18,1,1,20,0
120,2.03,75,3.46,13,354.03,2,1,4,1
75,13.92,16,3.49,10,2274.9,0,0,11,0
87,15.81,81,1.19,14,920.49,0,0,5,1
62,16.01,13,3.43,4,329.71,1,1,7,0
113,3.14,80,2.5,7,5183.76,0,0,18,0
113,9.23,78,3.99,5,1790.0,0,0,4,0
60,16.67,75,4.23,2,3118.11,1,0,14,1
48,6.4,15,3.21,3,1240.57,1,0,13,0
60,9.62,31,1.01,8,471.0,0,0,15,1
79,5.82,22,3.55,3,4520.22,1,1,5,0
15,9.54,33,4.0,15,924.75,1,0,16,0
76,17.81,15,2.0,7,349.16,0,0,16,1
16,9.37,33,2.86,5,3605.94,0,0,15,0
60,11.34,70,4.86,7,278.11,1,0,0,1
81,8.38,32,2.19,10,2730.46,0,0,17,0
51,9.47,67,1.89,9,1875.25,1,0,3,1
73,0.8,42,1.84,7,2052.62,0,1,21,0
24,6.03,63,3.24,14,222.61,0,1,2,1
120,9.01,70,4.8,6,5793.21,0,0,2,0
38,12.86,17,3.43,12,3198.39,2,1,12,1
42,9.28,67,2.21,13,3520.57,2,0,19,0
103,7.09,60,3.55,1,4063.51,1,1,3,0
112,8.07,74,3.5,4,4825.63,1,1,10,0
36,5.22,19,3.39,8,3725.87,0,0,20,0
45,18.53,10,1.64,1,4620.75,1,0,4,0
38,10.67,78,3.54,6,2802.66,0,0,1,0
47,0.76,45,2.72,2,2353.4,1,0,5,0
66,0.88,63,1.07,15,4974.18,2,0,4,1
106,19.47,80,3.16,13,5218.8,0,0,0,0
110,4.82,75,4.96,9,999.28,1,0,22,1
36,16.21,27,2.4,8,3347.43,1,0,22,0
64,1.64,47,4.86,9,4165.13,0,1,10,0
42,18.46,34,1.38,9,684.87,1,0,5,0
77,17.55,7,3.93,14,5591.66,1,0,16,0
95,11.64,90,1.46,13,3216.64,1,0,10,0
75,0.68,21,2.09,2,3943.65,0,0,6,0
19,5.53,23,3.28,2,1233.81,0,0,15,0
14,8.43,65,3.37,9,1733.72,2,1,19,0
83,9.47,85,4.1,2,901.81,1,0,4,1
106,6.3,63,3.46,4,1731.19,1,0,6,1
47,1.14,64,3.37,2,3055.9,0,0,2,0
22,12.01,13,4.65,1,5035.05,0,1,1,0
40,10.72,24,2.81,12,3295.6,2,0,0,0
56,6.02,2,1.9,13,1617.89,0,1,7,1
109,1.24,4,1.65,11,458.8,2,0,23,1
118,19.89,64,2.6,14,3807.43,0,1,6,0
97,9.9,53,3.85,10,2636.93,0,0,9,0
61,15.24,18,1.17,7,5909.25,0,0,13,1
65,9.32,53,1.52,12,4722.61,1,1,8,1
24,1.34,75,1.42,11,4888.5,1,0,10,1
38,6.54,9,3.34,5,270.96,2,0,0,1
17,6.74,15,1.97,3,4711.21,0,0,18,1
14,16.85,45,1.67,8,1328.76,0,0,20,0
38,13.26,28,3.37,5,3597.62,1,1,13,0
56,5.87,14,4.05,1,2795.05,1,1,17,0
77,19.37,47,2.33,9,3515.3,0,0,22,0
85,6.77,10,3.31,14,973.97,0,0,11,0
54,19.97,33,1.39,14,2849.97,0,0,21,0
11,19.93,35,4.74,5,414.28,1,0,9,0
36,4.23,29,2.35,3,437.8,0,0,17,0
104,6.6,72,4.99,6,4014.88,1,0,23,1
45,9.98,81,4.91,8,5719.85,0,1,2,0
45,13.45,18,4.12,2,4708.88,2,0,3,1
35,10.8,67,1.08,11,2921.1,0,1,20,0
52,19.4,69,3.17,14,524.05,0,0,21,1
36,14.62,32,1.35,3,461.12,1,0,8,0
78,4.63,79,4.58,7,1115.78,1,0,11,1
29,2.55,74,4.16,2,5859.7,0,0,8,0
20,13.92,21,4.89,11,2512.23,2,1,8,0
83,3.59,35,3.43,11,5091.76,1,1,15,0
113,15.86,22,3.09,12,4289.83,0,0,23,0
47,6.57,62,3.08,5,3711.49,1,0,4,0
15,6.87,25,2.55,9,5697.39,1,0,4,0
81,0.71,59,2.87,14,1536.39,1,0,13,1
32,14.17,4,3.54,7,2838.36,2,0,19,1
56,2.71,53,4.73,14,5215.39,1,1,13,0
99,15.57,37,3.38,14,3400.22,0,0,14,0
55,10.09,61,4.43,13,1629.38,1,0,15,0
116,15.79,24,4.45,3,1411.72,1,1,6,1
21,11.89,11,3.08,2,4566.71,1,0,10,1
99,2.11,21,2.39,10,274.18,0,0,3,0
22,15.43,8,3.56,9,5502.31,2,1,4,0
113,1.86,83,2.78,9,306.82,1,0,13,0
71,9.83,28,1.33,9,3859.74,1,0,8,1
91,3.86,43,2.51,10,3707.54,0,0,22,0
98,15.17,26,4.98,3,3554.78,1,1,8,1
106,18.28,54,1.19,1,2951.19,0,0,23,1
120,11.31,80,3.79,9,5144.1,2,0,10,1
113,10.78,4,4.36,7,4024.13,0,0,18,1
69,15.4,51,3.59,2,4734.8,1,0,18,1
52,0.6,12,3.28,6,870.03,0,1,11,0
85,18.4,41,3.83,11,489.41,1,0,14,0
117,4.35,14,2.72,9,365.47,1,0,1,1
109,19.69,78,1.37,8,1053.79,0,0,11,1
77,14.86,17,4.85,11,4068.65,0,1,2,1
14,15.6,49,2.73,12,3065.33,2,0,14,0
46,13.3,1,3.66,6,4563.06,1,0,13,1
81,9.7,86,3.13,6,1312.04,0,0,18,0
115,11.65,12,1.22,8,2328.39,2,1,2,1
101,1.4,67,4.81,9,5353.29,1,1,14,0
40,12.67,46,4.17,8,5627.14,0,0,10,0
18,12.71,88,1.6,1,5546.03,1,0,21,1
60,17.88,74,4.93,15,4946.17,0,0,8,0
38,10.36,49,3.95,2,4191.77,0,0,6,0
87,2.0,11,2.89,6,5499.33,2,0,6,1
49,6.47,12,3.45,8,4342.25,0,0,6,0
50,13.28,8,1.43,15,5732.83,0,0,16,1
95,5.17,58,3.24,4,343.77,1,1,3,1
20,5.97,44,1.29,12,5545.52,2,1,3,0
32,16.5,69,3.18,4,3423.3,0,0,6,0
10,11.89,42,3.21,13,848.43,0,0,1,0
55,10.42,73,4.5,2,1446.49,1,0,21,1
110,6.71,22,3.9,10,5142.52,1,0,4,1
30,14.75,78,2.0,1,3135.48,2,0,9,0
99,6.11,44,4.55,10,5900.34,0,1,17,1
119,14.87,22,3.29,9,881.68,1,1,13,1
45,1.87,33,3.43,7,2592.52,0,1,2,0
63,17.36,15,1.68,9,2124.87,1,0,2,0
96,10.24,62,4.43,13,3193.59,0,1,18,0
66,9.05,50,4.72,15,3873.94,2,1,20,1
10,12.41,31,4.1,2,4037.45,0,0,12,0
72,12.67,37,4.76,10,207.52,1,1,6,1
63,3.07,55,2.21,13,715.97,0,1,5,0
64,15.25,68,4.44,5,403.37,1,1,19,0
49,5.88,16,2.96,15,5214.68,1,0,12,0
24,18.15,85,1.66,15,2017.1,0,0,4,1
30,16.45,38,3.68,2,2328.97,0,1,5,0
56,7.25,40,3.74,10,2812.15,0,0,11,0
82,16.25,47,2.15,7,5125.97,0,1,7,0
62,7.45,81,1.11,9,282.16,0,0,17,1
18,2.47,27,1.8,3,887.99,1,1,23,1
83,19.26,76,2.6,14,4173.95,1,0,14,1
61,13.23,49,1.67,1,5790.58,1,0,7,0
66,9.39,0,1.78,4,3928.16,0,1,12,0
35,8.26,49,2.57,4,1714.52,0,0,6,0
50,6.83,18,4.85,11,3215.21,1,0,15,0
44,19.64,58,4.06,6,5854.89,0,1,19,0
72,3.13,67,2.28,5,3262.84,0,0,22,0
34,6.64,66,4.81,12,2366.34,0,0,4,0
99,9.97,40,3.58,13,2423.87,0,1,19,0
84,9.82,9,2.82,5,5808.79,0,0,21,0
47,9.69,27,2.87,9,4369.72,1,0,14,1
11,3.93,33,2.64,13,4185.6,0,1,21,0
16,3.33,38,1.93,11,1545.92,2,0,22,0
91,5.47,82,2.55,1,3445.01,2,1,14,0
100,18.33,55,3.11,8,2269.12,1,0,0,1
43,2.7,51,3.11,8,1593.17,0,0,3,0
100,15.27,2,4.05,11,5394.2,0,0,19,1
26,15.27,22,2.44,8,2422.3,0,0,20,0
52,16.29,16,3.87,13,1840.17,0,1,20,0
68,17.79,70,3.31,12,5603.98,2,0,3,1
117,5.63,25,4.85,14,1344.61,0,0,14,0
60,4.88,17,2.54,13,4523.93,1,1,2,0
63,9.58,45,4.6,3,3985.93,1,1,5,1
33,5.67,69,4.28,10,5538.81,2,1,13,0
34,14.82,30,3.55,8,5025.87,1,0,1,0
80,12.9,8,3.62,2,4290.71,1,0,21,1
61,17.56,34,1.34,8,2024.52,2,0,20,0
79,2.11,80,4.8,12,3074.3,0,0,15,0
97,18.34,59,1.43,8,5678.08,0,0,2,0
42,6.22,75,3.25,15,334.58,0,0,19,0
58,10.07,62,2.32,14,4807.12,0,1,5,1
38,9.05,51,2.72,3,1660.5,0,0,2,0
72,15.33,47,3.44,4,1273.1,0,0,22,0
116,8.7,60,4.64,9,1546.9,0,1,14,0
31,18.9,23,2.83,13,546.56,1,0,4,0
35,18.1,73,4.95,15,5953.48,0,1,0,0
37,17.51,57,3.37,9,5245.24,2,1,16,1
94,1.89,63,1.64,10,3222.12,0,0,19,0
58,17.16,29,1.76,13,4347.6,1,0,11,0
80,15.74,28,3.86,9,3428.25,0,0,19,0
90,2.52,9,1.2,10,4907.16,1,1,9,1
93,2.59,38,2.92,6,5099.64,0,0,23,0
114,2.47,54,1.59,1,1550.18,0,0,1,0
58,0.72,27,2.73,8,2866.54,2,0,22,1
29,11.2,17,4.0,13,3882.12,2,0,7,0
95,19.48,40,2.84,9,5874.96,0,1,18,1
101,9.05,80,1.65,15,4159.6,2,1,15,1
72,11.04,74,2.01,8,5406.28,0,0,18,1
70,19.38,64,2.47,15,5107.45,0,0,8,1
113,5.48,80,1.28,13,3575.97,1,0,7,0
58,17.24,45,3.34,1,5383.2,0,1,16,0
80,11.15,59,3.43,12,2389.05,0,0,14,0
10,11.6,8,1.25,6,2399.84,0,1,1,0
105,7.19,44,2.61,9,4729.6,0,0,3,1
22,11.45,59,2.66,9,980.35,0,0,5,0
103,1.93,27,2.34,7,1973.79,0,0,14,1
96,15.41,2,3.23,7,3729.72,2,0,12,1
60,6.05,50,2.38,4,2636.38,0,1,2,1
65,17.81,7,2.67,7,5656.2,0,0,19,0
92,7.67,69,4.19,10,5759.34,1,1,15,1
71,3.29,58,1.65,5,3114.97,0,1,13,0
41,14.07,60,3.48,11,3326.56,0,1,3,0
39,3.71,57,3.02,10,4402.84,2,0,9,1
38,15.2,69,2.22,5,2852.14,2,0,22,0
58,19.38,11,3.91,1,1302.57,0,0,22,0
54,15.7,8,3.2,2,4532.42,2,1,22,1
102,0.94,48,2.91,9,4479.16,2,0,3,1
39,12.2,82,3.67,2,1620.89,1,0,11,0
25,14.06,16,4.21,10,5030.92,1,1,4,0
49,16.6,53,4.89,11,3759.17,0,0,3,0
28,1.59,43,3.52,12,1570.55,0,0,8,0
27,9.86,31,4.5,2,3981.83,1,0,19,0
10,10.94,34,1.0,15,1554.94,2,1,0,0
87,3.8,77,3.12,9,1738.35,1,0,15,0
56,6.79,48,1.86,3,5118.45,0,1,7,1
75,9.08,53,1.38,2,5591.05,0,0,12,0
101,16.75,15,3.13,7,1689.92,1,1,21,0
103,18.62,84,3.99,12,5582.7,1,0,17,1
47,12.75,11,2.65,9,1585.03,0,0,0,0
60,8.2,87,3.68,11,880.15,1,1,6,1
72,5.45,7,2.96,13,537.7,1,0,13,1
13,19.65,20,2.75,6,1604.26,0,0,7,0
10,19.67,47,2.16,12,2434.43,0,0,15,0
17,18.54,7,2.53,7,5579.78,0,0,13,0
38,15.82,27,2.4,13,1604.52,2,0,9,1
64,6.85,79,3.58,13,2319.7,0,0,8,0
112,16.43,9,1.46,3,4458.1,1,0,19,1
12,8.47,51,1.37,11,1952.03,1,0,6,1
41,6.87,14,3.64,3,4169.34,0,0,4,1
19,15.02,3,3.19,15,2706.05,0,1,13,0
83,2.05,89,2.72,8,1339.38,1,1,17,1
92,1.45,78,1.61,7,4457.54,1,0,18,1
119,9.24,61,2.64,5,356.83,0,0,7,1
43,9.19,3,4.16,6,1895.54,0,0,9,0
106,17.97,40,4.56,9,2265.85,1,1,10,1
96,2.96,72,3.81,3,2857.67,1,0,4,0
64,2.9,54,1.24,12,4143.24,0,0,14,1
101,3.38,27,3.68,3,2864.55,1,0,2,1
41,1.08,46,1.96,14,3647.08,2,0,23,0
59,1.9,8,2.26,11,3655.52,0,0,22,1
16,13.37,1,1.78,6,2364.98,1,0,6,0
102,8.92,66,4.1,11,5617.03,1,0,6,1
17,15.39,47,3.59,8,5743.95,0,0,20,0
74,19.86,68,3.45,5,3574.74,1,0,19,0
66,13.35,73,3.67,14,615.81,2,0,21,1
76,1.48,27,1.95,1,3048.54,2,0,5,1
97,2.54,78,2.78,3,1269.63,0,0,21,1
96,17.68,13,3.53,13,3002.64,2,0,23,1
68,10.79,45,3.55,8,1293.2,0,1,5,0
81,16.58,86,4.17,4,4282.36,0,0,9,1
63,17.2,12,2.15,9,666.49,0,1,19,0
120,18.59,15,4.08,13,5729.16,2,0,11,1
110,19.02,39,2.76,6,1333.18,0,0,3,1
76,11.32,71,3.68,10,4031.81,2,1,4,1
60,7.15,80,2.82,4,5518.38,0,1,22,0
106,19.26,29,4.79,4,1637.74,1,0,15,0
101,11.17,80,1.72,10,5618.92,0,0,12,1
120,1.75,64,3.7,5,2454.31,0,0,0,0
17,13.03,57,3.31,13,5771.08,2,1,0,1
43,11.96,87,1.69,7,5833.91,0,1,15,1
44,17.97,47,1.26,14,1290.86,0,1,20,1
105,13.24,48,4.2,12,5020.31,2,0,4,1
97,7.31,88,1.63,7,1321.84,2,1,16,1
87,19.34,1,1.75,13,1513.36,0,0,22,0
41,16.13,88,4.91,10,687.93,1,0,6,0
55,12.79,13,3.87,7,1107.91,1,1,3,0
116,6.21,16,2.0,5,3866.87,0,1,1,1
25,7.78,30,3.36,12,2805.67,0,0,1,0
77,13.56,9,3.14,13,4787.48,0,0,3,1
46,1.9,69,4.38,9,2125.58,0,0,1,0
63,5.51,88,3.92,2,5818.02,0,1,0,0
94,14.42,36,4.33,8,489.26,0,0,16,1
23,9.86,63,1.85,10,565.03,0,0,7,0
104,8.35,29,3.56,8,4267.97,0,0,17,0
64,3.45,33,1.16,3,5347.73,0,0,8,1
57,9.12,17,1.28,5,4813.9,0,0,1,0
91,15.53,87,3.85,14,3040.94,1,0,3,0
16,5.65,62,1.1,8,1763.92,2,1,22,0
83,0.61,48,3.32,10,278.02,0,0,6,0
16,13.54,55,4.36,13,3154.82,0,0,10,0
42,19.47,90,2.52,9,2958.69,1,0,7,1
32,12.33,57,1.18,7,2196.63,2,0,2,0
94,2.84,26,3.86,4,3552.82,0,0,16,0
28,6.75,54,4.72,4,4427.13,0,0,3,0
28,17.42,84,3.87,3,4265.15,0,1,15,0
45,5.04,18,3.31,11,1726.87,1,0,2,0
38,12.35,22,1.92,8,3594.76,2,0,19,0
69,8.35,46,1.06,6,1062.89,1,1,21,1
91,4.55,78,3.78,10,905.29,1,0,15,0
11,16.36,65,1.92,6,4757.96,1,0,0,0
10,14.99,50,4.43,10,4223.73,0,0,12,0
56,13.4,83,2.87,10,4653.99,1,1,16,0
78,5.11,27,3.12,9,1084.28,0,0,11,0
29,2.41,56,4.02,11,5504.79,0,1,15,0
20,11.74,57,4.12,3,972.05,0,1,1,1
115,11.3,14,3.57,4,5246.21,1,0,9,0
11,4.17,15,4.75,3,2243.8,1,0,2,0
76,1.6,46,4.93,3,811.52,1,0,11,0
96,2.07,62,4.79,1,1863.26,0,0,20,0
21,19.86,11,4.3,14,1252.4,0,0,5,1
29,15.78,42,3.82,10,3045.88,0,0,4,0
14,18.48,83,3.65,6,5708.52,0,1,23,0
46,4.3,28,1.42,15,2101.65,0,1,0,0
47,19.23,48,2.09,15,3750.17,0,0,22,0
103,3.28,2,1.02,9,5371.98,1,1,15,0
18,10.43,68,1.55,5,3854.43,1,0,7,0
107,16.68,59,2.76,12,2300.76,0,0,12,0
62,7.32,65,1.59,12,5946.87,1,0,13,1
53,8.78,86,4.61,12,1287.0,0,0,10,1
108,3.0,89,4.22,14,3234.88,0,1,11,0
95,2.9,25,1.29,10,4820.89,2,1,12,1
117,12.58,70,2.0,2,203.76,1,0,7,0
33,13.67,73,4.28,10,4271.85,0,0,9,1
90,15.66,68,4.21,4,1745.69,2,0,2,0
83,11.36,46,4.78,12,1184.41,1,0,5,0
39,13.09,75,4.99,6,1790.33,0,0,20,1
68,0.76,41,4.91,14,5807.54,1,0,18,0
119,3.66,30,2.64,7,5373.22,0,0,17,1
96,19.71,21,2.0,12,1439.78,1,0,17,1
105,1.98,16,4.03,13,878.76,1,0,19,1
90,13.74,83,2.2,13,2312.09,2,0,17,1
90,3.93,19,4.23,7,3635.55,0,0,15,0
23,14.48,7,3.14,14,5229.44,0,1,20,0
18,14.27,48,4.18,4,5803.32,2,0,12,0
49,5.07,86,2.1,10,4556.69,0,0,23,0
75,5.76,37,3.03,10,3674.24,2,0,10,0
118,13.27,52,3.26,5,1025.53,0,0,17,1
34,8.11,27,4.77,13,629.36,0,0,15,0
112,4.29,76,2.07,4,3656.96,0,0,13,1
82,14.77,28,4.75,12,3326.57,1,1,6,1
31,3.51,71,4.22,10,5107.31,0,1,5,0
116,17.19,10,3.92,6,2071.11,0,1,16,1
119,10.54,46,4.15,11,430.21,0,0,22,0
13,2.56,44,3.42,14,2657.51,0,1,14,0
35,14.03,17,1.98,7,5821.26,1,0,9,1
67,10.62,49,1.76,2,4814.33,0,0,16,1
38,6.31,88,4.47,14,395.88,0,0,1,0
118,8.74,48,3.9,10,5273.14,0,0,22,0
107,6.32,21,1.85,12,2935.8,1,0,16,0
96,5.63,44,3.46,3,2315.65,0,0,12,1
46,3.69,60,2.79,11,2211.09,0,0,17,1
84,7.57,20,1.63,8,3651.84,0,1,18,1
79,5.39,70,3.13,7,3277.48,0,0,1,0
27,13.83,60,2.13,12,4008.44,2,0,1,0
94,13.84,75,1.38,1,3527.12,2,0,17,0
51,10.29,35,2.87,4,1034.88,0,1,6,0
109,15.67,23,3.36,5,1691.97,1,0,9,1
50,16.91,31,1.19,14,5077.97,1,0,3,0
47,11.81,90,2.61,3,4046.9,2,0,3,0
43,12.57,58,2.03,15,2800.72,2,0,23,1
26,6.02,89,1.12,4,1259.09,0,1,20,0
46,17.95,74,1.5,10,244.61,2,1,0,0
34,0.97,81,1.56,10,2008.95,2,1,1,1
111,7.3,4,1.73,14,518.11,1,0,9,0
85,14.58,15,4.21,10,2997.25,1,0,14,0
96,2.06,10,2.76,7,4966.45,1,1,11,1
115,4.07,34,1.59,8,1855.31,0,0,2,0
95,11.99,74,1.4,12,5116.97,1,0,3,0
94,11.42,41,2.19,9,4286.47,1,1,8,1
36,14.91,86,4.19,15,926.52,0,0,13,0
66,16.35,80,2.46,13,3938.46,2,0,9,1
40,3.01,9,1.64,2,1079.74,2,0,9,0
15,0.86,81,2.62,4,3997.79,0,0,4,0
100,13.95,7,3.22,1,1027.74,1,1,10,0
49,6.38,25,1.12,3,2476.57,0,0,13,0
107,12.71,2,3.51,8,3486.25,1,0,5,0
21,3.44,58,2.58,7,492.17,0,1,10,0
118,9.65,87,1.04,15,1089.19,1,1,10,1
62,10.34,2,3.7,15,2058.37,0,1,2,0
80,11.91,37,3.85,8,2881.46,2,1,12,1
19,10.51,1,3.52,15,5179.23,1,0,17,0
54,10.17,16,2.37,11,1286.18,0,1,17,0
26,6.99,72,3.12,6,2215.33,1,0,5,1
35,1.89,35,2.55,5,2959.5,2,1,12,0
94,2.25,85,3.8,12,1915.52,0,0,5,0
101,8.96,87,3.33,12,3829.34,0,0,11,1
71,7.44,72,1.33,10,1688.29,2,0,6,1
55,10.56,1,3.57,9,4679.63,1,1,13,0
73,6.44,84,3.75,5,3129.89,2,0,8,1
11,13.91,33,2.48,9,700.57,0,1,2,0
63,17.35,26,4.5,15,3836.59,2,0,14,1
116,6.33,36,4.37,15,3501.61,1,0,6,0
74,4.26,70,1.7,15,2163.86,2,1,6,1
60,2.77,21,4.62,13,264.71,1,0,23,0
62,12.52,67,2.76,4,1364.07,0,0,20,0
45,9.16,13,3.89,12,2553.12,1,1,18,0
35,4.17,22,4.26,5,1359.5,0,1,1,0
38,13.24,43,3.02,1,3549.45,1,0,19,1
30,3.4,88,2.6,6,4331.48,1,1,23,0
20,11.31,64,4.66,3,5164.9,1,0,13,0
49,10.78,78,1.92,11,3952.5,0,0,4,1
20,14.82,77,2.03,15,4196.25,1,0,0,0
45,1.57,60,2.45,10,3728.96,0,0,11,0
68,17.81,84,4.44,2,5915.82,0,0,11,0
48,14.21,54,4.76,6,1713.8,0,0,18,0
113,4.71,70,1.88,1,1744.3,1,0,20,1
108,4.08,84,4.46,14,932.74,2,0,21,1
63,8.92,49,2.03,12,3016.97,1,0,1,0
107,16.44,11,4.88,9,757.74,2,0,23,1
64,16.94,78,3.39,5,1766.85,0,0,12,1
120,10.65,14,1.03,7,2999.55,2,0,11,1
33,17.29,16,1.14,11,5754.05,2,0,22,0
31,0.61,33,1.59,10,5790.12,1,0,22,0
78,1.19,34,1.75,9,4513.69,0,0,6,0
65,18.28,38,4.07,9,2457.65,0,1,20,1
42,15.62,77,1.89,13,5217.94,0,0,1,1
45,9.29,54,4.88,7,5277.64,1,0,7,0
120,15.2,58,3.54,15,5479.14,0,0,18,0
29,19.13,4,3.77,4,3912.15,0,0,18,0
92,15.56,29,1.87,15,1370.4,0,0,17,0
108,16.93,3,4.57,4,728.27,0,1,1,1
116,15.33,14,3.67,7,5505.7,0,0,1,0
90,3.78,34,4.46,8,522.17,0,0,12,1
71,16.75,73,4.83,7,1916.16,1,0,5,1
118,4.3,54,1.5,11,3024.38,0,0,7,0
116,17.91,65,1.39,14,327.46,1,0,18,1
107,9.44,59,4.21,14,5460.09,1,0,5,1
82,13.7,23,4.46,10,1865.3,0,1,18,0
35,10.2,21,3.34,4,365.33,0,1,8,0
75,2.33,43,2.46,4,5962.82,1,1,14,0
82,6.17,31,3.61,8,2006.08,2,0,16,1
82,19.68,82,2.22,12,5285.24,0,0,22,1
49,19.23,50,1.95,14,2830.15,1,0,7,0
26,6.75,84,2.95,9,4046.13,1,1,8,0
10,19.93,2,1.86,7,1598.32,2,0,4,1
98,16.99,69,2.93,15,3116.68,2,0,5,0
70,12.41,31,4.83,12,1694.38,0,0,20,0
52,1.28,1,4.36,14,5716.29,0,0,20,0
113,18.08,87,4.77,13,553.48,1,1,10,1
51,11.37,58,4.23,14,1793.11,0,0,6,0
34,17.44,90,2.42,3,5380.03,0,0,19,0
48,16.77,72,4.25,12,2984.21,1,1,14,0
44,16.74,76,4.69,10,3680.49,1,1,12,1
12,14.11,13,4.79,1,3979.82,1,1,14,0
110,6.18,50,3.73,15,611.38,0,0,13,1
117,7.06,10,1.85,5,302.88,2,0,5,1
53,6.52,77,1.16,6,5639.48,0,0,3,0
60,0.89,79,1.59,11,1774.72,0,0,17,0
103,11.86,9,4.86,9,2405.82,1,1,17,1
111,14.13,83,2.85,5,4156.14,2,0,3,1
107,17.15,79,4.42,1,1570.56,1,0,20,1
21,3.23,57,2.86,11,4451.81,1,0,0,0
28,11.11,33,3.64,11,2857.8,1,1,2,0
110,0.66,79,1.1,4,5168.34,0,0,4,0
53,2.35,77,2.0,2,1815.54,1,0,23,0
68,1.56,52,2.75,4,1382.17,0,1,19,0
58,14.65,27,3.52,14,5023.79,2,0,5,0
70,2.08,17,1.69,7,2092.69,0,1,3,0
26,14.47,25,4.06,9,2588.84,0,1,4,0
83,5.37,6,2.46,12,4803.51,1,1,11,0
66,17.62,44,4.27,3,3886.34,0,0,6,1
64,16.36,44,1.39,3,2762.01,0,1,12,1
56,19.18,70,3.72,11,1649.36,0,0,7,1
21,17.73,34,2.17,4,4632.37,0,0,12,0
71,18.7,51,4.18,7,1246.5,2,0,11,0
89,17.25,20,2.61,6,5584.02,0,0,9,0
97,14.02,27,3.66,14,1071.83,1,1,9,1
92,3.82,43,4.74,5,4868.62,1,1,7,1
17,5.8,79,1.08,4,2660.64,1,0,13,0
104,4.65,55,1.04,12,1278.84,1,0,22,0
30,12.27,9,4.08,8,2533.8,1,0,3,0
90,10.32,22,3.59,12,1485.0,0,0,19,0
96,17.41,47,2.17,4,988.76,1,0,1,0
110,19.08,51,2.98,3,1587.1,0,0,8,1
89,8.39,14,1.17,7,5230.91,1,1,5,0
79,10.37,54,1.77,2,814.47,0,0,18,1
81,19.44,42,2.7,4,5840.73,0,0,2,0
34,5.89,49,4.34,8,228.99,1,0,12,0
91,15.95,5,2.92,4,4017.78,0,0,10,0
98,4.89,32,3.35,10,5167.77,2,1,13,0
21,13.79,61,4.5,12,5616.95,0,1,16,0
24,5.45,54,2.24,7,1035.12,2,0,17,1
68,17.73,38,3.8,2,4249.61,0,0,4,0
35,11.45,11,4.45,11,822.63,0,0,2,0
114,4.13,30,1.81,5,2245.15,0,0,6,0
118,4.88,73,2.43,12,4445.17,0,1,5,1
35,10.13,52,4.92,13,2206.64,0,0,2,1
56,19.25,33,4.93,4,2017.57,0,0,19,0
41,15.51,40,1.89,9,873.12,0,1,12,0
19,10.02,9,1.27,7,585.34,0,0,10,0
25,7.09,51,2.08,14,868.61,0,1,20,0
80,11.21,74,2.59,9,5277.75,0,0,1,0
26,15.09,56,2.76,11,264.95,1,0,7,0
32,15.79,77,3.48,13,4218.62,0,0,11,0
35,6.83,2,4.6,13,4658.02,2,1,11,0
94,14.56,56,2.32,10,3493.75,1,1,22,0
95,13.33,32,4.4,7,4438.5,1,0,14,0
16,19.2,6,1.37,2,3983.16,0,0,7,0
23,18.66,3,1.17,12,2842.24,1,1,11,1
88,15.89,38,3.02,2,2419.72,0,1,22,0
16,14.61,47,1.24,2,5659.73,2,1,9,0
18,5.84,73,2.57,5,5837.24,2,0,20,0
57,17.0,78,4.59,1,3977.37,1,1,2,1
81,8.84,15,1.97,13,1344.33,1,0,5,1
68,5.81,37,3.82,7,2797.82,1,0,21,1
96,7.99,3,2.21,2,3079.92,0,0,14,0
102,16.8,3,1.18,4,4596.23,1,1,13,1
91,3.4,26,3.23,9,4073.11,0,1,2,0
104,9.4,85,4.34,8,3185.92,1,0,17,0
103,10.1,85,2.64,10,4146.11,0,0,20,0
48,1.21,16,3.47,2,339.53,0,0,23,0
108,4.32,69,4.6,14,4704.48,1,1,23,1
27,16.62,53,4.16,4,1427.47,0,0,16,1
68,16.7,7,1.78,4,4007.17,1,1,13,1
115,6.2,52,3.93,2,861.04,1,0,13,1
112,17.56,4,3.01,2,863.87,2,1,15,1
26,15.55,68,3.98,5,406.81,0,0,18,0
23,8.65,46,2.98,11,5479.35,1,0,10,0
40,15.09,73,1.51,4,3706.44,2,0,4,0
33,19.25,39,3.28,15,2299.38,0,0,0,0
108,9.45,6,2.97,8,4769.11,1,0,21,0
117,5.15,11,3.07,4,3831.28,0,0,19,1
69,18.87,24,4.52,15,3796.47,0,0,17,1
54,12.27,27,4.58,15,3024.85,0,0,13,1
107,2.55,42,2.81,8,245.98,1,0,4,0
12,11.67,76,2.82,14,1699.08,0,1,4,0
46,10.26,46,3.06,5,832.64,0,0,21,0
52,17.18,48,3.08,1,4041.98,0,0,4,0
49,10.85,85,4.8,14,1642.0,0,1,9,0
99,5.48,53,3.6,14,2810.97,1,1,9,0
64,13.68,17,2.11,9,2249.9,0,0,8,0
96,11.08,26,3.13,8,1030.55,0,0,13,1
117,5.04,71,3.51,1,5758.55,0,1,0,0
48,11.69,5,3.56,12,5613.83,1,0,23,0
24,16.52,74,3.34,3,690.73,2,0,5,1
13,1.06,68,1.71,3,4998.72,1,0,6,0
102,12.8,70,1.13,15,3032.57,2,0,11,1
95,7.32,21,2.35,5,4687.67,0,0,14,0
34,6.21,58,2.71,7,1076.71,1,0,15,0
22,8.16,46,1.25,1,967.19,1,0,2,0
91,7.17,67,4.26,1,5366.39,1,0,15,1
42,16.73,31,2.38,10,5407.35,2,0,7,1
25,5.86,82,4.65,13,2902.29,0,0,13,0
118,14.8,0,1.62,6,5246.92,0,1,2,1
51,2.33,53,1.23,14,4071.26,2,0,11,0
117,19.05,45,2.93,5,1273.06,0,0,13,0
75,12.64,40,1.76,12,2107.93,0,0,18,1
64,14.28,40,4.75,12,989.15,0,0,3,1
108,6.31,7,1.04,13,4688.9,0,1,11,0
51,8.54,31,2.65,3,5914.45,0,0,2,0
43,4.86,29,4.71,13,3368.99,2,0,21,1
39,18.68,45,2.54,3,4004.01,0,0,22,0
22,10.02,51,1.37,4,4527.34,1,0,15,0
22,12.79,88,2.21,15,1500.7,0,1,2,1
27,14.82,60,2.99,13,2148.81,0,0,2,1
41,7.74,12,1.74,11,2591.46,0,1,6,0
105,14.54,88,2.87,10,3648.61,1,0,9,0
108,13.68,39,4.35,2,5132.86,0,0,15,0
48,14.26,60,4.49,13,1674.38,1,1,12,0
55,10.04,43,1.2,9,2931.16,1,0,18,1
38,7.97,61,1.64,13,4558.9,0,0,5,0
71,4.83,43,2.1,12,706.83,0,0,20,1
102,16.58,47,3.38,4,3174.78,0,0,23,1
71,12.36,73,2.44,10,1037.4,1,1,8,0
117,9.16,58,4.38,3,3327.06,2,0,23,1
66,18.91,56,3.87,10,4653.37,1,0,13,0
25,1.43,10,1.4,11,1574.29,0,1,16,0
65,17.08,24,3.5,7,5126.97,2,0,6,0
117,19.95,60,1.45,13,2141.86,0,1,7,0
120,17.8,45,2.02,9,1306.55,0,0,4,1
19,16.3,53,1.71,12,2898.88,1,1,19,1
39,7.8,33,1.69,13,5281.24,0,0,22,0
34,5.01,83,3.47,2,599.81,2,1,11,0
112,14.83,6,3.25,14,2099.91,0,0,21,0
93,6.44,61,1.7,6,3988.35,0,0,1,0
14,3.93,56,4.96,5,2273.97,0,0,15,0
74,15.84,75,2.69,1,610.78,1,0,2,1
103,6.59,4,1.39,11,2125.59,1,0,14,0
58,18.33,75,1.48,7,4961.56,2,0,16,0
12,16.89,34,3.34,1,5814.62,1,1,15,0
54,17.03,83,4.92,10,430.72,1,0,2,0
23,15.55,36,3.29,9,3501.85,0,1,14,1
39,17.68,59,4.8,4,810.76,0,0,0,0
77,16.21,64,2.78,14,4146.3,1,0,11,1
27,12.25,15,2.74,8,245.77,2,0,9,0
71,6.27,29,3.0,1,285.5,1,0,22,0
46,17.82,72,3.79,5,4705.9,0,0,5,0
34,16.89,41,2.47,3,631.72,1,1,7,1
57,9.72,60,4.46,4,1970.05,0,1,19,0
74,1.26,73,1.12,12,5756.63,0,0,5,1
62,12.95,76,2.76,4,5914.43,1,0,18,1
119,1.49,47,3.04,8,1136.14,1,0,3,1
88,18.56,61,3.43,10,3453.23,0,0,21,1
82,19.25,83,2.1,10,3443.06,1,0,15,0
24,4.2,63,2.71,13,2823.81,0,1,4,0
58,13.69,56,2.94,3,5563.26,0,1,15,0
97,2.3,67,3.75,1,4573.4,1,1,17,1
77,14.73,45,4.09,5,4634.26,0,0,12,0
21,7.27,27,3.95,2,1763.5,1,0,12,0
68,13.78,76,2.37,13,2719.05,1,0,17,1
46,7.77,2,5.0,11,3027.06,2,0,7,0
70,3.34,36,4.39,13,1933.69,2,1,20,0
110,8.42,47,2.04,15,749.94,0,1,6,1
52,2.7,18,1.78,14,932.88,0,0,21,1
79,11.75,82,2.26,6,1247.89,1,0,14,1
48,1.3,16,2.81,4,1381.19,0,0,1,0
65,10.78,81,4.4,9,1605.12,1,0,3,1
72,17.78,81,4.11,7,1681.67,0,0,15,0
55,16.84,86,4.4,2,2843.15,1,0,11,0
97,17.71,39,2.09,7,3155.52,0,0,15,0
20,18.48,49,3.37,10,1991.5,0,1,22,0
71,2.54,72,2.13,14,5462.32,2,1,16,1
86,3.01,28,1.44,8,3408.21,0,0,19,1
107,11.36,50,3.74,3,4767.37,1,0,9,1
34,17.93,41,1.57,3,5560.58,1,0,14,1
80,19.5,28,3.67,11,1146.18,0,0,18,0
61,1.4,65,3.59,2,2681.67,1,0,13,0
13,7.44,16,4.24,12,2712.62,0,1,0,1
68,4.65,30,1.56,15,2255.94,1,0,20,1
81,15.24,51,4.13,1,251.65,1,0,3,1
29,12.98,38,5.0,3,4932.64,0,0,1,0
102,2.84,59,4.4,10,847.04,0,0,22,1
72,9.93,50,4.01,12,5973.79,1,0,7,1
63,13.87,83,3.65,11,4683.16,1,0,1,0
118,15.69,15,2.69,7,3564.06,1,0,10,1
119,0.89,13,3.92,11,1096.72,0,0,9,0
83,17.86,89,3.9,9,3189.28,1,1,10,1
116,11.6,83,3.53,14,1714.43,0,0,8,1
107,16.33,41,4.19,9,1663.47,1,0,23,1
66,16.25,50,2.8,13,5011.27,0,0,3,0
99,4.2,23,1.49,6,2407.74,0,0,3,1
50,2.65,81,3.24,14,2814.2,1,0,20,0
12,14.57,42,2.06,15,5089.2,0,0,0,0
15,3.55,72,2.54,6,709.19,2,0,22,0
14,17.07,18,1.07,11,3648.78,1,0,3,0
14,14.66,83,2.53,5,3553.65,2,0,0,0
63,16.92,60,4.24,15,2666.24,0,0,3,0
56,6.33,62,3.17,2,5012.69,0,1,3,0
96,6.67,25,1.04,7,5668.76,1,0,0,0
58,13.59,34,2.88,1,2898.95,0,1,13,0
18,1.11,66,2.17,6,2845.65,0,0,15,0
108,14.67,55,2.91,14,3111.97,1,0,8,1
29,16.8,39,2.62,4,4394.12,1,1,23,0
70,8.6,28,4.73,3,4074.75,0,0,6,0
115,15.42,5,1.16,15,1492.44,1,0,13,1
44,3.9,51,3.73,11,570.59,0,0,4,0
59,6.78,0,4.4,13,5705.67,1,0,13,0
91,19.5,51,4.84,1,1714.2,0,1,12,0
71,19.73,23,1.71,14,3903.86,0,0,22,0
26,10.5,33,3.13,6,5004.94,1,1,1,1
97,18.72,6,1.17,13,1941.61,1,0,22,1
12,10.69,74,3.0,7,3885.51,0,0,19,0
41,6.19,10,1.5,11,825.82,1,0,11,0
108,5.7,35,4.35,1,5825.6,0,0,20,0
111,18.63,19,1.46,11,537.32,2,0,6,1
22,3.86,62,3.05,1,2741.41,1,0,1,0
120,11.8,79,3.08,7,3313.55,1,0,20,1
98,11.33,62,4.89,11,4784.79,0,1,17,1
82,14.92,68,3.62,12,902.55,0,1,9,0
77,10.24,87,2.15,6,2756.69,0,0,5,1
23,5.81,29,1.96,7,1938.33,0,1,23,0
110,3.8,29,1.51,15,2009.66,0,1,6,1
107,12.61,83,4.03,13,4716.97,0,0,11,0
20,14.52,21,3.76,8,231.67,1,0,20,0
114,11.61,60,3.44,8,4544.69,0,0,15,1
65,14.9,20,1.16,9,4900.31,2,1,18,1
76,3.26,36,4.05,13,5427.9,0,0,19,0
101,17.71,26,3.57,9,3835.91,2,0,17,1
38,11.86,34,4.86,7,2134.04,2,0,21,0
18,2.97,37,3.35,9,2677.96,0,0,13,0
76,9.51,59,2.22,6,5824.47,2,0,14,1
34,16.97,69,2.53,9,5310.88,2,0,7,1
107,18.0,31,1.7,11,2888.45,0,0,23,1
85,5.66,79,3.89,2,5669.77,2,0,14,1
51,14.37,79,3.83,11,4973.14,0,0,20,0
18,2.45,26,1.8,2,5426.32,0,0,11,1
88,1.15,2,1.63,14,4161.27,1,1,21,0
49,11.43,48,1.31,6,5174.39,0,0,17,0
34,14.05,84,4.65,3,5372.24,0,0,9,1
14,16.02,29,1.93,2,733.7,2,0,19,1
20,7.13,21,2.38,8,5798.26,2,1,13,1
68,0.63,18,2.12,7,2134.96,1,0,18,0
107,9.85,30,2.65,8,2751.42,1,0,15,1
97,0.81,19,3.86,6,4793.04,2,1,21,1
88,2.29,18,4.48,9,4056.4,0,0,21,0
47,6.87,1,1.73,9,5379.75,2,0,19,0
81,9.02,39,3.75,2,2523.33,0,0,5,1
14,5.95,38,2.41,10,2365.07,2,0,12,0
57,11.85,90,4.92,5,383.8,1,0,10,0
99,1.58,71,2.2,9,2883.81,2,0,0,1
27,3.32,53,1.03,3,4399.61,2,1,8,1
79,14.06,26,3.06,5,1946.84,2,0,18,0
46,3.27,78,1.6,15,2883.81,1,0,4,0
69,12.98,11,1.18,8,1472.51,2,0,6,0
57,1.57,77,3.79,2,4682.17,1,0,1,0
86,8.44,70,3.93,15,550.97,0,0,19,1
37,3.96,16,2.84,6,4291.22,1,0,14,0
78,2.64,89,3.71,11,2397.85,0,1,5,0
86,11.56,83,3.15,4,441.26,2,0,0,0
90,18.6,9,3.52,12,5150.12,0,0,21,0
49,1.57,18,3.39,15,3028.79,2,0,4,1
54,8.72,81,3.66,15,3676.05,0,1,1,0
105,14.3,29,1.8,14,4445.78,0,1,21,0
71,9.52,29,2.07,12,3999.43,2,1,20,0
102,16.23,24,2.76,6,4438.97,0,0,13,1
67,4.0,87,2.78,3,4621.23,0,1,16,1
76,19.21,73,4.1,6,3617.08,1,0,11,0
65,8.01,65,2.47,7,2320.7,0,0,5,0
49,7.16,34,1.65,10,1610.22,1,0,6,0
107,17.55,50,2.01,3,5436.84,1,1,15,0
49,11.5,70,1.86,5,5825.56,2,1,12,1
100,10.57,70,3.93,13,2274.44,0,1,1,1
86,14.68,26,2.88,12,851.4,0,1,21,1
118,11.81,9,3.83,8,1490.72,1,0,21,1
42,3.67,42,2.66,15,4089.87,0,1,16,0
15,13.65,54,4.56,2,1203.01,0,0,23,0
97,3.1,70,4.93,7,4724.71,0,0,4,0
28,16.21,5,3.68,13,5553.58,1,0,1,0
89,19.8,5,4.46,1,5789.18,2,1,20,1
49,7.86,76,3.03,7,254.09,0,1,19,1
101,9.17,47,4.74,1,5757.29,0,0,22,0
106,1.41,76,4.33,4,4493.13,1,0,23,1
68,0.77,1,4.97,15,687.49,0,0,0,0
68,18.47,82,3.49,4,2608.39,1,0,0,0
57,3.01,50,4.12,12,4260.26,0,0,7,0
50,9.19,60,3.17,5,5748.78,0,0,10,0
22,16.4,18,2.04,2,1152.02,0,0,11,0
116,17.84,1,2.42,14,940.85,0,0,3,1
54,10.63,50,4.58,14,2939.61,2,0,23,1
98,11.52,25,1.22,12,5814.97,2,0,6,1
62,13.56,69,3.37,11,5834.0,1,0,12,0
51,19.25,19,2.49,12,1521.91,1,1,6,1
109,12.25,22,2.55,15,2052.21,0,0,3,0
72,11.41,53,4.54,6,5466.59,1,1,11,0
36,0.78,14,4.42,6,4462.08,1,0,20,0
47,2.08,5,3.4,14,5839.44,0,0,22,0
69,11.75,34,2.09,8,5380.26,0,1,17,0
16,18.76,74,2.9,13,1447.56,0,0,12,0
14,17.4,7,2.63,10,4606.42,0,0,18,0
116,19.66,56,2.41,12,481.68,1,1,2,0
54,10.79,49,1.41,1,4943.43,2,0,13,1
67,15.86,48,3.17,4,3689.03,1,0,15,0
40,16.89,87,2.21,12,5745.39,0,0,1,0
32,13.14,20,3.64,2,5768.19,0,0,19,0
51,7.11,35,2.28,11,494.73,0,0,23,0
19,9.66,70,2.72,8,1131.02,1,0,0,0
41,17.23,68,1.21,12,3008.4,0,0,13,0
116,6.32,57,4.97,4,5301.06,0,1,21,0
62,18.51,62,3.03,14,4923.78,1,1,3,0
39,4.98,15,1.1,8,5793.35,0,0,4,0
48,15.12,5,3.16,13,3784.89,0,0,6,1
40,12.8,77,4.48,2,1688.07,0,1,10,0
91,15.12,51,4.09,13,345.62,0,0,11,0
109,9.03,1,3.8,14,1492.97,1,0,7,1
11,18.69,88,1.56,4,4116.58,0,0,20,0
87,12.83,76,3.63,12,5572.39,0,1,6,0
86,6.12,17,4.07,9,2061.24,0,0,2,0
102,12.95,80,3.29,5,5279.09,0,1,1,1
21,6.09,75,4.57,6,2490.41,2,1,17,0
48,6.23,34,2.11,10,1987.97,0,0,9,0
75,8.29,85,1.97,15,3151.3,0,1,18,0
105,17.12,38,4.48,15,2765.19,1,0,21,0
22,10.26,0,3.5,15,5500.04,0,0,14,0
55,13.74,36,1.01,12,2915.89,1,0,16,0
36,8.14,20,2.41,9,1808.55,0,1,18,0
114,5.64,0,4.43,9,5086.88,2,1,2,1
26,19.12,3,1.11,7,5992.75,2,0,12,1
113,12.27,57,1.01,11,3959.39,1,0,1,1
104,18.71,0,2.13,2,1652.68,1,0,14,0
107,4.47,12,4.66,7,1585.13,0,0,16,0
69,3.36,45,4.61,9,534.7,2,1,0,0
73,17.19,46,3.08,2,648.3,0,1,13,1
97,13.78,80,3.21,7,5506.9,0,1,0,0
118,4.14,75,2.33,12,759.63,0,1,23,1
44,5.75,6,1.97,7,3009.19,0,0,21,1
79,16.11,50,4.26,3,4249.11,1,0,10,1
92,9.35,2,1.43,6,5132.06,0,0,2,0
39,13.58,49,2.95,8,1193.37,1,0,12,0
80,6.71,25,3.54,10,2739.12,0,1,22,0
83,7.93,30,1.41,8,1658.59,2,0,21,1
114,19.82,61,3.08,14,1683.77,1,1,8,0
105,5.33,25,3.31,3,1962.27,1,1,14,1
107,10.38,66,3.97,6,3605.27,1,1,8,0
72,16.97,54,1.94,2,296.15,2,0,6,1
37,5.16,27,2.17,14,2570.84,0,0,6,1
69,8.6,43,3.28,2,1283.61,0,0,1,0
88,12.49,80,4.93,13,5809.29,1,1,1,0
103,9.88,37,1.87,8,3579.83,1,1,22,0
46,9.46,29,4.94,11,5234.95,0,0,21,1
102,7.57,65,3.86,10,1335.0,0,0,21,1
31,11.94,7,4.3,5,4898.09,0,1,20,0
77,12.68,13,1.36,5,2605.74,0,0,0,0
29,13.24,61,2.2,11,1230.63,2,1,22,1
105,1.87,74,1.23,4,4615.22,0,0,17,0
109,12.81,62,2.49,11,4619.66,1,1,15,1
77,19.09,78,4.93,10,5976.15,1,0,23,1
100,11.05,65,1.42,4,4729.44,0,0,9,1
73,14.45,39,3.25,8,1042.55,0,0,22,1
26,11.36,12,1.02,3,2070.76,0,1,15,0
21,17.17,16,3.85,11,2820.02,1,0,12,1
31,18.63,14,1.79,3,934.59,0,0,1,0
26,4.09,32,1.52,8,4770.63,0,0,1,0
19,9.02,15,2.35,3,3254.85,0,1,9,0
74,8.15,12,4.08,12,5677.81,0,0,23,0
31,8.4,85,1.43,2,3617.99,0,0,11,0
99,2.95,22,1.92,13,3232.81,0,0,4,1
91,16.37,35,1.03,11,614.27,0,0,7,0
59,1.2,42,4.87,13,1066.21,1,0,16,0
23,10.8,49,3.37,13,5127.25,0,0,8,0
73,13.41,73,3.88,5,5945.92,1,1,23,1
56,4.55,80,3.61,11,2608.04,1,0,21,1
38,18.16,12,1.58,3,4898.5,2,0,14,1
85,16.85,29,3.38,6,3840.0,0,0,12,1
45,9.69,56,1.53,11,5762.54,0,0,13,1
108,8.52,29,2.6,7,1581.2,2,0,7,1
61,5.11,70,3.28,3,3360.05,2,1,16,1
85,14.73,9,3.24,9,2571.02,0,0,10,0
16,3.07,65,1.48,10,3341.95,0,1,7,1
38,13.76,82,1.14,1,1759.38,2,0,13,1
20,16.93,38,4.19,14,3086.93,0,0,0,0
42,4.96,36,3.9,7,3823.86,2,1,11,1
15,17.4,2,1.33,4,671.05,2,0,19,1
120,1.15,88,1.51,7,4509.33,0,0,9,0
88,18.3,33,4.57,9,4297.83,2,0,11,1
41,2.81,85,4.08,9,5306.65,0,1,18,0
60,13.09,37,4.98,1,2669.97,1,0,14,1
84,5.38,13,2.02,10,557.68,0,1,2,1
67,16.81,63,2.95,13,2876.47,0,0,8,0
96,10.49,38,1.95,12,998.13,1,0,7,0
35,3.14,53,3.49,4,3955.19,0,0,9,0
107,11.63,1,1.46,7,473.36,2,0,7,1
55,8.45,42,1.51,10,2369.18,0,0,15,1
107,13.4,52,1.29,6,680.49,0,0,10,1
38,17.7,2,3.77,15,219.53,0,1,22,0
13,8.48,40,2.98,9,5771.23,2,0,23,1
90,6.15,7,3.47,13,5977.54,0,1,23,0
108,0.78,89,4.52,7,3421.92,2,1,21,1
22,11.71,74,3.96,15,1585.94,0,0,7,0
114,8.34,62,2.85,3,5484.37,0,0,17,0
48,7.81,64,4.94,7,5553.61,2,0,6,0
24,4.07,78,2.83,10,5156.15,0,0,2,0
38,8.89,3,1.45,14,3357.35,0,1,7,0
38,19.7,67,4.97,5,633.27,2,0,4,0
84,6.31,9,1.09,14,712.95,1,0,4,1
41,12.19,74,3.2,2,5400.39,1,1,18,0
11,15.64,49,2.24,10,5279.8,2,0,16,1
56,15.11,22,3.01,3,2719.5,1,0,13,1
87,6.91,60,3.23,6,2103.3,2,0,17,0
93,12.41,46,1.96,13,3935.92,1,0,1,0
31,17.49,2,3.23,6,4880.53,1,1,22,0
84,0.8,16,4.02,7,4443.77,0,0,17,0
36,9.0,21,2.07,6,3770.5,2,0,6,0
76,4.87,90,2.53,9,1542.76,1,1,16,1
90,8.08,15,2.07,14,1722.53,0,0,17,0
117,8.61,79,4.28,5,4399.59,1,0,15,1
65,15.06,2,3.9,15,4855.2,0,0,22,0
101,2.33,51,4.48,5,873.58,1,0,6,0
102,10.5,32,1.68,8,1286.32,2,1,17,1
30,11.5,41,1.29,8,4146.73,0,0,11,0
56,10.14,1,1.48,1,2456.12,2,0,15,0
89,14.77,38,1.64,3,3467.1,0,1,13,1
110,7.98,45,3.13,13,3765.93,0,0,6,1
68,18.93,47,4.88,6,4701.98,0,0,7,0
93,9.9,26,2.43,6,4873.16,0,0,13,0
15,11.64,14,4.83,1,1824.56,1,0,21,0
28,16.6,6,1.15,2,3339.52,2,0,19,0
66,5.87,56,4.71,10,916.44,0,0,13,0
78,1.97,41,1.72,7,5083.69,0,1,2,0
12,14.3,8,4.65,1,5103.6,1,0,7,0
10,9.92,5,1.22,10,1937.13,1,0,18,0
67,17.98,56,4.79,5,1131.6,2,0,11,0
47,19.66,75,1.8,1,606.53,0,0,10,0
24,8.28,29,2.21,6,3534.86,2,1,20,0
43,8.6,54,2.96,15,730.28,0,0,10,0
70,8.46,83,2.52,7,4147.45,0,0,2,0
44,6.83,83,3.67,8,4133.13,2,0,8,0
73,15.74,53,4.9,13,3761.13,0,0,10,1
34,15.3,26,3.43,12,5284.05,1,0,22,0
33,9.83,83,3.89,3,2394.03,1,0,18,1
21,1.37,58,1.35,14,5433.16,0,1,9,0
27,6.54,6,3.51,14,414.17,1,0,22,1
24,6.2,39,2.82,3,853.99,1,0,15,0
117,16.32,71,4.54,11,2590.79,0,1,3,0
89,2.21,1,2.55,1,3645.16,1,0,0,1
36,16.21,13,3.72,12,387.78,2,0,3,1
81,13.55,9,1.91,3,3491.12,0,0,7,1
69,14.78,49,2.04,5,1982.91,2,0,15,0
55,8.93,17,2.5,6,5345.45,0,0,5,0
98,13.75,17,2.22,3,3293.05,0,0,0,1
26,12.38,15,2.02,4,3609.78,1,0,15,1
102,15.5,51,1.2,5,5684.61,0,0,0,0
62,9.21,68,4.35,5,4632.19,2,0,19,0
17,9.72,51,1.26,9,2741.98,2,0,15,1
88,13.05,30,4.55,8,2965.9,2,0,21,0
36,2.61,83,1.5,1,3957.96,1,0,3,1
55,9.01,22,1.26,2,1361.16,2,0,1,0
59,19.45,41,3.25,12,714.17,1,1,13,0
80,1.23,80,3.01,15,2005.17,1,0,5,0
12,6.66,61,2.96,5,4714.62,2,1,22,0
102,6.63,76,3.3,12,1692.48,0,1,19,0
73,12.85,49,2.15,3,958.4,1,1,11,0
53,2.56,76,3.65,7,1470.33,0,0,4,0
62,12.76,80,3.01,14,4138.04,2,0,13,0
33,2.35,14,2.34,11,3760.9,0,0,4,0
69,2.35,89,4.31,6,4192.23,0,1,17,0
12,14.7,43,3.91,2,2067.36,0,0,15,0
29,6.82,41,2.57,8,5424.97,0,0,20,0
55,19.56,44,4.39,5,2820.27,0,0,15,1
24,1.23,34,4.68,6,3179.54,1,1,9,0
34,9.18,21,3.15,8,5703.09,0,0,10,0
103,2.71,73,1.86,13,5879.81,1,0,20,0
87,7.35,74,4.66,6,4036.95,0,0,4,1
80,19.97,37,1.76,10,5679.92,0,1,3,1
26,17.83,69,1.19,3,3340.74,2,0,19,0
117,1.44,63,2.31,13,1982.24,0,1,6,1
93,11.48,6,3.91,7,2027.54,0,1,5,0
109,13.13,43,4.69,14,3441.86,2,1,14,0
18,4.59,75,3.55,4,3709.21,0,0,14,0
47,3.33,6,4.81,13,2749.78,0,0,23,0
57,18.14,65,1.37,6,5325.87,0,0,16,1
69,19.39,59,1.24,6,2674.84,0,0,9,0
72,19.84,0,3.42,11,1785.86,0,0,17,0
95,15.9,61,4.86,5,246.29,2,0,10,0
11,13.44,86,3.01,13,5829.3,0,0,17,1
97,7.24,88,1.21,1,4981.02,0,0,1,0
81,3.84,17,1.88,14,3770.25,2,0,2,1
20,2.04,6,1.98,8,5017.15,0,1,5,0
73,14.02,53,2.35,13,4899.68,0,0,2,1
86,15.8,66,1.17,14,5604.73,1,0,6,1
90,16.62,9,4.62,10,2439.19,0,0,2,0
81,18.32,60,3.06,2,3418.14,0,0,14,0
30,17.66,58,3.68,4,772.04,1,0,12,0
27,19.99,58,1.27,13,5798.83,2,0,5,1
103,5.26,68,1.22,12,5913.74,0,0,1,0
73,15.38,62,3.35,3,4776.69,1,0,1,1
91,11.94,7,4.55,6,2833.9,0,0,18,1
119,5.59,77,3.11,11,3080.09,0,0,7,1
120,19.65,54,4.51,1,2725.13,0,0,8,1
104,18.01,5,4.24,9,1901.2,0,1,1,0
47,3.01,0,1.3,5,3261.19,0,1,6,0
41,1.01,55,1.81,5,509.98,2,0,16,0
20,13.92,74,3.63,4,5952.94,2,0,14,0
54,12.28,87,2.77,4,2659.49,1,1,3,1
98,18.75,9,2.16,13,5578.73,0,1,21,0
42,5.06,22,2.67,15,4400.77,1,0,22,1
111,2.15,15,2.78,13,1881.67,1,0,12,1
50,5.55,15,4.64,1,1487.91,0,0,2,0
17,0.87,55,1.41,9,5974.92,0,0,11,0
20,1.2,5,2.12,9,4678.33,0,0,2,0
95,18.34,29,3.15,13,1648.04,0,0,20,1
60,7.36,62,3.79,4,591.18,0,1,18,0
97,8.51,0,3.52,10,4242.12,2,1,8,1
50,0.86,50,4.77,10,1957.5,0,0,15,0
26,5.78,88,4.18,4,1483.72,0,0,17,0
85,16.19,45,3.23,12,4462.64,2,1,15,1
55,12.5,20,1.86,7,4139.72,1,0,11,1
41,15.2,37,2.8,4,2992.19,1,1,6,0
88,9.22,68,3.77,1,5667.4,0,0,22,0
89,6.54,62,4.35,11,4141.9,1,1,18,1
63,9.91,49,4.84,15,5381.83,0,0,23,1
95,6.8,11,3.42,13,1305.21,0,0,11,0
101,16.86,68,3.11,9,1920.55,1,0,10,0
29,6.3,72,1.07,2,806.22,1,1,11,0
42,13.37,43,1.29,5,1966.56,0,0,18,0
83,3.17,51,1.62,4,5836.31,1,0,20,1
49,13.89,8,1.22,8,5784.57,1,0,16,1
41,18.31,64,2.6,6,4610.24,1,1,14,0
106,12.37,9,2.35,15,3222.08,0,0,9,0
11,11.42,45,3.55,7,4728.52,2,0,3,0
106,19.24,57,3.14,2,3410.22,0,0,17,0
42,12.73,36,3.38,4,220.35,0,0,12,0
114,5.56,51,2.89,14,3108.97,0,0,4,1
86,6.2,80,2.11,4,3673.76,2,0,19,0
39,14.25,12,4.81,12,1741.34,2,0,19,0
42,14.84,5,1.35,13,1379.1,0,1,3,0
86,6.42,57,4.76,2,1788.09,1,0,15,1
35,7.23,47,2.24,10,3817.04,0,0,20,0
31,19.83,31,3.05,4,1047.17,0,1,19,0
112,2.49,10,1.44,9,4377.9,2,0,8,1
75,8.39,80,1.28,8,2651.51,0,1,23,1
47,1.72,4,2.72,11,2249.42,0,0,20,0
112,16.51,5,3.97,14,4881.94,1,0,23,0
99,2.3,73,2.08,1,3135.17,2,0,6,0
55,13.64,20,3.25,13,2394.72,0,0,17,1
24,1.6,41,2.11,8,5293.3,0,1,9,0
107,13.62,80,2.55,14,2335.86,0,1,14,0
115,16.94,26,4.63,11,5182.2,0,1,23,1
53,8.28,2,4.42,9,3124.35,0,0,8,1
58,10.68,59,3.06,8,1406.44,2,0,17,0
113,8.33,65,1.95,14,3754.35,0,0,10,0
84,6.36,48,1.77,15,1854.88,1,0,11,0
70,16.16,33,4.82,10,1053.5,2,0,1,1
76,5.8,36,1.81,1,701.87,1,0,8,1
15,14.6,41,4.23,8,1601.84,0,1,16,0
18,4.52,64,2.48,12,4472.02,1,0,2,1
15,5.37,59,4.94,5,5060.4,2,0,13,0
82,7.06,89,2.47,9,5197.98,0,1,2,1
112,11.99,0,2.41,14,1766.86,0,0,5,0
104,9.36,58,3.55,9,4033.64,0,0,10,0
41,15.03,3,4.85,6,1536.05,1,0,22,0
50,4.66,13,4.9,3,3812.02,0,0,2,1
85,0.71,17,3.83,12,5345.82,1,1,14,1
17,15.64,33,4.02,7,437.18,1,0,7,0
81,16.52,0,3.25,3,5914.31,0,1,1,0
59,1.66,52,4.02,7,4997.11,1,0,10,0
101,12.41,21,4.44,8,4617.64,0,0,13,0
71,7.88,79,2.94,5,4209.9,1,0,2,0
93,15.98,60,3.48,5,4667.59,1,0,9,0
71,17.55,21,3.15,14,5968.65,1,1,17,1
120,17.09,49,3.25,4,4667.11,0,0,17,1
16,15.66,15,4.56,3,2239.28,1,0,11,0
84,5.75,27,2.42,12,3760.75,0,0,21,1
93,16.33,85,1.83,8,2154.15,0,0,18,0
89,10.9,69,2.83,11,5826.38,0,0,18,0
13,1.53,88,1.83,6,5420.81,0,1,8,0
15,9.41,41,2.99,14,3492.2,0,0,0,0
67,18.87,65,4.61,6,4731.39,0,0,11,1
31,17.81,70,3.47,2,5476.18,0,1,1,0
35,2.49,80,4.42,4,1612.88,1,0,1,0
12,15.01,34,1.66,15,3560.99,0,1,4,0
50,16.21,19,4.6,5,2993.95,0,0,21,0
69,5.79,1,3.41,11,4675.23,0,0,23,0
115,9.7,6,1.13,10,2398.68,1,0,0,1
23,14.36,48,3.53,5,4312.08,1,0,11,0
84,9.06,82,4.81,3,2537.36,2,0,4,0
91,2.7,75,1.32,10,844.23,1,0,13,0
21,14.26,8,3.33,5,821.3,0,0,7,0
96,18.28,26,4.66,5,890.53,1,0,10,0
21,13.22,77,1.04,2,388.62,0,1,17,0
22,15.59,1,3.52,5,3291.24,0,0,9,0
34,7.49,84,2.9,3,4097.04,2,0,8,0
54,4.07,67,2.39,15,935.02,0,0,14,0
28,13.03,59,3.51,3,3748.78,1,0,9,1
64,6.89,84,1.21,5,3666.89,2,0,3,1
119,17.27,85,4.01,9,1053.15,0,0,10,0
109,2.89,48,1.02,14,2543.68,0,0,22,1
54,8.95,1,2.23,2,4579.79,0,0,16,0
17,8.24,16,3.02,9,297.18,0,0,17,0
102,18.79,82,2.51,3,1052.3,0,0,16,0
62,3.49,87,2.23,13,5975.8,2,1,23,0
64,0.69,19,4.32,12,4454.56,2,0,0,1
41,5.14,75,4.74,7,2891.96,1,0,11,0
60,16.5,88,4.49,12,3852.85,1,0,22,1
53,4.58,86,3.09,14,5108.08,0,0,14,1
91,5.2,31,4.54,1,5085.37,1,0,20,1
79,3.03,50,4.68,1,2083.27,0,0,16,1
27,14.45,87,2.64,8,3049.49,0,0,19,1
92,1.85,41,2.13,9,3900.72,0,0,2,1
31,6.96,62,1.39,3,617.0,1,0,6,0
46,6.01,88,2.92,6,5685.62,0,1,0,0
105,11.33,60,4.79,15,2709.9,0,0,19,1
65,14.74,61,3.24,14,2351.0,1,0,10,1
114,10.89,2,3.67,3,5461.18,1,0,4,0
68,18.66,88,1.45,6,886.06,0,1,2,0
12,19.05,75,1.57,7,427.71,0,0,20,0
37,7.55,25,2.86,5,4173.01,2,0,19,0
83,15.66,47,4.81,3,2433.02,0,0,20,0
44,14.91,7,2.44,8,4633.96,1,1,8,0
70,17.91,4,4.51,13,597.56,0,0,23,0
102,9.23,10,1.48,5,2425.79,1,1,7,0
63,10.84,41,3.47,1,1564.89,1,0,1,0
72,8.61,90,3.4,12,4489.72,2,0,18,0
88,17.08,40,4.44,15,1517.59,0,0,15,0
106,4.98,18,1.01,9,2856.08,0,0,15,1
16,5.17,47,1.76,3,4949.49,2,0,3,0
85,7.77,52,1.88,2,5509.27,0,0,9,0
58,4.99,54,4.8,3,4391.11,2,0,16,0
103,11.44,60,1.61,7,2689.52,1,0,14,0
94,3.12,31,1.15,12,3517.52,0,0,17,1
40,6.74,45,3.14,11,4200.2,2,0,1,1
67,18.31,35,3.11,12,5274.61,0,0,7,0
70,8.48,17,4.38,10,5353.73,1,0,9,0
33,15.09,73,4.8,8,5599.62,1,1,0,0
29,2.71,17,3.15,2,4902.12,1,0,17,0
46,5.33,11,4.72,14,1051.43,1,0,15,0
13,16.24,71,3.9,13,4536.31,1,0,9,0
101,15.38,45,2.06,7,4924.64,1,1,4,1
117,8.03,54,4.71,11,5291.65,0,1,8,1
29,19.11,37,3.67,5,5563.94,1,0,9,0
69,18.26,77,2.66,9,3153.13,0,0,4,0
33,19.26,1,3.72,7,3999.54,0,0,6,0
59,8.84,8,2.61,1,255.41,0,0,5,0
58,4.35,4,1.46,1,3522.14,0,0,13,1
60,12.72,18,3.88,6,2944.55,2,0,21,1
105,13.85,70,4.3,9,5781.38,1,0,17,1
114,2.95,38,3.92,1,5429.91,2,1,12,1
45,15.84,41,1.92,3,4826.1,0,0,9,0
107,0.85,16,4.83,13,530.57,1,0,13,0
109,9.91,62,1.1,5,2531.77,0,0,7,0
75,6.95,89,2.33,4,4237.04,0,0,21,0
88,14.94,45,2.04,1,372.03,2,0,13,0
43,6.6,90,1.19,10,1567.72,0,1,3,0
45,16.62,19,2.62,4,5347.54,0,1,22,0
15,12.1,69,3.49,4,952.73,0,0,8,0
48,15.98,7,4.53,11,497.97,1,0,22,0
51,19.79,18,4.96,12,3567.4,1,0,5,1
67,13.74,31,4.23,10,5689.49,0,1,1,1
21,19.71,18,2.87,13,5040.82,0,0,2,1
12,1.06,23,3.89,4,5853.68,0,0,22,0
118,7.09,23,4.37,3,4570.43,0,0,10,1
27,2.6,55,2.86,7,2736.74,2,0,16,0
49,5.61,80,4.14,1,5690.38,2,0,0,1
30,16.86,17,2.93,2,2674.47,2,0,2,0
24,1.13,11,2.55,1,2230.55,2,0,13,0
106,10.64,40,3.1,14,2799.54,2,0,10,1
108,11.56,86,3.7,4,4921.05,2,0,20,1
35,11.44,47,3.91,5,5522.62,2,0,15,0
17,9.77,81,2.43,11,2274.56,2,1,13,1
109,15.92,63,3.29,15,2881.04,0,0,18,0
103,3.1,15,4.64,10,5410.3,0,0,8,1
96,6.56,79,4.91,5,472.85,1,0,22,0
51,12.51,22,1.91,2,4746.44,1,1,1,0
53,13.97,85,1.77,11,2834.46,1,1,9,1
23,8.38,38,3.71,3,2383.81,1,0,2,0
87,17.57,32,2.66,4,2792.14,1,0,14,0
11,8.6,23,1.1,10,2628.41,0,0,11,1
46,8.35,60,2.39,6,4588.39,0,1,18,1
78,1.21,54,4.23,6,5582.1,2,1,8,0
47,11.25,60,4.19,12,3050.44,1,0,13,1
118,14.32,83,2.98,2,5029.86,0,1,14,1
50,2.73,39,2.89,2,4445.28,2,0,22,1
71,6.46,57,3.32,9,2117.95,0,0,10,1
69,15.73,71,1.88,12,3606.42,0,1,10,0
120,7.64,73,3.1,2,4067.53,0,0,2,0
23,5.21,0,1.04,2,336.3,2,1,10,0
112,13.61,84,2.9,3,2496.54,1,1,0,0
98,4.34,24,2.34,15,5957.3,0,0,3,0
93,17.97,52,3.7,9,3896.09,2,0,20,1
11,2.56,60,3.55,14,2138.62,2,0,19,1
112,14.28,45,2.52,6,1650.14,1,0,9,0
79,10.24,73,1.03,11,1414.99,2,1,17,1
26,17.46,59,2.01,15,2529.52,1,0,0,1
98,2.96,50,3.53,15,1320.94,1,1,20,1
37,13.72,72,1.29,12,984.08,0,1,2,1
75,11.66,83,1.43,6,2311.57,0,1,2,0
44,9.86,47,3.59,12,3720.6,0,1,18,1
110,10.08,83,4.02,10,1049.12,2,0,17,1
14,14.58,39,2.29,5,457.19,0,0,12,0
74,18.79,6,2.96,15,400.87,0,1,2,1
49,2.28,74,4.78,7,1750.83,0,0,22,0
85,0.88,84,4.78,11,1302.77,0,1,17,0
65,16.21,18,2.23,15,3327.68,0,0,18,0
45,2.61,14,4.24,4,2843.18,2,0,7,0
54,19.74,69,3.38,15,2083.65,2,0,13,1
32,12.58,60,4.9,10,5034.55,2,1,23,0
56,13.19,55,2.91,10,3128.69,1,0,0,0
40,4.38,9,4.1,3,730.87,2,0,0,0
20,5.19,45,4.07,7,1915.43,0,0,7,0
19,13.36,79,2.99,14,5845.37,1,0,11,0
76,18.24,74,4.18,10,5866.47,0,0,7,1
23,19.66,56,2.04,1,1677.1,2,0,10,0
89,4.36,34,1.49,6,1169.97,0,1,13,0
83,3.12,71,2.7,13,3074.99,1,1,17,0
102,1.6,2,4.77,11,2992.5,1,0,11,1
19,17.43,65,3.0,11,2578.8,1,0,7,0
85,6.25,52,3.54,11,3270.27,0,0,0,0
103,0.54,77,3.5,2,1546.73,1,0,20,0
114,4.86,51,1.53,2,866.59,1,0,9,1
10,7.14,52,2.56,11,3508.68,0,0,4,0
14,19.82,53,3.83,8,5609.07,1,0,13,0
29,10.71,46,4.89,3,998.95,2,0,7,0
17,4.49,2,1.67,9,4287.93,2,0,23,0
52,7.03,64,2.64,4,2739.8,0,0,11,0
85,6.94,14,1.38,14,1905.06,0,1,3,0
10,0.88,83,1.97,6,5148.03,0,1,17,0
66,3.14,85,2.51,1,2847.65,1,0,14,1
73,14.06,33,3.16,11,3583.21,2,0,5,0
93,2.84,49,1.92,15,2769.73,2,0,10,1
37,5.0,32,1.91,10,671.25,2,0,12,0
116,7.34,72,4.11,10,3650.45,1,0,19,1
46,15.28,2,4.85,3,2629.28,1,0,1,0
56,11.86,1,2.29,4,703.19,0,0,8,1
110,13.94,3,3.75,5,3655.71,0,0,8,1
85,11.56,15,2.03,13,257.25,2,0,22,0
46,13.83,53,4.71,1,1409.42,1,1,1,1
58,0.56,32,3.69,14,4730.2,0,1,2,0
53,18.65,8,4.21,4,419.98,0,1,23,0
65,2.66,56,1.2,5,3950.76,0,0,9,0
37,8.42,39,3.39,4,5708.3,1,0,17,0
120,15.54,51,3.11,10,1192.92,2,0,20,1
88,8.99,81,2.17,10,2619.25,0,0,17,1
15,18.96,15,2.05,7,3537.89,0,1,0,1
117,9.62,7,3.32,8,2812.41,1,0,14,0
70,17.56,86,3.83,12,3798.19,0,0,12,0
29,16.31,59,1.13,8,2543.77,0,0,14,0
87,19.63,35,3.27,3,1061.32,0,1,22,1
11,18.57,2,1.68,13,716.46,0,0,3,0
82,18.01,14,1.56,5,4517.77,1,1,18,0
46,14.77,81,3.49,10,1584.02,2,0,2,0
29,7.66,22,2.24,15,5115.21,1,1,12,0
35,2.57,2,2.76,8,4509.56,1,0,6,0
38,13.93,29,2.44,7,486.83,0,0,11,0
10,19.58,44,3.59,14,1367.02,1,0,22,0
44,14.67,16,2.88,9,1893.56,1,0,1,0
79,18.61,57,4.85,13,3648.0,0,0,15,0
110,16.18,57,2.41,10,4897.0,1,0,21,1
68,3.68,56,3.96,7,549.93,0,1,7,0
78,5.36,6,2.03,2,1647.73,1,1,22,0
42,7.17,38,3.04,4,2382.02,1,0,11,0
60,3.78,77,3.21,12,1263.59,1,0,1,0
87,11.84,57,2.32,14,3362.69,2,0,15,1
21,19.52,55,2.89,12,2972.41,2,0,22,0
115,15.35,14,2.12,8,2035.67,2,1,14,0
29,8.76,43,1.02,9,3197.94,2,0,8,0
62,0.59,11,1.86,7,2263.77,0,0,14,1
97,6.61,7,3.8,5,2190.53,0,0,2,1
52,10.77,79,4.08,1,1739.29,0,0,10,1
107,6.82,40,2.12,15,3334.54,0,0,18,1
98,2.67,33,2.63,9,2775.87,0,0,14,1
59,9.13,45,1.15,12,1338.68,2,0,20,1
38,5.44,87,1.95,6,275.2,1,0,0,0
66,18.23,28,4.12,2,1075.39,1,1,6,0
48,2.48,15,3.42,11,448.44,0,0,22,0
104,1.46,4,1.82,10,2703.27,1,1,3,1
65,0.6,4,2.03,10,1505.56,2,0,21,0
120,6.9,29,4.27,2,2638.64,0,0,0,0
52,13.38,49,1.84,10,2110.81,2,0,19,1
59,14.74,4,2.34,1,3320.49,0,0,10,0
32,9.34,12,3.66,12,4398.43,2,0,18,1
53,13.84,48,3.24,4,2980.02,0,0,11,0
47,7.52,88,2.84,10,559.41,1,0,20,0
93,13.52,49,4.6,11,301.56,2,0,7,0
32,1.29,13,1.88,13,1436.74,1,0,12,0
54,8.12,45,3.97,2,2664.81,1,0,4,1
61,15.92,89,1.64,10,460.45,1,0,0,0
89,16.16,81,3.46,11,2100.86,0,1,17,0
59,14.46,83,4.48,9,5344.75,0,1,1,1
115,4.48,33,2.83,2,722.11,0,1,8,0
17,5.32,70,3.9,11,5701.4,0,0,12,0
94,19.92,46,4.28,9,5168.7,2,0,12,0
10,2.52,59,1.54,1,5024.33,2,1,22,0
17,4.02,73,3.82,14,5209.22,0,0,14,0
38,3.04,78,4.68,7,664.29,2,0,19,0
105,6.89,80,3.31,15,1076.77,0,0,8,1
111,4.6,10,1.74,6,979.36,0,0,14,0
14,10.2,90,1.51,6,845.2,1,1,6,0
120,9.78,84,2.04,2,2100.73,0,0,10,0
95,18.08,49,1.41,15,5015.26,0,0,22,1
56,1.18,3,3.05,1,1661.38,1,1,4,0
43,6.74,40,1.28,10,1616.49,2,0,8,1
74,12.13,58,1.89,8,4120.15,1,0,13,0
64,12.29,59,2.76,8,762.17,0,1,18,0
99,9.86,80,2.9,2,2289.62,0,0,14,0
52,16.41,61,3.26,4,1913.47,1,0,15,1
83,1.72,83,3.82,13,5114.35,1,0,19,0
39,16.4,24,1.19,13,3184.11,2,0,14,1
91,10.15,86,1.32,4,3949.55,2,0,21,0
26,3.11,78,1.24,15,948.4,2,0,22,0
35,17.77,32,2.69,2,5587.73,1,0,14,0
17,13.16,18,1.17,11,2070.22,0,0,23,0
56,3.69,56,3.98,9,4299.67,1,0,3,1
113,1.16,14,1.89,12,5736.83,1,0,18,0
85,3.25,40,4.76,14,3150.16,0,0,18,0
100,12.37,68,2.95,4,3143.7,1,0,4,1
81,4.0,79,2.79,4,880.05,0,0,1,0
98,4.9,59,4.12,15,2463.6,2,0,0,0
55,0.99,21,3.85,15,5144.3,0,0,8,0
77,14.6,42,3.43,4,983.62,2,0,7,0
42,16.3,31,4.74,5,5521.52,0,0,11,0
10,16.04,12,2.69,10,4070.39,1,0,2,0
28,2.99,37,4.23,12,2641.57,0,1,20,0
40,18.11,25,2.52,12,3369.69,1,0,7,0
89,13.61,80,4.35,8,1072.88,0,1,17,0
23,18.0,4,2.04,4,1461.4,0,1,22,0
62,9.22,48,2.16,3,1861.17,0,0,8,1
57,9.02,90,3.71,11,2432.11,1,0,3,0
78,15.8,4,1.85,1,5510.03,2,1,15,0
114,2.32,70,1.92,2,2331.9,1,1,17,1
99,10.66,47,2.22,4,3238.24,0,1,9,0
71,16.81,17,3.72,9,1139.75,0,0,16,0
101,16.69,5,4.56,15,4468.64,2,0,21,1
75,19.14,65,3.7,14,3449.63,1,0,7,0
73,14.12,76,4.31,1,2751.46,0,0,1,0
79,4.55,41,3.17,6,5693.68,0,0,9,0
72,0.9,51,1.28,6,5365.77,1,0,11,1
82,9.85,10,1.4,10,4025.17,0,0,6,0
42,10.52,25,3.22,3,5546.51,1,1,6,0
50,5.19,20,2.31,10,3475.73,1,0,12,0
98,2.93,65,1.88,9,4996.24,0,0,18,0
57,11.93,39,2.87,14,2574.87,1,0,9,0
22,15.4,55,3.67,10,703.12,2,0,19,0
82,19.87,50,2.54,3,5966.06,0,0,23,1
86,15.29,19,4.21,1,1160.66,0,0,5,0
40,15.98,80,3.95,2,1658.76,1,1,12,0
114,12.52,79,3.94,15,1146.0,0,0,17,1
84,19.73,56,4.94,15,2157.38,2,0,15,0
77,12.98,4,2.18,4,1877.82,2,0,21,0
107,17.27,13,3.58,4,3686.39,2,1,6,0
111,18.94,23,4.42,2,5979.47,0,0,7,1
119,18.63,67,3.32,10,504.55,1,0,7,1
13,7.94,51,4.16,6,4714.97,2,1,15,0
111,2.03,47,2.66,15,942.35,0,0,7,0
28,3.85,87,3.36,6,315.04,0,0,14,0
79,1.65,46,1.22,3,3903.75,0,1,7,0
107,2.56,59,4.94,1,5265.23,2,0,5,1
91,4.1,72,4.2,10,1222.53,1,1,0,0
22,7.15,2,4.48,9,2181.36,1,1,15,1
114,11.1,8,3.78,4,1178.75,1,0,12,0
32,14.38,81,1.74,9,5457.74,1,0,3,0
92,4.61,82,1.12,5,1768.09,0,0,17,1
118,13.61,23,4.46,7,2779.33,1,0,6,1
84,14.23,3,2.59,3,5389.5,1,0,0,0
10,11.39,8,2.06,15,3406.64,1,0,4,1
97,18.12,0,3.25,3,5610.53,1,1,7,0
63,2.66,34,2.68,8,5573.41,1,1,3,1
80,3.95,73,3.61,1,2877.29,2,0,6,1
98,8.86,11,2.94,8,3577.82,0,0,15,1
94,2.97,17,3.79,8,1535.82,1,0,4,0
24,11.54,77,4.41,3,5945.11,1,0,16,1
74,8.27,9,1.78,1,1814.24,2,0,10,1
85,6.05,73,2.32,9,4743.18,1,1,17,0
80,3.81,17,2.75,4,2015.22,0,0,4,1
24,7.04,23,4.85,7,2015.65,0,0,22,0
30,12.36,0,2.46,9,802.4,0,0,22,0
28,11.73,78,2.52,3,3447.4,0,0,2,0
69,3.69,71,3.61,5,1620.03,1,0,19,0
102,2.94,81,2.68,10,1060.69,2,1,2,0
98,1.02,15,4.8,11,1514.67,1,0,11,1
42,0.74,84,4.58,13,1656.34,0,0,23,0
58,17.66,14,3.05,3,3123.68,0,0,14,1
105,1.38,61,3.58,5,2438.35,1,0,8,0
44,14.76,4,1.23,11,637.84,1,0,13,1
53,17.5,44,3.78,2,3308.97,2,0,7,1
111,2.41,51,3.83,4,4768.94,2,0,17,1
99,9.01,70,2.44,12,3530.56,2,0,9,1
20,19.26,6,1.88,2,5852.33,0,1,16,0
108,16.77,26,4.66,3,775.07,1,0,14,1
81,10.05,88,2.71,15,4962.68,0,1,20,0
119,15.37,85,3.61,5,3133.02,0,1,1,1
87,16.75,12,1.13,9,3225.25,0,0,2,1
83,7.29,16,2.66,3,3210.78,0,1,8,0
75,17.9,43,4.27,10,2086.85,0,1,18,0
55,9.67,12,2.55,6,2082.42,2,0,16,0
18,10.79,89,3.41,4,3864.7,0,1,1,0
12,19.99,72,1.84,4,459.64,2,0,5,1
94,16.94,4,2.67,11,3614.96,2,0,10,0
35,7.55,32,4.71,13,4402.63,2,0,10,1
81,0.7,3,3.27,15,2266.69,2,1,22,1
57,12.71,25,4.61,15,1460.67,1,0,8,0
75,14.23,67,4.61,10,1437.64,0,1,15,0
79,13.19,15,4.78,10,674.67,1,0,23,1
37,19.37,21,4.58,13,720.37,2,0,21,0
102,17.33,35,1.01,5,1166.79,2,0,19,1
35,9.25,57,4.74,15,311.2,2,1,19,1
34,1.73,54,1.55,11,1744.17,1,0,13,1
21,9.78,34,1.16,7,1977.13,1,0,19,1
14,13.94,24,1.22,11,5972.28,2,1,10,1
107,12.35,71,2.4,14,5951.79,2,1,9,0
57,10.99,80,3.48,4,1284.88,0,0,1,0
46,9.64,60,2.61,8,1435.59,1,0,6,1
88,6.23,17,1.1,12,3053.06,2,0,0,0
53,5.91,57,2.91,13,1062.95,0,1,4,0
109,10.25,75,2.77,9,3123.43,2,1,14,0
24,3.63,56,4.03,9,2516.46,0,1,10,1
52,7.14,86,2.12,9,2082.81,0,0,19,0
57,6.82,62,1.87,2,4971.11,0,0,17,1
96,11.95,11,2.02,3,5003.08,1,0,8,0
79,1.8,10,2.21,5,5929.76,0,1,0,0
55,16.68,12,3.4,12,1493.91,0,1,19,0
117,11.47,34,2.89,1,5352.01,2,0,5,1
52,13.58,26,2.35,4,3319.51,0,0,19,1
118,14.21,88,2.5,11,3630.46,0,0,9,1
30,6.18,66,2.48,14,5398.5,1,1,3,0
32,9.67,88,4.89,14,5667.26,0,0,17,0
116,19.15,44,1.93,5,4415.51,2,0,11,0
89,15.45,73,4.27,9,2217.49,0,0,8,1
56,19.41,80,3.83,8,3040.07,1,0,16,1
24,15.05,66,1.02,1,3767.31,1,1,16,0
34,3.92,21,4.97,14,5006.11,2,1,13,0
45,1.76,77,4.03,13,4016.1,0,0,23,0
84,11.76,90,3.73,12,2319.6,0,0,8,0
60,7.48,41,2.62,3,2623.71,2,1,18,1
24,5.87,19,3.22,14,492.54,1,0,12,0
77,16.24,47,2.01,14,5560.75,1,1,2,0
30,7.66,17,1.14,3,711.09,0,0,17,0
22,6.68,76,4.34,11,3563.6,1,1,8,0
95,17.07,69,4.59,6,5255.58,0,0,15,0
28,17.0,73,1.65,4,2641.02,0,0,17,1
43,7.45,5,4.15,4,4840.73,1,1,6,1
87,16.73,38,3.96,1,4862.13,2,0,17,1
77,17.09,10,1.71,12,547.11,0,0,13,0
61,8.77,24,2.69,10,2590.43,0,0,9,0
119,1.8,54,2.69,13,4207.95,0,0,9,0
36,0.53,83,4.04,12,2649.65,1,0,5,0
38,10.7,57,4.35,11,3361.97,1,0,2,0
120,7.21,36,1.38,4,3647.86,0,0,16,0
37,19.94,15,3.25,1,1077.13,2,0,21,0
44,15.56,69,4.05,15,2589.49,0,1,1,1
17,15.34,72,4.14,5,365.09,0,0,6,0
25,19.13,36,1.59,13,1067.83,0,0,11,1
115,17.81,52,3.1,3,3171.07,0,0,0,0
45,6.7,86,4.43,13,3526.8,0,0,19,1
39,3.74,15,2.27,10,1048.16,0,1,4,1
27,15.04,17,2.7,5,4582.59,1,0,12,1
11,7.88,18,4.22,14,2363.33,0,0,18,0
58,9.73,43,1.36,3,5539.77,0,0,5,0
86,12.79,1,4.44,5,2448.44,0,0,4,1
13,18.2,57,2.24,4,1068.9,0,1,4,0
99,8.67,9,1.01,9,4596.23,0,1,17,1
98,15.77,75,1.94,14,3493.24,0,0,9,1
103,5.73,45,1.36,6,2442.79,2,0,20,0
84,14.11,81,1.37,12,2264.55,1,0,18,1
16,0.53,18,3.77,15,1074.46,1,1,1,0
104,17.49,37,1.86,14,2176.84,2,0,10,1
117,1.09,36,4.74,10,370.2,1,0,21,0
83,14.4,90,3.07,2,3113.93,1,1,0,0
48,1.4,77,2.84,1,5401.0,1,0,5,1
22,5.69,44,2.74,1,4812.92,1,0,13,1
40,10.2,33,3.77,1,365.42,2,1,23,1
80,8.69,1,2.81,9,5311.31,0,0,2,1
72,4.24,43,1.51,5,2823.48,0,0,6,0
65,7.01,82,4.52,14,1307.17,0,0,14,1
51,14.69,26,2.71,4,4563.99,2,1,18,0
70,13.55,47,1.3,10,2072.67,0,0,21,0
51,1.9,6,3.12,5,1669.25,2,1,6,1
65,15.07,26,3.59,9,1135.65,0,1,2,0
45,1.53,84,2.1,3,3022.41,0,0,10,1
93,11.09,70,4.2,3,741.69,0,0,4,0
77,5.57,88,3.68,12,4756.56,1,0,13,0
16,11.96,17,3.6,2,2929.91,1,0,2,0
63,5.6,32,2.68,8,2792.46,0,1,3,0
10,19.71,32,4.85,7,210.75,1,1,4,0
53,6.54,24,2.1,2,4943.61,0,0,22,1
54,5.22,13,3.31,4,3058.45,1,1,3,0
115,5.93,37,2.24,7,2751.39,1,1,3,1
56,17.98,37,3.98,1,4616.03,2,0,1,0
22,12.91,3,1.19,1,564.81,2,0,4,0
31,14.75,61,1.18,8,2326.75,0,0,2,1
30,18.4,81,4.24,6,3539.26,0,1,13,0
95,18.28,9,2.74,2,2871.35,2,0,3,1
101,14.91,34,2.36,10,1253.51,0,0,15,0
18,4.36,22,3.43,10,1935.8,0,1,23,1
35,16.95,88,3.81,15,1941.16,0,0,3,1
18,4.47,64,1.8,1,5953.43,0,1,5,0
24,14.99,81,1.74,3,2091.94,1,0,18,1
19,13.87,78,4.83,12,1390.06,0,1,16,0
97,15.3,24,3.36,4,4971.3,2,0,3,0
51,10.89,52,2.56,13,2642.79,1,1,21,0
81,12.96,83,4.21,5,2774.41,1,0,20,1
33,19.09,16,3.1,11,3383.56,0,1,11,0
89,2.47,56,1.97,10,3655.0,0,1,6,0
58,6.52,74,1.83,3,3625.22,1,0,15,1
35,12.42,76,2.59,15,400.1,1,1,13,1
100,19.3,88,4.44,15,4949.29,1,1,12,1
46,2.36,19,1.25,13,1330.15,0,0,10,1
77,0.94,24,1.87,14,1895.58,1,0,10,1
59,1.59,41,4.57,5,1205.89,1,1,0,0
33,1.52,44,1.49,12,4649.04,1,0,7,0
28,18.2,30,3.52,7,3585.22,1,1,12,0
109,14.56,64,1.85,11,4580.72,2,0,3,1
69,13.7,51,3.42,9,3989.71,1,1,23,0
48,10.69,79,2.53,5,804.12,0,0,18,1
83,15.75,20,1.41,4,1948.7,1,0,19,1
98,3.54,29,3.33,10,3142.14,1,1,5,0
27,8.14,2,3.73,11,1968.68,0,0,2,0
28,10.06,69,3.72,13,1402.36,0,0,8,0
45,2.65,42,3.55,9,5244.91,1,1,18,1
83,8.68,28,3.0,8,4537.15,1,0,6,1
106,6.67,2,3.08,5,2202.28,2,0,22,0
64,1.19,57,3.54,9,4637.07,2,0,10,0
78,3.17,32,3.76,11,3839.72,0,0,14,1
56,15.4,74,3.62,14,221.96,1,1,14,0
58,0.85,44,3.35,9,2405.52,1,1,20,0
108,18.72,68,1.62,1,1884.83,0,0,21,0
117,2.19,31,1.84,12,1463.87,0,0,16,0
107,16.09,81,2.04,6,1659.22,0,1,14,1
42,18.02,83,4.68,11,5665.72,0,0,11,0
30,18.85,51,4.04,5,3020.64,2,0,18,0
90,17.42,63,3.21,6,5116.71,0,0,2,1
31,6.11,39,2.01,10,1442.46,0,0,1,0
57,7.0,12,1.44,3,1211.54,0,1,0,0
46,8.82,89,4.6,14,5354.98,1,1,3,0
24,3.22,79,4.57,3,3075.09,0,0,23,0
44,0.93,88,1.44,10,5391.88,0,0,6,0
101,17.45,73,4.19,5,565.57,0,0,11,0
80,11.31,28,2.79,7,5515.33,0,0,21,1
41,12.37,62,2.3,4,2609.58,0,0,16,0
20,18.58,83,3.96,6,1101.15,1,0,2,0
19,13.47,25,3.46,5,4163.62,0,1,20,0
82,13.97,58,4.12,2,4822.04,0,1,16,0
87,15.85,48,1.3,13,474.77,0,0,16,1
86,2.77,52,2.27,11,5925.74,2,0,9,0
66,7.52,87,2.28,12,4242.76,0,1,14,0
34,19.38,30,2.32,1,2064.13,2,0,8,0
11,18.5,11,3.01,6,1077.5,2,0,16,0
73,17.74,57,2.13,5,2476.68,0,0,3,0
44,9.32,35,2.78,9,1479.28,1,0,23,1
16,17.22,9,2.47,12,3066.09,1,0,8,0
94,1.44,5,3.94,7,4734.98,1,1,5,1
27,3.4,6,3.41,1,4028.76,1,0,14,0
76,8.57,30,3.61,13,2728.42,1,0,11,0
51,9.93,90,1.84,10,889.87,0,0,23,0
48,5.64,71,2.3,6,5751.51,1,0,21,0
50,7.45,2,1.08,11,1768.15,1,0,7,1
84,3.67,46,1.43,7,1811.44,0,1,22,1
112,10.04,84,2.06,3,3943.91,2,0,8,0
33,15.98,0,1.26,14,4668.96,0,1,8,1
69,13.4,44,3.41,9,5908.09,2,1,17,1
55,2.6,53,4.99,11,5821.15,1,1,20,0
28,10.01,49,1.4,14,5499.81,1,0,1,0
77,14.1,78,4.28,14,2724.82,2,0,21,0
99,10.83,6,1.48,11,1166.68,2,0,19,0
111,8.14,62,3.68,2,3589.93,0,0,23,0
51,12.63,14,3.57,1,300.09,1,0,9,0
41,19.39,88,4.61,10,1338.24,0,1,3,0
48,2.35,66,1.46,10,214.67,0,1,5,1
118,8.11,29,2.26,12,1247.11,2,0,11,0
119,8.43,77,1.36,9,2953.59,0,1,12,0
45,11.75,67,2.63,7,2481.28,0,0,16,0
113,3.47,35,4.65,10,2341.92,1,0,19,0
110,3.94,66,4.13,13,5019.53,0,0,19,0
106,6.06,4,3.89,11,4114.98,0,0,5,1
45,19.14,24,3.13,1,5631.3,1,0,14,0
12,14.82,10,4.53,4,2782.98,1,0,7,0
82,13.4,71,2.8,10,1778.93,0,0,3,0
17,16.43,89,1.6,13,911.57,1,0,3,0
106,2.99,65,4.35,3,4097.76,2,0,2,1
79,17.26,27,2.12,11,5082.1,2,0,15,1
50,12.1,59,1.21,7,1265.69,1,0,7,0
112,7.04,9,1.5,5,5296.77,0,0,5,1
77,16.41,49,3.44,9,3252.4,0,0,19,0
22,16.15,38,3.43,11,1035.67,2,0,12,0
58,16.99,36,2.04,3,3928.61,0,0,15,1
69,2.75,62,3.91,11,3216.31,2,0,20,0
11,19.4,60,4.09,6,363.46,0,1,17,0
69,19.21,84,4.68,10,2515.61,2,0,8,1
14,7.47,37,3.34,2,4751.77,0,0,23,0
53,1.78,32,4.12,3,3421.46,0,0,1,0
36,3.76,74,4.01,4,1835.84,1,0,23,1
41,19.86,44,2.03,6,5586.12,2,1,5,1
30,11.48,43,2.24,11,1579.12,1,0,13,1
17,7.45,0,2.91,1,1665.87,0,0,16,0
111,6.12,52,1.08,15,2256.91,2,0,14,1
81,5.51,46,2.19,15,5388.32,1,0,19,0
59,13.45,32,2.9,6,3144.23,0,1,4,1
76,8.68,66,1.43,4,4156.64,0,0,1,0
53,19.33,89,1.51,8,5862.33,1,0,11,1
67,13.83,14,2.85,9,4743.12,0,0,4,0
12,15.94,13,3.92,8,1201.08,2,0,0,1
95,6.21,22,4.33,8,4772.45,0,0,1,1
79,2.04,53,3.19,13,4540.36,1,0,0,1
11,10.01,7,2.9,13,1549.18,0,0,10,1
96,6.63,53,2.54,2,2087.03,1,0,1,0
53,4.44,35,1.77,14,4318.74,0,0,10,1
11,19.08,83,1.59,10,1582.68,0,1,1,1
111,9.16,51,4.17,2,1407.48,0,0,6,1
90,3.91,5,2.86,6,4280.14,0,0,6,0
44,4.37,27,4.16,15,5307.45,0,0,6,0
107,5.97,49,3.82,5,635.1,0,0,1,1
96,19.99,37,1.78,6,2786.26,0,1,15,0
39,5.73,29,3.04,9,3721.62,0,0,2,0
17,6.91,80,2.78,12,4122.41,2,0,1,0
31,13.36,72,2.7,10,5977.94,0,1,4,1
53,6.23,53,3.17,7,4159.61,0,0,2,0
67,4.71,70,4.93,5,3796.89,0,1,5,0
45,3.59,45,4.25,10,5940.46,1,0,21,0
78,6.6,27,4.61,7,551.88,1,0,4,0
86,2.57,16,1.12,8,631.73,0,0,17,0
102,0.86,47,1.56,11,3451.96,0,1,7,1
40,16.19,43,1.34,12,2280.25,1,0,12,0
56,3.19,59,2.05,1,760.85,2,0,21,1
64,15.63,59,2.77,10,1977.4,2,0,1,1
89,16.05,4,3.57,11,4111.26,0,0,12,0
115,10.99,68,3.0,11,5307.57,1,0,16,1
71,6.54,77,4.61,7,747.08,0,0,5,0
39,3.33,69,4.76,4,3332.84,1,0,1,0
64,14.87,6,1.65,5,1917.47,0,0,19,1
25,12.23,52,4.41,13,4070.49,0,0,11,0
21,13.28,16,2.93,2,3386.82,1,0,15,0
26,0.67,58,2.81,10,5574.92,1,0,3,1
25,18.59,8,4.14,5,418.57,1,0,15,0
21,1.79,21,1.37,9,2926.22,0,0,12,0
17,7.65,44,4.53,1,1318.01,1,0,13,0
93,8.35,72,3.68,3,3313.33,2,0,8,0
12,0.53,58,4.5,4,5150.76,0,1,11,0
25,10.19,79,4.98,9,5485.64,0,0,13,1
39,15.18,12,3.07,2,2509.74,1,0,10,0
118,16.55,82,1.37,7,4908.33,0,1,9,0
32,17.65,11,1.67,9,1826.95,1,0,6,0
101,10.01,35,2.29,12,236.57,1,0,5,1
113,12.8,9,1.41,10,5160.39,2,1,16,1
14,2.05,15,4.26,4,892.59,2,0,12,0
93,10.02,18,2.19,5,302.14,0,1,14,0
113,3.52,5,4.9,12,2252.03,0,0,23,1
117,7.71,3,3.81,12,2400.4,0,1,3,0
74,6.92,29,1.69,12,647.88,0,0,23,0
39,8.76,45,2.9,10,4922.26,0,1,2,0
30,11.65,26,2.87,4,2552.44,1,0,10,0
93,18.11,44,2.97,12,3041.56,2,0,21,0
79,8.19,84,3.14,7,1734.83,2,1,19,1
31,19.63,36,1.12,8,3166.74,0,0,19,0
91,15.3,8,3.75,8,4647.04,1,1,1,1
81,10.47,60,2.95,15,5455.86,1,0,10,1
112,13.06,34,4.16,14,5829.07,0,1,3,0
41,2.49,46,4.26,14,2675.0,0,0,16,0
42,16.97,20,1.92,15,5942.2,2,1,16,0
25,11.86,16,1.19,3,1910.74,0,0,20,0
85,19.73,54,3.81,2,240.46,2,0,16,1
47,12.91,87,4.91,6,4652.18,1,0,12,0
107,16.77,5,2.79,12,1234.93,0,1,12,0
23,16.1,34,2.04,1,504.24,0,1,18,0
45,7.24,49,1.63,12,5559.25,0,0,2,0
106,5.56,36,2.15,9,4792.5,1,0,9,1
32,8.89,12,2.31,7,795.46,1,0,15,0
118,9.61,24,2.7,8,4706.08,1,0,19,0
75,5.18,0,3.62,7,5095.2,1,0,0,1
114,17.94,48,2.09,5,5450.75,2,0,22,1
94,11.08,34,1.2,5,3353.43,0,0,19,1
11,19.58,82,2.49,7,4279.79,1,0,22,0
100,16.3,52,4.42,7,4620.99,1,0,4,0
82,11.34,51,2.99,2,4194.11,0,0,0,1
74,18.97,53,4.86,2,3951.63,2,0,15,0
84,10.35,75,3.01,7,3375.84,1,0,10,1
76,17.8,46,2.1,5,2979.33,0,1,3,0
61,7.48,42,1.77,2,5977.53,2,0,4,1
71,7.88,19,3.78,15,2157.85,2,0,15,0
32,8.65,32,3.15,1,711.96,1,1,11,1
35,11.16,15,3.42,9,4637.21,0,0,11,0
77,11.29,77,4.02,11,1440.18,2,1,3,0
91,10.18,6,3.9,8,3289.62,0,1,22,1
64,6.47,69,1.17,2,755.65,1,0,16,0
15,18.58,20,4.21,2,3791.85,0,1,8,1
44,11.98,35,3.13,3,5675.24,0,0,5,0
31,8.45,85,2.57,4,4391.69,2,0,7,1
52,13.2,53,3.15,9,1444.3,1,0,7,1
24,15.48,18,3.45,12,5832.6,1,0,20,0
95,19.23,24,1.6,6,1981.1,0,0,7,0
69,10.24,66,2.67,3,2732.37,2,1,7,1
110,2.69,52,2.34,14,3089.08,0,0,14,0
115,9.09,74,2.4,15,5946.17,0,1,13,0
21,9.84,47,1.37,8,599.57,1,1,5,0
120,17.99,41,1.64,6,4241.02,0,0,9,0
58,8.2,46,1.65,8,2299.2,0,0,7,0
51,19.09,90,2.49,10,654.29,2,1,20,1
47,9.96,41,4.58,12,5623.18,1,0,9,0
91,19.49,1,1.82,2,3621.18,2,1,7,1
54,0.66,5,2.66,15,4570.4,1,0,2,0
44,18.03,45,2.25,8,1594.24,0,0,3,1
39,18.66,65,4.15,11,4616.94,0,0,10,0
97,19.24,80,1.2,5,5005.16,2,0,12,0
115,0.75,39,1.79,10,2698.81,0,0,2,1
39,3.85,57,1.84,14,3517.35,1,1,20,1
87,13.25,77,4.97,15,5836.86,0,0,20,1
15,1.0,73,3.28,14,5111.03,1,0,4,1
76,1.74,32,1.56,12,2780.13,0,0,11,0
89,4.81,61,2.09,4,4054.53,0,0,11,0
16,10.49,11,1.67,3,4748.54,1,0,17,0
61,11.15,48,1.5,12,341.11,0,0,22,0
23,1.17,87,4.19,9,3612.52,1,0,11,0
82,3.82,77,2.98,10,5910.27,1,0,23,0
24,10.24,4,3.52,7,5693.65,1,1,17,0
30,12.08,50,2.33,7,5028.15,0,1,9,0
44,3.39,68,3.21,6,816.04,1,0,6,0
75,8.28,31,2.03,9,5965.44,2,0,2,0
100,18.14,48,2.23,3,3735.32,1,0,4,0
11,19.98,59,3.61,14,1492.87,1,0,22,1
44,19.75,45,1.6,1,4110.76,2,0,11,1
91,17.69,67,3.47,7,5167.84,2,0,13,0
87,8.2,40,4.41,9,851.5,0,0,12,1
29,13.89,80,1.48,15,5515.34,2,0,8,1
91,8.62,66,4.59,6,5537.18,0,0,9,0
19,13.15,12,1.32,10,278.09,2,0,0,0
34,6.53,17,2.4,2,5421.85,0,0,5,1
75,12.32,86,3.44,13,5691.54,0,0,5,0
34,10.71,50,3.24,8,418.61,2,0,1,0
63,0.98,35,1.39,9,1906.16,0,0,15,1
42,15.92,80,4.2,10,2364.02,0,1,4,0
45,0.73,33,4.89,15,2223.56,1,0,13,0
104,6.22,11,1.72,8,4602.22,1,0,15,0
23,0.62,4,4.58,9,2277.01,0,1,8,1
74,7.84,47,3.23,1,5748.16,0,0,10,0
119,1.73,90,4.74,3,5970.96,0,0,15,1
89,18.31,39,1.7,3,2037.55,0,0,19,0
63,8.61,12,4.17,14,3151.04,1,0,11,1
119,9.46,25,1.24,9,3434.69,0,0,14,0
61,7.32,13,4.53,3,3560.54,0,0,20,0
12,12.74,10,3.7,15,2370.41,1,0,4,0
108,15.8,37,2.48,14,1162.76,2,1,20,1
50,13.14,79,1.76,10,516.45,1,0,16,0
15,15.09,56,4.27,1,816.82,0,1,7,1
34,18.17,21,3.41,3,5427.49,1,0,22,0
22,17.34,15,2.44,2,1826.18,2,0,0,0
107,13.64,76,2.78,9,645.57,1,0,1,1
17,4.69,75,4.31,14,3816.47,0,1,0,0
30,12.94,81,2.36,1,636.78,2,0,19,1
107,10.37,28,1.36,11,606.31,1,1,8,1
77,14.49,81,4.65,2,3805.11,2,0,0,1
34,16.74,1,2.55,1,3630.09,1,1,2,1
88,14.98,53,2.39,9,440.57,0,0,15,0
77,17.01,1,1.82,7,2870.77,0,0,10,0
54,1.75,2,4.59,14,2727.46,1,1,6,0
69,1.12,55,1.87,13,3370.8,0,1,19,0
21,5.54,71,3.55,1,4479.5,0,1,12,1
41,18.06,10,4.52,13,1840.24,0,0,5,0
105,16.56,75,1.14,13,2710.13,2,1,22,1
101,13.81,31,4.32,10,4797.91,2,0,11,0
22,14.16,3,2.64,12,5550.83,0,1,5,0
40,14.67,8,3.63,6,5369.67,1,1,23,0
87,18.88,87,2.49,5,2970.26,0,1,1,0
29,16.73,55,3.78,10,3221.02,1,0,0,0
27,12.66,15,2.02,14,3268.81,0,1,6,0
102,13.48,80,1.09,15,5238.55,1,0,18,1
69,4.67,85,4.79,11,5071.65,0,1,13,0
72,13.32,70,1.07,5,2006.89,0,0,3,0
15,8.78,9,4.3,4,1144.53,0,0,15,0
41,3.48,35,1.68,3,2398.05,0,0,13,0
102,16.22,23,2.57,14,1872.76,2,1,22,0
52,10.45,63,4.29,13,5714.53,0,0,17,0
11,19.56,55,1.82,8,1742.31,0,0,6,0
69,5.99,77,4.46,7,1251.0,0,0,3,0
32,9.87,77,2.99,5,5416.98,0,1,0,0
92,9.24,88,2.46,12,701.58,1,0,18,0
40,2.86,21,3.65,9,1709.54,0,1,23,0
14,8.81,51,2.37,12,2746.84,0,0,22,0
92,6.11,49,2.39,7,3651.62,0,0,17,0
43,3.63,46,3.93,10,2100.5,0,1,20,1
19,6.0,22,2.24,2,3078.16,0,0,6,0
98,5.05,89,1.8,15,1353.22,2,0,20,1
11,14.81,90,4.23,7,3530.79,0,0,15,0
20,1.1,75,4.22,7,2565.34,1,1,16,0
59,12.54,82,2.99,4,5125.71,1,1,20,0
40,15.33,18,3.11,12,2611.26,0,1,18,0
65,9.87,51,3.78,12,2774.13,1,0,0,1
88,18.67,33,3.04,8,3634.61,1,0,15,1
82,14.3,28,2.67,4,914.39,1,0,19,1
96,15.08,60,4.98,7,1109.41,2,0,6,0
92,4.34,84,1.59,4,4783.38,0,1,6,1
18,15.66,34,3.37,13,1785.83,0,0,14,0
108,16.73,4,4.54,8,4171.24,1,0,1,1
30,7.54,75,3.75,14,765.08,0,0,12,0
82,4.66,6,4.52,14,4966.71,0,0,1,1
37,8.01,40,2.35,3,5931.72,2,0,16,1
71,14.92,1,2.09,2,2367.41,1,1,1,1
119,8.64,88,4.41,10,3132.07,0,1,14,1
16,14.86,9,2.58,6,2767.73,0,1,13,0
89,2.71,43,3.84,7,5386.29,0,0,15,1
25,16.22,69,1.59,7,257.62,0,0,10,0
106,5.44,90,4.02,6,3990.06,2,0,11,1
13,5.35,34,3.2,11,3983.74,2,1,8,0
13,12.01,61,2.07,8,2417.83,1,1,6,0
112,1.87,73,2.98,12,1472.14,0,1,10,1
49,1.01,72,3.79,6,1590.16,1,0,18,1
26,5.59,19,1.05,15,4842.69,2,1,23,0
110,10.99,34,3.55,6,583.4,2,0,3,1
112,18.2,36,3.17,3,3470.18,1,1,4,1
61,17.01,71,1.88,12,1979.68,1,0,20,1
102,10.06,53,4.01,2,1738.44,1,0,1,0
61,1.22,79,2.21,15,3133.28,0,0,15,0
45,10.94,27,2.11,7,5407.6,1,1,8,0
47,14.24,69,2.88,6,3784.93,1,0,14,0
112,7.11,31,3.7,1,4773.94,1,1,21,0
59,2.67,10,4.72,2,3683.97,1,0,13,1
72,5.93,41,1.57,2,4246.75,1,1,15,0
110,15.55,22,2.59,1,2707.96,1,1,5,0
72,7.35,29,1.27,3,5570.69,0,0,0,0
71,16.33,8,4.03,5,3111.25,2,1,17,0
108,6.73,87,2.79,4,3400.29,1,0,14,1
16,3.69,58,3.83,12,3244.8,1,1,19,0
36,9.0,27,2.29,2,2033.9,0,0,11,0
101,9.32,87,4.38,8,1541.18,2,0,23,1
95,0.81,78,3.14,9,628.24,1,0,7,0
23,2.78,32,4.77,8,4365.41,1,0,8,0
80,4.11,46,1.32,7,1877.8,2,0,0,0
110,2.71,21,3.06,10,2457.35,2,0,15,1
95,7.16,28,4.07,2,5535.58,1,1,13,0
14,19.31,33,3.4,15,3485.39,0,0,11,0
64,10.43,41,1.09,15,763.05,2,0,14,0
11,12.74,51,4.89,6,4837.75,2,1,7,0
71,7.45,46,2.19,11,1685.56,0,1,3,0
100,6.81,73,2.0,4,3405.69,0,1,4,0
30,0.95,50,2.94,5,3157.89,1,0,20,0
111,10.26,44,3.17,9,1580.86,0,0,13,0
88,9.93,74,4.07,13,871.47,0,0,6,1
30,3.58,33,2.57,9,1425.32,1,0,14,1
19,15.4,20,2.76,4,764.56,2,0,18,0
96,10.11,12,3.14,8,1798.64,0,1,20,1
67,7.11,53,2.58,11,5984.33,2,0,13,0
48,3.36,24,4.66,5,2532.14,2,1,6,0
14,11.27,20,4.41,9,5210.55,2,0,5,1
74,15.18,0,2.82,2,3385.23,0,0,1,0
22,6.0,57,1.0,15,4066.18,0,1,23,0
94,4.77,68,4.6,4,1106.82,0,1,8,1
99,10.68,85,1.5,3,1793.87,2,0,17,1
118,3.53,70,1.98,7,3160.57,1,1,14,1
94,13.5,12,1.61,14,5310.63,0,0,14,0
62,12.3,51,1.72,2,448.75,0,0,9,0
91,2.2,22,4.21,3,3140.14,0,0,2,0
110,1.21,20,3.32,9,495.87,2,0,3,1
54,12.6,5,4.82,8,2849.57,1,1,1,0
41,6.24,19,1.93,2,3847.44,1,0,21,0
45,2.19,75,2.94,6,4519.39,0,0,6,1
90,15.31,39,4.91,14,1003.49,2,0,0,1
108,6.62,8,4.31,3,1166.14,1,0,11,1
69,9.46,49,3.91,12,2926.38,2,0,22,0
20,5.12,27,1.76,13,5988.61,0,0,4,1
72,12.73,10,4.08,6,2265.07,1,0,15,0
30,6.38,74,2.39,14,2679.66,0,1,2,0
61,19.38,87,3.12,15,2708.19,0,0,10,0
64,14.21,55,3.44,5,668.06,0,0,14,0
35,3.17,78,3.44,10,4690.2,0,0,4,0
77,8.63,34,3.91,4,1667.99,0,1,5,1
43,8.02,80,3.65,12,4281.27,1,0,3,0
61,10.92,24,1.27,7,2955.52,0,0,11,0
91,16.92,18,2.83,11,3748.32,0,0,9,0
113,11.88,30,3.66,10,513.04,0,0,8,1
108,1.7,80,2.18,7,5361.8,1,1,0,1
114,13.28,49,2.25,4,1614.37,0,0,9,1
102,0.66,86,1.5,3,4086.55,1,0,5,1
61,15.71,62,2.67,4,4828.51,0,0,13,0
38,13.5,46,4.95,2,3332.22,0,0,10,0
47,6.52,0,2.14,4,2156.54,1,0,13,0
51,6.2,57,3.13,15,5871.84,0,0,10,0
30,16.07,9,3.97,4,1814.95,2,0,1,0
51,15.78,7,1.05,12,5702.24,2,1,22,0
22,7.37,25,4.6,5,1106.1,1,0,21,0
114,6.33,33,2.55,1,2457.49,0,1,14,0
73,11.42,18,4.48,2,1003.27,1,1,9,1
26,0.66,77,1.16,8,212.99,1,1,10,0
18,2.11,71,1.58,8,1709.5,0,1,7,0
50,2.96,0,2.29,8,705.82,0,1,20,0
10,4.12,47,2.38,5,5920.8,0,1,7,0
11,10.48,24,4.39,8,4617.59,0,0,4,0
69,19.85,23,1.04,9,221.49,1,0,23,0
57,13.23,46,3.56,14,1497.15,2,0,13,1
38,1.7,83,1.53,4,4086.72,0,0,15,1
106,10.75,68,4.29,4,2511.6,0,0,22,0
19,10.18,66,4.11,7,5024.69,0,1,20,0
67,3.31,31,3.0,5,3128.19,0,1,23,0
69,18.45,16,1.85,11,3991.18,0,0,12,1
113,9.09,60,3.54,10,3662.82,0,0,21,1
30,19.89,68,1.63,1,3901.38,0,0,6,0
37,8.69,10,1.76,8,1534.57,1,0,4,0
84,12.36,37,3.51,4,2365.08,1,0,14,0
43,2.54,67,4.96,8,493.65,2,1,23,1
17,9.36,18,4.56,2,3608.29,1,1,10,0
68,5.16,86,3.37,12,2863.7,0,0,23,0
95,16.79,16,3.15,12,4612.15,1,0,16,0
81,15.79,12,4.99,4,1397.02,0,1,7,0
58,16.57,90,3.19,15,2733.51,1,0,9,0
88,14.61,0,2.68,2,1248.32,0,0,23,0
26,16.74,1,4.64,5,3761.08,0,1,22,0
69,4.42,81,1.94,10,5118.58,0,0,5,1
96,9.31,65,1.39,10,4639.57,0,0,9,1
97,13.99,67,3.54,14,5676.35,0,1,18,1
54,12.93,15,1.38,8,5836.01,0,0,6,0
92,14.47,3,2.49,11,4677.8,1,0,19,1
78,4.87,56,2.69,7,1863.48,0,0,23,0
41,2.42,72,3.19,11,1471.72,0,0,4,0
53,18.38,84,4.97,15,2795.78,1,0,12,0
74,11.42,22,1.88,5,5964.53,0,0,2,1
96,3.5,1,2.5,11,2593.47,2,0,21,0
110,15.97,66,1.53,7,1354.6,2,1,15,1
17,18.34,86,3.43,5,5677.19,2,0,5,1
86,3.81,25,3.91,7,2438.32,0,0,21,0
81,16.44,6,2.93,4,4207.21,0,0,7,0
96,18.7,43,1.98,4,4771.29,1,1,15,1
52,18.8,32,3.48,10,5090.3,0,1,16,0
10,18.33,63,3.16,4,4963.43,0,1,9,1
118,11.16,35,1.68,11,5050.23,0,1,16,0
60,7.45,3,2.62,8,4072.39,1,0,9,1
33,0.64,22,2.74,1,2542.22,0,0,6,0
108,1.69,24,4.93,10,4070.26,1,1,10,0
33,8.86,89,4.4,5,5053.06,0,0,2,1
26,8.29,84,3.94,12,2233.73,1,0,7,0
14,4.1,73,4.56,10,1919.75,0,0,2,0
29,8.21,26,3.94,2,2193.5,0,0,12,0
30,3.91,50,4.61,10,3397.44,0,0,5,1
113,17.05,78,1.22,4,504.17,0,1,16,0
67,6.31,80,2.82,5,4718.03,0,0,1,0
40,12.17,68,3.99,8,1005.34,0,0,6,1
119,10.31,79,3.33,2,970.46,2,0,5,1
109,1.51,22,1.7,2,1346.42,1,1,0,0
20,18.87,8,2.36,2,3546.18,2,0,9,0
61,10.78,32,2.27,14,1856.3,2,0,22,0
24,6.84,34,2.05,8,2334.92,1,0,19,0
92,3.58,49,2.37,12,5603.56,0,1,0,0
16,7.1,23,3.06,14,5113.77,2,0,13,0
37,0.9,87,4.42,3,5142.71,1,0,2,0
60,7.59,23,3.97,5,3550.32,2,0,8,0
116,10.86,18,4.34,2,5225.5,1,1,6,0
67,17.5,38,4.53,6,4715.68,1,0,7,0
14,13.9,60,2.66,10,5728.77,2,0,6,1
14,2.68,24,2.38,6,573.34,1,1,9,0
103,3.38,24,1.23,2,366.62,1,1,14,0
105,8.85,26,4.72,15,1215.17,0,0,18,0
17,4.32,31,1.26,4,5588.69,2,0,23,1
73,1.04,10,3.96,11,3712.28,1,0,1,1
19,16.2,68,2.51,2,2671.45,0,0,19,1
47,0.88,32,4.8,14,3173.72,0,0,9,0
120,16.7,18,2.68,10,5011.71,1,0,3,1
105,3.31,15,4.27,4,5588.84,0,1,14,0
101,19.51,10,2.13,13,4432.25,0,0,5,0
90,12.28,74,2.2,13,4607.12,0,0,2,1
104,14.83,73,3.38,11,2058.19,2,0,11,1
17,2.65,68,4.99,7,2908.8,0,1,0,0
113,17.31,86,3.07,5,5334.22,1,1,23,1
34,16.86,54,4.75,10,4758.42,2,1,8,1
82,13.23,24,4.14,4,4168.77,0,0,22,1
75,10.29,76,4.18,15,578.43,0,0,8,0
88,14.57,33,2.74,10,429.14,2,0,5,1
59,0.62,11,2.55,10,956.38,1,1,2,1
76,12.05,87,1.77,3,3572.07,0,0,8,1
58,17.02,20,4.86,13,3311.04,2,0,13,1
45,7.46,28,4.84,13,5667.61,1,0,16,0
77,2.61,50,3.99,13,4229.61,2,0,16,0
87,8.71,22,2.19,6,1905.04,0,1,17,0
114,14.68,32,1.98,2,1136.68,0,0,10,0
50,2.59,7,4.95,4,5127.29,1,0,19,1
98,4.52,41,1.27,12,2865.82,0,0,18,0
71,3.38,76,4.37,8,3990.12,0,1,16,0
19,16.04,68,2.42,2,3477.83,0,1,22,0
30,1.73,40,2.68,9,823.25,1,0,13,0
45,13.89,73,4.33,2,530.94,0,0,15,0
21,7.65,62,1.36,8,2386.71,0,0,19,0
100,15.24,13,2.42,8,2296.99,1,0,15,1
113,19.31,87,4.81,7,4108.03,0,0,10,1
11,2.73,61,3.8,14,3866.76,0,0,0,1
22,6.63,74,4.02,15,5819.86,1,0,15,0
62,16.3,45,4.03,13,5176.98,0,0,21,0
41,5.69,66,1.24,10,3080.18,1,0,5,1
104,4.69,52,1.81,6,3100.15,0,1,14,0
25,16.59,51,2.97,1,4109.95,0,1,0,0
41,19.75,6,2.47,2,861.73,1,1,6,0
41,11.36,80,2.64,7,5999.37,2,0,7,1
107,5.92,83,4.13,13,3209.09,0,0,20,1
20,8.27,53,1.06,11,5477.45,1,0,9,1
19,3.82,10,3.64,4,5810.67,0,1,6,0
24,15.36,24,1.0,9,3573.53,0,0,7,0
26,15.58,58,1.25,3,799.42,0,0,12,0
49,17.56,87,2.63,4,3525.41,2,0,13,1
27,1.02,65,4.36,3,3666.33,0,0,22,0
64,11.46,26,1.58,7,4777.32,0,0,2,0
82,4.68,82,3.22,2,479.73,1,0,11,1
34,7.15,57,3.71,10,2904.63,0,0,1,0
113,15.81,10,1.92,12,5552.07,0,0,4,0
68,4.24,54,3.05,12,5949.53,0,0,11,0
87,12.95,18,4.65,2,1310.02,2,1,3,1
98,13.26,38,3.05,2,5249.47,0,0,0,1
31,19.1,84,1.63,14,1048.25,2,0,7,0
39,15.62,89,3.51,12,5078.81,0,0,20,0
93,16.17,85,3.37,4,1808.21,0,0,19,0
94,10.87,69,1.11,8,5765.83,2,0,1,1
53,4.14,10,1.36,8,4233.88,1,0,16,0
41,8.8,13,1.63,8,2514.84,0,0,23,0
60,11.22,59,1.55,8,1829.65,1,0,8,1
55,13.73,35,2.04,7,1564.38,0,0,19,1
30,12.35,40,2.82,6,4148.6,1,1,10,0
108,8.18,1,2.49,12,5395.59,1,0,16,0
41,5.67,56,4.56,7,4578.66,0,0,22,0
103,3.78,59,3.45,13,5041.79,2,0,20,0
48,14.03,19,4.5,15,4732.03,0,0,4,0
21,13.09,21,3.11,14,5879.06,0,0,20,0
114,13.9,3,1.36,5,4595.27,0,0,8,0
56,7.76,55,2.85,8,1419.33,2,1,6,1
27,5.62,57,4.29,2,4791.27,0,0,17,1
30,15.31,87,1.78,5,2068.0,1,1,14,0
22,15.59,64,1.36,7,5975.64,2,0,15,0
30,9.38,87,2.32,9,2384.7,1,0,15,1
17,12.43,57,2.56,10,1898.2,1,1,19,0
55,7.78,29,2.23,1,1587.45,0,1,12,0
113,14.19,75,1.54,11,4019.38,1,0,4,1
119,16.8,18,2.0,9,833.48,0,0,1,1
16,13.92,61,3.73,3,5730.65,2,0,18,0
32,10.5,67,2.54,1,1907.01,0,0,4,0
117,9.44,78,3.53,7,1913.32,0,1,0,0
105,13.03,83,3.15,15,467.18,0,0,0,1
84,13.76,43,3.2,3,1626.9,0,1,15,0
95,11.4,83,1.99,8,2630.08,0,0,16,0
31,12.69,60,3.09,11,2343.72,2,0,6,0
116,2.38,20,1.09,2,1783.52,2,0,9,1
98,19.06,9,2.73,15,436.31,1,1,3,1
31,15.92,29,3.29,4,1943.37,0,0,3,0
101,7.79,23,1.73,12,4714.32,0,0,12,0
38,11.47,47,2.03,2,2745.0,2,0,12,1
22,1.42,54,1.88,11,1886.5,0,0,2,0
91,1.3,51,1.28,4,1967.79,1,0,10,0
11,5.39,37,2.39,12,3415.74,0,1,17,0
38,13.95,66,4.92,1,1953.3,2,0,19,0
94,17.12,7,2.42,13,3858.62,0,0,10,0
88,11.4,28,2.84,10,5938.84,0,0,17,1
61,10.88,9,3.61,5,438.82,1,0,13,1
36,8.35,68,3.59,3,1178.67,0,0,10,0
59,3.65,74,4.8,9,1238.82,1,1,12,1
104,2.81,67,4.43,4,2793.01,0,1,10,1
88,15.33,48,4.18,6,440.23,1,0,6,0
32,18.59,57,4.81,9,2969.63,0,1,9,0
97,9.44,34,1.92,2,5587.76,1,1,5,1
53,13.36,49,3.47,7,267.07,2,0,5,1
86,18.33,39,4.55,3,2316.65,2,0,17,0
31,2.26,11,3.5,1,4613.18,1,1,10,1
52,15.52,84,4.91,9,1096.07,1,0,20,1
46,12.53,15,1.4,9,649.84,1,0,14,0
70,12.17,77,2.76,12,3858.52,0,0,23,0
106,6.2,84,4.91,11,257.72,1,0,17,1
65,13.84,47,2.52,4,4850.27,0,0,7,1
12,16.0,90,3.96,9,587.75,0,1,8,0
72,2.7,0,1.12,7,3241.25,1,0,2,1
28,10.9,64,3.78,4,4492.74,1,1,14,0
32,2.47,21,4.74,12,1603.66,0,0,19,0
38,17.52,14,2.53,2,800.53,1,0,13,1
39,10.4,83,1.09,13,1218.61,2,0,23,0
48,16.26,66,1.11,5,5157.16,1,1,1,0
117,7.68,13,4.57,8,4293.53,1,1,17,1
120,2.94,72,3.89,10,1348.97,0,1,0,0
34,1.31,18,1.43,10,4353.5,2,0,1,0
110,5.99,39,1.22,6,4309.99,0,0,12,1
120,5.26,3,4.22,12,5986.81,2,0,12,0
17,11.43,32,4.24,14,2471.02,2,0,13,1
115,0.92,42,1.48,12,5216.15,1,0,11,0
67,10.65,36,2.21,11,2789.37,2,0,20,0
25,8.14,65,4.12,5,5407.01,0,0,19,0
81,11.75,26,3.1,4,731.28,2,0,1,0
10,14.2,44,4.83,11,1216.81,1,0,1,0
117,12.86,80,2.92,15,5129.74,0,0,13,0
14,19.7,49,3.71,6,4951.94,0,0,21,0
12,3.2,62,3.04,13,1971.52,1,0,6,0
74,8.88,5,4.77,11,3661.43,2,0,3,1
13,8.78,66,2.59,3,2419.66,2,0,10,0
113,8.63,66,1.92,2,259.84,2,0,6,1
108,13.44,58,2.31,1,351.4,0,0,0,0
105,10.05,12,4.41,9,514.69,0,0,12,0
73,10.59,20,2.99,1,3645.62,1,1,7,1
115,8.93,63,2.42,11,1819.52,1,0,15,1
107,19.84,36,3.18,4,1034.9,0,0,18,1
116,18.59,79,1.53,6,5658.56,1,0,15,1
98,6.5,84,1.02,9,903.65,1,0,12,1
19,2.68,47,2.12,4,4109.09,1,0,6,1
30,16.88,55,3.42,7,5386.13,1,0,22,1
55,19.94,43,3.85,7,1150.21,1,0,18,0
112,6.21,12,4.31,13,1445.43,0,1,4,1
100,7.48,3,4.71,14,3528.12,2,1,1,1
36,18.86,72,2.65,6,3149.0,0,0,8,0
75,14.37,32,3.96,9,3221.96,1,0,15,1
50,6.26,36,1.3,11,3417.13,0,0,20,0
22,11.83,52,1.23,10,5709.44,1,0,3,1
18,18.91,23,1.5,7,512.26,2,1,9,1
45,16.33,88,2.79,3,4610.6,0,1,2,0
95,14.97,50,1.85,6,1548.54,2,0,0,0
115,14.87,40,2.15,7,2367.33,0,1,6,0
99,3.97,28,3.59,12,717.89,0,0,2,0
67,16.58,58,2.43,7,2784.64,2,0,10,1
63,5.88,39,3.23,13,4864.47,1,0,12,1
21,18.64,50,2.65,6,772.69,0,0,16,0
90,7.61,49,1.68,3,1798.5,2,0,9,0
87,17.22,35,1.3,6,2363.76,1,0,7,1
23,5.69,78,1.94,2,802.62,0,1,7,0
43,10.53,59,1.23,15,4621.44,2,0,18,0
62,2.58,17,3.47,10,4764.29,0,0,18,0
29,13.37,19,4.18,13,5048.19,0,1,17,0
84,16.8,4,2.36,1,3586.6,2,0,23,0
25,14.51,17,2.55,8,3141.99,1,0,8,0
104,10.7,39,4.26,3,1722.8,1,0,19,1
79,1.38,0,1.89,14,3999.92,2,0,19,1
65,18.7,18,1.48,8,2778.47,2,1,11,1
92,14.26,86,3.0,3,5830.5,0,0,12,0
110,15.04,25,3.58,2,5815.44,2,0,4,0
67,16.0,28,3.4,12,5450.19,0,0,18,0
13,15.08,58,3.86,8,2288.52,0,0,4,0
120,9.1,62,1.23,3,2334.24,2,0,3,0
13,14.81,82,2.71,15,5145.5,1,0,23,0
29,12.69,61,1.95,8,4428.98,0,0,20,0
19,17.15,47,4.04,2,4285.29,1,0,22,0
33,16.15,61,4.49,4,1821.74,1,0,19,1
108,1.31,17,2.13,9,5033.42,0,0,1,0
35,7.89,65,1.38,15,3560.64,2,0,14,0
46,1.18,26,2.01,1,2791.82,2,1,7,0
111,2.49,5,1.42,2,5219.45,1,0,13,1
94,12.23,69,2.29,15,2486.42,1,0,3,0
63,17.54,58,3.15,2,3992.77,0,0,11,0
113,2.84,5,4.89,9,2902.25,2,0,5,1
112,9.3,30,2.6,10,3637.88,0,1,7,0
30,18.26,55,1.88,15,435.17,0,0,8,0
83,16.38,53,1.67,5,2874.47,2,0,8,0
47,10.63,84,1.69,11,3427.65,2,0,15,1
55,15.55,40,1.77,13,3057.77,1,0,8,0
13,10.69,17,4.05,4,5114.98,0,0,22,0
69,3.58,86,1.24,10,2004.52,0,1,18,0
66,2.93,22,4.99,10,5327.64,0,0,7,0
54,4.17,35,3.09,15,2540.08,1,0,6,0
29,7.34,24,3.18,4,4228.26,1,1,12,0
26,18.65,6,2.43,7,702.99,1,1,4,0
80,16.09,81,3.76,3,1360.89,1,0,19,0
13,8.94,19,2.89,9,4614.76,1,0,17,0
102,10.11,4,2.32,5,271.51,2,1,6,1
23,5.68,17,2.06,11,5817.46,1,1,5,0
12,14.23,32,4.7,9,1305.65,2,0,21,1
97,16.15,78,2.16,1,5427.56,2,0,9,1
110,5.16,34,2.75,10,3192.48,0,1,14,1
89,1.32,64,2.4,12,3474.54,2,0,23,0
67,12.67,62,1.34,14,687.96,0,1,16,0
64,11.47,84,1.74,8,2318.27,2,0,12,1
13,8.34,71,1.76,2,1106.07,1,1,0,0
33,13.06,70,3.77,15,3250.4,1,0,19,0
43,11.24,40,2.63,14,3394.25,0,0,23,0
39,5.39,49,4.13,8,4316.07,0,0,20,1
91,8.26,29,3.84,4,5294.01,0,0,8,1
28,8.85,37,1.77,2,2915.44,2,1,18,0
40,17.66,34,3.25,13,1553.49,0,1,5,0
69,19.24,65,3.97,2,2134.72,1,0,21,1
69,17.91,45,3.53,13,5113.12,2,0,3,0
28,14.52,7,3.4,6,1046.01,0,0,17,0
58,11.91,67,3.96,3,3838.09,1,0,5,1
72,13.94,36,1.23,11,275.9,0,0,9,0
119,18.81,84,3.93,14,1624.88,0,0,2,1
92,5.37,12,2.09,14,3630.17,2,0,13,1
31,10.93,72,3.29,10,2847.19,1,1,23,0
33,13.95,44,1.97,3,3062.59,0,0,1,1
118,13.75,28,4.36,9,4031.26,1,0,18,1
85,5.42,40,2.92,5,1560.6,2,1,8,1
39,11.94,55,3.57,14,1828.67,0,0,1,1
67,16.02,87,4.18,7,4169.86,0,0,14,0
111,9.76,15,4.58,12,3322.09,2,0,12,1
40,15.97,11,3.93,5,284.6,2,0,11,1
109,7.52,65,1.6,2,4087.9,1,0,16,0
73,18.81,61,4.42,11,3796.53,0,0,15,0
28,10.91,18,3.47,11,655.92,1,0,2,0
57,12.12,29,3.44,8,4535.61,1,0,5,1
54,1.11,15,4.69,9,3228.19,0,1,23,1
109,3.82,87,2.0,11,1387.53,1,0,9,1
103,12.84,12,1.96,2,3444.27,1,0,4,0
64,8.69,68,3.05,2,3653.66,2,0,13,0
64,10.41,22,4.0,4,5536.69,0,0,17,0
106,1.73,61,2.79,13,4504.44,0,1,7,1
27,16.77,30,3.54,15,1951.16,1,0,15,0
72,15.8,52,2.81,8,885.17,1,1,1,0
101,4.11,16,3.44,5,5148.47,1,0,19,1
56,12.87,48,4.29,5,5107.19,0,0,8,1
84,16.46,48,1.72,7,1216.8,0,0,22,1
66,13.0,66,3.78,12,560.36,1,0,18,0
54,6.55,25,4.15,4,4328.81,2,1,0,0
42,13.29,12,2.79,12,4390.97,1,1,21,0
26,4.6,37,2.29,9,1227.43,1,0,8,0
79,6.71,21,1.05,4,4075.63,2,0,19,1
13,5.18,84,4.19,8,1817.76,0,0,6,0
29,11.36,28,2.31,3,1711.58,1,1,2,1
56,2.61,44,2.43,6,2082.2,0,1,0,0
100,18.7,45,2.34,1,3218.3,2,0,12,1
24,7.0,38,2.99,7,4865.83,1,1,13,1
79,4.77,68,3.81,11,3092.13,0,0,20,0
56,10.18,77,4.09,7,1928.65,0,0,0,0
87,5.9,81,2.57,13,5327.05,0,1,17,0
84,10.93,67,3.65,2,519.52,0,0,6,0
112,7.3,38,3.88,5,4823.13,0,0,14,1
18,3.08,19,2.19,4,4749.41,2,0,0,0
99,5.68,76,1.39,10,1670.57,0,0,21,0
25,9.05,67,4.58,13,1350.11,1,0,6,0
78,1.09,34,3.71,9,5273.26,0,0,19,0
70,15.53,7,3.59,12,3441.45,1,0,19,0
19,12.63,51,1.24,13,466.87,1,0,1,1
59,12.23,39,4.27,2,5366.83,0,0,13,0
12,11.15,35,3.26,3,2224.23,2,1,20,1
86,12.01,5,4.39,13,2184.51,1,0,6,1
116,18.73,85,4.9,1,3931.07,2,0,13,1
103,0.67,69,4.83,10,4035.6,0,1,19,0
118,1.43,72,4.42,5,2249.23,0,0,23,0
79,4.23,15,1.04,3,1031.02,2,1,14,1
90,3.76,45,4.54,12,3403.16,2,0,23,1
118,4.03,58,1.3,4,3826.04,2,1,6,0
60,13.6,37,4.4,15,5189.29,1,0,2,1
28,9.46,17,2.12,4,3009.75,1,1,9,0
51,19.84,11,3.44,6,3945.04,2,0,11,1
44,4.92,53,1.15,10,515.57,0,0,8,1
55,6.56,90,4.08,7,5388.23,1,0,7,1
35,19.69,46,1.45,7,2097.85,2,1,9,0
78,16.72,0,2.64,15,3866.88,0,0,16,0
102,9.66,14,4.27,14,5513.1,0,0,8,1
73,11.31,90,3.78,15,4901.05,0,0,22,0
46,16.94,79,1.02,11,3898.68,2,0,9,1
93,9.88,20,2.61,8,4280.93,1,0,14,1
58,4.52,0,1.17,3,5541.25,1,0,3,0
30,16.65,66,3.69,5,4910.14,2,1,20,0
83,10.99,11,4.88,12,3737.18,0,0,6,0
73,3.48,27,3.62,10,4020.48,2,0,15,1
14,10.36,38,1.9,6,1054.16,0,0,7,0
109,8.56,36,2.42,14,2926.97,1,0,13,0
79,17.6,59,4.91,12,1945.79,0,0,19,1
99,2.96,30,1.9,6,2705.43,0,0,6,0
13,17.57,57,3.25,12,4041.03,0,0,13,0
112,10.49,10,2.6,8,1065.08,0,1,5,0
48,8.39,28,4.07,13,300.78,2,0,8,0
44,3.66,88,4.47,5,2502.16,1,1,13,1
10,14.17,12,2.36,5,2068.67,0,1,15,0
33,18.57,50,3.64,1,2638.51,2,0,3,0
66,7.82,53,3.2,1,5601.08,0,1,19,0
109,5.21,18,2.11,6,4301.09,2,1,2,1
79,11.32,57,2.09,10,2099.26,2,0,12,0
50,16.03,35,3.15,10,1239.82,1,0,23,0
63,0.57,27,1.62,5,3787.17,0,1,23,1
55,12.81,67,4.24,11,4013.94,1,0,15,0
69,12.13,2,1.28,10,3005.01,2,1,3,1
117,6.7,88,1.38,6,1434.01,0,0,2,1
69,9.3,40,2.37,15,365.62,0,0,21,1
66,5.32,34,1.47,9,1740.83,2,0,23,0
40,15.9,75,2.9,8,2851.59,1,0,6,0
93,12.87,83,2.6,7,4770.02,0,1,22,1
33,10.89,80,3.89,7,5151.77,2,0,20,0
98,8.15,75,4.81,6,2595.02,2,0,14,1
45,6.18,49,4.01,6,4817.52,0,0,1,0
94,16.54,73,1.72,1,5961.45,0,0,8,0
39,9.3,81,4.74,12,4356.34,1,1,2,0
33,10.28,29,2.57,7,4425.87,0,0,9,0
117,10.66,71,2.9,5,5475.31,0,1,17,0
115,9.24,76,2.69,7,2161.24,2,0,14,1
39,5.49,69,2.12,6,264.99,2,0,15,1
95,2.85,53,4.58,8,5924.47,0,1,12,0
101,2.42,70,2.33,3,3044.71,1,0,11,1
16,15.27,84,3.31,8,4756.93,0,0,11,0
44,4.86,50,1.96,13,4912.45,0,0,0,0
64,1.59,27,4.19,7,2505.6,0,0,14,0
101,16.05,63,4.1,1,3339.38,0,0,22,0
23,3.5,84,2.19,3,3331.51,1,0,0,0
19,12.69,20,3.73,10,1477.25,2,1,7,0
89,7.1,87,3.82,4,882.31,0,1,15,0
25,2.97,26,3.25,14,3352.72,1,0,15,0
63,8.58,26,3.4,9,896.83,0,0,2,0
104,0.79,76,3.3,12,2207.31,1,1,18,0
115,16.9,49,1.33,6,1279.28,0,0,13,0
98,10.51,28,3.68,15,4300.11,0,0,8,0
86,3.21,38,2.88,7,5257.65,0,0,11,0
79,5.12,56,2.75,14,3551.9,0,0,15,0
53,9.24,36,4.44,5,2578.9,0,0,0,1
82,4.18,63,1.09,3,5980.53,0,0,6,0
54,5.74,47,2.01,5,323.01,2,0,17,1
109,10.92,21,1.49,12,1965.18,2,1,10,0
65,16.74,29,1.14,7,1816.3,0,0,2,0
116,8.34,27,2.1,9,2265.98,0,1,9,1
93,14.48,22,4.95,12,1537.46,1,0,11,1
91,17.6,3,2.08,9,1732.72,2,1,7,1
116,4.72,2,3.65,15,1694.53,0,1,2,1
66,16.24,60,1.47,15,3133.32,1,0,1,1
30,15.27,3,3.41,12,2468.12,0,0,6,0
77,7.46,64,4.94,8,3907.82,1,0,11,0
59,19.8,11,2.17,5,3183.53,0,1,12,0
42,5.62,12,4.39,7,1263.85,0,1,18,1
100,5.47,33,4.99,4,4898.26,0,0,23,0
16,15.56,58,3.35,10,2938.73,0,0,19,0
79,8.98,72,2.24,15,1088.74,0,0,21,1
24,6.95,30,3.69,5,1167.9,1,0,10,0
91,3.98,70,4.38,12,4822.42,1,0,12,1
41,15.42,12,1.69,4,4277.36,1,0,7,0
84,15.83,53,2.81,3,3137.86,0,0,19,1
29,11.55,1,2.28,15,1975.27,0,1,4,1
97,19.17,32,2.13,13,2871.03,2,0,18,1
24,6.7,49,4.44,11,3891.6,0,0,19,0
57,4.78,6,2.69,13,5299.84,2,0,7,1
80,13.71,17,2.36,1,3424.03,2,1,6,0
30,15.29,50,3.41,13,1805.06,0,1,21,0
51,4.89,7,1.88,5,447.89,2,0,4,1
35,1.99,54,1.92,12,1217.64,1,1,8,0
117,16.31,75,3.08,2,3971.03,1,1,11,0
23,19.54,42,2.64,6,1130.53,2,1,3,0
66,13.07,58,2.18,5,2992.93,0,1,2,1
46,5.92,29,1.22,11,4253.94,1,0,10,0
67,19.94,58,3.08,2,1987.7,1,0,21,0
30,17.92,8,4.27,8,4080.81,1,1,17,0
91,10.51,67,4.41,5,3570.22,1,1,21,0
78,16.59,38,1.94,2,2745.85,0,0,18,0
12,16.41,80,3.4,1,5404.02,0,0,1,0
96,18.73,10,4.42,2,4213.94,2,0,8,1
99,16.9,1,2.63,1,2291.46,0,0,9,1
46,13.05,22,4.73,10,4864.73,0,0,18,0
97,12.38,62,4.61,10,4480.99,0,0,5,0
58,9.61,21,1.83,3,4791.77,0,1,8,1
28,12.72,60,2.04,14,3917.54,0,1,18,0
98,16.01,25,1.72,3,2400.35,0,1,17,0
94,19.4,11,1.78,12,2221.76,0,0,19,0
21,9.61,31,4.63,10,3994.08,2,1,18,0
70,11.69,8,4.72,1,959.22,1,0,22,1
50,9.17,68,1.21,7,4955.5,1,0,3,1
42,13.54,89,3.37,10,2347.95,0,1,3,0
59,12.78,70,3.26,7,3856.16,2,0,16,0
77,0.85,32,2.56,13,3094.57,1,0,12,0
115,11.05,23,3.53,9,3212.09,0,1,2,1
80,2.23,88,4.79,5,4480.44,0,1,20,1
95,1.01,68,1.68,4,3834.69,2,1,20,1
42,15.93,37,1.48,5,1651.79,1,0,3,0
90,5.54,10,1.13,8,630.51,2,0,6,0
33,7.14,31,2.46,8,5073.36,0,0,9,0
70,1.75,63,2.35,12,5332.39,2,0,12,0
70,4.0,71,2.72,4,1154.08,0,1,3,1
107,15.43,19,3.01,12,1994.97,0,1,6,0
37,10.12,33,4.03,8,1837.59,0,1,21,1
67,17.67,41,2.57,13,5637.2,0,0,21,1
52,8.25,7,2.32,4,1387.71,1,1,20,1
50,5.74,65,4.31,4,1165.93,2,1,10,1
48,7.28,20,4.4,11,1254.66,2,0,15,0
95,14.4,78,1.93,15,4433.24,1,0,23,1
58,11.32,69,2.26,8,5350.52,1,1,11,1
26,18.13,4,4.3,14,2481.53,2,0,5,1
107,12.24,66,1.32,2,989.26,1,1,4,0
79,10.11,42,2.3,4,3597.19,2,0,12,1
119,15.82,15,2.79,1,1417.62,2,0,0,1
79,18.98,72,1.75,1,572.08,0,1,14,0
107,7.44,34,1.72,11,5340.14,0,1,18,0
74,5.37,82,2.7,13,5250.88,0,1,7,0
83,12.52,42,4.02,13,5860.28,2,1,10,1
94,10.23,38,4.36,13,2949.23,2,1,0,1
14,19.79,9,4.92,8,1905.21,1,1,0,1
11,9.52,73,1.3,4,4664.75,0,0,11,0
31,1.95,19,1.87,14,1246.87,0,1,15,0
66,19.56,0,4.03,15,1611.09,2,0,7,0
75,16.95,5,3.16,6,1682.96,0,0,13,1
83,3.98,52,2.31,5,5719.39,1,1,6,0
107,18.14,45,1.82,13,4432.97,2,1,17,1
25,7.14,65,2.12,10,975.43,2,1,21,1
60,7.85,37,2.72,6,738.51,1,0,12,1
48,18.17,32,1.71,4,5088.33,0,0,12,0
95,10.84,66,4.86,4,4853.19,1,0,8,1
85,3.19,76,1.43,7,4091.77,0,0,23,0
97,7.7,34,4.94,1,1337.38,1,0,21,1
120,14.58,78,4.37,9,2985.64,0,1,17,0
49,3.9,44,2.69,10,3695.81,2,0,2,1
47,12.01,21,3.96,3,5606.4,2,0,2,0
69,14.06,67,3.69,4,1182.66,2,1,13,1
68,7.21,16,1.85,15,3189.59,0,1,8,0
19,14.03,4,2.36,9,1114.96,1,0,15,0
108,17.74,84,3.05,5,2774.33,0,0,4,1
73,9.71,56,3.55,12,1360.78,0,0,12,1
72,7.97,87,3.17,4,5049.88,0,1,20,1
58,5.4,39,2.89,12,1677.47,1,0,7,0
73,12.28,29,2.77,6,2619.21,0,0,18,0
41,17.66,41,2.99,1,2565.17,0,0,8,0
16,6.83,6,2.74,10,5224.51,1,0,20,0
30,8.23,70,3.17,1,4595.23,0,0,8,0
29,8.43,90,4.55,5,533.94,0,1,9,1
35,11.44,87,3.53,5,589.11,1,1,8,0
77,4.95,18,3.89,11,3396.94,1,1,11,0
119,16.53,40,3.39,9,2680.77,1,1,11,1
95,6.26,33,3.57,1,1798.39,0,1,10,0
24,14.25,21,3.31,3,4797.2,0,0,19,1
113,10.51,51,1.11,3,946.08,0,0,17,0
94,11.93,90,5.0,4,5849.53,0,1,6,0
88,4.0,5,1.13,12,339.79,0,0,0,1
95,14.83,73,2.58,13,885.74,2,0,6,1
101,4.18,24,1.42,7,2005.64,0,0,0,1
23,2.71,65,1.39,15,3153.06,0,1,13,0
36,11.16,9,4.17,7,1453.59,0,0,12,1
114,14.33,73,2.7,15,4470.05,0,0,20,0
49,1.48,25,4.2,10,2273.74,0,1,12,0
67,1.85,4,2.09,5,423.52,0,0,16,0
37,16.15,85,2.03,14,5290.79,0,0,7,0
35,16.28,67,2.0,9,5674.42,2,1,16,0
72,5.28,70,3.46,7,3787.67,2,0,12,1
75,12.5,49,4.26,2,4877.91,1,1,21,0
34,9.14,16,2.81,12,902.45,0,0,16,1
12,12.84,10,2.52,3,1759.16,0,0,14,0
81,17.33,52,4.89,11,2086.34,1,1,1,0
53,2.06,49,1.47,7,5772.37,0,0,12,0
106,15.67,7,2.95,5,3170.89,1,0,19,0
51,10.11,61,2.63,7,243.0,1,1,7,0
108,11.5,88,1.39,9,2405.08,1,0,2,1
15,13.25,84,2.07,9,244.95,0,0,23,1
48,18.49,75,1.11,3,1579.27,0,1,6,0
61,1.61,89,4.51,8,2837.26,1,0,21,0
32,1.07,28,3.43,13,2075.68,1,0,16,0
98,3.98,43,4.26,6,389.86,1,0,5,0
59,19.74,44,3.09,13,874.75,0,0,5,1
52,14.44,28,3.4,4,3395.14,1,0,23,0
28,12.49,87,3.8,15,4234.51,2,0,10,0
78,1.42,58,4.63,4,2546.38,1,0,5,0
60,17.64,14,1.37,4,4442.59,0,0,1,0
20,16.35,69,2.32,7,1147.33,1,0,2,0
21,13.46,43,3.84,6,907.94,1,0,1,0
83,7.11,35,4.83,2,5068.83,2,1,2,1
17,1.87,83,4.92,5,2167.44,1,0,0,1
33,11.81,56,3.55,5,2707.04,1,1,6,0
101,14.53,63,1.77,6,5695.97,1,0,20,1
50,2.34,75,1.48,7,2659.85,0,1,15,0
45,12.86,37,4.78,12,220.24,0,1,15,0
110,6.08,16,2.74,11,5640.24,0,1,22,1
94,15.4,26,1.78,8,281.89,0,0,16,0
81,11.02,16,4.74,12,4041.26,1,1,0,1
64,3.02,62,1.42,10,2072.77,0,1,17,1
18,10.77,10,3.92,14,2928.27,0,0,6,0
56,8.22,63,3.5,15,3374.25,0,0,22,0
24,4.02,38,1.35,8,2569.07,0,0,8,0
57,16.91,1,2.35,11,4691.34,1,0,2,0
119,0.72,65,1.6,5,5598.1,1,0,15,1
113,6.59,53,3.42,2,701.19,2,0,2,0
91,0.75,28,2.91,10,4841.47,0,0,23,0
51,2.37,44,1.02,8,946.29,0,0,5,0
69,6.29,87,4.9,6,665.61,2,1,18,1
93,1.56,87,2.4,3,5743.82,0,0,23,1
79,12.13,79,2.03,4,3037.93,1,0,13,0
21,2.19,30,1.89,12,1085.1,1,0,2,0
11,14.18,48,1.64,1,3505.75,0,0,5,0
16,1.53,8,5.0,3,1726.78,1,0,16,1
89,1.66,26,2.18,4,2892.99,0,0,3,0
12,6.45,55,2.62,2,3823.03,2,0,21,0
118,17.98,77,4.49,14,5241.77,0,1,20,1
12,13.01,44,3.57,12,217.87,0,0,3,1
36,15.52,88,2.47,6,1442.02,1,0,9,0
116,3.26,42,4.59,8,758.37,0,0,14,1
49,16.77,21,4.0,12,763.17,1,1,16,0
111,0.66,32,1.91,6,5685.51,1,1,19,0
42,4.65,26,3.57,10,5629.28,0,0,16,1
101,12.51,39,4.69,3,4545.99,0,0,10,0
10,7.82,25,2.99,9,3929.77,0,0,3,0
17,19.69,82,3.93,14,5118.23,0,1,12,0
110,1.09,44,4.88,4,538.77,0,0,18,0
41,19.97,44,3.76,14,893.02,2,1,13,1
57,12.66,25,1.41,6,2039.25,0,1,22,0
116,11.39,69,1.98,4,5028.46,0,1,10,1
110,1.66,66,3.38,15,2938.95,0,1,21,0
13,5.83,5,2.1,4,3120.73,1,0,5,0
103,18.53,27,4.83,11,1529.74,1,0,15,1
79,7.41,66,2.62,2,3960.65,2,0,10,0
119,13.4,12,2.83,10,5349.48,0,0,18,1
28,19.99,62,3.81,2,2111.18,0,0,5,0
41,5.63,12,3.1,2,3791.28,0,0,11,0
18,11.73,76,2.53,2,2125.3,0,0,18,1
21,14.08,0,1.31,8,4797.77,1,1,22,0
20,3.71,39,3.39,15,2954.77,1,0,17,0
55,3.4,36,4.47,10,2168.92,0,0,13,1
25,9.4,30,3.74,4,2636.28,2,0,8,0
10,8.02,16,2.53,4,729.12,2,1,9,0
72,14.43,8,1.51,10,5223.48,2,1,14,0
118,1.86,63,4.27,10,5756.8,0,0,17,0
30,19.46,56,4.77,11,2969.0,0,0,16,0
39,0.78,12,2.55,14,1483.76,0,0,19,0
22,12.23,36,3.91,3,4055.01,0,1,12,0
43,11.47,13,2.64,5,2823.81,0,0,23,1
13,3.13,74,3.01,4,1663.34,2,1,15,0
37,3.44,24,4.35,7,422.91,0,1,6,0
111,15.96,77,1.33,10,5360.29,1,0,5,1
104,17.81,56,3.12,7,4821.06,1,1,12,1
68,6.02,70,1.86,6,5008.24,0,1,11,0
36,9.04,87,2.36,7,2751.07,0,0,22,0
78,7.42,41,3.58,12,4568.88,1,0,14,1
34,1.91,41,1.11,7,3571.11,1,0,3,0
12,13.63,46,3.38,13,2373.7,2,0,23,1
106,16.59,43,2.13,8,5087.9,2,1,11,0
77,6.45,40,3.68,11,5992.79,2,0,19,0
34,19.81,2,1.57,13,5415.84,1,0,9,0
29,1.98,89,3.94,1,4701.91,0,0,7,0
43,13.4,89,3.58,15,4535.55,2,0,13,0
35,9.24,0,4.88,3,3971.44,2,0,13,1
14,9.21,78,4.64,12,5150.98,0,0,20,0
108,9.42,10,2.13,3,3059.87,0,0,6,1
70,5.54,6,1.11,5,1254.03,1,0,9,1
101,14.45,11,3.62,10,4654.69,2,0,9,1
102,14.57,37,3.41,14,5533.14,0,1,21,1
18,6.01,53,1.11,13,2179.84,1,1,17,0
111,16.79,66,1.49,13,4741.3,2,0,21,1
59,6.68,52,3.34,7,1787.59,1,0,16,0
15,14.64,89,4.65,15,5667.08,1,0,17,1
92,2.86,31,4.63,10,4164.07,2,0,13,0
69,3.79,44,1.61,6,3501.8,0,0,4,0
53,6.66,50,2.54,4,4723.25,0,0,6,0
20,12.08,36,1.17,6,4916.74,0,0,16,0
75,13.09,58,2.88,7,5375.75,0,0,1,1
56,8.23,53,4.01,4,5426.49,0,0,3,0
117,2.02,17,4.16,11,505.61,0,0,8,0
117,7.79,0,3.0,8,912.86,1,0,7,1
82,13.93,20,1.38,5,4991.15,0,0,3,0
94,13.58,27,2.53,3,5687.1,1,0,10,1
97,3.62,15,4.73,2,1984.5,0,0,6,1
107,0.65,47,1.92,1,249.89,0,0,10,1
95,15.18,27,2.28,15,2071.69,0,0,2,0
12,2.57,21,3.99,4,2420.61,0,0,11,0
85,2.11,82,3.93,2,4613.99,0,0,7,0
101,0.55,0,4.65,12,475.99,0,1,6,1
39,8.94,41,2.55,3,1433.31,1,0,23,1
99,10.31,69,3.06,1,5385.02,0,0,21,1
30,12.93,2,2.87,15,1097.96,0,0,12,0
37,6.27,79,4.71,14,4603.64,0,0,3,0
99,14.35,80,4.08,13,2295.6,2,0,18,1
71,3.8,43,4.33,6,4043.43,0,0,2,1
42,16.72,26,1.53,4,628.31,0,0,10,1
94,11.65,50,4.17,5,1862.04,0,0,5,0
44,11.89,23,2.73,15,2663.78,1,0,15,1
61,4.59,19,1.09,8,5171.83,0,1,23,0
43,1.95,31,1.24,11,3468.28,0,1,7,1
50,9.56,12,3.71,4,462.31,1,0,10,1
60,12.5,42,2.49,6,4850.83,1,1,23,1
56,2.35,19,4.47,3,516.22,0,1,8,1
91,19.04,1,3.94,8,5619.33,0,0,0,0
67,19.62,67,1.09,13,1427.96,2,0,6,0
84,11.14,90,3.75,3,3029.97,0,1,9,0
66,19.03,59,1.77,15,619.23,0,1,8,0
32,4.0,88,2.69,15,3457.93,0,0,12,0
57,1.0,3,3.5,7,3083.93,2,1,17,0
31,1.27,16,4.49,7,2579.44,0,0,15,0
26,11.96,0,2.82,15,406.32,0,0,3,0
78,1.7,32,4.23,3,5297.83,0,0,5,0
117,19.19,29,4.13,3,4855.29,0,0,19,0
20,3.27,4,2.66,10,3871.57,2,0,8,0
103,6.44,11,3.0,10,3518.93,0,0,11,1
24,16.54,31,3.8,12,4230.69,0,0,11,0
100,4.77,37,1.12,11,1035.14,0,0,0,1
44,5.24,16,4.56,14,5609.34,1,0,8,0
42,13.03,57,4.08,8,1851.11,0,0,9,1
93,5.88,39,2.0,11,4007.64,1,0,16,0
25,4.74,23,4.92,15,3719.18,0,0,0,0
43,5.46,11,1.72,3,3892.36,1,0,20,1
75,10.07,18,4.66,2,5297.92,0,0,0,0
108,19.34,28,2.3,5,1916.28,0,0,9,1
49,16.73,84,4.05,11,4543.9,1,0,8,0
37,6.05,89,2.83,7,3670.67,0,0,21,0
56,7.59,51,3.95,8,641.15,2,1,8,1
48,9.56,16,1.62,1,2602.1,0,0,4,1
79,19.59,72,2.08,12,5060.12,2,1,21,0
82,3.86,20,1.4,2,2029.01,0,0,1,0
29,7.47,59,4.46,13,2997.13,0,0,13,0
10,14.72,74,2.19,7,3034.1,0,0,11,0
81,19.3,19,3.78,9,3784.46,0,1,15,0
96,3.54,52,4.28,3,5327.3,0,0,15,0
72,4.93,79,4.61,14,1206.53,0,0,8,0
76,4.9,62,1.43,8,3126.78,2,0,18,0
13,0.91,56,4.57,14,2660.75,1,1,20,1
67,12.28,28,1.79,10,1916.34,0,0,23,1
34,13.58,0,3.95,3,5533.73,1,0,20,0
56,12.25,81,3.92,4,247.39,0,0,19,0
47,1.89,58,1.03,2,908.21,2,0,19,0
24,1.85,63,1.88,9,4453.4,0,0,20,0
72,4.6,85,2.97,14,1727.96,0,1,18,0
30,6.16,71,2.68,15,4394.44,2,0,9,0
108,15.84,70,4.67,5,5027.07,0,0,10,1
66,3.61,88,2.44,5,1676.77,1,1,19,1
62,1.36,43,4.75,4,1313.28,2,0,4,0
55,8.18,47,2.84,13,1042.74,2,1,19,0
23,8.62,74,4.86,5,1360.51,2,0,15,1
109,9.29,14,3.95,15,1749.68,0,0,18,1
85,16.62,34,4.32,12,5238.75,1,0,11,1
26,2.41,22,1.42,14,4666.03,0,1,16,0
48,14.23,52,3.34,1,210.7,2,1,1,0
18,7.09,44,1.57,10,5269.89,0,0,8,0
108,6.54,84,2.19,14,657.11,0,1,17,1
86,18.68,12,3.49,10,4000.54,2,0,1,0
88,5.35,33,3.9,12,1078.55,2,0,20,0
91,13.03,37,1.16,6,561.2,2,1,9,0
106,5.86,69,3.12,11,4606.67,0,0,8,0
15,10.39,67,3.26,4,2909.78,0,0,2,0
100,15.83,4,1.32,12,3674.56,2,1,8,0
32,17.69,39,3.0,4,2667.05,0,0,3,0
68,16.85,69,3.86,12,589.6,2,0,12,0
100,11.85,20,1.21,13,4489.79,1,1,18,0
107,5.35,27,4.04,5,4958.04,2,0,20,0
55,13.39,2,3.31,14,440.24,1,0,11,1
47,14.34,22,4.33,1,2379.16,2,1,11,1
23,0.71,71,1.87,4,3432.44,0,0,22,0
109,9.06,18,4.33,10,3710.06,2,0,14,1
81,16.94,74,1.38,3,3553.29,0,0,22,0
71,10.05,49,2.62,5,4219.06,0,1,11,0
44,6.57,73,1.8,10,5807.53,1,1,1,1
28,17.5,57,4.5,5,2465.4,1,0,11,0
39,3.54,19,3.82,8,3428.42,1,0,6,1
87,4.53,71,1.1,14,4254.66,0,1,6,0
93,13.9,82,1.04,1,3636.06,1,1,17,1
34,7.37,52,2.16,3,2443.16,2,0,23,0
49,14.4,84,1.57,5,3819.66,1,0,11,0
97,3.58,81,3.52,11,3970.65,0,0,17,1
23,5.42,8,3.66,3,3592.82,1,1,5,1
35,3.55,3,4.77,6,1389.64,2,1,7,1
111,19.08,40,4.81,10,3134.69,2,0,16,1
96,8.41,24,3.64,13,5329.27,0,0,14,0
31,7.08,33,1.02,3,5237.89,0,0,11,0
57,0.78,72,2.44,6,4554.57,0,1,6,0
92,3.49,8,3.05,8,4243.73,0,0,20,0
119,8.71,81,3.0,4,1089.02,0,1,12,0
60,1.84,74,3.41,8,2864.9,1,0,11,1
12,10.46,12,4.84,7,843.52,1,1,15,0
51,9.37,8,4.54,11,4940.25,0,0,18,0
28,15.46,79,1.44,11,1888.05,0,0,9,0
82,13.37,3,2.06,13,4647.82,0,1,22,0
37,9.2,33,4.33,15,4924.56,0,0,15,0
93,4.88,6,4.3,4,5376.48,2,0,11,0
54,14.67,14,2.1,3,4572.21,0,0,2,0
80,14.3,37,3.92,5,3475.43,1,0,3,0
87,3.49,74,3.69,5,3669.47,0,1,23,0
72,18.34,90,2.89,14,2059.38,1,0,0,0
82,1.76,51,1.81,7,1226.58,1,1,3,0
28,1.57,80,4.55,11,957.69,0,0,3,0
56,4.15,82,3.71,1,1255.74,1,0,2,1
23,18.23,6,1.68,9,5616.92,0,1,17,0
47,10.64,44,3.82,2,1153.71,0,1,23,1
62,15.86,58,3.97,9,4397.68,1,0,21,0
70,4.94,20,4.55,9,1270.85,1,0,17,1
45,10.06,27,1.89,13,5856.68,1,0,7,0
49,7.49,2,4.96,13,2326.19,0,0,7,0
90,16.64,13,1.61,14,2590.39,0,1,6,0
39,0.94,1,3.4,15,2546.17,0,0,7,0
18,5.25,28,3.63,3,4935.46,0,0,15,1
73,3.48,17,2.68,15,1466.09,0,0,2,0
42,17.25,36,2.9,7,5019.94,1,0,14,1
61,9.62,44,4.56,3,4010.94,1,0,17,1
98,8.38,44,3.58,8,1477.62,2,0,10,1
23,9.26,23,2.99,8,579.36,1,0,22,1
84,19.45,45,1.51,13,4694.96,0,1,1,0
62,17.08,11,1.03,3,1469.99,0,0,18,0
108,14.27,52,1.5,5,5356.59,0,0,15,0
114,6.16,44,4.82,15,952.75,0,1,5,0
68,3.72,31,4.06,7,3774.91,1,0,8,1
87,18.47,17,4.87,1,4214.58,2,1,14,0
103,8.75,12,1.14,3,4014.67,1,0,8,0
50,5.94,3,3.72,1,2032.97,0,0,9,0
77,9.68,22,1.18,2,5278.04,2,0,1,0
77,18.4,61,4.13,14,4664.87,0,1,14,0
101,8.05,53,2.52,14,3159.2,2,0,0,0
17,11.47,73,1.38,7,3699.1,2,0,5,1
11,16.16,54,3.27,7,3484.95,0,1,22,1
114,8.83,68,2.12,3,5690.85,0,1,23,1
119,5.05,39,3.64,15,5399.2,2,1,12,0
95,19.89,13,3.63,13,1565.88,1,0,19,0
50,19.15,27,3.82,6,1724.01,0,0,6,0
64,16.95,71,4.97,13,5892.34,1,0,16,0
25,13.92,79,2.55,6,1572.05,1,0,18,0
102,6.25,70,2.86,2,5730.18,0,0,20,1
71,18.31,66,4.22,13,3968.57,0,1,22,1
57,5.87,28,3.31,9,490.63,0,0,20,0
39,16.12,60,1.15,13,2147.22,0,1,16,0
21,18.41,67,4.37,8,2961.69,0,0,0,1
44,12.26,8,1.21,2,5031.94,0,0,16,0
20,16.16,16,1.68,12,2105.8,0,0,23,0
73,15.94,48,1.41,4,2001.35,0,0,6,0
119,4.27,62,1.31,9,5537.53,2,0,2,0
59,13.52,83,1.1,4,658.4,1,0,3,0
94,2.32,77,1.22,7,3398.82,0,1,13,1
30,10.4,45,2.77,5,3124.59,1,1,23,0
78,3.66,12,2.01,10,532.54,0,0,11,0
57,8.62,44,1.51,6,709.0,2,0,6,0
29,16.74,52,3.63,1,2415.41,1,0,22,0
110,19.75,16,1.9,4,978.14,0,0,13,0
76,6.7,46,1.08,5,2972.82,2,0,21,0
53,10.87,61,2.67,6,3731.56,1,1,21,1
42,10.47,49,2.24,6,4210.1,0,1,12,1
82,19.11,42,2.27,5,3369.53,2,0,16,0
70,9.83,67,2.78,3,2402.03,2,0,4,0
18,14.13,83,3.68,11,952.6,2,0,7,1
77,18.47,74,3.47,15,1635.42,0,0,10,1
44,7.78,85,4.75,2,2632.65,2,1,21,0
90,18.09,71,3.07,15,5559.86,1,0,14,1
107,18.39,27,2.89,7,1375.08,1,0,20,1
97,18.65,44,1.85,1,2597.4,0,1,14,1
105,5.77,40,4.02,12,4447.39,0,1,22,1
74,8.31,35,1.56,12,4290.18,0,0,12,1
17,17.47,90,2.96,5,5800.44,0,0,6,0
54,7.5,83,2.69,4,1307.23,0,1,16,0
96,12.2,32,3.63,7,295.81,0,0,17,0
56,2.8,24,4.67,2,2069.47,2,0,11,1
49,1.6,18,4.79,11,1068.22,1,1,14,0
85,8.53,46,1.67,13,3381.12,1,0,4,0
63,11.79,84,2.05,8,5412.92,1,0,18,0
85,8.16,32,4.25,9,4191.72,1,0,7,0
55,11.77,66,3.07,13,987.63,0,1,3,0
56,10.54,13,2.81,15,873.32,1,1,22,1
24,13.87,78,3.84,12,5486.41,1,1,4,0
114,13.17,32,3.41,10,3028.14,0,0,21,1
28,8.77,41,4.88,15,5557.3,0,0,22,0
35,8.79,85,3.34,1,4470.06,0,0,7,1
61,3.25,64,2.86,5,5961.42,1,1,18,0
102,10.51,46,3.17,4,5253.12,0,0,18,1
31,11.95,34,4.23,5,2602.43,1,0,1,0
113,9.79,83,3.45,9,4597.72,0,0,5,0
30,6.85,31,3.59,15,2933.12,1,0,17,0
60,14.57,54,4.89,12,1551.82,2,0,16,0
47,1.96,53,3.47,3,1597.97,2,0,16,1
29,18.33,75,2.52,14,2504.47,1,0,16,1
38,0.9,50,3.77,1,846.5,0,1,14,0
60,19.27,79,3.64,11,1231.04,1,0,6,0
13,9.52,58,1.06,3,3103.53,1,0,4,0
64,8.55,71,2.87,4,5732.75,1,0,21,0
80,5.5,13,3.97,13,3550.58,2,1,18,1
101,0.7,17,3.0,15,2569.28,0,0,21,0
37,5.86,54,4.12,13,1607.66,1,1,6,0
13,2.63,55,2.8,2,1336.23,0,0,1,0
31,13.37,48,4.93,1,4018.76,0,1,14,1
85,6.72,59,2.17,1,5120.29,1,1,21,1
54,15.46,52,1.37,15,2513.36,0,0,13,0
76,4.53,70,2.72,8,3393.82,1,0,5,0
95,18.05,5,3.17,4,4299.02,1,1,20,1
117,10.7,69,2.4,12,538.11,1,0,6,0
75,2.73,85,1.97,2,2235.2,2,1,8,0
97,8.32,7,3.69,10,4432.57,1,1,22,0
43,4.53,14,2.51,3,4170.79,2,0,1,1
100,4.39,25,3.53,8,509.42,1,1,19,1
64,10.37,38,4.12,6,1579.35,1,0,0,0
114,13.6,2,4.04,8,4143.75,0,0,17,1
10,18.28,56,2.5,10,1774.21,1,1,11,0
81,10.29,9,3.27,5,4923.58,1,0,6,0
96,19.33,2,2.8,3,371.13,1,0,23,0
47,18.86,45,4.48,6,1304.01,1,0,23,0
15,17.37,21,4.52,10,1831.62,2,0,10,0
95,10.25,66,2.37,8,5566.68,0,0,11,0
34,3.25,64,1.37,14,4818.65,1,0,17,0
91,4.75,18,1.67,5,5328.04,1,0,4,1
26,13.13,61,2.47,5,2754.78,0,0,0,0
70,8.72,56,3.26,3,4970.86,2,1,20,0
21,3.36,87,3.63,3,5150.26,1,0,0,0
15,9.84,75,2.33,13,2519.75,0,0,22,1
99,0.84,12,3.67,12,5967.88,0,0,8,1
36,14.81,15,4.75,15,5137.18,1,1,0,0
17,1.93,15,3.61,8,5849.76,0,0,11,0
92,12.77,51,1.63,11,5225.68,0,1,16,0
115,15.96,83,3.32,15,4701.98,0,0,15,1
74,3.09,40,3.17,1,5674.29,2,0,16,1
66,10.61,47,4.48,4,2634.95,1,0,6,0
102,15.69,90,2.4,9,4743.33,0,0,2,0
118,5.58,38,2.69,6,1434.77,2,0,8,0
108,3.68,12,3.39,6,4450.2,2,0,22,1
49,7.07,3,3.1,14,4755.05,1,0,2,0
23,11.32,42,3.88,10,4355.84,0,1,15,0
44,11.72,80,1.16,11,5128.92,1,0,15,1
57,3.05,87,3.25,11,2597.35,0,0,9,0
118,9.42,45,1.49,13,3359.66,1,0,7,0
93,5.73,46,2.26,7,261.87,0,1,15,1
65,16.92,85,3.65,11,1047.11,1,0,15,0
58,6.61,52,1.63,7,3936.32,0,0,5,1
22,16.85,24,2.24,6,3461.44,1,1,3,0
70,8.86,40,3.81,9,1344.53,0,0,23,0
111,14.67,2,3.6,8,1612.1,1,0,14,1
58,10.45,76,1.36,12,2195.68,1,1,2,1
55,12.63,12,3.31,8,4355.21,0,0,16,0
71,8.21,17,1.59,2,3736.36,1,1,14,0
17,15.48,36,2.01,7,603.51,0,0,19,0
52,8.79,42,2.84,15,4607.65,1,0,8,0
29,9.42,33,1.44,12,1723.43,0,0,22,1
106,10.59,80,4.97,1,4096.21,1,0,12,0
99,16.72,54,1.66,10,915.5,0,1,0,1
48,13.36,51,4.13,15,5987.94,0,0,11,0
94,7.31,84,4.32,8,665.94,0,0,16,0
58,13.57,35,4.98,13,4502.06,2,0,13,1
73,13.03,53,2.71,3,3339.72,1,1,0,1
71,18.65,58,4.5,11,698.45,2,1,21,0
115,16.91,51,4.83,13,355.5,2,0,9,1
116,13.13,18,1.69,9,2303.46,2,0,13,0
63,7.16,11,2.92,15,4852.9,1,0,14,0
114,15.7,10,1.24,5,438.68,0,1,10,1
18,11.72,47,3.48,7,4285.51,2,0,18,0
97,19.71,78,3.33,14,4001.18,0,0,10,1
46,5.33,15,1.82,7,1740.12,1,0,18,1
58,2.05,70,4.19,9,649.45,2,1,22,0
50,1.86,46,1.15,2,5508.87,0,0,10,0
26,12.98,66,4.22,4,1942.03,0,0,21,1
97,18.82,30,1.11,12,846.02,0,0,18,0
30,0.54,75,3.63,8,4152.8,2,0,6,0
60,14.65,7,1.32,5,1456.75,2,1,6,1
68,13.31,88,2.0,11,2958.66,1,1,5,1
48,14.78,60,3.89,5,492.35,2,1,8,1
64,7.43,43,2.12,3,5959.31,0,0,21,0
50,16.5,49,3.04,5,2796.2,0,0,17,0
48,1.37,34,4.66,13,5994.84,0,0,5,0
22,15.23,75,1.2,7,2436.91,0,0,13,0
73,5.71,60,4.24,4,2217.54,0,1,20,0
20,9.8,84,1.26,8,5504.52,0,0,21,0
119,16.54,89,1.51,14,2110.9,1,0,8,1
28,5.79,54,1.48,11,2705.63,0,0,21,0
20,4.11,65,4.98,6,653.04,0,0,20,0
86,13.79,13,1.72,6,5741.68,2,1,20,1
55,10.9,3,4.59,6,693.88,0,0,2,1
54,10.53,16,4.96,4,4672.87,0,0,20,1
10,5.51,68,2.54,14,3323.97,0,1,20,1
49,1.18,23,3.52,15,556.15,2,1,2,0
117,8.5,48,4.12,3,209.88,1,1,22,1
28,2.58,54,2.57,10,5626.21,1,0,7,0
85,18.17,70,1.65,6,4504.61,0,0,11,1
81,1.3,22,2.74,6,4181.33,0,0,22,0
81,8.92,80,4.09,2,2743.63,0,0,17,0
70,1.52,11,4.12,14,1583.96,0,0,22,0
118,2.36,10,1.92,10,4143.21,1,1,0,0
21,13.35,74,1.7,9,3728.15,2,0,18,1
70,13.12,28,4.68,4,4412.78,0,1,11,0
42,1.14,61,1.18,4,2321.6,1,1,19,1
54,0.52,52,3.94,10,5924.16,0,1,21,0
99,2.04,47,1.19,13,588.65,0,1,15,1
112,15.38,90,4.35,12,662.27,0,0,8,1
101,11.9,85,4.62,11,5517.88,2,1,5,1
78,1.24,65,2.19,12,3956.7,0,0,5,0
17,10.02,47,1.3,12,2092.74,1,1,6,0
34,14.38,58,2.92,8,4619.33,0,1,13,0
100,17.44,70,2.19,3,2826.09,0,0,15,1
55,18.71,56,2.67,10,322.5,0,1,21,1
96,6.89,75,3.66,7,3976.4,0,0,2,0
39,3.15,2,1.84,7,1610.05,2,0,0,0
118,5.12,80,2.43,2,868.94,1,0,19,1
56,15.64,31,4.13,3,1506.58,0,1,16,0
96,19.44,7,3.58,15,2961.72,1,1,0,1
58,9.59,86,2.31,12,489.17,0,0,4,1
56,6.45,29,3.66,14,5322.28,1,0,23,1
93,8.87,14,4.06,4,3447.52,1,0,16,1
91,6.44,73,3.37,2,1899.38,0,0,4,1
27,5.5,54,1.96,14,4184.63,2,0,10,0
75,12.08,37,1.0,9,4864.57,0,0,23,0
77,0.81,14,4.21,10,3760.76,0,0,2,1
103,5.56,29,4.29,11,1374.47,1,1,21,1
42,13.4,45,3.79,6,839.67,0,0,22,0
45,1.13,63,1.31,1,5187.42,0,0,9,0
91,2.12,25,3.34,15,1561.19,0,0,23,1
110,6.22,77,4.28,1,316.48,2,0,13,0
28,17.62,66,2.56,8,3928.83,0,0,18,1
120,15.42,35,1.79,11,1086.73,0,0,10,0
37,0.93,89,3.35,6,5947.62,0,0,0,1
49,10.28,77,4.31,13,5244.44,0,1,11,1
93,5.86,30,1.2,10,3728.99,1,0,23,0
106,13.15,77,3.39,12,5036.42,0,0,19,0
85,14.57,39,3.57,7,2929.11,1,0,1,0
24,17.33,73,3.41,6,4773.22,1,0,0,0
50,9.77,72,3.6,2,3949.89,0,0,14,1
48,19.89,45,3.53,3,366.14,0,0,12,1
11,19.61,41,1.52,8,5702.79,1,0,21,0
72,17.7,17,1.94,4,5193.33,1,0,12,0
38,11.71,35,3.48,13,5729.76,2,0,12,1
114,8.26,75,1.07,15,4441.92,2,0,16,1
83,7.61,49,3.54,8,2589.95,1,0,5,0
75,0.74,60,3.66,3,1400.51,2,1,11,0
60,5.36,39,1.96,2,1243.98,1,0,14,0
84,14.52,2,3.39,7,1040.51,0,0,23,0
86,12.27,81,3.14,1,1479.54,1,0,2,0
19,18.37,6,2.04,11,3393.69,0,1,21,0
23,1.48,30,2.85,3,4165.72,0,0,5,0
91,3.53,64,4.64,2,2021.53,0,0,20,0
60,15.89,63,2.71,5,3382.73,0,1,2,1
82,7.49,76,3.52,2,2179.27,0,0,11,0
48,2.81,2,1.14,10,4239.76,0,1,10,0
37,19.93,34,1.31,5,5933.22,0,0,5,0
12,15.85,14,1.33,13,4196.3,0,0,10,0
93,8.47,20,4.11,3,542.38,1,0,16,1
79,16.56,61,2.4,9,2967.96,0,1,3,1
36,13.77,82,1.91,10,4668.25,2,0,10,0
11,15.9,27,3.99,9,3345.0,2,0,12,1
102,16.4,3,1.68,8,5716.17,1,0,23,0
47,2.15,12,1.99,13,517.68,0,0,15,1
12,12.65,78,2.72,5,1888.7,1,0,5,0
25,0.63,50,2.33,10,1480.17,0,1,19,0
103,1.35,47,3.34,11,4652.21,1,0,5,0
49,18.13,38,2.35,7,3238.0,0,0,16,1
11,10.79,66,2.57,2,1002.4,1,0,2,0
90,14.85,57,4.45,3,1856.44,1,1,6,0
50,16.85,83,4.54,12,3231.42,1,1,0,1
21,19.02,1,4.31,11,5977.55,1,1,11,1
44,17.45,24,4.46,2,2312.9,0,0,17,0
116,9.92,10,3.28,10,1109.59,1,0,12,0
74,7.05,0,3.58,11,3082.99,0,0,2,0
64,3.51,47,3.23,1,1999.08,0,0,19,0
54,8.31,47,4.14,3,3482.61,0,0,5,0
88,7.65,9,3.2,4,2906.92,0,1,13,0
99,11.41,80,1.44,12,4199.04,0,0,13,0
110,13.48,29,4.24,9,5502.89,1,0,8,1
94,19.58,34,4.04,12,1362.98,1,1,12,0
71,14.7,18,4.28,2,4962.84,0,1,0,0
58,13.05,52,1.76,9,5705.74,0,1,3,0
104,7.03,33,2.09,1,2366.94,1,0,12,0
34,1.17,31,2.18,9,859.24,2,1,19,0
32,6.12,75,3.03,6,4967.08,0,0,5,0
33,15.48,80,1.54,8,4266.36,1,1,0,0
47,4.5,5,2.54,3,1433.73,2,0,13,1
37,14.39,12,1.73,8,2782.3,0,0,0,0
30,11.81,85,2.06,11,3552.35,0,0,9,0
63,3.85,74,3.83,9,1185.15,2,1,16,0
116,5.6,63,4.42,7,4346.49,0,0,18,1
27,10.18,6,1.09,4,4201.32,1,1,16,0
45,8.66,44,3.26,6,5345.33,1,0,19,0
108,15.68,44,1.14,6,3490.18,0,0,6,0
54,14.82,84,1.34,2,3531.02,0,0,8,0
82,11.7,64,3.82,2,3792.45,1,0,11,0
62,16.53,18,3.94,11,1787.94,1,1,19,0
111,11.47,46,4.26,5,4599.91,0,0,21,0
39,19.31,45,2.9,1,4042.5,1,1,12,0
69,4.74,28,4.44,5,5067.04,1,0,1,0
117,14.43,83,1.67,10,4657.8,0,0,22,0
107,7.71,60,2.0,15,3903.72,1,1,11,1
41,5.94,64,1.54,3,1133.17,0,1,23,0
76,4.02,22,4.19,3,5531.05,0,0,18,0
76,11.27,50,1.91,8,2329.83,1,0,16,1
37,4.7,62,1.62,11,5792.93,0,0,1,1
53,4.41,21,3.49,3,2530.85,0,0,1,0
88,19.82,70,1.31,3,1046.44,1,0,5,1
50,16.13,32,1.18,1,5332.07,1,0,6,0
72,15.09,43,1.43,14,4811.34,1,0,4,1
32,15.98,6,1.0,8,4760.52,2,0,11,1
113,19.39,90,3.79,13,718.58,2,0,10,1
84,11.68,1,3.25,15,5299.82,1,0,9,0
57,4.79,16,1.84,14,3659.12,0,0,16,1
41,17.31,64,1.93,10,2928.06,1,1,20,1
66,14.98,57,4.24,10,5496.4,0,0,7,0
109,8.58,29,3.01,6,4063.04,1,1,9,1
42,9.73,85,3.79,11,971.58,1,0,11,1
33,8.52,25,2.81,8,3213.32,2,0,1,0
48,18.63,34,1.95,3,3892.38,2,0,7,0
43,7.2,62,4.88,14,5411.59,1,1,5,1
65,19.29,74,3.26,11,1823.39,0,0,0,0
37,18.25,70,1.52,6,4806.56,1,0,12,0
46,12.8,27,2.62,15,4838.91,0,0,13,0
16,11.81,24,2.32,12,942.69,2,0,9,1
77,7.72,60,1.86,2,299.95,1,1,8,0
46,0.86,30,4.73,3,3572.18,1,0,10,0
65,2.99,53,4.52,13,4778.98,0,0,15,1
74,15.21,66,1.8,4,3415.7,0,0,7,1
74,9.7,50,2.41,9,4917.42,1,0,14,0
56,3.42,57,4.05,15,3809.36,0,1,20,1
29,5.65,33,1.83,12,3989.1,0,0,13,1
28,18.98,58,3.37,4,363.3,0,0,3,1
38,7.66,20,3.8,7,713.87,2,0,11,1
83,18.2,55,3.62,12,4405.17,1,1,16,0
69,6.44,36,3.83,8,4624.49,1,0,17,1
27,11.09,63,3.83,5,3344.63,0,1,20,0
101,0.9,18,4.86,15,3622.96,0,0,4,0
44,10.68,84,2.39,2,3763.32,0,0,7,0
52,12.92,77,4.51,15,808.95,1,0,20,1
120,5.07,73,1.09,11,4073.87,2,1,4,0
104,11.79,52,2.15,8,2975.13,0,0,2,0
100,13.12,70,1.19,5,3694.63,0,0,22,0
20,13.89,62,3.6,5,3466.22,0,0,21,1
58,15.64,61,1.4,7,4625.4,1,0,15,1
47,6.57,71,4.38,6,2047.7,2,0,20,1
73,11.57,76,3.59,3,2366.45,1,1,1,0
78,19.64,18,1.12,14,2471.32,1,0,3,0
17,18.01,74,3.86,14,4622.25,0,0,2,0
43,19.08,1,4.45,7,2700.45,1,0,11,0
57,8.03,5,3.64,12,1227.03,0,0,22,1
65,15.85,28,1.12,14,5901.64,0,0,8,0
85,12.59,40,4.43,1,3061.61,0,1,18,1
111,2.11,50,3.93,4,833.64,0,0,22,1
74,16.57,4,2.51,4,4087.59,0,0,12,0
40,13.7,40,2.31,6,4487.14,1,1,13,0
13,4.38,61,2.92,6,3101.29,0,0,8,0
118,2.05,29,4.47,10,3949.45,2,0,4,1
59,16.82,61,2.01,8,1201.51,2,1,7,0
78,2.04,26,1.4,12,2333.95,0,0,23,0
39,2.28,49,4.46,1,1138.61,0,1,22,0
97,8.83,81,1.11,13,2445.96,1,0,0,0
68,3.13,51,4.64,7,3464.24,2,1,20,1
76,18.32,48,2.22,14,2766.73,0,0,15,0
84,9.67,61,3.03,4,3640.65,2,1,12,1
54,11.6,59,1.53,13,3110.2,1,1,9,0
13,18.6,79,4.61,6,2043.32,2,0,8,0
35,10.84,53,4.0,10,1031.81,2,1,15,1
36,7.4,4,4.7,15,1665.5,0,0,8,1
55,16.04,8,3.73,14,1364.14,0,0,11,0
116,9.14,33,1.74,9,4303.05,0,0,21,0
73,6.71,35,2.23,3,4955.81,0,0,23,0
100,14.6,19,2.95,8,4378.25,1,1,3,1
115,16.13,80,3.43,3,3933.66,2,0,8,1
60,15.94,83,4.71,6,1985.54,2,0,17,1
59,19.56,84,2.54,2,4323.72,0,0,15,0
15,15.84,82,3.81,9,3709.48,0,1,1,0
68,15.51,62,4.84,14,471.98,1,1,13,0
24,17.22,66,1.61,13,5464.15,0,1,22,0
39,0.5,29,4.45,2,663.73,0,0,3,0
51,7.57,68,2.68,12,3115.71,2,0,10,0
110,14.88,69,3.93,5,3175.8,2,1,3,0
46,12.19,2,2.17,6,5054.64,2,1,1,0
51,3.96,48,2.34,4,5495.79,0,0,14,1
110,6.42,41,1.11,12,5650.12,1,1,17,1
44,7.07,23,4.89,7,3504.1,1,1,8,0
96,11.57,43,4.25,13,4138.44,0,0,11,1
15,16.72,0,1.38,7,713.42,2,1,20,0
77,18.68,53,5.0,12,3029.91,0,1,4,1
27,15.13,51,3.42,7,5407.57,1,0,6,0
82,16.94,35,4.41,11,2843.04,1,0,11,1
38,9.67,78,1.27,7,603.64,0,1,4,0
86,8.1,37,2.56,13,1363.72,1,0,21,0
68,8.16,43,3.68,10,2691.14,0,1,18,0
56,12.51,81,1.43,11,1577.66,1,0,2,0
26,2.92,86,2.96,10,2475.3,1,1,14,1
118,11.8,46,2.77,9,2131.18,1,0,18,1
105,13.47,28,1.86,2,2049.79,2,0,16,1
31,9.06,50,2.2,5,728.75,0,0,2,0
77,19.09,40,4.87,10,5319.75,0,1,19,1
78,12.36,85,2.15,9,4217.7,2,0,14,0
46,4.79,63,1.85,12,3815.62,1,1,5,1
114,9.84,87,3.14,13,3717.52,2,0,10,1
58,13.67,47,3.68,14,2499.71,0,0,13,1
22,6.81,76,3.9,11,4975.23,1,1,3,1
43,2.05,21,4.02,11,5594.23,2,0,2,0
118,11.88,16,1.15,2,232.58,2,1,7,0
95,18.98,85,2.58,3,659.35,2,0,20,1
62,9.96,4,4.1,7,4114.86,0,1,2,1
96,18.17,60,4.62,9,1569.19,0,0,3,0
60,16.78,88,3.41,14,5487.89,0,0,3,0
12,3.37,5,1.21,15,4071.0,0,0,13,0
51,14.31,52,2.59,3,2336.09,0,0,11,1
107,8.99,80,1.3,15,2608.64,2,0,2,0
41,5.38,16,3.99,10,4207.12,1,0,19,1
118,13.9,58,1.25,8,1017.59,2,1,7,0
60,14.98,38,1.74,11,5323.79,2,1,22,1
94,4.01,53,2.67,15,227.68,0,1,18,0
55,18.33,47,2.85,8,5877.89,0,0,13,0
117,15.15,36,2.63,12,1172.34,0,0,0,0
30,18.7,47,2.85,4,4504.25,1,0,19,1
53,6.68,67,3.85,11,431.56,0,0,13,0
20,18.82,77,2.48,13,2702.29,1,0,18,1
112,7.69,76,3.19,6,3855.82,0,1,6,0
77,1.55,26,2.21,11,607.32,0,0,12,0
10,15.38,87,2.41,12,2771.1,0,1,22,0
101,14.22,26,3.46,8,1958.19,1,0,8,1
72,12.16,71,2.96,12,3089.81,2,0,22,0
33,10.05,62,3.89,9,3126.54,2,0,15,1
108,1.13,51,3.24,2,4754.34,2,0,15,0
22,12.68,46,4.21,1,916.33,0,0,7,1
120,8.63,20,2.77,5,679.77,1,0,7,0
107,11.42,56,2.96,10,2530.96,0,0,23,1
20,8.87,74,3.68,3,5347.62,0,0,17,0
109,19.34,90,1.88,11,5160.56,1,0,1,1
60,12.28,41,2.54,13,3447.96,0,0,1,0
26,15.11,47,3.5,6,5354.89,0,0,22,0
108,18.76,26,1.12,12,4870.99,0,0,23,0
91,12.04,71,2.75,14,1812.05,2,0,9,1
113,0.74,32,3.4,11,1186.62,1,0,16,1
95,1.17,75,4.87,1,1946.71,0,0,7,1
33,14.2,34,4.51,12,1517.28,2,0,7,0
28,5.94,15,2.12,11,3811.77,2,0,4,0
46,11.8,35,3.03,4,3592.41,2,0,2,0
112,4.44,65,1.23,6,3670.94,1,1,0,1
94,5.77,75,1.96,2,1297.96,0,0,19,1
17,10.34,90,4.1,11,4792.8,0,0,6,0
37,19.52,55,1.49,11,2715.03,0,1,6,0
14,12.52,16,2.03,8,2940.22,2,0,12,1
26,18.75,19,4.78,4,5982.38,1,1,20,0
110,19.21,84,4.3,2,1837.18,0,0,5,1
45,4.56,83,4.13,1,2486.0,1,1,12,1
28,6.57,7,4.46,8,4123.49,1,0,22,1
73,15.51,17,4.0,10,5306.4,2,0,1,1
100,17.4,17,1.48,1,935.33,0,0,1,1
107,10.62,17,3.07,7,4463.27,1,1,1,0
20,19.87,1,2.78,7,5526.03,0,1,14,0
63,0.73,75,2.24,13,2652.96,0,0,14,0
54,6.34,71,4.34,6,1863.02,1,1,17,1
56,12.65,50,2.86,8,4130.88,0,0,4,0
21,9.65,9,1.24,10,1627.23,1,0,13,1
30,2.77,74,2.1,1,2428.88,0,0,4,0
20,7.67,13,1.91,12,5402.1,2,0,7,0
112,1.0,25,4.55,1,3623.93,2,1,20,1
101,13.03,46,3.59,13,750.87,0,0,10,0
14,17.91,29,3.24,1,2112.25,1,1,7,0
90,17.76,55,3.03,6,3838.14,0,1,5,1
65,14.14,41,3.6,7,2992.69,1,0,3,0
29,9.58,3,4.02,10,4029.97,0,1,19,0
50,10.48,10,3.22,9,4616.36,0,1,2,0
55,3.17,23,4.75,10,2987.57,2,1,11,1
21,7.15,85,4.91,5,5924.32,0,0,10,0
79,4.16,66,4.98,1,5505.11,1,1,4,1
26,16.51,36,3.68,9,547.46,0,0,7,0
28,18.34,1,4.73,5,1745.3,1,0,10,1
35,10.97,11,2.62,6,1943.15,0,0,10,0
57,14.69,20,4.44,9,1268.88,0,1,19,0
117,2.87,68,4.64,2,2009.7,0,0,2,0
117,12.37,70,4.62,14,2663.96,0,0,10,1
61,14.2,63,4.32,3,499.0,2,0,5,0
105,9.33,67,2.63,14,938.34,2,0,5,1
79,5.24,42,1.64,7,758.23,2,0,21,1
64,17.61,53,2.34,3,468.64,0,0,17,0
109,14.99,61,4.07,15,2992.68,0,0,21,0
111,18.05,85,1.93,2,2136.06,1,0,4,1
84,16.46,72,2.91,7,5625.59,2,0,4,1
42,19.81,89,3.26,8,796.01,1,0,18,1
71,4.25,11,3.42,9,5571.0,0,1,4,0
97,2.19,0,4.74,2,701.96,2,0,0,0
32,7.07,71,3.65,13,3791.46,0,0,0,0
24,3.02,32,4.15,2,1636.84,2,0,22,0
36,10.7,63,3.33,11,4995.47,2,1,6,1
84,12.84,67,4.33,7,556.55,2,0,8,1
73,11.78,13,2.05,14,5724.55,0,0,15,0
90,5.56,13,1.84,15,474.09,1,0,8,0
60,18.22,8,4.71,4,1598.46,1,1,11,1
62,0.91,72,3.77,5,2892.27,0,1,10,0
87,7.29,25,3.69,1,4585.14,1,0,22,1
100,14.52,48,2.87,15,5716.45,1,1,11,0
91,15.46,16,2.51,6,2682.65,0,0,9,0
101,8.61,67,3.22,10,4592.4,0,0,8,0
60,0.83,59,1.48,13,4417.54,0,0,12,0
56,12.55,2,2.82,8,3512.78,2,1,11,1
120,1.73,24,2.82,11,4207.33,2,1,8,1
13,2.6,20,3.15,15,420.79,1,0,18,1
16,13.18,11,3.54,1,2761.15,0,0,3,0
118,6.59,53,4.83,2,4757.99,1,0,0,1
44,7.29,0,3.61,7,2950.48,0,0,12,0
57,9.99,0,4.53,14,5266.33,1,0,1,1
82,19.58,44,3.23,2,5035.1,1,1,7,0
81,19.33,45,3.51,9,5207.99,2,0,11,0
54,8.62,47,1.28,6,953.98,0,1,12,0
90,5.68,6,1.53,12,1616.02,0,0,12,1
90,6.4,9,3.32,12,371.66,2,0,0,0
106,5.74,14,2.58,5,5900.24,2,1,7,1
105,10.88,39,4.2,7,1569.6,0,1,4,0
81,12.33,10,3.17,10,2329.14,0,0,18,0
28,10.03,55,4.53,8,1794.57,0,0,21,0
72,8.46,45,4.89,13,430.8,1,0,19,0
47,4.62,44,1.59,9,1715.3,2,0,16,1
76,9.91,86,2.58,6,769.53,1,1,18,0
68,7.15,12,3.66,5,2486.84,0,1,1,0
78,11.06,26,2.22,7,5807.58,1,1,11,0
22,13.67,80,2.07,2,4249.92,0,0,0,1
56,12.85,49,4.25,15,4300.02,0,1,11,1
119,9.52,60,4.92,8,2828.42,0,0,18,1
70,11.34,12,4.1,12,4905.56,0,0,11,0
40,6.05,11,3.09,4,5468.05,2,0,0,0
89,0.97,28,2.77,1,5776.99,0,0,2,0
105,12.69,84,3.16,3,774.14,1,0,0,0
31,5.43,83,2.85,13,5301.94,1,1,0,0
102,13.54,19,3.01,9,1505.48,2,0,8,0
95,15.07,30,1.81,4,2504.15,2,0,0,1
52,18.36,7,4.61,15,2203.77,2,1,11,1
76,19.18,23,4.02,10,4115.75,0,0,20,0
63,0.71,74,3.72,10,3667.96,0,1,4,1
19,19.81,38,4.8,14,832.81,1,0,14,0
51,13.82,32,2.14,11,4740.37,0,1,14,0
73,13.05,41,1.32,3,2749.94,0,1,14,1
30,0.8,14,4.3,4,212.89,0,1,16,0
89,17.29,67,4.99,3,2604.12,0,1,8,1
85,3.34,64,3.31,3,3194.72,1,1,20,0
75,16.83,31,1.24,2,599.47,1,0,13,1
50,0.8,10,4.12,6,1076.58,1,0,17,1
33,13.1,36,1.29,13,5962.72,0,0,15,0
44,8.98,18,3.16,15,5252.93,0,1,22,0
65,4.41,50,2.11,10,973.3,1,1,8,0
39,2.6,33,4.66,6,3565.79,2,1,14,1
66,9.08,70,2.81,10,2399.61,0,0,19,0
103,2.9,59,4.59,4,3353.69,1,0,20,0
56,9.99,83,2.2,14,2929.1,0,1,14,0
44,12.69,52,2.55,8,479.26,0,0,8,1
28,16.63,11,4.79,6,2029.44,0,0,1,0
17,13.73,61,1.81,12,928.02,1,1,20,0
35,1.77,65,3.31,8,3036.01,1,0,10,0
113,6.49,85,2.55,6,5462.44,0,0,21,0
80,6.12,47,4.1,15,5974.09,1,1,2,1
39,18.34,39,1.52,13,5676.67,0,1,9,0
16,17.42,23,2.75,9,5917.04,0,0,8,1
76,7.72,49,3.8,3,288.43,0,0,15,0
74,1.89,67,2.63,14,4430.79,2,1,9,0
45,17.94,87,1.23,3,1783.1,0,1,7,0
34,17.82,42,3.82,2,5220.58,0,0,3,0
46,17.17,16,3.01,10,4919.65,0,1,20,0
10,16.98,82,1.05,14,2657.31,1,0,7,1
24,9.86,54,3.45,14,2944.91,1,0,14,0
46,3.96,33,4.68,6,1737.53,1,1,9,0
22,9.81,69,1.44,7,1875.06,1,0,11,0
113,10.14,59,3.36,7,5890.81,0,0,14,1
17,10.05,50,3.91,5,5355.35,2,0,0,1
14,11.01,76,1.28,6,1312.84,0,0,7,0
69,5.52,72,1.09,7,1798.04,0,1,21,0
82,7.64,34,2.86,11,830.16,1,0,22,0
10,8.97,33,4.16,2,5935.45,1,0,19,1
45,3.06,15,1.64,10,5461.82,0,1,14,0
44,9.38,81,4.35,15,3402.17,2,0,14,1
75,16.3,17,3.63,14,4218.78,1,1,10,1
72,16.65,37,2.33,12,4538.09,0,0,21,1
113,8.53,42,3.06,7,1382.11,0,0,15,1
32,10.62,31,4.86,1,5621.06,0,1,9,0
18,1.16,6,1.87,6,3255.11,2,0,3,0
43,13.65,86,3.0,8,736.22,1,1,9,0
55,8.39,86,3.5,13,2503.08,1,1,17,0
87,9.19,45,1.55,1,3689.55,1,0,16,0
13,17.54,60,1.17,1,2246.37,2,0,15,1
39,9.51,17,1.05,6,4255.39,1,1,19,0
104,0.91,70,2.3,5,5315.89,0,0,6,0
111,4.94,39,1.3,15,4676.97,1,0,23,1
84,9.77,87,4.22,3,3927.42,1,1,18,0
108,8.78,77,4.99,14,3170.51,2,1,18,1
81,17.28,49,1.25,10,1675.89,1,0,4,1
12,11.07,4,2.73,13,2838.69,0,0,9,0
23,13.95,53,1.1,10,1899.13,0,0,22,1
69,9.65,85,1.54,7,5617.34,0,0,3,0
86,9.07,57,2.29,7,5462.4,1,1,6,0
54,9.2,21,2.57,7,1103.79,0,1,17,0
105,8.51,73,4.76,14,4971.2,1,0,10,1
43,11.0,89,2.58,15,4276.91,2,1,0,1
54,5.38,78,2.99,6,5856.23,0,1,21,0
70,17.88,37,1.98,4,2887.18,1,1,3,0
92,7.0,48,1.0,9,4388.61,0,0,15,1
111,3.38,0,4.6,12,3203.73,0,1,22,1
25,2.38,77,1.33,15,602.52,0,1,0,0
75,0.76,35,4.86,9,471.24,1,1,0,1
49,8.75,27,1.52,7,908.25,2,0,20,1
26,4.16,34,3.42,7,1917.91,1,1,16,0
43,0.92,59,5.0,8,1702.86,0,1,1,0
115,10.64,61,1.55,11,4424.29,0,0,2,1
25,13.76,86,2.7,5,4352.35,1,0,16,0
111,2.17,45,4.12,11,5834.09,0,1,23,0
69,9.49,82,1.13,9,2000.27,1,0,1,1
75,15.0,81,3.76,6,5643.02,0,0,1,0
75,19.72,78,1.32,7,3754.53,0,0,7,1
99,13.51,60,1.95,12,3072.79,0,0,6,0
22,5.27,64,1.64,7,4073.48,1,1,18,1
65,14.47,88,4.63,9,4275.98,0,1,20,1
120,12.16,25,1.72,7,1197.19,0,0,18,0
40,4.63,34,1.16,14,4559.95,1,0,10,1
43,17.1,56,3.35,3,4406.0,0,0,10,0
48,8.83,78,2.38,6,5985.69,2,0,20,1
76,19.26,62,2.62,6,5489.3,0,0,18,1
17,14.6,3,1.48,11,4171.03,0,1,10,0
96,13.07,78,3.99,12,4331.71,1,1,12,0
87,14.7,41,3.41,7,5686.72,0,1,2,0
64,9.82,44,2.46,6,5809.63,0,1,0,0
36,10.35,38,1.69,4,4996.4,0,1,4,1
102,17.1,64,3.37,14,4650.88,2,0,2,1
112,13.78,21,4.11,6,845.92,0,1,2,0
62,18.0,10,2.25,3,5015.87,1,1,11,0
48,17.87,36,1.1,1,1668.53,2,0,3,1
74,19.54,89,1.86,15,3469.95,2,1,17,1
26,14.15,50,3.73,1,2551.16,1,0,17,0
114,10.29,90,4.96,5,2204.52,2,1,23,1
39,3.74,57,1.05,11,1999.45,1,0,18,0
62,14.25,76,2.22,13,5161.48,0,0,3,1
22,6.19,6,1.25,14,4660.99,2,0,1,0
30,6.02,7,2.27,8,3236.0,0,1,4,0
28,5.15,50,2.62,3,4053.99,0,1,11,0
62,17.56,22,4.68,13,5910.26,1,0,8,0
28,17.43,89,1.32,2,2505.7,1,1,23,0
66,12.8,90,4.11,8,3396.38,2,0,11,0
34,9.72,8,2.58,9,3294.44,2,0,12,1
95,13.61,45,4.25,9,5628.64,0,0,12,1
40,12.34,37,3.05,2,2239.06,0,0,17,0
90,8.61,12,1.16,12,5920.28,1,0,18,0
64,7.9,6,4.78,8,1967.25,1,1,19,0
32,7.96,10,1.33,2,831.66,0,0,0,1
41,11.99,73,3.39,7,1309.97,0,0,21,0
71,13.13,49,4.51,8,2672.08,0,0,11,0
83,9.31,66,1.32,1,3968.58,1,0,1,1
19,19.39,40,3.22,8,3197.59,0,0,3,0
109,2.13,28,4.3,15,2382.41,0,0,4,0
81,7.27,36,4.95,3,3459.79,1,0,19,1
63,8.67,55,3.9,13,5065.08,0,1,21,0
61,0.83,79,2.11,1,5065.8,0,0,9,0
29,7.62,15,3.8,7,4412.12,2,1,21,1
41,5.84,43,3.82,10,5724.2,1,0,0,1
23,10.37,49,3.8,3,3623.19,0,0,9,0
59,7.06,70,4.42,8,244.41,2,1,14,1
37,14.66,78,1.35,9,1887.39,0,0,7,1
119,10.44,5,1.43,2,2103.69,1,1,20,1
62,3.03,17,3.56,15,3374.49,0,0,16,0
33,15.13,18,4.82,1,5448.36,1,0,11,0
88,2.43,50,2.86,8,5061.07,0,0,4,1
31,16.86,65,4.84,10,1546.6,0,0,5,0
39,18.66,2,4.75,6,3212.46,1,0,15,0
72,6.79,88,4.61,10,4023.06,1,1,6,1
13,18.56,53,4.64,1,5927.57,1,0,18,0
86,15.96,48,4.59,3,381.56,1,0,8,1
68,18.49,27,4.28,9,2890.49,0,1,18,0
96,13.49,37,3.78,9,5931.03,1,0,16,1
17,5.1,27,1.1,6,5867.79,1,0,18,0
91,17.94,31,1.53,3,2118.21,0,1,22,0
21,4.09,40,1.54,8,200.1,2,1,9,1
40,4.65,35,1.09,6,3603.06,2,1,16,0
87,5.79,35,1.47,1,5228.25,2,0,13,1
43,6.43,86,4.68,6,2080.92,1,0,13,0
91,10.53,65,3.66,13,5618.77,1,0,19,1
107,14.41,9,2.25,5,2129.67,2,1,22,1
84,18.56,69,4.17,8,3739.17,0,1,14,1
114,2.22,71,2.95,13,4387.87,2,0,18,1
85,19.11,78,1.57,2,2203.41,0,0,6,0
58,18.47,62,4.54,12,2242.8,0,0,15,0
88,1.55,21,2.35,7,2925.97,0,0,19,0
66,7.53,19,3.8,6,5044.3,1,0,22,0
104,16.36,32,2.16,1,784.93,0,0,8,0
102,12.43,14,3.0,12,3862.58,0,0,20,1
35,15.69,6,4.27,8,4128.62,1,1,18,0
27,14.52,87,1.63,6,3435.66,0,0,16,0
105,10.19,89,4.91,13,5627.86,2,0,18,1
95,1.3,49,1.28,15,3691.55,0,0,19,0
47,11.89,9,3.14,3,3880.55,0,0,11,0
90,1.45,78,4.66,5,3678.61,0,0,1,0
96,12.27,36,4.78,7,4387.71,1,1,3,1
97,16.11,58,1.93,9,985.37,0,1,20,0
59,11.91,87,1.58,4,5386.8,0,0,7,0
17,19.94,74,3.9,12,446.46,0,1,10,0
50,9.39,62,1.17,14,3916.31,2,0,10,0
15,15.1,20,2.94,2,3769.79,0,1,11,0
78,13.51,78,4.19,3,1407.1,1,0,4,1
53,19.83,78,3.24,7,436.12,0,0,17,0
73,14.41,36,1.75,8,1005.25,0,0,14,0
38,3.7,44,2.95,5,1775.7,0,1,16,0
37,19.13,13,4.69,15,5316.21,0,0,8,0
20,13.52,42,3.47,15,5163.26,0,0,3,1
74,1.66,84,3.89,3,570.36,2,1,13,0
116,13.32,83,2.35,1,1877.75,2,0,8,1
28,17.72,32,1.75,10,5358.03,1,1,8,0
18,11.75,2,2.02,13,1572.62,0,0,16,0
36,7.4,86,3.13,1,5976.6,2,1,11,0
43,16.51,43,2.12,11,1689.67,1,0,6,0
53,15.76,86,3.17,2,4486.86,1,1,11,0
77,11.11,90,3.83,5,2618.94,0,0,11,0
109,3.51,34,3.94,3,990.22,1,1,5,1
91,5.39,24,1.66,13,1679.9,2,0,15,1
24,14.9,85,4.0,7,4115.68,1,0,1,0
60,16.22,7,3.69,2,2154.93,1,0,9,1
22,5.95,61,1.05,2,3703.94,1,0,3,1
92,7.68,17,1.24,3,1392.08,1,0,4,1
58,2.01,27,3.58,13,2801.77,2,1,4,0
79,14.41,74,2.53,12,3171.03,1,1,6,0
65,0.57,11,1.58,1,2594.15,2,0,1,1
85,1.41,63,1.18,2,1347.92,2,0,18,1
60,0.58,1,1.64,5,2877.01,1,1,17,0
46,13.08,58,4.83,3,4218.82,0,1,6,1
26,8.64,36,3.91,15,5796.45,0,0,13,0
67,6.3,3,3.11,11,4779.23,2,0,14,1
96,18.3,40,4.77,10,1136.53,0,0,22,0
99,4.26,44,3.48,6,1781.67,0,1,19,0
38,8.09,33,3.9,2,657.18,0,0,14,0
42,18.84,86,2.13,15,986.77,0,1,19,0
69,8.83,12,3.36,14,1653.96,1,0,21,0
100,11.32,6,1.57,8,1357.26,1,0,13,0
98,2.07,31,2.62,4,1439.17,0,1,2,0
64,15.91,22,1.13,3,1538.47,1,0,2,0
19,8.74,48,1.87,5,1943.94,1,0,22,0
56,16.11,71,1.3,14,928.4,1,0,11,0
32,5.45,46,2.55,8,1811.44,0,0,1,0
94,8.74,36,4.37,9,4192.79,2,1,3,1
30,15.84,47,2.51,1,1571.13,0,0,7,1
116,19.49,28,4.33,4,1196.66,0,0,8,0
22,1.66,36,3.63,6,592.63,1,0,2,0
110,16.34,22,3.04,6,3099.83,2,0,23,0
42,6.36,37,1.95,13,5083.5,1,0,23,0
33,11.24,43,4.69,9,542.3,1,0,2,1
117,6.16,4,1.22,1,3345.49,0,0,10,1
20,12.46,51,3.76,15,3973.59,0,0,23,0
26,7.4,39,3.48,13,3636.28,0,0,5,0
77,7.01,10,2.76,15,5290.21,0,0,0,0
56,1.24,77,1.96,14,5225.09,0,0,8,0
34,3.37,1,2.72,5,532.38,1,1,23,0
103,18.38,34,4.49,10,2293.48,0,1,11,1
82,19.97,44,4.35,1,4090.81,2,1,12,1
30,15.72,48,4.77,6,5724.18,2,0,13,1
93,6.09,34,2.23,9,4867.17,0,1,7,0
92,8.35,71,2.55,15,1224.22,0,0,23,0
92,14.92,31,1.07,4,1819.41,0,0,14,0
21,19.39,67,4.77,10,4628.84,1,0,9,0
46,9.38,70,2.32,10,2934.55,1,0,22,0
51,16.68,38,2.62,9,3374.35,0,0,18,0
26,19.51,47,4.63,3,3732.08,0,0,5,0
110,17.53,90,3.11,11,799.09,1,1,15,0
57,4.93,36,3.26,7,5164.58,1,0,9,1
112,0.66,59,1.7,5,5206.18,1,0,23,0
37,10.1,80,2.99,10,2915.79,2,0,12,1
50,10.86,73,4.67,1,3835.7,1,0,7,1
108,4.42,3,3.23,7,4027.44,0,0,3,1
56,6.05,22,2.02,8,1300.39,1,0,7,0
27,15.42,13,1.12,15,852.99,0,0,7,0
87,9.67,4,2.35,6,319.9,1,1,10,1
108,6.69,65,3.29,1,5494.71,2,0,0,1
117,12.64,23,1.17,9,2205.14,0,0,10,0
114,13.23,17,3.44,7,697.82,0,1,4,1
80,15.5,26,3.09,14,2901.64,0,0,22,0
114,3.56,23,4.13,6,638.63,0,0,14,0
22,14.96,28,1.12,4,694.45,1,0,23,1
91,12.19,10,4.12,3,3035.54,1,0,8,1
110,1.62,17,3.08,4,3151.25,0,0,10,1
22,15.66,3,2.48,1,3564.83,0,1,10,1
109,7.97,32,4.86,9,4006.61,1,0,14,1
40,6.94,77,1.64,2,4075.95,0,0,11,0
11,9.24,41,3.17,2,2711.38,1,1,13,0
25,7.25,31,2.28,3,3932.49,1,1,5,0
18,7.1,50,3.11,14,1967.49,1,0,15,0
82,16.26,3,3.21,13,2759.59,1,0,12,1
47,2.93,19,1.36,1,2481.3,1,1,4,0
84,19.43,84,3.64,10,2108.84,0,1,23,1
63,11.32,66,3.54,3,1583.71,1,0,21,0
65,4.07,88,4.08,4,655.06,1,0,17,1
95,3.06,67,1.36,9,3134.28,1,0,8,1
106,12.03,61,2.19,5,3316.27,0,0,11,1
109,12.84,57,3.6,11,2149.7,0,1,8,1
118,1.53,46,1.55,6,5859.89,2,0,16,1
96,5.24,74,3.71,13,3430.38,0,0,20,0
54,16.01,79,1.24,1,5356.26,1,0,13,0
118,1.47,58,2.34,3,3506.49,1,0,12,0
43,17.17,5,4.39,14,1301.51,1,0,4,0
18,13.33,39,4.1,7,5852.81,0,0,9,0
97,8.97,76,3.58,7,5334.94,0,1,21,1
17,7.26,22,4.48,10,2933.39,0,1,8,0
16,0.88,51,3.84,13,1609.74,0,0,12,0
45,16.59,3,3.08,12,1491.48,2,1,6,1
27,3.28,36,4.92,12,4874.92,0,0,13,0
12,6.54,41,3.78,15,600.89,1,0,3,1
37,11.6,43,3.41,13,3900.75,0,1,21,0
79,5.3,41,2.64,1,3912.78,2,0,7,1
117,10.19,28,4.61,9,1258.24,0,0,4,0
53,16.28,18,2.18,1,4288.49,0,0,12,0
30,9.68,83,1.04,7,4291.36,1,1,19,0
37,19.01,31,1.79,12,2230.18,1,0,22,1
113,17.03,43,1.44,12,3003.58,0,0,18,0
63,6.99,54,2.28,2,5030.03,0,0,19,0
63,8.3,79,4.3,9,3234.29,0,0,14,1
74,8.75,4,3.61,12,3785.31,1,0,6,1
109,12.71,45,1.68,12,2594.06,2,0,20,0
30,6.09,75,4.16,9,1067.67,0,0,16,1
116,19.4,44,3.02,9,5988.79,1,0,5,0
108,12.37,20,3.05,4,3282.91,0,1,13,1
22,8.29,77,2.45,6,2151.39,0,0,13,0
66,13.08,21,4.46,13,4339.97,0,0,9,0
58,8.21,29,2.27,12,3800.77,1,0,13,1
63,16.45,22,1.38,2,1550.87,0,0,18,0
19,11.57,4,2.21,3,5286.17,1,0,19,1
62,1.32,62,3.86,6,611.24,0,1,10,1
53,3.95,58,3.63,1,3713.05,1,1,9,0
56,17.37,81,1.75,7,2971.75,1,0,14,1
62,11.48,51,1.45,2,2045.55,0,1,1,0
83,19.03,64,3.64,8,4993.0,1,1,18,1
55,1.91,38,3.71,5,4006.41,0,1,11,0
22,6.26,80,2.46,7,4605.1,0,1,20,1
46,4.27,2,4.37,8,2605.02,0,0,21,0
111,11.3,41,4.91,3,5665.91,0,0,17,0
33,7.96,70,1.82,6,2199.4,0,1,13,1
11,3.57,26,3.31,12,3280.06,0,0,1,0
95,13.03,27,1.02,9,5615.17,0,0,11,0
90,10.96,53,3.85,4,682.5,0,0,21,0
109,5.86,14,2.66,10,831.1,2,1,0,0
23,9.86,52,1.77,7,5966.29,1,0,17,0
19,15.04,71,4.01,15,5834.07,0,0,11,1
44,4.5,69,4.24,1,4675.87,1,0,11,1
34,6.21,3,1.44,12,3008.29,1,0,3,1
12,7.25,16,1.16,7,3135.15,0,0,16,0
120,15.06,33,2.34,9,1691.83,0,1,20,0
111,17.01,5,3.5,10,2709.84,2,1,15,1
26,7.84,35,4.17,8,2701.83,1,1,18,0
21,6.28,38,3.18,4,409.32,1,0,0,0
63,17.84,79,3.32,3,2828.32,1,0,19,1
33,19.99,65,4.2,7,2982.81,1,1,16,1
38,13.57,7,3.12,13,4061.54,1,1,1,0
52,19.8,14,3.44,12,3195.43,1,1,10,0
34,13.37,62,3.06,1,5197.76,1,0,6,0
109,14.8,90,4.52,8,2331.86,0,0,0,0
69,8.08,79,1.94,14,2576.36,1,1,5,1
99,8.94,64,2.06,12,3514.6,1,0,19,1
111,3.31,58,1.51,1,1375.79,0,0,5,0
74,16.54,9,4.28,7,2482.29,0,1,4,0
93,18.66,6,2.65,6,4179.77,2,1,10,1
37,12.66,73,2.39,10,2588.49,2,0,21,1
25,7.2,75,4.93,8,5458.38,1,0,4,1
56,3.5,80,4.71,6,3768.74,0,1,1,0
90,5.67,11,4.89,5,1091.85,0,0,9,1
113,5.48,78,1.57,9,3027.18,0,1,13,1
101,12.46,45,4.57,4,4635.72,1,1,19,1
67,18.93,31,2.31,7,3931.4,1,1,22,1
85,1.44,31,1.05,6,5334.53,2,0,19,1
36,0.52,89,2.57,10,4549.9,2,0,20,0
62,12.2,77,3.04,6,557.36,0,0,17,0
51,6.04,89,1.43,11,852.57,0,0,12,0
68,17.67,60,3.15,12,3968.54,2,0,2,0
56,6.88,68,4.28,5,1582.77,2,0,20,1
103,6.15,60,2.51,2,3609.44,0,0,3,0
114,5.76,45,2.41,4,4794.86,0,0,18,0
43,3.32,67,2.36,1,3546.2,1,0,17,1
46,11.84,54,4.69,9,2609.83,1,0,11,1
15,3.78,0,1.2,9,3948.37,0,0,17,0
16,8.78,76,2.78,8,1032.99,0,1,13,0
105,9.49,66,2.06,4,4394.61,1,0,3,0
105,0.9,48,4.58,5,4242.75,0,0,9,1
34,0.83,24,1.38,1,3183.54,2,0,8,0
42,10.64,15,2.65,4,1817.12,0,0,20,1
64,14.07,84,2.63,4,4825.87,1,0,22,0
67,18.87,12,4.55,15,3161.19,1,0,19,1
16,3.99,51,1.86,5,543.23,0,1,15,0
66,2.51,35,3.58,2,5527.95,0,0,10,1
21,1.52,71,1.54,2,4652.76,1,1,19,0
25,9.0,43,4.82,12,3591.87,0,1,0,0
89,12.65,82,3.37,2,2733.59,0,0,9,1
52,16.89,46,3.51,11,5767.42,0,0,9,0
109,13.81,79,2.74,8,4695.12,0,0,23,0
86,4.56,75,2.37,13,3302.96,2,1,8,1
16,9.5,19,1.85,12,3988.29,1,0,0,0
109,18.25,17,3.42,2,1828.35,0,0,1,0
120,6.87,53,4.82,6,1335.15,2,1,14,1
60,10.23,11,2.44,2,1785.25,0,0,7,1
82,19.19,24,4.53,13,1900.19,0,0,23,0
41,14.83,59,1.6,8,4490.48,0,0,14,0
84,15.08,74,4.74,14,1012.35,1,0,16,1
17,5.42,85,2.4,1,4710.01,1,0,9,0
106,8.59,33,2.52,2,3235.69,0,0,4,1
96,2.11,12,2.85,14,2430.52,0,0,21,1
98,12.33,37,3.87,5,1942.3,1,0,4,1
81,2.52,11,3.88,6,3176.56,1,1,21,1
54,16.8,35,2.92,15,2041.61,2,0,22,0
95,16.38,27,3.09,9,2690.82,0,0,10,1
68,10.91,90,1.12,6,4486.29,1,0,9,0
13,3.25,38,2.22,8,3830.79,1,1,21,0
113,1.0,76,2.38,15,4538.3,1,0,2,1
76,16.04,42,3.23,12,4335.25,0,0,21,0
38,12.2,90,3.23,7,4927.42,0,1,8,0
114,14.36,30,3.84,1,1369.8,1,1,21,1
38,6.42,1,3.87,2,5971.71,1,0,21,1
107,10.43,81,1.94,4,2959.47,0,0,4,0
107,15.07,89,4.08,12,4365.75,0,1,0,1
37,9.52,41,1.08,1,4130.95,0,0,4,0
86,12.23,30,3.86,8,3483.67,0,0,10,1
88,15.9,60,1.41,4,5975.73,0,1,0,0
96,4.7,55,3.92,7,1460.43,0,0,15,1
53,1.79,85,3.11,7,2646.03,0,0,7,1
99,10.87,82,2.75,8,940.84,0,0,15,0
13,1.71,13,3.76,9,1254.65,1,1,0,1
99,15.45,13,1.15,9,4335.19,0,0,7,0
113,14.52,28,1.89,14,228.09,1,1,3,1
18,17.69,80,3.47,7,5360.96,0,0,18,0
14,12.97,49,4.39,9,3872.47,0,0,3,0
65,1.81,49,2.52,15,2757.25,1,0,17,1
105,5.44,62,2.04,5,2121.89,1,0,18,1
93,16.25,72,3.07,10,932.39,1,0,3,0
59,3.76,64,3.49,4,5545.06,0,0,8,0
84,14.12,67,2.68,3,4331.47,1,0,1,0
24,15.72,70,4.51,6,2151.08,0,0,2,1
41,6.94,10,3.09,10,611.43,1,0,12,0
37,6.78,13,1.14,11,2088.96,0,0,19,0
31,11.38,82,1.89,9,1270.88,1,0,18,0
114,17.3,2,2.8,4,4760.39,1,0,18,1
26,4.87,7,3.79,14,4373.67,1,0,8,1
68,18.85,42,1.88,2,3089.33,2,0,4,1
99,12.18,8,4.91,11,5337.88,2,0,14,1
117,19.85,18,2.27,3,1247.95,1,0,8,1
80,2.25,11,3.13,3,2821.4,2,0,5,0
115,2.97,26,1.08,2,4321.6,0,0,9,1
66,16.62,57,4.54,13,593.25,0,1,23,0
35,17.36,24,4.16,9,2361.53,1,1,0,0
34,9.19,44,1.78,4,3515.66,2,0,12,1
19,14.42,47,4.73,3,2327.46,1,0,23,0
54,17.42,49,2.26,14,2985.15,0,1,16,0
92,1.34,80,3.77,10,3727.09,1,1,13,0
20,11.69,43,4.28,6,2336.67,0,0,2,0
86,17.14,58,3.96,8,814.88,0,1,12,1
62,8.26,32,4.67,11,1008.78,0,0,7,0
81,6.4,77,4.46,8,3256.62,0,0,22,1
113,16.02,27,4.98,10,1213.49,0,0,0,0
77,7.05,17,1.73,6,5361.04,1,0,22,1
120,0.56,54,2.22,5,5038.28,1,0,1,1
104,19.21,32,3.54,11,2224.39,0,0,1,0
37,12.05,14,3.93,7,5019.73,0,1,8,1
84,16.48,60,3.14,3,3292.49,1,1,0,1
116,16.59,10,1.3,12,1122.5,2,0,10,1
74,1.8,35,4.37,10,3762.43,2,0,6,0
58,3.83,14,4.84,2,4140.82,0,0,20,0
56,6.57,52,2.62,13,686.57,0,0,5,0
61,6.75,61,1.9,8,2023.83,0,1,16,1
111,13.35,47,1.08,11,231.23,0,0,5,1
97,12.65,14,1.95,12,2035.29,1,0,15,1
63,10.14,62,3.8,14,2145.58,0,1,0,1
69,4.62,86,4.65,9,3855.21,2,1,3,1
66,7.95,42,1.37,12,1354.45,1,0,17,0
56,11.1,49,3.21,6,374.53,0,1,1,1
40,9.63,59,3.78,4,2030.68,1,1,0,0
114,2.98,58,2.11,6,4988.59,1,0,6,0
55,13.17,14,3.28,12,2515.04,1,0,15,0
35,1.92,28,3.86,7,2607.54,2,0,12,0
14,7.87,74,4.35,12,2920.36,0,1,17,0
93,14.35,81,2.81,8,4560.38,1,0,6,1
61,0.89,39,3.99,3,2984.14,0,0,17,1
114,11.61,30,2.21,12,729.44,0,0,6,1
84,7.02,72,1.85,6,1397.12,1,0,3,0
63,0.67,85,1.75,14,1289.8,0,1,16,0
42,4.21,10,2.44,10,3145.61,0,0,18,0
59,18.85,80,1.14,6,373.59,0,1,4,0
47,10.66,61,2.13,10,1844.98,0,0,6,1
36,19.95,74,3.61,7,3721.73,1,1,22,1
107,10.73,7,3.59,15,2256.97,2,0,5,0
24,11.11,50,1.29,14,4304.73,0,0,4,0
105,8.14,56,2.15,4,2469.08,0,1,12,1
70,6.55,3,3.28,6,5879.69,0,0,11,0
30,5.41,35,2.27,15,5799.07,0,0,4,0
55,7.2,18,2.67,2,4839.08,0,1,3,0
78,9.47,23,3.85,15,5735.47,1,0,7,0
15,4.24,40,1.04,8,1387.71,2,1,14,0
47,4.89,48,2.11,3,4555.35,2,0,22,0
71,5.8,81,1.57,15,2065.62,0,1,10,0
95,9.26,45,1.51,15,4406.71,0,0,4,0
71,13.23,35,4.84,9,2368.58,0,1,10,0
91,17.19,9,2.51,8,1878.64,0,0,9,1
87,6.1,77,3.11,12,5761.01,1,0,1,1
83,4.08,6,3.94,6,1417.34,0,1,19,1
55,7.89,11,1.19,10,4599.7,0,0,21,1
22,17.94,85,1.96,2,4113.1,0,0,7,0
104,0.69,90,4.33,15,1960.17,2,0,20,1
103,13.72,47,4.45,8,2858.39,1,1,19,1
12,9.8,36,2.49,11,1029.07,1,0,21,0
103,3.64,74,2.5,15,5543.01,0,0,3,1
15,6.76,35,4.03,6,5815.09,1,1,21,1
102,4.89,59,2.18,11,4448.29,0,0,15,1
17,17.62,76,1.47,1,5126.64,1,1,13,1
53,9.9,7,2.03,6,679.18,1,0,2,0
118,11.48,6,2.55,13,2427.02,0,0,7,0
116,12.08,42,1.21,5,2118.7,0,0,3,0
117,12.97,57,2.91,6,3476.72,0,0,6,0
42,10.16,80,3.96,13,1263.46,1,1,23,0
90,0.85,85,3.05,1,3467.61,1,0,8,0
84,7.03,45,1.29,4,3995.32,1,0,1,0
86,4.09,33,2.76,7,967.65,1,0,2,1
59,13.76,83,3.84,13,963.98,1,0,8,1
20,1.61,71,1.23,15,405.46,1,0,22,0
104,11.49,21,1.24,5,4613.18,0,0,6,1
37,4.61,90,2.48,6,2119.85,0,1,19,1
117,19.0,20,1.78,2,1507.44,0,0,14,0
79,7.04,14,4.74,8,4712.95,1,1,16,0
50,6.84,4,3.33,10,1030.88,2,1,11,0
25,18.51,16,2.15,4,2677.66,1,0,23,0
77,8.64,71,3.82,6,4519.76,0,0,3,0
108,19.28,18,2.5,3,3528.23,0,0,16,0
57,0.97,4,1.53,9,3413.2,0,1,8,0
65,6.47,22,1.95,13,1113.29,0,1,20,0
73,13.49,82,3.57,8,1249.41,1,1,5,1
68,17.87,13,1.21,14,3578.84,0,1,17,0
99,5.5,9,2.09,15,336.69,0,0,20,0
71,18.64,30,1.83,15,5240.88,1,0,16,0
85,12.09,12,1.8,6,2232.73,0,1,2,0
20,16.12,21,3.73,9,2616.37,1,0,16,0
110,8.25,36,4.3,10,1698.91,1,0,16,0
98,4.64,38,3.86,9,5284.69,1,0,21,1
27,18.27,9,3.58,2,3926.52,0,0,12,0
28,18.7,30,4.67,9,2809.47,0,0,23,0
96,10.2,42,1.23,8,3594.79,1,0,14,1
64,0.63,76,1.67,15,2406.14,0,0,20,1
111,2.64,35,2.66,2,2900.38,2,0,11,1
91,11.67,34,2.49,9,2274.27,0,0,13,1
35,0.96,67,2.67,5,2581.91,1,1,14,0
15,8.24,54,1.83,13,2026.86,0,1,13,0
13,6.42,67,1.6,12,650.32,0,0,3,1
117,14.43,46,3.04,9,416.61,2,0,15,1
38,1.58,5,4.71,3,1209.82,1,0,7,0
68,10.03,27,2.57,4,1659.5,1,1,21,0
107,11.79,29,1.17,1,5364.74,0,0,10,0
26,12.54,26,3.82,11,3745.24,2,0,20,0
116,8.4,68,2.16,5,5758.12,1,0,4,1
52,6.44,38,1.98,15,2169.95,0,0,2,0
89,13.81,34,2.3,7,2530.08,0,1,19,0
75,17.03,43,3.9,13,4374.57,0,0,9,1
43,14.03,14,4.28,7,3551.83,0,0,4,1
17,18.68,82,3.35,6,3261.7,2,0,8,1
22,14.49,31,2.29,13,3538.27,0,0,2,0
115,15.41,28,2.24,6,3587.98,0,0,4,0
17,3.77,62,1.5,15,4641.29,0,0,15,1
103,8.68,5,4.73,8,4074.88,0,0,12,1
105,9.96,89,3.55,11,5752.42,0,0,10,1
109,5.5,26,1.11,10,5698.19,0,1,16,0
120,10.81,27,3.65,9,2647.15,0,0,20,1
103,6.17,4,2.79,4,407.19,1,0,3,0
74,13.91,40,4.89,14,264.23,0,1,16,1
52,9.67,55,4.28,4,914.52,2,0,0,0
48,9.45,53,1.69,8,634.4,0,0,22,0
90,19.68,79,3.88,15,2365.52,1,1,5,0
68,8.15,17,2.94,5,506.67,2,0,0,0
93,7.56,76,1.75,10,3824.5,1,1,19,0
97,6.71,42,3.79,14,1303.01,1,1,6,1
95,17.95,88,3.19,9,3181.0,0,0,10,0
102,10.19,73,1.12,6,797.86,1,0,21,1
95,12.2,28,3.59,9,5000.83,0,0,9,0
53,4.03,9,3.54,12,4723.76,1,0,17,0
18,11.05,5,1.58,12,2441.63,0,0,9,0
46,5.86,79,2.4,4,5481.44,1,0,18,1
83,14.75,88,3.34,1,1277.06,2,0,1,0
45,16.73,3,1.56,14,4920.83,0,1,0,0
110,14.44,33,4.41,4,3365.96,0,0,13,0
101,14.74,82,1.11,9,2111.56,1,0,11,1
37,10.49,32,1.41,13,689.29,2,0,14,1
51,14.39,3,1.46,7,1193.6,1,1,18,1
52,8.74,43,3.11,15,5204.6,0,0,21,1
94,13.2,75,3.48,15,3719.94,2,0,16,1
97,5.55,30,2.61,6,1575.15,0,0,17,0
51,1.86,79,2.15,14,3075.95,2,0,8,0
113,8.56,65,4.24,14,825.45,0,0,0,0
75,9.5,57,1.27,2,773.29,2,0,0,1
64,5.5,59,2.12,4,5465.03,0,0,8,1
81,14.69,1,1.16,1,2855.57,1,0,18,1
57,1.93,35,1.06,13,2297.09,1,1,5,0
100,4.84,69,2.41,3,5704.62,1,0,18,1
31,15.1,59,1.78,13,2514.2,1,1,17,1
110,9.02,22,2.07,2,2150.2,0,0,2,0
36,14.25,46,4.28,13,1783.32,0,1,3,0
102,11.57,45,1.65,4,3477.36,0,0,10,0
76,19.04,79,4.12,4,3438.78,1,0,16,0
117,12.16,43,3.7,11,293.93,1,0,2,1
22,0.79,18,2.31,14,3993.56,0,1,22,0
54,7.38,48,3.19,9,4772.18,0,0,1,0
19,3.29,87,2.78,7,3772.59,0,1,22,0
109,18.53,57,1.51,13,5245.35,1,1,3,1
18,2.53,90,4.63,3,1803.21,2,1,22,0
63,8.06,6,3.28,7,1313.48,0,1,10,0
36,4.91,40,4.52,8,4244.21,2,0,2,0
43,17.01,77,4.3,12,1293.64,2,1,22,0
10,6.52,14,1.32,7,728.41,0,1,6,0
41,19.84,75,1.83,8,760.37,1,0,18,0
98,1.25,52,1.58,14,4656.68,1,1,5,0
102,3.0,22,4.32,9,366.68,1,1,15,0
80,4.88,76,4.45,1,1878.85,1,1,22,1
76,16.32,72,3.11,10,949.28,1,0,20,0
93,17.63,87,1.42,6,4578.48,0,0,10,1
29,1.89,64,1.54,4,3120.26,0,1,0,0
103,1.13,59,4.25,1,1391.86,0,1,7,1
44,15.02,9,4.72,2,4552.38,1,0,3,0
108,3.1,57,1.8,10,4552.13,0,0,17,1
112,3.09,46,1.04,4,3233.53,2,1,2,1
100,0.94,14,2.32,1,1799.93,0,0,12,1
99,1.47,8,1.12,15,3600.41,0,1,5,1
87,5.64,12,4.31,6,5614.47,2,0,2,0
26,1.77,22,2.97,1,499.49,0,0,13,0
27,7.69,32,3.57,13,1748.31,0,0,6,0
54,16.74,8,2.65,9,1852.82,2,1,17,1
102,6.86,2,2.38,10,3864.51,1,1,3,1
93,14.69,72,1.89,3,3976.75,0,0,12,0
62,2.33,24,4.08,12,1396.63,0,1,10,1
100,13.36,87,3.78,11,1453.38,2,0,9,0
91,6.68,70,2.44,1,5583.63,1,0,15,1
77,15.12,35,2.28,6,4586.53,0,1,10,0
74,3.16,88,1.0,6,5618.76,2,0,23,0
10,18.01,19,1.25,7,5012.05,0,1,13,0
67,5.23,80,3.49,7,2532.28,2,0,7,1
35,7.39,53,3.06,10,907.06,0,1,7,0
118,19.03,89,2.74,11,3851.39,1,0,22,1
29,11.78,18,4.31,4,2241.55,0,0,5,0
96,7.63,59,3.02,5,2667.39,0,0,23,0
19,19.02,36,2.54,3,2670.1,0,0,22,0
68,6.92,2,1.65,6,5631.81,0,0,0,0
84,2.35,85,4.28,13,599.4,0,0,5,0
50,19.94,18,3.3,14,1320.0,0,0,23,0
114,5.72,52,1.37,15,3726.07,2,0,13,1
14,17.1,45,3.6,7,5325.8,0,1,20,0
74,3.73,79,2.7,9,5524.07,0,1,5,0
26,14.76,55,4.25,9,3440.42,1,0,14,0
31,10.73,69,4.68,12,400.46,1,0,17,0
107,19.63,30,3.4,13,2304.71,1,1,14,0
118,11.28,52,3.93,5,5529.23,1,1,11,1
50,0.99,33,1.23,4,3099.68,2,0,10,1
102,12.28,30,3.24,7,4414.36,1,0,1,1
77,3.33,59,4.02,14,1761.32,2,1,1,1
78,16.07,10,2.99,3,345.04,1,1,11,1
20,17.2,5,3.37,4,3554.49,1,0,21,0
65,9.9,26,4.6,15,5042.89,0,0,20,0
60,15.77,6,1.79,9,5943.56,0,0,5,0
30,3.33,48,1.39,5,5110.44,0,1,5,0
108,10.1,71,3.76,10,3413.17,0,0,11,0
85,8.18,59,4.29,14,3730.62,0,0,3,0
35,12.42,32,4.4,7,4980.15,1,0,6,0
28,1.37,46,3.57,2,314.9,0,1,11,0
118,15.17,43,4.33,9,5719.54,1,0,8,0
69,2.04,78,3.8,5,3281.08,2,0,6,1
80,13.3,26,1.35,5,5721.9,0,0,15,1
56,0.86,21,4.05,4,4634.21,0,1,14,0
80,16.72,46,1.72,8,1083.44,0,1,21,0
35,3.91,47,1.95,11,1158.51,2,1,2,1
49,10.55,29,2.58,4,2251.15,2,0,5,0
14,5.6,1,2.26,2,1731.13,2,0,23,0
30,14.59,14,2.29,5,2747.93,0,0,13,0
87,6.77,46,1.68,3,3702.64,0,0,7,1
13,14.63,26,2.18,4,2732.16,2,0,3,1
32,6.05,70,1.08,3,527.24,0,1,12,0
115,15.17,26,2.89,7,5858.66,0,0,4,1
93,1.1,84,4.07,14,2665.71,0,0,19,0
24,6.02,12,4.45,6,5136.24,2,0,17,0
118,10.22,54,4.28,2,628.93,0,0,10,0
102,1.38,16,2.67,11,4898.38,2,0,4,1
17,4.13,74,3.92,15,1205.75,0,0,16,0
50,18.72,58,2.15,14,4140.55,1,0,1,1
28,19.55,9,1.22,8,4038.48,0,0,22,0
112,14.93,32,3.7,5,5476.88,0,0,4,0
55,5.42,77,3.6,6,2059.92,1,1,7,1
37,5.58,36,4.21,8,831.97,0,1,5,0
119,13.09,7,3.46,11,5214.48,1,1,7,0
100,2.79,32,1.63,11,2123.15,2,1,1,1
77,18.99,6,4.41,12,1548.7,0,0,7,0
24,4.88,33,3.51,7,3020.01,0,0,23,0
108,19.99,70,4.23,15,1047.59,1,0,6,1
46,10.17,6,4.1,11,1922.39,2,1,7,1
10,15.54,40,2.19,3,2434.63,1,0,17,0
76,0.54,54,1.3,2,1808.08,0,1,21,1
120,17.83,6,1.71,3,2811.51,1,0,6,0
33,5.77,83,1.37,15,2430.97,0,0,14,0
36,13.52,17,1.97,8,4692.63,0,1,8,0
49,16.22,42,2.84,4,5526.77,1,0,13,0
72,3.7,77,4.63,8,785.35,2,0,12,1
70,9.13,39,4.49,15,4975.15,0,1,2,0
45,10.13,52,3.87,4,5604.27,1,0,5,0
107,6.59,13,1.1,15,4182.36,0,0,23,0
102,9.89,20,2.37,7,5979.23,1,0,3,0
33,6.69,56,3.73,13,2143.25,2,0,20,0
33,7.53,90,1.52,6,5015.8,0,0,17,0
115,13.55,45,4.2,10,4107.47,0,1,10,0
13,12.84,25,4.66,1,2075.89,1,0,6,1
76,5.03,90,2.42,13,4287.12,1,0,14,0
43,18.0,23,3.82,11,3155.81,1,0,23,1
66,17.32,4,1.59,8,1296.05,2,0,21,1
58,10.43,41,3.76,6,1208.5,0,0,10,0
96,8.95,42,1.09,2,4337.71,1,0,18,1
62,7.85,31,1.6,5,4329.2,1,0,8,1
32,14.29,87,3.84,12,3278.49,0,1,5,0
118,13.6,5,3.85,2,3108.21,2,0,6,0
78,4.33,73,3.56,10,1244.22,1,0,7,1
104,13.59,66,2.91,7,2689.86,1,1,23,1
62,5.42,6,3.7,15,5254.11,2,1,11,1
71,0.86,28,4.1,11,5157.42,0,0,23,1
50,14.13,33,4.87,10,4033.33,1,0,18,0
66,13.07,6,4.55,6,5984.67,1,0,21,1
69,8.51,80,4.18,7,5380.43,2,0,13,0
63,10.75,76,3.78,15,1042.34,0,0,22,0
79,18.97,57,3.3,6,2514.99,1,0,19,1
110,12.11,84,1.48,10,965.24,0,1,19,1
66,13.33,30,1.66,1,2903.32,2,1,6,0
19,1.75,72,4.28,15,4703.02,1,0,1,1
49,3.74,44,4.21,3,1103.57,1,0,10,0
16,6.37,46,3.46,15,5306.45,0,0,10,0
112,11.02,76,2.76,10,3500.53,1,0,7,0
47,15.64,80,1.1,2,4543.88,0,0,5,0
94,6.76,71,2.31,1,461.9,2,0,10,1
70,7.45,72,2.68,1,744.26,2,1,10,1
93,5.49,72,2.94,4,3800.99,0,1,4,0
12,5.46,39,4.72,11,5061.51,1,0,9,0
60,19.0,29,1.43,1,5268.42,1,0,0,1
95,12.89,61,3.08,2,4192.54,2,0,6,1
56,3.54,70,2.47,1,1365.44,1,0,3,0
77,14.58,16,4.96,13,1331.13,2,1,12,0
101,14.58,4,4.45,12,5311.9,0,0,19,1
85,13.5,80,2.76,12,856.77,0,0,14,0
47,3.13,0,5.0,6,4179.21,1,0,15,0
45,8.46,79,3.06,11,3294.34,1,0,2,0
120,2.58,80,1.67,4,2644.24,0,0,20,1
50,16.42,30,3.22,8,2753.94,0,1,21,0
78,13.28,34,1.9,11,5682.2,2,0,2,1
22,10.39,71,3.55,5,5196.37,1,1,7,0
96,7.19,29,4.75,14,5216.91,0,0,15,1
67,4.09,84,4.14,10,2558.39,2,0,1,1
59,2.58,14,2.09,5,820.49,0,0,6,0
39,19.4,55,2.19,11,5987.47,0,0,0,0
71,4.39,59,1.28,11,1042.99,0,0,8,0
110,1.67,26,2.14,8,3190.38,2,0,8,1
34,19.25,1,1.37,11,1734.79,1,0,20,0
36,11.2,73,3.0,10,3162.31,0,0,17,0
60,16.03,63,3.83,6,1968.61,0,1,21,1
87,1.35,4,4.0,6,5401.94,1,0,11,0
66,11.56,90,1.24,3,5816.38,1,1,11,0
56,8.27,67,2.36,13,2578.37,2,1,4,0
109,15.55,12,2.15,6,607.1,1,0,10,0
48,1.25,80,1.42,10,4047.35,0,0,3,1
25,8.33,84,2.45,13,2384.43,1,1,15,1
31,16.08,22,2.2,7,5918.62,0,0,11,1
94,10.69,49,3.54,2,718.37,2,1,1,1
63,11.23,78,4.53,3,890.93,0,0,4,0
30,2.39,77,2.82,6,4256.65,0,0,7,1
81,3.08,72,3.99,10,4600.17,0,0,15,0
25,13.7,36,1.58,9,2932.36,0,1,17,0
68,13.66,29,4.58,13,1808.13,0,0,22,0
40,19.59,22,1.61,9,1996.9,0,1,2,0
51,14.38,33,1.77,8,2160.24,0,0,5,0
83,10.12,63,1.43,8,1506.64,0,0,3,0
41,17.22,54,2.24,9,5133.73,2,0,21,1
68,2.54,70,3.21,11,577.45,1,0,10,1
43,9.26,8,4.95,15,2562.21,2,0,1,1
18,6.1,3,4.17,11,4536.1,0,1,20,0
90,2.54,65,2.52,9,222.19,0,1,12,0
20,15.39,90,3.3,10,5292.59,1,0,12,0
105,10.46,32,3.49,11,4296.5,0,1,17,1
19,11.36,31,4.29,13,625.57,0,0,23,0
95,8.52,43,3.95,9,5390.98,2,1,12,0
26,9.48,36,3.28,5,3026.37,1,0,11,1
77,2.76,90,3.68,15,3982.99,0,0,8,0
57,13.62,66,3.98,6,5315.79,1,0,23,0
61,8.93,59,1.53,15,5310.74,0,1,0,0
120,16.43,58,1.8,5,2570.72,1,0,4,0
34,4.33,35,3.75,13,1578.6,0,0,3,0
30,4.5,48,4.4,1,1693.04,0,1,3,0
110,13.09,50,2.64,4,4642.46,0,0,13,1
111,17.0,7,4.92,15,5590.7,2,0,10,1
74,9.71,49,1.86,14,618.94,0,0,22,0
72,14.68,40,2.67,11,287.11,1,0,13,1
98,19.99,37,2.51,13,4973.02,0,0,11,1
60,19.81,85,4.72,1,2442.3,0,0,15,0
45,15.01,77,2.14,12,1803.41,0,1,14,1
90,14.92,78,2.88,1,1292.57,0,0,9,1
114,5.33,54,1.75,3,2209.59,1,0,3,0
97,16.75,67,3.09,7,5834.51,2,0,0,1
75,8.4,17,4.43,15,5867.06,0,0,18,0
113,19.26,64,2.22,1,2122.78,0,0,7,0
24,2.09,63,4.24,7,5789.4,2,1,9,0
105,9.0,11,4.65,10,1939.21,2,0,6,0
48,11.34,40,1.29,14,5155.99,0,1,1,0
79,8.4,41,4.03,10,1429.62,0,0,22,0
10,4.61,59,2.02,15,4993.63,0,0,1,0
120,12.06,49,1.7,13,2251.64,0,0,21,1
32,15.24,80,3.4,1,1335.2,0,0,23,0
48,13.07,82,3.82,9,5621.72,2,0,18,1
66,5.07,35,2.58,5,1442.27,0,1,11,1
90,14.77,47,1.16,13,5952.64,0,1,18,1
43,5.51,70,4.63,15,829.73,1,1,23,0
50,3.92,72,3.92,6,258.12,0,1,11,0
102,13.97,7,2.09,15,5250.6,0,0,12,0
82,16.93,24,2.99,12,3602.31,2,0,15,1
22,9.89,6,1.11,9,2645.43,1,0,7,0
79,10.86,7,2.36,11,675.39,2,0,9,0
15,6.4,87,3.09,3,3534.38,0,0,5,0
93,10.15,80,3.07,3,2483.61,0,0,14,1
61,3.07,75,1.83,5,3005.01,2,1,16,0
12,19.14,30,4.11,13,3856.27,0,0,10,0
90,16.11,11,2.2,13,3911.61,1,0,18,1
72,13.53,56,3.32,7,5771.48,0,0,9,1
58,10.99,65,2.09,3,3999.31,0,1,22,0
85,15.95,11,2.7,4,2168.54,1,1,17,0
56,10.15,26,1.83,14,2111.87,1,0,8,1
118,6.35,45,3.53,2,2967.53,2,1,8,1
64,3.63,6,2.7,9,1704.1,0,0,17,1
73,13.13,60,1.06,10,2383.35,1,0,5,1
74,18.62,57,1.11,9,5084.25,0,1,15,0
90,3.5,57,2.88,13,5186.62,1,0,11,1
76,4.01,12,1.73,11,3841.2,0,1,1,0
99,8.96,52,3.34,2,3580.48,0,1,16,0
24,16.23,64,2.63,5,2677.18,0,0,8,0
109,6.23,48,3.62,1,3888.21,0,0,4,0
41,5.45,34,4.81,8,4875.11,1,1,16,0
105,12.59,16,3.11,6,4479.51,0,1,14,0
77,10.94,71,4.15,14,405.67,1,1,6,1
27,1.67,66,4.01,10,4440.55,0,0,18,0
92,2.09,9,4.69,10,4375.7,0,0,5,0
52,13.04,33,1.86,2,774.15,0,0,3,0
44,9.57,85,4.31,2,1071.43,2,0,11,0
113,19.43,3,4.62,10,4769.87,2,0,18,1
87,13.73,28,2.57,5,3442.14,0,0,5,0
67,0.7,45,2.26,7,4965.45,0,0,23,1
42,9.88,74,4.81,9,1271.52,0,0,21,0
23,8.58,45,3.51,9,377.57,1,0,13,0
43,2.58,76,2.52,12,1139.26,1,1,15,0
70,18.5,58,4.17,15,2824.91,0,1,21,1
13,16.2,60,2.22,15,3235.1,0,1,4,1
97,4.99,67,1.71,11,5174.67,2,1,4,0
68,5.49,65,3.18,6,4353.96,0,0,16,0
38,1.12,33,3.26,2,5944.27,1,0,3,0
92,6.29,85,4.3,6,656.57,0,0,10,1
15,11.9,4,2.83,1,955.28,1,0,23,0
106,8.71,8,4.26,11,689.26,0,1,5,0
58,19.4,19,2.25,11,3323.06,1,0,22,0
49,1.59,20,3.3,13,1747.79,1,1,11,0
92,12.03,16,1.83,2,4165.07,0,1,10,0
74,17.24,11,2.54,12,969.61,0,0,8,1
78,9.87,81,4.43,3,798.51,0,0,23,1
36,0.56,66,1.86,5,2868.96,2,1,19,1
89,5.23,4,4.24,10,2380.21,2,0,12,1
15,6.81,59,2.13,1,5009.16,1,0,22,1
113,19.34,52,1.14,12,5057.81,0,0,14,1
22,18.28,51,1.44,10,881.09,0,0,2,0
73,19.01,77,3.98,13,4911.47,2,1,4,1
71,16.6,47,2.05,14,3472.16,2,0,18,0
108,7.36,89,3.62,13,3120.64,0,1,14,1
28,18.16,18,3.8,13,749.63,1,1,6,1
85,19.64,16,2.38,5,4489.86,1,1,2,0
89,7.33,53,2.9,5,545.88,0,1,7,0
52,5.58,67,2.62,4,1810.61,0,0,12,0
83,11.16,34,4.79,3,753.5,1,0,15,0
98,4.15,87,2.28,7,3278.45,0,0,7,0
29,1.14,40,1.73,11,3942.33,0,1,21,0
104,18.94,12,2.46,7,5366.96,0,1,8,1
77,18.55,32,3.68,1,4456.46,2,0,1,1
53,3.67,14,3.79,7,5774.41,1,0,21,0
32,8.45,62,4.7,3,4613.51,1,0,19,1
11,16.71,14,4.53,13,1928.82,1,0,22,0
31,13.39,30,2.15,3,3375.99,2,0,0,1
66,8.2,27,2.82,15,2856.05,0,1,19,1
110,15.01,9,3.99,6,3482.62,0,0,12,0
81,17.99,56,4.67,15,3518.12,0,0,12,0
16,18.56,70,2.35,6,4272.19,2,0,10,1
87,7.89,32,2.78,11,681.65,0,0,9,0
65,3.88,6,4.6,13,4531.12,1,0,19,0
76,18.3,4,2.43,15,1033.71,0,0,5,1
25,2.3,89,2.92,4,352.0,0,0,15,0
92,14.57,79,4.62,5,3209.65,0,0,5,0
60,3.24,56,4.21,3,3572.57,0,0,21,0
91,8.09,71,1.97,3,402.14,0,1,19,0
89,8.53,85,2.3,9,3189.15,1,1,20,1
81,3.6,39,2.41,5,3300.51,1,0,12,0
106,18.49,27,4.65,1,504.47,2,0,11,0
21,0.55,35,5.0,9,4327.19,0,1,7,0
62,17.93,55,4.1,10,1419.68,1,0,2,1
84,17.73,46,2.94,6,4807.86,2,0,12,1
14,6.68,70,1.04,9,2002.77,0,1,21,0
36,14.23,39,3.79,14,2971.78,1,0,0,0
21,5.43,58,2.56,11,5372.74,1,0,9,0
26,15.3,42,3.53,7,4875.84,0,1,21,0
15,11.44,65,3.43,11,4734.81,0,1,14,0
106,6.35,8,2.92,10,1130.52,0,1,10,1
14,8.3,5,4.78,10,479.23,1,0,15,0
66,13.95,64,1.09,7,3713.4,0,1,23,0
37,18.17,2,3.85,5,2582.01,0,0,20,0
87,3.05,73,2.64,7,5472.65,1,0,22,1
78,11.64,36,3.86,10,2227.64,0,0,20,0
68,5.45,86,3.7,4,2581.18,0,0,2,0
42,16.13,32,1.04,11,3250.8,0,1,8,0
71,1.87,8,2.14,11,4819.12,2,0,6,0
59,13.93,52,1.76,6,1756.13,0,0,23,0
114,3.91,76,1.67,2,5662.56,0,0,15,0
28,12.13,50,3.91,14,3331.54,0,0,22,0
95,16.8,70,1.96,10,5077.67,0,0,6,0
78,15.22,25,2.9,3,3248.59,1,0,7,0
75,15.18,15,1.99,2,4677.56,2,1,23,0
103,10.6,39,3.32,13,498.24,1,1,21,0
56,17.87,89,3.88,10,4835.43,0,0,19,0
48,11.97,50,2.32,2,3238.96,0,1,4,0
77,18.39,38,3.41,7,2806.61,0,0,5,1
42,11.16,54,4.3,5,847.34,0,0,8,0
22,10.37,35,1.38,13,4501.06,1,1,4,0
93,4.84,64,3.84,13,960.75,0,0,8,0
63,11.12,84,2.29,6,1315.44,0,0,23,1
16,3.24,76,1.49,3,933.25,0,0,9,0
88,17.46,89,3.18,15,238.14,0,1,5,0
96,13.68,44,1.91,10,4039.1,1,0,0,0
23,19.88,8,4.29,5,1770.9,0,1,12,0
96,2.3,36,1.17,5,1066.93,1,0,4,0
28,5.19,86,1.39,11,2055.84,1,1,18,1
63,17.6,0,3.08,4,3094.69,0,0,15,0
102,8.21,65,3.36,10,3119.79,2,0,14,1
29,9.59,62,3.92,4,2329.74,0,0,13,0
38,17.28,42,2.04,12,3070.61,0,0,13,0
33,10.68,27,4.37,13,2678.58,2,0,3,0
91,4.27,30,4.81,8,4971.46,0,0,6,0
72,17.89,68,3.0,6,371.76,0,1,21,0
83,1.11,88,4.04,11,5234.57,2,1,14,0
114,17.96,7,3.1,2,1614.71,1,0,21,1
66,1.49,33,1.28,2,4386.34,0,0,4,0
17,13.48,48,2.3,2,2549.23,1,1,0,1
99,1.9,57,1.35,6,1907.13,2,1,18,1
71,14.27,74,4.96,12,3769.01,0,0,20,1
38,1.16,46,1.92,1,4659.53,1,0,17,0
83,16.93,24,3.54,3,2809.63,2,0,13,0
26,9.59,2,2.14,1,2906.01,2,0,1,1
75,2.32,44,3.61,4,541.37,1,0,3,1
15,14.28,51,1.84,13,5559.18,0,0,6,1
67,10.04,33,4.14,1,5112.0,1,1,0,0
78,4.22,68,1.44,9,2508.36,0,1,11,0
37,0.81,7,4.58,11,4636.71,1,0,0,1
71,8.65,26,4.36,12,2017.02,0,0,13,0
50,2.17,79,3.72,11,4436.45,1,0,23,0
78,2.34,62,1.27,13,3196.81,0,0,5,0
91,5.71,81,1.83,6,2872.45,2,0,0,1
99,12.79,24,4.44,14,527.83,0,0,22,0
93,10.83,57,1.49,8,5799.45,0,1,1,0
50,1.85,47,1.62,14,5056.97,1,1,16,1
58,19.38,0,3.18,2,4801.65,0,0,7,0
100,17.8,7,2.1,14,1968.51,0,0,17,0
58,5.55,20,1.89,15,1879.62,2,0,21,1
85,2.89,87,3.3,6,3524.52,1,0,16,0
80,18.88,89,2.49,4,5108.09,1,0,15,1
12,9.49,77,1.56,7,5620.84,0,0,14,0
19,6.57,28,3.14,8,1759.79,1,1,14,0
107,10.06,29,2.55,14,3723.01,0,0,23,1
98,15.57,2,3.94,6,4398.64,0,0,22,0
44,3.78,6,1.41,13,1513.07,2,0,11,0
89,15.47,10,3.48,13,2563.32,1,0,16,0
11,15.11,31,2.75,1,1287.35,2,0,23,0
33,11.02,58,2.62,15,4253.65,1,0,17,1
83,17.38,11,1.93,8,5209.95,1,0,7,0
47,3.08,78,1.12,11,5289.7,1,1,8,1
31,12.11,37,4.39,1,4086.52,0,0,14,1
35,9.26,23,2.31,9,2213.48,0,0,12,0
52,8.73,64,3.72,2,4034.03,0,0,4,0
64,5.42,17,4.79,11,5212.75,0,0,20,0
48,7.76,45,3.26,10,3829.96,2,0,22,1
100,2.61,55,2.59,6,2594.77,0,0,0,0
38,5.41,62,2.07,8,5534.86,1,0,20,0
120,5.8,6,4.74,5,5044.26,1,0,11,0
111,14.55,65,3.73,14,5318.12,1,0,0,1
29,1.45,39,3.66,2,5438.51,1,0,23,0
100,13.2,53,2.7,5,2484.11,0,0,23,0
50,4.82,30,4.38,1,5185.91,2,0,16,0
63,2.1,51,3.85,8,3508.03,2,0,1,0
29,6.37,30,2.13,8,421.32,1,0,6,1
117,4.88,33,3.4,14,3887.85,2,0,22,1
28,11.26,6,2.72,2,2929.59,0,1,2,0
93,7.47,88,1.03,6,1795.9,0,1,17,0
108,19.34,15,4.23,11,5828.22,1,1,13,1
120,19.29,21,1.49,8,519.41,2,0,9,0
75,9.15,52,3.04,10,5686.09,0,1,23,1
39,16.0,90,2.34,13,1123.75,1,0,6,0
62,0.76,16,2.37,8,2386.53,0,0,13,1
43,11.18,3,2.91,12,2619.96,2,0,2,0
31,14.99,60,4.99,14,4439.92,1,1,10,0
76,4.73,85,2.63,15,1450.53,0,0,14,1
15,1.69,51,1.73,14,5919.39,2,1,18,0
88,3.54,34,3.45,7,4544.27,0,1,22,1
36,9.12,43,1.95,3,4781.73,0,0,11,0
19,10.37,14,1.42,13,817.29,0,0,4,0
82,7.93,60,1.2,14,2962.61,0,0,8,0
106,9.08,43,1.09,15,5684.53,0,0,6,1
105,9.67,20,2.72,12,1766.38,0,0,14,1
57,15.5,76,2.71,14,1043.23,2,0,0,0
79,2.55,46,1.74,11,3015.29,0,1,0,1
114,15.49,74,4.14,4,5596.28,0,1,5,0
68,13.93,48,1.52,1,3023.39,1,0,20,0
109,14.96,52,4.66,9,2548.04,1,1,4,0
68,14.82,26,3.35,14,3971.58,2,0,10,1
11,9.68,30,1.11,10,5633.93,1,0,10,0
38,4.62,43,4.85,10,484.53,1,0,13,0
77,10.96,31,2.23,2,1089.69,0,1,7,1
74,19.18,29,2.8,10,969.97,0,0,23,0
92,11.98,17,2.14,7,694.93,0,1,13,1
35,0.72,62,3.91,8,1952.22,0,1,8,0
98,1.66,15,2.94,14,1529.99,0,0,10,0
19,19.86,34,1.53,4,3382.41,1,0,10,0
62,1.9,61,1.42,11,2098.28,0,0,19,1
88,1.4,8,3.9,11,2550.21,2,1,20,1
68,7.38,61,1.95,15,5662.82,2,1,15,0
31,19.4,38,1.55,10,1102.8,1,0,11,1
60,6.71,50,3.0,1,2453.05,1,0,6,0
57,8.49,9,4.21,5,1691.07,0,1,2,1
30,12.86,51,2.12,10,3385.16,0,0,11,0
31,0.97,11,2.11,10,4470.75,2,0,5,0
109,18.01,71,4.34,6,4938.53,0,0,18,0
107,10.63,61,1.59,7,3188.72,0,1,3,1
39,9.6,2,3.47,1,5158.52,0,0,9,0
34,17.28,82,4.82,13,4753.44,1,0,7,0
118,19.08,10,4.37,4,1110.62,0,1,9,0
37,8.76,7,1.25,12,1623.49,2,1,15,1
74,3.86,89,2.28,5,4095.98,0,1,10,1
54,16.41,22,1.57,5,5853.81,2,0,3,1
77,8.36,9,4.8,7,2381.55,2,1,12,1
16,18.74,17,4.94,4,1532.89,1,0,19,1
58,19.02,75,1.94,10,5240.95,1,0,22,1
18,2.74,38,3.68,7,1357.75,0,1,2,1
45,19.15,25,4.37,8,4244.97,2,0,2,1
92,7.68,10,1.93,2,398.64,1,0,16,0
10,13.1,9,1.75,14,310.09,0,1,6,0
19,1.18,2,1.04,1,2819.09,0,0,10,0
45,17.83,61,2.65,13,4007.93,0,1,3,0
82,13.01,70,4.6,10,1026.12,1,0,15,1
118,13.05,60,4.61,10,4630.52,0,1,6,1
55,18.09,3,1.51,1,946.67,1,0,15,1
115,10.41,60,1.82,13,3295.51,1,0,17,1
41,8.51,7,2.63,1,1988.14,0,0,20,0
41,17.39,12,4.12,9,4563.07,2,0,11,1
15,14.98,11,3.45,4,4863.88,1,1,22,0
57,19.01,34,3.06,9,583.33,0,0,8,0
47,18.83,53,3.37,7,1317.11,2,0,9,0
26,7.96,50,1.38,15,5377.34,2,0,3,1
83,9.22,42,2.91,7,2610.55,1,0,5,1
36,5.49,65,4.97,13,2965.07,0,0,18,0
63,13.38,14,1.35,2,1174.54,0,0,17,0
59,7.61,48,3.08,2,5970.39,2,0,11,0
44,15.83,33,2.18,12,5553.68,1,1,17,1
94,2.87,38,3.16,5,211.74,1,1,20,1
34,2.77,25,3.3,15,3394.26,2,0,2,0
37,4.49,68,3.31,10,5259.15,0,0,17,0
120,2.14,47,4.41,1,2697.09,0,1,1,1
24,12.59,88,2.56,7,2733.52,2,1,18,1
13,3.37,50,3.07,15,2400.21,0,0,16,0
102,3.62,3,1.04,11,367.2,0,1,10,0
82,0.78,26,4.16,7,4783.64,2,0,12,1
36,15.75,41,2.04,11,2849.35,1,0,23,1
35,16.34,55,4.27,8,3280.18,1,0,8,0
28,3.66,68,2.06,7,1682.97,1,1,16,1
101,14.92,17,1.04,8,4747.89,0,0,12,1
26,8.95,60,1.62,15,4803.74,1,0,20,0
52,5.17,3,4.94,15,3406.94,1,0,23,1
50,12.62,0,2.28,3,5446.84,0,0,12,0
51,3.98,49,1.44,3,872.13,1,1,1,1
59,15.26,83,1.48,8,4762.43,0,1,16,0
93,1.43,69,2.24,9,3439.79,0,1,4,0
118,19.2,19,1.15,10,1539.88,0,1,13,0
49,1.9,19,3.05,4,967.36,0,1,16,0
48,11.8,45,1.85,8,1945.84,2,1,5,0
32,18.09,26,3.08,1,5166.63,0,0,8,0
120,0.73,25,1.56,2,4768.19,0,0,23,1
105,10.22,31,2.72,13,3941.77,0,0,11,1
61,7.33,9,3.39,10,723.9,1,0,21,1
56,11.82,81,1.25,10,5738.02,0,1,19,0
72,4.9,11,2.59,10,1971.55,0,0,22,0
106,1.77,73,2.21,9,3720.6,1,0,11,1
119,12.71,87,1.96,2,4857.99,1,1,21,1
78,8.63,23,3.42,15,970.56,2,1,6,1
52,12.64,50,3.35,2,3982.74,2,0,17,1
57,4.61,37,3.52,8,387.32,0,1,22,0
43,7.11,45,1.64,5,790.38,1,0,19,0
49,11.45,88,2.14,5,4394.23,1,0,4,1
84,12.07,7,1.84,11,1099.48,0,0,10,0
70,7.76,54,3.16,6,2772.34,0,0,13,0
59,5.96,77,2.84,8,1640.33,0,0,6,0
76,5.84,30,2.32,8,2643.13,0,1,10,1
71,3.91,87,4.14,9,647.88,0,0,1,0
67,6.85,15,1.38,10,4578.42,2,0,16,0
42,4.39,19,4.9,11,658.44,2,0,14,0
84,12.86,37,1.47,3,5059.9,0,1,20,0
25,11.6,14,4.09,9,4043.13,0,0,0,0
91,7.96,77,2.47,14,2616.2,0,0,12,1
103,6.85,75,4.46,11,5225.62,0,0,5,0
57,5.13,33,1.3,3,1279.56,1,1,1,0
19,10.94,71,2.5,1,1734.47,1,1,1,0
91,18.42,18,2.34,12,995.32,0,0,19,0
47,13.87,68,4.97,11,2413.1,0,0,9,0
28,15.02,90,4.94,5,5923.05,2,1,17,1
45,16.77,62,1.76,7,1133.96,0,1,11,0
68,7.36,76,3.52,3,5019.66,0,1,18,0
72,1.73,31,3.14,9,3980.9,0,0,12,1
86,12.64,36,1.62,1,291.72,0,1,7,1
55,4.18,65,1.67,6,5680.36,2,0,22,0
12,11.6,6,4.96,15,5832.33,1,0,15,0
83,14.92,47,2.81,12,5564.42,0,0,10,1
111,15.78,10,1.5,12,3110.09,0,0,22,0
74,6.39,74,1.86,6,1478.18,2,1,19,0
100,10.49,86,2.07,14,2469.34,0,0,3,0
119,12.61,30,3.04,13,3762.31,0,0,16,0
17,16.48,43,2.34,8,2397.25,2,0,7,1
60,15.35,44,2.82,15,4307.4,2,1,0,1
119,19.77,71,1.67,13,4814.34,1,0,19,0
115,0.66,55,2.31,3,1414.48,1,0,2,1
90,9.03,31,1.28,12,2548.66,0,0,12,1
82,5.49,20,4.56,5,5754.92,2,1,0,0
15,2.84,30,1.8,11,1648.88,0,0,22,0
116,18.27,0,4.03,10,2209.4,0,0,22,0
98,19.96,76,2.4,11,406.83,0,0,1,0
48,4.02,10,2.9,15,2127.72,0,1,4,0
69,1.25,67,2.17,5,2351.4,0,1,7,0
37,5.86,35,3.79,8,779.05,0,0,16,0
106,16.78,78,4.38,7,208.37,0,0,22,0
63,6.23,58,2.15,3,3537.35,0,0,22,0
46,1.61,66,1.97,15,1948.85,0,1,1,1
18,1.52,55,3.73,7,303.38,0,0,7,0
91,8.83,50,1.78,10,5187.68,0,0,10,1
65,18.67,28,3.56,8,3589.58,0,0,18,1
68,6.08,84,1.38,5,1192.78,0,1,12,1
94,8.83,1,3.48,11,5218.43,0,0,6,1
11,2.49,5,3.05,5,1670.8,1,0,18,0
70,10.12,30,1.46,14,1519.19,0,1,5,0
67,14.08,53,3.6,14,5388.88,0,0,12,0
116,5.79,87,2.79,11,1240.86,2,1,16,1
69,6.29,39,1.87,1,5298.12,1,0,19,0
111,16.92,16,2.41,13,4857.25,1,0,22,0
49,0.7,4,2.97,8,1996.71,1,1,22,0
45,12.91,1,1.37,13,399.5,0,0,3,0
116,8.18,57,4.83,6,678.92,1,0,10,1
46,6.32,11,3.66,6,835.26,1,0,16,1
88,13.32,4,1.41,15,5366.63,0,1,0,0
101,16.78,59,4.29,5,2543.41,1,1,10,0
27,11.39,40,2.29,5,388.67,1,0,18,1
107,1.11,19,3.39,14,3427.98,0,0,12,0
72,9.5,71,2.11,3,1406.36,0,0,22,0
31,9.52,0,3.93,12,1563.73,0,0,13,0
20,11.1,55,3.89,15,1132.88,0,0,15,0
67,13.58,69,3.21,3,4619.72,0,0,13,0
66,0.88,55,1.96,2,203.55,0,1,6,0
86,10.29,53,2.01,9,2746.11,0,0,4,0
13,11.97,10,2.53,8,703.85,2,0,8,1
95,7.2,2,1.58,11,3403.77,1,0,10,1
16,13.53,27,2.35,3,2206.76,1,0,17,0
70,4.95,4,3.74,5,364.44,0,0,8,0
116,6.69,89,4.32,15,2873.65,0,0,8,1
63,19.27,15,2.33,10,3509.4,1,0,5,0
97,7.29,30,1.93,15,1636.39,0,0,19,0
77,7.26,27,4.33,5,4639.97,0,0,20,0
101,12.12,6,4.56,8,2352.08,2,0,5,0
88,19.43,8,2.64,6,4546.21,0,0,3,1
10,19.67,38,1.11,7,3558.29,0,0,10,0
64,11.8,42,3.78,5,5241.67,2,0,1,0
12,0.52,26,4.14,12,3372.16,0,1,11,0
87,18.06,75,1.07,1,1276.64,1,0,7,1
47,11.62,88,3.38,8,4971.03,2,1,12,0
10,7.64,32,3.35,4,4741.6,0,0,3,0
111,16.67,90,2.51,5,5839.66,2,0,8,0
47,8.3,55,4.0,1,742.78,0,0,15,0
94,1.16,1,2.71,3,3629.14,2,0,1,1
38,16.51,13,3.71,15,3051.68,0,0,18,0
14,11.14,12,3.07,2,4091.06,2,0,4,0
83,7.09,23,1.99,12,5885.04,1,1,19,1
101,5.39,68,3.43,2,3287.18,1,1,13,0
30,12.08,33,3.95,13,4177.28,2,0,10,0
80,4.56,86,4.9,1,2213.84,0,0,2,0
76,6.82,18,2.52,6,1934.03,0,0,19,0
118,12.91,29,1.26,15,2144.72,0,0,8,0
56,17.69,48,4.95,15,423.93,0,0,4,0
93,10.89,42,3.5,8,1851.5,1,0,22,0
92,15.3,15,4.79,3,1203.09,2,0,23,0
44,15.38,51,1.42,1,2853.08,0,0,17,1
77,13.45,48,2.37,14,2872.78,0,0,8,0
78,5.29,10,1.54,10,4638.33,1,0,8,1
10,17.4,77,4.34,2,3113.29,0,0,1,0
77,9.01,46,4.52,3,2885.87,1,0,5,1
21,1.36,78,3.01,6,1543.43,0,0,3,0
69,5.27,34,1.75,14,5144.38,0,0,0,0
36,15.43,70,1.51,3,727.81,1,0,12,0
65,1.85,28,3.35,9,5897.32,0,0,4,0
115,3.37,53,3.03,12,2961.23,0,0,13,1
32,14.04,85,3.78,1,1278.72,1,0,13,0
34,17.91,22,2.22,7,2255.1,0,0,18,1
30,12.86,23,2.61,10,289.15,1,0,0,0
70,4.83,9,1.09,8,1165.83,2,0,17,0
72,1.54,60,3.44,9,2144.97,1,0,6,0
61,12.49,7,2.69,8,3415.61,1,0,16,1
97,1.42,47,4.68,5,950.99,0,1,2,0
34,12.45,75,3.57,1,4120.59,1,0,0,1
118,4.9,28,2.59,15,5096.8,0,0,0,0
64,18.14,86,2.05,1,3519.57,1,0,11,1
55,9.76,25,4.62,14,1922.03,0,0,12,1
41,4.87,36,1.07,15,904.08,0,0,23,1
64,17.14,51,2.31,8,290.1,1,0,21,0
105,5.45,37,4.77,7,4444.45,1,0,3,0
14,6.48,5,3.62,5,3845.18,0,0,14,0
45,16.77,7,3.13,10,2962.44,0,1,23,0
119,6.52,16,1.81,3,791.57,0,1,22,0
115,8.5,75,4.33,9,1400.75,1,0,16,1
58,7.28,61,1.82,4,4928.0,0,1,20,0
115,2.77,85,1.99,14,2983.14,0,0,5,0
67,1.26,77,1.77,6,5784.43,0,0,21,0
48,14.63,33,1.63,11,5999.84,0,0,12,0
89,13.08,18,4.81,4,4844.1,1,1,6,0
106,6.01,69,3.41,9,1697.46,0,0,4,1
94,6.26,81,3.55,4,1540.47,0,0,10,1
70,18.93,36,4.82,14,1671.08,2,1,4,1
18,19.76,37,1.92,8,5923.35,1,0,0,0
15,9.73,14,1.02,11,2144.97,1,0,12,0
118,16.15,39,3.4,12,4297.39,1,1,11,1
44,14.87,8,3.03,12,5762.3,2,0,13,0
48,6.3,52,2.91,3,4953.66,0,0,20,0
31,1.64,69,1.25,8,3666.1,0,0,0,0
50,3.28,65,2.82,15,1180.0,1,0,12,1
14,16.85,79,2.15,11,1214.64,2,1,17,0
51,14.76,51,2.1,3,3056.05,0,1,16,1
96,13.45,0,1.89,14,5721.28,0,0,7,1
90,3.05,29,2.33,11,5446.06,2,0,7,0
85,12.98,0,2.41,5,1163.91,0,0,7,0
96,15.56,38,2.24,1,1868.77,0,0,16,1
89,17.28,15,4.92,6,3615.11,0,0,19,1
76,0.76,16,4.73,15,2969.1,0,1,11,1
39,13.85,81,3.3,11,892.3,2,1,10,1
66,0.87,21,4.92,2,2341.98,0,0,16,0
95,14.28,85,4.96,12,5737.34,1,0,19,1
82,12.89,30,2.42,3,5718.36,0,0,6,0
38,3.39,39,2.78,11,3444.67,1,0,9,0
120,15.44,26,4.84,1,3884.52,0,1,22,0
46,1.83,35,3.43,11,1487.06,0,0,16,1
96,16.61,3,1.85,6,4503.33,2,0,17,1
22,5.61,68,3.76,5,504.48,0,1,21,0
41,13.93,24,1.82,10,1479.96,1,0,21,0
55,18.51,77,2.36,2,234.13,2,0,16,0
120,7.13,29,1.91,15,2437.07,0,0,19,1
32,10.31,46,1.98,11,5131.51,0,1,10,1
54,9.53,11,1.02,8,5898.54,0,1,8,0
26,3.57,26,4.52,9,4072.98,0,0,7,1
113,12.01,44,2.18,14,4520.23,1,0,10,1
94,14.99,87,1.35,14,1723.95,0,0,3,0
75,18.38,62,1.35,3,3217.93,2,0,18,0
110,17.09,54,3.22,12,4472.15,2,0,7,1
15,10.45,29,4.97,6,3084.2,2,0,8,1
117,14.52,81,1.58,6,713.57,0,0,13,0
27,16.12,13,1.4,14,4497.01,0,0,13,0
103,10.12,55,2.75,10,1473.47,0,0,0,1
31,2.75,18,3.25,6,766.65,1,0,14,0
42,9.04,85,2.18,8,2972.74,0,0,7,0
39,16.93,25,2.21,12,632.73,2,1,4,1
90,12.13,70,2.7,5,3850.77,1,1,18,0
116,14.63,37,2.26,10,3914.74,1,1,15,1
41,4.11,68,4.66,10,1688.87,1,0,9,0
51,19.3,35,1.17,13,5794.3,1,0,10,0
87,8.38,17,1.94,8,4981.82,0,1,4,0
19,13.25,56,4.23,12,835.6,0,0,9,0
120,0.87,77,4.34,3,4541.37,0,0,15,1
45,2.98,22,1.45,7,2247.83,1,0,3,0
43,15.75,13,4.9,1,4551.67,0,0,0,0
82,19.38,68,3.77,4,4844.61,2,1,23,0
115,6.74,21,2.09,5,1077.99,2,0,14,1
37,1.23,27,2.82,7,4038.68,0,0,6,1
20,7.54,42,2.19,14,5203.83,1,1,19,0
87,0.84,75,1.6,6,2075.57,0,0,3,1
48,4.25,17,2.16,13,665.9,0,0,13,0
56,15.17,76,3.32,6,358.15,2,0,4,1
28,18.77,83,4.3,13,838.01,2,1,16,1
24,2.21,35,2.45,15,224.39,1,0,3,0
37,11.38,6,2.39,2,2096.29,2,0,4,0
33,5.45,22,2.87,11,1936.11,1,0,23,0
81,3.21,33,3.58,2,839.98,1,1,16,1
116,4.77,20,4.01,2,3976.48,0,0,10,0
18,11.77,69,2.31,10,5953.06,0,0,3,1
56,1.77,79,3.35,13,5425.37,0,1,14,0
42,8.97,46,2.56,12,1666.53,0,1,6,0
71,3.14,52,3.87,8,4665.89,1,0,4,0
106,5.82,83,1.66,7,5633.81,1,1,13,1
28,4.22,40,2.03,1,5456.91,1,0,0,0
76,17.72,74,2.7,9,5330.39,0,0,6,1
83,14.31,31,4.56,11,4761.41,0,0,12,1
49,17.44,13,3.29,11,1899.35,0,0,12,0
56,7.98,87,4.86,8,684.67,0,0,0,0
115,6.61,16,1.41,13,3029.35,2,0,14,0
74,7.92,24,2.84,9,517.79,1,0,1,0
38,0.86,63,2.68,4,5991.15,0,1,7,1
59,14.63,72,3.4,5,2278.2,1,0,7,1
107,7.32,85,4.25,11,5758.37,1,0,23,0
22,6.61,47,4.37,5,4684.1,1,0,13,0
10,12.16,34,3.68,11,2585.49,2,0,21,0
43,9.01,36,3.57,9,886.21,1,1,22,0
102,19.63,54,4.8,15,1575.72,2,0,3,1
57,7.45,16,2.53,8,4103.66,2,1,12,1
120,12.47,27,4.33,13,5013.62,0,0,4,0
86,6.58,0,4.69,10,5880.75,0,0,13,1
57,19.82,52,2.97,6,966.54,0,0,17,1
58,9.18,72,3.92,15,1104.49,1,0,9,1
73,12.87,54,2.51,11,446.15,2,1,3,1
70,2.97,60,1.64,10,1710.11,1,1,6,1
38,14.79,12,3.35,11,4962.19,0,1,3,0
48,5.75,46,1.79,15,1349.89,1,1,21,0
97,9.25,63,2.83,10,3377.62,1,0,10,1
35,17.72,31,4.49,1,2789.16,0,1,10,0
26,19.43,27,1.34,15,2089.79,0,0,11,0
80,8.78,52,1.12,7,3786.41,1,0,23,0
22,16.78,30,3.43,9,3113.49,1,0,14,0
78,1.54,7,2.32,12,2141.63,1,0,4,0
35,17.03,71,2.67,4,4195.34,0,0,7,0
58,12.78,86,2.62,4,1823.82,0,0,19,1
76,10.03,73,1.35,5,3930.46,1,0,10,1
16,17.85,24,1.01,15,5752.03,2,0,17,1
67,16.98,32,4.59,8,4427.92,2,0,17,0
58,6.29,67,1.87,11,2626.72,1,1,22,1
112,15.93,6,2.7,5,4535.84,2,0,5,1
62,2.44,65,4.89,4,4893.6,0,0,17,1
74,16.54,45,4.31,8,2089.87,2,0,18,1
71,13.67,4,1.43,11,4289.77,0,1,13,0
26,2.21,16,3.03,5,2719.5,1,0,10,0
52,13.82,75,3.92,8,4947.43,0,0,6,0
34,11.82,51,3.79,1,1913.19,2,1,13,0
12,12.09,11,4.04,3,5639.01,1,0,15,1
88,6.17,61,2.83,7,3533.76,0,0,21,1
38,5.7,34,1.7,12,2249.16,0,0,12,0
116,15.37,61,2.86,1,2632.35,0,0,5,0
41,5.51,20,3.59,11,2217.23,0,1,22,0
35,9.2,84,3.43,5,1048.23,0,1,14,0
25,14.05,65,1.28,6,597.26,1,1,4,1
34,2.05,52,1.26,14,2066.32,2,0,16,1
63,12.09,20,4.86,12,2860.4,2,0,4,1
37,11.99,14,1.61,13,2298.54,0,0,17,0
82,13.84,74,2.18,1,280.73,0,1,9,0
65,7.71,73,4.07,7,3558.24,0,0,18,0
74,9.26,81,2.64,9,1039.94,0,1,1,0
102,6.93,22,1.73,9,1423.83,2,0,20,0
95,16.26,30,2.87,3,900.34,1,0,15,1
89,3.05,53,3.28,4,3218.51,1,0,20,1
50,19.28,54,2.81,15,751.92,0,1,12,0
117,12.88,25,4.68,14,1686.87,1,0,20,0
60,17.79,52,2.14,1,2819.91,2,0,21,0
114,8.81,65,3.65,13,1172.71,0,1,18,0
80,6.98,38,1.45,4,2788.2,2,0,23,1
87,18.06,6,2.57,14,2187.86,0,0,2,0
38,2.43,87,3.96,5,5191.46,0,0,17,0
92,2.78,38,1.9,7,4810.44,2,1,13,1
28,6.34,31,3.36,5,5958.56,1,1,21,1
75,19.22,25,1.61,8,3267.69,0,0,6,1
50,12.84,86,1.41,7,3537.3,0,0,11,0
54,11.31,77,3.09,1,5690.55,1,0,16,1
24,14.25,28,3.7,12,2517.63,1,0,11,0
12,8.64,24,1.45,2,3422.96,2,0,2,0
20,15.28,55,4.67,7,2398.7,0,0,22,0
62,8.17,30,1.9,3,3365.99,1,1,7,1
55,16.61,65,1.48,2,668.45,0,1,17,0
39,5.71,1,1.81,11,4746.01,1,1,20,0
66,5.91,86,1.68,12,5914.62,1,0,20,0
113,10.69,46,1.36,14,581.29,0,1,14,1
27,8.9,74,4.19,9,4846.03,0,0,18,0
60,13.14,28,2.98,12,1602.06,0,0,12,0
57,7.6,48,2.55,10,1345.77,0,0,15,1
75,5.0,72,4.8,13,4221.55,0,1,14,1
105,9.66,31,2.48,8,455.97,0,0,10,1
17,11.44,29,1.67,8,2886.79,0,1,12,1
31,3.28,14,2.1,3,208.38,1,0,20,1
15,11.36,61,1.96,11,3415.49,0,0,13,1
85,6.73,77,2.99,10,2880.07,0,0,12,0
120,8.15,16,2.17,9,5509.8,2,0,7,1
66,5.95,21,3.06,8,4377.58,0,1,10,0
113,18.66,29,3.68,12,930.84,0,0,13,1
45,13.83,80,4.11,2,2256.33,1,0,18,0
88,5.62,15,3.84,7,5603.16,0,0,14,0
101,13.08,51,1.82,8,4406.94,1,0,21,0
66,17.05,7,1.46,12,3646.8,0,0,9,0
58,8.33,63,3.17,7,3442.62,0,0,3,0
54,16.68,38,1.8,9,2508.97,2,1,6,1
91,3.51,30,1.34,13,3594.17,0,1,23,0
75,16.54,11,3.11,7,4675.65,0,0,5,1
86,11.04,32,2.31,12,939.72,0,0,0,1
54,4.85,57,4.02,7,5825.02,0,0,21,0
88,8.44,11,2.26,1,1588.32,0,1,19,0
29,19.77,24,4.91,2,2796.91,0,0,10,0
73,15.78,37,4.03,14,331.75,1,0,18,1
102,11.71,47,1.23,5,3392.01,1,0,2,1
115,2.75,81,3.04,13,2414.83,1,1,2,0
102,8.65,82,3.25,13,1648.58,1,0,0,0
76,5.63,54,3.78,11,5916.04,2,1,9,1
92,1.88,2,2.99,14,2683.22,2,0,13,1
12,11.07,68,2.93,1,2602.92,0,1,16,0
63,17.84,34,2.47,12,2886.0,2,1,1,1
87,13.67,50,2.09,10,873.69,0,1,13,1
73,5.37,26,4.78,15,2479.96,1,0,4,0
49,11.68,36,2.27,7,2151.14,1,0,6,0
68,18.89,84,1.25,5,2897.72,2,1,14,0
64,14.6,15,1.67,13,5168.4,0,1,20,0
71,13.94,24,4.43,5,1318.16,1,0,18,0
13,19.38,32,3.35,8,3724.89,0,0,20,0
69,16.08,61,4.12,9,418.3,2,0,5,0
84,3.16,16,4.24,10,2037.4,2,0,19,0
104,7.28,42,4.29,1,2941.41,0,0,3,1
116,19.32,29,3.2,10,630.82,0,0,13,1
105,10.05,40,1.71,4,3355.01,0,0,0,0
100,2.68,3,1.59,15,1999.89,0,0,22,1
39,9.44,65,3.3,11,5958.3,2,1,7,0
116,14.09,59,2.47,2,3859.62,1,0,19,1
11,19.95,8,3.23,14,1616.22,0,0,5,0
71,6.82,30,2.99,9,795.5,1,1,14,0
58,10.52,88,3.41,9,436.17,1,0,5,0
18,17.65,68,1.13,1,726.48,0,0,14,0
101,7.43,23,1.13,3,4144.35,0,0,0,1
40,2.63,23,3.89,10,5158.96,1,0,9,0
107,19.0,44,1.77,8,1109.05,0,1,3,0
70,10.02,36,3.61,2,2532.38,0,0,13,0
88,10.3,57,3.19,2,2254.56,0,0,21,0
57,12.61,82,4.93,2,3938.2,2,0,11,0
34,0.57,22,4.34,13,1259.53,0,0,19,0
45,18.66,34,2.65,5,5729.25,2,0,15,1
17,7.55,62,3.47,14,4425.63,1,0,19,0
82,8.24,5,1.47,9,5739.42,0,1,6,0
67,3.9,5,2.55,7,1808.74,1,0,6,1
110,7.87,29,3.94,13,3608.75,0,0,23,1
54,16.18,0,3.49,7,4447.15,2,0,6,0
71,16.1,62,2.94,15,4323.55,2,0,5,1
48,18.75,7,1.71,2,323.81,0,0,18,0
105,8.36,27,4.21,2,5990.08,1,1,14,0
67,14.32,88,2.09,5,5582.75,0,0,22,1
90,10.39,32,4.28,12,894.56,0,0,21,1
108,16.18,52,3.45,14,3352.69,0,0,9,0
110,14.39,37,2.49,7,2024.43,1,1,11,0
92,7.67,51,1.16,7,5297.59,0,1,7,0
73,7.07,77,1.93,9,4245.61,0,1,3,0
53,5.42,10,4.56,3,1496.4,2,0,6,0
38,11.74,1,4.27,14,396.39,1,0,22,0
68,19.29,52,3.3,1,1892.1,2,1,2,0
80,4.4,67,2.87,9,421.2,0,0,7,1
101,2.36,76,3.59,1,1019.6,1,1,12,1
18,2.83,6,2.86,8,3889.6,2,1,12,1
101,15.77,66,3.58,14,4521.49,0,0,15,1
15,7.33,8,2.23,15,2914.5,1,0,15,1
38,4.88,77,4.35,14,3681.67,0,0,1,0
67,7.38,62,3.81,5,1104.13,1,0,2,0
26,13.08,10,2.32,8,2037.41,1,1,14,1
25,11.16,36,4.32,7,4334.73,2,0,16,0
96,15.0,13,2.95,9,2316.37,1,0,1,0
104,7.11,18,1.7,2,2223.11,2,1,16,1
12,9.31,7,1.31,9,1325.16,0,0,5,0
30,2.49,6,3.8,10,3649.98,0,0,10,1
73,1.92,58,4.46,5,4895.32,0,0,4,1
99,9.51,62,4.23,5,2922.78,1,1,5,1
45,6.38,6,3.62,1,870.13,0,0,2,1
115,12.45,54,1.57,6,5062.53,2,0,22,1
110,1.34,2,1.38,10,614.1,0,1,3,1
95,2.87,66,2.38,10,2936.02,0,0,14,0
71,17.37,17,4.42,10,1714.25,2,1,16,1
51,11.54,44,4.85,10,5630.65,0,0,2,0
85,14.39,35,1.97,3,4477.75,1,0,15,1
51,16.92,15,4.05,13,3485.17,0,1,20,1
70,9.54,78,3.3,10,4072.98,0,0,22,0
22,15.34,28,1.13,3,3289.82,0,0,15,0
20,10.73,58,3.17,3,1056.09,0,1,20,0
63,4.84,17,4.22,13,4312.77,1,0,0,1
25,7.08,48,2.1,4,3057.51,1,0,20,0
17,10.06,45,4.59,9,3878.99,2,0,10,0
113,6.68,82,1.95,13,462.17,0,1,0,1
68,7.04,28,1.31,8,1023.8,0,0,6,1
66,7.08,69,1.64,12,3618.35,1,1,8,0
49,2.9,49,4.35,6,2864.69,0,0,12,0
118,2.15,54,2.67,8,1515.87,2,1,21,1
68,1.41,26,4.19,8,1596.41,0,0,19,0
11,2.66,6,3.12,1,3863.62,2,0,5,0
103,7.2,90,2.92,9,542.01,0,1,16,0
103,12.08,82,4.23,1,2718.7,0,1,19,1
85,4.17,80,2.69,11,3234.0,0,0,5,0
19,17.82,40,4.21,2,1987.23,0,1,1,0
53,16.26,10,1.4,9,4959.19,1,0,2,0
20,10.65,4,3.55,7,529.26,2,0,19,0
88,14.62,65,3.81,10,5221.54,0,1,5,1
89,7.64,55,4.6,1,4394.93,0,1,18,0
90,1.22,11,1.9,3,2788.28,0,0,0,1
99,18.13,41,3.42,14,5561.91,1,0,21,0
11,2.99,74,2.73,1,4272.98,0,0,23,0
59,18.98,9,2.53,5,5600.06,1,0,15,1
21,11.65,27,1.43,15,2941.02,1,0,7,0
99,6.46,6,1.54,4,2827.24,1,0,15,1
32,10.16,13,4.35,8,3278.31,1,0,3,0
27,10.28,76,4.0,9,579.47,2,0,21,0
71,0.95,68,2.53,15,5469.27,0,1,14,1
105,7.43,60,4.31,12,4072.76,0,0,13,1
71,14.93,50,1.32,4,3782.0,0,0,0,1
47,10.45,41,3.5,15,5573.49,0,0,21,0
120,5.26,7,4.47,3,5963.1,0,1,0,0
76,7.03,49,4.36,14,1147.68,0,0,3,1
47,17.33,0,2.49,4,4544.18,0,0,14,0
76,10.75,68,3.98,3,3563.68,1,1,5,0
103,10.8,10,2.71,6,2873.78,1,0,3,1
70,19.25,47,4.36,1,5870.15,0,0,19,0
10,6.76,9,3.12,2,5131.53,1,0,3,0
103,9.85,14,4.06,8,4241.15,1,1,9,1
54,16.33,46,1.31,3,2419.52,0,0,6,1
105,15.3,24,3.36,4,4063.04,2,1,5,1
37,5.68,5,3.2,12,3283.83,0,0,22,0
30,3.45,10,3.44,1,1646.34,1,0,3,0
119,14.16,16,3.78,15,2812.21,2,0,12,1
22,5.52,14,4.67,3,1430.83,1,1,10,1
36,18.49,15,4.14,1,3102.44,1,0,20,0
109,3.02,55,1.88,11,4377.38,2,0,8,1
16,6.71,65,4.3,10,412.55,0,0,7,0
31,1.57,35,1.49,5,4639.2,0,0,9,0
83,14.21,82,3.49,1,315.97,1,0,1,1
112,17.88,37,4.53,12,3200.21,2,1,23,0
62,12.9,84,1.4,9,3526.16,1,0,2,0
88,18.79,74,4.4,7,4615.21,2,0,1,1
88,3.01,2,4.19,11,4613.97,0,0,17,0
13,2.21,17,3.02,8,2621.24,2,0,10,0
105,16.85,78,2.24,9,584.96,2,0,19,1
32,17.18,88,2.62,10,4222.3,0,0,0,1
79,16.71,53,4.87,8,3163.72,2,0,4,0
97,16.08,78,1.81,3,2131.74,0,0,6,1
93,7.56,16,3.32,7,1562.27,2,0,17,0
110,4.74,81,1.33,7,894.6,2,1,4,1
93,18.61,81,1.87,14,1911.83,0,0,19,0
85,6.49,12,4.05,7,2859.24,1,0,5,0
42,8.27,62,2.21,12,2970.13,1,1,0,0
37,14.14,13,4.94,8,3579.89,0,1,16,0
17,6.22,58,3.0,4,2302.32,0,1,17,0
10,16.47,35,3.07,11,5535.41,0,0,3,0
46,1.87,17,1.15,6,3076.04,1,0,16,0
72,15.93,4,4.83,2,2657.61,0,0,12,1
31,12.24,13,1.7,7,479.37,2,0,4,0
79,11.67,24,3.15,9,3674.29,0,0,21,0
30,9.44,43,2.58,5,3696.64,1,0,3,0
105,5.9,38,2.66,4,3583.08,0,0,22,1
44,9.55,11,3.57,2,5348.06,1,0,4,1
88,9.28,60,3.65,7,4624.82,2,0,8,1
14,11.88,61,1.62,2,5230.95,0,1,12,0
69,5.99,52,3.0,2,544.65,0,0,8,1
55,2.01,52,4.16,9,2045.13,1,0,3,0
59,3.33,27,2.77,2,2048.53,0,1,13,0
57,14.13,34,1.66,10,4010.86,0,0,21,0
15,0.94,64,2.25,3,2801.97,0,1,1,0
98,17.2,2,1.85,3,4709.34,0,0,17,1
65,14.04,42,1.5,2,2429.7,1,1,18,0
119,15.48,49,2.51,10,1485.32,2,0,1,0
68,16.8,70,3.16,3,1887.52,1,0,8,1
113,2.89,8,1.29,9,1258.32,0,1,13,1
38,16.54,35,3.42,11,1347.78,0,1,11,0
80,10.34,22,4.97,15,1457.67,2,1,19,1
113,17.77,87,4.86,11,293.35,2,1,4,0
86,17.79,73,4.32,11,4353.31,0,0,1,0
111,0.97,49,2.07,3,2517.69,2,1,7,0
27,7.97,54,1.09,5,331.49,2,0,23,1
11,10.76,11,4.33,12,2346.04,0,0,22,0
17,13.73,82,1.22,15,5451.14,1,0,6,0
84,6.08,31,1.82,7,3165.22,1,0,6,0
106,5.42,23,3.18,1,5923.16,0,0,7,0
63,7.93,85,1.71,14,3331.76,0,0,19,0
47,10.27,66,4.34,1,5784.23,0,0,21,0
57,19.05,26,4.11,15,1370.44,2,0,23,0
36,15.36,60,4.02,10,1881.62,2,0,23,1
29,8.87,18,4.26,13,4259.83,0,0,3,1
21,1.56,72,1.88,2,5923.57,1,0,0,0
52,3.79,50,3.92,1,4986.72,0,0,1,1
70,9.39,63,2.42,1,3411.49,0,0,3,0
40,16.37,76,3.67,14,693.89,1,0,8,0
100,7.92,1,1.49,14,2313.4,1,0,2,0
105,11.0,35,3.82,10,701.27,0,0,20,1
70,17.89,10,4.89,4,2005.43,0,0,0,0
83,18.32,67,1.17,10,1700.99,1,1,4,1
76,4.71,67,1.38,12,2453.62,1,0,10,0
118,1.35,63,1.49,12,5056.2,1,1,10,0
100,6.46,0,2.72,3,1072.18,1,0,10,0
44,14.07,88,2.16,1,1975.17,1,0,14,1
104,19.05,25,4.23,3,1714.48,1,0,0,1
24,2.0,10,2.9,1,1917.62,2,0,10,1
25,1.06,86,2.94,3,2291.62,0,1,5,0
22,17.74,1,3.87,4,1617.01,2,0,16,1
44,15.09,82,2.45,11,5666.97,0,0,17,1
84,19.85,39,2.41,13,2636.59,1,0,10,1
68,8.24,3,4.03,11,861.86,0,0,8,1
30,8.61,79,4.12,14,2912.42,0,1,11,0
63,3.86,36,1.06,14,1269.71,2,1,12,0
84,2.76,60,1.58,8,1453.56,0,0,2,1
39,11.79,90,1.85,3,1853.24,1,1,3,0
57,7.6,4,2.41,3,923.61,2,0,20,1
44,2.07,14,2.17,13,4382.49,0,0,15,0
95,17.8,86,3.67,9,4793.29,2,1,22,1
47,4.37,66,4.31,11,2486.85,1,0,3,0
40,15.1,81,1.77,9,4196.16,2,1,11,0
87,6.0,25,3.25,6,2455.93,1,0,9,0
33,16.35,5,2.47,10,1151.65,1,0,12,0
58,2.81,43,3.02,4,2503.57,0,1,5,0
105,15.24,57,3.48,10,3430.53,1,0,7,0
109,2.41,80,4.57,5,437.77,0,0,10,0
41,9.21,45,1.77,13,3996.01,1,0,16,1
64,14.81,41,1.35,9,4507.13,0,0,5,0
88,3.88,47,3.51,1,5187.83,0,0,14,0
116,6.07,26,2.58,7,796.07,0,0,12,0
67,17.36,19,1.65,15,200.54,2,0,8,0
108,17.76,69,1.47,11,624.94,1,1,14,1
12,1.38,34,3.24,7,5559.88,1,0,18,0
89,3.78,75,2.2,10,4640.22,2,0,18,0
78,2.79,47,4.99,1,5045.53,1,0,9,0
94,4.0,66,2.62,14,3198.68,0,0,4,0
19,19.42,67,1.85,1,3254.98,1,0,14,0
92,11.26,51,3.52,15,1931.33,2,0,2,0
34,9.63,67,1.98,14,5087.97,0,0,15,0
77,19.7,3,2.98,9,5012.66,1,0,4,1
70,11.36,38,2.93,7,2474.59,1,0,4,0
38,13.39,20,2.81,4,2109.75,0,1,23,1
28,6.99,65,4.18,9,4482.56,2,0,1,1
52,7.95,15,1.87,12,351.78,0,0,7,0
75,12.09,6,4.62,5,5187.7,0,0,16,0
83,1.86,82,4.17,3,2788.24,2,1,20,1
70,5.49,8,2.33,2,2759.8,1,0,2,0
52,4.34,16,1.72,9,4080.65,0,1,20,0
34,0.81,90,2.12,4,3945.35,0,1,0,0
29,10.97,11,2.33,7,1742.65,2,1,21,0
57,11.44,56,3.23,1,5671.02,0,0,9,0
92,7.99,44,1.19,9,5920.71,1,0,15,1
96,5.74,10,4.66,12,3250.74,0,1,12,0
33,13.22,12,1.39,9,3456.01,2,0,5,0
20,3.13,30,2.12,10,3415.04,1,0,12,0
119,10.61,76,1.44,6,3017.57,1,0,11,1
107,15.48,25,2.03,6,5682.08,1,1,22,1
64,3.7,62,4.35,14,1619.56,2,0,4,0
37,15.19,30,3.46,15,826.16,2,1,6,0
78,15.34,21,1.91,6,5591.37,1,1,1,0
72,1.67,5,4.49,5,1435.62,2,0,17,1
68,0.87,19,4.2,11,4545.1,0,0,9,1
14,19.49,84,4.01,1,1382.47,0,0,23,0
60,4.27,9,4.39,4,5769.08,2,0,21,0
30,16.53,82,3.48,10,4788.51,1,0,20,0
21,11.46,34,3.01,1,5528.57,2,0,18,1
59,5.66,25,2.5,5,5715.71,0,1,19,0
13,3.03,70,1.9,13,689.66,1,0,23,0
51,10.19,36,3.23,4,2713.66,1,0,9,0
93,8.44,7,4.56,8,3958.98,1,0,6,0
47,14.13,4,3.38,1,4854.25,0,1,12,0
34,18.13,43,4.68,8,1600.54,2,0,12,1
23,16.2,66,2.43,14,5504.71,0,0,10,1
84,5.85,71,3.78,8,1481.66,1,0,18,1
41,17.64,78,3.59,1,5223.82,1,0,21,0
20,16.75,90,3.68,9,3173.73,0,0,6,0
70,18.62,48,3.58,13,3189.45,1,0,1,1
27,9.44,35,1.89,9,2369.23,2,0,11,0
36,15.49,79,1.57,6,800.33,0,1,12,0
64,12.04,25,4.91,1,2213.12,1,1,3,1
63,6.55,44,1.18,7,2675.07,0,0,0,0
91,19.89,60,2.87,7,2978.32,2,0,19,1
96,1.25,43,2.7,9,4486.75,0,1,14,1
84,3.66,3,2.44,1,2242.01,0,0,17,0
30,17.9,75,4.13,14,2558.24,1,1,22,0
53,1.68,80,3.98,15,5455.37,0,0,14,1
14,17.79,57,4.62,8,4564.89,0,0,16,0
96,14.45,25,2.58,14,332.56,2,0,21,0
50,1.22,78,3.26,12,4910.11,1,0,2,0
68,8.87,28,4.57,13,5941.67,1,1,7,0
98,15.21,8,4.98,11,5650.65,1,0,23,0
114,11.87,77,4.88,8,5048.54,2,0,22,1
63,18.75,35,3.87,7,3849.21,0,0,6,0
83,17.42,3,1.57,12,1813.51,0,0,0,0
31,6.99,58,1.09,6,3995.7,0,0,18,0
92,2.15,36,4.3,1,4234.44,1,1,23,1
74,18.91,87,4.36,11,1833.04,0,1,17,0
73,10.59,80,3.99,10,1680.91,1,1,0,1
80,1.95,12,2.12,11,2502.16,0,0,10,0
13,16.42,19,3.56,8,3918.65,1,0,0,1
74,17.44,16,2.26,12,1899.76,1,0,14,0
24,12.97,50,2.8,5,3422.87,0,0,7,0
113,9.23,90,2.53,4,5415.58,0,1,12,0
85,13.41,54,4.65,5,1911.58,2,1,2,0
31,14.28,32,1.94,5,5802.65,1,0,6,1
95,17.91,20,3.31,14,2945.42,2,1,12,1
56,19.14,80,2.44,13,785.27,0,0,17,0
90,10.53,21,3.65,10,519.23,2,0,23,0
102,16.07,24,3.26,3,2164.31,1,0,11,1
55,19.31,66,4.7,4,1700.8,0,0,2,1
23,3.45,90,1.41,4,5093.54,0,1,9,0
59,0.86,90,1.88,8,4478.3,1,0,4,0
29,17.44,11,4.07,5,5330.37,0,1,22,1
59,4.31,14,2.48,6,3617.67,2,0,8,1
42,1.33,83,1.66,10,2725.65,1,1,0,1
68,3.62,85,3.01,2,1769.29,0,1,4,0
52,7.99,1,3.61,9,3582.03,2,1,0,0
88,4.78,3,1.18,8,3784.54,0,0,1,1
21,6.45,44,2.17,8,2479.1,0,0,9,1
49,19.52,12,4.24,10,5632.25,1,0,3,0
29,14.24,54,3.08,5,3911.74,1,0,2,1
103,14.39,31,1.14,5,5057.39,0,0,9,1
47,2.35,21,2.13,15,3798.27,0,0,14,1
12,14.78,88,3.56,3,2035.91,1,0,20,1
37,14.92,90,1.8,13,4472.39,1,0,5,0
65,13.37,54,4.31,11,1535.48,1,0,0,0
99,4.95,16,3.71,2,3660.33,1,0,9,0
103,8.75,69,2.89,9,2533.72,1,1,1,1
22,17.0,50,4.66,15,1069.33,0,0,23,0
86,13.57,79,2.57,6,2596.8,1,0,8,1
75,14.79,7,1.94,8,1999.63,0,0,16,1
46,11.95,60,3.65,4,850.89,0,0,15,0
58,9.27,9,3.29,5,4978.2,1,0,1,0
111,15.3,18,2.34,10,3091.78,0,0,15,1
75,1.82,13,2.37,5,2208.87,0,1,2,0
45,13.63,66,2.59,11,3128.79,0,1,18,0
63,19.95,54,2.16,10,4576.58,0,0,12,0
35,15.71,60,3.84,4,306.11,0,1,5,1
84,6.17,55,3.61,11,3371.16,0,1,6,1
81,5.92,62,2.76,2,2979.07,0,0,11,0
117,13.51,86,2.59,14,5379.81,0,1,13,1
49,17.97,10,2.46,6,3424.64,0,1,21,0
52,11.77,46,2.13,4,996.47,0,1,14,0
31,10.78,5,1.34,14,2454.36,1,0,1,0
29,3.63,33,2.07,11,3802.2,0,0,21,0
17,14.45,64,2.28,4,466.42,1,0,9,1
38,14.19,88,3.19,10,5330.96,0,1,16,0
49,19.36,63,4.1,3,593.14,0,0,22,0
99,6.35,86,2.58,8,377.43,0,1,14,0
39,15.25,81,4.78,6,211.69,0,0,5,0
90,8.96,77,4.31,9,4165.72,0,0,23,0
93,11.39,80,4.94,5,2844.34,0,1,1,0
64,16.42,65,4.5,6,796.34,0,1,0,1
25,4.83,30,3.47,9,5166.01,1,0,8,0
55,7.19,82,3.39,4,1375.78,0,1,15,1
71,15.58,61,1.52,10,2092.68,0,1,15,1
116,11.62,53,3.89,7,1230.78,2,1,13,0
16,2.3,7,3.4,13,5575.19,0,0,22,0
89,8.89,41,3.03,10,4596.79,0,1,0,0
54,11.94,40,3.77,12,4398.93,0,1,1,0
68,18.24,58,2.78,10,455.18,0,1,8,0
120,4.18,39,3.1,11,3231.67,0,0,15,1
65,16.22,21,2.59,11,3537.62,2,0,4,0
57,3.05,23,3.87,6,2418.62,2,1,17,1
36,5.22,37,4.51,6,2066.19,0,0,15,0
62,5.25,1,4.36,6,5141.27,0,1,4,1
96,17.61,40,4.14,14,333.5,1,1,16,1
97,4.38,18,1.06,4,3827.06,0,1,9,0
82,15.85,1,4.65,10,2486.63,1,0,11,0
44,9.51,61,2.1,6,4062.51,0,0,4,0
60,19.98,82,4.55,12,1347.92,0,0,22,1
93,16.86,15,1.79,7,1584.22,0,0,7,1
46,14.92,21,2.76,13,3603.75,2,0,10,0
115,17.48,13,4.0,14,5883.64,0,0,2,1
90,12.86,55,3.56,2,5853.16,2,0,15,1
120,16.95,64,2.66,11,1644.09,1,1,19,1
104,5.59,44,3.71,9,793.64,0,0,10,0
66,2.41,53,3.2,7,3623.99,0,0,17,0
17,12.51,65,2.1,3,2635.9,0,0,16,0
88,8.98,85,3.59,10,4617.78,1,0,9,0
104,8.82,45,1.82,10,3262.31,1,0,23,0
103,10.77,32,3.78,7,3161.4,1,0,22,1
119,7.55,78,1.01,10,3949.47,0,0,10,0
29,12.71,49,3.2,10,933.23,0,0,14,0
112,1.1,21,2.6,14,4127.54,1,1,7,1
62,19.41,39,2.21,5,3033.41,2,0,4,0
21,18.53,38,3.06,9,4956.85,2,1,4,1
58,18.74,40,3.58,6,1004.5,1,1,0,0
26,7.62,74,4.86,11,1944.33,0,1,8,0
73,10.87,67,4.33,13,5711.43,0,0,13,1
51,19.11,6,3.87,7,3407.82,0,0,2,0
103,18.1,84,2.92,4,5589.95,1,1,16,1
38,15.91,70,2.57,2,4196.4,0,0,12,1
28,8.44,3,1.13,15,5573.3,1,0,19,0
119,11.5,75,2.44,11,2043.39,2,0,19,0
20,15.96,90,4.39,4,725.1,0,0,23,0
107,5.82,58,2.54,9,4853.0,2,0,9,0
59,12.72,80,2.85,3,4865.92,0,1,9,0
80,16.64,83,2.09,7,3789.2,0,0,4,0
117,14.3,25,2.1,13,3561.51,2,0,14,1
67,9.85,30,1.25,14,5506.47,2,0,9,0
43,11.9,72,3.46,4,1223.69,1,0,4,1
29,19.78,68,2.79,3,3775.92,2,0,0,0
59,12.24,51,3.42,14,488.67,2,0,12,0
111,15.82,71,3.19,14,1017.02,1,0,3,1
97,14.67,20,4.2,14,2736.18,1,0,23,0
19,14.18,15,4.0,5,4963.0,0,0,7,0
41,14.47,50,4.09,2,4452.17,0,0,19,0
61,9.36,15,3.0,11,5849.57,1,0,2,0
24,9.75,17,2.42,14,460.12,1,1,19,0
110,9.62,46,4.73,10,2411.84,0,0,21,0
93,1.15,55,1.22,14,1120.99,0,0,2,0
12,5.2,27,1.61,4,414.38,2,1,15,0
46,3.51,81,2.68,7,1733.51,1,0,11,0
49,17.79,77,3.46,12,1617.94,2,0,12,1
81,5.86,55,1.03,12,2636.16,2,1,18,0
49,3.2,36,3.88,2,1012.47,1,0,8,0
117,2.84,15,3.23,10,3033.69,0,1,15,0
65,14.15,84,2.94,6,5536.57,0,0,18,0
32,0.62,64,2.69,5,4539.5,0,1,0,0
113,9.69,59,3.08,3,5084.63,1,0,15,0
20,2.82,60,1.65,5,4867.43,0,1,18,0
119,17.07,10,1.43,15,2459.83,2,1,23,0
73,19.19,74,2.16,10,4311.97,1,0,8,1
17,19.2,65,3.84,7,4574.69,0,0,12,0
102,9.12,31,3.35,3,1392.76,1,0,3,1
103,13.07,18,2.92,8,5189.52,0,0,5,0
65,12.19,55,3.29,15,2854.93,0,0,7,0
69,7.33,4,3.24,7,294.89,0,0,6,0
19,9.16,2,2.23,4,3931.63,0,1,7,0
48,1.75,27,1.39,13,4125.23,2,1,10,0
37,16.02,89,4.59,15,3400.22,1,0,2,0
58,5.2,86,3.4,13,1432.01,1,1,3,0
45,9.48,71,3.79,5,2997.21,1,0,0,1
22,9.87,28,2.86,10,2520.74,1,0,19,0
105,11.43,76,4.03,11,5853.18,1,0,4,0
45,16.45,58,3.34,4,4983.13,2,1,1,0
110,13.99,24,1.22,2,4619.02,0,0,13,1
35,13.43,21,4.56,12,1250.23,2,0,12,1
95,10.77,70,2.22,15,2120.03,1,0,16,1
13,2.37,22,1.55,9,2402.33,0,0,12,0
104,8.34,69,1.35,1,3057.24,0,0,20,0
91,19.17,78,3.88,8,375.3,2,1,23,0
73,19.91,78,3.82,4,3639.45,2,0,7,1
47,14.74,39,3.8,9,2275.57,0,0,10,0
97,4.94,13,4.66,3,3457.73,0,1,8,1
96,2.49,28,2.4,7,252.07,0,0,23,1
31,8.59,15,3.24,15,2064.31,0,1,12,0
11,17.2,86,3.48,3,4658.26,0,1,12,0
40,14.58,9,4.92,15,3106.27,0,1,6,0
20,17.74,46,2.25,10,4775.55,0,1,10,0
101,12.51,3,4.83,12,4253.97,0,1,16,0
55,3.04,11,1.59,7,5158.54,2,0,9,1
105,2.74,41,4.06,2,243.17,0,1,0,0
71,1.44,3,3.53,3,1715.69,1,0,7,0
78,11.56,83,4.27,8,3383.05,1,1,14,0
73,5.24,5,1.11,7,5657.9,2,0,4,1
111,14.82,13,1.31,11,4142.78,0,0,21,1
19,13.88,34,1.28,3,2848.21,0,1,19,0
49,6.7,46,3.37,8,954.82,2,0,3,0
119,3.95,57,3.41,13,3060.65,2,0,12,0
33,2.5,64,4.62,9,2758.3,1,0,15,0
108,14.88,18,2.87,2,4714.97,0,0,7,1
53,9.28,56,1.27,2,2597.42,0,0,13,1
69,6.81,64,1.84,15,2049.26,0,0,11,1
71,17.2,12,1.03,7,720.37,0,0,19,0
96,12.08,7,4.11,11,469.71,0,1,6,1
26,10.6,17,4.26,8,2746.98,0,1,23,1
74,15.0,34,4.99,15,2211.8,0,0,22,1
104,16.4,86,2.65,5,3420.88,1,1,4,1
104,13.88,25,1.08,2,4329.18,1,0,14,0
115,9.08,37,1.94,14,432.04,0,0,9,1
66,7.9,83,3.35,10,3078.06,2,1,0,1
64,15.55,65,4.85,5,5199.44,1,0,5,0
115,10.6,25,1.41,3,2839.97,0,1,7,0
62,14.24,56,1.49,13,3223.2,0,0,10,0
65,17.86,24,3.81,9,3023.39,0,1,5,1
107,18.36,29,3.67,2,2460.8,1,0,7,1
18,5.92,81,2.0,9,838.69,0,1,21,1
31,4.16,6,4.25,2,932.87,0,0,17,0
22,5.6,26,1.52,1,1238.72,0,0,21,0
98,15.15,10,4.7,10,4796.87,1,0,13,1
57,7.72,7,1.8,6,1796.93,0,0,8,0
27,3.88,10,1.33,11,5699.12,0,0,12,0
85,2.42,87,2.36,6,4898.99,0,1,17,1
49,6.88,29,1.75,4,4170.34,0,1,13,1
26,3.15,14,3.11,13,4378.28,0,1,2,0
24,3.55,55,3.75,2,476.27,0,1,22,0
115,13.84,34,2.96,13,3496.66,0,1,16,1
24,0.88,38,3.64,10,5658.13,0,1,10,1
88,2.79,23,2.46,12,426.84,0,1,12,0
72,16.97,7,1.11,11,1887.9,0,1,19,0
48,16.98,42,4.9,3,498.77,0,0,19,1
22,6.92,41,4.28,13,3504.5,0,0,9,0
90,2.22,83,1.29,6,873.96,0,0,4,1
41,14.25,40,2.8,4,2979.65,0,0,6,1
18,7.52,46,3.54,5,4375.71,0,0,20,0
49,1.39,25,1.76,11,1153.74,2,1,9,1
29,3.58,51,3.31,9,4581.11,2,0,5,0
99,3.18,87,3.13,5,549.19,0,0,17,1
100,11.99,21,1.83,10,1067.82,0,1,5,0
94,18.01,4,1.56,15,1824.64,2,0,12,0
91,15.96,14,4.04,11,4817.37,1,0,21,1
86,11.16,35,2.29,8,5130.79,2,0,16,0
89,8.73,62,1.98,2,1478.2,2,0,21,1
82,12.56,78,3.95,12,755.55,2,0,22,0
72,9.15,90,3.94,14,5118.13,0,0,6,0
85,5.3,48,2.11,6,3966.33,0,0,2,1
53,13.74,54,4.49,11,1115.56,0,1,23,0
47,17.53,71,3.75,11,3434.76,1,1,6,0
92,7.77,59,2.38,6,5259.75,1,0,19,1
69,16.91,56,2.71,5,603.19,0,1,19,0
80,8.91,28,3.91,15,685.58,0,0,6,1
108,8.33,18,1.85,6,1786.93,1,0,1,1
57,1.05,72,2.88,14,3983.12,0,0,4,1
27,14.06,9,3.61,5,1232.45,1,1,12,1
25,16.25,9,3.16,2,4934.93,1,0,5,0
64,13.44,88,3.43,5,4552.5,0,0,3,0
48,3.45,56,3.18,1,3453.83,0,0,0,0
77,2.51,53,1.8,3,873.19,2,1,10,1
68,11.67,55,2.64,14,5931.68,0,0,0,0
98,8.33,67,3.13,7,3042.2,2,1,18,0
105,8.87,68,4.12,4,2822.02,2,0,8,1
71,19.37,86,3.62,8,5974.3,1,0,17,0
113,14.62,54,2.71,3,5210.44,1,0,13,0
22,8.53,68,4.9,7,2846.93,0,0,20,0
118,0.87,71,1.43,14,2629.06,2,0,6,0
90,1.16,80,1.83,2,756.27,0,0,1,1
110,13.85,0,2.37,14,5573.77,1,0,16,1
15,16.84,11,1.91,8,5093.89,0,0,6,0
92,14.3,34,3.5,15,1998.01,2,0,20,0
86,8.41,77,1.16,13,4569.26,2,0,6,0
69,1.11,81,1.71,3,4623.83,1,0,0,0
99,19.36,73,2.17,13,1521.88,0,0,21,1
23,19.73,78,3.73,6,3759.2,0,0,21,1
104,11.21,32,4.5,2,1679.17,0,1,22,0
63,1.88,82,4.19,7,4781.34,1,0,7,1
13,11.05,24,1.73,13,1092.1,1,0,13,0
48,17.9,15,3.26,4,4079.65,1,0,12,0
81,13.76,7,1.12,6,2090.87,2,1,9,1
34,14.54,34,2.24,2,409.86,0,0,11,0
86,2.16,84,4.22,3,917.49,2,1,12,0
41,2.58,82,2.83,15,3998.42,0,0,15,0
68,2.98,45,1.6,3,1591.5,0,0,20,1
111,18.14,10,2.75,4,3860.01,1,0,12,0
72,10.75,60,1.79,1,2605.97,2,0,14,1
47,15.94,43,2.57,13,4217.74,0,0,3,0
101,2.75,10,2.95,6,3059.1,0,1,4,0
62,18.59,10,2.4,11,1989.57,2,1,13,1
103,16.51,21,4.75,6,1045.75,2,0,4,1
76,4.88,84,3.25,4,2178.37,2,0,6,0
37,17.55,90,4.37,8,3882.39,0,0,13,0
12,5.64,81,4.04,5,4494.75,1,1,1,1
118,4.5,61,3.64,10,1129.97,2,0,1,1
107,5.65,47,2.99,14,4052.78,1,1,0,1
89,18.24,62,1.01,4,1239.82,0,0,1,1
31,18.35,50,3.45,7,1486.55,1,0,1,1
105,6.92,44,2.42,10,3281.64,0,0,20,1
47,14.26,32,1.47,15,1877.37,0,0,22,0
81,13.68,84,2.78,10,4037.25,0,0,12,0
81,16.23,59,3.94,8,5743.5,1,0,4,1
71,6.28,1,4.85,2,1063.57,0,1,19,0
66,10.45,12,2.5,13,3508.96,2,0,14,1
15,13.52,65,3.17,1,5555.14,0,0,21,0
87,1.01,56,4.4,6,1223.87,0,0,19,1
41,7.85,42,2.34,2,2327.74,2,0,14,1
108,14.07,44,1.57,11,916.98,1,0,6,1
19,5.43,30,2.13,8,3923.82,0,0,12,0
12,19.18,9,4.6,13,4081.03,2,0,15,1
68,1.09,22,1.64,5,4052.26,1,0,18,0
85,19.18,85,2.32,2,3344.34,1,0,12,1
58,4.73,28,2.86,11,4528.31,2,0,23,0
68,1.45,30,4.39,12,408.09,0,0,23,0
40,6.2,77,4.75,5,5753.58,0,0,2,0
102,15.83,73,2.7,2,1488.16,2,0,22,1
78,15.17,17,4.73,6,905.06,0,0,0,0
71,4.57,10,1.65,8,5658.59,2,0,4,1
61,4.34,46,1.63,2,5016.53,0,0,8,0
98,13.03,2,4.8,6,4636.25,0,0,17,1
50,9.43,1,3.04,6,807.53,0,0,2,0
40,15.95,53,1.74,1,4883.67,1,0,19,0
94,0.97,71,2.95,9,3732.34,0,1,1,1
93,12.4,30,4.13,15,4445.07,0,1,21,0
112,14.75,7,4.31,12,5872.81,2,0,20,1
31,19.87,42,4.46,8,1327.76,2,0,4,0
13,13.74,47,3.28,12,3125.42,0,0,23,0
22,5.02,1,4.47,14,4569.44,0,0,13,0
54,2.61,21,3.04,4,2715.21,0,0,21,0
51,13.0,4,3.43,7,516.99,2,1,0,0
58,10.7,6,4.03,4,846.35,1,0,16,1
29,18.03,19,2.7,8,3692.13,2,0,20,0
86,14.67,76,1.29,10,1853.02,2,0,12,1
90,10.44,1,2.4,2,999.48,1,0,11,0
63,8.37,31,3.5,2,2171.37,0,1,18,0
45,8.39,89,1.77,3,1365.69,0,0,11,0
106,4.91,2,1.59,14,338.85,2,0,7,1
10,0.84,40,2.17,4,1080.52,1,0,10,0
24,11.71,41,1.13,11,5321.85,2,1,1,0
86,4.64,76,3.97,13,269.82,2,0,4,1
26,4.56,84,2.03,6,4688.33,0,0,21,0
33,2.94,44,1.5,15,4570.07,0,0,2,0
67,4.2,86,3.8,5,3472.58,1,0,14,1
81,1.12,70,4.37,10,1409.0,0,0,13,1
100,13.65,16,1.08,13,5292.74,0,0,23,0
118,8.33,46,1.93,10,2955.44,0,0,7,0
32,11.45,68,4.78,7,1204.6,2,1,5,0
55,12.92,23,2.54,6,2688.33,2,0,8,0
81,19.46,70,4.75,14,1330.52,0,1,18,1
17,1.83,33,2.1,15,2380.85,1,0,2,0
68,8.65,49,1.87,15,3080.79,1,0,23,1
99,5.3,41,1.86,4,2287.43,1,0,12,0
120,9.8,32,1.34,11,4010.86,1,0,9,0
68,18.45,26,4.59,10,5628.32,0,0,3,0
22,14.62,77,4.92,9,2219.27,0,0,0,1
48,13.41,58,4.82,7,2263.29,0,0,7,1
110,9.1,18,4.41,1,4482.15,2,1,7,0
37,13.59,75,4.39,8,3277.43,1,1,13,0
98,1.13,2,3.64,4,2687.27,2,0,20,1
70,11.93,70,4.3,7,4920.09,0,1,13,1
25,11.3,24,1.83,11,5368.01,1,0,11,0
11,7.26,14,2.55,2,3625.4,1,0,1,1
91,4.43,82,3.56,12,1273.6,1,0,6,0
26,16.25,59,4.5,3,2904.46,0,0,3,0
39,1.55,82,3.64,1,3125.35,0,0,23,0
112,1.86,22,4.36,2,2706.8,0,0,9,0
22,9.09,10,2.9,11,1722.1,2,0,10,1
105,5.42,58,3.87,5,2939.47,1,0,21,1
102,15.04,84,4.92,2,2789.97,0,0,22,1
119,12.87,33,1.61,13,1415.06,0,1,9,1
103,15.56,6,4.71,6,5439.9,0,0,17,0
91,6.83,43,3.09,6,5334.98,1,1,20,0
22,14.94,90,3.57,6,4605.78,1,0,3,0
52,17.31,63,4.51,12,2525.49,2,0,18,0
94,7.23,22,2.64,11,2347.98,1,0,6,1
103,7.13,57,2.67,14,4355.5,0,0,0,0
30,18.05,19,3.11,15,3727.09,0,0,13,0
64,1.47,26,1.08,3,3683.47,0,0,12,0
90,7.33,59,2.99,11,919.85,0,0,5,1
49,2.81,7,2.16,3,3786.05,1,0,18,0
92,1.07,66,4.71,10,5430.81,0,0,22,0
24,2.7,1,1.35,7,697.74,0,1,8,0
82,8.91,21,2.84,13,2167.19,1,0,2,1
61,13.9,69,4.79,13,3152.28,0,0,16,1
83,6.14,35,4.6,4,4178.86,0,1,18,0
117,17.07,23,3.81,6,719.88,1,0,15,1
104,9.03,11,3.36,12,5262.28,2,1,3,0
62,19.38,80,2.12,8,435.16,0,0,15,0
96,19.11,21,2.47,3,5174.6,1,0,18,1
61,15.58,82,1.36,9,360.38,1,1,22,1
39,18.68,72,4.14,9,1090.44,1,0,11,0
42,14.29,75,2.3,15,4841.88,1,1,6,0
66,17.96,80,3.67,3,5188.95,2,0,19,1
61,5.11,22,2.43,6,5897.14,0,0,8,1
18,7.24,73,2.86,5,871.15,0,0,1,0
63,15.18,62,3.22,4,3253.42,1,1,22,0
120,8.78,29,4.21,8,647.5,2,0,7,0
10,16.83,18,1.84,10,1107.16,0,1,23,0
53,17.61,25,2.6,9,1212.06,1,0,9,0
108,6.34,89,1.52,15,567.65,0,0,0,0
84,16.56,10,1.3,12,5379.28,2,0,17,1
107,3.51,19,3.42,9,932.86,1,1,7,1
89,7.02,55,1.76,5,3850.18,0,1,12,0
18,10.6,44,1.24,5,3829.33,1,0,6,0
41,4.92,67,4.59,11,1352.14,1,1,13,0
24,11.8,46,3.14,3,5990.79,0,1,6,0
21,11.78,75,1.54,9,2214.73,2,0,16,0
106,4.53,88,1.21,1,5449.55,0,0,17,1
118,16.02,57,1.48,12,5700.05,0,0,1,0
87,12.82,9,2.89,3,5704.14,1,0,2,1
66,6.7,21,3.67,7,4566.46,2,0,18,1
17,5.03,70,3.57,7,1672.07,0,1,2,0
81,17.64,23,1.58,5,899.8,1,0,11,1
36,16.8,65,3.53,6,3505.33,0,1,3,1
71,4.98,84,2.62,4,2288.23,2,1,3,1
21,1.19,60,2.86,8,5020.03,0,1,8,0
74,16.19,6,4.21,4,4520.94,1,0,2,1
116,12.5,71,2.33,10,1803.52,1,0,2,0
113,2.47,37,1.59,15,298.69,0,1,19,1
51,11.95,20,4.49,6,1576.43,0,0,21,0
71,9.32,7,1.85,5,3489.27,0,1,4,0
20,15.6,88,2.18,12,658.19,2,0,15,0
112,4.58,27,3.83,14,4017.98,0,0,18,0
52,9.34,53,3.73,10,4095.84,2,1,23,1
104,3.55,30,4.2,6,1182.48,0,0,4,0
26,19.17,88,1.74,3,3658.65,0,1,7,0
106,15.69,40,2.41,13,3720.43,2,0,11,0
41,14.87,36,1.5,3,2972.27,1,0,5,0
102,13.96,37,3.16,10,5728.83,1,0,1,0
94,8.76,50,2.17,7,827.35,2,0,14,0
94,18.5,75,3.76,13,2558.43,2,0,15,0
49,1.92,36,1.0,1,5320.94,0,1,22,0
32,16.16,30,1.24,1,2440.62,0,0,3,0
65,4.7,61,2.73,1,2662.91,0,0,14,0
15,6.82,17,4.83,6,4075.99,2,1,6,1
95,10.63,89,4.56,4,4060.27,0,0,14,0
59,15.76,5,4.98,14,332.83,1,0,15,0
111,16.85,8,2.67,6,2843.05,2,0,16,1
46,11.88,10,1.19,14,2134.37,1,0,4,0
118,8.36,1,2.22,14,3840.63,0,1,5,0
73,18.96,28,3.7,15,3423.07,0,0,3,0
63,5.31,50,1.54,1,3975.0,0,0,9,0
81,16.16,68,2.2,4,3991.85,0,0,21,0
114,12.43,22,1.22,4,1678.26,0,0,0,0
58,7.85,6,2.9,2,1629.5,0,0,7,0
108,0.53,55,1.84,1,2347.64,2,0,5,1
20,9.21,76,1.36,13,1603.36,2,0,9,1
97,5.9,61,2.64,8,4160.29,2,0,3,0
58,2.53,73,2.4,6,3696.62,0,0,20,0
30,1.97,79,3.15,4,1455.04,2,0,23,0
75,7.28,14,4.0,2,5327.81,1,0,12,1
72,12.49,52,1.45,12,2871.84,2,1,17,0
113,16.83,42,4.16,13,936.91,2,0,19,1
92,4.08,82,1.11,5,1435.2,2,1,22,1
112,8.78,84,2.77,9,3331.13,0,0,1,1
37,8.14,34,3.35,7,2162.86,1,1,5,1
26,10.51,78,4.83,4,5137.09,1,1,10,1
15,16.29,13,3.3,15,3069.47,0,1,11,0
28,11.3,68,1.63,5,5508.71,0,0,8,0
65,17.01,48,3.07,8,790.59,0,1,10,0
111,10.61,17,2.58,11,4077.84,2,0,14,0
37,12.28,50,2.92,13,5337.55,2,0,12,0
75,9.03,0,1.79,5,1899.0,1,1,1,0
47,16.55,26,3.0,12,986.99,1,1,19,1
46,18.51,63,1.6,6,2848.54,0,1,13,0
77,12.96,59,3.98,13,5775.74,1,1,9,0
95,16.51,90,3.38,10,3874.08,0,0,14,1
99,1.65,88,1.31,6,3935.07,0,1,20,1
58,18.17,40,4.56,8,4094.71,2,0,9,0
52,4.18,20,3.47,13,430.62,1,1,23,0
45,5.5,13,2.26,11,2784.77,1,0,20,1
67,1.54,19,1.18,5,649.92,0,0,20,1
22,19.33,84,3.53,1,2031.98,0,1,8,0
61,17.11,86,2.49,4,4965.27,1,0,5,0
67,18.31,10,4.63,3,4006.37,0,0,20,0
41,17.02,65,1.14,2,5974.32,0,0,2,1
90,9.85,83,1.16,7,1198.5,0,0,11,1
114,18.52,23,4.8,13,2502.91,0,1,16,0
109,19.4,88,4.86,13,4895.91,0,0,21,1
69,10.3,36,1.11,7,1451.01,0,1,11,0
119,3.92,85,3.86,15,1091.59,1,0,3,1
92,13.34,23,1.89,8,2680.15,0,1,13,0
67,19.52,14,3.81,15,2425.61,0,1,7,0
108,17.51,11,4.47,10,5885.19,2,0,17,1
119,17.31,63,1.4,15,2846.26,0,0,1,0
113,18.71,30,1.96,5,5193.49,0,0,13,0
65,17.93,52,1.1,15,5350.2,0,1,3,0
37,15.64,83,1.18,1,1115.66,0,1,1,0
10,14.51,71,1.12,6,4348.77,0,0,5,0
51,5.66,43,4.2,6,1810.12,1,0,7,0
91,12.62,29,2.19,11,749.49,0,1,2,0
57,10.67,34,2.97,8,5273.29,0,0,14,0
49,17.31,20,4.15,13,1896.11,0,0,18,1
106,10.09,62,2.98,10,2203.12,0,1,19,1
72,2.99,16,2.72,15,2079.14,0,1,4,0
85,0.6,11,1.05,2,1361.71,0,0,18,0
81,13.72,17,3.27,11,2720.12,2,0,5,0
97,11.22,59,1.5,9,2684.1,0,1,20,0
89,6.95,66,4.06,11,2570.76,2,0,23,0
13,3.79,14,2.03,13,5514.53,2,1,9,0
47,9.6,15,3.7,6,2170.56,1,1,3,1
117,2.46,21,3.58,1,376.2,1,0,21,1
36,7.05,62,3.47,9,1234.93,2,0,8,1
18,7.89,30,2.07,8,4384.68,0,0,21,0
120,9.58,0,2.07,10,3626.98,0,0,9,1
25,9.6,74,4.45,1,5720.06,0,0,4,0
65,5.51,5,1.05,8,4227.72,1,0,15,0
85,17.08,86,1.73,13,1326.6,0,0,10,0
40,7.43,8,3.44,7,899.74,2,0,23,1
97,4.98,51,4.27,5,3220.41,0,0,3,1
23,3.93,79,2.43,15,4058.52,2,0,11,1
118,6.79,61,3.61,13,1160.69,0,0,21,1
34,1.82,57,3.23,6,3689.82,1,1,22,0
43,1.14,18,1.26,4,5217.17,1,0,9,0
76,12.3,12,3.49,9,4419.9,0,1,21,1
33,12.57,31,4.26,9,4052.31,2,0,23,0
115,10.83,8,4.97,13,4778.12,0,0,1,1
82,15.36,48,1.12,15,803.68,0,0,20,0
35,1.26,36,3.64,10,1382.22,2,1,18,1
29,18.75,30,2.66,14,420.98,0,1,19,0
73,2.35,30,1.04,1,1040.87,0,1,9,1
113,13.64,58,3.46,12,5496.46,0,0,23,0
19,3.1,54,1.49,9,1488.44,1,0,11,1
92,17.66,18,2.51,3,4040.16,1,0,1,1
76,10.46,62,2.05,12,4211.09,1,1,6,0
33,2.1,1,2.44,2,3942.89,1,0,0,1
14,12.53,44,2.97,4,3412.74,0,1,10,0
76,0.68,42,2.44,4,3019.56,0,0,18,0
67,15.63,0,3.21,9,2635.54,1,1,12,0
36,13.19,84,1.95,4,5518.01,1,1,23,0
89,4.65,60,3.54,5,255.18,0,1,17,1
24,7.81,2,4.42,6,510.24,0,1,12,0
44,0.65,90,1.9,4,3056.57,2,0,22,0
85,14.03,43,3.03,1,2116.96,2,0,16,0
114,6.79,6,3.59,13,2567.74,1,1,13,1
62,11.65,32,3.26,2,5987.52,0,0,15,0
53,19.16,8,2.46,3,4695.78,1,1,18,0
35,6.34,29,3.57,4,5288.97,0,0,11,0
56,19.81,17,1.11,5,2337.73,1,0,17,0
43,12.84,55,2.48,13,1589.45,1,0,11,0
96,5.22,89,3.13,10,4654.34,0,1,11,0
104,9.02,83,1.08,10,4883.94,0,0,17,0
59,14.94,30,3.03,3,3389.41,1,0,9,0
93,9.21,71,3.62,11,5396.46,2,0,1,0
21,1.84,62,4.04,1,5810.49,1,0,19,0
96,3.79,86,1.45,11,2931.92,1,0,5,0
13,15.93,49,4.96,11,1491.47,0,0,0,0
96,13.14,88,3.42,15,3199.26,1,0,6,1
57,11.61,0,2.45,8,5939.29,1,0,22,0
64,3.77,81,2.0,8,1898.98,0,0,0,0
10,16.84,18,3.29,13,3782.08,1,1,9,0
98,19.23,63,4.53,4,4225.11,1,1,12,0
75,1.3,52,3.08,15,1440.79,1,0,8,1
39,2.02,5,3.65,7,3613.06,0,0,14,0
12,17.75,16,2.43,15,2024.14,0,0,23,0
30,16.4,45,2.55,4,5154.42,2,0,17,0
98,12.55,71,2.14,14,4345.57,0,1,6,0
93,18.93,72,3.82,3,4992.35,0,1,1,1
58,13.11,54,2.44,7,1358.16,2,0,13,0
95,4.71,90,1.76,14,400.53,0,0,19,0
94,14.71,5,2.48,6,5133.05,0,1,4,0
71,13.09,69,4.42,1,2443.17,0,0,9,0
106,19.72,67,3.95,9,1242.39,2,0,18,0
47,4.67,85,2.34,12,732.99,0,0,22,0
24,12.16,39,4.63,2,3195.7,1,1,6,0
119,15.71,90,1.3,13,1070.74,1,0,5,0
61,7.11,65,1.2,3,3486.81,0,0,22,0
88,7.9,8,1.51,5,4418.38,0,0,2,0
55,17.81,10,1.47,15,3303.34,0,0,22,0
34,8.38,19,1.35,3,5441.46,2,0,12,0
30,12.68,42,3.65,3,1102.3,2,0,6,0
97,17.84,57,3.4,8,3064.93,2,0,1,1
14,4.59,77,3.59,14,1146.5,0,0,18,0
79,19.65,25,3.75,4,5280.23,0,0,3,0
116,14.19,37,4.03,13,5606.99,1,1,23,1
117,10.17,35,1.83,13,2519.98,1,0,0,1
56,8.9,54,3.49,10,1973.34,1,1,10,0
96,19.11,5,3.32,2,1820.03,2,0,1,1
77,4.51,2,4.77,5,5186.42,2,0,1,1
100,6.58,64,1.93,2,4158.16,0,0,13,0
27,6.5,63,1.23,10,5307.44,1,0,17,0
30,6.14,57,3.61,11,881.6,1,0,10,0
101,9.64,57,3.96,12,2960.96,1,0,1,1
108,19.79,17,2.13,8,4121.84,1,0,22,1
95,17.83,22,3.28,15,5403.13,2,1,5,1
113,6.9,28,1.24,3,2415.71,1,1,6,1
32,8.75,22,4.84,14,2015.92,0,0,21,0
73,13.55,35,1.44,2,5495.2,0,0,9,0
76,0.83,69,1.27,3,475.69,2,0,0,1
49,16.49,80,1.18,3,2981.65,2,1,5,0
19,17.66,81,2.71,1,2860.03,0,1,19,0
98,17.22,5,1.39,3,1047.13,1,0,13,0
61,7.81,33,3.98,3,2490.71,0,1,5,0
81,9.51,43,4.6,4,4391.08,0,1,8,0
84,0.74,43,2.04,13,2327.84,0,1,23,1
70,8.29,26,3.52,8,1996.03,0,1,4,0
73,9.48,51,1.17,9,4734.99,0,0,9,0
14,18.19,41,2.55,1,5934.55,1,1,6,0
118,17.93,24,2.17,1,4720.24,2,0,7,1
62,19.34,73,1.91,6,5108.79,1,1,20,0
64,17.76,38,3.58,1,5649.1,0,0,11,0
46,0.66,38,1.52,12,4850.28,0,1,7,0
65,13.01,11,4.44,5,5886.05,0,1,9,1
68,1.83,10,3.66,14,4534.25,0,0,8,1
118,5.82,2,3.84,12,4036.83,2,0,20,1
111,11.78,21,4.74,1,4221.42,0,1,23,0
102,14.16,3,4.77,13,5420.47,0,1,15,0
78,13.27,7,3.21,8,4161.45,0,0,14,0
82,1.46,13,2.98,12,4614.99,2,1,8,0
68,2.52,83,2.34,5,1452.86,1,0,13,1
11,3.01,87,3.86,6,5493.37,1,1,0,0
74,2.28,13,3.15,4,2793.84,1,0,22,1
113,3.98,15,4.73,15,1134.19,0,0,15,0
69,13.93,31,1.95,13,4838.77,2,0,6,0
60,16.7,63,2.24,8,2267.08,0,1,10,0
39,8.47,75,2.26,12,1267.89,1,0,1,1
20,14.01,15,4.22,9,1686.26,0,1,17,0
101,4.4,51,1.4,9,402.7,0,0,23,0
117,19.48,18,2.82,1,725.61,2,0,6,1
85,7.32,68,2.71,14,3637.22,1,1,2,1
48,16.99,11,1.29,7,5224.06,0,0,15,0
99,18.93,4,2.64,4,2801.48,1,0,3,1
86,17.36,41,3.05,13,3831.14,0,0,2,0
81,1.81,16,1.26,13,4896.45,2,0,3,1
72,13.18,71,3.04,10,2269.26,1,0,12,0
73,2.84,9,4.84,11,3995.02,0,0,20,0
70,0.61,83,4.92,8,2232.51,0,0,13,1
63,1.51,15,3.13,15,3927.75,0,1,9,0
101,18.36,15,3.06,7,1462.12,1,0,13,0
103,18.22,41,2.14,1,5871.47,0,0,16,1
82,4.9,2,4.99,1,641.83,0,0,21,1
112,11.17,22,2.1,1,3130.35,2,0,13,0
104,19.12,85,2.81,2,1860.52,0,0,4,1
67,10.19,27,1.01,10,3684.86,0,0,20,0
94,8.17,44,2.4,2,2684.18,0,0,2,1
65,9.92,67,1.29,9,1978.66,0,0,18,1
120,15.91,23,3.98,5,1650.22,1,0,14,1
43,9.81,18,3.24,1,1258.49,1,0,8,0
40,15.77,74,3.29,7,4740.7,0,0,23,0
61,8.92,39,2.15,10,1488.76,0,1,8,0
98,5.41,45,4.26,2,4686.45,0,0,9,1
85,6.87,39,1.01,3,3013.22,0,0,15,0
10,2.02,61,2.33,4,618.92,0,0,7,0
64,10.2,17,3.64,3,1159.57,0,0,6,0
31,3.39,11,4.63,3,5378.85,0,1,13,1
49,16.33,13,1.94,9,3696.33,1,0,17,0
110,8.7,81,3.16,12,1269.13,0,0,14,1
120,15.42,60,3.15,15,4281.84,1,0,11,0
10,19.11,11,4.5,4,4974.92,0,0,20,0
74,17.06,26,1.2,8,2117.79,1,0,9,0
72,19.05,5,2.7,1,3428.25,1,0,22,0
115,11.57,87,1.73,13,1902.01,1,0,4,0
63,3.72,32,1.09,6,664.36,0,0,16,0
51,18.74,79,1.59,15,2517.15,0,0,5,0
30,17.44,49,4.91,1,4558.31,2,1,21,0
88,17.36,11,1.86,5,2860.35,0,0,21,0
90,14.02,56,4.74,7,2550.56,0,0,18,0
31,12.69,52,1.82,13,2322.84,2,1,16,0
47,0.79,12,4.73,12,2861.72,1,1,13,0
108,15.09,71,3.62,1,2045.73,2,1,15,1
118,2.28,2,1.45,9,3750.67,0,0,6,0
89,5.57,63,3.33,12,568.68,0,0,14,0
17,11.25,83,2.27,11,4882.85,0,0,21,0
71,9.31,57,2.53,9,1204.37,1,1,13,1
56,0.81,3,2.76,6,3873.98,0,0,20,0
26,16.57,44,2.69,15,2809.32,0,0,18,1
26,17.64,65,3.66,14,4686.26,1,1,12,1
99,13.8,35,4.07,2,4991.61,0,1,21,0
22,11.05,22,2.32,2,1384.36,1,0,9,1
26,19.23,18,4.7,9,4127.64,0,0,13,0
47,2.84,39,4.75,13,1301.46,0,0,13,0
90,14.89,71,1.16,14,919.19,0,0,11,0
87,3.0,15,1.06,14,5595.72,1,1,23,1
54,7.95,57,2.7,4,1153.46,0,0,7,0
15,11.92,17,3.36,15,1523.17,2,0,7,1
44,14.87,35,2.11,6,955.88,1,1,16,0
119,0.57,23,2.04,13,2927.69,1,0,22,1
23,5.58,0,3.71,10,5533.72,2,0,16,0
120,10.99,0,3.41,2,1731.52,0,0,6,0
81,10.89,63,1.67,15,3342.74,1,1,17,1
70,12.93,61,4.54,4,2586.46,0,0,18,0
24,6.43,35,3.72,2,2148.85,2,1,9,0
63,11.04,74,2.45,15,3518.49,1,0,17,0
36,4.2,17,3.73,3,3441.58,1,1,0,0
22,4.14,15,1.45,2,2284.33,0,0,15,0
40,11.74,16,2.87,14,5133.27,0,0,4,0
44,13.87,23,1.68,8,508.4,0,0,7,1
69,2.85,67,1.17,5,694.38,1,1,11,1
15,2.89,78,2.35,5,5946.53,0,0,21,0
78,11.52,1,1.6,8,4536.56,0,0,19,0
95,5.77,72,3.53,11,4862.79,1,1,12,1
67,8.15,9,3.7,15,3695.67,2,0,16,1
58,8.31,52,1.59,8,2635.19,0,1,9,0
32,3.98,88,1.1,13,3849.52,2,0,1,1
98,0.53,50,4.17,7,736.99,0,0,17,0
43,17.14,68,1.01,5,4595.06,0,1,2,0
35,14.44,13,2.38,7,3336.31,2,0,17,1
56,13.97,65,2.98,13,5749.04,0,1,19,1
14,11.16,81,4.27,1,3897.36,2,0,19,0
99,14.17,52,4.35,3,1079.82,0,0,20,1
29,18.75,83,3.9,15,2969.79,2,0,2,1
15,13.48,63,1.99,3,535.37,0,0,21,0
79,5.67,71,3.88,2,4523.49,1,0,9,1
68,11.63,48,1.99,6,3110.62,2,0,10,1
73,9.13,89,1.86,3,2343.99,0,0,3,0
27,11.35,61,3.19,15,5817.59,0,1,22,0
13,10.59,36,3.72,4,5655.47,0,0,3,0
26,17.25,48,1.21,3,5726.43,2,1,14,0
23,13.21,67,1.24,7,1481.63,0,1,15,0
87,4.18,32,4.14,4,4425.7,1,1,6,1
22,1.73,21,4.44,5,5683.22,1,0,0,0
16,8.78,69,3.42,14,3511.05,2,1,12,0
53,0.8,32,2.72,7,1442.13,0,0,16,0
24,6.71,27,4.38,4,4943.31,2,0,20,1
28,7.68,87,3.92,14,5303.53,0,1,23,0
72,7.82,3,3.32,6,4278.77,1,0,7,1
116,19.6,65,2.28,9,1902.61,0,0,5,1
120,6.43,76,1.79,15,1306.02,0,0,5,1
117,5.67,48,2.67,6,3820.76,2,0,17,1
44,3.02,10,2.15,5,3000.24,0,0,3,0
90,10.46,34,2.36,15,4078.94,0,1,14,0
44,3.5,38,3.06,15,847.86,1,0,7,0
28,12.52,9,1.68,12,988.3,1,0,1,1
29,3.53,73,4.22,14,2304.76,0,0,21,0
109,11.75,71,1.58,13,1700.81,1,0,18,0
44,16.61,68,2.92,1,3792.16,1,0,22,0
41,1.33,22,3.98,8,2331.74,2,0,8,1
57,8.69,33,2.94,5,4167.03,1,0,23,1
53,9.49,31,2.44,5,4659.03,0,0,11,0
113,15.93,15,2.9,3,1285.57,0,0,7,0
33,9.62,67,4.39,10,5534.98,0,0,17,1
70,11.57,53,4.96,12,4765.53,0,1,5,0
26,15.93,27,3.52,2,3835.33,0,0,12,1
80,11.42,59,4.17,1,5471.79,2,0,1,0
116,7.49,77,1.06,9,1742.04,2,1,17,0
59,2.17,75,4.52,5,2645.94,0,0,8,0
74,14.73,59,4.82,10,697.56,0,1,0,0
108,17.49,84,3.3,12,2845.85,0,0,5,1
41,19.42,79,4.02,15,3137.12,0,0,13,0
45,18.57,43,3.05,4,3773.19,2,0,5,0
22,16.05,1,2.14,7,571.43,1,0,17,0
79,13.05,22,4.41,13,388.3,2,0,10,1
67,15.74,45,3.39,4,2635.36,1,0,6,1
23,8.93,72,3.32,11,1296.97,1,0,3,0
46,12.1,53,3.64,15,4600.97,1,0,3,0
88,7.3,70,4.42,2,4078.67,0,0,10,0
120,6.87,80,3.93,9,2089.8,0,1,17,0
77,15.26,8,1.84,8,465.54,2,1,14,1
49,9.35,69,2.87,12,1258.17,0,0,8,0
68,4.64,43,4.92,15,4211.74,0,0,15,1
89,4.44,83,3.22,4,5942.96,1,1,11,0
101,17.25,73,4.75,8,2093.47,0,1,13,0
25,13.72,72,4.25,12,4851.58,1,0,14,1
71,11.15,11,3.66,13,5229.16,0,0,21,0
13,8.32,31,2.4,9,479.45,2,0,12,0
54,8.9,33,2.22,15,5514.09,0,0,6,0
99,1.62,82,3.57,2,2903.98,0,1,3,1
37,9.37,32,2.73,4,5792.6,0,0,13,0
105,16.01,63,4.2,11,3323.62,0,0,15,0
118,8.07,47,4.04,6,1563.83,1,1,0,1
75,7.98,15,2.25,7,5853.08,2,0,8,0
40,0.81,49,3.81,5,1611.17,1,0,12,0
12,9.43,22,2.98,10,5318.37,0,1,16,0
17,0.99,25,2.29,12,1204.15,0,1,19,0
33,11.62,53,2.65,10,4113.65,0,0,22,1
24,10.38,43,4.58,13,2585.49,1,0,18,0
52,16.88,36,2.44,7,5837.71,0,0,20,0
40,11.84,8,2.15,14,1271.68,1,1,4,1
82,6.81,12,2.41,11,2571.01,0,1,23,1
112,10.57,59,1.86,15,3910.7,0,0,8,1
54,14.14,79,3.18,4,5870.2,2,0,0,0
75,2.33,1,1.59,8,1962.41,2,0,1,1
17,12.61,59,4.27,3,2501.85,0,0,13,1
80,18.37,56,1.9,13,2878.39,0,0,4,0
117,6.33,42,3.39,3,1665.66,1,0,0,0
112,12.72,18,1.5,5,4940.66,1,0,15,1
115,16.52,10,4.91,6,733.57,2,1,5,1
66,10.48,77,2.82,3,4287.78,0,0,5,1
89,14.5,46,4.29,10,3296.79,0,0,2,0
108,6.56,88,4.07,15,1603.18,0,0,19,1
39,6.47,62,3.85,2,3058.42,1,0,18,0
83,13.52,6,4.31,5,5013.7,1,0,4,0
111,14.26,78,1.4,10,2783.56,1,1,13,0
27,18.77,30,3.71,6,907.01,2,1,18,0
78,4.88,87,2.06,3,436.65,0,1,1,1
102,9.63,54,4.14,7,4711.22,1,0,14,0
48,5.39,24,4.83,3,2116.51,2,0,12,0
69,2.06,71,4.61,15,5601.22,2,1,5,0
107,8.36,29,1.46,12,3779.45,0,0,0,0
52,7.79,35,2.48,13,2730.45,1,1,8,1
54,5.77,49,2.46,2,3473.9,1,1,10,1
32,6.29,13,1.49,14,2851.37,1,0,15,0
78,7.53,28,1.39,13,5453.7,0,0,13,0
103,19.78,26,2.54,10,2856.53,1,0,9,1
15,15.77,49,4.97,4,803.57,1,0,18,1
65,1.89,35,3.28,3,3663.11,0,1,18,0
119,17.51,33,3.49,7,3813.29,0,0,7,1
117,12.85,20,2.88,8,4638.91,0,0,15,0
13,17.87,37,3.65,3,5613.05,1,1,11,0
102,7.16,74,4.83,6,2769.87,1,0,5,0
32,9.56,78,3.35,1,2242.04,0,1,2,1
15,17.98,75,1.26,5,3046.47,1,0,5,0
41,5.82,87,2.97,2,5421.15,0,1,5,0
115,18.35,49,4.97,1,5883.9,0,0,2,0
27,16.66,36,2.55,13,5833.16,0,0,11,0
24,19.62,74,3.38,7,1532.23,0,0,10,1
49,6.82,18,1.43,10,3081.99,1,0,5,0
105,5.1,0,1.56,4,1704.95,2,0,7,1
82,6.95,80,4.5,5,2334.3,0,0,18,0
110,19.12,39,2.2,2,383.77,2,1,15,0
83,6.99,54,2.22,8,1131.49,1,1,17,0
93,11.52,79,2.55,15,2503.04,0,1,11,0
15,8.37,25,4.87,11,2315.29,0,1,14,0
72,8.23,42,1.34,13,1817.23,1,0,6,1
76,4.27,58,4.28,10,1535.8,1,0,11,0
115,10.97,50,2.37,14,4543.94,0,0,23,0
20,17.06,14,4.4,3,1908.39,0,0,12,0
52,1.46,7,4.97,7,4297.95,2,1,16,0
26,17.84,13,2.39,11,2338.03,0,1,12,0
105,13.48,6,1.52,1,4851.48,2,1,16,1
13,12.53,17,1.58,10,1169.95,0,1,10,1
72,12.71,11,4.03,1,1114.1,0,0,0,0
77,6.28,1,1.58,14,4142.1,0,1,10,1
90,8.6,49,2.04,7,5506.51,0,0,19,1
50,16.09,20,1.82,1,1029.32,0,1,11,1
92,6.47,6,2.42,12,627.49,0,0,2,1
14,9.67,90,1.3,9,5620.9,1,0,6,1
41,0.88,11,4.43,9,880.5,0,0,5,0
95,14.8,83,4.44,8,1652.13,1,0,2,1
79,8.65,56,2.65,8,5591.07,2,0,18,0
44,10.74,77,3.45,15,4856.92,2,0,20,0
31,2.74,73,3.57,4,2188.0,0,1,19,0
74,19.84,22,4.0,4,5736.26,1,1,8,1
93,6.4,29,3.08,5,3494.68,1,0,11,0
31,12.88,57,3.04,9,619.04,0,1,0,0
20,11.83,51,3.53,3,4277.79,0,1,15,0
86,15.81,55,3.81,4,3316.21,0,0,16,1
115,6.23,9,2.39,10,3521.01,1,0,12,0
12,15.24,18,2.32,5,5965.8,2,1,11,1
18,7.96,18,2.08,7,1084.58,2,1,20,0
69,8.52,86,3.2,5,4009.42,1,0,14,0
85,13.62,58,2.44,9,2860.7,0,0,7,0
96,15.79,43,3.16,6,1776.98,2,1,3,1
23,13.5,58,2.62,3,4222.56,1,0,13,0
106,18.05,83,4.35,6,4075.63,0,0,22,1
27,6.06,3,1.29,6,5167.67,2,0,2,1
114,18.06,64,3.29,15,5297.44,0,0,5,1
82,3.05,12,3.3,12,3458.55,0,0,5,1
32,13.36,66,2.53,10,2088.32,1,0,20,0
83,11.18,11,2.68,1,3271.57,2,1,15,1
92,10.15,54,4.2,7,2283.68,0,0,7,0
56,6.56,60,2.12,3,1808.67,1,0,0,0
78,10.32,40,4.49,1,3399.14,0,1,10,0
56,3.65,35,4.59,1,4016.02,1,1,11,0
96,7.7,1,3.6,5,3625.31,0,1,10,1
39,2.42,21,4.09,14,5735.63,2,0,12,1
34,11.65,21,3.45,10,1932.09,2,0,9,0
37,2.37,40,3.1,10,2359.58,0,0,19,0
107,3.63,13,4.87,2,4072.33,2,1,22,1
118,2.17,34,2.13,2,3682.08,2,0,21,1
120,7.94,49,1.62,12,210.81,0,0,13,1
34,16.92,8,2.15,4,2011.26,2,0,6,0
83,18.18,58,3.46,10,1671.82,2,0,13,0
87,1.9,55,1.74,15,5071.51,0,1,18,0
115,12.87,90,4.64,11,5224.24,0,0,18,1
119,13.85,9,2.64,12,1846.58,0,0,0,0
67,10.91,24,4.4,12,792.01,0,1,6,0
103,13.51,44,2.0,15,1390.17,0,0,3,1
50,5.06,10,2.25,15,1224.1,0,0,20,0
34,10.05,8,1.24,7,1577.13,2,1,4,0
87,8.12,6,2.03,8,1560.94,1,0,11,0
108,2.25,70,2.96,11,2983.06,2,1,16,1
57,12.7,33,4.78,10,2053.92,2,0,5,0
107,10.16,82,2.56,7,3446.97,0,0,23,0
19,5.87,19,3.56,9,2195.98,1,0,15,0
108,9.74,88,2.71,7,4925.13,0,1,0,0
84,15.62,4,1.19,4,5714.6,1,0,11,1
20,16.13,54,3.01,9,2542.73,0,0,13,1
94,13.17,90,1.26,9,486.92,0,0,23,0
30,9.62,88,4.53,3,1589.55,0,0,5,0
95,11.73,14,4.01,10,790.78,1,0,8,0
54,8.01,47,2.51,14,2199.63,2,0,18,1
16,2.97,3,3.56,8,3941.66,0,0,19,0
90,8.02,77,1.45,1,3209.67,1,0,2,1
73,10.84,80,3.81,2,1608.68,1,0,20,1
73,12.18,20,4.29,8,4650.1,0,1,10,0
11,18.75,79,4.29,13,962.59,2,0,11,0
85,15.66,89,2.14,8,1523.54,0,0,0,1
51,3.46,8,2.05,6,4121.07,0,1,16,0
91,3.9,65,3.09,8,1343.96,0,1,17,0
63,2.46,78,4.87,14,4136.82,1,0,12,0
84,14.89,34,4.68,14,5866.26,0,0,0,0
25,14.27,87,2.44,8,5021.85,0,0,18,0
27,19.73,50,4.12,2,1128.06,2,0,1,0
108,10.68,77,4.69,3,3218.89,0,0,22,1
68,16.62,36,2.04,7,2649.47,0,0,12,0
99,11.74,5,4.32,3,5951.68,2,1,7,1
25,17.54,81,2.07,13,5793.52,1,0,1,1
15,14.56,85,2.37,15,937.25,0,0,3,0
66,13.04,81,1.8,15,5470.64,0,1,7,0
117,11.52,50,3.03,11,1321.83,1,0,0,1
116,14.6,65,4.37,2,2052.82,1,0,10,0
56,8.68,16,3.11,6,2249.77,2,0,7,0
120,2.38,64,1.49,2,1863.57,1,0,12,0
57,1.28,8,2.01,14,5148.81,1,0,15,0
51,9.84,12,3.25,2,2113.61,0,0,7,0
85,12.19,57,3.33,15,4937.08,0,0,17,1
69,2.04,29,3.31,11,5967.39,1,1,2,0
86,6.09,30,1.31,2,5076.42,0,0,8,1
13,6.78,22,4.01,4,2207.63,2,1,9,0
112,11.47,62,4.64,14,4325.26,1,0,20,1
11,5.93,27,3.04,7,3296.76,0,0,22,0
99,2.37,58,3.88,15,4761.8,1,0,20,0
68,3.71,9,4.66,6,1087.96,1,1,9,1
36,3.89,88,3.57,5,3901.18,1,0,17,1
36,16.93,89,3.7,4,4687.27,1,1,17,1
88,6.04,25,3.89,2,4615.14,1,0,16,1
81,14.44,76,2.04,11,5788.84,2,1,21,1
16,11.57,16,3.33,8,538.79,2,0,22,1
72,19.55,39,4.37,13,2205.52,0,0,20,0
120,5.82,67,2.18,12,2964.01,2,1,2,0
55,3.59,22,4.59,2,1996.63,2,0,9,0
72,1.51,34,3.48,15,1996.78,1,1,14,0
113,5.2,74,2.69,15,1221.55,1,0,8,1
21,13.84,75,3.49,11,4915.12,1,1,11,0
22,2.16,8,2.61,8,5466.8,0,0,15,0
52,5.27,78,4.35,10,677.5,0,0,14,0
26,17.18,44,2.93,14,1098.41,2,0,23,0
72,11.87,36,4.6,4,1525.03,1,1,1,0
90,1.86,68,3.04,12,3152.13,0,0,18,0
45,1.43,18,3.64,5,4788.8,0,0,6,0
94,1.69,74,4.99,15,614.44,0,0,8,1
17,18.87,72,1.59,11,3893.52,2,1,13,1
78,17.07,26,3.95,1,1066.15,1,0,1,0
99,16.98,12,1.56,2,5834.45,1,0,9,0
89,18.52,56,4.36,11,5412.89,0,0,6,1
45,10.35,59,3.39,8,5707.58,1,0,7,0
37,5.32,11,4.75,1,815.75,2,1,5,0
102,8.33,8,4.46,3,3030.61,1,0,5,1
56,14.52,76,1.3,2,1158.43,0,1,23,0
85,17.58,83,1.55,10,3682.06,2,0,18,1
110,8.98,76,3.4,5,1549.89,0,1,14,1
39,10.94,26,3.07,12,4669.66,0,0,23,0
32,18.67,89,1.67,4,3935.22,0,0,12,1
25,2.6,62,1.52,4,3515.31,0,0,9,0
23,17.31,28,3.26,13,4986.32,0,1,12,0
83,3.61,21,1.2,4,3101.58,1,1,0,0
80,9.94,72,4.49,11,1765.14,0,0,17,1
118,4.76,87,4.23,4,3800.09,2,1,15,1
61,12.26,18,4.14,4,5750.96,0,0,5,1
46,11.39,37,1.06,6,3686.72,2,0,1,0
38,7.91,38,1.19,2,3851.79,0,0,9,0
76,17.33,14,3.2,13,5621.55,1,0,1,0
24,13.37,53,4.98,13,3188.6,0,0,2,0
109,14.56,31,2.37,15,5978.87,1,0,18,1
56,3.44,45,2.38,4,1126.04,2,0,3,0
55,17.72,60,1.54,14,3314.83,1,1,8,1
61,3.76,51,3.7,7,1434.82,0,0,10,0
28,4.84,33,3.59,7,2829.29,0,0,17,0
86,3.0,72,1.41,1,1189.33,0,0,17,0
115,9.09,34,2.87,10,1490.67,0,0,14,1
30,17.81,69,3.67,12,1422.64,2,0,13,0
73,5.42,36,2.97,9,2056.18,0,0,12,0
46,7.79,77,3.7,7,980.71,0,0,21,0
36,17.0,60,4.27,11,4894.18,0,0,13,0
64,12.55,48,3.74,6,1479.92,0,0,20,0
38,15.16,8,3.46,14,2616.1,2,0,20,0
29,4.67,18,4.41,2,293.13,0,1,6,0
34,14.47,86,4.6,6,808.31,0,0,8,1
79,4.94,27,2.56,5,5398.38,1,0,16,1
72,19.75,79,1.69,9,5055.53,0,1,4,0
45,11.42,25,4.27,12,5077.35,0,0,4,1
11,14.06,37,1.86,1,2585.85,1,1,20,1
31,2.81,39,4.72,5,1020.88,2,0,8,0
105,5.39,24,1.09,3,825.79,1,1,10,1
25,3.22,68,4.69,9,3712.5,2,0,5,1
27,8.11,70,3.36,12,5003.52,1,0,15,0
78,6.04,22,4.1,1,5420.66,0,0,7,1
63,14.79,88,2.59,6,1874.64,0,0,13,0
109,2.62,64,4.97,3,2061.95,2,0,23,1
39,15.17,21,1.91,1,785.08,0,0,5,1
54,1.39,63,2.06,11,4691.58,0,0,5,0
28,4.44,67,1.21,15,1799.0,2,0,13,0
96,15.94,57,4.76,3,2989.39,0,0,7,0
43,14.98,27,2.82,15,5587.6,1,0,0,1
22,9.79,77,3.7,2,4562.85,1,0,12,1
52,1.47,67,3.75,10,505.88,1,1,23,1
71,12.39,74,4.5,12,247.3,0,0,3,0
102,8.43,3,3.66,12,4766.97,1,0,14,0
109,6.67,0,3.25,12,3404.5,0,0,16,1
31,12.99,25,3.84,8,4377.94,1,0,17,1
61,9.01,32,4.0,3,1109.53,1,0,16,0
61,2.3,80,1.74,11,5257.88,2,0,10,0
120,18.36,26,1.44,7,4685.28,0,1,11,0
45,15.68,41,1.3,10,5366.87,2,1,2,0
82,1.6,68,2.5,6,2178.36,1,0,14,1
112,10.74,70,2.99,15,1799.09,1,0,5,0
28,2.13,63,3.46,7,1080.04,0,1,4,0
47,16.83,24,4.83,11,5594.51,0,1,7,0
79,12.45,71,2.32,7,1225.61,1,0,9,0
120,3.86,3,4.04,10,892.04,2,0,2,1
88,0.9,11,3.13,1,1317.53,0,0,11,0
66,1.12,57,1.88,4,4674.01,2,0,11,0
29,10.39,10,3.46,4,5359.27,1,0,9,1
18,14.82,58,4.87,5,4903.3,2,0,18,1
41,2.86,35,1.5,14,3466.78,0,0,20,0
13,4.82,21,3.03,10,5964.53,1,0,16,0
59,6.88,64,1.21,5,599.35,2,0,13,1
91,4.75,49,2.28,8,5229.71,2,1,6,1
14,8.13,3,3.48,4,2680.74,1,1,18,0
29,11.41,71,4.36,13,2839.71,0,0,10,1
96,13.86,88,3.92,1,940.05,1,0,17,1
84,19.29,51,2.85,15,393.91,0,0,6,0
46,18.65,42,4.64,5,2036.44,0,0,16,0
31,11.62,45,2.21,1,1214.15,0,0,0,0
67,14.82,3,4.02,12,3003.36,0,1,8,0
77,19.04,12,2.9,3,1054.52,1,0,6,1
102,2.13,37,4.59,15,999.98,1,0,13,1
53,0.61,44,4.19,8,5286.48,0,1,15,0
43,1.08,24,4.61,10,5543.51,1,0,2,0
86,11.49,66,1.86,15,5792.45,0,1,15,0
51,15.38,54,3.67,5,4146.91,0,0,20,1
18,7.66,38,3.95,7,4671.9,1,1,12,0
115,11.13,64,3.97,14,5047.55,0,0,17,1
104,10.57,74,3.02,1,4021.75,1,1,20,0
16,2.35,1,1.05,6,2115.41,0,0,8,0
77,6.77,68,2.05,12,1107.04,1,0,4,1
28,0.88,85,2.29,14,1576.19,0,1,12,0
115,2.66,61,4.41,8,5074.4,0,0,16,1
103,16.33,45,4.36,6,4237.36,0,0,23,0
40,16.67,76,1.42,4,2843.62,1,0,14,0
44,16.14,86,4.8,11,370.55,0,0,14,0
66,14.67,30,1.73,8,1743.99,0,0,5,1
94,15.97,34,2.66,15,4427.61,0,0,17,1
70,13.58,44,1.86,8,3171.85,0,1,21,1
40,13.56,76,4.44,14,2726.09,0,0,15,1
92,13.51,53,4.0,14,2019.34,0,0,8,0
104,10.52,70,2.41,6,3720.2,2,1,2,1
62,7.59,68,3.73,8,5805.04,0,0,4,0
41,14.74,28,1.74,12,5426.52,0,0,6,0
75,6.32,71,2.53,6,376.89,2,0,12,1
68,11.09,7,2.51,15,2989.53,0,0,1,0
19,8.95,53,1.95,4,2110.92,1,0,10,0
11,5.89,6,4.51,11,3161.51,0,1,0,1
75,19.51,82,3.72,12,3716.04,2,0,4,0
69,5.55,22,2.12,6,1360.16,2,0,3,0
97,6.53,31,1.97,15,4733.09,0,1,14,1
26,3.65,61,1.07,9,2955.39,0,0,9,0
105,16.55,44,2.39,8,5953.64,0,0,3,1
25,11.94,67,3.11,15,345.74,2,0,6,0
25,12.45,29,2.11,14,1300.37,0,0,4,0
55,16.5,38,3.8,7,4199.85,2,1,14,0
48,7.19,4,2.65,5,4232.04,2,1,4,0
40,4.28,66,2.27,13,3576.69,0,1,12,1
116,4.37,21,4.76,7,5837.37,1,1,5,0
97,14.79,27,2.05,1,2608.83,0,0,23,1
10,12.48,21,2.59,8,2618.81,1,1,19,0
20,4.52,85,2.53,5,5480.76,0,0,15,1
94,3.33,28,1.96,7,3322.96,0,1,8,1
13,2.85,42,1.87,7,2251.62,0,0,5,0
80,12.74,41,2.21,8,4369.84,1,0,7,0
35,0.5,59,4.46,7,3794.09,1,0,3,0
120,0.86,76,4.07,6,1977.18,1,0,8,0
59,8.1,70,3.72,12,1927.99,2,0,10,0
21,13.98,73,2.83,6,2494.55,1,0,10,0
104,14.05,67,3.03,5,615.4,1,0,15,1
90,8.89,58,2.07,5,5667.18,0,0,8,1
106,13.98,85,1.3,4,1261.52,0,0,0,0
84,10.66,83,2.32,7,1324.18,0,0,0,0
101,19.55,83,2.98,13,3952.82,0,0,6,0
105,3.67,5,1.23,12,4400.63,1,0,2,0
74,12.21,72,1.35,11,4473.65,1,0,6,0
56,10.08,27,2.05,14,2375.44,2,0,0,0
101,4.29,76,2.47,3,5265.31,0,0,0,1
62,15.12,30,2.57,5,3355.19,1,0,6,0
115,5.87,38,1.47,15,2743.81,2,1,3,1
80,7.94,49,1.9,3,4900.24,0,1,17,0
11,7.81,77,2.05,8,1612.66,0,1,20,0
115,5.26,85,1.27,15,5189.08,2,0,4,1
33,8.9,36,2.3,5,3325.21,1,0,13,0
13,9.73,87,1.29,15,5420.34,1,1,19,0
117,15.01,71,3.81,11,1369.35,2,0,14,0
28,15.42,14,2.54,13,5629.17,1,0,17,1
35,3.59,50,2.31,10,4189.69,0,1,3,0
84,12.06,69,1.51,6,3786.31,2,0,1,0
49,17.98,22,1.91,1,2647.99,2,1,10,1
59,2.62,24,1.93,14,5746.63,0,0,19,0
52,9.72,45,4.94,11,2774.73,1,0,14,1
84,15.13,22,4.34,4,3091.55,0,0,5,1
118,12.42,9,1.06,9,4732.69,2,0,4,1
76,2.46,72,3.47,15,1852.09,0,1,10,0
21,8.23,76,2.02,15,1890.67,0,1,9,0
76,10.39,31,1.42,5,4696.73,1,0,12,1
115,19.92,50,3.82,15,945.76,1,0,15,0
36,3.98,40,1.53,1,4973.19,2,1,9,0
63,19.66,64,2.77,15,3826.02,2,1,5,1
75,7.83,64,3.53,4,3326.69,0,0,1,0
58,4.41,39,3.22,12,1528.83,0,1,0,1
25,8.58,17,4.91,6,4760.94,0,1,4,0
11,12.47,35,4.14,7,4868.73,0,0,10,0
69,4.66,30,4.1,7,3001.06,1,1,2,0
63,6.18,53,2.42,8,2457.18,0,1,2,1
39,17.16,62,1.03,5,1627.74,0,1,9,1
93,19.98,0,3.94,6,4574.56,0,0,4,1
47,6.7,51,5.0,11,3908.82,0,0,2,1
37,3.4,56,2.62,11,1398.46,1,0,21,0
34,15.97,8,4.94,2,4807.91,1,1,22,0
105,12.21,85,1.57,14,5316.79,0,0,5,1
19,2.46,89,2.19,12,543.63,0,0,9,0
69,18.96,73,1.68,10,4680.04,1,0,7,1
51,2.02,55,2.9,12,5146.25,2,0,3,0
49,12.69,46,4.19,2,5950.75,0,1,5,0
106,8.77,2,2.36,14,1578.09,0,1,12,0
86,11.35,1,4.62,3,2351.82,0,1,18,1
114,4.66,53,3.18,4,5803.91,0,0,9,0
51,13.92,36,2.86,6,745.29,1,1,11,0
56,19.21,55,4.15,6,3237.51,0,0,11,0
46,9.44,30,1.41,3,3139.12,1,0,22,0
89,10.7,11,4.1,1,3717.98,2,0,5,0
118,5.18,57,1.97,3,2118.6,1,1,11,1
31,17.89,66,2.12,4,5570.32,0,0,5,0
66,19.44,25,3.4,9,1766.36,0,0,2,0
93,15.83,77,4.61,10,3968.23,0,0,15,0
116,11.08,11,3.31,8,3076.38,1,0,15,1
36,19.16,89,3.6,13,1746.71,0,1,0,0
50,3.5,15,4.11,4,1295.35,0,0,1,0
89,9.83,52,2.04,7,5748.06,0,0,10,0
43,10.98,71,4.31,13,3455.49,0,1,2,1
41,10.09,48,2.67,13,3704.31,1,0,10,1
99,16.15,48,1.7,9,4740.79,2,0,16,1
98,13.57,6,2.4,2,671.11,2,1,10,0
75,2.97,14,1.98,3,4339.83,1,1,13,1
21,7.26,35,1.91,1,1157.81,0,0,23,0
49,7.11,71,2.13,8,4494.79,0,1,15,1
82,11.53,73,1.72,2,1019.71,0,0,22,0
85,6.18,14,3.67,7,5028.46,0,0,6,1
99,2.79,61,3.32,7,4149.89,1,0,2,1
82,13.25,17,3.59,11,2438.16,2,0,8,0
19,17.1,45,2.37,3,2281.24,1,0,20,1
105,18.67,60,4.08,2,1063.89,2,0,6,0
107,19.47,42,1.52,3,5443.51,1,0,12,0
57,15.73,43,3.28,12,887.47,0,1,0,0
29,3.22,65,2.1,8,2938.05,2,0,21,0
48,17.14,54,3.11,12,1571.81,1,1,9,0
69,8.3,85,2.29,9,5978.7,0,0,0,0
75,14.73,78,4.16,11,3597.9,0,0,13,0
74,10.86,38,4.57,8,1067.59,0,0,5,0
60,16.66,4,3.97,11,4071.87,2,0,21,0
45,8.8,56,1.7,2,5951.33,0,1,22,0
33,1.7,14,2.1,12,3709.25,1,0,22,1
36,11.36,90,4.68,13,2852.8,1,1,10,0
11,3.84,15,2.75,9,1900.97,1,0,14,0
40,19.33,56,4.76,6,734.32,0,0,11,0
66,10.78,81,2.57,12,1523.83,0,0,18,0
87,11.29,24,4.81,2,3411.0,1,0,6,0
75,18.19,21,4.7,9,4571.96,0,0,17,0
38,12.68,30,3.64,5,5292.0,0,0,10,0
24,6.4,33,1.04,15,4803.53,2,1,1,1
21,6.27,86,2.6,6,927.7,1,0,16,0
110,10.28,15,4.64,1,4686.07,1,1,13,0
37,17.4,69,4.54,12,3573.31,1,0,17,0
93,16.0,58,1.75,13,2920.82,0,0,14,1
112,19.27,14,2.6,14,3522.03,2,0,17,1
33,1.9,81,4.34,2,246.84,2,0,8,0
30,5.73,12,3.31,1,592.84,1,1,18,0
19,2.06,23,4.39,4,3249.93,1,1,14,0
119,15.15,12,4.31,2,1206.99,1,1,0,1
87,3.25,64,4.63,13,3364.14,1,0,11,1
110,2.45,35,1.47,1,2254.44,0,1,17,1
27,11.45,48,1.58,3,5462.99,1,0,9,0
97,8.52,81,1.33,4,5708.16,0,0,23,1
23,14.44,47,4.74,4,5882.75,0,1,1,0
43,10.0,42,2.9,3,5413.84,0,1,10,1
67,8.79,5,1.26,2,5918.17,0,0,19,0
85,8.8,80,2.29,12,4295.65,1,0,8,0
31,17.5,67,2.41,8,5771.15,0,0,22,0
79,8.21,13,4.24,10,3922.4,1,0,16,1
45,7.0,29,3.94,13,4893.44,0,1,10,0
54,7.1,83,3.76,11,965.08,0,0,20,0
45,4.33,7,1.09,2,4159.08,1,0,20,0
31,17.28,53,4.64,5,5600.4,0,0,17,0
87,3.36,65,1.86,7,3332.28,1,1,22,1
89,18.22,3,3.52,9,1283.55,1,0,12,0
70,6.03,73,1.25,12,3255.95,0,1,16,0
109,18.04,83,1.33,3,4300.26,0,1,0,1
65,15.92,59,1.04,1,4664.77,0,0,9,0
98,11.85,52,3.26,15,3237.47,1,0,0,0
105,13.55,73,3.52,9,1460.73,1,0,10,0
42,6.85,14,1.2,1,5574.79,1,0,22,1
54,11.7,0,2.16,8,4686.98,0,1,13,1
45,6.2,21,4.41,2,1769.99,0,0,19,0
29,8.34,90,1.41,7,4908.51,0,1,3,0
27,15.41,14,1.87,12,2217.6,0,0,8,1
47,5.26,73,2.7,3,2012.1,0,0,19,0
76,16.86,83,4.37,6,5205.84,0,0,7,0
32,7.83,21,2.02,6,5264.76,1,1,14,0
105,10.88,49,4.99,4,2511.19,2,0,0,0
118,18.87,47,2.42,8,251.75,0,0,18,0
25,13.78,72,2.55,12,1282.08,2,0,15,0
68,13.09,50,1.49,12,5473.92,1,0,11,0
78,14.38,16,3.72,5,5412.75,2,0,16,0
77,18.4,82,1.97,7,2829.4,0,1,0,1
30,5.35,90,3.52,13,1963.88,2,0,18,0
113,12.46,50,1.89,5,1955.94,2,0,19,0
87,8.31,36,2.55,13,5403.73,2,0,13,1
112,0.73,48,4.43,12,2083.45,1,0,5,0
104,2.94,58,3.96,4,3167.17,0,1,18,1
87,6.84,9,1.62,6,4439.86,0,1,23,0
79,11.52,29,3.43,3,1414.99,2,1,23,1
21,17.69,84,3.51,6,1672.27,0,1,18,0
25,15.93,20,1.36,6,2276.76,0,0,18,1
90,11.29,33,2.86,11,3994.5,0,1,11,0
118,1.94,72,2.04,11,4941.45,1,0,12,0
96,6.08,49,2.87,6,3370.89,1,1,5,0
23,7.65,75,4.11,14,970.99,2,0,16,1
70,12.62,46,1.63,14,2788.22,2,0,0,1
80,1.77,84,1.49,11,940.61,1,0,10,0
55,10.84,83,2.08,3,712.12,1,0,4,1
41,18.08,5,4.81,13,3619.78,0,0,6,1
24,14.26,49,3.99,8,5746.03,0,0,0,0
53,16.04,62,1.08,4,5058.15,2,0,14,1
26,13.79,11,2.6,11,4691.93,1,1,17,1
50,4.53,40,2.03,2,4416.92,0,0,10,0
63,2.65,30,3.55,7,5403.34,0,0,0,1
120,16.68,1,2.84,11,4566.44,1,1,18,1
53,14.06,15,4.86,8,3835.89,0,0,23,1
107,11.71,0,1.88,11,2315.14,0,0,1,0
14,4.19,3,3.35,4,785.47,2,1,9,0
118,12.27,46,3.8,6,2873.99,0,0,11,1
36,1.11,64,4.3,8,5563.75,1,0,6,0
96,2.82,51,2.63,5,3581.98,1,0,12,1
113,6.58,46,3.75,9,1270.12,2,1,1,1
87,9.15,76,2.21,6,3964.34,2,0,18,1
88,2.85,49,2.74,6,2899.68,2,0,19,1
52,2.84,44,4.58,12,5602.0,0,0,22,0
106,14.65,41,4.8,13,1133.45,2,0,5,1
40,11.61,83,3.88,2,4329.67,0,0,22,1
108,10.91,55,2.5,15,4153.29,0,0,6,0
26,9.32,70,4.28,7,5904.54,0,0,1,0
101,19.54,56,1.1,9,3476.49,2,0,16,1
92,1.47,32,1.41,15,5255.13,0,1,21,1
119,4.02,27,3.65,5,343.34,0,0,22,1
63,13.13,43,2.16,14,912.77,0,0,1,1
71,3.16,55,4.81,5,2206.44,0,0,17,0
96,11.99,43,2.74,12,3792.1,1,0,8,1
41,11.57,83,2.72,13,2804.66,0,0,10,0
49,19.43,72,3.71,11,1375.64,1,0,13,0
22,17.73,33,4.07,5,3617.38,1,0,4,0
93,18.94,13,2.9,1,3486.85,1,0,22,0
44,2.72,67,1.86,5,3241.8,2,1,0,0
14,17.43,28,4.09,10,725.23,0,0,19,0
82,3.02,78,2.28,8,5576.75,0,0,1,1
38,12.84,16,1.7,15,3635.08,1,0,10,0
79,14.54,82,3.53,3,1731.15,2,1,13,1
34,3.64,8,1.36,9,4187.03,1,0,4,1
104,12.84,26,4.89,9,2043.87,2,1,0,1
31,1.52,48,3.53,6,3133.96,0,0,9,0
75,6.22,78,4.94,4,2178.56,0,0,22,1
54,18.46,36,2.36,15,5306.29,0,0,17,0
78,3.85,27,4.88,4,5965.09,0,0,18,1
100,1.77,49,1.58,11,1134.86,0,0,4,1
98,9.15,54,1.16,1,336.76,0,1,8,1
81,17.09,3,1.13,14,1472.07,0,0,12,0
10,2.0,84,2.86,10,3621.72,2,0,12,0
93,7.43,18,1.33,5,1208.92,0,0,3,1
53,18.05,36,3.05,5,4906.61,0,1,23,1
96,2.8,3,2.31,5,2570.29,2,0,15,1
105,6.56,36,2.34,12,3741.09,1,0,23,1
84,15.68,50,3.54,1,2842.58,1,0,3,0
48,11.09,31,1.65,1,5439.3,2,0,10,0
120,16.73,44,4.07,10,403.78,1,1,3,1
63,2.68,11,3.33,12,4429.95,0,0,1,0
97,18.45,40,4.66,2,3982.6,0,0,23,0
84,18.73,55,2.46,1,3967.19,1,0,16,1
38,3.53,79,4.93,13,2601.14,2,0,11,0
63,1.16,13,3.3,15,290.92,0,0,11,1
99,19.8,53,4.89,8,4197.6,0,0,20,1
25,9.9,62,1.11,12,5010.93,0,1,7,0
108,11.66,64,3.91,12,694.34,1,1,21,0
29,12.51,57,4.27,4,2761.38,0,1,9,0
55,15.9,20,1.21,6,1143.05,2,1,19,1
76,16.33,3,3.32,8,3743.44,2,0,18,1
74,4.28,72,4.21,14,4756.51,1,0,16,1
67,5.11,45,3.24,5,4066.9,2,1,3,1
62,17.6,85,1.26,6,2044.75,0,0,12,0
120,16.48,11,3.77,4,1010.45,2,0,12,1
10,12.54,29,1.24,6,4806.76,1,1,18,0
90,19.9,59,4.27,6,2078.72,0,1,1,0
75,14.84,70,1.17,3,328.41,0,0,12,1
38,4.71,80,1.55,4,3514.24,0,0,15,0
93,17.01,64,2.1,6,1630.73,1,0,12,1
79,8.59,13,3.53,8,5078.99,2,0,3,0
17,1.2,43,4.91,13,1030.88,1,1,19,0
38,6.77,25,1.47,14,2721.84,1,0,8,0
60,15.39,90,1.57,14,1668.16,0,0,11,0
42,19.22,15,2.48,7,4199.69,1,1,5,0
12,5.88,6,4.34,4,3381.48,1,0,5,0
69,5.31,31,2.87,14,4787.73,0,0,5,1
44,11.49,88,2.29,3,2859.95,2,0,12,0
78,16.33,15,3.24,11,227.89,1,1,21,1
100,15.06,77,2.04,15,1448.14,1,1,23,0
117,11.42,88,2.6,8,5995.11,1,0,3,0
85,12.81,61,2.33,6,2551.0,2,0,16,0
93,5.22,29,4.22,12,3797.36,0,1,2,0
118,8.94,70,4.7,8,5448.6,1,0,7,0
29,5.48,11,4.04,9,319.04,0,0,0,0
82,17.75,66,2.76,9,4025.72,0,0,20,0
48,2.69,90,3.02,10,1872.59,0,0,17,0
13,13.75,45,1.5,11,1819.64,0,0,19,0
28,5.58,82,3.99,9,1504.14,2,1,18,0
111,9.77,42,3.39,10,4971.83,0,0,0,1
100,6.34,54,4.61,1,2363.1,1,1,4,1
54,6.8,44,1.8,12,589.28,2,1,18,0
52,5.58,59,4.04,14,761.74,1,0,0,0
22,15.18,70,3.74,3,1061.96,0,1,16,0
22,7.63,79,2.06,9,5413.78,0,0,0,1
69,14.66,31,3.67,4,2679.17,0,0,3,0
66,9.39,7,4.7,10,5513.09,0,0,4,0
95,11.17,76,4.67,12,4941.38,0,0,7,0
101,11.09,61,3.88,2,5059.72,1,0,14,1
61,19.53,74,1.19,1,1863.62,0,0,12,1
120,7.66,19,4.49,14,1773.62,0,0,6,0
62,4.55,17,3.63,5,3448.4,0,0,13,1
118,18.28,5,2.24,14,2623.96,1,1,3,0
95,3.91,83,1.75,4,3152.55,2,1,17,1
52,16.77,28,1.46,5,508.58,2,0,17,0
92,3.43,3,1.2,11,5835.22,1,1,1,1
81,13.35,70,4.02,5,537.38,1,0,16,1
81,3.44,42,1.94,8,1237.22,1,0,15,0
51,18.5,83,1.1,6,4133.56,1,0,5,0
99,11.52,33,2.59,3,1101.91,1,1,19,0
35,6.92,70,2.93,15,819.85,1,1,13,0
32,3.24,32,1.68,9,1091.0,0,0,18,1
52,7.74,14,1.18,8,559.14,2,0,0,1
86,14.25,85,1.76,9,1657.65,0,0,11,1
37,8.01,39,3.72,4,1772.49,0,1,22,0
18,5.3,88,1.33,13,3092.01,0,1,15,0
29,11.76,4,3.22,8,2744.59,1,0,8,1
65,8.65,77,1.59,11,2947.54,0,0,19,0
92,3.73,49,1.78,3,3773.03,0,0,15,1
48,3.5,65,2.57,5,1539.58,1,1,12,1
60,14.3,88,1.4,14,981.28,1,1,0,0
21,19.51,53,1.69,7,5297.49,1,1,2,1
88,5.05,79,2.4,1,3876.86,0,0,14,1
104,15.58,45,2.32,14,551.85,1,0,15,1
64,2.21,79,4.0,1,5774.1,1,1,13,0
87,7.94,10,1.3,3,4219.8,2,1,0,0
20,10.38,48,4.44,4,1079.89,1,0,0,1
35,5.74,22,4.26,15,5820.98,0,1,4,0
51,10.83,54,4.06,1,2319.36,1,1,4,0
36,17.71,4,2.24,8,5910.16,0,1,7,0
20,18.92,63,4.29,2,799.0,0,1,0,0
47,2.46,34,1.73,11,1127.82,0,0,23,0
107,5.8,68,1.5,5,4013.03,2,1,17,1
52,19.59,53,1.18,13,328.43,0,0,0,0
28,5.77,2,4.76,14,308.4,1,0,13,0
73,14.01,5,2.23,6,4793.5,0,0,10,1
15,5.44,86,4.67,11,1173.13,2,0,23,0
55,7.45,55,2.09,6,5528.98,1,0,9,1
111,4.23,1,4.63,6,2670.2,1,0,17,0
51,17.2,81,4.62,11,5267.18,1,0,20,1
101,17.71,37,4.69,1,2623.03,0,0,9,1
74,6.29,55,2.98,3,3275.33,2,0,21,1
108,16.56,4,4.46,3,2035.78,1,1,18,0
113,7.49,45,4.8,8,4016.84,1,0,12,0
81,2.43,10,2.3,6,2045.57,1,1,8,0
68,15.28,64,2.68,2,1494.39,2,0,8,0
61,12.13,9,3.88,13,670.07,0,0,7,1
56,5.85,40,2.2,14,534.48,0,0,12,0
16,5.43,43,4.02,1,1974.65,2,1,6,0
20,19.52,89,1.3,4,4471.55,0,0,20,0
112,17.32,32,3.09,1,1392.6,1,0,1,1
70,16.29,90,1.49,5,1935.52,0,1,18,1
77,3.0,55,2.17,12,5449.99,0,0,20,0
34,15.23,11,2.03,11,3907.11,1,0,23,0
21,4.68,1,4.36,8,5534.39,2,0,0,0
35,19.56,0,1.77,10,5485.11,0,0,10,0
111,1.52,64,4.23,2,567.78,0,0,0,1
119,7.37,32,4.18,8,5739.05,0,1,22,1
21,8.86,85,3.0,13,496.83,2,0,16,1
52,16.57,75,1.94,8,5568.59,0,0,18,0
60,15.44,35,1.91,6,3371.05,0,0,7,0
46,7.81,20,2.86,8,3292.5,2,0,8,0
55,11.53,83,1.04,13,4336.93,2,1,20,0
62,16.79,35,3.13,2,5299.43,1,1,14,0
97,0.85,25,4.81,7,3778.63,0,1,21,1
89,16.14,46,1.62,12,2667.32,0,0,7,0
22,18.96,0,3.29,8,848.96,0,1,2,0
98,1.13,37,4.85,4,4777.41,1,0,16,1
63,1.39,13,4.44,14,944.1,0,0,17,0
66,7.22,89,4.4,9,4412.92,0,0,10,1
13,2.21,45,4.29,11,3261.96,0,0,10,1
84,9.85,41,2.24,6,2437.85,2,1,1,1
105,14.71,6,4.56,12,3755.32,1,1,23,0
58,11.55,54,4.77,3,4679.67,1,1,15,0
16,4.33,55,2.98,13,5658.61,0,0,2,0
119,13.27,75,2.42,4,1735.24,2,0,12,1
20,13.85,62,2.66,12,5693.35,1,1,12,0
101,18.68,23,2.34,4,5773.5,0,0,19,0
63,3.36,82,1.85,1,4919.06,2,0,23,1
114,14.0,72,3.47,14,5312.34,0,0,19,0
96,18.27,3,3.25,13,4216.08,1,0,18,0
54,10.28,41,2.85,10,426.76,1,1,16,0
32,7.56,69,1.38,1,3535.46,0,0,19,0
37,3.83,27,4.19,1,4533.79,0,0,17,0
116,17.4,39,1.7,4,5661.88,2,0,13,1
120,8.19,50,1.46,1,3508.62,0,0,1,1
66,18.54,28,3.49,14,4806.36,1,0,15,0
35,17.03,41,2.59,6,4289.22,1,0,7,1
34,7.84,68,1.24,14,1828.66,0,1,9,1
63,11.69,4,2.42,2,1097.42,0,1,15,0
38,1.03,40,4.09,1,4555.25,0,0,6,1
92,5.63,60,3.46,7,1555.86,0,1,5,1
106,14.35,54,2.45,6,1619.21,2,1,3,1
45,13.72,27,1.77,1,3934.89,2,0,2,1
23,7.39,40,3.53,12,4776.6,0,0,10,1
87,16.27,8,4.55,13,3577.53,0,1,9,0
44,5.1,28,3.59,14,5332.9,0,0,13,0
39,9.49,77,4.25,10,1426.37,0,0,4,0
101,9.71,37,3.09,12,1664.0,1,1,1,1
26,7.15,61,3.87,9,3894.34,0,0,12,0
76,19.12,53,4.58,6,5010.34,2,1,17,1
89,14.09,51,4.09,2,3328.24,0,1,23,0
119,11.01,33,4.64,7,260.21,2,1,2,1
39,10.46,36,2.72,3,4126.27,0,0,22,0
102,3.61,48,4.62,14,4918.78,1,1,10,1
54,7.76,41,3.49,15,1803.95,2,0,5,0
88,13.62,13,4.48,7,514.35,0,1,23,1
119,18.53,81,1.16,14,3204.12,1,0,2,0
98,16.42,32,3.63,9,444.5,1,0,0,0
60,6.36,86,4.39,5,2612.9,0,0,5,1
111,8.96,16,1.7,1,303.34,0,0,5,1
115,2.12,74,3.65,5,1504.81,0,0,7,0
56,2.49,31,4.3,8,2455.17,0,0,2,0
62,9.67,78,2.15,8,847.89,1,0,12,0
73,10.84,67,2.62,3,862.1,0,0,21,1
47,5.65,38,3.28,4,4996.96,2,0,16,1
73,13.03,9,3.08,12,440.26,1,0,13,1
96,14.22,86,1.16,8,4196.0,0,0,2,0
98,6.33,23,1.39,8,4924.0,0,1,3,0
115,15.29,57,1.4,7,958.19,1,0,2,1
16,4.51,68,2.05,6,1333.15,0,0,21,0
31,11.11,63,1.98,4,3920.66,1,0,14,1
90,16.18,18,3.97,10,2030.75,0,0,22,0
91,10.97,7,3.29,13,2963.25,1,0,10,0
50,18.21,70,4.06,9,5048.82,0,0,1,0
83,1.64,39,1.28,2,1000.3,1,0,12,0
19,11.97,12,2.94,2,3793.98,0,0,15,1
66,11.45,26,2.3,1,5665.91,0,0,5,0
16,13.38,81,4.4,11,533.31,0,0,14,0
59,16.75,87,3.83,15,548.04,0,0,3,0
111,14.65,1,4.48,12,3417.51,0,0,14,1
100,15.91,15,1.19,3,5768.44,0,1,16,0
61,6.13,13,3.88,3,1478.75,0,0,11,0
42,8.06,16,3.16,4,2118.59,1,1,1,1
10,12.72,59,4.3,3,772.16,1,1,4,0
117,11.29,69,3.03,10,2301.03,2,1,11,1
62,19.24,16,3.16,6,457.13,0,0,8,0
69,4.14,44,1.21,9,2456.75,0,0,20,1
43,7.35,37,3.67,8,3421.83,1,0,23,0
13,11.67,63,2.09,6,5855.03,0,1,9,1
26,17.43,5,1.08,8,4946.65,1,0,17,0
13,18.62,59,1.27,8,4967.98,2,0,4,0
52,7.05,48,4.83,10,1523.24,0,0,0,1
99,1.81,20,2.38,6,705.96,0,0,1,1
13,8.72,22,4.47,2,3697.83,1,1,2,0
10,8.19,75,4.84,5,3222.6,1,0,7,0
80,19.74,56,4.77,4,3195.72,1,0,11,0
103,8.91,63,4.53,12,832.25,0,0,9,1
59,6.46,28,4.58,6,3064.53,2,0,18,1
82,7.62,26,2.16,2,1072.06,0,0,11,1
70,8.24,5,1.61,4,2648.26,0,0,3,0
44,16.52,20,3.56,13,560.54,2,1,3,0
17,2.08,70,2.95,8,5169.98,2,1,3,1
33,6.67,40,1.39,14,276.44,0,0,8,1
92,19.34,79,3.71,1,5648.07,0,1,23,1
45,3.49,4,3.25,3,5204.77,1,0,19,0
59,14.98,14,4.45,15,4565.13,0,0,2,1
52,7.45,20,3.44,4,5898.79,0,0,17,0
36,11.84,57,3.3,2,512.16,2,0,23,0
41,2.44,3,2.76,12,3921.26,1,0,23,1
87,6.48,68,2.85,2,5125.95,1,0,0,0
27,10.27,6,4.82,6,934.38,1,0,6,0
37,5.02,34,1.55,6,3591.69,1,0,7,1
38,11.07,35,2.78,3,2484.75,2,0,6,0
25,4.79,14,3.62,8,2727.8,1,0,11,1
108,13.18,1,2.73,12,5492.64,1,0,2,1
56,18.13,56,2.13,3,3324.18,1,0,3,0
68,2.17,4,2.15,2,740.92,2,1,4,1
40,4.72,70,1.93,5,5635.85,1,1,0,0
13,16.97,85,2.38,13,1274.22,2,0,9,1
46,12.82,31,4.49,7,5377.29,0,0,2,1
26,2.03,71,3.02,1,5831.34,0,0,5,0
48,9.98,40,1.96,2,5291.46,0,1,2,0
57,4.59,41,2.54,2,4127.38,0,0,4,0
55,4.38,74,1.42,8,4512.6,0,0,19,0
99,18.84,64,4.62,10,4259.23,0,1,1,1
57,15.35,39,2.63,6,2871.04,2,0,19,1
48,14.08,82,4.92,14,1791.63,0,0,19,1
114,5.16,37,2.39,13,1853.02,0,1,10,1
13,2.81,41,4.35,13,4440.77,2,1,18,1
39,17.48,36,2.03,15,3831.01,0,0,23,1
39,0.61,55,1.3,15,3592.33,0,1,5,0
31,8.07,70,1.13,13,3985.13,0,0,0,0
84,5.91,54,3.42,4,4693.76,0,0,18,1
75,11.62,88,2.25,4,4540.38,2,0,19,0
117,5.38,53,2.77,5,811.3,2,0,9,1
21,6.57,21,4.27,3,2305.6,2,0,11,0
103,17.08,26,1.99,12,1731.01,2,0,22,1
45,12.26,46,2.23,14,3321.78,0,1,15,0
27,3.34,37,4.38,4,556.21,1,0,4,0
99,14.67,38,2.97,12,4622.29,1,0,3,1
62,4.55,14,4.31,4,817.86,2,0,1,0
80,8.94,65,2.5,7,1774.13,0,0,4,1
10,13.11,60,2.59,7,4739.9,0,0,13,0
67,5.8,59,1.67,1,499.05,0,0,13,1
99,7.99,7,4.67,12,4029.17,0,0,12,1
96,14.82,43,4.59,3,5561.97,1,0,23,0
99,18.79,42,4.94,15,3782.3,0,1,17,1
118,10.82,5,2.61,9,4333.41,0,1,16,1
15,0.69,83,4.27,6,4795.15,1,0,21,0
79,7.1,26,2.66,6,1489.03,0,0,12,0
53,8.27,44,2.82,4,3569.59,0,0,16,0
81,7.11,22,4.32,10,1992.53,2,0,23,1
33,9.01,80,1.71,9,1647.07,1,0,15,0
95,12.84,12,1.88,15,1316.25,1,1,3,1
28,2.86,67,2.26,14,3595.5,2,0,22,0
110,5.82,83,4.15,12,4808.29,0,1,15,1
27,10.4,63,2.49,3,5280.16,0,0,3,0
104,6.65,24,2.43,8,2685.8,0,0,5,0
110,19.83,85,5.0,13,2362.81,0,1,15,0
39,8.91,51,2.54,6,4186.38,1,0,9,0
51,17.46,47,1.99,12,4726.08,0,1,6,0
42,17.98,60,3.49,2,1669.25,0,0,1,0
83,16.8,16,4.21,3,1924.29,2,1,9,0
110,1.41,39,1.28,14,3293.68,0,0,15,0
21,18.98,74,3.48,1,2777.44,2,0,7,1
103,3.01,88,1.14,3,4293.57,0,0,8,0
36,1.17,68,3.11,4,3126.01,1,0,12,0
48,8.58,84,2.03,15,847.27,2,0,19,1
18,4.3,25,2.23,14,1162.53,2,1,7,0
30,4.09,79,2.87,6,5431.07,0,0,13,0
85,6.11,55,4.71,10,1518.91,0,0,9,1
38,5.34,39,3.84,14,490.5,0,0,20,0
42,13.85,84,4.75,7,4442.44,1,1,8,0
116,4.14,67,3.64,3,4167.26,1,1,1,1
71,11.09,7,1.03,14,3680.44,1,0,11,0
24,19.74,72,2.06,11,3113.09,0,0,15,0
11,8.93,44,4.62,13,5823.57,0,1,0,1
61,13.02,16,3.57,7,895.03,0,0,12,0
112,19.4,40,4.93,13,3158.94,2,0,14,1
53,3.18,76,1.62,4,3471.46,1,0,9,0
63,8.66,8,2.19,1,330.46,0,0,21,0
27,17.08,69,2.45,1,2589.56,1,0,14,1
12,18.68,90,2.31,8,4740.25,0,0,19,0
16,12.22,23,2.01,10,2932.37,1,0,5,0
52,3.3,72,2.77,7,5276.62,0,0,22,1
91,18.08,10,3.57,4,3939.83,1,0,16,0
117,3.9,34,2.25,1,4643.3,1,0,2,1
47,7.38,28,1.32,6,4865.98,0,0,1,0
46,7.82,7,3.83,11,4199.1,0,0,14,0
67,9.22,16,2.84,12,4546.41,0,0,20,0
42,15.91,70,3.23,11,4232.8,0,0,7,0
117,16.14,11,2.82,10,3392.69,2,0,15,0
68,14.53,78,4.56,7,3485.89,0,0,11,1
104,0.93,49,3.23,6,1301.33,0,1,20,1
20,11.51,23,4.69,12,4999.15,1,0,23,0
77,15.08,36,3.04,6,2010.4,0,1,18,0
91,9.17,77,2.17,8,3307.27,0,0,11,1
77,18.93,10,2.42,14,1647.36,0,0,12,1
107,16.56,80,3.09,15,4236.02,1,0,0,0
102,12.94,58,3.12,6,5855.98,1,1,12,0
97,1.72,54,3.75,2,4851.25,2,0,3,1
31,13.22,26,1.9,7,3790.75,0,0,18,0
75,18.28,66,3.64,13,3491.54,0,0,12,0
53,7.9,59,4.11,10,3040.67,2,0,15,1
15,16.84,1,3.71,14,1388.83,1,0,7,1
51,6.61,67,2.93,13,2218.46,2,0,7,0
34,11.62,17,4.97,4,2557.09,0,0,23,0
66,13.14,19,2.62,11,5678.5,0,1,18,0
94,13.72,84,1.43,11,2668.38,0,0,23,1
64,17.71,62,4.29,3,3599.9,0,0,21,1
25,5.08,77,1.85,8,5550.06,0,1,7,0
104,5.62,71,3.85,10,3206.87,0,0,8,0
23,14.23,1,1.72,12,1658.41,1,0,16,0
48,3.96,89,1.07,12,2409.84,2,0,0,0
37,9.55,82,1.64,5,2378.13,0,0,11,0
105,0.89,41,2.51,4,4345.36,0,0,19,0
101,3.25,27,1.43,11,1917.5,2,0,0,0
60,13.74,28,1.79,4,4435.67,0,0,8,0
58,15.08,68,4.06,5,5357.61,1,1,22,1
18,2.75,27,4.08,12,2149.22,2,1,17,0
67,4.94,59,4.27,4,984.98,0,1,19,0
54,2.43,89,4.36,3,3903.62,2,1,19,1
31,8.95,4,2.68,4,2292.96,1,1,9,0
41,2.96,14,4.47,10,3297.12,0,0,20,0
78,9.03,72,3.1,15,3878.16,2,0,11,1
96,14.78,31,2.88,13,2564.91,1,0,4,1
78,13.83,51,3.87,13,5563.23,1,0,23,1
51,5.97,89,1.86,5,2517.76,1,0,18,0
62,13.64,36,4.16,12,1982.77,0,0,6,1
105,18.59,14,2.72,2,5336.92,0,1,16,0
68,7.28,40,1.51,7,990.55,0,0,0,0
83,6.92,3,1.48,14,920.41,0,0,18,0
48,11.64,52,1.66,14,5627.05,0,0,16,0
24,5.29,83,4.56,5,1412.02,0,0,0,0
80,13.21,26,4.96,9,1060.94,0,0,15,0
38,16.73,20,2.43,14,3303.98,0,1,18,0
120,9.46,59,2.17,6,471.37,1,1,8,1
12,13.75,85,1.88,11,3796.09,0,0,20,0
92,13.21,63,4.3,1,2827.0,1,1,3,1
19,1.25,70,1.84,9,3914.39,1,0,6,0
101,4.08,46,4.7,5,1846.83,2,0,1,0
38,17.92,53,3.67,15,5451.74,1,0,21,0
88,18.81,30,4.59,15,1769.37,2,1,13,0
44,15.72,16,3.22,9,3897.88,1,0,0,0
15,18.46,49,3.76,1,5681.53,0,0,3,0
21,6.47,6,3.48,14,2524.69,0,0,21,0
120,5.33,82,4.32,2,1136.27,1,0,19,1
47,7.99,27,4.34,3,596.62,0,0,22,0
86,1.58,9,3.36,12,5785.5,0,1,18,1
102,16.29,26,3.53,5,4629.47,1,0,12,0
28,19.69,12,4.69,14,5529.92,0,1,2,0
76,16.57,65,4.72,6,4253.23,2,1,9,0
17,11.32,85,3.66,5,2186.2,0,0,7,0
17,6.26,83,1.03,1,913.5,1,0,17,0
93,4.36,59,1.42,4,5589.98,2,0,16,0
56,7.6,42,4.43,6,3039.79,1,0,4,0
13,13.51,68,1.34,4,2499.75,1,0,6,1
60,9.22,62,1.85,4,3551.19,2,0,19,0
94,18.71,69,1.92,5,818.04,1,1,23,0
76,17.16,64,3.4,8,1993.38,0,0,16,0
54,2.5,66,3.31,5,3899.68,2,0,20,0
17,3.06,53,2.16,7,780.71,0,0,1,0
96,13.69,35,1.83,8,984.41,0,1,10,1
25,5.0,70,4.06,6,3161.41,0,0,2,0
86,15.93,14,4.74,6,3816.05,1,0,14,1
76,12.03,74,1.21,15,1284.61,0,0,21,0
18,4.98,17,1.53,15,391.89,1,0,10,0
69,9.83,3,3.57,14,5758.53,0,1,1,0
87,8.42,87,4.22,2,359.46,0,0,7,1
86,17.53,10,4.16,13,211.9,2,0,14,0
80,1.13,5,3.88,13,2075.38,0,1,3,0
24,17.97,50,4.55,10,1490.23,0,0,22,0
80,13.22,57,1.87,5,3526.8,0,1,4,1
111,14.88,59,1.43,1,5386.41,1,1,22,1
107,0.55,17,3.46,9,2990.42,1,1,6,0
50,12.75,78,4.29,7,4685.15,2,1,1,0
31,11.98,66,3.33,2,5473.52,0,0,10,1
33,10.98,16,4.85,6,1298.52,1,0,21,1
110,15.82,33,4.18,10,3032.2,1,0,11,1
53,11.34,29,3.8,9,3924.01,1,0,7,0
10,17.21,18,1.24,12,2124.92,1,0,13,0
19,5.04,8,1.43,5,4490.56,1,1,7,0
116,16.22,39,4.14,3,4290.83,0,0,8,1
89,4.0,43,1.79,11,2642.35,0,0,4,1
119,16.36,58,1.12,10,710.13,1,0,12,1
81,18.84,90,4.64,11,267.1,0,1,9,0
65,7.05,24,4.56,4,2342.23,0,0,2,0
98,10.83,70,1.87,3,676.0,0,0,10,0
59,13.34,52,4.12,1,4733.42,0,0,4,0
21,2.05,47,1.19,10,2139.09,1,0,21,0
98,10.13,70,2.14,14,4063.37,0,1,3,1
90,7.53,83,3.49,11,2209.0,1,1,4,1
69,17.51,52,4.05,13,4816.44,0,0,7,1
35,17.6,48,1.04,15,5352.79,1,0,8,1
119,14.17,42,2.3,7,5057.58,1,1,14,0
87,13.29,18,1.86,8,3009.95,1,0,0,1
50,14.81,65,5.0,2,686.92,0,0,18,0
45,7.64,33,3.68,8,2355.92,0,0,11,0
32,8.39,80,2.62,12,2661.84,0,0,12,0
52,11.3,87,1.3,9,5769.47,0,1,3,1
15,18.79,72,3.39,7,3479.88,0,0,15,0
120,14.62,53,3.57,11,3916.91,1,1,11,0
78,11.24,0,4.27,1,4735.62,2,0,14,1
52,15.52,54,2.15,4,3495.57,0,0,0,0
34,7.73,14,4.93,7,3671.21,0,0,13,0
27,14.74,84,2.76,6,1622.9,2,1,14,1
71,8.51,14,2.18,11,541.43,1,0,7,1
22,5.95,22,2.39,14,4384.04,0,0,1,0
52,12.39,65,3.08,8,5122.37,2,0,15,0
87,13.89,45,4.75,6,2589.6,1,0,16,1
37,9.46,8,3.94,10,3383.7,1,0,10,1
27,11.53,65,3.31,6,1982.25,1,1,22,0
68,14.03,65,1.65,10,2811.28,0,0,19,0
69,15.47,17,1.6,6,1411.56,0,1,1,1
72,17.96,16,3.01,7,4607.34,0,0,19,1
66,7.41,71,3.91,5,3053.09,1,0,9,0
101,19.05,33,4.0,12,3373.51,0,0,17,1
60,12.93,68,1.9,11,415.11,0,1,3,1
65,15.86,63,1.4,9,3809.91,0,1,17,0
36,14.15,43,2.54,7,1375.4,0,0,11,1
41,4.51,28,4.67,1,2423.69,0,1,6,0
120,1.89,61,3.18,11,2593.75,1,0,18,0
18,14.66,15,2.28,12,2802.65,0,0,6,1
113,10.47,77,2.29,12,1519.13,2,0,1,1
105,14.19,51,1.53,14,5130.64,2,0,13,1
93,9.8,1,2.89,9,2681.53,0,0,3,0
101,6.59,60,4.17,11,3750.38,0,0,10,0
106,6.06,3,4.87,6,3760.84,1,0,22,0
77,14.75,51,3.01,11,3720.51,0,0,13,1
55,5.9,40,1.67,8,3444.04,2,0,5,1
107,14.44,51,3.73,9,4971.23,1,1,2,0
76,7.99,30,4.03,11,4913.18,1,0,23,0
35,15.53,25,1.29,11,2619.44,1,0,15,1
17,3.28,26,4.4,14,3887.91,0,1,19,0
15,4.5,50,4.32,2,796.41,1,1,15,0
89,13.88,47,2.89,2,726.48,0,1,2,1
33,11.42,10,3.24,5,2983.52,0,0,15,0
57,4.48,7,3.85,14,5421.18,0,0,17,0
112,18.11,11,3.71,5,3970.0,1,0,7,1
103,5.88,44,1.07,12,4081.46,2,0,9,0
54,8.71,33,1.49,10,1114.51,0,0,21,0
22,4.44,76,1.65,10,2829.17,1,0,23,0
78,8.07,90,4.02,2,2524.59,0,0,2,1
34,10.09,71,2.76,10,4741.27,0,1,13,0
29,6.26,46,3.18,4,999.38,2,0,14,0
91,15.5,20,4.09,9,3327.31,0,1,23,0
120,8.18,40,2.36,4,5485.84,0,1,1,0
91,14.73,74,4.0,1,5376.27,0,1,15,1
75,4.54,21,2.77,5,5143.56,0,0,12,0
83,7.85,20,2.51,2,2374.91,0,0,22,0
54,0.66,27,2.33,14,5658.38,0,0,14,0
56,15.29,66,4.86,6,4870.74,0,0,13,0
72,12.7,70,4.09,1,5136.62,0,1,17,1
85,16.45,13,1.08,7,5607.65,1,0,15,0
120,9.38,78,4.83,7,5634.61,2,1,11,1
86,16.09,72,4.1,15,1592.38,0,1,13,1
120,13.13,51,1.6,4,940.59,1,0,14,1
64,0.57,42,1.31,9,4207.07,0,0,1,1
84,5.45,70,2.23,3,3466.64,0,0,4,0
28,10.13,75,3.5,5,2099.07,2,0,12,0
44,12.56,18,3.47,5,4169.81,1,0,17,0
112,1.78,26,2.1,8,559.58,0,1,12,0
62,14.25,17,2.78,10,473.81,0,0,8,0
35,11.1,12,1.85,10,2255.0,0,0,23,0
119,10.75,0,1.2,4,1324.31,2,0,9,1
23,6.19,84,3.07,1,4367.63,1,0,19,0
54,12.1,33,2.39,11,5698.53,0,1,4,0
53,1.04,12,3.17,5,4037.44,0,1,5,0
97,1.76,50,4.79,1,3997.75,0,0,8,0
114,14.81,86,1.57,3,238.25,2,1,21,0
74,6.78,0,1.01,6,3171.21,0,0,21,1
60,7.27,86,1.31,1,4939.19,0,0,10,1
52,4.56,27,2.85,10,3993.9,0,0,14,0
95,9.19,31,3.83,14,1521.14,0,0,5,0
32,1.51,71,3.32,14,5121.16,0,0,16,0
65,6.36,54,2.98,13,5793.39,1,1,0,0
28,10.78,25,2.42,3,1818.16,0,0,8,0
91,9.58,13,2.24,7,1401.15,2,1,17,0
85,19.99,87,2.51,2,2163.46,1,0,20,0
64,8.08,67,3.45,6,566.32,0,1,5,1
101,8.05,62,1.67,7,5265.91,1,1,13,1
101,10.32,81,4.09,12,5589.94,0,0,1,1
69,4.21,13,3.3,12,3873.16,0,0,9,1
68,17.59,26,2.08,2,4633.14,2,1,0,0
42,11.66,40,3.0,11,4078.17,1,0,17,1
28,4.25,2,4.85,11,2388.65,0,0,1,0
37,15.97,58,1.08,5,3865.85,0,1,20,0
61,1.17,22,1.8,10,5050.66,0,1,0,0
58,19.66,17,2.79,12,4897.46,0,1,14,0
46,17.37,73,3.55,10,670.13,0,1,10,0
35,11.8,75,1.85,1,2883.09,0,0,1,0
108,2.67,40,4.73,3,2504.46,1,0,14,1
107,4.7,7,3.57,14,4561.65,2,0,20,1
108,5.95,31,4.51,1,3107.98,0,0,13,1
49,5.2,80,2.32,12,2228.27,1,0,4,0
89,10.2,40,4.32,3,4296.83,0,1,22,1
47,18.92,44,2.51,4,2946.76,0,0,3,0
86,9.16,77,2.01,12,1688.42,1,0,21,1
96,13.4,8,4.65,12,5364.42,2,0,21,1
63,13.93,89,1.37,5,855.68,0,0,8,1
31,17.5,47,4.77,4,304.91,0,0,12,0
25,1.16,23,2.83,4,1034.68,2,1,2,1
37,8.38,86,4.97,9,1149.13,1,0,10,1
44,15.8,43,3.16,9,3320.64,0,1,13,0
69,16.39,57,4.03,9,3824.22,0,0,8,1
54,18.58,65,1.03,11,2801.94,2,0,12,1
55,14.2,17,2.99,5,1384.19,0,0,1,0
81,5.28,79,3.95,11,966.71,0,0,17,0
117,10.36,28,4.13,13,3054.48,0,0,6,1
64,1.13,74,1.63,5,3479.8,0,1,23,0
95,13.12,1,2.68,2,1962.98,0,1,2,1
94,11.31,77,2.68,6,1478.55,1,1,6,1
35,13.5,67,1.41,2,667.44,0,1,6,0
113,18.64,38,2.77,10,352.22,1,1,22,1
94,13.9,72,4.23,13,813.27,0,0,1,0
34,6.75,40,2.2,5,4504.06,0,0,7,0
114,4.38,70,2.73,11,2195.31,1,0,10,1
74,17.17,80,4.84,13,359.03,2,0,15,1
15,4.29,86,1.13,15,3147.36,2,0,7,0
32,3.65,74,3.37,12,3309.19,0,1,13,1
73,4.53,21,3.97,12,2686.39,0,0,4,1
96,10.42,81,4.04,5,841.96,1,0,22,1
52,2.92,48,3.86,4,4578.81,1,1,6,1
116,18.79,27,3.91,5,4196.67,1,0,9,0
32,19.34,15,1.24,7,2489.43,2,0,19,1
105,19.49,67,3.14,10,2408.73,0,0,20,0
39,1.26,61,4.13,13,1104.42,1,0,5,0
86,18.95,35,1.38,2,4570.59,0,0,5,0
116,19.95,21,1.05,15,3677.53,2,1,9,0
27,18.88,10,4.26,1,697.6,1,1,8,0
96,13.58,84,3.85,4,2392.77,1,0,2,1
88,14.17,79,2.65,7,5440.65,2,0,4,1
106,2.88,41,4.76,1,2823.77,1,0,16,1
30,17.55,54,4.07,4,2084.58,1,1,0,1
66,1.66,72,4.87,15,3933.95,2,0,9,0
112,6.7,34,4.72,15,1377.24,0,0,4,1
32,19.83,56,2.93,14,3238.06,2,1,0,1
100,8.74,33,4.02,6,4083.23,0,1,22,0
54,3.06,72,3.68,6,5158.29,0,1,9,0
53,19.4,76,4.25,1,4216.52,0,0,23,1
91,19.69,69,4.15,7,2429.58,0,0,13,0
97,4.15,3,1.61,14,4653.24,1,0,15,0
56,17.36,45,1.93,5,5410.72,0,0,17,0
49,8.11,10,2.06,6,2971.03,2,0,18,0
60,7.94,60,4.27,1,226.1,0,1,13,0
51,5.62,34,4.24,7,5309.32,0,0,9,0
16,1.37,68,2.98,4,1159.56,2,0,7,0
59,5.73,56,3.32,3,932.69,1,1,15,1
57,1.55,10,4.31,12,1984.54,1,1,10,1
93,18.53,11,2.25,11,2403.91,0,0,16,0
100,13.4,42,1.2,13,4836.38,1,0,12,1
15,17.79,18,2.93,15,2457.26,0,1,4,1
100,14.49,76,4.65,4,483.16,2,0,14,0
18,3.06,67,4.16,9,3888.58,1,0,15,0
118,18.84,77,2.47,5,4093.08,2,1,9,1
66,18.05,58,1.26,12,4922.48,1,0,16,1
40,7.29,1,3.55,5,2513.42,1,1,14,1
30,2.67,7,4.34,8,699.21,1,0,7,0
99,14.23,21,3.66,15,3407.76,1,0,8,1
49,14.7,76,2.7,7,901.78,0,0,8,0
54,17.99,20,1.49,3,299.04,0,0,10,0
86,1.53,84,4.64,13,4715.78,0,0,8,1
58,3.26,28,2.1,15,2539.78,1,0,21,0
96,12.17,85,1.9,1,3245.03,1,0,10,0
29,12.57,89,4.26,12,4044.53,1,1,6,0
110,1.16,74,4.92,11,2525.96,2,0,22,1
101,8.24,74,3.64,13,496.56,1,0,3,1
26,11.89,82,3.5,2,1665.91,0,0,18,0
37,14.89,36,2.28,3,1327.18,0,1,8,0
50,6.66,77,1.08,11,5868.89,0,1,2,0
75,9.94,28,1.77,1,4489.13,0,0,18,0
34,16.37,82,3.34,1,2818.99,0,1,12,0
67,19.1,36,1.61,8,567.53,1,0,15,1
50,4.99,20,4.54,13,871.93,0,0,3,0
15,5.43,87,1.75,8,4914.82,0,0,9,1
84,18.83,89,3.09,2,5683.6,2,1,2,1
47,8.22,11,3.05,8,381.83,2,0,17,0
15,14.51,47,3.42,11,5480.3,1,1,20,1
54,12.44,82,2.31,13,2407.27,0,1,10,0
84,6.07,46,4.49,14,1439.07,2,0,16,1
23,13.24,14,2.78,2,792.95,1,0,16,0
75,13.28,66,3.8,13,4676.14,0,0,21,0
49,12.05,12,3.54,11,2919.68,1,1,11,0
12,2.44,58,1.47,5,5028.06,0,0,3,0
108,19.91,72,3.49,1,1511.71,2,0,7,1
106,8.31,12,3.2,9,4135.69,2,0,0,1
33,12.95,79,4.59,4,885.11,0,0,20,0
28,17.77,77,4.52,10,720.55,0,1,10,0
27,8.75,71,1.6,14,973.72,0,0,5,0
73,15.59,18,1.33,11,4891.63,2,0,4,1
97,19.45,56,2.18,2,4002.59,0,0,14,0
118,7.5,31,4.95,1,1162.59,0,0,21,1
44,8.4,86,1.09,6,2431.68,0,0,18,0
71,18.16,20,3.69,11,4629.38,0,0,14,0
10,3.61,81,3.43,8,1856.91,2,0,6,1
109,1.06,13,3.59,4,5543.33,2,0,16,0
34,18.22,79,1.87,1,5504.7,0,0,20,1
54,16.52,23,1.91,1,3406.82,0,0,0,0
58,19.47,48,2.72,6,3865.45,1,1,13,0
116,1.64,31,1.38,2,3988.67,1,0,18,0
107,3.55,74,1.3,15,1699.12,0,0,21,1
98,2.55,10,1.35,5,2318.86,0,0,15,0
25,13.83,59,3.29,15,988.46,0,1,1,0
107,12.32,67,2.59,2,5564.25,0,0,20,0
102,7.51,60,2.17,9,4398.33,1,0,6,0
28,1.62,89,2.26,2,468.87,0,1,11,0
32,12.97,4,1.83,5,3386.45,0,0,8,0
92,11.62,35,2.65,4,2189.83,1,1,16,1
34,2.7,63,1.81,11,4928.67,1,0,6,0
25,18.22,77,3.79,1,2194.04,0,1,13,1
63,4.38,31,1.5,10,3936.07,0,0,23,1
82,15.0,70,4.79,9,1161.29,2,1,18,0
10,17.76,73,1.36,3,3440.78,0,1,1,0
51,11.8,65,4.77,10,1904.54,1,0,7,1
28,5.31,9,4.33,8,1156.35,0,1,22,0
106,6.53,20,3.72,4,3791.7,0,1,0,0
43,17.77,39,4.65,11,3904.12,0,0,1,0
89,6.32,41,1.56,13,5903.45,0,1,19,0
117,15.05,71,1.71,13,4080.82,0,0,14,0
113,19.81,45,2.01,9,3191.12,2,0,14,1
64,20.0,81,1.98,5,5493.2,1,0,18,0
27,10.9,72,2.24,2,5004.03,1,1,1,1
43,16.62,40,3.3,8,3382.73,1,1,4,1
98,19.81,3,1.11,13,3165.82,1,1,21,1
54,7.81,13,2.53,4,5663.42,1,0,21,0
15,5.42,13,1.99,14,3779.34,1,1,22,0
30,2.73,52,3.43,2,4339.92,0,0,11,0
79,3.25,83,4.94,6,702.74,0,0,12,0
105,17.14,28,3.07,1,4366.17,2,0,21,1
114,11.98,22,2.7,8,1735.15,1,1,21,0
57,17.54,84,2.47,9,870.12,1,0,15,0
116,15.89,30,4.14,7,5128.06,1,0,7,1
48,13.64,70,1.29,13,4208.91,1,0,4,0
40,12.38,76,4.84,13,2563.87,0,0,20,0
115,1.44,60,2.67,9,2702.22,2,0,10,1
19,17.51,22,2.25,2,1343.28,1,0,10,0
39,8.65,7,4.9,11,255.4,2,0,22,0
27,11.42,75,4.74,1,2226.28,0,0,9,0
69,0.93,15,3.57,7,1060.8,2,1,12,0
97,18.75,25,1.07,4,2646.02,1,0,10,0
82,18.1,28,3.99,10,5036.19,1,0,22,0
104,11.09,5,2.34,8,865.58,0,1,18,0
24,11.76,36,2.55,3,732.17,1,0,0,0
13,14.25,32,1.63,7,5432.19,0,0,20,0
72,5.66,45,3.09,7,4521.81,1,0,10,0
49,4.83,60,3.98,11,507.81,1,0,3,1
18,13.64,40,2.09,15,661.51,0,0,0,0
118,2.54,17,4.75,10,4172.56,1,0,20,1
18,9.35,15,1.78,9,2348.0,0,0,5,1
35,10.11,50,1.27,11,4400.21,1,0,22,0
13,7.94,36,3.58,4,2545.83,1,1,15,0
90,4.11,13,4.4,14,5813.16,0,0,9,1
25,7.43,67,4.81,10,4227.62,1,0,10,0
24,7.08,29,4.07,13,470.37,1,1,15,0
108,10.24,59,1.8,14,2116.91,2,0,8,0
61,13.66,52,4.91,1,3468.92,0,0,11,0
78,19.38,35,4.68,7,1022.87,1,1,19,1
14,3.31,29,1.65,10,214.62,0,1,16,0
29,17.52,63,3.24,12,659.99,2,0,19,1
88,6.04,13,3.22,14,3240.73,1,1,10,0
27,12.03,22,2.77,6,3867.08,1,0,22,0
120,11.16,47,4.94,11,738.84,0,0,0,0
11,11.36,27,1.24,1,4057.91,2,0,5,0
102,14.61,6,3.51,9,3779.32,2,1,9,1
22,7.94,41,1.82,10,5651.4,0,0,7,1
13,6.72,9,3.11,8,5075.92,1,0,21,0
51,17.13,67,4.12,10,5670.8,2,0,13,0
118,4.79,43,1.99,4,5803.42,0,0,22,1
83,4.01,12,2.57,15,2756.69,1,0,18,1
70,0.8,84,4.8,15,3029.88,1,1,23,1
104,4.61,32,4.05,5,1833.41,1,0,20,1
114,10.61,86,3.29,8,3148.91,1,0,6,0
17,11.0,31,1.89,2,1074.15,0,0,6,1
76,5.46,47,2.7,6,4094.3,1,0,5,1
72,1.91,4,4.1,10,344.61,2,0,18,1
119,15.02,60,4.28,2,1566.64,2,0,10,1
18,15.28,89,1.98,15,1406.82,1,1,0,0
103,19.96,89,3.65,12,5639.76,0,0,5,0
20,18.05,2,1.38,11,1040.43,1,0,12,1
108,18.56,23,1.09,8,5366.5,0,0,17,1
110,16.06,33,3.19,5,921.28,1,0,1,0
51,12.5,83,1.9,12,3974.05,1,0,16,0
22,3.01,41,1.32,10,2055.34,0,1,16,0
45,12.64,19,3.92,3,2032.81,0,1,1,0
22,1.59,40,2.99,2,5989.97,2,0,0,0
21,17.76,81,4.19,4,1511.05,2,1,11,0
46,9.9,19,3.66,8,1374.85,0,1,11,0
83,14.1,5,3.92,1,3618.14,0,0,21,0
82,1.52,56,2.23,10,4496.36,0,0,4,1
61,10.92,41,2.05,15,5898.53,0,0,23,0
80,6.37,24,3.4,3,4268.2,2,0,15,1
11,6.06,40,1.8,13,3458.85,1,0,15,0
65,8.1,40,4.26,1,2572.96,2,1,12,1
69,0.51,2,3.09,2,3651.65,1,0,6,0
32,9.6,42,1.91,10,3684.84,0,0,11,0
112,9.99,45,3.5,11,1462.73,1,0,13,0
49,17.33,56,4.78,15,4093.01,1,0,19,0
73,9.25,82,1.33,7,1385.66,1,0,8,0
112,7.59,73,1.44,1,3041.74,0,1,10,0
94,19.9,50,4.38,9,1707.24,0,1,10,0
32,11.64,4,1.44,8,2014.25,1,1,19,0
38,9.72,85,1.16,1,3760.49,0,0,19,0
87,10.17,72,2.39,10,574.01,2,1,1,0
99,16.28,14,2.87,1,269.8,1,0,14,0
60,7.14,87,3.28,2,957.6,0,0,17,0
78,8.09,38,3.03,2,1178.5,1,0,21,1
104,15.24,69,4.65,6,1347.66,1,0,21,1
98,1.92,78,4.07,1,4688.8,0,0,22,0
40,17.37,37,4.94,4,2791.78,0,0,11,0
59,8.89,38,2.91,7,2925.63,0,0,6,1
29,11.84,51,1.34,13,3937.14,0,0,11,0
117,15.27,85,4.82,13,4428.83,1,0,2,0
64,5.69,2,1.02,12,220.35,1,0,9,1
90,17.86,28,4.1,9,5169.01,0,0,22,0
118,19.59,30,1.13,10,5932.92,1,0,8,1
11,10.14,65,4.04,3,906.48,2,0,14,0
34,18.77,44,4.75,4,3976.27,1,1,6,0
22,0.52,72,2.56,5,214.0,1,0,3,0
112,17.94,21,1.96,5,484.37,0,0,13,1
101,6.57,82,1.91,2,1853.01,0,0,23,0
115,6.57,9,2.97,13,5109.14,0,0,17,0
79,4.95,20,1.68,5,3984.51,1,0,23,1
76,6.68,16,3.69,10,2785.76,1,1,11,0
67,4.66,66,2.47,1,2743.87,2,0,10,1
108,18.16,6,2.29,7,2903.11,1,0,2,0
91,18.03,35,2.85,14,2003.99,0,1,4,1
84,2.49,66,3.17,15,5290.74,1,0,2,0
93,3.29,76,1.57,5,3493.64,0,1,21,0
73,17.31,29,3.83,6,3006.91,2,0,5,1
78,8.28,86,4.53,14,2897.44,0,1,23,0
92,3.8,70,2.11,9,5627.79,0,0,0,0
95,10.46,28,1.72,3,4397.24,0,0,4,0
68,8.63,71,4.04,1,1039.92,2,1,20,0
69,4.77,73,1.73,8,2734.43,1,0,13,1
92,14.55,32,1.17,2,1872.56,0,0,8,1
120,12.81,58,3.48,2,5923.84,0,0,9,1
71,2.44,19,1.96,10,2609.3,0,0,19,1
25,18.55,28,1.69,13,593.65,0,0,21,0
97,11.39,52,4.93,4,2585.03,0,1,10,1
114,5.38,84,2.17,5,2063.83,1,0,9,0
77,4.52,0,4.61,1,3677.58,1,0,22,1
24,3.15,33,1.71,11,1511.25,2,1,2,0
98,8.78,43,4.28,3,408.65,0,0,15,0
117,3.14,13,3.01,11,756.11,2,0,21,1
64,8.61,36,1.31,8,1842.26,0,0,13,0
44,3.4,34,3.93,6,2220.27,0,0,12,1
64,13.31,58,4.57,3,5039.81,0,0,12,0
23,15.81,23,1.65,14,1766.4,2,0,2,1
58,11.22,64,3.9,12,382.66,2,1,21,0
92,13.76,5,2.78,7,4728.25,2,0,16,1
111,18.8,67,4.02,11,5239.72,0,0,8,0
109,12.95,37,3.86,6,3055.38,2,0,21,0
16,7.6,0,1.11,5,1852.58,1,0,5,1
39,9.26,40,1.71,8,4678.41,0,0,19,0
92,17.28,30,2.88,8,251.61,0,0,13,0
58,3.05,35,4.73,3,5559.36,1,0,20,1
98,6.85,72,2.37,8,5220.08,2,0,19,1
25,11.76,53,3.52,10,3360.03,2,1,21,1
120,13.69,86,1.05,9,1809.97,1,0,22,1
113,15.39,30,3.84,13,390.5,1,1,16,1
60,6.71,28,3.41,12,5998.98,1,0,13,0
81,3.34,84,3.86,13,4620.03,1,0,2,0
91,19.12,2,4.62,10,2164.52,0,0,1,0
101,1.99,57,1.59,3,311.78,1,0,4,1
89,2.37,89,2.05,11,3907.89,0,0,23,1
92,10.15,60,4.98,8,5924.04,0,1,4,1
51,16.48,5,1.63,8,4301.02,0,0,8,0
26,15.6,19,3.88,12,685.54,1,0,16,0
72,18.79,60,3.9,7,2533.21,0,0,10,1
54,3.26,45,3.73,8,833.26,2,0,5,0
86,7.83,12,1.91,1,5490.53,1,1,2,0
16,6.0,22,1.86,3,2116.4,2,0,14,0
36,17.29,78,3.67,6,4453.58,0,0,17,1
19,10.02,30,1.75,12,691.2,1,0,3,0
43,1.02,3,3.65,15,944.81,2,1,18,0
45,14.31,74,2.97,7,4141.03,0,0,13,0
34,8.08,65,2.55,7,5092.18,0,0,7,1
15,10.86,15,2.2,11,1368.41,1,1,22,0
33,17.93,30,4.79,6,2626.36,0,1,18,0
27,5.51,47,3.03,15,3792.62,0,1,13,0
96,5.19,42,3.25,13,4818.4,2,1,2,0
15,5.63,3,4.8,12,3843.54,1,0,12,0
38,7.09,61,3.62,12,753.47,0,0,22,1
34,2.59,47,4.83,12,3348.35,0,0,3,0
64,14.1,27,1.43,11,5330.72,0,1,23,1
90,4.54,15,4.39,4,5234.54,0,1,0,0
55,18.56,88,2.34,5,3593.09,0,0,16,1
33,4.71,76,4.24,9,5975.04,0,0,6,0
84,5.49,68,4.42,1,809.72,0,0,8,0
35,6.29,29,2.09,2,2975.85,2,1,17,0
107,15.49,64,2.64,5,4695.72,1,0,20,1
37,8.84,68,3.9,5,1018.02,0,0,1,0
12,16.48,13,1.4,12,5841.95,1,0,11,1
84,15.8,74,4.02,7,2253.47,0,0,0,0
47,18.63,33,1.44,8,2230.81,1,1,10,0
70,15.25,55,4.66,10,1436.53,1,0,15,0
87,1.51,28,2.11,6,1870.5,2,1,22,1
60,16.83,81,3.3,6,3550.02,0,0,14,0
99,18.79,78,1.47,5,2690.25,0,0,15,0
57,19.88,24,2.08,5,1321.59,0,1,13,1
30,2.94,65,2.62,13,4893.01,0,1,0,0
63,12.46,39,2.95,11,560.99,2,1,6,0
65,4.39,90,1.0,8,5040.99,1,0,7,0
112,5.62,14,4.55,5,1794.64,2,1,15,0
103,15.04,31,1.03,6,3076.24,0,1,0,0
68,19.56,19,4.09,3,2410.17,2,0,18,1
81,12.1,52,2.88,15,3509.49,0,0,4,0
60,17.09,77,3.1,14,4816.74,2,0,22,1
29,0.67,90,1.83,5,5938.05,0,1,20,1
105,1.21,66,3.43,15,1975.14,1,0,14,0
95,12.14,48,3.15,14,3412.07,0,0,2,0
68,8.09,66,1.66,9,2902.84,0,0,23,1
80,17.85,76,1.95,15,5993.78,1,0,21,1
18,6.39,88,1.27,3,4891.7,2,1,0,0
118,8.92,81,1.27,8,2503.09,1,1,6,0
10,10.79,0,1.06,15,2965.9,0,1,8,0
38,5.82,38,1.88,11,1626.55,0,1,0,1
72,18.22,60,3.72,7,4580.43,0,0,22,1
81,9.56,54,2.26,4,5102.23,2,1,1,1
65,8.77,68,2.37,5,5796.92,0,0,16,1
77,17.07,1,1.53,8,3481.81,2,1,16,0
44,6.58,16,3.3,10,4089.96,1,0,2,0
12,16.44,28,2.37,7,2787.14,1,0,16,0
118,2.88,3,3.71,10,3732.95,2,0,9,1
113,4.06,72,3.97,10,2222.74,1,1,1,1
16,19.04,63,3.34,2,4478.6,0,0,6,0
36,16.93,84,2.1,8,331.66,0,0,23,0
10,8.06,42,3.03,8,365.05,0,0,2,0
100,12.95,75,2.01,9,4353.5,0,0,22,0
89,18.89,11,4.61,2,5597.96,0,1,11,0
111,4.63,49,4.07,14,3867.04,1,0,6,0
80,1.65,67,2.97,4,4413.86,0,0,9,1
53,10.98,60,4.86,2,4978.82,2,0,3,1
96,3.28,72,3.19,4,2297.71,1,0,0,1
50,4.15,50,2.31,3,827.06,2,0,13,1
84,17.89,76,1.38,7,5611.94,0,0,3,1
51,0.64,82,3.17,14,5643.71,1,0,11,0
42,16.43,77,4.44,5,2762.68,2,1,0,1
59,10.58,4,4.47,15,1459.58,0,0,13,0
72,11.41,90,3.42,7,5375.66,2,0,3,0
109,13.6,27,2.57,2,4308.87,0,0,20,1
46,8.91,89,3.6,4,247.72,0,0,6,1
114,2.75,9,4.05,6,824.77,0,0,8,1
68,2.5,87,2.65,12,5902.56,0,0,13,0
90,15.21,80,2.91,5,421.14,2,1,23,1
108,4.81,51,3.72,11,1838.82,0,0,17,0
57,1.05,79,4.51,2,3381.28,1,0,4,0
14,19.6,16,4.16,12,1269.26,1,0,19,0
57,19.62,64,1.09,7,1545.91,1,1,16,1
105,7.87,20,1.5,2,2247.21,0,0,5,0
12,1.0,53,4.41,14,1763.41,1,1,4,1
56,14.68,48,4.34,9,4859.47,0,1,9,0
71,16.7,21,2.56,7,3101.59,1,0,22,1
108,2.94,68,3.34,12,1816.0,2,1,16,0
23,3.14,63,4.62,3,2015.96,0,1,20,0
72,16.53,35,4.65,6,431.22,0,0,18,0
70,18.48,20,4.13,5,486.47,1,0,3,0
40,15.92,55,1.84,12,4363.86,0,1,13,1
104,4.41,72,3.92,9,854.88,0,0,19,0
26,8.52,90,1.4,13,2959.62,0,0,13,0
33,12.22,47,4.58,3,5085.72,0,1,21,0
32,3.63,75,1.6,2,2337.03,0,1,3,0
91,4.61,17,3.65,2,2205.36,0,0,22,0
59,6.02,14,3.44,4,5263.68,1,0,2,1
87,10.44,43,4.11,13,5216.13,1,1,23,0
88,10.46,44,3.21,1,5304.79,2,1,1,1
88,16.38,35,1.24,9,3517.1,1,1,17,1
79,15.18,39,3.82,3,5723.36,0,0,16,0
36,18.32,50,2.53,14,4949.99,0,0,15,0
24,16.74,29,2.28,13,2610.68,1,0,13,0
59,5.45,25,4.97,5,3851.42,2,0,15,0
45,6.96,84,3.36,2,906.38,1,1,15,0
17,10.26,30,3.84,8,3397.73,0,0,5,1
88,0.78,55,3.11,15,1726.26,2,0,5,0
12,18.13,60,4.08,11,1844.57,1,0,5,0
71,1.36,16,4.01,11,929.17,0,0,13,0
56,6.79,80,3.63,14,2277.56,1,0,0,0
86,11.6,23,4.99,3,2992.06,0,0,19,1
114,10.6,3,2.84,5,3682.06,0,0,0,0
107,13.26,8,3.82,7,1968.24,0,0,17,0
97,10.79,1,4.19,2,4795.04,0,0,7,1
113,4.97,34,2.5,3,3221.57,1,0,7,1
105,4.42,37,2.83,8,3900.7,2,0,16,1
70,18.19,44,4.88,10,1813.23,0,1,0,0
41,5.65,14,1.13,14,4921.99,0,0,13,0
103,5.98,41,2.34,8,3820.79,0,0,10,0
22,8.55,2,2.94,3,5201.62,2,0,11,1
10,3.22,30,1.01,13,1127.72,0,1,12,0
43,10.39,51,4.6,10,2407.85,2,0,12,0
71,13.47,40,2.14,12,855.49,2,0,2,1
88,15.83,56,2.03,7,1450.06,1,1,22,0
117,14.37,41,4.28,14,2488.38,0,1,21,1
87,3.38,52,2.11,11,5388.58,0,1,2,0
102,9.39,55,3.63,13,3430.84,0,1,23,1
107,1.25,86,4.29,2,2116.19,0,0,13,0
91,0.85,75,4.17,9,4532.02,2,0,7,0
80,9.08,71,4.13,13,314.16,0,0,12,0
102,5.43,52,1.35,13,2346.53,0,1,21,1
40,13.83,84,1.32,8,3684.82,1,0,0,0
73,14.62,84,2.23,9,3582.78,2,1,11,1
34,17.96,31,1.14,9,3723.84,0,0,23,0
47,15.33,80,3.0,7,1426.7,1,0,4,0
23,1.44,53,2.58,4,2155.06,1,0,8,0
17,7.75,36,3.23,12,5603.08,1,1,1,0
100,5.82,87,2.2,12,5849.06,2,0,13,1
63,8.03,7,2.94,5,2009.82,0,1,21,0
11,3.62,81,2.34,7,3938.12,1,0,3,1
90,2.41,10,1.78,13,1599.52,1,0,22,0
110,10.66,53,3.6,5,2337.47,2,0,21,1
87,14.55,59,3.69,12,4795.54,0,1,22,1
98,14.19,9,4.32,10,3106.84,0,0,20,1
65,9.29,89,4.5,15,5127.62,0,0,8,0
103,10.68,69,3.82,8,3846.69,2,1,16,1
102,10.57,80,3.75,5,3847.74,2,0,11,1
93,13.99,86,1.23,5,396.5,0,0,6,0
94,1.43,41,1.44,5,4548.09,0,0,7,0
70,14.34,36,4.25,4,5871.63,0,0,0,0
31,11.85,79,1.93,11,2943.57,1,0,15,0
44,4.36,75,2.42,12,1119.76,2,0,7,0
110,1.46,57,1.58,11,5866.47,2,1,12,1
25,2.62,84,1.78,12,1882.73,1,1,18,0
59,10.73,58,4.1,7,2573.35,0,0,12,0
52,15.29,23,2.05,2,648.73,2,0,9,1
26,7.03,27,2.8,10,842.85,2,0,11,0
89,7.89,36,1.61,13,1456.08,0,0,21,1
67,18.72,20,3.71,4,3381.1,1,0,6,0
11,4.65,32,3.91,11,3435.18,0,1,12,0
13,2.52,1,2.45,3,3716.21,1,0,20,0
94,7.2,82,4.14,10,3586.14,2,0,7,1
48,15.05,27,1.96,13,3072.37,0,1,23,0
107,12.71,14,3.77,8,4852.17,1,1,5,0
103,8.61,0,3.92,7,5616.62,1,0,21,0
15,19.31,27,4.87,3,1764.62,2,0,8,0
90,14.83,49,1.93,4,955.12,0,0,19,0
112,1.71,34,1.37,13,2665.51,1,1,12,0
98,15.02,27,2.05,14,353.25,0,1,18,0
78,0.97,8,1.49,4,5323.25,0,0,23,0
78,13.18,23,1.68,12,1590.3,0,0,8,0
29,4.6,62,2.34,10,3385.92,0,0,19,0
73,14.08,3,2.66,7,867.55,2,0,17,1
25,6.54,55,4.61,8,3408.89,0,0,21,0
60,17.52,40,1.78,4,426.16,0,1,17,0
114,7.07,66,4.89,8,4659.08,0,0,20,0
46,12.58,47,4.24,1,5741.44,0,1,19,0
113,6.08,85,4.53,13,1980.46,0,0,10,1
82,18.39,57,4.72,9,1697.64,2,1,7,1
78,15.73,38,4.01,7,2798.37,1,1,1,0
51,5.24,24,4.16,4,3795.85,2,0,22,0
66,19.0,59,2.75,8,1295.98,1,0,22,0
75,7.46,85,3.04,12,4859.19,1,0,16,0
18,13.21,46,4.73,10,1351.5,2,1,9,0
116,14.99,60,2.51,2,231.75,2,0,14,1
109,0.95,83,1.17,14,3240.65,0,0,23,1
95,19.2,26,4.05,8,867.87,2,0,0,1
73,7.22,41,3.29,10,4249.78,1,0,1,0
95,4.2,51,4.26,6,1171.33,0,0,6,0
31,17.09,47,1.3,7,4940.81,1,1,4,0
43,14.21,31,3.48,7,2928.14,0,0,12,1
64,2.19,23,1.99,2,3484.41,0,0,4,0
38,2.78,2,4.61,14,1282.19,2,1,20,1
47,14.45,26,1.44,11,1050.79,0,0,10,1
119,1.96,72,4.37,2,3861.5,0,1,9,0
106,18.38,39,1.35,4,1681.67,2,1,11,0
27,14.96,22,1.1,6,2438.37,0,1,1,0
80,7.04,6,1.94,4,2980.81,0,1,11,1
74,7.58,80,2.33,6,1531.87,2,0,6,1
106,10.38,36,3.51,5,4813.46,2,1,18,1
10,7.54,6,1.53,6,5648.66,0,1,18,1
97,15.78,76,2.75,9,2704.98,0,0,1,1
13,19.51,81,1.82,6,5521.78,2,0,12,1
13,11.9,21,4.42,6,5319.56,0,0,4,1
91,9.2,77,1.18,11,1163.07,1,0,15,1
36,4.84,81,2.42,11,1205.62,0,1,18,0
52,13.24,16,3.53,8,2968.95,1,1,1,1
68,13.87,18,4.65,15,3249.97,0,0,11,1
41,13.86,38,4.47,5,2178.55,1,1,19,0
42,1.03,35,4.58,5,2014.94,0,0,0,0
37,18.03,14,1.25,10,2701.93,0,1,8,1
115,7.09,62,4.36,13,4204.78,0,0,22,1
114,15.01,28,4.12,11,689.48,0,1,1,0
64,15.32,59,4.61,1,4321.38,2,1,1,0
109,13.19,55,2.25,6,5572.19,2,1,20,0
69,8.2,39,4.65,1,4628.34,1,1,18,1
79,12.36,15,2.61,11,1311.73,1,0,13,0
71,1.28,32,3.54,8,707.39,0,0,16,0
89,15.36,88,2.7,10,3044.21,0,1,23,0
43,2.44,15,2.71,9,5747.16,0,0,4,0
96,8.24,29,3.19,6,4950.54,1,1,20,1
115,2.52,65,2.42,14,3463.86,0,0,21,0
97,16.82,43,4.17,9,1029.29,2,0,7,0
65,11.23,37,3.53,2,4340.25,1,0,19,0
22,13.97,50,3.76,9,4915.39,2,0,12,0
65,13.81,59,1.92,4,5623.4,0,0,18,0
27,16.91,17,4.88,15,3750.27,1,1,22,1
63,3.09,4,3.64,3,3183.9,0,0,0,0
86,13.36,39,1.79,1,3791.26,1,0,17,1
110,11.72,5,4.0,1,5670.86,2,1,2,1
52,1.1,75,1.69,8,3843.14,0,0,13,0
48,4.43,11,1.25,2,1694.03,0,0,4,0
70,5.72,11,3.11,1,3889.68,0,1,9,1
51,1.91,72,3.21,2,5302.52,2,1,3,1
90,7.42,21,1.76,3,3488.61,0,0,11,0
88,1.03,48,2.39,4,3115.65,2,0,18,0
27,11.29,49,4.78,13,4453.54,0,1,3,0
32,4.62,79,2.14,11,4033.73,2,0,10,1
63,6.1,3,1.62,9,528.79,0,1,6,1
39,18.25,49,4.97,7,4406.8,0,1,22,0
107,10.3,2,2.21,12,2563.79,1,1,4,0
67,5.75,15,3.72,5,5657.21,2,1,20,0
77,12.17,13,1.93,5,5830.66,0,0,22,1
76,4.43,63,3.2,14,2802.69,1,0,3,0
80,1.95,40,2.55,6,5819.01,0,0,14,0
27,0.91,67,4.85,1,2002.76,2,0,16,0
115,19.05,58,2.73,6,4159.34,0,0,19,0
16,14.63,1,3.34,13,635.32,0,0,15,0
49,16.1,9,4.78,13,1040.94,0,0,15,0
79,19.63,74,4.96,11,5214.25,0,0,9,0
95,18.67,89,1.41,6,5383.95,0,0,15,1
74,14.87,25,4.34,14,3289.14,0,0,13,1
77,14.03,3,2.53,11,2170.69,1,0,14,0
119,7.07,89,3.38,5,2815.94,0,1,9,1
58,2.53,27,2.5,10,5243.82,0,1,1,0
61,11.69,1,2.6,9,1423.76,2,1,0,1
116,11.74,65,1.64,10,1910.25,2,1,8,0
38,19.07,15,3.29,10,4755.57,0,0,21,1
30,9.13,56,3.19,5,5624.56,0,1,1,0
99,13.97,22,1.76,9,738.98,0,1,6,1
87,11.71,22,3.17,10,4861.88,2,0,19,1
18,3.95,76,4.89,15,3941.4,2,1,8,0
56,12.05,20,3.86,7,1538.47,0,0,12,1
85,11.03,24,2.92,15,4583.74,1,0,11,0
51,10.13,57,4.66,3,4421.91,0,0,5,1
60,10.51,36,3.3,11,1023.77,0,1,6,0
65,3.7,48,1.54,9,3113.06,1,0,18,1
60,9.54,76,3.19,10,4598.09,0,0,14,1
79,12.31,14,1.72,7,1310.96,1,0,5,1
29,10.04,27,4.07,4,2884.04,1,1,16,1
97,10.03,66,4.87,14,900.3,2,0,4,1
36,2.01,86,2.44,12,1979.64,0,1,9,0
47,4.22,3,2.74,9,1464.08,0,0,14,1
81,6.76,46,2.69,6,3129.41,0,0,4,0
74,8.68,49,2.14,9,1019.05,0,0,17,0
63,12.08,59,4.18,4,2422.27,1,0,5,0
33,17.34,61,3.47,10,1795.94,2,1,10,0
56,3.6,66,1.26,2,4527.08,0,0,2,0
80,0.79,71,4.36,13,4258.08,2,0,3,1
92,9.26,42,1.75,14,750.6,1,0,2,1
95,8.93,88,4.92,9,5730.21,1,0,0,1
72,11.26,57,2.51,10,4519.16,2,1,16,0
66,16.75,51,3.47,12,3772.56,1,0,20,0
64,16.15,75,1.31,14,2970.67,0,0,13,0
69,2.45,68,2.38,4,1231.95,1,1,21,1
108,18.71,45,4.21,11,5779.69,2,1,4,1
71,2.65,24,2.91,2,245.58,0,0,13,0
39,12.87,24,4.62,7,4216.39,0,0,3,0
102,13.61,34,3.3,7,3143.18,0,0,5,1
31,13.76,60,4.71,5,5434.97,0,0,8,0
84,5.67,14,4.93,5,2408.04,2,1,19,1
93,6.94,89,2.82,8,3208.14,0,0,13,0
38,11.2,73,3.26,6,4505.57,2,0,9,1
50,4.39,87,4.34,1,475.89,2,1,22,1
51,0.9,34,1.89,11,515.96,2,0,12,0
107,11.46,28,4.45,14,1427.7,0,1,13,0
74,9.57,37,3.37,12,1049.26,1,0,19,1
40,13.31,68,3.9,4,237.37,2,0,3,1
39,3.36,23,1.32,1,3813.34,0,0,18,0
27,16.9,18,4.06,5,4816.44,0,0,6,0
26,3.35,45,2.24,5,5751.27,2,0,19,1
47,17.88,48,4.22,4,2757.22,1,0,9,1
23,9.27,43,3.04,15,1822.38,1,0,19,0
96,11.22,72,2.1,9,5210.63,2,0,10,1
98,17.98,25,4.81,8,5097.49,1,0,6,0
88,6.35,24,4.06,14,3824.09,0,1,22,1
119,4.05,34,4.94,10,1784.26,0,0,11,1
65,9.19,35,2.46,14,5469.4,0,1,17,0
31,5.27,13,3.6,3,1234.73,0,1,7,0
76,10.79,55,3.45,5,453.15,0,1,22,1
65,5.87,5,3.75,6,4820.39,0,1,15,0
28,17.36,31,1.15,5,3469.22,2,0,14,1
66,12.34,25,2.17,8,1629.51,0,0,0,0
53,0.5,14,4.64,5,4091.19,1,0,14,0
107,16.21,48,2.7,8,4646.96,1,0,9,0
44,6.94,55,4.84,10,5098.37,1,0,8,0
10,6.74,36,1.85,15,1836.33,1,0,23,0
61,7.97,52,4.99,10,348.41,0,0,14,1
94,12.79,57,3.79,14,3158.23,2,1,16,1
102,9.12,82,4.11,3,5165.26,0,0,15,0
79,12.76,77,2.59,5,1405.36,1,0,20,0
46,3.36,35,4.63,4,2642.53,2,0,21,0
74,19.42,10,3.18,13,1687.24,0,0,23,0
60,14.73,26,3.72,11,277.5,2,1,9,0
10,5.38,1,1.38,6,5411.44,1,0,22,0
100,14.62,21,3.53,3,983.31,1,0,15,1
30,11.71,65,4.52,12,4647.25,0,1,4,0
62,2.63,83,1.71,10,2210.3,2,0,0,0
25,3.97,16,3.95,4,1810.56,0,1,3,0
117,1.31,3,1.1,11,5657.97,0,0,7,1
70,16.28,13,4.7,4,4011.76,1,0,1,0
63,11.26,6,4.93,5,4184.15,2,0,1,1
49,6.68,78,2.42,11,4605.99,0,1,7,0
35,2.96,15,1.43,15,2177.41,0,1,11,1
89,9.94,65,3.63,6,3469.25,2,1,12,1
101,10.74,18,1.12,2,1767.3,0,0,18,0
74,14.19,0,2.93,10,5040.34,0,1,4,0
109,19.41,30,2.09,12,3675.98,0,0,17,0
83,8.98,3,2.89,8,1611.76,1,0,23,0
73,8.42,90,1.07,4,5418.6,1,0,17,0
52,7.71,57,1.21,7,3568.87,2,1,2,1
26,16.63,55,1.06,7,3071.18,0,0,6,0
68,3.55,52,3.48,12,400.03,2,1,22,1
32,7.2,88,3.24,14,5476.85,2,1,4,1
16,14.64,85,1.93,13,5723.19,0,0,0,0
53,0.81,42,3.59,10,3463.07,0,0,17,0
62,6.14,73,4.54,11,2766.58,2,1,6,0
80,13.01,48,2.11,11,2285.48,0,0,23,0
117,4.13,59,4.33,2,1754.68,1,0,21,1
88,6.4,15,3.65,14,3532.27,0,0,2,0
43,9.98,72,1.14,15,942.95,2,0,18,0
55,8.73,80,2.5,7,5531.21,1,0,8,1
118,2.57,59,3.03,12,1220.56,0,1,2,1
77,18.8,46,3.93,1,4523.98,2,0,21,1
87,1.36,14,2.15,12,1979.95,2,0,2,1
87,15.12,62,4.93,14,1511.21,1,0,12,0
25,1.89,27,3.74,2,3435.64,0,0,12,0
80,9.61,19,2.49,5,4637.72,2,1,18,0
105,3.92,62,1.39,8,4415.07,2,0,23,0
28,3.25,32,1.73,12,1555.79,0,0,6,1
11,2.96,35,2.95,7,2116.91,1,0,2,1
19,9.33,12,2.98,3,5239.23,0,1,10,0
59,10.55,61,4.07,13,4394.81,1,0,20,0
90,3.1,67,3.9,10,4333.62,2,1,0,0
110,19.6,22,1.81,15,1759.65,0,1,1,0
21,5.53,71,3.38,9,4793.62,0,1,8,0
79,9.45,12,1.08,12,2278.82,0,0,2,0
31,4.72,87,2.59,13,2528.07,2,0,4,1
41,10.13,39,4.06,5,1867.85,1,0,3,0
114,15.24,29,2.6,3,904.06,0,0,7,1
93,10.66,24,4.34,7,2638.28,0,1,16,0
10,6.07,72,4.9,4,298.25,1,0,21,0
63,5.34,25,3.43,1,2844.28,0,0,5,0
120,15.3,23,1.58,5,4405.04,1,1,23,1
67,2.81,38,2.52,11,5772.32,1,0,16,0
79,7.71,88,1.04,8,655.96,1,0,19,1
92,3.45,78,3.41,15,1831.49,1,1,16,0
27,5.53,60,4.29,12,3065.96,2,0,13,0
15,3.48,48,3.52,4,1188.25,2,1,5,0
54,17.79,40,4.14,15,877.61,0,0,22,0
106,14.77,69,4.2,7,2823.45,1,0,16,0
32,11.44,19,4.4,15,3568.24,0,0,3,0
32,4.88,43,2.07,8,4957.2,0,0,22,0
35,10.45,15,4.49,9,5987.26,1,0,19,1
86,10.66,20,3.62,11,4690.77,1,0,13,0
16,12.01,14,2.16,15,1483.77,1,0,20,0
88,1.67,38,4.95,9,4538.27,0,0,16,1
53,19.47,41,4.8,5,3315.49,0,1,13,0
36,9.58,60,3.3,6,2814.7,0,1,2,0
35,18.57,3,4.37,7,5627.23,1,0,7,1
106,0.69,23,2.05,10,4272.14,2,0,12,0
88,5.33,2,2.66,2,4153.82,1,1,13,0
45,2.53,0,1.74,9,268.18,1,0,11,0
118,15.51,12,3.08,1,5217.41,0,0,7,1
64,6.74,53,2.98,14,4801.14,1,1,10,0
73,16.89,81,1.85,6,1933.86,1,0,19,0
100,16.73,39,3.69,6,1894.26,0,0,11,0
66,13.52,10,1.47,14,510.18,1,0,0,1
78,13.48,41,1.25,7,494.97,0,1,19,0
70,14.15,3,2.54,2,4077.85,1,0,21,0
11,13.64,24,2.64,13,1280.18,0,0,1,0
64,8.04,35,2.28,6,5556.58,2,0,22,0
106,13.82,63,2.03,6,5085.95,0,0,18,0
89,18.0,43,2.36,9,2223.53,0,0,23,1
96,6.99,39,1.65,14,2404.4,2,0,3,1
47,18.93,44,2.61,8,2098.2,0,1,11,0
89,0.76,7,4.62,5,735.89,1,1,0,0
87,7.31,84,1.9,7,382.29,0,1,9,0
38,3.08,34,3.74,7,2822.37,1,0,0,0
35,2.97,43,1.57,5,5669.63,1,0,4,0
44,16.4,17,2.42,7,5520.05,1,0,21,0
88,18.41,46,2.28,3,4897.06,0,0,10,0
76,15.67,24,4.75,7,3845.85,2,1,1,0
96,19.54,40,2.71,13,5166.09,0,0,8,0
38,4.72,4,3.76,6,3187.4,1,1,11,0
43,3.25,63,3.41,15,1244.93,0,0,6,1
106,10.65,61,1.56,12,4168.19,2,0,15,0
50,16.67,71,4.76,6,5539.75,2,0,20,1
50,1.28,86,2.38,2,313.71,0,0,6,0
32,19.91,2,1.18,15,1658.38,1,0,8,0
80,12.24,36,2.2,15,1739.54,0,0,23,1
12,19.59,40,2.34,2,774.43,2,0,7,1
67,7.62,19,1.37,7,1507.87,0,0,8,0
41,9.43,66,3.48,1,2427.1,0,0,18,0
40,15.17,86,2.39,9,5651.05,0,0,16,0
91,15.96,39,3.52,3,5189.54,1,1,11,0
52,5.04,84,1.03,6,5686.84,0,0,11,0
16,18.63,76,4.93,3,899.32,0,0,3,0
114,17.41,7,1.68,12,362.68,1,0,8,1
10,0.86,4,3.64,9,837.32,0,0,9,0
70,3.01,24,3.86,10,5502.91,0,1,16,1
23,10.17,38,1.69,12,1113.43,1,1,9,1
61,9.49,36,1.45,7,3521.29,2,0,11,1
105,14.31,4,1.61,1,1519.98,1,0,16,1
15,2.25,7,1.99,4,319.69,1,0,5,0
112,13.07,3,1.67,14,690.8,0,0,3,1
19,12.52,40,3.7,5,4316.82,2,0,15,0
80,5.06,59,2.68,7,1257.73,0,1,16,0
99,11.08,53,3.15,7,1529.01,0,0,15,0
107,4.83,21,1.19,5,2388.09,0,0,3,0
39,3.36,77,4.44,12,4012.0,1,0,5,0
109,11.68,18,1.68,1,2922.36,1,1,7,0
30,19.56,76,2.44,5,5678.74,2,1,8,0
69,5.12,67,1.29,5,2718.26,0,0,5,1
90,7.43,32,1.55,4,1354.96,2,0,13,1
106,5.5,21,3.66,13,3309.63,1,0,12,1
83,5.7,64,3.77,6,2815.16,0,1,17,1
72,8.38,10,3.71,15,4765.4,1,0,21,1
120,14.19,15,3.21,8,5623.7,1,1,16,1
51,1.26,67,4.81,10,5050.51,0,0,16,0
60,19.16,43,3.03,5,2456.43,0,1,16,0
73,1.4,87,2.8,14,1453.47,2,0,21,1
85,17.68,8,1.99,8,5504.04,0,0,14,0
65,17.94,71,1.4,15,2438.45,2,0,14,1
89,10.73,77,3.19,12,4667.2,1,0,10,0
50,3.17,78,2.26,5,5939.26,1,1,6,0
41,11.52,61,3.1,13,3549.17,0,0,16,0
24,12.76,85,1.82,3,2983.31,0,0,11,0
71,17.23,14,4.35,8,4259.25,1,1,18,0
36,11.24,5,5.0,12,1324.8,0,1,18,0
37,8.51,0,2.29,4,3031.79,0,0,6,1
90,16.85,19,4.37,14,2011.52,0,0,19,1
73,19.63,35,4.49,3,1152.52,0,1,8,0
119,13.08,1,4.98,3,3738.79,0,0,3,0
68,17.55,69,2.37,6,3539.1,0,0,18,0
67,12.18,1,4.02,8,4614.98,1,0,12,1
11,13.95,2,1.92,10,5263.23,1,0,21,0
45,13.92,6,3.5,5,1478.18,2,0,14,0
80,14.24,83,3.82,1,4722.28,0,1,8,1
22,6.76,63,3.96,1,2330.83,1,1,9,0
24,11.73,40,1.83,3,3847.07,1,1,7,0
98,12.09,53,4.39,12,5131.39,1,1,6,0
96,6.64,40,2.68,12,1685.87,1,1,6,1
69,7.32,4,1.87,6,3685.58,1,0,20,0
31,15.36,88,3.17,2,2985.85,0,1,8,0
72,11.86,81,4.45,1,4785.35,0,0,17,0
99,3.41,62,4.87,15,4244.0,0,0,12,1
106,16.83,0,3.99,7,4663.86,0,1,15,0
84,17.72,24,1.02,14,1870.07,1,0,20,0
83,9.59,80,1.54,14,4285.27,1,1,4,1
34,4.57,45,1.31,12,3713.67,1,1,4,0
110,18.98,14,1.4,2,2848.75,0,0,7,0
57,17.7,68,2.53,8,2394.39,1,0,14,1
52,5.27,16,2.35,2,2123.28,0,0,12,0
47,2.36,20,1.45,11,256.11,0,1,0,1
50,9.09,52,4.53,1,1183.44,1,0,11,1
54,13.69,54,3.46,10,542.07,1,0,14,0
97,3.92,86,4.19,2,5120.47,1,0,3,1
49,10.51,9,2.49,2,5188.52,0,1,16,0
119,8.8,80,2.64,7,5107.92,2,0,20,1
106,17.87,56,2.27,1,4943.93,2,0,22,1
26,8.88,64,2.75,3,1483.72,1,0,1,1
97,10.91,36,3.44,5,3052.36,2,0,17,1
110,19.13,6,2.97,12,5465.49,0,0,11,0
66,6.34,75,4.35,7,4606.73,0,1,22,1
11,6.14,39,4.6,14,210.56,2,1,1,0
105,16.09,49,2.88,6,2864.67,0,0,11,0
71,5.91,0,1.96,8,261.89,0,0,17,1
97,16.72,19,4.78,1,1827.83,0,0,15,1
18,2.36,30,3.94,7,2727.42,0,1,21,0
77,2.67,67,3.56,9,5378.82,0,1,4,0
90,18.08,89,3.98,7,3995.43,1,0,16,1
26,11.05,11,1.3,6,2302.41,0,1,10,0
59,14.52,21,1.27,9,3045.8,0,0,6,0
103,4.89,0,1.61,13,4940.86,1,0,17,1
49,3.74,0,1.59,4,1938.0,1,0,1,0
67,16.78,2,2.68,12,3767.2,1,1,2,1
84,7.49,75,1.63,10,1721.03,2,0,8,0
94,9.37,20,4.42,6,2983.79,0,0,0,0
30,1.05,12,3.31,6,343.02,0,0,23,0
27,8.02,60,2.47,14,5143.2,1,0,17,0
64,15.52,12,1.28,10,480.42,0,0,14,1
38,16.51,81,3.36,14,1501.29,1,0,10,1
33,14.13,32,1.47,3,2134.37,0,0,4,1
83,14.0,5,3.97,7,3825.93,0,1,8,1
118,10.37,24,4.21,1,4376.19,0,1,13,0
26,11.0,22,3.18,11,666.62,0,0,11,0
27,14.98,87,1.6,8,452.1,0,1,9,0
51,5.32,25,4.15,8,4834.14,0,1,8,0
93,5.01,3,2.23,8,4330.57,2,0,20,0
110,19.02,34,1.89,9,5022.99,2,0,1,1
54,1.04,74,2.88,15,4123.92,1,0,8,0
91,3.22,24,4.69,4,4555.87,2,0,14,0
26,11.62,19,2.19,15,2398.42,1,1,23,0
82,14.89,0,4.62,6,3623.07,0,0,18,0
23,10.99,67,1.21,15,4871.28,1,0,15,0
58,7.42,22,1.33,11,1198.28,0,0,0,0
38,19.57,21,3.79,12,2652.37,1,0,20,0
104,14.23,61,1.76,7,4494.84,0,0,17,1
13,16.71,0,2.27,2,3289.29,2,0,4,0
91,1.28,58,1.55,6,4153.61,1,1,6,0
29,5.1,67,2.33,8,1898.64,0,1,0,0
56,7.8,18,2.12,15,387.59,2,0,16,1
116,4.06,29,3.95,4,369.05,2,0,14,0
117,1.92,0,3.81,5,5668.13,2,1,7,0
18,4.89,47,4.82,8,5678.33,1,0,13,1
86,10.91,18,3.9,3,1425.44,1,0,7,0
88,14.07,51,3.78,6,1055.3,0,0,15,0
36,15.59,84,3.78,14,305.21,0,0,11,1
24,1.34,21,4.53,1,1541.29,0,0,23,0
101,8.85,49,2.18,4,2139.24,0,1,6,0
110,2.88,65,2.2,14,1599.21,0,0,4,1
28,8.91,5,3.96,6,4824.83,1,0,0,0
99,8.96,63,1.91,3,4546.7,0,0,23,0
61,10.22,20,4.65,1,669.88,0,1,10,1
35,17.91,18,3.14,6,4244.47,1,0,22,0
98,16.2,90,2.2,14,3219.39,0,1,11,1
35,12.92,36,4.1,3,966.56,0,0,13,1
35,17.77,62,2.25,8,4489.31,0,0,11,1
55,13.73,28,4.85,7,699.06,0,1,11,0
101,16.47,59,4.93,11,1227.47,2,1,2,1
58,11.49,33,3.67,7,1065.51,1,1,6,1
91,10.74,0,1.45,13,5646.39,0,0,20,1
105,14.62,47,2.05,12,4249.3,0,1,9,1
62,0.88,88,3.06,8,2585.46,0,0,9,1
12,13.96,20,4.41,7,4968.78,1,0,3,0
75,18.72,33,1.74,5,1452.56,2,0,16,0
106,14.42,25,1.42,10,5600.34,0,0,9,1
51,1.22,35,1.3,8,4242.58,1,0,1,1
28,7.87,22,3.03,14,3445.57,0,0,17,0
26,16.29,80,4.54,8,4808.96,1,1,1,0
117,19.19,46,1.17,11,3939.73,0,0,8,1
42,7.72,75,1.85,8,5345.23,0,0,21,0
85,16.9,43,3.77,15,5009.09,1,1,12,0
58,17.34,19,4.3,12,1347.42,0,0,4,1
65,2.9,26,4.23,15,1590.05,1,0,19,0
72,16.99,60,4.14,10,577.56,2,0,8,0
12,6.82,36,1.52,6,1477.15,0,0,14,1
116,12.07,83,2.59,2,2192.24,0,0,22,0
58,11.01,51,4.94,8,367.2,0,1,20,1
64,13.43,74,4.96,13,2026.78,0,0,21,0
35,14.94,61,3.41,10,4674.97,1,1,18,0
108,9.1,65,3.84,15,5073.9,0,1,17,0
81,17.82,23,4.81,1,251.47,1,0,9,0
61,16.29,79,2.8,9,241.45,1,1,9,0
109,15.82,11,1.55,9,1048.58,0,0,3,1
16,9.44,15,3.68,6,5260.95,1,0,2,0
55,1.23,35,4.84,10,2921.81,2,1,19,0
55,10.1,1,3.79,6,5900.83,0,0,10,0
109,18.02,88,4.21,6,5346.52,1,0,16,0
25,4.21,61,2.69,11,5362.74,1,0,0,0
33,19.66,63,1.39,4,945.16,1,1,21,0
70,16.25,28,1.68,1,2956.33,0,0,10,1
63,14.34,73,4.93,1,5962.83,2,0,3,0
71,13.7,86,2.97,1,1064.46,1,1,15,0
10,11.95,30,1.05,5,3530.55,0,0,1,0
58,14.55,82,4.82,13,2196.82,1,0,2,0
34,8.73,14,2.99,15,2449.58,2,0,23,0
19,16.98,54,4.35,7,5366.6,2,0,5,1
89,14.08,32,3.19,1,3609.83,2,0,17,1
25,15.54,80,1.41,1,4600.9,0,0,22,0
67,15.95,51,3.46,14,4104.76,0,0,17,0
81,2.3,19,4.99,13,3268.29,1,0,0,1
38,1.58,72,1.14,12,4791.92,0,0,4,0
112,16.12,37,4.37,11,5830.25,1,0,11,1
101,5.56,2,1.94,12,5807.55,0,1,4,0
15,11.85,53,2.58,6,4778.82,0,1,0,0
25,9.15,65,2.49,11,3026.51,1,0,17,0
29,0.93,17,4.6,2,1146.32,0,0,19,0
89,1.29,86,3.02,2,457.93,0,0,4,0
80,16.63,82,2.79,12,1542.38,2,1,17,1
114,12.35,6,4.27,13,2173.5,1,0,2,1
87,10.71,34,1.2,7,953.13,1,1,21,0
52,18.91,83,1.35,15,1503.64,1,0,21,1
35,3.88,83,1.09,9,684.56,0,0,0,1
99,5.53,82,3.75,8,3237.33,0,1,9,1
87,15.26,79,3.1,2,932.65,0,0,23,0
80,15.62,84,4.5,14,4508.06,2,0,21,0
42,8.4,59,2.99,7,2129.37,0,0,18,1
35,19.04,23,1.89,5,4097.96,1,0,17,0
54,18.8,38,4.22,13,5318.61,0,0,14,0
93,0.74,11,2.18,11,698.9,1,1,10,1
72,3.86,52,4.74,10,5936.2,0,0,23,0
76,16.49,63,2.0,12,3942.41,1,0,2,1
61,7.04,3,1.67,14,509.52,2,1,6,0
77,2.36,4,2.97,13,2021.21,1,0,6,1
35,15.81,15,1.2,4,5340.22,1,0,11,0
84,9.36,26,1.15,12,3658.15,1,0,0,0
11,10.1,3,2.98,14,1865.89,1,0,21,0
23,4.13,71,1.86,10,5654.87,0,1,2,1
117,13.39,47,1.04,14,4766.06,0,0,13,0
39,11.25,7,2.18,4,4466.12,1,0,18,0
58,4.53,80,2.91,15,5352.88,2,1,20,1
21,7.14,45,2.58,4,4664.72,1,0,21,0
99,12.14,43,1.54,9,1863.08,1,0,8,0
53,18.54,66,3.32,7,3586.54,1,0,12,1
42,18.45,90,3.84,7,5085.26,2,1,4,0
22,6.11,51,3.7,14,1248.92,1,0,2,0
87,14.84,33,2.58,4,1145.54,1,0,16,0
97,15.62,61,1.55,9,1122.06,0,1,18,0
107,16.27,20,3.0,8,1326.68,0,0,3,1
117,11.63,23,4.56,10,798.74,0,0,9,1
35,0.7,43,2.87,4,5058.25,2,0,22,1
30,15.35,40,1.78,13,4946.25,0,0,4,0
37,2.58,28,1.37,6,1077.94,1,0,18,0
57,2.78,5,4.78,4,4292.12,2,0,8,0
109,12.31,55,3.97,1,3836.46,2,0,21,1
49,19.68,13,2.25,5,1801.93,1,0,20,0
75,5.23,49,2.18,10,1518.74,0,0,15,0
115,13.09,77,4.58,14,1653.4,0,0,22,1
82,6.42,51,1.71,11,4437.66,0,0,11,0
96,18.03,87,3.14,3,2052.04,1,0,16,1
88,12.07,76,3.85,1,1812.16,0,1,7,0
86,4.55,0,2.59,2,330.39,0,1,22,0
32,5.61,11,1.16,2,5467.77,1,1,12,0
90,8.93,23,1.91,8,4565.68,0,0,20,0
57,2.88,36,4.61,4,2942.15,1,0,21,1
11,2.04,83,3.09,3,5668.98,1,0,14,0
93,13.76,69,4.26,4,1902.49,1,0,8,1
29,8.44,75,3.22,10,4113.29,2,0,0,1
68,14.66,84,4.77,1,1969.87,0,0,14,0
55,2.65,2,4.64,1,2024.52,0,0,2,0
12,12.39,26,2.93,5,5099.31,0,0,14,0
64,9.14,52,2.27,7,4764.73,1,0,10,1
21,1.63,16,3.41,9,1905.82,2,0,8,0
49,11.12,14,3.7,7,672.06,2,0,18,0
75,2.11,38,2.99,11,2273.99,2,0,21,0
109,16.64,3,4.29,5,4608.33,1,0,17,1
87,12.82,16,1.73,3,783.16,1,0,20,1
25,11.36,10,2.34,8,4098.19,1,0,23,0
92,3.1,11,3.75,12,5360.63,0,0,17,0
43,6.11,31,1.99,7,1239.52,0,0,23,0
53,10.11,26,2.76,4,5200.79,0,0,20,0
119,12.85,43,4.85,1,497.91,0,1,2,0
15,4.07,42,3.5,13,4067.91,0,0,12,0
86,0.67,90,4.8,3,4788.03,2,1,5,1
73,7.22,48,3.89,11,2779.64,1,0,5,1
109,9.92,72,3.9,8,1381.63,1,1,10,1
31,4.1,42,3.37,2,5563.43,0,1,23,0
27,10.1,2,1.57,9,315.82,1,1,22,0
21,7.1,28,3.08,14,3419.41,1,0,8,0
61,9.37,84,2.01,4,2362.53,0,0,16,0
103,7.28,34,4.99,15,2874.13,1,0,23,0
60,12.76,47,2.07,14,3312.08,2,0,16,1
113,1.34,73,1.92,7,3301.54,1,1,8,1
80,3.83,86,3.5,10,1381.02,0,1,18,0
105,8.94,38,3.04,12,4142.27,0,1,2,1
57,7.45,88,1.09,7,311.06,0,0,13,1
28,8.14,23,1.52,12,322.87,2,0,14,1
15,16.17,19,4.24,8,2975.23,2,0,18,0
93,17.78,14,2.93,7,3343.04,0,0,0,1
36,5.35,84,1.58,11,1794.36,1,0,22,0
62,16.81,75,2.86,4,3399.72,0,0,3,0
116,9.45,17,2.01,13,3193.43,1,1,14,0
110,5.84,59,1.89,12,2225.48,2,1,14,1
57,19.72,86,4.83,7,3980.29,1,0,2,1
16,16.58,40,2.45,5,5756.04,0,0,4,0
68,19.89,68,1.19,15,3046.66,0,0,0,0
78,3.78,89,4.88,12,4759.09,0,0,15,0
20,3.3,74,4.18,10,1636.06,2,0,15,0
24,10.32,10,2.02,7,4619.31,2,0,15,0
73,12.95,55,2.64,3,3963.65,2,0,14,1
12,3.84,17,4.45,10,3910.25,0,1,4,0
78,17.28,11,2.43,11,5379.6,1,0,1,0
32,10.87,15,3.27,7,1553.43,0,1,7,0
62,8.51,26,3.14,7,2337.01,0,0,14,0
46,12.24,16,2.61,2,681.79,1,0,8,0
18,12.88,84,3.56,8,4411.5,0,1,8,1
24,1.33,30,2.89,7,5094.43,0,0,2,1
12,20.0,34,1.08,9,2553.83,0,0,14,0
102,7.6,26,4.26,12,2269.6,1,0,23,1
79,1.7,86,1.45,4,4020.18,0,1,17,0
26,17.12,31,2.86,9,638.42,0,1,16,1
35,19.86,16,3.32,1,1904.28,0,0,0,0
30,16.42,10,3.82,5,2324.03,0,1,22,0
81,17.11,0,2.64,10,3207.82,1,1,10,0
30,12.71,81,3.94,7,2964.1,2,0,0,0
20,18.49,48,1.53,4,1410.35,0,0,5,0
47,1.2,40,3.61,13,3336.57,2,1,23,1
81,15.45,19,4.31,15,5570.04,0,0,11,0
115,13.58,70,4.56,7,357.11,0,0,19,0
97,1.47,36,3.32,14,4145.78,1,0,17,1
44,11.11,15,2.25,12,3823.31,1,0,13,1
23,10.54,38,1.65,15,5561.68,0,1,12,0
23,13.98,44,2.38,9,3943.0,0,0,10,0
19,2.01,63,3.16,13,3824.09,1,0,19,0
21,16.2,46,1.79,14,4664.87,2,0,17,1
47,3.22,22,4.81,5,1753.27,2,0,20,1
117,8.66,31,4.59,5,3655.25,1,0,17,0
119,17.69,48,1.13,2,3212.64,1,0,16,1
43,11.43,80,3.25,14,2743.14,2,0,4,1
50,7.9,18,4.16,5,661.03,1,0,5,0
19,1.44,77,1.98,8,1897.25,2,0,21,0
26,13.61,66,3.1,4,1823.89,2,1,7,0
26,19.74,38,2.62,2,4400.66,1,0,3,0
76,18.28,88,1.79,8,5539.81,0,0,0,1
71,14.49,59,3.46,4,1538.57,1,1,14,1
104,2.55,10,4.97,14,632.82,2,0,6,1
10,5.17,48,2.46,13,5999.75,0,0,15,0
21,4.14,14,3.21,5,4208.99,0,1,5,0
112,7.43,82,2.31,14,5341.53,0,0,6,0
13,5.09,60,4.51,12,1034.5,2,0,23,0
51,5.27,42,4.46,7,4844.45,1,0,20,0
22,12.53,14,1.72,11,4917.28,0,1,5,1
107,6.71,78,4.6,5,1078.64,0,1,12,1
115,13.7,78,1.61,13,1136.14,1,0,1,0
94,18.98,72,1.38,15,1913.62,1,0,4,0
95,12.95,4,3.61,10,1457.37,0,0,2,1
13,15.16,82,2.54,4,5857.38,2,0,20,0
91,15.16,87,3.12,15,2305.07,1,0,8,0
78,6.95,28,3.61,7,4615.58,1,0,2,0
28,0.79,61,1.21,13,4869.29,2,1,11,0
11,1.57,59,2.17,4,2438.46,0,1,2,0
21,6.0,68,2.84,10,4159.0,1,0,16,1
90,13.95,21,2.07,12,825.24,1,0,14,0
83,18.18,12,1.2,4,2502.38,2,0,16,1
107,19.2,49,1.35,15,5810.4,0,0,6,1
15,1.0,46,4.21,2,1177.48,1,0,8,0
17,19.81,28,4.65,5,2437.13,1,0,17,1
60,6.79,79,1.61,8,4785.02,2,0,1,1
20,16.94,16,2.0,4,4059.45,2,0,16,0
72,4.02,19,3.61,11,3862.81,0,0,20,0
66,1.73,77,4.82,13,5148.89,0,0,22,0
21,7.88,5,2.2,15,368.74,0,0,13,0
82,17.25,21,4.42,2,4672.75,0,1,16,1
11,4.81,8,3.02,9,5318.78,2,0,10,0
17,3.5,31,4.83,6,293.81,0,0,23,0
20,18.24,87,1.55,3,3441.99,0,0,0,0
62,18.8,32,4.89,13,2221.81,2,1,0,0
109,0.74,76,2.76,14,494.42,2,0,19,1
19,14.68,69,4.81,10,2622.94,1,0,14,1
94,6.53,48,2.83,11,3935.37,2,0,1,1
93,7.81,29,3.12,5,5530.28,0,1,11,0
17,9.65,15,4.22,6,3799.08,0,1,12,0
45,8.82,64,3.89,9,5169.11,0,0,9,0
102,10.54,81,3.48,5,905.11,1,0,1,0
115,11.86,85,2.67,9,1421.02,0,1,22,1
85,9.58,89,4.17,1,5827.7,0,0,1,0
23,14.18,13,4.79,12,5346.92,0,1,16,0
63,14.51,55,1.04,15,1564.32,0,1,8,1
94,9.09,36,3.35,10,3801.65,0,0,13,0
95,3.28,48,4.46,4,2303.27,2,1,10,0
30,12.99,77,3.61,1,2917.87,2,1,19,0
117,15.57,89,4.2,2,5193.09,0,0,11,1
59,12.94,49,4.58,2,4467.13,0,0,6,1
103,11.97,35,4.0,10,1582.97,2,0,0,0
48,4.97,51,3.87,11,2032.76,0,0,23,0
29,13.08,22,4.86,5,1880.32,2,0,15,1
97,7.03,65,4.45,1,4727.84,0,0,14,0
96,18.43,70,4.26,10,3042.51,1,0,12,0
16,13.25,44,1.35,14,5714.2,1,0,5,0
18,5.92,85,1.96,3,4936.79,0,1,1,1
10,9.72,27,3.23,11,1424.93,0,0,8,0
35,17.01,19,3.84,6,4758.47,2,0,0,0
47,7.04,48,2.21,1,3135.26,2,1,8,1
47,10.75,56,1.37,12,1671.52,1,0,9,1
70,13.75,81,2.24,11,2307.32,2,1,1,1
53,15.21,87,4.08,1,5838.33,2,0,21,0
95,3.89,58,4.51,3,3006.98,0,1,18,0
53,11.52,25,4.65,9,4373.71,0,1,13,0
83,18.29,18,2.52,2,2967.09,0,1,2,1
71,19.38,12,2.49,15,2355.03,0,0,15,1
15,13.29,73,2.63,12,4819.24,1,0,18,0
26,19.68,61,2.5,6,5120.28,0,0,8,0
60,11.63,13,3.66,3,616.96,0,1,1,1
47,9.13,72,2.43,6,1818.07,0,0,3,0
33,11.26,10,1.08,11,3145.65,0,0,23,0
60,2.76,66,2.76,11,2035.69,0,0,10,0
19,8.33,11,1.9,7,4744.78,0,0,7,0
81,9.44,34,1.12,13,865.45,2,1,15,1
30,17.05,38,2.88,13,4827.23,1,0,4,0
79,15.29,31,1.82,7,3783.74,2,0,1,1
94,12.23,13,2.81,14,1878.33,2,0,14,1
66,7.27,64,2.11,2,2197.84,2,0,5,0
48,4.15,26,3.41,3,1260.82,0,0,7,0
97,7.28,59,4.96,4,1664.93,2,0,1,1
42,13.76,42,3.19,8,4360.16,1,1,3,1
68,5.63,64,3.59,5,2380.13,0,0,3,1
27,8.82,54,4.68,1,4187.41,1,0,11,1
65,8.04,87,2.5,9,3181.82,0,0,0,0
101,15.43,80,1.67,1,1042.73,0,0,8,1
66,17.73,34,2.13,2,3094.61,0,0,14,1
105,14.14,31,2.61,7,4587.53,0,0,7,1
85,7.16,18,3.58,11,1926.52,2,0,16,1
57,8.95,38,1.02,3,3958.87,0,0,14,0
51,3.3,19,4.41,6,1354.39,1,0,9,0
36,3.78,27,1.3,8,987.05,0,0,21,0
83,3.7,2,4.6,5,2289.31,0,0,12,0
119,3.05,31,4.8,1,2457.38,0,0,10,1
61,4.0,85,4.96,10,4613.86,2,0,15,1
51,4.45,57,4.24,14,2868.46,2,1,14,1
41,2.68,53,1.57,12,671.16,0,0,17,0
115,12.99,41,3.82,3,3877.2,2,0,11,1
35,19.81,14,1.81,11,2921.67,1,0,2,0
34,17.64,82,4.59,2,2123.53,0,0,20,0
84,1.39,61,2.27,6,4852.87,0,0,23,0
32,8.75,30,2.31,14,1095.43,2,0,21,0
107,17.26,60,4.67,5,5496.63,1,1,11,0
66,3.13,25,1.05,7,2137.56,1,1,0,0
61,17.03,68,1.78,2,2873.46,0,1,4,0
113,12.06,56,2.69,14,5589.55,0,0,19,1
96,18.66,19,3.8,13,4615.19,0,1,7,1
102,17.58,65,3.59,6,630.95,1,1,4,0
40,13.7,20,3.68,11,3554.12,1,1,17,0
73,13.33,59,4.52,5,2000.1,1,0,7,1
80,4.66,62,1.48,6,3149.23,1,0,12,0
113,2.78,50,3.09,15,4509.22,0,0,16,1
42,8.6,83,3.9,15,3077.8,0,0,7,0
94,4.14,38,3.54,5,611.93,2,0,2,0
11,2.5,10,2.79,7,3273.89,0,1,17,0
27,6.4,56,1.07,5,339.95,1,1,11,0
56,17.28,2,1.24,15,2220.77,0,1,12,0
42,0.83,36,1.48,14,2972.58,0,1,20,0
110,6.21,83,2.37,13,3939.11,0,0,8,0
107,8.77,24,1.47,7,3136.0,1,0,23,1
93,10.46,20,2.7,1,1081.29,1,0,15,0
44,4.04,79,1.71,15,5606.86,1,0,0,0
60,19.3,41,4.12,9,3971.74,2,1,0,0
27,11.79,0,4.49,6,2038.41,0,1,7,0
119,10.68,22,2.56,9,5802.45,0,0,2,1
97,0.67,23,3.05,1,5318.95,0,1,13,0
81,9.97,46,4.81,2,1032.24,0,0,13,0
39,16.83,88,3.14,7,4001.49,2,0,16,1
53,4.78,6,4.98,4,3448.4,2,1,0,1
62,7.35,37,1.57,14,1318.29,1,0,3,0
19,0.9,46,4.45,13,1554.16,1,0,5,0
96,19.55,34,2.99,10,3469.89,2,0,14,1
61,1.8,77,1.09,14,2063.47,1,0,20,1
58,18.02,61,4.89,1,5042.02,0,0,12,1
20,6.6,72,4.86,5,766.89,1,0,22,0
75,11.96,2,2.53,4,5501.38,1,1,8,1
67,13.75,19,4.82,6,5075.2,1,1,20,0
99,3.25,43,1.56,13,4484.02,0,0,6,1
45,9.15,31,3.72,7,1722.89,0,1,5,0
42,6.85,25,1.77,15,4346.76,0,0,8,0
56,1.6,47,1.99,11,2744.86,0,1,5,0
22,16.75,4,4.12,3,3875.8,0,0,10,0
49,1.38,58,2.51,6,2012.82,0,1,5,0
98,13.24,60,1.03,2,5047.98,0,0,2,0
77,6.62,48,2.66,12,435.34,0,0,20,1
51,4.25,29,1.91,10,4210.47,2,1,22,1
28,13.51,16,3.73,13,5006.06,0,0,17,0
91,11.7,69,1.78,4,3949.28,0,1,13,1
110,6.65,57,4.37,14,1313.55,0,0,5,0
103,10.5,62,2.07,10,1852.89,0,0,1,1
28,5.3,60,2.57,13,3186.45,1,0,9,1
67,17.34,62,2.19,9,2110.8,0,1,18,1
32,6.62,14,3.58,13,228.52,1,1,22,0
63,5.28,0,1.4,7,435.93,0,0,6,0
89,15.16,12,2.91,2,4653.06,0,1,4,0
74,0.84,47,2.34,6,685.5,1,0,14,1
21,5.73,33,4.54,14,5582.53,2,1,9,0
33,7.82,29,1.29,4,2767.87,0,0,1,0
43,17.7,18,4.32,8,4597.48,2,0,20,0
62,19.03,63,1.67,12,927.93,2,0,1,0
17,14.47,65,1.35,8,5573.74,0,1,18,1
27,10.1,56,1.81,1,396.09,2,0,7,0
66,12.99,43,1.41,8,444.4,1,0,5,0
14,8.57,11,3.08,10,516.6,0,0,11,0
35,6.33,39,4.95,7,799.77,2,0,15,0
39,19.04,23,1.14,14,3023.62,0,0,15,0
63,2.75,10,2.84,14,4772.0,0,0,14,0
22,7.25,65,2.54,1,1852.7,0,1,9,0
92,18.03,0,2.36,3,4525.51,1,0,3,1
38,14.6,57,2.33,14,4689.55,1,1,7,0
12,1.07,27,4.58,5,5468.01,0,0,8,0
99,0.95,67,1.08,3,1066.24,0,0,20,0
113,10.57,58,4.1,3,986.1,0,0,16,0
67,9.94,70,2.01,1,908.15,0,0,5,0
85,9.14,21,2.53,8,2284.0,2,0,21,0
11,6.4,89,2.68,9,3038.59,1,0,15,0
84,19.74,28,2.22,5,2877.33,0,0,21,0
117,5.8,88,1.37,1,1690.88,0,0,20,0
37,10.06,73,1.46,1,3807.48,0,0,6,0
91,8.4,83,2.19,9,2161.99,0,0,19,0
86,3.82,77,4.29,14,2323.28,1,1,3,0
110,4.45,68,1.54,1,812.07,0,0,3,1
95,18.41,44,3.97,9,3634.94,0,1,8,0
85,17.24,69,2.16,15,4000.63,1,0,13,1
11,4.38,85,4.53,3,4596.11,2,0,9,1
110,17.58,16,2.71,3,5443.25,0,0,18,1
16,4.58,78,1.69,13,4642.83,0,1,2,0
35,12.72,38,4.94,4,1567.31,2,0,10,1
99,2.08,39,1.71,5,1566.8,0,0,18,0
97,17.67,27,3.27,6,5507.51,1,0,2,0
85,1.5,1,3.28,14,4782.77,1,1,12,0
25,11.32,81,2.49,6,4737.03,0,0,11,0
32,15.7,26,4.81,10,4374.34,0,0,12,0
49,2.78,20,4.38,13,1749.77,0,0,23,1
69,8.39,86,4.32,15,5114.98,1,0,23,0
82,1.32,6,4.9,13,1028.73,2,0,19,0
41,13.81,60,2.83,9,2230.1,1,1,9,0
24,6.5,51,1.39,1,2209.55,0,0,22,0
110,11.41,47,4.06,9,3448.77,0,0,19,0
22,18.69,18,2.52,4,2887.97,0,0,9,0
14,6.46,72,1.76,7,2866.89,2,0,0,0
84,1.45,11,2.93,15,3410.72,2,0,22,1
83,13.67,70,4.7,6,2609.43,0,0,2,1
61,15.84,1,1.69,9,1649.9,0,0,13,0
86,19.18,16,4.39,2,4051.9,1,0,20,0
50,3.58,74,2.67,15,4785.67,0,1,15,1
62,8.15,75,1.55,11,2978.18,1,1,18,1
119,16.96,2,4.39,2,3967.0,0,0,0,0
59,16.23,20,4.88,7,3305.11,0,0,8,0
24,12.68,77,2.17,15,542.18,0,0,1,0
115,5.75,78,2.21,12,2653.89,0,0,17,0
16,6.04,50,2.56,9,257.14,0,1,5,0
49,2.92,9,4.26,5,4038.9,0,0,16,1
37,18.48,54,1.04,7,3147.34,0,1,7,0
41,3.87,35,1.9,11,935.62,0,0,19,1
108,11.67,50,3.82,8,3344.71,0,1,2,0
24,11.89,73,2.62,14,5410.87,0,0,20,0
109,7.71,16,2.32,8,2174.85,1,0,23,1
94,7.37,88,4.49,4,5897.74,2,0,0,1
79,13.54,60,4.67,10,5764.4,0,0,20,0
74,8.07,90,4.79,7,4754.8,0,1,17,0
13,5.47,74,2.09,1,4920.04,0,1,7,0
20,8.28,12,4.65,4,2581.16,2,1,1,0
117,16.25,64,3.95,12,2534.74,0,0,22,1
35,19.35,84,1.62,13,5735.5,0,1,8,1
70,12.9,79,3.44,14,2323.94,2,1,20,1
46,15.75,86,1.11,13,761.86,0,0,10,0
32,10.89,73,3.83,5,1085.67,2,0,15,0
102,12.68,47,3.93,14,4320.31,2,0,8,0
94,19.77,85,4.16,10,2421.29,1,0,16,1
118,9.05,69,1.69,13,1356.19,1,1,14,0
118,1.79,46,3.51,14,4919.96,0,0,6,0
100,19.16,9,1.72,12,3034.31,1,0,3,0
112,15.96,56,4.79,7,3492.32,0,0,22,1
49,8.27,79,3.7,12,1092.91,0,0,14,0
86,19.66,12,1.38,6,1317.97,0,0,16,0
32,7.24,60,1.75,4,929.97,0,0,22,1
25,7.76,57,3.65,15,3184.35,1,0,22,0
103,12.39,83,2.91,3,4698.81,0,0,9,0
70,5.85,67,3.95,11,4447.25,0,0,11,0
77,14.12,83,2.12,14,1715.14,0,1,15,0
113,3.48,85,3.63,6,5138.99,1,1,6,1
89,2.61,28,1.71,10,812.83,0,0,9,1
40,10.93,15,3.17,15,861.49,1,1,1,0
62,11.33,62,4.83,14,5125.96,1,0,21,1
115,2.58,46,3.51,13,1617.63,2,0,11,0
34,19.3,42,1.2,12,4307.07,1,1,18,1
53,11.68,22,4.96,5,252.66,2,0,5,0
21,3.45,29,1.63,14,742.89,0,1,20,0
99,6.57,56,3.87,12,3733.87,0,0,19,0
110,16.1,29,3.13,3,1258.01,1,0,23,1
106,10.7,66,2.18,4,363.64,0,0,1,1
101,4.17,55,1.71,2,2908.29,2,0,22,0
18,2.51,23,1.71,9,2117.02,0,0,19,1
21,8.9,76,4.43,7,4853.09,1,0,13,0
78,7.08,75,4.49,12,4949.21,1,0,6,1
63,13.29,7,2.86,14,3763.65,0,0,4,1
63,18.54,87,1.41,10,1899.6,1,1,20,0
37,5.33,43,4.54,3,2877.43,1,0,8,1
65,17.18,79,2.95,8,4273.08,2,0,12,1
108,18.45,33,2.76,8,601.99,0,0,14,1
78,18.09,34,2.63,11,2128.48,1,0,4,0
107,19.07,49,2.46,1,4969.74,2,1,7,0
119,16.92,16,3.1,14,2554.97,0,0,6,1
107,12.07,1,3.42,5,3823.07,0,0,11,0
86,8.49,89,2.87,5,758.74,0,0,19,0
112,10.09,53,4.59,12,4706.87,2,0,23,0
115,17.52,43,2.27,3,782.7,0,1,22,0
118,6.38,80,3.31,2,5196.85,1,0,11,1
67,3.61,48,2.2,1,818.29,0,0,19,0
87,3.25,1,4.01,13,5367.18,0,0,21,1
84,16.63,71,1.41,4,2309.87,2,0,13,1
51,15.35,69,1.75,12,3822.28,0,1,22,0
47,10.2,8,4.2,11,5109.99,1,1,15,0
77,5.86,0,1.73,10,259.4,0,1,12,1
62,13.71,68,3.5,2,1741.02,0,0,12,0
42,1.25,8,4.88,5,5468.36,1,0,14,1
80,11.58,13,3.09,12,2451.42,0,0,10,0
65,8.27,26,1.75,11,4296.98,1,0,22,0
