days_since_last_visit,visits_last_30d,avg_session_len_min,classes_attended,trainer_assigned,promo_used_last_90d,contract_type,days_to_expiry,feedback_score,missed_classes,churn_30d
39,2,65.30035908433364,0,0,1,4,54,4.810134499850541,0,0
16,2,64.17286435002742,2,0,1,5,31,4.633474601471784,2,0
24,4,67.33725885300012,1,1,3,5,35,5.0,1,0
0,8,43.50127464390291,1,0,0,4,49,5.0,1,0
13,4,66.59639235158015,3,0,1,3,36,4.7469981863767075,0,1
11,6,46.767985795593475,1,0,0,3,47,2.628355223783491,3,0
5,2,51.01648136377075,1,0,1,2,13,3.9530944507179897,0,0
4,3,73.92791244932555,4,0,0,5,26,4.407485917672015,1,0
13,6,52.449346373821896,1,0,2,4,58,4.0183867259930475,1,1
18,7,50.43086932057518,3,0,1,5,18,3.52270676359038,1,0
0,4,63.05696947001689,1,0,0,1,30,4.432423445700745,1,0
12,4,80.19832120585681,3,1,3,5,45,5.0,1,0
2,5,96.07371000513643,2,0,3,5,8,4.246368573583482,0,0
2,7,77.13583838803395,3,1,1,3,37,3.809362707043025,1,0
14,7,76.93743265927417,6,1,1,3,16,4.814852299725762,1,1
5,5,59.64156106434904,3,1,0,3,18,4.168985197087949,0,0
8,2,98.39280388761311,0,0,0,3,43,4.193573809884806,4,0
6,7,62.97935632009556,4,0,0,4,3,2.975592989826601,1,0
15,5,59.46546646643456,4,0,1,4,47,3.632259741569941,2,0
9,3,65.7401570326102,3,0,2,3,56,3.6426660900964607,3,1
49,2,63.96658114110846,2,0,0,4,10,2.7508526044560155,4,0
6,9,40.2930565086606,3,0,1,2,21,3.5803207624611755,1,0
20,2,49.54273903999832,1,0,0,3,3,3.471821747017718,5,0
4,2,65.7086241838627,2,0,0,4,16,4.053972767713991,1,0
10,6,48.15943760614799,4,0,0,4,7,4.235032517301693,1,0
12,4,69.71467398721671,3,0,1,5,45,4.275199965240799,3,0
5,4,60.540935911235735,4,0,1,3,58,4.97059351812727,0,0
9,6,74.05111263543179,3,0,0,4,33,4.18402792741235,4,0
4,6,58.14389046840767,7,0,1,4,10,2.986778231391873,2,0
0,10,67.22554668263058,7,0,0,1,30,4.121448167157249,1,0
3,7,32.823739337204216,6,0,0,4,10,3.620815545621805,0,1
18,9,35.859057637944716,4,0,1,3,55,3.667604830385878,1,0
22,3,47.9503409221556,3,0,1,2,53,4.233606135853248,0,0
4,7,64.66371030693657,2,0,3,5,55,4.016347269140535,2,0
7,8,48.28188919131474,6,0,0,5,37,4.686983278852738,1,0
0,13,70.91997957662038,11,1,2,5,52,4.008041822391339,0,0
4,5,65.80103602954374,0,0,2,3,20,4.531254063449966,1,1
22,3,53.118468707504185,2,0,0,2,45,3.715234000537938,1,1
13,4,63.35787746823738,1,0,1,5,29,3.2066929843663217,4,0
3,8,53.33952698084613,6,1,1,4,9,4.737136720035931,0,0
4,6,64.72657544781235,3,0,1,2,25,5.0,0,0
25,2,52.343773552919465,1,0,1,4,26,3.803574749728541,3,0
3,4,65.94735312902625,1,0,1,1,7,3.262541718244509,3,0
6,2,80.40927148928573,1,0,1,5,38,4.316378045530138,1,0
16,8,41.46219521760744,2,0,1,3,7,3.992962426738522,1,0
12,6,49.58518744751471,4,0,0,5,59,4.468825580973087,0,0
9,5,50.206314307901245,1,0,1,3,7,4.149326089184004,1,0
34,3,,1,1,0,4,54,4.8868137110979015,1,1
3,3,72.56486673404825,0,0,0,4,33,4.405004221443091,3,0
20,3,33.906766497478685,1,0,0,3,58,4.412286702351432,2,1
2,11,57.24801210792068,8,1,0,5,15,5.0,0,0
14,3,60.42358777535086,0,0,1,5,40,4.238543559684572,3,0
30,2,73.22873279861935,2,0,0,5,12,4.24661780740286,1,0
9,6,46.56255806144471,3,0,0,5,22,3.433473435956563,2,0
19,2,70.9470159241644,2,1,0,4,11,3.171228894246129,0,0
25,4,64.39501696823615,2,0,1,5,26,4.323644301211649,2,0
2,10,86.61122658112453,8,0,2,2,21,5.0,0,0
18,4,92.9089054520299,1,1,2,3,31,5.0,0,0
37,4,71.93747131347399,3,1,1,1,56,3.468473622680085,3,0
12,7,56.093483268898765,4,1,1,3,60,3.3912943479086906,1,0
3,4,67.36010919760521,2,0,2,4,48,3.5916216198564963,4,0
2,8,68.72238938535142,10,1,0,3,26,3.1771751504578205,0,0
4,3,67.90076593896526,3,1,0,5,1,3.1463305235139316,2,0
1,9,,5,0,0,4,44,4.176682660895171,1,1
10,0,68.01202784750633,0,0,0,3,32,3.6463800046510175,6,1
1,10,75.7447300256253,6,0,2,4,25,3.9741834759657197,2,0
3,9,92.970050222906,10,0,0,2,27,3.4592505471121684,0,0
8,6,32.85979335681978,4,1,2,5,18,5.0,0,0
9,8,79.49605314282351,11,0,1,2,42,4.071255853613148,1,0
12,3,62.12372464070232,5,1,1,5,4,3.8865315819569544,3,0
18,3,48.15226434934433,1,0,1,5,32,3.3935665042626106,2,1
0,8,39.73805118561765,6,0,2,3,19,4.326601235082811,0,0
1,8,64.58267141240324,4,0,4,1,29,5.0,0,0
0,5,60.54029755614602,2,0,3,5,44,3.6399645424354876,2,0
8,4,43.819286121577754,2,0,2,5,7,4.571906811070881,0,0
0,7,59.539728751310626,3,1,1,5,37,4.438186557751053,1,0
20,4,75.55225934878253,5,0,0,5,60,3.476701990993626,1,0
3,7,83.2725465709394,2,0,1,2,16,4.031931959743423,0,0
42,2,61.911175352192615,2,0,1,4,43,4.426629093507663,3,0
9,6,61.866541670862034,7,0,0,2,0,5.0,1,0
8,5,69.34341079834617,4,0,2,5,2,4.577077542132489,4,0
22,4,77.47617648242682,3,1,0,4,45,4.486012784741868,0,1
18,6,62.75236434863434,2,0,1,3,25,3.6346030392716644,3,0
14,5,65.25399667148164,3,0,1,2,30,3.6866960624274583,1,0
41,4,54.01138424544159,2,1,1,3,7,4.245199761769505,0,0
8,5,57.63435811039055,5,0,1,3,42,3.5979608931018867,2,1
24,3,50.460871140582626,3,1,1,5,58,3.2197990441970044,0,0
7,6,,5,1,0,4,45,4.5392066958672235,0,1
27,4,41.92595444976412,2,1,0,5,7,4.039861199849852,2,0
4,6,47.068244632625635,7,0,0,4,60,4.084535916023959,0,0
5,5,46.03569506282365,5,0,2,2,34,3.8647315232848944,2,0
16,3,64.48106975908358,2,1,0,5,38,4.608179010597288,1,1
3,5,66.71947552760656,2,0,2,5,27,4.676642155168558,3,0
3,11,53.69111787498641,8,1,1,4,50,4.8339223297472484,0,0
5,4,47.41359530750708,2,0,0,5,3,4.5971423347725935,1,0
17,5,92.27700392631331,4,1,2,4,56,3.5910893887647948,0,1
33,2,53.38451153948848,0,0,3,4,15,4.704513536957,2,0
16,2,51.10106618638834,2,0,1,4,12,3.6693867259965796,3,1
26,1,36.40493363492797,0,0,0,1,19,4.263796358288067,4,1
11,6,67.75519234207346,3,0,0,2,50,2.8837702051454466,2,1
1,11,87.28713097491382,7,0,2,1,4,5.0,0,0
1,10,57.19997753276442,10,0,0,4,54,3.161538313128653,2,0
12,7,54.795716095589654,3,0,0,3,36,5.0,1,1
5,7,64.15032294162356,5,0,1,4,19,3.722215276243009,0,0
3,7,64.61280934951154,10,1,1,5,23,4.058432069021127,0,1
9,5,30.0,0,0,1,3,35,3.085794611538259,3,0
16,2,69.71304495434566,0,1,1,4,33,3.325537068106333,1,0
7,9,88.12617587650098,10,1,2,5,57,4.65238506194501,2,1
24,2,60.83858997739742,2,1,1,3,44,3.915324458051775,1,0
20,2,58.369997376542166,2,0,0,2,47,3.079245991043127,3,0
19,3,71.91997487845886,1,1,2,3,53,3.9348651247710857,2,0
63,2,70.13893259949052,0,0,0,3,33,4.12055251453137,2,0
5,3,62.59576977077743,2,0,2,5,18,3.8299051170390426,3,0
15,7,71.59548543223161,2,1,1,5,16,4.062104368776427,2,0
29,3,72.30748401939843,2,0,2,4,4,3.657281856252065,1,0
12,3,42.402404700287505,2,1,1,5,24,3.542840507072551,1,0
23,0,42.770407125830445,0,0,0,5,17,1.8209178489625462,2,0
8,4,40.62877525307559,4,0,0,3,59,5.0,2,0
13,5,37.29639481267367,4,0,0,5,54,4.99832924914859,0,0
0,7,72.15754979362633,6,1,0,4,52,3.8435113290008918,1,0
63,1,72.1932868725227,0,0,2,5,49,3.0604710038717933,0,1
24,4,66.71640545502449,1,0,0,5,7,3.7125611241018706,2,0
30,3,84.92892666722454,3,0,3,3,26,3.467384030829717,1,1
17,1,55.3748833650743,2,0,0,2,14,3.6778721059196013,2,0
3,14,,14,1,1,3,44,4.287485742963061,2,0
0,6,61.83957642158993,6,0,2,4,12,3.4798787721120217,2,0
29,3,77.13154934109261,3,1,1,5,15,3.6553554755812643,1,0
7,12,51.13751871909612,10,1,2,5,21,4.919946387537156,0,0
4,6,89.13044882167478,5,0,1,1,19,5.0,1,1
12,5,58.92435127250607,1,0,0,4,12,4.2046300576636915,2,0
8,3,67.69465770104995,0,0,0,4,19,3.529588301470672,2,0
15,8,62.438832481784615,6,1,0,3,1,4.686353076794143,1,0
9,2,54.0451862078029,0,0,0,2,34,3.523697114840745,3,0
17,2,73.6543483980797,1,0,0,3,46,4.310942324876368,1,1
28,5,30.0,0,0,3,5,54,3.6740801618613412,2,0
3,14,54.920821541134316,11,1,0,3,18,4.5677324679208455,0,0
5,6,71.92833621359735,5,0,2,4,44,4.192297932320933,1,0
8,7,38.22316734996378,6,1,2,5,36,3.7409564602551093,3,0
49,0,49.48697272989089,0,0,2,4,57,3.0060941586004644,2,0
6,2,52.60287582017401,1,0,2,5,53,3.9824207345862286,0,1
7,5,55.049111525258745,0,0,2,5,5,3.9034042696871825,2,0
15,0,50.96468586350601,0,0,0,3,13,4.254308019092995,0,0
8,8,44.720713736627786,4,0,0,4,3,4.484753338681974,0,0
45,3,58.935328427265134,0,0,2,3,21,4.718835613894421,1,0
33,2,72.08355595462096,1,0,0,3,50,3.562392172742123,1,0
10,6,65.73734600783615,6,0,0,1,54,4.349408115171735,2,1
15,7,75.40199239440419,9,1,2,4,38,4.044861059235339,2,0
0,6,56.99130526920908,1,0,0,4,35,3.6623046531795467,2,0
17,2,78.88774609129003,1,0,0,2,33,4.163027033699375,3,0
18,4,40.86433729186275,4,0,1,3,26,3.8490286201661887,0,0
6,6,79.66854353825101,6,1,1,5,6,3.8557538315740176,0,0
3,8,76.38291502651334,7,0,2,3,2,2.180875688734679,0,0
36,2,36.3355701054098,5,0,0,2,46,5.0,1,1
8,9,67.02201079864271,4,1,1,4,32,3.7532833371930585,1,0
15,6,58.106213534627884,4,1,1,5,1,4.751589086581364,0,0
0,16,58.40682337925148,13,0,1,3,41,3.969217828216123,0,0
8,2,60.990379023228165,1,0,1,5,15,3.4006339065631472,2,0
25,2,50.710642092271364,0,0,2,5,24,3.8201792530294436,1,0
7,7,74.08192900292664,10,0,1,3,59,4.5609246722511365,1,0
13,2,60.061329817625534,1,0,2,5,14,4.4519299195000235,2,0
3,8,43.13026688919963,7,0,2,4,23,4.394483959905139,0,1
8,9,,6,1,0,4,14,4.511292843138472,1,0
39,3,52.88689058303696,1,0,3,4,30,4.173469014108621,2,0
12,4,69.23843981829955,3,0,1,4,13,4.1946269141167045,2,0
34,2,40.27127962939407,1,0,1,2,53,3.9581987435787362,2,1
34,6,90.04135110018325,4,1,1,5,13,3.855977490917754,0,0
43,5,61.807916242614645,3,0,2,3,5,3.980207154278264,1,0
33,5,41.456280734892,3,1,1,3,13,4.6553406285477985,1,0
0,11,56.97137438389059,6,0,1,1,16,4.490831633928676,1,0
40,4,52.7608827876984,3,0,0,4,17,4.466286090896944,0,1
2,4,48.074470950420164,4,0,2,5,19,4.495423160664557,1,0
0,7,,8,0,1,1,50,4.803259991428576,3,0
0,16,93.45685995275005,13,1,0,4,16,4.825850614465507,0,0
6,6,88.04076991357677,4,0,1,3,15,3.6225000031794328,2,1
14,6,63.01946038497207,3,1,0,4,39,4.391259267739293,1,0
7,3,48.29072687479182,3,0,2,3,38,2.703632247240077,2,0
0,7,64.19851658416394,1,0,2,5,51,4.284368880089659,1,0
9,7,71.0712326241563,3,0,0,4,31,3.6872458748897317,2,0
8,8,63.054383322570686,2,0,1,5,59,4.466106565285365,0,0
21,3,71.17626445990263,1,0,0,2,43,4.3968411662725115,1,0
4,5,66.65833408276511,4,1,0,3,8,3.847008060515551,0,0
3,5,64.27028203627195,7,0,1,2,26,3.930464482639407,0,0
4,11,41.75682375146298,8,1,2,5,45,4.92664217637471,0,0
5,5,58.04487171190465,4,0,0,5,51,4.353919002556094,0,0
13,7,88.6624936758926,2,1,1,3,32,3.468736860484687,1,1
9,5,67.34558662538139,0,0,1,5,9,5.0,0,0
6,6,77.52545026723914,3,1,1,5,16,4.207114015958956,1,0
7,7,90.1698943351994,4,0,2,4,48,4.047297882269964,1,0
6,3,42.311414502687384,0,0,1,4,48,3.5223527388555764,3,0
53,1,98.98613483369267,1,0,1,3,35,3.217827638217003,2,0
3,7,74.5966464972628,2,0,1,2,16,3.8010246381445683,0,0
25,3,,3,0,0,5,17,3.4051090467257863,0,0
18,5,49.94815389048129,4,1,1,5,51,3.911609271977351,2,1
0,5,70.86305779798838,4,0,1,4,22,3.5145931418859875,1,1
74,3,47.981292667045295,3,0,1,3,33,3.1245861646275253,5,1
21,4,62.24432698871553,2,0,3,3,7,4.869345741212491,2,0
17,2,65.0525472262943,0,1,0,5,12,3.314759751418693,1,1
7,2,,2,0,2,5,22,3.5707881200345506,2,0
12,7,,6,0,1,5,56,4.277892968323307,1,0
4,9,52.20193082863694,5,1,2,5,53,4.532438838092231,0,0
0,4,30.0,1,0,0,4,19,4.16098228895519,0,0
27,3,,4,0,1,2,21,3.3799957269058645,4,1
34,5,78.80292612682129,7,1,1,3,46,3.2018809860790087,0,0
2,8,96.83848548237269,7,0,0,5,51,4.161560675865049,1,0
23,3,79.73556253663759,2,0,2,4,22,4.623732281866918,2,0
20,5,76.00305849461343,3,0,0,1,40,2.9970820675755694,2,0
2,7,54.32008500517961,4,0,0,2,34,4.090169968535891,0,0
8,7,94.55174267793068,9,1,2,5,2,3.0801894267767698,0,0
8,6,70.2645370936084,2,0,0,1,33,4.372630735474707,2,0
21,2,70.84981741454052,0,0,1,3,32,4.046216872634268,4,0
27,4,69.42328808713857,2,0,0,4,45,3.604422527516,1,0
1,5,42.626137422910986,3,0,1,5,16,4.065390315566899,1,0
12,5,65.75832432434447,6,0,0,5,44,4.139256495947085,3,0
21,1,38.17991391711684,0,0,0,3,18,3.8719656763743675,4,1
23,3,72.404703619515,0,0,0,5,29,4.193513388870995,1,0
2,13,65.04299464339127,11,1,2,3,22,4.482947093699541,0,0
11,4,50.51996251510098,1,0,1,3,14,5.0,3,0
29,1,76.89336307927395,1,0,1,5,58,4.459189035556977,3,1
5,8,54.62402341474855,4,1,0,4,56,4.336600357189237,0,0
8,5,54.986098059120295,4,0,1,5,13,3.9566243500298324,2,0
24,4,68.00955764543262,4,1,3,5,1,4.046117262456787,3,0
1,7,59.76243343716237,4,0,1,4,38,5.0,1,1
29,3,63.501054365121064,1,0,1,2,48,4.1352504202364795,4,1
5,9,75.48505836587316,8,0,0,4,17,5.0,2,1
0,6,48.92454721073278,9,1,2,3,5,4.669661664896282,0,0
4,10,,6,0,0,3,58,4.3188868548458315,1,0
1,14,56.50836361912763,7,1,0,5,31,3.952104031158952,0,0
1,5,59.05591981797393,5,0,1,4,20,4.769093246639568,1,0
17,6,69.63161792264812,4,0,1,5,39,3.6015981487070112,2,0
3,7,89.12652968076081,5,0,0,4,27,5.0,2,0
40,1,59.35800379834195,0,0,0,5,26,2.956089022709413,3,1
10,2,60.54310377130391,0,0,1,4,1,2.9729765165052653,3,0
9,8,50.227274803951836,5,1,1,4,32,4.256037971747424,1,1
8,6,48.406800618723295,2,0,1,4,15,4.320830896049784,0,0
17,3,70.15938227611417,0,0,0,3,38,4.633749462454213,3,1
9,5,60.5855845188324,3,0,0,5,21,4.7466201872374985,1,0
2,9,78.70557533202125,12,1,0,3,55,4.619369635189528,0,1
31,3,77.07261994815197,1,0,1,1,42,4.006257586074185,3,1
8,5,73.04171591762899,3,0,0,4,46,3.7442165846918356,5,1
1,6,38.08556242100735,5,0,0,3,12,4.506925625839857,0,0
11,3,70.24957842086285,3,0,4,5,55,4.000828459695726,1,0
15,5,45.97866176819714,2,1,0,5,1,3.354463583013225,1,0
4,11,31.741248050876372,6,1,3,5,13,3.0144197389445875,0,0
24,6,63.31424294500576,8,1,1,4,55,4.083876693747832,1,0
16,3,80.36946725514768,2,0,0,1,37,3.3952474328626114,5,0
15,5,70.67595844062117,5,0,1,5,40,2.503437229900113,3,0
8,5,46.77376969900563,2,0,2,4,27,4.838184143049802,3,0
49,2,101.94712603047059,3,1,2,5,6,3.374482113178179,2,1
4,6,72.25011937591425,4,0,1,5,17,3.7696330930994137,3,0
12,2,47.37380375576117,0,0,2,5,55,3.0959726252257656,6,0
5,3,30.0,1,0,1,3,40,3.6949812862608202,3,0
20,1,56.93149988441019,1,0,0,4,54,4.488348901627367,1,1
0,19,30.5403549649409,9,1,2,5,35,4.528137566246611,1,0
0,11,44.553391799243414,2,0,1,3,40,5.0,0,0
24,2,34.514949808696834,1,1,0,3,35,3.875425373914284,1,1
8,6,48.69546839221563,2,1,0,4,43,3.1787360971440797,1,0
6,6,51.996725654658434,8,0,0,5,3,3.76552051431678,0,0
14,1,46.894234066121854,1,0,1,5,56,2.8804012379280692,2,0
18,4,94.50312577595926,6,0,1,4,29,3.5238271677189967,5,0
3,7,57.199400144131616,7,0,0,2,23,3.4682503821101505,4,0
3,4,79.92192426966245,6,1,2,4,19,4.140881536080673,1,0
47,1,68.53884692470906,0,1,3,5,45,3.7718352777363977,1,1
13,3,56.89449078476883,3,0,0,2,55,2.8139626362580508,2,1
7,6,52.82804283313426,4,0,0,4,30,4.144512456413165,2,0
24,7,80.26509068522184,7,0,1,5,23,3.939483006978312,1,0
11,4,44.457678407159314,1,1,1,5,6,3.9082526541411142,1,0
4,7,50.59722585838523,6,0,2,5,25,3.4696972041992677,4,0
3,8,,10,1,3,5,12,4.776439797889747,1,0
7,3,61.12117713989893,2,0,1,4,53,2.92409190935367,4,1
29,2,46.36881080528004,3,0,0,3,7,4.002872371061654,3,0
0,11,74.05101485051057,11,1,2,5,54,3.6855747578659814,1,0
3,4,76.12075293388887,2,0,2,5,4,4.981450236441744,3,0
33,4,49.23312654295508,2,0,1,5,43,4.436181693571687,4,0
1,10,67.91145009899654,3,0,2,5,12,4.6580446883400874,0,0
14,3,47.398514522215464,3,0,0,4,28,4.672212931052005,1,0
3,16,62.68203629827977,15,1,0,4,19,5.0,0,0
13,3,77.55135732460604,4,0,2,5,13,3.0535815616695285,3,0
7,3,61.54912611626422,1,0,1,4,31,4.294341575649078,1,1
1,13,58.424076833463864,15,1,1,5,59,4.160357358080097,0,0
13,6,94.31495776237321,3,1,0,5,49,4.942517451975599,1,0
17,7,65.40433073583618,5,0,1,5,26,3.116115309585862,4,0
17,4,47.35331520932067,1,0,2,3,55,4.358974738840557,1,1
15,1,46.18693604926608,0,0,0,4,24,3.343467821829245,2,0
10,3,94.18969417846705,1,0,1,2,51,4.680439560081396,4,0
10,5,48.89074509639668,5,0,1,4,3,4.0681322809322005,0,0
15,4,,0,0,2,1,20,4.27285731333498,1,0
17,9,60.40181366891143,9,1,2,4,17,4.6792752445776555,0,0
15,7,70.97790417341633,5,1,0,4,38,3.4602242206288705,1,0
13,4,41.39159587194128,2,0,1,3,14,4.084371195269515,2,0
2,8,55.82231710947941,10,0,1,4,52,4.9908040318544415,1,1
3,4,39.87923517446333,3,0,2,1,37,4.30641067448103,1,0
4,4,57.707165223444335,2,0,2,1,47,3.3799165364097408,0,0
37,3,72.32297866147896,3,1,0,5,51,3.7146458463530307,0,1
21,6,56.23320474395268,5,1,0,4,23,5.0,2,1
12,5,89.54035388420213,5,0,0,2,7,4.701442900555642,1,0
4,8,47.29899383610591,3,0,1,4,27,4.80799266781656,0,0
1,7,63.26665298960388,6,1,0,5,20,3.749944574965481,0,1
34,6,79.611474189254,4,1,1,3,15,4.164197338807063,0,0
33,7,75.13353785247698,7,1,1,4,59,3.9215147977553433,0,0
1,4,99.63924296789786,4,0,0,2,53,3.4884824069449483,1,0
23,7,64.8566777393509,4,0,0,2,15,4.655147327855641,1,0
8,8,,6,0,0,4,34,3.853104356187719,0,0
5,6,61.25774027992437,6,0,0,4,16,3.5027644288025064,1,0
20,3,47.42787270142054,0,0,1,4,8,4.649423180411243,1,0
14,5,61.808109597172916,1,0,2,5,56,5.0,1,0
22,1,78.50262097132938,2,0,0,5,34,3.767240534762433,3,1
1,3,70.44977063785491,3,1,0,4,51,3.277318461666749,0,0
5,6,58.43393112418527,4,0,0,3,28,4.070693172853224,1,0
5,7,49.696222588199554,6,1,2,5,38,3.546287365566169,0,0
6,2,64.87665549198724,0,0,1,3,17,3.590671833963184,2,1
10,6,67.94651728331687,3,1,2,4,11,4.211191312855419,0,0
4,3,41.190142979217285,3,0,0,2,18,4.380553736706217,2,0
8,10,44.71345699976096,10,0,3,1,47,4.112643210423673,3,1
6,7,55.655641102549566,2,1,1,5,21,3.7601934967486237,0,0
19,4,40.02712262589326,5,0,2,5,58,5.0,0,1
13,8,32.836357074347895,4,0,1,5,55,4.549177654570619,1,1
15,5,44.540603996227745,5,0,0,4,48,5.0,1,0
3,3,65.73898418353397,1,0,0,3,51,4.00152193209499,1,0
5,7,61.52864399086774,4,1,0,3,14,4.389389655442965,1,0
0,11,53.32745804725471,12,1,0,3,0,3.568988775757415,0,0
1,9,45.957066906338476,6,0,1,4,1,4.667453793898785,1,0
4,6,65.53190570176562,2,0,1,5,7,3.455416794515787,1,0
1,5,,0,0,1,5,21,3.830306845365373,0,0
13,4,78.64319350319408,1,0,0,3,24,3.6537187392342383,2,0
90,1,30.0,0,0,1,5,1,3.902335250899229,3,1
1,11,33.810001540660636,3,0,3,5,50,3.332272725793498,4,0
25,2,74.07196805805,0,0,1,4,8,5.0,3,0
1,11,67.10258520202888,8,1,2,4,8,3.4291818736981856,2,0
16,5,74.01225224025067,2,0,1,4,12,2.5478806973904895,4,0
15,9,46.61785771797253,6,1,1,3,5,4.018768978076748,2,1
34,4,54.162806681156965,7,1,1,4,29,4.336845427563661,0,0
1,9,40.835366829357696,7,1,2,5,14,5.0,0,0
5,11,,6,0,0,1,50,4.9402162868624755,0,0
1,10,62.093394463075406,8,1,0,2,52,4.743283060786688,1,0
7,7,81.2349824487634,4,1,0,1,14,4.57463016230296,1,0
36,2,57.48634035189235,1,0,0,1,49,4.30719513962675,2,0
22,3,49.25511039493688,1,0,1,5,6,4.153530896313276,0,0
19,2,43.205911333804195,0,0,0,5,57,3.1822161354751604,2,1
11,11,76.70779542491348,6,0,0,4,10,3.5630222386522084,1,0
32,1,61.21628773648009,2,1,0,2,39,3.653815749356245,2,0
8,9,61.81894205267104,3,1,0,4,37,4.102430508530248,1,0
2,13,38.34106509869213,6,1,1,4,39,5.0,0,0
27,2,46.24763325891506,1,0,0,3,1,3.951300948066601,2,0
4,11,71.02266648745197,9,0,1,4,50,4.08168902491663,0,0
0,9,52.10576133201298,7,1,1,4,47,5.0,0,0
2,6,50.227135278361644,1,0,2,4,38,4.347894620707383,3,1
14,0,97.64319941118077,0,0,0,4,9,3.4888433594043464,1,0
14,9,61.04332015521897,3,0,0,1,43,3.934607629685355,1,0
4,7,57.415163561374676,4,0,1,4,16,2.5353959767686356,2,0
19,4,57.96330662599168,2,1,0,4,6,4.936870134213963,3,1
22,1,49.82942354743984,2,1,1,4,53,4.370704558502542,3,1
37,2,58.91228970695577,2,0,2,5,39,4.413445163356717,2,1
13,7,89.10159615668297,2,0,4,5,38,3.9004297929040352,0,0
22,3,66.19616741632193,1,0,2,3,3,5.0,0,0
20,4,36.069412096369135,1,0,2,2,34,4.1853456760813135,1,0
4,6,53.44044060545337,3,0,1,4,50,2.740436346242233,3,0
5,6,61.56385002862153,5,0,2,1,46,3.887442139601867,2,0
9,4,37.40518789708846,2,1,0,4,35,3.7456777681131155,0,1
0,14,52.98209444812259,12,1,2,5,30,4.055402911848805,0,0
5,6,45.58462841218912,3,0,1,4,24,3.110149216639287,0,0
9,8,54.05729121353682,13,1,1,4,40,4.423430378019896,0,0
1,3,61.05033644464429,0,0,0,4,12,2.8277311660300772,5,1
2,6,70.48020177125885,1,0,0,4,17,4.55326100603211,3,0
9,5,42.69210521224131,3,0,0,4,20,3.3223361898527157,2,0
19,3,58.714995878312294,4,0,2,5,47,3.3116039106460797,2,0
26,3,55.090556149268274,2,0,0,4,0,3.186796313397781,2,0
11,11,,6,0,2,5,35,4.716365351249115,2,0
9,4,47.7093502546606,2,0,1,5,49,4.01289954111235,1,0
7,11,59.28811252532731,1,0,2,3,7,4.266561448795667,0,0
3,9,67.4052764299044,4,0,1,2,51,4.081793313479382,1,0
2,9,39.12255371883569,5,0,0,2,47,4.867321694507049,0,0
23,4,85.92604997095063,2,0,0,1,20,5.0,0,1
9,4,74.12441298532846,2,0,1,2,42,3.7462830167423444,2,0
23,6,36.38112831996517,1,0,0,5,51,3.02889365857499,2,0
18,5,81.7026141022962,3,1,1,2,52,4.4268812729268845,1,1
3,4,82.71847776833171,3,0,1,3,52,4.2111404437426385,2,0
10,2,,0,0,2,5,20,3.4046770001553153,0,0
8,4,63.085073130388594,6,0,0,1,26,2.2048497619306264,3,0
8,5,61.35722066057977,1,0,1,5,18,2.9374130055197654,7,0
11,3,39.33755782342537,0,0,1,3,22,5.0,0,0
60,2,75.40458826225539,2,1,2,2,50,3.042075760151885,2,0
25,6,31.787050265976873,5,0,1,5,49,4.103022137120125,2,1
35,2,64.34083023551237,3,1,1,4,50,4.7033560971263375,2,1
0,15,83.51998054360601,8,0,2,5,42,3.78923122395041,0,0
2,10,34.6687803835696,5,0,0,5,34,4.0907250938876,1,0
1,12,55.60350762825971,7,0,0,5,39,4.134622981890674,3,0
4,6,77.09767723876172,3,0,0,3,51,4.718034736708255,0,1
8,6,66.03458436811003,4,0,1,3,50,3.622053586096743,1,0
15,6,72.50241819122428,8,1,0,5,41,3.308462472751819,0,1
10,7,49.69051483755667,5,1,0,5,47,4.755813211550101,2,0
35,1,45.88926219773659,0,0,0,5,4,3.907315015055147,1,1
42,2,57.004638964312996,1,0,1,4,51,2.7866709895786617,5,1
2,7,63.98005808757867,7,0,0,4,40,4.456866060974658,2,0
28,4,68.99799844373572,5,1,2,5,7,4.241262927334593,2,0
9,6,66.66908112409462,6,1,0,3,10,5.0,0,0
9,4,74.68108202989974,3,1,3,5,15,3.180027212577518,2,0
23,8,61.7372594893922,7,1,1,5,38,3.729586729566917,1,0
1,5,44.28636469995519,3,0,1,4,46,4.2677496464691265,1,0
32,3,39.67386550323336,3,1,0,5,23,4.974102786224669,0,1
16,8,,4,0,0,5,60,4.96994093827936,2,0
31,2,,0,0,1,2,20,4.340209787478594,3,0
77,1,89.57019072668578,0,1,2,5,51,3.507135401693524,1,1
10,8,96.35311878840682,5,0,2,4,22,3.722693194344971,1,0
1,20,74.58573686463063,12,1,0,5,48,4.6858628940799,1,0
2,12,65.49874942883113,7,0,1,3,37,3.0904550531986708,0,0
5,5,53.69296690554084,5,1,0,5,46,5.0,0,0
1,10,46.89359228487227,6,1,1,4,7,4.515745538997301,2,0
25,2,61.00250517851172,2,0,0,1,6,4.830996736712452,3,0
5,11,58.425998863581476,11,1,1,5,1,3.7381534186362533,0,0
55,1,88.57790555413524,3,0,2,2,29,3.3129307909616794,2,0
18,7,68.79022932215453,7,0,0,3,12,4.967219203900841,2,0
2,5,56.552568003489576,3,0,2,5,22,3.5954935539454325,4,0
9,6,46.77426075241948,7,1,3,5,28,4.312749561214173,3,0
9,3,68.01244899025536,0,0,2,4,37,2.509899517976283,3,0
10,6,62.07008869532011,3,1,0,4,60,3.8981429737332975,0,0
11,5,53.22755648065541,3,0,1,4,36,3.9802676176173337,1,0
0,7,49.70261803422468,4,0,0,3,19,4.3415966641244985,2,0
17,2,68.23700557777823,4,1,0,3,32,4.161802270416956,1,1
10,8,53.89233075414943,6,0,1,5,28,4.405032418478528,0,0
23,3,55.14894103882123,0,0,2,5,49,4.295237680940379,0,1
25,3,52.730796198097906,2,0,2,5,14,4.168919886281864,1,0
3,8,102.51591484823604,5,1,1,5,22,3.7620501568799702,1,0
0,4,62.36755949948769,2,0,1,2,41,3.6483038239171472,2,0
18,1,47.65190761915237,2,0,0,4,2,4.73195659633854,0,0
57,2,30.0,1,0,0,2,36,4.011105873574886,0,0
8,4,35.39095550264331,2,0,1,4,55,3.6765626290129116,0,0
4,9,55.60641804791808,3,1,0,4,28,4.79851512242073,1,0
2,6,85.42560349907323,4,1,1,5,44,3.9340300048032817,0,1
5,10,94.3029451416173,2,0,1,4,7,4.772944482172899,0,0
5,7,56.425927800138474,7,0,1,2,21,3.6867574307360313,1,0
8,10,65.46270144908435,6,0,3,2,52,3.224969981856107,1,0
15,1,57.519143887284024,1,0,1,5,28,3.6114298708869845,2,1
4,7,66.8296163939834,2,1,1,4,1,3.7081813670161363,0,0
0,4,56.393164097819586,1,0,0,2,40,3.9655504187666697,0,0
7,3,51.64173566601786,3,0,1,2,48,3.7870526608849833,1,1
29,2,50.14929967904688,2,1,2,5,58,4.04809129881248,2,1
10,3,70.6506656586821,1,0,1,2,49,3.7612222995885953,2,0
50,1,79.5416151975274,0,0,1,5,44,3.646855948743313,4,0
10,5,53.26042399381276,3,1,1,5,0,2.951029056918258,2,0
4,6,70.91100056766895,5,0,0,2,43,5.0,0,0
3,3,62.35005474805928,1,0,0,2,19,4.9539493005716775,1,0
17,5,54.262701589152115,3,0,1,5,51,4.494454879722655,1,0
11,0,70.17295463109978,0,0,1,4,20,3.3772812163795396,9,0
13,8,80.21951250131893,6,0,0,4,36,4.325307307936061,0,0
21,3,47.63835775420544,3,0,2,5,7,2.8432510520681684,2,0
19,5,55.160534005818064,4,1,0,5,26,5.0,1,0
0,15,82.00089411587649,12,1,0,5,46,3.8364776918258814,0,0
24,2,59.36143811887615,1,1,1,5,58,3.5315271210236845,2,1
11,4,48.07999341744873,2,1,0,4,34,4.445110101695827,1,0
7,4,62.54814540856164,4,0,1,2,5,5.0,2,0
11,8,60.12965323467078,3,0,2,5,59,4.580371287562533,1,0
14,8,75.83402501047681,2,0,0,4,44,4.149742338277934,2,1
2,6,59.345143347113066,8,1,1,4,43,3.86279363302391,1,1
8,3,59.8477586707939,4,0,0,5,18,4.274177064439424,3,0
6,4,59.22195966055454,1,0,1,2,60,3.771290485821042,2,1
6,10,62.51298570143789,8,1,1,4,17,3.778752371923168,0,0
1,9,82.74877273313496,8,0,1,1,55,3.3125775013643843,0,0
2,6,70.87260834016583,6,1,0,4,0,4.352870816670224,2,0
2,8,44.363363090131585,6,0,1,2,24,4.7216400128281775,1,0
7,8,64.22357832466811,12,1,1,2,26,3.8383423608132636,0,1
33,2,65.18631934375661,1,0,1,2,6,4.603577760514671,0,0
3,11,65.64917597663073,12,1,1,4,43,4.978510755950149,0,0
8,2,37.80257926280014,1,0,2,5,41,2.7179829638909654,0,0
5,5,62.19418377509739,2,0,0,4,28,3.025990147088063,1,0
23,2,51.48137306462515,1,0,1,5,30,3.855406619919298,2,1
0,7,37.539966441805106,3,0,0,4,43,3.809530251998853,2,0
3,15,78.13886304200487,15,1,0,3,42,4.175620975999163,3,0
3,9,55.76615987852443,6,0,1,5,35,3.8369311185166404,2,0
74,1,55.99026987009981,2,1,0,3,18,3.8463383460007563,2,0
12,4,73.23164836677257,3,0,1,5,5,3.8093029066465878,2,0
2,11,75.36113673000115,9,1,0,1,24,4.314257431078535,1,0
4,4,56.267893807015,2,0,0,5,30,3.856372589588744,2,0
2,8,60.43962054061968,4,0,0,1,8,3.7787893694017636,3,0
1,10,44.848290781237665,7,1,1,5,19,5.0,0,0
23,5,45.864137442371934,4,1,0,4,9,2.9676111845651567,3,0
10,7,79.4671151495785,1,0,1,5,36,5.0,1,0
14,2,60.68191768040574,3,0,1,2,26,3.2327772952873635,3,0
6,7,74.54983835598925,0,0,0,4,12,3.879216842226741,1,0
12,6,57.52116628792069,4,1,0,5,40,3.943746942888934,0,0
4,3,66.30194867805612,3,0,1,4,1,4.87010175505071,1,0
5,7,33.84382022199007,4,0,1,4,49,4.003050180132177,5,0
15,7,72.91060493643747,3,1,1,5,20,4.5333007249218475,1,0
2,7,59.56507865948979,7,0,2,4,32,4.805395261112895,3,0
14,7,52.95052966161506,6,1,0,4,23,3.4554001713391695,2,0
28,5,69.4284189217347,4,0,2,4,52,4.077668140423385,2,1
1,12,74.90597230523666,8,1,1,5,43,5.0,1,0
34,1,53.91313571142316,0,0,2,1,41,3.3382778495378433,1,1
1,12,42.05864513626679,10,0,2,3,33,5.0,0,0
6,3,84.98347583321747,4,0,1,5,59,3.712578203201631,1,0
14,2,56.76534368389801,2,0,2,5,8,4.000948383717711,0,0
12,1,31.2145809483227,1,0,1,4,1,4.200505816291467,2,0
1,5,53.67092917836765,4,0,0,4,54,3.473641934860444,2,0
24,9,66.74416388773761,4,1,0,3,55,4.5211492309702725,1,1
54,6,58.772226892053766,1,1,2,3,29,4.18029588404521,3,0
2,11,58.06435980912631,12,1,0,4,21,4.685417404532263,0,0
33,1,54.7216679076879,1,0,0,4,45,3.890381919162089,1,1
12,4,53.685089908848106,2,0,2,4,10,3.35564305738985,2,0
41,2,40.83098363698033,1,0,2,2,54,4.17895839437365,0,0
2,9,40.535661213313176,6,1,1,5,42,4.1291415132328435,3,0
23,6,65.45972547891652,2,0,0,5,16,4.933162901293499,1,0
0,10,78.45667457062683,6,0,1,5,35,4.840547729809489,3,0
32,2,55.86197042217182,2,0,2,4,12,3.1939046271874125,5,0
16,1,80.78716857480164,1,0,0,3,6,4.5539667315876695,2,0
6,8,76.48237053298908,6,1,2,5,15,4.305813246258531,1,0
3,15,58.02181588499081,15,1,2,5,32,4.982996538699509,2,0
25,6,69.56863588600508,8,1,0,3,44,4.664325130147956,0,0
13,3,67.34020252266384,3,1,0,5,0,4.809995357099701,0,0
6,5,,2,0,0,5,10,3.8930454556441405,0,0
8,3,30.0,1,1,0,5,5,3.9384028394435417,1,1
26,5,62.08139722547417,5,1,1,5,19,4.242973462876238,0,0
6,6,70.52233510435319,3,1,1,4,34,4.039410773106727,1,0
1,9,51.69726491350408,3,0,0,4,43,4.981890872855109,0,0
36,1,90.10672782685505,3,0,0,5,36,3.8783201038591852,3,0
7,3,75.48691363683027,0,0,0,5,40,4.571867309860943,2,0
6,2,37.91108175184092,1,0,0,1,25,4.165714516445954,3,0
3,4,57.08095583035368,2,0,0,1,57,3.7836493206027115,1,1
34,1,47.40253713865592,1,1,0,4,11,4.490171608875536,2,0
3,10,54.48942465992183,7,1,1,5,29,3.5682695173656045,0,0
15,2,69.81320380665639,0,0,1,5,27,4.0354587423274255,2,0
31,2,56.22379035529147,0,0,0,3,26,4.0845576499083025,2,0
0,6,51.44514181711847,5,0,1,4,41,4.421474026040483,1,0
26,5,61.4112964053659,1,0,0,4,18,4.302209954443886,1,0
7,8,71.39670819266203,8,0,0,5,4,4.611901237189488,0,0
16,3,71.24723799184737,2,1,1,5,57,4.316059808849744,3,0
6,5,69.23002775700792,3,0,1,5,4,3.8426785660124185,1,0
17,7,80.5530141137552,6,1,1,4,40,4.580834460866114,0,0
4,8,58.64271384681105,6,0,1,4,26,4.173258349605866,1,0
0,12,54.58185523876915,9,1,2,3,27,3.60297224640858,0,0
44,1,57.66825758255243,0,0,1,2,25,3.8163294603298743,1,0
0,10,47.85900628152934,5,0,2,5,26,5.0,1,0
26,6,47.50910147434493,1,0,1,5,51,2.849583092056254,4,0
2,17,71.08212020795797,8,1,1,5,48,4.635948908650926,1,0
7,7,72.4590687302269,9,1,0,5,41,4.382548558516747,3,0
25,1,30.0,0,0,0,4,20,3.196898584540516,5,0
3,5,74.1035542640247,3,0,1,5,0,3.5570135442724764,4,0
30,3,53.83066942086922,2,0,2,5,53,2.7688140445560645,3,0
10,3,50.514651454665746,2,0,1,5,27,4.905405899645852,0,0
6,8,55.095619005619014,8,1,0,3,47,4.335441205460928,1,0
16,4,41.06781232738594,1,0,2,4,57,4.800607692775487,2,0
6,6,57.47935413382907,7,1,2,2,57,4.028222988738904,2,0
6,4,88.72363423233048,1,1,0,5,14,2.966222936385676,3,0
19,6,36.78464329246769,5,0,1,4,54,4.239941270520351,3,1
5,2,69.27510698870935,1,0,1,3,16,4.632780000431671,1,0
3,7,74.61910757416699,5,1,0,5,25,4.080812714518227,0,0
24,6,68.72937394527119,4,1,1,4,19,5.0,1,0
24,3,83.00595580240969,4,0,1,4,24,4.043261875964731,0,0
10,1,74.72403388450238,1,0,2,2,12,4.117040214578934,1,0
11,2,,1,0,2,5,32,4.744677490551108,1,0
17,1,75.57075127354481,1,0,0,4,24,3.5934844111056377,1,0
10,9,74.87824743674122,5,0,0,5,7,4.218193905310758,1,0
8,6,54.76470254651035,8,1,0,4,4,2.9643527278927886,2,0
79,4,69.46754731105914,2,1,0,5,5,4.249549962861313,0,0
2,4,55.90601569677676,1,0,1,4,22,3.8210679601099717,2,0
13,2,39.98868466426673,0,0,0,4,51,3.909686998299272,1,0
32,5,87.55063256633214,5,1,2,5,29,4.566218137577037,0,0
17,6,51.698844462544706,6,1,2,4,13,3.5874901248485482,0,0
31,3,76.43204605560346,3,1,1,2,53,3.9883877532918937,0,1
6,10,68.0210238456096,5,0,0,1,22,4.882974293236648,0,0
4,11,46.56143147840253,9,0,0,5,10,4.893275338515688,3,0
28,4,48.36232552446339,3,0,1,4,30,3.674353229968334,2,0
7,7,65.96006829621014,6,0,1,5,5,5.0,1,0
18,7,65.99174588426621,4,0,0,3,10,5.0,0,0
2,7,54.35733713500493,2,0,0,2,12,3.8515253262892366,0,0
21,2,36.271767561996775,2,1,1,1,11,4.050902592374258,1,0
11,7,72.04803923205843,4,1,0,4,53,4.49068291386026,1,1
4,12,30.0,10,1,2,4,1,3.758559534877742,0,0
10,5,65.22205542095737,8,0,2,4,52,3.371375336262434,1,0
17,3,76.99249598391972,1,0,0,4,34,4.268840414082456,0,0
0,10,32.26135500715243,7,0,2,5,54,4.497245264098843,1,0
15,5,62.39962293616102,2,1,0,3,35,4.047358966066945,0,0
11,12,54.243159183607666,9,1,1,4,16,3.6561956962620505,1,0
3,12,62.924537440847374,11,1,1,5,27,4.68426316815359,1,0
20,3,74.66832779476812,4,0,0,4,27,3.978970886840888,0,0
5,9,,9,1,1,4,21,4.038025193922824,3,0
4,11,56.650384136569784,11,1,0,5,37,3.6834966404451777,0,0
9,11,57.532790311997545,10,0,1,5,6,4.503735459153153,1,0
16,5,30.768944139175954,2,0,0,2,14,4.207871919025225,0,0
39,4,68.60401457387917,2,0,1,5,31,3.8726912281617505,0,1
2,8,84.42884241262043,5,1,0,4,10,3.1768108245485696,0,0
7,7,70.05879833211196,6,0,0,3,23,5.0,0,0
1,7,61.947771562163126,7,0,1,4,2,3.7099140499873386,0,0
21,2,73.28892063866094,1,0,2,5,29,5.0,2,0
8,6,51.07544695039375,2,0,1,4,5,3.847897647249738,2,0
18,2,,0,0,0,3,57,4.323538268518544,3,0
5,2,67.70461593485342,1,0,2,4,1,4.30447733500864,2,0
27,2,63.434087207733974,2,0,0,3,60,3.048885084336617,3,0
11,8,64.70837278638847,1,0,0,2,13,5.0,1,0
43,0,47.116942138454924,0,0,1,2,40,3.5847971223699986,3,0
1,3,37.42515689280686,0,0,0,2,17,4.532874379416695,1,0
10,5,44.41289676004054,4,1,1,3,50,2.729139836814241,1,0
21,0,47.20823187577594,0,0,1,2,43,3.304581151282887,4,1
13,7,30.0,4,0,1,4,30,4.137421966085635,0,0
0,8,67.1276790809258,3,0,1,3,12,4.537651328016089,2,0
53,5,40.659847825173976,2,1,0,3,25,3.8266213837153353,3,0
5,6,39.830824190211544,5,0,0,5,43,5.0,1,1
4,9,56.071174767597924,6,1,0,4,11,3.21797367961896,0,0
9,4,46.408838392554074,0,0,0,5,17,3.252174448166251,3,0
11,8,36.33279886234969,5,1,0,3,8,3.7769000030247932,0,0
21,4,37.990863590641545,6,0,2,3,48,3.307865270783136,1,1
7,3,68.03317978116837,0,0,3,1,20,3.5421983271151603,4,0
8,5,54.953651017238485,4,0,0,3,47,2.9938592556470436,1,0
11,8,37.29577976882344,7,0,0,3,48,3.2201964759156416,2,0
7,5,81.83910875701494,3,0,0,3,52,2.5651410770632452,4,0
36,6,49.33071551151698,2,1,1,2,55,4.626303627552343,0,1
28,6,,3,0,1,2,39,3.4780259922726167,2,0
9,3,58.378767070579904,2,1,0,4,42,3.862341460737651,1,0
0,11,61.468603907871454,5,0,0,3,23,4.442778797932547,1,0
34,2,60.310934075107156,1,0,0,4,33,3.823323706985896,0,0
1,16,39.31782183732872,11,1,1,4,7,3.188266700565697,1,0
4,1,93.66112736205542,0,0,1,5,43,4.048379097290292,4,0
2,9,48.59185148393571,1,1,1,1,52,4.050489642649647,0,0
2,11,72.38098495198462,8,0,1,5,32,5.0,1,0
24,3,48.13908534580871,0,0,1,4,22,3.778789341434672,3,1
12,5,43.41756576318375,0,0,1,2,12,4.14941311786138,1,0
46,8,80.53882743462529,4,1,2,5,53,3.9342750682266496,0,0
3,7,83.35100718530603,6,1,1,5,52,3.887376368689701,4,0
9,7,66.80515468406334,4,1,0,2,48,4.695546889475452,1,0
56,2,72.10610700551777,1,0,2,3,13,4.662764785899342,3,1
26,3,41.18817357729989,2,0,1,5,13,4.506503077070729,2,0
19,2,69.89147500173243,0,0,2,5,15,2.435407741546265,2,0
3,5,69.73509902313916,4,0,2,3,48,3.5936069023182884,2,0
22,3,66.57804627096766,3,1,0,3,37,3.462773368665185,0,0
6,8,84.69929099104985,8,1,2,4,57,4.47550116542402,1,1
11,7,30.0,5,1,1,4,59,3.4229098152859905,2,0
14,6,57.31199746783801,6,1,2,4,38,3.9152251852745037,3,1
14,6,82.2316914832505,2,1,1,4,25,3.4610041031815846,1,1
19,3,43.314263395811395,2,0,0,4,25,4.129759414350492,4,0
16,4,69.74280356769187,2,1,2,5,0,4.485753975316746,0,0
1,5,52.71249431989591,2,0,1,1,31,4.031569614084991,1,0
9,5,61.3266271309194,5,0,0,3,56,4.4482437810279,2,0
16,3,44.13939895336472,5,1,0,5,14,4.640446659140092,1,0
5,9,93.94365005373021,3,0,2,5,51,4.1909255506511265,1,0
5,5,42.792603338001015,4,0,1,4,20,4.6318227912301015,1,0
1,5,58.047319240191754,5,0,0,4,17,5.0,0,0
8,3,56.1088401125937,2,0,0,2,29,4.35042019954384,0,0
64,2,76.11494974786537,2,1,1,4,59,3.8472053378493123,1,0
5,10,61.04568679258672,5,0,1,4,57,4.861278527777776,0,0
11,2,36.35012716158808,1,0,1,3,12,4.249190813214839,2,0
20,3,50.34959010764047,0,0,0,3,23,3.1418904166905905,3,0
0,17,30.0,15,1,0,4,29,4.1502594116150595,0,0
34,3,61.09215964587413,1,0,0,1,1,4.589680028990576,3,0
7,3,86.71541998329157,3,0,1,3,18,4.20290166766246,0,0
30,4,57.01113427078359,5,0,2,3,46,4.3854675614383165,0,1
0,11,65.100217901555,8,1,1,3,43,4.218503152340121,0,0
2,8,76.53288287753821,7,1,2,2,46,4.9355973347283175,2,0
5,7,49.63899349945936,9,1,3,5,24,3.503870641099618,2,0
6,6,76.49609572052307,4,1,1,4,49,4.223607381893497,5,1
28,4,88.68581602756655,0,1,1,5,13,4.705403605676893,0,0
0,12,33.380640249718994,10,1,3,5,5,5.0,1,0
15,4,77.05454800290283,7,1,1,4,11,4.1950204133601465,0,0
2,12,37.7608541569493,12,1,2,2,19,4.920528627517103,0,0
25,1,48.37855910884703,0,0,1,4,22,4.2136450450271425,3,0
22,1,76.97123852663532,1,1,1,4,29,3.786671050176282,1,0
10,10,64.8324541012824,9,1,0,5,29,4.685877387692344,0,0
3,8,53.117947337418414,1,1,0,4,37,4.408167613398852,0,0
15,3,93.50518658030421,0,0,2,2,57,4.898665414801526,1,1
2,9,55.052753330232164,7,0,0,3,29,4.207882352409144,0,0
3,6,76.44558239934443,2,0,0,4,40,4.667378029703769,0,0
14,8,,8,1,1,4,29,4.570827734076417,1,0
71,0,66.86732373103156,0,0,0,4,56,3.496463513267575,0,1
33,2,67.38012513033645,0,0,2,4,57,3.431197423055217,3,0
13,4,61.205063237214205,4,1,0,5,35,3.3470911893333573,2,1
11,5,38.72100838215925,4,0,1,4,48,4.199960393809911,2,0
90,4,64.15593507600924,4,0,0,3,33,4.370460605082824,3,0
11,9,51.30724642244952,6,0,1,2,15,4.3920582353725885,2,0
8,2,53.132084744409504,1,0,1,3,23,4.505300368122157,1,1
36,3,68.90076682602438,3,0,1,3,13,4.294421936332957,1,0
4,13,67.86763336226139,11,1,1,3,25,3.2760282673082894,3,0
1,12,48.66263158699385,10,0,0,3,7,4.166782876843885,3,0
15,7,63.26271132899758,3,1,0,3,13,4.514861336444956,0,0
1,11,60.305209740408856,6,0,2,3,30,4.966650966838181,0,0
7,10,47.07290817868129,5,1,0,5,1,4.484923348912215,1,0
8,3,47.997068752390575,3,0,0,2,47,4.140189142841607,5,0
11,3,48.236297527946945,3,1,1,4,3,4.159736684102958,3,0
71,2,59.83499180327431,1,0,0,4,0,3.8988472737349373,3,0
3,4,55.437209083250536,3,1,1,5,54,2.805282536751628,2,0
7,2,63.139534548206946,0,0,0,2,19,3.763989812333636,5,0
2,5,46.80525529540772,3,0,0,4,58,4.5845114201751445,1,0
14,2,57.40307670380394,2,1,2,5,13,3.332101816729288,0,0
19,1,58.53464721543757,2,1,0,5,39,3.261610794763868,2,1
9,2,64.89461752518685,2,1,1,5,24,4.317042670100344,2,0
4,11,82.0467713055997,2,0,1,3,59,4.863373333456747,1,0
14,6,76.11441632957211,5,1,0,3,24,3.227254648708587,1,0
11,6,58.8833278194173,3,1,0,5,2,4.15329941612872,0,0
2,6,36.078198746804375,8,0,1,5,4,4.477670807443405,1,0
7,5,52.305076544190385,3,0,1,4,37,3.834920705613384,1,1
8,3,73.81468800025809,2,1,0,4,53,4.213011467946142,0,0
60,3,,2,0,0,3,25,2.410975989422683,4,0
28,1,41.13552645906567,3,1,1,5,39,4.668463173909158,0,1
19,9,56.916670806726366,8,1,0,3,37,3.8713508197350586,0,0
32,1,52.938389918839654,1,0,0,3,37,4.121543786551025,2,1
19,3,78.91212470187088,3,1,2,4,3,3.5229737466915934,3,0
35,4,51.26334504726042,3,0,0,4,6,2.6435132785392748,2,0
0,4,66.2135948300494,2,0,0,3,29,3.0957245902190653,0,0
9,5,,1,0,0,2,29,3.88390609882997,2,0
20,8,41.4208866690566,3,0,1,4,55,4.148714961911779,2,0
13,7,48.830010451666354,5,1,0,3,18,4.415975265883754,1,0
2,5,53.595819816032886,3,1,0,4,38,3.770726137997719,2,0
6,1,62.06614938651698,1,0,0,3,34,2.7752641608206137,2,0
5,6,51.07708298558072,6,1,1,4,39,3.363839510338279,0,0
4,12,39.36578041413023,6,0,1,4,32,3.693320058443744,3,0
6,7,44.89180761524584,6,0,1,2,32,4.118572459544485,0,0
10,8,74.10134694971148,8,0,0,3,13,4.525068354385913,1,0
28,2,91.08147638542641,0,0,0,2,37,3.6285906348259376,3,0
20,4,64.58073207640484,3,1,1,2,9,3.3705032444817293,2,0
27,5,76.18072613044438,4,0,2,5,56,3.2092113346037277,3,0
32,7,65.30929977472209,3,0,1,3,27,4.276922604256269,1,0
8,5,70.47608383530759,1,0,1,5,13,4.0018702142032705,3,1
6,9,71.11054050831379,5,0,1,3,35,3.9240383833021064,1,1
0,10,70.16690791337265,3,0,1,5,37,3.9684939439992015,0,0
39,1,65.33135160928354,0,1,2,5,15,3.4859082235777215,4,0
1,8,62.13754564130329,5,0,1,4,59,5.0,0,0
20,2,53.91398162373395,1,0,2,4,20,3.1231069864285184,4,0
7,7,67.88313125999721,2,0,0,4,27,3.1404778645888687,1,0
44,3,64.65578784545694,4,0,1,3,32,3.741288269279243,1,1
8,5,46.391165015401285,3,0,1,5,5,4.231991371766814,1,0
25,6,77.82921097449855,9,1,1,5,40,3.754129400848534,0,1
4,6,74.87387625858526,5,0,1,5,14,4.702443359323325,0,0
5,6,62.899324195414444,1,0,2,2,43,3.285690097905579,0,0
13,5,77.66761078662198,3,0,2,5,2,3.991275844894805,0,0
90,0,70.91141652449585,0,0,1,5,42,3.6414661505331374,3,1
10,6,53.398091082680814,3,0,1,3,46,4.217669494916356,1,0
41,1,32.77295908173426,1,0,1,2,34,3.790509395508166,2,0
23,4,32.26531232675634,1,1,0,5,13,3.9281343763424417,0,1
23,4,78.93501047338,3,1,2,4,1,3.5873818103848567,0,0
8,5,59.57582555078255,0,0,1,5,28,4.096026601300403,1,0
7,7,,5,0,0,2,3,3.3870469382498882,0,0
3,7,50.10673879413989,4,0,0,5,25,3.142753381357675,2,0
49,4,60.954504511679374,3,0,0,3,50,3.504260688151519,0,1
48,1,73.72018175568576,0,0,0,3,11,3.2153147745788146,4,0
20,2,,0,0,0,3,1,4.011803140580038,1,0
5,6,61.419785315716574,8,0,2,5,16,5.0,1,0
4,11,99.87084589818616,6,1,1,5,34,4.327181942590199,0,0
67,1,87.22480868043621,0,0,2,4,9,4.01900866876511,1,0
1,2,30.0,0,0,0,4,47,3.632582195257638,2,0
27,5,,1,0,1,5,21,4.0873704625632215,3,1
6,5,87.0889346430221,3,0,1,4,40,3.6007325497553664,3,0
8,2,73.43929457282849,1,0,2,5,42,3.4541435237962794,0,0
26,3,60.7714200580775,1,0,0,4,20,3.703861005204478,0,1
1,7,67.92699554017071,1,0,1,4,14,3.816020397544415,1,0
6,4,55.25410874368674,1,1,0,4,34,4.520944880615784,3,0
45,1,50.012660586337546,0,0,0,3,47,4.040264095184893,1,1
18,7,,2,0,0,5,20,4.958850690985237,0,0
21,2,58.54614528938225,3,0,1,4,20,3.6616287570239967,2,0
21,5,72.96798182383621,3,0,0,3,20,4.420685502652261,0,1
0,8,51.76971594855529,9,1,0,5,59,4.27641292340938,1,1
3,6,70.69287826736621,6,1,1,4,43,3.340528069632887,1,0
10,3,64.67993512453577,3,0,2,4,31,4.059924687230915,3,0
6,7,39.98062666164646,4,1,0,5,54,3.9054987849805753,0,0
7,5,82.11454028978048,2,0,1,4,4,4.360766778849284,1,0
22,4,38.8828949725303,1,0,2,2,38,4.9564555315034,2,0
0,11,79.9646332931863,10,0,0,5,8,3.9067267925306908,1,0
16,6,66.82380216818947,4,1,0,4,52,3.672527675896991,3,0
0,5,69.60994383784889,4,0,3,3,17,4.31802147577726,2,0
0,6,52.60585734691947,2,0,2,2,20,4.089555007332,3,0
7,5,54.46610633976026,2,1,1,5,7,3.5166287834229597,0,0
27,1,60.05764683943824,0,1,1,4,43,4.99023559035576,0,0
2,7,,5,0,0,4,51,3.480447394212261,0,0
12,6,68.62833677512072,2,0,1,5,33,3.96562942744896,2,0
17,4,54.62341290509886,5,1,2,5,9,4.848493060359825,0,0
3,5,30.0,6,0,0,3,50,3.668272761757802,2,0
10,7,88.31041355243964,6,0,1,3,40,4.6547000684021,1,1
36,1,63.976780081299765,1,0,1,3,56,3.375614550067373,2,1
10,4,,2,0,3,5,23,3.9347052387486166,1,0
2,7,49.63475571219902,3,0,1,1,39,3.7967427324028615,0,0
14,6,64.98501049807905,3,0,0,4,23,4.7989677606066365,0,0
13,6,,0,0,1,5,55,4.235976024437946,2,1
0,9,38.19040986978522,9,1,0,5,31,3.8001528281912034,2,0
1,7,69.05414720565852,3,0,1,3,55,3.7724239299661817,2,0
2,8,44.109968963935984,1,0,2,5,32,4.756599014238705,1,1
2,7,40.7038551954137,3,0,1,2,37,4.491628046409011,2,0
4,3,46.792586855256985,4,0,0,5,43,3.145100642386207,2,1
9,2,91.5090331441198,0,0,1,2,56,3.908206651033118,2,0
6,12,71.7504647536238,7,1,0,4,55,3.134242627721016,1,0
33,1,59.735060292627175,0,0,2,5,50,4.591939224901099,2,0
14,2,85.5351204144859,2,0,2,2,58,4.983889043875968,0,1
31,3,46.16111215716101,1,1,0,3,48,3.31636547097212,2,0
11,6,44.59942975280343,5,0,1,5,33,4.83038405212189,2,0
1,10,46.25336899398169,8,1,1,5,10,3.4707999521266544,1,0
9,2,88.16955844993618,4,0,0,4,30,4.043680718154624,1,0
25,4,73.02941777299164,4,0,1,5,17,3.9992440831405767,3,0
3,6,47.763657656677104,2,0,0,4,22,3.246738075488722,2,0
1,11,49.62437784120828,9,0,0,3,59,4.068712874111734,0,1
5,8,64.24730460210327,7,0,0,3,21,4.273369790573647,2,0
7,5,42.99565577762169,0,0,0,3,42,2.6734836494103265,3,1
5,7,,7,1,0,5,17,4.940407840983657,4,0
2,13,,13,0,0,4,39,4.328520549610571,1,1
4,9,58.96436647710047,10,1,1,4,46,3.2525331001413758,2,1
17,2,72.23346754070033,0,0,0,4,40,3.3032807390472696,1,0
7,10,86.14404288596528,9,1,0,5,46,4.802800372027929,1,0
15,5,,5,0,1,3,38,4.555819371769,0,0
11,6,68.99945209553384,0,0,2,4,19,4.4437169651987505,0,0
11,7,70.16706611077446,4,1,0,4,12,3.6571794812580753,1,0
4,11,56.52464795814614,8,0,1,4,44,4.264871291779323,1,0
11,5,51.1111254720741,8,0,2,1,0,3.8691950186058817,3,0
0,7,51.09389982677874,4,0,1,5,51,4.249397654461939,1,0
8,7,32.20480297118094,5,0,0,5,3,4.6581150102443445,3,0
12,7,71.68422931295889,5,0,0,4,23,4.688422800054444,3,0
3,3,48.53488414523723,1,0,0,5,35,3.5363058675028167,0,0
4,6,34.969065398353976,2,0,0,5,35,3.9646576451469384,0,0
3,3,64.84259100368793,1,0,1,5,44,4.6111724948993205,0,0
1,11,64.70208885186202,8,0,1,3,1,4.440543536766239,1,0
6,3,72.70459211576647,0,0,1,4,27,5.0,2,0
57,4,87.26228499078631,0,0,0,4,25,4.455272124714117,0,0
6,9,60.60352311384561,4,1,4,4,22,4.681058752023298,0,0
9,7,55.509916837876375,4,1,1,5,14,4.697687981560406,0,0
15,4,,0,1,0,5,35,3.7803084285361255,0,0
15,3,55.58539237227962,2,1,0,5,26,4.135225801328941,0,0
44,0,48.93351019413066,0,1,0,4,5,3.151224193551052,4,0
29,8,53.49122015911998,7,1,0,2,34,5.0,0,1
23,3,,1,0,1,5,38,2.8939454634072335,1,1
45,5,44.41786806625139,6,1,2,5,37,4.088622945008495,0,0
3,6,86.05068298743723,3,0,0,2,34,5.0,3,0
14,8,80.78398447569799,3,1,0,5,35,3.7153478286459367,0,1
32,2,32.05676542780763,4,1,1,5,9,4.728889793025793,4,0
14,8,64.76781503432699,5,1,0,4,29,3.6054502712998633,1,0
56,0,59.025722832226926,0,0,0,4,52,2.8554626124955247,4,1
1,7,62.17391919214572,2,0,0,4,40,4.9799485851583105,2,0
8,6,38.23529066676174,3,0,0,2,37,3.347723521649929,6,0
56,2,32.28921145807743,1,0,1,3,28,3.0325820267666783,6,0
7,11,59.1728913431347,9,1,0,5,51,3.5504038710096237,0,0
20,4,54.453698472926675,4,0,0,1,58,5.0,0,0
0,12,51.758899834580376,14,1,0,3,42,4.9411280182323445,2,0
17,3,56.89680060904396,0,0,0,4,38,3.6721390292152822,1,1
40,8,68.99572257711361,9,1,0,4,49,4.3872963310419895,3,0
7,8,73.22020843194679,6,0,2,5,3,3.8125379605681484,2,0
0,17,45.28321423899796,15,1,2,3,4,3.8582535031371683,1,0
0,9,46.68762103329218,9,1,0,3,3,4.676549274561926,0,0
33,3,62.250036789785156,2,0,0,5,35,3.7995019944622506,1,1
19,4,78.34416040608458,3,0,1,4,58,3.877199762439693,2,1
1,7,56.79292903439812,3,0,0,3,44,4.866953563648792,0,0
0,7,62.173345148037924,4,0,1,4,15,4.2475685476244065,0,0
24,2,,1,0,1,2,24,3.269869002436819,2,0
24,2,30.0,1,0,2,3,13,3.573378934915508,6,1
1,10,94.69903838658564,7,0,2,4,10,2.7879549719261862,2,0
5,8,64.15777283723406,7,1,0,4,28,4.270186673905193,0,0
22,4,44.727658995704886,5,0,0,5,33,4.037792796788112,2,0
11,12,30.0,4,0,0,4,21,3.684994410232827,1,0
47,3,81.68662773404668,0,0,1,4,13,4.439073551561341,1,0
9,5,,1,0,1,4,55,3.467097804313158,3,1
16,1,45.82048589787004,2,0,0,1,23,3.9880684215376574,0,0
10,3,49.24889093610999,3,0,1,5,58,3.509396297971515,4,0
42,2,62.05971805646599,5,0,1,3,38,4.586532984997464,2,1
7,3,,1,0,1,5,25,3.124816719577531,1,0
3,9,55.50440951141062,5,0,1,2,42,3.9923886657801715,2,0
5,5,,2,0,2,4,35,3.538321338702911,2,0
28,3,94.46498448146127,2,1,1,2,38,4.957835435758557,2,1
10,4,52.62707917307479,4,0,0,5,60,3.790078333307359,3,0
6,17,60.16069225329167,13,1,0,4,15,3.8128099882963906,0,0
11,6,37.48824766185835,7,0,0,4,57,3.5922749233131315,3,1
2,4,68.68812480440955,3,0,0,2,37,4.625522681969145,2,0
0,13,76.37383959696564,6,0,2,5,58,4.554006305266147,1,0
4,6,47.09785967932748,1,0,0,3,31,3.614540637211145,1,0
13,9,32.394943503059025,11,1,0,5,5,3.9287236992588412,0,0
18,5,54.2732638961781,7,1,0,3,33,4.799751828380259,0,0
26,2,88.44217467708106,1,0,3,3,55,2.5308373898924827,6,1
39,2,50.39073427256886,1,0,1,1,7,4.262848526893965,2,0
7,2,97.99149884916724,2,1,3,4,29,4.043584481647025,1,0
20,3,51.58952243028079,0,0,0,4,26,3.4998386798519068,0,0
1,7,32.62967934535466,3,0,0,2,6,4.244873760616983,2,0
0,8,52.3502154952207,3,0,1,5,26,3.706642137257215,0,0
1,8,31.935894271087427,1,0,0,4,24,3.1681449513603988,1,0
8,3,49.21229102975461,0,0,3,4,55,3.6339946478905873,3,1
3,8,65.73244311872173,6,1,0,4,45,4.050608204303058,0,0
5,8,53.02647677311081,9,1,0,4,40,5.0,0,0
15,4,76.51658004262048,0,0,0,4,14,3.2503860676549756,2,0
6,5,51.95967725073631,3,0,2,3,24,2.810231073302192,2,1
12,6,37.624460738589136,7,1,0,3,21,3.1950183956344382,1,0
7,2,62.21692817798672,1,1,1,5,17,3.942049362074404,1,0
2,7,57.774356235019745,4,0,0,5,11,3.415979360171354,2,0
1,3,59.64595116422527,2,0,0,4,22,3.0188586527043944,3,0
4,7,40.8987641979745,2,0,1,3,50,3.933267421197811,1,0
0,5,64.01664355812993,5,0,2,4,44,3.7326337577318323,1,0
14,3,80.83317635017723,2,0,1,4,38,4.582735721888994,0,0
23,4,40.28834643842506,4,0,1,1,24,4.410012228742313,2,0
6,7,31.34512152392374,3,0,0,3,9,3.726122711920712,2,0
7,6,36.83738421713558,3,0,2,5,29,3.6791423332896747,4,0
25,2,59.56943564201369,0,0,2,5,9,5.0,1,0
3,14,35.88474448051226,11,1,1,1,33,5.0,0,0
1,8,64.89707345745386,5,1,0,3,45,5.0,1,0
10,4,65.34927712544861,6,0,1,3,12,4.118896308900004,1,0
15,2,65.51096288478199,0,0,1,5,53,3.568204884242703,3,0
13,4,98.83533554683561,1,0,0,1,28,3.2308660445126183,1,0
18,7,32.01548908935362,4,0,1,2,37,4.7143619357337565,1,1
0,12,34.389891732080955,6,1,0,5,40,4.604936107512646,0,0
8,5,79.1786351375076,2,0,1,3,44,3.668161058921788,1,0
4,7,67.98931423975986,2,1,2,5,8,4.326449365700516,1,0
21,4,77.21559727150822,3,0,1,3,12,3.3860740548869583,4,0
30,4,30.0,1,0,0,2,36,3.250786741108632,4,0
4,5,39.60250341038855,5,0,2,3,13,4.325843590796498,1,0
1,7,74.6806326921559,5,1,1,5,36,5.0,1,0
4,2,57.49327459562223,3,0,1,5,8,4.827632403556458,1,0
1,5,79.71284845728435,5,0,1,5,7,2.872176562850049,0,0
5,5,53.74629061176809,2,0,1,4,38,4.41211497764113,0,0
11,10,56.81969781259505,4,0,1,5,39,4.218564036287419,1,0
54,3,94.35552004908965,1,0,1,3,53,3.8990171434230687,2,1
7,4,44.39121744554054,1,0,2,3,2,4.143567091372946,0,0
3,8,71.11026587393651,7,0,2,5,54,3.9695445661454385,1,0
2,4,36.48894369727866,2,0,0,1,55,2.56550495792403,1,0
2,7,47.0077809435542,6,0,1,2,46,4.459509158541595,1,0
3,6,71.06070984884006,6,0,2,3,39,4.373402557833604,3,0
21,0,38.77915423599458,0,0,2,1,32,4.004097452225914,3,1
0,11,73.1470982684837,12,1,2,3,31,4.0247459748911805,2,0
89,1,56.68939764880251,0,1,0,4,6,2.9713573408285114,2,0
11,6,45.3699852197675,1,1,1,4,18,4.276151767806323,0,1
11,4,58.39348939537248,3,0,1,5,33,3.5764897216685076,4,0
6,0,51.21212405989067,0,0,1,5,13,5.0,1,0
17,4,49.32740034399107,3,0,3,3,49,3.8129652084589307,0,1
9,4,52.578421924261626,1,0,0,3,46,4.840428356958856,2,0
5,7,39.109461953054435,3,0,0,4,45,3.997096248161319,1,0
4,5,,2,0,1,4,55,3.131078406705841,2,1
38,2,30.0,3,0,0,3,56,3.798539286327162,1,1
5,5,67.55157576324221,4,0,1,4,18,4.05802755984687,1,0
8,6,66.48389843374453,4,0,0,4,50,3.916884248413414,0,0
6,5,48.09516614840762,4,0,0,4,53,3.975366402749487,0,0
1,14,58.0571221205732,9,1,3,4,58,4.600445623171451,0,0
3,7,80.7787754016592,1,0,0,3,25,4.171165942302262,0,0
3,6,50.6079716304903,6,0,0,5,16,4.423294082463914,2,0
17,4,55.99290900927615,3,0,0,5,53,4.2677239512862615,3,0
7,4,89.0788567730975,4,0,0,2,27,3.9379462621256196,0,0
22,8,65.81932962174498,5,1,0,5,18,3.4863452300822804,0,0
18,1,73.58158127280535,1,0,0,4,26,3.770754467727002,3,0
3,8,70.65031119628583,5,0,1,5,47,4.614697578795056,0,1
12,4,67.58122881984494,5,0,1,5,51,3.441963830922978,3,0
20,4,49.11837834340173,3,1,0,4,56,3.8240406408306127,0,1
15,5,,1,0,0,1,18,4.340864425363173,1,0
13,7,70.11502944265693,3,0,1,3,32,4.932773078206247,0,0
20,4,67.85091227140643,4,0,0,4,50,5.0,2,0
0,8,63.48011303333585,7,1,0,4,6,4.512947514907784,0,0
19,7,64.37742778149408,4,1,0,3,28,4.311585238200102,0,0
4,4,48.41564268961727,0,0,0,2,54,3.73157601797599,0,1
12,5,42.33321423581002,5,1,2,5,42,5.0,0,0
4,6,49.00278543530625,5,0,1,5,4,5.0,1,0
27,4,56.238463414901744,7,0,1,4,29,4.312399105557899,0,0
9,2,51.077212323723074,0,0,1,3,48,3.402022889052947,1,0
15,2,83.51863321495475,1,0,0,3,42,2.7808540906328254,1,1
23,2,82.13532818155097,0,1,2,1,55,3.8811242915514517,1,0
33,3,72.78772226172623,2,0,2,5,57,3.5336705543080953,0,0
19,7,78.30910943370314,4,0,0,2,7,4.995870821122533,2,0
2,5,40.59067492774593,1,0,1,4,41,3.3163889970830747,6,0
28,8,70.76744805926015,5,0,1,3,11,4.192747205888956,5,0
14,3,59.466462665151006,2,0,0,4,41,4.248474790855649,2,0
14,7,53.08973081661879,5,1,0,5,12,3.0438816341428128,1,0
38,3,55.75898816362138,1,0,0,5,25,3.9144721024973363,2,0
4,4,55.94589229718502,0,0,0,3,17,4.2611382565650935,1,0
4,13,54.3139606422032,11,0,2,1,41,4.947639051277626,0,0
10,7,50.77104354659076,4,0,0,2,50,2.6565055808105282,2,1
20,5,39.89105020862179,3,1,0,5,51,5.0,1,1
8,4,36.41731773783536,5,0,2,5,48,3.7895628451813588,0,0
15,6,66.02561961761971,2,0,1,4,19,3.1081495510901016,0,0
9,5,30.0,2,1,2,4,15,4.085061201400198,1,0
14,3,89.18103980820811,1,0,1,5,36,3.8409055518512405,2,1
25,1,50.67505136223903,0,0,1,3,2,3.479778389827435,3,0
2,7,33.00318000586256,4,0,1,5,26,4.197889054344721,0,0
17,10,67.83260701437484,7,1,0,4,14,5.0,0,0
23,3,,3,0,1,4,57,3.3194501457835206,1,0
8,6,45.78336473773863,3,1,1,4,33,5.0,1,0
5,7,51.387498423060904,2,0,1,1,44,4.64278339202153,2,0
0,5,58.663637542857096,2,0,1,3,21,4.505004348464988,1,0
23,6,76.26280495791612,5,1,0,5,39,3.6725072621978843,0,1
5,6,30.0,4,0,1,2,22,4.327761369059419,1,0
6,13,,6,1,2,4,58,5.0,0,1
6,4,84.68596851602894,1,0,0,3,48,4.250379540917598,3,1
10,5,47.77850171474811,2,0,1,4,3,3.2088491295824726,2,0
18,3,71.22162346773354,1,0,2,3,50,3.047861299617904,1,1
22,1,70.07066506345716,0,0,0,4,53,2.870327067145884,2,1
7,10,88.2201649671124,8,1,1,5,56,4.908480172700786,2,1
16,2,63.52094688452612,2,0,1,3,40,3.2204788128206956,2,0
19,3,70.55277814303248,0,0,0,4,22,3.9795184301093385,2,0
5,9,75.97935615430599,8,1,0,4,46,4.688843844274022,2,1
1,9,69.25880190001025,5,0,3,5,59,4.480268438082044,0,1
33,3,46.60635645500936,4,1,1,5,8,3.0184683304156916,0,0
16,0,49.07087850800075,0,0,3,5,23,3.5086032076188554,1,0
15,4,64.00997395511004,3,1,0,3,20,3.997727110353969,3,0
0,10,73.01253894174437,7,0,0,1,40,4.0202931339667165,1,0
25,5,65.07210618703039,5,1,1,3,45,4.82444974337835,2,0
12,11,44.45630162665868,6,1,2,4,54,4.02882298101004,1,1
28,8,56.32000648025303,9,0,0,2,52,4.2649927004981025,3,0
55,3,39.1939004044514,1,1,0,4,15,4.310169734063819,1,0
47,2,68.81901424744744,0,0,0,4,55,3.830640502384773,1,1
29,2,89.69168010395285,1,0,2,3,54,3.9408460612562033,1,0
0,8,67.9025091696744,11,1,0,5,24,4.080399938704818,0,0
32,4,30.6676269691767,1,0,1,2,25,5.0,1,1
1,6,61.575880418852684,0,0,1,2,48,4.732244874340927,1,0
28,7,59.78119047725726,8,0,0,5,44,5.0,0,1
4,6,52.04259569458258,3,0,0,4,8,3.9048751873078196,2,0
14,5,30.0,4,0,1,5,14,2.959789119119625,1,0
0,11,67.1784061700742,6,1,0,4,38,2.9026186115099657,1,0
22,2,74.2134371430964,1,1,0,3,32,3.1620963175470824,1,1
1,11,46.74020937181128,2,0,0,5,0,4.560541752466458,1,0
7,7,46.59401321949224,7,0,1,5,4,4.599306092581696,1,0
25,5,55.238164901903595,2,1,1,5,55,4.421184253938882,2,0
17,5,,2,0,0,3,8,5.0,3,0
0,13,55.74843890715944,3,0,2,4,43,3.6403084899648985,0,0
7,6,48.5130127142653,6,1,1,4,5,4.098532799109231,0,0
0,5,54.00878544366729,2,0,0,2,27,4.341373984216247,4,0
16,6,68.68405353197994,4,1,2,5,44,4.189576640036389,0,0
52,1,30.0,0,1,0,2,25,3.1291614703517077,1,1
15,3,56.52262613389347,1,1,0,5,27,4.584969925337507,0,0
3,6,54.78286345213083,6,1,0,4,39,4.035044871163205,0,0
6,3,58.378170232141265,3,0,0,3,14,3.541468851796803,4,1
56,2,49.565101236763056,2,0,1,4,5,3.22291476545558,5,0
3,12,40.03695120532147,9,1,2,5,26,3.8306698329145563,1,0
12,6,73.98410789570646,2,1,1,5,37,4.6224176123478395,0,1
7,1,32.42466344366807,0,0,0,5,3,4.768487958836261,0,0
21,2,83.47117333168347,1,0,1,5,10,5.0,3,0
30,3,65.21691265219538,2,0,1,5,20,3.549977569648493,2,0
6,5,70.21837150505573,3,0,2,5,29,4.360892295133595,0,1
16,3,60.947173425539596,1,0,0,3,17,4.450435186273618,2,0
11,4,77.67454180270951,4,1,1,4,34,4.933841342568667,1,0
4,7,68.04429709620047,6,0,3,3,2,3.363832293606229,3,0
4,11,79.57151806330553,6,0,1,5,11,4.221151912475643,0,0
11,8,72.68990248181878,5,0,2,5,26,4.132734715679705,1,0
2,8,76.76781023526249,3,0,2,1,52,3.8272333500912454,0,0
24,2,49.2784716362847,2,1,0,5,29,3.644316478909947,1,0
1,20,54.29011947361653,15,1,1,5,20,3.9174756843326866,0,0
1,7,60.241372688737414,7,0,1,3,37,4.622215831691819,3,0
6,6,60.05193452569339,3,0,0,4,20,3.831308657918363,2,0
1,4,68.62931974431521,3,0,0,5,59,3.47888904711037,3,0
9,6,48.75459293430879,4,0,1,1,37,3.37020678766097,2,0
7,10,59.90622434973965,8,1,0,5,39,4.300057093825296,2,0
19,4,69.40620330350804,2,1,0,3,14,4.95433158141981,2,0
45,2,31.26833093439891,1,0,3,5,17,3.3698044752396252,6,0
21,4,75.85099641649558,4,1,1,5,51,4.208533156088032,0,0
2,8,90.67494092493718,10,0,0,5,28,4.4696685756736905,0,0
41,2,46.269533523497394,1,1,1,4,47,3.9571914806727735,1,1
7,6,82.19500782793143,5,0,0,5,37,3.203123253473011,0,0
9,5,63.399059830458135,5,0,0,5,59,3.6238674129844197,4,0
8,11,46.71733776474867,7,0,0,3,20,3.8312699346189247,2,1
4,5,72.4161787998517,2,1,0,5,16,4.53125672351537,0,0
33,2,89.09472871369351,1,0,2,1,40,3.9187940261784995,4,1
6,7,53.953526421089364,3,0,0,4,50,3.8243600262439896,3,0
12,1,,0,0,0,3,17,3.8940599782271024,4,0
4,12,,9,1,1,2,56,4.326640551365711,0,0
23,6,57.829489495737995,4,1,1,2,54,3.443192471886239,1,1
22,3,62.44869964576291,2,1,0,5,36,3.731463043782021,0,0
5,8,87.21384869851119,4,1,0,3,59,4.41869473997626,0,0
17,2,87.90752081359201,1,0,1,5,37,3.472708177491566,2,1
18,4,50.05324740308519,2,0,0,2,11,4.859994138222284,1,0
12,7,72.11447277542507,6,1,0,3,10,3.9622970503848545,0,0
13,5,42.736273343827406,3,1,0,4,47,3.5320976813961136,0,0
12,5,61.09404544292916,2,1,1,5,51,5.0,1,1
1,13,58.05061713565784,5,0,2,3,48,4.625134195323196,0,0
16,7,46.85799323370647,0,0,0,4,19,5.0,2,0
9,4,58.194939567332895,1,0,2,5,8,4.365950368067753,0,0
8,4,72.64674318062015,1,0,2,4,0,3.717434040881328,0,0
29,3,76.44584077032414,0,0,1,3,57,3.969794571826819,1,0
0,9,57.825725928022116,6,0,1,1,2,3.9931057643308234,0,0
4,9,58.694089137378825,9,1,2,5,20,4.985899061662373,0,0
1,7,32.40960761615581,5,0,1,1,22,4.119125686184977,2,0
0,7,64.10794327432482,4,0,0,5,8,5.0,2,0
4,7,56.017656722999796,4,1,1,4,53,4.369735214039738,0,0
66,2,58.644313673572405,1,1,0,5,18,5.0,1,0
4,8,,7,1,1,5,44,3.9889591992613034,0,0
16,3,45.7664633284342,1,1,3,5,54,3.5522273149115797,0,0
1,3,46.89905634359422,1,0,1,4,45,4.156146376608911,2,0
13,1,49.849731551105194,0,0,0,5,51,3.556469794311756,2,1
62,1,40.09865250433285,0,1,1,4,18,4.7103194598775255,1,1
5,9,64.37139880042375,5,1,1,4,22,4.610723048133,0,1
28,0,68.40694979208898,0,1,1,4,26,3.318194711361646,2,0
90,1,57.933748147424275,0,0,2,5,26,4.093622493330239,0,1
13,7,62.65079459487196,2,0,0,5,38,5.0,1,0
5,5,56.55748281582801,4,0,0,5,35,4.559894448265797,2,0
16,5,77.13477723777658,2,1,1,4,11,3.3199864875532232,0,0
27,1,60.81081618421196,0,0,0,4,54,4.989047121693159,1,0
2,7,64.16492489949154,6,0,1,5,26,4.491725711660857,4,0
9,7,72.05380040151181,5,0,0,3,45,4.371251355043631,2,1
5,6,59.64198492082504,2,0,0,2,33,4.649301579036082,4,0
4,7,80.8967999441258,2,0,0,4,32,4.189404614012316,2,0
29,6,50.03010174128593,4,0,0,3,27,3.7284527613786542,1,1
8,16,85.8908097996274,10,1,2,3,30,5.0,1,0
6,9,57.04881945693912,5,1,0,3,31,3.4839608313136416,1,0
13,4,50.210722096239834,2,1,0,1,49,3.3811916043497967,3,1
3,6,36.468173143792626,4,0,1,1,19,5.0,1,0
3,5,73.07298389158422,2,0,1,5,39,3.673091254265318,0,1
11,6,54.51778501029197,2,1,0,4,34,4.36775837892226,1,0
7,6,62.153586558861505,5,0,0,4,30,4.278388777566722,1,0
5,9,63.918729710754505,6,0,0,5,57,3.2884604859814175,2,0
0,10,52.6847027473639,6,0,0,3,30,3.8338350000150787,2,0
11,1,76.1009835345247,0,0,2,5,37,3.166412155277896,1,0
25,2,66.82317814591688,1,0,0,5,21,4.159788476872428,0,0
28,3,47.2248325464569,0,0,0,2,44,3.6182983408209353,1,1
4,5,39.8379264688175,3,0,0,4,40,4.516892409483202,2,0
13,3,71.7186867372663,3,0,1,5,8,5.0,0,0
29,3,56.383808458431986,1,1,2,5,51,3.682315005778366,2,1
7,5,70.46857730897551,5,1,0,4,8,4.591713353935275,1,0
40,5,56.25560623811743,2,0,0,4,14,1.6732175363728476,2,0
34,4,63.182199879670286,6,0,1,3,12,4.191632088993962,3,0
3,9,72.08130701040803,9,0,1,5,21,5.0,0,0
4,9,37.48181408895498,3,0,1,3,15,4.050349089938315,0,0
2,4,85.29148527529811,2,0,1,5,31,2.7356769277207063,2,1
3,8,65.63444428800295,3,0,2,4,1,4.496851705830549,1,0
35,2,,2,1,2,4,25,3.982725816600876,3,0
40,3,80.22181765486818,3,0,0,4,13,4.405819346264563,1,0
0,12,74.8299931555899,9,1,1,3,58,4.471776153377552,0,0
13,10,57.1514787120869,6,1,1,3,37,4.3697809042206845,1,0
12,4,,3,0,1,3,33,3.2965795489835226,1,0
7,8,,5,1,0,3,7,4.6889707119256245,0,0
14,1,58.04650257127071,2,0,1,5,35,4.857658957554649,2,0
44,1,,3,0,0,4,20,3.2362859183631443,1,1
2,7,67.81321325105127,11,0,2,2,55,4.0613860139890265,1,1
1,16,76.25850387041535,10,1,0,5,45,4.0426483835896505,0,0
0,6,72.2527347378697,4,0,0,5,42,3.7765707862346884,1,0
6,8,39.21350530204887,4,1,1,5,55,4.180067777109226,2,1
6,8,64.48599851915247,4,0,1,5,27,4.41639303534632,0,0
8,5,63.107416888124064,4,0,2,3,45,3.9080074427920155,0,0
10,7,77.78729360617065,8,1,1,4,43,4.890617353674466,2,0
21,3,82.51385110892406,2,0,0,5,47,4.594188645532935,0,1
7,5,79.34667395027975,2,1,1,5,5,4.513790461073666,0,0
6,20,52.90383889615519,15,1,1,3,19,5.0,1,0
26,2,38.44375510252609,0,1,1,5,30,3.9154109354774866,1,1
28,2,67.49585596050538,1,0,0,3,32,3.347397652017355,4,0
3,8,,5,1,1,3,43,4.645922043601501,0,0
5,5,44.22363037676012,1,0,2,4,6,3.6808497956185557,3,1
26,1,49.556051453934074,0,1,0,4,7,4.980597096257968,0,0
1,5,59.11524219961897,5,0,1,4,8,3.7686193052337864,3,0
5,5,63.87252600513251,2,0,0,2,1,4.615636141670584,1,0
8,8,51.659793889166,10,1,0,5,16,3.5915295308039656,1,0
3,5,,0,0,1,3,51,3.525473663369739,1,0
2,7,58.90598225604668,4,1,2,2,44,3.898421798374805,0,0
8,7,,10,1,2,5,36,4.367806334100447,0,0
21,2,45.36170722569186,1,1,0,5,41,4.567112428528562,1,1
27,2,49.52805144681507,2,0,0,5,43,5.0,1,0
58,1,80.22898252445952,1,0,2,5,16,3.6596422872305028,2,0
1,7,56.11407533709021,3,0,2,5,52,4.230594832377542,0,0
3,5,67.14672666393484,0,1,1,4,37,3.9921139195359987,0,1
21,7,41.729810129746895,3,0,0,2,34,4.085324478217185,1,1
11,6,77.81613880214381,6,0,1,4,59,3.4521281138191267,4,1
5,5,77.27376536310045,6,0,0,4,46,2.9841119830365317,4,0
3,9,64.48341475293113,9,0,1,3,38,4.288307474760888,0,0
4,9,50.79021517516482,6,1,2,5,29,4.0183511367186275,0,0
8,10,38.45588990663271,11,1,1,4,5,4.666139330919949,1,0
2,10,94.11487905141136,8,0,1,2,3,3.7341928890423617,2,0
49,2,53.917945109955625,1,0,0,3,50,3.5617763910635305,1,1
1,13,38.49446092541264,8,1,0,5,36,4.519704939512524,0,0
63,0,51.04991579364049,0,0,0,2,34,2.9623234813165515,5,1
27,5,65.98943882390415,5,1,1,5,57,4.356834904502636,1,1
8,8,41.288700285178,7,0,0,4,56,4.602705058214806,2,0
20,6,51.14408010351204,6,1,2,4,8,3.83839442969309,0,0
16,0,38.38585823107432,0,0,0,4,5,2.833380873017945,1,0
3,7,81.64829408549447,6,0,3,5,12,4.511992589519017,1,0
6,8,58.75695583810767,1,0,1,3,58,3.978631801725953,1,0
10,6,38.21502602715151,2,0,1,5,21,3.449410617319943,0,0
15,6,46.498678987547635,7,1,0,4,27,3.1672080875951147,1,0
11,3,50.32244490775951,2,0,1,3,29,4.25083560594485,1,0
9,6,60.345563952963865,2,0,1,5,51,3.369745673068051,2,0
8,6,46.3267108296647,3,0,2,5,35,5.0,0,0
10,4,54.522864752300116,2,0,0,5,1,3.520002885269875,0,0
8,8,50.440179966128426,4,0,1,5,57,4.252468867744636,2,0
11,3,38.45056800291455,3,0,1,5,35,4.091579157611861,1,1
32,2,46.27311904908082,1,0,3,5,7,2.9213497402728135,3,0
15,5,48.425831123055154,4,1,3,5,44,5.0,0,1
19,4,41.710100375134935,3,1,0,5,41,3.4415759006091506,1,0
13,2,38.34774418474686,2,0,1,5,49,5.0,1,1
15,5,51.07237402394716,2,0,0,4,8,3.425327346585042,1,0
12,3,72.96951603757559,4,1,1,5,0,4.979670068414838,1,0
0,5,57.7810957703291,4,0,1,3,12,3.755442454853938,0,0
90,0,30.0,0,0,1,5,49,4.502254235325004,2,1
0,9,75.15162164068595,7,0,1,5,14,4.237108251344788,3,0
7,4,49.60475470141075,1,0,0,1,31,2.760435971492557,3,1
1,12,81.5692376552489,8,1,2,5,33,5.0,0,0
1,10,72.10112170623081,11,0,0,2,42,3.3495033023622565,2,0
23,5,55.40015748510301,0,0,0,3,60,3.8521894605336775,3,0
8,5,57.074417562344614,3,0,2,5,30,3.4312983338334,2,1
24,6,42.88656836809992,2,0,1,3,13,4.2293030934205245,0,0
4,5,69.77270978558144,1,0,2,5,53,4.400207613893569,2,0
4,4,84.24830436301373,4,1,2,5,46,3.944087729531193,0,0
4,7,49.0961635625348,5,1,2,4,13,3.411736384849692,0,0
14,2,50.9554526756405,2,0,1,1,47,3.5912111261556303,1,0
25,6,89.60377379919007,3,0,0,3,54,4.2568684710563325,0,1
9,4,61.29469168568753,2,0,2,4,28,3.441902230800971,1,1
7,7,37.1394996094736,5,1,0,5,46,4.5827072462288685,1,0
54,1,39.54215000487473,1,0,0,4,18,3.0959883238894643,3,0
1,3,85.56408511440857,2,0,1,3,26,4.336853972778664,1,0
10,9,67.10547943214002,6,0,1,4,8,3.5932172016251887,3,0
7,7,44.24611094007915,8,1,0,4,36,5.0,0,0
1,6,65.05942816437127,3,0,0,5,36,4.4237232205406825,1,0
4,5,,3,0,0,2,42,4.719489470996001,0,0
0,7,31.198778427525752,3,1,1,5,27,3.959526094098687,0,0
31,4,54.81750310922902,4,1,0,4,51,4.4482670344878645,2,0
14,6,59.86911748260147,5,0,1,5,56,3.8775976325892554,3,0
25,3,,1,0,1,3,23,3.887996454686738,1,0
11,6,41.14666193545679,3,0,0,4,27,4.3734765213255455,1,0
13,3,44.97396552735035,5,0,1,5,35,3.1100113392750175,2,0
18,6,56.93496120325465,4,0,0,2,51,3.8752002444944007,0,0
35,3,61.93013775748747,6,1,1,5,17,3.576190268673624,1,0
1,7,38.356842698206364,5,1,1,5,24,5.0,1,1
6,7,51.26867652655845,7,1,0,2,34,4.765767067639109,3,0
18,5,52.93960321032887,2,0,0,3,3,3.727091717369467,0,0
47,5,,5,1,0,5,13,4.491146604937187,1,0
59,8,63.37208687133445,8,0,2,2,38,3.91670011108695,1,0
15,3,68.95231547520798,0,0,2,4,25,4.237439523745702,3,0
3,10,64.67873375101166,4,0,0,3,7,4.703395498109799,2,0
1,7,40.17510322506348,3,0,0,4,23,3.770809893358683,3,1
43,3,68.96925942211402,2,0,1,1,15,3.5262643538944243,1,0
8,5,58.48116144931005,2,0,4,5,19,4.0509240984934465,2,0
3,10,74.73753510541397,12,1,1,5,14,4.059219218719788,2,0
40,3,67.1740052693724,1,1,4,5,6,4.128157829885434,1,0
1,11,64.68194300251,8,0,1,5,57,4.715564097313832,0,0
19,8,55.769373017966345,8,1,0,2,16,4.410631745078674,0,0
14,3,74.34232246844387,3,0,0,5,21,4.41040366475596,1,0
1,3,42.848291618147954,1,0,1,1,21,3.8322234559648263,1,1
6,5,41.04169369845158,3,0,1,1,53,4.226181265335596,0,1
2,10,101.13025140084017,11,1,0,3,11,3.8435716799667814,0,0
13,4,30.86176066571067,2,0,1,4,17,3.649027729995652,2,0
9,5,42.130061993930894,2,1,0,5,55,4.655712741287572,0,1
0,5,72.0557898527308,4,0,0,5,45,2.7119037255216827,2,0
55,2,35.59379593060897,1,1,2,4,46,4.799901573651071,0,1
6,4,,2,0,1,3,14,4.140974678193798,1,0
4,11,78.40238696829243,13,1,1,5,36,3.680699676646908,0,0
3,11,80.19181450353744,7,1,2,4,15,4.778438760371711,0,0
2,3,,0,0,0,4,4,4.066445154582961,2,0
90,1,42.40601684341338,0,1,1,3,1,4.239150726244006,1,1
5,6,46.28390331323285,2,0,1,5,51,4.088670113290565,2,0
7,6,78.97665060073322,1,1,0,5,27,3.681944783673186,1,0
30,4,32.01150300123773,1,0,1,3,56,3.7814722896172537,2,0
15,6,72.35020436109552,2,0,2,2,40,4.243604661384724,0,0
6,8,35.88058225167301,8,1,1,5,53,4.40530900467758,2,1
34,5,58.57244086266303,5,1,1,5,26,3.7117933590187153,1,1
20,5,50.655659774443635,2,0,2,3,30,3.62729505213,2,0
3,13,53.35379146262629,6,1,2,5,40,5.0,0,0
15,7,80.12240357973816,5,1,0,3,35,4.3522587990138275,0,0
38,1,51.91464425133953,1,1,0,4,46,3.64444831874012,5,0
10,7,75.64218647008883,2,0,1,5,42,5.0,1,0
19,3,49.2043654671017,0,0,0,4,0,4.349053653371543,2,0
53,2,63.93206572194327,2,0,0,4,49,4.806646941645326,3,0
17,5,58.090651670954124,5,0,1,4,28,4.408560345729969,1,0
1,6,39.40549436890856,5,1,1,3,0,4.35451744985661,1,0
4,7,39.74512774131014,7,0,2,5,7,5.0,3,0
13,5,56.06029518175435,1,0,1,4,56,3.633924656472742,1,0
4,10,54.0945150562061,6,0,0,5,15,3.5567344030629138,1,0
47,2,70.14916778137209,1,0,0,3,57,4.660131457688967,0,0
7,6,,4,0,0,3,27,3.992417654018015,0,0
9,10,47.56936475562956,9,0,1,1,21,4.510013487641236,0,0
18,4,66.45756305447314,4,1,0,5,17,4.161111235974223,1,0
11,4,56.26251694783342,4,1,0,4,21,3.6921357532164194,2,0
7,6,38.178534310678145,4,1,1,5,40,3.8928231227313947,0,1
1,8,65.40126964688272,3,0,0,4,11,4.1350631550089645,2,0
13,6,72.73070098395199,0,1,2,5,18,3.8926626071805903,0,0
30,2,45.033424994987215,0,1,0,3,24,3.9788259987388463,4,0
17,5,74.50226311309576,3,0,2,5,49,4.2842982610171365,0,0
7,4,51.056938867817735,4,1,0,5,58,4.83502442113847,1,0
2,7,,6,1,1,5,4,4.180105589989354,0,0
25,4,52.00935113749877,3,1,2,5,58,4.470560735021369,1,1
42,1,75.21161420834436,1,0,0,5,33,4.322247575767695,1,0
7,6,57.55359178191089,3,1,0,4,38,4.621804952876817,1,0
19,7,71.59639744419378,1,0,1,2,58,4.585372691024735,1,0
7,6,52.717268210710365,3,0,2,1,9,3.850871867047311,2,0
10,6,65.38807890165616,3,0,1,5,46,3.4554550773571044,2,1
27,3,43.68828944187635,3,1,1,4,56,4.18428832488088,0,0
1,11,75.01757826031192,6,1,3,5,6,4.651613503974825,1,0
11,2,55.399959343630215,3,0,1,4,59,3.364437690934566,1,1
3,7,78.73779212408982,6,0,0,2,36,4.531529693240304,1,0
6,4,59.21504090952729,0,0,0,2,46,3.6673302109643555,3,1
15,8,,3,1,0,5,51,4.716401676013099,1,1
0,5,94.29748264829638,3,0,2,4,59,4.225231278780536,1,0
13,5,71.18094873262554,2,0,0,3,51,4.86308898759649,1,0
4,11,62.91757611398575,10,0,1,4,14,5.0,1,0
16,0,41.71226160026366,0,0,1,2,41,2.9314148340239727,5,0
2,3,48.67119057695865,1,0,0,4,23,3.538471198243491,1,1
19,3,71.78083191095743,2,0,1,3,25,4.441701092380598,0,1
15,7,55.01304343951311,0,0,2,5,60,4.656202145739132,0,0
53,0,56.89370137649956,0,0,0,3,25,3.8111608985796153,1,0
36,2,43.76810815360945,2,0,2,4,45,4.113217159295558,0,1
4,3,66.07547247842852,2,0,2,1,25,3.31673699691353,2,0
0,17,61.563053234613776,12,1,0,2,57,4.05924525674526,0,0
15,4,70.69327272870223,4,0,0,4,9,3.6541249324502796,4,0
13,2,78.56923965615799,0,0,1,4,16,5.0,0,0
0,8,66.73053894734053,11,0,1,4,52,3.8155308049623864,0,0
1,4,42.40721371735218,0,0,2,3,13,4.434627020828846,2,0
13,6,37.3201441698225,5,0,2,5,1,3.9275219306500535,3,0
36,2,70.96185496938014,1,0,1,5,47,5.0,2,1
35,1,,0,0,1,5,12,3.5845547189627185,3,1
2,9,86.26892234535416,4,0,0,1,26,4.5040259101039295,0,0
7,5,60.37372873615342,2,0,1,4,8,3.9997752283400407,0,0
0,8,34.089123327719875,5,0,1,2,6,4.334752821991877,0,0
9,2,41.0124613588909,0,0,0,3,47,4.66179709575033,1,1
20,7,48.74689128899347,5,1,3,5,9,2.962026816756345,0,0
23,5,86.11979628858147,4,1,0,2,55,5.0,0,1
10,5,77.53255420643237,1,0,0,4,53,3.9503780119949043,0,0
1,9,51.95876475285722,4,0,2,4,8,3.758101016544802,0,0
7,4,57.09456090724315,3,0,1,5,21,5.0,4,0
40,1,39.56316515329178,1,0,0,4,22,3.835556182474816,2,0
3,7,39.04548112148364,5,0,1,1,6,4.689558319569852,0,0
5,10,76.78300483959806,3,0,0,3,47,4.083727311387306,3,0
20,7,74.11331818950032,4,1,1,4,8,4.088143132657091,3,0
19,5,55.85952633550391,4,0,0,2,26,3.747771286722576,1,0
36,2,87.64642740659605,1,0,0,4,23,4.4997017430543,3,1
7,4,66.5155569900443,2,0,1,1,28,5.0,0,0
10,7,,2,0,2,2,16,3.732597458824032,1,0
9,8,63.26370867974321,10,0,0,4,19,5.0,1,0
39,2,44.07379243782697,1,0,2,2,6,4.317978442293707,1,0
22,6,74.1649599944964,4,1,0,4,42,3.4750044551574595,1,1
26,3,74.2791145474288,2,0,1,5,39,3.2510204476804345,0,1
2,9,63.60932334769529,11,1,0,5,6,4.4937129915677545,4,0
23,2,43.2251811049683,1,1,2,3,27,3.72738411489237,0,0
8,8,76.33778345465163,7,0,1,3,18,4.406468603415175,1,0
0,8,32.99525208105749,5,1,0,2,19,4.473966119026437,2,0
0,5,48.39184521826296,2,0,2,4,43,4.8518315534013094,2,0
16,2,68.70402179278246,2,0,1,5,38,3.6572034572208967,2,1
6,9,53.87572639134459,5,0,1,1,39,4.011714828527774,1,1
30,3,45.15347767221796,7,0,0,5,6,4.668828631235432,0,0
19,0,80.76198270145528,0,0,2,2,5,3.518436914727457,7,0
0,11,77.00129646902639,3,0,0,4,24,4.533343005689355,0,0
17,3,75.99678516944462,1,0,1,5,40,3.8994988414587266,3,0
3,11,64.9814390099466,5,1,0,5,58,4.029170398652808,1,0
8,5,60.52243898811737,1,0,3,5,12,4.701462738855225,0,0
14,6,86.06936765079325,6,0,0,5,38,4.523264621635952,1,0
30,1,81.52935311197675,1,0,1,3,39,4.856604248411103,3,1
9,4,58.735907072145494,3,0,1,5,21,3.4771663715681282,1,0
24,4,100.6691578145488,1,0,0,2,48,4.392789616170858,3,1
22,3,58.12346502549585,0,0,1,5,16,4.082248833494245,1,1
8,3,65.78199875734279,2,0,1,4,47,5.0,1,1
10,9,80.85718592225098,7,0,1,5,21,4.229679274274904,1,0
18,4,65.57361473440477,3,1,0,4,33,4.330225324707107,0,0
0,12,56.03543542806618,6,1,0,4,7,3.9082424955646697,0,0
33,2,65.72553111025012,3,1,1,4,48,3.9982794807787188,0,1
22,3,59.92117982051435,1,0,0,5,44,4.713372346752602,3,1
4,6,30.0,7,0,0,2,17,3.6447406849362984,4,0
59,3,75.05077159654937,2,1,2,2,23,3.9000770867553918,3,1
2,9,50.663906902365596,6,0,0,3,59,4.141883273687811,3,0
36,2,42.74133008863471,2,0,0,3,53,3.9498980766777154,1,1
5,3,78.07408312343168,4,0,1,5,59,4.027649294314863,4,0
21,0,65.67270762044193,0,1,1,3,41,4.202386550324087,4,1
9,4,70.19361718594999,3,0,2,5,1,4.712247683466156,1,0
20,4,58.10500840847529,2,0,2,3,1,4.112185344202513,2,0
2,5,63.364318136042684,1,0,1,3,26,3.935399542296137,0,0
4,8,55.489160988132795,8,0,1,5,13,3.93790152897224,3,0
1,9,,3,0,2,5,47,5.0,2,0
30,5,,2,0,1,4,38,3.3808910972523964,1,0
5,7,63.56896864774081,4,0,1,4,52,4.676505675250117,0,1
17,11,85.82270345498178,9,1,2,5,52,3.9402865178078126,2,1
25,4,30.0,3,0,0,3,55,3.292546905736213,1,0
34,3,77.68219902499904,1,1,0,5,11,3.368047181802279,2,0
1,13,54.18133611272651,7,1,0,5,31,4.326060617841727,1,0
33,4,52.75510921329001,2,1,1,5,27,4.66585272928806,0,1
3,9,,5,0,2,3,54,4.75996345254962,1,0
20,1,46.676799252799334,1,0,0,5,27,5.0,2,0
19,1,53.256331975936,1,0,2,2,45,2.924543910439138,2,0
0,7,68.91774364587123,10,0,1,1,24,4.530664622397686,1,0
3,13,51.97353266554657,13,1,0,3,3,3.129966140102403,0,0
10,2,49.41411093956782,1,1,0,4,25,4.1980560232050435,1,0
8,4,49.38180799280726,4,0,0,5,35,4.906042679629922,0,0
37,4,65.26308593657475,1,0,1,5,49,4.5866928213789055,3,1
6,7,41.93047750996119,7,0,3,5,2,3.441395456754136,1,0
41,3,71.3350866073005,0,0,0,4,0,2.751681676403658,1,0
9,3,91.73367151649683,0,0,0,3,16,3.174467891818083,1,0
50,1,60.05009544888477,0,0,0,4,6,3.228347852489711,0,1
20,5,66.52871433223676,5,0,0,5,47,3.671187756221978,1,0
26,2,,0,0,0,1,4,4.351163183450294,3,0
1,9,45.99400190064709,2,0,1,5,18,3.8645033543855867,2,0
13,2,64.74614307969249,3,0,1,4,38,3.9011766444877187,1,1
2,5,63.33520534744044,1,0,0,4,45,4.588741159561436,0,0
5,8,86.57916735557211,8,1,1,5,33,4.218007167555516,0,0
14,5,63.71786999178177,2,0,1,4,34,4.502643733895797,2,0
19,8,78.62817782401532,9,1,1,5,48,4.04929605091625,1,0
0,6,66.43735051082069,4,0,0,5,15,3.3967094539122127,3,0
11,3,52.36408826328491,5,1,0,4,39,3.9382066971760215,2,0
12,4,42.22206942526011,2,1,2,3,49,3.8659984490859043,3,1
1,8,64.62220790050192,4,0,1,4,46,4.528850648716935,1,0
10,2,71.40442108414805,1,1,0,5,38,4.145224439432389,0,0
18,4,58.664586048856805,2,1,0,3,26,3.721914616695102,0,0
0,8,50.504476134994775,4,1,0,4,40,3.3147586906758852,2,0
21,1,81.10407022854048,0,1,1,4,37,3.9641057304956018,3,0
12,3,53.379048870426914,3,0,1,5,49,3.4301512360363393,2,0
26,0,42.72172593960915,0,0,0,2,49,4.043030059211774,1,1
3,9,59.02501750448922,6,0,0,5,24,4.447058508212413,0,0
26,4,61.16540866797356,2,0,0,5,25,4.7725780860601,2,1
1,8,48.968529086456975,5,0,1,3,55,4.2083618853618985,2,0
7,5,58.628186246328205,7,0,1,3,13,4.055014774977055,1,0
3,6,,3,0,0,5,13,3.8117795191904933,1,0
31,1,66.35727750739545,0,0,0,3,13,4.140295954876324,2,1
18,3,44.251726143555175,3,0,2,5,24,3.979622313449855,0,0
0,5,54.27189214142454,1,0,2,4,35,3.599455469530887,0,0
0,11,49.849048066985944,9,0,0,3,3,3.6201731597535,0,0
5,12,81.0241157285222,6,1,0,5,46,3.875727338282605,0,0
2,9,55.44900323316238,6,0,0,4,14,3.6468057290511764,1,1
14,2,47.34907365011507,2,0,1,4,31,4.116754551465479,3,1
16,1,91.35619224206721,0,1,0,4,17,3.985613003276527,1,0
42,4,86.91943736693247,2,0,2,4,13,3.5706092728101497,1,0
45,3,72.54531851160033,4,0,1,3,57,2.5897687990666958,2,1
16,2,68.43065177830177,3,0,0,4,0,3.355418515634711,2,0
0,11,47.01825060181418,10,1,0,5,41,4.3499488168065605,0,0
6,7,76.30767220682465,5,0,0,3,60,4.070557593666196,4,0
10,6,65.47126385536012,2,0,1,5,19,3.5275068369037155,0,0
10,1,50.44754471892885,0,0,1,3,9,4.091089269431388,2,0
13,1,62.11248008742101,1,1,1,5,9,4.039015263065101,1,1
48,1,,1,0,1,2,58,3.8590240780162572,1,1
32,8,37.16428331015367,8,0,0,5,23,4.373352735865113,1,0
1,5,80.48138263399778,3,0,1,4,33,4.214486835208212,5,0
4,8,32.794323743774015,5,0,1,3,60,4.144086786651129,3,0
26,1,92.34990690425883,1,0,0,2,27,3.19504211691918,5,0
26,2,56.79225474673147,0,0,2,3,26,3.310221386966285,1,0
4,14,66.78118970720925,14,1,1,4,39,5.0,0,0
19,6,68.01459815649372,5,0,0,3,0,4.111275201901586,2,0
16,3,45.15472717159346,3,1,0,5,32,4.329548273974123,1,1
9,3,56.843723384398274,0,1,0,4,3,4.049746992025184,1,0
3,4,58.478602095691514,2,0,0,3,6,4.477444377392558,0,0
32,1,50.94637030235532,2,0,2,4,8,3.684638575258982,5,0
16,3,75.55916533721516,2,0,2,5,15,4.468232209666089,2,0
2,10,41.856540450617246,7,0,2,3,4,3.321287370592568,0,0
18,4,62.98070961213683,4,0,0,3,33,4.347687146581192,1,0
20,2,34.34749868738682,4,1,0,1,59,3.158335049992879,0,0
32,1,63.588965940871866,1,1,0,5,22,4.4080435136902,0,0
3,13,62.54563761929107,6,1,0,5,42,4.123895362122094,1,0
67,2,88.61512284510297,2,0,0,4,49,3.7745983844092166,0,0
2,8,50.777421712915384,5,1,0,5,24,4.206868438868617,0,0
13,4,,3,0,0,5,56,4.657484773913064,0,0
16,2,56.40101498147913,0,0,1,4,50,3.729746532200039,2,0
8,7,85.22017848978433,8,1,3,5,12,3.824249893346202,1,0
9,4,51.362179367487,5,1,2,3,23,5.0,1,0
33,3,63.37924630854794,2,0,0,2,10,2.9665196828839417,2,0
15,7,55.599202970395226,2,0,2,3,51,4.147384214856781,0,0
10,7,57.724699628030386,2,0,2,2,50,4.159164338142675,1,1
2,2,60.16786995782929,0,0,1,4,16,3.9937067385360825,0,0
0,8,76.47165355884601,1,0,1,5,36,3.85640360282155,2,0
2,7,81.80730630614812,4,0,0,1,12,3.138100775243697,2,0
46,1,39.18150170877307,1,0,1,2,26,4.253463126658092,2,0
21,5,71.71849518746234,2,0,2,4,19,4.071095052325774,1,0
51,3,,1,0,1,5,32,2.8700189769028954,2,0
0,6,65.0997831975497,3,0,0,3,41,2.7739131954603886,2,1
17,4,77.76185395425969,2,0,0,4,31,3.6416033962698737,3,0
0,15,,8,0,1,1,7,3.589864896951216,3,0
22,9,67.6205859908013,11,1,1,2,55,3.415783416455972,0,0
7,6,78.72940862811807,4,1,2,5,28,4.288932295010368,0,0
1,9,50.548180005033444,4,0,0,5,39,4.357184047113133,1,1
12,3,40.678268979630275,1,0,0,1,18,3.688700482609598,1,0
4,12,77.12762866982791,7,1,2,5,5,4.18744676083031,1,0
16,5,53.65822287509407,3,0,1,4,43,3.783566950788232,2,0
16,3,51.32562491742159,4,1,1,5,59,3.8169541902131954,2,0
18,1,31.794301284704147,1,1,2,4,38,4.5018975265884205,1,0
73,2,52.29694932812157,4,1,1,4,47,3.407536477019796,4,0
7,8,49.522177048985526,3,0,1,4,40,3.8579513427893706,3,0
9,5,32.95932266302607,5,0,1,5,20,3.970030767214344,0,0
24,2,51.2228218650218,2,0,0,2,56,3.8538277100603113,1,0
12,3,77.7776371668653,2,0,1,1,21,3.6867408171506466,1,1
0,7,65.13249184640632,4,0,0,3,41,4.325790457804475,1,0
27,2,35.443950413358706,2,0,2,5,9,2.511838147818614,1,1
0,13,65.84990280202383,7,1,0,3,9,5.0,2,0
2,6,70.900636606717,8,0,1,5,51,4.304335631031337,3,1
1,4,61.559826905727135,2,0,1,5,28,3.12339930398827,0,0
1,10,59.47185444496476,8,0,1,2,15,4.582249819811928,1,0
0,10,48.105088730863685,7,0,1,5,0,4.5936093367451365,3,0
0,9,66.27451323542708,5,0,2,4,16,4.382615787408755,1,0
8,10,68.77642279002934,7,1,3,5,29,4.763194829792,0,0
4,6,64.20824712884465,7,0,1,3,25,3.8165370018038467,1,0
2,14,86.18031800630405,14,1,2,5,52,5.0,2,1
16,5,56.91821696806258,2,1,1,5,60,4.493076804376443,1,0
3,5,40.44871603313629,6,0,0,5,45,4.471647447446456,1,0
0,12,85.11411340663668,6,0,0,5,18,4.4988814996337245,2,1
8,8,31.65719576671236,5,1,2,4,52,3.7864964461031927,0,0
5,6,54.01972859453373,4,0,1,4,20,3.318557573589919,3,0
5,4,,5,0,0,5,16,3.339758839501843,3,0
8,3,58.470683524340735,4,0,0,4,45,4.079272965930495,3,1
16,2,57.956930841737226,0,0,0,1,39,3.884859928215004,1,0
14,0,,0,0,1,5,20,4.015228732734727,4,0
41,2,76.01120291091266,1,1,1,5,52,2.9960810935870725,1,1
10,5,57.979025342517595,3,0,1,5,40,4.199480654193423,0,0
9,4,78.28366475862839,0,0,0,3,39,3.989303461105341,0,0
3,5,42.46399193185819,5,0,1,5,44,3.7018436997046735,2,0
21,2,43.804401786982304,5,0,1,4,48,3.933676413575452,3,0
2,12,43.40318156647773,10,1,0,5,18,4.749330307322266,1,0
10,8,67.78478094601317,6,0,0,2,59,3.8944834529974166,0,0
8,8,86.21200541237576,3,1,1,5,6,4.231298930163963,0,0
16,5,55.44194073018627,4,0,1,5,16,3.3578227520157475,4,0
37,1,,1,0,1,1,0,3.290004651986127,4,0
43,0,67.11834008172373,0,1,0,5,36,4.498155558047412,1,1
2,9,69.97050555973172,6,0,1,4,56,4.333059960895675,2,1
4,5,44.488943093033335,4,0,0,5,5,2.797292177191942,1,0
25,4,68.48431479297535,2,0,1,5,25,4.175591680163257,4,0
10,6,72.16194802950905,5,0,1,4,1,3.9884633218538332,2,0
9,5,30.0,2,1,0,5,58,3.788317870336289,1,1
18,6,76.7416182389403,6,1,0,5,31,4.099784452617095,2,0
13,5,77.68155612185117,4,0,0,4,56,3.770133719227183,3,0
52,3,55.37691942628098,3,0,1,3,47,3.581091354055505,3,1
13,2,69.67713384917747,0,0,1,5,53,4.167587648694637,2,0
9,7,89.64656485398295,4,1,2,5,4,5.0,0,1
11,4,50.13842346457361,5,1,2,5,36,3.7319217337517125,1,0
24,2,77.4106510771983,1,0,1,5,30,5.0,2,0
14,5,63.67742979460831,3,0,0,4,11,3.3826214368793135,4,0
15,2,42.90323341417496,1,0,2,5,34,3.9520535769136735,0,0
53,0,32.690533147266194,0,0,0,2,29,4.18749233378315,3,0
14,4,70.82809940203384,2,0,3,4,47,4.24865880889277,2,0
7,3,40.40618530613477,3,0,1,1,5,4.655308747970412,2,0
17,3,74.51894379874301,2,0,0,3,14,2.5920669862874512,2,0
16,5,30.0,5,0,0,4,14,3.8365085396672574,1,0
0,7,62.235673144497795,2,0,0,4,60,3.977615857793363,1,0
9,7,55.19342669915959,3,0,2,5,15,5.0,0,0
20,5,85.15379367142693,3,0,2,4,19,4.365362029272584,1,0
10,6,63.38510549689442,4,1,0,4,12,3.237379695850708,0,1
22,2,69.18988720919756,1,0,0,3,43,4.3809304671985325,0,0
8,5,53.53755178356623,1,0,1,4,41,4.660714853942293,2,0
61,3,57.32089927211804,2,1,1,3,45,3.841083401282989,1,0
5,7,75.78526703192468,8,0,1,2,30,3.542966506298135,2,0
1,7,60.2448291661981,4,1,1,4,33,4.31950772827649,0,0
8,6,46.21527512715083,5,0,2,5,28,3.754311264270746,1,1
11,6,77.10547661778213,4,0,1,4,2,4.3673663399292435,0,0
6,9,85.28811907045808,7,1,0,4,8,4.425891256000841,0,0
4,4,82.54241886980296,5,0,0,4,10,4.519388349249608,1,0
16,1,79.3540921810973,0,0,1,5,10,3.433617177778652,5,0
7,4,55.75863727247096,2,0,1,4,24,2.8399459553550845,1,0
14,3,45.28001306053464,0,0,1,4,21,4.1526538584106305,1,0
22,2,42.20359831245612,1,0,0,1,41,3.8061447750576898,2,1
21,5,,3,0,1,3,57,4.243919157602443,0,1
7,8,58.597214515546014,4,0,1,4,45,3.9628056217743293,1,0
12,8,86.56959885090676,10,1,2,4,8,4.002472386387659,2,0
8,7,35.189598685663015,5,0,1,4,19,3.50005520778725,2,0
30,3,60.251589268532555,3,1,1,4,58,3.7653872007774996,1,1
31,1,55.19802294065623,2,0,1,4,20,4.012926129765752,2,0
6,3,42.36532236395887,3,0,0,5,9,3.5176568126097227,1,0
1,6,56.198923422112905,6,1,1,5,21,5.0,1,0
2,3,79.34572705251836,3,0,0,5,28,3.1420575600112164,0,1
6,12,63.40999388891929,9,1,1,5,8,3.9042885222819144,0,0
12,5,69.40801220859775,1,0,0,1,60,3.8540266055439494,0,0
16,2,76.03492332923514,0,0,0,3,4,2.1028026763030274,4,0
6,7,65.80044328543691,5,0,1,1,39,4.64960740447158,0,0
16,6,54.47579740350075,4,0,0,4,10,4.231502618888527,1,0
41,2,61.50576602016088,1,0,1,5,0,4.3710846571196695,5,1
15,4,43.90078501585626,7,0,2,3,52,2.6889264175389003,1,1
2,7,60.858222824096785,1,0,1,5,41,3.533914810388496,2,0
13,6,61.82950151839743,4,0,0,2,0,3.2888428552643583,1,0
11,6,79.75716562936123,4,0,1,5,57,4.729529002174296,1,0
30,2,55.1368290400421,2,0,0,4,53,4.023888438237116,2,0
6,6,55.135762275616635,4,0,1,2,38,3.5967588880786843,2,0
8,9,37.265211921543155,9,1,1,4,59,4.041607619981168,1,1
13,3,69.72720709232838,3,0,1,3,45,4.429388087469528,2,0
11,4,37.960824678074125,1,0,0,3,4,3.2817451127021657,4,0
19,5,52.53221753975452,6,1,1,3,48,2.9230416300864293,1,0
0,9,49.34680379473615,12,0,1,5,21,3.507067430259919,2,0
12,6,73.36034106163171,2,0,1,4,25,3.5237548505652283,3,0
1,5,67.31910074388323,4,0,1,3,52,3.1325975842533453,2,0
5,5,70.61605096461163,4,0,1,4,5,4.2978091184815295,1,0
16,2,74.18396043488694,0,0,2,5,31,5.0,4,0
2,12,50.407922526110184,3,0,2,3,47,4.480220214373477,1,0
5,8,46.98451334779047,8,0,1,4,10,4.703699917808215,0,0
18,3,34.74256729258174,6,0,0,2,9,4.017656142261366,0,0
15,4,61.91349494754965,3,1,0,3,46,3.6437610894897934,2,0
1,7,48.262519802303686,2,0,1,5,38,4.67974528754327,1,0
12,8,66.76811125741136,4,0,1,3,54,4.42933445061959,0,0
2,9,77.40599772634117,8,1,2,4,33,3.373602707470131,2,0
4,20,73.95251159043399,15,1,2,5,30,5.0,0,0
9,4,61.81300692392458,2,1,2,2,11,4.272417808495498,0,0
1,5,61.169620895260785,4,1,0,4,50,4.853097437768187,1,1
75,4,,0,1,0,3,43,4.126500275829788,1,1
2,7,91.87292246400148,4,0,0,5,15,3.8952309504408626,0,1
22,3,51.26449609690595,2,0,1,4,37,3.5532970166537705,4,0
26,2,61.18812217630426,4,0,0,5,2,3.697892925425381,4,0
77,2,57.28507121355991,1,0,1,4,1,3.6637324917980703,0,0
8,6,48.25290442207333,3,0,2,1,51,3.4645805159446343,0,0
31,2,54.302786337961805,2,0,2,4,4,2.8846915407356195,4,0
47,2,60.418831811296606,1,0,2,5,10,3.1318259948041165,2,1
2,5,42.228447727818946,2,0,0,4,57,3.8495363523016395,4,0
9,6,,4,0,1,5,24,4.031722548785221,3,0
0,6,70.89343703551863,3,0,1,5,34,4.336505606256141,1,1
14,7,76.37942911364202,5,1,0,3,34,4.179440864330862,0,0
13,3,57.580169106935664,3,0,0,3,21,4.282641767736401,0,0
3,11,55.30422152902053,4,0,0,4,36,4.440447709482283,0,0
23,1,56.79139573827999,0,0,1,4,21,4.275881056318383,3,0
0,14,49.554544317380845,9,1,0,5,54,4.409092982734851,0,0
24,7,79.49758054081826,3,0,0,5,10,4.275017693385789,2,0
0,8,80.95063051695462,9,1,1,4,31,5.0,0,0
16,5,,1,0,0,3,34,4.02452275975683,1,0
1,12,85.47116497018612,9,1,1,5,30,5.0,1,0
4,6,95.94596725243548,2,0,0,3,44,4.684087722669034,0,0
19,5,,4,0,0,5,52,4.623138514834427,3,1
4,6,52.962666576428504,2,1,1,4,7,4.479314803860216,2,0
10,5,30.0,2,0,3,5,19,3.0814773673304665,2,0
37,3,71.1420573398139,3,0,1,2,41,3.6394129318067074,2,1
0,12,66.40285921658021,4,1,1,4,33,3.7234018077503297,1,0
24,3,61.634078079659325,0,0,0,4,3,3.9445969688313536,1,0
1,12,56.521526589232344,8,1,1,4,17,3.4991258992980194,0,0
2,8,80.26004012313487,2,0,0,3,50,5.0,0,0
1,14,36.80385534282353,8,1,1,5,3,5.0,1,0
76,2,82.97993554974383,1,1,1,5,19,2.4131916680488956,3,1
2,5,86.00582066091646,1,0,0,3,57,4.171596568565164,0,0
34,3,62.25265411738689,2,0,2,2,8,4.762982558473087,1,0
70,3,64.26333762455786,0,1,2,1,15,5.0,1,0
7,7,42.21379625461219,9,0,1,4,25,3.571473193842792,1,0
14,6,75.06730443779968,0,0,0,4,37,3.7915433053726355,2,0
22,0,,0,0,0,4,24,4.2098540490892695,3,0
7,6,71.4648533971145,3,1,0,3,3,4.1174298226138,1,1
2,7,41.407280390045166,3,0,0,4,40,3.616214908547655,4,0
8,3,35.85882081684158,0,0,0,4,58,4.087046829318205,1,0
22,5,56.39534229028365,3,1,1,4,44,3.218123261615417,6,0
22,4,61.1879880038323,0,0,3,5,40,2.9078733540327235,2,0
3,10,75.2280132305476,6,0,1,2,37,4.358886765977924,4,0
2,9,56.3922984046364,4,0,2,5,52,3.878955314026424,3,0
37,1,75.93925230552728,1,0,0,4,18,3.4062435205711616,3,0
0,6,76.9376608821492,6,0,0,4,13,3.9998090289372232,1,0
19,3,67.10349476791502,0,0,2,5,20,3.5491858753338397,1,0
0,6,73.03557232488821,4,0,1,5,14,3.4574680681222736,2,0
27,3,53.75899496270522,3,0,0,5,2,2.564898456800076,2,0
35,2,42.875501833727434,0,0,3,2,36,3.7598879852703653,2,0
5,9,51.46595625712153,3,0,0,2,52,3.6186844697686693,2,0
1,7,47.509011633623324,4,1,0,5,49,3.710507316253819,0,0
9,8,78.15958308240499,5,0,1,4,45,4.718363147931081,2,0
5,9,72.93913076835554,6,1,2,3,15,3.3019852951878765,0,0
8,5,30.0,6,0,1,2,13,4.1724989560228956,0,0
16,2,62.682495995634625,0,0,1,2,8,3.7562625602104407,3,0
3,7,33.21346939899162,4,0,2,5,46,4.302741061165082,0,0
6,6,43.7411515264408,2,0,0,3,6,5.0,1,0
22,6,72.48036194031931,4,0,1,3,13,2.6800222512968723,3,0
15,7,34.13551499502624,9,1,3,3,5,4.316349730563235,1,0
5,3,,1,0,1,4,20,4.073764365522994,1,0
16,3,44.63863309125889,0,0,2,2,14,4.06599387335854,4,0
21,4,36.22562610957557,7,0,0,4,51,3.5022089822430695,2,1
13,2,38.69626201565784,1,0,1,2,7,4.570389942868551,1,0
4,10,59.158198923637094,0,1,2,5,33,4.1744470553881055,0,0
0,6,,4,0,3,3,39,4.264273357881064,2,0
24,3,56.264771309451426,1,0,1,4,0,4.586102413543116,2,0
25,2,60.13634128718563,3,0,0,5,31,3.3436581072584994,3,0
17,6,71.2785320671111,5,0,1,5,57,4.4850457619127395,0,0
1,15,73.93993452651202,15,1,0,4,48,4.388952762840314,0,0
13,2,39.3567633103175,0,1,1,3,50,4.416437520737772,0,1
25,2,40.14311747764152,2,0,2,3,4,3.6311521723071607,2,0
7,9,39.30644428272939,5,0,0,5,29,4.18324658575307,1,0
3,5,71.86289515816706,1,0,0,5,21,4.647205891103823,0,1
13,8,65.18374559920109,2,1,2,5,19,3.0814491024472908,0,0
26,3,54.70210366588607,0,0,0,4,15,5.0,1,0
0,6,42.11924924152113,6,0,0,5,6,3.877182925501081,1,0
13,7,62.32927603934191,2,0,1,4,6,4.894171471432009,0,0
15,5,80.53242363994673,4,1,0,2,49,4.625970746040869,1,1
13,5,79.55562633936178,1,0,1,4,49,4.174078973759262,0,0
15,9,37.901458643534596,9,1,0,5,1,3.8013785383864347,0,0
14,9,76.06578651489664,6,1,0,3,46,4.395446014585524,0,0
2,9,37.70495064314332,9,0,2,5,13,5.0,2,0
4,6,53.96563744097394,9,0,1,3,30,2.6056347682651406,2,1
14,6,52.19932847503446,4,0,1,4,49,4.7392302296072355,1,1
0,9,63.994535422070015,6,0,0,2,60,3.7625982707340184,2,0
15,5,44.9629670503798,2,0,1,4,40,2.1710881505919373,3,1
16,2,61.543364757996,1,0,1,5,13,2.757034410167356,2,0
4,6,43.78632645749966,1,0,2,3,4,3.4793565295365623,1,0
13,4,62.579798810170125,3,0,2,5,10,3.3158126189975166,1,0
11,6,,2,1,2,5,39,3.9625668617179284,1,1
4,9,54.033943060020974,9,1,1,5,4,4.062704985074262,3,0
9,2,60.0552884942566,2,0,1,3,28,4.206879874260578,3,0
36,9,56.247138718142814,2,0,2,4,10,4.815595766170689,0,0
8,10,72.67329255359743,9,1,1,3,4,3.6707962293680736,3,0
14,6,30.0,5,0,1,5,48,4.820447756584611,3,0
0,6,62.619371972244494,8,0,0,5,53,4.443504801469984,2,1
1,7,47.546699360181115,2,0,0,4,31,5.0,0,0
1,9,68.86391552896912,6,1,1,5,35,4.648518548393635,0,0
22,3,60.45901277285832,1,0,0,4,14,3.4892395312904503,2,0
6,6,76.31830691025584,4,0,1,4,18,3.6624560738530336,1,0
3,8,56.50704162275195,7,0,0,2,21,3.4632768840484918,0,0
20,9,78.51347189151657,5,1,1,5,33,3.65195374556385,1,0
2,8,62.34942802656494,9,1,0,2,55,4.112195469707941,1,0
4,9,40.60090130208867,4,0,2,5,16,3.650225923622607,2,0
8,3,47.79899109362755,2,1,2,5,11,3.612866505548244,3,0
6,5,51.200694707491195,3,0,1,5,24,4.26147365343793,2,0
13,4,61.71944328693001,1,0,0,1,55,3.8010584641879914,1,0
6,5,73.49660831045054,3,0,2,3,16,5.0,0,0
7,6,69.16144349880376,4,1,0,3,9,3.9884085502581637,0,0
29,3,69.96954139793775,0,0,2,4,27,5.0,1,1
32,5,48.80376883895151,7,1,0,2,56,3.7095914622660566,0,1
26,0,73.235105732539,0,0,1,5,17,3.0523104441880826,5,0
30,3,,0,0,0,4,50,5.0,0,1
12,3,71.91955683772821,2,0,1,3,17,4.494755867389783,2,0
15,4,37.838234342288736,1,1,0,4,44,3.9381614607123363,1,0
12,7,66.78696075909579,7,1,1,4,31,3.5742321799365286,1,0
23,3,50.83768111401674,1,0,2,4,13,4.509607658072392,2,0
12,2,41.02013741378467,0,0,1,4,55,4.044625539580133,1,0
1,7,69.69773952656848,3,1,2,5,15,5.0,0,1
24,1,53.56477114271211,0,0,0,4,49,3.015957070758055,4,0
21,1,67.95560314668687,0,0,1,5,57,3.6868499177690537,2,1
25,2,45.326258647349064,3,0,0,5,17,4.250943995890711,2,0
3,10,90.47436666306862,4,1,2,3,15,4.383045112317881,2,0
4,6,58.21483455197692,3,0,3,5,16,3.503746326871117,2,0
5,3,52.96173261676075,2,0,2,2,6,4.092594814863834,2,0
10,6,74.84978631073349,5,0,1,5,11,3.8201381933646767,4,0
2,3,58.714072471861456,2,0,0,4,33,3.2080819522876247,2,0
7,9,107.48580417897675,8,1,1,5,9,5.0,0,0
3,12,77.47593996545227,11,1,1,5,4,2.9848714165781276,1,0
4,16,52.89892111658378,7,1,1,5,20,4.140634495190088,0,0
18,3,,2,0,1,5,2,4.223854190216997,4,0
28,4,60.994268042857065,0,0,0,3,18,4.453624208895597,1,1
0,7,44.1707282408525,4,0,0,2,44,4.084229335105265,0,1
12,2,79.25324218151471,3,1,0,4,43,3.0653702652034833,1,0
0,10,53.55642683756787,9,1,1,3,34,3.6144739564521218,1,0
1,8,56.29035802973193,8,1,0,5,5,3.2874207727312026,3,0
18,1,63.27947252869995,0,0,1,3,13,2.6249323436684513,3,0
19,4,46.265115525859116,5,1,2,5,3,4.979842731583565,1,0
25,5,63.17006697886858,3,1,0,4,44,5.0,1,0
9,3,52.456987279443595,0,0,1,5,50,3.650251036741894,0,1
29,3,52.851722480112265,1,0,0,2,17,2.9338028483684018,0,1
2,3,57.56788304315444,0,0,1,5,28,4.087092068808581,1,0
4,9,48.975715832708076,6,1,0,5,34,4.298875979511757,0,0
2,5,36.52938240754899,2,0,1,4,51,4.61915777785622,1,1
23,4,62.60706494739923,1,0,1,4,37,3.8648330819415175,4,1
3,10,30.0,9,1,1,5,15,4.379435742609453,0,0
2,16,30.0,14,1,0,3,19,3.8384351681000157,0,0
14,2,60.670906124725796,2,0,1,4,23,3.65540808162719,3,0
1,6,57.27194629716526,4,0,0,4,34,4.711120208159025,1,0
0,12,63.88984783183186,15,1,0,2,43,5.0,1,0
1,9,69.96553745961948,6,0,0,4,50,4.267242907403919,1,0
0,9,30.34102470110235,6,0,1,2,18,4.525707023775291,0,0
17,3,50.77950609448637,1,1,1,1,55,3.8520344471030117,1,0
12,6,53.28493056267841,7,0,0,2,3,4.481307487870975,0,1
3,6,64.684175300208,10,0,2,5,32,2.9299863470901477,3,0
3,11,63.42361796384276,5,0,1,4,1,4.652849786019765,2,0
24,6,53.92442713568891,5,0,1,5,12,5.0,1,0
10,9,60.66233641830472,9,1,1,4,57,4.184796734970466,0,0
17,6,55.877071805990965,4,1,0,3,60,4.3984745570780595,0,0
9,6,46.30952431543724,2,0,0,4,44,3.5403603591896666,0,0
4,5,60.80894173182247,2,0,3,4,29,4.846076533566719,1,0
52,1,30.0,0,0,0,2,33,3.4241771834646526,4,0
12,6,63.67942098375816,1,0,0,4,29,3.67158662083384,0,0
2,8,81.18528945789333,6,0,0,3,50,4.269223134066929,1,0
7,5,54.796088282469654,3,0,0,4,53,3.7478972431451836,1,0
5,4,90.93007218308551,4,0,1,5,23,3.3985959660311824,3,0
3,4,69.04569660258889,4,0,2,3,47,3.4068082806694004,2,0
40,0,81.87603234133604,0,0,3,2,43,2.5636174322002425,3,1
31,4,65.78697022137348,6,1,2,5,32,3.3273796563984703,1,0
3,9,68.27358592043538,8,0,0,4,40,5.0,0,0
6,2,62.14850504563071,2,0,1,2,48,4.316382147355167,3,1
21,8,36.48307126643909,10,1,1,5,9,4.083296823778059,1,0
3,9,30.519951404016147,4,0,0,2,17,4.228888992819764,0,0
13,6,56.38046230236573,2,0,0,5,18,3.3467824784221767,0,0
18,3,50.95944645715923,2,0,1,5,6,4.509282617829527,2,0
15,5,51.441000638431504,5,1,1,3,56,3.7014038408364884,1,1
18,8,41.03690760774744,4,0,1,2,18,4.463961432461689,2,0
18,2,76.62839990903711,0,0,2,2,23,3.8234828502609295,0,0
50,4,44.5322269648325,2,0,0,3,14,3.476357453425943,2,0
6,15,43.56206433077148,7,1,0,2,40,5.0,0,0
31,4,,1,0,1,5,41,4.075988994442843,0,1
0,7,76.25149976777573,3,0,1,2,22,4.717810888816223,0,0
5,8,72.72480429479477,4,0,0,4,51,4.293164027318504,2,0
0,10,50.2559241950553,3,0,1,5,51,3.8468424765632094,0,0
15,5,56.81431099123628,5,0,0,5,3,4.730590490869865,1,0
1,10,,6,1,1,4,37,3.5774717082088143,1,0
28,2,76.59101912626517,1,1,0,3,3,3.404347787709554,3,0
15,4,73.15002682321466,2,1,1,4,4,3.4820195520049695,0,0
0,8,65.77886871544375,6,1,0,4,40,4.042271391461589,1,0
18,3,61.50251672585267,1,0,1,4,43,3.7241734674022107,4,0
29,1,90.12859081764874,0,0,0,2,22,3.127749896346812,2,1
16,3,76.92861296007257,4,1,2,5,39,3.310399674709294,3,0
0,8,61.83152288116752,1,0,0,4,52,4.1449069051081695,0,0
29,2,70.84848366297669,2,0,1,3,36,4.60426725093999,1,1
19,5,56.26112406788502,3,1,0,4,60,3.2854354803350083,3,0
7,8,35.93429186896185,1,0,1,4,10,4.619404529125838,1,0
5,7,44.66405313339044,3,1,0,5,54,3.641674718066892,1,0
9,5,53.089128076329814,1,0,2,5,10,4.135352366135608,3,0
30,1,52.1181010822985,0,0,1,5,12,4.458347981979015,3,0
4,6,49.15375313600599,3,0,1,1,13,4.866640464324259,0,0
1,13,49.83566144188907,9,1,1,4,59,4.302461507920199,1,0
29,0,79.5915960000788,0,0,1,4,7,3.927362521051341,1,0
0,6,87.4897486446061,6,0,1,1,24,3.16209337095158,0,0
36,1,79.68535976443607,2,0,1,3,17,4.349020046775966,4,0
5,5,30.0,2,0,0,5,50,3.352775966066421,3,1
10,4,76.16859431853268,1,0,0,2,43,3.818983921809394,0,0
2,9,71.04758323985519,3,0,1,4,43,4.4949436042562745,1,0
34,2,59.441579066077274,1,0,3,3,17,3.124084802995686,1,1
20,5,52.545362121971195,3,0,0,1,9,4.113421354600885,1,0
38,2,55.42627826945925,0,0,0,3,6,4.889091081848511,2,0
17,10,74.84980336502765,4,0,1,5,59,4.67970488418337,3,0
3,5,65.78524485412201,1,0,2,5,49,3.9053052862492295,0,0
5,4,78.2934461806246,1,0,1,5,43,4.703640713132355,2,0
10,4,,2,0,2,4,13,4.217065613089767,1,0
14,4,81.60779780161397,3,1,0,2,14,4.814698610740371,2,0
39,6,69.50947945686536,7,1,1,4,15,3.372387561583806,0,0
7,3,42.941595327002624,3,0,0,4,1,4.805261344917472,0,0
18,3,35.99890978318609,3,1,2,5,29,4.628363230269813,0,0
48,7,69.69061882337064,7,1,0,2,29,4.08962502667357,2,0
2,4,69.00875379240924,2,0,0,4,17,3.8366544492989916,1,0
29,1,50.74280059812305,1,0,1,3,30,2.712297323208099,3,0
8,5,63.709566176295624,1,0,0,3,43,4.382147718513205,1,0
19,5,53.18348878780212,7,1,1,5,47,4.841121477185953,0,0
5,8,52.602496034421144,7,0,0,4,12,3.170449956395489,2,0
6,5,38.50112703883692,4,1,1,4,19,4.565002508773372,1,0
0,7,60.67166538071788,5,0,1,4,48,4.1208069356433,1,1
53,0,52.246846065983426,0,1,1,4,49,3.647483665815753,4,1
25,4,65.67552107501042,4,0,1,5,34,4.150108239378583,2,0
1,7,33.70033029360852,7,0,0,5,22,5.0,1,0
90,2,69.02825811988122,1,0,0,5,41,3.763128449716821,3,1
13,7,52.27095215082,3,1,0,5,32,4.231236073994694,1,0
28,1,,0,0,1,3,37,3.648455364515472,3,0
1,4,53.40134743986417,2,0,1,5,34,3.200660804789431,3,0
7,6,36.02688587333759,9,1,0,4,50,3.567824838937619,2,0
16,3,55.63615287387554,1,0,2,3,35,3.89011617699244,1,0
1,8,61.847902652319455,2,0,2,5,60,4.431529488359501,0,0
10,5,61.09011935525523,8,0,0,1,19,5.0,3,0
8,7,66.89940283456333,9,1,2,5,54,3.7555097462524594,0,1
3,13,51.4849834672828,15,1,1,4,2,4.860098367271911,0,0
5,6,71.69056236986435,1,0,1,4,7,4.662085543056777,2,0
51,1,63.99252748137231,2,0,0,5,39,4.075474028789869,3,1
5,5,72.23900564651801,5,0,1,5,58,4.833840742814408,1,0
3,13,84.88655907397577,9,0,0,4,31,4.39584958624956,1,0
11,5,36.73153438631458,3,1,2,4,28,3.9523636294466726,2,0
16,1,54.260586243369616,0,0,0,2,6,4.585109594326758,3,1
19,8,48.557262701128664,5,1,0,4,1,3.654784949466775,1,0
21,3,92.07363388236709,2,0,1,3,20,4.465262329959618,3,0
0,5,68.95939573932613,1,0,0,5,5,4.5278931226562324,0,0
7,5,64.30744144313543,1,0,0,4,27,5.0,1,0
22,1,,0,0,1,5,47,3.441316948379755,2,1
35,0,60.1863907937629,0,0,0,1,41,3.497854288582451,2,1
13,4,66.99999107003138,2,0,1,2,35,4.279201756291448,0,0
0,10,53.1592405641307,6,1,0,5,31,3.8534511511643386,0,0
7,9,39.53305667702544,4,0,0,2,44,3.7955143257183686,0,0
1,8,73.4619543082947,8,1,1,2,41,5.0,2,0
20,3,45.60271206895186,3,0,1,1,52,4.382612963603683,0,0
0,14,71.22896669036476,13,1,0,5,45,4.654826294470531,1,0
3,7,76.25451606476429,2,0,0,5,8,3.339519710304181,1,0
8,6,,3,0,1,4,10,3.911825296538949,2,0
9,5,75.672276624875,2,0,1,3,22,4.657032835389412,2,0
7,11,63.81859583150394,7,1,2,3,49,4.821464356413308,1,0
9,7,45.45324241196581,11,1,1,5,10,4.742500693945595,0,0
18,1,33.90344552888171,0,0,0,5,48,5.0,1,1
6,8,58.93761643863497,9,0,0,3,1,3.287447206265143,0,0
11,4,57.321135812177346,5,1,0,3,2,4.5195923241655445,1,0
5,3,76.38060385553982,0,0,0,2,10,4.058100024341969,2,0
6,6,60.971133873537624,1,0,3,5,49,3.528985641995098,1,0
14,1,43.68460885759927,0,0,0,5,58,3.116962389504677,7,0
10,3,36.693983186847134,2,0,2,3,34,4.217880549294727,1,0
19,4,62.19659504362189,5,0,1,1,57,3.6608193832994425,0,1
12,4,60.063605169282454,2,0,1,2,14,4.898777927145096,0,0
24,6,79.80623709062834,3,1,0,5,42,4.389848885952134,0,0
8,6,52.622282896817566,5,0,0,3,10,4.215749836611102,2,1
10,5,66.28017740393162,4,0,0,5,30,3.106134391535964,1,0
16,11,58.008394385532824,15,1,0,4,27,4.51261570887754,0,0
3,7,30.0,2,0,1,4,27,3.8531395004379423,0,0
7,9,70.74069583673753,7,1,0,3,31,3.685485142598409,1,0
14,8,53.60853062123755,5,1,1,2,24,4.283039158604825,0,0
0,9,69.88678893532916,7,0,1,4,19,4.301170846597978,2,0
8,3,62.538646309829176,1,0,2,5,27,4.588545711494738,4,0
13,3,45.1684285824636,0,0,1,4,24,3.972156740829963,3,0
51,2,57.386537236914656,2,0,0,4,10,4.911178416792595,0,0
31,2,59.5295054777615,2,0,0,1,18,3.251124437057479,1,0
4,6,62.76021019402663,6,1,0,5,27,4.396483880572659,0,0
10,4,67.68490810271162,1,0,1,5,0,4.359379872799593,1,0
0,3,60.457722832673035,1,0,0,3,58,3.6385024714349137,2,0
4,10,86.19316057035262,3,0,2,5,4,3.2906323606724035,2,0
22,1,72.60807716436179,1,0,0,4,9,4.2517441494863855,2,0
1,11,74.93977020146494,6,1,4,4,41,4.925298101489698,0,0
4,5,72.37382773932202,2,0,1,5,45,4.202109883355878,2,0
43,2,61.146309731090696,1,0,2,5,33,3.601148466207825,4,0
26,1,70.97778458398899,0,1,0,5,35,3.5699121833992713,1,0
22,3,78.73215597531897,3,0,3,2,1,4.016504390011374,2,1
29,5,61.8903202124424,0,0,0,3,17,4.792760567682469,1,0
20,7,75.7613283249643,6,1,0,5,12,4.123978439498279,1,0
1,7,40.46645442834086,8,0,1,3,50,4.005261378123277,2,0
10,4,76.48516693508488,4,0,1,4,4,4.238314223974878,1,0
8,5,48.43584380447143,2,0,1,4,19,3.0919654111971697,0,1
5,9,40.43401163469736,7,1,2,4,1,4.2382335465645555,0,0
26,1,55.81353750378264,0,1,0,4,10,4.210867853440488,1,0
9,6,63.11068248752112,3,1,1,5,29,3.889657976239886,1,0
0,12,65.02118448118304,7,0,1,3,31,4.749868891081249,2,0
4,5,79.35734208064386,4,0,2,2,31,3.6566399819836963,2,0
3,7,51.64175507128829,5,0,0,3,57,3.5319817556811377,2,0
32,1,84.66012856834764,0,1,2,5,49,4.024769092814252,2,1
15,9,84.69207276441787,8,1,0,4,37,5.0,1,0
12,2,63.38439432304132,1,0,2,3,54,3.6620261754663512,2,1
10,5,47.587332467829384,3,0,2,5,27,3.6477364441719127,2,0
15,1,97.36208179800602,0,0,0,5,9,3.4268726808700634,2,0
21,3,85.87307776192644,2,0,0,5,21,3.0138604744035833,3,1
12,1,62.85687274509438,1,0,0,5,54,3.242306721814802,1,0
41,2,39.56665656596809,0,0,1,3,16,3.8975180347348153,1,0
56,2,69.3076165110873,1,0,1,5,21,2.774806005604068,3,0
80,2,51.15124717419695,2,0,1,4,42,4.2482032669212,3,0
16,6,73.11007230060326,2,0,1,5,18,5.0,1,0
40,5,63.4425398030626,3,0,1,5,16,4.854263010949842,2,1
7,9,36.05942329968918,6,1,0,5,23,4.021061202393677,1,1
29,6,42.300561258666804,4,1,0,5,35,4.441357212495077,0,0
35,4,48.567344643393255,2,0,0,3,31,3.5402709740666474,3,0
35,3,84.61348227604557,0,0,1,4,57,2.193138018130652,3,1
26,0,50.2509960810327,0,1,1,5,55,4.107888438483317,2,1
7,9,,12,1,1,5,57,3.8694203668685434,0,1
2,1,56.97613240520197,0,0,0,1,45,5.0,4,0
6,5,56.07969723532257,3,1,1,3,58,3.6384191630282996,1,1
21,4,83.8471650398765,3,0,0,2,51,4.258512793998893,2,0
3,3,82.71847275356569,0,0,1,5,35,4.422014865189628,2,0
9,4,40.36856541713606,2,0,1,5,27,4.395983454834695,1,0
12,8,65.9012825406591,3,1,1,3,13,3.988549889255489,1,0
13,6,71.8762498884248,5,1,0,4,57,4.369405644786123,3,0
41,0,58.18271965000742,0,1,1,5,35,4.042604678925825,3,0
16,4,62.64117910909701,4,0,1,5,5,4.025336868515274,1,0
23,2,76.58404052834237,1,0,0,4,8,3.1197621130493007,1,1
13,5,64.39109685314268,5,1,0,4,20,4.162912197984581,3,0
26,2,70.05720978687329,1,0,1,4,11,4.749616232661613,1,1
4,14,81.1033526338276,5,1,1,3,60,4.933860357862319,1,0
3,3,53.30144621466243,2,0,0,4,57,4.536842393260581,2,1
39,3,71.94187327373862,1,0,0,5,29,3.568094342909131,0,0
17,0,53.333688618331735,0,0,1,5,30,4.440372904755018,2,0
16,6,76.10301511078292,4,0,0,4,39,2.595442004913169,1,0
9,5,50.67909545749775,6,0,1,5,55,3.8348460869251504,4,1
7,11,66.5177527646007,6,0,0,3,3,4.6749469926563485,1,0
12,2,56.58109540344302,1,0,3,4,30,3.8663020605351806,2,0
1,5,68.80543366468879,3,0,1,1,26,2.7358366099207503,2,0
9,5,47.32824349344685,4,0,0,3,57,4.007289989615057,0,0
9,9,55.83664121853106,5,0,1,5,56,4.444232935924698,3,0
11,4,59.21044815986463,1,0,1,5,24,4.609179337236924,1,0
15,2,43.88232271791442,2,0,0,2,4,4.756912747307051,1,0
47,1,50.88569420207877,0,0,1,4,5,3.4739945573253492,3,0
15,6,35.40561239988155,4,1,2,5,4,4.877417092752383,0,0
32,1,65.65755363680522,0,0,1,3,50,4.647003332633456,2,0
12,10,71.91308565888667,5,1,2,4,26,3.8211394785350423,0,0
14,3,39.12912559482669,2,0,1,5,7,4.257425935124451,3,0
1,8,42.4330742655411,3,0,1,4,8,4.155658841267308,2,0
2,6,45.617826877044784,2,0,1,3,14,3.7730582370394172,3,0
13,2,40.89956795219941,2,0,0,4,35,3.7509527054375664,4,0
7,3,65.99033407601057,4,0,1,5,56,4.550716020635791,0,0
24,7,49.622642126979166,8,1,2,4,40,4.931926788514767,1,0
11,6,63.752969607475315,4,0,2,1,6,4.115040932422914,0,0
32,4,48.787242648006654,3,0,1,5,31,3.1701478502361993,3,0
53,0,54.894223420622524,0,0,0,1,7,4.435176488661348,4,1
2,9,75.57738420858468,3,1,1,5,46,4.102093910345461,1,0
7,8,42.66754626106147,8,0,1,3,50,3.8203274281054567,1,0
16,4,51.57219325631157,2,0,0,5,14,4.552950598127165,1,1
5,7,66.2649528635784,3,0,0,4,36,4.538564772917651,0,0
4,7,55.22221219968247,3,0,1,3,18,4.183892688067743,1,0
25,2,62.82982281889425,1,0,1,2,38,3.4030912971668834,3,0
58,1,60.02604533428135,0,0,1,3,5,3.676166233383097,2,0
22,5,37.398998394956166,7,0,1,5,58,4.335702392152203,1,0
11,3,80.98624172346129,0,0,1,5,18,3.587019661812534,3,1
8,3,58.50995347328987,1,0,0,4,56,3.942170317273563,0,0
11,9,83.92160532449657,2,1,0,4,27,3.789920625747918,0,0
9,5,65.0711727789656,4,0,2,5,16,4.538506958667972,1,0
10,10,79.74991547189695,8,1,0,5,41,3.982913298041625,0,0
3,10,75.33414489456209,11,1,1,4,18,4.593497094536306,0,0
35,4,78.43322889816045,5,1,1,4,30,4.137001701305297,0,1
21,5,56.65821896554235,5,1,1,4,10,3.715848929081811,1,0
17,4,86.80679064292876,1,0,1,5,14,5.0,2,0
44,1,52.920049455869275,3,0,1,1,9,3.9056732094840223,2,1
5,8,65.44032576434235,4,1,0,4,42,3.533178339845531,0,0
1,9,72.94696846729805,3,0,0,4,22,5.0,0,0
26,1,107.58370219748707,1,0,1,5,2,4.621668700882071,1,0
90,1,76.40897900927837,0,0,0,2,2,3.7397869218794133,0,1
12,4,52.108780127937315,5,0,2,4,17,3.6741067273967265,5,0
0,10,64.0403581175155,4,0,0,4,24,4.710565462191013,1,0
22,6,39.80538702874411,5,1,3,4,42,4.391028686625712,1,0
1,9,82.04882583808225,6,0,0,2,19,4.74742161535363,1,0
11,3,30.0,1,1,1,4,57,4.161027097626308,0,0
4,4,57.41275695827148,3,0,1,4,28,3.775453189002241,1,0
36,2,92.93548897363108,1,0,0,4,21,4.039371715304623,1,1
9,2,71.39674510105463,0,1,1,4,49,3.422032299620135,0,0
34,3,67.3466854748271,1,1,1,5,56,3.63915628535929,3,1
5,8,42.12288181637577,2,1,1,5,14,4.2695377236057706,0,1
7,4,79.96259159974305,4,0,1,3,38,4.061872811434034,3,0
44,5,46.28372292528704,3,1,0,5,9,5.0,0,1
3,8,46.40788650254039,10,0,2,4,20,3.351134968186959,3,0
12,7,79.93630247912287,8,1,1,2,54,4.960645478462247,2,0
7,5,45.78520518520497,3,0,1,2,51,4.312435183164871,1,0
22,0,38.04786326586526,0,1,0,3,28,2.3734774202072657,2,0
2,11,45.539271958213014,6,0,1,5,31,4.8822379537627825,2,0
8,6,62.837655242810484,6,1,1,5,9,3.9229131663150034,2,0
18,4,52.46294646525594,4,0,1,5,12,4.940197220296601,1,0
7,6,87.25051289978323,8,0,0,4,46,3.8163624034465347,0,0
0,4,60.512943200881104,4,0,1,4,22,3.6892750344238636,2,0
18,2,41.39725725813885,2,0,2,2,49,4.231110613213751,3,1
10,2,31.98004133972065,2,0,1,3,22,2.8524545534118326,2,0
0,12,73.50711964356026,8,1,1,4,30,3.9355703642951667,0,0
14,3,,0,0,0,2,3,3.0822947278590975,1,1
37,3,69.12566785978709,1,0,0,3,51,3.5042321347449743,0,0
1,8,53.59595697324292,7,0,2,4,48,5.0,0,0
13,4,62.31298752691344,2,0,0,5,59,3.4372536908259135,1,1
19,3,77.85968323579824,4,0,1,5,2,3.6446521175340627,0,0
1,8,60.08297208026827,9,0,1,5,20,2.4498867760480776,1,0
0,12,42.79057448158832,6,1,1,4,52,3.9738058420723497,0,0
9,3,,3,0,2,4,1,2.2393140876196496,0,0
23,4,54.76570847760468,5,1,1,4,3,4.296595803353891,0,0
2,9,74.49294355452477,5,0,1,5,0,4.735566791240553,0,0
27,4,60.38207640847969,1,0,0,2,14,4.285365891940289,1,0
16,8,72.92724912662341,3,1,0,4,56,3.127165177682141,2,1
6,8,67.60531566083286,3,0,1,5,32,4.200441233764828,0,0
10,2,79.47028142762875,0,0,1,4,5,4.324357367033208,0,0
50,1,74.43112918523639,0,0,1,4,6,3.3974915296507717,4,0
3,4,40.4278749573419,3,1,0,4,18,3.2439687561022517,1,0
10,7,31.895520942862703,1,0,0,3,43,4.678305652125897,1,0
14,2,58.84569092543249,0,0,2,4,0,3.0343395977551753,3,0
2,8,69.02733221572622,6,0,2,3,38,4.52389577206988,0,0
0,1,49.11989284140732,0,0,0,1,18,3.6420847454615464,4,0
0,4,66.68487457313282,2,0,1,1,44,4.90590269079633,1,0
5,7,66.0528586871005,4,0,2,5,25,5.0,5,0
1,11,58.9052140774549,7,0,0,3,43,3.889358634527719,1,0
24,3,50.48036685343149,2,0,2,4,11,3.28230656038511,1,0
88,2,44.7093757085172,0,1,2,3,21,4.14490007415914,0,0
0,6,97.1876081885824,6,0,0,5,12,4.201002218671044,0,1
8,10,30.0,5,0,0,3,27,4.56786932101705,1,0
0,9,41.417359635542915,5,0,0,4,13,3.714605085628755,1,0
2,8,99.0069099241337,6,0,2,5,21,3.786551514889879,0,0
5,8,44.50471008256901,6,0,0,5,29,4.183635309186965,0,0
7,5,51.56038871882676,1,0,0,3,43,3.9310250300754115,4,0
42,1,70.20111153053706,1,1,2,5,19,3.2490726298041515,1,0
7,7,67.21605491090915,9,0,0,4,43,4.134635701333759,0,1
10,10,66.64593348282786,9,0,0,4,26,4.152806391535869,1,0
4,6,82.43099819728786,2,0,0,2,37,4.574403534633188,0,0
0,15,45.62928046220421,10,1,2,2,58,4.300855464963716,1,0
34,0,62.62436391371303,0,0,3,5,41,4.395109123447609,3,1
1,7,59.19454682330637,4,1,2,4,51,4.403921736114828,2,0
49,2,46.81456114015094,3,1,0,4,60,2.5933911816835247,4,0
2,6,61.556274260044596,1,0,1,5,55,3.9404051502165505,1,0
13,10,68.40511420155163,5,0,1,5,40,4.896351800195689,1,0
90,2,,1,1,2,3,33,3.501994229307457,0,0
2,4,76.04154156579871,1,0,1,4,38,3.981802772831072,3,1
8,4,59.39981679141031,2,0,1,2,40,4.345590830322615,0,0
22,3,44.88948230523765,4,0,2,5,56,4.075604011009273,1,0
0,12,39.238823113218956,15,1,0,5,43,4.131374003762039,0,0
17,5,53.07883304815633,1,0,1,5,36,3.8796162244455177,3,0
1,9,39.71006298394279,7,0,2,2,0,3.932646276955491,0,0
4,5,49.33940909161756,2,0,0,2,53,3.4178757676558886,3,0
2,9,42.272736974645206,8,0,2,3,14,4.724842865518604,1,1
35,5,50.17776772180238,5,0,1,3,31,3.96727956769813,0,0
2,11,86.75168642439317,15,1,1,3,7,5.0,2,0
0,7,58.14982514604459,3,0,1,5,32,3.3347051587388155,0,0
13,6,83.58429351816238,4,0,2,3,17,4.156082944493522,1,0
6,4,66.26511934796656,3,0,1,3,44,3.3325596794720953,3,0
7,5,50.66362904734658,1,0,1,5,28,4.41459348879005,2,0
1,8,58.15056618981452,2,0,0,4,31,3.5560371128639896,0,0
20,3,35.23977068375997,1,0,2,5,32,4.363595235860905,4,1
13,3,55.033505590556935,0,0,1,2,4,4.4352096605981775,1,0
6,4,40.337463135224176,4,0,1,4,17,3.28991668395331,2,0
2,2,68.97828521536607,0,0,0,1,47,3.4477553617221797,4,0
13,1,53.47663058743445,1,0,2,2,57,3.8992418725767153,4,1
22,1,55.44581747588673,0,0,2,5,9,4.502586046698766,1,0
5,5,53.73098077646441,7,0,1,2,35,4.108876377733396,4,1
0,7,73.47590763593458,7,0,0,4,32,3.9782430071959234,1,0
3,11,46.65246388991497,4,0,1,4,22,5.0,1,0
17,5,45.66238639614482,2,0,1,3,39,4.666059729177712,2,1
67,1,65.13895189474499,1,0,0,5,4,2.9587109080380887,5,1
0,9,76.29492032118337,13,0,2,1,33,3.9930749978311773,3,0
5,10,64.96918022834801,5,1,2,5,23,5.0,1,0
0,11,92.80279687036986,9,1,1,5,16,4.4727138705646485,1,0
5,8,45.98618045387476,7,0,1,4,30,4.258266840341226,0,0
7,8,30.0,5,0,1,5,6,3.899046007885516,1,0
38,2,67.30845491334068,1,1,1,2,16,3.1044088563228494,3,0
1,13,57.700702304384976,9,1,1,4,27,4.242606333569223,1,0
22,1,67.07345648347878,1,0,2,3,37,3.847939967961155,1,0
7,5,72.84563156280322,6,1,0,5,60,3.0557580921611027,2,1
25,4,37.11970317942024,1,1,1,5,21,3.5001403936390103,1,0
10,1,55.699472599341114,0,0,0,3,14,4.001601170328714,6,0
0,7,68.79090845746111,7,1,0,5,36,3.3966132244486342,1,1
43,6,63.83230730132004,5,0,0,3,14,4.0640705872666745,0,0
1,8,57.35993440480156,7,0,0,4,49,4.518363852957658,0,1
13,4,71.07375866932877,1,1,1,4,49,4.331917265783711,1,0
31,1,74.9497121035596,0,0,3,5,24,4.67182339020587,3,1
1,10,,4,0,0,4,52,4.0104765453785465,1,1
12,1,83.63673435765612,0,0,0,3,20,3.740570986027402,3,1
26,6,41.65807544502062,5,0,0,2,54,5.0,2,1
64,1,68.9316401701657,1,1,0,3,37,3.4480764892332045,2,0
19,3,55.04099050640848,0,0,1,3,1,3.9754902039100157,1,0
4,4,78.82397252157176,5,0,1,3,26,3.7903890334584918,4,0
18,3,70.81597477717438,1,0,0,5,48,3.6068394080361803,4,0
18,5,68.83992440237134,3,0,0,4,31,4.546488247210142,2,0
18,2,63.32983992718346,0,0,0,4,20,2.1274878260067736,5,0
28,4,,2,0,2,2,3,3.8355785262497815,0,0
1,1,45.148679891010275,0,0,1,5,43,4.159033892325697,3,0
1,4,39.25431026979103,2,0,0,5,18,3.3777854449984335,2,0
15,5,50.61463864430606,2,0,0,2,1,3.265554699730268,4,0
46,2,73.6819735425403,3,1,1,5,25,3.62291971575409,2,1
9,7,44.97114778229093,4,1,0,4,33,4.893855122007906,2,0
48,3,78.13528109672689,1,0,2,2,13,3.822158812610113,4,0
41,4,44.612879029946676,3,1,0,4,14,4.03320899676453,0,1
34,7,57.53417029294164,5,1,0,4,19,3.3125409712058,2,0
36,5,66.76647446447178,5,0,0,3,33,4.176354263776238,1,0
34,2,75.39811178348481,1,1,1,5,35,2.9244693700632216,3,0
25,9,54.501084769681924,7,1,0,5,18,2.982196211914405,0,0
17,5,67.21872912648153,3,0,3,5,8,3.804306588291129,1,1
0,4,63.18857481015517,3,0,1,4,6,2.6061541628503853,1,0
2,9,56.25331707522905,6,0,0,4,29,3.8956425402729695,2,0
2,12,,10,0,1,5,12,4.825760771165706,2,0
0,12,66.6006707470639,7,0,1,4,26,5.0,0,0
1,16,60.417945944707434,7,0,0,2,43,4.7001722056414925,3,0
37,0,55.20684564816034,0,0,0,4,34,4.400639154696493,2,1
16,2,61.72163486647198,1,0,1,5,12,3.7655705530985584,1,0
5,7,68.56733616719303,3,0,1,4,14,3.6585073257417013,1,0
23,4,34.8018871044774,3,0,0,2,45,4.217890917519496,2,0
10,3,51.80617149067197,6,1,1,5,55,4.567490952272691,0,1
2,8,45.38722490335512,3,1,0,3,8,4.481701464513963,0,0
32,8,46.52213473749843,3,0,1,3,44,4.138150115166561,1,1
6,9,48.166449577101105,3,1,1,3,22,3.3958102405979775,1,0
18,0,76.47617450314551,0,0,0,3,53,2.5933915109007826,2,1
5,7,64.99862955006624,2,0,0,5,35,4.12611017391788,1,0
10,5,,2,0,0,4,52,4.785557086994228,1,0
25,2,62.78736807053538,2,0,2,3,39,3.0852955960911057,3,0
2,5,66.42330650124234,1,0,1,5,2,3.9673990344143366,4,0
56,2,54.61954094747837,1,1,0,5,33,4.266956884765016,1,0
1,8,40.69013645499875,1,0,2,5,18,4.384054717719285,1,0
11,7,43.670850630372584,5,0,0,3,27,3.5324176568780836,1,1
37,4,36.20756971346558,3,1,0,4,22,2.8871864097143867,2,0
43,4,92.09906373508619,3,0,0,5,39,3.352853994583043,2,0
3,11,34.07000700753961,7,1,1,5,48,4.1949634868999155,2,0
2,6,41.186879760884274,7,0,0,1,44,3.5388666708772822,2,0
19,3,59.64770248138672,5,1,1,2,6,3.867553664799233,1,0
0,19,32.58910120967626,11,1,0,4,40,4.320275554039515,1,0
9,4,42.61721188788904,4,1,2,5,11,3.8160937017632595,1,0
23,4,61.72394140286862,6,1,1,4,60,4.11435993542385,1,0
12,2,63.04801503209372,2,0,2,4,13,3.2641413832255957,2,0
3,4,,3,0,0,2,45,4.463107515611662,0,0
10,4,70.73170676200374,7,0,0,5,14,3.42370656004263,1,0
38,5,59.395070107997476,6,1,1,5,2,4.171822666577705,1,0
14,9,49.66693839015636,3,0,1,4,14,3.816905836157596,1,1
19,4,66.86095558494281,1,0,1,5,50,3.722928164943561,0,1
6,5,80.85755076113887,0,0,2,5,23,3.9109707432199414,2,0
3,4,69.26460697811353,3,0,1,3,51,3.78563754663528,2,1
4,8,47.04360680329094,6,0,0,4,45,4.154784874271156,2,0
11,8,69.21246055287554,1,1,1,3,7,4.430499926898254,0,0
4,4,68.38812010331435,0,0,0,5,4,2.8329401201387507,1,0
11,4,41.443620431492924,3,0,1,4,50,3.8422462569034974,5,1
18,4,56.50428423475973,2,0,0,4,3,4.144754493682695,2,0
19,8,68.49929174794717,8,1,0,5,13,4.247243089787862,0,1
2,7,,3,1,0,4,15,4.668960215648015,0,0
20,6,50.30141677820543,4,1,0,5,19,4.276738884378368,1,0
16,9,38.140919565863264,8,1,1,4,23,3.2150915947756924,3,0
0,13,67.62896914252516,6,1,1,3,5,5.0,2,0
0,10,56.277762243872914,7,0,1,5,54,4.566146792638604,0,0
15,3,63.594981892420115,2,0,0,5,56,3.1211317314873757,2,0
7,5,62.85415333096723,1,0,2,3,30,3.7071577262630053,1,0
2,11,62.22776522455978,14,1,0,5,5,4.036436696353156,0,0
0,7,53.79631949667511,5,0,0,5,34,3.9661280580282,5,1
2,12,73.59872505957219,10,1,0,3,14,4.733771823871875,1,0
47,4,47.26700537078289,2,0,0,5,28,3.9065740371088378,3,1
19,4,63.97952768233703,1,0,0,2,2,4.017545366804758,4,0
11,2,65.85261234673456,0,0,1,3,10,3.697556716879962,6,0
42,3,57.06701785539615,3,0,0,3,2,2.6367985804997796,1,0
14,1,71.89873541590876,1,0,1,5,27,3.358493765732492,1,0
19,5,53.02292197975376,5,1,2,5,9,2.6992878288222766,0,0
4,5,94.45224206628333,5,1,0,3,49,3.6784130063103957,0,0
13,4,63.5489802182554,2,1,1,4,32,3.5792103298056333,4,0
2,3,78.57468204814103,2,1,2,4,47,3.109912070197899,2,0
7,4,73.32077953568506,4,0,1,2,15,3.888560044405228,0,0
0,8,81.35313882876335,11,1,2,5,58,4.271218298130556,2,0
3,7,61.32121923048432,6,0,2,5,9,4.125506465193103,2,0
1,5,76.90703094333392,3,0,1,4,32,3.7494217560536724,1,0
7,4,81.83996203961621,2,0,1,5,35,3.171812990584401,3,0
27,1,64.3199660832546,1,0,0,4,2,4.320323754766433,1,0
7,5,49.52151850321589,2,1,2,5,4,4.4628421049370175,1,0
26,0,87.4463902727442,0,0,0,5,11,4.452645732058347,3,0
16,4,60.285163883957374,1,0,2,4,56,3.461796701781974,2,1
10,6,61.17871981112076,2,1,0,3,43,2.872207817899235,2,0
4,9,,3,0,2,5,12,4.217706621563578,3,0
38,5,48.25159595156868,5,0,1,4,23,2.9058486033776543,1,0
0,9,65.102022167207,6,0,0,3,43,4.240683279686209,0,0
17,4,65.22340496050938,2,0,0,1,56,3.4365547855877203,0,0
14,6,59.84865890468722,2,0,0,4,31,3.9871269910666154,1,0
8,4,59.00119804864269,2,0,0,4,15,3.160337204125094,1,0
4,8,56.6671094118386,4,1,1,5,31,3.7541187492148533,1,0
8,4,54.29822209762465,1,0,0,5,44,3.4586419627951583,2,0
30,3,70.89876678325379,0,0,3,2,36,3.97453883859776,2,1
27,2,64.35519882144327,1,0,2,5,55,4.745916821681583,1,1
42,2,73.96817221582424,0,0,2,3,35,4.259138302706034,0,1
5,4,52.177829150147964,3,1,1,5,20,3.859069118633861,0,0
7,2,76.9169848638445,0,0,0,5,46,4.614952809880981,1,0
0,5,73.37158788830268,2,0,1,4,11,4.160516083957244,2,0
42,1,56.35628035958367,0,0,3,5,50,2.3814511524148907,2,1
5,12,50.00588442507149,9,1,1,3,20,3.894112422024217,1,0
7,4,68.92077025357841,2,0,2,4,59,3.4879516883648503,3,0
35,2,36.209917274889634,0,0,1,5,50,3.721284926942454,1,0
11,4,53.77447805945231,5,0,0,4,20,3.8333136238642003,1,0
12,5,64.13231575081085,4,1,0,4,42,3.968354056581594,0,0
2,7,57.7527091086257,4,0,1,4,52,4.476050309185437,3,0
10,3,43.931961425599845,1,0,2,5,5,4.984787008547926,1,1
37,2,61.355866845398744,1,0,2,3,8,3.73284368490405,3,0
12,5,45.01795001503826,3,0,1,3,0,4.158513019255834,0,0
4,6,,4,0,2,5,11,4.531215642256744,4,0
0,11,54.1285521179662,11,1,1,5,57,3.3060547294689897,0,0
6,4,57.923198467311664,2,0,1,2,13,3.561744190802355,0,0
12,7,47.668988846840136,8,1,1,3,5,4.119076464534001,0,1
0,8,71.60665344737474,8,0,0,2,0,3.9253334952647605,2,0
14,5,57.809110566026376,4,1,2,3,21,4.417497325962472,1,0
11,1,48.929924962213235,0,1,1,4,33,3.654916151791298,1,0
22,6,58.18897075791218,5,1,0,5,55,4.2973572367446025,0,1
0,3,86.02229376715655,2,0,1,5,10,5.0,0,0
22,1,,1,0,1,4,2,4.371618576375437,1,0
11,5,76.13803453407692,4,0,0,4,41,5.0,2,0
6,6,35.824980514833,1,0,1,5,5,3.8906177845079375,1,0
50,1,57.039515162945996,0,0,1,4,5,3.757790347720828,2,0
2,8,45.00117967203635,4,0,1,5,19,4.593638489008871,0,1
11,1,52.20972025079909,0,1,2,4,20,3.837068656476147,2,0
5,5,48.501749638120494,1,0,1,2,1,3.724841150702802,3,0
11,9,79.34087275944765,4,0,1,5,25,3.794703708283169,1,0
12,2,70.75394392312802,1,0,1,3,30,4.0927049046805255,1,0
1,9,48.66916610286826,10,1,0,5,25,3.972998528795534,0,0
16,3,53.029974968589656,5,1,0,2,55,3.895349897350285,3,0
15,4,65.44289924728896,4,1,1,3,31,3.5433716299002063,2,0
22,1,73.3591895959899,0,0,0,5,9,3.9975461867253514,4,0
1,17,75.61489681275414,8,0,1,3,22,4.000072151364472,1,0
5,6,69.52679067072684,3,0,1,5,57,3.734793428622622,1,0
15,2,87.21190026505576,0,0,1,3,5,3.0068413840266843,2,0
2,6,66.40157928570662,2,0,1,4,22,4.8675066358031405,1,0
16,5,53.326509010566944,7,1,0,5,27,3.8385952284240057,1,0
0,12,47.778114653524185,6,1,2,4,48,4.541198600263839,0,0
6,9,43.807003160661516,4,0,1,3,29,3.0515142097445933,2,0
28,2,41.85367213734547,0,0,0,3,13,4.36502273712522,1,0
22,1,70.11972873060732,2,0,0,1,36,2.5419105641199273,1,0
15,2,83.86239265806329,0,0,1,3,54,4.707862858938503,3,1
30,4,61.57111721060053,2,0,1,5,31,3.7464748885673975,1,0
18,2,87.42094303154543,4,0,2,5,48,3.820980406167981,3,0
10,6,60.41284028900612,4,0,3,5,33,3.9341313514786993,1,0
58,2,69.10344307930063,1,0,0,5,40,3.756048099284868,3,1
17,6,36.26549307505045,5,1,1,5,43,3.7701531362848906,2,0
13,8,72.18348322569092,2,1,0,5,50,4.385898031353565,1,0
7,6,50.443086390670274,4,1,0,3,21,5.0,1,0
34,3,72.45901107900009,3,1,0,5,30,3.9004914917376436,1,0
5,2,79.24666131200419,0,0,2,5,6,4.549158587169425,7,0
0,9,64.57208459622805,10,1,2,4,40,4.905978891625804,0,0
3,3,66.49867329407488,4,0,1,2,20,4.243074994513187,1,0
1,3,61.77754587161089,2,0,1,4,15,4.4221160325164695,3,0
5,6,69.5940717349019,4,1,1,4,19,5.0,0,0
26,3,88.09653287776163,4,0,2,5,42,2.9465765894350353,0,0
15,7,60.17241495369574,6,1,2,4,43,3.905624279268568,2,0
2,6,62.472528766099586,8,1,0,4,46,5.0,0,0
23,6,33.32289318661306,1,0,2,5,49,3.7746892367827845,3,0
10,2,66.33095231049708,0,0,0,2,18,3.849797159594565,0,0
10,3,48.283219440532086,2,0,2,4,47,3.4037705508448433,4,0
6,7,57.03249271836607,8,1,1,1,31,3.971699099901085,1,0
29,3,67.16072554798947,3,1,1,5,14,3.582667628159956,2,0
5,16,35.759503989559256,10,1,1,5,4,4.443046945038966,1,0
1,9,66.98423105724318,4,1,1,3,10,3.3089988246037287,1,1
5,7,63.76710486935552,8,0,0,5,14,3.9513530179641463,1,0
18,8,70.54802936543297,4,1,1,3,28,3.8559190736253686,3,0
16,4,50.42253507667037,2,0,0,5,49,2.548928660777899,5,0
3,8,76.68853827090103,3,0,1,5,44,3.821664945929845,3,0
1,7,64.57346394906149,4,0,0,5,3,4.667411415491113,0,0
16,8,49.344222647769044,5,1,0,1,48,3.9054629724246572,1,1
16,3,39.458341419047855,1,0,0,5,35,3.158927296174524,5,0
6,9,51.878172213423014,5,1,0,5,47,4.251948661349267,0,0
27,6,73.06106284058505,5,0,0,3,22,4.772867174406226,0,0
57,5,66.68267708121304,4,1,1,5,14,4.2545440115633575,1,0
3,6,30.0,2,0,0,3,45,4.725789512083332,0,1
12,8,55.004854116298546,9,1,0,5,43,4.036320191007855,0,0
0,4,61.88050241541958,3,0,1,2,2,3.9336865261944163,2,0
18,6,88.6418726337021,3,1,0,5,31,4.332209308573443,2,0
8,4,79.31704206266642,1,0,1,4,9,4.20707632539009,0,0
3,8,57.32155366751518,6,0,0,2,39,3.3927713886436175,1,0
20,2,62.717399022871405,0,0,0,3,37,3.145795023296341,6,0
24,5,39.56014549310214,2,0,0,1,21,3.1637231604887095,0,0
1,9,30.0,6,0,2,4,13,4.459258514348197,0,0
0,11,54.04607585442786,9,0,1,3,16,4.697692502199808,1,0
6,4,75.04698998551972,2,0,0,4,20,4.3585332058349175,2,0
14,3,62.71538858764662,3,1,1,3,50,3.5602192343614982,2,0
23,0,48.76454315373164,0,0,1,3,47,2.8888001203753477,6,1
11,9,73.68667776286179,8,1,2,5,14,4.2937611967545575,1,0
13,5,86.90058571960326,3,0,0,1,57,3.9511079763307424,1,1
24,3,37.66482809594187,0,0,2,5,14,4.914735481272232,1,0
11,4,59.21149703519422,3,0,2,5,0,3.3644362274423356,1,0
14,5,52.0082403492568,5,0,2,5,23,3.6674048902158645,4,0
10,6,60.66542992232406,2,0,1,4,54,3.195597457699798,4,0
31,3,53.1580551419168,2,1,2,5,54,3.5770292421789645,1,0
4,10,101.87747233984473,7,0,1,3,11,4.514322063330392,2,0
4,7,58.20870473040514,5,1,0,2,9,4.210639628293232,1,0
2,7,64.50319872523792,4,0,0,3,45,3.7236262717802466,2,1
25,2,62.51497417864542,1,0,2,5,41,5.0,1,0
7,4,41.203042519036416,5,0,2,1,41,3.710129827902903,3,0
6,8,63.052834913071024,10,0,0,4,51,4.413867569034246,1,0
59,0,37.91966262881488,0,0,2,5,60,2.560802763058426,5,1
39,0,87.04829718718148,0,0,1,5,30,3.249117481700145,3,0
53,3,73.54891982793121,2,1,1,4,10,3.5406863312431707,1,0
2,5,51.34798568237706,1,0,0,2,53,5.0,0,0
33,2,57.49638938845372,0,0,1,5,15,3.240853393001502,2,1
5,6,75.39329691091818,4,1,0,4,60,4.332799563253859,2,0
0,6,64.09210122806037,8,0,0,2,8,4.509273001655456,0,0
7,4,35.226800341182575,4,0,2,2,46,4.552449854890773,3,1
10,5,62.52411913092562,0,0,1,5,13,3.6763852228841776,2,1
1,12,76.28147907708808,14,0,2,5,18,4.826941300556881,1,0
11,4,30.0,1,1,2,5,30,3.3160971342964674,1,0
25,2,62.069629732456875,3,0,3,5,8,3.758066390076839,4,0
7,6,47.46596712318278,4,1,2,4,35,4.965507408391789,0,0
6,8,79.01208763125538,4,0,2,4,52,3.563287966665898,1,1
6,7,53.20598935066224,10,1,1,4,38,4.172152897680627,0,0
38,2,51.66513174890622,0,0,1,3,53,4.3403350679484545,4,0
0,8,72.41574408551526,5,0,1,4,25,3.8935780321396134,0,0
8,5,46.537118820626844,2,0,1,5,7,4.5089313142697005,2,0
4,6,61.25785034757385,4,0,0,4,23,4.346505085898473,1,0
33,1,64.21685265756456,0,0,0,5,7,3.499981154066131,1,1
1,6,57.090274499325254,5,0,3,4,18,3.7091550386267618,1,0
7,6,40.442780361041436,7,0,0,4,46,2.804153832816368,1,0
7,0,46.925736727486814,0,0,1,4,47,3.8469694122319082,2,0
32,6,58.04041631418016,3,0,1,4,29,3.995410960050183,1,0
3,10,31.588574206556377,3,1,2,5,57,5.0,0,0
15,7,61.282031495614035,4,0,0,3,21,3.986922646552068,1,0
2,11,56.050719267547464,8,1,0,4,54,3.8682419943350954,2,0
46,0,68.58384763752488,0,0,1,2,8,3.5433076119827662,2,1
13,4,69.74321987209669,2,0,0,4,57,3.372702368909956,2,1
14,5,43.16279377960337,3,0,1,4,57,4.9659809638800665,0,0
8,3,52.20933524208051,1,0,2,5,43,4.896183538879669,2,1
6,9,46.083056920488104,7,0,2,5,47,3.714929561552181,1,0
3,7,52.10382010818378,4,0,2,4,3,3.544617317304057,3,0
13,4,56.22053659113491,2,1,1,5,36,3.73894087015222,1,1
46,0,,0,0,0,4,7,3.3211643991526367,3,0
6,7,51.060942944041784,2,0,2,4,0,4.342045114649153,1,0
32,5,73.29905414762482,4,0,0,2,27,4.261851249871532,3,1
2,7,63.90405353766683,3,0,2,3,5,3.0022912593223734,2,0
41,0,80.78840573900362,0,1,1,4,46,4.927938286448388,2,1
6,11,54.69911447495008,6,0,1,4,35,4.435042811749001,1,0
7,7,47.798210620868225,2,0,1,1,52,3.5293580853376367,1,0
9,3,62.16025747699864,3,0,1,2,10,3.113781784353817,4,0
19,1,35.89258613045264,1,0,0,3,4,3.2196948257425144,4,0
19,2,62.364679458096546,2,0,1,5,49,3.961384432554398,2,0
9,2,,2,0,0,3,23,5.0,1,0
11,6,76.47672155223773,1,0,1,4,46,5.0,0,1
0,12,66.09127776537095,11,0,1,3,17,4.440136675668825,0,0
5,8,57.85670496314153,3,0,1,4,19,4.1861780277429865,1,0
6,6,89.11591446390051,3,0,2,3,27,3.5421837906911935,0,0
12,3,59.85985369873136,4,0,1,3,12,3.964011487207399,1,0
12,7,44.12112029375142,5,0,0,4,4,4.343256616706803,1,0
18,2,59.48350189889389,2,0,0,1,29,2.9547020381541875,7,0
18,4,39.83612463072229,1,0,0,1,0,3.1710991013324077,2,0
4,9,41.492645903278614,7,1,1,3,21,4.502560754295143,0,0
22,3,63.62471235187234,2,0,0,1,17,3.8025686898051254,1,0
0,5,40.111870237247224,3,0,0,2,45,4.138930775323368,1,0
18,1,50.75044101076633,1,0,0,3,4,4.587455513753006,1,0
1,8,42.4711414997485,4,1,0,5,30,3.960817122941683,0,0
19,7,62.104350560721834,6,0,2,4,5,3.042107760009443,0,0
11,6,49.32252430179401,6,1,0,4,26,4.409563760775351,0,0
8,8,67.9816837620014,7,0,1,3,55,4.949215846920576,0,0
17,4,66.77006202576169,3,0,1,5,24,3.7313601395863873,1,0
0,9,40.434670779148504,8,0,1,4,28,4.449819611904115,0,0
3,10,73.8128467984969,3,0,0,2,27,3.3917007146205744,1,0
14,1,57.42653237138697,1,0,0,4,15,2.5568058321989615,2,0
28,7,,13,1,2,2,53,4.715355514915054,0,0
7,5,65.5937165777771,2,0,1,3,52,3.252174407638272,2,0
4,4,86.4103206060364,2,0,1,4,11,3.720772333465445,0,0
10,5,57.053711263427076,5,0,1,5,19,4.1681588723950584,1,0
14,4,35.27764567756537,4,0,1,4,17,4.254651916339943,1,0
8,5,73.84241384405905,7,0,1,5,33,3.895864943668624,2,1
31,2,83.6312779368194,0,0,1,5,54,4.262165244702388,3,1
11,5,43.79652807561601,3,0,0,2,52,2.9686488940946445,2,1
0,9,48.06434542030656,1,0,1,3,22,4.181168218293075,1,0
3,9,60.53187537620253,5,0,1,4,44,4.271305994542475,0,0
8,6,30.990166301885267,5,1,1,4,26,4.584989983378488,0,0
17,5,91.22526117585429,4,0,1,4,48,3.2832993752786446,4,0
3,10,59.23805668354197,4,0,1,5,16,4.3466378115120206,1,0
56,2,60.61898768988029,2,1,2,5,47,4.147848139043927,2,1
5,4,65.3607753689714,2,1,1,4,20,4.533225041115827,1,0
11,7,56.12553578677665,12,1,0,3,49,5.0,3,0
0,9,52.26955512424328,8,0,1,5,39,3.493288142793321,2,0
32,3,45.87830814614477,1,0,2,5,30,3.8662461797410925,0,0
23,4,42.32666828753612,2,1,2,5,2,2.931805332339251,0,0
3,10,,4,0,1,1,16,3.153374013005223,0,0
40,2,80.28932315333275,1,0,1,4,60,4.237315694516883,1,1
5,4,74.24933199498741,0,0,0,2,49,4.226204509411711,1,0
17,2,55.66328813124879,1,0,0,3,57,4.833158974982038,1,0
25,0,57.11126973758135,0,0,0,2,25,4.647809170505279,3,0
20,5,84.27426908683644,3,0,2,4,22,3.0674440533604543,2,0
37,2,48.0194025781139,0,1,0,5,5,3.656062115831751,0,1
29,2,34.97251760402043,2,0,0,2,27,4.0692425299270445,3,0
78,2,63.77221013108098,2,1,1,4,7,4.475496481208632,1,0
3,8,72.78763866553638,4,0,0,4,54,3.5185819079836813,1,0
5,9,30.0,6,1,2,4,57,3.462584896309641,0,0
15,4,65.97407518057909,4,1,0,2,44,4.0876896407787155,0,0
19,4,43.07491331554068,3,0,1,4,7,3.337913079344612,0,0
11,6,38.72197278487766,5,0,1,5,18,4.250768974613873,1,0
1,8,55.662354752593274,6,0,2,2,37,4.383908737241435,0,1
27,4,42.677553888741215,4,1,3,2,28,3.732463987550124,1,0
48,3,,3,0,0,4,22,2.957231741543713,2,1
7,7,61.623741788502,6,0,2,5,46,4.0472471026738965,1,0
3,16,59.33524211145157,11,1,1,5,31,5.0,0,0
0,10,34.230291020613194,2,0,2,5,9,3.902004702015334,2,0
4,11,38.89551309370266,9,1,0,4,26,3.8655773226683814,1,0
18,4,66.97482612698686,1,0,0,4,48,3.1784136798184823,2,0
36,1,67.92747212881538,0,1,0,1,0,3.922924827045869,1,0
1,8,30.0,2,0,0,4,38,3.459913376865925,0,0
12,2,41.046885421096796,0,1,1,5,28,4.525451832971681,2,0
17,4,58.760471393955314,2,0,3,4,58,3.8891751539388397,2,0
4,6,66.3470718374767,2,0,1,5,44,4.034958701618386,1,0
12,7,66.16217667666467,5,0,0,5,2,4.050008010604205,0,1
18,7,69.04451984408162,5,1,0,2,50,3.665797072335145,1,0
27,2,49.19418296666792,0,1,1,5,46,4.1301603781513645,2,1
9,3,62.66831245934948,1,0,0,2,36,4.055986913882532,2,0
20,0,54.09208903187911,0,0,2,4,30,4.716856297249973,5,0
5,8,51.59292089572166,10,0,2,2,10,4.411768328434398,0,0
3,9,,10,0,0,1,21,5.0,1,1
3,2,64.46025094331517,0,0,0,4,17,3.261465363602185,2,0
6,5,35.26164333290821,1,0,1,3,34,3.803986063344131,1,0
0,10,42.442337787463224,6,0,0,4,5,4.7152098790312245,0,0
4,8,70.29728060290006,8,1,1,4,2,5.0,0,0
15,6,57.51110139828516,6,1,0,1,4,3.8909954705501857,0,0
15,3,75.77284579822111,1,0,1,2,8,3.331286738645237,2,0
1,3,54.95271205350959,0,0,2,4,27,4.601333529058302,4,1
5,9,51.66756754095533,8,0,0,3,18,5.0,0,0
12,5,77.20472463460023,4,0,1,5,27,2.7773801811733976,3,0
5,4,53.99667882305924,3,0,1,5,26,4.678237381249441,0,0
8,7,64.21874046331376,2,0,1,5,12,4.010127286677497,3,0
18,2,57.564961150055886,2,0,1,5,60,3.4394681136191583,2,0
0,6,61.80313077587084,1,0,1,4,37,3.7873143127082782,2,0
4,6,56.67893165771706,3,0,1,5,42,3.646290440846684,1,0
2,5,73.16910324124888,4,0,0,3,52,3.875992383009592,2,1
2,8,61.02142446218393,2,0,0,3,20,4.811692180252144,0,0
47,0,,0,0,1,5,26,4.361954384461693,4,0
7,2,63.81060198833222,4,0,2,4,45,4.83402727283834,3,0
11,4,36.78047081630932,1,0,4,5,5,3.768175160885621,2,0
19,2,75.1900774695547,0,0,0,5,37,4.326180173057839,1,0
0,15,37.40226173554302,12,1,1,5,48,4.484057273168486,1,0
4,9,50.043815419385524,9,1,0,5,10,4.254513864511237,1,0
26,4,53.212122899630906,4,0,1,4,46,4.438372873654035,3,0
29,0,63.73961298189386,0,0,1,3,40,4.473677399788279,1,0
7,5,84.30382484108438,4,1,2,4,52,4.122639455119197,1,0
7,5,,2,0,1,4,16,3.569742420653471,3,0
21,5,37.916072228650144,7,0,1,4,55,4.104758109360582,1,0
5,13,46.712182213878066,8,1,0,5,38,4.088235855616297,0,0
1,8,39.00753410300357,5,0,0,5,6,4.215126391560584,1,0
4,10,40.5009781918489,4,0,0,4,29,3.966326847827408,1,0
7,10,51.14848886780135,9,1,2,3,20,5.0,0,1
0,2,79.6460541531865,2,0,0,4,0,4.167243830477035,2,0
9,9,56.31499637514442,6,0,0,2,24,4.636833991948267,1,0
20,3,58.26230401510494,1,0,2,5,31,3.3726693833040993,4,0
10,3,63.43328145738828,3,0,1,3,58,3.9900989870128187,3,1
1,8,45.90709976115329,2,1,1,3,56,4.23790137456331,1,0
8,5,58.93806840915938,2,0,1,1,7,3.9404556113384057,2,0
18,6,63.7019742277271,3,0,1,4,4,3.3027768526239125,2,0
0,7,96.88684359242839,8,1,2,4,29,5.0,1,0
0,10,,5,0,0,3,50,4.756318169831453,1,0
6,6,84.68971424929642,5,1,1,2,7,4.2930756480048045,2,0
3,7,60.43442114491237,2,0,1,4,48,3.6792525784256234,3,0
40,4,67.92680699976638,5,1,1,3,18,4.605379051369817,1,0
13,4,,4,0,0,5,43,4.607104693178421,1,0
5,6,33.170791061429725,3,0,1,4,58,3.5902264844634217,2,1
18,1,30.0,0,0,1,4,54,3.5599065235762337,3,0
7,3,43.127832796755854,1,0,1,3,29,3.577406909784477,1,0
2,7,78.65213412978824,4,0,1,5,14,3.9542756841840974,2,0
4,7,54.07367829030088,3,0,1,4,35,3.566977946314748,0,0
15,3,71.67709381792493,4,1,0,5,54,3.5687055670175614,2,0
0,11,79.56966296306824,7,0,1,2,43,3.4567030683503015,0,0
4,1,40.75193264108994,0,0,1,4,26,3.992546567888868,0,0
3,4,82.13849479273915,0,0,2,1,12,4.244051113236638,1,0
3,6,42.56351393531904,0,0,0,4,13,3.465208938541022,2,0
17,9,56.904372025715055,7,1,2,5,36,4.277381709494334,1,0
26,0,43.80328705183509,0,0,3,4,53,2.8977319613424495,3,0
18,4,63.55578603660684,3,0,0,1,47,3.4017899924240416,1,1
15,3,57.572155026886165,0,0,2,1,29,4.321363554359516,1,0
37,2,71.95548913081481,1,0,1,4,38,3.8555854631836524,1,0
0,3,74.99517790999012,1,0,2,3,46,4.519396973550863,3,1
2,10,83.7028207118586,5,0,1,1,12,4.275024507554774,0,0
8,7,71.276503458641,3,1,1,5,57,4.286812972943214,0,1
6,7,72.2223730302752,3,0,1,4,15,4.359744797691062,1,0
8,7,53.2772251763437,1,0,1,3,43,4.284691950681666,0,1
3,9,57.330434493076496,4,0,2,5,6,4.287812800246218,0,0
2,9,64.70945521030833,8,0,1,2,47,3.8717911848027082,2,0
10,7,41.387727666601954,6,0,1,5,54,2.802622960884255,1,0
39,3,76.84920362129799,1,1,0,3,54,3.958549516746961,1,1
7,7,57.99308712498869,5,0,0,5,26,3.614438821392703,0,0
0,8,62.91488325884152,2,0,1,4,44,4.108440296915183,3,0
18,6,37.22643196900829,3,1,1,5,60,4.75732053870079,0,0
5,7,54.54444624431574,3,0,1,5,54,3.2683530418814772,0,1
4,7,72.94020871706584,4,0,0,3,34,4.653414366803991,1,0
5,5,66.29246505250245,0,0,1,5,14,3.899328999184884,3,0
19,5,72.4432979446182,1,1,1,4,27,3.8767171741229607,0,0
25,5,,3,1,1,4,34,4.31383134965408,2,0
13,9,61.934248582207836,10,0,1,3,6,4.166190852885455,0,0
5,6,58.443571044995686,3,0,0,4,49,3.841277117925803,1,0
5,9,69.96746774072828,6,1,0,3,45,3.3623167317776232,0,0
1,7,63.9124476546176,2,0,1,4,49,4.107029354610188,0,0
40,3,54.25731227024164,2,1,0,4,50,4.411550880995599,1,0
15,5,30.0,0,0,0,5,45,3.523753412719592,2,0
0,5,62.55808821353538,2,0,1,5,19,4.171549603697087,2,0
16,7,34.82993362834216,5,0,1,4,31,3.117207787192068,3,0
8,3,70.33689297406083,3,0,2,3,37,3.425484109622828,1,1
53,0,72.4792219817763,0,1,1,3,60,3.148320274461797,4,1
25,2,30.0,0,0,2,3,39,2.984441685477658,1,0
2,2,,4,0,0,2,31,3.5480711424766196,4,1
19,2,64.1236067742982,1,0,1,3,25,3.869418055773925,6,1
9,7,65.64148934570085,3,0,2,3,57,4.441210640004847,1,0
3,5,41.515583042381536,2,0,1,5,38,4.100722995736018,0,0
17,9,67.15287803912516,6,1,0,4,19,4.131498873008068,0,0
11,4,41.11268550508902,5,0,0,3,17,3.645642238883287,0,0
0,9,70.35250156399125,10,1,1,4,49,5.0,0,0
15,4,66.5076982192939,1,1,1,2,14,3.799172250595073,0,0
15,1,55.05069343920693,1,0,1,4,51,3.490462666460993,6,1
2,2,66.37194205306915,1,0,2,4,21,3.94248009727474,1,0
6,3,45.79544630535045,1,0,1,4,50,3.3949224854054707,2,0
13,6,51.620772591291036,3,1,2,4,21,3.5268153417411945,1,0
2,11,77.4600288383835,12,1,0,5,52,5.0,1,1
28,3,76.86931369976242,2,1,0,5,20,4.706908659642391,2,1
0,10,43.536818351264614,6,1,0,4,1,4.449558375577973,0,0
1,8,50.713341549991675,6,1,0,4,39,3.847089507443003,0,0
1,6,51.66809428099799,3,0,1,4,52,4.417788023313391,1,1
11,8,60.93089742384852,3,0,0,3,42,4.122013280640828,1,0
14,7,57.988537388380514,6,1,1,4,17,3.5288927284407587,1,0
7,4,79.37709382709325,5,0,0,1,22,4.283242381557321,1,0
5,7,83.00869580402977,4,0,2,4,12,5.0,3,0
24,4,87.04889341778855,4,0,0,4,40,3.4891336122308827,1,0
1,13,92.39149341818623,5,0,1,3,8,4.686973030778234,1,0
4,14,36.30357370055433,15,1,0,5,48,4.680551810890755,1,0
0,11,57.16554221621853,8,1,2,5,6,5.0,0,0
0,7,49.592284960624454,3,0,0,5,40,3.0547782634839993,2,0
6,4,46.53274960247805,3,0,2,4,53,3.4186265101200193,2,0
3,5,81.13151214771136,1,0,1,5,0,3.9550367239859394,1,0
4,3,66.31137302261618,1,0,0,2,1,4.654383000917712,2,0
25,5,36.16290187245317,3,1,0,5,3,3.602989338678216,0,0
2,9,98.90253554741096,4,0,0,2,13,3.7436243823743824,1,0
22,1,32.76878778625978,1,0,2,5,31,3.8354067201537303,1,0
16,3,54.6916349582443,1,0,0,3,35,3.251473168367964,2,0
5,6,61.31723173402285,2,0,2,5,1,4.046850348242656,0,0
11,7,43.02820895018651,5,0,1,5,39,3.726058835832732,2,0
8,8,68.25194462588644,4,0,0,2,49,3.241449794056665,3,1
2,6,50.735639851614415,3,1,3,4,50,4.296814241555066,2,0
35,1,72.34509901690551,0,1,0,5,13,4.63555946573243,1,0
12,3,65.98434724552227,2,1,0,4,19,3.798350904069275,3,0
31,3,30.0,1,0,0,5,24,2.4670257002995113,3,0
26,4,36.74557486059257,1,0,1,4,41,4.044427875543265,3,0
1,9,72.73100008292242,3,0,1,4,48,3.489949277554307,1,0
3,5,66.06149273001424,6,1,1,3,7,3.7392746817568487,0,0
2,8,44.609879165686905,3,0,1,3,27,4.193988599678347,2,0
26,4,,3,1,1,5,45,4.042890210868321,2,0
29,5,58.68172325661292,3,1,2,4,20,3.9471744722414943,0,0
11,2,30.0,2,0,0,4,22,3.070462405566358,2,0
1,8,94.07301788985384,6,0,0,4,31,2.9942598512050806,1,0
2,7,45.29409282951495,4,1,0,4,7,4.495442892229677,0,0
25,1,60.46183790953404,1,0,0,5,30,3.8728761836358316,3,1
39,3,85.06039319191484,1,1,3,5,36,4.777784294983834,1,0
3,13,57.23847407936849,11,1,0,4,15,4.038575845114277,0,0
0,14,64.83029230317084,14,1,1,5,39,3.8386164119559445,3,0
6,3,45.64550504550647,0,0,0,5,41,2.8237927704687245,4,0
0,7,51.775457629099776,3,0,1,4,26,4.105319373868881,0,0
26,2,,2,1,1,5,39,4.186781772913297,2,1
10,6,79.19537204277786,7,1,0,3,40,4.0307165439852515,0,0
15,10,49.99032396155159,5,0,1,2,17,4.267693504389156,1,0
7,6,48.853020720760405,6,0,2,5,34,4.908909743798696,1,0
6,8,47.08034946226576,3,0,1,4,48,4.191729898103165,0,1
3,9,65.73715310945441,3,0,0,5,51,4.689138032697199,0,1
22,3,68.722245754205,3,1,0,5,14,3.7678757890599655,1,0
17,8,,5,0,1,2,52,3.9804618731179144,2,0
6,9,61.017408097510085,8,1,1,5,26,3.9849478667177634,0,0
5,6,64.52216484203316,2,0,1,4,16,5.0,0,0
0,6,81.07652557003058,2,0,0,4,39,4.822899462294533,1,0
0,8,41.64353701662747,4,0,0,4,1,4.09752709859006,2,0
14,3,43.181612727388455,2,0,3,5,48,3.9942015872991563,4,0
10,7,69.62302773268603,4,0,0,1,49,4.724370029144685,1,1
8,10,59.08347784643344,12,1,0,4,30,5.0,2,0
26,1,,2,1,1,5,60,3.4051072222016567,1,1
10,6,76.51950989841748,7,0,1,5,36,3.451699173189167,5,0
7,5,64.18987733019715,3,0,2,5,40,5.0,0,0
2,7,59.00569350878478,3,0,2,2,40,4.055039372676656,2,1
25,5,57.63854508692929,5,1,0,3,33,4.126220882050582,1,0
12,3,59.550235063588225,0,0,0,4,33,3.850567435697553,2,0
1,14,60.91218241890186,12,0,1,5,50,4.538379600408688,2,0
15,7,81.32058528648125,4,1,1,3,54,4.122086329193783,2,0
8,4,30.0,5,0,1,3,58,3.594670342570637,1,0
25,2,53.708165927971585,1,0,1,5,2,3.2931908219094628,4,0
37,3,63.07184767381543,0,1,0,1,16,4.300875791020605,1,1
13,6,50.957665235393485,6,1,0,5,13,4.102580453677035,0,0
19,4,55.708565070451655,1,1,1,5,13,4.4287116912099425,1,0
0,20,53.38233761488134,15,1,1,5,45,4.9439814930074295,0,0
12,3,79.54949068693342,2,0,1,3,37,3.9527178599904818,2,0
21,6,53.65304983842255,6,0,2,1,34,4.577890278223143,0,0
10,11,49.18712300071109,9,1,1,5,0,4.303437335296296,2,0
13,1,71.70780813504537,0,0,1,5,47,3.7602740676929263,4,0
34,3,51.97712638516896,2,0,1,5,28,2.763298975421543,5,0
3,8,57.475221290149776,3,0,0,2,3,3.8376484720778787,2,0
1,3,43.398879110349874,2,0,1,5,60,3.716776518243039,0,0
17,2,53.9131431793949,0,0,0,5,32,4.06629452946719,1,0
25,15,59.47710187429808,9,1,1,5,16,4.721412534875869,4,0
28,3,41.02643719660878,2,0,1,5,27,4.173966332380561,3,0
15,4,58.498393670755846,1,0,1,5,49,3.849859515465981,1,0
26,6,67.6987491875675,4,1,2,4,25,4.9118750566135745,0,0
18,7,30.126662910941235,8,0,1,2,7,4.093036827619108,0,0
1,7,50.21588409499368,3,0,0,4,33,4.097368959431193,0,0
21,4,98.31004139093798,1,0,1,2,58,4.501368234524317,1,1
2,5,56.93157511517466,2,1,2,4,17,3.907545641927913,0,1
4,2,77.08152191013446,0,1,0,4,30,3.8058018715224313,1,0
7,3,59.58610564808844,0,0,1,2,58,4.2271167863222106,2,1
5,11,55.05052641252586,12,0,1,3,26,3.9055733745543266,2,1
5,10,74.00032462733867,6,0,1,2,15,4.979363169157579,1,0
2,7,77.95638719789534,5,0,0,5,57,4.736783099487014,1,1
5,8,46.61506066152771,10,1,4,5,9,3.767653925505563,0,0
0,11,43.53492175488817,6,0,0,2,39,3.4942993228224295,2,0
9,5,,3,0,2,5,11,3.6365287315850408,2,0
21,6,46.82657172906063,9,1,0,4,21,5.0,1,0
29,3,77.04372474543804,3,1,0,3,15,4.250696476089182,2,1
25,2,60.46789094321708,2,0,1,2,11,3.3920427908412107,1,0
8,1,77.7599501659672,0,0,0,4,10,4.953041973431511,0,0
19,4,44.49841924907732,3,1,0,5,19,5.0,0,1
5,3,44.955410246186574,1,0,1,5,50,4.039680212023139,3,0
0,11,54.113538675934336,7,0,1,2,0,2.9787810589613875,2,0
16,7,64.45293449043905,3,0,2,2,26,3.971972122297716,3,0
15,5,57.90203230384624,4,1,1,4,2,4.29630010373202,1,0
24,3,70.46875888036331,3,0,1,3,11,4.940694262080806,3,1
14,9,66.21557563884414,7,1,0,3,29,4.559311136439936,0,0
2,8,67.31311643491462,2,0,1,3,8,4.444144304329948,0,0
28,2,70.27324539321333,3,0,1,5,52,4.112082900209342,3,1
14,8,76.44469754720896,5,1,0,5,60,5.0,0,0
24,2,30.0,2,0,0,4,53,3.7435154990839963,1,0
22,2,59.81470869854572,2,1,0,5,36,4.318874165447684,1,0
5,9,72.64066642955316,3,1,0,3,0,4.345186090694245,1,0
1,4,97.85830525205606,1,0,2,4,41,3.4904007615753603,1,0
2,9,58.49802758549068,13,0,0,3,48,3.6515660836590733,0,0
1,9,30.0,6,1,1,4,3,4.414445653042093,0,0
4,13,81.38021035273842,10,1,0,5,14,4.299931580367931,0,0
9,10,41.73723851156166,6,1,1,4,50,3.7277227292237165,0,0
35,4,,4,0,0,4,26,4.245401296546398,0,0
30,3,68.06853849610161,1,0,0,4,7,4.428678557882726,2,1
19,4,61.892311402087344,3,0,0,2,59,3.5971440619180703,1,1
0,14,30.0,10,1,0,5,59,4.0320492419050815,0,0
6,7,54.55280699725221,0,0,0,4,22,3.166598465503449,2,0
17,3,36.45708279799801,1,0,0,4,14,4.1092901472835885,0,0
2,7,66.80599312214166,6,0,3,4,26,4.424003843068283,3,0
24,0,46.72304623340354,0,0,1,4,30,3.194499485547282,3,0
36,1,,0,1,1,2,38,4.015940617739687,0,0
6,4,70.6743144245451,1,0,0,5,46,3.317717027814813,1,0
18,5,40.98960862165974,3,0,1,3,7,4.657445788391541,0,0
2,10,62.01967656560575,6,0,3,5,29,3.71843952110152,0,0
17,6,48.94609353374351,7,1,0,5,57,3.6183682360004616,0,0
0,9,73.01858805505226,7,0,0,5,54,4.548578246756793,3,0
2,12,72.3929740211398,6,0,2,4,41,4.866770544526067,0,0
18,0,63.56909457199126,0,0,2,4,17,4.841403518271182,2,0
18,5,58.388482346303725,3,0,0,2,3,5.0,4,0
15,5,53.38842796501156,1,0,1,5,46,3.5359426968654604,0,1
9,2,41.925648312224894,2,0,2,3,42,4.602162223291215,3,0
16,4,51.17764022703294,1,0,0,4,21,2.259461296382828,2,0
22,1,67.17585558106165,0,0,1,3,2,3.283452890619433,4,0
50,2,89.3190251438641,1,1,0,2,14,3.4318037116110442,1,0
32,4,,2,0,0,4,34,3.819867701988937,1,1
23,4,70.72516238406257,0,0,1,2,46,4.291724810552166,0,1
17,1,58.38275806747388,0,0,0,5,37,3.1064934483200966,3,0
12,5,67.8940084544976,2,0,2,3,32,4.245662286104387,1,0
1,10,30.0,6,0,0,1,13,4.491079423635092,1,0
2,12,49.17168417266906,7,0,0,4,47,5.0,0,0
25,7,70.55502291184196,2,0,1,1,0,3.9022136829148684,1,0
24,2,70.82398879983957,1,0,1,3,52,3.881481969271295,4,0
14,3,51.84977550561563,1,1,0,5,48,3.9696395277327827,2,0
8,8,40.37444170356025,6,0,1,2,25,4.503204843125391,1,0
0,9,58.9350542583518,5,1,0,5,7,3.0701132345372066,0,0
5,11,53.483222011494306,4,1,0,1,49,5.0,0,0
8,3,74.1092200983581,0,0,1,3,15,2.970916149877689,3,0
9,5,70.54957447332124,5,0,0,5,37,3.7257650774233007,2,0
39,2,83.23523634923683,1,0,0,3,9,3.9427982109511706,2,1
1,12,76.65683887944586,8,1,0,2,41,5.0,0,0
10,4,55.88843701070682,2,0,0,4,36,3.8242368569142156,2,0
6,5,65.22965535863173,2,0,0,3,25,3.6052005973446795,2,0
69,1,90.51618488683194,3,1,1,5,27,4.526023209366529,0,1
29,2,53.994595402433504,1,0,0,3,11,4.705186548222894,5,1
8,6,62.62391939614284,3,0,2,5,19,3.921495379020413,1,0
90,0,59.93431434164599,0,1,1,5,48,3.014604312272382,4,1
10,3,60.24905059981398,2,1,0,4,13,3.0893864123704624,1,0
2,10,46.88846632217316,11,0,1,5,45,3.326545637003091,1,0
12,2,79.62655533656786,2,0,0,4,34,4.122116562950149,1,0
3,8,46.24226490304756,5,1,0,5,28,4.071249241672946,0,0
15,2,87.87088038555436,4,0,2,2,11,4.524663695942661,0,0
41,5,84.58066407097894,6,0,1,5,51,3.8318365652127246,1,0
23,10,63.76341923274605,6,0,1,4,17,2.9946568297585854,1,0
4,7,60.084582183894,7,1,0,4,43,3.8295459763641597,2,0
5,6,48.34534788237213,3,0,2,4,1,3.768165284438963,2,0
1,14,61.06422735759621,10,1,1,5,1,4.317950681240643,2,0
5,4,76.20157561416785,3,0,3,1,58,3.4564300283843186,4,0
1,4,49.73651918590019,2,0,1,3,16,3.8905149446864904,1,1
10,4,82.01822902124722,4,0,0,5,9,3.5549331792005985,1,0
18,1,,1,1,0,5,17,2.874013437778968,1,0
20,3,58.40840106451886,2,0,1,5,21,4.6229754022318685,1,0
0,6,71.94147603083316,5,0,1,5,18,3.354196527732279,1,0
6,5,46.311105710140986,3,0,2,5,57,3.3650384569320897,2,1
5,7,58.4547759946829,7,1,2,5,52,5.0,0,1
1,7,,5,0,2,3,0,3.8034123251669585,1,0
6,9,77.91109602563583,6,1,0,2,23,3.6628318216468876,1,0
5,6,67.47446620856638,3,0,0,5,60,4.837117035336339,0,0
15,5,,5,0,0,4,35,2.8615762411072563,1,1
32,0,58.8867776538745,0,0,0,1,24,2.1716488138896315,2,1
9,10,59.56865407338373,7,1,0,4,35,4.021469000240682,0,0
20,3,48.39407664586396,2,1,3,5,30,4.218803052327147,1,1
2,10,69.78103074471822,2,0,2,4,30,5.0,1,0
33,8,75.66599647658911,4,1,0,4,1,4.683554974914886,0,0
2,12,56.21795742634014,4,0,0,4,18,5.0,0,0
3,8,67.01099625040297,7,0,0,3,52,4.449424057072596,2,0
1,2,49.08524802774218,2,0,3,4,11,3.9546601380077044,1,0
5,7,58.99892148311867,3,0,2,4,9,4.064447657088351,3,0
12,8,47.306683546011264,3,0,1,2,30,4.2548220618023125,0,0
66,3,56.595564729427856,2,0,1,5,44,4.80767770400234,3,1
23,7,61.79099359552131,6,1,1,4,60,4.023595378613321,1,0
7,6,69.06655973223758,6,1,0,5,21,2.39281031537159,1,0
12,7,50.810644597081726,5,0,1,5,22,3.2013782198316836,1,0
14,7,67.14249675413672,7,0,0,3,51,4.354546291486132,2,1
25,3,,3,1,0,5,22,3.0070649233450317,3,1
20,7,,10,1,1,4,14,4.2098289111423295,0,0
12,5,93.16518214871212,4,1,1,5,25,4.181797164320869,2,0
16,7,54.42918056980959,2,0,0,3,2,4.571581707385394,1,0
20,5,39.993738640140215,3,1,0,5,22,4.123555378001934,2,0
2,7,73.44999187719726,5,0,0,4,19,3.7968379851520533,0,0
3,7,64.2904794335449,8,1,1,3,60,2.5113063630197345,0,1
17,1,66.87561289381065,1,0,1,2,44,3.4116659908423177,0,0
28,2,79.07814309174061,0,0,2,5,39,3.299996862805178,1,1
7,8,49.33897283524398,6,0,0,5,56,4.130095365217039,2,0
58,4,49.78195549100006,2,0,1,3,38,2.762039554808576,3,0
3,5,68.1686317634689,3,0,1,4,55,3.8438131146429315,3,0
8,10,75.59418986436971,12,1,0,4,7,4.729071653775145,2,0
7,5,63.55912515484366,4,1,2,5,17,3.9908145087010243,1,0
39,5,58.92852499338202,2,0,1,3,40,4.532086178537163,1,0
5,9,64.84189433117335,6,0,1,5,5,3.6601908525468176,0,0
9,3,71.00321735958241,0,0,1,3,26,4.30343653224739,1,0
3,6,,0,0,1,4,35,3.9100672617840546,1,0
11,4,45.148149811675324,1,0,2,2,14,3.7697029034385445,4,0
29,3,58.66814197384325,3,1,0,2,36,3.3288905314986104,0,0
5,3,70.35126588091758,3,0,0,4,57,4.834813546959555,0,1
24,4,92.57298062939589,4,0,0,3,4,3.2213402754259275,4,0
36,1,58.29946814419157,2,0,0,5,38,4.138692566949013,0,1
1,6,63.678751295752,5,0,1,1,8,5.0,0,0
21,4,50.02457977822451,2,0,0,4,6,3.485990716481391,3,0
4,8,69.85697023764158,3,0,0,3,40,3.9296645498831144,1,0
2,9,,7,0,0,1,19,3.5946386415703295,2,0
13,3,59.82883264508012,2,0,2,2,9,4.311399897108268,4,0
18,5,45.749016053191255,3,0,0,4,25,4.100562770218521,6,0
7,7,30.0,3,0,0,4,3,4.883237097162869,1,0
0,8,100.40683746991265,2,0,1,4,37,5.0,2,0
35,6,72.02862007361061,5,1,0,4,23,3.1274822816364174,2,0
19,5,72.13275971918804,1,0,0,4,13,3.9223235212212777,2,0
4,10,73.6338758459087,7,0,1,1,40,3.990429434882386,1,0
10,7,81.37597122403155,6,0,0,4,0,3.4313687052968564,2,0
0,14,62.43582721316997,9,1,2,5,16,4.835719142381736,0,0
6,4,73.02279792168666,3,0,1,4,44,3.7532652299493554,0,0
11,4,52.49232226651992,3,0,1,5,23,4.969435501567578,1,1
10,3,57.416687708199774,2,1,1,3,26,4.431941082059433,1,0
3,5,,7,1,2,5,6,3.340355918276217,2,0
22,5,63.02896761767573,2,0,0,5,8,4.144631567345711,0,0
5,9,52.05006914599588,4,0,0,4,42,4.618491105891838,0,0
13,11,58.00326178724779,5,1,1,5,34,5.0,1,0
4,4,72.43690140646892,0,0,1,2,57,3.119138497793306,1,1
8,5,64.53094897927527,7,1,0,1,11,4.508125633077441,1,0
3,5,75.45081567477783,2,0,1,5,20,4.475740069184875,2,1
15,6,51.13832583143031,5,1,1,5,2,4.175751229920195,1,0
8,4,,6,1,1,2,14,4.893722446954084,0,0
0,4,50.407337774242,0,0,0,3,20,2.5274577362510193,5,0
0,7,57.35931572621005,3,0,2,1,9,3.9283110217327786,1,0
9,7,55.40238974634993,6,0,0,3,32,3.6511749814577446,0,0
3,7,44.79313530321518,8,0,0,5,45,4.199001907551055,0,0
13,7,53.80763261054242,8,0,2,4,58,4.283849653516612,0,0
7,6,,4,0,0,3,51,4.07402368384657,2,0
15,6,46.26156227689328,1,0,2,4,5,3.2436355123172245,0,0
45,1,50.040868616659886,1,0,0,1,1,4.4871640706325,3,0
11,6,78.6551888673183,6,1,1,3,28,4.128175592291546,2,0
23,1,81.26815317090933,1,0,1,4,54,3.7938167435773216,1,0
20,3,72.4808759531348,3,1,0,5,39,3.3433888109091985,1,1
38,1,85.62020716893421,0,0,1,5,32,4.477038569105919,3,0
3,8,80.46982638074212,5,0,3,1,60,5.0,1,0
26,3,58.67311255265278,1,1,2,5,3,5.0,0,0
35,1,89.83731016701135,0,0,2,5,58,3.7686322580038234,4,0
7,6,83.39287291166306,7,1,1,5,3,4.715201279944326,1,0
5,7,58.91319525754965,6,0,1,4,28,4.521034771734582,0,0
45,2,63.76841322282464,2,0,2,4,36,3.1542342526276794,4,0
14,4,50.07244271389859,0,0,0,3,59,4.318495763734068,2,0
7,8,58.56407493299369,2,1,1,2,59,4.852859080951841,1,1
23,4,36.684167542502976,2,0,3,3,19,2.6550813923451004,4,0
5,14,51.20257337636488,8,1,1,3,40,3.844276330152523,0,0
2,10,71.90811052133645,4,0,0,4,22,3.6694518591105214,1,0
11,8,44.63570505597217,5,0,2,5,44,4.516515380169955,1,0
12,3,55.30204427204907,2,0,0,4,17,3.1481129259767386,1,1
26,0,68.37808668127354,0,0,0,2,48,3.518700210842288,3,1
9,5,55.65647803129233,2,0,1,5,24,4.074910894146962,1,0
25,1,77.27242015051803,0,1,0,5,0,3.4767611226059563,1,0
5,9,77.95462932736291,7,1,0,5,53,4.465678074479486,1,0
12,4,50.7309063754537,1,0,1,5,14,4.644481537141097,0,0
3,9,53.44586749143463,3,1,1,4,33,3.1047603700719,0,0
7,4,60.673997799283626,3,0,0,5,47,3.6265805749427606,1,1
29,5,50.02433014600444,2,0,1,2,19,4.178255859163449,2,1
3,6,84.50542721932433,4,0,0,4,53,4.791922353482322,3,0
24,1,53.81409853167306,0,0,0,3,36,3.7590268099233333,5,0
4,2,73.66287860780965,3,0,2,3,26,3.8515990819836734,2,0
0,5,37.54098152459774,3,0,1,2,21,3.413661403565209,0,1
1,13,48.406732963006206,5,0,2,4,50,4.453754293776454,2,0
20,1,43.71962897013333,0,0,3,5,4,3.878865473724433,3,0
4,7,41.33686961741468,3,0,1,4,33,4.813135489266967,1,0
15,3,52.254633975383356,1,0,0,2,38,4.298477357100586,2,0
18,3,65.51228839245967,3,0,1,5,2,3.5569158753863017,2,1
6,11,83.00162690370334,12,0,2,4,16,5.0,2,0
9,13,56.96688759289208,8,1,1,4,23,4.272837248252003,1,0
7,12,61.228045469306615,10,1,2,5,23,4.2873874154794125,0,0
44,1,65.08913670522078,0,0,0,3,2,4.0754890488395885,6,0
5,9,,5,0,1,3,44,4.171102408509562,2,0
3,6,59.64273122849499,5,1,1,5,6,3.940940783169757,2,0
6,4,91.31491206858293,3,0,3,3,24,3.938417755456662,0,0
16,4,65.82240035077344,3,0,1,4,55,3.4698429548029397,1,1
17,6,91.31097794383844,7,0,1,5,2,4.311478261167413,1,0
38,0,60.36000280121306,0,0,2,5,14,3.454202132671192,2,0
32,2,50.69594622138709,3,0,0,2,28,3.38267461791884,2,0
5,8,75.65265940638626,3,0,2,2,49,4.244068137163112,1,0
9,2,78.95783037190404,1,0,0,1,28,3.7253834674738755,2,0
20,2,52.55223281142586,0,0,0,4,9,4.412349363968943,3,0
37,0,65.46732040758273,0,1,1,4,31,4.757451099527359,3,0
6,7,59.04639174585002,4,1,2,2,22,3.6763126031655395,0,0
8,0,39.28921074292928,0,0,0,5,38,3.6566485988561515,2,0
34,3,40.15512633313341,3,1,0,4,8,3.8157337112915792,1,1
6,4,56.92069563693489,2,0,0,3,36,3.8138261058966405,1,0
9,4,77.25011860105145,4,0,0,4,51,3.999688617307168,0,0
35,2,72.7547280382428,1,0,0,5,39,3.819509840481591,3,0
24,4,46.255680914816,3,0,1,2,13,3.3371790218568527,7,1
4,5,43.16291042758951,2,0,0,3,3,3.278211689698748,0,0
5,5,46.89461973547802,1,0,1,5,19,3.43059254196077,1,0
6,7,45.6353522653763,5,0,1,4,27,4.147165650949525,3,0
36,5,46.773592284191835,2,0,0,4,13,3.805620442320338,0,0
90,2,30.0,0,0,1,4,43,3.5035149682201285,2,1
22,2,30.0,1,0,0,1,33,4.024944096457963,2,0
9,4,,3,0,0,3,12,4.365160382360588,1,1
0,10,36.74223872814821,9,1,0,4,30,5.0,0,0
17,5,77.49640062429663,2,0,1,3,32,3.802078047073774,1,0
7,7,114.0838602549567,8,0,2,1,51,5.0,0,1
15,3,90.29987486031496,0,0,0,5,38,4.452391883596948,3,1
13,2,63.732344488171755,2,0,1,5,27,2.3480194171356183,6,0
9,3,48.36284658832203,4,0,0,5,24,4.842411159946564,1,1
43,2,53.531370339759334,2,0,0,5,31,3.6751725464540286,3,0
0,6,62.10713052769546,5,0,0,3,8,3.2981412822342984,0,0
18,4,91.00604859745017,2,0,1,5,27,4.603208571239484,0,0
7,6,45.125748641688254,3,0,1,3,57,5.0,1,0
18,8,60.04430933745979,4,1,1,5,30,3.625141013717935,1,0
16,7,61.46039626064291,3,0,0,5,16,4.197463735927953,1,0
0,8,58.67651567311992,4,0,2,5,52,4.534850492215074,1,0
5,6,30.0,5,0,1,5,22,3.4940173176507017,0,0
3,8,55.86357545550152,9,1,0,4,12,3.339213443526516,3,0
2,10,39.714444503208156,5,1,2,3,54,4.8018160956626215,0,1
19,3,94.31956745915659,3,0,1,4,9,4.0552650950911975,3,0
4,11,68.56472320056801,5,1,0,4,15,5.0,0,0
9,3,,3,0,2,2,5,4.691760183608416,1,0
4,8,46.72615228686577,5,0,1,4,47,4.319474435870535,0,0
13,6,53.26214702031551,5,0,1,5,10,4.150312678123437,1,0
19,10,90.63042041097901,8,1,2,3,57,4.595790886083886,0,1
6,4,,1,0,1,5,51,3.3053933686931503,2,0
13,6,66.32341148924267,1,0,0,5,2,3.648791123584847,1,0
26,2,80.15497784282448,0,0,0,5,27,3.163389662136626,3,1
1,13,89.41772612732609,6,1,0,5,60,3.4992191000562824,0,0
18,5,82.76294274758624,0,0,0,4,40,3.9686312302274738,0,0
5,7,75.7427357695967,5,1,0,5,14,4.6215526098823165,1,0
1,14,77.18722817601451,8,0,1,5,59,3.3804929870940397,0,0
11,4,,4,0,1,3,12,4.0377385100335506,1,0
3,8,62.93515042369461,5,0,0,4,41,4.45822772517883,1,0
25,1,70.20998752629798,1,0,1,5,51,3.8121227701847316,2,1
0,6,64.77341358770104,1,0,1,3,55,4.374773604290429,1,0
1,8,67.54551759222939,7,1,1,4,44,3.271034290410608,0,0
11,5,57.882471506230054,1,0,1,5,16,3.970633888088455,1,0
13,5,30.0,2,0,0,3,6,3.8615831089899655,1,0
19,6,70.1488545006301,6,0,1,4,27,4.217119493908249,1,1
4,6,61.621066535567515,3,0,1,5,37,4.401545344049355,0,0
27,1,61.90496810385866,0,0,2,4,12,3.4336525249365293,5,0
45,1,,0,0,0,1,59,4.34537269324069,1,1
10,4,,2,0,1,1,16,3.932432003040285,4,0
21,5,47.92615674133239,2,1,0,4,14,4.4183419383301334,2,0
11,4,70.31882798743348,3,0,1,5,35,4.507600995863031,0,0
1,6,61.28341686136321,4,0,0,3,27,4.412186948382863,0,0
5,8,,4,0,0,4,14,3.0384507528544513,3,0
1,10,51.049151338757014,7,1,2,3,45,5.0,0,0
67,2,47.775441675222794,1,0,0,3,52,3.5443546224620945,1,1
3,7,51.90031730074293,4,1,2,5,10,3.410961094210388,0,0
15,2,34.06270877425611,1,0,2,5,55,4.463768395837671,0,0
5,5,53.43506612730933,3,0,1,2,30,3.7689175660430605,2,1
15,6,83.84494194350503,1,0,1,4,3,4.342762861969482,3,0
3,5,49.09814264126794,0,0,0,1,34,3.5178136260220985,1,1
23,4,39.6465947713332,2,0,1,4,33,4.005581168594869,2,1
1,11,52.0795499222617,6,1,3,5,51,4.2620548629931045,0,0
33,2,63.304525821391934,0,0,0,2,26,4.3734019372028605,3,1
27,5,48.80962791138772,2,0,1,3,9,3.7248996601019737,2,0
17,5,61.07517324819306,4,1,1,4,29,4.632031552617052,0,0
1,2,63.77035097152474,0,0,0,5,44,3.2350563383873747,1,0
3,5,60.02590288860832,4,0,1,5,19,4.589179348542505,3,0
29,1,58.65953879721944,1,0,0,1,28,4.682395018669991,2,1
1,14,86.45513040749626,10,1,1,5,57,4.7597820589768975,1,0
2,8,62.649639129853234,7,0,1,4,52,4.030137049270275,2,0
11,2,48.13653932203148,0,0,0,4,28,4.9932788073560115,3,0
4,13,71.31924157566239,11,1,1,5,22,4.006735502224744,1,0
3,8,59.099835223127734,12,0,0,5,56,4.85125051894864,1,1
12,3,61.071675339672275,3,1,2,5,49,4.713669135853587,2,0
6,8,,10,1,3,4,20,3.494027380186855,0,0
2,16,80.12194808230167,4,1,2,4,47,4.909145002085285,0,0
11,4,42.91204453696491,1,0,1,5,42,4.5512344126506274,0,0
7,3,85.97983880328067,4,1,2,3,9,2.3930181578252676,2,0
19,0,,0,1,1,4,40,2.353115358615869,1,0
1,7,59.132187335636665,4,0,2,4,11,3.301112346987856,2,0
14,3,44.8507642263085,1,0,1,5,29,3.719220941542958,2,0
8,8,71.20054440415366,3,1,3,3,60,4.485196039667804,1,0
7,4,38.67414758915385,2,0,2,3,50,4.241289483243556,0,1
3,12,68.07596692298452,12,1,2,5,32,4.76402799894173,0,0
0,18,84.76992304133508,15,1,1,2,17,4.512088609259497,1,0
28,2,55.2803264303482,0,0,1,4,13,3.3183563241588203,2,0
5,14,76.22740185345721,10,1,0,3,21,4.744016803377828,0,0
17,2,61.22914944802474,4,1,1,1,20,3.8361310992807036,2,0
44,0,39.11743290845875,0,0,1,1,0,4.023091598244102,3,0
12,8,61.79607004562309,3,1,0,3,48,4.262519028701541,0,1
7,12,57.220189149537475,9,1,3,5,42,4.855383222733844,1,0
4,5,73.44685109902267,4,0,0,3,51,4.780282046285142,0,0
40,2,54.54988895268177,0,0,2,5,59,3.3091744931863443,4,1
17,5,67.483607738848,1,0,0,4,14,3.7557056560222586,2,0
16,4,44.16466980408799,6,0,1,4,35,3.038757338797207,3,0
8,5,66.44196296827528,4,0,4,4,46,5.0,2,0
27,1,60.35655382069529,2,0,1,4,53,3.658970362058655,1,1
18,6,58.08736623816783,5,0,2,5,21,3.717057858363013,2,0
4,5,,4,0,3,3,31,3.645835513128402,2,0
13,4,55.61431429214544,3,0,2,4,57,3.4783153081241815,1,0
8,5,62.12385980196731,2,1,1,5,45,4.81400314294864,0,0
0,7,57.04476882482422,2,0,1,5,53,4.1809536825616895,1,0
24,1,45.39988843434644,1,0,4,5,32,3.820293150598508,1,0
1,4,40.556674307391546,1,0,0,4,57,3.1724276276043173,0,0
10,8,52.58533009485437,4,0,1,5,40,4.471271259208449,0,1
6,6,55.2431746905429,4,0,0,4,58,3.5622872684065974,1,1
6,6,30.0,8,0,1,4,38,4.14512984783017,0,0
9,5,60.28974193966665,3,0,2,3,22,4.0265702280456,0,0
87,3,93.0449069531605,1,0,0,4,42,4.564373443539148,3,1
7,7,70.34941022114586,4,0,1,3,54,4.5404337867001106,1,0
3,6,57.42859928165112,3,0,1,3,1,4.78529628398419,0,0
14,4,47.770442237711364,3,0,1,5,1,2.8837885244880535,4,0
4,6,34.52975263613224,1,0,1,3,37,4.585141023339517,1,0
1,8,73.32889671883962,2,0,2,2,54,4.490399509391837,2,0
0,7,66.38121274982784,5,0,1,2,50,4.341269341804283,0,0
0,8,41.475418164132286,9,1,0,5,28,3.8436973902518865,2,0
8,4,74.4491735521261,7,1,2,4,51,4.2163936968121485,1,0
8,4,72.59369237471128,1,0,1,4,45,3.4066027651003243,2,0
3,12,49.93015917892962,11,1,0,5,59,4.633188370226468,0,0
22,5,55.62128434311994,8,1,1,5,2,4.231071566071603,1,0
2,5,63.74756603714426,5,0,2,3,38,4.753403511138886,1,0
37,0,68.29256802433584,0,0,0,5,6,3.8810911449237104,1,0
13,4,43.579303316387424,2,1,1,5,35,3.157475445420298,1,1
0,8,68.50405982312452,5,0,0,5,28,3.6826675813402194,4,1
49,3,60.88803872487924,2,0,0,3,54,4.944783077565663,3,1
5,4,76.66268575931034,3,0,1,5,36,3.7435510003014643,3,0
8,2,71.44007618497226,0,0,2,4,48,4.026182765751446,1,0
5,5,60.867678680990025,4,0,0,3,57,4.583107155608665,0,1
19,4,73.75203584788919,5,1,1,4,35,3.1054196866031116,1,1
9,5,37.357790858302664,3,0,0,1,22,4.0919584567462275,3,0
2,9,54.38676250188714,2,0,1,2,44,3.80403731634456,0,1
1,8,45.40820603504875,5,0,0,5,15,4.701366338170865,0,0
19,6,51.668852107124394,7,1,0,1,47,3.132233583042935,2,1
4,4,51.4860560685017,2,1,1,4,30,4.083284330417214,1,0
2,5,,6,0,0,4,33,5.0,5,1
10,0,74.29170622380286,0,0,1,2,49,4.1319711180550875,1,0
24,3,71.26349810431397,0,0,1,5,0,4.36456414354067,1,0
4,8,50.89560417062438,5,0,1,3,17,4.524494955654201,1,0
4,1,30.0,1,0,0,3,57,4.844119602255166,3,0
26,0,52.4230774463468,0,0,0,3,39,4.390561384920816,0,0
2,5,59.27073992499292,4,0,0,3,42,3.857163036994483,4,0
14,2,80.35409443953722,1,0,0,1,55,4.244756242124901,1,0
46,3,51.54133125268416,4,0,3,5,55,4.083031724486695,4,0
27,6,74.67530181478158,2,1,3,5,14,3.972370933690722,0,0
0,13,,4,0,0,3,47,4.053353363731689,1,0
5,7,68.53072085475267,2,0,0,5,48,4.263006784026378,0,0
2,8,72.1141574646645,7,0,2,5,16,4.521671668748735,2,0
44,2,68.67715281042062,1,1,0,5,43,3.4354254432991738,2,1
63,3,45.64308579771138,3,1,0,4,9,3.383042867448534,3,0
4,5,54.54662816302562,3,0,0,3,19,4.758423320834496,3,0
16,5,68.80781066924096,3,0,0,3,5,4.566301316745148,2,0
27,3,36.299916840927935,3,1,1,5,7,4.715177823387649,0,0
3,10,71.84488978168639,8,1,2,5,44,4.106471977492817,0,0
3,4,41.81013202553301,4,0,0,3,33,3.6290675972036808,2,0
0,11,39.72253771870092,5,1,1,4,60,4.712073592209629,0,0
7,10,52.00953476324281,6,0,1,5,31,3.8702153206630014,1,0
34,3,49.72405723885776,0,1,3,5,50,3.612849785738073,1,0
34,4,62.72733308803341,3,1,4,5,53,4.349843182109562,0,0
2,12,64.00809943500684,12,1,1,5,41,4.361901335328081,1,0
3,8,61.05470940069281,4,1,0,4,3,3.3013242649999675,0,0
7,6,45.25482014296133,2,1,1,4,43,4.255201676611181,0,1
22,7,78.1336268906053,5,1,0,5,49,4.108115751429809,1,0
14,0,,0,0,0,2,38,3.113090981739865,3,1
10,12,73.95861919886111,8,1,1,4,19,4.575210364433174,0,0
13,5,30.0,2,0,0,5,23,3.7142529674411526,3,0
1,8,68.02682730070214,5,0,0,3,23,4.291895716555008,1,0
9,7,51.405044418962795,4,0,0,5,54,3.4522722615293575,2,1
72,2,71.38686925682525,2,1,0,4,25,2.7775468034711563,3,1
1,6,86.79282681457731,3,1,0,5,24,3.31438712287944,1,0
10,6,42.477139969804384,2,0,0,1,35,4.030777590272154,0,0
5,6,72.87380617587206,3,0,0,3,6,3.470472808924966,2,0
11,2,51.01748905950161,1,0,1,4,9,4.988583885728627,1,0
12,7,31.928526156495995,2,0,0,3,57,4.431500840603464,4,0
12,5,73.90605673343228,3,0,0,5,46,3.7112281412773283,1,0
28,2,87.29123848057746,2,0,1,5,11,3.8044160081520717,4,0
7,3,91.66692865072002,4,0,1,2,0,3.496615306410048,2,0
10,3,64.50901445607634,3,0,1,4,51,4.702920213659423,0,0
0,9,38.33426028077122,2,0,1,4,49,3.6840671560619813,0,0
23,2,56.889584849770976,3,0,0,4,24,3.54865020308554,0,1
4,10,58.36164812820135,5,1,1,5,15,3.539852302617465,1,0
25,2,76.44375878897414,3,1,1,5,4,3.6608228875535356,0,0
4,10,59.6331001190319,8,0,1,5,18,3.9554193505110073,1,0
0,7,30.0,4,0,1,5,3,3.942174460410106,4,0
2,6,69.45728222357789,2,0,1,4,5,4.551595500013412,1,0
63,1,61.07814504139652,1,0,3,5,25,4.217957530101772,1,1
5,11,73.55864356160022,7,1,0,5,48,4.148562138281405,2,0
1,11,63.7261829203703,12,1,0,5,38,5.0,1,0
1,7,70.33438261952197,2,1,1,5,55,4.382730801821316,0,0
5,7,60.2210730681321,5,0,0,3,54,4.181185176920222,1,0
0,7,64.25410613639808,3,0,3,5,38,4.461381445326172,1,0
10,5,46.177587220317214,3,0,1,3,8,5.0,2,0
3,7,65.31305545036795,4,0,0,3,44,3.8943907644543385,0,0
10,6,57.223198750423784,3,1,1,3,51,3.922857953197409,1,1
2,9,67.34904378240029,11,1,0,5,13,4.333355497874091,1,0
8,5,42.264179648314624,7,0,2,5,47,4.781202430944573,1,1
13,3,,2,1,1,5,54,3.262952385051359,1,0
0,8,63.725211103773304,6,0,2,5,8,4.067285208516581,0,0
7,3,71.89690268285388,5,0,0,4,14,4.781166219356648,1,0
5,8,60.071282039776754,5,0,0,5,36,4.001150193402375,0,0
4,12,69.04854838483531,5,1,0,4,49,5.0,0,1
13,3,30.0,2,0,1,4,52,4.83903354809498,3,0
13,3,58.38678717073288,1,0,1,3,19,3.719743355117938,2,1
14,9,48.10696968313413,5,0,2,5,7,4.090049432969099,1,0
2,2,54.60090463520718,1,0,1,5,31,4.188106322383256,2,0
5,12,75.16009279557561,11,1,1,4,46,4.019893047755389,1,0
3,4,36.00534340642284,1,0,0,1,20,3.7051254417055905,3,0
11,6,71.09581833128755,4,0,1,5,56,3.30366510659427,3,1
9,5,66.91991860458546,3,0,2,1,40,3.601494517882288,1,0
6,11,79.20694075544023,9,1,2,5,18,5.0,1,0
23,7,30.0,4,1,0,5,28,4.3691295679271045,1,0
1,10,68.84248767368994,3,0,1,4,57,3.7181934367678924,2,0
55,3,63.79064487448874,2,0,1,3,30,3.7954947768999427,4,1
1,6,59.202559394309745,6,1,0,5,53,4.687070141336427,1,1
22,8,81.66141985787799,6,1,0,5,5,4.667985286957695,0,0
6,6,30.0,6,1,0,4,3,5.0,0,0
30,1,61.877266735906844,1,0,0,5,42,3.7590034540348274,2,0
1,11,75.33629396970137,3,0,1,2,28,3.8195455421300633,0,0
7,6,35.618825668427036,5,1,1,4,41,4.828682598940404,0,0
6,9,68.91706388510123,6,1,1,5,2,4.050883125836395,2,0
74,1,64.88096818678686,1,1,0,5,0,3.8953825115263347,1,0
63,0,30.0,0,0,0,3,43,3.3333617694230626,0,1
3,8,76.45310887174222,8,1,0,5,54,3.667247153364346,0,0
14,3,46.62288269561411,1,0,1,4,14,5.0,1,0
11,6,,2,1,1,4,46,5.0,0,0
2,9,68.61111979730207,7,0,0,2,20,4.8440716831575985,0,0
2,5,64.49646938820352,3,1,1,5,45,3.770933420545922,0,0
67,0,,0,1,1,3,57,3.729998095314328,0,1
9,2,73.4147066416786,1,0,0,3,30,3.5778474181377695,2,0
2,5,30.61381966356224,3,0,0,3,6,5.0,2,0
3,11,34.425569584559994,4,0,2,5,16,4.591610658381745,0,0
4,8,57.8486035482767,6,1,0,5,55,4.075513081914213,1,0
10,4,43.88602409190169,2,1,1,5,18,3.166927976696674,3,0
6,3,84.89468268493079,0,0,3,3,38,4.499162160250024,3,0
9,6,45.13848252554673,4,0,1,4,59,3.5971103533455198,3,0
2,15,61.38093935463102,6,1,0,4,2,4.002236328771766,0,0
5,6,68.7459698667747,6,1,1,5,29,3.7780478164238938,0,0
1,11,96.66301212538724,15,1,0,5,34,4.268663768103789,1,0
33,1,77.2398351911398,1,1,1,1,57,3.8272630480844114,4,1
3,5,50.082389071517824,4,0,2,5,56,3.1610713342555976,1,1
21,3,67.87106592900237,1,0,0,2,28,3.9813138290866315,1,0
6,2,70.4749290788762,1,0,1,4,49,3.7541266609797583,1,0
9,6,69.32937802811396,6,0,1,3,51,3.5676535153911177,2,0
5,6,45.292329887344216,2,0,1,3,53,4.172958297166779,4,0
17,2,90.47699070517568,2,1,2,4,13,3.948464403101816,1,0
27,4,41.63804405510722,0,0,1,4,34,2.7500816884317993,3,0
5,6,70.20311858661238,4,1,0,3,27,3.7044867353146755,0,0
4,10,46.766676901814336,8,1,3,5,57,4.4856606821973655,0,0
17,2,65.86135661736341,2,0,1,4,29,3.1515195585210214,3,0
3,5,57.06126607100307,1,0,1,2,25,3.261554515843979,1,0
15,4,,5,0,1,5,6,4.799462513575547,1,0
1,12,30.0,5,0,0,3,38,5.0,1,0
14,4,73.28464086981413,1,1,3,4,30,3.8466463569883063,1,1
10,7,51.60998335000558,7,1,2,5,4,4.03971802363237,0,0
1,13,62.08724671021424,5,1,0,3,34,4.525474207398134,1,0
15,6,87.00296311741187,2,0,0,2,49,3.36818277601139,1,0
8,8,69.35672152191285,4,0,2,4,46,4.101533100235533,0,0
3,12,30.0,5,1,1,5,51,4.728644724261532,1,0
6,5,41.629354375365054,4,1,0,4,13,3.393357990546858,2,0
10,6,32.381295758523905,3,0,0,5,60,4.3590358802789,3,0
1,6,47.494791584261556,6,0,0,4,35,4.618153369407835,1,0
47,4,55.93601299127174,2,0,0,3,26,4.337918453117298,1,1
16,4,98.32293703537364,2,1,1,4,23,5.0,2,0
1,9,75.09763784049353,2,0,1,5,39,4.985650695113029,3,0
25,2,65.34640282957056,0,0,1,2,28,3.397099892129209,1,0
5,4,66.65763111799767,0,1,1,3,52,3.876541954910766,1,0
13,1,67.1263423189664,0,0,0,3,44,4.0466093542886705,2,0
4,5,33.71520027592175,3,0,0,4,21,3.488056628975026,2,0
19,4,38.85927986218121,2,1,1,5,7,4.564368804725069,0,0
19,4,66.8297672176017,3,0,0,2,14,4.650300342362255,3,0
12,11,60.0742396449956,6,0,0,4,48,3.753969006980008,0,0
4,5,64.53372683469951,2,0,1,3,4,3.8261790150724355,0,0
4,9,84.07935801728047,9,1,0,5,51,3.550562841846978,1,0
7,5,49.61979125220387,4,0,0,2,3,3.764710265035263,0,0
2,13,54.45628002665352,9,1,1,4,10,4.01438918926332,1,0
6,4,63.70182589175572,2,0,0,5,17,3.91260011947614,3,0
17,7,34.46840853652988,2,0,2,5,41,3.6393576999853763,4,0
26,5,,4,1,0,4,48,4.179364726399598,0,1
6,6,80.44624577384256,3,1,0,3,29,3.134853152086221,0,0
3,7,55.587146144832985,5,0,0,4,14,3.894593921603526,1,0
26,3,52.64573221593479,2,0,1,3,5,4.2875938242298375,4,0
33,1,63.61872633803389,1,0,3,3,54,3.8496304186527053,3,0
7,4,34.95823497548689,2,0,0,4,52,3.157363339770099,1,1
0,9,55.398256594657205,4,0,0,3,15,3.8599355306042353,2,0
17,1,51.38107012770805,0,0,1,3,46,4.017445599101463,2,0
22,3,65.51099731539662,1,1,0,5,39,3.599148656943542,1,0
0,12,30.0,9,1,2,5,8,4.684307606977779,0,0
13,5,47.98248203219725,1,0,1,4,42,4.976329073697887,1,0
13,8,53.091985793594525,3,0,1,2,58,3.5739949534026234,3,0
7,9,,6,0,0,2,33,4.572083537163839,1,0
20,2,75.77366865217601,1,0,0,5,26,3.128296782979289,4,1
8,1,48.19186377772013,1,0,0,3,12,4.026190464468347,1,0
16,5,106.13491133226806,1,1,3,2,35,4.34585749432078,1,0
10,6,71.2041504579127,4,0,2,4,26,3.1300475178435647,3,0
4,5,52.701870226373515,3,0,0,4,8,4.478459421349388,1,0
13,9,69.06770045293062,9,1,1,4,4,3.479580650115046,1,0
20,5,70.8983098999274,3,1,1,3,50,4.427267983825607,1,1
54,2,55.3453983098769,2,0,1,1,21,4.161897094178273,2,0
7,6,77.27668310777747,1,0,1,5,30,3.478782081677455,2,0
0,14,45.36403304342772,10,1,2,3,2,3.4956788858819827,3,0
66,3,68.79442371511306,1,1,2,5,29,4.075412433849011,4,1
14,7,58.426356949361896,1,1,1,5,20,2.8572382287293894,1,0
43,5,64.34263789970247,1,0,1,4,34,4.436199202952194,0,0
1,13,63.431459142951056,12,1,0,3,5,4.757875056511764,2,0
6,5,60.27134223775368,5,1,0,3,27,4.352746374262833,0,1
2,11,89.64850906351884,6,0,1,4,31,4.614417657243838,0,0
27,3,51.22421332737218,2,0,0,5,41,2.747494486533304,2,0
31,2,48.15539101101173,2,0,1,5,36,3.3828259011953494,3,0
10,11,58.672766193307304,4,0,2,2,24,3.9821372536513313,1,0
3,7,79.54851931317366,5,0,2,3,31,3.1872221781510977,2,0
2,15,60.57233486688081,15,1,1,5,34,4.120255552238303,0,0
13,6,58.92732450269199,3,0,0,5,21,4.210991179207361,1,0
10,4,51.664808272093936,3,0,1,5,23,3.3149317869578807,0,0
17,9,52.7031932161659,4,1,0,3,38,3.897221740935796,1,0
5,5,76.04432950513257,1,0,0,4,53,3.365874072902739,3,0
7,6,59.0655238579258,7,0,3,5,29,4.34452089078181,2,0
0,9,63.81911695115363,5,0,0,5,49,3.2471715667622227,1,0
14,2,49.52934114413052,2,0,1,4,31,4.072669453356343,2,0
8,4,71.65299306464756,1,0,1,1,30,3.815469280935337,2,1
37,1,78.34732776039911,1,0,1,4,22,4.6314324204222554,3,0
15,4,46.08625460004343,3,0,0,3,39,4.853102681039342,0,0
7,2,46.465934939046726,2,0,0,4,32,3.2640381571520414,2,0
4,2,47.33397369860048,1,0,2,5,24,3.920194816269424,0,0
35,2,75.53516200140551,1,0,0,4,35,3.8054224221956368,2,0
0,5,45.585343894561895,5,0,0,5,23,3.0887685294123357,0,0
5,9,54.838981194886195,7,0,1,3,30,3.748682221270152,0,0
43,1,45.232896699407036,1,1,0,5,57,3.89823711873972,2,1
15,4,85.37631219417688,3,0,0,5,38,3.608180166752195,0,0
11,9,52.02510157334006,5,0,1,2,45,4.06214023086051,1,0
3,6,84.94857695609916,5,0,1,1,12,4.1189196715069425,0,0
26,2,59.602046929194806,2,1,0,4,9,3.56750152222553,3,1
3,12,52.5976946033782,6,0,0,2,22,4.304072220919649,3,0
4,9,71.98324515323554,3,1,1,5,17,4.471998009415647,0,0
3,6,59.411030173185814,1,0,1,5,31,3.587379005693573,0,1
2,10,81.15126325240783,11,1,2,4,32,4.614398917006302,0,0
45,4,56.75213768620675,1,1,1,3,35,4.624322250522821,3,0
13,3,53.22398225036537,3,1,0,4,27,4.761144815890493,1,0
15,3,53.163881686588596,0,0,1,5,15,4.76706912031113,2,0
46,2,78.64194895869024,1,0,0,1,15,4.922203474251101,2,0
3,7,63.76276725952169,6,1,1,4,17,5.0,0,0
0,8,48.93781127114629,6,1,2,4,7,3.373262364733289,1,1
13,5,38.467328645218444,6,1,0,4,41,3.7609963549032583,1,0
10,4,63.168729114844865,3,0,0,3,15,4.022381690612341,2,0
9,6,45.92770275030597,4,1,1,5,54,4.096156347045074,2,1
0,6,33.48004703055195,2,0,0,2,55,3.500227853368339,1,0
9,3,76.33068229953562,1,0,0,3,10,3.5444914380907386,3,0
5,11,41.51350297436598,4,0,2,5,5,4.767311082055274,0,0
4,3,33.19506659729896,1,0,1,5,0,4.472931842715383,2,0
3,7,57.93767811120331,6,0,0,1,60,3.6931476910147323,2,0
6,8,55.50369076772754,4,0,0,3,60,3.9911684118154978,1,1
6,5,46.90054661160985,3,1,1,3,11,4.359758477314292,2,0
5,8,63.28451828527761,5,0,0,3,56,4.044180050527917,1,1
57,0,55.55050577782478,0,0,1,3,37,2.3904650507770033,5,1
40,5,92.98768697683157,1,0,1,2,27,4.0507083664839145,0,0
12,7,57.10716222330315,1,0,0,4,44,3.745456932303095,1,1
59,0,40.911861407580005,0,0,2,5,57,3.1994233932406075,7,1
70,0,64.50302806787647,0,1,0,4,16,4.833611457450511,1,1
6,12,65.74588744742826,14,1,1,5,0,4.707612610674127,0,0
8,6,54.97481915062546,4,0,2,2,31,3.730745740521113,1,0
47,1,35.04901414836442,0,0,2,5,7,3.793024574890732,2,0
14,3,83.19903838180548,4,1,1,5,53,3.282393324998659,2,0
3,13,,9,0,3,5,39,4.911922830450416,1,1
17,3,73.25407033921631,2,0,1,5,55,3.6336115309073698,2,0
3,10,78.49235624333588,6,1,2,5,42,5.0,0,0
6,9,55.35045919081409,8,0,0,4,45,4.955827908215144,1,0
3,9,73.19289907437312,3,0,0,3,23,4.929760928608357,1,0
4,10,74.50618665552629,5,1,1,4,9,4.541492733928088,1,0
0,7,43.917359305378646,1,0,0,5,46,4.417197851882586,2,0
31,4,82.06569064263206,4,1,2,5,38,4.443237956538261,1,0
5,7,64.93980256499019,9,0,2,4,38,4.220516682024367,2,0
1,10,30.0,4,1,2,2,9,3.605136516008723,1,0
1,3,62.97234699993596,2,0,0,4,35,2.7608965201878872,2,0
12,5,51.6157721721174,2,1,0,5,24,4.849307854254006,0,0
74,1,66.68845885632685,0,0,0,4,59,3.7932825115894433,3,1
2,3,50.39845469837669,2,0,1,4,49,3.4511348106135187,0,0
1,17,50.491842433513334,14,1,0,3,58,4.539607122167689,0,0
8,5,44.46381200948858,2,0,1,4,56,4.068243929267602,2,1
12,5,63.37276083200465,0,0,0,5,9,3.341639985766803,2,0
5,4,67.80313645990353,3,0,2,5,18,3.5243721719569456,0,0
5,12,59.95816225885565,5,0,1,5,45,4.307668516283548,2,0
8,8,55.589414423050734,6,1,0,4,44,4.075903163039737,0,1
5,7,61.4495265896718,6,1,0,4,14,4.064930898509937,1,0
37,2,75.85402773721592,0,0,1,3,15,3.743306580908484,1,0
0,7,44.39949710000783,8,0,1,5,1,3.2434491857742604,1,0
4,5,39.95227754107512,5,0,2,4,28,3.678176075993894,2,0
24,1,41.989181255490124,0,0,2,4,3,3.031835969081257,1,0
26,3,35.413821162325,3,0,1,4,52,4.2946432256434,3,0
1,9,44.793030247732204,7,0,0,5,49,3.2670879792972034,2,0
54,3,,1,0,0,2,28,3.3660787543460984,2,0
17,5,34.507650326943654,3,0,0,5,30,3.351676165891355,0,1
4,8,56.2320372288498,3,0,0,3,16,4.164713292745826,3,0
9,4,69.99823457267301,2,0,1,4,9,4.543089195691745,2,0
5,5,60.17699901294382,2,0,0,1,26,4.83168425572313,0,0
2,4,73.08731981993746,0,0,0,3,52,3.8065403026756672,1,0
5,8,,5,0,1,4,40,4.347629147672587,0,0
13,5,52.60803574944448,4,0,1,2,14,4.077965550492586,3,0
26,3,54.15341398343164,3,0,2,4,59,3.548817548092835,2,0
6,10,68.29954144358679,8,1,2,5,43,3.8614944326352085,1,0
6,6,100.95332259465232,8,0,0,2,30,3.484641695485523,2,0
9,7,59.886925919915846,3,0,1,5,20,4.026573608818831,1,0
15,7,56.452505438371325,7,1,2,4,59,4.481521766750637,2,1
20,4,45.55313051560915,4,1,1,5,58,3.3570453479610904,2,0
5,4,86.10379687036453,1,0,1,3,57,3.926959581338627,3,0
13,3,54.197841693030675,1,0,2,3,40,3.1992197630750736,3,0
7,4,50.73157565898077,2,0,1,3,45,3.367593495297375,0,0
18,5,56.850808910643515,5,1,2,2,44,3.8250144937521724,2,1
2,8,87.33841143311975,6,0,1,3,59,3.5213950096487823,1,0
4,5,51.580880991027094,5,0,0,5,25,4.520939939304746,1,0
8,4,59.622547493022566,0,1,0,5,37,4.025558541828308,0,0
33,0,,0,0,2,5,50,2.9262008196294973,7,1
12,2,74.7042783748964,1,0,1,5,35,3.1714815195026027,5,1
50,3,55.70581924358794,3,1,1,2,51,3.996314786592867,0,1
1,11,73.68062008788496,3,0,0,3,16,4.5612310129624225,0,0
9,5,69.5083616814187,2,0,0,3,50,1.998342250222119,3,0
8,5,62.38280431708463,3,0,2,3,2,3.3817956519446994,1,0
13,5,53.251828970549646,2,0,0,4,60,4.069810757470212,0,1
25,5,60.950289647633554,1,0,1,4,13,3.4233584625996527,2,0
27,1,39.89203819628926,1,1,0,4,48,4.243353599735522,1,0
16,5,63.37162629694328,3,0,1,4,12,2.6357930773388807,2,0
15,2,68.29840283391347,1,1,2,5,40,3.74445422024956,2,1
44,5,61.22930526369111,1,0,1,5,26,3.5465915690733634,0,0
7,3,60.54137193983526,1,1,3,3,0,3.848284059596605,0,0
26,3,50.9084866516467,5,1,1,5,56,3.534525645492587,1,1
38,5,,1,0,0,5,16,5.0,1,0
10,4,43.54632804606473,4,1,1,3,47,4.146618733831812,1,1
19,3,51.816683096884105,1,0,1,4,49,4.014805370981338,0,0
7,5,90.97216662751107,3,1,1,4,33,4.519204005653286,1,1
2,5,61.33087001289952,5,0,3,5,13,5.0,1,0
13,5,67.28116990711524,4,0,0,5,53,4.353392518240713,0,0
3,10,59.60598836677515,5,1,0,2,54,4.233359494818102,0,0
9,3,60.984116937768704,1,0,0,4,58,4.779250563930577,2,0
30,4,62.01611790339773,2,1,1,4,16,3.8740365281090723,2,1
1,10,56.38545929599438,5,1,2,4,2,4.193419939936701,1,0
0,4,68.89947428835163,3,0,1,3,33,3.6014964731173915,3,0
13,5,49.263372879662356,6,0,2,5,39,4.939676779803511,1,1
6,2,37.751597023965545,3,0,1,5,24,3.497792188589103,3,0
8,9,,7,1,2,5,60,4.462799741938154,0,0
7,7,76.77445575068388,3,0,2,5,1,5.0,1,0
1,8,50.261248681692805,5,0,4,5,33,4.934980163617563,1,0
0,12,71.7651960795187,10,1,1,4,25,4.60343966104846,0,0
34,0,70.08684813365792,0,0,0,4,30,4.263731390686807,1,0
3,7,83.4033209676028,7,0,1,3,8,4.246416883074693,2,1
8,6,87.95529329725669,1,0,1,5,29,3.1681289164942745,1,0
53,3,68.70234231502538,2,1,0,3,19,3.6697164225800867,3,1
26,4,58.20277894835828,2,1,1,5,20,4.767544315204458,1,0
1,11,35.75422128263349,6,1,2,3,28,4.472630319946854,0,0
10,8,74.64790406172577,6,0,0,2,58,5.0,2,0
19,4,76.97063094911685,2,0,1,3,24,3.7412846621893827,4,1
17,7,56.13781788187566,2,0,2,1,37,4.531710982088497,2,1
21,3,,3,0,1,5,57,3.6082872177352616,1,1
9,3,44.60047013953555,3,0,3,5,43,3.482944445851884,3,0
2,9,51.026104064786225,4,0,2,4,24,3.9747562339008846,0,0
9,3,40.174512296233445,1,0,0,3,8,4.487351712150006,2,0
15,5,64.03528695115315,4,0,0,2,38,3.7306865287941027,0,0
14,3,54.00558392309616,2,0,1,1,43,3.4522675727648835,2,1
1,12,78.7451885114786,5,0,1,3,25,4.228900594294922,1,0
1,8,63.52117511124431,8,1,2,5,56,3.8081113481283193,2,0
50,3,65.2964150319235,2,0,0,3,36,4.085254813061086,0,0
2,12,60.171420241489024,10,0,2,4,15,3.690748184869116,2,0
5,7,83.69653935038843,2,0,0,2,36,3.9634566892421,1,0
21,6,81.78471245212599,3,0,1,3,11,3.288297011471678,0,0
7,3,57.42562675125702,2,0,0,4,23,3.7690461128389545,3,0
3,12,64.47664849460678,7,1,0,4,25,4.16842532333597,0,0
9,5,81.22176716390172,1,0,0,3,19,4.911058702200738,1,0
12,2,42.36051217696784,4,0,2,2,8,3.7844912100053922,5,1
9,9,64.52968158867168,8,0,0,4,22,4.278142665883954,2,0
37,3,54.74925873210898,1,0,0,3,38,3.7582121683655556,3,0
5,7,82.08865441911095,5,1,2,3,28,3.7705437665107846,0,0
16,7,67.959305595087,3,0,0,5,30,4.57509054452192,0,0
1,14,33.9332866687639,5,0,2,4,18,3.6965055698350135,3,0
7,5,53.76412523165484,4,0,0,4,19,4.1479627865748485,1,0
20,3,81.05558637873493,0,0,2,4,22,2.4056286570348355,2,0
3,5,73.38000844056705,3,0,1,4,42,4.28542067127798,0,1
13,4,44.362820427144484,1,1,0,4,26,3.8977335114989455,1,0
2,9,45.31884472413062,6,1,4,5,29,3.4009969413286747,0,0
1,9,61.17172502114209,4,1,1,5,20,4.082151042946118,0,0
11,7,59.18428718954799,1,0,1,3,43,4.197592242337439,2,0
16,4,56.14928733471461,4,0,0,4,34,3.0062700743850126,2,1
1,8,53.9511018601352,8,0,1,4,48,4.846262985214887,0,0
37,6,51.18213831926981,3,1,2,5,6,4.196645264190908,1,0
3,9,93.83223693688078,5,0,0,4,21,4.1683705754424425,2,0
1,10,54.51338403044744,4,0,0,4,9,4.827977809190329,0,0
3,3,50.11343516747475,1,0,1,2,22,4.022118553157186,2,0
2,4,67.58931015090423,1,0,1,4,14,3.4400181919257524,1,0
1,9,58.480026190597535,7,1,1,2,29,3.4635127415986475,0,0
23,4,46.176863746857755,3,0,1,3,33,3.91300203431753,1,0
10,7,56.24898920555187,2,0,3,2,12,3.847052722168733,0,0
7,3,59.09840192175844,2,0,0,5,59,3.777490019476039,0,1
45,0,66.45447471694114,0,0,1,3,3,4.309952535931371,1,0
6,7,64.69571159275534,1,0,0,4,17,4.636303013938247,0,0
2,10,44.767853313790546,11,0,0,5,55,5.0,0,0
4,6,69.13048842688929,4,0,1,3,22,3.930806296653668,2,0
4,3,73.38175640682068,1,0,2,4,32,3.2238940256164774,2,1
10,11,43.86210856148198,6,0,1,4,33,4.1251122528564865,0,0
5,7,48.349435993907065,8,0,0,1,33,3.6729714398608717,3,0
10,8,57.36687964618834,6,1,1,5,35,4.686331778631715,0,0
16,5,63.293313229263106,3,1,1,2,34,3.718077458101266,1,0
22,2,63.864039084364144,1,1,1,4,16,4.113893554396229,2,1
18,5,59.35918455017549,5,0,0,4,27,4.361638231773895,0,0
3,8,38.527451385845026,6,0,0,4,13,4.713326365188802,0,0
1,9,75.18097924433994,3,1,0,5,33,3.652472271059129,0,0
11,7,45.125329743725175,5,0,1,3,47,3.555725374894911,0,0
3,6,80.25868694848504,6,0,0,1,10,4.424690603123205,2,0
1,15,77.51268240741074,12,1,1,5,56,4.316947015372459,0,0
11,7,43.2972090871863,2,0,0,4,12,3.7308168951523752,2,0
5,5,65.28710201448544,5,0,1,5,32,4.485611339219813,3,0
21,2,80.4159513507166,1,1,0,5,56,3.704819956096873,2,1
5,11,68.83270240385522,5,1,2,5,54,4.10897098232487,1,0
57,1,34.53420317353448,0,0,1,4,1,4.263837626450008,1,1
21,2,59.43791817914729,3,0,0,3,33,4.505454739314899,1,1
0,9,72.50645319748568,6,0,0,5,52,4.629270178115767,3,0
10,6,85.21429290458528,4,0,1,4,28,4.5945871451714195,2,0
12,12,57.9663943033236,10,1,0,3,36,4.281457643691629,0,0
17,4,35.006269658514604,1,0,1,5,3,4.131623656733881,1,0
10,7,,6,1,0,5,11,4.188145248087285,1,0
9,5,58.16314699877732,1,0,0,4,25,3.469878743055057,1,0
6,4,81.66740037780288,1,0,1,2,57,4.050550266959313,1,0
4,4,56.12836171476276,3,0,1,4,60,3.815518833583294,0,1
43,4,68.24674574312402,0,0,2,5,27,3.5649541349786915,0,0
5,7,49.71777572372592,2,0,0,5,2,4.394992207086207,0,0
0,13,50.008889813214005,9,0,1,3,19,4.1388144116627235,1,0
2,5,87.14421317936161,3,0,0,2,9,3.4244675071258923,2,0
29,3,74.09581431321286,2,0,0,5,51,3.9045137639238687,2,1
13,8,59.58102213451801,8,0,1,4,17,2.782942792650193,2,0
22,2,74.01780965174368,3,0,1,4,52,4.537640601931183,1,0
24,5,,2,1,2,5,52,3.5878111004418503,1,1
25,1,60.02335544324488,1,0,1,2,52,3.763018643241283,5,0
11,6,61.533583288687254,2,0,0,4,26,4.775010239444791,1,0
2,4,48.62330306541421,1,0,1,2,30,3.9139735672450744,2,0
2,9,46.65837558282263,5,0,3,4,26,3.69834602636337,1,0
12,6,31.671390183177305,2,1,1,5,41,4.6456810283280685,2,0
6,4,45.48686624267719,2,0,0,4,0,4.074150730010399,1,0
12,7,87.41840433622602,6,1,1,5,5,4.684128917118424,0,0
10,8,33.344789441133265,6,0,0,4,10,4.0146695934130125,4,0
13,4,59.48094244669778,2,0,0,3,33,4.874469366574215,0,0
0,6,62.2890802106157,2,0,1,3,38,4.300555746143798,1,0
0,6,56.25350215484327,8,0,2,4,19,4.469838002868991,0,0
19,2,73.1154175426905,0,0,0,4,52,3.909406979702358,4,0
3,12,55.8742294322563,11,1,0,2,20,4.680018572126013,0,0
15,5,74.30224741623059,1,0,0,4,20,4.488247861195948,0,0
11,9,68.23683697237274,7,1,1,4,17,4.0443153971452555,1,0
60,4,39.700785906913154,2,0,2,5,20,3.7700658299698073,1,0
27,5,77.42326769795783,2,0,0,5,18,4.149195412975643,1,1
7,2,55.293318177741206,1,0,1,5,3,3.9685716854742163,1,0
14,1,33.133239124169734,1,0,0,1,12,2.4229179175633577,0,0
1,7,67.0694409544789,3,0,0,3,17,4.826948883261625,3,0
7,11,55.69430578915405,11,1,0,5,51,4.042590811917361,0,0
19,4,84.43013056963078,4,1,1,4,28,3.710116782502287,2,1
14,5,76.43404992152526,1,0,0,1,24,3.451782111180961,1,0
9,0,46.465992698112295,0,0,0,5,55,3.1725292011160806,1,1
2,8,74.2348025459769,9,1,0,5,12,4.344159212999931,0,0
24,4,49.55955963694111,3,0,1,4,26,2.8880106296665327,0,0
4,4,35.14398909333447,4,0,1,2,59,5.0,0,1
25,4,50.78130689171656,3,0,2,5,18,3.771507669218997,4,0
14,3,40.063361712772135,2,1,1,4,48,4.592840842217321,1,0
6,8,59.79522469901534,8,1,2,5,0,4.5573311699611905,0,0
0,12,88.95808301672076,13,1,3,5,37,5.0,1,0
3,5,61.180615072129875,3,0,0,5,18,4.362082927980928,0,0
32,4,66.92111224037026,3,1,1,4,51,3.7820429882665842,4,1
25,2,44.952699073022146,1,0,2,2,0,5.0,0,0
12,1,,1,0,0,5,39,3.781006472714443,3,0
9,6,68.17888096282714,7,1,0,4,16,3.139056312898493,1,0
15,6,58.97127530366893,1,0,3,5,20,4.477959612387381,1,0
9,4,49.188882156333534,3,0,4,3,21,3.4641012774369413,0,0
15,2,75.04203263137669,1,0,0,3,14,3.2275683678030167,1,1
5,10,,11,1,2,5,49,4.394693275843522,0,0
27,5,90.8259122887031,4,1,0,5,38,4.386588571614482,1,0
18,10,69.88962035546918,6,1,1,5,47,3.745383963972335,0,0
6,5,42.980265156627006,7,1,1,5,38,3.6373010925431863,1,0
26,2,61.73483161937607,1,0,1,4,31,4.2548805123244895,3,0
10,6,41.940602324855625,4,0,2,5,48,4.00122441707904,4,1
2,8,90.07465893606526,2,0,0,5,3,3.592453104823225,0,0
1,10,45.16670591218875,6,1,1,4,43,4.141125468903815,0,0
18,7,76.71235875127492,1,1,1,4,44,4.559693957813161,0,0
30,0,74.31428040959582,0,0,1,3,31,2.8190080828778856,3,1
24,1,49.76228547079218,0,1,1,4,3,3.308025841245176,2,0
15,3,64.92608611290589,3,1,0,5,52,3.9179835971899077,3,0
2,9,63.83733868394811,6,0,0,3,0,3.6351327695329463,2,1
1,7,72.49088331910983,7,1,2,3,32,5.0,1,1
6,3,62.65471076710095,1,0,0,3,6,2.811568758467997,4,0
28,1,,1,0,1,3,8,3.5190569212284046,2,0
48,3,68.41162108170609,3,0,0,3,0,3.59392045418125,5,0
4,9,68.46270339280308,9,0,1,4,15,4.663948102829967,0,0
21,4,46.03345203704659,2,1,0,5,17,4.10258693055924,1,0
12,4,30.0,1,0,1,4,53,3.3766234917898186,1,1
0,5,68.87329057938592,3,0,0,3,46,3.3673125176057583,1,0
11,6,65.60013599667003,4,0,1,2,5,2.690132689633063,2,0
24,2,66.47702980565445,1,1,1,5,1,4.3651214416151305,2,0
4,6,79.78520700667167,4,0,0,4,8,4.274022961927349,2,1
34,3,73.14144786033906,5,1,1,5,3,4.209530490757485,0,0
4,7,79.40049109014748,3,0,1,5,44,4.36256152368081,0,1
1,4,71.74565586702754,2,0,0,5,22,4.6956051683964946,1,0
2,3,62.159263133835395,0,0,1,3,53,4.304361402801236,2,0
27,3,41.556146864011545,2,0,0,5,42,4.047507137449667,4,0
8,2,83.11789756308451,1,0,1,3,44,4.380341084316339,3,1
23,6,56.85640935588003,5,1,2,5,42,4.404006193846254,0,0
11,4,50.911707555053,2,0,1,4,50,4.20249068132653,0,1
9,5,69.55591011465542,3,0,0,3,7,3.3114122730430124,4,0
24,4,32.465192863840144,3,0,1,3,38,2.9740215746873293,0,0
8,7,48.914766656885824,5,0,0,3,24,3.6748138752569672,0,0
24,7,50.56139910830465,6,0,0,5,15,4.603256479420854,0,0
1,6,50.133013727572035,1,0,1,3,34,3.783816899057144,1,0
15,7,89.02815954657243,4,1,1,4,16,4.024448996298188,0,0
18,8,58.76505070131658,3,1,1,3,17,4.665572927480977,0,0
34,2,50.41671934775839,0,0,2,5,59,2.683952974345697,3,1
3,5,59.27518009022691,2,0,0,5,26,4.404154813981365,2,0
13,1,72.80556484307247,0,0,0,5,14,4.213965534256591,3,0
8,7,31.406476963541888,6,1,1,5,59,3.9668198606508676,2,1
7,4,61.7162738119774,1,0,1,3,16,3.892623015231817,2,0
1,7,53.20571614133446,7,0,1,2,42,4.0997947745143515,0,0
2,5,64.04339636594895,5,1,1,5,4,4.447320471707267,1,0
27,3,42.81232704806615,1,0,0,4,15,3.326814260669867,3,1
20,3,57.30300150677214,1,0,0,4,14,3.793619696163827,1,1
7,8,57.95097337582752,6,0,0,1,41,4.550873089869245,4,0
26,1,40.94147966151678,2,0,1,3,45,3.6610103373581087,1,1
1,10,87.96500173605115,6,0,0,1,33,4.339954372892951,2,0
14,12,66.22347050380783,12,0,0,5,47,4.403396509534139,0,0
30,1,73.81903805330715,0,0,1,3,18,3.2656347161747954,6,0
27,3,54.69004881975484,4,0,1,4,7,3.97974358850597,5,0
6,10,63.22090133043216,11,0,1,1,46,4.5249822945958735,0,0
20,6,41.97297694715495,1,0,1,5,9,4.442271260529389,0,0
8,11,50.39818323173907,7,0,1,3,4,5.0,0,0
27,5,46.517099069706575,5,1,2,5,51,2.309267794647403,1,1
11,6,,2,0,1,5,47,4.16562068540646,1,1
21,8,85.60451324431385,6,1,0,3,52,4.363077912856601,1,0
1,5,73.55181073621381,5,0,1,5,25,3.2600300714137367,1,0
13,3,87.1761650204212,2,1,1,5,21,2.992973657674901,1,1
11,7,71.90679186837896,2,1,1,5,43,2.6648742781224497,5,0
14,2,66.3032492587271,1,0,3,5,22,5.0,1,0
17,7,46.16334684519093,5,0,0,3,12,2.934342968256802,0,0
37,2,64.84972088823237,2,0,1,4,8,2.8931414100026567,1,0
23,3,52.88770578239734,1,0,1,2,48,3.78887162281297,2,1
3,3,72.48084660431427,0,0,2,2,19,4.696567380782834,2,0
26,3,39.612363968248644,1,0,1,5,27,4.028010239752927,5,0
1,9,58.37823336395737,5,0,0,3,43,4.178073521857656,0,0
14,4,60.26173260863397,3,0,1,5,56,4.493184237387079,1,1
32,4,86.79795424579538,3,1,0,5,36,4.602742608424905,0,0
1,5,44.65309330804102,3,0,0,5,23,3.892418583221912,2,0
28,7,77.52232696877192,3,1,2,5,43,3.429931898952203,0,0
24,5,72.35117836313795,1,0,1,3,32,5.0,1,1
10,2,56.16322457985884,1,0,2,1,19,4.204036598953262,2,1
5,5,66.14496609742015,2,0,0,4,59,4.1229081429280034,1,0
7,6,56.25307783232572,2,0,1,2,47,4.107264026855823,1,1
51,0,60.219042430572756,0,0,1,1,29,4.5699490938092255,2,0
3,6,71.29506118806697,6,0,0,4,43,4.843073031998299,0,0
12,3,98.16951367270369,1,0,2,5,8,2.589949158407343,1,0
1,8,74.46252404856097,2,0,0,4,44,2.8704803382454473,1,0
3,9,63.71291991000612,2,0,0,3,48,4.640616965384151,1,0
21,5,81.35547187955166,1,0,2,5,16,4.513715216780349,0,0
5,5,38.69240237857723,2,0,0,3,35,3.3528569299638487,0,0
63,1,53.93153342055997,1,0,1,1,13,3.6585308659656453,1,0
10,7,61.00808501089988,4,0,0,5,18,4.451116096784031,2,0
10,3,44.42165892112933,4,0,1,4,6,3.4948484484876876,4,0
0,5,51.88445585737071,6,0,1,5,58,4.624705014929572,2,0
47,4,35.16061742564796,1,0,1,1,2,2.471191296739002,0,0
2,8,40.818754209117785,4,0,1,5,32,4.1475367721063705,3,0
11,7,56.32492051783733,10,1,0,4,43,4.4195874219941285,0,1
7,6,45.89088227012385,4,0,0,4,31,4.222380963431151,2,0
8,2,66.31192887621353,3,0,2,4,46,3.776005710644928,6,1
15,3,64.0163042634102,5,1,1,5,10,4.181284200509542,4,0
16,7,65.35613857658274,6,1,1,4,41,4.333756532490708,2,0
2,9,52.43356153598606,1,1,3,4,1,4.246843886632268,1,0
10,8,76.23546986595846,2,0,0,5,25,3.5728264500565983,1,0
23,8,67.51145282567875,6,1,0,5,60,3.2049209399531096,1,1
8,3,63.367887899970405,3,0,1,4,3,4.733325081383218,0,0
2,6,63.492150348438464,5,1,0,5,16,3.9042593891454187,2,0
5,11,56.887030855746374,8,0,2,4,16,3.7209858440784247,1,0
3,4,79.7781219645791,2,0,2,3,27,3.3724013537288773,1,0
2,8,77.12495788864747,4,0,0,4,29,4.066126402540717,1,0
7,5,54.520168692461716,2,0,3,5,39,4.076539507443845,1,0
11,2,62.473917303225846,1,0,2,5,22,3.6477743870683907,5,0
1,12,54.05144211964035,5,0,0,3,45,3.768549743411542,0,0
13,4,96.98327191318273,4,0,3,4,23,3.8436754691240886,2,0
74,1,56.17167467556734,0,0,0,3,28,3.2092260570996807,3,0
49,3,77.92935086100925,1,1,0,5,3,4.022362235848134,2,0
26,5,100.18900300310997,6,0,0,5,37,4.419480780260375,1,1
4,5,64.7541674290376,5,0,1,4,28,5.0,1,0
0,5,33.8714785646555,1,0,2,5,18,3.130911649144804,2,0
26,5,82.65344955504929,8,1,0,5,26,3.998826149345896,2,0
0,4,52.323858568969996,1,0,0,4,28,2.8691463065414844,2,0
3,16,49.69479016706296,11,1,0,2,55,3.422921867619462,0,0
11,3,86.68911055050675,2,0,1,4,35,2.991382600183601,9,1
2,4,,1,1,2,5,34,3.386144982027477,2,0
26,3,81.51976014968186,1,0,1,5,51,3.831817499189207,0,1
22,3,56.643018714321165,2,0,0,4,5,3.291063935986831,1,0
21,7,32.20529420902832,4,0,0,5,58,3.7380030807374984,0,1
25,2,73.2605866103157,0,0,2,3,22,4.5712308763481,5,0
3,6,30.0,4,0,1,4,38,4.04394718036305,0,0
19,4,59.31210652692035,4,0,1,5,45,4.316764956301163,0,0
6,6,35.48302833993639,3,0,1,5,43,4.06018511537791,2,0
16,5,55.07899922874073,3,1,0,4,47,3.52317451577412,0,0
1,5,70.45497740605393,1,0,2,3,51,4.589426308127143,1,0
18,4,66.33916634013889,2,0,1,3,7,4.559970711415317,4,1
53,0,63.11985798005063,0,1,2,4,54,4.140030314569981,4,1
0,12,75.13872932397095,6,1,0,4,1,3.8160667305160336,1,0
1,12,59.9994216748963,6,0,1,3,12,4.549709312708817,0,0
1,9,56.754730504735065,2,0,1,5,39,3.933668300857979,0,0
8,8,64.27970421874507,9,0,1,4,56,3.8752575881646796,0,1
5,5,50.07629416770223,6,0,0,5,20,4.026041784734312,0,1
24,0,72.94227940767591,0,0,1,5,30,4.291934847897446,4,0
9,7,61.059649107958286,3,1,1,3,51,4.980484234007594,0,0
9,6,70.73669061745248,5,0,1,1,47,4.234465045811789,0,0
18,7,57.34026001683961,2,1,1,5,35,3.8960133389574807,1,0
6,10,67.48472750948982,9,1,2,4,60,5.0,0,0
6,6,69.97582611702877,7,1,1,5,47,3.593487952757009,0,0
21,5,30.0,4,0,2,5,51,4.833063008535711,1,1
22,3,38.08332011602348,3,0,1,5,37,4.747013552515038,0,0
0,11,51.6256226655635,7,0,1,5,26,4.0636372065362005,0,0
2,6,58.03229030975655,0,0,1,4,35,4.453388599707812,0,0
3,4,79.13020067336883,1,0,1,4,47,4.11137197214596,2,0
6,8,66.8091076102891,3,0,1,4,22,3.358139884470903,3,0
5,3,67.84945906463682,1,0,0,3,54,4.117357418109887,0,0
16,5,83.12576580881694,5,0,1,4,20,4.224230508599787,2,0
26,1,80.6410954483235,0,0,1,3,12,4.00443963210871,1,0
3,12,44.872388424625576,8,0,2,5,36,3.403243960764059,2,0
12,2,78.49480947252025,1,0,0,4,46,2.746285294696678,2,0
6,6,61.57257327710662,2,0,1,4,25,3.614878184981718,0,0
10,4,52.271057657054904,2,1,1,4,39,4.208982960575374,0,0
14,3,55.59799343817495,0,0,0,2,6,3.851287293200241,1,0
33,4,50.6175426748958,4,0,1,1,45,3.6768924027637206,0,1
3,9,62.11757848132784,7,1,0,4,38,4.808584634560968,0,0
1,10,58.755625959007276,9,0,0,2,21,2.8265061294624125,1,0
14,3,78.5398048295855,2,1,1,4,38,4.576023613916693,1,1
7,6,88.99509965228117,4,1,0,5,22,4.271922890410172,0,0
2,10,53.92232135036484,11,1,1,5,57,5.0,2,0
1,9,40.56361947060862,7,0,2,5,29,4.054160253798867,1,0
12,3,70.01754622978684,3,1,0,3,17,3.746801913183885,1,0
5,11,74.12676881861213,3,0,0,5,41,3.8420971376721678,0,0
89,0,65.70718777741335,0,1,0,5,17,4.4414708186858824,3,1
7,7,36.91921006371334,6,1,0,3,45,4.263841192071882,0,0
3,10,48.116040169005196,6,0,2,5,9,4.184692903208567,1,0
14,8,62.20820797315101,2,1,0,3,38,3.961636330625815,1,0
4,13,50.75944004056611,4,1,1,5,29,5.0,0,0
10,5,45.03420977825975,1,1,3,5,25,4.192670012295176,1,0
9,3,92.16643693664412,2,0,1,1,6,3.6511551764193158,1,0
9,7,45.00411260403469,8,0,0,5,6,5.0,2,0
23,8,78.0981206963153,10,1,0,4,4,3.5483195117308113,0,0
3,7,66.19033858444885,5,1,0,5,0,4.53631450195382,2,0
35,5,69.1242863125437,3,0,0,4,45,3.8776423290478887,1,0
23,5,77.06828877105544,4,1,1,5,17,4.674717920030778,0,0
6,7,49.666681029716614,4,0,4,2,12,4.027226295951684,1,0
2,7,55.50323993975786,1,0,1,3,24,5.0,1,0
4,3,67.08909335312983,2,0,0,2,39,3.5848713724254515,0,0
6,6,32.26132700702156,6,1,3,5,7,4.294697406655802,0,0
12,2,84.74449303293164,1,0,0,5,9,3.185362812146252,3,0
0,18,61.73954076901154,11,0,1,5,31,5.0,0,0
36,3,45.87086573856435,1,0,2,5,16,3.322853626104347,1,0
1,3,76.4071712146062,2,0,1,2,37,4.1797788682016614,0,0
4,11,61.37421686700686,3,0,2,4,14,4.298603225241344,1,0
1,3,49.17781076796729,2,0,0,2,14,3.361510650870668,3,1
4,3,74.18744526776331,0,0,3,3,56,4.299545520024409,2,1
27,5,30.0,4,0,0,3,47,2.804639872300312,4,1
14,4,66.29342991792075,4,1,0,4,39,3.914587274159887,2,1
3,4,79.65410323033367,0,0,3,3,50,4.092393058432763,2,0
30,2,47.50555664166646,0,0,2,2,19,4.186741781649719,2,1
24,4,40.77295829831925,5,0,0,3,14,3.5331611445561,0,0
21,6,66.34780567038746,4,0,0,2,34,5.0,2,0
28,2,49.848575477148245,2,1,1,5,5,4.283822429891276,5,1
14,4,93.72131566255939,6,1,3,5,29,4.553354521976427,2,0
10,4,52.04855141099413,1,0,1,5,56,2.1711623519531584,5,0
7,7,57.084091610188544,3,0,0,4,7,4.152776389679078,0,0
3,4,67.82142431798995,0,0,1,3,30,4.779336343518796,0,0
12,4,32.72513281355431,4,1,0,5,47,4.453839930044674,0,1
33,4,60.89541817145478,1,0,0,3,46,4.639730800931319,3,1
13,6,76.79168109635549,6,0,2,3,31,4.309845669990785,1,1
37,4,58.783171756733736,1,0,0,3,44,4.100066561708399,0,1
6,4,42.78114479521825,0,0,0,2,57,3.741624711521254,0,0
17,1,53.48715334345751,0,0,1,3,51,3.710831444855679,3,0
15,5,31.27767580117188,2,0,0,4,14,3.364070830910929,5,0
16,7,55.6365280083396,4,0,0,5,17,4.161295772486103,2,0
15,7,,9,1,1,2,12,3.9325525610165095,0,1
3,5,50.634782691254394,4,0,0,3,23,3.175163872517691,1,0
2,4,,1,0,1,5,39,3.2766629501537015,3,1
57,1,37.765449964287676,0,0,0,2,13,3.5632105402859517,2,0
0,11,88.19086311779105,4,0,1,3,27,3.89722302271022,0,0
9,6,76.96977141046914,8,0,0,5,10,5.0,0,0
8,4,52.61743423383126,1,0,1,3,5,3.7819385696780703,1,0
6,5,40.154201496705795,2,0,0,2,55,2.8492021683936715,1,1
22,2,52.37792993037907,3,0,1,4,24,4.345895366395674,1,0
20,5,64.2296796491676,1,0,0,3,60,2.9011478785814813,0,1
35,5,76.29013564765259,7,1,0,4,0,4.409856187897268,0,0
7,8,30.0,7,0,0,5,24,4.774942225019313,0,0
12,2,,0,0,0,2,1,2.90269993897115,4,1
33,0,63.85299376578773,0,1,1,4,31,3.833253573308465,0,1
76,1,42.548618892505374,1,1,0,4,12,4.542887194925515,0,0
52,1,30.0,1,0,1,2,32,4.6406950267208495,2,0
18,4,62.062122463155376,1,0,0,4,31,4.449736772872073,0,1
2,10,63.298357657168566,3,0,1,3,55,4.640307751656727,1,0
0,14,50.75526131526703,5,1,0,4,23,3.6643012076796726,1,0
26,2,73.68132727349969,2,1,2,2,26,2.7131896712109143,2,0
27,3,90.50883173822815,2,0,1,4,3,3.8485548991366394,2,0
20,8,54.00783589650824,7,1,0,3,23,2.6793510114244397,2,0
4,11,48.800147292072054,10,1,3,5,22,4.325174499205094,1,0
15,5,85.75220902154513,2,1,0,2,28,3.994634267726603,0,0
5,10,56.689629881819165,6,1,2,4,33,4.005027243851106,0,0
8,6,69.88966571458268,4,1,0,4,20,4.494153256576422,1,1
7,7,,6,0,1,5,29,3.6147066768929474,2,0
36,8,77.10454971356967,3,1,1,4,25,3.3186583631259285,1,0
4,8,41.33263092885697,2,0,2,5,19,4.212866010833476,2,0
12,1,62.17614185509222,4,0,1,5,15,4.783797960179662,3,1
6,5,64.4392815030591,4,0,0,5,2,4.571929004501883,0,0
16,4,57.261617491104545,1,0,0,3,48,4.570010761876364,2,0
12,7,50.45487952408045,3,0,0,4,36,4.263620132367902,2,0
38,1,86.89417931045895,0,0,0,5,57,4.4073453757662815,1,1
1,6,72.1329506725763,5,0,2,5,39,4.462886115274852,2,0
3,7,,5,0,0,5,43,4.3274485664231905,0,0
21,5,31.742252728994053,3,0,2,4,24,3.5004660807544075,2,0
6,3,82.17775841514369,2,0,1,3,22,4.3861441169438615,4,0
2,8,46.10858033797514,8,1,1,4,43,4.47404181307164,1,0
10,5,60.92704088438261,2,0,0,5,58,4.142058568811706,0,0
15,3,61.37798095253888,2,0,0,4,0,4.0077450028401245,1,0
0,3,64.28853610874884,2,0,0,4,32,4.343211181042859,2,0
5,6,34.67432525735143,3,1,0,5,14,3.823644433170703,2,0
24,4,54.763427457936174,5,0,0,4,16,4.792676073972411,3,0
11,7,59.76355750898634,10,0,0,5,33,4.697158812333879,0,0
0,11,59.16753302634684,10,1,1,4,16,4.698750170111462,1,0
4,7,70.7222824340396,6,0,1,3,51,3.9405177248952175,0,0
15,4,62.47447518445745,0,0,0,4,57,4.168515213173924,2,1
3,6,66.67860251125126,4,0,0,5,40,3.727464977116673,0,0
26,1,51.019579839572096,1,0,1,2,43,5.0,2,1
16,3,85.6063050110899,0,0,1,3,3,4.788033422010529,2,0
9,8,55.659893570753894,4,0,0,5,12,4.016275733244388,2,0
37,1,64.93909419632566,0,0,2,3,3,3.6346983427289854,2,0
7,4,61.71373047002708,2,0,1,4,6,4.724891929822754,1,0
4,7,66.76522944358459,2,0,1,4,45,5.0,1,0
16,4,78.00731204175065,2,0,1,4,58,3.8492677093837013,0,0
12,3,47.38692099640143,2,0,1,4,8,4.167752124220112,0,0
6,12,72.38493804166963,10,1,0,3,22,4.743399724024443,0,0
6,4,71.05826828975849,4,1,0,4,32,4.201741669943544,1,0
7,10,62.60039779773745,5,0,1,4,32,4.945313889783324,0,0
5,9,63.40163171129509,7,1,2,5,19,5.0,0,0
18,1,42.66592825868952,0,0,0,2,3,4.024570502323175,3,0
15,4,54.90510211723544,6,1,1,4,0,4.886401949282863,1,0
8,1,31.391370282815124,0,0,0,3,53,3.5544946385965854,0,0
7,6,55.407864764457734,3,0,0,3,41,4.824999221402488,1,0
6,8,59.05103616420768,5,0,1,3,33,4.630087946435714,1,0
4,7,39.01747697780954,6,0,2,3,26,4.835986796432242,1,0
1,10,64.48664077773029,2,0,1,5,20,4.392947500692846,0,0
4,10,78.10751763716718,3,1,1,3,23,4.339758706449632,2,0
5,8,63.23164966951846,4,1,2,5,14,3.748002275256925,1,0
11,6,59.917770076373536,0,0,0,5,34,3.1405312099993528,2,0
22,2,52.118849961112275,2,1,0,4,24,3.04111012586315,3,0
7,9,65.5736628973266,7,0,0,2,54,4.68527411614762,0,0
43,3,44.75627606253809,0,0,3,4,8,3.7449051360074734,2,0
26,3,30.0,1,1,0,5,16,2.567451271615979,0,0
62,2,83.69381877333288,2,0,2,4,20,4.171062919975158,2,1
31,4,74.41081239517914,3,1,0,2,59,2.6159288543937986,3,0
14,8,43.51160177875583,3,0,3,4,12,3.544233468187858,4,0
13,6,38.30853375673993,3,0,1,5,2,3.131230120675321,0,0
2,13,61.59573396362549,10,1,1,5,3,4.38351516816228,0,0
19,4,60.96620789306668,2,0,1,3,3,3.43376958690856,2,0
13,4,72.24294066067965,1,0,0,5,42,3.8340373001740558,3,1
10,8,54.97517603193557,1,1,2,3,27,3.8010616507197303,1,0
17,1,77.32430175026244,1,0,1,3,6,4.878082140457057,3,0
8,11,56.75029527685361,9,1,0,5,25,4.909580300045713,0,0
11,6,78.1951016941874,8,1,0,3,10,3.9606970525180962,1,0
7,6,57.27834264291937,11,1,0,3,23,4.4225108354576745,1,0
18,3,47.03669588564423,1,0,0,1,42,4.176707564547326,3,1
31,2,54.38344387238607,1,0,1,5,9,4.434449998724664,0,0
27,3,69.81360058135795,2,1,0,5,36,3.7116167922872263,0,0
23,4,65.30755100378302,6,0,0,4,12,3.570535799834107,3,0
0,12,60.78792303194312,7,0,1,5,60,4.61102934367751,0,0
36,1,44.342976955421165,1,0,1,3,43,3.0322545953415254,4,1
4,7,59.1000426182301,5,0,2,4,41,3.165816447958552,1,0
32,1,50.20676711938493,0,0,1,4,38,4.577084714929526,0,1
3,7,49.81796291926691,8,1,1,2,18,3.0339779977689667,2,0
8,5,74.92958824949223,4,1,0,4,50,3.7718778923189125,0,1
20,2,48.50470111745242,1,0,2,5,18,3.6970516992659017,1,0
15,3,47.65277248044789,1,0,2,1,11,3.8462886176617634,0,0
8,8,64.711175588741,2,0,1,3,51,5.0,1,1
17,6,46.256951508536275,9,0,0,3,21,3.744388490668586,3,0
11,7,51.68680679675559,9,0,0,3,46,4.131929885882071,1,0
4,8,88.88323647437561,10,0,0,5,36,4.336117489537321,2,0
15,0,,0,0,0,4,55,3.3420176389596223,6,0
3,8,70.13764789263999,11,1,0,4,29,4.7956401024693145,0,0
17,2,97.72881057529622,0,0,1,5,45,3.9466542789504824,4,0
0,11,62.992417067319906,7,0,1,3,11,5.0,0,0
11,0,67.8710457440858,0,0,2,4,28,3.735989852932911,5,0
7,7,64.68862720706043,10,0,0,4,20,4.213493751455413,1,0
5,11,55.12028804097906,12,0,1,4,10,3.125062447209763,0,0
10,8,61.8884355934802,7,1,1,5,59,3.524730239998062,1,0
15,5,57.31967623288581,2,0,1,5,36,4.506271185526443,2,0
50,1,46.336415908358916,0,0,0,4,47,3.3294172023088087,3,0
26,4,72.49644592191166,0,0,0,5,57,3.7993797652863432,3,1
18,1,32.85865677665976,0,0,0,3,17,4.010531367813137,1,0
9,6,60.11474619309086,4,0,0,1,43,3.9066446731823166,1,0
7,6,55.81084674995941,4,0,1,3,58,5.0,1,0
0,9,44.45738066557677,3,0,0,3,26,2.837456366924629,1,0
6,2,69.34257147860657,2,0,2,4,36,4.529609946222423,2,0
28,2,,4,0,2,4,47,3.798793756786209,4,1
7,6,53.88256263473308,9,0,1,5,11,3.7494478173177828,1,0
9,3,,1,0,1,4,22,4.475816552338618,2,0
4,8,31.12080207714054,8,0,0,4,33,3.457750082982065,1,0
4,6,76.16260804088033,3,0,0,2,60,4.542784443685187,2,1
0,9,59.4538429496862,5,0,0,1,37,3.666272802349366,1,0
14,2,55.363509675247926,2,0,0,4,22,3.364268619946391,4,0
8,10,39.309580791736565,1,0,3,4,52,4.40932775052399,3,0
13,3,61.35641636399805,0,1,2,5,24,3.8364791556527247,2,1
11,6,60.3723959943045,4,0,0,3,3,4.335345054778065,3,0
24,5,68.19786398475188,2,1,1,1,29,4.171966420118069,1,0
20,6,52.95662560356257,4,1,0,4,29,4.007911306107194,0,0
22,5,45.36975778319399,2,0,2,3,12,4.043964431775292,2,0
10,6,64.70595578240103,3,0,0,1,41,4.4021685538728095,1,0
6,6,51.336117833832944,2,0,0,5,48,3.88212126756666,1,1
40,6,67.567274829147,4,1,2,2,13,4.408058328923553,1,0
0,12,44.53274323661121,11,0,1,4,55,4.058848215887509,2,0
2,5,71.91041161809889,1,0,0,3,46,3.7817938183618494,3,0
8,5,82.35038390068098,5,0,1,3,7,4.1161723338647445,3,0
14,4,57.50185140846979,5,0,1,4,54,3.5754614190751903,1,0
0,5,80.2318679274324,3,0,1,5,23,2.838210376282692,4,0
19,4,71.3022838356596,5,1,0,4,17,3.9373487546091175,4,0
12,4,65.0477406431706,2,0,2,5,34,2.7869927967256967,2,0
9,1,59.79813126859487,0,0,1,2,24,4.218253055898595,2,0
8,8,51.83607158854749,5,0,0,5,16,5.0,0,0
10,5,77.96644237034275,1,1,0,3,31,4.244259474182963,3,0
2,5,74.93855932578353,3,0,1,5,55,5.0,2,0
1,9,44.31993822510153,6,0,2,4,23,3.817999532015347,0,0
5,9,61.7257494900537,12,1,0,5,6,3.243879987521332,0,1
18,3,47.79138415688265,1,0,0,4,12,4.186192382702242,0,0
13,2,67.1262144051594,0,0,0,2,26,4.513025301931688,2,0
9,5,71.23631024118585,4,0,0,1,47,3.8449236387151324,2,0
12,3,,2,0,1,5,4,4.6099016555275885,4,0
12,6,58.74740104385169,4,1,1,4,35,5.0,1,1
5,6,66.3666467971369,5,0,1,5,25,2.671337606363106,0,1
1,13,61.37036306069928,6,0,2,3,41,4.585885261336478,2,0
34,1,86.75403847002244,1,0,0,3,44,4.563005818017945,3,1
13,6,36.40560560544317,5,0,1,1,30,5.0,0,0
17,5,80.32796754788109,3,1,2,5,9,3.3825817226177772,1,0
9,2,46.74734384397394,2,0,2,5,45,3.2250543808073378,2,0
21,3,30.0,2,0,1,5,25,3.3359600445467468,3,1
13,7,64.80343846227152,5,1,3,3,21,4.227855664447953,3,0
0,11,58.11705679284293,6,0,0,4,11,4.250323919790996,0,0
33,3,61.38245836696214,2,0,2,5,31,4.8685129080249965,1,1
5,2,67.82216946362243,0,0,2,3,26,4.270884533594206,2,1
2,6,68.24454191203446,6,1,1,5,32,4.490354336863448,0,1
1,14,,7,0,1,5,60,4.448141041493903,0,0
19,5,72.17674106041798,2,0,1,5,52,4.3533556305408405,1,1
18,2,30.0,1,1,0,5,51,4.010998048237376,1,0
18,1,58.581909643784655,1,0,1,3,19,3.852806956734729,1,0
37,4,76.94003083027482,0,1,0,3,38,3.693250485768025,1,0
6,5,64.28540166809164,2,1,2,5,40,4.257438676585982,1,1
12,4,60.74976009088644,5,0,2,1,39,4.726033121762819,2,0
14,9,54.84057049479388,5,1,1,5,58,3.869250843402155,0,0
58,2,65.20878206557943,2,1,1,5,12,3.591889321463589,1,1
5,9,55.79208901882179,6,0,1,4,13,4.186330219324845,2,0
46,4,69.4043676439994,1,0,0,5,43,4.7477089387451175,1,1
2,6,52.20998492664936,3,0,1,3,39,2.948076229400249,2,1
21,7,82.88454445256512,6,1,0,3,52,4.57805090305452,1,0
15,3,68.20394237816672,1,0,1,2,21,3.7297381655248403,1,0
25,2,87.19292654715417,1,0,0,4,17,4.527930965142671,4,0
0,4,54.18194384544242,5,0,1,3,47,3.246912287363209,1,0
1,4,78.36593240441562,3,0,2,3,28,4.650142016683239,2,1
1,9,41.02036766803779,8,0,0,5,42,4.579930198859746,3,0
13,5,70.83040078569734,3,0,2,5,15,5.0,1,1
13,4,58.26410946865741,5,0,1,3,45,3.4906740695646725,1,0
35,1,61.78678768320219,1,1,0,4,34,4.157372516383055,2,0
9,2,70.940161823545,2,0,1,5,52,4.110201710463397,0,1
1,9,71.14996202132772,1,0,0,2,33,3.992576924565028,1,1
3,5,72.57791133940846,3,1,1,2,2,4.242811143731024,0,0
0,6,65.27809307276438,4,0,0,3,3,5.0,4,0
22,2,68.12766335293135,1,0,0,4,53,3.6678266523633734,2,1
25,2,56.67282296972746,1,0,2,3,4,2.8068424368816114,2,0
90,0,50.337357433068085,0,0,0,5,9,3.7788597396088823,1,0
7,10,62.50045939322086,9,1,0,4,51,3.8099191898128972,1,0
0,9,30.0,9,0,1,4,28,3.483774593970296,1,0
4,10,66.28583163130813,8,1,0,3,31,3.182454466921252,1,0
13,5,73.04731212877849,3,0,1,4,30,4.916357192916362,0,0
49,3,69.2993607458591,2,1,2,5,1,4.00692299861268,1,0
1,10,50.831511143809564,6,0,1,5,11,3.777195978840027,0,0
1,6,30.0,3,0,1,5,26,3.5361151077375372,2,1
18,1,69.84287934605571,1,0,1,4,4,5.0,5,0
16,6,48.17056457154304,6,1,1,5,36,4.610610974782203,1,0
4,7,40.689275578172825,1,1,3,5,26,3.8358861415274346,0,0
25,5,,1,1,0,5,22,3.704557259488455,1,0
2,8,39.66979249923155,4,0,1,2,32,5.0,2,0
39,4,57.426824661778966,2,0,0,1,3,4.489951782869033,1,0
3,11,86.66067714171975,7,0,2,3,58,3.37104835073178,2,0
1,9,49.990752135951425,8,1,2,5,20,3.48854377503564,2,0
6,9,44.014933690791224,12,1,0,4,23,4.845228820561065,0,1
3,6,67.6090842980071,2,1,0,4,43,4.71155458760682,0,1
11,8,64.90556948986298,6,0,0,5,30,4.545811939088785,1,0
17,3,35.13956915773325,1,0,1,5,43,4.067829855114381,1,1
10,6,60.78900112752673,6,0,2,5,47,3.349449993876405,4,0
16,2,77.67216138437756,2,0,0,3,23,4.931839019679064,0,0
6,10,80.99873800349953,6,1,1,5,48,4.243467308851689,1,0
0,18,,15,1,1,3,52,5.0,0,0
54,5,67.43671575368893,4,0,0,3,9,4.628063804591295,2,0
25,5,68.1311490730222,2,0,0,3,48,4.475047345529484,1,1
1,8,75.1225290065515,2,0,1,3,48,4.01411795087344,2,0
8,10,58.637739553353505,10,1,0,4,49,4.058842506161195,1,0
15,8,79.42962883984438,8,1,1,5,1,3.995793915404387,2,0
3,8,,4,0,2,2,30,4.990766742328115,1,0
12,6,71.70330772832364,4,1,1,5,24,3.6332545289772162,3,0
11,6,44.968871600659895,1,1,1,4,3,4.1180503706439815,0,0
3,11,33.146889261035305,12,0,1,3,50,4.5678210004831445,1,0
2,1,69.18375904360875,1,1,1,4,10,5.0,1,0
21,1,104.32997200899229,0,1,0,3,16,4.043862649384263,3,0
5,5,64.80649109649889,1,0,0,4,43,4.148030959803579,1,0
4,4,56.86277523646974,2,0,0,4,1,3.8082416662514396,1,0
20,4,78.63125296098681,1,0,0,3,5,5.0,0,0
19,1,53.3302739784079,0,0,0,2,8,3.438968465433868,5,0
4,4,33.527364028763444,2,0,2,4,4,3.465306542629576,1,0
30,1,74.14015781728705,0,1,1,5,19,4.421299889593454,2,0
17,4,83.32032499092105,0,0,1,3,28,4.212000826743515,2,0
6,6,,5,1,2,5,20,3.5488846465942823,2,0
8,2,64.68880483998116,5,1,1,5,8,3.857976452068377,3,0
19,2,50.86762073457892,1,0,1,5,27,4.35498706701702,1,0
3,5,57.56172125641497,3,0,1,5,60,4.5353514088359494,1,0
9,5,63.33521660010658,1,0,0,4,54,3.9357554976795632,1,1
15,4,60.67442146963265,2,1,3,5,7,4.277865024228452,2,0
11,6,60.536993708138084,7,1,3,5,30,5.0,1,0
14,1,,1,0,2,4,19,3.6420381581422974,6,0
11,1,62.47366633002697,1,0,0,3,26,4.452115411451421,1,0
3,4,40.08624289022277,4,0,0,1,7,3.796869901239662,2,0
7,7,67.1349918971512,5,0,1,5,53,3.699005425299657,3,0
11,5,75.86236694113279,1,1,1,5,20,3.6742246355327106,3,0
22,4,68.40344175399414,1,0,0,2,60,3.4025334179669633,1,1
15,7,42.77975930906882,8,1,0,4,27,3.213482599145681,1,0
8,6,47.4874983460423,3,1,0,4,22,4.369777152523903,3,0
54,1,58.99891885801412,0,0,1,2,5,4.314412470153205,1,0
1,10,72.80106354332952,10,0,1,5,2,4.292375294048731,2,0
3,7,74.91776195758858,2,1,1,3,4,3.2987065395631907,2,0
6,7,65.40943843245877,1,0,2,2,8,5.0,2,0
3,6,45.536365103086226,4,0,2,4,6,3.24795202906237,2,0
14,8,77.60888920408405,9,1,0,5,59,3.4706001552821424,4,0
0,11,59.613179136896186,8,0,2,1,3,3.733754437000561,3,0
2,10,,6,1,1,5,38,3.939778803576127,1,0
5,7,52.69871057961488,8,1,1,4,4,4.568153481487077,2,0
17,3,,1,0,1,2,10,3.9337726545901486,1,1
31,3,76.49656571672217,1,0,1,3,60,3.075799968015343,4,0
24,2,58.12301652012326,0,0,0,4,14,4.4471214140691675,0,1
3,7,49.617568473759945,4,0,1,3,33,3.703795192917797,1,0
12,1,69.10914505064954,0,0,0,5,12,3.5176022337324815,2,1
0,14,71.80998342107257,6,1,1,5,53,3.6041502534277265,0,0
5,12,34.010911673239,7,1,1,5,47,4.698646881354962,1,0
24,3,,1,0,0,3,6,3.2495378850569736,2,0
9,3,93.31979557154023,2,0,0,5,39,2.7919845405206685,5,0
2,5,61.52981385057048,3,0,0,4,5,4.9467463828721625,1,0
8,9,63.590492517455914,8,0,1,3,55,4.85846875268555,2,0
3,6,95.90253443621931,3,0,2,2,38,4.180308836218983,2,0
7,6,43.60816665759759,5,1,0,2,49,3.3919349682265243,1,0
10,8,52.17525765416824,2,1,0,5,29,4.666177607810944,0,0
6,12,,11,1,0,4,21,3.963152357224436,0,0
41,2,77.21510903729504,0,1,0,3,24,3.6018549152662547,2,0
12,4,60.5709883034891,2,0,0,4,27,4.341274648953365,0,0
27,5,47.79625874935455,3,1,0,3,53,5.0,0,1
21,2,79.32180738101275,2,1,2,4,19,4.765516711117843,0,0
16,3,59.88447595407005,0,0,0,4,38,4.482147434683299,5,0
10,3,60.020947819714344,0,1,2,5,2,3.7861924844670933,1,0
0,13,73.94706105782315,11,0,1,5,4,4.436032745192051,1,0
14,3,82.58525964023377,1,0,0,4,0,4.693605272968784,1,0
6,5,63.59553399000398,2,0,2,4,14,4.194344935017678,0,0
1,10,67.17413499518658,4,0,1,4,25,3.234241373154411,1,0
8,8,75.69529621952435,8,1,2,5,2,3.2021425708348925,0,0
19,4,56.603868434441154,4,1,0,3,39,3.519339696231051,1,0
48,1,51.77314152284778,0,0,1,3,56,4.4468433844136905,0,1
7,7,54.48363539200435,2,0,1,2,40,3.4646255201007317,2,0
11,4,46.19449956008385,4,0,1,4,46,4.419228413343745,2,0
28,7,43.68317728045492,2,1,0,4,41,5.0,0,1
6,6,93.31573174800857,10,0,3,5,33,2.9952143027298614,3,0
2,7,46.58007568490247,4,0,1,3,51,5.0,0,0
4,5,64.0723179911252,7,0,2,4,4,3.9565127074479665,4,0
34,6,,8,1,0,5,30,3.537605185441257,1,0
2,14,75.73005589694891,9,0,1,5,50,5.0,0,0
5,7,61.74249616563867,8,0,1,4,12,3.6592991530003145,2,0
9,1,80.8052786436575,0,0,0,4,42,5.0,5,0
28,6,58.05945786641545,3,1,0,3,0,3.601240259376301,2,0
41,4,63.679904953445906,0,0,3,5,21,3.676774114572538,1,1
8,4,71.263046980259,1,1,1,2,14,4.615200879317731,1,0
40,2,62.98759509479581,1,1,0,5,25,4.4003254873290825,0,0
2,5,67.90353848325306,2,0,0,5,17,3.201198788504007,3,0
2,4,64.25523857628102,5,1,0,4,47,4.080654826296387,0,0
44,2,38.79550273685587,1,0,0,1,8,4.249676510970198,1,0
10,4,71.48345605714562,3,0,0,4,0,3.975237975937736,1,0
3,10,77.6637301105464,11,1,1,4,42,5.0,0,0
10,7,58.05661527424918,6,0,0,3,8,3.6599809304489836,1,0
22,3,56.92125684057738,3,0,1,5,22,4.337081739681894,1,0
26,5,64.40036731276402,3,1,2,5,42,5.0,1,0
29,5,89.1859401851764,3,0,1,4,44,4.016048912736373,1,0
12,8,55.73131736461784,7,1,1,5,57,3.717482243202722,0,0
30,3,69.33655132074021,4,0,0,2,1,3.865766545499078,5,0
10,6,57.37661008958633,4,1,0,4,13,3.523150419785878,0,0
14,3,68.96308266258724,0,0,1,2,37,3.2479044112629856,2,0
21,5,40.86457200096595,2,1,0,4,39,2.8481437940631404,2,0
8,6,86.93734643062035,4,0,3,5,17,2.6766580865329885,0,1
1,7,65.51068067806965,8,0,1,5,15,4.709239750439184,2,0
6,4,55.81859745546445,2,0,1,2,52,4.037388336688031,2,0
14,4,56.22495898465447,3,0,1,4,28,3.6994739854447527,3,0
3,8,64.17282047424864,1,0,1,4,43,4.222973925113678,1,0
2,7,90.04110916618046,6,0,0,4,10,3.053187113236664,1,0
5,11,,8,1,1,5,5,4.88160563640155,0,0
0,7,55.96712283720915,6,0,1,5,2,4.584982664202204,0,0
20,7,61.412381777404974,5,1,1,4,13,4.766576496511034,1,0
4,4,62.166157830538864,1,1,1,4,59,3.65337059115326,1,1
1,9,30.722480315239142,3,0,0,3,1,3.8775381266713813,0,0
18,4,56.5436834434096,0,0,0,2,31,4.186961915103126,3,0
27,3,,1,1,1,4,30,4.552912931660179,2,0
0,9,46.38290120182492,9,1,1,4,10,4.530371126994866,1,0
3,9,85.90613536212018,6,1,1,5,21,3.9438588414478035,2,0
43,0,43.112656466804836,0,0,1,5,2,3.3888251421132707,1,0
7,8,44.771284594036054,4,0,1,2,49,3.994641363727936,1,0
41,1,70.37426411419742,0,0,1,4,30,3.5245905565428846,1,0
4,15,64.18171167367709,11,0,0,3,32,3.9641298986311626,0,0
3,2,53.21442764215261,0,0,1,3,23,3.9311951855514997,1,0
3,7,75.10827074321413,3,0,2,5,0,4.387114164838234,2,0
1,8,,4,0,1,1,43,3.396111822431537,3,0
34,5,87.73729370142473,3,1,0,4,14,4.278936919405173,1,0
58,3,33.32316969846523,2,0,0,3,36,4.686037349290586,1,1
46,3,52.17408216985655,2,1,2,5,26,4.02905454988289,1,0
28,4,84.81480448355245,2,0,1,4,37,2.9231155331958663,1,0
28,4,67.20669924402148,2,0,0,3,47,2.938747628773281,1,1
16,5,58.421269131674954,1,0,0,4,26,3.8013092452493984,2,0
26,8,53.94776056928286,11,1,1,5,43,4.5010411440707605,3,0
3,8,65.24735099222013,6,1,1,5,11,3.7948653477945506,2,0
7,8,,6,0,0,3,2,4.544396177161834,0,0
15,4,,2,0,1,5,29,3.85937636074656,1,1
31,4,68.44926618353419,2,0,0,5,31,4.252679102972184,2,0
16,6,72.83012040908353,3,0,1,5,22,4.001472874241524,1,0
27,3,74.11297165924888,0,0,1,4,1,3.9441260611347153,1,0
9,4,53.56021950162871,1,0,0,4,6,5.0,4,0
18,7,52.965644800998184,3,1,0,4,33,4.517418049931449,1,1
58,6,59.94985829505477,3,1,1,5,31,4.57963442371295,0,0
2,10,45.09767951131824,8,1,1,4,52,3.95633490865951,1,0
39,3,69.96001615730714,2,0,3,5,38,3.707966464424742,5,1
11,4,55.558259269768605,6,1,0,4,31,3.9617758593460177,1,1
15,3,59.00120386345468,1,0,0,5,42,4.181536205318624,2,1
31,7,57.36926443296651,1,0,1,5,42,3.7222442602725208,2,1
7,7,67.71080520894503,3,0,2,2,13,3.6676425784384685,0,0
8,10,,7,1,1,5,2,5.0,0,0
11,7,,10,1,1,4,45,4.385977006042561,0,0
0,8,54.237847525022026,2,0,2,5,31,3.738191385417382,1,0
10,6,86.89278416347888,7,1,0,4,42,3.6637802367255894,1,0
5,10,32.82384261152421,9,1,0,4,35,3.830643537923999,1,0
39,4,67.34284552874321,3,1,0,5,16,3.549751451254446,1,0
1,14,36.21591417416562,12,1,0,3,47,3.7073167222226555,2,0
9,7,44.64164171921377,4,1,0,5,2,4.098242811085046,1,0
44,1,45.38010665603092,0,0,1,4,56,4.59137683072362,3,1
34,1,44.212916775613465,0,0,1,4,9,2.4925359387768817,4,0
18,3,50.878878403611374,2,0,0,3,52,3.251391729041602,4,1
13,7,93.00750946766948,3,1,3,4,46,3.7324545890552843,0,0
4,6,46.82917338753978,2,0,0,3,39,3.6751267961825613,3,0
6,3,35.79307395490131,1,0,1,1,17,3.6481356907679876,1,0
1,10,67.4055588702303,6,1,2,3,2,4.180732756851581,2,0
23,2,63.63429880056953,1,0,1,1,38,3.552602389463733,2,0
5,8,93.24424564584282,6,1,2,5,9,4.350086130808515,1,0
16,6,59.3881219903765,1,0,4,5,51,4.300768084185474,1,1
6,6,30.0,2,0,2,4,8,4.15978091470844,2,0
9,8,53.5886716737167,5,0,0,5,45,4.421506654822921,0,0
12,9,53.2904972575411,6,1,2,3,54,2.8472984637213234,1,0
24,3,41.50706319972937,1,0,1,5,45,3.8862792242213384,2,0
3,10,,8,1,1,5,10,3.199478177719603,2,0
7,8,57.75666337191576,10,1,0,5,59,3.7850228787515783,0,0
2,9,59.087598088302464,4,0,1,4,32,4.309596178124184,0,0
1,9,39.293363050566256,9,1,0,5,35,4.426790318704889,0,0
13,8,69.14042510740741,3,0,2,3,25,4.168698787299349,0,1
3,1,84.53907888780894,0,0,0,5,26,3.202490490773534,3,1
0,6,64.20838724606742,6,0,0,1,37,3.9372713735182345,3,0
34,2,76.59551788125638,3,1,1,4,21,5.0,1,0
11,3,62.71969018342428,2,0,2,5,25,4.49040525710915,0,0
2,6,44.30291427731864,6,0,1,5,21,4.885947387610085,1,0
0,9,64.0637093804762,9,0,1,2,4,3.8407158389479217,2,0
1,5,52.46166697783907,5,0,2,5,34,3.564020571048208,1,0
9,7,43.3582728212173,3,0,0,3,1,4.6972716634876255,0,0
16,3,58.82881317723066,0,0,1,4,34,5.0,0,0
15,5,72.30553140874312,4,1,0,3,8,3.6068337321515407,1,0
2,6,54.891212569964104,5,0,3,3,50,3.8633953161084933,0,0
15,3,89.0993645054833,2,0,1,4,50,4.802365277498423,1,1
7,3,74.26359396485473,2,0,0,4,48,2.959723825603987,4,0
9,6,51.7822658344492,4,0,0,3,17,3.9869503389482146,1,0
24,2,,2,0,1,3,42,4.923315743989614,1,1
6,3,92.17117699729843,0,0,1,4,11,3.873230729377636,3,0
2,4,54.95590411543094,2,0,1,5,2,2.916971106909074,1,0
31,9,,8,1,2,5,17,3.4760381396031117,0,0
3,6,66.32700052656625,5,0,0,2,55,3.0037302732447335,2,0
5,6,34.14171101088925,5,0,0,4,37,4.110198002341273,5,0
18,6,34.33708475397549,8,1,1,2,6,3.73744711790022,0,0
17,4,72.84471888367324,2,1,1,1,32,4.721696063416191,1,0
24,4,44.28955672814995,4,1,0,5,5,3.8438063658011368,0,0
3,3,60.1779758352056,0,0,1,4,17,3.9002077223392604,3,0
6,9,37.34919620954706,8,1,1,3,44,3.580457704337925,0,0
2,8,55.07311652303689,3,0,1,3,21,4.080273118608096,2,0
11,5,63.20607109179752,3,0,1,1,50,4.1271173744642216,2,0
5,6,30.0,1,0,2,5,38,3.9023514898125993,1,1
17,5,60.81102812024777,3,0,0,5,50,4.730933107355958,1,0
0,11,61.638606748366506,6,0,1,2,8,3.8933921818255017,1,0
0,8,52.9720316234497,2,0,0,3,34,3.758749622010641,1,0
8,8,43.4933681787044,4,1,1,5,22,3.9713924610290254,2,0
47,2,54.35091976574938,3,0,2,5,11,4.341223315506367,5,0
33,1,54.37229068303421,0,0,3,4,51,3.5054611219174783,2,1
76,1,88.87359677046213,0,0,0,2,23,4.019795512916306,2,0
8,3,58.18750103817189,2,0,3,1,49,4.426533910938325,1,0
0,14,53.0349487694418,6,1,1,4,39,5.0,0,0
5,11,58.157338680198976,5,0,0,4,8,3.6879687337717497,0,0
16,5,66.35522268287292,3,0,1,1,12,3.8045578714353834,1,0
2,8,65.8021551319842,10,0,1,4,39,4.721174841879535,2,0
5,6,66.74727667535306,3,0,1,1,53,3.3932317948170105,3,0
0,14,69.04570168785527,10,1,1,5,41,5.0,0,0
9,4,38.09610785129537,3,0,0,3,16,4.963690055628877,1,0
3,5,67.74725006412488,2,0,0,1,6,4.6389287520226805,2,0
1,8,62.76209666677579,2,0,1,4,16,3.7077327718468154,2,0
7,7,50.65381798883894,3,1,0,4,54,4.122214931201888,2,0
6,4,61.596476140577124,6,1,2,5,49,4.331158731655469,1,1
11,4,58.35092780051725,2,0,1,4,23,4.444960818412535,0,0
20,1,59.68782812441155,1,0,0,3,1,3.7315429113650556,0,0
1,8,62.615207835624474,3,1,2,5,34,4.509806339692686,1,0
23,7,34.82580180607992,4,0,1,3,60,4.5263379858604305,3,0
0,8,63.946495620873335,5,1,1,5,27,4.6940271631308566,2,0
8,3,,3,1,1,4,18,4.1171431366689575,0,0
13,9,63.656776223923906,4,1,1,4,32,3.017769983629882,1,0
47,0,49.123714606646494,0,0,0,2,20,3.3046140359873637,6,0
12,6,47.05234444279371,2,0,1,4,52,3.2408399113520217,1,0
2,8,62.73299347456277,5,0,0,5,9,4.532607704250762,0,0
10,4,72.04613433457617,4,0,0,5,52,3.677108068044107,1,1
7,8,79.62968582406859,5,1,1,3,45,3.884096352885652,2,0
9,7,71.47212009044861,2,0,2,3,44,3.671003910011998,2,1
3,5,67.67551061721086,2,0,0,5,8,5.0,0,0
10,1,30.0,4,0,0,5,37,4.15516077321432,4,0
2,5,50.79548276447166,6,1,0,2,5,3.961491875360146,1,0
20,2,64.69357494727389,2,0,1,4,50,4.561694691093183,2,0
13,3,49.79968542840363,3,0,1,3,52,4.454689556742049,1,0
1,6,46.0478405094186,1,0,1,5,41,4.761496652615092,0,0
33,1,44.064254904297755,0,0,0,2,54,2.170835582219955,4,0
14,3,,6,0,0,3,34,5.0,2,0
5,7,40.50042230469459,6,1,0,5,17,4.846412755796646,1,0
0,8,56.81564568544534,0,0,0,2,52,3.958194446799083,2,1
15,3,49.08133862997908,6,0,2,4,18,4.6423888592189915,0,1
7,4,47.0430525146495,0,0,1,4,4,4.039274949911571,0,0
35,1,66.17149667054684,1,0,1,3,24,4.223781003991314,5,1
0,13,72.34468035128418,9,1,1,4,10,4.639181727328392,0,0
0,9,,7,0,1,4,9,3.2779989317326343,1,0
44,4,60.78769962758542,3,1,0,3,16,3.7191764863914374,1,0
50,0,58.29613427724838,0,0,0,4,35,4.836016346012064,1,0
0,11,53.21729696439765,14,0,0,5,25,3.768332653304471,0,0
18,7,45.99448237722807,8,1,1,5,30,4.227558547562862,1,0
3,9,76.62886163084937,8,1,0,3,31,5.0,1,0
18,6,,3,1,0,2,20,4.888779733940749,0,1
30,1,40.457335863134446,0,0,0,3,17,3.40337916914996,4,1
1,7,76.4814465342556,6,0,4,4,59,3.557362835205413,4,0
4,8,62.99917186456784,6,1,0,4,17,3.3509325483017993,1,0
0,8,42.283904893454206,5,1,0,5,0,4.633668730942369,1,0
0,7,58.84323050791377,3,0,0,2,13,4.0616162472373025,0,0
0,9,50.63899196232019,6,0,1,1,7,4.328601091592496,1,0
24,5,82.33249620071919,3,1,3,4,1,5.0,1,0
5,6,56.37694181947845,2,0,0,5,50,4.067457187285779,2,0
10,3,67.97412356450108,1,0,1,3,14,4.410413445904227,1,0
23,4,59.65433820940676,3,0,0,4,59,4.458556674666682,2,0
10,6,,5,0,2,3,33,3.6051083431146944,3,0
8,5,63.05081755198734,6,0,3,5,35,3.914052490487232,1,1
0,20,77.36330053449895,15,1,1,5,0,4.033169743561904,0,0
12,7,68.12125781879003,5,1,1,3,50,3.5511714244537287,2,0
1,9,51.703338492972165,6,0,0,3,20,4.078011086075179,2,0
21,2,60.02791838248754,1,0,0,4,41,3.7440909811017695,2,1
4,4,56.8077558119075,0,0,2,3,0,3.4336917905009283,2,0
16,5,51.397983159351725,4,0,2,5,31,3.8324306848559067,1,0
15,3,43.84545604471998,3,1,0,5,19,3.2582507104156977,2,0
14,7,80.39342608377898,5,1,1,5,53,3.9250594880666627,0,0
4,10,30.0,4,1,2,5,46,4.867637778102188,0,0
4,9,79.97253189100707,5,0,0,4,35,4.532848871609509,1,0
29,3,39.93546939810655,1,0,1,3,38,3.9624744384719652,0,0
0,5,68.14736574036014,0,0,0,5,29,2.9568103894280005,2,0
3,5,51.21652714642051,4,0,0,4,6,4.7891691098453215,1,0
14,4,,3,0,3,5,21,3.907205438688211,2,0
25,1,77.18012622883917,1,0,1,3,56,4.15999333852599,4,1
6,6,30.0,6,0,2,2,49,2.9217112217556878,2,1
15,2,71.94225032990283,0,0,1,5,44,4.429536041486652,2,0
12,4,61.9488973254665,3,0,0,3,9,3.051695790179281,1,1
1,7,75.76403402371182,9,0,1,5,55,3.9770043641115564,2,0
14,6,69.39518614391277,4,0,1,5,7,3.6623791241524373,1,0
25,1,69.19392828476107,0,0,0,5,26,3.5693728429919425,2,0
73,2,73.46860899232605,1,0,2,5,9,3.5168269732445205,3,1
0,7,72.56358940345481,2,0,1,4,13,3.6643950958429845,0,0
16,6,66.76018855988858,4,1,0,5,45,3.6010726996584532,3,0
8,4,54.980954723130495,2,0,0,3,58,3.649364494064619,5,0
0,4,56.56242355084001,2,0,1,4,51,4.114885008783533,1,0
14,8,61.60154235074985,6,1,0,4,53,4.192944307034497,1,0
1,12,56.00656990690476,11,0,1,4,10,4.894822860533458,0,0
7,1,92.79054747001278,0,0,0,4,5,3.710672736861782,6,0
4,13,58.70222003782946,3,0,3,3,20,4.707827278796384,0,0
6,4,,2,0,3,4,32,4.515844763960833,3,0
10,10,58.19129765949059,5,1,2,5,18,4.278714558950343,1,0
6,5,47.422985397713575,3,0,2,3,38,5.0,1,0
12,4,89.36779101404704,6,0,2,5,23,4.486244304014221,1,1
4,7,61.46667968015199,4,1,0,5,17,4.006264495607894,0,0
15,5,69.5220125830034,9,1,3,5,34,4.217516238034676,1,1
28,2,67.72784192246534,1,0,0,4,51,4.572946711226578,2,0
3,8,74.18535886353688,4,0,1,5,42,3.5189285792424245,0,0
10,3,63.576659208836304,0,0,1,1,36,2.9339681281540058,0,0
15,6,54.01857944360349,2,0,0,5,18,4.065639483099868,1,0
12,5,60.708714273873994,5,0,0,1,52,2.147239172531517,3,0
6,5,41.601578352261015,4,1,1,5,23,3.805295919421483,0,0
15,6,57.753477177069236,3,1,0,5,55,4.19984906795727,0,1
0,4,86.90867356695199,3,0,1,3,33,4.3569309365949715,0,0
6,8,71.02812399532793,5,1,1,3,21,3.36142479069182,1,0
11,2,58.40567385743963,0,0,2,5,3,5.0,1,0
0,9,90.17548226297833,10,0,1,3,56,4.4046506590228365,0,0
10,1,50.85848281809138,0,0,2,5,9,2.835151753545303,6,0
15,10,65.1412935810429,7,0,1,2,1,4.54840277798793,3,0
21,3,55.45554563924503,4,0,1,2,7,3.527609282472943,2,1
1,10,,15,1,0,5,32,4.8086575926397535,1,0
69,5,65.909338689751,3,1,0,5,58,5.0,0,0
13,3,68.64039159930252,1,1,3,5,37,3.735658922099125,1,0
6,4,56.959068166802666,2,0,3,3,42,4.066916525566941,1,0
4,9,47.45864297160416,10,1,3,5,58,4.88163801789355,0,1
12,7,87.48352753055629,2,0,1,4,27,4.037781268907722,3,0
32,2,61.52182243499039,1,1,1,4,9,4.580435461743137,0,0
11,8,44.444591569615255,7,1,0,5,44,3.8485121376073876,1,1
16,6,44.66586076823038,7,1,0,4,0,5.0,1,0
6,3,89.86515088267363,2,0,1,4,33,3.583472248627575,1,1
7,2,96.95863285256975,2,0,0,3,2,3.8907520736466545,3,1
5,9,65.04956029168098,11,0,0,5,8,3.6730114243317704,1,0
18,6,50.79157298034869,2,0,1,3,4,3.7855892411964582,1,0
6,6,64.98873068722821,3,0,0,5,41,3.986654285710535,2,1
3,2,55.41557542707715,3,0,3,3,9,3.417635952585349,1,0
6,8,68.60407690760508,5,0,0,4,11,2.4768438821094647,0,0
28,2,,0,0,0,5,17,4.438857332689329,3,0
20,4,59.51328282349539,1,0,2,3,57,3.0768318395073657,0,1
6,5,58.73421128903697,3,0,2,2,20,4.792478852605473,3,0
35,3,,1,0,3,2,20,3.7853025369921696,3,0
1,9,,4,0,0,4,0,3.3902711840472226,1,0
0,8,57.10820784043345,3,0,0,5,2,3.8878938144138,1,0
2,7,90.83349193588958,8,0,1,1,4,4.4249491767849705,4,0
1,3,92.23172678802419,0,0,2,5,24,3.7686930776965,3,0
1,13,54.326021108392666,9,1,3,3,57,4.066219406385798,0,0
16,4,54.589625196605574,2,0,2,4,48,3.7052181946389386,2,0
13,3,59.26378743248213,4,0,2,5,7,3.423601231362264,3,0
15,2,50.374085103710605,1,0,1,3,16,3.6530410544629297,3,0
17,2,72.76881965745737,1,1,4,4,8,3.259766739765694,1,0
21,4,77.76698643459906,2,1,2,1,31,4.126438973566069,0,0
3,9,79.2533659706661,5,1,0,2,5,3.9956698828574346,2,0
14,8,56.87899222731773,4,0,0,3,48,4.462157591843466,1,0
13,6,56.692673169261965,3,0,2,1,39,3.8222337652421308,2,0
43,3,30.13337577094984,0,0,0,4,20,3.6485637817432353,2,0
3,3,50.14686391558106,2,0,0,4,6,3.4348420648034312,2,0
0,10,46.02103292879698,2,0,1,4,6,4.749765529061766,1,0
15,7,,6,0,2,3,46,4.301005134245005,1,0
20,12,52.69593062436969,5,1,1,3,38,5.0,0,0
4,9,55.39236403497464,3,1,1,5,53,4.335822777781838,0,0
12,4,59.62933568948417,1,0,0,5,26,3.9574930904085615,2,1
0,6,80.3937965404754,9,0,0,2,7,4.568766947450165,0,0
48,1,77.48253841513032,1,0,1,5,8,3.7220675715293097,4,0
1,12,43.127259110660255,4,1,0,4,27,4.542004715091281,1,0
1,11,66.42096343460372,4,0,0,4,14,4.170690203800964,0,0
0,7,48.00368712345331,4,0,0,4,1,3.4135604851188672,0,0
8,4,62.21870128235232,2,1,0,2,6,2.7070363373248862,2,0
1,9,79.66471046214738,7,0,3,2,46,4.2690860581152075,3,0
20,3,52.705156855362965,2,1,1,4,17,3.9947995170111383,0,0
34,4,45.189565352332856,3,1,0,3,21,3.7251464641185352,0,0
4,6,60.772230371429956,0,0,1,5,49,3.8959134395882478,1,0
14,9,79.80342745782397,8,1,1,4,9,3.3613030889974946,0,0
0,8,90.07808918051691,6,0,1,2,53,5.0,0,0
7,6,50.75883376566682,3,0,1,5,49,4.158108261043512,3,0
5,5,61.973720567154906,5,0,0,3,32,4.174817130245392,1,0
3,7,64.13112457111414,7,0,1,4,6,3.898544446850335,1,0
15,7,38.67925474300681,4,0,1,5,2,4.337538690754827,2,0
2,3,,1,1,1,5,13,3.5779299678699013,1,0
29,3,64.86744930137122,0,0,0,5,43,3.1967567338250666,2,0
16,3,54.36449296438186,1,0,1,5,45,4.597376250202498,2,1
18,4,38.97959142487996,2,1,1,5,60,3.672199736809943,2,0
41,2,70.30465846793813,0,0,0,5,35,3.78498243396754,1,0
42,2,60.91610963934549,1,0,0,3,12,3.46351324495408,1,1
12,6,60.17278426550696,1,0,0,1,15,3.230219520295537,1,0
10,5,43.570796468352384,2,0,0,3,15,3.9621424600002584,5,0
6,2,34.40434607917811,1,0,1,3,53,4.004790890829808,1,1
18,4,51.030085785621424,2,0,0,5,4,4.122882481527928,0,0
11,5,60.73065421371792,3,0,0,4,51,3.688891439622947,2,0
40,2,49.3687447663809,0,0,1,4,24,3.10430955698709,3,0
4,5,43.543121995513765,0,0,0,1,37,4.559378746312122,2,0
5,6,54.419373712088955,1,0,3,5,37,3.232095167903826,0,1
5,8,60.5259269987312,4,1,2,3,49,3.286715347468237,1,0
24,3,81.22058760772742,1,0,1,5,37,3.0322204526564005,2,0
1,11,62.25336946759229,6,0,2,4,38,5.0,1,0
9,4,37.99372807934675,2,0,1,3,55,3.8120541644443375,2,1
8,2,30.0,1,0,0,2,55,3.615549788723944,2,0
1,5,30.0,2,0,1,2,47,3.1557204074863163,2,0
7,8,65.097140798978,6,1,0,5,40,3.870107805803748,1,0
10,6,44.215035750630435,4,1,1,5,25,5.0,0,0
1,10,67.46793764461057,6,0,0,4,58,4.89112092176903,1,0
10,6,77.70028482256438,1,0,0,2,12,2.9889712723004607,1,0
48,2,68.85573701182778,2,0,1,4,43,3.632540758080276,1,1
57,1,56.5936045613234,1,0,1,5,50,4.8481069589281605,3,1
11,5,87.72603936296551,2,0,0,5,25,3.727910825708549,4,0
10,9,53.08606757910789,6,0,0,2,54,3.4777102771776884,0,0
5,13,46.45281260395625,5,0,0,1,54,4.0386416493157276,1,0
87,1,65.00485572897574,1,1,3,5,0,3.845102778175316,3,0
4,6,71.60157610327938,2,0,2,4,7,5.0,0,0
9,6,30.0,4,0,2,3,3,3.4228205347025584,3,0
0,13,76.65871641226657,8,0,1,1,20,4.49492032103235,1,0
6,10,35.626580876442546,2,1,2,4,21,3.5255478278689605,1,0
1,2,30.0,0,0,0,5,50,3.925352813003881,0,1
20,3,54.83765433183624,2,1,2,5,52,4.375019443996298,1,1
12,7,44.059622916657744,6,0,1,4,57,3.3589003279738696,1,0
12,6,66.23606986124055,3,0,4,4,36,4.541467261722334,0,0
5,3,65.34462324040271,2,0,1,2,48,5.0,1,0
25,0,64.62743281945679,0,0,0,4,2,3.7920507985667027,4,0
0,6,78.36486996139783,7,1,0,4,18,4.844264684810055,0,0
6,5,55.26754333209671,5,0,2,4,0,3.090805416302855,2,0
16,2,65.51031755857476,0,0,2,4,28,3.8234627530376466,0,0
35,3,34.959802295114855,2,0,1,3,22,2.8389161755734187,0,0
4,6,74.40755147887472,5,0,1,2,32,4.124907875052696,2,1
11,6,52.48165444700599,5,1,0,3,54,4.181429658351188,2,0
11,4,55.73898270383136,2,0,1,2,51,3.7017699565575826,3,0
31,0,54.86318074293463,0,0,0,3,40,3.889730770656738,1,1
0,10,58.50675716638669,9,1,0,5,22,4.858607896562795,0,0
8,8,54.460968845023714,7,0,0,4,4,4.046425087297418,0,0
3,6,30.0,6,0,0,4,6,4.436091843988448,2,1
0,4,78.6028728023268,1,0,1,5,56,3.942995669447391,2,1
2,5,50.244523466091955,1,0,0,5,57,4.222937079734584,3,0
56,2,54.38614627864453,1,1,0,4,5,3.894753371747755,1,0
3,9,57.10461608649218,9,1,1,5,48,5.0,1,0
41,4,67.86655046518166,4,0,1,3,21,3.256530426626825,2,0
3,4,52.60567569761877,4,0,1,3,48,4.685793498121795,1,0
40,4,75.98836624715722,5,0,2,4,12,3.7527668609106803,2,1
15,4,88.11791131655475,1,0,1,5,11,4.019036199276225,2,0
1,9,84.53977912625172,6,1,2,5,3,4.436797147560223,0,0
13,4,63.79727465462613,2,0,2,3,7,3.8955512831431003,2,0
5,8,51.3518216350731,5,0,0,2,36,4.767469447765231,3,0
7,10,,4,0,0,4,30,3.6851889850434194,1,0
8,3,,3,0,3,2,36,4.376748657817534,2,1
8,6,47.23606964576915,9,1,1,4,44,4.670173313091581,2,0
16,5,66.23724119833331,1,1,1,5,25,4.3284895526755545,2,0
21,4,56.603083475252014,2,1,1,5,42,4.911439877437745,0,0
5,3,59.75508546413834,0,0,2,5,7,3.2047220054855092,1,0
38,1,55.38139821487021,0,0,1,5,39,4.163290166681225,0,1
41,1,66.76762013122529,0,0,1,4,32,3.96721122322281,3,1
0,14,63.83904895266156,5,1,2,5,44,4.190818756262126,1,0
0,7,54.699004411570016,6,1,2,4,28,4.003523872332066,0,0
8,6,57.77524038997881,3,0,0,3,4,4.481885818635686,0,0
13,5,57.759074566010355,4,0,0,1,27,3.530820579058532,0,0
4,16,70.06129509986428,12,0,3,3,52,4.9733987353245395,1,0
4,7,48.32859034259401,8,0,2,4,39,4.376274963740429,2,0
17,5,53.01930584389403,3,0,2,4,16,3.7307215512717358,1,0
13,7,31.500489109522462,3,1,2,5,54,3.8390869748407117,1,0
2,5,43.87463412657303,6,1,1,3,22,3.459058958368521,0,0
32,4,56.45666821636264,3,1,0,2,44,3.7495426134576064,2,0
17,8,53.44529799013992,2,1,1,5,8,4.013407120743542,1,0
6,13,30.5633495578514,10,1,1,2,1,4.741937021101023,0,0
17,5,67.87602477235448,4,1,2,4,31,3.9679413826490575,1,0
1,13,46.79131062950274,0,0,0,4,50,5.0,1,0
9,6,35.69717653906241,4,0,1,4,51,2.260632930400638,1,1
2,4,65.46539571479188,2,0,0,2,48,4.067632643521381,1,1
0,7,72.51034285056245,0,0,2,2,30,4.474590028519712,0,0
6,5,30.0,2,0,0,2,6,3.405267004933341,0,1
2,6,70.23640543538258,4,0,0,4,29,4.239612955121938,1,0
15,8,56.764212929941515,4,0,0,4,57,4.011622534315141,0,1
16,2,56.16457785522829,0,0,1,3,2,4.577655881791707,4,0
2,11,43.20201314270023,10,0,0,4,50,3.9492156072350464,0,0
0,14,57.67234767134246,15,1,0,5,50,4.38647270264745,0,0
23,7,58.631893449940044,4,0,0,1,55,4.162175625944004,1,0
0,8,93.80065283028308,4,1,1,4,8,3.041295673365992,1,0
6,10,67.83056061340287,8,1,2,5,9,4.902337903990693,0,0
10,5,59.96307878579088,2,0,1,3,60,3.5295501214347453,2,0
25,3,77.72992576057553,1,1,1,3,45,3.8246251090067984,0,1
27,2,73.27613892488631,1,1,2,4,49,3.615214286563302,1,1
19,5,38.18998826299199,3,1,2,5,57,3.1632235299131497,0,0
4,12,69.92291873744676,7,1,2,5,46,4.001118418565747,1,0
19,5,61.46533122609504,3,0,0,4,25,4.474683869246682,1,0
4,13,49.4938386471468,5,1,0,5,0,4.634504458769949,0,0
3,10,44.48873615936503,3,1,0,4,29,5.0,1,0
11,2,57.799005390966435,1,0,2,4,56,3.830332883098074,2,1
17,2,59.84499736683008,1,0,1,4,37,3.743580445721241,2,1
0,11,77.22814231122257,7,1,1,3,14,4.654429222075598,1,0
0,12,30.0,11,1,0,5,24,4.422429784422656,0,0
22,1,41.11694966831428,1,0,1,4,5,3.792431611918677,3,0
29,4,62.93698275696558,3,1,3,4,17,3.3005476251240946,2,0
13,2,57.9217530695428,2,0,0,5,0,4.374982366350663,1,0
8,5,61.65603199234796,3,0,0,1,55,5.0,3,1
27,2,53.12430984504179,2,0,0,3,2,4.587921470026428,2,0
19,2,63.73131037860516,3,0,0,2,16,4.995931590422663,3,0
12,2,36.16067083938589,1,0,0,5,47,3.5922662764966002,2,0
5,9,91.46493892572127,14,1,1,5,7,3.374614952291053,2,0
3,5,66.26484617140945,1,0,0,3,59,3.7679794455188085,1,0
8,10,66.85928371536801,7,1,1,5,48,3.646664071933119,0,0
5,8,44.00932297753547,6,0,2,4,39,5.0,2,0
6,4,51.17053542070788,2,0,2,5,16,3.8967574162524565,3,0
10,8,67.66871637124964,3,0,1,4,24,2.9712350452975915,1,0
2,4,54.74564319943956,0,0,1,4,40,3.8142431457576853,2,0
24,2,64.02077554113801,1,1,1,5,11,4.183393743867513,2,0
2,6,48.30799128668369,3,0,1,3,28,3.850038741444693,2,0
9,4,39.92827443930918,2,0,0,2,24,3.8120866544301206,1,0
20,4,76.66266914614172,3,0,2,4,50,4.1963830444413395,2,1
9,9,46.553736581893396,7,1,0,5,35,3.4937422924521604,0,0
6,12,73.64798808764837,9,1,2,4,52,4.18676079483858,1,0
9,5,47.421182125160044,2,0,1,2,53,2.920010905245329,0,1
28,2,57.621925347118385,2,0,0,3,24,4.217886354911999,2,0
69,1,54.19464235150199,0,0,1,4,28,4.301950521554958,1,1
14,4,56.84705576873267,3,0,0,3,10,4.001724786628801,2,0
23,2,71.3699177464808,0,0,1,5,59,4.171999289706658,1,0
0,12,,9,1,0,5,3,3.9869457125679224,1,0
31,2,57.123933401867646,0,0,2,4,13,3.9508599366924053,3,0
46,2,61.81695042534932,0,0,1,4,45,4.3267815643214425,1,1
12,7,55.95844315099503,4,0,0,4,37,4.3150268205928874,1,0
21,3,61.299360882231525,0,0,2,2,60,4.33887828352862,0,0
10,5,49.232031340610035,3,0,1,5,16,4.93460396565788,0,0
5,5,44.46577632391525,2,1,1,4,1,3.763508488028797,3,0
28,4,64.87441794031133,4,1,3,4,7,3.805415296472443,0,0
13,3,63.34705958119276,0,0,1,5,35,3.5765303645903854,3,0
12,3,77.03995754170757,1,0,0,4,9,3.211712778604415,3,0
16,3,60.740320989595624,0,0,1,4,6,3.4348279454965467,2,0
29,4,59.291773596703806,2,0,0,2,35,4.096963165044917,3,0
19,9,67.7646723845976,11,1,0,5,15,3.876857585951229,0,0
3,7,74.77281226656223,12,0,1,5,13,4.846063507603408,1,1
9,7,57.62376079258921,1,0,2,4,15,2.7511879086917173,2,1
58,1,30.0,1,0,1,5,24,3.721303599410957,2,1
12,7,44.24736824784678,2,0,2,3,40,4.080828468290313,1,1
41,1,76.0527235696142,0,0,1,4,3,4.125510140731758,0,0
25,2,85.58275177920311,1,0,0,4,28,3.5071916711624245,3,0
16,3,80.00190964812164,1,0,0,4,55,3.2023857702522616,1,0
6,8,53.41781243189875,2,1,0,4,5,4.240101748556294,1,0
5,7,55.0742447435319,3,0,0,3,0,5.0,1,0
15,2,71.09544044039218,2,0,0,2,38,2.8386621773898018,1,0
8,9,69.00323988813383,5,1,1,4,0,4.038676834514895,0,0
24,2,30.0,3,0,0,3,50,4.9694343826956935,0,1
21,3,60.64832586751456,3,0,0,5,39,4.458172763457529,3,0
5,7,59.19177306407998,5,0,0,3,56,3.65368805620633,4,0
18,3,,1,0,0,2,2,3.453257696850766,3,0
10,8,51.04130533901221,3,1,2,4,0,4.094037099651963,0,0
5,6,63.95992943403879,3,0,1,4,0,4.5267923597225845,1,0
7,4,56.73515179818708,2,0,2,5,38,3.181045617614551,3,0
33,7,73.98014979697436,7,1,0,4,20,4.698689806544064,0,1
6,7,,11,1,3,3,44,4.423334917303029,0,0
5,8,74.17896691336243,7,0,0,5,29,3.948933531623308,4,0
6,13,66.70535435728914,15,1,0,4,31,3.489822981457484,1,0
3,7,57.769810382262285,2,0,0,2,32,3.981788150334912,1,0
11,14,71.944595072328,13,0,1,4,47,4.0874356783237,1,0
2,6,50.660258937753966,3,0,1,5,21,4.025232429535018,0,0
25,2,51.79547381378945,0,0,2,4,29,3.8129805351952104,1,0
3,4,41.52727809684707,0,0,1,3,53,2.955050831425474,1,1
13,8,36.74487470087827,4,1,0,2,45,3.968019446818409,0,0
2,3,79.21007543093214,2,0,1,3,3,3.3602704318503447,4,0
57,0,,0,0,1,4,22,4.246964702440652,4,1
9,5,67.96953806795092,3,0,0,4,54,4.3346751994546135,2,0
25,4,58.10355302677773,2,0,0,2,43,4.1883340444167345,1,0
21,5,88.3468659049564,2,0,0,5,24,4.428311947366643,2,0
18,6,86.37950803021302,5,1,1,5,11,3.978763931747344,1,0
26,2,59.749745907739644,1,0,0,4,16,4.525018066164986,0,1
1,11,59.57734367342905,11,1,1,5,52,4.050584236361918,1,0
17,6,56.69888438101342,4,0,1,2,14,4.280020081908634,1,0
4,5,43.27870832841448,5,1,0,4,9,4.8026287144244275,1,0
23,3,53.858537647490486,2,1,0,4,34,3.1475067176293003,2,0
47,5,55.272409742403624,7,1,1,5,54,3.455091735638765,2,1
34,3,30.0,3,1,1,5,51,4.253805326553393,2,1
1,8,30.0,9,0,0,3,51,4.634842492979241,2,0
6,8,59.03642600865126,10,1,2,5,28,4.39891881890713,1,0
6,9,72.48630977624661,6,0,1,2,11,4.6912514345548715,1,0
1,7,48.44574919661923,3,1,0,5,0,3.75211982016367,2,0
1,7,86.24544571933299,6,0,1,5,0,4.293848202387938,2,0
7,7,55.78171809565964,6,0,0,3,9,3.88836817725726,1,0
72,0,47.29342942315724,0,0,2,5,17,3.720673252346502,3,1
12,2,38.64215665576089,1,0,1,1,46,4.055186568367328,3,1
14,3,61.463176766876344,0,0,2,4,1,4.239836288953273,0,1
9,4,30.0,4,0,1,4,48,4.528695864648006,2,1
16,5,48.753456091267374,7,1,1,4,7,3.8446357599857666,3,0
47,1,60.669582149052054,1,0,1,5,21,4.443563511448275,1,0
13,4,39.038538246185084,3,1,2,5,21,3.0649763855943766,2,0
1,4,52.15999559293138,4,0,0,4,25,4.390730329303409,0,0
10,9,60.37143362667692,9,1,0,5,25,4.6183213813201665,0,1
73,2,41.73729778754797,2,0,1,5,8,4.997014327536801,0,1
7,3,69.76288497035125,2,0,0,1,20,3.4006058878055656,3,0
13,1,74.12627418350837,0,0,0,5,30,3.4571619926189032,4,0
1,4,,3,0,0,2,51,3.721936774654167,0,1
2,6,,6,1,2,5,42,4.467341027766011,4,0
31,3,58.13235014055748,3,0,1,3,5,3.676282267373944,2,1
5,8,65.20306602105458,3,0,0,2,55,3.7026290657727157,1,0
5,5,55.53551405980633,4,0,1,4,13,5.0,1,0
7,5,,3,0,0,4,32,4.4417927968844,2,0
50,2,,1,0,0,4,6,4.037753666078703,6,1
1,5,72.54721759233712,5,0,1,2,23,3.6322972691644844,2,0
25,5,51.31643781300973,2,1,0,4,8,3.569785353031345,0,0
6,11,48.3526425014535,7,1,1,5,10,5.0,1,0
28,5,75.70698626769918,2,1,0,4,55,4.1481180343714525,2,1
71,3,62.169246880967556,2,0,2,3,22,4.056116421224834,5,1
6,6,44.665009036215466,5,0,0,4,47,4.8958315014281,0,0
2,5,57.07227853314159,5,0,0,1,50,4.446082648504389,2,1
2,6,45.45359881062872,4,0,1,5,1,4.505913415417698,2,0
21,2,,2,0,0,5,14,3.014492205485428,4,0
2,5,51.8208140521438,0,0,0,4,34,3.5121795663973745,0,1
4,13,56.92744935015617,3,1,1,4,35,3.7854550080924882,1,0
3,11,50.74036241462511,15,1,1,5,51,3.767631856581912,0,1
6,5,68.12601524862735,3,0,1,4,53,3.5564104711231384,2,0
1,6,,2,0,1,5,27,4.020427895938464,2,0
29,6,49.38088286402107,3,0,1,4,38,3.496594578190626,2,0
29,2,57.365652368488995,0,1,1,5,43,3.032340461559384,4,0
7,2,52.93695570009132,2,0,2,4,3,4.251351995511618,4,0
14,5,45.158284725757504,4,0,0,4,9,3.4411450642386407,1,0
15,4,62.359379964044386,3,0,0,5,5,3.6751588450483395,1,0
20,4,31.798295106447604,1,0,0,4,56,3.6584204306838424,3,1
11,10,45.611728303409095,9,1,0,4,29,3.0316628782963972,0,0
10,10,42.55075956540963,8,1,2,3,53,3.8254816073927773,0,0
14,4,46.44732969030448,2,1,2,4,45,3.6826476792510916,1,1
18,0,43.712605219976,0,0,1,4,34,3.0938610657426104,5,1
6,2,35.757542574288436,0,0,0,3,48,2.9194754668192413,4,1
6,7,55.624490099702285,4,1,1,2,42,3.7721387247381664,0,0
4,5,54.43257590579597,3,0,2,4,9,4.714663921271554,2,0
11,7,59.84684202668882,4,1,3,5,57,3.836972081680267,0,0
6,6,63.53556256651003,2,0,0,4,60,4.19873189956431,0,0
11,2,66.0852568452282,1,0,1,3,52,4.731150755502491,0,1
7,8,47.93211070263192,3,0,0,5,31,3.797569270624996,0,0
27,4,60.92523442554866,2,0,0,2,41,3.603643663801583,2,0
1,10,56.07035948510682,7,1,2,4,41,5.0,1,0
12,3,58.38475537212566,3,0,1,3,2,3.8224251250791634,0,0
12,5,53.138782540504344,7,1,2,3,55,4.924017983005585,1,0
7,7,47.96593055936886,1,0,1,3,25,3.1812547587593802,4,0
8,11,56.3217913298528,8,1,0,4,14,3.95196703448336,1,0
24,6,52.857681631958016,0,0,1,2,16,4.107191978025619,1,0
4,6,64.49016728194603,4,0,1,4,26,3.0186827257057818,1,0
30,1,,2,0,0,4,17,3.4753013347079924,3,0
34,2,45.8921970559702,1,0,1,4,50,3.6842837719191457,5,1
15,6,51.94088267443692,7,1,1,4,18,4.085574003645612,0,0
22,0,94.78049604724796,0,0,0,5,11,3.4543003121962337,4,0
14,2,32.688863277823536,0,0,1,2,23,5.0,0,1
11,4,35.84543793912661,1,0,0,4,4,3.3570459373326,1,0
51,1,75.79765559919242,0,0,0,2,23,5.0,2,0
4,8,,6,0,1,2,26,4.841600775245422,1,0
2,7,81.78972101227686,6,1,0,4,47,4.359516218986974,1,0
5,9,64.71105662824607,6,0,2,4,29,3.909342792423538,0,0
14,2,53.53397568199115,3,1,3,5,14,2.6952099151037716,1,0
3,14,55.88413303737726,13,1,0,4,46,3.944870363148015,0,0
35,3,66.01535879688792,0,0,1,5,58,4.624174694773853,1,0
7,6,74.0277746105507,6,0,1,1,37,3.2583494187821165,1,0
28,2,68.04946446701973,2,0,0,2,43,3.3822109840819747,3,1
4,3,30.0,0,0,1,1,33,4.335763015761435,1,0
5,6,42.35206333121835,10,0,2,3,26,3.454920111555397,1,0
0,8,64.1678507656556,10,1,1,4,19,3.261983434566155,1,0
4,5,39.23926067893136,2,0,1,4,40,3.535138565938502,2,0
10,4,31.434729874683576,1,0,1,1,31,3.8880030227227236,3,0
43,6,,3,1,2,5,3,4.957370255528907,1,1
7,11,63.8667000032417,11,1,2,5,4,4.9350781829263575,0,0
15,2,,3,0,0,3,52,4.230363217668441,1,0
8,5,74.57242186260612,2,0,0,2,57,5.0,1,0
0,15,,8,1,0,3,7,3.718013347902001,1,0
10,6,63.700135199990584,7,0,0,2,21,4.364796433747152,1,0
1,10,48.12711586415193,6,0,1,2,41,4.826140200081518,1,0
32,3,35.80124143930952,2,0,0,4,6,3.071735334632838,2,0
20,5,77.93259612590921,3,0,0,3,21,3.9062023987919288,0,0
7,7,57.085345262264006,8,0,1,4,45,4.26128024318353,2,0
15,5,80.21759084134007,3,0,1,5,29,3.807142447626314,1,0
1,8,61.62865336558158,7,0,2,5,36,4.050756297211018,0,0
18,6,64.17054808483374,6,1,2,5,15,4.587446450245988,1,0
25,2,68.65172375574097,2,1,1,2,14,4.8553051505489035,1,0
25,5,57.24512375834858,5,0,0,4,4,3.2653081781498257,1,0
5,5,56.437666425107835,2,0,1,4,2,4.863162673571383,1,0
4,5,63.633895814805946,6,0,0,2,22,3.6168462986402132,0,0
11,7,78.6901374565391,6,0,0,1,60,3.9842355391961877,1,0
51,4,67.57289729215546,5,1,0,5,9,4.6231160207948285,0,1
37,3,60.25680734114229,5,1,1,4,4,4.398976395436944,2,0
6,3,53.83911199187527,1,0,2,4,22,3.1505557714411547,1,0
22,9,58.22714155256173,6,0,0,4,14,5.0,0,0
38,1,47.04554684503955,1,0,0,4,17,3.6477997156846484,1,1
4,6,45.265919611279635,1,0,0,1,24,4.659229602310633,1,0
26,3,56.43450125336451,2,0,4,3,7,4.540914415007195,2,0
4,7,60.08989506637284,3,1,0,3,30,4.486849594466531,1,0
6,4,70.90795386162169,3,0,2,2,20,3.5242874832073285,3,0
3,3,43.06209634912297,4,0,0,5,1,3.7696004401256658,1,0
10,5,60.15875187146972,1,0,0,4,21,3.993898789207892,0,0
27,3,66.4036033747569,3,1,0,5,7,2.9137040645129804,2,0
11,4,45.280183464647166,0,0,0,3,22,4.08025763273402,0,0
1,9,53.09998119572649,1,0,0,4,31,3.976938782531406,1,0
4,5,71.39111780245324,4,0,0,3,7,3.998853586574649,0,0
12,3,59.11340131566064,4,0,1,2,3,3.546883659929811,1,0
13,14,30.0,6,0,0,3,29,4.091936313554417,2,0
12,7,71.612804044504,4,1,1,5,18,4.876630476232062,0,0
1,9,61.33439616997163,5,0,0,5,22,4.515448334294658,2,0
21,4,35.91059986406602,2,0,0,4,17,5.0,2,0
36,2,46.83152649501555,3,0,1,4,52,3.258889985831359,6,1
10,6,58.10555230101128,3,0,1,5,28,3.765299855146414,0,0
19,5,64.68550207931358,0,0,2,2,22,3.50980262141005,0,0
36,0,75.42866834436171,0,1,2,3,32,4.142767610309325,1,0
15,12,46.47939296112682,7,1,0,3,51,4.411837947401237,0,0
16,6,53.22974250785822,1,1,2,5,46,4.78324339767849,0,1
19,5,73.2548773456623,8,1,0,5,17,2.8977524974565005,3,0
4,2,75.6739746752675,0,0,1,3,53,3.5335931339696387,1,1
13,12,55.14991397965521,11,1,1,5,43,4.004272388729077,0,0
27,1,52.00857964772719,1,0,1,5,32,3.6663424758067142,3,0
5,7,67.49838658654741,6,0,1,3,6,3.87877365669248,1,0
34,3,30.0,3,1,2,4,50,4.172346020758376,2,0
14,3,59.797397753862285,0,0,1,4,27,5.0,1,0
8,7,59.59634271603406,5,0,0,5,0,3.1510619444399084,2,0
14,3,52.98183031395832,1,0,2,3,55,3.5557152227730193,1,0
7,14,67.07419227401842,5,1,0,5,38,3.8320310573402803,0,0
27,2,76.37810570911311,0,0,1,3,33,3.1732436817582004,4,0
9,6,45.36070339929939,4,0,0,5,38,5.0,2,0
34,2,49.080273768915326,1,0,0,4,18,4.590204527336702,4,0
10,5,69.99160682146126,1,0,0,4,30,3.375007886503869,3,0
16,3,38.21542124724162,1,0,0,5,12,3.33510726729989,4,0
90,1,52.013629358572814,0,1,2,5,56,2.4006684576132153,0,1
2,4,92.52414907677725,0,0,1,5,23,4.017048520963963,1,0
20,3,62.83701289430684,2,0,1,2,4,3.4921235047570085,1,0
2,13,55.741834996587336,11,1,0,5,22,4.072199586116485,0,0
27,2,34.13488386769255,1,0,1,2,18,3.919647635397633,3,0
13,6,30.0,6,1,1,4,0,3.893205515804195,1,0
41,3,75.948562252542,1,0,0,4,32,3.6295889488026005,1,0
30,3,42.54853460294294,1,1,0,4,58,4.560861049181426,1,0
1,9,60.68228212323229,9,1,0,4,49,4.418105286480115,1,0
2,9,79.11579050013216,6,0,1,5,55,5.0,1,0
13,6,52.52944653255501,6,0,2,2,32,3.5853888657100272,1,0
10,1,53.10507253951926,1,1,0,5,31,4.710273261140291,2,0
2,7,70.44143808505798,2,0,2,4,58,5.0,0,0
2,13,80.32289390666932,6,0,2,2,27,4.161323850858691,0,0
12,4,72.7036443624555,2,0,0,3,36,3.452540440430056,2,0
0,7,82.05497876857717,6,0,0,5,40,4.051419975944536,2,0
31,3,30.0,1,1,0,5,11,3.823573410512529,0,0
24,2,66.32042545820315,1,0,3,5,8,5.0,1,0
23,3,,2,1,1,5,49,3.9726215272719885,2,0
0,12,66.75455047854365,8,1,1,3,54,4.504875438664659,1,0
0,12,57.84115091252627,5,0,0,4,10,4.865572215306475,0,0
11,6,41.62469679822,3,0,2,5,32,4.42478202573799,1,0
77,2,48.99645412167672,1,0,0,4,18,3.194292904259453,1,1
6,9,82.49384714100185,5,0,1,4,53,4.0138881481274735,2,0
6,9,59.45704456584438,3,0,0,4,56,4.695575916657737,0,1
2,7,50.54657715610247,4,0,2,4,41,4.687498779503626,0,0
16,3,36.734458236960585,1,0,2,4,33,2.8936440284154403,2,0
15,4,66.98846000438287,2,0,2,3,6,4.149757269123398,2,0
1,5,47.91653956497481,3,0,3,4,30,3.870305814707682,2,1
9,6,59.519019315996516,2,0,0,4,51,3.979002371951738,3,0
16,7,85.88368599318686,6,0,2,4,1,4.332871869244312,2,0
10,4,,1,0,1,3,18,4.304286729075123,1,0
16,9,79.64486132426048,6,1,2,5,37,4.411912785036304,0,0
25,3,62.15594104395207,2,0,0,1,31,3.5457584020229733,4,0
17,2,70.69402684505721,1,0,1,4,9,2.736891938490799,2,0
14,5,79.94885069546993,3,0,1,5,40,3.567512224271076,0,0
28,2,47.566326416364426,2,0,1,4,7,3.1201226767979207,5,0
34,1,59.44789397269883,1,0,0,3,25,3.5236903911572295,4,1
7,3,49.662716001568846,1,0,0,5,29,2.901824294784701,4,0
2,10,50.86945965899578,10,0,2,4,10,3.9881704063759424,0,0
25,4,57.77996899436633,4,0,1,5,40,4.610006952945041,1,0
3,5,45.694724723342915,3,0,2,5,19,5.0,1,0
39,1,54.445707058797794,0,0,1,4,59,3.7652291518355296,0,0
0,16,70.28986348153799,15,1,0,4,19,3.6181760321981113,0,0
38,6,58.55282571334902,4,1,0,2,8,3.90417329825919,0,0
13,3,48.36370685181544,3,0,1,3,7,4.239819684381398,2,0
22,1,71.79467060391624,0,0,3,4,59,2.4985918028548717,7,0
7,2,46.254871310075444,3,0,2,4,14,3.8581127442929426,1,0
71,3,43.43285509612646,1,1,0,4,33,3.7984993947651478,2,1
3,7,78.01429651563834,3,0,0,3,23,3.290335243434111,4,0
4,6,72.68036647579639,1,0,2,1,32,3.386468504070581,1,1
0,8,54.89793323139816,6,1,2,4,40,4.7919136567393315,3,0
42,2,88.43326766898059,1,0,0,3,40,4.6236632191356355,0,0
9,8,51.51792318667471,9,0,0,5,44,4.324639088130388,1,0
16,2,,1,0,0,1,39,3.5489118647362936,3,1
17,3,36.29340177380291,1,1,1,4,26,4.926506852668024,2,0
31,3,44.77349270700307,3,1,2,5,20,3.9784068769266665,3,0
16,5,75.43520100354833,3,0,0,3,4,3.6410628354913768,1,0
12,5,81.30997079368504,1,0,1,4,60,3.8210038685185674,2,0
18,1,57.7480809624731,0,1,0,2,34,3.550743255508206,1,0
20,5,94.19484638296292,3,0,0,4,20,4.081405062275941,1,0
3,5,79.63540569552252,0,0,2,4,3,3.9460066980720283,0,0
1,5,49.555202787545696,3,0,1,4,48,3.8169565049852823,2,0
1,8,54.327059715055,5,0,1,4,47,4.5433032453095406,2,0
7,10,39.207013991820304,8,1,0,5,15,4.900053034318996,0,0
10,3,53.35935326897078,1,0,1,3,56,4.458292465410537,1,0
14,2,63.58830417777513,1,0,0,1,30,3.6652511733137754,3,0
47,1,60.60463122664835,0,0,2,5,25,3.7350472033125546,3,1
6,6,60.462188803193605,8,0,0,4,51,3.5853294263291797,1,0
21,1,74.96007431262085,0,0,0,5,34,2.7786259940552513,4,0
11,6,62.499627266528165,1,1,0,4,5,3.2122012948875462,0,0
3,11,70.27527226076913,5,0,0,5,32,3.7730483534559545,1,0
14,10,66.70014944662869,3,1,1,4,20,4.0905510274964465,0,0
51,1,64.30338898579633,1,0,1,5,15,3.4074012599274757,3,0
1,15,73.82455822660344,12,1,1,5,46,3.590690922384419,0,0
10,6,72.03081001547015,4,1,0,4,38,4.932365151212065,2,0
0,4,43.1050165673901,2,0,1,3,33,4.1246773501915195,1,1
5,9,87.28366733138743,4,0,1,3,41,2.7942460478092985,1,0
14,7,61.806958641566524,6,0,1,3,56,4.367097624923655,0,1
27,6,45.73942241791643,9,1,0,3,59,4.660351825203308,0,0
19,2,59.02503942013247,2,0,1,3,14,3.8477280667125164,1,0
9,4,63.91264073640949,3,0,0,4,5,3.6839297386431795,4,0
35,3,68.81679760579118,2,1,0,4,1,3.814080008191366,1,1
5,4,74.40875052881643,0,0,0,4,23,4.136586988273663,1,0
21,8,71.51936932011425,8,0,0,4,55,3.763734497346238,0,0
9,4,87.57461277044429,4,1,1,2,48,4.530329171491196,2,1
34,3,61.58608550341512,1,0,0,2,27,3.8540713691653132,0,0
23,1,57.61593492756078,0,0,4,3,0,3.2354491105707313,2,1
34,2,,3,0,2,4,0,4.521394493456308,2,0
3,9,74.54989978313363,7,1,0,3,27,4.411152555849929,2,0
16,3,69.14326304864836,0,0,0,3,35,4.199019536101517,2,0
20,1,51.51545878780375,0,0,0,4,19,3.91384897517406,3,0
20,4,63.643031850239524,2,0,1,5,47,4.055723412748148,2,1
10,5,59.84709088133968,6,1,0,1,7,4.851995334809473,1,0
0,7,62.62718616844482,7,0,1,4,0,3.7612304344577017,3,0
4,10,55.886395197628204,9,0,0,5,25,3.6386641989225645,1,0
5,11,61.6960654999787,8,1,1,5,50,3.5252868358201743,0,0
28,0,37.21638176789754,0,0,1,5,42,3.349197955969913,5,0
27,3,53.913850418590116,1,0,1,1,48,4.058365082681264,0,1
1,10,64.61981309309449,12,1,0,3,24,4.760973682204373,0,1
44,2,49.4230790191177,1,0,2,5,9,3.301110260103765,0,0
3,7,65.83547286708,7,0,0,4,11,3.650813684446671,1,0
8,9,90.97823440816128,6,1,2,4,40,4.047364108059038,0,0
3,3,42.68082860778668,2,0,1,5,6,5.0,1,0
29,4,32.509143835308336,5,0,0,5,60,3.3316154822482797,2,1
20,2,78.08877688483472,2,1,0,5,11,3.8103476130927914,1,1
6,9,91.39598807983755,8,0,0,5,46,4.647137858820227,0,0
17,6,65.56871157427634,3,1,2,5,39,4.475994509593526,0,0
3,4,60.0942928483723,1,0,1,3,16,3.976026208361864,0,0
7,9,50.31864030805973,4,0,1,5,4,4.02183818361757,1,0
7,1,68.0884822207073,0,0,2,1,13,3.9562064594634103,6,0
4,8,59.76866041946032,8,0,1,3,33,4.253012610591901,4,0
31,0,72.74081753896837,0,0,0,5,47,3.8352458891915733,3,1
17,6,34.30775663094752,5,0,0,3,60,4.209803901961849,2,0
4,7,64.90573884579352,4,0,0,3,16,4.347795281033634,1,0
4,6,47.48753853825508,3,0,0,2,34,4.140298379883537,1,0
0,9,74.20980624862483,9,0,0,5,54,3.670910923958322,1,0
6,3,42.82492900480328,1,0,0,4,0,3.8551335593367373,4,0
11,8,69.44354765929855,3,1,1,5,58,3.1497400167761302,0,1
4,3,,2,0,2,3,49,3.7354478206692194,0,0
18,5,53.478106943548944,5,0,1,5,49,4.234318491795102,0,0
7,1,72.74491461350036,1,0,1,5,35,4.009783271292708,1,1
5,2,48.05470452163286,2,0,1,3,14,3.7673647002692956,1,0
41,2,37.486084297036335,2,1,0,4,59,4.445924059074979,2,1
4,9,61.0899177359957,6,0,2,3,18,3.774409915336972,2,0
7,7,50.08353625330404,4,0,1,5,50,3.946818395493798,1,0
7,11,39.44234983733629,10,1,1,4,41,3.0908244186596634,3,0
4,7,,9,1,1,5,4,4.814045523348387,0,0
3,8,64.34946851952719,5,0,1,3,18,3.1683238750291784,1,0
5,6,61.75284358724826,7,1,2,5,42,4.687878235397852,1,0
29,0,67.6153538491556,0,1,0,5,38,3.4590581544078325,4,0
21,5,30.074878386624267,4,0,1,5,4,5.0,2,0
17,3,48.553892027206636,0,0,1,5,51,2.5419991883699304,6,0
9,5,64.16317415111052,1,0,0,4,11,4.410208425211377,0,0
10,2,75.54086702636417,1,0,1,2,18,4.4492925546431055,3,0
4,8,63.598638081675674,4,0,0,5,46,4.915033060386047,2,0
1,9,77.52448194537172,4,0,1,5,11,4.81318013482425,0,0
6,11,49.841311577532295,6,1,0,4,35,4.196206938946165,0,0
10,9,50.78198119802226,7,1,0,3,11,4.1381119712477075,1,0
0,13,54.42456095655372,9,1,3,4,17,3.613694077951417,1,0
1,11,58.75981823132761,7,1,0,3,48,4.636946071273588,0,0
4,12,33.3739537513977,10,1,1,4,50,4.587909991044418,1,0
6,4,59.68441073627027,5,0,0,4,47,3.6697220914647497,4,0
7,6,59.48563301604703,5,1,1,5,42,3.9837878361057606,0,0
1,14,50.805806654212205,9,1,0,3,33,3.797122600849808,0,0
3,5,48.46811420312079,1,0,1,4,47,4.396252361886724,3,0
4,5,64.0725225692195,4,0,0,3,32,3.7308850353039014,2,0
1,9,68.83795195044506,6,0,0,3,48,4.686449838993091,1,1
5,12,62.16617988678558,7,1,0,5,17,3.758290282467788,1,0
1,6,62.13961655643277,4,0,2,5,60,4.061376196341034,1,0
18,8,59.45161642648793,5,0,4,4,60,3.175332465187976,1,0
7,7,60.22937341454305,8,0,0,5,56,4.0638000072126115,2,0
5,4,,1,0,2,5,28,3.4616999599192892,1,0
2,3,84.3194737321413,2,0,1,5,44,3.0275003150985627,4,1
3,4,82.39158384600567,2,1,0,3,4,4.931035766008508,1,0
3,5,43.744568141356645,2,0,1,5,24,5.0,2,0
63,4,30.0,5,0,2,4,23,4.2966378161091345,2,0
27,3,67.95630063296592,3,0,0,3,28,3.3649741126514705,2,0
0,6,60.32030850031631,2,0,1,2,58,5.0,1,1
14,4,59.09765573032759,1,0,2,4,37,4.000306765921901,4,0
4,4,65.7138355055116,0,0,1,2,32,4.314797538785757,5,0
1,5,56.33407955890194,3,0,1,3,9,3.531518544261201,2,0
18,3,35.70640852618108,5,0,1,3,36,2.684124217460823,4,0
2,4,42.87221396418572,1,1,3,5,59,4.292667898817735,0,0
8,8,43.78966806505636,6,1,2,5,32,4.640618778622751,1,0
15,3,70.00005277114539,0,0,2,3,22,3.954135570927872,2,0
12,1,88.28610051663732,1,1,2,5,57,3.0880808038401684,2,0
56,0,52.9527512288143,0,1,1,5,10,3.953157432166228,4,0
23,3,99.01892840103102,3,1,2,5,23,3.6088184831413566,0,0
22,1,31.553789897674154,0,0,1,2,23,3.762111830700489,1,0
6,5,52.384103324482034,3,0,3,5,6,4.616253312307684,1,0
0,7,62.74937185824332,5,1,0,5,49,3.8474239327579274,2,0
19,1,30.0,0,0,1,5,20,3.2144484563780122,4,0
90,1,,1,0,1,3,19,3.4585876990910034,4,0
7,8,49.62085206161735,4,0,2,4,52,4.5816465522066565,7,0
63,2,60.505115306632604,1,1,1,4,9,3.2950272140387775,1,0
2,9,66.72293916015715,3,0,0,4,24,4.985731424012096,0,0
5,6,36.13442976665779,3,0,0,2,46,4.34034098310397,1,1
2,7,96.48514648734891,6,0,0,3,35,4.46373383269217,1,0
9,8,62.00532562798972,5,0,2,5,47,4.426010747736803,0,1
23,1,54.891235524724685,2,0,2,5,46,4.719830673764999,1,0
6,7,43.33486164049397,3,0,0,2,14,3.3133544711840472,1,0
35,3,63.070908081417805,3,1,0,5,43,4.075513095349916,2,0
11,9,36.361057010017475,9,1,1,3,39,4.384515061908464,0,0
9,2,62.0882063725232,2,0,1,5,39,3.3166357346974453,5,1
23,6,80.95009140976967,7,1,1,5,49,4.342129823622983,1,1
1,9,77.47850699792673,9,1,1,5,5,3.961143659167087,2,0
22,2,51.666812154555615,0,0,0,5,36,4.127720694409568,0,0
4,4,55.82489752506645,4,0,1,3,1,3.845614211020492,3,0
4,6,68.12096003631693,3,0,1,5,11,4.146063709061714,1,0
13,5,77.73036891926907,2,0,0,2,57,3.4527543045096585,3,1
34,5,82.99496430918572,5,1,2,5,3,3.9162949121701263,2,0
12,4,84.44276826439918,1,1,1,5,22,5.0,0,0
15,7,46.00551906433137,5,1,3,5,12,3.8958671168475174,0,0
22,7,71.29705025301145,4,1,1,3,16,4.8419631285662685,0,0
4,8,39.24863208395872,12,1,0,5,30,4.540860585982285,1,1
26,0,53.051478033712435,0,1,1,3,15,3.7515130304551607,1,0
8,6,42.38583104894569,2,0,0,2,40,4.384219075875491,1,0
2,11,42.70123459669587,8,1,0,5,25,4.18401379148682,2,0
6,4,63.62959250074619,3,0,1,4,27,3.995997081055242,3,0
4,2,49.62181037821529,1,0,0,5,0,4.198284814623496,3,0
3,3,64.29924786804615,1,0,0,4,46,4.057451198153742,3,0
4,9,41.868977110371695,4,0,1,3,11,3.8526425145859706,1,0
2,13,67.26058738739438,8,1,2,5,36,4.656552715424778,1,0
16,2,53.54740026144575,2,0,0,4,54,4.066740083605783,1,1
13,2,55.62439192315182,0,0,0,3,55,3.755056179062788,2,0
15,6,40.49354264657501,6,1,0,5,49,3.911462205079134,3,1
6,8,75.28462998406529,5,0,2,4,19,4.839856811193114,0,0
22,7,62.10731190368545,4,1,0,4,1,3.41224131715984,2,0
2,14,68.0968939059059,10,1,2,4,35,3.4445129870887015,1,0
12,5,40.85114222779063,2,0,2,5,14,3.6901901298134145,3,0
4,7,70.13565957285957,2,0,2,5,37,3.647438054669247,1,0
11,5,60.61722104101317,1,1,0,5,21,4.26301549907765,0,0
5,6,52.55968633995565,4,0,0,2,43,3.3019531244365607,1,0
23,4,80.6533268057505,1,0,2,5,60,3.421223116437044,1,0
33,2,66.13250219369796,2,0,1,5,49,4.539279688300263,3,1
20,4,66.7884747770369,1,1,2,5,31,4.16340589764873,2,1
2,3,30.527237294358,4,0,1,4,58,4.047077894166053,2,1
4,7,76.21857630198517,8,0,1,5,19,4.208862033779202,2,0
37,7,66.7136613180192,4,1,0,5,35,4.034480735660733,2,0
8,4,78.56565662096413,4,0,1,2,32,3.926415629597801,3,0
42,0,51.109620591932455,0,0,0,4,14,2.3898956200136334,5,0
7,6,49.29940523326999,7,1,2,5,49,5.0,0,0
45,2,84.22369823314773,1,0,0,1,45,3.815497356865344,2,0
39,3,74.37599149643367,4,1,1,5,2,3.9994500572673637,0,0
16,6,38.57105527104255,6,0,2,5,28,4.532765256570128,1,0
0,4,,3,0,0,4,46,5.0,1,1
7,3,75.33947800929332,2,1,1,3,26,3.6747626499505563,0,0
36,3,62.66849194334485,2,0,2,3,4,3.974562691837015,1,0
32,2,51.75243831989006,5,0,1,5,58,3.7945188637554286,1,0
3,6,49.96852092944695,2,0,2,3,55,4.23300983885647,2,1
7,8,60.965517597864626,7,1,0,5,30,4.489654612105007,1,0
27,1,75.31866806320477,2,1,0,4,21,4.32443222957298,3,1
12,2,45.069869860275645,1,0,1,2,34,2.7923838536647216,1,0
28,1,30.0,0,0,0,1,53,4.216939097832828,6,1
26,3,,3,0,0,4,6,4.057539145970328,4,1
35,1,66.75214950338032,0,0,1,5,5,4.240154773566289,1,0
1,11,70.0778737866102,8,0,1,4,25,3.663742050534179,2,0
2,9,44.79332938863674,8,1,1,4,53,3.6068756024401685,0,1
1,11,64.04570436493108,3,1,0,3,0,4.058880307415104,1,0
41,2,50.42088046962262,1,0,1,4,18,4.080975874443385,1,0
9,4,71.03293795281581,3,0,0,4,6,3.4292592207107413,0,0
0,5,58.02177507719299,4,0,1,5,35,4.259993162775141,3,0
5,10,72.575629335557,10,0,1,4,11,5.0,2,0
6,5,61.009541920143995,3,0,1,4,19,3.408659341440264,1,0
24,1,67.50070113479418,0,0,0,2,22,3.724450622220582,2,0
19,6,53.35918253914406,3,1,2,5,24,3.102895942873386,2,0
17,3,49.34962928546855,2,0,0,3,29,3.8976310052284657,1,0
0,7,55.73356011415373,3,0,2,2,58,2.99440420153316,1,1
36,3,69.24928410747562,2,0,0,5,60,3.5844162936641886,3,0
3,4,97.86153314496904,3,0,0,4,28,2.9368676100057622,0,0
14,2,,1,0,0,4,30,4.802584839561733,4,1
0,7,82.79964955787051,4,0,2,4,17,2.9219809026504806,2,0
1,4,58.430436748096504,3,1,0,5,40,3.3718149029900357,5,0
0,9,51.948282859245,5,0,1,3,18,4.481415295917749,4,0
12,5,30.0,4,0,1,5,53,4.6059023303666375,0,0
14,5,51.02862767004086,6,1,0,4,3,4.769528357659004,1,0
0,7,39.30770095508573,8,1,1,4,0,4.309107261348335,2,0
5,13,71.52936034608503,11,0,1,4,40,4.871403709512524,1,0
28,2,57.04895510977241,0,0,0,3,58,4.125697485491794,1,1
1,18,40.20253681944895,11,0,0,5,14,3.824940631694176,3,0
3,3,68.19956085636647,1,0,0,4,53,3.3784561844071304,1,0
8,3,64.75385287531188,3,0,3,3,7,4.436655605150845,3,0
27,2,42.99464515186386,1,0,2,4,14,3.7046426978333287,1,0
4,4,82.6990298966297,3,0,0,5,14,4.408927654598158,0,0
87,3,48.71057969721716,1,0,2,4,49,3.6140691225064643,1,1
6,6,68.94852576746939,3,0,3,5,38,3.440681897118183,3,0
7,5,58.12676759211539,2,0,1,3,21,4.051736146978965,0,0
1,12,84.70983934428332,6,1,1,2,17,4.7266581203004865,0,0
17,7,73.81807146430198,9,1,1,3,15,4.0214441948397335,1,0
4,7,43.52747399164049,2,1,0,4,1,3.770158111768542,0,0
14,6,87.29494184613918,3,0,0,3,35,4.910765994292807,1,1
3,10,40.99784474330994,5,0,0,1,19,4.141679567485818,0,0
7,5,44.110595739444506,3,0,2,5,15,4.186418579719723,4,1
29,7,84.35177078346983,5,0,1,5,2,4.20259545993187,0,0
20,3,59.58605756790444,0,1,0,5,55,4.410450912060883,0,0
2,6,64.68240210608765,1,0,1,3,29,4.17478622126048,1,0
14,6,66.34557167060004,3,0,1,2,54,4.501498464726213,0,1
14,6,43.84920161590621,3,0,0,2,1,4.116194224580597,2,0
1,4,88.20871998997073,0,0,1,5,34,4.209351404390435,2,0
9,12,92.91732160130715,11,1,2,5,25,3.0250104267843914,1,0
4,8,31.973928159878206,5,0,2,4,56,4.470436177631778,4,0
9,2,53.25190639955337,1,0,1,2,60,3.7561937690850935,3,1
22,6,70.19792041679781,4,0,0,4,4,4.14327277663916,2,0
2,9,58.32278308163255,6,1,0,3,1,3.4834765247377835,0,0
1,9,51.85028550809722,9,0,1,4,50,4.751161133878524,1,0
4,5,68.42791768752988,1,0,1,4,55,4.863934367084663,0,1
45,4,69.89573042580652,2,0,1,5,19,3.737767340569815,0,0
20,7,85.38030527612557,3,1,2,2,33,4.224507201174316,1,1
0,6,33.987200763021946,3,0,2,1,33,2.7987268620031935,1,0
7,3,44.87271413306365,1,0,0,5,53,3.602190395915637,2,0
4,5,48.69030463375248,1,1,0,3,55,3.3552692041809764,2,1
15,3,,0,0,1,2,54,5.0,0,1
9,8,82.6494485533075,6,1,0,3,19,4.2078767048858055,1,1
50,0,64.1262388093004,0,0,0,1,49,4.845200278293704,4,1
3,5,58.737663475944046,4,0,0,4,24,4.0677353724694045,0,1
13,1,66.61273125811543,2,0,1,5,19,3.608864354085769,0,0
18,5,77.61941917593359,6,0,1,3,24,3.658335780885775,2,0
26,3,56.19970348670716,0,0,0,4,52,2.8405928341053563,2,0
7,8,64.10639137589939,4,1,1,5,13,5.0,0,0
17,5,54.947314017337675,3,0,1,4,59,3.590301391425524,1,0
5,7,39.06957114971726,8,1,2,5,46,3.372655803956232,3,0
8,6,33.15691101092041,5,1,2,5,43,2.712901250681816,0,0
33,5,49.635513885979194,2,1,0,1,42,4.2686189444433245,1,0
44,3,54.4123296715237,5,1,2,5,42,4.574056579381181,1,0
19,5,66.54979471948445,5,1,1,4,38,4.329009819985098,0,1
7,8,64.02824864990689,8,1,3,5,11,3.978914994071088,0,0
25,1,,1,0,1,4,47,3.644851786633386,5,0
0,15,60.141453761644314,12,0,0,5,4,4.770321350941077,0,0
1,9,51.810377544474875,9,0,0,5,1,4.194207728297065,1,0
16,5,56.25859527300838,1,0,0,3,53,3.4825220090109563,2,1
5,9,61.20419156007622,7,1,0,4,15,4.254225918262223,3,0
45,2,79.21544026251513,1,1,1,5,54,3.8282898789931528,3,1
8,11,53.099136314933396,3,1,1,5,29,3.6934663822177933,1,0
8,3,85.17386595024598,0,0,1,2,46,4.791791010965895,2,1
17,8,40.49918604344214,5,0,1,5,42,3.95019242855989,0,0
21,3,46.83764649719759,4,0,1,3,60,3.533725723602891,0,1
9,1,58.55640171929786,0,0,1,1,37,2.719226048122165,3,1
3,10,42.46322545218335,5,1,1,4,44,5.0,0,1
22,4,40.205971191378524,0,1,0,3,50,5.0,1,1
5,11,61.1030330953134,9,1,3,5,41,4.211769509707217,1,0
2,11,40.13144329114378,13,1,0,3,23,4.57131617999281,1,0
14,8,45.60595117231695,5,0,2,5,50,4.29061541148439,2,0
1,12,58.76352880828573,7,0,1,1,29,3.541160093448333,0,0
53,2,85.54365158873068,1,0,0,3,36,4.152566346538437,4,0
15,4,57.12066050891502,3,0,0,3,56,4.039025969379274,3,1
63,2,61.95681995194651,5,1,1,3,58,3.7428650977949545,1,1
6,8,42.75457202847572,11,0,0,2,52,3.386447719861634,1,0
53,0,44.274441285830655,0,0,1,3,38,4.66506608237158,3,1
2,7,30.0,11,1,2,4,10,3.79949652868012,0,0
0,4,45.24525068718876,3,0,1,3,13,3.539184950576086,2,0
0,11,71.47405146469576,12,1,1,4,22,2.9047162255197456,2,0
9,3,51.375162201557366,2,1,1,4,52,4.3891363262491545,0,0
1,7,62.26442542721527,4,0,0,5,15,4.325914680836867,1,1
10,9,63.347957889597325,2,0,2,5,49,4.125491221809057,1,0
5,5,71.04062594360565,4,1,1,4,20,3.758354142938927,0,0
6,10,84.89300638693318,9,1,1,3,54,4.218922984807843,2,0
15,4,69.10608940050342,3,0,0,2,54,4.272362834081002,2,1
2,9,56.42535024502533,8,1,0,5,3,3.7146463876121874,1,0
21,1,,0,0,1,2,32,3.260385203383242,1,0
13,2,64.56120823749688,0,0,0,3,53,3.437138904999147,3,1
36,1,30.0,0,0,1,3,60,4.014813455588606,1,1
6,11,42.00904342543558,9,1,0,3,46,4.164655299089341,0,0
60,2,56.62592919827582,1,0,1,3,13,2.6271226039039064,2,1
12,4,51.22258328614451,4,0,0,5,18,2.9377135916466486,3,0
54,3,58.155182771709235,0,0,1,2,58,3.9429246128373037,1,1
0,11,30.0,6,0,0,4,4,4.373792820975331,1,0
19,3,72.6185909392138,2,0,1,2,35,3.4438996257362806,1,0
25,4,,3,0,0,2,30,3.183497845691426,0,0
0,18,78.24384543056803,12,1,0,5,44,4.029398659061052,2,0
12,6,60.38624756228086,3,0,0,3,17,3.5581854095982925,1,0
24,3,63.01618776704774,2,0,1,5,43,4.3826160909742855,2,0
12,5,44.46265412055293,4,0,0,4,30,4.432094776357533,1,0
0,8,,5,0,1,2,54,5.0,1,0
17,5,61.99069205964957,1,0,0,5,29,3.3432465363708173,0,0
0,6,60.033083621126444,2,0,0,3,20,3.4498601234407014,1,0
25,2,35.37416792476728,2,0,1,5,46,3.8858118416018668,3,0
0,6,74.10128959171116,3,0,0,3,29,3.672844525551737,3,1
2,15,60.74918875071913,15,1,0,5,54,4.373591876619784,0,0
4,8,52.40829343638025,1,0,0,1,40,4.0221686653521,0,0
15,9,,4,0,1,4,3,3.91274478216364,1,0
56,0,71.34675667592036,0,0,0,5,4,3.625951161004869,2,1
1,8,49.56351279368003,4,1,1,5,40,3.9099491905006074,1,0
2,8,63.54297180804635,8,1,1,5,44,3.167244826330653,3,0
6,8,57.47574274966062,4,0,2,5,9,3.4460708124512847,1,0
27,2,52.04515059859682,1,0,1,5,26,3.220151941999542,4,0
9,5,40.52952195401929,3,0,0,3,15,3.4569649460778495,0,0
5,6,,2,0,0,3,29,4.45963418518865,1,0
12,7,44.92295755255163,9,1,1,3,12,2.6769248306719082,0,0
4,7,47.0759096505958,4,0,0,4,35,5.0,2,0
7,5,80.08128747598923,4,0,0,4,20,3.61936788574632,1,0
6,2,58.47144474030472,1,0,0,4,44,4.113482088687267,3,0
24,5,64.79887359776444,1,0,2,3,52,4.467068899429812,1,0
38,4,82.71140985140264,0,0,1,5,39,2.7368967084073246,3,0
21,5,82.34577969215903,4,1,1,3,44,4.549087670943541,0,0
8,8,51.76644558206329,2,0,0,3,14,5.0,1,0
10,3,77.27946498862987,3,1,1,4,19,5.0,1,0
2,9,35.948538018500145,6,0,1,5,19,3.3469168489564276,2,0
20,3,33.62635635112233,2,1,2,5,44,4.289345028447618,0,1
13,3,60.66747666360648,3,1,1,4,54,4.566167484588336,0,1
34,1,58.73390644339779,4,0,0,3,58,3.6131615777196733,2,0
3,6,69.71317968543119,2,0,0,4,4,3.86207857622114,0,0
21,6,68.13858445314644,4,0,0,2,53,4.399101816521012,1,0
17,6,70.37416397111397,2,0,0,4,53,4.416354536916151,0,0
4,6,84.03481723847663,4,0,1,4,59,4.940898947642733,0,1
16,3,89.44301714241574,0,0,0,1,31,2.1824276713495325,1,0
38,5,73.16381770503693,5,0,1,3,5,3.839899576370672,1,1
37,6,59.673457842420774,6,0,2,5,29,3.5020317487964423,0,0
19,4,56.91698720381162,3,0,0,5,25,4.310351983445097,1,0
0,7,59.78250992226608,3,0,0,4,36,4.192999322116084,1,0
30,4,51.38909252189632,1,0,2,1,12,4.043293226829783,5,0
16,7,73.85462755157472,4,1,2,3,28,3.8381532301471197,0,0
5,2,75.61065269004061,3,0,1,4,4,3.811597495832338,1,0
3,9,50.484005018702945,8,1,0,5,24,4.395202750099922,0,1
1,10,57.51866676374917,8,0,1,2,12,4.25375256279641,2,1
0,12,33.466895463056446,11,1,3,5,23,3.581195599219441,1,0
21,2,58.64033894209436,2,0,1,2,30,3.7288908552247966,2,1
4,9,,8,1,0,5,19,3.607026469098862,0,1
0,8,43.39081879208614,3,0,2,4,54,4.4031510099010704,0,0
7,3,52.08130443234088,2,0,0,5,7,4.051646653412901,5,0
9,1,42.702572223410755,0,0,1,3,59,3.61281008304866,2,1
2,6,36.38340718410135,4,0,1,4,8,4.478389344690923,3,0
0,6,82.22641122141879,2,0,0,3,20,4.1805633876686406,5,0
3,9,,5,0,2,2,50,4.624532145450011,1,0
17,4,61.71129216911004,3,0,1,5,60,3.496936488525629,0,1
1,3,74.63903760409832,2,0,0,5,19,4.068788546624884,1,0
12,2,81.32566223710518,1,0,0,5,14,4.3805463819272825,3,0
2,8,44.08124244938945,5,0,0,4,25,4.193645307602947,1,0
3,10,79.16939605083805,7,1,1,5,53,5.0,1,0
7,3,62.42026345178776,2,0,0,2,41,4.220129073668518,1,0
1,5,68.59494370785272,2,1,0,3,10,3.7014554596683706,1,1
2,4,86.39309166288483,2,0,0,3,36,3.2863087361428995,2,0
6,6,69.1650344210188,3,0,0,4,40,5.0,1,0
5,4,46.07265790700505,2,0,2,4,60,2.9776991510444146,0,1
20,1,30.0,0,0,0,2,10,2.8549924154286948,3,0
1,6,69.59731861872012,4,0,1,4,26,4.694208203636939,1,0
29,5,66.10705312813855,4,0,2,5,29,4.253153338428762,2,0
25,8,48.0801504263127,5,1,1,4,18,3.8421316153758,0,0
21,8,,5,0,0,2,33,5.0,0,0
5,9,39.6683694198025,4,1,1,3,37,3.8453427206068502,3,0
25,4,65.39511499494657,4,0,1,3,60,3.4500345816579263,5,1
3,4,39.89944225405824,6,0,2,3,22,4.22070677188357,1,0
1,9,78.14472275833873,8,1,0,4,52,4.427875779233656,2,0
0,8,91.51200850708308,7,1,0,4,0,4.484978810206562,1,0
42,2,64.33504244408923,1,0,1,5,2,4.0338532422733655,0,0
5,6,65.81412345714925,4,1,0,4,2,4.431256024774135,1,0
37,2,68.81468769770893,3,1,2,5,27,2.8870843273669156,1,0
4,5,64.15345779744976,2,1,1,3,13,2.5884088462390538,0,0
35,2,43.55256512969518,3,1,2,4,51,3.804006607839636,3,1
35,6,81.19445481696543,5,1,0,5,29,3.5444061161167837,1,0
38,4,66.75260918549218,2,0,1,3,57,3.7604146469936657,1,1
10,4,68.39947204058925,7,0,0,2,53,3.841794993249429,1,1
30,5,75.13067077424117,5,0,1,5,4,3.935964857100666,2,0
45,2,74.47576518410814,3,1,1,3,48,4.856981048693883,1,1
5,6,78.51666955523655,4,0,0,5,14,3.476587525700854,1,0
8,3,66.8160479680349,0,0,1,1,37,3.555748910493966,2,0
19,3,47.110839001955654,1,0,1,5,13,3.812836633400843,0,0
5,7,66.25250170952017,9,0,0,3,13,3.206281660394689,1,1
21,2,59.62213054052101,0,0,1,2,56,3.4380791424851553,5,1
1,10,46.87711668932983,3,1,1,4,58,4.486866035680503,0,0
11,4,81.77349552511615,3,0,1,3,48,4.593709101418859,1,1
1,7,57.74797830831373,5,0,1,4,7,2.6297359205025526,3,0
5,7,63.42498394055759,7,1,1,2,7,2.641524657934708,1,0
4,5,49.07597239479415,3,1,1,2,18,3.765036520838429,3,0
27,5,59.18452005020159,6,1,1,3,31,3.692665189316532,0,0
3,7,73.95922368488704,3,0,2,2,30,4.521618895222773,2,0
24,4,90.68948716539126,4,1,0,5,28,3.963884792763458,1,0
23,2,38.09718613556336,2,0,1,1,40,4.117903375164152,1,0
10,5,60.33324607260358,0,0,3,4,10,3.0898630569456715,2,0
3,8,30.0,5,0,2,2,44,3.904700647705079,1,0
3,11,,10,1,1,3,12,4.831651395725723,0,0
9,7,61.7587743390518,9,1,0,5,26,4.008664229615571,4,0
0,6,62.4462563019925,2,0,1,3,55,2.6872364182162043,3,0
11,8,84.56833674879022,3,0,3,5,18,4.048457068269402,0,0
45,1,,0,0,2,3,25,5.0,1,0
2,5,,2,0,0,5,52,4.822507429040845,0,0
12,3,63.70401138293526,3,0,1,4,50,3.0196875158964556,2,0
48,3,52.34358260491857,0,1,1,5,36,3.4035448721848494,2,0
29,4,62.85973579770694,2,0,0,4,47,3.8542878458884724,1,1
28,8,61.93475988909066,4,0,2,4,8,3.9388871414867306,1,0
25,7,62.98070195009837,4,0,0,3,27,4.374018726917207,1,0
5,8,49.537402576299996,1,0,1,3,31,4.233361579685034,1,0
33,2,49.35535696180895,1,0,1,5,51,3.9823446483345855,1,1
42,3,77.03283458098586,2,1,0,3,53,4.033120504791073,0,1
10,2,75.8232740370282,4,1,0,4,2,3.057063187428004,0,1
6,11,47.569388885351614,10,1,1,5,50,4.685255993401198,0,1
8,4,57.978935954428295,3,0,1,3,31,4.060956819573198,2,1
6,9,65.7488585090727,5,1,2,5,4,3.879956491530763,1,0
3,6,72.21953704540158,6,0,2,5,7,3.8319389042291583,4,0
14,11,62.82310895620362,9,1,2,4,13,3.0268297623709675,1,0
12,8,77.31010693215737,5,1,0,5,55,4.0530053669972315,1,0
9,3,58.830942845899266,2,0,0,1,2,3.207594353312849,3,0
1,10,83.20115834533388,7,0,1,3,23,4.868195766712863,0,0
23,3,98.27806159124997,0,0,1,4,12,4.095298419657771,1,0
2,11,,4,0,2,3,42,3.5656611836475673,0,0
1,7,,6,0,0,5,28,4.201091017292569,4,1
14,8,45.89500151604821,5,0,0,5,7,3.623946977265684,0,0
7,6,57.429811363881264,7,1,2,4,50,4.901975863138915,0,0
0,8,62.68497388610211,2,1,1,3,41,4.90513485697205,0,0
6,5,70.477468835438,3,1,1,5,30,3.663833445910226,0,0
22,2,56.929917776988205,2,0,1,4,60,4.123760199128008,3,1
14,10,71.19720540511743,9,1,0,4,25,3.810587231500225,1,0
6,9,54.37153685774757,6,1,1,4,17,4.245838058431487,0,0
3,4,75.13349069702132,1,0,1,5,57,4.850886085901847,0,0
14,7,66.22277849281552,7,0,0,4,17,5.0,0,1
32,3,65.54671835141204,1,0,0,5,56,3.8470457414241452,2,0
15,5,53.09600637822078,5,1,0,5,6,2.61902634993874,0,0
25,3,58.74264693095819,1,0,3,3,47,4.288365305369288,2,0
11,7,54.390915464681875,4,0,1,4,37,5.0,0,0
18,3,73.03280087925437,1,1,2,5,47,2.887699363163029,0,0
33,2,39.66949445514108,1,0,1,4,15,3.4994787999095758,2,0
22,2,49.403418608875384,3,0,0,5,54,3.2934206531810175,1,1
36,2,78.1027066624643,1,1,3,5,55,3.798402439433497,1,1
8,4,62.81374439188492,4,0,2,4,59,5.0,0,0
35,4,78.34237051153625,3,0,1,5,32,4.112255978547536,1,0
14,5,72.44956423094983,7,1,1,5,55,3.4448002806317244,0,1
30,3,73.98898291145488,1,0,1,5,50,4.132988722814679,1,0
0,10,66.31381138718602,9,1,1,4,2,3.495135063010139,0,0
16,2,50.13637684014986,2,0,1,2,37,2.923400414438406,6,0
28,5,61.13179018426058,3,0,0,4,3,3.8038259605767077,0,0
2,4,41.278081638052356,5,0,1,5,35,4.122249690571754,1,0
16,3,57.518194702945586,3,1,1,4,3,5.0,0,0
26,5,51.82348514862118,6,1,0,5,41,3.3069399541368063,1,0
5,9,32.08271841616029,5,1,1,4,8,4.500019462169781,0,0
7,6,66.39540429462059,4,1,1,4,39,4.401552928406279,2,0
12,5,64.91861108359915,3,0,0,3,50,4.5132319933792475,0,1
10,4,78.93243884436235,0,0,1,5,16,4.255693013015395,1,0
0,11,41.64640971258427,9,0,1,4,16,4.53381796554244,1,0
1,7,76.21393816411138,7,0,0,3,32,4.2786090537599994,1,0
1,5,30.0,0,0,0,3,19,4.269669724367959,1,0
4,7,57.79135805065131,1,0,0,5,13,3.7532445175839753,1,0
4,5,89.64439535996138,4,0,1,4,21,4.500554286855727,2,0
20,3,59.5693590989744,3,1,0,3,51,4.42312532951001,1,0
12,5,48.977830816148916,3,0,1,5,26,4.03318186027784,2,0
21,4,58.749352003947365,3,0,2,5,42,3.9831249532602206,1,0
1,7,72.72739243595893,4,0,2,5,2,3.345717493383697,1,0
9,7,55.76963815557018,2,0,2,4,23,4.407101717178812,1,0
5,10,65.88443352610084,2,0,1,4,29,4.837277453572572,2,1
28,3,65.71265570581289,1,1,1,5,7,4.4985689259588195,1,0
18,4,68.23489172494135,5,1,2,4,21,3.8176652083081435,0,0
30,1,75.54553052517457,1,0,1,5,24,4.107820396170617,1,0
0,4,89.69455740972394,2,0,1,3,59,3.934536026620911,2,1
19,6,61.31186668736718,3,0,0,4,9,4.891421020185192,2,0
11,4,64.84181609167612,2,0,1,2,48,4.573708203487775,2,0
26,4,42.19356931229022,1,0,1,3,28,4.056520277049911,0,0
10,3,74.17259857164882,3,0,0,1,39,3.7523262333973233,2,0
11,4,80.41169746999077,5,0,0,1,53,3.369125234218841,3,1
0,6,70.32554556514683,3,1,1,5,0,4.843107141156396,0,0
16,3,39.20730618741594,5,1,2,3,51,3.6535905345799518,3,0
4,5,53.932485574873674,4,0,2,5,20,4.12258831261671,4,0
0,13,60.76799639527092,12,0,0,5,38,4.519938253424972,1,0
1,8,47.1484182736261,8,1,0,4,23,4.178314665006741,2,0
47,2,92.17348146754624,2,0,2,3,8,3.7260083817664937,0,0
6,3,,3,0,2,5,59,3.6422079357737327,3,1
30,1,73.97383863047651,1,0,2,4,43,4.218292336127862,2,0
48,2,74.21075234767268,2,0,0,5,53,3.091002036627994,5,1
43,3,61.679410784528606,2,0,1,5,25,3.582907751992131,2,0
32,6,41.98829275904238,3,1,1,5,8,3.6414959278189953,1,0
33,3,71.83151177136564,2,0,1,4,19,3.8745284963877724,2,0
5,12,90.17069243940674,12,1,1,3,55,4.168572471112671,0,0
2,4,54.3272105457559,1,0,0,4,34,3.397468630516333,2,1
15,3,51.50067863542317,1,0,0,2,35,4.2801818513733725,2,0
10,8,72.58121219553813,12,0,0,5,41,3.876201800382302,0,0
1,11,73.85890522772442,15,0,2,2,35,4.066380305379149,3,0
16,1,77.17221851193416,0,0,1,3,53,3.1293135879613745,2,1
12,2,57.88061315765974,0,1,2,5,8,3.076992452335471,0,0
29,2,57.84546394345969,2,0,1,4,21,3.4451329284911676,2,1
14,6,30.0,2,0,0,4,0,2.9137358068242802,1,0
12,6,60.753827793075914,2,1,1,4,4,5.0,0,0
8,8,51.54037260101119,9,0,1,5,8,4.780737920086112,3,0
9,7,30.0,5,0,0,3,36,4.166114436594179,0,1
46,3,88.40857730982563,1,0,1,5,37,4.446088217124577,2,0
2,4,63.62344402309697,2,0,0,2,18,2.854399534020206,1,0
8,6,33.24970077753693,6,0,0,5,7,4.086089614030447,1,0
15,4,65.64974772457126,2,0,3,5,41,4.7612186564008026,3,0
8,6,87.90958470172326,3,0,0,3,42,4.612298130481755,0,0
4,10,78.05467394507707,4,1,0,4,31,4.003816146228683,3,0
5,5,74.49990883903696,5,1,0,3,12,3.707941365703518,0,0
3,5,41.52248818944724,3,0,1,5,19,4.350798229566144,2,0
6,1,51.83577001806586,1,0,2,4,35,5.0,1,0
30,5,46.97245937022599,2,0,1,4,42,4.019900318290674,0,1
10,4,60.27123013853989,3,0,1,3,43,4.776151416703556,0,1
4,8,71.63101622074214,2,0,0,3,36,2.9776959073570843,1,0
7,5,66.56064086037136,2,0,1,1,29,4.335943819623793,0,0
1,7,46.38630454531568,5,0,0,3,9,3.5044023379052196,3,0
35,2,57.24002838183788,0,0,0,4,30,5.0,4,1
7,6,75.6518977483062,3,0,0,5,24,3.281698093364591,3,0
58,3,67.66020320527407,4,1,3,5,28,4.3707045345208435,1,0
6,8,65.99368728928691,7,1,0,4,23,5.0,0,0
27,4,46.83230068481721,3,1,0,5,38,3.4391931222890415,2,1
4,7,62.40107161715993,5,0,2,5,20,4.503583172803479,2,0
1,7,42.976744448979275,6,1,2,5,40,5.0,2,0
0,8,47.61344878409864,7,1,1,4,8,4.747749430371924,0,0
13,3,37.813392619598744,2,0,0,3,41,4.646818019474307,1,0
5,5,85.92764562880521,1,0,0,2,41,4.2615931276140335,4,0
8,6,86.53272158835233,6,1,0,5,1,4.041492453806862,0,0
25,5,44.93808906696323,3,0,1,2,3,4.496281980066538,2,0
4,9,48.36482015765093,1,0,0,3,7,5.0,2,0
5,7,55.23514386069871,3,0,0,4,31,3.737109404851391,0,0
27,6,78.27743217506602,5,1,0,4,60,3.8716978866386853,0,1
10,3,69.11614114856673,1,0,0,4,13,3.515513132959017,1,1
26,3,80.72102728586657,3,0,1,3,48,3.431398273559107,1,0
7,6,85.30645319202065,0,0,0,4,12,4.037191976136631,2,0
7,7,67.25379993936316,3,0,0,4,20,4.6280254188641585,3,0
2,6,64.47453864407662,2,0,1,5,23,2.837257831113666,2,0
37,2,80.42948764582562,2,0,2,5,49,3.8346779586093014,0,1
34,5,76.20839255150874,3,1,0,5,17,4.2838756498136155,1,0
62,2,76.12066774089499,2,1,2,5,44,5.0,1,1
7,2,67.12735156720215,1,0,0,4,39,4.654199696681278,2,0
25,7,75.62528989262162,7,0,1,3,25,4.3237114373061525,0,0
8,6,55.496618556360396,2,0,2,5,31,4.53942041683669,2,0
9,9,51.488754451365985,4,1,1,4,43,4.2053508891204725,3,0
26,2,54.91520230383857,1,0,0,4,56,2.9858919769149788,3,0
2,6,94.07948865478492,5,1,1,4,54,3.6506521666754086,1,0
3,6,44.34567507627182,1,0,0,4,55,2.8586370132197025,1,0
5,11,74.13820608187012,13,1,1,3,52,4.613492136789469,1,0
23,2,89.70639085822702,2,0,1,4,32,3.2889950273616098,2,0
6,3,65.95672922954475,0,0,0,3,51,3.444519555896982,3,0
6,14,55.226230533627934,10,1,1,5,30,3.8245756469907404,0,0
90,0,,0,1,1,3,17,3.8863485902492183,1,1
7,8,52.600035797316565,3,0,0,2,34,4.024124311384488,3,0
4,6,46.35431291553624,2,0,1,4,11,3.7426104505470628,4,0
14,7,80.18876529689393,9,1,3,5,50,5.0,0,1
24,4,79.22778168906214,2,1,1,4,24,3.613692265274432,2,0
1,11,55.22177649563276,9,0,1,3,44,4.838430460202751,0,0
14,4,52.68101097232719,1,0,0,4,30,5.0,3,1
0,13,63.244348391536136,9,0,1,3,9,4.824723833981976,0,0
11,5,58.565141570845284,3,1,0,5,46,4.138385784652487,2,0
4,7,47.730499995417105,2,0,1,5,51,3.631740102753644,1,0
5,11,37.14225911958295,6,0,1,4,33,4.30095856397642,0,0
9,3,38.124871199915006,1,1,1,3,50,4.694653570079977,3,0
39,1,41.988204316911165,0,0,0,5,2,3.9948946348200183,2,0
18,1,44.401564274033575,0,0,2,1,45,4.058433196650345,2,0
41,5,63.184668949049865,1,0,1,4,38,3.612319378384204,3,1
16,4,47.94409495866837,3,0,0,3,7,4.704566026647154,0,0
0,7,48.33735157577891,3,0,1,5,60,3.3303066968150086,0,1
4,7,41.19611441970271,6,0,2,1,31,4.188834211763419,1,0
35,3,41.47290376969309,1,1,2,4,42,3.3483633478432133,1,1
15,5,41.06887464933894,1,1,1,5,28,4.43780071197544,0,1
59,0,58.80392327586158,0,0,1,4,21,2.1966180523350505,8,1
2,7,75.63124656805141,5,0,1,2,19,4.951968849071109,0,0
5,4,82.53380578853833,6,0,0,5,5,3.8176859178569886,1,0
6,12,60.79147242411454,13,1,3,4,60,4.078761250199347,0,0
5,6,75.92062126044922,5,0,0,4,42,3.317820182970462,2,0
4,7,48.25943812289716,3,0,0,3,48,3.9475942351978177,2,0
8,8,68.5251717174496,4,0,1,4,28,3.79377296397356,1,0
15,7,46.92663025719769,7,0,2,4,41,4.3903408310381495,1,0
5,1,66.52229946464085,2,0,1,2,55,4.520795350538501,2,0
1,6,47.703295869703325,5,0,1,2,16,4.366127154592928,3,0
18,2,48.91289424304904,1,1,0,5,30,2.493974388732682,1,1
9,6,59.20539100827522,7,0,0,3,52,4.481346115480398,0,0
12,4,,3,0,1,3,33,4.150453379860028,2,0
9,5,72.80805046665597,1,0,2,4,37,2.8056313005826348,3,0
33,3,49.053846325526244,0,1,1,5,56,4.464004736674431,1,1
12,4,44.18567300789283,1,0,1,2,36,4.681439511600487,1,0
38,6,47.736956951958305,4,1,0,4,3,3.288128349945118,0,0
10,3,69.6573546377237,4,0,0,2,1,3.1144428414165595,1,0
5,5,63.27307986798275,6,0,0,1,11,4.600890444411781,0,0
6,4,69.78219101959269,3,0,1,2,34,4.391861339057415,2,0
11,8,52.293979844572675,10,1,1,5,5,4.467976093663971,0,0
11,5,65.03262513735125,1,0,0,2,55,4.509076568558197,3,1
17,4,64.06144849317788,3,0,1,1,45,3.471798260931543,1,0
3,14,78.98065118808395,12,1,1,4,7,3.4714319416821118,0,0
16,7,83.69683686452542,7,1,1,5,20,4.469780824819347,0,0
22,1,73.55615573390978,0,0,0,3,52,4.837787630338729,2,0
16,2,,0,0,0,4,57,3.3080953212851574,2,0
9,4,59.70249587526565,3,0,1,1,45,2.9753859960151914,1,0
71,2,49.51164015655674,3,0,2,4,60,3.787684629345623,3,1
7,12,59.54168218692909,11,0,2,4,34,4.944421350105433,0,0
1,6,58.01648033930718,4,0,0,4,47,4.312454256740624,0,0
25,3,57.00652431640473,4,0,0,3,14,4.156810006277249,5,1
3,12,59.84530335024452,10,1,0,3,6,4.552923030786475,1,0
18,6,57.439794220405055,7,0,1,2,14,4.108302323331824,1,0
2,6,53.13005108606798,2,1,1,4,44,4.013278831715382,1,0
0,8,58.03858238500045,3,0,1,2,5,3.457231184598106,3,0
2,7,72.02612072769557,4,0,4,5,46,4.2956038601463815,1,0
7,6,47.023674086270795,6,1,1,5,16,3.8040563893336334,1,0
1,2,80.17871568641006,1,0,0,5,3,2.8016271672315183,2,1
3,5,76.23652524875823,3,0,0,5,21,4.902914606260999,0,0
21,5,61.29931619950157,1,0,1,4,31,3.3279918205530943,2,0
22,3,30.0,2,1,1,5,58,3.8065390123774585,1,1
25,5,30.0,7,0,1,3,21,4.373938409470392,3,0
27,2,61.6731520461984,1,1,1,4,26,3.398868954137007,2,0
8,7,70.17595570518716,5,0,2,4,45,4.327474387374946,1,0
30,3,86.58954597145154,3,0,1,4,14,4.195662235664009,1,0
11,3,53.920452523211594,1,0,1,5,59,2.9009131800625356,3,0
9,4,52.28616298312706,5,0,2,3,43,2.7551979290241055,1,1
19,4,41.73865671516336,4,0,0,3,50,3.346926824749342,2,1
3,4,68.98200147279378,4,0,1,5,21,4.233933279054773,3,0
23,4,,3,0,0,2,27,4.363972169720334,1,0
8,5,52.84484148611668,7,1,1,4,41,2.913248828014777,1,0
2,10,60.348304235638395,4,0,0,5,37,5.0,1,0
1,9,58.5853248408695,11,0,2,4,59,5.0,1,0
2,7,74.51563225371662,4,1,0,4,56,4.651992118605688,0,0
33,1,53.598216395986974,1,0,0,3,8,4.1074469514710295,3,1
70,0,59.953367507676326,0,0,3,3,33,2.2343100308803168,5,1
6,6,72.74103921946487,3,0,2,5,35,4.328819793485058,4,0
5,6,56.033441598061565,5,1,1,4,8,4.379139865433536,2,0
3,8,48.8798205806561,1,0,3,4,14,4.2966908475092405,2,0
26,6,40.78408894011342,5,0,1,2,44,3.975198333744096,0,0
3,7,44.38501486348474,1,0,0,1,19,3.990221326444472,3,0
38,6,50.35018569890256,3,1,0,5,7,4.104201039473891,0,0
16,3,,1,0,1,4,57,4.514567533318431,1,0
34,7,48.94348838747994,4,1,0,4,27,4.805414495123432,0,0
12,8,56.77583634858635,8,0,1,2,50,4.063094496990949,1,0
17,4,44.56429621946994,4,0,0,5,18,4.235365633739503,1,0
14,7,60.80376587557936,5,1,0,5,56,4.311590106785363,1,0
26,1,64.30323675616411,1,0,1,4,15,3.5253278805272497,5,0
27,4,65.32381016472782,1,1,1,2,10,3.6358159103362846,1,1
13,3,86.34309515979989,4,0,0,4,41,4.139789425495544,2,1
15,4,59.78992487856887,6,0,3,5,7,4.153252998676215,3,0
38,2,64.39576102655103,0,0,1,4,32,3.84032994287491,2,1
39,0,51.53726146785636,0,0,0,5,9,3.8741672137130827,3,0
16,3,92.58559908018901,0,0,1,4,17,3.764968762437415,1,0
0,5,72.70963973914102,1,0,1,5,34,3.778098580689904,3,0
1,6,73.26138241472198,6,0,0,4,42,4.166579154373414,0,1
29,2,76.33757735252942,1,0,0,2,49,3.1995558498301646,2,1
1,14,71.23110490313618,11,0,1,3,2,4.093704249620471,0,0
3,9,77.05391198250457,6,0,0,3,39,5.0,0,0
3,7,57.188948643458644,5,0,2,5,26,4.521252135008421,3,0
13,4,93.97980776874871,6,0,1,5,58,4.153918249346064,0,0
12,4,36.81068946650714,1,1,1,5,27,4.014884861299977,1,0
5,8,55.87829067209646,4,1,0,3,45,3.5280480436547923,1,0
3,4,85.97127139945411,1,0,0,3,5,3.2979440525175465,2,0
21,0,57.43862094434519,0,0,1,5,46,2.072497098050218,1,0
41,2,69.94063631560024,3,0,0,4,13,2.74072140254244,6,0
0,4,52.924088612300245,2,0,1,3,6,4.439519971917578,3,0
2,19,66.69184023651796,11,1,1,4,9,3.3861502646548454,0,0
15,8,54.598201047109306,4,0,1,1,14,3.8036453316734593,1,0
24,2,77.52977499950003,1,0,1,3,30,3.6832143963991566,3,0
23,5,64.36055859602921,1,0,0,4,28,4.123218864550704,2,0
19,6,33.749393689136255,5,0,0,2,41,3.737168727727673,0,0
32,3,47.80111255809417,3,1,1,5,53,3.746214257515476,0,0
3,6,45.37612970693414,3,0,1,3,16,3.2457961052265114,0,0
1,8,81.09187325987644,4,0,0,2,58,3.7674633124596517,1,0
14,5,41.37841313593939,1,0,0,3,50,3.1597826513953087,2,0
25,2,55.97803425721596,0,0,1,5,28,3.552461458905866,4,1
13,5,91.67241731580607,3,0,2,4,48,4.187466508052922,0,1
49,1,78.71429441471128,0,0,0,4,43,4.17015721906384,0,0
23,0,47.180965011208514,0,1,2,1,14,4.779261895973558,0,0
18,7,46.73710593911281,6,1,2,1,25,4.751403584467403,2,0
0,10,45.291695097889985,5,1,0,4,11,4.824302692625623,0,0
1,8,63.09538218397075,8,0,0,5,24,3.8341057925189705,0,0
23,6,52.56407262525819,8,1,1,5,60,3.673439784721177,0,0
3,8,,3,0,1,2,40,3.6051543348330175,2,0
0,10,64.63796205290653,5,0,1,4,4,5.0,0,0
36,2,60.70524589258571,2,0,1,5,3,3.9584258164207435,2,0
33,1,62.21532355008661,2,0,0,4,43,4.482688870122187,1,1
3,11,61.29108107205267,9,1,1,5,47,4.615271568338601,0,0
22,4,48.42205273019461,5,0,0,2,40,3.8167765087293097,1,0
0,13,38.30917219821866,12,1,2,5,56,4.937027315400599,1,0
5,9,60.81365241605662,8,1,1,5,30,3.445909029246193,2,0
14,6,48.27577984594433,5,1,1,5,2,3.6913597758963155,0,0
21,9,74.64181236855624,4,1,0,5,52,3.661085680129548,1,1
0,12,41.246682410225226,14,1,3,4,2,4.943142546236707,0,0
5,5,54.64761785806291,2,0,0,5,25,4.8664723908880365,0,0
3,10,62.324544222828884,7,1,1,3,49,4.184429920168025,0,0
90,0,78.90981582737403,0,0,0,3,16,3.1647191076842365,2,1
16,6,54.1102633475752,4,1,0,5,59,2.966931492511965,1,0
7,7,62.76191827317719,6,1,0,5,9,3.644094732200272,0,0
1,7,69.25342876329937,5,0,2,5,1,3.6284595548734186,0,0
13,2,71.44466594498708,2,0,0,3,23,3.9383203569999417,0,0
15,6,65.5026220235413,4,0,0,5,10,4.342265833361784,4,0
25,4,87.12416985421723,1,0,0,5,23,3.6985401020070103,3,0
5,3,54.044087006384004,2,0,1,2,34,2.9325338307170625,4,0
59,4,85.9630288623703,3,0,0,4,22,3.064969119731852,3,0
8,6,70.34466760505232,1,0,1,3,31,4.204143765023626,2,0
5,4,63.67858133147728,5,0,0,3,22,4.212189967230935,1,0
6,3,64.8520999111846,3,1,0,5,33,4.308674826519693,3,0
10,5,74.06317016060395,5,0,0,4,40,3.3299572929411663,6,0
41,3,49.21412182495884,1,1,1,5,18,3.8614143916345887,0,0
19,8,62.18591971622671,5,0,2,5,1,4.851494327055578,0,0
12,1,56.36331791917476,0,0,0,4,59,4.9719988614381965,2,1
2,6,84.03768247306365,4,1,1,5,50,4.667275998688045,1,0
2,5,50.2449354804247,2,0,0,4,1,3.8933231468487572,3,0
10,4,89.968296083089,6,1,1,5,14,3.165380806727729,0,0
19,6,53.28570383973958,2,0,0,3,55,4.329432325560382,1,0
20,3,39.172458510913955,2,1,1,5,20,4.1174290787888195,1,0
3,12,,7,1,1,3,34,3.694327111887283,0,0
1,13,47.252020877205666,9,0,1,3,4,4.034601599638953,1,0
7,4,84.86838811105864,4,0,0,5,42,4.679479928059046,0,0
37,3,,4,1,0,4,26,3.4732852584951384,0,1
11,1,64.8466614558797,0,0,0,4,23,3.9928277420313205,2,0
5,8,82.01452106440071,7,1,1,4,6,3.187535912632881,1,0
5,9,101.56359299333744,10,1,2,5,5,3.9714471636271553,0,0
2,10,58.34733814677534,4,1,0,3,45,4.516631725769329,0,0
9,7,61.6804100570352,2,0,1,2,60,4.859770301677001,1,0
23,8,42.507127498702694,6,0,0,3,32,3.0146386357940207,1,0
51,0,54.288571755209595,0,0,0,4,57,3.2626887996007317,1,0
10,4,92.78479105103537,3,0,0,3,48,3.3328436286004077,1,0
2,7,73.07196166390116,6,1,0,4,16,3.634421853508298,0,0
17,5,78.22271996876128,2,0,0,4,45,3.2991004972868136,3,0
21,2,69.71755647243967,0,0,0,2,41,3.6569111751594168,3,0
1,11,76.02221592176183,7,1,1,4,29,3.7925052800645713,2,0
28,1,89.07878628035148,1,0,0,5,7,3.763746370097678,2,0
26,4,53.14887837365232,2,0,0,3,39,3.5636701716831416,1,1
9,4,71.0651216010446,4,0,2,4,45,5.0,1,0
12,4,49.62918280169768,2,1,0,5,6,4.4858991165004545,3,0
18,4,30.0,4,1,1,4,5,4.119133615387829,0,0
16,4,63.97338775770344,3,0,0,5,3,3.5583272362339007,1,0
0,13,61.86430627866977,3,0,1,4,0,3.923294149458404,1,0
1,8,58.874422405441884,9,1,0,4,14,4.082583971649483,0,0
2,5,50.41059485645567,1,0,0,1,30,4.209202322172776,2,0
21,4,,2,1,2,5,24,3.7483691364542917,0,1
8,8,66.35232432490903,9,1,2,5,46,4.141973930996596,1,0
11,8,89.42767611722384,7,0,1,1,32,4.563551181559474,0,1
22,6,68.02802536359039,3,0,2,4,51,4.716077580060229,2,0
6,6,68.80904731447113,4,0,0,5,34,4.1103279126265315,1,0
20,4,48.76293517844938,1,0,0,4,54,4.6053961478131535,2,1
8,8,45.67960765924756,11,1,2,4,4,3.8854897877043304,2,0
7,7,45.28739944497704,4,0,1,5,4,3.226486569501021,1,0
6,7,55.55746962992319,4,1,1,5,35,3.784096243332444,1,0
50,0,60.90384212313286,0,0,0,4,16,3.5174114658675277,3,1
22,3,63.235272556848436,4,0,0,5,52,4.229009834667502,4,0
0,13,47.73094487948803,14,1,0,5,51,4.148480560780663,0,0
47,4,30.0,3,0,1,4,13,3.344099650054492,5,1
22,3,53.70508149699264,0,0,0,4,57,3.7260099674223444,1,0
2,5,74.0600066481912,5,0,1,4,28,5.0,1,1
1,10,54.353993820994,3,0,2,5,7,4.4368218339874685,1,0
5,7,58.886883107842074,5,1,1,5,33,4.091545231248882,2,0
14,5,36.089338499451785,2,0,2,2,39,3.560681493827293,1,0
14,4,61.86553949155524,3,1,1,5,0,3.9163798661246294,1,0
4,9,66.14142299044553,8,1,1,4,28,2.9948446986107085,0,0
8,4,51.450551161727105,4,0,0,2,35,4.555905603333979,0,1
3,4,74.46605358160446,3,0,1,4,50,3.5074321410821567,1,0
0,10,77.98265840113817,6,0,0,4,36,2.8525444425714603,2,0
10,2,91.73748933830176,1,0,1,5,28,3.755679863906397,0,0
6,4,46.09732602729265,3,0,0,3,4,4.877610862745783,3,0
11,3,64.2948179062685,5,1,0,5,52,4.225463090208788,2,0
43,4,42.18553383656868,3,0,0,4,31,3.8345904703536764,4,0
2,9,69.06651011660317,8,0,1,2,59,3.935346589359846,2,0
0,6,67.26289655564793,7,0,1,5,51,3.098171775050032,1,0
1,9,31.090849015154408,9,1,1,4,23,4.432240083570351,0,0
9,5,64.08250816863706,6,0,0,3,18,3.632009458021138,1,0
18,5,57.01275173533414,3,1,1,4,11,3.956716369904921,3,0
13,5,42.22394194374549,5,0,3,5,51,5.0,0,0
10,8,55.61934922664694,2,0,2,3,0,3.9861332618940413,0,0
6,5,90.92824874394815,5,1,1,3,6,2.7632203372883044,2,0
5,5,68.60094720959488,3,0,1,2,16,3.930118860829347,1,0
7,11,47.59455872940228,1,0,1,3,33,3.474125647638935,4,0
14,7,55.030425276501774,3,0,0,5,42,3.0760406793197617,6,0
2,7,30.969307554058815,3,0,1,4,6,4.6077276277009345,1,0
22,6,43.79469745462593,8,1,0,3,16,4.371214759892645,0,0
12,3,85.26252817225514,0,0,0,3,58,4.350624253042222,2,1
4,8,73.75296426339557,8,0,0,3,2,2.8634069792148504,3,0
10,7,66.7659852313474,7,1,1,5,28,3.6911475386728365,5,0
49,3,65.85034746799003,4,0,0,3,21,4.635168203913403,1,1
0,8,81.25152034984303,7,0,2,5,37,3.6859827773730824,1,0
3,10,64.80516262169854,12,1,0,4,53,3.409472936724734,0,0
8,3,55.750429769348386,2,0,1,3,42,2.663140539941887,2,0
15,9,58.62695842433382,4,1,4,5,28,3.24004529203712,0,0
3,8,56.07405783965366,3,0,0,4,49,4.382288352687785,0,0
40,0,55.87662667556954,0,0,1,5,49,3.357089457000995,1,1
15,3,85.44722415916016,5,1,0,5,53,4.226259878589361,1,1
31,2,44.14708447513119,1,0,1,2,41,3.9849293409127142,1,0
5,7,52.424237163861626,6,1,0,2,4,4.075284740858456,0,0
26,4,32.62742300220381,6,0,1,5,29,4.061205199282067,2,0
7,5,75.1640341810388,8,0,0,3,22,3.8510409652585,3,0
4,11,65.1377489870099,10,0,1,3,54,5.0,2,0
36,3,86.07643997622617,4,1,0,1,20,4.772137484135102,1,0
1,1,50.40511543402424,0,0,0,1,55,3.208650770691121,2,0
42,1,48.08021223722875,0,0,1,5,25,4.487287582813813,0,0
9,5,42.527830843642526,1,0,1,2,53,3.9562755588411345,1,0
73,2,66.83514846198358,0,0,2,4,46,4.654106974397244,0,0
11,4,54.747623282286725,2,1,2,4,20,3.955956995931625,0,1
21,2,64.50169207021054,1,0,1,4,19,3.638597592964841,3,0
0,7,53.63857183800856,3,0,1,1,22,3.377871176307914,2,0
10,2,81.58371227685731,1,0,0,5,3,3.989308131264915,1,0
20,3,78.97492672508008,1,0,0,1,20,3.9731557515256393,3,0
22,2,61.29129227532931,0,0,1,5,20,3.4986655045490695,1,0
2,20,75.79894680051589,15,1,2,5,0,3.897259859294868,0,0
8,8,58.014502319400776,7,1,1,4,14,4.286872910605697,0,0
8,7,59.31332462665173,9,1,3,4,16,4.491823821119937,0,0
1,10,30.0,10,1,0,4,50,4.866323979712436,1,0
8,1,67.6047375687445,1,0,0,4,13,3.300511640758102,3,0
24,2,,1,0,1,5,58,4.131482967084346,1,0
5,8,73.20287051952215,11,0,2,5,18,5.0,0,0
8,0,70.71345843525398,0,0,1,3,49,4.148960338995231,3,0
48,2,48.76893508922162,1,0,1,4,59,3.9542739180527624,5,1
0,8,57.11763366363331,2,1,1,5,33,5.0,0,0
13,4,52.8295315625384,3,1,0,5,5,3.926069161267872,0,0
20,7,75.67049006484669,6,1,1,4,44,4.084110236032225,1,0
21,3,83.60115604927928,2,0,0,4,48,2.8248100433909538,3,0
18,4,71.97761033032566,6,1,2,3,5,4.0338168319901575,1,0
19,6,89.78378912748069,5,1,1,5,52,3.299100181305692,0,0
0,9,67.85856195621662,4,0,1,2,53,4.048365940943121,2,0
11,1,45.38182095213646,0,0,0,4,4,2.9914811019346317,5,0
22,4,39.18561719259485,3,0,0,3,6,3.4556851985128154,5,0
1,5,46.20133081304749,1,0,0,3,32,3.5086675414671786,2,0
0,11,53.197003232127614,8,0,1,4,12,4.526298799068409,0,0
25,4,49.83879782776033,2,0,1,5,50,4.648773743254219,0,0
18,2,60.81515920791221,2,0,0,2,53,3.298185008944929,1,0
7,7,57.29026255158459,3,0,0,4,0,3.7834156258688147,1,0
42,3,61.1200316819882,2,0,0,2,12,4.764884032482825,3,0
21,5,96.62355760619539,3,0,0,3,42,3.8986297257677163,0,0
51,3,73.13907546084893,0,1,0,4,26,4.3131881126006855,3,1
39,0,64.04317690004838,0,0,1,4,6,3.5574272529951023,2,0
9,5,75.92786913757462,3,0,2,3,51,3.267446013547799,1,0
21,9,47.897715640319774,5,0,0,3,2,3.3334388373742034,0,0
16,4,47.25714286121875,1,0,1,2,57,3.5409978680401375,5,1
25,6,73.7442610464488,3,0,1,3,24,4.874408531574636,0,0
23,2,59.99358215012412,0,0,1,5,32,3.60664236179892,2,0
2,6,61.84030548505757,2,0,3,5,39,3.7335142426449868,0,0
3,8,42.85730813740453,8,0,0,3,16,3.481224953127886,0,1
4,6,52.89216488678531,4,0,0,4,44,4.829990147204712,1,0
25,3,53.857353005228745,0,0,1,5,13,2.990972077608534,0,1
24,1,52.785309702047144,2,1,0,1,36,4.2673183681963005,1,0
10,9,92.1748054966749,7,1,2,5,57,4.4172389833887244,0,0
13,5,91.81346428761371,3,1,0,5,55,4.349735398351426,0,0
26,5,77.07458305930223,0,0,0,2,53,4.3846170537158455,1,0
5,2,61.447973755854456,0,0,0,3,22,3.2729851782143924,1,0
0,5,51.191304867933525,3,0,0,5,58,3.908192132799409,1,1
9,8,44.48072989153626,2,0,1,4,23,3.712381849610475,1,0
36,4,65.12429988842977,1,0,0,1,28,4.472260730153495,0,0
23,8,79.1066503891237,6,0,0,3,37,4.288512934486018,0,0
6,5,71.67121571753806,4,0,1,4,58,3.6400959242592075,1,0
1,7,61.528602190354924,6,1,1,5,53,4.865872261216012,1,0
15,1,70.0190831982483,1,0,0,5,26,3.5562792487802857,5,0
26,2,59.716027003958395,0,1,2,5,37,4.724403238165596,1,0
16,4,55.83435119519311,3,1,0,3,52,3.9841268718469935,1,1
8,5,44.795014430992545,1,0,0,4,39,4.560741225827752,0,1
1,10,55.060169227843026,8,0,1,4,44,3.7449704483572206,1,0
36,0,64.55302394823484,0,0,1,4,49,2.7518939815006362,1,1
4,8,53.74909227622719,4,0,0,3,22,4.17941504141264,2,0
3,6,42.851574808621685,2,0,0,5,30,3.9362515423127,1,0
25,5,61.71935225434667,3,0,1,5,35,3.556647270279546,2,0
59,3,64.55495982325458,1,0,0,4,16,3.9343991762792077,3,0
16,6,,4,1,2,4,60,4.905650226523907,1,1
14,2,59.66988284365227,0,0,0,3,36,3.751025959860163,1,1
5,8,30.0,2,0,1,4,2,3.424334204859411,0,0
0,7,71.12640683641582,5,0,3,5,35,4.193901460786535,2,0
3,7,64.32422232840912,3,0,1,4,54,3.3257880184553557,1,1
13,7,81.23067053301368,5,0,0,5,4,4.209973684489897,0,0
2,10,56.80524480020372,5,0,1,4,45,3.7459111383595913,2,1
32,2,71.00792284805972,1,0,1,4,14,4.0983348378004925,1,1
3,6,77.67669759746619,2,0,1,5,51,4.482592247969751,0,0
11,5,60.37043010334787,6,0,1,3,48,3.9550687697807194,4,0
10,9,65.16485525140254,8,1,0,4,5,4.177097081785152,0,0
13,3,62.13960207834495,1,0,1,3,58,3.273944135592971,0,0
5,5,36.01427758335187,5,0,1,4,9,4.1091714397165955,1,0
31,3,65.80496373011131,4,0,0,5,53,3.86623334771018,3,0
8,4,45.87929705199543,2,0,1,4,31,3.492489392303332,3,0
18,4,47.1247777576081,1,0,0,5,22,3.938771499631457,2,0
15,6,67.86416057453556,2,0,0,4,47,3.8390295395463125,2,0
1,7,79.3963629296142,5,0,1,3,16,3.3389065830947833,2,0
14,7,71.71184437063894,4,0,1,5,45,4.489417121674339,0,0
12,7,68.7313708088272,1,1,1,3,19,3.2952021969663834,1,0
34,3,65.06372004499458,2,0,0,3,43,4.03563033789049,1,1
31,3,73.03110648744207,1,0,2,4,40,4.084030500829707,1,0
2,8,85.26266945900582,4,0,1,3,14,3.8064335009745647,2,0
1,6,51.346993497044934,3,0,0,1,43,4.028534712033453,2,0
5,11,51.84009783299072,9,1,1,4,45,4.518059537508883,0,0
64,4,70.96693665213687,5,1,1,4,57,4.514169862222177,3,0
0,5,34.424611938417385,2,0,0,4,21,4.3953232276536145,2,1
16,7,58.51587168160221,10,1,0,5,49,3.54260300806024,1,0
14,3,63.91613673858701,1,1,1,4,51,4.6091132370147925,0,1
15,11,51.85938330777982,13,1,1,5,5,5.0,0,0
3,1,31.236471204938884,0,0,2,2,3,3.771076893605497,2,0
3,10,80.78103297096291,10,1,0,4,57,5.0,0,0
8,10,51.0056883290096,5,1,3,5,22,4.020417483499567,0,0
1,10,51.67438700820205,9,1,0,4,43,4.278450060533898,0,1
1,7,79.92469493774459,2,0,1,5,44,4.2977007160838605,0,1
1,12,30.0,9,0,0,4,18,4.615229886792175,1,0
12,8,82.6684926435745,4,0,0,2,53,4.700577040634568,1,0
7,3,93.39232132982346,2,0,2,4,44,5.0,0,0
5,6,46.65808293587426,5,1,0,4,30,4.710847511365386,1,0
5,6,52.660615302355005,7,0,0,5,43,3.87228197601197,1,0
3,8,67.32333033182258,4,0,1,3,51,4.199845502682434,2,0
7,5,,6,1,0,5,2,4.065819983311927,3,1
3,6,74.77080382467238,6,0,3,5,27,4.960013488921667,0,0
17,7,67.4671190407044,5,1,0,3,2,4.872367097472449,2,0
1,16,72.45614587348258,6,1,0,3,13,4.2305554927871,0,0
44,1,111.58063796339746,0,0,1,5,17,3.590591571431326,4,0
1,2,36.08735931818153,0,0,1,5,26,3.268160064768781,0,0
43,7,80.13627636182568,5,1,1,4,50,4.5942569717393615,0,0
26,4,82.18927612798316,3,0,2,3,60,3.517283805945753,2,1
17,5,43.53024014825917,2,0,2,4,59,3.6082317236904053,0,1
36,2,48.018503522928214,1,0,2,5,9,3.016024973080701,4,0
2,8,67.530768353943,5,0,0,3,48,3.918011201756783,0,0
2,8,41.25318112399049,1,0,2,5,14,4.052591144190315,2,0
4,5,50.78386558974719,6,0,0,2,18,3.994375215766004,2,0
4,4,63.588359737833066,3,0,0,1,8,3.4977411470784348,3,0
5,7,49.74468347316017,14,1,3,4,3,4.139603793302426,0,0
12,7,56.586126624407534,4,0,0,4,14,3.8654661955900096,1,0
0,10,46.993560195944866,7,0,0,3,50,4.713518361395183,2,0
7,3,45.86509842777237,2,1,1,4,47,4.672270652397741,2,0
4,9,67.07306191333531,1,0,0,3,7,4.445733805857505,2,0
13,3,58.48208760684202,0,1,1,3,48,4.940407817368348,0,0
63,3,61.850720584300824,4,0,1,3,52,4.4272318092224126,2,1
10,7,70.56249794624456,8,1,1,5,0,3.52416656339372,3,0
8,8,62.75727503284837,1,0,1,4,6,4.201277025925055,0,1
6,9,54.97297727473797,12,1,2,4,52,4.3483088985391705,2,0
23,3,,3,1,3,4,30,5.0,0,1
1,12,66.73476481920986,10,1,1,5,17,4.403299065114842,1,1
48,0,89.9156388248429,0,0,1,3,11,3.8689848272742173,3,1
8,2,73.20691852627473,2,0,1,5,47,3.282805672516566,3,0
5,7,37.42430141375664,4,1,2,5,29,3.091775147579167,1,0
54,1,30.0,0,0,2,4,32,2.9985897759963374,5,0
41,2,48.97326931947064,1,0,1,2,58,3.4684266485987343,1,1
15,5,36.941138354672525,4,1,0,5,46,4.389149515345902,1,0
0,13,40.7284616924164,10,0,0,2,6,4.4277431361422765,1,0
20,2,30.0,1,0,0,4,27,3.5203873346548176,3,0
6,7,63.49678934171781,5,1,1,5,48,4.421256758903874,1,0
7,3,42.62560629597524,4,0,0,3,2,3.8386447631463447,2,0
2,12,42.47813017511356,7,0,0,5,42,4.693327666676652,1,0
11,2,,0,0,1,1,5,3.116433788455654,3,0
20,2,50.361665337495076,1,0,1,5,30,3.290184637277701,4,1
4,5,56.06459790356887,1,0,0,4,37,3.46553665816762,3,0
41,2,38.99181776967339,0,0,0,3,14,5.0,2,0
3,10,74.77445379742463,5,0,1,2,6,3.1930631342901066,1,0
1,14,64.18509177567006,8,0,0,5,42,4.254833126419643,2,0
15,1,66.20757532125867,1,0,0,2,29,3.4707353899122575,1,1
28,4,53.400745273781,2,0,0,3,26,4.025742106856991,3,0
45,3,76.11675878687248,1,0,1,3,16,4.127384698629555,1,1
21,2,67.3292406392981,0,0,3,4,54,4.189234805369545,4,1
3,8,62.85590133238267,2,0,0,4,17,3.382984797588337,1,0
57,0,74.9730809694191,0,0,2,2,21,3.701254779170587,2,0
37,6,34.94280652458904,3,0,2,3,60,3.036958844849252,1,0
2,9,62.91007996291707,3,0,1,3,55,4.548980319445407,0,0
12,2,49.959193758599795,0,0,0,3,60,3.9946182236221315,1,0
12,2,,2,0,1,4,52,4.716018054266712,1,0
8,1,71.98758401627974,1,0,1,5,25,3.8259209924685043,0,0
62,0,80.5777157746355,0,0,1,3,50,4.043391630610775,4,1
0,13,79.08627953744305,12,1,0,4,26,4.677222464252988,1,0
14,3,60.10158084066833,1,0,2,4,39,3.7450273510074084,2,0
3,8,55.143375652616236,2,0,0,5,23,3.5715985441131757,1,0
11,10,78.61312882436464,2,1,3,5,51,3.818152354192156,1,0
22,2,45.2716677927546,3,0,1,5,7,3.4203138512174025,3,0
4,6,85.45554365900473,6,1,0,3,20,2.431972033047666,2,0
7,4,54.209730340177515,0,0,1,2,28,3.747871379708012,3,0
45,3,59.2549483133629,0,0,1,3,42,4.2184295858016565,3,1
21,6,52.00186437741187,7,0,2,3,20,4.08014371446596,0,0
12,7,60.52379209791902,2,0,1,4,2,3.9794466177151095,1,0
3,7,46.33866925823007,5,1,1,5,30,3.145808930527443,2,0
8,6,54.41269414778002,5,0,1,5,54,3.4892163684482402,4,0
22,6,62.304424162429655,4,1,4,5,26,4.922768515646389,0,1
25,5,58.404340167279216,5,1,0,4,45,3.550354673340185,0,0
4,5,30.0,3,0,2,5,26,3.002500731524491,2,0
16,3,97.10982017972248,1,0,0,3,8,4.5891711653182785,2,0
1,13,83.7245025406075,8,0,1,2,56,4.213522310864028,0,0
0,7,42.52419451575449,2,0,0,5,32,4.120475344408767,1,0
11,3,50.67667303475045,1,0,0,1,32,5.0,2,1
3,12,57.425673858892914,7,0,0,4,25,4.510705240417937,1,0
1,6,69.97054176331315,6,0,0,3,27,4.449463667801621,1,0
19,7,67.0844532220446,4,0,0,5,43,3.321325354866386,1,0
10,6,43.51749328856901,3,0,1,5,42,4.8286608123743715,1,0
23,3,95.13690430511681,2,0,1,3,30,3.180839894590461,2,0
16,1,54.05115572590897,0,0,1,5,52,2.4853551185435556,2,1
19,8,87.07396549280818,5,0,0,3,0,4.419249740984379,1,0
5,4,50.93888621068352,1,1,0,4,19,4.201647527262528,0,0
4,8,75.85156059964422,8,1,0,5,11,4.54717801188678,0,0
13,3,65.6354356413724,2,1,1,5,16,3.473641839871808,1,0
3,6,47.16599387118862,3,0,1,5,14,3.659452435145612,1,0
25,1,68.81482405318143,0,0,1,3,33,3.310715548381101,2,1
11,5,62.74863067363823,4,0,1,5,49,4.911494811462344,2,0
3,7,73.83159083970862,6,0,0,4,15,3.5265084775500535,1,0
14,2,48.364323219181486,0,0,0,5,3,3.2057618045515497,4,0
43,0,58.741754516692104,0,0,1,3,7,3.7547445252922294,2,0
1,7,72.1329437771918,4,1,0,5,33,3.4045264107102082,1,0
1,8,32.583442391883366,4,1,1,4,45,3.8821662585690295,1,0
27,2,42.68636609558153,0,0,1,3,24,2.4039671134815794,4,0
1,4,60.604411569880575,5,0,0,4,14,3.630665073613653,2,0
0,8,62.70041040367721,11,0,2,3,27,2.469195789794436,1,0
6,6,58.56657035223447,8,0,0,4,8,3.8433364088633173,2,0
9,5,71.97492501040286,2,1,1,5,1,2.9819466627166937,4,0
12,5,58.496125770165406,0,0,1,4,16,3.0024586541240885,4,0
10,7,75.33915405727863,7,0,1,4,57,3.8728712126197373,0,0
36,5,64.85244697515121,2,1,0,4,9,3.5624416466136877,1,0
21,3,43.23187590420795,2,0,1,2,8,4.497491345332048,3,0
61,1,62.42565433994497,0,0,1,3,30,2.9383488912841624,5,1
9,7,58.82376695635604,4,0,1,4,1,4.1810124452206,2,0
1,7,49.93368256897672,2,0,0,3,23,3.0612833745545234,1,0
46,2,37.241031018151105,2,0,1,3,18,3.735529817464369,1,1
0,11,42.30217628135379,8,1,0,4,16,4.06138486608562,0,0
22,3,,4,0,1,3,42,4.099331679517366,2,0
0,14,75.88143779232972,11,0,0,3,48,4.36642374144119,1,0
21,4,,2,0,2,4,9,3.5711162018556655,3,0
41,3,78.33175436297613,3,0,0,2,49,3.8208127930967692,2,1
7,6,44.66666278175913,2,0,1,5,54,4.640376040120952,2,0
4,2,49.410080210663565,0,0,1,5,27,3.3609014432481,2,0
3,4,51.56487175616348,2,0,2,5,37,3.922632887706589,1,0
10,4,,3,1,0,2,47,4.069335007572259,0,0
2,16,63.60496754848296,5,1,1,5,27,5.0,2,0
16,5,69.40110108867756,5,1,2,5,58,4.386876030554859,2,0
6,4,78.83528879988512,2,0,4,5,49,3.635032121638783,1,0
5,5,30.0,1,1,2,2,51,3.369183732818686,1,1
9,3,90.3608020000499,0,0,0,4,49,3.7904106588630566,2,0
11,4,44.08663989024246,5,0,1,5,0,3.3523808805412374,0,0
2,9,,5,0,0,4,59,4.695455779628598,0,1
18,2,74.41046658291444,1,0,1,4,2,4.68722778347056,3,0
32,1,69.63373022573255,0,0,1,4,14,3.849347763955442,2,1
4,6,76.80713881304182,4,0,0,4,51,4.208731903239404,1,0
2,6,75.26751331802427,3,0,2,1,9,4.323292583906735,4,0
21,9,66.25554029853723,9,1,0,4,20,4.195470348889935,0,0
3,8,71.25269927505893,3,1,0,2,36,4.660681240570111,1,0
0,9,41.43107690542455,9,0,0,4,14,3.686875238184461,0,0
14,3,,5,0,2,3,22,4.858059060897432,2,0
4,10,,7,1,1,4,13,4.853298842503872,0,0
2,3,30.0,1,0,0,2,14,4.10406863021764,6,0
59,1,45.91380378663785,1,0,0,5,9,4.509198180159291,2,1
5,12,44.48011053639573,13,1,1,5,55,4.359899004492819,1,0
35,4,46.03223954957697,3,0,1,3,8,3.963121109532062,3,0
2,11,70.01423508620928,5,1,3,2,43,3.315194192043692,0,0
25,0,48.501405371539505,0,0,0,2,38,4.2265341892391355,0,1
10,8,72.67241773481774,5,0,0,5,4,4.14950118248732,2,0
1,11,36.48963281438077,11,1,1,4,24,4.322662118660891,0,0
19,4,50.19873341302322,2,0,0,4,55,4.3859663652087155,4,0
33,1,54.14335275034905,0,0,0,2,41,2.658110191613888,6,1
2,4,77.79242355534555,4,0,0,4,56,3.740348670937573,4,0
19,7,60.92085414346352,5,1,1,5,25,3.868055854804506,1,1
8,8,64.37369733666529,8,0,1,5,7,4.569312913155041,1,0
21,5,43.541011579243595,4,0,2,4,21,4.562430709546371,1,0
18,6,72.77207796295885,1,0,0,2,51,4.961814327631752,1,0
0,9,59.117088427482216,5,0,1,2,24,4.322039514477885,2,0
2,11,33.698528081445005,6,1,0,1,47,4.201233921671888,0,0
9,5,70.50862888835772,1,0,0,3,11,4.628939002118879,1,0
40,3,64.37537220743751,2,0,0,2,8,4.067788057108394,0,0
6,11,54.84044650616683,10,1,1,3,9,3.908422113053161,0,0
14,4,54.82463195147417,3,0,0,4,47,3.6829955288248923,1,1
0,9,43.943849558893795,6,0,3,5,9,3.803912202898569,2,0
18,10,77.37918460258976,5,0,0,4,8,5.0,2,0
13,3,70.90551837920539,2,0,1,5,25,5.0,0,0
18,8,44.123965432872716,4,0,2,5,34,3.6548088442965967,0,0
35,1,60.759183824235876,1,0,2,2,26,4.478818348361884,3,1
2,6,49.361592429386086,7,1,1,5,59,4.503746680463309,0,1
4,8,40.86839286761537,6,0,1,3,30,3.427715685195617,2,1
82,1,83.33155855474102,2,1,1,4,18,3.290289344564769,1,1
2,4,54.694041154692364,2,0,0,3,42,4.123116171616277,3,0
19,4,47.38446505966749,3,0,1,5,37,2.6717034442560212,3,1
19,5,42.14654658645239,1,0,2,3,5,5.0,0,0
17,6,56.37768997692404,4,0,0,3,14,4.195604755989412,0,0
3,7,30.0,6,1,1,5,28,5.0,0,0
3,6,57.71582548856947,5,0,2,1,46,3.4811515835955156,0,1
16,5,78.16271138201034,9,1,1,5,44,4.5793804632899695,1,0
3,5,73.90928352920021,2,0,1,5,53,4.5392327884019,3,0
16,5,67.22770603508513,4,0,0,5,4,4.267832220348204,1,0
10,8,96.0756139448268,8,0,2,5,13,5.0,1,1
7,11,63.84361847397611,5,1,3,5,52,4.294773556681932,0,0
5,15,46.33062830486841,14,0,0,2,1,4.845432721928581,0,0
44,5,72.52043849771907,3,1,1,5,22,3.8868918968666986,0,1
10,1,62.020866056536875,0,0,0,4,43,4.179591756948399,2,0
12,6,60.59906375834952,3,0,2,4,51,4.493745199247216,0,0
44,2,64.4359484319548,1,0,0,2,45,4.680992859002023,1,0
15,2,54.05780291682272,0,0,1,5,18,4.03129528685999,2,0
47,1,88.03693683065063,0,0,1,5,23,4.4372392912759775,1,0
1,8,35.57900659310481,6,0,0,5,19,3.3023159117626504,3,0
28,1,72.2413714891234,1,1,2,4,46,4.4209577485513485,1,0
6,11,61.99618687871539,4,0,1,1,26,4.588376286921546,1,0
24,7,66.83068295094695,4,1,0,4,51,4.0447468559982,2,0
29,3,54.29632546653636,1,1,0,5,23,2.759017934672862,0,0
4,6,82.70932228900058,2,0,1,5,16,4.849766633833785,2,0
7,6,73.26716494038642,4,0,2,4,24,3.7955338692567184,2,0
19,1,48.44774549511172,1,1,0,2,45,3.0818037045536544,2,0
1,11,76.79371020160774,7,0,2,4,54,4.018291317605784,1,0
21,2,64.5028187391211,2,1,0,4,30,3.6504593202128257,0,0
1,9,51.246132227681166,3,0,2,5,27,4.187845873706688,0,0
36,2,34.611201943899104,1,0,1,4,49,3.1963002116113217,4,1
4,5,71.53164580418441,1,0,0,3,58,4.369911799701181,3,0
12,5,49.13915955643904,1,0,3,4,27,3.616459334664697,3,0
1,6,67.89980041090155,4,0,2,2,21,4.196825027400116,1,0
4,4,81.92694534295599,3,0,0,5,55,3.4179615637015814,0,1
7,4,47.831497708342525,1,1,1,4,58,5.0,1,1
10,12,80.17045096713588,7,1,2,4,4,4.149338551492067,0,0
0,8,42.76742546595953,4,0,2,4,53,4.042524281850291,3,0
32,3,82.24570092520344,3,1,1,5,43,3.5351988211046916,2,0
0,6,,4,0,1,5,41,4.457026259206165,2,0
22,2,73.49643304022266,2,0,1,5,7,4.586193119331224,3,0
9,7,66.57674261355405,6,0,1,3,60,4.613313705264446,0,0
11,8,73.35705607294098,4,0,1,3,37,4.961344439983339,1,0
3,12,54.94900686145169,4,0,0,2,27,4.598697281671608,1,0
14,6,40.08369135488648,5,0,1,5,56,4.527857567143873,1,0
11,6,48.90223334093736,2,0,1,1,46,4.038757195830788,3,1
2,11,94.32621930877325,5,1,1,4,11,4.43426449944416,1,0
4,8,42.53289892075841,4,0,1,5,56,4.637064555835764,2,1
1,15,74.3882754621532,8,0,0,5,24,4.912142393376241,1,0
1,6,58.33526290752107,3,0,0,4,37,3.297671555758687,2,0
0,1,54.64272012520806,0,1,0,4,43,4.716050996065679,0,0
3,8,85.33456033735348,3,1,1,2,14,4.696447635548836,0,0
17,5,61.39105685645172,2,0,1,5,43,3.56514559062611,2,1
5,8,73.9904080614491,5,0,1,5,40,3.683543818493895,3,0
6,13,95.98552902490717,12,0,1,3,50,5.0,0,0
2,8,56.864059221089825,4,0,0,4,52,4.958691868311638,1,0
12,4,67.1028649272643,3,0,0,5,33,3.8682230988255673,0,0
6,5,70.56797175589315,3,0,0,5,59,4.6841701972769085,1,0
16,4,55.165508223982854,1,1,0,3,44,4.121663973758195,0,0
20,4,67.38079471743313,5,0,0,4,12,4.4022777217304565,1,0
13,5,76.91976643321064,7,1,1,3,7,4.805875008184858,0,0
4,7,71.73837775364339,2,0,0,2,58,4.283940178702612,2,1
10,6,61.75417620989091,5,0,0,5,12,4.755117896638423,2,0
4,13,30.0,10,1,3,5,35,5.0,0,0
34,3,38.30894205147588,4,0,0,5,5,4.343000962847981,1,0
21,1,87.51888609332428,0,0,2,1,37,3.715600474956922,1,1
10,4,45.678554577076824,3,1,1,5,31,5.0,0,0
50,4,77.51680443378157,2,0,1,4,20,2.9996714288101667,0,1
11,6,41.608472314076536,1,0,1,3,43,3.8499898683237346,2,0
5,4,45.54899284841125,2,0,2,4,43,3.9541077268354075,2,1
1,8,70.20061448345109,6,0,4,2,48,3.7040926525461835,0,0
11,6,83.31415424270055,4,1,1,5,58,4.331156208828302,0,0
29,1,69.76058977883937,0,0,1,4,6,4.114888474007778,3,1
30,4,65.34875819030849,3,1,0,3,25,4.254757182235665,1,0
13,8,39.59045296516661,8,0,1,3,14,3.6444037451914792,3,0
7,4,30.0,4,0,1,3,55,4.164024329840841,0,0
15,2,53.513660034904845,3,0,2,2,48,2.990718590077191,2,0
21,4,62.318221465464774,2,0,0,4,41,4.014741541503888,1,0
7,9,59.22298047198504,4,1,2,5,22,5.0,0,0
9,7,93.16248879514468,2,0,1,1,51,4.597927885809363,0,0
17,3,36.86856483292382,6,0,0,1,37,3.684722911824145,6,0
31,5,55.429728243185934,4,1,0,4,40,4.416252023334726,1,0
23,1,85.05534765505071,0,0,3,5,14,3.71965880034148,4,1
0,15,69.76206135486716,15,1,0,3,47,4.829644154597,0,0
1,8,43.58583389104628,10,1,0,3,52,4.231292226804712,2,0
28,7,,2,0,2,4,39,4.469974153183808,1,0
26,1,54.107931946395155,1,0,2,3,15,3.0116476969148973,3,0
7,7,44.824859000829186,5,0,1,1,31,3.9057565444037756,0,0
13,1,53.325652141033885,0,0,2,5,36,3.654207607616219,2,0
35,0,94.31029875248097,0,0,1,4,17,3.257167085470892,2,0
36,1,44.811467489594634,0,0,0,4,19,4.2243186104083215,3,0
22,3,50.29772904963804,3,0,0,5,45,3.8897617723192104,3,0
3,9,73.70338562225537,4,0,1,5,1,3.315609208718891,3,0
19,0,64.41512285185628,0,0,1,3,54,3.5931512530317127,5,1
1,6,82.48180622079173,6,0,1,4,22,3.5802842087941373,0,0
33,2,72.28015329897946,2,1,2,2,29,3.8416862679440538,0,0
2,8,49.64733988737754,2,0,1,2,2,4.248302467958837,1,0
16,6,67.72058830380517,5,0,1,5,45,4.818809788810749,0,0
14,6,61.74627962342362,1,0,2,5,60,4.967688744105256,1,0
22,6,33.599114315907606,5,1,2,5,38,4.414564660417279,1,0
12,3,92.43086927972011,0,0,1,4,46,3.346910575672811,2,1
0,8,44.098079045976746,7,0,2,3,48,3.7714200746959117,2,0
18,4,58.386151487314194,2,0,0,2,0,4.937732562390249,3,0
7,5,52.92077149107079,3,0,2,5,40,2.9701490833713593,0,0
5,2,61.75184135293072,1,0,0,4,21,2.9088157166496504,2,0
71,0,62.89587686153252,0,1,1,4,28,4.4182325213993785,1,0
13,1,68.67892639768775,1,0,0,5,13,3.570754711434338,2,0
18,3,52.86448430274988,4,0,2,5,47,4.744787098186865,1,0
11,4,76.23282985156254,3,1,1,5,27,3.621994823303415,0,0
22,0,49.81596657094741,0,0,2,2,20,3.625957520117387,3,0
20,3,52.02358054094663,0,0,1,5,44,4.272488120434226,3,1
16,2,34.19902825851101,0,0,1,5,31,3.590289832188043,1,0
90,1,63.449028276977245,0,0,0,3,5,3.4409242266121947,0,1
9,8,82.79917170810138,6,1,1,4,53,3.304440111478255,0,0
18,6,56.27866793362341,6,1,2,3,0,3.6571684218469733,1,0
23,7,86.47454991690076,8,1,2,5,20,4.772545451876928,1,0
7,4,,5,0,1,1,56,4.0702069584835385,2,0
9,1,39.634641972910465,0,0,2,4,3,4.715800588153784,1,0
52,3,80.82820460042821,4,0,0,3,2,4.031179822002957,3,0
0,7,57.4631144423606,5,0,1,5,48,4.18148127711983,2,0
6,7,45.38683544166243,5,1,0,3,29,3.5224715061548597,1,0
9,9,63.94262149493961,10,1,0,3,30,3.511512621686447,1,1
0,7,64.98925808016232,2,0,0,4,33,4.3441768460839505,2,1
34,7,74.17863140586834,8,1,0,5,18,3.3990083977142773,0,0
5,7,55.036553225061,5,1,0,3,19,4.702801160566624,1,0
4,5,39.65873520847738,3,0,3,2,22,4.007565540286849,3,0
25,3,55.89713166511156,1,0,2,5,53,4.379102191270011,4,1
4,3,59.70472837632512,1,0,1,4,58,3.8308739158343177,1,0
16,3,76.89627422530674,0,0,1,5,39,3.2807512578231797,2,1
25,3,37.37248750932761,0,0,0,2,24,4.648026551421008,1,0
23,4,54.35194345960403,1,0,1,4,14,3.841159921524021,3,0
22,2,64.40016367449395,3,0,0,3,37,3.8808600392448604,1,0
1,7,83.18276047493458,2,0,0,3,22,5.0,1,0
1,8,49.965885665268836,8,1,2,5,51,5.0,1,0
5,7,47.79892569691383,7,1,0,4,1,2.9108198477093756,1,0
0,11,69.97527058819546,6,1,0,5,56,4.062978722931116,0,0
10,4,30.0,3,0,0,3,56,3.5771351427254143,3,1
7,3,51.500614669368616,3,0,0,4,14,2.888326476198432,4,0
12,3,68.86004210506803,0,0,0,4,51,4.096345391504586,3,1
5,5,65.29104878908466,2,0,1,5,43,3.379944336784575,3,0
9,0,63.032862027792206,0,0,0,3,34,3.3534378563840006,4,0
6,2,35.39773430056415,1,0,0,3,9,3.3686157081805463,2,0
3,8,40.87153366324892,6,0,0,4,13,3.8702835364844934,2,0
15,3,80.14006236900322,0,0,0,4,26,2.7231564609563943,2,1
16,7,58.58426725582974,7,0,0,3,53,3.218779970015847,0,1
26,2,56.72302798256879,2,1,1,5,13,2.651451723478508,1,0
31,1,48.156355079461754,0,0,0,3,34,3.802385828199876,3,0
18,9,60.27771258704555,4,1,0,5,32,4.9993797024933,2,0
17,2,52.67451933113111,1,0,0,2,51,4.291502563190704,1,0
0,7,72.85385727968855,3,0,1,5,0,4.393979296005941,0,0
1,3,44.19312783098173,2,0,1,5,33,3.868010195240863,1,0
25,4,72.52255531704039,3,0,0,3,18,4.170727545425982,1,0
3,5,84.66543754487758,3,0,1,5,23,4.220519825395387,1,1
6,7,69.26767030123462,2,0,0,4,41,3.715314462767285,2,0
2,9,41.48971010377982,9,0,0,5,3,3.514219274774555,0,0
3,4,,6,0,0,5,35,4.886448856753717,1,0
22,3,52.65560049214664,0,0,0,3,12,3.051980627880178,2,0
4,8,52.15024854242302,4,0,1,3,57,3.0942769816396227,4,0
8,9,62.02779713044146,9,1,1,3,31,4.077103063314425,2,0
2,6,56.29138513329563,3,0,1,2,8,4.272511100560658,2,1
16,3,53.03926309276419,5,0,0,2,38,4.138872634754764,2,0
19,4,70.28954345758906,1,0,1,2,15,4.383806626808147,3,1
6,12,61.732918715034586,4,1,2,4,49,4.3474273606195215,1,0
23,0,31.32254104741043,0,0,2,5,2,4.35529574732935,3,0
4,5,75.34611355111356,1,0,1,2,51,3.3971389870219855,1,0
17,3,77.98554767954442,2,0,1,2,19,4.9263109587965435,1,0
19,5,69.0217205062874,4,0,1,4,9,3.339399706949312,0,0
51,2,69.90745862456487,2,0,3,3,55,3.066916938166153,2,1
3,7,56.66489118581784,2,1,1,2,57,4.116997647111151,0,0
1,5,42.05461476361725,6,0,1,3,57,4.06653804773173,4,0
4,6,62.6644256422717,0,0,2,5,21,4.607886941457529,1,0
1,5,83.22244320554371,5,1,0,5,47,2.9458417209087653,2,1
2,7,64.09190808697585,3,0,0,4,2,4.102480504250392,2,0
6,3,84.92274469519081,1,0,0,5,10,3.584493799187506,1,0
8,1,85.64974628967282,1,0,2,4,24,3.6111653829944435,1,0
35,5,59.459939842273336,3,0,0,5,41,5.0,2,1
3,5,53.04386893002086,3,0,1,5,47,4.419387309816201,1,1
53,6,53.56365532343328,4,1,2,4,7,3.8441556965513275,0,0
24,3,58.10358228870983,0,0,1,3,8,3.9050769261002185,3,0
31,1,45.3905766684678,1,1,0,1,14,2.4357049534587096,4,0
39,2,68.35272616348337,2,0,1,4,31,3.2319197304712706,2,1
20,4,74.35124242509298,1,1,3,5,52,3.781935628960879,1,0
23,2,32.24160843610217,0,0,0,4,2,3.713628098620429,3,0
8,4,86.76222632257407,3,1,1,5,3,3.7372274321659877,3,0
10,7,52.07960146372086,4,0,2,5,29,4.375147752292397,1,0
40,0,55.57040994892858,0,0,1,3,12,3.208215581800695,7,0
7,10,64.61720230239887,6,0,0,5,43,4.441380322849102,0,1
0,8,47.42314302518937,4,0,0,5,20,3.935429799576152,1,0
21,2,51.137038095641046,2,0,0,5,40,3.66575495945824,2,1
12,6,47.53712324825115,3,1,1,5,56,4.359348690271688,1,0
25,2,59.97614695271066,0,1,1,5,45,3.623954625475233,1,0
1,7,51.2789061284225,7,0,0,3,18,4.725613640951118,0,0
14,4,65.65540251665905,3,0,0,5,38,3.98438947033897,2,0
4,6,40.26315375579972,3,1,1,2,47,4.110118869583696,1,0
35,6,66.66346814704168,3,1,0,5,21,5.0,0,1
1,16,43.09430972124972,15,1,1,5,19,3.71888489890234,1,0
27,7,75.1638656689223,3,0,1,4,36,4.991921136165652,1,0
1,12,,4,0,0,4,30,4.003550223753379,2,0
0,10,30.0,6,0,0,4,9,4.26050216447776,0,0
4,18,72.63739478716771,9,1,0,4,17,4.49147203264448,2,0
6,6,30.0,3,1,0,3,42,4.196403155347851,0,0
14,6,42.42308133043072,12,1,1,5,38,3.8197533247241267,1,0
2,4,75.4965337957739,2,0,1,5,45,3.7338012201245685,1,0
8,5,,2,0,2,5,19,4.832427111368893,1,0
3,12,83.41027459135111,10,1,0,3,17,3.8249864066100563,3,0
28,1,70.61786406464847,1,0,0,5,10,3.8773796551570046,2,0
0,11,53.562383803333404,11,1,2,5,21,2.97137197528944,0,0
6,8,51.39889775774831,7,0,1,3,58,4.395809537342958,1,0
14,5,82.54926386350617,3,0,0,2,43,4.338643723012424,1,1
36,0,52.815706040754236,0,1,1,3,17,3.05035055955324,3,0
30,4,32.09726393145478,4,0,1,5,57,5.0,1,0
33,2,46.07588264475421,0,0,0,4,33,3.7895427080418322,3,1
0,12,61.84972069363152,7,1,2,5,22,4.836286615851755,0,0
27,4,48.21808178855253,5,0,0,3,0,3.283849938033359,2,0
22,5,95.85722323658439,4,1,0,5,54,4.4467424497123,1,0
34,2,50.2959455610948,1,0,0,1,9,3.2941186981141004,4,0
5,8,50.638566957487804,5,1,0,4,52,3.846324424776277,1,0
36,2,45.22195203790153,0,0,1,4,0,3.644869559136326,0,0
7,6,73.2197109767565,5,0,0,2,37,4.158723832124053,2,0
15,9,55.81537424948697,5,1,2,5,38,4.892512948688214,0,0
8,8,72.20903287594541,0,0,1,3,48,4.751595872622308,0,0
8,6,,7,1,2,5,8,3.9550225063264217,0,0
11,3,65.45062892232625,0,0,3,4,30,2.81306414825537,6,1
6,6,64.62754940828903,3,1,1,4,6,3.4041219758290975,1,0
23,3,41.99107851226739,1,0,1,2,16,3.9592835358743574,3,0
15,4,37.28336612128055,1,0,0,1,34,3.428561451535452,1,1
17,3,37.55605350898803,0,0,0,5,47,3.762035342775006,2,0
3,6,61.08667964388697,3,0,0,3,36,4.636260325120672,1,0
52,4,,1,0,0,5,51,3.538794053148092,0,1
16,6,51.498560931547786,3,0,1,5,17,5.0,1,0
3,6,75.373639446087,4,0,2,3,32,4.376282923521516,2,0
20,3,67.87930683375596,3,0,0,3,3,3.6661621543618046,2,0
2,10,60.50767853969141,5,1,1,5,22,4.504532387051819,0,0
0,9,56.35215321875197,8,0,0,5,10,4.682585367433586,0,0
11,3,53.547352355454805,0,0,0,5,51,4.515930541107283,2,0
12,2,53.26990229659064,3,1,0,4,8,2.554454057016579,5,0
3,10,69.08058970457863,6,0,2,5,29,4.4511177723748965,0,0
6,3,,1,0,4,2,7,3.1870299011517957,5,0
43,2,53.639886833895865,2,0,0,5,39,4.681862690474412,2,1
5,10,53.43416496184981,5,0,0,5,4,3.846371927613273,3,0
2,3,51.267497951657944,2,0,1,3,11,4.572193545527521,0,0
73,1,75.0023300232818,0,0,1,3,0,4.947087074939187,2,1
5,6,73.18886842365126,4,0,2,2,14,3.2776209210484146,0,0
17,4,82.14628370767588,1,0,2,3,24,3.7548395870386972,5,0
3,5,47.823451169176664,2,0,1,5,17,4.690630661165492,3,0
11,8,50.73458994976234,6,1,0,4,37,4.536915809211692,1,0
7,8,84.8161952351326,5,0,0,2,41,5.0,1,0
48,2,79.85904474274147,0,0,1,3,45,3.893259098090151,1,0
8,8,45.13759412962295,6,1,0,5,52,4.6626434681270705,1,1
13,8,46.57871800619721,4,0,0,4,25,5.0,2,0
43,2,63.7992069533966,0,0,1,4,60,4.2647265755221415,0,0
67,1,78.62711068549874,1,0,0,3,39,5.0,1,1
1,10,46.43705703314097,4,0,1,5,58,4.108834131648094,1,0
26,6,61.302967358239215,7,1,0,5,2,4.209974105252761,0,0
7,7,76.33784286472122,2,0,2,3,53,3.867699256302051,2,0
13,2,56.956691740130125,1,0,1,2,21,4.359717465010172,2,0
7,10,58.85473348717152,13,1,0,2,25,3.9870040409195364,0,0
7,4,,2,0,1,2,18,4.575523637413505,0,0
2,10,53.734284468886116,11,1,1,4,43,3.6478169884946463,1,0
12,6,79.02041320027989,6,1,1,5,43,4.560304473958233,1,1
11,5,57.7556229539857,0,1,2,4,46,4.129710465078931,3,0
3,5,43.718565334429044,3,1,1,5,59,4.314650884431896,4,0
11,4,68.35045475262575,2,1,3,4,38,2.8789243877449486,0,1
54,2,50.75441690502187,1,0,0,5,58,3.4766656523133244,2,1
18,3,42.43594033175799,4,1,1,5,35,4.920091104870962,0,0
9,4,89.47128979665268,0,0,1,3,20,2.901725578527329,4,0
37,1,66.28970148290368,1,0,1,4,40,4.066019596311498,1,1
12,1,55.21550266847481,1,0,2,4,53,4.058487630550601,2,0
2,7,55.488817722581445,2,0,0,2,47,3.797295146001168,3,0
11,10,,5,0,1,4,25,4.387280356234762,0,0
2,11,,7,1,0,4,12,3.671113838758782,0,0
21,3,51.82742053203853,1,1,1,5,35,4.069607967329766,1,0
51,3,63.96829196114956,3,0,0,4,23,3.70556584863603,2,1
6,5,54.491323479165835,6,0,1,5,40,4.607709675651122,0,0
8,4,71.51846016250741,4,0,1,4,25,4.566416529703511,2,0
8,12,54.692470604123855,6,0,1,5,20,4.009127488210048,1,0
5,7,31.01808916069434,1,0,0,4,17,4.416508991982281,1,0
23,5,44.52952601793014,7,1,0,5,14,4.198875714991689,0,0
14,8,75.62721963420272,9,1,0,4,14,3.46734811577299,1,0
0,5,49.20103320306381,6,0,0,4,5,3.83969685501737,1,0
27,4,71.78059285251211,1,0,0,4,42,3.6313403671401696,0,1
3,8,65.5717503591716,4,1,3,4,30,4.487179130196171,0,0
58,2,49.31271520129586,1,0,1,2,27,3.2806287232402327,2,0
7,10,57.67662606862068,13,1,0,2,7,4.346395247616902,0,0
14,2,50.61953993019807,1,0,0,1,28,4.276560083445347,2,0
1,5,54.295415356245186,2,0,0,5,20,3.27756550871131,3,0
6,7,33.224116972715166,6,0,2,3,16,4.990378524991124,0,0
24,3,,3,1,0,3,55,5.0,0,1
9,8,51.320758822136725,5,1,2,5,56,3.5761621239949886,0,0
35,1,61.14814646055557,2,0,1,3,48,3.3836332862261926,4,1
12,10,67.90495716726197,5,1,0,4,23,3.811086507907003,1,0
39,6,69.30955442207583,7,1,0,3,57,4.254621129503684,0,1
60,1,51.48902479034619,0,0,1,5,59,3.3157029319849296,3,1
9,5,50.336257706222014,4,0,2,5,49,4.624219868709859,1,0
12,6,57.725872960354714,6,1,1,5,35,3.7381348879564182,1,0
27,4,76.40838771260819,3,0,0,4,60,4.551078654561799,1,1
3,12,52.288307621435976,12,0,3,5,30,3.944445191276242,1,0
29,4,49.73685820207381,3,1,0,2,46,4.656041884044581,2,0
13,4,43.48985578360876,1,0,0,1,33,4.597875881335109,0,0
19,6,67.61397276272982,6,1,1,1,1,3.8514255654556884,0,0
1,12,55.630444138342,11,1,0,4,41,4.731972726443604,0,0
21,0,44.91781792471332,0,1,1,4,2,3.113856416252384,3,0
5,6,48.04710799796227,3,0,0,4,29,4.5740070078678166,1,0
24,5,70.03618091807506,1,0,3,1,7,3.6622601765339984,3,0
10,6,62.159933138646565,5,1,0,4,51,4.127863089977114,0,0
4,9,49.96136294267198,8,0,1,5,6,3.785854373914119,1,0
45,3,68.61509842088833,1,0,1,4,11,4.5892000951448155,1,0
21,5,75.52464328347303,4,1,1,5,57,4.796576984936427,0,0
63,1,69.84247509948385,0,0,1,3,18,3.3246086120544076,2,1
6,7,63.10125383479759,9,0,2,5,25,3.1233106839352702,2,0
15,5,85.15937332387628,3,0,1,4,27,3.6443578225250803,1,0
14,3,79.86491155492978,2,0,1,3,14,4.086782375131061,1,0
17,1,60.9384593443822,0,0,1,3,13,3.0249192993537086,3,0
0,8,75.13903048780197,2,0,1,4,47,3.2307702911363543,3,0
5,9,69.7684829426866,9,1,0,5,60,3.626098032156693,0,1
36,2,51.9944870395223,1,0,0,4,58,3.1004697667256362,2,1
8,6,84.0071796560897,3,0,0,3,13,4.3833127340651625,1,0
48,3,85.30865483959577,4,1,1,5,2,3.9345559461252475,1,0
3,7,77.9675084852595,10,0,1,5,49,4.820908484018364,1,0
89,1,69.45480715205407,4,0,0,4,28,3.3313907002507177,0,1
17,3,74.18489110056925,4,0,1,4,59,3.3082340032470223,4,0
22,3,54.97851881286198,1,1,1,3,53,4.441472814199015,3,1
7,5,,1,0,1,4,5,3.9533501445331836,2,0
35,3,40.65205511982448,1,0,0,4,48,4.157747362653286,3,0
11,4,55.10940533722185,2,1,2,5,22,3.613286878449448,2,0
17,4,30.0,1,1,1,4,27,4.111734458368281,0,1
1,10,66.00287962118118,4,0,0,4,13,2.4664291809971592,5,0
14,5,75.4451088405359,10,1,3,4,13,4.865062158651132,1,0
31,4,84.73776367734447,3,1,1,5,19,4.273920686045518,3,0
2,10,56.77411325028613,7,0,1,5,12,3.1091087800858053,0,0
20,9,63.476383809318136,6,0,0,4,26,3.6590535193338267,5,0
0,8,59.78394059321884,3,0,2,5,59,4.61429339246806,0,0
39,3,87.12823934944095,0,0,1,4,34,4.157690145071436,2,0
61,3,64.9776652706939,1,0,0,4,44,4.143666314862403,1,1
6,5,87.81704477200688,4,0,1,3,60,4.440011052971289,1,0
1,12,78.67494407049989,7,1,0,4,55,3.9505197698006382,3,0
16,2,71.29408811473783,2,0,3,3,1,3.589603839034544,2,0
0,9,51.64954039663405,6,0,0,5,40,4.316909751493229,2,0
9,10,43.745132290249096,8,0,1,3,44,3.8612265684613,1,0
4,8,61.33724607307039,5,0,3,5,39,4.468866101715578,1,0
9,10,61.461063232310515,7,1,1,4,47,4.361614492401283,0,1
0,6,42.54442852904341,4,0,0,4,23,4.159222280222678,3,0
0,6,,3,0,1,4,28,4.587856240100454,1,0
0,5,,5,0,1,2,2,5.0,0,0
14,5,,3,0,1,4,44,4.0910017665383736,1,0
12,8,85.48132938925167,2,1,0,2,3,3.9719883444746293,0,0
3,8,48.35530795338542,7,1,3,4,49,3.940030982242738,1,0
15,7,30.0,5,1,1,4,1,4.685126939265434,0,0
32,0,51.20847104285339,0,0,0,5,19,3.5137413253305,4,0
4,4,85.94948684683717,2,1,1,3,53,4.471193949346401,1,0
26,3,60.12627831539817,0,0,0,3,52,4.03259673525165,1,0
16,8,57.15531906915389,3,1,0,4,14,5.0,0,0
0,13,52.24936270718958,7,0,1,5,48,4.467512354711204,1,0
7,4,59.90384457517302,2,1,0,5,31,3.7028857966898285,0,0
10,2,51.44182063711624,1,0,0,4,60,4.735267450871084,1,0
19,4,52.621109581246024,5,0,1,4,41,3.530443573125959,2,0
5,7,75.69414053800628,3,0,1,2,0,3.735428907811554,0,0
60,2,98.86371616059364,2,0,0,5,37,4.166973716530793,2,0
17,3,47.361840909169736,2,1,1,5,34,3.4768069925873,1,0
6,4,51.958142257590985,4,1,0,3,50,4.164575245996042,1,0
1,5,51.63275872449304,4,0,1,4,6,3.8996528020524632,3,0
3,8,,8,0,1,2,44,4.228758400763426,2,0
10,7,71.37593125998916,4,1,0,5,12,5.0,1,0
10,6,56.143017679430166,5,0,0,3,48,4.423515824777428,1,0
21,4,52.46280916618094,0,0,1,4,0,3.900474211267927,1,0
19,5,83.43771523517881,5,0,1,3,13,5.0,0,0
3,8,60.617265898121616,4,1,0,5,28,4.688476638732315,1,0
13,9,59.41311075346429,2,0,0,5,57,4.093289232842054,0,1
0,13,30.0,3,1,1,5,2,5.0,1,0
7,9,,12,1,1,4,45,3.151294530721984,0,0
21,5,59.892255507037795,2,1,1,5,23,4.00064552157699,1,0
7,11,61.60189906953845,8,1,1,2,0,4.007030422720021,1,0
27,1,61.54524289920693,0,0,1,3,47,3.690502960333891,4,0
56,5,74.10174240048377,3,1,1,3,9,4.292778629868301,0,0
14,2,30.0,2,1,1,5,12,3.7726245966130874,1,1
2,6,42.05359596964661,3,0,1,4,35,4.631526108271857,1,0
7,6,89.38239545340932,2,1,1,5,8,4.879252477682796,0,0
0,11,41.60162433422816,10,1,2,5,13,3.574873229858147,0,0
13,4,48.554330262003006,0,0,3,3,35,3.3127796248243344,0,0
25,6,78.76415721811547,4,0,0,3,9,4.97383630688939,2,0
14,3,60.753197206670514,3,0,0,3,39,3.753688293963652,1,0
23,6,60.890666506851645,3,1,2,4,22,3.196207058190285,0,0
24,4,83.85814397391323,1,0,0,3,34,3.8214032687044974,2,0
28,4,51.37764585154996,3,0,0,1,54,4.256906865837113,1,1
4,7,51.95275898186135,3,0,1,5,6,4.484283681233212,1,0
30,6,71.40767587045517,5,1,2,5,41,4.303145525708048,2,0
15,5,62.39533989398323,7,1,0,3,34,4.020467302419619,1,0
5,9,75.42381377461768,4,0,0,3,1,3.047561185084122,4,0
65,0,50.33074964284435,0,0,2,1,14,3.8956630896092497,1,1
44,1,62.98750978744185,1,0,2,5,8,3.920049986275844,5,0
12,7,58.90411123082357,7,1,1,5,46,4.882089191855064,0,0
27,5,54.13160633507877,2,1,1,2,16,4.280004150224657,1,0
4,11,40.76723111096523,2,0,0,3,38,5.0,1,0
8,4,53.68908437507592,2,0,1,5,51,3.3741184005568603,1,0
3,6,51.91729489795533,5,1,1,4,17,4.119723469289053,1,0
11,9,78.79497914027996,9,1,1,1,14,4.112602489864722,0,0
10,3,68.50820145062562,2,0,0,4,17,4.895718852878858,3,0
3,6,66.66546119351013,5,0,0,3,23,4.611759669451542,1,0
16,3,,2,0,1,4,22,5.0,1,0
1,6,46.62162343979994,2,0,2,5,11,4.1416991802446494,2,0
0,3,63.33985009580094,4,0,1,5,22,4.574665260921821,0,0
7,8,81.27231787859391,1,1,0,4,20,4.426099480010849,0,0
7,7,47.12302891078831,2,0,1,5,25,3.422530687081807,1,0
5,7,66.80665021212647,6,0,1,4,7,4.02965180980014,0,0
4,2,,3,0,0,5,29,4.143425454974518,0,0
6,7,59.91722133170052,4,0,0,4,33,3.22741330549745,2,0
2,9,57.66519560141321,5,1,0,5,1,4.266835486378841,0,0
7,5,66.74699048039092,1,0,2,5,4,3.3710673204308175,0,0
35,3,57.65798634091193,1,0,1,2,30,5.0,0,1
3,7,,7,0,0,5,32,4.806321882145186,1,0
17,4,36.34675568777218,3,1,2,5,53,4.2404989429652415,2,1
2,11,63.30195886107462,6,0,2,5,3,4.900387749569816,0,0
6,6,69.15909584852143,5,0,0,3,5,4.930050980424773,1,0
5,1,60.938070739527525,3,1,0,5,22,4.808679577391586,1,0
41,3,58.90686112594759,2,1,0,5,44,4.252516573437931,0,0
8,10,82.30029154637387,8,0,0,3,18,4.0001157907207565,2,0
17,6,84.31416786215291,2,0,2,5,42,4.312190048555782,1,0
13,4,,4,1,0,1,44,4.090530941140027,1,0
2,10,65.02102319605102,14,0,0,2,7,3.430574682901284,1,0
42,2,61.45583085534189,1,0,0,4,38,2.871392869492869,1,1
6,5,44.197062863790705,1,0,1,4,12,4.35618467985737,4,0
0,15,31.41175663402346,12,1,1,4,0,4.921944612648279,1,0
5,9,80.56268869895723,4,0,0,1,5,4.228913639446482,0,0
6,7,61.71084437012149,6,1,1,5,6,3.607335254899719,0,0
1,6,110.87615165829762,4,0,0,1,47,3.837553262003808,0,0
14,3,51.24292514576552,3,0,0,2,26,4.460642703354968,0,0
6,5,66.40446834703693,5,0,1,1,14,3.773357497410622,2,0
14,4,75.3299671730272,1,0,0,4,51,3.2953197477342426,1,0
0,13,50.207459253088864,14,1,1,5,33,4.576703109961292,0,0
60,3,55.955510812982915,5,1,0,5,57,3.5184313248015178,2,1
2,4,57.08464846885887,2,0,2,5,56,4.214137005794549,4,1
16,5,53.89679253459427,2,0,1,1,22,4.128632156242387,2,0
18,4,65.98328419463155,3,0,1,4,47,4.444748071467449,3,0
2,7,60.822584915323056,1,1,1,4,48,3.554942994835616,3,0
1,11,30.0,7,1,0,4,23,5.0,1,0
2,14,61.65361676869886,13,1,2,2,14,3.7487559005612017,0,0
4,8,65.60776672436323,3,0,0,5,34,3.7779974340345706,3,0
2,9,59.39023764245374,9,1,1,4,3,3.661064687650642,0,0
16,7,84.70316986352343,6,1,1,5,43,3.3365442432474692,1,0
8,3,65.21932549084642,0,0,0,4,36,3.4491674153416234,1,0
11,5,60.353171610157304,9,0,1,2,16,3.4497504391568254,1,0
0,16,73.64179474470971,14,1,1,4,30,5.0,0,0
29,5,93.99720777657453,5,0,1,3,37,3.866462835731725,1,0
2,16,57.8500390914846,10,1,0,5,9,4.434724230796276,2,0
6,4,75.80549822242446,3,0,0,4,53,3.3721256153361554,5,0
1,9,87.58358497343359,7,0,0,3,49,4.267685663680716,1,0
2,9,56.53869670123425,6,1,1,5,26,4.401015516641642,0,0
16,6,42.41222464710899,4,0,1,4,41,3.595499240684407,0,1
17,3,66.57473430600578,2,0,0,2,5,3.9001866647804038,2,0
16,3,80.20984210324566,3,0,0,4,55,2.9819616708548504,2,0
12,5,55.72010229719659,4,0,0,3,5,3.7754208839137346,1,0
45,1,76.43442633945266,0,0,0,5,51,4.142123637762888,1,0
10,7,47.109328784181066,1,1,1,5,14,4.761789617281078,0,0
8,4,56.29475875814971,4,0,0,5,3,3.257030448419434,4,0
4,3,58.61403101722366,6,0,1,4,56,4.591654962159669,3,0
1,6,57.91200573291135,5,0,0,4,47,4.843528465074046,0,0
11,5,47.10724629700065,4,0,0,5,53,3.4632155268362452,3,0
5,10,54.96905531882728,9,0,0,2,55,3.6078290396343804,1,0
11,4,30.490963940132865,1,0,1,4,39,3.5478751208445036,2,0
3,5,70.39448853922998,2,0,2,4,6,3.0701498323459,1,0
27,0,,0,0,0,2,50,2.97064531038059,3,0
90,0,77.24708822075374,0,1,1,4,57,3.143235747327803,1,1
5,10,58.65691123590544,9,0,1,5,48,4.493262656391171,0,1
27,4,33.024781040228994,4,0,2,5,52,4.273082359391958,2,1
30,3,64.78506704156817,2,0,0,2,44,5.0,2,0
83,1,50.06668425098303,1,0,0,2,46,4.503458437102935,1,1
6,8,76.03567843931715,5,0,1,3,25,4.235594670542229,0,0
21,4,56.82418887122701,3,0,1,5,57,3.870715235636272,0,0
3,5,90.22800405669881,5,0,1,2,30,4.849422621415435,1,0
14,5,46.587400749027495,2,0,2,5,1,3.319392570251205,1,0
18,1,63.694128901555764,0,0,0,2,27,3.4516666052715412,6,0
20,1,68.97924977333881,0,0,0,4,41,2.9911659762929332,3,1
3,5,55.04529556779234,2,0,0,4,12,4.492635132220388,0,0
28,2,40.005028117747486,1,1,1,5,17,4.862322608765547,0,0
8,9,56.99660755909093,10,1,0,3,29,3.3391324668472433,0,0
3,11,32.71578773714137,12,1,0,4,54,5.0,1,0
11,3,49.523161356767645,0,0,0,3,10,3.414389460005713,1,0
29,3,57.32823118578922,3,1,0,5,12,3.352608467843024,3,0
51,3,75.0126118121191,3,1,2,5,50,4.188983571285311,0,0
20,6,64.1942413017364,6,0,1,2,60,3.3140162098772405,2,0
0,7,53.939355935156144,4,0,1,5,23,5.0,0,0
2,3,53.01561612651562,4,1,0,4,56,2.7336111737994297,4,1
1,7,51.736353912347965,6,0,0,2,28,3.735627133853242,0,0
1,10,73.79380093349404,5,0,1,4,55,3.792870400800345,0,0
7,3,37.73118870533673,3,0,1,3,53,4.448449605767373,2,1
6,4,47.29693353995565,6,1,2,5,4,3.5735579811787157,1,0
1,9,37.65844854200865,6,0,0,5,34,4.468279685923736,3,0
32,1,68.78454049266745,0,0,0,2,18,3.730978135465888,4,0
14,6,,2,0,0,4,54,4.144226869517414,0,1
23,2,68.60959804550097,0,0,1,5,12,2.9158300446482834,3,1
6,9,69.69289881957503,9,1,0,5,4,3.8974511984581253,0,0
7,12,52.12215528000025,5,0,0,4,43,3.8349752148653082,1,0
5,6,67.31779341476803,2,1,2,5,13,3.4151995555838646,0,1
8,12,48.73521302357549,5,1,1,4,37,3.902587330009782,1,0
14,5,51.374670634411316,4,0,0,4,21,4.381348244286245,3,0
10,6,59.43544500550621,2,0,1,5,8,3.7040306206393416,4,0
27,4,60.633113320660414,1,0,1,4,48,4.479493361763234,0,1
34,5,86.88473737015659,2,0,0,4,39,3.880174972914405,0,1
9,3,72.99764607800664,2,0,0,4,25,3.6462619751258623,2,0
4,5,61.736640377378784,0,0,2,5,44,4.4779337143621145,2,0
43,2,85.64162864796472,1,0,0,5,60,3.9110707642264417,1,1
19,2,96.0496280193405,0,0,0,4,4,2.6471337361466514,4,0
15,3,60.299263172953374,2,1,0,3,28,3.8222668330050955,2,0
20,5,65.74391556483333,6,1,0,4,53,3.82615365411442,0,1
1,8,41.42106770692742,6,0,1,4,21,4.030960063515625,3,0
1,8,62.47855431210213,1,0,0,3,48,4.691641615859482,2,0
2,11,49.827985470188096,11,1,0,5,2,4.749623311785091,0,0
2,10,31.707044013721426,8,1,1,4,27,3.663795057160816,2,0
8,4,74.8444759686891,4,0,0,3,37,3.6067704808671173,1,0
2,5,61.59533807452562,3,0,0,2,13,3.8886800769905077,2,0
28,1,46.96321563972123,1,0,3,3,46,4.476361541840377,1,1
12,2,32.58794518125747,0,0,2,5,13,2.813597230913161,2,0
6,7,50.86751156563646,2,0,1,3,42,3.9890920150139864,0,0
1,5,49.88785790996028,5,0,0,3,10,4.005960961222291,2,0
13,5,58.34203947106001,1,0,1,4,8,4.561370540987288,3,0
1,9,33.85295547670269,9,0,0,3,37,4.675774053780816,1,0
20,3,,1,0,0,1,46,4.625203808914723,0,0
24,9,69.62106906129146,9,1,0,3,43,2.8264545981084157,1,0
11,5,40.46930592918312,5,1,0,4,60,4.862520151178768,0,1
2,6,34.5787984033366,3,0,0,4,5,4.447622159525864,2,0
23,4,,3,0,0,4,0,4.404299238866955,1,0
5,5,57.76536458939757,4,0,2,4,24,4.077198858242485,3,0
3,4,,1,0,1,5,15,3.97514149971976,4,0
9,6,61.657203144991676,2,1,0,4,51,4.417007412986436,0,1
38,3,58.67659085134144,1,1,1,3,14,4.325521251754092,0,0
5,9,75.5226763102892,7,0,4,3,33,3.9960994433294688,1,0
35,7,72.60621370764868,9,1,0,4,16,4.841222959915687,0,1
0,5,65.77068953598821,3,0,1,5,2,3.881162316927794,3,0
1,8,66.79900615831984,8,0,1,3,2,3.9530117249321552,0,0
17,5,53.48874869796468,4,0,1,5,36,3.997855465717837,2,0
3,3,68.31498224681582,2,0,0,1,16,3.392479049093727,4,0
5,5,83.3022846483662,1,0,0,4,54,4.147691834928396,2,0
2,9,75.35879532058063,6,0,1,5,60,4.329212557451191,2,0
6,4,31.91697829588543,5,0,2,3,48,3.5875045713149345,1,0
4,8,66.77732874979918,2,0,1,4,51,4.448694503167218,1,0
19,3,68.01008773588671,3,0,0,3,37,2.7007658414648543,1,1
18,5,76.99092283679971,3,1,1,5,0,4.6739947172421346,0,0
46,0,78.57071051980887,0,0,1,2,6,3.948564157339537,4,1
19,1,67.43435505837162,3,0,1,5,25,3.400890758514834,4,0
17,4,41.420644978343745,4,1,2,3,46,3.376212397700997,1,0
17,4,58.30740063429774,3,1,0,5,38,4.01123514270602,0,1
32,4,48.09466088693897,6,1,1,4,18,3.6819817120097835,1,0
5,5,42.51235540078484,3,0,1,5,51,4.2222361733239175,2,0
5,8,80.95259517189332,1,0,1,3,53,5.0,0,0
20,3,53.04082784103141,2,1,0,5,29,4.354943809672846,0,0
3,6,89.84019320837028,5,0,1,2,42,4.118069445123138,1,0
36,1,54.23016602181735,1,0,0,3,54,3.995287257487616,7,1
11,7,,5,1,0,4,13,4.285090622455362,0,0
5,6,69.02748595032027,3,0,0,2,12,3.8747516782236016,1,0
22,1,58.82165935852901,0,0,1,3,19,2.909320255445283,4,0
5,5,64.1654920303435,2,0,2,5,25,3.456964319368619,0,0
49,1,51.912339321492084,1,1,3,5,26,3.347920893164262,5,0
61,2,51.91001039740254,1,0,0,4,24,3.190039292425249,2,1
16,3,52.6600603221496,2,0,1,5,8,4.255696613776702,2,0
1,5,44.36729775814655,4,0,0,4,40,4.101827370921398,1,1
4,6,74.49481424641759,6,0,1,3,47,3.7745200493794737,0,0
10,3,63.087446919659925,2,0,1,5,11,4.761638632555103,1,0
28,2,62.30195484840519,1,0,0,5,9,3.9739776829511486,3,0
3,11,69.99201906476068,7,1,2,5,5,4.668997691233312,1,0
1,8,65.35542201026678,3,1,2,3,49,4.464299088586157,1,0
1,8,93.96145994483138,3,0,2,5,33,3.9214973720444153,0,0
10,8,66.39821076747263,1,0,0,2,58,4.052192758016116,1,0
32,3,30.0,2,0,0,2,51,4.974613780014044,2,0
0,9,52.59168526203619,7,0,1,1,40,3.020460666244132,3,1
3,4,46.01565748248287,1,0,1,5,18,4.395503977837012,2,0
17,2,67.01417146054374,1,0,2,5,5,3.458462699104468,1,0
26,6,,6,1,3,5,1,4.299437186125699,0,0
24,5,67.51629506021699,3,0,0,4,14,4.445096037178311,1,0
23,5,49.742992527345145,4,1,0,3,16,4.099541817161368,0,0
2,5,62.91147350028458,3,0,2,3,15,4.127110153394528,3,0
7,9,52.09568322440024,11,0,2,3,27,2.852974040638334,0,0
62,0,54.908683534570635,0,0,0,4,20,3.429499935033281,6,0
67,1,63.38563896582489,1,0,1,5,7,4.221942180773691,2,0
13,8,66.76921012757714,3,1,3,4,9,3.524602918454551,0,0
18,6,81.42955756609521,2,0,1,2,9,3.7311299082006126,2,0
45,2,76.96857512201183,2,0,0,1,49,4.430173173733601,0,1
8,5,74.14821532675852,3,0,1,2,9,4.0131166744548485,2,0
2,6,66.47623538936595,6,1,1,4,8,4.776860662060045,1,0
16,2,52.678776873127944,1,0,0,5,27,3.398033457048786,2,0
48,1,69.33077891764354,1,0,1,4,23,3.9798816709059097,2,0
17,4,77.91003383887427,3,0,0,5,18,3.7406877387261392,2,0
24,3,77.91941951095222,3,1,0,4,32,4.476188178364353,2,0
8,6,60.24246096548111,2,0,1,4,3,3.716186633916602,2,0
1,9,54.844678860108246,3,1,1,2,55,4.059490906041111,1,0
2,7,71.87997788533755,6,0,1,5,2,4.331598174440965,2,0
60,4,30.0,0,0,0,5,41,3.3510514674820726,0,1
10,8,,3,0,0,3,11,4.941291409275683,0,0
0,9,78.41963783505871,2,0,0,4,17,2.9815992693938913,2,0
46,4,55.79558240330332,5,1,1,4,22,3.488050872955273,0,1
10,5,55.03027252837586,1,0,0,4,19,3.996437862372556,0,0
27,4,91.14041249245832,5,1,0,5,5,2.7088517354774186,2,0
11,6,44.48144495962527,2,0,1,4,52,3.4086569873397767,1,0
1,10,56.07046328325637,6,0,1,4,33,4.793073581046909,0,0
14,5,86.28228060969903,3,0,0,2,41,3.6939316192860487,0,0
89,0,43.90310764374686,0,0,3,2,1,3.312088628335035,1,1
0,8,62.42523822640231,8,0,0,3,29,4.251889829303051,0,0
27,2,56.416333551171235,1,0,1,1,8,4.237749140561579,1,0
4,11,90.90659681568897,10,1,1,5,26,3.8684971297380417,1,0
7,7,51.85363334523997,3,0,2,5,41,4.365098512109257,1,0
6,15,39.64777344315799,12,0,2,2,33,4.922212114620809,1,0
34,5,63.62979786593903,4,1,2,5,39,3.697055012712825,0,0
10,9,51.854719610388656,4,0,1,3,23,4.629447995344465,3,0
8,7,68.95842023197042,7,1,1,3,48,4.767273626350329,0,1
25,2,66.50623807498374,1,0,1,3,16,4.772508326603718,1,1
0,9,42.45428240746863,9,1,1,4,28,4.10340250723977,0,0
1,11,87.59808720375062,11,0,2,3,35,4.575605439966748,2,0
0,8,50.84009859536224,3,0,0,4,49,5.0,1,0
17,5,52.44213092626381,4,1,0,4,11,3.8675564802746027,1,0
11,9,68.66554502166899,3,0,0,5,30,5.0,1,0
31,2,84.49356905311433,2,0,2,2,48,3.9373602250302313,2,0
10,8,40.709952393713664,5,1,0,2,8,4.174269589372672,0,0
3,8,53.06510676212609,5,0,0,2,60,3.3643401387027647,1,1
24,5,74.35434377349898,2,1,2,4,18,4.560398571795711,0,0
5,5,51.409792053638625,1,0,2,2,45,5.0,0,0
41,4,62.36001628238257,3,0,3,5,45,3.187453147516306,1,1
4,4,53.79420602837315,1,0,0,4,16,4.314137649777838,1,0
2,4,67.42189923502812,3,0,1,4,1,4.547430891665135,1,0
10,2,,2,0,0,4,39,3.5791421119528355,1,0
0,12,64.74881100914524,5,0,1,3,4,4.290511301301171,0,0
0,6,67.28371223658812,4,0,0,3,58,4.368339898211078,1,0
10,7,70.21549723510549,3,0,3,3,38,3.16988859865456,1,0
3,5,52.135479394546806,2,1,0,4,53,4.159623257121245,0,0
0,8,81.71828607605634,8,0,3,3,60,3.18656752945858,3,0
5,13,30.0,12,0,0,2,47,5.0,0,0
9,4,50.05163311015518,1,1,0,5,15,4.536833699290621,0,0
7,3,96.65959085753158,3,0,1,1,16,3.6612303030501034,1,0
2,4,60.43379306583206,2,0,2,5,53,4.121407985812559,1,0
13,6,76.87260175771635,8,1,1,5,26,2.130131110926626,4,0
18,6,62.84385695598124,6,0,0,3,6,4.334745294354849,2,0
16,3,86.07418309417696,0,0,0,2,51,4.339724202409124,1,0
7,11,57.117137993674866,5,0,0,2,7,3.9651321349563458,1,0
2,12,63.35597258106325,3,1,1,5,7,5.0,1,0
10,6,73.11791301940389,2,0,0,4,22,4.421793397304889,0,0
33,7,82.99331103297894,4,1,0,5,31,4.078475512622624,3,0
9,4,32.3235916067173,3,0,1,5,42,4.533435308042487,4,0
3,7,67.77466540803297,2,1,2,5,46,4.738094651410053,1,0
1,12,47.2076000487195,11,0,0,3,17,4.061267958970496,1,0
43,1,59.1741801352412,2,0,1,3,37,3.928425282605292,4,0
20,3,51.963043806784945,2,1,1,5,53,4.86529682685085,0,1
5,5,30.0,1,0,0,3,11,4.7320775154496575,0,0
5,9,75.8671897286022,3,0,0,2,14,4.496332953344961,0,0
33,1,40.31868167442396,0,1,1,5,27,3.6723025177668225,2,0
2,12,58.95939324665352,11,1,1,4,54,4.432256909681982,1,0
11,8,58.39232475878973,4,0,0,5,37,3.724321778071792,2,0
18,3,48.070524087455965,3,0,2,5,49,3.5543650795440045,5,0
7,3,69.58186560620477,3,0,0,2,55,3.458785505723623,4,1
0,10,54.51844614853602,10,0,2,5,30,3.968702161042016,1,0
3,5,49.268922433138655,1,0,1,3,51,3.7498111156489373,3,1
34,0,38.16936694116073,0,0,2,3,8,4.502139068545381,3,0
11,5,46.12361928325831,4,0,2,4,7,3.564275676699629,2,0
25,3,66.33891922747948,2,0,2,2,45,4.292193705366694,3,0
12,5,30.01919753658593,1,0,0,4,18,4.085066806985104,0,0
43,9,85.16998774790731,5,1,1,2,50,5.0,3,0
35,1,57.71923882621934,0,0,1,4,7,4.8342422915945855,2,0
9,3,46.98511489560071,1,0,1,4,33,3.7387172875248775,2,0
5,8,68.92698292695397,9,0,1,5,56,3.362424816860622,1,0
13,7,53.72930513097618,4,1,1,5,3,3.614675872522686,1,0
16,8,73.35064396859752,5,1,0,3,30,5.0,0,1
10,1,44.0617735950646,0,0,2,4,37,3.9831437169611092,2,1
25,3,45.14974666652443,3,0,0,4,2,5.0,3,0
3,10,68.93691761018036,7,0,2,3,34,5.0,0,0
6,2,77.97251685910297,0,0,1,5,18,4.739606928622544,3,1
17,6,62.93190475606959,4,1,1,5,42,3.7980700276087394,1,0
4,5,63.461057450748335,2,1,1,3,28,4.792494586086187,1,0
8,6,47.48832915024846,7,1,0,4,9,4.295618962524967,3,0
49,3,52.26687715087761,4,0,0,2,11,4.652910888947131,3,0
14,4,50.142031948535205,0,0,2,4,45,3.5223506883606057,1,1
44,3,79.43062777975383,1,0,1,2,29,4.039007776453588,1,0
19,1,80.86065934442423,1,1,0,5,29,4.3006105781208595,3,0
19,4,,3,0,1,5,59,5.0,1,1
13,4,90.16284906557524,1,0,2,4,17,3.1401187570561593,0,0
2,12,69.27303056469687,9,0,2,4,23,5.0,2,0
11,1,77.73922969856753,0,0,2,5,31,3.7213696130522935,2,0
4,12,56.71619356295162,14,1,1,4,8,3.512733039354917,0,0
90,0,57.63861094047264,0,0,0,3,46,2.5896395396122625,6,1
4,3,57.65312791274149,3,1,0,4,23,1.9165174171286652,0,0
3,6,45.953486644886226,3,0,1,5,25,3.1226130273268042,4,0
14,4,53.38732782056589,2,0,1,4,2,3.3758111458327926,5,0
10,9,64.9356661441494,8,0,1,5,22,4.949177077320431,1,0
0,6,51.01541162909933,3,0,0,5,10,4.886558212808922,0,0
2,6,68.34512435079384,5,0,1,5,9,4.558971923204136,0,0
24,3,48.89073731110382,2,0,1,5,49,4.32680734299456,3,0
9,2,48.19949793599527,1,0,1,2,35,4.519125535434581,2,0
2,6,60.19093304953459,5,0,3,4,59,4.818416169670727,1,1
9,7,30.0,6,1,1,5,12,4.77122809863683,0,0
4,5,76.18771467141272,2,0,2,5,28,3.3527694944615787,2,0
3,11,70.5924967983973,15,1,1,4,37,4.449538528722078,0,0
47,4,72.24152753103976,6,1,2,3,58,4.706776084284503,1,0
6,4,71.15784390695443,3,0,0,5,52,2.7262349251971383,1,0
0,8,58.27949163410159,7,1,1,5,12,4.248478031383748,2,0
52,1,63.66035576724263,1,0,0,2,56,3.6772313725545063,2,1
23,3,65.84654700072306,2,1,2,4,25,3.275793119666381,2,0
4,6,38.23293834227215,5,0,1,3,19,4.197785386342391,1,0
7,2,63.02473186899704,3,0,0,3,4,3.917877147154319,1,0
29,3,54.34352970092025,2,0,2,1,19,3.4800286866606,1,0
6,5,87.70314737600589,5,0,0,4,13,4.170922938384389,1,1
12,6,57.12459919813554,5,1,0,4,44,3.6259186952680915,2,0
11,4,58.11387653309413,2,0,0,4,13,4.213631338373147,2,0
7,10,,3,1,2,5,7,4.4886410143012805,5,0
15,7,54.132738016911716,7,1,2,5,47,4.292423551854694,0,0
9,6,30.0,3,0,0,3,12,4.796591976308429,2,0
0,6,87.88729124285202,1,0,0,2,23,4.615057713694149,1,0
25,5,68.7549154520582,4,1,1,5,14,3.910119081235305,2,1
1,10,54.494991826737774,8,1,2,3,50,4.597457931567344,1,0
9,6,67.56220949057789,5,1,2,5,0,3.28225599002834,2,0
13,5,45.59014091881063,5,0,1,5,21,4.403550522963023,1,0
18,9,57.27617504685082,6,1,0,4,33,4.644590778463854,0,1
7,4,43.37407533959424,1,0,0,5,49,5.0,0,0
19,3,37.03813284194375,2,0,0,2,50,4.3955509626171,2,1
2,11,71.46471112943753,3,1,0,3,39,4.046550557974234,1,0
15,5,58.423876757820324,1,0,0,4,2,3.820052372040902,1,0
26,2,34.0630344049965,0,1,1,4,54,3.7764754279484083,4,0
33,1,47.583169682346735,1,0,2,5,25,2.9460748022282783,3,1
12,6,79.57953128391094,6,0,1,2,13,4.456619699602108,2,0
5,10,49.14637227506492,3,1,0,4,57,4.035246974891413,3,0
2,10,69.33000073981988,8,0,0,4,40,3.8942654818499562,0,0
6,5,48.95789592433923,3,1,2,5,60,4.476347998552087,0,1
11,7,63.65510830372157,7,1,2,3,7,3.8988028237605423,0,0
3,12,67.86746760339234,9,1,1,4,48,3.840492642335769,1,0
45,1,50.08185965409932,2,0,3,5,54,2.832249005298587,3,1
34,5,57.99303244992005,4,1,2,3,54,3.456774689074788,1,1
0,2,64.62236357701141,1,0,0,5,55,4.361566474247802,2,0
12,5,,1,0,1,4,15,4.321522500754962,2,0
23,3,56.85989379901654,4,1,1,5,41,3.5084909128818844,3,1
4,8,45.845652098557906,9,0,0,5,20,4.422244599741549,2,0
11,4,61.56955533969424,3,0,2,3,9,3.9784699642059094,2,0
7,4,76.14184377543455,1,0,2,4,56,4.567009916105268,1,0
3,5,42.54787433388648,4,0,0,5,24,3.8551741528719012,4,0
14,5,49.41321198054872,1,0,1,4,55,3.2277927643954274,5,0
75,1,30.0,1,1,0,5,37,4.095304502350948,0,1
6,3,67.67741137681301,4,0,0,4,21,3.3196532677415385,2,0
12,5,36.010554711845145,4,0,1,2,48,5.0,4,0
5,7,67.53522629387477,4,0,2,4,60,4.3208421520843,2,0
31,2,68.55739771830288,0,0,1,5,47,3.6705634550492734,4,0
29,0,73.64857310555371,0,0,0,3,46,3.7369378778655116,2,0
2,11,65.53196258302896,8,0,0,5,53,2.827922284237186,0,0
34,3,37.36232260144952,2,0,1,5,45,3.56016631678293,3,0
2,8,58.01536679459623,5,0,2,4,3,3.5820734484597123,3,0
1,8,62.938393501241315,7,0,2,2,3,3.9016027785084506,1,0
15,5,67.9913632460602,1,1,2,5,29,4.0019443944242,0,0
7,2,68.56043835461719,1,0,0,3,1,3.9880033516022526,2,1
11,6,,7,1,1,5,28,4.129192393149461,0,0
15,1,,0,1,1,4,42,3.9505529655340332,3,0
0,11,58.520014324071376,10,1,1,4,35,5.0,0,0
5,6,41.00759148992473,2,0,0,5,20,3.809752615750582,2,0
9,6,45.49893862045076,6,0,1,4,60,3.857413934931267,1,0
4,4,58.91889498536858,4,0,2,4,59,2.7559219954471836,2,0
0,9,47.4282075996914,5,1,0,4,20,3.5434257014046495,0,0
1,7,38.059130446765934,4,0,0,4,47,4.30256668704326,0,0
24,3,37.2132907862339,2,1,3,4,20,3.4988120020593234,3,0
36,1,70.42560519872471,3,1,1,5,3,3.5693092769494834,3,0
2,9,65.3200304381366,7,0,0,4,0,3.6855286480010534,2,0
4,6,62.2211947901875,4,0,1,4,25,2.6145223672661766,1,0
15,3,55.09349629506451,0,1,0,5,55,4.529738014289626,2,0
46,2,51.271460951269965,1,0,1,3,50,4.089456518592472,1,1
5,10,30.0,7,0,1,3,1,4.17089608623038,2,0
28,4,68.90711397391674,3,1,1,5,8,3.7704209456415647,2,0
10,13,53.89590396986086,12,1,0,5,54,4.097996403963109,0,0
47,4,69.32299961674443,1,0,1,4,56,4.280029615485162,3,1
2,13,45.93286993994198,13,1,2,4,44,3.3417066769803525,1,0
54,2,84.71312180006046,0,0,1,1,17,3.149244726398079,2,0
8,7,62.81177734686606,4,0,0,4,47,4.4126873218559,1,0
45,3,,3,0,0,4,47,4.711477083312782,2,1
9,3,44.70877813931714,4,0,1,4,56,3.9491504065640046,3,1
11,5,62.47891029861695,2,0,2,4,41,3.9045850265785735,2,0
24,10,69.24796916503453,9,1,0,2,40,4.520576011943103,3,0
19,2,30.0,1,0,0,3,10,2.7931587398631303,1,0
14,2,57.97747096103288,1,0,0,5,24,3.3465032021132046,2,0
8,9,58.21971182127834,8,1,1,4,25,4.4492660089629785,0,0
23,3,66.77043548303097,2,0,1,4,60,3.48955849143752,0,0
44,2,34.83863586117936,2,1,2,2,57,3.992356810668137,4,1
0,7,72.00176461891375,5,1,3,1,35,3.7128736038786485,2,0
13,3,71.05231708787757,4,0,0,5,41,4.513636757800734,0,0
30,0,,0,0,0,4,34,2.7658208948354073,8,0
15,3,50.07663122911509,1,0,0,4,37,4.091714642855123,2,0
24,0,76.83450827389547,0,1,1,3,2,2.971498099012768,3,1
33,5,47.80627227237912,4,0,0,5,58,4.130469088375291,1,1
20,10,30.0,12,1,2,3,40,5.0,0,0
18,4,64.66263661224713,2,0,1,3,34,3.2222889200946803,4,1
50,1,59.08247136776952,0,0,1,4,49,3.694210914228081,2,0
29,3,78.30027182525606,0,0,1,3,39,2.703596659727112,8,1
25,4,44.48517371969443,2,0,3,3,21,3.784355088516998,2,0
1,4,54.816401358004136,3,0,1,4,7,3.1933578343592126,0,1
4,7,53.46299336274219,5,0,1,5,14,3.3499802317595986,0,0
12,4,72.04958916608406,2,0,1,5,44,3.939368407685209,2,0
18,2,43.73455297905173,3,0,0,4,6,3.3564464055526164,1,0
5,3,79.09965485208747,1,0,1,2,18,4.051969789753911,1,0
1,6,48.96905421451802,8,0,1,3,39,4.626844446961788,0,0
5,3,53.35961690081876,2,0,3,5,41,3.8216054860491857,1,0
22,2,60.628411219776815,1,1,0,4,16,3.713944253399794,1,0
31,2,44.78089330594119,4,1,1,5,0,3.6618117175905858,0,0
36,2,65.87341933476944,0,0,2,1,44,4.555512676763963,3,0
7,7,63.94196169962957,3,0,0,4,28,4.705344207066014,1,0
6,7,50.70561756934198,4,0,3,1,57,3.7623979797815426,1,0
7,5,64.27736749077076,2,1,0,4,12,4.02011939922029,0,0
7,10,64.69556830877555,15,1,1,5,55,3.6295569946529,1,0
16,3,68.56846630196466,3,0,0,5,47,3.9019714712074265,5,1
6,6,76.51871821106401,4,0,0,4,28,3.215028743165673,5,0
0,9,66.2562668192999,10,1,0,4,40,4.8332354971118034,0,0
8,7,67.27263904143543,5,0,0,5,41,3.0017398463937965,3,0
3,7,43.45061594767077,4,0,3,5,5,3.95030044306655,1,0
0,15,36.996629075486084,8,0,1,2,4,4.552531401377189,1,0
9,5,51.70735165185145,3,0,0,4,33,4.6859759035133095,5,0
3,10,64.91119368245745,7,1,0,3,10,5.0,0,0
9,8,66.22802326410694,7,1,1,4,8,4.795972404227632,1,0
4,7,30.0,3,0,1,4,37,3.8258295322206,4,0
13,7,61.977524318483916,8,1,1,4,39,4.369968748149525,1,0
70,6,76.88987383647637,4,1,0,4,40,3.2132236664876253,0,1
11,5,93.89405762802048,5,0,0,3,8,4.041843925848006,3,0
15,3,81.61812662074087,2,0,2,4,7,3.9358774300309367,2,0
37,3,52.17825166245355,1,0,1,5,43,4.42523059198723,2,0
7,8,51.30186272159949,6,1,0,5,57,1.9322574198753477,3,0
2,6,67.3764499029841,2,0,0,3,39,4.311418786465871,1,0
4,5,72.13381630057694,2,0,1,5,2,3.1819785676453765,0,0
7,5,76.85056678960808,3,0,1,5,12,5.0,1,0
15,1,68.96317835215734,1,0,0,3,18,4.305192789054454,3,0
0,4,41.622688509543465,2,0,0,1,33,3.5041448667531276,2,0
28,6,39.12451106765481,2,0,1,5,31,4.04916561728417,0,1
1,9,81.8856764885768,3,0,1,5,48,3.7005327595662303,0,0
34,4,57.5211314252899,1,1,2,5,15,3.9657697061325967,1,0
44,3,45.46946449307882,2,1,2,5,35,3.3336963405988307,0,0
69,1,43.014906080805815,0,1,0,4,17,3.658257981449816,1,1
24,5,51.855512633187814,7,1,0,4,13,3.908988784530213,1,0
2,7,83.9081438733694,3,0,0,1,29,3.9674869662020438,1,0
18,4,56.34839694694559,5,0,0,3,1,4.2445349054652235,0,0
3,7,70.84607880619474,2,1,1,4,12,4.619690823794634,2,0
34,2,65.24434519661634,0,0,2,4,26,4.560461484065939,1,1
5,3,59.12730120717574,0,0,2,4,58,4.386194184371181,3,1
5,11,30.387667990035457,10,1,0,5,52,3.9676990911106063,1,0
37,0,72.55327636877928,0,0,1,3,51,3.9320225069139867,5,1
0,10,48.852909459734924,14,1,1,4,16,3.7087709566639475,1,0
3,9,35.15929279727476,5,0,1,2,30,4.487004378810332,1,0
8,7,32.29965526921257,5,0,0,4,14,3.842644773642522,3,0
18,5,68.83190734399531,2,1,2,5,56,5.0,1,0
15,2,72.09195117301289,2,0,1,5,19,3.3619699362726294,0,0
16,5,30.0,3,0,1,5,4,4.109792541243717,2,0
31,2,52.16666163363649,3,1,1,3,6,3.9782323180976356,3,0
1,8,65.45646015647611,3,0,1,4,17,4.79342678607484,1,0
11,3,62.323421074024864,3,0,1,3,55,3.1772377237512144,3,0
19,6,52.28439115364926,4,1,1,4,10,4.603309941202335,1,0
15,2,,1,0,0,5,31,4.3017551757106185,0,0
8,5,74.20116675983735,3,1,0,5,49,5.0,1,0
0,9,66.55576759290733,10,0,1,5,26,4.1785017976963115,3,0
0,8,69.70648952294971,6,1,1,3,25,5.0,1,0
1,10,53.447351846495444,4,0,1,5,36,4.188488865926406,1,0
6,8,40.912982832344575,1,0,0,2,44,3.8837888774636045,0,0
1,9,63.643849499238925,4,1,2,5,27,4.265056686303513,0,0
8,5,72.00455785922476,0,0,1,3,49,4.074644154461936,2,1
2,10,49.834725905458356,8,1,1,3,1,4.195761652074402,1,0
22,6,63.497359784505164,3,0,2,4,19,3.831251717961733,1,0
30,2,59.95614677039408,0,1,0,5,3,3.8783568256738863,2,0
7,6,35.0621514474517,4,0,1,1,12,3.567606211830449,0,0
10,3,57.63131316597538,0,0,1,4,23,3.7745212479691337,1,0
46,3,62.61311735451053,3,0,0,5,60,2.352930945118728,4,0
11,6,,7,1,0,4,47,4.4628706929435324,1,1
79,2,76.38637762156557,1,0,0,3,37,4.2886492288887945,2,1
2,8,41.30578127778139,6,0,0,4,57,4.2962699966234785,0,1
29,4,92.26827919523258,1,0,0,4,39,4.419895414827495,2,1
10,8,59.94364504407995,2,0,1,5,47,4.235005836258833,0,1
0,5,57.121338857806634,3,0,1,5,44,4.15418738599172,0,0
53,4,73.72815505316457,3,0,1,4,54,4.003319579835447,1,1
50,3,37.562951891527916,1,0,1,5,28,3.912870577073867,2,1
7,5,94.15388962269228,4,1,1,4,57,4.037289566777506,2,0
46,0,49.767237024008345,0,0,0,2,35,3.2129632159695936,2,1
2,5,73.30603456182843,4,0,1,3,1,3.7305879392925174,0,0
17,7,,9,1,0,4,40,4.160802462379802,1,0
3,5,44.73036979433587,5,0,1,3,17,4.549080095728937,2,0
4,4,75.2776124403149,3,0,2,5,48,4.50011678895878,0,0
22,2,67.93676948810317,1,0,3,5,7,3.874739080056137,0,1
7,4,105.75690777138988,2,1,1,3,57,5.0,1,1
0,16,65.80878589222007,11,1,0,4,14,4.8860026365046405,0,0
8,9,50.49688757288901,11,1,1,5,40,4.347832368892906,1,0
3,7,32.17455348303967,2,1,1,5,16,5.0,1,0
17,4,48.84184257760467,3,0,1,5,22,3.3162862426530237,1,0
3,9,63.84410107188275,6,0,1,4,1,4.032952163000306,0,0
27,5,54.39291970934624,6,1,2,5,5,3.5213815333799983,3,0
4,8,71.44846962731913,4,0,2,4,28,4.238273961488453,0,0
7,4,65.43649404506272,5,0,2,4,26,3.825381689664828,3,0
5,4,41.291837874433995,0,0,1,2,36,4.255487160405567,1,0
15,2,53.86159038203201,1,0,0,2,48,4.15208885061392,2,1
1,11,,8,1,0,4,33,4.530315101145285,1,0
9,5,65.1712499254435,6,0,2,3,17,3.992496509328089,0,0
6,5,66.46716741356346,3,0,1,1,41,4.300392705578652,1,0
32,3,50.98102412479498,4,0,2,5,9,3.4435245343288297,4,1
1,8,35.402153769044276,1,0,1,1,37,3.3891304255903987,1,0
26,3,102.18331666835276,1,0,1,4,58,4.467651080227977,2,0
2,11,64.83839296040637,8,1,1,4,43,4.119540885054107,0,0
1,5,,1,0,2,5,16,4.108801003208588,3,0
3,12,31.884154584142095,4,0,0,4,58,3.095372112334312,1,0
1,10,70.85950923574256,9,0,2,2,12,4.091300271434199,0,0
11,6,75.9552366322197,4,0,3,4,51,4.285655663688352,1,1
66,2,65.07327347754419,3,0,0,5,59,3.426845906692079,1,1
0,7,62.01080516104684,3,0,1,5,47,3.9255557574075106,3,0
9,6,62.04248914108261,8,1,0,4,41,4.566093021446592,1,0
7,7,46.6773251807941,9,0,2,3,26,4.724077273829186,2,0
6,8,49.54999882625404,6,0,0,5,52,4.022135812390874,5,0
6,9,56.54888379240406,3,0,0,3,1,3.1463351008315255,2,1
33,3,76.4943870526827,3,0,1,4,33,3.390894162131371,2,0
0,10,64.01181845446196,10,0,4,4,30,3.5132859216709567,1,0
22,0,48.87893027385297,0,1,2,1,22,4.512377406169078,1,0
4,9,,4,0,2,3,6,4.650913327809483,1,0
7,7,30.0,4,1,1,3,37,4.478042376293311,0,1
8,12,66.74748612487902,13,1,1,5,32,3.92784400532299,1,0
5,7,56.854078330851856,6,0,0,5,11,3.571130204651939,2,0
1,7,62.802776344308086,3,0,1,3,44,3.6313001898032407,0,0
1,8,105.46565114078874,8,0,0,5,11,4.393560604657893,1,0
5,6,53.290755443433994,4,0,0,2,18,4.49913006812396,2,0
25,5,63.21620377624877,4,1,1,4,8,4.139394931145803,2,0
2,9,50.53143260544311,8,1,1,2,9,4.507646517966163,0,0
20,2,57.49177671466524,1,0,1,5,16,3.02679487278552,3,0
5,6,45.396057159371495,6,1,0,5,49,4.068059642270574,1,1
32,2,43.523962502326285,2,0,1,5,39,4.932526837909462,1,1
8,9,32.931256717439105,3,0,2,5,38,3.3992069248152745,0,0
2,6,43.75286124585976,4,0,2,4,40,4.087967842591139,1,0
63,1,63.498847544498595,1,0,1,5,9,4.24443221103034,0,0
2,18,55.30139570007598,8,1,1,5,11,3.9005320227072273,0,0
12,3,,0,0,0,5,14,5.0,2,0
12,4,53.24632085803757,2,0,1,4,30,5.0,2,0
6,1,62.31099146964271,1,0,1,2,14,3.6007589440808734,2,0
45,1,61.39045519784665,0,0,0,4,27,3.1157009180141593,1,1
27,7,60.46563672865464,2,0,0,2,3,3.8497703173210165,0,0
26,0,55.1134509407301,0,0,0,4,35,3.460016188661227,5,0
54,1,70.94371270561848,0,1,3,4,54,3.794924656793734,2,0
9,8,30.0,8,0,0,4,0,5.0,0,0
1,6,48.541437108349214,8,0,0,1,57,3.5932761499399,0,0
21,2,48.030597649123486,1,1,0,3,43,4.211446576688991,1,0
7,14,69.68964960063451,12,1,1,4,56,4.804631654403734,1,0
3,10,51.91466319248403,5,1,0,5,33,5.0,0,0
9,4,45.40069357106822,1,0,2,4,46,3.8706523712641663,2,0
38,2,62.59471193073613,1,0,0,4,16,4.329287545225538,3,0
2,8,72.00104151154376,6,1,0,5,38,5.0,0,0
28,3,71.0898329748762,2,0,1,4,37,3.318636070900578,1,0
8,6,73.93358554092879,2,0,1,3,43,3.431981698258613,1,0
2,8,61.782158404036934,7,0,1,4,50,3.7417830871893383,3,0
28,3,64.21088679532754,1,1,0,3,32,3.1708774545598266,2,0
52,4,56.10995843192972,2,1,0,5,59,4.315954509965217,4,0
5,9,55.10627640603237,5,1,1,2,20,4.138637967687916,1,0
5,3,45.391772901895756,1,0,1,4,25,4.197299706957203,1,0
7,7,70.39767134941587,6,0,1,1,45,5.0,2,0
25,5,33.04792055968801,9,1,2,3,35,3.354859168565388,4,0
0,5,40.39185438321091,2,1,0,5,4,4.0547888296108905,1,0
3,13,88.0066383270904,7,1,1,3,32,3.582146087328037,2,1
18,2,58.26350784290881,1,0,1,2,0,4.075234967094768,0,0
7,8,62.10071401876867,3,0,1,4,52,3.5878198115268347,1,0
6,5,41.81760924972218,3,1,1,1,5,4.429477314160778,0,0
30,4,67.28231053103589,5,0,1,2,36,3.8799877202231126,1,0
37,2,80.61624123062681,2,0,0,5,1,4.353273935877324,4,0
44,1,81.75996534941805,1,1,2,5,56,3.9683628542915357,1,1
4,8,37.252467690212214,10,0,0,5,52,4.67635595785203,2,0
36,4,77.52789145071435,2,1,2,5,58,3.636745426686017,1,1
20,4,60.15395518759286,4,0,2,5,58,3.6155112126806004,2,1
2,4,30.0,2,0,1,2,4,3.7041203995555474,3,0
14,5,36.901105185703116,3,0,0,5,25,3.885132518117441,1,0
0,7,31.788275825424236,4,0,0,5,40,4.003695909474451,0,0
18,5,,2,1,1,5,50,4.066465663710821,2,0
19,4,57.19847650368979,2,0,0,4,52,3.7626513588564436,1,1
23,5,50.23436956876962,4,0,1,3,46,3.8244966489851016,1,0
2,3,58.57764175013475,2,0,1,5,12,4.342499279823165,1,0
14,1,86.345635938196,1,0,0,5,11,2.866385492772448,1,0
2,5,,2,0,1,5,4,3.4923125579600476,5,0
43,2,64.9306692560215,3,1,1,3,1,3.5227834645525293,0,0
16,1,69.45571737676129,1,0,2,3,58,3.0656472266413406,6,0
1,7,41.7884066312296,5,0,0,3,3,4.074571612001688,0,0
3,8,68.46959634041075,2,0,0,5,58,4.289730415278158,0,0
16,8,73.79611980364544,10,1,1,3,26,3.836120224876187,0,0
9,7,75.00081295609498,8,1,0,2,49,4.755114361284433,0,0
19,6,57.80844250861915,2,1,1,5,52,4.825340057694038,1,1
4,5,74.05149983607973,5,0,0,1,9,4.528753361848615,0,0
16,4,67.36490343548584,2,0,1,5,12,2.15924962609513,3,0
2,7,61.01820392104758,2,0,1,4,43,4.09177467267273,0,0
11,3,73.7364083154315,0,0,0,5,1,3.7678173022694286,2,1
47,2,86.1642784885826,1,0,2,4,25,3.8962554298976753,0,0
14,6,73.84999048625619,4,0,1,5,14,4.962886533651594,1,0
0,4,58.88520267098057,4,0,2,5,45,3.1629080554219247,4,0
67,2,52.67704776573867,2,0,0,1,56,3.920760672769994,0,1
2,12,67.90809096864541,12,0,0,2,9,4.367024806489748,1,0
18,0,,0,0,0,3,21,4.286006193484829,7,0
11,4,76.83908101504367,3,1,0,5,39,3.2308092685730934,0,0
5,11,45.74181612413395,9,1,1,5,24,4.690542436556122,2,0
2,5,75.55555900878176,5,0,1,4,14,4.352961971270742,1,0
2,7,39.065053551994396,5,0,0,4,12,3.3586770960016104,2,0
29,3,57.37323952521295,1,0,1,3,7,3.6380212451662155,1,0
30,6,68.74889790314998,6,1,1,5,20,4.112173717628267,1,0
9,9,58.31475232849824,3,0,2,5,20,4.405891829074839,1,0
1,3,66.58263244737827,4,0,0,3,21,3.695516458094046,3,0
32,2,80.78497096462749,2,0,0,4,45,3.0865259270903644,2,1
10,6,51.492303494457204,0,0,0,2,32,4.354937416750761,0,0
8,6,38.94104213557421,1,0,0,4,44,4.932563738540092,2,0
7,1,42.975732744807104,1,0,2,4,26,3.3824981757857104,4,0
6,3,58.66877145633654,0,0,0,2,39,3.586742217962985,0,0
11,5,78.68829237143554,8,1,0,4,49,3.7631242431549743,0,0
13,7,55.29259831571296,3,1,1,3,21,3.7471165854091018,0,0
9,8,92.33898228043455,10,1,1,4,29,4.349707316487124,0,0
34,2,40.93041523032875,0,1,2,4,8,4.4518264948079445,1,0
5,6,33.76978150282652,2,0,0,1,44,5.0,0,0
12,9,63.51512113915041,7,1,1,5,34,3.6737260673888357,0,0
5,9,51.49906899114851,7,1,0,5,17,3.8648737468937777,0,0
20,3,48.71233823610551,4,1,0,4,41,4.504178065934362,4,1
1,5,60.3193265327483,1,0,2,2,4,4.420850808521654,2,0
3,16,41.516660803839976,13,1,0,5,26,4.620920304396618,0,1
24,3,68.18182251586293,2,0,0,5,56,4.06476744105544,3,0
3,3,62.93258700216588,2,0,0,3,5,3.68290967870721,2,0
14,8,54.630079605772764,9,1,1,3,31,4.569831260452029,1,0
52,2,63.16402655294901,0,0,1,3,7,4.011675854772434,0,1
11,4,88.68429888923063,1,0,1,4,55,3.566364833958966,1,1
3,8,56.31063048603037,5,0,2,3,38,4.064022488190778,3,0
5,5,52.639262125380675,5,1,1,4,20,4.937861342393539,0,0
26,3,70.0759822326064,3,0,0,5,17,4.189802366542509,2,0
6,6,50.04948941492214,4,0,0,4,13,5.0,1,0
19,6,67.21988044361176,2,1,2,4,14,3.94893353982495,2,0
22,7,72.32084828790508,3,1,1,4,41,4.014402572828892,1,1
10,6,80.99349377502023,6,1,0,4,25,3.138431089658023,2,0
22,4,55.18739740812273,3,0,0,1,52,4.7521724200571684,1,0
5,7,40.199848998477364,5,0,2,2,43,4.555830948197547,0,0
10,1,56.14355361644509,1,0,3,5,31,4.13999953325938,1,0
17,5,62.65045389644931,1,0,0,2,38,3.1662803756942077,2,0
2,4,,5,1,2,5,27,4.066693735379921,6,0
4,5,61.98047085162677,2,1,0,5,59,4.228761726071833,2,0
15,2,86.14289543574846,2,0,1,3,38,3.120969052740765,4,0
15,5,51.43773675224057,5,0,0,4,42,4.708888410552774,1,0
10,5,47.87079375450186,3,0,1,4,31,4.037134941651292,1,0
23,6,74.07658585659054,3,0,0,5,12,2.724545766376071,2,0
9,5,41.41464797144498,2,0,2,5,14,3.6600183366777643,0,0
31,4,60.193561405960885,1,1,2,5,17,3.0384302312647877,2,0
19,3,52.14379925110422,1,0,1,2,38,3.6667285895104147,2,0
5,12,35.1998183316755,9,0,1,5,5,4.305376671558644,0,1
7,6,57.8579922819019,0,0,1,4,54,4.025973484732053,0,0
16,8,50.5846183525455,4,0,0,4,10,3.2754072335324924,2,1
33,3,67.5995659506421,4,0,0,1,31,3.4873674713566443,0,0
2,6,62.9982056969591,3,0,0,3,39,2.814870526140768,1,0
10,2,62.63099023876465,1,0,0,5,19,4.473451717843823,3,0
1,8,45.772331845461295,5,0,0,4,32,3.901277905524058,2,0
4,7,51.51640296826322,9,0,2,3,39,4.473808523497097,0,0
17,4,63.769228783999466,1,0,0,4,7,4.180053731526939,3,0
1,10,46.66477086151336,6,1,1,5,50,4.628025106293424,1,0
16,5,59.42483409710111,4,0,1,5,34,4.002733199297994,0,1
34,6,65.24793219342801,4,1,1,3,4,4.717798086592056,0,0
52,4,71.23376757055205,6,1,1,2,34,3.189306843747126,0,0
3,4,51.89395734306555,4,0,0,3,46,3.1393118811978966,2,1
20,5,54.12029746685901,8,1,0,5,13,3.5552786682800264,1,0
39,2,62.94362709752789,1,0,2,4,20,4.055387690367699,4,0
1,7,49.01047292454181,5,0,0,4,46,3.725251093339769,1,0
8,3,39.25353686490719,2,1,1,4,23,3.8982176564232507,0,0
37,4,65.30212683309985,0,0,2,4,16,4.521631459480969,3,0
3,7,56.07513034321059,2,0,0,5,17,4.868070347134117,0,0
40,3,68.03800823709271,2,1,0,4,33,4.2418794155319635,0,1
11,2,51.41558871192345,2,0,0,2,11,4.932276866845272,1,0
1,7,61.310008976050256,5,0,0,2,15,4.292346844461408,2,0
8,1,32.93909551577775,0,0,2,4,3,3.618210688235393,4,0
5,8,69.11653132855098,5,0,0,5,24,4.550563637526856,4,0
4,6,51.94860969626982,3,0,1,3,33,4.273648488520183,0,0
11,3,57.91164605410634,4,0,0,5,27,4.261933444489877,2,0
9,1,57.710702419949975,1,0,2,5,45,2.73791563744032,1,1
9,8,54.78579801169442,9,1,0,3,10,4.26006287091527,0,0
1,7,60.96774419596023,1,0,0,1,12,3.0985009246194566,5,0
24,2,60.2021536227444,2,0,0,2,30,3.5129799925940945,1,0
9,4,63.28851200188435,2,0,3,5,59,3.9817645663529517,1,1
25,7,41.126476097299076,8,0,0,3,24,4.807674995606323,1,0
26,4,71.57288252679945,1,0,2,4,38,4.39759412130859,1,0
5,11,,5,1,1,4,9,3.6835182372532485,0,0
0,6,65.10732362171525,5,0,1,5,23,4.111440722265178,1,0
36,3,58.06406741193214,3,1,0,2,0,3.981260586772664,1,0
21,9,44.01740417359335,5,0,0,4,60,4.287031107253925,0,1
1,8,97.97022951769102,6,0,1,4,52,4.785464414525806,1,1
18,6,61.88961514934977,2,0,0,4,24,4.675349262376898,0,0
0,15,36.33346887835205,7,1,1,5,27,5.0,1,0
0,15,58.61962937581295,8,0,1,3,35,4.368013003902288,0,0
11,3,54.11536903935365,3,0,0,5,17,2.7703482024304176,4,0
1,5,57.56626747721289,3,0,1,5,5,4.176003622049111,0,0
50,1,35.457873516314386,0,0,0,4,1,3.8965176697218205,2,0
33,1,60.44935616917545,0,1,2,5,2,4.965991014387437,2,0
15,4,46.910475994688156,1,0,1,4,45,3.792682137614664,3,1
0,7,82.13547876981372,3,0,0,2,7,5.0,0,0
5,5,58.39718113198849,3,0,1,5,30,4.540389234951394,3,0
6,7,,9,0,0,4,47,4.55844110980808,0,0
9,6,73.26178077932151,5,1,2,4,18,4.180907881321834,1,0
2,8,66.69636160311862,1,0,1,3,49,3.4338547116113682,3,1
12,10,62.43555084199592,11,1,0,5,5,3.8183229021079566,1,0
8,8,,8,0,1,4,13,3.1715541664454108,2,0
44,0,,0,0,3,2,2,4.299659381975114,2,1
41,4,71.22532923646507,3,0,2,4,47,2.1827521726278434,2,1
12,6,53.76579374232413,3,0,2,5,0,3.7928907125405384,2,0
15,9,61.3670650215661,12,1,1,5,43,4.733977613673551,0,0
2,12,41.84976912941557,5,1,2,4,29,4.102066558168605,0,1
3,6,40.441745746700256,6,1,1,5,45,3.681865266038445,3,0
34,1,58.86462699658989,0,1,0,3,18,4.515457500735369,0,0
18,2,76.07647580616074,1,0,0,4,53,3.1215885425200547,2,1
3,11,56.959255319679336,13,1,0,5,18,4.2433424743190375,0,0
12,3,85.34742921397171,1,0,0,5,8,3.991724382223189,2,0
40,4,65.96196438107205,1,0,0,5,6,3.4970773027838176,2,0
6,3,57.47586555409236,1,0,0,5,45,2.499203679544702,3,0
3,8,82.22225077181722,4,0,0,2,36,4.816914588835042,0,0
42,4,79.63456616393351,5,1,1,5,49,3.0535961050482854,2,1
9,9,39.57345224943552,9,1,0,3,40,4.244994333321974,0,0
8,2,59.42732731067576,0,0,0,3,52,3.784700510963388,3,1
4,3,67.69706164912633,0,0,0,3,6,2.9685743981784203,4,0
33,6,70.81075032104988,3,0,0,4,8,4.095823917908254,2,0
28,5,69.13446334183315,12,1,1,3,3,4.0336448678746075,1,0
7,5,57.52761560457662,2,0,2,3,24,4.378525852753677,3,0
0,8,55.34195040510116,4,1,1,2,48,4.037496651220448,1,0
8,4,58.42291092754169,4,0,2,3,11,3.4481005387370582,1,0
2,4,48.755638840814846,4,0,1,4,5,3.327342474674077,1,0
2,5,39.53418207265948,1,0,1,4,17,3.3744297850614364,1,1
7,3,,1,0,0,3,39,4.982656533370388,1,1
1,3,,2,0,0,5,20,3.1091841716372826,0,0
47,2,86.34356533691562,0,0,2,5,14,3.317322735633672,2,0
0,8,51.14085139239384,8,1,2,5,2,4.473042756353799,1,0
7,4,65.4860999882895,6,0,1,3,1,3.345928967637182,2,0
2,10,,7,0,0,5,55,3.7408402790636703,1,0
17,6,57.81366321654118,8,1,2,3,54,3.679966700743405,0,1
1,7,50.527503037376015,5,0,2,2,40,4.426371348706102,2,0
11,5,,4,0,3,3,39,2.4835031211470042,2,0
22,4,80.76388813743844,1,1,2,5,58,3.798182138900252,0,1
44,2,53.53303684915115,1,0,0,3,3,3.767844901917431,5,0
17,6,66.07754681282208,0,0,1,2,31,3.9603626234079177,2,0
1,5,51.05896861624501,2,0,0,2,1,3.4430826951806837,2,0
1,3,38.05222197886877,1,0,1,5,45,4.734939673898252,2,1
19,3,,1,0,2,4,28,3.6487442903321496,3,0
3,7,88.71066996987076,4,1,0,3,1,3.810089522674464,1,0
8,2,47.76679287457201,3,0,0,4,33,3.820739924770288,3,0
56,3,45.50253002631416,0,0,1,4,26,3.9014861021211735,1,0
25,1,46.86691664592937,0,1,0,5,59,4.537648886562861,2,1
28,5,87.10612074965199,1,0,0,3,53,3.3715041609038616,1,1
29,1,76.5804515049741,0,1,1,5,38,3.651182755886343,2,0
14,5,69.50566296506197,2,0,1,3,43,3.275662508117905,2,0
20,3,80.31448358258649,3,0,0,5,37,4.483990851555621,0,0
6,3,73.59954509225244,2,0,2,1,17,3.5375057908964127,1,0
90,0,58.37646840389546,0,0,1,4,35,3.322193324878801,1,1
4,6,53.24826749308152,5,0,1,4,18,2.871688114744523,2,0
13,3,75.43000744582389,1,0,0,4,26,3.5242144050862914,3,0
4,9,61.672171029810215,4,0,1,2,44,5.0,2,0
1,12,46.249092205974435,7,1,0,5,19,3.79955520872784,0,0
12,4,67.86123208403349,3,0,1,3,20,3.895175016131925,1,0
6,10,,9,0,3,5,22,4.584442769968687,3,0
13,1,76.66035263006495,1,0,0,5,29,3.606043216629432,1,1
12,3,,3,0,1,4,24,2.738480870010063,4,0
11,7,68.5209509049564,6,0,0,5,30,4.4580458820470925,1,0
1,7,62.40263998580789,2,0,2,5,26,5.0,2,0
8,5,62.74121141862002,3,0,2,4,33,3.33502514894972,1,1
25,1,64.17078526758887,1,0,3,5,7,4.106903208156053,4,0
5,5,57.117616065015554,2,0,1,3,18,3.5616707452726697,1,0
8,10,67.51981939981954,7,1,0,4,40,4.593196285742288,0,0
10,3,,1,0,2,5,25,3.3616144884405923,3,0
29,4,61.72846886620624,0,0,1,4,27,4.0084027285165815,2,0
15,4,78.09617103876728,5,0,0,3,3,3.6814381285692352,3,0
1,9,39.851831447193696,4,0,1,4,30,5.0,1,1
30,6,68.80073569325073,4,1,0,5,15,3.5211288502536826,1,0
26,3,63.31611919521114,2,0,1,5,50,3.5165581269553847,1,1
21,5,67.5273853307205,8,1,0,4,9,4.677474215507697,0,0
9,5,69.03643369204282,3,0,3,5,37,4.540895083648073,0,0
21,4,69.89852214484343,5,0,0,5,47,3.705779651407088,0,0
9,4,54.22418897491286,3,0,0,2,9,4.410841569961607,3,0
20,5,50.2243050765355,5,0,0,3,44,3.9144508317974354,2,0
31,0,67.07620368833645,0,0,2,5,8,4.011726624232006,3,0
33,3,82.13272366113637,4,0,1,5,38,3.0114330009351025,4,1
9,5,56.897417777937605,3,0,0,5,35,4.819233952499292,0,0
29,0,44.811318365858725,0,1,2,4,50,4.054032070033019,2,1
1,9,71.85889189054215,3,0,2,2,57,3.5674872747135824,0,0
1,4,47.49289222503274,2,0,1,4,35,4.372928425174523,4,0
11,8,64.69271146736068,4,0,0,3,18,4.741160079766869,1,0
15,6,44.97265188488549,6,0,0,3,59,4.038045426289068,3,1
2,6,55.67702335274994,0,0,1,5,18,4.725355270216698,4,0
9,8,59.81804254286791,8,0,0,2,11,4.3633650204635535,0,0
1,7,55.5591975339006,2,1,1,5,12,5.0,1,0
13,2,63.50075837718316,1,0,0,4,24,4.1572984193379785,2,1
28,2,64.80041368828799,1,1,1,4,35,3.4486674901009975,0,1
20,2,52.33932041691941,1,0,1,2,24,4.106075813877416,1,0
7,7,51.74695709846506,2,0,2,3,27,3.9481905966815134,0,0
76,2,78.94780511807873,0,0,0,2,41,4.342781394388712,3,1
16,7,56.44088381807471,2,0,1,5,52,3.8872188405436576,1,0
25,3,64.44253517613281,1,1,0,5,38,3.5579479358450055,2,0
16,4,,3,0,2,4,29,3.1879349351087396,1,0
68,0,86.945699894963,0,0,0,3,4,2.692652704040003,0,1
25,4,66.85016474716868,1,1,2,5,16,4.456356151920865,1,0
10,4,,4,0,3,3,17,3.371286557695881,1,0
6,6,44.83108377757894,3,0,1,3,42,4.014130354687819,4,0
17,5,49.20585360320934,7,0,0,4,46,3.591209624999317,2,0
13,6,85.65145463621982,4,1,1,5,20,4.056431081064675,3,0
14,2,97.86576012145318,1,0,1,1,21,4.998334464946112,4,0
6,4,67.97413353201071,2,0,0,3,38,5.0,0,0
8,12,76.43705166904968,13,1,2,5,49,4.281424345528443,0,0
12,2,78.72831595947957,3,0,2,3,57,3.5372426139412783,2,0
27,7,43.48273904126987,2,0,0,2,56,4.226468917837643,0,0
21,1,58.90929081728747,2,0,1,4,5,3.1590502319018965,2,0
1,11,58.687013072950734,7,0,0,5,49,4.535257444821796,0,0
4,4,80.73406130329172,3,0,0,4,15,3.7494710752597653,5,0
0,4,91.44933532657366,3,0,1,5,1,3.641945452646183,2,0
0,8,93.24820730828864,4,1,1,5,50,4.926861726638615,1,0
3,7,67.48390867667796,7,0,0,2,0,4.1538751930603555,3,0
24,2,65.7960689110498,2,0,3,5,56,4.910983077778252,0,0
35,3,53.347855873199585,2,0,1,4,29,2.4073683907270382,3,1
7,5,60.89748706319856,4,0,0,3,57,4.185402257688179,0,0
12,6,75.98947493412648,3,0,0,4,42,4.345748566732989,4,0
18,0,74.29825464985922,0,0,1,3,51,3.377849675832309,5,0
45,1,68.26717980997925,0,0,2,2,36,4.688012626166538,3,0
36,1,47.33836216129827,1,0,1,1,47,2.834337388016144,1,0
0,4,,3,0,0,4,22,3.724135529410557,1,0
4,6,67.08807330481801,1,0,1,5,0,4.525024176046409,2,0
0,5,63.01498954816075,4,0,0,4,18,4.13636778418774,2,0
14,6,73.48134932405422,4,1,0,5,45,3.423555485399892,2,1
18,4,50.44685857602714,3,0,1,3,2,3.493214396329883,0,0
5,4,49.00246474352222,4,0,0,3,1,4.39061156640363,0,0
28,3,54.49112628340088,4,0,0,3,55,4.21442719568257,1,1
9,2,,1,0,1,3,36,3.6082931097138986,3,1
90,0,61.75649460643377,0,0,1,3,16,3.7976729308569017,5,1
0,9,30.0,7,1,0,5,27,3.167970266686949,0,1
1,11,52.832143730780516,8,0,0,5,17,4.487363012889058,0,0
5,6,30.47958112630722,4,1,0,5,32,2.827590027988475,1,0
0,6,56.13286752051676,3,0,0,3,14,4.833135764597168,1,0
22,3,56.79135435337231,0,0,2,5,21,3.9455648334777034,3,0
0,9,77.584051726014,2,0,0,3,40,4.25174818477131,2,0
20,9,64.30064218731202,7,1,0,2,26,4.318290423413026,0,0
0,8,48.3415260361626,4,0,1,5,54,3.600505420824635,1,1
4,4,54.191547124091876,3,0,2,4,36,3.219336723366654,3,1
27,3,81.4824817720758,1,0,0,3,31,4.648385909617302,2,0
45,1,43.65540521646574,1,0,0,4,59,3.645358165253603,0,0
8,10,92.06414558119235,8,1,0,3,44,3.9836594668069387,1,1
52,2,66.3070006143338,1,0,1,5,18,3.5553301242820847,2,0
14,9,40.55945004750032,7,0,0,4,27,4.216612846733161,1,0
8,7,44.45616323128812,4,0,3,5,27,3.760945585496698,2,0
24,2,72.47460802679845,1,0,2,2,55,3.444865456577232,5,0
5,5,71.07471759446697,3,0,1,4,9,4.451839644148193,1,0
4,5,66.45105289615664,2,0,0,4,19,3.2770803945522955,3,0
16,10,61.73402956655066,6,1,0,4,24,4.37761734624412,0,0
7,3,58.43777132266268,3,0,1,3,20,4.527769917940228,4,0
2,11,48.31390387263682,11,0,0,5,13,4.558518308247051,2,0
1,13,65.82887597458611,11,0,2,5,21,3.624484089597951,0,0
23,2,84.26818243850762,0,0,2,5,52,3.808158286721644,1,0
16,5,59.54444887172868,7,0,2,5,25,4.186012289018769,2,0
7,6,63.93528211367879,1,0,0,5,43,3.514964878288013,1,0
33,1,75.39156006776231,1,0,0,4,10,4.6219918143746,1,1
7,5,52.185169415069964,2,1,0,5,54,3.8751527248986393,2,1
18,6,66.1792679972875,6,1,1,3,6,4.6788253098441235,4,0
35,2,71.99584237612923,1,1,1,4,16,4.2120465477126485,1,0
27,4,48.986595430733075,2,0,1,3,17,3.6245166423294957,1,0
10,9,40.5191303861633,5,1,2,4,6,4.0060743116022115,1,0
17,2,56.603002910426916,1,0,0,3,55,3.6098546412992514,5,1
8,7,72.82678145748577,6,1,4,5,19,3.7375897147659884,0,0
15,4,37.97028113925019,2,0,0,3,37,4.525580972120293,2,1
4,4,63.63276650019456,1,0,0,2,10,3.2061727143371384,2,0
8,5,57.211204309093844,2,0,1,4,43,3.5233218761851326,1,0
3,4,56.64524759018327,2,0,0,2,57,3.6532040427019252,2,0
0,8,64.5231220025522,8,0,0,2,15,4.598370246671317,1,0
13,3,34.55895375041053,0,0,0,3,50,4.703085027030727,2,1
29,1,77.86570944860132,1,0,1,4,54,4.923917867159546,0,1
0,9,46.637023681143646,3,0,1,4,26,4.541321037738701,2,0
3,8,65.4461319016699,4,0,1,5,50,3.821600268518732,1,1
9,6,70.53918412700105,3,1,0,5,10,2.8509929077328557,3,0
16,6,81.91514558670917,2,1,1,4,15,4.6893488935725305,0,0
2,8,59.48405574102228,5,0,0,3,22,4.88362437874975,1,0
0,8,38.06945337023478,5,0,1,3,59,3.811582130016903,1,0
10,7,36.13755691596083,3,1,0,5,58,5.0,0,0
25,2,,2,0,0,2,11,3.7987745673924875,2,0
0,7,51.610667864844764,3,0,2,1,58,3.937536699014256,0,0
6,4,54.33472404549784,1,0,0,5,39,3.80831740335559,3,0
16,5,43.067148724010146,10,1,2,4,2,3.5788384256305914,1,0
2,6,54.22866376623085,1,0,1,2,1,3.344966572135012,0,0
4,5,86.15756801513155,4,0,2,3,59,3.4571423660571794,0,0
11,7,,1,1,0,5,37,4.363973467995275,0,0
45,2,47.88270769776382,2,1,0,5,47,3.437685856364735,1,1
5,9,75.73290233646225,6,0,0,5,51,4.910858703715679,2,1
10,10,30.0,11,1,0,4,23,4.4111420304649815,0,0
7,5,,3,0,0,4,28,3.805088645750265,1,0
34,2,54.6592599300292,2,0,1,5,46,2.8693692232734285,4,1
1,10,55.869119242882,4,0,3,5,45,3.502693551765275,2,0
12,5,38.439775208166694,1,0,1,3,33,4.170549432491086,1,0
28,4,57.80048729055008,2,0,2,5,19,4.483917036506392,0,0
66,1,54.00635699702702,0,0,1,3,17,2.6208512285457446,1,1
17,2,,1,0,0,3,13,2.9849877959012465,1,0
7,6,53.95687905162362,3,1,1,5,17,4.070774841127709,2,0
7,7,30.93646535535066,6,1,1,4,1,4.092625986408832,0,0
6,9,92.6394469191745,5,0,0,5,0,4.471529021324348,1,0
13,1,30.0,1,0,2,2,19,3.7936555875135274,0,0
20,6,57.77855861950307,4,0,0,4,33,4.18581992339988,2,0
25,1,57.51673655946632,0,0,1,5,40,3.8829978571978216,4,1
8,4,51.463209956735234,3,0,0,5,40,4.12985299352407,2,0
18,6,56.419154334658735,1,0,0,3,47,4.615943573129716,1,0
37,4,69.53116585921548,2,0,0,4,10,4.259538486378279,1,0
38,0,41.13520605168017,0,0,0,4,26,2.5863494490755743,4,1
18,0,33.37413858290497,0,0,1,3,22,4.287239583894998,3,0
15,7,52.00458218021834,6,0,0,5,37,5.0,0,0
11,8,30.0,6,0,0,5,43,3.8291017787116037,1,1
3,13,46.858709196209915,15,0,0,3,2,3.9087639969909365,0,0
1,6,51.89227573931943,2,0,0,2,11,3.8809906508442698,0,0
9,10,61.37618283987553,10,0,1,2,29,3.9510250319743467,0,0
2,13,79.36853688186196,5,1,1,5,30,4.2008865878489425,0,0
12,4,64.46692478390304,1,1,1,3,22,4.306535103449075,0,0
15,6,65.14812087589942,8,0,1,4,0,4.763272201379335,1,0
11,7,49.104440661612756,3,1,2,4,40,3.3331819686587543,0,1
0,11,50.841717320988494,9,0,2,4,19,4.0699617174024105,2,0
0,15,51.19659153253651,14,1,0,2,53,4.490439566831122,0,0
1,12,58.07731241457353,6,0,0,3,5,3.823064485666617,0,0
2,9,53.351929746067704,9,1,2,5,10,4.6255531889929005,0,1
68,2,64.8340683523269,2,0,1,5,34,3.87069396467662,0,1
6,7,69.28814085415218,1,0,0,5,3,5.0,1,0
5,8,79.18624813991897,3,0,1,1,28,4.54365649893049,2,0
0,2,64.1344973994204,1,0,1,3,58,3.0864770827261365,2,0
15,6,64.8423023072826,1,0,0,4,9,3.068988718942144,2,0
15,4,77.37057070939065,0,0,1,3,50,5.0,1,0
2,6,70.80924744980075,1,0,2,5,28,4.399737918922778,0,0
37,3,,2,0,0,4,37,4.381767176098325,3,0
24,2,44.35646184160739,2,0,0,2,0,5.0,0,0
3,9,52.8147360063253,7,0,1,5,39,3.6289679469258895,2,0
9,6,47.58067268222108,5,1,0,5,7,4.45232763402992,0,0
9,8,61.773036541866176,6,0,0,2,56,4.445954134619918,0,1
6,6,67.3285651303602,7,0,0,4,37,3.51929263931779,2,0
25,0,53.90620401521971,0,0,1,3,16,3.054600530104658,5,0
1,11,54.502906893966205,11,1,0,4,18,4.658676240002047,0,0
8,6,30.0,6,0,1,3,32,3.3954675108124515,0,0
8,7,51.453664837371974,4,0,1,4,14,3.789115651314618,1,0
9,4,107.05537568165934,1,0,1,5,44,4.158874249971624,2,0
29,5,76.83370491653412,4,1,1,4,30,4.084097004160111,1,0
3,10,79.96597508644179,13,0,2,2,20,4.59986868304172,3,0
1,6,67.29431693362702,4,0,0,4,2,4.127000924168612,1,0
14,4,73.90517704234601,3,0,0,3,1,4.301525112532281,1,0
2,7,54.83524321134058,6,1,0,5,34,3.6184698689037664,2,0
1,8,,5,0,0,4,40,4.170625683013215,1,0
8,9,82.3032534667787,10,1,0,3,58,4.577828307665453,0,0
3,5,43.62442189348578,6,0,1,3,15,3.9382164696964086,1,0
6,12,67.35652809926889,7,1,2,5,55,3.352678569557332,0,0
4,8,86.73513297308496,4,0,0,3,44,4.798835186008349,1,0
1,8,74.4985017642919,4,1,1,5,50,5.0,0,0
12,4,56.14086546309356,4,1,0,3,58,3.113509746252987,2,0
0,18,79.17243334834347,15,1,0,3,49,5.0,1,0
50,3,63.25152188854259,5,0,1,4,20,4.807608051568858,0,0
6,3,57.993228069396096,2,0,1,5,11,3.893241692017724,3,0
17,3,71.10948539978766,1,0,0,5,27,3.274588460976656,3,0
24,5,,2,0,0,3,60,3.1789760531665716,1,0
4,8,38.40154248091613,10,1,1,4,11,4.692431087279312,0,0
20,2,56.486043157990636,2,0,0,2,32,2.9386104770037575,4,1
26,1,50.19942206194022,3,0,0,4,19,3.5127555806881485,3,0
4,3,38.15736453475357,1,0,2,4,39,5.0,0,0
73,3,60.471819095377285,6,1,1,5,48,3.555767992556387,0,1
0,4,51.8778231460427,1,0,0,5,20,4.014410369940389,2,0
3,8,45.71033091044556,2,0,1,4,59,4.41385738512337,2,1
22,5,59.75495212063986,1,0,1,4,51,4.559125234661488,1,1
3,9,45.78145654862733,5,0,1,5,53,4.288982628331078,0,0
17,4,,4,0,0,5,38,3.877896462675035,2,1
29,4,86.69397723918752,5,0,0,1,40,2.298980882489269,3,0
47,3,70.52396337401058,1,1,1,3,48,2.671737147321422,1,1
9,5,53.5872447182492,2,0,0,4,58,3.4659395455645416,2,1
53,2,66.14855466059355,2,0,0,3,41,4.389239482060144,2,0
7,6,49.964133406553756,2,0,1,3,35,4.2228804106391875,2,0
3,14,69.99545393084144,11,0,0,1,21,4.477809418888206,0,0
10,5,,0,0,0,4,25,4.190790304719008,4,0
15,5,71.80292173372601,2,0,0,3,6,4.372574990394442,1,0
9,7,54.46903829061083,3,0,2,2,6,4.804282973924024,2,0
12,5,70.60986640031392,5,1,1,3,7,4.66727867755527,1,0
8,5,67.37359339849156,2,0,3,5,25,3.629171370174791,2,0
11,4,63.954475661463114,2,0,1,5,23,4.2732973366263876,1,0
45,3,,2,1,0,4,23,4.733585466068025,0,0
10,3,43.919661477335204,1,0,2,4,39,4.04854591661836,2,1
4,10,66.24554759647084,8,1,1,5,47,4.582995355950228,1,0
21,2,55.794126202059275,1,0,0,3,11,3.572085660185958,1,0
6,10,40.754899673911794,5,1,1,3,46,3.4303637202082395,1,0
25,4,,4,0,1,3,7,3.5284791121728096,1,0
0,7,66.46812409748638,5,0,0,3,53,4.930458079380375,0,1
6,5,52.766831654121425,4,0,1,4,8,3.9765990447968464,0,0
1,10,51.40720170592013,6,1,0,5,2,3.906925309515911,1,0
1,14,30.0,11,1,1,4,53,4.324007331427463,1,1
16,3,76.36655972947779,1,0,0,4,20,3.6703592591061587,3,0
7,3,43.46225531700273,1,0,2,5,30,2.90783866698525,1,0
30,1,60.89424002510134,1,0,1,1,47,4.10986088302476,3,0
10,10,52.96025105367912,7,1,0,3,46,4.347722143798253,0,0
5,7,,1,0,0,4,23,4.5344409841740765,1,0
19,4,63.7270325694156,3,1,2,4,3,3.928095718608337,2,0
14,2,56.92905863092932,1,0,2,1,19,3.9997754989560854,1,0
24,2,64.18475031612377,0,0,1,4,60,3.8678745401800407,2,1
15,4,60.28721259654347,0,0,2,4,15,4.889394687645059,1,1
2,8,39.40917433308201,4,0,0,5,9,3.944177191241201,2,0
16,5,78.09842873597896,3,0,0,4,42,4.083016977409845,1,0
7,5,82.79367446153387,2,0,3,3,25,5.0,0,0
9,5,46.80037037912962,1,0,1,2,28,3.6300939610669714,3,0
38,3,36.77509330886602,4,0,0,4,4,4.1300445138443145,1,1
6,7,78.79327993601845,4,0,1,2,10,3.6694051111817347,0,0
14,2,43.91642425092007,1,0,1,5,28,3.1002999449355695,2,0
6,4,79.41527937996777,5,1,0,4,44,3.4741293952965444,3,1
1,8,77.46771047906317,12,1,2,3,14,3.584696082980731,1,0
9,7,57.628988107123114,5,1,2,5,5,4.716801725195242,2,0
13,6,57.362943908379464,4,1,0,4,47,4.020381879669627,5,0
7,8,45.09880436023758,7,1,0,3,14,3.4220578078771675,0,0
7,4,60.98801776239565,3,0,2,5,42,3.1640464348741673,1,1
25,7,67.36420551849245,4,1,0,5,19,4.281343999364849,0,0
0,14,65.43058349990714,12,1,2,5,33,5.0,1,0
5,8,69.18454944439878,7,0,1,1,59,3.5451354700575304,2,1
25,4,75.90125056613434,2,1,1,4,59,4.520437000690917,0,0
37,3,59.290803201638624,1,1,1,5,1,5.0,0,1
7,5,102.30933570011707,3,1,1,2,43,4.787226400155277,1,1
32,2,66.73029402723681,1,1,1,3,15,5.0,0,0
3,6,65.97231315051528,2,0,2,5,18,4.539203688461716,2,0
3,9,65.86288667696661,2,0,2,1,33,3.5623944990246788,0,0
28,3,66.07071790237741,4,1,1,5,48,3.952731798636001,4,1
35,2,65.98616307161092,1,0,0,4,13,3.6994232116068897,2,1
3,6,75.6852314700995,1,1,0,4,23,4.153046212316335,1,0
0,7,30.0,9,0,1,1,27,4.143000659553825,0,1
1,8,,3,0,1,5,47,5.0,0,0
4,9,35.28832839903612,4,0,0,4,31,4.148926450738239,2,0
21,3,80.46162032723575,1,1,1,4,36,3.658612152106167,2,0
10,8,38.86045379234608,7,1,1,5,9,4.6818936069792905,0,0
9,7,48.14293946114937,6,0,1,5,48,4.250300018748501,1,1
13,3,,1,0,2,5,44,4.104041262075925,1,0
33,3,41.81960035955748,3,0,0,4,47,3.3790184971636217,4,0
1,15,55.43427423827836,7,1,1,4,8,4.4153162466703835,0,0
17,3,30.0,2,0,2,5,23,4.568515900785293,1,0
39,3,82.89611644087788,2,0,0,4,35,3.0286870629773155,4,0
3,6,,4,0,0,3,55,4.701457615134841,1,0
27,4,48.572759076381416,3,0,0,2,28,3.544776118219096,2,0
17,5,68.5945437018404,4,0,2,5,59,3.974895360963754,2,0
0,14,64.86484202471779,10,1,1,4,28,4.512632173579943,1,0
3,8,45.869171822008134,4,0,1,5,57,3.7013381013702635,4,0
13,5,70.5994244026921,3,0,0,4,47,3.9805671143154697,1,0
10,5,56.809839331005655,5,0,0,3,22,3.5446831795243545,1,0
11,2,77.00259813452061,1,0,0,4,26,3.9691730795611933,3,0
3,4,52.71889306253064,5,0,0,2,30,4.706012003750925,1,0
16,8,39.72817939337915,2,0,2,4,42,3.145583624734404,2,0
4,15,74.6445022904829,15,1,2,4,6,4.883665507716708,0,0
7,6,56.54624420521969,1,0,2,4,48,3.8732989328023684,1,0
6,3,59.63137835151714,5,1,1,5,53,4.008185626335323,2,1
16,8,63.98932809452092,6,1,1,5,44,4.04577201372609,0,0
1,9,45.27279481192907,6,0,1,5,3,4.171409122770999,1,0
3,13,55.61430392607381,5,0,0,1,13,3.718479367992111,0,0
3,12,51.97794453298532,7,0,0,3,41,5.0,1,0
1,4,54.077154373446746,0,0,1,4,41,3.0481169986791654,2,0
3,8,78.74535176095085,4,0,0,5,9,4.145549219334352,1,0
14,5,48.36332730382514,3,0,1,5,58,3.4346321163078977,0,0
19,8,47.61729793514141,7,1,0,5,43,4.492413505958034,0,0
16,3,80.98357129652696,1,0,1,3,33,2.9562988188069266,1,0
9,2,45.221551117641155,2,1,0,4,25,3.9760815641273233,3,0
0,9,60.95877416861123,4,0,1,4,22,3.9401032574054757,0,0
47,4,70.26929378331141,4,0,0,3,8,3.9249752099131245,0,0
2,3,70.17256797731065,1,0,0,1,60,3.8711724360583886,4,0
16,1,38.92337487552686,0,1,1,5,36,4.084040182100415,3,1
36,2,,1,0,1,3,7,3.7499811044903177,8,0
17,4,33.83275754618894,4,0,1,3,52,3.286957684322784,2,0
3,7,72.49508841998593,5,0,2,2,13,4.588630014780831,1,0
5,9,75.7324208790869,9,1,0,5,6,4.297320091264521,1,1
0,8,75.10368619716469,8,0,0,4,6,4.874381994079198,1,0
14,12,59.62834320936156,6,1,0,5,8,3.814013653408361,0,0
14,7,56.52760161571403,4,0,1,5,2,3.743232725855892,2,0
19,6,51.56558679142013,1,0,0,3,13,3.6102306893542,1,0
0,6,37.1618144272238,6,1,0,4,16,4.420189812130822,1,0
25,7,67.80071272551115,15,1,1,1,49,4.684862138869207,0,0
20,2,45.44585705055934,0,0,2,3,43,4.248375797096822,3,1
2,6,30.0,3,1,2,5,21,4.324716940725297,0,0
6,9,79.72216650919911,4,1,2,5,45,3.9592365215776466,3,1
15,6,50.739690295429114,3,0,0,4,25,4.802584515593314,1,0
10,7,63.65656209768322,3,0,0,4,57,3.3730587467844817,2,0
1,11,57.83167547337404,6,0,1,4,27,3.5922164545873962,0,0
1,4,76.98719184706398,2,0,2,1,44,4.628014512647666,0,1
22,4,37.92557715382268,4,1,0,3,13,3.0332197580760125,1,0
2,7,71.44438265645157,1,0,0,3,8,5.0,1,0
2,7,59.29706834706125,9,0,0,3,50,4.059067701394168,2,0
26,2,66.81726174393818,3,0,4,5,25,4.911536065537402,4,0
14,5,53.931949630086166,2,0,1,3,1,3.5021633570550903,2,0
13,1,54.411298014863576,1,0,1,3,10,3.5233878750026615,2,0
9,8,73.78499514679693,7,1,1,4,16,4.444831825805387,1,0
12,7,48.76079436654449,4,0,1,5,33,3.1292472396833193,2,0
13,5,52.096896732036335,2,0,0,3,18,3.811346638049217,0,0
51,1,56.366261725623154,1,0,1,2,38,3.193780622028045,4,1
3,6,38.26829496591051,2,0,1,4,17,3.725602028355222,0,0
3,4,55.97032863269443,3,0,2,5,12,4.2961472981992666,2,0
0,7,56.8921720716626,3,0,1,4,4,3.40320313737845,2,0
16,8,70.29864756766375,6,1,0,5,49,4.488407354190759,0,0
11,3,52.096667336171905,3,0,0,5,22,4.629760525505163,3,0
1,5,31.7272756049015,2,0,1,5,57,4.2198071547147835,1,0
6,7,60.46956575388182,10,0,1,4,55,4.178472485194575,0,1
2,12,52.85351098522648,5,0,0,4,23,3.7957480017668623,0,0
6,9,42.20040800785853,3,0,1,1,28,3.161860858484606,1,0
45,2,64.84515325776502,0,0,1,5,47,3.98680367576566,4,0
17,1,65.42938888825734,1,0,0,4,46,3.795964078010323,5,0
0,12,69.15450590437266,10,0,2,3,7,4.969774950440045,1,0
4,6,65.6576037356083,5,0,2,5,25,4.422033506641493,1,0
0,12,71.02855283327878,4,0,1,3,14,4.403395312721523,1,0
18,2,65.02780311589251,2,0,0,4,56,4.32322918495962,1,0
9,2,90.34048957267031,0,0,0,4,0,3.691552356791238,3,0
76,1,82.09338628260167,0,0,0,4,27,2.767480261323171,3,1
19,5,63.55912710472544,4,1,1,5,48,3.868843684834401,1,0
10,8,34.107478766044046,5,0,1,3,46,4.08350582634573,2,0
24,3,88.05292004964016,2,0,0,4,45,3.2480102508125483,2,0
18,5,55.994340330884576,8,1,2,4,13,4.711753918722783,0,0
4,7,69.3967159452508,4,1,1,5,41,4.069841254896864,1,0
11,8,67.08616806718,12,1,3,5,33,3.030566204518455,1,0
12,2,58.248161446539406,2,0,0,4,58,3.187569452831259,2,0
9,2,52.79548340381976,4,0,1,4,30,4.920281749492419,1,0
2,9,54.82918471233106,4,1,1,3,5,4.6456925400778655,0,1
3,5,30.0,5,0,1,5,48,3.4580195731727037,2,0
4,8,42.47720341844776,3,1,1,4,4,4.489372214627935,2,0
0,10,52.63720302524399,6,0,1,5,30,4.467222130567642,0,0
37,2,60.75243874866639,0,0,1,1,36,4.6449717434804345,3,0
17,5,68.88621794542101,4,0,1,3,14,5.0,1,0
17,8,51.37790886875851,5,0,1,4,14,3.6133688605975243,1,1
12,6,70.23069524011838,7,1,1,5,51,4.069754285989018,1,0
17,3,56.57106187418636,1,0,1,4,42,4.924754008362359,3,0
60,2,54.58626591502577,1,1,1,5,4,4.4631598852790235,1,0
7,5,60.77841630131758,3,0,0,4,27,3.4472359566198816,1,0
18,6,71.00889960277982,2,0,1,4,32,5.0,0,0
6,6,56.4863415356069,3,0,0,2,10,4.548804225806443,1,0
28,1,65.47453456522855,1,0,1,5,42,4.762548750298344,2,1
29,4,,3,1,0,3,5,3.19005201119015,2,0
34,5,68.17267696667389,1,0,1,5,22,3.3716196920310404,1,0
0,7,49.98362104827543,2,0,2,5,39,4.126766924205522,0,0
5,15,52.805952935310245,15,1,3,5,1,4.676790222870283,1,0
2,9,68.7559826270948,9,0,0,4,14,3.4930233120053256,1,0
9,4,57.96999858314235,2,0,0,5,22,4.63548158187266,1,0
10,5,48.310650947132785,3,0,1,5,21,5.0,1,0
4,3,60.66617088670725,2,0,0,2,8,3.62822338024458,1,0
19,3,71.6675198529337,4,0,0,4,46,3.4986289347488984,2,0
4,2,73.7107313467099,1,0,2,1,39,4.6331439291552625,5,0
28,1,75.31652286618771,0,1,2,4,29,3.4088779743386115,3,0
2,6,60.477688240158045,0,0,0,3,15,3.2676512697058566,1,0
6,6,65.73027549150896,3,0,1,3,58,4.971014826691748,1,1
14,7,76.57179661075726,8,0,1,4,45,4.558265814534798,1,0
13,1,50.4241314247125,3,0,2,4,46,4.83295198545991,1,0
1,9,74.66321191505486,4,0,1,4,51,4.090749850902183,2,0
28,4,70.46998977396099,4,1,0,2,29,4.0863915823230315,1,0
13,3,70.53131586513827,4,0,1,4,44,3.729147899529538,2,0
30,1,34.66270598954315,0,0,0,3,8,3.715013122688893,1,0
30,3,51.759784037139134,1,1,0,4,0,3.4831105381980163,3,0
11,3,50.75192407214745,2,0,1,4,58,3.135848711936591,4,1
36,2,81.34902453673419,0,0,0,4,37,3.524907993603997,1,1
28,3,46.73751496843647,1,0,1,5,7,3.7527344749096097,1,0
47,0,44.005101175230024,0,0,1,3,58,3.4573636417231555,7,1
28,1,41.76567223896178,1,0,2,5,58,4.554736020213233,3,0
25,7,54.39383410349276,10,1,1,4,51,3.017549888946605,2,1
9,1,66.04734821640459,0,0,1,4,17,4.05454424823564,2,0
3,8,87.54226336670499,6,0,1,4,26,3.1086483283447817,1,0
36,1,54.27054461399319,0,0,2,1,17,3.8435824795467908,5,0
19,8,48.63109760671406,5,1,1,5,31,3.0445243651068017,1,0
4,1,83.38253975828638,0,0,2,4,57,2.7683258812723737,2,0
6,6,85.67569547850725,5,0,0,3,48,4.29056145151631,2,0
17,3,33.61229300955194,2,0,0,2,31,4.011488810155946,2,0
9,7,52.23626830193824,6,1,2,2,52,3.349946280260058,0,0
1,11,63.23971819100154,5,1,0,5,47,4.988514072159244,0,0
2,10,62.81365117411926,4,0,1,5,44,4.139216719820413,0,0
20,6,93.2371568647232,3,0,1,2,53,4.487086569823023,0,0
5,3,51.733335289015784,0,0,1,4,35,4.5949540147234185,1,0
10,3,,1,1,1,4,35,4.936733166359884,2,0
21,6,48.38907399767728,3,0,1,5,20,3.8713765738156103,3,1
20,2,,1,0,0,1,45,3.1376642461411586,3,1
2,9,59.80067904177097,7,0,2,3,31,4.944657707258058,0,0
1,11,84.01582769351548,6,0,2,5,30,5.0,0,0
13,6,69.69274559294833,3,0,0,1,36,4.69170139242138,0,0
20,3,49.828030460087106,2,0,2,3,15,4.2263589962238735,1,1
2,15,72.94201828600401,9,1,1,5,45,5.0,0,0
6,3,78.03801518819277,2,0,1,4,45,3.506932450655528,4,0
30,3,81.87505863950939,2,0,1,3,13,4.013741433394014,1,0
43,0,38.94834372408209,0,0,2,2,56,4.108544161808067,4,1
9,3,64.21021839976872,0,0,1,1,23,4.146974626072349,2,0
1,7,,8,0,0,3,24,4.733569060937464,1,0
4,6,55.5673668533994,0,0,2,5,60,3.107748619300745,1,0
3,6,56.497110159693975,5,0,0,4,45,3.9642276251870365,1,1
4,5,64.22717510064139,2,0,1,5,50,4.56263183901071,1,0
10,2,67.20748616415509,4,0,2,5,34,3.8025375881740087,2,0
13,6,50.944754659329725,2,1,3,4,16,4.429042193517884,2,0
1,10,78.26751705708027,6,0,0,3,45,3.937218049240353,1,0
33,3,80.00272121161797,1,0,0,4,41,4.918323507954117,0,0
14,6,62.796486069854986,4,1,0,5,44,3.771796962390531,2,0
13,7,85.87855442117058,3,0,0,5,53,3.7386610834764626,0,0
65,3,58.81259480396803,3,0,3,2,3,3.8435388781170117,1,0
14,6,32.24327893282363,5,0,0,5,10,4.70157139136705,0,0
39,2,46.174453751784625,0,0,1,4,46,3.8141350446965316,1,0
5,7,53.340101235413556,3,0,2,5,14,2.8571139803777434,0,1
4,10,73.80464208509511,4,1,0,2,29,3.8853644851362774,0,1
10,10,45.27798101772467,10,1,0,4,23,4.304813360272089,0,0
10,4,59.083460047640074,5,0,0,5,1,3.7996583351291093,4,0
3,3,97.18198922601627,2,0,0,4,42,4.595328575689111,0,0
18,4,63.480800533287294,4,0,2,4,33,3.544771723197803,3,1
0,4,84.11723573995212,2,0,3,2,22,3.5407367354988293,2,0
17,1,42.024238251051514,0,1,1,3,60,3.908890374829019,1,1
9,8,30.0,6,0,1,3,30,3.9161245262382085,1,0
17,12,35.863816155517654,12,1,0,5,36,4.179684561274787,0,0
9,3,76.25253572702005,1,1,2,3,12,3.4594682686145934,2,0
56,0,56.503747840164394,0,0,1,4,32,4.379933928349762,1,1
6,5,55.08174272492407,3,1,2,5,6,5.0,1,0
60,1,85.84146981568816,1,0,0,3,31,2.6563801737152355,2,0
1,10,76.32427165397533,8,1,0,4,6,3.86898861039328,2,0
17,3,66.9949664952745,5,1,0,5,41,4.55316387631526,2,1
9,6,77.97702767787099,4,0,1,5,37,4.108663959681433,2,0
25,5,57.70136495896658,0,0,0,4,51,4.008578325504831,0,1
23,4,65.23174193271095,2,1,2,5,43,5.0,0,0
24,5,,3,0,0,2,12,3.4608998217974394,3,0
1,8,48.53664263504271,8,1,0,5,23,4.561673640172969,1,0
25,3,55.997526812346344,0,0,0,2,27,4.323311037573002,1,0
3,10,59.60801552944393,2,1,1,5,31,3.573879862183606,0,0
0,9,74.80308910628696,8,0,0,3,42,4.118090923645242,0,0
3,9,78.57411583995437,5,0,2,5,17,4.224321564225073,1,0
9,6,102.88940852325771,3,1,0,5,33,4.819346646393245,1,0
20,7,94.50919467091313,5,1,0,5,47,5.0,1,1
3,8,,3,0,1,3,33,3.669286360555017,4,0
1,13,37.680382845884914,7,1,1,4,50,4.721676513231249,0,0
15,9,81.47990236120025,6,1,1,4,37,4.730547591134277,0,0
61,0,88.36934158354109,0,1,0,5,0,4.175774754465549,1,1
13,5,62.100174627249665,5,0,0,2,42,3.502648053093381,2,0
17,3,34.57239477555554,0,0,0,5,49,3.8225483113585272,3,1
12,7,63.097429371658436,6,1,0,5,41,4.688732269542628,0,0
22,2,73.41415367565244,1,0,1,3,30,3.578033639827211,1,0
55,3,63.69025765845559,6,0,2,5,49,3.3152678762721304,1,1
11,7,53.920525852880544,5,1,0,4,59,3.3720206846350416,0,0
8,3,58.87150783155534,2,0,0,4,0,4.028112273069984,2,0
29,2,79.37744461677642,1,0,1,3,50,2.387944193563099,6,1
52,1,67.1232875305665,0,0,0,4,15,3.3523651066129125,2,0
2,4,82.09654185637885,2,1,2,5,57,2.8806521338694555,3,0
12,5,76.3334871711173,5,0,0,4,38,3.4336477372928726,1,0
23,0,57.09286208516306,0,0,1,4,14,3.3359563547454987,4,0
11,4,72.59984003916857,3,0,1,5,60,3.0468090762839317,2,0
7,3,82.55501690839712,2,0,1,5,32,3.76182118749556,1,0
15,4,62.259515408332504,4,1,0,2,22,3.4614267527262674,0,0
4,6,70.09582439558883,3,0,1,5,52,4.05634064512828,1,1
6,4,37.199727281237315,1,0,1,4,40,3.6538069157072455,0,0
72,2,53.37746687678055,3,1,1,3,33,4.484969035752427,2,0
15,5,57.78782266266825,3,1,0,3,16,4.20502320462621,2,0
30,1,44.65467440598037,0,1,1,4,24,3.1946691422863136,2,0
24,3,61.97353074128551,3,0,1,5,55,4.140518779270944,4,1
15,3,85.4438094784064,1,0,1,4,41,3.1985933994724873,1,0
27,4,64.64174368632936,0,0,0,5,5,4.245304439357709,3,1
5,8,80.06073167368575,2,0,2,2,30,5.0,0,0
15,6,70.6377252690333,5,0,1,4,4,4.23857064340831,2,0
13,4,85.8081824186042,1,0,0,5,39,3.3497112951722725,1,1
14,10,59.070822117235124,10,1,2,5,39,4.180604036643128,0,0
2,12,49.96216265535447,6,0,0,3,29,4.034301188145837,1,0
4,8,71.74420269738332,4,1,0,4,4,3.8172998194121446,0,0
5,9,36.485032244549146,8,0,1,3,11,4.051446902019014,1,0
13,3,68.95420286732164,2,0,0,4,6,3.9220498685587746,1,0
53,1,,0,0,0,5,44,4.237739838568169,2,1
46,2,46.914680970137006,1,1,2,5,12,4.418237537978584,0,0
3,7,65.25627778630012,2,0,0,3,48,4.687442745874652,0,1
5,5,40.903333227632075,2,0,2,5,3,3.0186316265657247,3,0
0,7,53.854532181480586,1,0,2,4,49,3.504686176456772,0,1
7,8,40.305996820694304,12,1,0,4,41,4.816183208324152,1,0
26,4,70.6718711768533,2,0,1,4,2,3.8726548159262837,1,0
37,2,,2,0,0,4,11,3.8983210241707607,3,0
4,7,,3,1,2,4,0,4.332690294860627,0,0
4,12,92.95651820193244,13,1,1,4,26,4.007905260907114,0,0
3,1,56.48600850667502,1,0,0,4,42,3.7819168886472885,2,1
6,3,39.98735167421011,1,0,1,3,49,3.6571897600909735,1,0
24,4,38.57414940316496,3,0,1,5,12,3.134280875175118,0,0
15,5,,5,1,0,4,16,3.734773935130911,1,0
23,3,64.85092770320944,1,0,2,2,7,4.1262213751857075,4,1
13,5,97.46779389610344,6,1,1,5,31,3.7194304849479782,2,1
4,5,43.953044563599825,2,0,1,5,19,4.358874789472986,1,0
3,9,50.52215437757006,4,0,2,5,50,4.065279035619149,2,0
0,8,67.16735803204432,3,0,0,4,16,4.733627461535387,1,0
22,4,61.45976422398751,2,0,0,2,33,4.816878020854756,0,1
28,2,50.96757845739078,0,0,2,4,34,3.7704222576021937,4,0
21,1,59.3512442583505,1,0,0,2,34,3.8467115174907653,6,0
1,11,,5,0,2,5,37,4.118647096259258,0,0
21,4,53.30046542946875,0,0,0,3,41,3.0955003673670287,1,0
0,9,43.33791611044073,6,0,0,3,23,3.143230224886204,0,0
1,4,75.64238098401594,3,0,1,4,53,3.816858583183657,3,0
8,2,71.1254655499662,0,1,0,4,17,3.168877641403373,1,1
9,4,59.21794902512528,2,0,1,5,49,5.0,0,0
25,2,60.23820562924088,0,1,1,4,45,3.528796406640125,0,1
17,4,63.35475162618123,5,0,2,3,47,4.1394731971186145,1,1
2,7,53.17051114342775,4,0,0,3,38,4.071604457142757,0,0
3,10,34.66295503360708,4,1,1,4,32,3.331906521652576,1,0
5,8,54.89433826271624,3,0,0,2,48,3.7189298564667004,1,0
1,4,67.3176744067463,0,0,1,4,22,4.030910687894985,1,0
5,6,74.28560955582957,4,0,0,4,24,4.21386516879214,0,1
19,6,61.0763184433661,4,0,2,5,36,3.751944201820798,2,0
4,6,50.95283412262657,4,0,1,5,26,4.187639216799557,2,0
27,5,,3,0,1,5,0,3.4745003255231577,0,1
9,1,62.61051020430908,1,1,1,5,20,3.6105368280518464,2,1
5,6,44.38159829107513,2,1,0,3,58,5.0,0,0
7,9,33.00548636602646,5,0,1,2,48,3.4414580983035004,2,0
18,5,51.924257554216894,2,0,0,3,9,4.590069426608228,3,0
10,9,82.86836896392768,10,1,0,5,30,3.6705767075586273,1,0
0,6,68.33428007242354,7,0,1,5,43,3.448047972188004,1,0
38,3,82.26281157118578,3,1,3,5,24,4.154353855864925,0,0
1,10,59.48649747026817,7,0,0,2,19,4.684360281211553,1,0
41,3,59.42665056024415,3,1,3,5,56,3.6446986255230893,0,1
0,5,30.0,4,0,0,4,1,2.7383108175651127,2,0
22,5,31.294422937372772,4,0,1,1,54,4.723957173053042,2,0
11,4,66.9078459174089,5,0,0,4,47,3.0717962907956955,6,0
10,2,62.87106547792673,0,0,0,1,14,3.017802628192792,3,0
1,5,30.0,1,0,2,4,27,4.101626059935671,2,0
4,2,61.98060304020853,2,0,0,3,12,3.614741304067344,1,0
22,8,75.08204008564046,8,0,0,4,49,4.375977494473099,0,1
33,6,64.71442676647608,4,1,1,4,59,3.639358634968732,0,0
11,2,52.01206532819124,0,0,0,5,51,3.452996628994512,2,0
6,9,30.0,2,0,2,5,53,3.330708024093687,3,1
0,5,66.06940710089185,1,0,0,4,13,3.4646947044905287,1,0
17,4,46.65101282509068,4,0,2,5,49,3.903986050524308,1,1
4,1,67.66714924436752,0,0,1,5,1,5.0,1,0
0,6,70.47357163605355,5,0,1,2,33,3.9753453600784567,3,0
16,5,73.8119666475133,2,0,1,4,34,3.8295597367815244,1,1
9,5,65.7164274164987,2,0,0,3,36,4.055229496806657,0,0
0,7,54.807814214386575,6,0,0,1,24,2.8987788258633933,4,0
1,12,68.78831215193073,5,1,1,5,47,5.0,1,0
18,5,44.78388100584485,7,1,0,5,53,4.46715039297823,4,1
0,12,79.8087599268951,13,0,2,3,14,4.9551295387147185,0,0
30,4,49.763560842107594,0,1,0,5,11,4.435472882405615,0,0
5,8,87.1767410251872,4,0,1,5,8,4.906668517314013,1,0
1,11,56.26469570853118,6,0,0,5,57,4.498858844169808,1,0
21,3,67.41949798777875,1,0,1,3,30,4.387556349841277,0,0
11,9,61.886292841920486,10,1,1,5,13,3.958825058380799,0,0
5,8,32.98383143306715,8,0,0,3,28,4.3106617167827395,2,0
7,3,68.04557875059727,2,0,0,4,52,4.866052615366673,2,0
0,12,48.46236848408687,11,0,0,2,47,5.0,0,0
16,2,58.197481400731355,1,0,0,1,42,3.309088314693801,2,0
6,4,60.70859149565953,2,0,2,5,37,2.909975467161873,4,0
18,4,44.56060036228891,1,0,0,4,41,4.211180443108936,0,0
14,3,50.93277383360319,1,0,0,3,59,3.4641202097123927,3,1
15,2,78.83997427787246,5,0,0,3,7,3.5709471881439514,5,0
23,5,40.246476925701,3,0,1,5,47,3.766096227833038,2,0
14,4,68.86429247893871,5,0,0,1,2,3.382228917508912,4,0
8,9,54.32244221678343,4,0,1,5,1,4.954684803764664,2,0
7,3,74.99286802890536,1,0,1,2,15,3.6833480351183767,2,0
1,4,70.5907712582723,2,1,0,3,18,4.059353407606606,1,0
22,4,49.58021404930797,1,1,0,4,29,3.2045518466726732,0,0
21,2,70.27187384944536,0,0,1,4,40,5.0,1,0
4,9,51.45687689599086,7,0,0,4,15,3.2156939396746482,1,0
29,4,85.65921671246652,4,1,1,3,30,4.022494710458554,0,0
13,7,61.8058622994026,9,0,0,5,53,4.749043251002465,0,1
9,3,54.92410424919992,1,0,0,4,57,3.485848973705147,1,0
0,9,53.6992596427078,6,0,0,1,27,4.200472584609962,0,0
7,7,,3,0,0,4,3,4.628173321099512,5,1
15,4,55.59934166317011,4,1,1,5,9,3.953540504075145,1,0
1,9,70.77360089978514,6,0,0,3,50,4.406136760683305,3,0
9,3,52.550447642082844,4,0,1,2,44,3.112833585303711,2,0
75,2,47.40854412019543,0,0,3,5,17,4.163179857586143,2,1
18,4,76.10306990975468,2,0,0,4,46,5.0,2,1
11,1,80.4132922694735,1,0,0,4,31,4.736477962531879,1,0
11,6,48.308959917626794,4,0,1,2,29,4.88247360425704,1,0
0,11,55.62122827843299,10,0,1,2,35,4.8128737494222635,2,0
47,2,78.6525031943859,1,0,1,4,8,3.6791813078525646,4,0
39,4,66.88584539155912,3,1,0,3,35,3.0313892922159633,3,0
17,4,83.98017471207082,3,0,1,4,28,3.0802772299019603,4,0
1,2,70.47679461967773,2,1,1,4,15,3.8037228957934603,2,0
3,6,67.2704724573642,5,0,0,3,27,4.427301677713925,1,1
3,5,54.56649960420141,7,0,0,5,20,3.733844257553348,1,0
10,5,45.34716951469298,6,0,0,5,46,4.675581723941214,1,0
3,7,41.900770437070065,5,0,0,5,55,4.25370008210481,0,0
17,2,59.55649304593135,1,0,1,2,1,3.9693724632766494,2,0
11,2,81.1301429766097,2,0,2,2,59,4.19776535750081,2,0
0,14,44.28301168163622,12,0,1,4,58,3.7378128644093804,0,0
20,3,58.14758708660395,0,0,1,3,45,3.1494885814865636,4,0
3,11,35.10480164362933,6,1,1,5,34,3.8804421295613523,2,0
26,2,80.7649294140571,1,0,0,3,53,4.000313112959688,0,0
6,5,47.85840884627693,6,0,0,4,27,3.8384123514327486,2,0
6,5,94.02452120579088,5,0,3,4,54,4.2190716260996535,0,0
0,13,66.92578098701192,7,0,2,4,35,4.505936302530164,1,0
66,5,83.15046194662325,5,0,0,2,30,3.940812385396081,1,1
14,4,33.95965708760327,1,1,1,4,32,5.0,1,0
8,3,30.0,1,0,1,3,22,3.4154571777072302,1,1
1,8,54.236068038751434,6,0,2,5,59,4.128671351956253,2,0
18,4,60.61950430320844,1,0,1,1,40,5.0,0,1
4,6,69.37596351453978,3,0,1,5,16,3.5929669106952966,1,0
66,0,83.10279988461986,0,0,0,5,45,2.8718754142853298,4,1
45,2,55.36248675498755,3,0,1,3,48,4.638723514078072,1,0
19,3,53.62074695937446,1,0,1,5,0,4.498596857675562,3,0
53,2,56.58886373575383,3,0,1,1,41,3.119119817723405,3,0
1,8,65.49021913858563,3,0,1,5,22,4.226671799222819,2,0
4,9,41.36482303781582,6,1,1,4,47,4.888240810702738,1,0
4,10,33.05424209274248,5,1,1,3,26,4.11302119184161,0,0
1,12,64.88246809213356,12,1,2,4,24,4.79145632984048,0,0
53,3,,2,0,0,2,31,4.624770306534268,1,1
0,13,77.13543527156543,9,1,2,5,18,4.89123964654724,1,0
29,2,30.0,4,0,1,1,23,3.836402290805062,2,1
21,2,48.221800783486216,0,0,1,5,56,2.6105553389405425,1,0
7,4,39.7163321469571,1,0,0,4,2,2.8031879745209456,1,0
0,9,49.90208234132278,9,1,2,5,59,4.4860358172955275,0,0
0,10,46.80497454950783,3,0,0,3,11,4.414086356821319,2,0
3,7,76.87910017447452,9,1,1,4,34,5.0,0,0
10,6,102.13705618769198,4,0,2,4,14,4.124972706299713,0,0
9,6,41.61175294775995,6,0,1,5,16,3.7261734805389146,0,0
13,3,49.6039499156733,4,0,0,2,49,4.651857919978063,2,0
22,4,57.829713824679814,3,0,2,3,31,4.570786996223819,0,0
7,7,44.10724822548177,4,0,0,3,6,4.119976969637518,0,0
2,6,68.38123369748931,3,1,2,5,18,2.963820378428566,2,0
24,1,39.2152488700808,0,0,1,3,6,4.164591223056836,1,0
6,5,69.14964814663048,2,0,0,4,4,4.945282618529191,1,0
5,4,61.3369035688496,2,0,0,3,57,4.988482596181734,2,1
21,4,71.3221023653984,4,1,1,5,39,3.9915785724349226,1,0
40,6,59.82760857204965,11,1,0,5,20,4.726107920163944,0,0
36,0,70.99071768908044,0,1,0,4,47,3.605927433574276,3,0
2,9,67.97139463497783,9,0,1,4,47,4.69951118624248,1,1
10,3,57.29308052244098,2,0,0,3,50,4.486747435731596,1,0
1,10,68.37390098263717,8,0,0,1,56,3.2338407418798276,0,0
48,1,81.36556347929451,2,0,2,3,46,3.698261471551149,3,1
3,8,33.2018239089451,6,1,0,5,6,3.2996067822048345,1,0
3,8,30.0,9,0,0,4,36,4.47704260142013,1,0
32,2,79.47480713876023,3,1,0,5,22,3.9739936298352805,1,1
51,2,73.49212877727264,1,0,0,4,10,3.9665198906679624,3,0
17,6,81.44414828985515,4,0,3,5,9,4.602473272236156,0,0
1,8,58.37561133808126,8,0,0,4,56,4.403029781819683,1,0
9,9,86.30588611752312,8,0,0,4,20,4.57523189707586,0,0
25,4,103.3997203703949,1,0,0,3,54,4.622555989902312,3,1
12,4,,2,0,0,4,58,3.9563865590433496,1,0
2,6,68.72603507542091,9,1,2,4,40,4.412725024189238,1,1
2,6,71.01722914564202,4,0,0,5,32,3.491043406563929,0,0
29,5,62.52799473191108,2,0,1,5,19,3.9497618258707377,0,0
11,3,64.82393250099169,0,0,1,3,32,4.807088797345253,3,0
18,7,66.7311110964476,5,0,1,1,39,3.5098769809930808,1,1
7,1,94.08833520847907,1,0,1,4,34,4.299691215858827,2,1
11,8,48.58951436937009,5,0,1,4,33,4.882222071516254,1,0
56,0,56.662663712417796,0,1,1,3,35,3.8210925400365108,3,0
6,9,60.04489007960731,5,0,2,5,26,4.27650216792012,2,0
16,2,69.40680690414527,0,0,0,5,18,2.9912448789928265,3,0
2,9,63.6872357777926,8,0,1,5,42,4.676860216619102,2,0
1,13,40.69566076149993,10,1,0,3,4,3.9355337848135785,1,0
22,2,61.10749119525617,1,0,0,5,28,4.166003298816562,2,0
27,6,58.42356960839362,7,1,2,5,55,4.452937820607824,0,1
16,6,59.87144748558794,4,0,1,4,9,3.236220590415034,0,0
2,9,72.60000157964652,7,1,0,4,55,4.243717020448133,0,1
4,6,77.93778943742676,2,0,1,5,58,3.528271642471678,2,0
36,1,47.40487346298136,1,1,0,4,54,3.8822440342147457,2,1
5,4,88.9303270054483,2,0,0,4,39,4.638687277082425,2,0
25,5,37.54838211115084,3,0,0,4,12,4.369235962140899,1,0
5,5,49.33577511268597,1,1,1,4,28,4.164067024599508,1,0
42,3,56.67032614634654,1,1,0,3,4,4.368960450251977,1,0
36,3,70.5589857426055,1,1,2,5,57,3.4749099811986115,1,1
0,7,,7,0,0,5,57,4.479227205703472,2,0
22,4,,0,0,2,4,58,3.8629283575546403,2,1
2,11,33.04853293958485,5,0,0,2,11,2.711174386498847,2,0
3,2,83.24905932497603,0,0,1,4,58,4.744954242051687,2,1
9,4,53.78566791128764,2,1,1,2,12,3.4326495097649676,6,0
12,9,61.417897224408065,6,0,1,2,21,3.877135280476441,0,1
5,5,30.0,1,0,2,4,39,5.0,1,1
12,5,71.14132201803963,5,0,0,4,14,4.362047896265069,0,0
2,5,57.68607541028038,3,0,1,4,12,3.4135674534931124,0,0
0,7,77.59694037769889,2,0,1,2,0,3.655876507406058,1,0
12,3,39.13254468759197,2,0,1,4,53,3.7596377112667985,4,0
10,9,81.44799823605845,9,0,0,3,37,4.910872083501953,2,0
17,5,34.25645813105784,5,1,1,5,42,3.9450967542443975,1,0
15,4,63.79128937357618,4,1,1,4,44,4.269551103494494,1,0
34,1,38.10875797956442,0,1,1,5,52,4.625397178356127,0,0
9,3,89.41072036587406,2,0,0,3,51,3.389171480645905,4,0
0,10,74.26158377450355,6,0,0,2,0,3.95924090316006,3,0
14,7,83.92356497226159,7,1,1,5,10,4.381033368296942,0,0
16,4,56.04248038293154,1,1,1,3,57,3.420036574327827,3,1
11,2,55.31641208236681,1,0,0,4,42,3.639579562979522,0,1
17,6,59.390731174476834,5,1,3,4,39,4.685204872369972,0,0
5,9,57.95229994408355,7,0,0,1,21,4.965018722828753,0,0
2,10,54.085720403944855,7,1,0,5,34,4.2533979373162305,0,0
16,4,56.784715798401244,0,0,0,4,59,3.854006958821561,2,0
4,3,77.62751760349082,1,0,1,3,50,3.682495825492995,3,1
9,1,74.5380981109642,0,1,0,2,43,3.751989454228545,1,0
10,4,42.42047598486435,2,0,1,3,5,3.503974926007263,2,0
9,8,70.68798459152487,4,0,1,5,27,2.907512167539145,1,0
13,4,39.02851893472993,1,0,1,5,30,3.08347527353754,0,0
0,3,82.37642932970033,5,0,0,3,54,4.470112842275335,2,1
68,0,45.696685833271914,0,1,2,2,7,4.749105050838327,2,0
18,7,71.91676403885175,3,1,0,5,4,3.5360011853982,1,0
8,5,69.55566241817263,5,1,1,4,41,3.862437202365268,3,1
3,13,55.42542693896067,6,1,1,4,53,4.3953185457272665,0,0
1,6,54.25383812212774,5,0,2,4,47,3.8152594986327824,2,1
16,3,56.54593577157423,4,0,0,3,43,3.7443910486345846,2,0
5,12,67.33240627633391,5,0,1,5,16,4.615549530509318,1,0
3,4,72.655755085008,3,0,1,5,37,4.882053153603215,2,1
7,7,93.18127673909787,5,0,1,3,8,4.4522875915392754,0,0
13,3,86.08362657641446,1,0,0,4,9,4.349332576788462,1,0
16,8,68.69549129978304,8,1,0,4,19,4.247890050867565,0,0
15,4,63.975994843395654,4,0,0,4,13,4.38959384776556,3,0
29,0,51.93484234732213,0,0,2,3,13,4.101024208022483,4,0
3,12,69.75047625225845,8,1,2,5,25,4.090430416997692,0,0
15,2,80.62144762147426,1,0,2,4,28,4.264735906209583,1,0
1,13,77.29561666890342,9,0,0,4,48,3.9466837439788045,1,0
11,2,64.26038563302309,0,0,0,3,26,3.879888299825967,1,1
13,3,,1,0,0,3,24,3.365464720065899,0,0
3,8,62.09019370802662,5,0,1,2,15,5.0,2,0
7,11,,13,1,4,5,35,5.0,1,0
26,3,77.81261152529191,0,0,0,3,33,4.427584125828156,1,0
2,5,,5,1,0,5,15,4.274727782250299,2,1
8,11,74.32666760403463,11,1,1,4,32,4.3358327245358685,0,1
40,2,75.94328935701766,0,0,0,4,2,3.0745840609711608,4,0
10,2,55.64267272297788,6,0,1,4,22,3.3672499665104243,3,0
19,4,51.36127849112884,2,0,0,4,10,4.116183910258738,3,0
26,7,85.43011210181355,3,1,1,2,47,4.6941235729462285,1,0
3,8,70.72136424283198,5,0,0,3,57,3.8687926724038038,1,0
3,14,,15,1,1,5,17,4.980606061605323,0,0
21,2,51.879213220384344,0,0,1,5,46,3.2837574192981083,3,1
20,5,30.0,2,0,0,3,40,4.20900985465638,1,0
0,6,67.19753278004383,8,0,2,4,43,4.5058101895460005,1,1
5,10,67.29073605823977,5,1,0,3,28,5.0,0,0
7,12,70.29754260996613,8,1,1,3,58,4.850826904995846,0,0
26,7,60.02114784093947,6,0,1,1,49,3.7085163780282895,1,1
8,3,51.58383384276,2,0,2,5,4,3.755257876523197,3,1
39,2,64.04615435514044,0,0,2,3,23,3.0146046794901915,4,0
85,0,78.88150738556314,0,0,0,3,28,4.28817961849205,3,1
22,3,68.24513708621916,1,0,1,3,28,3.8480861760179383,2,0
16,2,39.853191477020715,1,0,0,2,59,3.4163141126958596,4,0
7,11,57.28466602610886,8,0,1,4,25,3.972546716909741,0,0
1,9,50.281471604574506,7,1,3,2,39,3.7466041232785297,0,0
12,3,83.9362772880027,0,0,0,2,2,3.5875290088509546,1,1
6,6,56.74885457836703,1,0,2,4,1,5.0,1,0
6,4,82.46338751589684,2,0,2,3,24,4.104409748304613,0,0
17,2,,2,1,2,5,18,4.7773541298759845,4,0
9,2,53.84757415807997,0,0,2,4,39,3.632025226655704,1,1
20,1,45.60706039892988,1,0,1,3,1,4.683738258004691,1,0
7,6,54.710704343170626,4,0,1,5,18,3.667351002978351,0,0
2,6,60.1908973839763,5,0,1,2,0,4.556857404322891,4,0
9,6,43.23170409562482,3,0,1,4,26,4.679769505501416,1,0
45,3,69.60127174181686,2,0,0,4,53,3.7724400755781775,3,0
24,3,47.281044174429894,0,0,2,3,44,3.1226818754811987,1,0
3,12,38.12957075406315,10,1,0,4,54,4.579587040258064,2,0
7,11,40.19438441286978,8,1,1,5,51,4.324891784744212,1,0
39,0,52.795521789944075,0,1,1,5,48,3.3011088979786125,2,1
1,6,68.2187503506989,5,0,2,4,34,4.824530046638461,1,0
4,8,84.60068442745771,8,0,0,4,40,4.441007315041852,0,0
4,4,56.400317922660484,3,0,1,3,4,4.229025872187765,0,0
12,7,64.9877599732202,8,1,1,3,37,4.016294484075057,2,0
7,15,58.941448775428704,10,1,2,4,3,3.9540894398942346,0,0
1,15,30.0,14,1,2,4,16,4.538285118403512,0,0
14,5,65.66527164137658,4,1,0,5,52,4.084037145266431,0,1
1,8,59.67388322116946,4,1,1,4,20,4.825797206148877,1,0
13,6,36.35040653309714,5,0,1,4,52,3.590890563685793,1,0
10,5,85.35053172569948,1,0,1,4,47,4.057064062215828,5,0
10,5,69.00073452616164,2,0,1,5,30,3.521932255149369,1,0
1,7,35.00816704750261,5,0,1,5,47,4.041306592192193,1,0
15,4,67.85377933288073,1,1,0,4,21,4.273223318154345,0,0
8,8,105.39399259139333,2,0,0,3,10,4.2051664801136965,0,0
7,5,60.09813449236572,2,0,0,5,33,4.488779699608341,2,0
13,2,70.35899186500086,2,0,2,1,48,3.7347782177086057,2,1
13,7,51.47789195465743,3,1,2,5,14,4.574918573024622,0,0
0,6,53.2635062589584,6,1,0,4,49,4.0286203045757665,1,0
2,13,83.46080368379191,9,1,1,4,60,3.7898865913081146,2,0
4,7,69.5367587420998,4,0,0,4,9,4.662598585124822,3,0
16,6,76.04669702381011,4,1,1,5,37,5.0,0,0
12,7,56.47364346733519,4,0,0,1,31,4.12709217055201,2,0
21,7,66.78370934504949,7,1,2,5,52,3.687023142533071,0,0
20,4,58.85178077655128,3,0,1,4,47,4.013433621787941,0,0
28,8,69.21701448370281,8,1,0,3,30,4.08205941865288,1,0
7,8,58.29758572510021,4,0,0,2,36,4.422284389806413,2,0
6,11,86.67372058507068,8,1,1,4,43,5.0,1,0
26,3,56.4561127069333,4,1,0,4,27,4.8527245314813445,3,0
4,4,66.38499085918701,1,0,0,4,30,3.885011742973395,0,1
9,8,32.99202650620093,4,0,1,5,5,4.499385338067007,1,0
3,8,77.86509737909051,3,1,1,4,13,4.522774853466079,3,0
36,3,42.385563151171695,5,0,1,5,57,4.007190069013843,2,1
7,8,50.30580136576485,9,0,0,4,22,4.439246083757647,0,0
3,5,41.42932638362442,7,0,2,5,15,4.946854656027383,0,0
17,7,38.62778823722921,6,0,1,2,24,3.7459795075779527,1,0
4,6,74.58110049995818,2,0,1,4,38,4.348069984474821,1,0
43,1,48.144150727245446,3,1,0,3,1,4.350449553267153,2,0
6,8,38.11190872624764,4,0,3,4,37,3.311655699582822,2,0
16,7,37.205225602882024,5,1,1,5,40,3.1478194161815303,1,1
6,2,76.62423786678028,4,0,1,2,38,4.005626869903303,3,1
24,4,54.55454213136711,3,0,2,2,33,4.76554693190535,4,0
34,5,59.25557464276752,5,0,0,5,50,4.2890695208972325,1,0
23,1,73.83076333674424,0,0,2,3,39,3.6792568735379065,2,0
28,0,68.87206400299573,0,0,1,5,42,3.69271274572333,2,1
1,5,62.887745707973735,2,0,1,4,24,4.018454519507654,1,0
38,5,79.0623481530051,2,0,2,5,35,4.8533897194471445,2,0
14,4,40.69911356621921,1,0,0,2,15,4.193573486485054,2,0
30,3,55.38533976749907,1,1,0,2,56,4.912403561609046,1,0
17,3,73.61066416988737,2,0,2,4,17,4.963033044871527,0,0
3,8,87.67404850665558,2,0,2,5,12,4.381168218573104,5,1
14,3,89.3265770251537,3,0,1,4,58,2.779284781912601,3,1
1,4,42.05678526871253,2,0,1,3,36,4.53276404003034,1,0
17,2,61.11664030972874,3,0,1,4,26,3.714831045302278,3,0
7,6,67.38689416080645,7,0,0,5,33,3.6014584042749864,1,1
2,7,57.54712197444985,6,0,0,5,10,3.7885428703739317,2,0
58,1,70.42516021521948,0,1,1,5,0,3.6783319086339916,2,1
34,4,93.8927060240482,4,1,1,1,12,4.683237436032863,0,0
33,3,46.50124403284711,2,0,0,2,29,3.1666579432405726,3,1
23,1,41.17961379732964,2,0,0,4,4,2.9542716646660656,3,0
17,0,69.55484842501933,0,0,0,5,17,3.1877822328961565,4,1
15,4,53.03142094105941,4,0,0,3,13,4.450637904447233,1,0
1,6,,4,0,1,3,12,3.4996955724501837,0,0
34,5,62.914355131651654,2,1,2,5,31,2.7716464516599775,2,1
31,5,57.20558770602421,3,0,0,2,6,3.7795276127723163,1,0
20,4,49.64174609851554,0,0,0,4,7,3.6993143683365366,1,0
39,2,61.445653010889174,1,0,2,4,49,4.175889320286748,1,1
12,2,,1,0,0,4,6,4.3669464256657635,1,1
8,6,76.74463899621897,6,0,0,5,51,4.345889583004039,0,0
51,0,61.56802140605726,0,0,1,4,48,4.224385965263773,4,1
9,11,40.881844189786186,10,1,2,4,15,4.495693458413951,1,0
15,8,80.99314962827724,5,1,0,4,42,4.3188518075169195,0,0
7,11,57.93666314856077,6,1,0,4,30,3.336605693701475,2,0
15,5,91.27800398945871,7,1,0,4,50,3.764491071578092,0,0
19,3,55.952686637235566,2,0,1,3,26,3.1365770222294196,1,1
14,8,48.01833517112579,6,0,0,2,59,3.445942771893182,1,0
10,7,55.51753569537647,4,0,1,2,32,4.325544258495864,1,0
5,11,58.48552371570297,10,0,1,3,52,3.7573468151083746,1,0
15,7,56.145875600745605,5,0,1,4,28,4.794465038542869,1,0
35,2,50.5095336556925,1,0,2,5,7,5.0,2,1
0,6,,2,0,0,5,32,3.2179488932242353,2,0
2,11,84.75314125882758,5,0,1,5,40,5.0,0,0
1,12,56.22240465297142,8,0,1,4,18,4.41809754213678,1,0
38,3,92.18564790893157,3,1,0,4,20,4.059592222956124,1,1
16,3,75.66900584345274,3,0,1,4,40,3.105915678920367,2,1
45,2,59.05442801879022,1,0,2,3,20,2.912087548354906,0,0
13,5,69.87210536387215,5,0,1,2,24,3.7225514650960676,3,0
9,4,52.04714184296279,2,1,1,4,41,4.823347718279811,0,0
23,0,75.99555909617492,0,0,2,5,55,3.777544985789739,1,0
2,12,79.94271555214584,8,0,1,3,22,3.683036451876169,0,0
7,7,68.94758420404884,5,1,0,1,10,4.188561352079907,0,0
9,8,52.41333621512344,3,0,0,5,32,4.779293978554483,1,0
5,10,68.92699306822387,6,0,1,3,19,4.5087678341119934,0,0
6,8,49.56339309833461,2,0,2,5,24,4.186848131166268,0,0
1,10,39.21819512805618,6,0,0,5,25,4.466906146725962,2,0
3,6,63.91318754522418,5,0,2,5,39,3.931300073902475,2,1
6,5,35.55081145699799,1,0,1,4,51,4.763192178905095,3,0
23,6,53.770620075547306,7,1,1,5,11,4.20038275258613,1,0
3,6,65.51952435708878,5,1,1,4,31,3.6533981490495617,1,0
6,4,83.46135971510225,0,0,1,4,32,4.299833634340912,4,0
1,8,50.41069357017317,5,0,0,4,9,2.577749056340024,2,0
12,4,44.81432334749011,1,1,0,3,3,4.035070359178657,3,0
14,9,71.83620763973116,5,1,1,4,14,3.8691251918772243,1,0
30,6,63.261718777290184,5,0,0,4,50,3.707321716307391,0,0
25,2,61.12123666077298,1,0,1,5,5,3.306401705491742,3,0
5,3,37.6870692586306,2,0,1,5,26,3.5031973354411137,1,0
2,9,76.29658773942708,7,0,0,5,4,3.9431898124151634,0,0
2,7,30.0,6,1,0,2,4,3.506350703183796,2,0
52,0,62.92716907537193,0,0,0,5,17,3.6505774990265207,2,0
16,2,78.3900590494654,0,0,0,4,27,3.8757032870034713,2,0
0,7,61.714434074107444,5,1,3,5,34,3.4183492278916816,1,0
2,12,56.3012522744591,12,0,0,5,58,3.553113761142367,2,0
9,3,44.44247623342753,2,0,2,2,21,3.810946101945782,1,0
3,7,51.425209315587104,3,0,1,5,33,4.413926704206933,1,0
24,4,92.89585620808329,3,0,0,1,3,3.0158637984445043,3,0
12,2,51.78069899623445,1,0,0,4,17,3.3839120619423424,0,0
14,7,66.8351703021492,2,0,1,4,40,4.282421997288723,1,1
9,11,47.49500858160706,7,0,1,2,50,4.0596936332138025,1,0
4,12,55.462425425556056,13,1,1,5,25,3.752400037688872,1,0
13,6,35.56795488654504,2,0,0,1,41,3.4850806544475867,2,1
18,3,59.255844266432675,1,0,1,3,21,3.610446300023277,0,1
6,5,54.57218982093642,3,0,0,4,46,3.3223787028151928,2,0
10,8,80.24884863361099,12,1,0,5,32,4.60385935959631,3,0
27,3,47.32451180109237,0,0,0,5,60,3.4601723588355733,2,1
2,16,53.57171121397686,13,1,0,5,42,4.030797572354436,1,0
11,5,73.56753590207376,1,0,1,5,13,4.5680124859080715,1,0
6,5,59.49893436474467,3,1,1,4,30,3.653065097588426,0,0
18,4,57.545564427310346,4,0,0,1,9,5.0,0,0
0,10,57.4006994936775,14,0,0,2,50,4.082508707652133,1,1
16,5,45.14573359689143,5,1,0,4,23,4.812006151006473,1,0
1,9,53.501815167162725,3,0,1,5,20,4.110413118662523,1,0
1,13,61.20087100265063,7,0,1,4,47,4.8127733273909,2,0
19,2,42.56409795503046,1,0,1,5,7,4.764048520520015,2,0
15,4,44.056471388396446,2,0,1,4,31,4.3469739936894385,0,1
33,3,78.23819098328255,0,0,0,2,30,3.6019951416823854,2,1
10,1,67.51081121123474,3,1,0,3,33,3.5999870690885647,0,1
11,6,64.52979491710263,4,0,1,5,22,4.2542652361515465,2,0
18,3,51.843943233560694,3,1,0,5,24,4.045768773224944,1,0
5,9,63.31255746942519,6,1,0,5,6,3.8230181731781543,0,0
0,7,30.0,4,0,0,2,18,4.6836569487949875,2,0
3,6,41.89324746017519,3,0,1,5,6,4.07965247663121,0,0
4,10,69.37870221020599,9,1,2,3,46,3.289003154729489,1,0
6,4,49.876694261143804,5,0,0,1,7,4.0630144007168045,0,0
43,1,56.852300929724805,0,0,1,5,13,3.4833676204796276,4,0
24,0,65.37778885184656,0,0,1,3,0,3.821049898182304,5,0
41,2,48.71567489824005,1,0,3,5,60,2.2898140806592844,1,1
90,0,50.70525425102389,0,0,0,3,12,2.6868196671601225,3,1
8,3,54.61358061978,4,1,0,4,2,4.703503437637319,3,0
3,15,62.269838649532026,11,1,1,5,52,4.429143189683439,0,0
12,4,35.54758935737942,3,0,0,3,27,3.8022962336919597,2,0
31,4,64.52508505394457,3,0,0,5,37,4.427745657125966,0,1
9,10,59.6467469271284,4,1,2,3,50,3.6757678194534917,0,0
10,9,61.64241945296804,5,1,1,4,14,4.099421373012016,0,0
2,13,48.891993957202885,4,0,0,3,35,4.376625207557809,0,0
8,5,59.23682834879816,1,1,1,3,52,3.3589909338197916,1,0
7,4,74.34273009393557,3,0,0,3,2,3.683081439994946,1,0
6,9,70.21439137037513,5,0,2,3,3,3.1904579912169977,0,0
32,4,78.40527620911232,3,0,2,5,4,4.658828155422092,2,0
0,9,46.495657380074405,4,0,1,4,49,3.58619716761904,1,0
53,2,70.24356963308557,2,1,0,3,25,3.4061222834484357,2,0
0,12,50.64182469198117,8,0,1,4,24,4.86160067933953,2,0
43,2,30.0,0,0,2,3,9,4.047563925421964,1,0
11,6,73.9832445854026,3,0,0,5,7,4.003857462460355,1,0
18,4,71.58429573088337,2,0,1,5,11,3.7888136035692916,1,0
3,11,82.27240261085866,13,0,2,4,53,4.415478448464908,0,0
15,3,38.05134191359917,2,0,1,5,57,3.0062776837156573,3,1
32,2,62.46088315085724,0,1,0,4,58,5.0,0,0
2,7,,3,0,0,3,2,3.284940922639774,2,0
2,10,77.15882222581789,6,0,0,5,26,4.163285634583909,0,0
5,3,39.16091157871415,1,0,2,4,49,3.00923289010736,2,1
2,8,56.20030371541219,14,0,0,5,22,5.0,2,0
1,6,61.407563656346916,2,0,1,5,39,3.2251241577969605,2,0
17,1,71.1239096357998,3,0,0,4,57,3.293982395454735,2,0
3,5,66.21971028596526,4,0,1,5,32,4.413943842529083,2,0
16,5,59.515512211021445,1,0,1,5,13,3.9420159421915604,0,0
29,4,55.33668372478639,2,0,3,4,53,2.834370027826151,2,0
15,3,58.665501524783515,3,0,0,4,22,4.0364750687351,1,0
1,10,71.2801161665635,13,1,2,3,30,4.691633432106454,0,0
12,4,47.61520939663035,2,0,1,5,12,4.045489264698771,0,0
7,5,56.48719622279901,0,0,0,5,56,3.6407367495161873,0,1
6,5,56.490284329393866,1,0,1,1,11,3.9544985166319635,0,0
5,4,30.0,4,1,1,3,34,4.539042914311438,0,0
39,1,30.658170272878802,1,0,2,4,17,4.734915425157359,4,1
20,6,37.62927550757369,3,0,1,2,20,3.675802157168186,3,0
2,14,56.80210356748966,1,0,2,1,44,4.349547006201362,0,0
9,3,67.51334287617922,0,1,0,4,46,4.659521166640203,0,0
5,8,50.742323028504586,3,0,0,3,41,4.506690846094419,1,0
57,2,35.62883830771873,2,1,2,4,0,4.426142439652003,2,1
57,2,74.15868817500821,0,1,0,3,60,3.4985583107904525,2,1
5,2,64.20563246574896,1,0,2,3,37,3.3238957409632306,4,0
6,5,56.62651964864753,3,1,2,5,40,3.546379541597693,1,0
13,3,63.65130752535702,4,0,1,4,41,3.2513844468368176,2,0
9,6,44.176393570877536,5,0,2,3,46,3.7273258514633203,3,0
3,8,75.48140304651926,3,0,2,3,8,4.259170088798185,0,0
16,4,64.78195790867603,4,1,1,4,22,3.065538961370015,0,1
6,6,57.7857498856745,3,0,2,2,13,4.102098930359168,1,0
15,1,54.89589327474651,1,0,1,2,10,3.484981328686701,0,0
7,4,61.06963929350195,2,0,1,2,6,4.189521298452702,1,0
18,7,67.23779357101247,5,0,1,5,30,4.521714155918356,0,0
16,6,33.8597647699383,3,1,1,5,23,3.861053017936942,1,0
10,4,48.261649230243314,7,1,2,5,25,4.345785706642322,1,0
18,4,55.03573356379475,5,1,1,5,29,3.3684980123032098,2,0
9,4,54.43414032802363,3,0,0,5,33,4.155008602571177,0,1
1,8,49.320462759584984,8,0,0,4,45,3.577148871159988,0,0
3,7,71.66339515946726,3,0,0,4,37,4.633483777238493,0,0
4,2,49.64323916143326,1,0,2,1,4,3.782027933170122,0,0
0,12,43.95856010981487,10,0,1,4,4,4.0545687656254,0,0
18,6,52.97769065987973,2,0,2,5,60,3.5483182486028637,1,0
6,6,82.59512578876857,1,0,1,4,18,4.979352711637638,3,0
1,12,60.20007552855509,8,0,0,4,50,3.6080617148341787,1,0
25,2,52.76704810475002,1,0,2,3,37,3.7820470799629864,1,1
17,3,55.045311216891754,1,0,1,4,27,3.735161196420905,2,0
9,3,33.71578271614036,1,1,0,5,25,3.1973424963923467,3,0
4,6,57.18830616832142,4,1,2,5,60,3.22208070776399,1,1
2,9,63.555177722419366,9,0,2,3,41,3.8097284732414414,1,0
9,8,66.56843404239923,5,0,4,5,22,4.569992019608565,0,0
32,1,57.61828580268016,1,1,1,4,45,4.352887630872277,2,1
3,6,48.79451745949153,3,0,2,5,48,4.252052704332553,1,0
12,5,73.56739240611857,3,0,1,4,29,3.0332716665816193,1,0
48,1,54.38531505789724,1,0,1,4,2,3.581061607550754,3,0
15,9,45.28363037739208,2,0,3,4,27,5.0,0,0
8,6,48.46350800703527,3,1,1,5,32,3.9827349437605797,1,0
18,4,54.946970224368286,4,0,1,5,41,3.079662295975975,4,1
26,0,55.5722732190506,0,0,0,2,2,3.2596524066761243,3,0
13,9,,3,0,2,2,4,3.9471982656997056,0,1
30,2,64.67311991545039,2,0,1,5,56,4.384664471739993,1,1
10,10,58.68671381761835,7,1,2,4,18,3.9406259784291766,0,0
26,4,73.25402160220986,0,0,1,4,41,4.858039032349287,0,0
45,5,61.17813383839623,9,1,0,4,57,3.700811548551813,2,1
10,4,54.65534042514833,4,0,1,2,56,4.143194166859024,1,1
13,8,52.40685382035401,8,1,1,5,47,3.624923261139185,0,0
14,5,54.01566886223135,1,0,0,5,0,4.5161928595002605,2,0
22,3,43.84770645144054,3,0,0,3,37,4.026576558586415,2,0
25,3,56.4535541473108,3,0,1,3,8,5.0,4,0
0,12,67.18823065833999,9,1,2,5,59,4.124377145385207,2,0
19,3,71.66654234951723,0,0,0,2,4,3.519697757666125,1,0
22,1,62.68326125029761,2,0,0,5,58,3.909375592947552,2,0
18,3,110.75606139363359,2,1,0,3,45,3.5138307843028973,2,0
18,6,64.85597835985591,2,1,0,4,41,4.869417002496572,1,1
0,9,33.99099851557892,5,0,3,5,33,2.215678500507771,2,0
8,6,66.21641552927865,2,1,2,5,36,4.332516360234257,0,0
25,6,76.95766301240019,5,0,2,4,32,4.378169653627142,0,0
40,1,56.0166459121966,1,0,2,5,24,3.1125708888780395,4,0
3,2,38.03482802153869,1,0,0,3,41,4.50170972196694,2,0
12,6,32.85040651112526,3,0,1,3,28,4.388828163359268,2,1
24,2,58.55540595698047,1,0,1,5,57,3.8236412050968784,4,1
20,6,44.78624667409734,4,1,0,5,24,2.9373115879919016,1,0
14,4,56.8551468856743,6,1,1,4,53,3.3891181085375,1,1
0,14,54.36824315634491,8,1,1,4,58,5.0,0,0
19,3,82.01501928688356,2,0,1,1,8,3.8925292453102767,2,0
22,4,72.54918857957952,4,0,0,1,2,4.766801545290914,2,0
19,5,51.53908509315578,2,0,1,4,14,3.1878735973541974,1,0
21,5,53.763348261853785,5,0,2,5,3,3.5602536242405285,0,0
8,3,73.95584493217356,4,0,0,4,44,3.601516982606614,2,0
76,3,61.78751778792315,3,1,1,5,37,4.188074750209502,1,1
22,8,64.75173900681328,6,0,1,1,19,4.643780897808016,2,0
12,2,77.71291287892157,3,0,1,4,48,3.650192226749418,1,0
40,3,48.42457207473932,1,0,1,3,22,5.0,0,0
35,2,74.27766494524046,3,1,1,4,36,3.9076118612843733,5,0
25,4,54.08979434376897,2,0,1,2,46,3.6924380626075077,2,0
12,5,30.0,8,0,1,5,7,4.042231245184053,1,0
11,6,42.47988472496431,5,0,1,3,56,3.9351707596181624,2,0
5,10,46.081641410103465,5,1,0,5,36,4.203132548214057,1,0
4,8,80.10704960750067,4,0,0,4,55,3.754553216392294,1,0
10,2,58.12310817554227,0,0,2,5,44,3.528108142170095,3,0
12,5,55.43732314594895,3,0,1,4,32,3.8460421874655553,1,0
4,5,82.43243928918794,3,0,1,5,32,3.606043545953448,3,0
38,2,48.3272610503577,2,0,1,1,6,4.080155627151976,1,0
12,3,54.07657890573397,1,0,1,5,21,3.9975365147436763,3,0
11,6,60.452081175763,7,0,0,5,4,4.264105057107552,1,0
8,5,59.21227470215133,5,0,2,2,45,4.2688929554932775,1,0
0,7,65.06079376569134,7,0,0,2,14,4.00265572564605,1,0
32,2,68.21844766481716,1,0,2,4,20,3.740797927742436,2,0
5,15,47.56272243373298,9,1,0,5,24,3.5808273242069597,0,0
15,5,31.927469275053518,6,1,1,4,16,3.7368305186762796,0,0
14,6,65.9507032588879,3,0,1,4,55,4.089719534819855,2,0
13,3,32.22041814048255,6,0,0,2,49,3.622609236476608,2,1
11,7,64.83494642563511,7,1,0,1,6,3.718084843782321,0,0
3,13,70.99953360144698,10,1,0,5,53,5.0,0,0
4,10,76.88269826773625,7,0,0,2,57,4.726320749945987,0,0
11,2,58.04702499772818,3,1,1,4,49,4.338687501021552,1,0
23,3,90.11609467472563,2,0,0,5,59,3.153678047294454,3,1
8,7,39.1370423176448,5,1,0,3,60,3.9348503439827205,1,0
3,9,81.83297074961631,6,1,1,5,18,3.2623057523728884,4,0
1,10,48.49883079182961,4,0,2,2,51,3.885887403045796,2,0
16,7,60.540821202426145,8,1,1,4,6,4.08269904580881,2,0
8,4,62.35346131312231,0,0,0,3,39,4.130025151939968,2,0
2,9,80.21975408441122,4,0,0,5,44,4.397357431024099,1,0
16,6,43.53659905039662,8,0,0,3,58,4.11375657728402,0,1
3,8,92.03884150942613,8,1,0,4,49,3.919246739878891,1,0
10,6,30.0,5,0,1,4,23,3.6510680838190406,2,0
5,3,58.801542200428074,2,1,0,3,10,3.8984235937388774,2,0
40,5,68.6075388090516,4,1,0,5,40,4.062614007120243,2,0
3,3,75.49854567273971,0,0,2,3,54,4.351048799885663,1,1
8,4,38.57378321603545,3,0,2,5,0,3.6050235374094854,3,0
48,2,30.45514761513568,0,1,2,3,53,3.7839396260048264,2,0
5,7,79.66835661977827,7,1,0,5,31,3.455404694354441,0,0
15,1,63.64931778729337,1,0,0,2,39,3.514630603123257,2,0
5,11,31.425286136629033,3,0,1,4,52,5.0,0,0
1,7,52.35761870262275,1,0,2,3,43,2.7427039481747615,1,0
14,7,48.920639792377216,1,0,1,5,1,4.065424065621417,1,0
37,1,77.01452481891494,0,0,0,3,14,3.8732337435389734,1,0
9,6,54.56717431834779,3,1,2,5,20,3.8353762326576835,0,0
14,5,,2,0,1,5,23,2.8654087794889973,2,0
14,7,56.16573090620407,5,1,0,3,49,4.106337938767907,0,0
8,13,85.06866988773534,14,1,0,4,16,4.7412552221664,1,0
14,3,73.61252464679079,2,0,2,2,46,4.246390819729499,2,0
4,5,70.36889329629221,2,0,1,4,51,4.070882298828043,0,0
7,7,,9,1,1,5,51,4.895834141763229,1,0
8,1,62.88542174683844,0,0,0,5,8,3.8424997090879662,4,0
29,2,46.358524960420766,1,0,0,4,34,2.815610982159404,1,0
6,7,73.06428887880965,4,1,0,3,19,4.359356852538114,1,0
15,5,54.3621289519178,2,1,0,4,18,4.901331470000941,0,0
3,5,40.786969200538906,3,0,1,2,17,3.961001001180818,2,0
4,7,57.793238098484544,8,1,0,5,19,3.4947912386909663,4,0
15,3,60.20035358280165,0,0,2,4,29,4.153949937293842,2,0
21,5,80.18869525447631,4,0,2,5,39,3.5644185139002382,2,0
9,4,72.84765985127063,3,0,0,3,0,3.313576265662196,1,0
6,12,45.182017550852876,13,1,1,3,23,3.6950535477139685,2,1
36,6,75.5778565864468,3,1,1,3,23,4.056185933779642,0,0
2,7,30.0,1,0,0,1,46,4.140466590974036,3,0
19,0,66.24777590063012,0,0,1,3,18,4.563330959083817,1,1
17,6,49.67899946188931,3,1,1,5,29,4.347111872710129,1,1
17,8,38.938133541842696,5,1,0,5,25,2.2098236726032634,1,0
41,2,42.30638156849275,0,1,0,4,41,3.8152777948873218,1,0
19,2,81.97622659398385,1,0,1,4,43,2.471986743548454,2,0
5,9,66.77625524356134,3,0,0,1,59,4.201839949756289,0,0
6,6,65.66585152507038,2,0,0,5,37,4.159886206988511,0,1
7,9,74.54806693563734,8,1,0,1,28,4.260068261110134,0,0
0,5,56.482140863312424,0,0,0,5,12,5.0,3,0
36,5,80.66789131773771,2,0,0,4,3,4.268655005016224,0,1
1,12,56.66798421576616,7,1,0,3,44,3.761016166647225,0,0
18,2,30.0,5,0,1,5,16,3.8099046442371325,2,0
19,1,84.1171104727512,1,0,1,1,32,3.591291645284054,2,1
27,2,30.0,0,0,1,4,4,3.159777780667991,3,0
12,5,56.000347800949896,3,1,1,4,27,4.81228379787047,0,0
19,4,71.29347224679725,1,0,2,3,23,4.763611439989619,0,0
5,3,30.0,0,0,1,4,16,3.974377064706531,1,0
20,6,57.818215502683145,4,1,1,5,49,5.0,0,0
6,4,57.55998181482254,2,0,2,5,38,3.693249921120996,2,0
34,1,73.76391550948857,0,0,3,1,47,4.240943200015852,1,0
2,7,67.244481604625,5,1,2,5,39,4.3028271178965145,1,0
5,5,39.896737440387625,4,0,0,3,43,4.525425692800604,2,1
10,3,50.26614252534382,2,0,3,3,45,4.728442334227006,2,0
22,5,43.91489938534725,6,1,0,3,50,3.806541153840718,1,1
20,4,32.14819658638618,2,0,0,1,10,3.9775076030251326,3,0
3,5,50.236534257619525,4,0,1,2,11,5.0,3,0
2,11,82.25018549049204,3,0,0,5,12,3.581836725929769,1,0
5,10,,11,1,1,3,7,5.0,0,0
9,12,66.39669693403707,15,1,1,2,0,4.127807727343368,1,0
11,4,41.84705804361815,1,0,0,2,8,4.037705110248518,0,0
8,5,30.742567347431336,4,0,1,5,27,3.229448679197979,2,0
16,1,68.52488952362445,0,1,0,5,1,3.1287667035803284,3,0
8,6,75.14080272505008,4,0,1,3,13,3.868618128533823,2,1
43,1,62.44597482281545,0,1,0,1,12,3.3408823666924836,1,0
4,5,71.39427201810514,3,1,2,3,47,4.244675011536983,2,1
14,3,54.98546768947363,2,0,0,2,1,4.370088550023948,0,0
14,2,60.83557634112525,3,1,1,2,3,4.0133084125847,2,0
4,0,49.17606771644088,0,0,0,4,11,3.4982950726661706,2,0
7,4,65.79033937541979,4,1,2,3,47,3.3706978384928057,1,0
6,13,57.2140113791213,5,0,0,4,9,4.423752735355407,2,0
2,5,69.08400554503201,3,0,2,3,2,3.818622364234604,2,0
9,8,71.73493068526459,8,1,1,5,3,4.114639399627649,1,0
7,8,54.70090970296512,5,0,1,5,5,4.4202179212515595,2,0
2,6,67.7063283241767,5,0,0,4,22,4.083997137925109,2,0
8,1,49.56061611747807,2,0,0,4,4,3.1175608645478383,7,0
8,4,86.9388590751984,2,0,0,4,49,5.0,1,1
2,7,81.17452353689727,10,0,0,4,2,3.7814160943276467,0,0
2,10,,8,0,0,5,9,3.3111528699660053,2,0
15,7,48.6096194783089,5,0,0,4,42,4.178141848075084,0,0
18,2,63.67007443330699,0,0,1,5,18,3.8955611611514107,0,0
42,3,41.81035888029093,1,0,0,5,13,4.073365785412522,2,1
1,14,66.13875749313613,11,0,2,3,20,3.7757799820606723,0,0
1,8,30.0,4,0,1,4,59,3.125312884073832,1,0
0,7,43.82756916987874,7,0,0,2,42,4.60196470640977,3,0
11,3,65.52246220651882,2,1,0,3,27,4.275022607761275,2,1
14,4,80.89171546176907,3,0,1,4,20,4.263372351464484,2,0
7,1,65.50462251105635,0,0,1,3,35,3.329022018512622,1,0
23,1,55.209982615982724,1,0,2,5,23,3.582304462694189,3,0
17,4,45.53255819878626,2,0,1,3,53,3.9035784163687484,2,0
63,0,52.3257623365031,0,0,0,4,37,4.801675855209604,2,1
2,13,33.49096688810614,15,1,3,4,16,4.012597861637634,0,0
0,9,54.04483973173463,4,0,1,5,21,4.611034509411097,1,0
4,7,93.0386681384731,4,0,0,4,18,3.482831467744271,1,0
0,6,61.907512288229064,3,1,1,5,44,3.96859004121874,3,0
40,1,66.25913742355284,3,1,1,4,53,4.788834034854764,1,1
5,8,32.10480691479646,8,0,1,4,9,4.571487032757572,3,0
12,2,81.07842420354919,5,0,1,2,60,4.0857015104959356,0,1
5,9,82.81651321697098,8,0,1,4,10,3.151207742195133,3,0
4,3,63.22550702510505,1,0,0,5,60,3.5152873675796155,3,1
2,8,69.21467433430811,6,0,1,4,37,3.719514370003849,0,1
5,4,49.96871178789106,3,1,0,5,1,3.501306644961045,4,1
14,3,55.858152192484866,1,0,0,4,32,3.9304958033685713,7,1
53,1,100.40298429842497,1,1,0,2,42,3.6263676145061012,1,1
12,5,52.98335776368558,4,0,0,1,30,5.0,0,0
11,6,87.4537283521343,3,0,2,3,47,3.3985802573219814,0,0
0,13,90.80840786477347,8,0,0,5,34,4.785072040993473,0,0
27,2,66.63538497736701,3,0,0,5,36,3.5086392867379343,0,0
0,4,58.193015404246516,4,0,0,3,46,4.12820335114436,0,0
35,1,40.12635530275725,1,0,2,4,46,3.3501591911658632,2,0
11,5,68.08323703386571,4,1,1,4,35,5.0,2,0
2,9,60.22644072801712,10,1,2,4,22,4.3784300687483535,0,0
9,4,58.40724726264936,5,0,0,3,35,3.2063827224194075,1,0
79,3,52.83972988903057,1,0,1,2,39,3.465246513648837,0,1
5,4,64.51707384732366,2,0,0,3,38,3.334520163442144,2,0
4,2,67.00992247951717,1,1,1,2,25,4.4090094949265435,0,0
1,3,,2,0,1,3,24,3.6688740450951247,1,0
13,4,77.65629481360203,4,0,2,1,16,4.1316597741204575,2,0
1,5,59.715366427979454,1,0,1,4,14,4.217169541148815,5,0
21,4,57.7486752704814,2,0,0,3,36,3.1029685513270753,2,0
37,4,43.141327192022125,7,0,1,5,44,4.857155289941023,2,0
40,2,56.851906484275446,1,0,2,3,3,3.382084764101657,0,0
1,12,59.0216939554095,6,1,1,3,21,5.0,1,0
12,7,30.0,7,1,0,4,16,4.150577538269489,0,0
1,9,67.69243393520523,2,1,0,1,21,5.0,0,0
12,12,73.73548301244591,7,1,0,5,16,4.087541602895248,0,0
25,6,92.9939325828101,7,1,0,1,13,3.9131300065677297,0,0
11,11,46.05152646432968,11,1,0,5,13,4.5077867648497305,2,0
30,6,58.37297177805207,4,0,1,5,16,3.381698054040436,2,0
24,3,66.8061507229647,1,0,1,4,7,3.327114657694655,0,0
4,8,59.171947223823835,5,0,0,4,33,4.678971968198398,0,0
14,6,48.76989056209419,3,1,0,5,25,4.557903104288125,2,0
0,4,37.96197856662689,0,1,2,4,44,4.489339476430972,3,0
7,7,61.083099153767485,8,1,1,4,29,4.5198839709988485,1,0
4,7,78.45236175013778,5,0,0,1,21,3.717749416124886,1,0
41,2,60.07342596844777,1,0,0,2,15,3.8709654475402457,3,1
7,11,59.073715437004935,6,1,2,4,29,3.7459998989582797,0,0
15,7,65.78814818110132,3,0,3,4,15,5.0,1,0
19,2,71.31092333952586,4,1,1,5,37,4.3637820923098785,0,1
22,4,64.92680123603324,0,0,0,2,53,4.172519358690028,4,0
19,5,41.44114621741059,5,1,0,5,23,4.12804517059709,3,0
5,7,66.88661920412065,2,0,4,3,35,4.008797045375605,0,0
17,5,50.589403947400925,5,0,2,4,34,4.766243983274375,4,0
11,4,49.20482926678962,5,0,1,3,5,3.9855622207724073,2,0
13,4,43.800191986161906,5,0,0,4,3,4.576761853213823,3,0
0,7,58.701778412674145,2,0,1,3,17,3.8456545159471025,2,0
4,9,51.93144989458812,4,1,1,4,5,5.0,0,0
40,4,55.6027241873046,3,1,1,5,25,4.102963179412203,3,1
5,5,45.037020664875506,1,0,1,4,36,3.8923447343248285,0,1
8,10,73.42906448035508,8,0,1,4,26,3.610199300489253,1,1
3,12,54.13099231980507,5,0,3,5,40,4.960044573389225,0,0
2,5,49.10455046735708,3,0,1,5,10,3.892793055858177,2,0
3,7,34.65601360329859,3,0,0,4,37,3.478759287113599,0,0
12,4,85.23323750448543,2,0,0,3,15,3.5987060573845966,3,0
37,0,36.68372303891207,0,0,1,5,18,3.4125199160187156,4,0
5,3,64.30464895569044,3,0,0,4,42,3.3859734213588113,2,0
5,4,69.9288077176379,4,0,0,3,52,4.888601946807416,0,1
12,5,54.18587157285963,4,0,2,3,14,3.679423884991693,1,0
6,10,66.2881580275729,8,1,3,5,25,3.8809353368455053,1,0
36,2,67.43497996685869,3,0,1,1,55,3.880688063908122,1,1
7,7,72.609375297017,8,0,0,5,40,4.475560045329971,0,0
10,7,69.05469581027839,3,0,1,2,55,4.026849653004123,2,0
11,3,55.30323528866804,3,0,1,5,30,5.0,0,1
22,7,53.99609591598598,5,0,0,4,18,4.0364513162275815,2,0
12,4,90.73692975046723,5,0,0,4,56,4.722651940564536,4,1
4,6,,3,0,0,5,50,4.37607823550288,2,0
1,9,49.530191286832874,5,0,0,4,23,4.101351547774912,1,0
41,1,64.95086503721147,0,0,3,4,57,4.274494431385713,1,1
24,2,65.92109390903957,0,0,1,1,8,3.9254696542302208,3,0
0,4,59.724580124776175,4,0,1,1,22,4.227928950184581,3,0
25,3,,1,0,0,3,3,3.3880519713784056,3,0
13,7,58.44978219465847,6,1,1,5,9,3.774990692199121,2,0
10,7,58.76363536770561,3,0,1,2,8,3.768519897567463,1,0
0,2,72.338991384895,2,0,0,2,18,4.449431163637559,3,0
22,6,45.8270921037271,3,0,0,4,14,5.0,1,0
3,8,52.090397950966185,3,1,0,4,50,3.9120090576652795,1,0
19,6,82.0429356056744,4,0,0,5,33,3.4231383600793857,1,0
0,9,59.558680988903205,6,0,2,3,41,3.4427702279243864,2,0
23,3,47.93454654774488,4,0,0,2,18,4.582211243815928,2,0
0,6,62.62305341122137,1,0,0,5,48,3.67840000284419,2,0
4,9,62.147531526685974,2,0,1,3,51,4.293422767033101,0,0
4,10,80.04881944497099,9,1,2,5,55,4.51761486820879,1,0
2,12,76.31665319389336,8,1,2,5,20,4.846146561925592,1,0
9,6,63.07085870578571,1,1,0,5,33,3.0579613442568245,1,0
5,10,84.86756401678224,2,1,1,3,50,4.196759750021188,0,0
75,2,79.13987234820212,3,0,1,5,16,4.046726390646402,2,1
13,6,65.36295847782348,3,0,1,5,17,2.972877326341714,2,0
12,10,47.30243875027794,7,1,1,4,16,3.71622798434476,0,0
3,8,86.86526380501337,8,1,1,3,1,4.8239056892893535,0,0
7,2,,1,0,1,3,50,3.2958474859973665,1,1
1,7,41.83137585225977,8,0,2,2,0,4.8041180289049334,2,0
21,0,51.07934374319511,0,1,0,4,42,3.9695785003890047,3,0
6,2,39.99547216721351,3,1,0,4,56,4.718962607432516,1,0
20,4,,3,1,1,4,9,3.8822378554846964,3,0
6,4,79.02988139039627,5,0,1,4,36,4.1239133588339625,2,0
67,2,61.35072506746016,3,1,1,4,47,3.411064030246096,1,1
2,7,50.03072009157648,3,0,2,4,55,3.5297942332576264,2,0
0,13,71.3378468189057,2,0,0,5,4,4.128677510684359,1,0
13,4,,3,0,0,3,55,4.274727649423468,1,0
45,8,80.04121073694543,6,1,0,4,54,4.327183465952949,1,1
15,3,69.14903277246174,1,0,0,2,11,3.207723935132628,3,0
1,7,,6,0,0,4,35,3.962793247410677,3,1
11,5,47.65442214866863,2,0,0,5,30,3.587065121568779,1,0
36,4,61.46536081641222,3,1,1,5,54,3.573178262189604,1,1
0,10,59.53289846847459,7,0,0,3,37,3.11341786604781,0,0
2,7,30.0,4,0,1,5,50,5.0,1,0
25,1,,1,0,1,2,8,4.088510462709205,2,0
33,2,34.377793848026684,1,0,0,4,43,4.495227466206456,3,0
18,1,70.81198543170123,0,0,0,2,25,2.8131259375614395,3,0
71,2,54.2130383370262,1,0,1,5,14,3.4510691430598373,3,0
1,6,54.470285684245596,4,1,2,4,15,3.674091848215739,0,0
11,6,52.481500427588394,5,1,3,5,12,3.9109187547117283,1,0
17,1,50.85346002221188,0,0,2,5,24,4.1477499024341995,3,0
18,9,56.57004459721849,3,0,0,3,29,4.170046588779617,0,0
23,5,73.91068464547871,4,0,1,1,52,3.9393140431621583,0,0
37,2,43.736105689199334,4,1,2,5,55,4.426025254664424,1,1
6,7,60.16759748003198,3,0,0,3,6,4.126730826892834,1,0
0,6,91.66979528060055,5,0,1,2,56,3.570988275423639,2,0
6,9,49.92654512952538,10,1,1,4,54,4.498829164954688,3,0
16,7,,1,0,0,4,51,4.392009690197305,0,1
3,4,72.6230398870168,2,0,0,1,3,2.873325082206496,3,0
24,3,92.76802140945536,1,0,2,3,42,4.413013909294911,2,1
3,8,83.27855583905108,10,1,0,1,39,4.951978415754224,0,0
0,6,57.89418551599854,4,1,1,4,37,3.8271443462037658,0,1
10,3,65.8917232433849,2,1,1,5,56,4.017700718703654,1,0
19,4,56.879792599945866,2,0,1,5,29,2.522539374259944,2,0
6,1,76.38657538615425,0,0,1,4,9,2.7596663526050524,2,0
20,4,,1,1,0,3,29,3.6813577791054826,3,0
8,14,85.53439898572046,13,1,2,5,38,4.895631240726039,0,0
2,9,31.04288660131317,4,1,1,4,6,3.7271734713971965,1,0
1,6,69.19980697987168,4,0,2,3,35,3.663302206695517,2,0
18,8,71.21767416277561,10,1,1,5,34,4.595176298318359,0,0
7,7,30.0,4,0,2,5,23,4.668642054375577,2,0
36,2,35.47998683245429,1,1,0,5,38,4.540914839941255,1,1
11,5,79.71824940052684,2,0,0,5,35,4.459524607980756,2,0
6,6,67.78740635045486,8,0,0,3,44,3.4344460864039905,1,1
6,5,71.87966802146896,5,0,1,3,19,3.3860951272446513,3,0
2,9,85.18061952860708,3,0,1,5,48,3.85456218001666,2,1
13,2,54.80486883280028,2,0,1,3,31,3.4266515844068604,0,0
13,0,85.0645994033754,0,0,0,4,58,3.273253320991015,7,0
24,4,103.88466284341756,1,0,1,5,38,3.7588566967750396,1,1
3,5,,7,1,2,5,48,3.7473707816698494,1,0
5,9,66.49848900809408,6,0,2,4,25,4.123666685045982,1,0
1,7,59.165326815731234,2,0,2,5,25,3.3241077154615635,2,0
5,5,63.15043626037294,2,0,1,5,35,4.852825652930621,2,1
8,5,62.62826407171257,4,0,2,5,42,4.233877644709483,0,0
49,2,60.41183557531365,2,1,1,3,34,4.584175403464921,0,1
15,4,43.4702013330792,2,0,1,3,42,4.0094621740171865,2,1
22,1,66.39636316722435,1,0,1,3,34,3.215723205745435,2,0
5,5,63.48824602234843,2,0,2,2,11,4.787951195853989,1,0
2,10,80.48636173530275,12,0,0,3,32,4.648756625556064,0,0
4,12,68.56172971136114,15,1,0,3,35,4.282532022506088,0,0
4,7,49.02961689568141,5,0,0,4,13,3.9476467287739103,1,0
13,10,43.55556215832811,7,0,1,5,32,4.141302129605271,2,0
6,6,59.915610494102516,7,1,0,2,45,3.6782890320649715,0,0
29,5,46.975500997638264,2,0,0,5,44,4.056497998554403,3,1
67,3,62.174220112320285,3,1,0,5,44,4.217528871085718,0,1
6,9,49.850138760218805,4,1,0,2,23,3.4924079147882074,0,0
18,5,79.1657681582585,4,1,0,5,14,3.9543177830463625,1,0
16,4,68.7855686852725,1,0,2,4,30,3.496575140932476,2,0
3,10,74.89033431466255,8,0,0,4,16,3.9541372237122565,1,0
37,4,57.53064199416755,3,1,1,5,11,4.070250316080223,0,1
3,8,62.97435307033285,8,0,1,3,21,4.368511323872797,0,0
20,5,73.76511651507155,5,1,1,5,22,3.437906549162553,2,0
6,4,65.48906712713344,0,0,0,1,25,3.523834725541191,2,0
6,5,70.62531845115461,7,1,1,5,13,4.948049096928704,0,0
9,7,49.78856919908852,6,1,2,4,11,3.245970747242425,2,0
29,3,72.86684299428504,2,1,0,4,49,3.4844065640641677,0,0
2,5,51.22582870517293,3,0,1,3,3,3.6393824081808637,2,0
0,5,91.29022165504773,3,0,1,5,58,3.374230466205712,0,0
7,9,62.92326166039691,4,0,0,5,45,3.7249298766437335,3,0
0,12,76.56966933912443,7,1,2,4,50,4.052259842984202,3,0
17,1,53.37112800170332,0,0,1,4,60,3.352675058659612,4,1
21,2,56.783931115689576,1,0,1,4,12,2.318551705075059,5,0
28,6,56.046558663498004,4,1,0,5,56,4.281875843960366,4,0
20,6,33.596423463515364,4,1,0,4,54,3.562620956887261,3,0
37,4,30.0,4,1,0,5,17,3.7561627715170527,0,1
20,3,55.6768685554832,3,0,2,5,42,2.8310905349809294,1,0
41,0,31.674399255017324,0,0,1,4,27,3.874262233592525,4,1
3,7,64.29124130049193,7,0,2,3,37,4.105067232766286,4,0
10,9,57.61409633297057,12,1,2,4,40,4.273449318038044,0,0
76,3,30.0,2,1,1,5,43,4.259034733710295,1,1
17,6,52.01423779381134,4,0,1,3,18,3.835066817214162,1,0
31,4,59.62523437744998,1,1,1,4,45,4.856275059071298,1,1
0,8,81.1676885960697,5,0,1,5,46,4.622817563407589,2,0
30,2,53.14765230419386,0,0,0,4,42,3.5390209354535056,3,0
17,9,35.37652294705858,6,1,0,4,37,4.1453967419543964,0,0
2,12,33.4572716745539,4,0,0,3,45,3.1746854367512247,0,0
0,16,52.17857360531194,11,0,0,2,2,4.016016998698005,1,0
4,8,45.2236519214131,4,1,1,5,18,4.1661542809772465,1,0
37,1,56.90355228831594,0,0,0,2,19,3.881056423223845,1,0
16,9,62.56035477353015,6,1,0,3,24,3.2102908133590393,0,0
37,2,68.05072531645749,2,0,0,5,10,4.206142779942924,3,0
8,5,68.49100995644751,2,0,0,3,60,5.0,1,1
41,1,50.99863335118248,1,0,1,5,55,2.497714870942442,2,1
9,6,69.44166599819428,6,0,0,5,16,4.678936219833418,2,1
3,6,37.0855861274941,4,0,0,3,60,4.67875986457197,3,0
2,9,62.047710446692726,6,1,1,1,59,4.258275589454315,1,0
76,2,63.19900316722959,0,1,1,5,58,4.145885698197093,1,1
6,12,61.884148065413406,7,1,0,4,48,4.408785564601014,3,1
2,10,44.45347006830615,7,1,0,2,54,4.849687992564924,2,0
0,10,46.08514471754171,14,1,0,5,34,4.809967997689768,1,0
5,5,69.69768693243549,6,0,3,1,13,3.7929460585774852,2,0
32,3,53.728805935181626,4,0,0,5,58,3.388869927870754,2,0
11,1,68.84571546184014,1,0,1,2,38,4.1845288139384955,3,1
15,2,50.86655385750432,3,0,2,2,56,4.38647569988576,5,0
38,0,102.79718005686605,0,0,1,3,18,4.524466266058551,2,1
10,6,55.80787138094617,6,1,2,5,2,3.082421561444212,1,0
27,4,77.90852980385807,1,0,1,5,33,4.636502314588234,2,0
5,8,,4,0,1,5,57,4.223978732881474,2,0
56,2,76.65866961095216,1,1,1,4,48,4.20407694040891,2,1
1,6,54.701323742855024,4,0,0,3,40,3.188274794365498,1,1
19,6,58.53738813902588,5,1,1,3,21,3.8646862263477324,4,0
16,4,30.0,3,1,3,4,37,4.218459402082984,0,0
3,12,30.0,8,1,1,4,55,4.27971696150399,0,0
7,4,59.73916042366481,1,0,1,4,26,4.113247817907501,3,0
5,4,51.26854897330131,5,0,0,3,20,3.717056279703269,3,0
1,4,43.22984604378187,4,0,1,5,40,2.8499055851401103,1,0
13,3,60.511237534085396,4,0,0,3,30,3.683958683164611,0,0
75,2,51.161626312413524,2,1,1,5,26,4.3743423732276465,0,1
12,6,45.43472823450454,3,0,0,1,36,3.440924728540873,1,0
11,3,75.0623542168719,0,0,0,4,1,3.7072622252186918,1,0
0,14,40.660184544569674,15,1,2,3,53,5.0,0,0
2,9,70.45872372417462,4,0,0,4,46,4.154588534190102,1,0
10,5,63.597465743997006,1,1,1,4,8,4.41878757934878,1,0
63,5,80.48967518480708,5,1,1,4,18,4.889058261434761,0,0
31,1,52.88762324927507,0,0,0,4,41,3.2679797345623416,1,1
6,6,39.808462626249266,3,0,1,5,35,3.470342162263659,2,1
11,7,50.479161679813544,2,0,0,5,9,3.615739449730746,2,0
12,9,59.38135751531687,5,1,1,5,58,4.105626470704839,2,0
17,3,74.8157346818681,0,0,2,3,39,3.281418386753326,2,0
17,3,72.08169609830789,0,0,0,4,53,4.991392260389999,0,0
23,3,56.73886924335238,0,0,1,4,44,3.1312289238373285,1,0
0,7,58.843516090797934,3,0,0,4,38,4.613791383900315,1,0
43,6,70.46229140684784,5,0,2,4,6,4.775279089700803,2,0
1,14,75.82922755503951,15,0,1,3,3,3.156667358474321,0,0
9,9,64.90288097916138,5,0,0,2,14,3.324360430834183,1,1
37,4,64.32209679790566,3,0,1,3,11,3.7126286783061104,2,1
10,6,63.57048023221396,3,0,3,2,47,4.201775491899745,2,0
0,5,64.03851387551055,3,0,0,5,5,3.5886876802807386,2,0
3,8,64.05581544593187,5,1,2,5,59,3.816882002016524,0,0
12,3,45.045140205953615,3,0,0,5,8,3.8424106685516306,2,0
1,8,35.72719746595606,7,0,2,5,34,3.488136291951972,3,0
8,2,46.84550125629717,0,0,2,2,7,2.5405678756213033,2,0
5,8,53.033098080068264,5,0,2,5,6,3.575711857952028,3,0
25,3,69.85850687392882,1,1,0,5,3,3.045768370619047,3,0
1,6,55.936148718555344,7,0,0,4,57,4.162704370273189,1,1
17,5,63.043704124348025,2,1,1,4,12,3.608130349366806,1,0
7,3,61.056085242110356,1,1,1,5,18,3.345980095832082,1,0
13,4,67.44486956438998,3,0,0,4,6,3.8139625955873258,2,0
3,9,53.57789587311344,5,1,1,5,9,3.5804322606628105,1,0
14,6,49.11300028937875,2,0,0,2,24,2.9704050655439107,1,1
16,8,35.28942075966035,5,0,2,3,43,4.129746722085531,1,1
1,15,64.9850624715081,15,1,1,4,57,3.749761877053661,0,0
26,6,30.0,3,1,0,4,34,4.290503434300985,2,0
29,2,62.453076125822676,1,0,2,5,57,4.127966072189111,2,0
0,19,73.33056498928791,15,1,2,5,24,3.9916573080870528,1,0
13,2,57.758059239962414,3,1,0,4,28,4.51001894039643,3,0
13,4,65.4790636996308,1,0,2,1,55,4.105720512852317,4,1
0,11,53.53810526054007,5,0,2,5,11,3.677268931058448,1,0
6,1,59.914056947457276,1,0,0,4,50,4.495974637925383,4,1
52,0,57.57505313377983,0,1,2,3,46,1.6244477298489257,4,1
12,6,70.42219976586455,6,1,1,4,39,4.877297476689181,0,1
40,2,55.73391725719414,2,0,0,5,11,4.208569262197998,2,0
16,4,42.17561701045604,5,0,0,5,51,3.2221875987449957,5,0
0,5,64.89881963167991,3,0,1,4,5,3.722513801092391,0,0
1,11,58.09176487831271,11,1,0,3,59,4.0324915286906995,1,0
19,6,49.54210599477902,6,1,3,5,9,3.9326084992390804,1,0
12,6,69.69256931315093,4,1,2,5,1,3.005521917576037,2,0
2,7,89.94866983253745,5,0,0,4,55,4.382942542594758,0,0
14,12,,8,1,1,3,44,4.936057103837206,1,0
24,5,71.95082347793708,3,0,2,5,24,4.797451329394952,1,0
20,5,62.275204542355254,4,1,1,3,6,3.745871933866769,1,0
4,10,81.44715747275652,4,0,1,3,39,4.315114142753924,1,0
4,5,69.78581415711405,3,1,0,4,22,4.769382311268351,1,0
51,2,51.6487963058768,1,0,0,3,47,3.923687821540372,1,1
32,1,68.94666075220572,3,1,0,4,10,4.749174451865632,2,0
5,7,66.47518933386988,5,0,1,2,57,3.521494221380432,1,0
26,6,54.07361685223689,3,0,0,5,35,3.73911297675078,2,0
2,10,78.64490856642205,7,1,0,3,48,3.303137662153637,1,0
3,5,41.028336758853456,2,0,1,1,47,4.423109054074225,1,0
2,7,65.58100337084052,6,0,1,2,50,3.5469862451818024,1,0
1,6,53.525398206237455,4,0,1,5,22,4.493945828049934,2,0
28,4,,2,0,2,5,58,4.3459810411794155,2,1
12,3,61.75726170446136,0,0,1,3,42,4.825533823597979,3,0
4,5,53.795777177233795,4,1,1,5,6,4.406365422056546,0,1
28,1,51.24044416098644,2,1,0,4,26,3.892985624117778,2,0
24,0,44.10393874797991,0,0,2,5,12,2.8358162070063897,3,0
1,4,90.15294458125825,2,0,1,4,50,4.187421055049151,2,0
15,5,30.0,3,1,3,5,16,4.884912353472606,1,1
19,0,30.0,0,0,0,2,31,4.817880226320282,1,0
18,6,67.8420372068875,4,1,0,4,25,3.799186851988096,2,0
19,4,66.94502003341526,1,0,2,5,56,4.068755435976342,1,0
2,2,39.1585256554842,1,0,0,4,59,4.503259511437181,2,0
5,7,51.02815243958872,4,0,0,3,21,4.303947122523214,0,0
27,2,69.40281687547339,1,0,1,2,12,4.434544873608585,1,1
34,7,55.86678254177612,8,1,1,5,60,5.0,1,1
4,4,71.94234036133601,4,0,1,4,11,4.2270941221850284,2,0
0,4,59.31656319459501,4,0,0,4,6,2.9643102986494934,1,0
29,3,52.168133410572416,2,1,1,5,0,4.726277806613832,1,0
7,8,38.1336496915908,4,0,1,1,32,3.444405290573313,4,0
5,6,59.01890790677227,2,0,1,3,51,3.374188845966132,2,0
6,4,50.38148508662037,1,0,0,5,54,3.235905768807549,4,1
8,1,74.93148055910855,0,0,0,3,13,3.813390130798439,2,1
7,9,74.32966577227663,11,0,0,3,58,3.9704552181849926,1,0
12,6,56.31887589786361,7,1,0,4,46,3.463204497454734,2,1
1,9,59.45420490750103,5,0,0,5,42,3.6312711179897628,0,0
53,0,54.43355375016829,0,0,2,2,55,3.19013140787575,5,1
41,7,52.03652736761086,3,1,2,5,57,4.11194011039803,1,0
40,2,,1,0,2,5,40,4.840666407490968,4,0
31,3,61.012563074681744,1,1,0,3,16,4.837501290382642,1,0
16,6,55.6485834550153,7,1,1,5,3,3.785774389099269,1,0
3,8,82.35054732306995,7,0,0,4,51,5.0,0,1
0,7,54.711962393316384,6,0,0,4,50,4.076267546310325,1,0
1,9,96.08587693176386,6,0,2,5,38,5.0,0,1
5,9,87.11176588155762,7,0,0,5,0,4.219398833113825,2,0
10,4,49.20481132323056,2,0,0,2,40,4.143461951266414,2,0
74,1,58.87045227817669,0,0,1,4,44,3.9156363991551886,3,1
8,2,36.70389711710253,2,0,0,4,23,3.5691531667406107,1,1
11,2,53.699557620729635,1,0,0,4,33,4.992130188092579,1,0
17,4,65.6154970589622,3,0,0,4,33,3.88732482417617,0,0
2,9,63.08341296638583,4,1,1,2,23,3.638932023719568,4,0
40,1,47.88017042289043,0,0,2,5,58,4.005756206568478,5,0
11,4,58.85342461553858,1,0,1,4,14,3.1426107491766655,1,0
4,6,67.50867429724207,5,0,1,3,16,4.188714729430204,0,0
41,0,58.08621104960591,0,0,0,5,12,3.4544422729220083,3,0
14,10,80.22937041021004,13,1,2,5,6,3.3014933839863145,1,0
9,5,58.659964126265294,3,0,0,4,8,3.774058766199593,2,0
13,5,36.18832544264039,7,1,1,3,43,4.030278807762136,2,1
20,6,35.988698908877254,7,1,0,4,34,4.345892303717311,1,0
2,4,54.36517372841533,3,0,0,3,22,3.110695507396402,2,0
30,2,42.15551853676101,2,0,1,3,53,3.0842186453248015,1,1
48,0,35.71226139910232,0,0,1,5,46,4.30633054694109,3,0
12,8,53.59605915864299,8,1,2,1,38,5.0,1,0
17,3,71.95149875293049,4,0,0,2,22,3.457113771928764,0,0
29,1,53.04793676642758,0,0,0,1,25,3.1638699888836945,3,0
7,5,64.95647661912521,3,1,3,3,0,3.6452428836264605,1,0
74,3,81.5578933952962,2,0,0,2,13,3.377942948716084,1,1
17,5,65.74689728997382,8,1,1,5,31,3.801709680085421,1,0
8,3,46.009292639664324,2,0,1,3,50,3.600173551875458,0,0
16,4,59.629761974469886,4,0,0,2,47,4.048870478438639,3,0
11,4,53.43301805135116,5,0,0,3,9,3.8014859481864667,2,0
1,4,67.54308859074321,1,0,1,5,0,4.065853674480154,2,0
23,2,62.797684623715526,1,0,0,4,4,4.5798984240873,4,0
12,3,55.758819094455724,1,0,0,4,2,4.729586801479244,0,0
23,2,,0,0,0,5,48,3.87055632695315,0,1
2,8,55.19671941005292,5,0,0,4,49,4.502960107119637,1,1
11,4,36.03360492298281,1,0,0,3,57,5.0,0,0
21,1,30.91234729644785,2,0,1,3,52,2.780006105041219,2,0
66,2,73.10995927586924,2,1,1,4,26,3.7195622985564647,2,1
32,2,75.417089330147,3,1,0,3,50,3.7545045078815735,1,1
29,5,62.802664094947936,3,0,1,5,53,4.314812743732211,0,0
4,9,74.14160161880818,9,1,1,3,56,3.786266489942842,1,1
27,4,85.72870180402279,3,0,1,4,21,4.539395664782763,0,0
2,6,53.22509947131761,3,0,1,2,17,5.0,1,0
3,5,49.023605372103916,2,0,0,3,15,2.8960211272955694,3,0
1,12,71.02576000208815,5,0,0,4,1,4.307443182985336,0,0
29,4,80.96086247315796,1,0,1,5,46,3.6874215878748835,2,1
1,8,49.908340239432135,3,1,1,4,12,4.2469969292164915,0,0
2,4,82.11941741422713,2,0,0,5,44,3.017288629809304,4,0
4,8,54.328574803542544,4,0,2,3,15,3.973402905768891,1,0
12,8,63.370937978144035,4,0,1,2,7,4.677355392886408,0,0
31,3,54.5547673001074,1,1,0,2,42,4.029090137469356,1,0
8,10,63.74709798747761,6,1,2,3,7,5.0,0,0
11,4,44.247578340780834,1,1,1,3,53,4.620662843794717,1,0
2,8,75.43478879049319,6,1,0,3,9,3.705688182560557,3,0
4,12,35.47103265584009,8,0,1,5,54,4.292174462939929,2,0
2,9,45.98608064171503,6,0,1,1,32,3.456193082077347,0,0
7,10,79.4515616406178,8,0,1,4,30,4.022727207498797,1,0
13,6,93.94567205706352,3,1,0,4,11,5.0,0,0
5,5,52.07507384870244,1,0,1,4,8,3.7175757264350677,1,0
28,3,83.00977253795122,1,0,1,4,36,4.038324473439419,1,1
59,1,79.39850078425303,0,0,0,3,8,2.923030694391793,5,1
1,2,66.11651358238764,1,0,1,3,47,2.9733552504178604,4,1
0,7,52.80089725054,5,1,0,5,17,4.80080009323521,1,0
23,3,81.04862958228257,1,0,2,5,29,3.821834929803848,2,0
3,5,57.176517212664365,3,0,3,3,31,3.8657792063685488,3,0
6,12,66.97582104485505,14,1,0,2,39,3.761112266571671,1,0
7,5,30.0,2,0,1,5,22,3.8245146279782998,2,0
37,2,53.956794103250544,2,0,0,3,10,3.8067000390617682,2,0
16,8,50.83956101932851,8,1,2,4,19,3.289844483247287,3,0
0,7,61.89241994507689,4,0,0,4,18,4.684908067991977,1,0
0,9,55.29545535855921,9,0,1,2,35,4.117149352120413,0,0
3,7,52.378619953233326,5,0,1,4,51,3.66814924404502,2,0
5,12,59.94133949599958,12,1,2,4,25,3.5957428469324233,2,0
9,5,48.377511911453375,2,0,2,3,9,3.7293184688310244,3,0
27,5,35.159160582404965,3,0,0,4,23,3.646421207783919,2,0
5,8,53.29499749713611,5,1,0,5,12,4.244208617820536,1,0
7,6,56.60173363612693,4,0,0,4,60,4.72788124313166,3,0
5,9,71.25922485081293,11,0,0,2,51,4.511979015520406,1,0
0,14,56.91602319625071,8,0,0,4,45,4.266206000045999,2,0
46,4,65.85153851350313,1,0,1,5,52,3.902305606680859,0,1
2,10,49.14697925486196,8,0,0,5,33,4.740009089273815,0,0
5,5,59.73324073873947,4,0,0,4,28,3.2439972381912785,3,0
2,9,34.040287979561306,6,0,2,3,35,3.6763845225833527,3,0
10,4,50.578543648211145,3,1,1,5,6,3.8245453258727165,2,0
40,2,30.0,1,0,0,5,50,3.524478304828516,1,0
1,7,42.14008074138106,1,0,0,1,29,4.016371035738401,1,0
8,7,40.89706396788636,4,0,1,4,16,3.1793481211190127,0,0
0,5,69.22946005980967,4,0,1,3,47,4.179683111043866,1,1
22,0,65.2814608112124,0,0,0,5,12,5.0,3,0
15,5,76.02347078402738,4,0,2,3,55,4.06154167889352,3,0
18,2,40.20518832171906,3,0,0,4,23,4.057056255969616,1,0
9,2,72.32379751840207,0,0,1,5,53,2.9682949425940035,4,0
35,0,51.34635002715205,0,1,1,5,54,3.360206109632214,1,1
7,10,86.9131884141114,1,1,0,5,30,3.616066116902961,2,1
10,8,57.32054886538617,2,0,0,5,57,3.397897140055145,2,0
17,5,84.0806813998895,4,0,0,1,26,4.371819124346491,1,0
11,8,103.14742690497923,6,0,2,4,49,3.9076028101665354,0,0
3,6,66.35065591323031,5,0,0,4,20,3.8076360313427102,1,0
5,6,86.72592111613972,3,1,0,5,43,5.0,0,0
1,8,55.03421920517528,5,0,1,3,54,3.800635844251125,1,0
8,7,79.67119796775297,6,0,2,5,56,4.4579355173120865,2,0
14,3,59.04260894248128,5,1,3,4,0,4.399565524715254,0,0
1,14,68.50494741295063,9,1,1,5,14,4.992105638170529,1,0
14,2,67.57068207123902,0,0,0,2,2,4.12425387208765,0,0
33,2,57.34844775824801,0,0,0,3,5,4.211543930162062,2,0
6,9,37.75527691079427,5,1,1,5,13,3.6050993239427074,0,0
3,5,39.65225089153636,6,0,1,1,54,3.8858967554152786,1,0
33,3,77.40655756769507,5,0,0,5,37,3.9432332354009887,3,1
17,6,62.80790651793749,5,0,1,1,32,5.0,4,0
1,6,74.58415772771716,9,0,2,5,51,3.952446523043568,1,0
7,4,52.48059993509352,5,0,1,4,37,3.9041693620549127,3,0
16,5,54.78964158808019,1,1,0,4,7,3.885263650276282,2,0
12,3,54.6366878622387,6,1,1,5,25,5.0,2,0
14,3,34.95670242040471,3,0,1,3,14,4.443989260098578,1,0
12,3,54.80850883495734,2,0,2,2,13,4.240288952192959,0,0
23,5,55.28272069675251,3,0,2,2,47,3.75411050931518,0,0
5,7,59.84877766216714,4,1,1,4,19,4.342355606534857,1,0
18,6,56.23143024913323,6,0,0,4,54,4.419334200310692,1,0
70,1,80.43485997275639,0,1,1,5,47,3.6492994641967913,2,0
7,2,51.28475796020249,1,0,1,4,58,3.1167417290713955,3,0
23,7,72.55745896894156,10,1,1,4,18,3.448203925023711,1,0
4,7,64.51000088223972,3,0,1,4,55,3.5332129613970724,1,0
4,7,60.465774841579794,7,0,0,1,32,4.506964009442521,0,0
40,5,71.27420929340786,3,1,0,3,35,5.0,0,0
0,11,54.925123269438615,11,1,2,5,23,5.0,1,0
3,11,52.140395606028505,9,0,1,5,9,4.7766749202299685,1,0
9,9,54.58199723274924,3,1,3,3,51,4.767108396590679,0,0
7,6,63.09478004580033,5,0,0,4,49,4.176912947653852,2,0
14,5,32.48456079577228,0,0,1,5,33,4.188818555410897,1,0
3,7,,6,0,1,4,35,3.934550553098001,0,1
1,6,70.38983404447022,3,0,0,1,46,4.239679524125648,0,1
6,7,59.63454367163036,7,0,0,2,60,4.533864457295233,0,0
11,6,61.769520175913414,5,0,1,4,35,4.058312063899507,1,1
12,4,66.91345850626605,3,0,2,5,15,2.5534055054588283,2,0
13,5,61.32429633565133,0,0,1,5,14,3.570297307566097,1,0
11,3,35.647517436336464,1,0,0,2,17,4.0397839324880715,2,0
4,5,81.87388878805174,1,0,0,3,6,4.046488245946518,0,0
21,3,99.2080846815725,1,0,0,5,46,4.1871285218005285,4,0
1,6,82.87342114214545,3,0,2,5,21,3.6850110358799335,0,1
3,9,56.79260355774107,6,1,1,4,31,4.4630218704810485,0,0
20,4,46.71505659339213,2,0,1,4,42,4.858071462314335,0,1
4,8,82.70763877309011,7,0,0,1,18,4.222845945107548,0,0
10,8,62.14279788231222,6,1,1,5,39,4.02678349495647,1,1
5,9,73.94773152574633,6,0,0,5,55,4.7820704819966675,1,0
10,2,45.11992514233426,0,0,0,3,0,3.1034471761459383,2,0
6,10,67.67095271454893,7,1,0,5,34,4.085338013048081,0,0
77,3,65.80923331838487,0,0,0,3,4,2.9624926049598033,2,1
6,8,80.77343445436772,6,0,0,1,49,4.092953126982048,1,0
14,7,72.27211924080311,1,0,0,3,11,4.833727053970748,0,0
32,0,62.510065533781805,0,0,3,3,11,3.6566222238195705,3,0
15,4,88.37896840296204,3,0,1,3,20,3.0314174492144734,4,0
12,4,55.97091057762698,5,0,1,4,58,4.5551762472678305,2,0
12,3,83.00950587517633,0,0,0,4,57,3.8921424862464415,4,0
10,9,68.47963105566545,6,0,0,4,18,3.833060169732041,0,0
24,0,71.12871292155859,0,0,0,3,8,4.227740615298481,3,0
0,5,104.60224091096143,2,0,1,1,42,4.28563526057777,1,1
32,4,30.0,1,0,0,4,48,4.79426177065081,3,0
13,11,39.16053418893469,7,1,3,4,47,4.264547004844891,0,0
28,5,77.61893863959179,1,0,0,3,35,4.528927429278737,1,1
0,6,73.73028104854419,3,0,1,5,41,2.5327541282401214,5,0
30,1,61.92441001926166,0,0,0,5,53,3.0348875813090177,3,1
1,10,76.79492825962186,9,0,3,5,46,3.995119014357616,1,0
19,5,43.24539235266246,3,0,1,4,56,4.043104222444774,3,1
8,4,,7,0,1,2,50,3.9056294998113725,1,0
17,4,80.80020516337217,2,1,0,5,31,3.7637544382713424,1,0
14,3,85.2817217201238,3,0,1,3,34,4.051566484615775,0,1
2,9,36.39603249557713,5,0,1,4,30,4.573801432203249,1,0
10,3,76.0075316333106,4,0,0,2,59,3.803386177049014,1,1
4,11,,6,1,0,5,52,4.1494692116634,1,0
12,0,95.81816267745859,0,0,1,2,54,3.75691903079446,5,0
20,5,63.92004307682903,4,0,2,5,31,5.0,2,0
1,5,,5,0,1,5,36,3.792675111235327,1,0
10,2,68.75636224712235,2,0,2,4,31,4.458860412855161,4,0
14,2,34.60815386400259,1,1,1,5,42,3.511209985572679,1,0
5,7,75.863829834744,7,0,0,4,55,4.351663194972813,2,0
45,2,53.622425684443115,1,0,0,5,36,3.252789345884877,2,0
11,10,57.32118486841662,5,0,1,4,38,4.717139853668696,1,1
3,13,,7,1,1,5,37,4.680990888249028,0,0
1,10,55.30142484547949,11,0,1,4,29,4.970183645124103,0,0
11,2,,0,0,0,5,57,3.32002643959432,1,1
7,10,55.765209679489345,6,0,1,4,31,4.112169108587985,1,0
3,8,67.76034459337801,4,1,2,4,44,3.8479237718401538,0,0
0,6,68.40124273245745,3,0,1,5,1,3.783216657676193,1,0
12,3,60.62716107838442,0,0,1,5,50,2.9004017299627325,4,0
13,7,48.171517347223045,5,1,2,4,10,3.6473942120399303,2,0
2,8,30.0,4,1,1,3,58,4.604659564382185,0,0
13,7,76.59990625772194,10,1,0,4,19,4.025113648869341,1,0
45,3,,2,1,1,5,36,5.0,0,1
57,3,90.151374866836,3,0,4,5,8,3.968077843010498,2,0
32,3,50.71688317268487,1,1,1,5,37,4.635066801139253,0,1
24,5,79.04168803261788,4,0,0,1,48,3.660502268616216,1,1
3,7,61.94944751031354,2,0,0,4,18,3.2798696535568483,0,0
2,9,83.74485237382729,11,1,0,4,54,4.461136494849904,0,0
8,4,65.69152544359123,2,0,1,5,39,4.371566939159704,2,0
14,6,67.20606369656454,2,0,1,1,6,4.229168730384963,0,0
28,1,42.65300980429943,1,0,2,5,4,4.010965842864945,1,1
3,6,,2,0,2,4,46,4.826101142759831,1,0
9,5,73.93380622210279,6,0,0,3,41,4.013539088145956,1,1
15,5,62.613239599572275,5,1,0,3,23,3.6798732448192446,0,0
8,2,76.50022384678569,1,0,1,3,47,4.690588945090806,4,0
9,1,66.16496160249947,0,0,0,4,40,5.0,1,0
3,11,78.2199096794819,7,1,0,2,6,5.0,0,0
64,0,61.78763747608205,0,0,0,3,10,4.579913024344686,0,0
9,7,76.65341486141892,6,0,0,5,8,3.721087329026576,4,0
11,2,63.961689509075065,1,0,0,2,48,4.2420798428391295,2,0
3,3,90.86301364639263,1,0,0,3,29,3.9270863330508066,2,0
10,3,54.96353815685862,0,0,0,4,40,3.8241197170667287,0,0
4,9,58.60295310233462,6,0,1,4,2,3.0766305960161513,3,0
3,8,50.054614044432846,5,0,3,5,21,4.076649338977153,4,0
4,9,54.18814905703462,7,0,0,4,39,4.644927772971505,2,0
0,15,,9,1,3,5,50,4.280578505868174,2,0
12,2,90.89148876180333,3,1,0,4,19,4.89069285828473,0,0
7,5,91.38323694496832,3,0,0,2,31,4.397765455419078,2,0
34,4,58.22176435009118,4,0,0,3,47,3.23959183512984,1,0
0,11,,7,0,0,4,6,5.0,0,0
0,4,57.58508729111901,0,0,0,4,59,3.5695484964965214,3,0
32,2,66.50122913251118,0,0,1,5,6,2.762063662985561,6,0
2,7,83.03990312679204,5,0,0,4,19,3.7078147271846076,1,0
0,10,56.50840851102313,6,0,1,4,24,5.0,1,0
2,3,45.00183356977755,3,1,0,3,44,4.940288844594926,2,0
26,3,67.07170384830772,4,0,0,3,34,3.5794530964448095,3,0
24,1,47.886867086048994,0,0,0,4,43,4.226978201648921,4,1
6,4,60.5422942386071,0,0,0,4,23,4.2864038381780105,1,1
16,5,64.92321740283622,3,0,0,4,39,3.956090122368421,0,1
10,5,70.22047070925231,1,0,0,3,12,4.23150269663952,1,0
35,0,70.39937178913196,0,0,2,5,51,2.7171990726180866,2,1
0,10,64.60997912819725,6,1,1,5,47,3.9774625071614307,0,0
25,7,72.89880807860534,4,1,0,3,38,4.061790579307442,1,0
2,7,83.43348897759546,9,1,0,4,3,4.410669555093675,0,0
7,3,72.79577876397167,2,0,1,5,60,4.858293677124965,0,1
3,4,75.86444235073975,2,1,2,3,11,5.0,1,0
18,2,46.67021511949518,1,0,3,4,16,3.2126293376591972,4,0
17,0,63.425814902056764,0,0,0,2,0,4.071974282035939,2,0
11,3,66.31045097986741,2,0,0,4,16,4.207788992355598,2,1
17,5,94.93452011605852,3,0,1,2,1,2.3697149646479403,1,0
15,5,,5,1,1,5,5,4.403852056457275,1,0
22,4,73.37494361969017,1,0,1,5,43,3.626534970344993,1,0
4,10,68.32819818484676,14,1,0,5,57,3.2153946379006557,0,0
8,6,71.10535483837447,3,0,1,5,10,4.1025272669116415,1,0
2,6,39.625764135891835,7,1,0,4,52,4.742156747670406,0,0
8,6,63.01794486687956,2,0,1,4,42,3.617289480602916,1,0
18,2,88.18626930779322,2,0,1,5,17,4.882576132543973,2,0
17,2,42.77747634752195,0,0,1,5,39,3.5989150971314685,1,1
18,3,70.79203224343895,4,0,1,4,24,5.0,1,1
5,5,51.27698404214789,6,1,1,5,38,4.088918696961432,0,0
16,3,85.21552930308039,1,0,1,4,27,4.90653797207546,1,0
6,9,72.62468567477688,1,0,0,4,45,4.206297057948591,0,0
43,1,67.1506565970019,0,0,1,4,15,3.8719077096244296,1,0
6,6,48.87541262898358,2,0,3,3,11,3.802257661535359,1,0
13,10,57.83725788341921,9,1,1,1,40,3.937555294234613,2,0
20,6,54.60049698345875,0,0,0,3,51,3.6635926184644547,2,0
35,1,46.89193974514919,0,0,0,4,28,3.5819846346466733,3,0
8,7,57.75148381677463,11,0,0,4,22,5.0,0,0
6,6,30.777170854301403,4,0,1,4,20,4.464776337106296,1,0
8,4,70.88073203916564,1,0,0,5,15,2.9443734105794004,2,0
5,13,53.7856484764506,15,1,2,4,52,4.286355469506246,0,0
15,6,49.43541578397628,7,1,1,4,50,4.754008806226488,3,0
40,7,38.48855891068551,6,0,0,2,47,4.565873443545125,2,0
2,7,66.28428332571981,4,0,0,1,40,3.7291667146194656,0,0
12,2,,2,0,2,5,44,3.4857058075023857,3,1
34,5,55.481413652223814,1,0,1,4,25,4.326633110189927,2,0
1,7,80.62300906286626,2,0,2,5,36,3.693345903913104,1,0
10,5,68.69511006306077,5,0,0,2,21,3.2396641768256806,2,0
30,0,57.62438870272324,0,0,1,4,50,3.7956138439878857,2,1
34,4,89.20473214597197,3,0,1,3,9,4.312361970247814,2,0
10,7,34.104226619663514,6,0,1,3,6,4.290150235945271,1,0
0,6,62.1665110530032,3,0,0,1,8,3.8839184390587635,2,0
1,7,54.70406340248337,3,1,0,2,24,3.8608756264473367,1,0
13,1,64.7746680538369,2,0,1,3,45,4.388975087007289,2,0
1,6,42.65590978509064,4,0,1,2,14,3.621675542912499,0,1
2,5,72.07813693743874,3,0,0,5,12,4.513979660499789,1,0
22,2,35.5899770735321,1,0,0,3,41,4.3450181750140695,2,1
20,2,69.66059558335009,1,0,2,2,45,3.492800283830879,3,0
27,3,52.44827073515324,3,0,1,3,25,4.171733012103651,1,1
1,4,66.92901877452682,3,1,1,4,20,4.152057036466065,3,0
3,8,49.41701506469411,7,0,0,2,22,4.0731085143432555,1,0
26,2,47.22320315841288,2,1,0,5,60,3.2340422508016697,3,0
19,0,,0,0,1,5,43,3.1143198181932505,1,0
24,6,85.5348086324228,4,0,1,3,27,3.3507218140652557,2,0
68,2,42.83330424901358,2,1,0,4,60,4.453858143945069,1,1
29,4,62.38571838457328,3,0,0,1,50,3.204851916317633,1,1
11,4,71.60624781004927,2,0,1,4,37,4.014067646677768,3,0
5,9,59.009540486209985,6,0,1,4,11,3.718429405285221,3,0
12,4,59.516644795528975,2,0,1,3,23,3.0951821885653166,4,0
15,3,70.84193611377471,1,0,2,3,12,3.0448578750707043,2,0
6,7,68.19954628674154,3,0,1,5,39,4.0162942905040655,1,0
22,4,53.26504195669698,4,0,1,4,47,4.888911289016244,0,1
1,3,67.89974708090027,3,1,0,3,1,4.037452826035763,1,0
22,2,56.04305611619773,0,0,1,5,53,5.0,1,0
0,11,54.673505045843314,5,1,0,4,38,5.0,2,1
10,6,48.951477193071455,4,0,0,5,11,3.5985360822572354,0,0
29,3,48.99642856258885,2,0,1,2,38,3.2869643637307115,1,1
1,5,63.88165688615196,3,0,1,5,50,4.68051059428341,0,0
10,3,37.047681243626975,2,0,2,5,13,3.458125357741851,1,0
2,6,36.62598802242491,5,1,2,2,29,3.7086505219904784,0,0
33,1,57.480485616091684,0,0,0,5,40,4.2869770198392425,1,1
26,4,60.05695132506453,1,1,1,4,49,4.910737369373919,2,1
40,6,44.258172824910325,2,1,2,5,42,4.59298397061504,1,1
31,4,86.2695848233214,2,0,1,2,47,3.88559539963969,3,0
20,3,48.81473600556106,0,0,0,4,18,4.381042694962525,4,0
3,12,50.179541334830155,7,0,0,4,30,5.0,2,0
5,2,,1,0,0,5,42,3.861851814371071,1,1
10,4,74.2446950828653,2,0,0,3,49,3.273404233506864,3,0
13,6,85.44040904077856,4,0,0,5,42,3.6693547040673486,1,0
22,2,45.51047951318013,0,0,0,5,24,3.9011557966677683,1,0
3,10,72.60730795370962,7,1,2,3,3,4.054261021263615,0,0
2,12,63.99127209909946,11,1,2,5,49,4.46125856110797,1,0
9,10,48.56451041669016,12,1,1,5,50,3.6712525873444175,0,0
2,8,63.95110806185684,3,0,0,3,12,4.211957188961723,2,0
17,2,,1,1,0,4,35,3.792942120014638,0,0
12,7,56.24688645963188,4,1,0,4,41,4.131857283193779,1,1
20,1,44.97933349480822,1,0,1,3,60,4.370043851538843,5,0
0,8,54.95856244640932,5,0,0,1,53,5.0,1,0
50,2,61.03243611066227,2,0,1,3,36,3.691438968352022,4,0
0,9,,8,0,1,3,2,5.0,0,0
5,7,60.79786689034739,4,1,1,4,15,4.158640691173553,2,0
17,2,45.06654716946849,3,0,0,3,25,2.9961570671472484,2,0
0,11,60.24742011996497,12,1,1,5,39,4.3502016836397415,1,0
1,8,30.0,4,0,1,5,55,3.384024486359507,1,0
1,6,72.82596289745207,2,0,0,2,38,4.951489421642479,0,1
13,5,47.83632813018829,0,1,0,5,18,3.8605790018429937,1,0
33,2,88.49919430506569,1,0,1,5,45,2.482067200536301,3,0
12,1,73.71157484442182,0,0,2,5,14,2.9652412675873765,2,0
13,1,61.61932770033566,0,0,2,1,31,3.3655640687717083,3,0
6,6,55.53625312269775,2,0,0,3,48,2.9561632522469994,0,0
0,9,53.551439053466325,4,0,1,5,20,4.253809173999601,2,0
0,9,54.539900959504116,7,1,1,5,0,4.944290774297045,0,0
32,5,59.895445649163435,3,0,1,5,5,3.6684219390506927,2,0
1,6,53.93225690924884,5,0,2,5,26,4.050387769907344,2,1
90,0,68.33747333944014,0,0,0,2,22,4.623234608823508,5,1
2,12,82.03824685334092,7,1,1,4,46,3.981130987880343,0,0
16,5,,1,1,2,3,30,3.3813178034218248,4,0
44,0,76.58447241889138,0,1,0,3,11,3.3964104270533877,3,0
6,4,40.1487749989072,4,1,1,5,20,4.456819865207374,1,0
19,2,65.347948125798,1,1,1,2,51,3.2340505545101927,3,0
6,6,61.28582373482546,5,0,0,4,1,3.838492415509041,3,0
5,5,39.07797204296072,2,0,1,5,4,4.996936976741781,1,0
3,4,56.17071082450476,1,0,2,3,8,3.389879532496748,0,0
25,4,72.83501864993413,2,0,2,5,19,4.5235669242652765,0,1
4,7,30.0,2,1,2,5,45,4.865436267279643,0,0
4,6,57.00249303296569,0,0,0,4,17,4.684649984681724,0,0
90,0,53.20610026083504,0,0,0,3,60,4.000303010247733,6,1
5,14,64.03771878701411,12,1,2,3,21,3.896052062973311,1,0
8,7,73.5928954604135,2,1,2,4,7,4.465193402526494,3,0
69,2,70.48441214036407,1,0,0,3,33,3.252637527018533,3,1
6,11,74.57592886114139,9,1,0,3,8,4.191996338242629,1,0
6,8,77.7127880639564,6,1,2,5,6,3.2538631470977633,2,0
26,5,54.54918790653335,7,1,1,3,29,4.114706240650044,1,0
5,9,30.0,13,1,2,5,60,4.197692240214669,1,0
3,6,70.08611277932107,2,0,1,1,17,4.7608728939177105,3,0
8,7,44.8799664849676,4,0,0,4,26,3.4754062096865193,1,0
18,8,64.2351997517238,6,1,2,5,15,3.9697401560201357,1,0
0,7,38.7430581620253,3,1,0,3,20,3.687923093947217,0,0
7,7,48.88280609490643,7,0,1,3,4,3.8804932298171817,0,0
6,6,68.7004869181827,2,0,0,5,54,3.1523702590703317,1,1
4,11,53.33978660364313,7,1,0,5,28,3.5127007952553377,1,0
15,3,34.957061464899475,3,0,0,5,46,4.391835826062021,1,0
5,3,39.682432647876894,0,0,1,3,36,3.1380127423303144,1,0
13,6,76.9134193736099,3,1,0,3,42,2.8393964485299823,1,1
10,8,54.70304191954419,7,1,3,5,21,4.604948076522417,1,0
3,7,55.04509930693156,6,0,1,5,13,3.601052620233176,1,0
4,3,50.836093654458146,1,0,0,4,56,4.4353869884498796,4,1
2,10,37.20731860816813,7,0,3,5,18,4.23043296406233,0,0
0,14,55.98377654047759,6,1,0,4,34,4.4306802056370715,0,0
14,3,78.55485352187156,1,0,1,4,23,3.091507500678919,1,0
16,3,48.32819539750946,2,0,0,3,41,3.526944586151755,2,0
2,7,31.674776768620685,3,0,0,4,59,3.76091343678502,2,0
14,2,71.61463320355807,1,0,0,4,5,4.303153768348855,3,1
60,3,61.262513028615594,2,0,0,1,59,4.14691746252742,1,1
1,11,62.84878683047537,8,1,3,4,57,4.43453803643906,0,0
10,3,65.67782233332449,0,0,2,5,2,3.5261397472523104,2,0
19,0,33.83170227933914,0,0,2,5,33,3.566121431613988,4,0
0,14,58.299524284039514,7,1,1,4,44,5.0,0,0
22,3,63.63490181293612,2,0,0,5,49,3.9830047799197725,4,1
58,3,59.3555697181673,4,0,0,1,1,3.8618424542524945,2,0
1,8,59.2473137314995,4,0,0,4,14,3.7930624600424334,1,0
25,7,77.35616407325614,12,1,4,5,36,4.5387105849920735,2,0
7,8,66.59877706811264,3,0,1,4,14,4.042941136381124,3,0
2,7,69.42614496539183,8,1,0,3,59,4.367464820756889,1,0
10,3,57.646354455397066,0,0,0,2,31,4.250394136345484,0,0
1,10,30.0,10,1,0,5,20,4.802645773662363,0,0
11,4,55.11687765813366,4,0,1,4,16,3.0709011181519474,1,0
0,8,59.63321773394491,8,1,1,5,33,4.173946071143221,1,0
19,5,,3,0,0,4,31,3.5273492067862455,1,0
10,5,58.873595296842424,3,1,1,5,49,3.798878237966294,0,0
9,3,63.20323446807878,0,0,1,5,46,3.4603431910065092,1,0
3,7,74.24665285897139,0,0,1,5,51,4.145223888639354,3,0
6,2,47.138557759622195,0,0,2,4,22,4.7326286255386645,2,0
3,10,56.918290991701866,8,1,2,4,34,4.902552116165278,2,0
19,4,83.05648042802622,3,1,0,5,36,4.575696942116298,0,0
3,12,35.68267631264615,7,1,0,4,42,5.0,1,0
14,5,55.84266716143855,3,0,0,4,40,4.049301273823323,1,0
4,9,30.0,7,0,2,2,36,3.601327891219754,1,0
16,2,56.128495606789905,2,0,0,5,56,3.553566833667005,4,1
11,6,61.52654565867998,4,0,1,2,32,4.352113185730735,1,0
8,8,32.74516582149306,1,1,0,4,24,4.815124537789544,1,0
16,7,63.1463950811172,5,1,1,4,45,4.8896531365922815,1,0
8,5,49.83013863808441,4,1,0,4,36,3.1023107327127932,0,0
25,3,76.19724152720505,4,1,1,5,39,2.7566125003822872,1,1
19,1,67.12769567584421,2,0,0,2,20,3.475916182858039,4,0
11,4,51.868121790755474,4,0,1,4,45,4.395162121757464,3,0
31,1,56.87899653865909,2,0,1,5,59,3.563870843900214,2,1
26,5,83.25616715365298,6,1,2,5,47,3.7574870855458173,1,1
11,8,,6,0,0,3,37,3.7929655283671564,1,1
1,10,39.814693501825936,10,1,0,5,39,3.9442399519687275,1,0
12,7,42.86696619757025,10,1,1,5,33,4.349574911915141,1,0
6,8,57.177151192403294,2,0,1,5,18,2.96013515153267,1,0
11,6,76.87362124707478,6,0,2,4,26,4.7650980400426,0,0
15,6,52.64825755892279,3,0,2,4,8,4.61957747290605,0,0
15,2,43.58296992731077,0,0,1,5,4,2.8744054228318068,3,1
16,9,60.13412510759988,6,0,1,5,4,4.13330965607279,3,0
17,3,64.91201902534945,2,0,0,4,24,4.112036275141583,2,1
1,8,67.74074274419706,5,1,0,3,25,3.530583389247508,1,0
3,6,34.483663710149386,3,0,1,4,18,3.8673384415238057,0,0
14,7,64.73849060130443,2,0,1,4,29,3.920414135231555,0,0
7,7,63.90230636437573,5,0,0,3,35,3.0109910870420435,0,0
21,2,53.39305316395185,2,0,0,3,47,3.348695218857763,3,0
2,7,77.04013809383638,5,0,3,5,47,4.766876356451863,0,0
3,5,66.7858639187063,6,0,0,2,15,3.2662187009533934,3,0
12,4,47.14355849073309,1,1,1,5,6,3.9606976776380503,2,0
10,2,67.03735980065089,1,0,1,3,17,4.30901177780957,0,0
4,9,31.688926399895234,3,1,1,3,55,3.6111257452146206,1,0
7,8,52.836868834060304,1,0,0,2,20,4.868513587593134,0,0
0,6,53.85915765821392,0,0,1,3,30,3.947499094587834,0,0
0,16,69.9162649610727,10,1,1,5,0,4.144279934515734,1,0
1,6,105.59608927358941,3,0,3,5,2,4.038132682696565,2,0
12,6,55.60011347857076,6,0,0,3,30,5.0,1,0
29,1,81.97412146636113,2,0,2,4,24,4.268943218396791,3,0
4,7,80.36725785756724,4,0,0,4,52,4.039581427040178,2,1
0,15,40.05301497474224,10,1,0,5,7,4.094163391376406,0,0
18,4,80.08694050119587,2,0,2,5,0,4.724350828002734,1,0
29,3,49.42858351789367,1,0,1,4,6,4.7283970653239304,3,0
2,11,60.137783155904664,11,1,1,5,6,4.719796180438284,0,0
7,7,94.44828092512458,4,1,0,5,7,4.27230311235143,0,0
2,4,67.75075505223889,6,0,1,1,18,4.645299570510298,1,0
1,11,50.356125377375264,6,0,1,4,16,4.636896569508768,2,1
15,8,66.68210599748814,5,0,1,5,10,3.945999418192978,1,0
51,2,37.06088345419889,3,1,1,5,46,4.484250431728895,0,0
17,1,75.93134681159847,0,0,1,4,40,2.9613317192856794,7,0
62,1,50.34568747314883,0,1,0,4,48,3.920712715260055,3,0
8,8,30.0,7,0,0,3,10,3.0540053992703395,2,0
34,5,,3,0,0,4,37,4.619049730808323,1,0
3,8,52.288236089962446,6,1,0,5,40,3.6708316397345726,0,0
1,7,67.48223604841543,6,0,1,4,49,4.407157807064894,3,1
18,1,42.69920976943369,0,0,1,5,51,3.535634526021948,2,1
6,8,65.2295256554311,4,0,1,5,1,3.506658215017836,2,0
5,14,49.79098303239713,11,1,0,3,3,3.707226748223545,0,0
16,5,58.94526103326041,3,1,1,4,49,4.070253594531167,1,1
6,5,75.99584248197527,5,1,1,4,27,4.410427514979837,2,0
12,3,76.48460019608291,3,0,1,5,32,3.1528610774847063,1,0
5,3,79.1335651512228,1,0,1,3,10,3.6362946645182315,1,0
22,7,48.57472970643326,5,1,1,4,2,4.5603172207494795,0,0
5,4,64.45791732996544,4,0,2,5,39,3.8536364292179544,0,0
11,6,65.10343193570506,6,1,1,4,4,5.0,0,0
0,12,78.78456739997496,7,1,4,5,51,3.5435249009761898,1,0
23,1,55.08208801198877,1,0,2,5,20,4.094039889755618,1,0
14,4,37.66550299451186,4,1,0,2,21,4.471271645047017,2,0
3,7,72.73402575743917,1,0,0,3,53,3.510038677023631,1,0
3,8,80.1148046964739,7,1,0,5,36,5.0,0,0
4,4,64.75830674732221,1,0,0,5,59,4.601698803227574,2,0
12,6,43.60695475203446,6,0,1,2,10,3.7470588324903966,1,0
11,8,92.4825101331713,2,0,2,1,43,4.741942444354407,0,1
4,3,61.804092097832864,2,0,1,3,21,3.834044681646078,0,0
17,5,50.103999286016226,3,0,2,5,40,3.2994700442963514,0,0
32,3,76.46162840245125,0,0,0,3,52,4.4271220015033395,1,1
0,8,84.97229769159452,5,0,0,4,12,4.014958997491038,3,0
8,7,35.900138378848695,4,0,1,5,53,4.0458572339764665,1,0
13,6,68.06344473449761,2,0,3,1,51,4.192177260174587,0,1
13,6,79.45960047490658,8,0,1,4,60,3.9859651974724386,3,1
0,4,58.4398638453254,1,0,1,3,2,3.5080627118061916,1,0
3,3,62.218619546762596,5,1,1,5,12,3.3726722370635405,2,0
0,8,58.05662629445895,5,0,1,3,27,4.2267495229473155,0,0
12,6,83.02793342174593,6,1,1,5,53,4.450792330577185,0,0
15,5,43.44553656045654,4,0,2,5,10,4.372880686459446,1,0
2,8,,6,0,2,3,10,4.4144783468077,2,0
6,6,,2,0,2,1,20,4.9228250098543125,0,0
6,6,50.691422625222785,3,0,0,4,51,3.489467524326734,0,0
25,2,36.88005039688305,1,0,0,3,20,4.27877584648426,2,0
3,10,59.84136593302547,1,0,1,5,6,4.497705909176287,2,0
11,7,76.20101813116946,1,0,2,5,16,4.148051481435809,1,0
22,7,59.43483488760957,5,0,0,4,47,4.200810641130933,4,0
26,4,52.713979330407376,4,1,1,4,13,3.7892186586288092,0,0
16,9,67.51241955979285,7,1,0,4,32,3.9471189758184626,0,0
5,6,97.3527218313634,3,1,2,5,10,4.627358833390764,2,0
25,3,56.155616804338585,3,0,1,4,12,4.062317215412007,3,0
20,4,91.08214944258236,5,0,1,3,0,4.277167101207221,2,0
18,1,66.19941114033551,1,0,2,3,33,3.4568030097765687,3,0
1,5,47.02945403089274,1,0,0,4,8,3.760804184852746,2,0
0,4,84.9439116599479,3,0,1,4,12,3.6985170959642506,1,0
17,4,54.77004847432227,5,0,0,4,36,3.675879412397997,3,0
43,1,36.636049739370634,0,1,0,2,29,4.574913954034221,0,0
22,5,64.40825493524511,3,1,2,5,40,3.4766565766376187,2,0
26,1,53.01521415981477,0,0,2,3,44,3.225604434526404,5,0
11,5,87.22492909807238,2,1,1,3,36,4.209637902702297,0,0
5,5,66.08316609920355,2,0,0,4,46,4.4900500462209,3,0
16,3,51.981058661289126,0,0,2,3,6,4.157726172007949,1,0
18,4,73.0369554490965,2,0,1,4,13,2.814991849351469,3,0
16,4,,0,0,0,4,47,5.0,1,0
43,1,64.87918483556929,1,0,2,4,5,4.408494534880514,2,1
6,9,30.0,6,0,0,4,33,4.390155959360042,1,0
0,8,42.72307577347483,6,1,2,3,15,3.7742962478187456,0,0
35,1,63.46821461585323,0,0,0,3,50,4.312688462372802,2,0
2,13,40.77450435375677,8,1,2,5,36,4.88779248009065,0,0
17,3,51.084095265485274,0,1,1,4,35,4.360178861907578,0,0
30,0,73.90504200592432,0,0,1,4,45,3.1542833977339697,2,1
5,7,67.7463330387632,4,0,1,1,58,3.122437804868757,2,0
26,6,77.50337137324092,4,1,1,4,5,4.365512261189021,1,0
6,6,60.200992207324035,2,0,0,4,7,4.355308758470113,2,0
23,6,49.76610054092468,1,0,0,4,23,4.5397515531981645,2,0
1,15,81.17904424317086,15,1,2,5,2,4.24757531140652,0,0
15,6,60.69560561154444,2,0,1,3,3,2.785770716586077,2,0
16,2,43.95009045235155,0,0,0,3,31,3.530637104521284,2,0
10,4,84.51011489145777,2,0,1,5,0,4.089041980765531,1,0
17,2,61.014935847051134,2,1,0,5,33,2.4705819267636153,0,0
38,0,74.69155139438983,0,0,1,2,44,4.345287549860321,2,1
19,2,64.43364624140531,1,1,3,4,8,4.7539168318697405,0,1
48,2,74.65100560288701,2,1,0,3,11,2.6288569402801008,3,0
8,4,69.67409898056093,3,0,0,2,9,3.3759514399548363,2,0
11,7,55.46094289736421,5,1,1,3,9,3.49889965691942,3,0
4,7,54.553923969178086,5,0,1,2,49,3.858413819065906,0,0
63,1,,1,1,1,5,43,4.323210526831414,1,1
0,12,61.73190006877366,6,0,0,4,53,3.9294037181461747,1,0
6,6,59.90801123123251,6,1,1,2,47,3.865069140480189,0,0
5,4,53.49906029358927,4,0,2,1,22,3.5378803710694893,4,0
7,2,55.98392592292398,3,0,1,5,5,5.0,0,0
37,1,37.36277444869626,1,0,0,3,23,5.0,4,0
6,7,67.64288267223203,5,1,1,4,56,4.86126231438557,1,0
37,2,50.407510439291876,0,0,3,3,23,3.782139563840971,2,0
8,8,61.63809611252568,1,0,1,4,20,3.522030669036104,1,0
28,4,59.03827558046929,2,0,0,3,55,3.4202610701507585,1,1
11,3,62.964471288882194,2,0,0,2,41,4.282155814745964,1,0
5,7,60.49974903788149,3,1,0,3,30,3.5017633049576102,1,0
8,6,66.83543834498826,3,1,1,3,46,3.1218151472411164,4,0
8,9,46.82668797236465,4,0,0,4,57,4.198255161638109,0,0
4,9,,9,0,0,5,40,4.103093191658427,2,0
5,12,60.42535500076925,5,0,1,3,29,4.600535683424294,1,1
3,6,47.095499726610456,4,0,2,1,55,4.790575108707683,0,0
6,8,45.27865197882262,5,0,2,4,33,4.775595413052699,0,0
14,1,51.47912351461095,0,0,0,4,17,3.2241986607633697,1,1
7,4,62.62233255097412,3,0,0,5,11,3.571136218536361,1,0
18,4,43.69859133319054,3,0,1,4,34,4.955783659862915,1,0
65,2,74.12539386064329,3,1,2,4,6,3.9967400193777345,2,1
7,7,50.821642884559765,2,0,2,4,40,4.72917674480801,3,0
9,4,59.88271235562065,2,0,0,5,39,3.675868344025926,3,0
2,5,,5,0,0,5,24,3.7976922651982292,1,0
7,8,37.878461993630424,9,1,1,3,5,2.4288695744451854,3,0
19,1,80.473274936181,1,0,0,3,0,4.655996938639745,2,0
3,3,46.76549953223984,1,0,0,3,45,4.019686599726329,2,0
3,6,79.91812838210095,3,0,0,4,15,3.9337660749522207,3,0
7,11,67.81180686311865,11,1,0,5,59,3.3842017084545137,0,1
25,1,32.927264249484864,1,0,2,4,47,4.20004228401838,2,0
14,5,57.72566294031595,1,0,1,2,3,4.226316565741897,0,0
47,0,48.25312481775296,0,0,1,5,28,3.9603035975353262,0,0
35,1,84.61552955641427,0,0,1,5,37,3.397818734895189,4,0
2,11,63.147416307270134,7,1,0,3,46,2.6863675578590476,0,0
0,19,30.931103873254084,10,1,0,5,27,4.35307249340874,0,0
7,4,78.93732917481039,1,0,1,4,21,3.2752638050544447,2,0
11,4,68.24121183492761,6,1,0,5,7,4.57398242478828,0,0
10,2,66.23140332824254,4,0,1,5,31,3.8496755270060414,1,0
2,5,60.34226826782037,5,0,0,4,32,3.5128032336345765,2,0
1,7,38.694298315924385,4,1,1,5,12,4.714777834379245,0,0
0,6,83.71780519732752,3,0,0,5,26,3.5378688382760406,0,0
28,2,56.39890692683123,1,1,0,4,17,4.357775098154981,3,0
44,1,81.5904777654014,0,0,0,3,17,4.379864189692763,2,0
1,11,60.21614765749202,10,1,0,5,12,3.916842862026209,0,0
3,5,57.14427063217911,3,0,0,3,21,4.318063770655928,0,0
1,9,34.0684595407977,5,0,0,4,13,3.393470119350448,1,0
31,1,,1,0,0,5,10,4.664787625689112,1,0
47,1,79.83176826416312,0,1,2,5,38,4.605237342799526,1,1
4,2,70.8179145475703,4,0,0,4,49,3.852857344060204,2,0
5,8,67.87115739890143,3,0,0,3,52,3.9898596624167837,1,0
6,5,68.87590332251146,5,0,2,4,21,4.2056085072162475,4,0
10,9,60.049684160147805,10,1,1,3,35,2.9970976584653855,1,0
17,5,52.95620026837456,3,0,0,3,16,3.806899211600953,2,0
10,7,48.01297618564266,4,1,1,5,50,4.077183809871401,0,0
45,0,53.13048875858933,0,0,0,3,31,3.6397700430187974,0,0
1,8,62.12346198752478,3,0,1,4,13,4.865240085652967,1,0
24,2,48.4313418573857,2,1,0,4,41,3.936104078146436,1,0
6,9,60.251390350439536,6,1,1,5,56,4.021830323806475,0,0
7,6,61.18462908844529,2,0,0,4,28,2.54205727680748,1,0
18,1,57.27193595111865,2,0,2,2,5,4.06845086692745,2,0
39,4,35.341652572845334,2,0,1,2,49,3.8193716821924,1,0
18,9,44.234365650263506,11,1,1,4,56,4.077421234040594,1,0
22,7,57.572057807250935,4,0,1,4,3,4.388666830745524,1,0
20,3,,1,0,1,4,10,2.944791506707472,4,0
5,4,75.38081085347402,2,0,1,4,44,3.9919716531746623,0,1
21,5,79.49703177906687,5,0,2,2,39,3.853475251860829,1,0
23,3,72.77600113873869,2,0,0,4,9,4.188492898425995,1,0
11,6,64.2320749136569,3,0,1,4,54,3.65254146812169,0,1
11,3,41.50533240891468,3,0,1,2,27,3.499857591252762,3,0
21,4,64.60091649079666,4,1,0,2,10,4.870340604262353,0,0
25,7,81.07293311016167,6,0,1,2,34,3.46461379233701,2,0
6,8,,9,0,1,2,14,4.897681305617593,0,0
24,2,98.31375258483794,2,0,1,4,7,4.614105429666818,1,0
25,5,72.2658673140024,5,0,1,3,19,5.0,2,0
4,5,44.09148111804279,3,0,1,3,49,4.2699427807192,3,0
18,3,44.850200061515146,3,0,2,3,58,4.033606728425822,2,0
3,16,52.42116895595257,15,1,1,5,20,5.0,0,0
1,3,59.192786214914676,3,0,1,5,0,3.5585925584578457,3,0
12,5,54.35183617911596,1,0,1,3,28,4.245541653612738,1,0
35,5,30.0,4,1,1,3,23,3.568663031871996,1,0
0,9,40.465501090164935,5,0,2,3,29,5.0,2,0
26,4,59.89697185717747,1,0,0,4,39,3.3904372049269886,1,0
10,6,62.84906866152175,3,0,2,1,34,4.329380287809523,2,0
29,2,73.53232374379377,2,1,0,5,32,4.225542582723851,0,1
27,2,50.0129701319236,3,0,0,4,19,3.051068202617654,4,0
31,4,62.24398624552774,5,1,2,5,56,3.4540512267618695,1,0
21,10,60.140928099891674,6,1,1,3,15,3.634520051542082,0,0
27,6,47.44737014571392,4,1,0,5,8,3.7265923382567383,0,0
2,6,69.31421308053957,7,1,1,5,30,4.084803888330464,1,0
5,6,67.21977090082808,4,0,1,2,16,3.881685748570328,5,0
4,4,94.76409044984038,0,0,2,4,58,3.968447520737434,3,1
20,2,76.01217014741799,1,0,0,3,30,4.111027240609662,1,0
2,7,36.820393881287,3,0,1,3,47,4.712075610913367,1,0
3,6,73.98940538022876,5,0,2,3,22,4.184533897971779,1,0
31,4,38.526667239036804,1,1,1,4,5,4.570198642045329,0,1
18,7,82.11412644109993,2,1,1,4,29,4.564658158536688,0,0
31,3,55.57895284681595,2,0,1,5,54,4.1450109465746605,3,1
2,6,64.76037729612484,5,0,0,2,6,4.395303739386034,2,0
7,8,79.71506991092897,6,1,3,5,55,4.26212490215096,1,0
4,7,67.06116159020625,8,1,2,3,47,3.430863772580729,0,0
0,5,72.1877770268402,4,0,0,5,39,4.678334796093598,0,0
5,3,50.272778256197824,3,1,0,3,41,4.951318993024526,1,1
7,3,46.023743865059565,4,0,0,2,45,3.1369307554628727,3,0
1,9,60.416029169837856,10,1,3,5,10,4.69977984149814,1,0
12,6,69.88969970213697,6,1,0,3,33,4.0974304863587525,1,0
7,4,58.47834076565945,6,0,2,5,11,4.255461518904266,1,0
0,3,84.62743535789261,1,0,0,4,59,4.685057216773516,1,0
18,3,68.52130483517792,1,0,0,4,59,4.539692790942479,1,0
19,8,55.44155604896003,2,0,0,4,51,3.7408863850684213,1,0
26,3,57.671013364274025,2,0,1,5,51,3.3082645951927327,3,0
9,3,51.74241887849248,1,0,0,2,44,3.7300554648251967,0,1
51,1,67.12323819247958,0,1,0,5,46,3.7628786422826197,0,1
36,6,54.12352845858106,4,1,1,5,26,4.022399540462801,2,0
12,4,62.99519883276243,4,0,2,2,57,3.7693520409726204,2,0
8,5,82.97026916114348,4,0,1,2,11,3.7747218747502065,1,0
0,12,66.83400515270021,7,0,2,5,12,3.7785708137566525,2,0
18,3,59.23185168987148,4,1,0,4,7,3.87388934134893,3,0
12,7,56.69022576212809,7,1,2,4,15,3.559538868569593,1,0
41,2,79.81232634891006,1,0,1,2,60,4.2978197245987095,2,1
13,5,65.87060904568388,1,0,0,4,28,4.129811262442799,1,0
74,3,71.36904537172788,2,1,1,2,34,3.085838628182568,0,0
28,4,51.30082063968169,4,1,0,4,59,4.27852833345012,1,1
46,3,40.05948123553897,2,0,3,5,28,4.491807518952263,0,1
5,7,79.2470266474736,12,0,1,3,30,4.843005499959986,1,0
2,13,75.98726049931633,11,1,2,4,12,3.9118153444038866,0,0
23,6,44.1372723830408,3,0,0,5,11,3.5904207746164225,0,0
23,3,72.55904805160424,3,1,1,5,50,4.250386393080038,2,0
3,6,80.53342156937714,5,0,2,5,60,3.5577128697890563,4,0
21,3,,3,0,1,4,1,4.221224815337757,1,0
13,5,59.31824752302348,2,0,2,5,32,4.625207164345129,0,1
1,6,88.70344426173213,4,0,1,1,7,4.036161668578357,1,0
10,5,78.93471485268046,4,1,1,2,40,4.236591474645774,0,0
40,4,49.00548888413848,3,0,2,3,56,3.1089478050248687,4,1
10,9,50.376851737232144,11,1,1,4,58,4.293876902487286,2,1
23,2,56.540328567430564,0,1,2,5,39,4.118641901616048,2,1
0,5,63.93664970734602,5,0,2,3,52,3.668405466182999,2,1
19,3,67.94484129102257,1,0,2,5,48,3.9881013127914584,2,1
44,0,41.230156236231565,0,0,0,5,40,3.526242068915375,7,1
10,8,50.87430473616112,9,1,0,4,31,4.49606251709271,1,0
6,5,31.95475214737804,3,0,1,4,37,3.44481521385124,1,0
15,8,71.4362365645537,4,1,2,4,27,3.6694325385108004,0,0
37,4,60.79855891043755,3,0,1,3,14,3.3118425031010728,2,0
2,11,,10,1,0,2,22,3.920117949734852,1,0
7,5,53.57509187748874,10,1,1,5,23,2.360225259129158,0,0
2,9,57.61136040002389,6,0,1,2,12,4.698399291999521,1,0
10,6,66.12162471495077,3,0,1,2,20,4.58297933788955,0,0
11,11,42.145390144501135,7,1,2,5,53,3.5861338737538118,0,0
43,1,48.96531581016862,0,0,2,3,11,3.428298020380206,4,0
7,6,44.734118225022215,4,1,2,5,12,4.531833024122932,0,0
12,9,30.0,6,1,0,3,38,4.680886814872311,0,0
32,1,86.71030239609644,0,0,1,4,22,3.7817317765171663,2,0
5,7,70.18768287682106,5,0,0,3,49,5.0,0,0
16,10,47.81884364280975,9,1,1,3,45,4.531393298392502,3,0
21,5,63.57793448320055,3,1,1,4,42,4.561167578004781,0,0
6,7,42.52679468600442,8,0,1,5,27,4.897993171488797,1,0
2,13,67.51395894501069,9,1,0,4,13,4.0492262453588745,0,0
10,6,,3,0,2,5,16,3.3471346195910816,2,0
6,11,74.29863654155751,6,0,0,1,23,3.8985190465225177,1,0
4,7,30.288676044906545,1,0,0,4,52,3.352698594235756,3,0
54,2,36.98033562829387,2,1,2,4,57,4.151673549444114,0,1
10,3,,2,0,1,5,33,3.7235171228229578,0,0
29,2,53.716471663965166,2,0,2,1,50,4.0948556612784435,1,0
3,6,59.002715186655145,4,0,0,4,47,4.44812398436003,0,0
42,2,81.17236809626588,2,0,2,5,21,3.21715764772718,5,0
23,4,39.640231170292466,2,0,0,3,9,4.08242210321685,1,0
24,1,60.33365815749749,1,1,1,5,53,3.4805441539660573,1,1
7,7,30.0,6,0,2,1,7,4.390366306423112,1,0
9,8,44.562512369075165,5,0,1,5,20,2.9771796926069958,3,0
13,2,39.884570855968676,0,0,1,5,36,4.063594141049756,2,1
23,2,30.0,0,1,1,5,6,3.678683459804052,2,1
28,2,71.38005507022898,0,0,1,4,25,3.1232055533643273,5,0
1,2,50.20097978553221,0,0,0,1,12,3.418264784239892,0,0
35,3,62.67744507596154,1,0,2,5,15,3.6035644029648477,0,0
41,5,39.23973038319514,1,0,0,4,29,5.0,0,0
13,7,77.63905202623508,5,0,0,1,30,3.883395541319168,1,0
3,4,45.69863121024554,5,1,0,5,4,3.761617980560466,3,0
25,2,,2,0,1,4,31,3.8588770910539583,2,0
11,4,76.07630200670444,0,0,3,2,15,4.2230066128179535,1,0
25,7,63.85303363468668,5,1,2,3,46,3.918573827499321,2,1
25,2,65.28799569937422,3,0,0,2,8,3.970146306420291,2,1
1,9,44.82423123652177,3,0,0,4,21,4.949315702902669,0,0
14,11,35.69927011222793,8,1,0,4,54,4.645655817597635,1,0
9,7,62.86640575549017,4,1,1,4,43,5.0,1,1
43,4,63.253009082378604,4,1,3,5,39,4.2486557072928495,0,0
5,6,54.356625126736304,3,0,1,5,44,3.1997260401159124,5,1
3,4,,4,0,0,4,36,4.067283015305601,2,0
34,3,47.05563757788451,1,0,0,1,13,2.996285501666531,5,1
2,8,37.81029961694596,5,1,2,5,15,4.633326783340753,2,1
17,2,74.33215626719294,2,0,1,4,42,3.93050592509993,1,0
5,9,49.55155660298439,9,0,0,4,19,4.42074793599451,1,0
12,3,45.81348114000674,2,0,0,4,43,3.1972300244432525,1,0
14,5,69.45880122602763,3,1,2,4,14,3.2743282910679494,3,0
8,7,52.10266839473788,3,0,1,5,55,3.027067762839319,3,0
55,1,51.03396570402721,0,0,0,2,43,4.579239554608038,0,1
2,10,76.96894942898268,4,1,1,5,25,3.805161502211811,1,0
7,7,42.72786957131382,1,0,0,1,8,4.013921740337474,1,1
8,3,43.59049901306071,3,0,1,5,0,4.989673534428305,0,0
14,4,31.613878782241407,2,0,0,2,34,3.598215593607007,3,0
7,7,59.61641598009265,5,0,1,2,43,4.360099915880099,3,0
1,10,51.1636679742078,7,1,0,3,19,4.136461987367596,0,0
44,0,87.91743483975841,0,0,0,4,44,4.082864655419041,5,1
8,7,51.117866220614545,3,1,1,3,54,3.9867002562287386,0,0
6,12,,10,1,1,4,5,4.837568375976258,2,0
8,5,46.940255312619264,4,0,2,4,41,4.473902314368364,4,0
3,3,72.2431572425847,1,0,0,1,9,2.7859604666653266,5,0
1,9,81.78404493954959,5,0,0,3,47,4.65617842598372,0,0
2,3,52.145187464441555,1,0,0,5,58,4.760528957499544,1,1
2,8,57.47382856727589,3,0,3,5,32,3.9151969539105487,1,0
3,7,56.766303463682874,6,0,1,5,15,3.6606903103002852,1,0
8,4,64.04982583356954,3,0,2,5,35,2.844410202746657,4,1
14,2,74.83102755931128,0,1,0,3,5,4.1115555739933765,1,0
14,3,50.65010487215941,4,1,1,2,18,3.961810047731256,0,0
0,8,75.74840037121828,5,0,3,3,30,4.170092593111948,0,1
38,3,63.038620970365635,1,0,1,5,1,3.91197695003501,1,0
25,3,83.65384680275321,3,1,2,5,17,4.095392300353186,3,0
49,5,65.07282014358026,5,1,2,4,41,4.207678185222542,3,1
6,4,38.92634391657025,3,0,0,1,27,5.0,1,0
16,4,70.69345310559864,2,0,0,2,59,4.540728813413076,0,1
2,8,60.140441634026764,12,1,1,3,3,4.769978788987427,3,0
25,5,55.76264039424109,4,1,1,4,60,4.158941596965206,0,0
2,7,67.79447001407485,6,0,0,2,0,4.48802134647237,0,0
5,6,48.32981777387068,3,0,1,5,46,3.8916958658802714,2,0
10,6,57.14637565410034,6,1,0,4,41,3.754366743985631,1,0
13,3,52.21083161665554,2,0,1,5,49,4.089956084756146,3,0
12,7,70.22071545703031,6,1,0,5,15,4.219799337717586,1,0
1,5,55.13087400246429,1,0,1,5,44,2.735389964720097,4,1
8,7,62.139631773553404,8,1,0,4,57,4.6782804471159976,2,0
38,1,62.47226878356289,0,0,1,4,46,3.014526225810325,1,0
30,3,67.39132420099054,1,0,1,4,1,3.8020443050444475,2,0
13,7,,6,0,0,4,51,3.9516695673189126,1,0
12,4,78.06979676693817,3,1,1,4,35,3.439474805729784,3,0
1,8,75.56030696546418,0,0,1,5,0,3.649973513682514,1,0
3,4,88.17210280691465,9,1,1,5,38,4.046436916777258,1,0
4,12,46.46488408982785,6,0,1,5,22,4.2881840654882675,1,0
10,5,62.73833610430012,3,0,2,5,25,3.7676618140470137,3,0
19,1,36.20506616544658,1,0,1,3,10,2.9202786147593076,3,0
9,5,43.15209319083901,3,0,2,2,57,3.7371047592998012,1,1
2,8,71.16828437266238,5,0,0,4,41,3.8065548168919774,2,0
8,2,58.23966579966796,0,0,0,4,0,3.6787758712909366,0,0
2,6,45.504260446673406,6,1,1,5,10,4.736671393846703,0,0
20,3,71.66667800190223,6,0,2,4,23,2.9325877829582874,3,0
2,9,65.04523415657113,7,0,1,4,9,4.010366527270961,0,0
9,2,30.0,1,0,0,4,13,2.9547005535085242,3,0
17,3,76.57384763328733,3,0,0,1,13,3.3646262736412353,1,0
3,3,60.91451553273651,1,0,3,4,6,3.6339855273587136,4,0
1,5,51.804339222051304,4,0,0,5,22,4.248137172695553,4,0
12,6,39.84168431740717,5,0,0,3,42,4.734252923749436,3,1
0,7,66.9290650945384,2,0,1,4,21,3.8800736972688323,0,0
13,7,52.769491664032714,3,0,0,4,59,3.0037237124722687,0,0
21,4,57.77553681121228,3,0,0,3,35,4.345994029518034,3,0
5,8,60.80973252959794,10,1,1,2,26,5.0,0,0
10,6,67.8703386976005,6,1,0,5,55,3.4422510878335366,0,1
39,5,64.3033020082444,5,0,2,4,1,4.2200013135190035,2,0
9,4,82.71146788531334,7,1,1,3,38,4.2240940889923095,0,0
85,2,33.35103120017761,1,0,1,3,50,3.391097807046444,1,1
2,7,,6,0,1,5,45,2.683224084092118,1,1
18,1,76.22896458592236,1,0,0,4,18,3.1517988983631215,4,0
15,2,90.91895681892115,1,0,3,4,6,3.415869423753004,1,0
30,3,77.4867204854702,1,0,1,2,11,3.0754261291214653,1,1
1,9,67.5901820523868,9,0,2,5,2,4.284754071179624,0,0
4,7,73.15526555843104,6,1,1,4,46,3.250273521252575,0,0
2,3,72.68331575068916,1,0,2,3,4,4.328404425846453,0,0
40,1,51.3605926861067,0,0,2,4,7,5.0,0,0
8,8,69.16080918848235,4,0,0,4,13,4.325094824878834,2,0
36,1,45.50968612265145,1,0,1,5,60,5.0,2,1
5,5,62.058346069500814,4,1,0,5,35,4.688128263143932,3,0
2,6,52.70581878496715,3,0,3,3,6,3.5577971926995096,1,0
5,1,67.16368776250071,1,0,1,5,6,3.9264005803350996,4,0
13,2,52.07640199289649,1,1,1,5,49,4.281868974407465,3,0
27,2,61.12686334326393,4,0,3,5,45,3.3515550366627314,0,0
7,2,44.938789888460015,4,0,1,3,31,3.2554868232818555,1,0
36,4,54.483399624514774,5,0,1,4,7,4.666270203718341,1,0
4,8,77.45567180400575,8,0,1,3,57,2.8621948264603434,0,0
17,9,32.15140757537084,5,1,3,5,11,4.636181349775199,0,0
19,6,60.91756552771767,7,0,0,1,9,4.163600130527595,2,0
4,12,81.07428576713865,7,1,1,4,13,5.0,0,0
0,12,73.38760956134743,6,0,0,3,8,5.0,0,0
6,9,61.27784918410423,3,0,1,3,37,4.14051277573328,0,0
0,7,71.25246845940474,3,0,2,4,29,3.3357020011449308,0,0
34,3,48.96554768583262,1,0,1,5,4,4.156565976443997,2,0
46,2,71.01420739749791,4,1,0,4,0,3.5646167638701227,3,0
19,2,78.461924440104,0,0,0,5,0,3.2027302210288404,1,0
19,5,63.53968732118495,3,0,0,3,56,3.9446078260190403,1,0
4,8,75.06047846177874,6,0,0,4,19,4.089654733860972,1,0
1,8,44.77118154623787,7,1,1,4,48,3.5466817820038643,0,0
24,2,42.61264708895487,0,0,0,1,10,3.6107761343389004,0,0
12,0,71.72204964405944,0,0,1,4,25,4.319639356923245,2,0
17,1,97.08456927335766,0,0,1,5,43,3.778446272694426,4,0
22,6,61.3647043581254,2,0,0,4,2,2.7699587327890063,2,0
7,13,73.28154468451629,11,1,2,5,5,5.0,0,0
2,5,30.0,5,0,0,4,42,3.7474598012724325,1,0
23,2,69.17802783741014,2,0,0,2,60,4.26089754222923,1,0
9,7,52.62999846822696,2,1,0,2,44,5.0,0,0
26,3,90.02396869643422,0,0,2,4,10,3.538858929327494,4,1
8,4,71.62104296174255,2,0,2,3,7,4.501996036435903,1,0
3,5,61.257937630722964,7,0,1,2,28,3.1144646346049187,3,0
2,7,51.80818148055088,9,1,0,4,9,2.7243741970937663,0,0
20,3,79.24289084257359,3,1,1,4,33,4.495366313858505,0,1
12,4,79.5986033023168,3,0,1,3,23,4.195740077712807,2,0
7,15,47.887543149238574,11,1,0,5,45,4.138899673721102,2,0
10,6,77.58172978281569,9,1,1,4,60,3.4829992027351793,1,0
11,2,75.23434051192828,3,0,1,3,47,3.5522860576835855,1,0
4,6,64.14147184274626,5,0,0,5,16,2.898238735338581,2,0
7,5,72.43972561314514,2,0,1,4,31,3.2630302719609325,1,0
5,9,68.5045455475869,3,1,1,4,10,3.6055334037470814,0,0
7,2,44.428495599829276,2,0,0,4,33,3.148032953691649,3,0
10,5,65.38289059352869,2,0,1,1,23,3.754973674371637,2,0
2,8,58.087047772639345,6,0,0,5,54,5.0,2,0
7,6,43.7005176539658,3,0,1,4,4,3.9202629289752604,1,0
7,10,48.24525712854303,12,1,3,5,28,3.2521726294504116,0,0
5,17,35.120893586269816,14,1,0,5,47,4.2634636024446415,0,0
90,1,33.90804051952487,0,0,0,4,47,3.3388052781709163,3,0
1,9,51.34948498898758,10,0,1,3,57,4.538460270871694,1,0
15,8,76.61892783245334,7,0,2,3,33,4.799965414137929,1,1
2,11,40.64143745142171,4,0,2,3,15,4.77638972212571,1,0
27,1,41.98343932088697,0,0,0,4,24,4.137989880970381,1,1
36,3,88.74395043518591,3,0,0,3,36,3.939062064084437,0,1
7,4,45.736654286452094,1,0,0,4,7,4.300160905336273,0,0
26,2,60.452600038614115,2,0,1,3,28,3.334304926003646,6,1
4,13,67.52494936643302,8,1,2,5,51,3.919626441142692,3,0
2,6,57.042356585648534,5,0,0,2,45,4.581052708909725,2,0
5,5,59.32244862778434,7,0,1,5,24,4.044352272988549,1,0
