season,weekday,guests,nights,stars,dist_center,breakfast,early_book,cancel_days,price
3,2,1,8,3,4.58,0,73,-1,3369.41
4,6,2,19,4,11.75,0,26,-1,3685.47
1,2,5,19,4,11.71,0,162,-1,2552.05
3,5,4,17,3,7.52,0,61,-1,3417.73
3,3,2,18,4,1.72,1,262,-1,4954.84
4,2,2,12,3,13.8,1,198,22,3021.03
1,4,3,9,4,10.13,1,213,4,3073.5
1,2,2,16,5,3.93,0,265,-1,4472.48
3,4,5,18,5,9.27,0,26,22,5798.57
2,6,4,16,4,6.25,0,67,17,3108.69
3,2,3,16,3,9.64,1,194,20,3576.19
3,4,1,4,3,7.27,1,303,-1,3059.69
3,2,1,7,5,7.44,1,362,-1,6970.36
3,6,4,1,3,11.12,0,322,-1,4669.78
4,2,1,20,5,9.32,0,344,26,5301.79
1,1,5,1,4,1.48,0,326,-1,3312.02
4,4,2,8,5,1.26,1,301,-1,5148.65
4,6,4,8,4,4.78,0,97,22,3819.04
4,4,3,10,4,6.62,0,201,-1,3026.51
3,4,2,1,4,4.35,1,247,8,4677.87
2,0,1,21,5,9.88,1,347,-1,4612.03
1,6,1,21,5,3.17,0,10,-1,4924.57
2,2,3,14,4,10.65,0,31,-1,3001.6
4,4,5,14,4,11.67,1,327,-1,3736.49
4,5,3,10,4,2.13,0,147,-1,4865.67
2,0,4,19,4,9.87,1,132,-1,2643.87
2,1,3,16,5,14.43,0,268,22,4262.5
2,4,1,9,4,3.13,1,202,23,3528.15
4,4,5,20,4,13.67,1,121,-1,3565.82
4,0,5,16,4,9.21,1,97,-1,3957.9
1,2,6,20,4,8.99,0,235,-1,3417.04
1,5,3,8,5,1.06,0,130,-1,5067.35
4,1,4,7,4,11.3,0,251,-1,3230.84
2,4,1,11,3,7.33,1,251,-1,2896.55
2,2,2,21,4,10.9,0,352,-1,3699.75
1,6,5,6,3,12.19,0,55,-1,2231.18
4,5,3,15,4,8.0,0,248,-1,4109.98
1,6,6,19,,4.18,1,201,4,5836.59
1,5,4,14,4,2.38,1,248,-1,3487.95
3,1,4,15,5,2.66,1,301,14,6825.59
3,3,1,6,,13.04,0,175,-1,2530.42
3,5,5,10,,2.12,1,104,-1,6632.14
2,3,1,14,,5.96,0,244,-1,3284.6
4,6,6,16,3,5.21,1,224,1,3800.41
4,5,2,13,4,13.02,0,352,-1,4384.09
4,1,2,11,5,7.32,0,150,-1,4618.46
4,0,2,3,,14.95,0,310,27,1500.0
3,1,4,8,4,11.13,0,53,-1,4025.15
2,1,5,3,5,12.81,0,320,-1,3197.53
2,0,1,2,3,1.75,0,218,-1,2600.1
3,0,1,21,4,4.02,0,306,-1,5290.11
2,2,6,14,4,2.29,0,235,-1,3042.0
3,5,2,20,,7.12,0,346,-1,5341.52
4,6,5,21,4,10.86,1,163,26,4927.44
3,2,5,15,3,2.79,1,287,5,4152.6
4,0,6,3,4,2.21,1,358,-1,3336.94
4,3,3,1,3,9.33,1,56,-1,3237.08
1,6,5,15,,3.69,1,28,-1,3861.28
3,3,5,20,,7.35,1,86,12,4517.14
1,1,1,2,4,1.05,1,78,-1,4249.87
3,4,6,18,4,10.31,0,362,14,5514.14
3,1,5,1,5,8.26,0,307,20,5522.62
1,1,5,9,5,9.82,0,88,-1,4505.84
1,4,1,3,5,4.35,1,178,24,4924.89
3,5,5,2,,4.4,1,286,-1,6769.32
2,0,1,4,,12.08,0,83,-1,3764.56
4,3,3,16,5,10.86,0,222,-1,4930.7
1,1,4,1,4,8.82,0,143,-1,2313.72
4,4,1,9,3,9.53,1,163,7,3439.84
2,2,1,8,3,1.68,0,294,-1,1957.44
2,1,5,6,4,12.89,0,138,-1,2101.32
2,3,1,20,5,11.62,0,147,-1,4265.27
1,0,6,18,,8.98,1,311,-1,2948.47
2,1,2,16,4,13.8,1,240,-1,3288.0
1,1,2,8,3,2.78,1,242,9,2494.17
2,5,3,4,,10.39,0,169,1,1981.12
4,4,1,3,4,14.46,0,46,-1,2708.21
4,2,6,15,5,4.86,0,5,-1,4217.72
3,2,5,6,,0.52,0,364,-1,4174.28
4,6,5,1,5,11.1,1,34,-1,5464.59
3,0,4,18,3,0.4,0,70,10,4557.12
4,6,3,11,4,13.13,1,292,-1,4112.67
1,3,6,3,4,1.13,0,177,-1,3840.12
4,0,6,13,5,9.9,1,122,-1,5326.95
3,1,5,17,3,5.84,0,244,-1,3388.32
3,1,4,18,3,3.29,0,8,-1,3056.57
2,2,5,14,3,13.5,1,330,-1,2178.84
1,3,4,7,5,11.27,1,212,-1,5691.42
4,4,2,7,3,5.3,0,315,-1,1861.4
2,3,6,14,3,4.48,1,50,-1,2112.67
4,1,2,15,4,11.12,0,301,18,3697.69
4,4,5,12,4,12.6,0,326,-1,3105.4
2,3,3,12,5,10.82,1,63,-1,4526.15
2,3,1,8,,9.71,0,231,-1,3204.12
2,4,3,16,4,3.65,0,20,-1,2919.89
2,1,3,9,5,12.84,1,4,-1,4587.53
2,3,1,2,4,11.32,1,5,-1,2880.1
4,4,6,14,3,7.9,0,42,12,1957.68
2,5,2,16,5,7.82,0,281,21,5832.16
1,5,2,5,4,8.67,0,348,-1,3963.43
3,1,6,5,4,12.48,0,53,-1,4072.23
2,4,1,20,4,11.21,1,130,-1,4000.39
2,5,4,21,,12.89,0,138,-1,2996.09
4,4,3,18,,7.76,0,214,-1,2418.49
2,3,5,18,4,9.48,1,24,13,3892.67
2,1,2,5,5,12.86,1,64,-1,4160.23
2,5,6,11,4,3.72,1,259,12,5370.02
4,6,5,13,3,6.83,0,197,28,3213.98
2,3,1,3,5,9.42,1,108,-1,5119.04
3,6,5,17,3,13.75,0,15,21,4002.62
4,6,5,18,4,0.53,0,202,-1,4159.56
3,0,3,14,3,3.42,1,141,-1,4033.49
4,0,1,12,,3.75,0,357,-1,2844.37
2,1,5,14,4,5.1,1,112,-1,3506.92
3,5,2,18,4,4.44,0,73,0,6161.71
4,5,1,20,5,8.98,1,52,16,6171.38
1,5,2,2,5,13.32,0,117,-1,4574.03
2,4,6,7,5,9.66,1,185,-1,4283.93
4,3,6,15,4,3.85,1,62,-1,3850.86
1,5,4,10,4,13.0,1,140,-1,3391.61
4,3,6,15,5,9.59,0,300,-1,4398.03
1,1,5,17,,3.52,1,225,-1,3574.8
2,6,1,11,4,5.62,0,224,-1,3105.23
3,5,6,2,,11.91,0,182,-1,3992.19
1,1,2,21,4,11.16,1,160,-1,3078.28
4,5,5,18,4,8.78,0,61,-1,5066.86
2,0,6,4,4,2.43,0,80,-1,3348.74
1,2,3,9,,12.11,1,328,-1,2761.44
4,1,2,17,4,4.82,0,15,-1,3696.1
4,5,2,17,4,11.64,1,228,28,5871.33
4,2,4,17,5,9.82,1,96,-1,4766.0
1,1,3,16,5,4.18,0,359,-1,3954.24
1,4,4,20,3,3.42,0,319,-1,2433.94
1,5,6,8,3,2.22,1,325,-1,4480.65
3,4,3,15,,3.86,1,139,-1,4972.0
1,0,2,1,4,2.62,0,129,-1,2845.25
1,5,4,19,3,9.37,0,142,0,2093.84
1,6,5,15,4,9.1,0,336,-1,3153.25
3,0,3,9,5,8.92,1,179,8,5718.7
1,2,2,5,4,9.74,1,162,-1,2932.4
4,1,1,16,4,12.28,0,350,-1,4151.45
1,3,3,13,4,13.73,1,122,-1,1555.05
4,0,3,16,4,3.69,1,37,-1,5021.2
4,3,6,11,3,8.94,0,297,15,2873.9
4,3,5,13,,1.45,1,364,-1,4072.89
3,1,6,6,3,2.07,1,231,5,4466.2
3,2,3,20,4,9.92,1,336,-1,4408.69
3,1,3,17,4,7.45,0,251,-1,5472.59
1,5,5,5,4,11.45,0,6,-1,2525.16
4,0,5,17,4,6.56,1,55,-1,2936.46
3,3,4,1,4,2.18,0,167,-1,4738.42
3,1,2,5,3,13.12,0,316,-1,3212.77
1,1,2,5,3,1.52,0,218,-1,2268.82
3,1,4,7,,3.08,1,64,-1,4705.2
1,0,2,16,3,4.37,0,193,-1,1725.88
2,2,3,18,3,14.93,1,92,-1,1585.79
3,6,4,6,4,6.43,0,340,-1,5880.65
2,1,4,2,4,7.68,1,169,-1,3755.73
1,0,2,13,4,11.61,0,225,0,3174.26
4,3,1,10,4,9.66,0,230,17,3007.98
3,5,2,21,5,12.67,0,280,-1,5883.21
1,6,6,20,5,7.45,1,5,-1,6331.18
4,4,1,11,4,14.59,0,263,-1,2256.4
4,6,4,21,5,12.01,1,52,17,5589.09
2,6,1,2,4,6.2,1,18,-1,4075.16
1,0,3,8,5,5.9,0,264,4,6102.57
4,4,5,19,4,13.96,1,160,-1,3309.28
3,1,1,20,4,10.36,0,263,16,4628.59
3,1,6,17,4,9.44,1,293,-1,5099.95
2,6,5,16,4,11.44,0,159,-1,3888.77
4,0,3,10,4,8.54,1,22,-1,4042.39
1,4,6,5,,2.64,1,161,-1,2681.49
3,1,5,14,3,4.99,0,342,-1,3737.38
4,3,3,19,,8.5,0,6,-1,3456.33
4,2,5,4,5,0.57,0,362,-1,5111.47
2,2,5,20,4,6.73,1,23,9,1750.28
3,1,2,16,4,11.41,0,129,-1,3591.7
3,4,6,15,,2.71,0,254,-1,4937.72
1,5,6,9,3,1.25,0,255,22,2709.84
3,1,1,3,4,12.59,1,249,9,4635.76
1,5,6,9,,9.37,0,338,-1,3511.39
3,5,6,18,5,2.9,0,105,-1,6478.89
2,4,5,4,3,12.15,1,355,-1,2534.76
3,5,4,19,4,9.97,1,311,-1,5707.45
1,3,2,4,3,5.21,1,347,-1,2542.45
1,4,1,9,3,5.83,0,31,28,1500.0
2,1,2,1,4,2.59,0,76,-1,2025.2
3,6,1,1,4,12.58,0,325,17,5247.71
3,3,3,20,3,7.78,0,92,-1,2601.72
2,0,5,19,3,8.49,0,9,-1,1911.56
3,2,6,3,4,13.29,1,329,21,4364.11
3,1,6,10,5,0.53,1,33,-1,6186.89
1,1,4,12,4,1.28,1,339,-1,2907.84
3,1,2,18,,2.68,0,110,-1,4297.31
3,3,2,14,3,0.74,1,288,26,3271.57
2,0,2,10,5,9.97,0,343,-1,3763.47
2,6,6,10,4,9.62,0,96,-1,3075.82
4,4,2,18,5,3.4,0,312,-1,5416.5
1,0,5,1,3,2.5,0,149,-1,1990.35
3,3,1,15,4,2.44,0,203,-1,4628.56
3,1,6,8,4,14.31,0,221,-1,4459.25
4,2,5,3,,10.49,0,31,22,1653.17
3,1,3,18,,8.91,0,124,-1,3184.26
1,4,5,9,,5.04,0,107,-1,2211.71
4,5,5,16,4,6.67,1,210,17,4675.22
1,2,3,21,3,1.61,1,1,11,2005.72
4,1,5,15,4,14.97,1,182,17,3615.7
4,6,1,5,3,11.4,1,58,2,3435.08
2,2,6,13,3,9.44,1,288,-1,2620.21
1,5,4,20,4,8.94,1,95,-1,3576.4
3,0,3,7,4,7.71,1,249,-1,5204.14
3,3,6,16,4,4.08,1,104,-1,4900.62
1,1,2,7,4,3.63,1,210,25,3402.23
3,4,1,16,4,8.38,0,269,10,4226.11
3,0,4,13,4,1.33,1,58,9,5288.17
1,1,1,17,5,1.39,1,270,-1,5346.19
4,0,1,9,4,8.54,0,28,5,2849.24
1,4,2,12,4,13.82,0,202,-1,3308.31
4,1,4,13,3,13.74,0,111,-1,1500.0
3,5,1,9,,0.46,1,364,-1,5696.03
3,5,2,5,4,1.88,1,122,8,5260.66
3,4,3,7,4,8.87,0,200,-1,3778.79
2,2,2,1,4,12.77,0,302,-1,2411.5
4,4,5,4,3,14.33,1,184,-1,3373.88
2,2,6,4,3,12.95,1,57,14,1500.0
2,1,2,16,3,10.26,0,348,-1,1959.75
1,2,2,5,4,3.25,1,254,-1,3746.56
2,1,2,4,4,1.37,0,228,-1,3863.41
1,1,1,6,3,1.0,0,340,21,2524.15
1,6,4,3,4,9.3,1,52,-1,4250.64
2,3,2,8,3,0.83,1,341,-1,3663.97
4,1,2,17,3,11.17,0,319,-1,1885.47
4,2,5,18,4,10.77,0,243,-1,3212.38
4,3,5,18,4,1.47,0,337,-1,3387.86
4,3,3,12,3,13.63,1,257,11,1638.25
4,1,3,1,3,7.97,1,59,5,1808.89
2,4,5,12,5,13.6,0,228,-1,4102.39
2,4,4,11,3,13.55,0,339,-1,1500.0
3,5,3,13,4,3.2,0,303,-1,5060.45
4,3,6,3,4,5.89,1,117,-1,4266.8
2,1,6,8,,2.28,0,25,26,3053.12
3,6,4,3,4,11.69,0,339,-1,5638.42
4,4,5,17,5,7.71,1,149,4,5377.31
1,6,3,13,3,13.95,0,170,-1,2250.61
3,1,2,10,4,3.36,0,252,-1,5239.44
2,1,5,17,,10.42,0,19,-1,1500.0
1,3,3,3,4,14.84,1,348,-1,3246.44
1,6,4,13,5,10.08,1,303,-1,5352.6
1,5,6,6,4,1.31,0,350,-1,4037.11
3,3,4,14,4,8.95,0,60,-1,3837.51
2,0,3,10,5,2.94,0,150,1,4499.71
1,6,4,20,3,0.75,0,235,-1,2397.66
4,4,3,16,4,5.22,0,316,-1,3380.78
1,4,3,18,5,4.21,0,229,-1,4948.32
1,4,4,13,4,11.89,1,335,-1,2592.27
3,2,1,10,3,5.79,1,190,18,4260.89
3,1,2,6,,11.07,1,274,-1,4241.94
2,3,5,10,3,0.54,1,202,-1,3490.53
4,4,6,5,3,0.52,1,203,-1,2639.65
3,0,2,6,4,0.73,1,227,29,4999.33
1,4,5,7,3,3.52,1,268,-1,2986.9
2,5,5,11,3,5.8,0,178,-1,2217.28
1,1,6,16,4,9.24,0,330,-1,2482.97
1,6,2,12,4,14.79,0,256,-1,3340.04
3,1,6,12,,5.51,1,168,-1,4524.37
2,6,3,20,4,1.12,0,2,-1,3964.27
4,6,6,5,3,3.17,0,7,25,2753.18
4,3,4,16,3,13.5,1,335,-1,2452.8
3,2,1,6,3,10.58,0,106,1,2972.2
3,6,1,9,4,11.92,1,39,19,5057.88
2,6,1,5,,2.13,0,187,6,2545.51
4,3,2,21,4,2.28,1,263,-1,3500.35
4,4,2,16,3,1.95,1,329,-1,3420.48
4,5,3,18,,12.9,1,242,16,5719.55
1,0,1,19,4,3.39,0,164,27,2864.98
4,3,3,12,4,9.75,1,282,-1,3161.7
1,2,1,2,4,7.89,0,94,-1,3019.55
2,3,2,10,4,8.3,0,130,25,2554.8
1,1,4,12,4,3.17,0,261,17,2900.24
2,4,4,14,5,9.64,1,208,-1,5630.96
4,4,4,18,4,0.93,0,9,27,3110.96
4,6,6,19,5,14.9,0,28,-1,5256.18
2,4,4,6,4,0.69,0,147,-1,3095.52
3,4,5,5,5,1.04,0,334,-1,5940.7
2,4,1,16,3,5.07,0,65,-1,1699.2
3,4,4,14,3,12.52,0,11,-1,2941.1
1,0,5,13,4,4.08,1,12,22,3528.81
1,2,5,21,3,7.24,0,363,-1,1893.88
1,6,5,2,3,0.56,0,101,-1,2834.77
4,4,3,2,,1.46,1,172,-1,4067.88
1,6,3,12,4,9.24,0,212,-1,2499.94
3,2,5,1,5,3.16,0,168,-1,5609.74
1,5,6,19,,10.51,0,207,-1,3629.73
2,4,4,16,5,11.85,1,346,-1,3474.76
2,6,1,7,4,12.8,1,61,-1,3717.33
4,3,6,21,3,2.27,0,8,-1,3373.85
2,6,2,7,3,7.0,0,124,-1,2824.59
3,4,3,16,4,14.22,0,161,23,3388.99
1,1,4,6,,11.65,0,18,14,3529.32
4,0,4,18,3,2.02,0,345,12,1982.84
1,3,2,1,4,7.69,1,86,8,2838.12
1,3,2,1,4,13.86,0,17,-1,2967.15
3,1,4,14,4,6.77,1,236,-1,4970.61
2,4,2,6,5,12.61,0,173,-1,4257.87
2,0,4,6,4,7.59,1,103,-1,3630.62
1,3,6,4,4,1.87,0,236,-1,3613.88
4,0,2,12,5,2.47,1,125,-1,4707.12
2,3,6,18,,0.99,1,48,-1,2074.8
4,4,6,10,4,3.17,1,101,-1,3729.12
2,5,2,3,5,13.44,0,73,-1,4883.09
4,3,4,3,,9.86,0,170,-1,3001.6
3,5,5,8,4,11.16,1,137,-1,4744.84
4,3,4,1,4,9.44,1,84,-1,3251.69
3,2,1,18,4,5.98,0,165,16,4612.57
3,4,2,15,3,3.49,0,37,17,2193.94
4,1,3,21,5,13.91,0,248,22,4553.5
3,5,2,20,5,7.87,1,267,-1,7675.95
1,1,1,17,5,7.37,1,307,7,5499.99
3,4,6,11,4,14.94,1,104,-1,3325.59
2,6,3,13,3,5.94,0,347,-1,2417.73
4,1,3,20,3,12.86,0,23,-1,2715.19
1,4,4,10,5,12.98,1,286,13,3895.16
4,1,5,13,4,3.72,0,81,-1,3532.97
2,5,4,17,3,1.69,0,254,4,3488.62
2,2,3,21,4,14.64,0,22,7,2621.18
2,1,3,1,4,6.56,0,326,-1,3233.0
3,5,5,20,4,0.33,1,71,18,5782.49
3,3,2,16,4,7.64,0,117,-1,4210.74
4,4,5,16,,9.4,0,37,14,2550.41
4,0,6,21,,11.71,0,155,-1,4465.48
1,6,4,3,3,14.16,1,346,15,3452.0
1,0,2,2,4,13.75,0,126,-1,1519.93
4,4,4,6,4,14.12,1,276,-1,3420.61
3,2,5,11,5,0.77,0,26,19,5566.07
2,1,2,3,4,10.76,0,55,17,3003.65
4,2,5,1,4,3.62,0,124,-1,3055.7
1,0,6,11,4,3.06,1,361,4,4816.56
3,6,1,13,,12.06,0,20,-1,5505.75
4,5,3,5,5,6.43,1,13,-1,5493.24
4,6,2,18,5,13.77,1,240,-1,5345.26
3,4,3,15,4,0.92,0,106,-1,5112.8
4,4,1,18,4,12.09,1,69,-1,3294.05
3,2,2,15,,2.31,0,203,9,3112.76
2,5,3,20,4,2.9,0,27,18,3068.67
3,2,3,20,4,7.32,0,220,-1,5026.93
3,1,2,20,4,6.12,1,101,-1,4814.49
3,3,3,7,3,7.45,0,66,-1,2582.83
4,5,3,17,5,14.12,0,123,-1,5099.7
4,3,2,8,4,9.96,0,288,-1,3272.28
3,6,3,13,4,4.57,0,241,-1,5798.36
4,1,3,16,3,2.84,1,11,23,2423.43
1,3,4,10,4,6.47,0,202,17,2609.61
1,0,6,14,5,6.94,1,219,12,4698.68
4,6,4,6,4,9.14,1,178,-1,4549.86
4,3,1,20,4,4.21,1,225,1,3453.36
3,1,4,7,3,11.58,0,213,25,3622.97
2,3,4,6,4,1.75,0,358,-1,3022.16
4,4,1,17,,8.54,0,267,-1,5403.38
1,2,3,21,4,9.47,0,18,9,1965.27
3,0,3,8,,3.34,0,350,-1,6026.42
4,4,4,12,,12.44,0,314,-1,4414.98
1,4,1,4,,9.35,1,268,-1,5964.24
1,1,3,10,,9.79,0,274,-1,4348.48
2,2,5,6,3,7.62,0,163,-1,1500.0
3,2,2,7,,13.67,1,213,29,5188.12
3,5,2,21,,10.5,0,221,-1,4255.85
2,6,6,8,3,5.91,0,268,-1,2437.22
2,0,2,3,3,3.81,0,83,6,1500.0
3,6,4,8,4,1.34,0,230,-1,5861.82
3,1,2,15,4,2.73,0,43,18,4286.28
4,0,2,21,4,14.89,0,75,8,2847.57
4,5,5,1,3,6.28,0,364,-1,3319.47
2,3,3,13,4,13.51,0,336,-1,2511.31
4,4,5,18,,2.81,0,160,-1,3970.1
1,0,4,15,4,6.55,1,235,25,2515.8
4,6,2,7,3,14.42,0,307,-1,2028.31
4,4,3,15,3,1.64,0,358,-1,2426.06
1,1,6,3,3,9.03,1,116,22,2211.93
2,6,6,14,4,13.81,1,89,-1,3919.68
1,3,2,20,4,14.26,0,338,-1,1834.94
4,1,2,4,4,12.74,1,268,16,4252.74
2,3,6,4,4,12.88,1,253,-1,4230.12
4,3,6,3,4,9.89,0,137,-1,3178.46
1,4,4,5,4,3.54,1,94,2,3067.33
1,1,2,11,5,11.04,0,154,-1,4446.49
4,1,6,8,3,14.68,1,194,-1,3147.64
3,0,1,2,5,8.03,0,324,4,5734.13
3,6,6,16,4,4.13,0,4,-1,4875.22
1,1,3,10,3,8.73,1,70,11,2044.81
1,0,3,18,5,10.45,0,103,-1,4419.5
3,2,1,7,4,3.36,0,55,-1,4840.0
3,2,4,5,,10.87,1,306,-1,4644.62
4,2,2,7,4,8.94,0,311,-1,3785.2
4,5,2,21,4,9.3,1,169,-1,4063.12
3,1,6,6,3,4.8,0,140,10,4291.39
4,5,3,1,3,2.58,1,33,-1,3174.38
4,6,4,11,5,9.46,0,355,-1,5973.8
2,1,4,13,5,8.92,0,52,-1,3941.41
4,0,4,12,3,5.27,0,2,-1,2134.14
1,5,6,1,4,4.65,1,329,-1,4224.99
4,5,2,21,4,5.4,0,249,-1,4004.36
4,6,4,15,3,7.5,0,106,-1,2521.05
3,5,6,1,4,14.63,0,98,-1,4063.03
1,3,6,3,4,11.52,0,292,-1,2663.85
4,0,1,15,4,12.82,0,179,-1,2896.66
4,2,5,9,,7.73,1,133,-1,4850.15
2,0,4,14,3,8.03,0,148,-1,1500.0
4,3,5,8,4,3.3,0,300,-1,3649.2
4,6,2,4,4,10.9,1,132,19,4174.16
2,6,6,20,4,6.5,1,258,14,4755.06
3,1,4,20,3,11.21,1,275,6,3676.73
4,0,3,6,4,6.31,1,203,10,4147.07
2,6,2,1,5,1.9,0,60,25,5799.16
1,5,1,18,4,2.84,1,159,-1,5149.87
3,6,1,6,4,12.23,0,146,27,4676.99
1,6,5,14,5,4.1,1,142,19,4968.18
1,6,6,11,3,4.19,0,329,-1,3602.11
2,6,5,17,5,13.96,0,312,16,3199.25
4,2,3,9,,9.97,1,153,19,2980.68
2,2,3,7,3,1.98,1,325,-1,2299.8
2,1,1,14,3,2.41,1,110,17,2753.17
2,6,4,17,3,4.3,0,89,-1,2505.89
2,0,1,8,3,9.03,0,48,11,1500.0
3,3,1,16,4,11.37,1,130,-1,5681.43
4,1,3,12,3,4.34,0,210,-1,2394.47
1,0,5,12,5,13.1,1,227,27,4075.49
1,6,3,5,4,1.9,0,252,-1,3393.07
4,4,6,5,,3.35,0,93,9,2722.41
1,6,3,14,4,14.57,1,164,5,3592.15
4,2,3,6,4,2.28,1,108,8,3632.37
1,3,1,7,4,13.36,1,59,6,2572.9
2,5,4,21,3,10.65,0,97,21,2329.76
1,3,1,17,5,1.37,1,186,-1,5117.06
4,5,2,9,4,7.41,1,235,-1,4875.07
4,3,3,13,,7.93,1,80,22,2453.97
4,2,3,9,4,14.0,1,41,-1,3135.23
4,5,2,16,4,6.49,1,150,-1,4078.99
4,0,3,4,,6.87,0,72,15,2082.15
3,5,3,2,,1.95,0,26,21,6968.46
3,1,6,13,4,9.7,1,80,24,4993.53
1,0,3,13,4,3.4,1,232,-1,3667.72
4,1,2,19,4,1.44,0,173,2,1728.87
1,6,1,12,5,14.95,1,272,-1,6148.58
4,3,3,4,3,4.26,1,112,-1,2440.01
4,0,4,10,4,2.37,0,249,-1,3716.94
3,3,2,16,4,10.58,0,250,-1,4571.2
3,6,5,19,4,12.38,1,14,27,5651.05
2,4,6,8,3,1.24,0,168,10,3274.36
3,3,2,6,3,1.85,0,72,-1,3527.68
2,6,1,4,5,1.63,1,269,-1,6381.38
2,3,2,7,4,0.99,1,263,-1,3863.56
2,6,5,14,4,9.99,0,331,-1,4101.97
2,1,6,13,,8.95,1,66,5,3563.68
2,6,4,21,,10.04,0,258,28,4248.99
1,5,5,5,,7.73,0,131,-1,1866.07
3,4,2,9,3,12.32,1,123,-1,3294.52
2,3,5,3,5,8.34,1,223,23,5395.39
4,6,2,10,4,13.81,0,173,-1,3501.93
3,6,4,15,4,7.44,0,269,-1,5462.14
3,3,4,20,5,11.92,1,140,-1,5986.28
2,4,1,21,4,6.29,1,135,-1,3071.88
1,4,4,17,3,6.7,0,229,-1,1500.0
2,6,3,6,3,12.78,0,101,-1,1864.96
1,0,5,3,4,1.88,0,301,26,3401.99
4,1,5,18,5,8.6,0,286,-1,4991.81
3,4,2,5,,10.98,0,90,-1,2757.5
4,4,4,13,3,11.33,0,208,-1,2113.03
1,2,1,1,5,8.99,0,34,-1,5092.56
1,5,1,17,3,6.89,0,61,6,2545.6
4,4,1,3,4,4.13,0,151,-1,2987.6
1,1,6,19,3,13.67,0,64,-1,1500.0
4,5,3,21,4,5.74,1,220,-1,5333.06
3,5,4,20,4,12.05,0,345,-1,5002.01
4,3,1,12,3,0.77,1,299,-1,2816.53
3,3,3,8,4,3.71,1,354,-1,4173.41
4,3,5,8,4,5.38,0,50,29,3168.1
1,3,2,15,4,10.17,0,107,-1,3503.92
4,2,4,11,4,4.99,1,343,22,4645.46
1,4,4,20,4,0.91,0,173,-1,2701.59
4,3,6,1,4,2.86,0,288,-1,3905.73
4,6,5,16,4,4.11,1,191,22,4175.95
2,0,4,14,4,2.89,0,356,-1,3052.6
1,3,6,7,,3.29,1,166,-1,3347.41
2,4,6,6,4,11.6,1,243,-1,2535.58
1,3,6,21,3,6.36,0,254,-1,1528.57
2,2,4,4,,6.26,0,57,-1,1500.0
3,1,4,8,,14.51,0,25,-1,2978.53
4,1,4,19,5,6.87,1,116,-1,5285.54
1,4,3,3,4,13.94,0,241,-1,2144.33
1,6,6,4,4,4.7,0,229,-1,4171.03
4,1,3,13,,6.19,0,330,-1,2497.9
1,1,2,21,3,6.13,0,252,6,2860.1
1,0,4,2,5,8.33,0,92,10,3454.12
2,4,5,11,5,8.89,0,220,-1,5164.77
1,6,1,16,3,3.95,0,194,-1,2661.77
3,4,2,10,4,11.97,1,200,10,5493.28
3,1,1,15,4,7.6,1,226,-1,5241.9
4,1,1,10,4,0.4,1,56,-1,3304.6
1,1,4,2,4,8.99,0,69,-1,2621.98
4,5,5,6,4,12.03,0,247,-1,4723.77
3,2,1,14,4,3.98,1,72,-1,4434.26
1,3,6,2,3,0.86,0,254,-1,2850.81
1,2,1,10,4,12.17,0,263,-1,3282.55
4,4,2,17,4,14.65,0,90,9,3546.84
3,0,5,8,4,1.43,0,125,29,4699.98
1,3,5,16,,14.09,0,289,-1,2223.5
4,0,1,14,3,5.58,0,239,-1,2885.16
3,6,5,10,4,14.14,0,324,-1,5497.78
4,5,2,13,4,9.84,1,9,-1,4724.63
2,4,2,1,4,13.39,0,211,-1,1543.76
1,5,2,10,,11.85,1,21,-1,3822.11
2,4,6,12,4,0.71,1,156,25,3824.76
3,0,4,17,3,1.26,1,158,-1,4694.33
2,0,1,14,4,8.03,1,261,23,2619.68
2,0,5,5,3,2.21,0,109,6,1500.0
3,4,2,19,,7.08,1,262,-1,3919.9
4,1,1,5,3,14.33,1,352,-1,3855.99
2,0,1,15,3,4.63,0,365,2,2458.18
4,5,4,13,4,7.49,0,12,-1,3566.42
2,6,6,17,5,5.95,0,62,26,4986.64
4,3,5,1,3,9.56,0,23,-1,2377.48
3,4,6,14,5,3.15,1,349,-1,6813.34
2,5,5,4,,4.12,0,352,8,3016.73
3,2,2,9,4,12.92,0,339,8,3933.38
2,6,2,17,4,12.23,1,18,-1,3494.57
3,2,1,3,5,11.9,0,338,-1,5889.92
3,3,5,13,3,11.63,1,229,-1,4036.49
2,1,5,12,4,7.05,1,87,-1,2249.53
2,0,6,16,3,11.01,1,68,-1,1864.19
2,4,2,4,4,5.99,1,149,7,3859.03
1,5,3,18,5,1.78,1,315,11,7105.19
4,0,1,3,4,6.08,1,277,7,4424.87
1,5,5,17,4,2.63,0,91,-1,3960.34
1,4,4,1,4,6.05,0,144,-1,3279.3
3,2,4,19,5,4.67,0,350,26,6242.5
2,0,3,4,4,9.11,1,174,-1,2463.04
4,3,2,17,3,5.61,1,144,3,2560.98
3,1,2,7,5,10.67,0,190,-1,5055.71
1,3,2,2,3,7.83,1,134,-1,2553.82
2,1,6,12,3,13.82,1,28,-1,1500.0
3,6,4,5,3,1.64,1,236,-1,5182.48
2,5,2,16,4,10.41,0,199,11,3798.11
3,0,4,8,4,10.18,0,259,-1,4278.49
2,0,3,8,,14.27,0,359,23,1500.0
1,6,1,13,4,5.76,0,117,26,2805.64
4,1,6,14,4,4.79,0,271,26,3627.56
1,2,5,11,5,2.83,1,79,-1,5256.34
4,4,3,6,4,4.2,0,341,-1,3588.27
2,3,4,16,4,7.68,0,74,-1,3289.84
3,6,3,15,4,12.61,1,186,22,5742.26
1,5,5,16,3,4.48,0,40,-1,2582.6
4,6,6,13,4,2.62,1,245,-1,4945.36
1,3,1,12,4,4.3,1,315,-1,3241.05
4,3,5,18,3,1.78,1,57,27,4122.47
1,5,6,18,3,13.92,1,229,26,3315.55
4,5,4,14,4,13.13,1,111,-1,4346.32
4,0,5,2,3,4.83,0,203,-1,2501.44
2,3,3,2,3,3.93,0,39,-1,1904.2
4,4,2,3,4,13.61,0,57,8,1858.88
2,4,3,8,4,0.33,0,188,-1,3306.83
4,1,4,11,5,9.13,0,172,-1,4524.01
3,6,1,12,4,13.77,0,76,0,3264.26
3,5,5,4,4,7.78,1,47,-1,6078.38
3,0,1,9,4,0.34,1,89,-1,5128.78
4,4,4,17,3,3.52,0,10,-1,2415.75
2,2,5,16,3,13.86,0,55,8,1500.0
2,0,6,17,4,0.55,1,278,3,4482.81
4,0,6,15,4,6.1,1,32,-1,3888.05
3,4,3,20,4,11.91,0,179,5,3370.79
3,2,3,7,4,12.62,0,115,9,3190.55
2,1,4,10,3,7.32,0,27,22,1500.0
3,4,6,4,4,3.72,0,114,2,4084.7
1,2,5,14,4,9.12,1,219,16,3044.62
2,0,6,14,4,4.18,0,225,-1,2801.84
3,2,3,14,4,4.05,0,242,-1,4802.91
2,0,4,14,5,12.17,0,178,-1,3622.98
1,6,6,20,5,2.57,1,307,-1,6590.74
2,4,4,18,,0.38,0,199,-1,5763.07
2,5,6,15,3,5.25,0,264,-1,2264.07
2,4,1,19,3,7.52,1,273,-1,3076.69
2,6,6,13,3,10.66,1,193,-1,2603.12
1,3,3,12,3,11.78,1,81,-1,2382.34
4,3,5,19,4,10.05,0,167,-1,3211.26
2,3,3,19,4,9.51,1,65,-1,3612.51
2,4,3,20,4,10.09,0,21,-1,1927.8
3,1,3,2,5,4.29,0,335,-1,6437.33
2,4,4,21,5,5.92,0,100,0,3671.99
3,6,2,3,3,9.36,0,351,12,3987.54
4,6,2,10,5,1.26,0,329,-1,5622.25
1,5,1,5,,4.64,1,360,-1,3807.43
1,2,3,12,4,6.27,0,175,-1,2731.84
4,4,2,7,4,8.14,1,271,26,4286.27
1,4,1,9,3,7.45,1,48,18,2185.14
4,0,4,2,5,10.86,1,353,18,5264.83
4,6,3,10,4,7.26,1,100,-1,4323.05
4,0,5,6,5,13.59,1,62,-1,5292.97
1,0,4,12,5,5.89,1,311,-1,4603.49
3,4,1,6,4,8.02,1,353,-1,5342.4
4,1,4,3,3,0.35,0,363,18,2770.92
2,2,5,10,3,4.86,0,332,-1,3654.61
1,2,4,9,,13.04,0,36,12,2405.72
4,6,1,20,3,5.2,1,206,-1,3782.91
4,5,5,5,,4.02,0,221,-1,4986.47
2,6,5,3,3,8.29,0,222,7,3324.15
3,1,4,5,5,1.46,0,348,-1,5761.66
3,1,5,8,4,8.11,1,353,-1,4901.29
3,2,4,8,3,4.76,1,31,18,3613.64
4,3,3,14,4,5.93,1,363,-1,4286.74
4,0,5,17,4,11.93,1,150,14,3262.42
4,0,4,11,4,10.03,0,73,22,2378.48
1,2,3,16,4,6.86,0,71,-1,2171.81
2,6,5,6,3,8.79,0,276,-1,2108.54
4,1,3,11,4,11.57,0,202,16,3314.66
2,6,6,10,4,11.26,0,102,-1,3879.93
2,5,5,9,4,3.02,1,174,17,3994.91
3,3,6,15,,4.72,0,210,-1,6361.72
1,2,1,7,3,5.42,0,252,-1,2477.64
4,0,1,18,3,3.06,1,353,28,3300.47
3,4,4,1,4,0.48,0,317,-1,4356.55
3,6,2,15,5,2.86,0,293,-1,7595.26
4,1,6,2,4,12.18,0,353,-1,2792.96
2,4,6,2,3,8.33,0,365,-1,2043.38
3,5,1,10,3,5.32,1,153,-1,4534.63
2,2,6,20,,9.24,0,295,-1,2076.29
1,6,2,15,,11.18,1,143,-1,3931.47
2,0,3,10,4,5.51,1,18,-1,3627.9
1,6,3,19,4,7.15,0,28,7,3488.62
2,3,2,13,3,1.24,0,364,-1,2533.54
3,4,6,11,3,9.08,1,188,-1,4298.68
3,3,6,2,4,5.54,0,163,-1,3450.93
1,5,6,21,5,6.67,0,340,-1,5928.56
4,0,4,13,4,6.51,1,265,6,3880.29
1,4,5,21,5,9.6,0,174,-1,4187.1
1,5,2,1,4,8.72,1,171,-1,3941.26
2,3,2,5,3,6.5,0,115,-1,1500.0
2,3,2,21,3,0.55,0,363,-1,2214.17
1,4,2,7,4,9.43,1,250,18,3395.26
3,0,2,13,4,13.23,0,6,0,3735.25
2,3,6,13,4,11.61,0,196,-1,3269.14
4,2,4,20,4,14.73,1,274,15,4013.97
2,5,1,21,4,2.34,0,365,-1,3727.82
2,4,6,6,3,3.57,0,32,-1,2819.29
4,1,6,20,5,8.23,0,151,25,3839.17
1,1,5,12,4,3.77,0,22,25,2277.29
4,0,1,8,4,0.81,1,254,-1,4226.05
1,2,2,9,4,6.21,0,85,-1,2840.71
1,3,1,18,4,4.53,1,355,-1,3205.95
1,1,4,11,3,4.18,0,180,-1,1615.56
4,0,3,20,4,14.31,1,365,-1,3066.91
1,5,6,11,4,3.81,0,148,-1,3462.43
3,2,1,15,4,2.2,1,337,-1,4421.14
4,2,5,9,3,2.14,1,101,-1,2711.49
3,6,4,3,3,12.15,0,90,-1,3489.27
1,0,3,17,3,10.81,0,36,-1,1500.0
2,0,4,17,,2.2,0,48,-1,3632.79
1,6,2,3,5,3.53,1,38,11,5925.22
3,3,3,19,,11.29,1,29,25,4048.4
3,0,5,9,,4.34,1,42,10,4812.26
4,6,3,17,,14.73,1,205,-1,4605.86
2,3,5,18,,8.25,0,225,-1,2817.14
4,3,2,15,3,3.12,0,31,10,2265.97
3,4,5,1,3,12.92,1,125,-1,3727.68
1,2,4,10,3,5.0,0,94,-1,1500.0
2,5,1,8,5,4.55,0,1,-1,5000.88
1,2,4,10,4,5.11,0,302,-1,3945.87
1,2,6,2,3,11.59,0,98,5,1500.0
2,4,4,19,,2.85,0,22,15,1950.89
4,3,3,14,3,5.91,1,340,-1,3503.91
1,3,2,8,3,0.75,0,217,-1,2840.18
3,0,6,19,4,12.45,0,221,-1,4679.44
1,4,6,1,4,5.31,0,296,15,2490.21
2,0,6,16,4,3.95,1,297,21,3366.07
2,4,1,15,4,8.82,0,71,6,3422.3
2,0,5,20,,10.66,0,166,9,2368.41
4,1,3,5,3,12.25,1,224,-1,2959.18
1,6,2,3,4,5.41,0,137,-1,3934.45
4,2,1,17,4,12.24,0,209,-1,4010.37
4,2,4,10,3,7.13,0,111,25,1691.15
2,5,2,5,4,1.79,0,227,2,4139.33
2,6,6,11,5,12.74,0,232,-1,4944.97
4,3,2,6,3,8.35,1,49,-1,3912.87
1,5,2,4,,9.16,0,330,-1,4852.13
3,1,4,7,,14.08,1,235,-1,3119.04
4,5,5,19,4,8.52,1,256,-1,5657.4
1,2,3,7,4,0.38,0,199,20,4612.86
2,3,6,14,4,13.1,0,196,16,3241.26
2,1,5,17,3,4.49,1,0,-1,1500.0
1,2,1,17,,7.68,0,282,0,2425.14
3,6,6,13,5,3.31,1,364,-1,6996.43
2,0,3,1,3,4.67,1,188,-1,3583.96
2,4,1,2,5,10.39,0,124,-1,3941.22
2,1,4,18,4,6.61,0,175,14,2818.69
1,3,5,4,5,9.52,0,278,-1,4163.46
4,5,6,13,3,12.41,0,364,17,2313.91
2,6,2,1,4,5.31,0,138,3,3170.76
4,5,3,4,3,8.65,1,355,-1,4648.37
3,1,6,2,5,11.73,0,101,-1,5393.04
2,6,2,4,4,10.81,1,286,-1,3139.45
2,3,6,16,4,8.24,0,310,-1,3219.42
3,1,1,4,3,5.94,1,317,-1,3963.45
2,3,2,9,,6.29,1,146,-1,4659.17
4,5,2,17,4,6.67,1,351,-1,4645.89
1,2,6,21,4,5.43,0,295,-1,2447.35
4,6,4,20,,10.58,0,357,-1,3736.85
1,0,4,21,,2.14,0,272,13,5790.22
1,2,5,2,4,14.52,0,354,9,3018.86
4,0,1,3,3,11.75,1,11,-1,2760.09
4,5,4,15,,4.68,0,142,27,5469.59
4,6,6,7,4,0.93,1,166,-1,4801.46
4,2,4,4,4,10.76,1,268,26,4607.89
3,2,5,12,3,11.1,0,93,1,3002.56
2,1,3,1,5,14.47,0,105,-1,3915.18
1,4,5,17,3,4.03,0,274,-1,2373.65
4,5,2,4,4,1.52,0,200,-1,3908.67
4,3,2,4,5,13.75,1,312,23,5048.5
4,5,4,9,3,4.1,1,91,-1,2979.46
3,3,4,21,5,10.91,0,235,-1,4367.28
4,6,5,10,4,1.19,0,59,-1,3495.52
4,3,5,19,4,11.48,0,234,16,3204.35
4,0,6,19,4,2.17,0,183,10,4352.93
2,3,1,15,4,10.53,0,359,-1,2947.53
3,3,6,17,,8.13,1,232,-1,4128.04
4,1,2,7,3,14.35,0,126,-1,2291.78
1,2,6,3,5,0.84,0,100,25,5388.12
1,5,5,5,,4.59,0,134,-1,2943.11
1,5,6,16,5,1.32,1,232,19,5661.8
3,6,3,7,3,13.22,0,67,-1,3614.48
3,6,1,16,4,9.03,0,86,-1,5552.0
1,3,5,9,,8.16,0,235,4,4745.55
4,4,4,1,3,2.23,0,107,8,2008.42
3,5,6,3,5,7.49,0,136,-1,6577.65
1,6,5,8,4,6.16,1,264,7,4972.33
1,3,4,18,4,4.94,0,332,9,3562.07
4,6,4,18,,11.65,1,62,-1,4584.25
2,0,2,19,,1.2,1,229,-1,3226.03
3,0,2,7,4,9.81,1,237,-1,4316.48
4,6,5,20,4,12.4,0,348,23,4035.72
1,0,5,6,,13.64,1,246,-1,4051.94
1,6,3,11,3,11.26,1,158,-1,3029.82
4,3,1,5,5,4.45,0,37,-1,4785.36
3,1,1,12,5,9.13,1,243,29,6022.4
2,4,5,1,4,2.38,0,6,-1,3274.99
2,3,2,19,4,2.02,0,359,14,3789.49
1,1,6,11,4,9.69,0,76,-1,2347.99
3,1,3,15,4,12.81,1,256,-1,4551.95
2,5,1,16,4,1.29,1,36,-1,3979.01
3,3,5,3,5,1.86,1,349,-1,6157.67
3,3,2,11,,8.61,0,65,-1,2267.23
1,6,2,11,4,3.51,0,99,1,4011.54
2,1,2,10,5,9.29,0,331,-1,3678.53
4,1,6,2,4,3.45,1,260,-1,4582.8
1,1,4,20,,2.01,0,311,19,3568.68
2,6,6,5,,8.32,0,41,-1,3720.42
2,5,2,8,3,12.97,1,48,11,2439.76
2,3,5,13,5,10.37,1,301,-1,4946.92
2,1,3,15,,12.34,1,70,-1,2754.0
2,0,6,2,4,4.22,0,245,-1,2861.55
3,3,5,12,3,13.32,1,1,-1,2771.97
1,6,2,8,,5.84,1,322,27,4287.93
3,5,3,21,4,12.83,1,61,-1,5921.43
4,0,1,19,3,7.23,1,335,3,3304.26
2,6,1,1,,4.24,1,26,-1,3499.82
1,2,5,8,4,4.13,0,341,-1,2939.07
2,3,3,10,3,8.64,0,66,-1,1500.0
1,2,5,13,4,1.46,1,144,-1,3694.16
3,6,3,5,4,13.97,0,213,-1,4131.97
1,6,3,9,,4.29,0,326,-1,3404.38
4,6,5,10,4,5.23,1,56,-1,5925.61
4,1,3,14,,3.73,0,285,-1,3692.8
1,5,6,11,3,0.34,0,210,15,2969.02
1,1,2,14,4,10.48,0,192,-1,3304.13
1,5,3,3,4,8.98,0,113,-1,2816.54
1,4,6,21,5,12.2,1,121,-1,5004.14
4,1,3,16,3,0.9,1,359,-1,2789.45
2,2,6,20,4,13.95,1,102,16,4152.46
1,5,5,17,3,5.16,1,154,-1,2091.52
1,1,1,5,4,13.72,0,73,-1,1968.34
4,3,4,7,4,1.87,0,353,0,3910.67
4,6,3,17,4,11.24,1,174,-1,4598.22
3,5,4,20,4,8.82,1,13,-1,5111.99
1,5,3,11,5,5.57,0,166,-1,5653.62
3,1,5,12,4,1.46,1,54,18,4395.27
4,4,5,2,5,9.19,1,25,-1,4491.86
4,1,6,19,3,0.69,0,43,-1,1808.5
2,2,3,5,4,7.67,0,68,-1,2722.28
1,2,5,11,,9.18,0,37,-1,2470.61
3,5,5,19,4,11.07,0,335,16,4439.97
4,5,3,7,3,14.87,1,11,26,3141.25
4,1,6,21,5,4.12,1,104,-1,4714.1
3,2,6,6,3,5.04,1,243,-1,4188.01
2,2,6,11,3,5.31,1,363,-1,2999.09
4,4,6,14,,11.05,1,272,-1,3206.98
1,3,1,4,4,14.0,0,280,3,2401.11
4,4,3,8,,14.62,1,191,-1,4336.39
1,0,1,9,4,14.2,1,87,29,2556.75
3,6,5,2,4,13.23,1,138,5,4869.38
1,4,1,11,4,14.87,0,145,-1,3425.01
3,1,6,20,4,5.83,0,163,21,4728.85
1,3,5,7,5,14.24,0,258,27,3890.12
3,1,1,4,5,11.49,1,338,11,6540.11
1,6,1,14,4,2.78,0,325,5,2761.9
2,0,3,1,3,0.97,0,86,-1,1613.11
1,3,1,12,5,3.45,1,326,0,4973.07
1,5,5,19,,11.75,0,363,-1,2254.43
2,2,6,5,3,9.59,0,238,22,1500.0
4,4,3,8,3,3.6,1,264,-1,3405.72
4,1,1,11,3,11.21,0,193,-1,2083.73
1,0,3,4,,2.38,0,127,-1,4307.79
2,2,4,15,4,12.38,0,121,-1,2190.42
1,4,3,20,5,11.97,0,243,-1,3955.01
3,2,6,12,3,14.6,0,46,-1,3086.39
3,4,4,20,4,2.51,1,319,-1,5504.26
1,5,4,21,5,13.63,0,364,9,5298.11
4,3,3,10,5,5.31,0,111,-1,4734.18
4,2,5,16,4,6.42,0,302,-1,3477.38
1,2,6,8,3,7.19,0,74,-1,1500.0
1,2,5,20,,9.52,0,297,-1,3241.87
3,3,6,8,,14.92,0,304,-1,3660.68
4,0,6,6,4,9.12,0,29,-1,3097.98
1,4,5,3,4,13.92,0,7,-1,2256.98
3,5,2,8,4,4.05,0,340,-1,4881.24
4,2,4,10,,6.16,0,7,-1,3057.99
2,6,3,5,4,7.72,1,238,15,4073.13
3,3,5,11,3,5.05,0,190,-1,4024.87
4,0,5,4,4,14.66,0,127,-1,2896.06
4,4,3,17,4,10.97,0,10,-1,3316.07
3,3,4,3,3,7.34,0,255,-1,2665.01
2,5,3,18,4,11.34,0,232,-1,3077.55
3,5,6,8,3,7.17,0,185,-1,4853.23
4,4,2,12,4,0.55,1,120,-1,3545.41
1,2,6,21,,8.28,1,166,2,4658.75
1,5,2,16,3,9.49,0,143,-1,2022.12
3,0,3,14,4,14.72,0,326,14,4458.8
4,3,6,21,4,0.9,0,351,9,3586.35
1,0,4,16,3,7.83,1,100,-1,2045.85
4,2,6,4,5,1.74,0,21,-1,4512.3
3,0,5,1,,2.49,0,198,-1,4463.5
1,0,2,1,5,9.27,0,268,-1,4761.53
4,1,2,15,3,3.7,1,81,-1,2783.14
1,0,4,20,3,11.31,0,169,-1,1500.0
3,4,2,20,4,7.86,0,12,10,4477.37
4,3,2,3,4,3.51,1,196,19,3751.11
1,1,4,14,5,7.56,0,94,29,4241.73
3,3,6,9,3,0.31,0,266,-1,3613.66
1,3,3,19,4,12.98,1,318,-1,3695.35
1,2,6,8,3,0.49,1,357,16,3502.53
2,2,5,2,5,0.4,1,50,-1,5014.16
2,1,5,4,4,9.29,0,187,-1,1500.0
3,5,2,1,4,14.61,1,302,-1,5227.5
2,6,5,11,3,12.88,1,3,-1,2409.42
3,2,3,5,4,4.0,0,262,-1,4540.95
2,6,2,2,3,3.19,0,342,-1,3361.18
1,2,5,13,3,9.5,1,30,-1,1753.79
3,2,1,17,,12.39,0,117,-1,3822.3
3,3,1,17,5,5.62,0,208,-1,6177.25
1,1,1,18,5,6.66,0,201,-1,4707.0
3,3,1,21,4,2.0,0,85,-1,4571.73
3,4,6,9,4,2.55,1,29,-1,4450.64
2,3,1,6,,8.65,0,156,-1,4587.69
3,6,2,20,,1.81,0,208,24,5613.02
4,6,4,3,4,3.27,1,42,19,3707.27
1,4,6,8,5,3.75,1,84,-1,4282.88
2,0,4,3,3,6.83,1,175,-1,2090.86
2,0,2,1,3,0.97,0,230,-1,2440.72
4,4,2,20,,7.65,0,359,-1,3821.31
1,4,3,13,3,13.95,0,149,-1,2148.35
1,3,6,21,4,0.66,0,318,-1,3218.4
2,4,4,5,4,9.58,0,259,-1,2847.22
3,1,1,16,4,12.59,1,345,18,4057.58
2,0,2,21,5,4.89,0,2,-1,4354.77
1,0,1,16,3,2.23,0,336,-1,2365.69
4,5,4,12,4,0.94,1,234,-1,5497.35
2,4,6,13,3,9.77,0,338,-1,2250.05
1,2,5,4,4,8.42,0,81,-1,2720.21
2,2,5,9,4,3.67,0,251,0,3296.3
3,4,2,16,4,12.52,0,306,-1,4273.15
2,1,3,1,3,11.11,1,153,-1,1885.08
2,2,1,5,4,4.36,1,290,-1,3757.29
1,5,2,21,,11.37,0,335,-1,3297.19
1,6,3,5,3,3.9,0,270,2,2287.08
1,4,1,19,4,10.23,0,173,-1,2096.47
2,1,4,9,4,2.04,1,23,-1,3483.91
3,1,5,8,5,10.48,1,1,-1,6220.8
4,3,3,19,5,3.81,0,186,-1,5593.38
4,1,1,18,4,8.72,1,163,-1,4702.16
1,2,2,15,5,2.84,0,44,11,4551.59
1,6,1,4,4,10.97,0,350,-1,3051.82
2,2,2,15,,1.19,0,93,-1,4199.08
4,4,5,13,3,2.73,1,203,4,3766.26
1,6,5,18,,3.01,0,122,-1,4123.08
3,4,1,20,4,0.91,1,36,-1,5115.04
3,1,1,5,4,11.25,0,117,-1,3404.3
1,5,2,18,3,14.72,1,340,-1,3229.08
1,0,2,8,4,11.74,0,139,2,2398.82
4,6,3,1,4,12.95,0,121,-1,3780.6
4,3,3,19,3,0.39,0,231,17,3821.42
2,0,3,17,4,2.03,1,228,-1,3540.66
4,1,1,2,4,8.52,1,227,-1,2980.69
3,1,6,19,5,14.67,0,327,-1,5965.72
3,0,6,16,4,10.01,0,218,-1,3733.53
1,3,6,18,5,5.8,1,154,-1,3897.38
4,6,6,2,,2.45,0,355,24,6352.79
2,6,3,6,4,2.55,1,6,-1,4206.64
3,0,1,7,4,5.63,1,2,-1,4393.9
3,4,6,6,3,10.79,0,3,27,3137.16
2,2,5,6,5,0.77,1,215,-1,5775.13
2,5,4,9,3,12.83,1,263,-1,3770.94
3,4,5,8,4,14.14,0,44,-1,4121.34
3,6,1,21,4,13.37,0,204,-1,4481.43
2,2,1,9,5,13.72,0,200,29,3331.5
3,5,4,12,,0.53,1,249,-1,6466.93
1,5,2,18,5,14.67,1,211,28,5071.72
1,5,2,6,3,5.69,0,132,-1,2008.97
2,1,2,4,3,13.08,0,173,-1,1502.77
4,5,3,7,4,3.05,0,68,-1,3981.31
2,3,2,18,5,6.86,1,290,-1,4931.56
2,0,3,20,4,0.95,0,142,1,2862.59
4,6,3,5,5,0.89,1,16,19,6953.35
4,3,2,18,4,14.17,0,331,-1,3552.76
4,0,2,10,4,12.22,0,247,-1,2805.2
1,4,4,8,4,8.09,0,227,27,2854.99
3,4,6,1,4,8.02,0,170,-1,4295.86
1,0,4,15,3,11.31,1,334,-1,1861.38
3,3,3,3,5,5.32,1,205,-1,7088.13
1,0,4,15,5,11.5,1,90,17,3808.19
3,5,3,14,,7.43,1,113,-1,5783.74
1,1,1,1,,9.68,0,21,-1,1944.34
4,6,3,21,,14.48,1,136,-1,3312.32
2,4,3,8,5,7.23,1,302,-1,5787.03
1,6,4,7,,6.45,0,212,23,2107.84
3,1,6,9,5,13.61,0,2,7,5169.83
4,5,1,18,4,13.57,1,286,-1,3606.39
1,5,5,12,4,14.89,1,12,-1,3720.69
1,4,5,8,5,8.4,1,1,-1,4415.49
4,4,6,8,3,5.36,0,262,-1,3743.11
1,5,5,6,,3.83,1,284,14,4913.6
2,2,1,3,5,0.8,0,131,9,4774.78
1,6,2,2,4,10.98,0,343,-1,4158.41
2,1,1,14,4,3.73,1,233,4,3270.49
2,6,4,8,4,9.22,1,242,-1,4380.99
4,1,3,6,3,13.77,0,172,22,1500.0
1,2,3,4,3,14.27,0,263,-1,1500.0
4,3,4,5,4,0.36,0,41,-1,3866.13
1,1,4,21,4,4.96,0,144,-1,3571.55
1,6,3,13,4,12.61,0,339,-1,4429.29
3,0,6,9,,8.19,0,324,-1,4259.67
1,5,2,13,,12.17,0,354,-1,2823.58
4,5,2,9,4,12.84,1,296,-1,4355.03
2,2,2,16,3,6.81,0,53,-1,1500.0
1,1,4,12,3,5.58,0,159,-1,2902.56
3,3,3,2,4,6.99,1,222,-1,4510.78
4,1,6,19,5,9.9,1,222,-1,5152.27
1,5,3,16,,5.7,0,42,6,3098.46
4,4,3,13,4,11.69,0,68,-1,1943.14
3,0,6,5,4,13.59,1,99,-1,3826.25
3,2,1,6,3,4.45,0,203,-1,3277.79
4,4,6,21,4,14.49,1,207,-1,3405.28
1,6,1,17,5,9.45,0,271,-1,5478.02
2,3,5,17,4,13.21,1,160,2,2853.62
3,4,1,17,3,1.83,1,153,-1,3739.98
1,6,2,3,4,4.0,0,278,-1,3530.93
1,4,2,13,4,5.02,0,88,-1,2577.54
2,3,6,12,3,4.75,0,181,-1,1751.35
3,4,2,6,3,2.83,0,339,-1,4216.68
3,2,2,21,3,13.06,0,46,-1,3039.68
1,5,5,13,3,6.45,0,243,12,3315.01
1,1,2,14,3,14.46,0,248,-1,1500.0
2,4,4,7,4,8.88,1,240,-1,4195.37
2,2,4,5,,2.33,0,117,-1,2984.14
3,1,4,14,,8.32,1,163,-1,5907.28
4,6,1,18,4,14.91,1,290,-1,3811.64
3,1,6,4,5,8.61,1,170,-1,5782.86
1,6,6,1,4,0.33,1,4,-1,4907.87
3,4,3,7,3,14.02,1,259,-1,3553.45
4,2,5,20,4,3.75,1,57,26,3834.11
2,5,4,13,,10.42,0,199,24,4534.59
4,4,4,4,3,7.87,0,362,17,2773.22
4,6,2,13,3,5.08,0,137,-1,1935.38
4,3,4,4,4,4.45,0,317,4,3604.98
2,1,2,3,4,13.95,0,236,22,2256.85
4,4,2,8,,13.71,1,147,3,3849.87
4,6,3,20,3,7.84,0,287,-1,3280.28
4,1,1,8,,4.1,0,303,-1,2864.57
1,6,2,17,4,1.8,0,218,25,3752.63
4,2,2,15,4,2.6,1,176,29,4020.44
2,0,6,4,,7.98,0,281,-1,2992.26
4,4,3,6,,4.83,1,162,-1,3830.41
4,5,2,6,4,0.92,0,283,16,4665.57
2,4,5,10,3,6.99,1,320,25,2376.34
4,1,1,4,4,11.27,0,185,-1,3367.33
2,2,5,9,3,13.41,0,5,-1,1500.0
4,6,4,16,4,8.9,1,49,-1,3975.83
2,3,1,7,4,10.93,0,304,-1,2510.85
4,5,4,14,3,5.65,0,45,-1,3459.75
4,2,6,6,3,7.59,0,216,-1,2191.99
1,4,2,1,3,11.03,1,208,18,2817.25
1,3,3,18,3,11.0,1,345,-1,2472.85
4,2,5,12,4,6.54,1,95,-1,3865.25
4,0,4,15,,8.29,0,24,3,4130.93
3,5,2,1,4,13.88,0,351,-1,5316.79
2,1,5,15,,9.59,0,124,-1,2342.33
3,2,5,15,4,9.75,1,360,-1,3394.02
1,2,6,16,,11.83,0,62,-1,2791.25
1,0,6,21,,1.99,1,338,-1,5602.72
1,4,4,1,,7.99,0,321,-1,4162.71
1,6,2,3,4,14.4,0,162,-1,3392.83
4,6,3,12,5,5.62,0,335,-1,5080.96
1,5,4,7,3,4.64,0,288,-1,2818.09
4,5,5,5,4,9.14,1,242,-1,5610.87
4,1,5,1,5,3.55,0,305,24,4698.17
1,2,1,1,4,8.47,0,151,7,1748.25
1,3,2,15,,2.59,0,94,21,4343.64
2,2,1,8,3,8.82,0,336,-1,2568.25
3,6,6,11,4,9.15,0,96,-1,3994.41
1,1,3,14,5,6.45,1,292,-1,4891.04
2,2,4,13,4,5.93,0,355,-1,3454.3
2,0,5,19,4,3.91,0,62,-1,3221.94
3,6,2,12,3,5.16,1,247,-1,4918.07
4,2,5,19,4,7.63,1,318,-1,3733.24
1,2,6,4,5,3.94,0,274,-1,4803.81
3,6,1,4,4,11.81,1,38,6,5811.74
1,3,1,3,3,10.72,1,103,23,1675.64
2,6,4,6,3,4.26,0,82,-1,3032.89
2,0,2,5,,1.73,1,199,24,5599.0
4,0,6,11,,0.3,0,104,-1,3413.5
2,2,2,9,3,9.07,0,178,-1,1500.0
2,5,4,3,3,3.41,0,59,-1,2232.38
3,3,6,9,,0.48,1,255,-1,7599.64
1,2,6,12,,5.58,1,337,-1,5788.44
1,6,1,3,3,14.44,0,205,-1,2568.59
3,2,1,20,4,10.44,0,209,-1,5506.77
4,1,1,17,4,12.91,0,228,-1,3195.02
1,1,5,21,4,2.43,0,347,25,2565.98
2,5,3,12,5,1.38,1,121,-1,5018.89
1,3,1,18,4,0.47,0,123,-1,2354.37
2,4,3,4,,14.35,0,352,-1,2800.42
4,1,3,10,4,4.71,0,134,-1,3023.38
3,4,2,18,5,7.05,1,187,-1,6149.37
1,0,4,8,4,6.1,1,132,-1,3190.04
3,1,5,9,3,11.04,0,90,24,3859.6
1,1,3,19,4,4.86,0,101,19,3700.78
2,3,5,13,,8.17,0,160,14,4262.66
3,5,2,6,4,14.94,1,356,-1,5814.13
1,4,1,7,4,6.83,0,124,19,3086.59
2,6,6,21,4,8.4,0,292,1,3906.25
3,1,3,6,3,7.69,0,142,-1,2569.1
3,1,4,11,3,12.11,0,272,-1,3499.99
1,3,6,17,3,4.22,0,36,-1,1531.88
1,3,2,19,4,2.81,0,258,-1,2834.38
1,5,5,12,4,11.39,0,153,-1,3495.93
2,4,1,21,5,6.41,0,103,10,5045.34
1,0,5,21,5,13.73,0,120,-1,4009.85
3,6,4,13,4,9.77,0,300,-1,4980.62
3,5,3,18,4,8.6,1,133,-1,5247.59
1,0,4,7,3,1.34,0,98,22,2285.89
1,2,5,5,3,11.04,0,215,4,1643.25
4,1,5,16,3,10.38,1,242,-1,2685.32
3,4,6,4,4,9.71,1,230,-1,4521.48
2,5,4,1,,4.24,0,225,21,2610.48
4,1,4,4,,14.22,0,12,-1,2334.82
1,4,4,3,4,5.03,1,312,-1,3626.31
1,4,1,4,4,2.54,0,234,-1,2911.95
3,4,5,1,4,14.81,1,328,-1,4605.83
1,1,2,12,,11.27,1,82,-1,3202.81
2,5,1,13,,6.4,0,242,17,2313.61
3,6,1,2,3,14.06,0,223,27,4111.53
1,3,1,9,3,1.64,0,340,-1,2527.6
3,1,6,7,3,1.59,1,223,-1,5097.39
1,4,2,13,4,10.33,1,184,25,3498.41
1,5,4,2,4,2.92,0,173,-1,2950.47
1,6,6,1,,13.78,0,267,-1,3741.31
2,2,5,18,4,12.65,1,96,13,3012.2
2,0,3,7,5,4.8,1,320,-1,5132.77
3,4,6,18,,13.37,1,304,-1,4239.54
1,2,3,19,3,0.93,0,126,11,2186.97
1,3,5,8,,8.36,0,214,-1,3248.81
2,6,2,12,4,14.05,0,27,14,2752.37
1,6,3,11,4,12.87,1,49,24,3894.18
2,4,1,9,4,5.53,0,267,-1,2800.58
1,6,6,4,3,2.99,1,82,-1,2927.13
3,2,3,7,,3.39,0,243,25,4437.98
1,4,5,17,3,7.86,0,224,13,1500.0
1,1,1,11,4,9.07,1,17,-1,2897.62
4,5,3,2,,0.78,1,225,-1,6500.05
2,2,5,18,3,6.38,0,362,-1,1645.23
1,5,2,12,,12.51,0,110,-1,2951.97
1,1,5,9,3,6.83,1,323,-1,2480.68
4,1,2,11,3,2.79,1,75,1,2682.49
4,5,1,5,4,14.34,1,22,-1,3752.26
2,2,5,7,4,4.21,0,155,-1,3457.1
4,5,4,1,5,12.04,0,202,20,5196.32
3,5,6,5,4,3.15,1,219,-1,5992.23
4,0,4,6,3,6.52,1,39,-1,3039.61
3,2,4,13,3,7.51,0,97,14,2536.8
2,0,4,11,3,7.66,1,303,-1,2267.27
2,4,6,8,3,7.89,0,161,1,1718.23
2,6,4,20,4,3.61,0,212,-1,3872.72
2,5,2,2,3,7.88,1,91,4,3112.76
2,4,5,15,5,7.38,0,189,-1,4468.13
3,2,1,10,,3.37,1,161,-1,5228.68
3,5,4,8,,14.83,0,56,15,4022.96
2,6,4,2,4,13.02,0,232,-1,3687.05
4,4,1,21,4,13.35,0,28,-1,2824.16
1,3,1,15,4,10.38,0,345,-1,2818.63
2,1,4,6,4,2.65,0,204,-1,3345.63
4,5,2,5,3,8.65,0,123,16,2302.15
1,6,1,3,,12.38,0,353,-1,4839.03
2,1,5,11,3,0.87,1,7,28,2961.02
2,0,5,11,4,7.59,0,348,-1,2497.68
3,4,2,16,4,6.12,1,106,11,4778.46
1,0,6,3,,3.42,0,359,-1,2210.73
1,6,3,9,,5.86,0,91,-1,2628.46
4,5,2,3,3,14.76,0,157,28,1500.0
3,1,4,19,4,10.93,0,342,-1,5007.53
3,1,3,11,4,4.7,1,348,-1,4598.88
3,4,4,14,,9.2,1,83,-1,5236.27
3,5,5,2,4,3.93,0,336,21,4928.99
1,3,1,7,3,9.28,0,38,-1,1746.48
1,3,4,10,4,13.47,0,32,29,2111.31
2,4,5,10,4,8.49,1,333,-1,2968.25
2,5,2,20,4,11.08,1,286,9,5367.84
3,4,4,1,4,6.96,0,207,-1,4330.0
3,5,5,6,4,8.0,0,276,-1,4487.3
3,6,1,21,3,10.52,0,177,27,4491.15
2,6,4,14,4,12.24,1,187,-1,4406.72
4,0,6,2,3,9.99,1,214,-1,3579.98
4,4,5,6,4,14.67,1,345,-1,2897.11
2,5,4,1,,12.35,0,200,-1,2031.42
2,3,1,3,5,11.72,1,313,-1,4900.83
2,5,4,4,4,12.72,0,171,-1,2982.0
2,6,4,13,4,4.43,1,206,-1,4084.95
2,5,6,3,4,6.65,0,287,11,4116.77
2,4,5,15,5,8.6,1,58,-1,3958.92
3,0,3,13,4,7.1,0,358,9,3845.25
3,0,4,11,3,12.76,0,235,-1,3308.79
3,0,3,4,5,0.7,1,80,21,5976.18
3,0,2,17,4,3.37,1,176,11,4599.84
2,6,4,5,4,13.26,1,316,20,4042.34
4,2,3,21,,1.17,1,39,-1,5102.81
1,4,2,8,3,3.64,1,81,21,1888.57
2,1,6,21,3,5.46,0,161,-1,2367.12
1,4,5,10,4,11.34,0,112,-1,2326.33
4,2,4,7,,8.53,1,88,-1,3898.83
3,0,5,17,4,14.33,1,11,12,3991.83
4,2,2,7,,3.65,0,362,-1,3538.12
2,3,5,19,4,13.12,0,264,26,2747.34
3,3,5,9,4,4.46,1,231,-1,5080.99
2,6,1,2,5,3.91,1,88,0,5721.76
3,4,2,20,3,7.63,0,215,21,4487.11
1,4,5,19,4,1.35,0,48,26,3409.54
1,1,3,6,4,5.95,1,269,-1,3783.6
1,6,2,10,4,5.53,0,303,-1,4378.91
4,1,1,13,,2.65,0,312,-1,3455.96
2,3,4,2,3,12.95,0,348,-1,2476.5
4,0,6,10,4,5.97,0,59,28,2458.42
1,2,5,10,,14.73,0,336,-1,2827.82
2,1,3,5,,13.53,0,245,-1,3305.91
1,5,1,4,4,3.16,0,298,-1,3232.74
4,1,2,2,4,7.73,1,213,-1,3958.53
4,0,6,7,,9.15,0,81,-1,2779.65
4,0,6,18,4,12.34,0,346,-1,2517.5
1,4,5,17,4,13.32,0,63,-1,2441.74
2,2,1,11,4,9.47,0,257,26,2656.36
2,0,1,21,4,0.82,0,256,-1,3817.01
1,6,3,18,,7.37,1,117,-1,2902.26
2,1,4,8,3,13.31,0,319,-1,1500.0
1,1,4,12,5,10.8,0,327,6,4182.89
2,3,4,1,4,13.09,1,340,-1,2903.38
3,0,6,20,4,10.21,0,23,-1,4721.71
3,5,6,21,3,0.95,0,235,13,4737.34
4,4,2,12,5,14.53,1,314,-1,5076.59
3,2,6,6,4,13.79,1,101,10,5289.73
3,5,6,3,5,2.16,1,311,-1,7645.16
3,4,1,5,5,1.96,0,4,-1,5690.53
1,1,2,14,5,8.22,1,108,-1,4429.43
3,5,1,12,5,11.43,1,182,-1,7297.12
3,4,3,13,,5.92,0,118,-1,2831.36
4,1,3,13,5,2.3,1,291,-1,7224.01
3,1,2,17,,7.81,0,327,-1,3559.07
3,1,2,15,5,5.26,0,349,-1,6118.86
2,1,6,6,3,5.47,0,182,25,1500.0
4,6,3,12,4,9.78,0,137,-1,2674.1
4,1,5,2,3,13.32,0,84,-1,1520.38
4,3,4,4,4,8.51,0,173,-1,2806.68
4,5,6,20,3,10.41,0,51,2,2424.17
4,4,4,21,4,10.0,1,225,18,3718.72
4,3,3,12,5,8.4,0,225,-1,3894.59
1,6,4,3,4,4.87,1,131,-1,4362.59
3,3,5,17,3,5.85,0,183,-1,3482.25
4,0,5,6,,4.94,1,266,-1,4281.09
3,0,1,17,3,13.79,0,104,-1,2947.2
3,0,2,17,4,12.45,1,177,6,3984.72
1,2,4,11,,8.82,1,188,-1,5047.05
4,0,5,7,4,13.71,1,150,-1,3993.17
2,4,2,2,,13.33,0,112,-1,1500.0
1,3,2,19,4,13.94,0,285,-1,3104.76
2,4,1,2,5,3.56,0,122,-1,4967.15
3,5,2,13,3,10.85,0,87,-1,3819.19
3,0,2,16,4,9.26,0,24,21,3960.88
1,6,6,17,4,11.09,1,29,23,3611.08
1,2,3,11,,4.17,0,166,-1,2847.18
2,5,1,9,,10.51,0,73,14,5943.71
4,6,1,9,4,6.32,1,72,10,4163.62
2,2,4,14,4,12.56,0,111,-1,2640.4
1,5,2,13,4,11.99,0,210,5,3680.13
2,3,4,11,3,3.41,1,179,23,2855.77
1,4,6,12,3,3.0,0,4,-1,1829.99
2,1,5,3,4,10.85,1,331,-1,3429.63
1,4,2,1,3,8.39,0,201,-1,1500.0
1,0,5,8,5,8.49,0,255,-1,4090.42
1,6,3,19,3,11.36,1,141,11,2699.2
4,1,6,13,3,12.87,1,19,6,1538.97
2,2,2,7,4,3.81,0,99,-1,2620.24
2,3,4,13,,8.47,1,280,-1,2605.62
2,3,4,6,4,12.49,0,168,22,2975.1
1,2,2,3,4,13.13,0,365,-1,2377.65
2,0,4,6,4,4.52,1,324,-1,3534.93
2,2,2,3,5,1.83,0,232,-1,4722.13
1,5,1,13,4,3.72,1,90,-1,3840.2
3,6,4,13,3,14.2,1,257,-1,4206.51
1,6,2,13,5,7.1,1,27,-1,5825.98
2,0,2,1,4,6.45,0,43,-1,3780.86
1,1,4,8,4,0.49,1,140,10,3609.69
3,2,1,5,4,1.05,1,84,-1,5475.71
1,0,4,20,3,10.13,0,298,-1,1500.0
2,6,2,17,5,8.97,0,310,-1,5327.0
3,1,1,9,4,8.76,1,319,-1,5626.0
4,2,5,13,4,1.92,0,267,-1,4251.47
2,3,3,13,3,5.48,0,296,-1,1929.55
3,2,4,5,4,12.24,0,43,-1,4380.68
3,4,6,14,,2.87,0,10,-1,4517.16
4,2,2,11,3,13.28,0,274,-1,1500.0
1,4,1,14,,2.09,0,315,-1,2788.89
1,1,1,7,4,2.79,0,199,29,3515.97
2,2,5,17,4,7.32,1,198,25,3321.62
4,1,4,4,4,14.2,0,120,25,2039.74
1,1,6,10,4,5.14,0,13,-1,2852.28
4,6,1,10,,9.98,1,63,-1,2998.26
1,0,5,15,4,8.95,1,219,-1,2003.69
3,1,2,20,4,2.5,0,151,11,4318.22
1,1,5,12,4,3.95,0,245,29,2218.01
4,6,4,9,,13.97,0,94,-1,5063.81
3,6,5,3,,3.02,0,267,0,4393.54
3,2,1,15,3,10.52,1,192,-1,4947.98
3,6,1,12,,14.48,0,57,6,3870.23
4,2,3,15,3,2.06,0,93,-1,2554.46
2,3,5,1,3,6.17,0,297,10,2629.19
2,6,2,15,5,3.59,0,0,-1,4913.68
2,0,6,11,3,3.56,0,361,-1,1915.06
4,1,6,5,4,2.05,1,327,-1,3829.67
3,0,4,7,3,9.85,1,205,-1,4384.85
2,4,3,12,4,11.27,0,192,-1,2831.27
4,6,5,20,5,10.25,0,223,-1,5257.07
2,1,2,6,3,13.89,0,37,-1,1699.15
1,0,3,3,5,2.44,1,331,-1,4577.19
2,6,1,10,,5.0,0,307,11,4923.65
2,6,4,21,4,5.37,1,110,-1,3879.72
3,3,5,4,,3.71,0,251,7,4665.73
4,3,6,13,,2.39,0,335,-1,3846.08
3,1,2,19,5,7.45,0,83,-1,5518.86
3,4,1,5,3,12.57,0,363,15,3290.86
3,3,3,18,4,14.33,1,159,-1,4667.2
3,3,4,1,,2.2,0,154,-1,5163.47
3,4,3,21,3,12.4,1,97,20,3399.68
2,0,6,21,5,12.42,0,188,28,5021.47
3,3,3,16,4,6.02,0,85,-1,4261.21
3,2,2,16,4,1.92,0,61,2,4269.96
4,5,1,16,4,14.85,0,258,-1,3603.4
1,5,5,19,3,9.94,1,80,6,2159.37
2,3,2,16,3,14.74,0,346,-1,1500.0
2,0,6,1,,7.41,0,358,18,3301.8
2,6,4,20,4,6.11,0,365,-1,3410.91
3,0,6,20,3,3.93,0,94,-1,2917.31
3,1,6,10,3,14.76,1,286,-1,3312.49
3,2,3,2,,4.02,1,220,-1,5406.06
4,0,4,14,,0.65,0,191,-1,4945.32
1,4,2,8,5,7.83,1,169,26,3627.31
3,2,6,6,3,5.84,1,57,-1,2830.61
1,5,2,3,,4.14,0,42,-1,3152.83
4,2,5,16,5,9.63,0,159,-1,4545.13
2,4,3,17,4,5.65,0,157,-1,2584.29
3,3,2,12,5,6.21,0,234,-1,5927.22
1,4,4,19,5,0.64,0,338,-1,5447.15
1,4,6,20,3,8.96,0,300,-1,2717.06
3,3,5,3,3,2.09,0,143,-1,2857.48
2,3,4,13,3,3.44,1,9,-1,1686.54
2,3,3,16,3,10.84,0,329,-1,2280.53
2,3,5,11,5,4.9,1,347,-1,5090.51
4,3,5,20,5,2.7,1,267,-1,5677.47
1,4,5,16,3,8.79,1,155,-1,1564.54
1,1,6,20,4,3.46,0,17,-1,2170.35
1,1,1,2,4,4.28,0,283,-1,1855.11
4,0,5,4,4,9.43,0,230,23,3375.8
1,1,4,4,4,11.18,1,269,13,3678.02
4,5,4,17,5,11.17,1,263,-1,6314.66
2,1,3,1,3,7.39,0,355,-1,2059.53
3,4,2,1,3,6.98,0,258,10,2956.78
1,3,2,5,3,11.88,1,201,-1,1514.89
1,3,1,12,4,3.14,1,136,3,3675.56
2,6,6,6,4,2.54,1,46,16,3574.2
3,6,6,6,4,10.07,1,62,-1,4879.86
4,6,5,17,4,6.32,0,76,18,3597.37
3,4,1,13,,10.74,1,341,-1,4755.52
2,5,3,8,4,4.07,1,120,20,4117.61
2,1,3,12,4,5.08,1,12,10,3652.18
3,4,2,15,,13.48,0,178,14,5343.99
4,0,3,19,5,6.5,1,315,-1,5423.83
4,3,5,21,3,8.99,1,330,-1,3422.75
1,6,4,20,4,1.87,0,156,-1,3391.32
4,2,3,17,5,2.93,0,15,-1,4865.29
3,0,1,9,3,0.83,1,245,-1,3742.76
2,6,5,21,4,6.54,1,191,-1,4349.32
1,5,3,18,4,14.84,0,340,-1,3761.95
1,0,6,2,3,13.15,1,54,1,1528.86
2,4,3,11,3,9.6,0,333,-1,2647.78
4,1,6,20,4,12.96,1,310,-1,3667.36
2,3,5,17,,9.03,1,187,-1,3627.01
4,5,3,21,5,5.72,0,168,23,4744.01
2,5,6,18,,2.85,1,207,-1,6659.09
3,2,4,15,3,9.9,0,8,-1,3550.52
4,0,2,7,3,3.14,1,5,-1,1857.07
3,2,5,16,,6.44,0,101,-1,3488.04
1,1,6,1,4,12.44,0,145,-1,2776.36
2,6,1,18,,2.2,1,279,-1,4963.03
1,1,3,8,,2.2,1,50,-1,1500.0
1,6,6,7,3,3.6,0,272,-1,3285.85
1,2,6,2,4,8.41,0,227,-1,2546.02
1,3,6,12,3,4.0,0,276,-1,2049.24
2,1,2,16,,7.7,1,82,-1,4507.12
1,2,1,9,3,4.74,0,317,-1,1679.54
2,0,1,20,5,7.74,0,346,12,4290.27
2,2,4,11,5,4.38,1,116,-1,4318.24
3,2,2,15,4,14.71,1,74,27,3958.5
4,4,6,3,4,7.54,0,309,-1,2838.26
4,1,5,21,4,11.23,1,170,-1,4060.6
2,3,2,13,,10.6,1,213,-1,2014.76
3,3,2,21,4,7.51,0,210,-1,4906.63
2,4,1,13,4,3.81,1,150,-1,3593.71
2,6,4,2,4,7.81,1,239,26,4755.11
2,5,4,6,4,10.31,0,120,-1,3058.25
3,6,2,6,4,7.06,0,308,29,5144.75
4,3,2,12,4,1.5,1,214,-1,4275.54
3,2,3,4,4,0.56,0,295,-1,4162.34
1,4,6,5,4,5.12,0,264,-1,3081.34
3,0,1,8,4,2.51,0,151,-1,4221.94
3,1,6,6,5,13.62,0,331,-1,6211.65
3,1,5,21,4,2.88,0,75,24,5068.61
3,1,5,3,,6.1,0,223,-1,5399.42
4,2,4,8,4,10.77,0,129,8,2064.67
1,0,1,19,,12.29,0,250,2,3032.21
4,4,6,21,4,7.32,0,325,-1,3266.79
4,4,4,11,3,2.96,1,259,-1,2810.02
3,1,5,18,5,4.28,1,316,-1,7346.73
2,0,2,10,3,6.46,0,204,-1,1500.0
2,0,1,20,,5.66,1,125,-1,3320.81
4,0,1,12,3,5.43,1,191,15,2556.93
4,3,6,20,,2.24,1,35,26,1675.16
3,3,3,8,4,13.73,0,40,-1,3061.99
4,1,6,19,4,0.74,0,358,-1,2610.66
3,0,2,21,5,6.77,1,165,-1,5942.87
2,5,2,16,3,14.71,0,337,-1,1720.39
2,0,4,21,3,10.0,1,142,-1,2578.04
1,4,1,18,3,5.52,0,303,22,2313.26
2,4,4,9,4,2.45,1,352,11,3216.72
4,1,2,4,5,14.47,0,233,-1,4061.48
2,5,3,9,4,0.51,0,227,24,3786.71
3,0,1,2,,10.32,1,190,19,4596.01
2,6,2,9,,13.24,0,24,-1,5248.81
1,5,3,9,3,0.67,0,259,-1,2802.89
2,1,6,18,4,10.96,0,17,-1,2500.96
3,4,5,11,4,14.98,0,119,-1,3474.59
3,6,2,13,3,9.7,0,352,-1,4399.43
4,4,5,6,3,6.4,1,83,5,3041.23
2,3,4,9,3,13.15,1,212,-1,2736.29
3,1,5,16,5,8.45,1,328,22,6840.31
1,1,2,4,4,11.32,0,64,-1,1500.0
4,0,5,2,5,8.94,0,26,-1,3792.34
1,0,1,7,4,0.86,1,206,-1,3861.18
2,3,2,15,4,3.43,1,87,-1,3446.62
2,6,3,6,4,1.46,1,235,9,4385.77
2,2,5,11,5,1.87,0,49,25,4886.65
4,5,1,20,3,0.53,1,182,-1,4825.57
3,2,4,17,4,6.49,0,364,6,4131.62
4,2,4,4,4,2.93,0,232,-1,2874.92
1,1,5,19,5,12.88,1,185,-1,4874.46
4,5,4,7,,11.33,0,88,28,4930.61
1,1,3,11,4,8.73,0,85,-1,1500.0
4,5,2,13,3,7.49,1,103,-1,3568.95
3,4,1,21,3,4.06,1,109,1,4018.27
1,1,6,3,5,7.28,1,119,7,4282.68
2,1,5,14,4,9.73,0,87,16,2433.32
2,1,4,2,3,11.8,0,55,-1,1567.95
4,6,2,18,,1.5,0,154,-1,6458.72
2,3,6,5,3,10.71,1,89,1,2272.13
1,1,3,13,4,11.22,0,293,-1,1989.82
2,0,4,13,4,8.52,0,360,-1,3615.34
3,0,4,14,3,3.45,0,195,6,4479.55
3,5,1,12,4,8.23,0,22,-1,5099.52
4,4,3,21,3,7.69,1,82,-1,3178.24
1,3,3,13,4,7.29,0,183,-1,2329.87
3,6,5,18,,7.07,1,206,-1,5765.95
3,5,6,13,3,1.93,0,222,-1,4930.08
1,0,1,4,5,2.99,0,87,0,4480.12
2,3,5,10,4,1.73,1,52,-1,3042.17
2,3,1,5,,3.86,1,201,-1,2104.3
4,4,3,18,3,4.17,1,199,-1,3235.85
2,3,1,8,3,3.9,1,194,-1,2983.25
1,1,1,14,5,3.4,0,3,-1,3757.0
3,3,1,2,3,11.11,0,360,-1,2975.28
2,4,2,8,4,12.33,0,20,-1,3558.06
4,5,2,16,5,5.11,1,309,-1,6665.46
2,4,6,7,,4.79,0,243,-1,2936.27
1,6,6,3,4,12.71,0,125,-1,3654.9
4,4,3,4,5,9.47,1,364,-1,5695.69
2,0,1,7,4,4.61,0,200,-1,3184.04
4,1,3,4,3,10.79,0,51,1,2085.51
1,0,2,9,4,5.37,0,242,-1,2700.39
3,5,1,17,,8.92,1,210,28,7625.37
1,2,5,17,4,14.89,1,144,24,2355.74
1,5,2,20,4,4.73,0,43,28,3999.42
1,1,2,14,5,13.98,0,106,-1,4271.91
1,3,2,14,4,5.01,0,151,-1,2467.04
3,4,1,13,3,8.24,0,112,16,2244.2
3,2,6,4,3,7.06,0,222,-1,3805.22
4,1,4,13,4,11.81,0,154,-1,3299.63
2,0,5,21,3,1.2,1,173,14,2657.71
3,4,5,17,5,9.52,0,346,-1,5094.4
3,5,3,15,4,11.48,1,346,3,5675.37
2,0,1,18,,7.24,0,162,-1,3519.75
3,1,6,11,4,1.85,0,184,-1,5529.16
1,1,2,4,,3.9,0,284,-1,3732.08
1,5,4,20,,10.29,1,312,-1,4377.85
2,2,1,11,3,13.46,1,197,17,2380.68
4,5,1,10,4,6.5,0,54,12,3726.62
4,3,6,13,5,8.54,0,70,28,5406.23
2,0,4,8,4,3.66,1,197,26,3715.18
2,2,2,13,4,6.36,1,52,-1,3763.74
1,4,1,9,3,5.25,1,13,-1,2093.28
4,6,5,1,5,9.94,0,20,6,5610.36
3,3,5,1,5,14.78,1,359,-1,6006.76
1,2,4,15,4,12.26,0,13,-1,1629.48
2,6,2,4,,3.12,0,308,6,3566.42
4,6,4,20,4,8.79,0,114,24,3661.81
3,0,1,1,4,1.28,0,351,19,5498.77
3,1,5,12,5,3.93,0,217,-1,5550.03
1,4,3,11,,2.83,0,194,-1,1665.22
4,5,4,19,4,5.23,0,206,-1,3974.69
4,0,3,15,3,10.28,1,340,-1,3394.71
2,3,3,21,,7.64,1,349,-1,3345.73
4,6,6,10,4,14.01,0,110,-1,3541.23
4,3,5,1,3,3.43,0,166,1,2733.67
1,6,4,3,4,5.65,0,100,-1,4349.45
4,1,3,14,3,5.15,0,168,24,3225.72
3,1,1,15,4,3.77,0,155,-1,5088.3
1,4,6,1,3,14.9,0,257,-1,1500.0
1,5,2,10,4,5.99,0,277,14,3611.44
2,4,6,1,4,14.13,1,235,21,3016.0
4,1,2,15,5,6.04,1,127,22,4332.77
2,1,5,3,5,3.3,1,351,-1,4432.0
3,3,4,21,3,2.05,0,122,22,3708.59
1,1,4,20,3,12.88,1,188,0,1500.0
1,2,2,12,4,0.77,0,335,-1,2738.08
1,6,1,19,4,14.48,0,291,-1,3471.43
3,0,2,16,,6.45,1,336,-1,3448.13
3,1,2,8,3,3.94,1,304,-1,3822.56
2,4,4,14,4,9.38,1,258,-1,3058.47
2,5,3,18,5,2.25,0,278,-1,4278.01
2,6,1,1,5,1.36,1,356,-1,6002.74
4,6,4,2,,12.47,1,230,-1,3291.12
1,5,6,12,4,6.54,0,155,-1,3358.44
1,5,2,17,3,7.92,0,108,-1,1710.48
2,6,3,2,4,2.9,0,360,-1,3525.25
1,2,1,17,4,1.2,0,327,-1,3020.37
2,4,5,21,,5.71,1,32,-1,2668.12
4,2,1,7,4,7.74,0,125,-1,2853.63
4,1,1,6,3,11.55,1,67,1,3659.71
3,0,2,6,4,7.67,1,244,-1,5083.37
4,5,2,8,5,11.8,0,326,23,5287.26
2,4,5,5,3,2.0,0,266,-1,2148.39
4,5,5,15,4,1.24,0,135,-1,4847.42
3,2,5,7,,2.64,0,275,3,4354.67
1,3,4,3,,11.65,0,61,-1,2548.46
2,1,4,10,5,11.46,0,170,-1,4595.15
1,0,2,3,4,2.38,1,102,17,3357.03
3,1,2,14,4,0.76,1,91,-1,4849.2
3,3,5,3,4,10.37,1,74,-1,5233.6
3,0,4,1,5,12.87,1,113,-1,6368.83
1,3,3,1,,11.39,1,120,-1,3196.14
1,1,4,19,5,3.28,0,213,-1,4584.49
1,2,2,4,3,8.88,0,197,-1,1500.0
1,6,4,2,,11.43,1,262,-1,5045.21
3,1,2,11,4,4.06,1,137,-1,5350.47
3,1,5,12,3,8.06,0,167,-1,3056.28
2,1,5,13,3,4.92,0,3,2,2353.26
2,4,5,16,4,3.62,0,200,-1,3623.28
1,3,3,16,4,14.55,0,101,26,1967.71
4,3,3,19,5,13.71,0,18,-1,4175.66
4,5,2,20,4,6.85,0,365,-1,4647.39
3,3,1,21,3,2.31,1,21,-1,3446.0
3,5,6,20,,11.0,1,358,4,5894.51
3,4,3,9,3,4.06,1,128,-1,3683.37
2,2,2,16,,2.78,0,148,7,2483.75
2,5,4,7,4,5.91,0,237,1,3337.7
3,1,5,13,5,8.09,0,6,-1,5482.98
3,2,5,4,4,1.73,1,332,18,5366.0
3,6,5,13,,8.7,0,22,-1,6070.86
4,4,2,8,4,0.53,0,89,-1,3294.79
2,3,5,2,4,13.41,0,17,-1,2420.97
4,5,3,7,4,13.83,0,70,17,5055.07
4,1,4,11,4,11.08,0,65,-1,3109.7
3,0,5,17,3,7.16,1,52,6,3848.17
3,6,2,14,5,4.05,0,191,12,6896.89
1,0,4,13,4,11.24,0,141,-1,3494.17
1,2,5,15,3,14.0,0,24,-1,1500.0
4,3,1,21,5,2.63,1,249,-1,5123.58
2,0,5,9,,7.15,0,32,-1,1500.0
3,2,6,3,5,4.93,1,175,23,6695.37
3,4,3,13,4,5.54,0,38,-1,3996.48
4,2,4,13,4,6.26,0,211,27,3888.9
1,6,3,9,4,14.29,0,363,-1,2102.46
2,2,1,18,4,4.1,0,132,27,2956.89
1,6,1,5,3,7.54,1,112,-1,2305.76
1,2,6,11,3,14.29,1,148,-1,2225.25
1,1,3,2,3,7.3,1,314,-1,1894.96
1,2,4,17,5,12.99,0,76,-1,3457.07
3,5,1,20,3,1.16,0,13,-1,3552.75
3,2,1,21,4,14.31,1,53,-1,3727.22
1,1,5,4,5,3.06,0,252,-1,4627.4
2,1,6,18,5,14.71,1,172,-1,4080.55
4,4,2,20,3,2.88,1,168,29,2489.64
2,6,1,8,5,6.83,0,91,-1,4167.79
2,3,4,19,3,4.84,0,128,-1,1500.0
2,0,4,12,4,6.67,1,129,-1,3697.44
1,0,5,11,4,3.98,0,71,3,2873.18
3,2,4,16,3,14.49,0,254,-1,3265.17
2,4,5,5,3,4.79,0,140,-1,2452.49
1,2,1,3,4,9.9,0,306,29,3255.95
2,0,1,12,4,2.32,1,125,12,4006.6
2,6,1,15,5,12.42,0,250,-1,5070.6
1,6,1,16,4,8.27,1,1,-1,3591.35
3,6,2,13,5,14.7,1,9,16,6613.36
3,1,6,7,4,6.52,0,285,8,4528.52
4,3,6,15,5,3.17,1,223,-1,4636.27
1,4,2,3,,5.39,0,64,-1,2557.58
4,1,1,12,5,11.13,1,108,23,5480.34
4,3,4,8,3,9.99,1,299,-1,1803.7
4,4,5,12,4,11.74,0,41,-1,2036.49
3,4,6,18,3,1.38,1,258,17,3708.14
1,0,3,3,3,8.83,0,110,-1,1500.0
4,1,5,12,,14.0,1,27,25,3199.5
1,4,3,21,4,1.89,1,50,-1,4328.87
1,5,3,2,3,1.69,1,212,-1,3872.34
3,6,1,14,4,10.83,0,124,-1,4885.14
4,4,3,14,4,4.93,1,268,-1,3961.5
4,3,1,4,3,9.98,1,39,16,2454.47
1,0,2,17,4,8.32,0,153,13,3031.5
2,2,4,15,4,14.8,0,359,9,3157.81
3,6,3,16,3,13.37,0,157,-1,3261.63
3,0,4,5,4,10.27,0,293,-1,4494.73
3,2,1,17,4,4.15,0,360,-1,4673.66
3,1,3,7,5,4.15,0,365,-1,6632.34
4,1,5,15,3,13.27,1,271,15,3360.74
4,4,2,17,5,8.9,1,109,-1,5234.44
2,5,6,12,3,11.9,1,233,10,2922.15
3,1,2,11,4,6.91,1,310,14,4165.03
3,4,3,19,3,1.82,0,176,-1,2844.73
1,6,2,11,,5.19,0,126,20,5148.07
4,0,6,2,4,2.67,1,79,19,4461.78
3,1,5,15,3,11.79,1,51,-1,4257.56
2,0,4,5,3,10.6,0,304,-1,1500.0
2,0,5,18,3,1.6,0,303,-1,1998.23
4,5,2,21,,9.43,0,329,-1,3243.98
2,1,6,21,4,13.15,0,81,-1,2778.5
2,0,4,16,4,10.55,0,293,26,2571.32
4,5,6,4,5,7.81,1,272,-1,6059.22
3,5,5,10,5,4.88,1,40,-1,7137.97
3,1,1,2,4,13.34,0,309,-1,3185.62
2,5,1,15,3,6.52,0,295,-1,2578.03
2,1,4,4,4,12.87,1,286,29,2936.87
3,1,4,16,4,11.81,0,345,2,4390.12
4,2,4,7,,12.3,1,153,-1,3604.3
2,0,1,12,4,14.85,0,231,20,2235.17
1,3,5,3,5,11.31,0,331,-1,4226.93
4,1,4,17,5,0.8,0,145,-1,4993.53
2,0,1,9,,3.32,1,290,25,2490.91
2,6,4,8,3,0.82,0,55,-1,3269.43
1,5,4,6,5,3.09,0,29,22,5054.78
1,4,6,15,5,1.2,0,74,28,5511.44
3,1,4,10,3,7.67,1,51,-1,3213.18
4,5,1,6,4,0.71,1,195,-1,5440.64
4,5,5,15,4,7.25,0,310,14,4783.12
3,5,1,14,4,13.51,0,227,-1,4364.06
4,5,1,19,3,11.3,1,137,-1,3487.48
4,5,4,13,,14.18,1,181,-1,6583.48
4,1,6,14,4,3.63,1,289,-1,4416.24
4,6,3,3,3,8.11,1,190,-1,2556.87
4,3,3,4,,4.98,1,158,-1,4166.77
1,2,3,14,4,7.56,0,191,22,3160.7
4,5,1,14,5,8.49,0,177,19,5632.68
1,5,4,8,3,0.83,1,362,10,3423.61
4,2,3,10,5,3.73,0,36,-1,4327.19
3,6,2,9,3,10.66,0,223,-1,4892.03
2,6,2,14,4,11.66,1,159,1,4341.51
1,1,2,8,4,8.67,0,208,-1,3493.92
4,0,5,11,4,4.28,1,290,-1,3970.31
3,4,4,10,4,6.25,0,248,-1,4614.03
2,4,1,18,5,1.71,0,184,-1,5031.15
1,0,1,4,4,14.31,0,340,17,2705.85
2,1,4,4,4,13.07,1,287,-1,3209.95
3,4,6,12,3,1.26,1,225,15,4646.77
1,6,6,18,3,2.75,0,225,-1,2603.16
2,2,5,8,3,8.84,0,7,-1,2316.12
4,0,4,3,5,3.72,0,22,10,4840.27
1,6,6,18,,14.04,0,222,-1,3007.06
2,3,5,7,5,11.41,0,348,-1,3798.57
3,1,3,1,3,4.32,0,165,-1,2441.66
3,0,3,13,4,0.39,1,274,-1,5553.55
1,4,5,3,3,12.05,1,300,18,1818.72
2,1,4,3,4,6.53,0,35,-1,2728.09
1,2,3,15,,9.74,1,176,27,3134.91
1,1,4,21,3,4.52,0,187,14,1500.0
2,1,6,19,4,2.4,0,311,3,3051.54
2,2,3,4,3,10.23,1,319,-1,3301.03
4,5,6,13,4,6.92,0,317,13,4595.23
2,2,4,13,4,3.76,0,226,18,3256.52
3,6,4,15,4,2.32,0,58,-1,4998.41
1,1,2,19,5,8.83,1,256,-1,3433.4
1,2,5,16,4,10.97,1,96,10,3001.65
3,5,1,7,4,4.47,0,208,-1,5485.51
2,6,5,3,5,11.11,1,248,-1,5053.74
3,0,4,20,4,2.99,0,332,8,4207.47
3,2,4,2,3,5.27,1,260,-1,3769.0
4,2,5,18,5,11.25,1,57,-1,5047.16
3,1,4,11,3,10.0,0,56,21,2177.17
1,6,6,1,3,4.28,1,169,-1,2118.39
3,0,3,16,3,2.1,1,72,-1,4254.1
1,3,4,17,3,0.92,1,340,-1,2487.31
1,3,5,16,3,12.62,1,21,17,2498.97
1,4,5,10,3,1.4,0,52,-1,1500.0
2,2,5,17,4,1.99,0,56,-1,2811.26
4,2,2,3,3,3.79,0,102,-1,2873.25
1,0,6,18,3,6.85,0,111,-1,2262.76
1,5,6,19,4,11.91,0,306,-1,3536.66
2,3,2,14,3,3.94,0,260,-1,1517.77
1,4,6,21,3,8.29,0,134,0,1500.0
3,0,2,2,4,1.63,1,319,-1,5169.19
3,2,6,12,4,7.13,1,184,-1,5394.65
4,3,2,11,4,2.91,0,25,-1,2959.27
1,6,2,17,,3.4,0,24,-1,4005.36
2,4,6,6,4,5.69,0,324,-1,2196.39
3,1,2,19,4,11.49,1,263,-1,4739.35
2,3,6,13,5,11.24,0,8,-1,4356.22
2,4,2,7,4,6.4,1,309,-1,3961.94
3,0,5,11,4,2.04,1,219,3,5331.54
2,1,1,7,3,4.43,1,275,26,2356.56
3,4,6,13,4,7.73,0,194,7,4072.23
2,4,2,13,3,13.08,0,171,-1,1500.0
3,2,5,21,4,14.53,1,169,-1,4015.24
1,5,1,1,4,9.67,0,111,-1,4056.09
4,3,2,19,4,5.46,0,170,-1,3126.31
3,2,1,19,5,10.49,0,213,-1,5812.37
3,6,6,15,5,5.24,0,173,-1,6672.85
4,1,1,14,3,9.49,1,289,-1,2643.6
3,5,3,3,3,3.88,0,67,-1,4536.83
3,4,4,21,5,4.22,1,145,-1,6371.0
2,2,3,20,4,1.41,1,138,-1,3340.07
4,5,6,4,4,6.48,0,218,-1,3908.74
1,6,6,7,4,9.39,1,328,22,4508.72
3,3,1,1,4,11.9,1,24,29,4501.63
4,6,5,19,5,12.21,1,251,-1,5997.05
2,1,2,3,4,14.89,1,214,20,3032.33
1,0,4,20,4,1.59,0,164,-1,3149.13
4,2,2,15,,7.55,0,80,-1,2627.61
1,1,5,13,5,7.96,0,307,-1,3883.22
1,0,6,14,4,12.13,0,76,-1,2570.59
1,2,4,7,4,4.22,0,323,-1,3485.24
3,1,3,1,5,1.32,0,283,-1,5474.03
3,6,6,13,4,4.91,0,157,-1,5379.78
2,1,6,4,4,14.76,0,173,-1,2907.91
2,5,1,12,,13.52,0,167,-1,2076.53
4,6,5,7,,6.11,0,148,-1,3662.91
2,2,1,2,3,13.18,1,142,-1,1856.66
1,1,1,17,,0.78,0,130,-1,4178.0
1,4,2,1,,4.92,1,336,-1,3408.36
3,2,6,14,4,10.98,1,96,-1,4253.48
1,1,5,21,4,3.56,0,263,-1,3274.97
4,5,1,1,4,3.22,1,345,28,4507.74
1,0,3,3,,12.97,1,164,11,4350.83
1,0,4,11,3,9.35,0,18,-1,1500.0
4,4,5,7,3,14.84,0,282,-1,2723.03
2,2,2,9,4,2.28,1,15,-1,3375.0
2,5,5,3,,5.54,0,1,-1,4715.53
4,1,6,1,4,4.87,0,9,-1,2592.76
3,1,2,19,3,13.24,1,105,-1,3256.68
1,0,4,2,4,4.05,1,16,6,3318.52
4,5,3,21,4,5.5,1,203,17,4865.78
1,6,1,5,4,2.4,1,6,-1,3486.73
3,4,5,17,4,11.7,1,200,12,4872.44
1,0,2,19,4,3.79,0,45,2,1970.74
4,0,4,5,4,1.3,0,177,-1,2904.85
1,4,1,21,4,6.7,1,9,-1,2800.83
2,2,4,14,4,6.05,0,271,-1,3300.49
3,1,3,10,,2.91,0,256,14,6496.53
3,2,1,21,,2.26,0,136,-1,6029.13
3,5,1,7,4,13.48,0,12,-1,4395.65
4,6,1,8,3,1.3,0,188,10,4020.53
3,3,2,8,3,1.76,1,143,-1,3714.6
2,3,1,7,4,3.9,1,225,15,3104.67
4,3,4,13,4,14.31,0,285,-1,3492.25
2,4,2,14,4,1.56,1,204,20,2568.72
1,0,1,19,4,12.3,1,327,11,3192.28
1,6,4,11,4,13.41,0,182,20,3122.11
1,2,4,2,5,5.85,0,10,3,4509.0
1,1,5,17,4,4.62,0,330,-1,3140.66
2,3,4,6,3,10.26,1,47,-1,1937.65
4,2,6,9,4,10.63,0,262,-1,2615.79
4,3,3,19,4,11.77,0,256,-1,3245.82
3,6,1,5,5,12.51,0,86,-1,6335.96
2,3,1,9,4,4.25,1,31,-1,3096.46
1,1,1,7,,10.4,1,317,-1,3254.86
2,5,4,4,4,2.28,0,142,-1,4052.67
3,5,4,18,4,7.81,1,91,-1,5113.07
3,6,1,18,4,9.31,0,188,-1,4407.98
2,5,6,20,3,2.68,1,77,-1,3573.36
2,4,2,17,4,1.42,0,332,1,3473.56
2,0,2,4,3,3.16,0,33,-1,2197.64
4,4,3,16,4,6.48,1,147,-1,3371.67
1,2,5,5,4,13.35,1,117,5,2833.65
2,4,3,9,3,8.12,0,23,24,1731.22
2,2,1,2,4,11.3,0,27,-1,2764.77
2,2,1,2,4,2.86,0,266,26,3359.53
3,0,1,4,4,1.86,1,242,25,4917.31
3,1,5,20,3,3.82,0,213,-1,3636.46
4,6,4,20,4,4.91,1,37,-1,3947.85
1,0,5,17,3,8.36,1,208,-1,2461.21
4,6,3,20,3,13.25,0,213,12,3820.3
1,5,4,21,4,6.56,1,128,-1,3069.06
3,5,4,19,3,7.93,0,120,-1,3789.09
3,4,3,3,5,0.37,1,211,16,6664.57
3,2,4,5,3,0.79,1,160,-1,4036.83
4,3,2,10,4,1.53,0,108,-1,3250.04
2,3,3,6,5,10.58,0,64,6,3364.5
2,6,3,3,5,7.45,1,63,-1,5593.11
3,2,2,17,4,3.14,0,8,-1,4668.34
2,6,5,10,5,9.01,0,31,-1,5506.84
2,0,5,12,,8.31,0,309,15,4594.49
4,1,5,1,,1.61,0,124,7,2904.71
1,0,4,18,4,9.71,0,281,-1,2376.35
3,2,2,19,3,11.58,0,317,-1,2898.27
3,2,3,20,4,4.51,0,108,-1,3314.16
4,1,3,4,4,10.41,1,169,-1,3907.83
4,6,3,15,,3.24,0,175,-1,3051.98
2,4,4,9,4,11.42,0,244,-1,2880.28
3,4,4,6,,13.7,0,255,-1,3516.18
1,1,6,12,5,6.8,0,285,23,4948.91
4,4,5,18,3,3.9,0,231,-1,2338.98
1,3,6,15,4,6.17,0,150,-1,2349.47
1,4,6,19,3,3.98,0,102,-1,1583.23
3,4,4,9,3,0.32,0,24,-1,2951.93
3,4,5,13,4,9.86,1,140,-1,4580.39
4,3,5,16,3,0.93,1,152,-1,3469.7
3,6,3,13,4,3.39,0,272,-1,4507.51
3,4,4,1,5,10.92,1,107,-1,5755.1
3,5,5,18,3,10.09,0,26,-1,3120.9
1,3,6,3,5,1.38,1,138,-1,4507.28
4,1,2,17,3,10.0,1,133,4,2264.75
2,0,2,5,3,13.98,1,78,-1,2428.25
1,1,4,6,3,1.4,1,292,-1,3567.86
3,0,3,21,5,6.41,0,223,25,6348.62
1,1,3,17,3,11.02,0,215,11,1799.51
3,5,5,17,5,10.12,0,202,-1,6657.64
3,0,4,1,5,3.63,1,105,-1,6693.59
1,0,2,7,4,2.7,1,164,-1,3763.02
4,2,6,16,4,11.83,0,201,-1,3520.07
3,0,5,5,4,14.36,0,314,-1,4585.28
4,0,6,16,4,11.58,1,9,-1,3095.14
2,2,5,4,3,14.46,0,256,-1,1500.0
3,4,1,11,4,9.19,0,236,5,4708.52
4,4,6,14,4,13.96,0,51,2,2566.69
4,2,4,13,4,10.45,0,214,-1,4401.11
2,3,6,8,3,13.66,0,145,-1,1653.47
4,0,6,21,3,2.68,0,342,-1,2464.44
4,0,5,20,5,12.29,0,260,-1,5535.75
2,2,2,15,3,3.19,1,357,-1,3030.86
3,2,1,18,4,0.7,0,222,-1,4397.45
4,3,6,7,3,7.91,1,102,11,2708.03
4,5,2,21,5,4.98,1,211,-1,5948.73
4,4,3,19,5,0.94,1,348,-1,5966.95
1,1,1,9,3,14.71,1,47,-1,1500.0
2,5,1,11,3,10.1,1,288,24,3162.48
1,6,5,10,,13.56,1,184,-1,3889.29
2,4,6,14,3,14.99,0,102,-1,1500.0
3,0,3,16,4,6.06,0,223,-1,4799.7
3,6,5,8,4,4.04,0,280,-1,5697.36
4,5,4,1,3,3.0,0,299,-1,3538.38
2,2,2,12,4,7.87,0,90,-1,2101.37
3,3,2,3,4,9.21,0,110,-1,4140.67
2,4,5,2,4,7.24,0,321,-1,2783.24
3,3,2,16,4,5.99,1,127,-1,5497.96
1,6,6,4,4,2.77,1,250,25,4811.75
3,4,2,2,4,6.8,0,195,-1,3594.81
1,5,6,12,4,1.55,0,152,-1,3842.58
3,0,4,17,3,13.02,1,278,15,4870.46
4,1,3,20,3,0.99,1,355,5,2795.03
1,3,1,21,5,5.9,1,342,-1,5290.33
3,3,5,10,5,1.77,0,119,-1,5700.0
4,1,5,20,4,11.69,1,283,-1,4524.25
1,3,6,8,3,4.9,1,263,12,2222.26
4,3,4,18,4,1.96,0,224,16,3642.65
2,4,4,18,5,8.11,0,253,-1,4706.42
2,4,1,18,4,13.77,0,156,-1,1645.45
1,1,3,2,3,13.66,0,183,-1,1535.63
3,6,5,12,4,3.97,1,14,-1,5869.17
1,0,6,10,5,10.88,0,292,-1,3117.3
4,5,4,8,3,0.75,1,362,-1,4488.06
3,5,5,19,4,2.24,1,119,-1,5123.43
2,6,6,10,4,7.64,0,340,-1,3125.25
3,3,2,11,4,3.66,1,247,7,5753.3
2,0,5,14,4,12.03,0,117,-1,2100.0
3,1,3,15,4,13.99,0,91,-1,2918.21
3,6,6,10,3,0.36,1,35,16,4893.67
3,1,3,4,3,3.72,0,335,-1,4127.49
4,4,5,7,4,6.76,0,11,-1,2744.46
4,3,2,11,,8.58,1,27,-1,2723.37
1,2,3,3,,13.76,1,288,-1,3115.23
1,1,4,5,4,13.41,1,74,-1,2303.99
2,6,6,2,3,9.67,1,78,-1,2379.92
4,3,5,12,4,4.08,0,210,13,3909.06
2,0,2,21,4,11.81,1,182,-1,3626.68
1,6,4,5,3,3.28,1,78,1,3183.89
2,4,5,7,4,14.49,0,200,-1,1500.0
1,5,2,4,5,0.39,0,204,-1,6546.86
4,0,4,11,4,8.68,0,305,10,4216.36
3,1,3,9,4,1.6,0,28,-1,4796.83
4,1,5,4,3,6.29,0,313,-1,1963.76
2,0,5,9,3,9.63,1,281,-1,1694.21
2,1,3,12,,10.44,1,22,12,1951.21
4,6,1,16,4,11.85,1,16,24,3898.64
4,3,4,1,4,9.02,1,132,-1,4124.09
1,1,3,8,3,3.99,0,58,-1,2301.35
2,4,5,1,4,13.37,0,143,-1,1588.14
2,3,4,20,3,12.22,1,102,-1,2477.93
4,6,4,19,3,2.65,1,93,14,3552.22
3,2,1,4,4,12.45,0,260,13,3838.47
2,1,5,14,4,14.6,1,281,-1,3039.73
3,1,2,14,4,9.67,0,170,10,3416.38
4,4,1,9,4,4.44,0,125,-1,3894.65
4,6,1,9,4,9.22,1,85,-1,4254.3
1,4,2,17,5,5.34,1,185,-1,5577.2
2,5,2,15,5,10.24,0,108,10,5324.95
3,6,1,10,5,8.31,0,1,27,6107.3
1,0,4,17,,13.96,0,43,-1,3857.57
2,0,3,9,4,9.38,1,203,6,2958.53
1,0,3,4,4,3.45,0,105,-1,3478.58
4,4,1,14,4,10.96,1,218,-1,3502.36
2,0,4,3,,4.72,1,108,-1,3595.22
1,6,2,21,4,4.3,0,43,-1,4084.44
1,0,6,12,3,6.06,1,216,-1,3315.9
3,2,1,1,5,0.48,0,304,-1,6813.41
1,0,5,1,4,14.55,0,90,19,2132.63
2,1,4,13,5,8.13,0,80,16,4820.89
2,5,5,14,3,11.67,1,184,13,3548.52
3,4,5,16,3,4.09,0,133,12,2584.84
2,3,1,7,3,11.28,1,337,2,2785.17
4,5,4,10,4,8.64,0,298,17,4392.19
2,2,5,15,3,6.53,0,43,-1,1608.12
2,4,4,8,4,14.57,1,65,17,2713.96
1,6,3,11,3,7.56,1,300,21,3207.54
1,4,6,14,3,9.96,0,18,1,1500.0
2,1,5,13,4,0.53,0,242,-1,3481.23
3,6,5,13,5,4.73,0,247,-1,7401.87
1,5,4,9,,13.36,0,3,16,1603.68
3,5,6,17,4,11.46,1,96,-1,4291.98
2,0,3,18,3,8.19,0,353,-1,1914.08
2,6,5,19,,13.53,1,95,-1,3130.28
4,1,1,13,4,7.45,1,209,16,4281.61
1,0,4,12,4,8.63,0,235,-1,2634.52
2,0,4,21,5,5.92,0,136,-1,4082.78
4,4,5,20,4,9.41,0,356,-1,2380.03
1,5,3,20,5,4.99,0,47,-1,5732.81
2,0,5,8,3,5.97,1,163,-1,1976.41
2,2,2,11,3,14.5,0,194,-1,1643.6
1,2,5,7,3,1.94,1,273,-1,2558.42
1,5,6,1,4,1.85,0,295,9,3581.57
1,2,6,10,3,0.94,0,320,-1,1958.66
2,4,2,15,3,5.0,0,180,21,1513.82
2,1,6,4,,6.15,1,113,13,2868.59
4,3,6,1,3,1.69,0,308,-1,3070.11
3,0,1,11,3,8.37,1,61,-1,3950.81
1,3,4,5,3,8.87,0,125,-1,1500.0
2,1,6,19,3,11.34,0,162,-1,1500.0
2,1,4,19,4,14.65,0,184,-1,3311.03
1,4,3,4,,9.4,0,316,-1,2038.01
3,2,5,2,3,1.94,1,139,-1,4671.77
1,2,1,7,3,1.6,0,242,-1,3023.94
3,1,2,13,5,11.73,0,48,-1,5808.33
2,4,3,20,4,9.86,1,149,-1,3226.4
3,4,1,21,4,2.68,0,89,-1,4586.31
4,5,1,12,4,4.02,0,323,14,3664.24
2,6,2,2,3,11.33,1,326,-1,3326.8
4,0,2,9,5,8.62,0,350,-1,5420.51
1,6,4,16,4,8.9,1,277,-1,3531.43
1,2,5,8,3,3.39,0,358,17,1629.55
1,1,3,18,4,9.55,0,295,-1,3554.63
3,5,5,4,4,11.63,1,146,-1,5100.9
2,3,3,11,3,13.31,1,52,-1,2290.82
1,2,1,17,5,11.13,0,285,-1,3754.15
1,0,6,8,,8.77,0,153,16,4395.75
2,4,6,19,3,10.2,0,149,5,1814.74
1,1,2,8,4,7.43,0,60,-1,1592.94
4,2,2,6,4,3.64,1,72,-1,4203.46
2,3,1,2,3,13.27,0,301,-1,1500.0
2,0,1,15,4,8.13,0,57,28,2761.14
2,0,3,1,4,9.04,0,28,-1,2424.84
4,5,1,6,4,14.85,0,223,23,4347.92
2,2,3,19,4,14.78,0,52,-1,2821.88
4,3,5,4,4,8.92,0,158,-1,3766.33
2,0,2,13,5,0.8,1,287,-1,5897.92
3,1,2,15,4,6.12,0,8,-1,4725.68
1,0,6,9,5,14.08,0,36,-1,3729.45
3,3,6,3,3,4.54,1,263,-1,3989.3
1,4,2,2,3,14.99,1,67,-1,1512.57
4,4,5,16,3,1.54,0,307,-1,2349.63
3,5,5,18,4,8.65,1,301,-1,4886.91
2,2,4,18,,7.88,1,272,25,2707.29
1,3,3,6,5,4.05,0,20,-1,4284.23
1,5,6,18,4,14.24,1,47,-1,3679.6
3,6,3,11,3,9.4,0,264,-1,4479.45
4,0,6,7,4,3.68,0,251,0,3637.19
3,6,4,14,5,5.95,0,4,-1,6319.64
4,0,2,18,4,10.9,0,5,-1,2858.68
4,4,3,7,,4.68,0,229,-1,2269.68
1,5,6,10,5,13.23,1,45,-1,5648.04
3,4,3,8,4,2.74,0,96,-1,3690.22
3,1,2,14,4,4.19,1,111,-1,5011.31
4,6,1,18,,2.43,1,206,-1,5034.13
3,6,6,5,4,1.83,1,356,-1,5328.72
2,4,1,14,5,4.71,0,130,7,4171.33
2,1,4,10,3,14.99,1,158,-1,2067.01
3,0,5,15,3,1.69,0,102,-1,3319.71
3,5,3,6,5,3.43,1,134,-1,6743.98
4,1,6,9,3,4.29,0,15,-1,2312.1
2,5,3,10,,9.4,1,91,6,4611.12
2,6,4,17,4,11.26,0,226,-1,3256.33
1,5,4,1,4,11.35,1,142,-1,3161.97
4,6,3,14,,0.43,1,262,20,4202.08
1,1,6,4,5,9.88,1,354,-1,5344.82
2,6,2,2,4,9.57,0,111,-1,3537.72
4,2,2,3,5,7.91,0,239,-1,5758.52
3,6,5,7,4,5.87,0,183,-1,5832.96
4,4,3,14,3,12.02,0,97,2,1500.0
3,1,3,12,,5.36,0,146,-1,4132.08
3,0,6,19,4,3.68,0,205,-1,4816.13
4,5,3,18,4,4.86,1,18,-1,4192.03
3,3,6,15,5,6.76,0,86,-1,5898.32
1,1,3,1,4,3.45,1,259,26,3832.72
2,4,4,3,4,9.23,0,191,-1,2984.67
3,6,1,15,5,13.3,1,129,26,6592.21
1,5,3,4,3,9.05,0,203,-1,2149.33
3,2,1,15,5,6.87,1,22,9,6360.14
2,0,2,10,4,12.01,0,183,-1,2738.03
1,2,5,6,4,11.3,0,106,-1,2063.77
2,3,2,13,3,5.7,0,81,-1,1744.36
2,1,3,7,4,9.18,0,336,29,2661.97
1,5,6,1,3,11.03,0,158,1,2496.5
1,1,2,11,5,3.91,1,313,-1,5356.14
1,4,4,14,5,5.68,0,267,-1,4252.81
4,1,1,6,3,1.85,1,120,17,2883.03
1,0,6,5,5,14.82,1,162,-1,4020.24
1,3,6,19,4,1.56,1,3,-1,4143.98
1,2,3,19,5,2.78,0,283,-1,4495.95
1,3,4,13,3,7.35,0,229,25,2079.23
3,5,1,7,,13.02,0,288,-1,5853.13
4,1,4,8,4,5.53,0,329,-1,2264.47
2,5,2,14,3,11.6,0,205,-1,2842.1
1,2,3,19,4,10.24,0,4,-1,2744.48
3,5,6,19,,9.69,0,265,-1,4808.98
3,4,6,12,,12.72,1,152,-1,2675.82
3,3,2,9,4,0.51,0,16,-1,4251.87
2,2,6,14,5,13.96,0,242,27,3966.89
1,2,5,6,3,12.49,0,188,15,1842.26
4,6,3,15,3,14.09,0,211,-1,2208.52
4,2,2,13,4,11.97,1,315,-1,3217.59
3,6,3,7,4,13.22,1,288,-1,5202.36
2,0,1,11,4,3.29,1,136,-1,4347.3
2,6,3,10,4,4.99,1,177,15,3862.47
2,3,3,1,3,4.93,0,158,12,1500.0
4,5,1,7,4,1.9,0,173,9,4601.36
3,6,2,18,4,11.02,1,242,-1,4734.68
1,2,3,3,5,2.3,1,110,27,4448.97
4,3,4,9,4,1.07,1,131,-1,2954.82
3,6,3,5,3,11.7,1,30,28,4169.07
3,6,2,13,4,13.6,0,3,18,4330.92
1,2,6,16,3,11.53,1,17,-1,2587.84
1,4,1,16,4,12.43,0,337,19,2778.75
1,4,6,12,3,9.06,0,231,-1,1815.12
2,6,2,18,3,13.35,0,289,6,1931.36
1,4,5,11,4,7.6,0,47,-1,2489.22
3,1,6,17,4,14.83,0,62,-1,4218.52
1,2,3,7,4,1.82,0,269,5,2731.32
3,1,3,15,4,12.19,0,89,27,4323.88
4,3,1,6,4,9.73,0,86,-1,2441.69
2,1,3,6,4,8.84,0,288,-1,2748.3
4,3,4,18,4,10.97,1,80,-1,3812.97
4,6,4,19,4,12.65,1,169,25,4475.05
3,3,6,20,4,12.98,0,159,-1,3414.99
4,3,2,19,4,2.88,1,111,23,3562.89
3,5,1,2,4,3.2,0,98,27,5099.82
1,1,5,3,4,0.54,0,170,24,3847.8
1,5,6,14,4,2.24,0,184,4,4840.88
3,6,2,4,5,4.18,0,142,-1,7161.7
1,2,1,17,4,10.9,1,305,-1,3695.78
2,1,1,6,4,7.29,0,242,5,2257.74
4,2,6,19,4,11.44,0,70,25,3538.39
2,2,2,9,3,7.45,0,62,7,1500.0
4,3,2,4,4,8.47,1,69,-1,3087.77
1,1,3,7,4,1.93,0,140,-1,3072.32
2,2,5,4,3,11.72,1,103,-1,1918.52
1,4,4,11,4,11.44,1,145,-1,2918.57
4,2,3,2,4,4.82,1,162,-1,3130.19
3,4,1,10,5,5.13,1,0,-1,6053.86
3,1,5,6,,3.53,0,215,-1,5479.97
2,6,5,8,3,12.26,0,124,17,2756.28
1,5,2,15,4,11.28,1,35,-1,2763.16
1,1,5,13,3,9.25,0,241,-1,2131.3
2,5,6,2,3,3.81,0,207,-1,2714.38
3,5,5,20,4,2.83,0,254,27,4777.32
4,1,1,1,3,1.04,1,301,23,3527.43
2,2,6,15,,0.97,0,252,-1,2615.97
4,0,6,7,5,3.05,0,164,-1,4704.73
3,2,3,18,5,1.78,1,121,-1,7114.67
1,2,5,10,4,8.47,0,81,-1,2224.78
3,6,2,15,5,5.56,0,299,-1,7463.02
2,3,3,5,4,6.84,0,348,14,3547.23
1,3,2,11,3,9.03,0,323,-1,1500.0
2,2,5,8,4,9.99,0,75,11,3671.47
2,4,3,21,4,9.83,0,332,13,2913.55
3,6,5,8,,4.13,1,333,-1,6143.39
2,5,1,6,5,12.2,1,178,-1,4536.22
3,3,3,15,4,13.79,0,201,-1,5027.0
1,2,2,15,,4.94,1,85,15,2216.79
3,6,1,5,3,0.55,0,264,10,4278.14
1,0,4,13,,13.52,0,336,-1,1722.49
3,4,2,14,5,13.88,1,343,23,5980.72
4,1,5,11,4,1.05,0,68,-1,3714.0
4,2,2,20,4,0.37,1,105,-1,3450.72
2,6,4,21,,12.3,0,64,-1,3797.42
3,2,2,12,4,4.73,0,26,-1,4962.62
3,5,1,20,4,13.74,1,5,-1,5295.24
1,4,6,1,,3.49,0,308,-1,3430.94
2,3,2,3,5,12.96,0,116,-1,3248.23
3,3,3,8,5,1.31,0,145,-1,5372.12
2,3,4,12,,4.13,0,163,-1,4268.26
4,1,2,15,4,14.6,1,96,-1,2790.57
3,6,4,3,5,3.7,1,309,9,5935.44
3,4,6,8,4,2.26,1,161,-1,5128.13
2,4,1,19,5,12.9,0,287,2,4967.72
3,3,3,20,5,2.03,0,50,-1,6161.84
2,3,5,6,5,1.73,1,130,-1,4905.04
3,5,2,18,5,5.05,0,320,3,7426.74
1,0,1,11,4,9.64,0,253,-1,3004.24
2,0,4,12,3,10.75,1,340,-1,1859.19
3,2,6,2,4,13.25,0,12,-1,3345.69
4,2,4,5,4,8.25,1,7,12,3061.0
3,4,6,4,3,6.08,0,263,25,3296.97
4,4,6,9,,5.57,1,313,-1,4402.13
4,1,1,13,4,12.75,0,346,18,3358.14
1,1,2,13,4,10.94,1,358,-1,3962.94
2,0,5,15,5,13.61,0,342,-1,4031.68
3,2,2,2,4,14.47,1,135,-1,3902.17
1,0,3,13,4,4.71,0,316,9,3585.32
3,0,2,7,,8.09,1,247,-1,4638.52
4,2,6,17,5,9.59,1,198,-1,5504.45
2,6,6,8,3,2.71,0,75,-1,2958.19
3,1,3,18,3,1.08,0,357,24,4810.09
3,5,4,15,5,13.06,1,362,-1,6711.74
4,5,6,15,4,8.17,0,93,-1,4477.52
3,5,3,5,4,8.69,1,329,-1,5581.51
3,2,6,2,4,8.46,0,17,-1,4696.41
4,3,5,16,4,11.4,1,171,-1,3254.33
1,3,6,5,4,2.44,0,147,-1,3194.86
4,3,1,6,3,9.33,1,1,-1,3811.71
1,4,3,12,,7.2,0,29,-1,1994.3
2,1,2,5,,13.49,0,171,-1,2811.55
1,1,3,20,4,7.94,0,249,-1,3525.03
1,6,4,8,,14.16,1,46,-1,3372.1
2,6,6,11,5,5.49,0,298,-1,6105.1
1,4,3,14,4,14.51,0,10,-1,1685.61
4,0,5,17,,13.16,1,274,-1,5563.54
1,6,3,10,,8.89,0,3,-1,3541.96
2,5,5,2,4,5.5,1,165,-1,4475.74
4,3,6,3,3,5.83,1,200,11,2945.43
2,5,2,13,3,11.66,0,161,-1,2712.46
2,3,6,17,4,8.84,0,306,-1,3396.07
3,5,4,3,4,6.2,1,238,-1,4858.43
3,0,1,10,4,9.65,0,103,-1,3809.25
2,5,2,8,,11.08,1,338,26,4081.18
2,5,2,4,5,0.64,0,36,23,5145.9
2,2,1,13,5,1.62,0,223,-1,4985.91
3,5,3,7,3,1.69,0,58,-1,3273.02
3,2,6,7,4,3.71,1,363,-1,4970.87
1,1,3,16,4,6.58,1,219,-1,3586.19
1,4,3,5,4,12.11,0,360,20,2799.61
2,5,6,17,3,5.46,1,273,-1,2787.01
4,1,4,10,5,0.56,0,24,-1,5994.45
4,6,2,4,5,7.41,1,206,-1,5778.65
3,6,5,14,4,14.95,1,24,-1,5154.01
3,2,1,5,,5.43,1,83,-1,4484.2
3,5,2,2,4,14.43,0,247,-1,5337.62
2,5,3,14,4,1.79,0,247,-1,4731.47
4,0,1,18,4,2.84,1,50,29,4038.03
1,1,5,11,4,10.94,0,9,-1,2724.16
2,3,2,16,3,7.67,0,176,29,1500.0
1,3,2,18,5,11.55,1,124,19,4087.78
1,0,4,16,,12.99,1,165,19,1693.01
2,2,2,21,4,3.99,0,347,13,2697.98
1,3,2,4,5,10.34,0,125,22,3548.18
4,3,5,1,3,9.23,0,301,-1,2533.42
1,6,5,14,3,12.96,1,246,-1,2321.18
4,6,1,12,5,6.62,1,69,-1,5611.65
4,4,3,10,,1.06,1,10,-1,5966.07
4,1,5,19,4,8.74,1,82,28,3054.95
3,2,1,4,3,14.4,1,159,-1,2723.24
1,5,2,20,4,0.52,0,57,-1,4662.86
2,1,1,21,3,3.83,0,340,29,3066.66
2,2,1,3,,4.95,1,78,-1,3183.71
1,3,1,4,3,11.56,0,184,-1,2135.16
3,4,6,15,,5.05,1,76,-1,6560.39
3,1,1,11,,3.81,1,70,-1,5136.4
4,3,5,16,,9.83,0,115,-1,4292.6
1,2,6,4,,0.98,0,184,-1,2378.04
1,1,3,6,4,2.81,0,322,-1,3277.78
2,5,1,8,5,6.3,1,14,25,5725.39
1,1,4,13,3,5.53,1,339,11,2589.71
3,3,2,20,4,5.4,0,2,-1,4385.83
1,1,2,4,4,1.9,1,57,13,3150.51
2,5,6,5,4,5.6,1,282,-1,3999.85
4,4,2,10,,12.03,0,187,-1,2652.5
2,4,2,5,4,6.38,0,258,8,2939.32
2,3,6,12,4,8.92,0,174,15,2256.36
4,2,2,1,4,2.7,0,64,26,4549.5
2,3,1,10,,1.32,0,10,-1,3030.97
2,4,3,5,4,13.24,0,280,-1,2036.38
1,0,6,19,4,5.17,1,190,-1,3419.67
1,0,4,19,3,5.45,0,3,-1,2457.64
4,1,6,20,4,13.2,0,338,-1,2716.53
1,5,5,12,5,10.7,0,53,-1,4360.23
1,6,4,16,3,11.42,1,59,-1,2810.96
2,6,5,5,4,10.33,1,155,20,4116.7
3,6,6,17,4,1.86,1,137,-1,5207.6
1,1,5,14,,14.38,1,163,-1,2210.57
3,0,4,12,3,13.66,0,79,28,3597.45
1,4,1,13,4,3.77,0,314,10,2696.73
1,1,6,21,,12.12,1,172,28,2640.32
4,6,6,14,3,6.32,0,178,-1,3318.06
4,6,2,5,,10.35,1,45,-1,5487.95
4,3,6,5,4,2.73,0,255,10,2567.16
3,6,6,18,4,8.22,1,348,-1,5604.76
2,5,1,14,4,2.16,0,131,-1,3543.47
1,6,2,18,5,8.18,0,169,-1,4387.6
1,3,3,20,3,3.88,0,135,-1,2281.67
1,6,5,1,4,6.95,1,104,-1,3851.21
3,5,4,7,4,10.12,0,301,2,5642.3
4,4,3,17,3,13.19,0,25,9,1500.0
2,1,2,3,3,2.73,0,0,-1,1500.0
3,5,1,10,3,13.43,0,253,-1,4311.63
4,3,4,7,4,6.03,0,210,8,2730.88
3,1,5,12,3,12.7,0,209,-1,2555.82
2,1,6,15,5,7.83,1,89,-1,4071.46
4,3,6,21,5,12.97,1,38,-1,5763.93
3,0,3,16,3,10.04,0,26,-1,3341.83
2,6,5,8,4,7.78,0,197,-1,2788.79
1,5,2,6,3,4.89,0,229,-1,2672.31
2,3,5,4,3,14.54,0,15,-1,1500.0
1,4,1,11,4,12.07,1,322,21,2540.16
3,2,3,17,4,5.9,0,21,21,4027.11
4,3,3,2,5,2.75,1,72,29,4892.16
4,6,1,6,4,11.76,0,183,-1,4769.46
3,6,5,4,4,14.85,0,134,-1,4473.35
4,1,1,3,3,4.4,1,331,18,2268.34
4,1,4,7,,13.76,0,0,-1,1890.58
1,3,1,7,5,2.14,0,207,4,4906.5
3,2,5,16,3,14.3,0,13,-1,2410.21
2,3,1,2,5,11.26,0,221,-1,4495.21
1,2,2,8,3,5.39,0,243,-1,2053.33
3,2,6,15,4,4.78,1,146,-1,4478.28
1,6,1,16,5,9.76,1,274,29,5464.65
2,6,6,1,,9.02,1,76,-1,2794.33
2,6,1,10,4,13.81,0,107,-1,1589.67
3,4,5,7,4,11.56,1,329,5,4637.19
2,6,4,16,3,8.24,1,110,-1,3353.68
1,5,4,10,4,13.94,0,124,-1,2923.76
2,1,6,12,,9.01,0,92,13,2045.88
1,1,5,17,3,12.79,1,236,26,1502.9
1,2,5,13,3,12.66,1,247,-1,1500.0
2,1,5,12,,13.81,0,142,-1,3071.84
3,0,2,15,3,1.29,0,208,-1,3828.1
4,2,3,14,3,8.88,1,318,15,3058.99
2,1,1,19,4,7.19,0,22,-1,1994.73
1,0,5,19,4,7.51,0,9,6,2700.33
1,4,5,14,4,7.06,1,255,-1,3299.42
2,1,5,18,3,12.61,0,176,2,1500.0
3,0,4,5,4,4.98,1,253,-1,4779.84
3,3,5,20,,7.1,1,351,-1,5022.53
1,5,1,6,4,3.25,0,289,-1,2823.86
1,3,5,18,3,4.0,0,94,2,1500.0
3,0,1,14,4,10.01,0,294,-1,4190.95
4,2,2,4,4,2.02,0,79,14,3747.65
2,6,3,1,4,3.06,1,217,-1,4568.88
1,6,4,13,3,8.06,0,208,-1,3117.02
1,6,1,11,,0.94,1,99,8,3539.64
3,2,6,3,4,2.17,1,22,-1,3706.41
2,1,2,17,5,12.99,0,280,29,3663.14
3,6,3,18,3,12.74,1,196,4,5458.31
2,3,3,10,4,5.41,1,246,-1,3289.32
2,2,3,16,3,5.42,1,89,10,2922.41
2,2,1,21,4,14.07,0,252,7,1500.0
1,6,2,13,4,0.68,1,5,-1,3674.66
4,3,5,20,5,8.83,0,18,-1,4466.57
3,4,6,12,3,9.08,1,274,-1,4173.53
4,2,2,4,4,11.88,0,109,-1,2188.88
3,6,2,8,4,14.29,0,94,17,4561.89
2,5,2,12,5,5.53,0,86,-1,4984.55
1,0,1,19,4,6.74,0,12,-1,3045.96
4,1,6,15,3,10.17,0,341,-1,2222.26
1,2,1,16,5,14.52,0,194,28,3535.1
3,5,6,12,3,13.39,1,75,-1,4132.49
1,5,6,20,4,10.11,0,228,28,4326.16
1,2,1,18,5,12.89,0,158,0,3432.85
4,4,6,12,3,1.55,1,332,-1,3195.39
2,0,2,16,4,5.84,0,22,-1,2229.22
1,1,1,20,5,0.49,1,204,-1,5957.05
2,2,6,11,5,2.91,0,325,-1,4314.17
3,1,3,20,,9.57,0,239,27,4830.26
1,3,1,14,3,13.32,0,313,-1,1882.65
4,5,4,2,,9.6,1,194,-1,3624.83
3,5,1,13,4,10.06,1,198,-1,5890.11
3,2,1,14,4,1.83,1,137,19,4577.26
4,2,1,6,5,10.07,0,222,-1,4761.35
1,3,6,12,,6.98,1,323,-1,1951.46
1,4,1,7,3,9.88,1,325,7,3725.74
3,2,4,4,4,5.09,0,337,-1,4734.16
1,5,5,7,5,8.85,1,214,15,6140.73
2,1,1,13,4,6.53,1,7,-1,2985.48
4,0,3,11,5,8.51,0,215,-1,4802.19
2,6,4,8,5,2.46,0,283,17,4514.88
1,1,5,19,5,6.12,1,254,-1,5151.5
3,4,6,2,5,5.8,0,322,-1,5348.08
4,0,1,21,5,11.12,1,204,-1,4934.15
1,1,5,18,5,10.68,0,160,-1,3603.01
1,1,3,21,4,13.66,0,113,-1,1500.0
3,3,4,10,,9.59,0,244,-1,3082.05
3,6,4,6,3,4.92,1,335,-1,5258.62
2,4,6,4,3,11.81,0,202,-1,1500.0
4,5,6,19,3,7.61,0,216,-1,3426.17
4,3,6,14,3,3.14,0,144,12,2335.9
3,0,5,14,5,11.29,1,133,-1,5880.77
2,6,1,18,,2.25,1,173,-1,3148.03
4,5,2,17,4,2.92,1,269,-1,4604.25
3,3,4,18,4,11.45,1,164,-1,5293.46
1,6,2,18,4,11.62,0,106,-1,2849.55
4,4,4,5,,11.92,0,247,-1,2432.1
2,2,6,9,5,4.61,0,331,-1,4285.76
2,2,1,1,4,13.04,1,338,-1,2472.19
2,0,1,4,4,10.92,1,340,5,2916.93
1,2,4,7,3,12.56,1,28,-1,2537.02
4,3,5,11,4,10.72,1,219,-1,4340.64
4,0,6,14,5,8.82,1,208,-1,4659.09
1,5,1,10,3,1.91,0,48,19,2375.74
4,4,1,19,5,10.75,0,1,7,3832.15
1,0,3,8,,10.45,1,197,-1,2010.4
1,5,1,3,4,4.89,1,88,-1,4346.46
1,0,3,8,5,11.12,0,210,-1,4344.1
2,1,1,18,5,8.39,1,69,-1,5212.0
4,1,1,5,3,8.52,0,192,0,3582.9
1,0,5,20,3,5.7,0,45,-1,1838.06
4,6,5,11,4,2.02,1,62,-1,5151.93
2,2,6,9,3,3.49,1,118,-1,3345.87
1,1,1,19,4,11.6,0,225,-1,2235.4
3,6,6,12,4,4.29,0,340,-1,6072.99
2,6,6,5,,0.33,1,26,1,3999.84
3,4,6,16,3,14.96,0,190,-1,3368.14
4,5,6,13,4,3.4,0,278,25,4029.59
4,3,4,6,,9.93,0,227,25,5552.52
2,1,4,16,4,13.93,0,355,9,2819.6
4,0,1,18,4,9.12,1,223,-1,3792.81
3,2,4,17,4,12.05,0,294,-1,4184.44
1,3,1,12,3,14.65,0,57,-1,2655.22
1,5,5,1,,12.95,1,300,-1,2924.68
1,6,2,7,4,8.5,1,208,29,3349.39
2,5,3,14,3,5.65,0,141,-1,2263.0
4,1,4,18,,7.39,0,149,-1,3639.93
3,5,4,1,4,12.67,0,16,-1,5599.76
4,5,5,20,4,12.84,0,239,-1,4306.89
4,2,4,10,3,12.73,0,37,-1,1500.0
4,6,1,15,4,9.08,0,345,-1,3788.49
1,2,1,11,4,7.31,1,286,12,3218.6
3,2,2,4,3,4.88,1,97,0,3900.68
3,0,2,15,3,0.35,1,57,-1,3995.24
4,5,2,21,4,11.54,1,346,-1,4997.52
1,5,1,16,4,4.37,1,16,-1,3717.36
1,5,6,15,3,5.15,0,119,-1,2506.49
3,4,6,17,3,12.7,0,22,-1,2538.24
1,2,2,11,3,1.07,1,209,-1,2885.74
1,3,2,18,5,13.94,1,212,-1,4205.86
1,1,1,16,4,0.32,0,147,27,3178.96
2,6,5,15,4,14.11,0,95,-1,3433.57
4,3,4,11,5,6.98,1,259,17,5721.52
3,6,3,13,4,1.8,0,72,24,4982.87
3,0,6,18,4,10.21,0,330,-1,4964.99
2,0,6,8,3,13.47,0,48,-1,1500.0
4,6,1,9,4,6.74,0,221,-1,4776.96
3,5,1,11,,10.46,0,364,-1,5098.81
1,3,3,17,4,14.7,0,281,19,3406.93
3,5,3,1,3,3.84,1,31,-1,4429.53
1,4,2,11,3,12.36,0,27,-1,1989.56
2,0,3,7,3,4.64,1,306,0,3757.77
1,0,4,8,4,6.57,0,167,19,3681.23
3,3,4,19,5,4.44,0,36,-1,5186.13
3,0,6,4,4,6.86,1,233,-1,4735.19
3,4,4,4,,0.37,1,178,-1,6972.9
2,4,4,19,,4.76,1,56,8,3839.69
2,4,4,9,4,6.85,0,232,19,3274.6
4,1,2,17,3,9.59,0,335,-1,2456.94
3,4,6,18,5,9.67,1,71,14,6807.85
1,4,1,1,,8.88,0,194,-1,1724.29
2,1,6,14,4,4.61,1,2,-1,3508.37
3,5,6,4,,14.23,0,201,-1,4980.44
3,2,6,10,4,6.06,1,190,-1,4495.21
2,0,3,14,3,3.49,1,206,23,2891.95
4,4,1,7,,8.45,0,110,-1,2697.73
2,0,3,12,5,11.31,0,346,10,4887.62
2,3,2,16,5,0.48,1,50,10,4544.17
1,0,2,5,5,4.36,1,237,26,4605.08
1,6,5,11,,12.43,0,133,-1,3085.46
4,5,5,4,4,7.75,0,280,29,4853.96
3,1,2,13,3,6.3,0,225,-1,3345.24
2,0,2,8,5,13.98,0,25,-1,3792.17
4,0,3,7,4,1.62,0,215,0,4006.1
1,0,2,11,4,9.35,1,79,-1,2860.38
2,2,1,11,5,5.33,0,291,-1,3196.66
3,2,3,17,,1.34,1,20,2,4902.12
1,3,2,14,4,3.44,1,221,27,3526.12
1,1,3,2,3,9.53,0,48,3,1500.0
1,0,3,20,4,0.72,0,339,16,3228.76
4,0,4,21,5,9.01,1,59,-1,5010.78
3,0,5,8,4,14.37,0,361,-1,3817.8
2,0,3,2,3,11.99,0,241,21,1602.32
4,2,6,21,3,5.38,1,18,-1,3014.15
4,5,3,15,4,2.33,0,77,-1,4830.1
4,5,6,5,4,7.14,0,355,-1,3957.78
1,3,4,6,3,6.08,0,130,16,2257.87
3,6,2,17,,14.58,1,213,16,5596.96
4,4,3,8,4,14.85,0,127,-1,2059.91
2,1,4,19,4,6.34,0,106,-1,2939.09
3,5,1,5,3,2.49,0,180,12,4335.12
2,6,4,19,4,13.69,1,193,-1,4220.78
3,0,5,14,4,11.97,1,317,12,4392.51
2,5,5,10,,7.82,0,44,-1,2754.68
1,3,2,13,5,5.67,1,56,-1,3811.03
4,4,6,5,,6.89,0,356,4,2595.39
2,5,2,7,4,13.56,0,182,-1,3865.83
3,3,6,10,4,3.01,1,274,-1,5432.91
4,2,6,11,,12.16,0,316,-1,3512.57
4,4,6,3,4,0.57,1,4,25,4749.26
3,3,6,13,3,13.83,1,153,-1,3540.99
2,6,5,2,,7.65,0,18,19,3329.49
1,5,5,4,4,3.63,1,30,-1,5047.94
1,2,3,3,4,0.34,0,146,27,2749.2
2,6,5,15,3,8.53,0,361,9,2325.07
4,3,2,4,3,3.89,1,336,15,3733.75
4,3,5,21,,9.58,1,345,-1,2925.07
4,6,2,4,3,4.43,0,124,16,2600.67
4,5,1,15,,1.59,1,327,-1,4692.54
2,4,5,6,3,7.72,1,359,-1,1850.2
4,2,2,5,4,8.6,0,24,17,3131.14
3,0,6,12,5,6.95,1,152,-1,7124.93
4,1,4,7,4,7.03,0,236,-1,3305.61
1,4,6,3,4,8.97,0,213,17,2069.17
4,2,3,7,5,8.04,1,140,-1,4367.28
2,6,2,12,4,2.25,0,297,25,4226.17
1,3,6,15,4,3.2,1,142,4,3325.93
2,6,5,19,5,2.38,0,22,6,5629.33
2,2,5,6,4,10.49,0,283,-1,2927.19
1,6,1,8,4,8.07,1,111,-1,3561.01
2,6,4,6,4,6.62,0,268,-1,3249.49
2,1,2,3,5,12.04,0,95,13,3455.49
4,5,6,5,3,5.09,1,330,-1,3873.68
3,1,4,9,3,8.65,1,171,-1,2752.67
2,0,1,16,3,1.39,0,290,-1,1527.22
2,0,3,16,3,11.24,0,302,28,1664.23
2,1,4,9,,10.52,0,234,-1,2556.53
4,4,1,18,,12.09,1,305,-1,5426.82
3,4,2,13,4,13.3,0,86,26,3720.79
1,6,3,11,,11.44,0,295,-1,2307.79
4,6,5,10,4,12.71,1,332,-1,4663.25
4,3,1,10,4,5.38,0,197,-1,3578.46
3,0,5,6,4,5.35,0,220,-1,4616.73
3,3,3,16,4,14.18,0,297,21,2691.17
4,0,1,12,5,13.74,1,142,-1,4622.74
1,1,1,4,4,8.36,0,59,-1,2477.21
4,4,3,5,3,5.69,0,313,-1,2745.47
3,6,2,2,4,13.03,1,288,-1,6176.49
1,4,1,19,,5.05,1,1,-1,2754.68
3,1,3,1,,2.56,0,152,2,3990.6
1,3,4,4,3,9.7,0,253,-1,2387.18
2,3,5,12,3,0.93,0,58,26,1873.61
3,2,1,2,4,5.87,0,250,24,4644.73
3,6,4,12,4,12.17,0,24,-1,4135.76
4,6,1,16,,4.64,0,132,-1,3788.69
3,6,2,2,5,13.99,1,242,-1,6782.31
3,0,3,17,5,14.35,0,61,-1,6181.01
2,3,1,2,3,12.29,0,103,-1,1784.15
3,1,3,4,4,14.82,0,77,21,3506.57
2,3,6,6,3,8.1,1,208,27,2304.39
2,4,1,7,4,8.67,0,104,23,2570.96
2,0,2,15,4,12.59,1,90,-1,2669.97
2,6,2,20,,7.54,0,163,0,2404.86
1,5,4,12,4,6.28,1,353,-1,5241.4
4,2,2,5,5,9.34,0,114,25,5061.91
1,0,3,14,3,9.97,0,149,-1,1500.0
3,4,6,16,3,11.34,1,232,-1,4360.37
1,6,2,11,4,10.12,0,85,-1,2750.65
1,4,1,12,4,11.26,0,27,-1,2879.86
3,4,2,19,4,10.22,0,47,24,3332.81
3,6,6,17,4,7.36,0,187,-1,4263.56
3,4,3,7,4,2.28,1,83,-1,4922.37
1,1,1,9,4,11.85,0,62,-1,2444.12
1,2,4,14,4,0.75,0,1,-1,3319.39
3,5,4,20,4,14.89,0,278,-1,5224.99
4,4,4,12,4,12.48,0,50,-1,3611.21
4,4,1,15,5,10.16,0,225,-1,4778.72
2,3,4,12,3,14.51,0,79,-1,1500.0
3,2,2,21,3,9.3,0,245,15,3912.63
2,0,1,21,3,1.13,1,205,-1,2152.6
4,2,1,13,,8.52,0,115,-1,4508.01
2,2,1,9,4,4.37,1,256,-1,3222.93
3,6,5,7,4,5.73,1,14,-1,5004.25
3,6,3,1,5,7.06,0,216,-1,6982.81
3,6,5,10,5,11.69,0,42,0,5778.99
1,5,5,6,5,7.69,0,102,-1,4649.96
2,2,5,15,3,7.28,0,293,-1,1942.61
4,5,3,15,5,4.74,1,62,-1,6232.84
4,4,5,9,4,8.24,1,230,-1,4514.02
4,6,4,13,3,3.95,0,237,13,3855.34
1,4,1,1,4,4.14,0,306,-1,3499.23
1,6,1,9,4,11.43,1,249,28,3584.54
3,1,2,3,,5.34,0,77,2,4189.89
4,5,6,9,4,1.06,1,82,-1,4583.31
1,5,4,20,5,5.35,0,153,-1,4646.73
3,0,3,15,4,9.69,0,229,-1,3942.16
4,3,6,7,4,12.27,1,96,4,2323.45
2,2,1,4,4,14.44,0,173,-1,2505.45
3,0,5,20,,11.27,1,139,-1,5042.66
1,5,2,17,3,6.6,0,92,-1,1750.22
1,0,2,4,4,4.7,1,139,-1,4143.68
3,1,1,19,3,2.21,1,28,-1,4630.75
3,3,4,5,5,9.53,0,360,-1,5220.01
1,5,6,16,,7.8,0,60,-1,1907.16
2,5,2,3,4,10.26,1,40,18,4211.53
4,2,1,11,,3.79,1,147,22,2990.6
2,6,4,15,5,5.06,1,301,-1,5596.83
3,3,1,19,3,4.59,1,246,25,3922.06
2,1,1,21,4,12.03,0,157,-1,1679.78
1,4,4,14,3,2.82,1,294,22,2107.32
3,0,4,16,,9.24,0,245,-1,4883.51
4,2,4,6,4,1.05,0,295,-1,3963.1
1,5,1,5,4,8.38,0,178,-1,3065.98
1,4,2,21,4,1.24,1,257,-1,2674.19
4,1,3,17,4,2.89,0,217,9,4066.85
4,3,3,16,3,1.96,1,155,-1,3302.58
2,0,1,2,4,5.4,1,306,-1,3698.59
3,2,1,11,5,5.35,1,119,-1,6920.18
4,5,2,4,4,12.45,0,263,16,4455.38
4,5,4,6,,3.62,0,286,-1,6148.01
3,4,1,7,3,1.57,0,38,21,3043.16
4,4,5,17,5,9.17,1,187,-1,5819.19
4,0,4,8,4,10.41,0,241,-1,3166.03
2,3,1,1,4,4.63,1,82,-1,2789.98
1,1,5,15,4,9.16,0,204,-1,2956.54
1,6,6,20,4,11.71,1,143,14,3744.81
1,3,2,12,4,5.41,0,278,28,3157.57
1,3,5,15,4,8.02,1,181,-1,3483.85
4,3,1,15,4,2.46,0,324,-1,3214.17
3,6,3,9,3,0.65,0,11,26,3799.21
3,0,1,16,4,14.73,1,291,-1,4958.2
2,6,3,2,4,4.71,0,56,-1,3537.62
2,0,2,15,4,4.4,1,153,6,2491.96
4,6,2,15,4,14.61,0,91,-1,3098.1
3,1,4,7,4,11.01,0,89,-1,3167.35
3,3,4,21,4,8.9,0,3,-1,4235.23
1,0,3,13,3,10.58,1,220,7,2458.79
4,6,3,17,4,10.74,1,143,-1,3598.79
4,1,2,11,3,11.52,0,21,-1,1500.0
1,6,5,10,,1.29,0,191,-1,4174.92
4,5,3,1,3,6.37,1,106,0,3179.56
4,1,3,14,4,4.64,1,325,19,3424.8
2,3,5,5,4,1.34,1,219,-1,4097.4
3,2,4,8,,6.37,1,238,-1,4883.39
4,3,4,1,4,9.36,0,340,-1,2204.37
2,2,3,7,3,2.92,1,217,-1,2546.57
3,1,4,2,3,4.78,1,38,-1,4860.6
1,5,4,7,4,9.7,0,244,-1,3792.25
2,5,6,7,5,8.82,1,149,12,5396.63
2,0,4,9,4,13.07,1,29,-1,2985.93
3,5,2,4,3,11.93,1,160,-1,3915.97
1,4,1,7,4,14.49,0,103,-1,1901.97
2,1,3,20,4,9.08,0,157,-1,1701.56
4,0,3,18,4,10.57,0,308,-1,2684.76
4,5,2,13,5,12.95,0,133,5,5770.42
4,1,1,11,,12.65,1,53,-1,3223.89
1,3,1,9,3,10.87,0,334,27,2233.16
2,5,2,14,,7.65,1,35,-1,1822.25
4,6,5,8,4,4.32,0,318,-1,4308.69
1,2,5,21,,13.2,0,130,21,3366.42
4,1,1,14,3,11.72,0,312,1,2154.64
3,0,5,21,5,12.62,0,79,-1,5580.31
2,3,5,17,4,2.37,0,271,-1,2734.76
2,4,5,14,4,4.93,1,119,-1,3044.23
1,3,1,5,3,6.55,1,133,-1,2024.89
1,5,5,10,5,12.62,0,204,-1,4763.73
2,2,3,6,4,13.43,0,264,-1,2253.65
4,3,6,10,,4.49,1,232,-1,3227.36
4,4,1,11,5,10.39,1,27,-1,3955.67
3,6,2,6,4,1.44,0,300,-1,6474.25
4,0,5,10,4,6.32,0,57,-1,2990.38
1,1,4,14,5,7.45,0,28,-1,3555.0
1,2,1,20,4,11.55,0,350,-1,2460.34
4,4,2,3,5,13.41,0,312,12,4087.52
1,5,6,7,5,5.26,0,32,22,4553.89
2,5,3,2,5,8.06,1,107,5,5278.58
2,5,2,7,3,9.82,0,271,22,3044.23
4,2,5,17,4,5.13,1,344,4,4651.88
2,3,4,13,,14.79,0,190,-1,2793.11
2,2,5,21,4,13.17,1,80,-1,2396.02
3,5,2,9,4,4.66,1,81,-1,5524.34
3,6,1,13,3,7.77,1,95,-1,3892.56
2,4,4,15,,3.69,1,145,-1,4872.68
4,1,4,13,5,7.86,1,56,-1,5347.82
3,1,2,17,4,10.34,0,217,-1,4811.7
1,2,6,8,,1.56,0,241,25,2333.76
1,5,6,9,3,13.09,1,283,-1,2755.67
1,0,5,9,3,9.03,1,167,13,2178.35
4,6,2,8,4,14.85,0,135,11,3331.6
2,2,4,16,5,0.68,1,140,-1,4812.97
1,5,2,20,3,12.52,0,171,1,2570.45
4,3,4,7,4,11.94,0,46,12,3123.66
3,1,5,17,4,2.25,1,9,18,4791.88
2,1,1,7,3,5.23,0,296,25,1931.13
3,6,1,6,4,13.31,0,194,23,4634.93
4,1,2,5,4,7.92,0,329,-1,4064.22
1,0,4,17,,6.2,1,14,-1,5228.51
1,5,1,8,4,13.61,1,215,-1,4495.44
4,5,4,1,4,1.67,0,188,-1,4439.99
1,6,5,16,4,7.25,0,252,-1,3900.41
2,5,2,17,3,9.89,0,329,-1,2784.8
4,6,4,3,,9.25,1,51,-1,3570.34
3,5,2,13,4,4.18,1,58,-1,5068.4
4,0,4,8,3,8.58,0,175,21,3018.8
2,4,6,16,,10.72,1,294,-1,1500.0
2,2,6,7,4,8.9,1,125,-1,2471.57
4,2,4,21,4,10.36,0,41,-1,2171.72
4,5,5,15,3,4.06,0,306,-1,3313.07
1,3,2,2,3,12.54,0,305,-1,1786.88
2,1,3,2,4,6.91,0,347,27,2957.19
4,0,4,10,4,14.81,0,360,-1,2155.56
4,3,4,5,4,0.64,0,253,-1,4101.49
2,3,6,4,4,5.89,0,65,14,2544.61
4,5,1,15,3,2.95,0,57,-1,3184.86
1,0,6,13,3,8.47,1,126,-1,3226.68
2,2,2,17,3,3.88,1,3,-1,2176.66
1,1,6,21,3,11.14,1,234,-1,2271.03
1,2,3,1,5,13.26,1,31,16,3924.9
1,3,5,18,4,3.4,1,174,27,3935.38
1,1,3,15,,2.66,0,61,-1,3436.32
2,4,5,14,4,13.17,0,225,-1,2826.94
1,3,3,9,3,5.61,0,143,1,1572.5
1,2,6,12,3,6.69,0,17,-1,1616.45
4,2,3,5,5,3.55,1,219,-1,6649.37
2,5,6,2,5,6.55,0,233,-1,5590.05
2,2,6,7,,3.7,1,234,-1,3030.01
3,0,2,21,4,10.09,0,361,-1,4466.57
2,3,6,9,4,7.63,0,320,-1,2907.35
2,6,1,18,3,11.88,1,79,-1,2772.56
3,6,3,4,,4.9,0,292,-1,4278.51
2,1,4,2,3,7.73,0,72,-1,1749.12
2,2,4,1,4,4.11,0,336,-1,3083.64
2,5,4,12,3,14.04,0,99,-1,1943.05
2,5,1,13,4,7.97,1,255,-1,4363.68
3,2,6,14,4,2.85,1,314,-1,5209.81
2,0,3,5,4,4.31,0,350,22,3870.12
2,5,5,3,3,1.52,1,161,-1,3140.87
3,6,5,4,4,0.71,1,292,-1,5429.23
4,1,2,17,4,8.03,0,161,6,3466.96
1,3,1,19,3,5.26,0,356,26,2506.28
4,4,3,11,3,14.47,1,128,-1,1500.0
3,0,6,8,4,2.82,1,308,27,5245.77
1,5,4,12,3,11.97,0,252,-1,2374.02
3,3,1,18,5,4.94,0,61,14,6016.99
3,4,1,18,4,3.59,0,142,-1,4567.16
2,2,3,9,3,14.55,0,222,-1,1802.05
1,2,6,5,4,12.1,0,306,14,3118.16
2,1,2,21,4,9.57,1,13,28,3298.16
1,4,6,17,3,10.55,1,363,-1,3033.46
3,2,2,13,3,14.87,1,97,19,3211.57
3,2,2,6,,9.02,0,58,-1,4019.54
4,6,4,14,3,1.8,0,179,24,2972.96
1,5,4,15,,1.25,0,0,-1,2489.22
2,1,3,14,,10.1,0,226,-1,1759.9
4,3,6,4,3,9.97,0,144,-1,2494.29
4,2,2,18,4,11.3,0,311,18,3173.17
4,6,3,1,5,1.9,0,132,-1,5809.9
2,0,2,12,4,14.19,1,144,25,3477.9
4,0,1,9,,8.4,1,273,-1,4371.78
2,3,5,10,5,9.85,0,344,-1,3867.73
4,4,5,21,3,0.81,1,310,-1,2554.71
2,1,2,18,3,14.43,1,46,-1,1500.0
3,6,3,17,4,8.57,0,207,-1,5644.62
3,5,4,19,4,8.58,0,238,-1,3645.9
3,6,6,4,4,14.17,1,241,-1,5097.59
3,0,2,16,3,13.96,0,103,-1,2501.46
3,0,2,7,,3.54,1,276,-1,4242.16
4,3,6,9,4,13.99,0,156,25,2611.26
4,4,4,8,5,11.13,0,187,10,3874.49
4,4,2,7,4,0.58,0,173,14,3698.83
2,3,1,10,3,3.83,1,99,-1,2601.75
2,6,4,8,4,6.37,1,9,15,3893.04
2,0,1,17,3,8.87,0,83,-1,1500.0
2,6,5,12,3,10.61,0,52,-1,2465.15
3,6,6,14,,3.39,0,126,-1,5057.53
3,1,4,12,4,12.6,1,134,-1,4335.0
3,0,4,2,5,12.73,1,285,-1,6199.11
1,4,3,12,4,9.63,0,348,9,2007.91
4,5,3,14,,13.84,1,54,17,3076.86
2,6,6,7,4,12.25,1,243,16,3740.04
2,0,4,13,3,3.56,0,64,-1,2401.85
3,6,5,21,5,12.04,0,20,-1,5659.7
2,1,2,4,4,14.31,0,262,-1,3170.02
2,2,6,1,3,2.32,1,299,18,2991.12
4,0,6,17,4,14.69,0,323,18,4242.67
3,3,3,3,,0.67,1,358,-1,5399.99
4,2,5,17,5,7.98,1,247,-1,5123.76
1,6,6,8,5,11.68,1,142,-1,4598.9
1,3,5,3,3,11.92,0,97,7,1677.52
1,3,6,10,,11.1,1,1,-1,2755.44
3,3,3,2,4,8.08,0,356,-1,4064.85
2,0,2,4,,9.87,1,130,3,1748.99
3,4,3,14,4,10.59,0,175,-1,3639.37
3,6,6,11,4,7.57,1,46,-1,5030.78
2,2,5,14,3,9.06,1,240,27,2023.73
4,1,1,13,4,12.74,1,355,-1,4663.48
1,4,3,4,4,4.9,0,26,18,2477.64
4,6,5,2,3,7.99,0,35,-1,3028.55
1,0,3,2,4,0.42,0,338,-1,3132.92
3,3,6,11,4,10.41,0,353,13,3685.01
1,1,5,5,3,3.17,0,335,29,2415.64
3,6,2,9,5,7.37,1,179,4,7154.16
4,2,5,20,3,3.39,1,50,-1,2670.21
3,6,4,21,3,0.65,0,341,-1,4899.8
4,4,1,17,3,7.4,1,159,-1,2522.86
2,5,6,12,,6.55,1,257,-1,4313.26
2,4,5,18,4,6.55,1,16,-1,3597.68
2,6,6,3,4,3.37,1,278,-1,4243.66
3,1,3,5,,14.22,1,171,27,4061.23
2,6,3,21,,0.35,0,301,18,5200.39
1,6,5,20,3,13.41,1,53,11,3024.62
4,0,4,14,3,11.13,0,12,11,1997.45
4,2,5,16,,2.83,1,201,13,3233.89
1,1,2,19,3,7.24,1,326,-1,2847.61
3,6,4,9,4,14.84,0,245,9,5170.49
3,3,6,17,3,9.76,1,270,-1,3270.93
4,2,5,7,3,2.17,0,227,14,2420.77
2,4,6,10,5,7.03,0,61,-1,3974.18
3,1,1,4,3,7.18,0,200,-1,3386.13
3,4,4,10,4,12.09,1,151,4,4744.14
1,6,5,3,4,13.77,0,69,-1,2364.95
1,4,1,9,4,1.51,1,188,26,4005.51
2,4,5,13,4,4.92,1,326,-1,3713.33
3,0,2,1,4,4.69,1,207,-1,5568.3
3,4,3,15,3,14.94,1,130,-1,2662.7
1,3,6,15,,8.52,0,156,3,4107.02
3,3,5,11,4,13.23,0,276,9,4280.6
4,2,4,10,,6.56,0,53,27,3870.89
1,6,5,7,5,10.92,0,243,-1,4810.55
2,5,5,1,3,4.51,0,214,-1,2368.47
1,4,5,7,,13.7,0,10,-1,1500.0
3,4,5,5,3,6.99,1,218,-1,4476.4
2,1,4,16,5,12.11,0,204,-1,4670.83
1,0,4,8,,4.06,1,200,-1,5009.3
4,5,5,2,4,10.5,0,71,-1,4528.0
4,2,3,8,3,6.26,1,108,16,2571.27
1,5,5,14,,0.76,0,26,-1,2225.79
4,4,6,4,5,6.37,1,348,-1,5789.9
4,1,6,15,5,8.39,0,288,-1,5095.95
4,6,4,7,3,2.53,0,4,9,3102.96
2,0,6,20,3,3.0,0,264,18,2034.63
4,6,6,8,4,7.13,0,140,-1,3905.4
4,2,2,11,3,5.34,1,224,-1,3291.73
4,5,5,2,5,6.78,0,349,-1,6023.98
2,2,5,9,4,7.07,0,88,-1,2978.48
1,4,5,6,4,2.36,1,133,-1,3257.21
3,2,5,1,4,2.96,0,102,22,4263.51
4,6,1,3,4,12.77,0,329,-1,3961.17
1,1,5,10,3,2.69,0,124,-1,1500.0
4,2,4,5,4,10.09,0,303,-1,2759.31
2,3,4,12,4,6.45,0,82,-1,3272.4
1,1,1,1,,14.53,1,266,-1,3065.1
2,5,5,9,4,1.27,0,262,-1,3601.78
4,0,3,21,,12.51,1,360,-1,2372.4
4,0,5,13,3,7.52,1,56,-1,2357.92
2,4,4,19,4,0.38,1,286,27,4040.07
3,4,2,7,4,4.18,0,186,16,5272.54
2,3,6,16,,6.29,0,173,-1,2479.72
4,5,2,8,5,4.92,0,336,-1,4889.54
2,6,3,19,4,5.63,1,334,-1,4483.02
3,0,5,7,4,13.78,1,134,22,3574.44
2,0,1,4,3,5.61,0,93,-1,1506.79
3,0,5,10,,6.46,1,350,-1,7240.5
3,6,3,1,4,11.49,0,8,-1,4023.42
2,0,3,17,,11.97,1,8,-1,1572.66
2,2,6,21,4,1.54,1,112,26,2868.3
1,5,3,13,4,10.65,1,121,21,3067.77
4,1,2,19,5,7.39,1,107,25,4836.62
3,1,6,13,5,2.27,0,341,-1,6052.22
1,3,5,9,,4.19,0,271,-1,3668.61
2,2,5,5,,0.96,0,257,-1,2992.72
4,0,1,1,3,5.6,1,197,-1,3271.95
1,0,3,2,,4.05,1,117,-1,4150.78
3,4,3,11,4,5.92,0,155,13,5190.49
1,4,4,4,4,8.83,0,127,4,2258.95
3,3,6,9,4,11.07,0,42,-1,4732.98
2,0,4,5,,9.2,0,62,-1,4323.15
4,3,6,5,,10.27,0,144,-1,2609.11
4,2,2,8,3,13.02,1,274,-1,2102.43
4,1,6,2,4,13.15,0,22,29,2658.33
2,0,5,7,5,12.95,1,363,-1,4857.15
3,5,1,17,5,2.55,0,274,-1,6226.54
2,6,6,11,4,3.99,1,128,-1,3764.54
4,2,6,15,5,7.68,1,298,-1,4798.82
2,0,6,3,4,5.57,0,280,1,2825.69
2,6,1,13,3,2.24,1,181,-1,3370.13
2,5,3,18,4,4.53,0,261,-1,5270.36
3,4,1,20,3,14.64,1,227,-1,3700.73
1,3,3,20,3,5.4,1,250,-1,1805.82
1,4,5,3,4,6.46,1,80,-1,3257.02
2,1,1,2,4,0.39,0,75,-1,1708.63
1,4,3,5,,10.88,0,280,-1,3146.17
1,0,5,20,3,6.38,0,201,-1,2408.35
2,5,5,5,3,1.82,0,118,18,1989.49
2,4,3,13,3,14.54,1,251,-1,2289.05
4,0,3,8,4,11.73,0,121,-1,2775.64
1,1,2,16,4,10.97,0,173,11,2057.19
3,6,5,18,5,14.38,0,358,-1,7113.9
2,5,3,16,5,6.29,1,58,-1,5240.68
4,4,5,1,4,10.86,1,54,11,3613.16
3,3,1,8,4,3.33,0,151,-1,4160.08
1,3,4,21,3,10.55,0,330,11,2462.36
4,5,4,2,3,0.51,0,151,8,3143.16
2,3,6,5,4,2.16,0,167,-1,2562.3
3,4,3,15,4,6.55,1,147,-1,4668.62
2,4,3,14,5,0.48,1,342,-1,4628.15
1,5,5,3,4,7.09,1,196,-1,5207.26
3,4,6,7,3,7.99,1,123,21,4341.42
1,6,3,4,5,9.44,1,227,-1,5521.3
1,0,5,11,4,1.78,1,332,-1,3322.71
4,1,3,12,5,2.96,1,193,-1,5411.24
2,6,5,15,4,9.32,1,348,-1,3567.94
3,6,3,6,3,9.98,0,78,18,3498.21
1,3,2,1,3,0.68,1,7,-1,2183.36
1,0,5,18,3,8.24,0,353,-1,1500.0
3,5,2,14,3,11.84,1,54,-1,4762.47
1,3,2,7,3,1.32,0,36,-1,1878.17
4,0,2,10,4,6.37,0,345,-1,3734.08
4,4,2,9,5,5.1,0,248,-1,4887.33
4,5,1,2,5,13.73,1,199,-1,5362.37
4,5,6,8,4,3.03,1,269,-1,4691.58
1,3,4,1,3,4.98,1,88,8,1937.38
3,4,1,20,4,13.51,0,225,-1,4602.79
3,3,3,2,4,5.16,0,322,-1,5199.35
3,2,3,7,3,8.11,0,159,-1,2455.2
3,0,6,16,5,0.79,1,334,8,6688.86
2,2,4,4,5,14.78,1,121,-1,4243.79
3,0,4,21,4,12.43,1,273,21,4402.66
2,1,4,17,4,9.63,1,236,-1,3125.87
2,6,2,4,3,1.19,1,266,5,3544.05
4,5,1,3,4,1.4,0,329,-1,3913.83
2,3,3,9,3,8.31,0,131,-1,1663.0
1,1,1,15,3,4.49,1,181,-1,2750.54
2,1,1,20,4,9.46,0,192,15,2211.75
4,5,1,3,4,9.09,1,109,-1,5045.43
2,5,4,12,4,12.63,1,213,5,3910.71
1,0,6,15,4,4.44,0,239,11,3757.06
1,2,6,20,4,8.79,0,140,-1,2646.01
1,4,4,8,,11.73,0,72,26,2406.15
4,0,3,12,5,7.51,1,2,17,5617.25
4,4,3,21,5,12.51,0,1,-1,4520.31
3,1,3,13,4,2.23,0,343,-1,4067.13
4,4,6,15,4,11.09,1,209,11,3790.63
1,2,6,11,,14.16,0,311,-1,2818.62
1,0,1,17,,5.18,0,57,22,1500.0
4,5,4,21,3,5.69,0,216,27,3953.35
2,2,2,12,5,1.53,0,256,-1,4603.12
4,6,1,20,5,9.73,1,112,-1,5900.09
4,2,5,18,,8.42,1,70,0,3535.36
1,6,6,16,4,0.89,0,101,22,4223.22
3,0,1,3,3,11.36,1,44,-1,3844.52
1,5,4,9,4,12.49,0,143,28,3112.18
3,2,5,7,4,13.63,1,122,-1,3900.96
1,6,1,19,4,8.32,1,272,-1,3570.43
4,5,4,5,5,6.95,0,229,-1,5562.46
1,3,4,19,3,13.18,0,29,10,1500.0
1,3,6,10,4,6.16,0,292,-1,2902.5
1,3,2,20,4,9.94,1,273,-1,3166.57
4,4,1,12,5,9.35,0,203,-1,4435.96
4,2,4,8,5,5.77,0,239,28,4257.53
4,0,3,3,4,1.58,0,266,-1,3664.55
4,0,4,19,5,0.61,0,59,-1,4434.5
3,4,2,11,4,6.6,1,234,-1,4974.76
3,0,4,8,3,7.37,1,246,-1,4065.38
2,6,6,13,4,12.39,1,153,9,4280.15
4,3,1,10,3,6.39,0,79,27,1914.37
3,2,6,18,4,4.43,0,37,-1,3593.23
1,0,1,12,5,7.09,0,136,-1,3972.57
4,0,5,7,4,3.8,1,224,28,4156.72
2,1,1,11,3,1.64,0,241,-1,2806.9
2,1,5,10,3,1.96,1,210,-1,3235.7
2,1,6,3,3,4.99,0,45,26,1634.63
1,2,3,7,,0.49,1,171,-1,2303.03
3,3,2,4,3,3.54,1,41,-1,3183.65
1,5,3,8,4,11.88,1,22,10,3469.9
4,3,5,8,4,3.75,0,361,-1,3824.26
2,3,4,6,4,1.93,0,289,-1,3819.15
1,2,4,13,3,14.25,1,229,-1,2390.54
1,6,3,12,4,9.45,1,196,-1,3788.37
3,6,4,3,3,1.18,0,192,14,3821.51
3,2,5,6,3,1.21,0,153,-1,3539.78
2,1,6,19,4,9.3,1,54,-1,2823.33
1,0,2,11,3,8.24,1,254,-1,2638.22
1,4,1,4,,1.31,0,14,-1,2507.79
3,4,5,15,5,3.6,0,180,-1,6632.69
1,5,5,2,4,13.96,1,78,-1,3365.46
1,0,1,15,4,8.71,1,10,-1,3835.45
1,5,1,17,3,6.77,0,57,-1,2794.81
3,1,2,2,5,3.98,0,238,19,6364.19
2,5,2,7,,2.27,1,297,-1,2947.9
4,0,2,16,3,6.22,0,336,-1,1826.2
2,0,4,5,3,13.86,0,196,-1,1504.01
4,4,5,16,4,1.02,1,160,-1,3316.25
1,6,6,19,4,14.87,0,171,-1,3530.93
2,1,1,2,5,3.35,0,344,-1,5080.47
4,2,5,15,4,6.31,0,134,28,3367.88
3,5,5,4,4,0.96,1,225,-1,5736.13
3,4,2,2,4,8.9,0,307,-1,4805.73
2,5,2,10,4,7.41,0,268,-1,3680.26
2,5,5,5,5,10.1,0,31,-1,4396.91
1,2,2,18,4,8.28,0,294,-1,2752.25
2,1,4,4,4,6.15,1,77,-1,3149.42
1,0,1,1,4,11.15,1,318,2,3445.75
1,3,5,18,4,0.67,1,19,-1,4046.23
3,5,1,20,,8.25,0,15,-1,3023.6
3,3,4,6,3,1.97,0,157,-1,4280.35
4,1,2,20,4,6.71,0,104,-1,3257.5
3,3,3,20,5,11.93,0,213,19,5860.46
3,5,4,14,4,2.39,0,356,4,5712.99
2,2,3,10,5,14.06,0,73,-1,3904.1
3,3,1,18,3,13.36,1,71,-1,3677.16
4,1,5,9,4,6.4,1,220,29,5522.75
2,1,2,12,4,0.39,1,333,-1,4717.98
4,6,4,10,5,11.91,0,202,-1,5443.55
3,6,2,21,3,13.25,1,224,-1,5302.36
4,2,3,19,4,2.87,0,361,11,4019.28
2,3,3,6,3,13.77,0,48,-1,1500.0
1,3,6,14,4,13.74,0,100,7,1693.82
4,6,5,8,,7.23,0,228,-1,5710.17
4,0,3,14,4,12.03,0,132,-1,3472.13
2,4,5,11,,6.84,0,360,-1,4488.1
2,1,6,16,5,8.59,0,298,-1,4937.64
4,0,4,20,3,5.0,1,46,-1,3215.34
3,1,6,6,4,2.64,0,186,-1,4904.54
4,0,5,15,3,11.27,0,196,27,2120.88
2,6,3,15,3,0.32,0,254,6,2843.22
1,6,1,14,4,8.82,0,18,-1,3167.08
1,4,5,21,4,13.01,1,311,16,3531.25
3,0,2,12,4,3.55,0,153,19,4371.46
4,1,1,2,3,5.19,0,193,-1,2561.62
1,3,5,8,5,8.94,1,91,-1,4217.23
4,1,2,19,4,3.93,1,130,-1,4374.94
2,5,6,14,3,12.76,0,334,-1,2877.64
1,6,1,5,4,5.69,0,49,1,4890.94
3,2,5,9,3,8.85,1,225,-1,3929.46
2,2,4,13,4,3.62,1,265,-1,4486.64
3,6,6,9,,0.91,1,183,-1,5874.49
2,5,2,14,4,2.85,1,353,-1,3729.27
1,2,4,5,3,0.98,1,15,-1,2050.56
3,6,3,2,,7.19,0,292,-1,5650.76
3,2,6,7,3,8.92,1,99,-1,2919.48
2,6,6,16,4,0.96,1,277,-1,4459.79
3,4,5,11,3,1.63,0,287,-1,3891.45
2,3,5,11,4,7.44,1,80,-1,3548.44
2,3,2,12,3,12.05,1,328,-1,1709.79
2,1,6,13,,9.53,0,251,-1,3224.95
2,5,5,8,4,1.84,0,179,-1,3587.35
1,6,3,16,3,13.35,0,32,-1,2600.42
2,0,5,21,3,13.79,1,119,-1,2143.88
4,1,6,1,4,5.08,1,96,-1,3523.26
3,1,1,13,3,9.36,0,13,17,2492.77
4,6,4,11,4,7.54,0,100,-1,4411.45
1,6,6,4,4,14.15,0,316,-1,2894.22
4,1,3,4,,7.78,0,224,-1,3441.93
3,1,6,15,5,14.41,0,320,15,5455.69
4,3,3,3,4,3.23,0,238,-1,3171.27
1,0,6,19,4,5.38,0,85,-1,2396.15
2,1,4,21,,11.79,0,29,11,2296.94
4,3,4,2,5,11.82,1,282,-1,5069.23
1,1,3,6,3,11.06,1,63,-1,1973.62
1,2,6,8,5,12.94,0,288,-1,3961.27
3,1,4,17,5,10.63,0,308,20,6313.59
3,6,2,5,4,9.65,1,79,-1,5973.14
4,5,6,2,4,7.05,1,154,-1,4043.38
2,5,4,12,5,7.17,0,164,-1,4614.6
1,1,1,5,4,6.27,0,349,-1,3065.12
4,4,1,10,4,9.42,0,365,24,3065.73
1,2,2,9,4,6.28,0,298,-1,2830.98
1,0,4,20,4,2.47,0,210,-1,3080.57
2,1,1,8,,1.87,0,98,-1,1500.0
2,0,6,1,4,13.89,1,266,-1,2905.6
4,2,5,6,4,0.66,0,51,-1,2872.11
2,1,4,11,5,1.85,1,125,13,4918.08
2,4,2,3,4,6.85,0,121,-1,3885.96
4,3,4,15,5,4.17,0,31,3,4472.34
2,4,3,11,4,6.27,1,335,21,2944.91
3,6,3,5,4,2.03,1,284,-1,5056.19
1,4,1,16,3,2.22,0,291,9,2015.53
1,3,3,21,4,12.07,0,87,-1,2201.41
1,6,2,7,5,11.46,0,170,26,4481.58
1,3,1,6,3,1.83,0,307,11,3051.12
4,5,2,9,5,10.12,0,308,-1,5645.99
1,3,6,7,3,9.26,0,67,-1,2147.49
1,1,2,3,3,10.79,0,132,22,1942.56
1,0,3,11,3,7.27,0,82,-1,1500.0
1,5,6,12,4,4.27,1,175,-1,4580.74
3,5,3,21,3,10.06,0,111,12,3762.5
1,0,2,11,4,5.76,0,256,-1,2330.38
3,5,3,2,4,3.52,1,354,14,5567.92
4,3,3,1,4,6.31,1,257,-1,4562.85
2,4,3,2,4,11.52,0,190,-1,2623.66
1,2,4,14,4,7.29,0,58,-1,2416.25
2,3,6,13,5,4.71,1,261,25,5515.81
2,6,6,5,4,12.53,1,103,-1,4336.02
4,6,6,2,3,13.26,0,229,5,3144.35
2,4,2,19,4,6.67,1,211,-1,3302.35
3,4,5,17,4,5.81,1,338,-1,5576.1
2,5,2,11,4,9.31,0,175,21,2404.48
2,1,6,16,,1.15,0,47,-1,4502.89
2,1,1,20,5,10.46,1,119,15,5004.12
1,5,3,18,3,11.8,0,343,13,3116.78
1,5,3,20,4,6.14,0,328,-1,4672.66
3,0,5,8,4,2.87,0,31,-1,4981.05
3,0,1,2,5,0.72,0,359,8,6430.64
1,2,4,17,4,9.67,0,252,20,2378.5
3,2,2,11,,4.25,1,260,-1,4975.21
1,2,4,14,,7.12,1,84,5,4535.92
4,2,1,16,4,5.98,0,16,26,2790.45
2,4,5,15,4,2.87,0,23,12,1500.0
2,4,1,15,5,7.77,1,346,15,4925.9
3,0,5,3,5,7.06,0,111,-1,5164.49
1,1,4,7,3,9.47,1,81,-1,2127.13
1,5,4,12,4,4.0,1,341,26,3757.22
3,6,1,3,4,3.46,1,5,-1,4925.14
1,1,1,19,5,12.27,0,283,-1,3920.96
4,3,3,10,5,10.62,0,105,27,4931.71
2,4,5,8,4,11.65,0,147,1,2505.28
3,2,3,16,4,2.11,0,207,-1,4994.67
3,2,2,16,3,3.59,1,146,-1,3305.09
1,3,2,12,4,8.76,1,7,16,3111.98
3,1,1,5,,12.9,1,273,25,4210.89
4,2,4,20,4,13.41,0,292,-1,3717.12
1,1,2,6,4,12.53,1,188,-1,3778.93
1,5,2,6,4,0.94,0,172,-1,3481.9
1,3,3,8,5,12.37,1,222,13,5463.18
1,6,3,17,3,13.52,0,37,-1,2040.51
4,1,2,12,4,1.13,0,1,-1,4244.41
1,5,1,14,4,6.42,1,223,-1,3690.59
3,1,3,2,4,8.19,1,58,-1,4005.28
4,1,2,19,4,3.72,1,74,-1,4091.08
2,2,4,6,3,7.9,0,132,-1,1500.0
2,0,3,18,,13.32,1,361,-1,2338.24
3,4,2,4,3,13.04,1,220,-1,3134.65
3,1,5,5,3,14.12,1,211,22,2973.44
4,1,3,6,4,7.42,0,147,-1,3609.94
2,1,5,15,,6.34,1,81,7,3215.7
2,0,3,6,4,10.09,0,184,-1,2726.8
2,5,3,8,3,6.43,0,336,-1,3099.77
2,6,6,9,4,0.92,0,67,-1,3664.25
2,6,6,21,4,10.88,1,274,0,4366.13
1,3,5,6,4,4.43,0,248,-1,1500.0
3,2,1,2,4,1.02,0,252,-1,4455.5
1,0,2,16,5,0.6,1,86,-1,5962.96
2,5,1,20,,13.99,0,282,-1,2604.7
4,1,1,1,4,4.01,0,115,16,3270.39
4,5,6,16,,6.88,1,169,-1,4751.32
2,0,2,1,3,14.27,0,251,-1,2043.64
2,0,6,1,4,7.17,0,300,11,1867.62
4,0,6,7,3,1.46,0,333,-1,2591.01
1,3,6,16,5,8.41,0,323,7,3751.32
1,4,4,17,3,1.6,0,195,-1,3293.31
2,2,1,16,3,1.7,1,342,22,1959.89
1,3,1,16,4,12.82,1,35,-1,2768.38
4,3,1,6,4,4.55,0,229,-1,3883.93
1,4,4,18,4,10.28,0,132,-1,2797.64
2,3,3,3,3,7.78,0,282,-1,1500.0
4,0,5,8,5,3.57,0,164,-1,4314.85
1,0,5,4,5,7.91,1,26,24,4218.36
3,5,4,4,4,1.31,0,94,-1,4980.45
4,1,1,17,4,5.4,1,331,-1,3814.26
4,3,5,5,4,7.99,1,174,-1,3930.19
3,1,4,14,3,3.66,1,75,-1,3516.9
3,2,6,15,4,10.0,0,127,-1,4148.91
4,6,2,12,3,1.06,0,245,-1,3209.32
3,0,5,13,5,7.43,0,277,-1,6153.86
2,5,2,18,3,10.81,1,182,-1,3214.93
2,2,1,14,4,6.62,0,330,-1,2809.04
2,5,5,19,3,13.16,0,359,-1,2018.89
4,6,4,7,4,9.59,1,51,15,4050.47
3,6,3,6,3,14.39,0,358,-1,3483.95
3,4,5,5,4,4.48,0,101,28,4310.41
1,0,5,4,3,14.1,0,255,-1,1994.88
1,2,5,18,,9.22,0,76,-1,4285.51
3,4,5,14,5,11.25,1,261,-1,6650.4
3,6,4,16,4,13.56,0,309,24,4397.32
3,2,4,20,3,8.4,0,1,29,3063.49
4,5,3,14,3,12.97,1,202,-1,3116.33
3,4,4,5,5,8.26,0,327,-1,5913.21
1,4,4,11,,9.11,0,157,13,1855.66
4,0,1,12,3,6.84,0,346,21,2226.82
3,1,1,18,,2.44,1,127,-1,4089.01
1,5,2,4,3,8.44,1,131,23,2370.68
4,5,3,13,3,14.67,0,343,25,1847.8
3,4,1,20,4,11.87,0,351,5,4220.58
3,4,3,13,4,11.29,1,41,-1,4220.77
3,0,3,4,3,9.76,0,354,-1,3018.68
4,1,5,7,4,5.41,0,169,-1,2495.75
1,5,6,2,,2.79,1,306,-1,4169.84
1,6,6,21,4,3.6,1,258,-1,4353.5
2,3,6,18,3,0.39,1,209,-1,2662.95
3,3,3,21,4,10.2,1,36,-1,4942.58
2,1,5,6,4,12.23,1,21,-1,2456.83
2,2,2,16,4,4.25,1,160,-1,3266.19
1,0,2,3,,1.65,0,229,16,2770.1
4,1,6,15,3,5.24,0,358,-1,3039.59
4,3,2,21,,4.59,1,353,29,6031.75
1,4,5,20,4,6.93,0,342,-1,2845.17
4,3,6,10,4,4.18,1,317,-1,4037.21
2,4,5,9,5,5.29,1,34,13,4609.36
3,0,2,11,4,13.64,0,284,-1,4447.2
1,4,6,14,4,5.22,0,321,-1,2551.37
3,1,5,12,3,11.85,0,305,-1,3534.31
4,4,4,7,,9.5,0,13,-1,4048.9
3,2,4,11,4,5.26,1,47,17,5044.52
4,1,5,17,4,12.32,0,299,19,3505.98
4,0,5,9,4,9.05,1,241,8,4280.8
2,1,1,13,5,0.43,0,71,-1,4775.83
4,2,1,16,4,1.31,1,258,-1,4450.33
2,0,3,3,3,11.36,0,198,-1,2812.09
2,3,6,5,4,6.86,0,97,-1,1993.91
2,2,3,17,4,6.26,0,303,13,3672.9
1,0,3,1,3,2.44,0,125,29,2775.17
1,6,2,21,5,2.61,1,159,22,5491.34
4,4,4,9,3,12.03,1,264,23,3175.2
2,1,2,17,4,12.49,0,246,-1,3529.91
1,0,6,13,,8.53,0,184,-1,2848.18
2,1,5,15,4,4.64,1,301,17,3514.22
3,4,1,21,4,14.01,1,57,6,3890.96
3,0,6,8,,9.47,0,183,-1,6988.46
3,3,5,8,4,12.01,0,270,13,4827.2
4,6,6,2,3,0.35,0,118,-1,2814.18
2,6,5,10,4,6.92,0,222,-1,4146.05
3,2,1,5,3,13.1,0,143,25,2736.56
1,0,5,16,,5.27,0,238,21,1500.0
3,4,3,19,3,10.98,0,45,6,4392.01
3,0,6,1,3,9.97,0,228,-1,2870.82
3,1,1,13,4,2.54,0,326,-1,4481.3
4,5,5,4,4,11.69,0,290,-1,3920.27
1,0,3,7,3,1.95,0,65,-1,1665.94
2,6,3,1,4,11.0,0,312,-1,3518.94
1,6,4,2,3,14.87,0,289,-1,2888.78
2,6,3,16,5,14.38,0,226,-1,4755.23
4,3,2,14,4,12.06,1,286,-1,4015.21
4,0,1,5,3,8.16,0,11,22,2172.83
4,2,1,14,,10.22,1,174,-1,4386.95
4,0,1,17,4,11.0,0,220,29,3505.66
2,5,5,12,4,0.42,0,64,-1,3727.32
3,6,6,20,3,1.8,1,128,17,3800.73
2,1,5,12,4,9.08,0,334,3,2256.65
1,6,2,3,4,0.4,0,249,-1,4477.3
4,0,6,21,3,13.66,0,194,-1,3359.76
4,3,3,21,3,7.5,0,269,11,2507.71
1,4,5,2,4,4.09,0,181,-1,1566.52
2,0,6,21,3,6.09,1,322,-1,2714.67
3,0,3,21,3,12.81,0,339,-1,2379.4
3,2,6,15,4,13.93,1,305,-1,4388.74
1,3,3,11,5,2.01,0,99,-1,5349.99
3,5,6,10,3,11.74,0,346,-1,3652.63
2,4,5,18,3,8.8,1,240,-1,2600.71
2,6,5,21,5,8.91,0,115,-1,4839.67
1,1,2,2,3,11.76,1,163,-1,2045.36
2,0,4,7,4,3.58,0,238,-1,2288.2
4,5,1,7,5,8.11,0,10,26,5527.75
1,4,5,7,5,4.99,0,166,18,4872.98
2,1,5,14,3,1.69,0,9,13,1500.0
1,5,3,2,4,1.84,0,50,-1,4344.07
3,3,4,2,3,2.31,0,287,4,3223.86
2,3,5,15,5,9.34,0,327,-1,4814.39
4,4,6,11,5,1.86,0,46,-1,4518.67
2,6,4,10,3,8.68,0,12,-1,1829.02
1,1,1,3,4,8.95,1,322,-1,3678.83
1,3,6,17,5,13.59,0,308,6,4336.32
2,4,3,9,3,9.51,1,308,-1,1584.06
4,3,2,15,,14.79,0,120,-1,2263.73
4,3,6,14,,0.76,0,297,-1,2118.97
4,5,1,19,4,10.65,0,284,-1,3846.0
1,5,6,17,5,0.69,1,244,-1,6170.22
2,3,4,20,5,11.02,1,46,28,4066.04
3,2,4,17,3,5.97,0,218,6,3932.05
1,5,1,16,3,9.29,0,285,29,2931.42
4,1,4,20,4,4.85,0,122,-1,3251.93
2,4,6,8,4,2.64,1,13,-1,2224.3
4,4,2,7,4,10.94,0,252,13,3874.55
3,6,6,12,4,13.6,1,78,-1,5164.76
4,1,2,1,4,3.0,1,237,5,3905.88
4,1,4,12,3,13.83,1,314,29,2665.76
3,1,6,6,4,2.36,0,109,2,4892.45
2,6,4,16,5,11.11,1,361,-1,5716.27
1,1,2,18,3,14.4,0,63,-1,1500.0
2,0,4,19,4,2.47,0,43,-1,2070.97
3,6,5,3,3,6.7,0,269,12,3420.62
4,4,3,3,4,5.26,1,90,23,3622.8
2,0,6,5,4,6.01,0,238,-1,3301.42
1,6,5,3,4,11.37,1,299,-1,4600.29
3,3,4,19,5,10.02,1,316,-1,7065.19
2,3,4,5,4,14.54,1,257,15,4186.54
1,4,3,14,4,3.03,0,242,-1,3032.2
3,3,4,21,3,8.29,1,78,-1,3806.48
1,1,3,16,,6.9,0,329,7,3060.67
3,6,6,1,3,13.81,1,237,-1,4136.94
4,0,2,17,5,0.46,0,264,-1,5854.43
2,1,3,11,3,14.84,1,188,14,2499.15
1,3,3,9,3,7.35,0,194,14,1858.34
3,5,5,21,3,9.5,1,165,0,3874.39
1,0,4,4,5,5.59,0,197,24,3931.16
1,1,6,2,4,12.83,1,67,-1,2516.61
2,6,2,9,3,8.56,0,194,2,2838.12
4,4,1,5,3,10.04,1,236,13,2493.72
1,1,3,4,4,9.84,0,157,-1,2609.83
3,5,1,5,3,5.65,1,227,-1,4647.93
3,3,4,18,4,1.42,0,61,3,4318.84
4,0,3,13,3,12.17,0,134,-1,2080.5
3,4,1,5,4,4.56,1,159,-1,4689.92
4,0,5,19,3,12.78,1,106,27,1806.02
3,4,1,3,4,9.25,1,329,-1,4589.94
2,6,5,18,4,5.5,1,242,14,4682.07
1,0,2,6,3,9.04,0,242,8,1992.35
2,3,4,6,4,9.79,0,100,-1,2544.48
1,6,6,5,4,10.69,0,224,0,3471.57
1,6,1,1,3,12.39,0,281,-1,2048.31
1,4,3,8,4,2.65,0,42,-1,2143.66
2,2,4,1,4,14.18,1,364,25,3243.93
1,0,1,21,4,6.34,0,317,-1,2884.05
2,0,3,6,,12.95,0,22,-1,1500.0
4,1,3,20,,3.54,0,63,-1,2778.89
3,4,6,14,3,0.73,0,327,-1,3237.8
3,5,6,11,4,8.73,0,182,-1,3614.37
1,2,3,2,4,5.07,0,143,-1,3025.21
2,3,6,21,4,14.77,1,119,-1,3430.55
3,1,3,4,4,1.84,0,264,-1,4628.65
2,2,1,13,,1.0,1,259,-1,2704.2
2,4,2,7,,0.96,0,38,-1,4247.52
1,2,6,6,3,3.49,0,299,-1,2403.82
3,6,5,3,4,8.81,0,296,-1,4533.85
1,0,5,9,4,7.73,1,268,5,4050.45
1,6,5,14,5,5.45,1,75,-1,5593.46
3,0,2,20,3,1.61,0,279,27,3595.62
3,1,3,11,,3.74,0,47,3,4009.81
4,4,3,5,4,3.01,0,204,19,4113.29
4,4,4,14,,11.26,0,98,-1,4327.18
2,2,5,19,5,11.77,1,287,-1,5446.69
3,1,5,8,3,11.72,0,276,-1,3631.83
4,4,3,7,4,14.54,0,158,27,3432.99
2,5,5,7,4,13.3,1,319,-1,3832.0
2,5,3,3,3,7.62,0,162,-1,2676.41
2,6,3,3,3,6.4,1,143,-1,3083.94
4,0,6,18,5,13.76,1,167,-1,4671.39
3,2,3,13,4,9.29,0,89,-1,3514.85
1,3,1,1,3,4.63,0,37,13,2878.89
2,0,1,5,3,8.6,0,258,-1,1603.05
4,1,1,4,3,14.88,1,164,-1,2599.37
4,4,1,16,,12.79,1,99,-1,3913.69
1,0,2,15,4,4.43,0,257,-1,2724.32
1,3,4,18,4,14.31,1,258,-1,2414.41
4,3,4,17,3,14.73,1,103,-1,2472.7
3,5,3,14,4,3.7,0,174,-1,4893.09
1,1,5,14,3,13.47,0,105,10,1500.0
4,0,1,19,5,13.28,1,110,-1,4570.23
1,2,4,6,3,0.88,0,345,18,2432.07
3,0,4,13,4,10.14,1,26,-1,3746.31
2,5,1,18,4,4.79,1,37,-1,3966.54
1,6,2,15,4,10.22,0,171,-1,2694.57
3,3,2,7,3,13.73,1,7,-1,4010.43
4,1,4,19,4,7.63,0,22,3,3047.61
1,1,2,17,5,6.39,1,133,-1,5271.92
1,2,6,9,3,13.85,0,58,11,1801.97
4,1,1,11,3,14.62,1,57,11,2315.42
2,5,4,5,4,1.21,1,255,-1,4877.12
4,5,1,2,3,13.87,0,281,9,3200.1
1,5,2,15,4,1.52,0,334,-1,4532.73
4,1,1,12,3,5.26,0,174,26,2191.85
3,1,2,10,,11.51,0,95,12,4055.01
4,5,2,10,4,11.72,0,146,-1,3196.06
1,1,1,20,3,10.97,1,116,-1,1527.95
4,1,2,11,4,0.87,1,239,-1,4573.73
2,3,6,10,4,2.25,0,354,-1,3438.99
4,0,3,7,,14.06,1,153,-1,1837.16
2,4,1,14,,1.5,0,307,5,3249.95
3,1,3,13,4,1.45,1,332,-1,4590.52
2,4,1,5,3,12.58,0,302,-1,1500.0
4,6,2,19,5,9.73,0,199,13,5727.09
1,4,2,10,4,5.47,0,13,0,2394.37
2,3,4,8,3,2.74,1,153,-1,2492.04
3,1,6,18,,13.3,0,46,-1,5115.07
2,5,4,1,4,14.83,0,247,-1,3005.37
2,4,3,5,4,1.03,0,93,14,3571.03
2,1,2,11,3,8.45,0,231,-1,2240.68
3,2,4,20,4,4.14,0,105,-1,4000.04
4,6,2,11,4,12.54,1,227,28,5142.68
2,5,1,16,4,5.39,0,257,7,3320.79
2,2,4,10,3,10.81,0,157,-1,1500.0
1,2,3,15,,8.23,0,279,7,1500.0
3,4,4,7,4,8.26,0,244,22,4099.74
2,2,2,15,3,12.91,0,81,-1,1500.0
3,3,5,16,4,7.21,0,22,11,4017.68
2,3,5,6,4,12.73,0,116,-1,1925.54
4,4,6,11,5,5.64,0,69,-1,4444.5
4,1,2,17,4,2.87,0,365,-1,3618.47
2,0,1,15,3,7.0,0,74,-1,2061.76
4,1,4,16,5,7.63,0,134,-1,4786.14
2,1,5,2,5,7.33,1,224,-1,5544.92
4,1,1,4,4,12.18,1,137,8,3341.49
1,1,2,19,3,8.6,0,340,-1,1772.03
1,5,1,6,4,13.36,0,200,0,4177.81
1,0,2,18,4,7.86,0,239,-1,3327.84
3,5,6,21,3,3.6,1,24,-1,5133.76
3,2,4,11,4,2.2,0,216,-1,5750.26
1,6,1,9,4,13.06,0,279,-1,2985.49
3,1,4,3,4,1.13,0,11,-1,3609.81
4,6,1,2,4,2.03,0,198,-1,4666.82
2,3,2,18,,1.24,0,133,19,2982.57
2,4,2,15,4,6.53,1,314,-1,3020.14
2,4,1,18,4,8.13,0,82,15,2729.86
1,5,6,19,3,0.59,0,327,7,2973.01
3,5,2,15,4,7.88,1,35,-1,5551.17
4,3,3,17,4,6.09,0,316,-1,3832.28
4,1,3,18,5,11.67,0,230,25,5111.78
1,6,4,18,4,12.5,0,99,-1,3508.48
4,6,3,11,3,10.37,0,198,11,1805.35
4,0,3,18,5,7.26,1,192,-1,5810.39
4,2,6,3,4,3.48,0,169,12,2825.82
4,4,6,13,,12.75,1,141,3,4836.08
3,2,5,14,3,5.32,1,247,-1,4207.89
4,0,5,4,4,5.54,0,320,29,4017.94
2,5,6,18,3,13.77,0,11,-1,1940.82
1,6,5,5,5,14.64,0,210,-1,4909.6
3,4,6,14,5,13.5,1,269,-1,5972.2
4,2,5,12,4,14.97,0,322,18,3052.24
3,5,2,7,3,13.07,0,114,-1,3565.2
4,0,6,12,3,10.65,1,354,-1,3130.24
2,2,4,8,4,4.62,0,322,-1,3776.12
1,6,4,21,4,14.31,0,269,21,2645.27
4,1,6,21,4,13.19,0,300,-1,3684.64
4,5,3,3,4,3.84,0,136,-1,4600.23
4,0,4,1,4,7.49,0,156,-1,3311.06
4,2,3,3,3,1.33,1,60,3,4503.47
1,6,4,11,4,14.31,0,288,-1,3258.13
1,1,1,18,4,8.72,0,327,-1,2556.96
2,1,1,7,5,3.9,0,167,-1,5518.81
1,0,6,9,,4.6,1,357,-1,2690.42
4,3,4,4,4,14.72,1,22,14,2476.13
2,6,2,10,3,9.35,0,58,-1,2730.7
2,6,3,18,5,6.48,0,355,-1,5409.06
2,4,4,16,3,7.65,1,311,-1,1773.95
4,0,6,12,4,1.75,0,170,-1,3822.34
3,1,3,19,5,1.4,0,83,-1,5766.58
4,1,5,3,,9.01,0,247,-1,2402.99
1,0,6,8,4,7.83,0,313,-1,3236.46
1,3,4,19,3,5.58,0,133,-1,2214.75
4,4,2,9,5,8.62,1,287,-1,4722.73
4,2,5,19,3,1.37,0,192,-1,1995.39
2,0,6,17,3,14.18,0,187,-1,1500.0
4,4,4,13,3,4.62,0,151,-1,2217.07
2,6,1,2,3,1.36,0,156,8,2481.61
1,4,4,4,5,2.79,0,7,10,4051.84
2,5,1,11,4,1.7,0,268,-1,4532.72
4,1,1,2,4,2.93,0,62,-1,3097.53
1,2,6,4,5,6.43,0,24,-1,3504.03
3,0,4,4,3,11.15,0,156,-1,2876.53
2,1,4,20,3,4.3,1,186,1,2720.35
1,5,1,1,4,6.71,0,316,-1,3195.29
2,5,3,11,,13.95,1,87,-1,2997.9
1,1,5,2,4,4.65,0,124,-1,3275.3
1,3,2,19,3,11.98,0,242,-1,1500.0
2,4,4,8,4,2.62,0,25,4,2378.62
3,0,5,20,3,2.92,0,83,-1,2913.2
1,0,5,4,3,7.01,0,195,-1,1881.72
1,0,3,16,3,3.74,0,277,17,2388.58
1,1,5,15,,13.57,0,134,-1,2472.27
3,6,4,5,,1.05,0,317,1,5532.24
3,3,6,5,4,9.08,1,117,9,5555.57
4,2,6,15,5,9.18,0,265,-1,4672.16
2,5,5,17,5,1.27,0,286,-1,4743.82
3,1,4,3,4,11.07,1,25,17,4695.3
2,6,4,18,5,7.19,0,182,-1,5198.69
4,2,1,11,5,10.93,1,238,-1,5200.43
2,5,3,6,4,12.46,1,108,17,3495.44
3,5,2,12,4,5.05,0,89,-1,5203.15
2,3,1,17,,7.42,0,280,-1,5135.55
3,4,2,14,4,4.13,1,119,20,5544.2
2,0,4,6,3,3.26,0,179,-1,2891.66
3,2,6,10,4,0.31,0,17,-1,4839.5
3,1,1,16,,14.47,0,151,-1,3508.49
2,2,5,18,4,6.78,0,107,29,2954.55
4,4,5,20,3,0.49,1,142,-1,2786.0
1,0,2,6,3,0.43,0,263,-1,3206.21
4,2,4,19,3,4.54,0,42,13,2041.28
2,4,6,3,5,0.5,0,216,-1,4626.63
4,1,2,12,3,5.81,0,23,29,2494.26
3,3,6,16,3,1.23,0,249,3,3800.04
1,6,3,3,3,0.88,1,101,25,2702.03
2,5,6,16,4,10.14,1,320,-1,4720.97
2,1,5,4,5,13.63,0,25,-1,3583.62
2,0,1,20,3,6.32,0,329,-1,2580.4
1,5,1,13,3,12.6,0,153,-1,2197.17
3,6,1,4,4,0.73,0,321,-1,5565.26
2,1,6,4,4,11.73,0,269,20,2480.06
4,1,5,7,3,1.22,1,128,-1,3229.85
2,1,6,21,4,12.63,0,93,4,2118.38
2,1,4,12,4,13.27,1,36,1,4427.21
2,5,5,2,4,11.85,0,273,-1,4017.32
2,0,5,16,5,12.37,1,157,-1,4934.02
3,6,6,7,3,8.55,0,154,-1,3297.18
4,4,6,19,3,4.19,1,187,-1,3525.55
3,2,1,11,5,9.76,1,112,19,6220.38
4,3,5,1,5,6.76,1,29,-1,4870.74
2,6,1,9,3,0.38,1,244,23,4622.6
1,2,4,5,5,7.31,1,99,-1,4030.99
3,2,3,17,4,9.87,0,20,-1,3601.63
1,3,1,1,3,0.5,0,17,14,1969.13
3,6,6,17,4,9.43,0,161,-1,5560.31
2,5,2,12,3,9.89,0,158,8,2059.51
3,0,3,13,3,2.62,1,9,-1,3316.14
2,3,4,11,3,6.64,0,360,29,1666.55
3,0,6,13,,14.48,0,249,-1,3768.79
2,5,3,13,,13.3,0,3,-1,4741.91
2,2,6,6,4,6.34,0,14,8,2370.63
4,0,1,6,4,5.44,0,52,-1,2946.93
2,5,6,20,4,2.12,0,186,-1,3911.86
4,5,4,21,4,0.82,0,54,-1,3596.8
2,4,2,10,4,4.67,0,232,-1,3558.67
1,3,1,19,4,14.12,0,155,-1,2201.97
2,4,1,3,,14.39,1,138,-1,2435.23
1,2,4,7,4,12.24,1,161,4,3029.31
1,3,4,5,,5.46,0,249,-1,3219.79
2,2,3,8,3,2.41,0,124,24,1726.78
1,4,2,5,3,9.05,0,115,-1,1500.0
4,6,6,12,4,9.8,1,349,-1,4739.93
3,5,3,4,5,6.54,0,218,-1,5904.99
2,2,6,19,4,10.47,1,280,-1,3344.28
1,3,6,18,5,11.28,1,239,-1,4654.56
2,3,6,3,3,11.81,1,101,9,2320.73
4,2,3,7,4,7.68,1,39,-1,3823.48
2,3,1,8,4,11.94,1,92,-1,3185.49
2,5,4,15,4,0.67,1,190,0,3916.09
1,6,1,21,,10.3,1,10,25,6138.45
4,5,2,17,5,3.76,0,187,23,6102.02
3,3,3,19,4,4.28,1,191,2,4355.98
3,2,2,4,4,1.64,1,245,-1,4577.88
1,4,4,16,,3.13,0,131,-1,4337.82
2,3,4,13,4,14.88,0,329,17,2298.12
1,3,5,12,5,6.41,1,309,26,5732.44
1,3,2,4,5,13.94,0,335,-1,4404.64
1,3,1,12,4,2.69,1,55,20,3284.15
2,2,2,17,,3.3,0,349,11,2731.22
4,4,3,9,,8.5,1,354,-1,3472.11
1,4,4,12,3,5.44,0,43,-1,1500.0
2,0,4,15,4,9.77,0,208,-1,2456.77
4,3,2,20,3,6.5,1,260,-1,2327.92
1,3,2,2,4,12.23,0,194,-1,2461.34
3,0,6,9,5,6.64,1,79,-1,6990.26
4,4,2,14,3,8.71,0,67,-1,1972.69
1,1,6,4,3,5.02,1,136,2,1986.2
4,5,3,4,4,10.65,0,3,-1,3664.29
4,1,3,6,4,9.92,0,340,-1,3164.18
4,4,1,5,,6.14,1,116,-1,3840.44
4,6,2,17,4,4.36,0,94,-1,4530.51
4,3,1,13,,9.33,1,208,-1,2480.38
4,1,5,20,3,14.16,1,15,19,2021.57
1,2,3,17,5,2.25,0,110,19,3836.29
3,2,4,19,,12.05,0,325,-1,3716.66
2,0,6,1,4,8.28,0,221,-1,3768.9
4,4,5,21,5,8.03,0,270,-1,4858.4
2,4,4,17,,14.44,0,362,-1,4400.83
1,1,5,3,3,9.21,0,158,19,1652.68
4,3,1,14,4,12.51,1,93,-1,3044.5
3,4,1,12,,7.86,0,335,-1,4179.14
2,1,6,15,4,3.97,0,299,25,3173.99
4,1,3,6,4,10.51,0,163,-1,3352.1
1,5,6,20,4,13.87,0,295,-1,3133.6
3,5,4,2,3,12.67,1,318,-1,5459.5
2,4,5,4,,3.22,0,254,-1,2730.12
2,1,6,13,4,4.96,1,318,6,3399.28
4,0,2,13,4,7.9,1,272,5,4128.11
3,0,2,17,3,8.7,0,37,-1,2361.34
3,5,3,6,3,3.15,1,181,-1,4571.71
3,4,6,11,5,3.68,1,186,-1,6437.45
3,3,4,19,,11.45,1,24,-1,3552.58
1,6,2,16,3,11.04,0,332,-1,3466.92
3,0,3,8,4,12.64,0,141,13,3917.32
2,0,6,1,4,14.01,0,123,-1,2168.32
2,5,3,10,3,4.83,0,24,23,2745.5
1,5,4,2,4,12.94,0,290,-1,3698.18
2,4,2,19,4,10.09,1,334,19,3185.44
2,5,2,14,4,14.38,0,174,-1,3369.34
3,2,2,3,,4.3,0,231,21,6210.63
2,6,1,9,3,4.26,0,144,8,2345.33
1,1,2,8,,10.65,0,344,-1,2621.8
3,0,5,11,3,13.95,0,22,-1,3126.07
4,2,1,15,4,12.42,1,223,1,4133.07
3,3,6,6,4,10.99,1,121,12,3954.62
1,2,1,2,3,5.99,0,222,-1,2387.01
3,4,1,1,4,10.85,0,229,-1,4525.14
3,3,1,3,3,12.08,1,16,-1,3097.17
1,3,3,18,3,11.37,0,284,-1,2469.45
3,5,5,14,4,10.25,0,1,-1,5448.29
1,2,4,17,4,0.99,0,266,2,3083.49
1,4,2,2,3,10.0,0,15,-1,1500.0
4,0,1,19,5,7.33,1,336,11,5276.96
2,6,4,9,3,14.44,1,20,-1,2592.32
2,5,3,8,3,9.23,0,250,-1,1882.1
3,2,4,10,3,9.24,0,276,-1,2970.18
3,0,1,9,3,14.91,0,5,-1,2814.88
4,2,6,8,3,1.68,0,301,-1,3245.09
4,5,5,7,,4.36,1,236,-1,4464.67
4,0,4,6,4,9.94,0,22,28,2408.44
1,5,1,2,4,4.93,0,313,20,3885.27
4,2,1,9,5,5.39,0,184,-1,4653.35
4,3,2,9,4,13.42,0,223,-1,3373.16
3,6,6,19,,8.82,0,38,-1,3793.3
4,1,2,9,3,1.81,0,30,28,1962.45
1,6,6,2,3,4.87,1,1,-1,3079.86
1,3,5,19,4,1.42,0,341,21,3880.11
3,5,2,16,3,8.48,1,164,-1,3848.52
4,6,5,14,,2.85,1,299,7,5061.54
4,5,3,20,4,12.9,1,126,6,3846.75
1,5,3,1,4,8.79,0,318,-1,3478.84
4,0,6,13,4,1.17,1,74,-1,3697.54
4,4,6,2,3,4.72,1,308,28,2403.33
4,5,2,14,3,9.36,0,75,-1,3406.04
2,6,3,1,4,5.23,1,349,0,4796.41
3,6,4,15,3,7.84,0,274,5,3318.94
2,6,4,18,3,13.67,1,300,5,2677.96
3,3,4,9,4,5.45,0,234,12,4393.55
1,1,3,8,4,5.24,1,54,28,3902.32
4,5,4,7,,12.35,0,198,-1,3155.54
3,5,5,9,,4.99,0,28,-1,5265.06
2,5,1,9,5,1.45,0,303,27,5025.12
4,0,6,11,4,2.96,0,327,18,4131.16
1,5,2,4,3,14.25,1,62,29,2755.64
3,3,5,7,4,14.02,0,148,-1,3356.7
3,2,4,21,4,3.6,0,312,-1,4404.56
3,4,1,7,4,8.44,1,268,-1,4868.06
4,6,2,4,4,2.32,0,154,-1,3470.01
2,5,5,12,4,10.22,0,195,-1,4099.18
2,0,2,17,4,3.02,0,343,1,2669.92
3,3,6,20,3,1.03,1,104,22,3934.42
1,5,3,3,,12.43,1,264,-1,5220.05
1,0,4,9,4,5.08,1,73,-1,2792.15
2,2,5,5,3,1.9,1,74,-1,2160.37
1,1,5,20,3,12.56,0,96,-1,1703.72
2,5,1,16,5,11.51,1,240,-1,5045.71
3,3,1,8,4,10.35,0,138,-1,3722.22
2,0,1,21,,13.7,0,108,18,3131.02
2,0,2,16,5,7.49,0,27,-1,3730.32
3,5,4,19,5,2.18,0,101,-1,6720.04
1,0,2,16,4,1.2,1,349,26,4073.44
2,1,4,18,3,4.98,0,118,-1,1798.2
2,0,5,15,3,1.58,1,71,17,1500.0
3,6,2,18,,8.17,0,26,19,5080.13
1,4,2,14,4,0.51,0,149,28,2578.0
2,6,2,16,,6.82,0,169,-1,3662.45
3,4,3,5,4,2.92,0,159,-1,4275.55
2,0,6,8,4,5.71,1,141,-1,3055.76
4,5,4,16,3,10.22,1,153,-1,4343.61
3,4,4,21,,5.46,0,249,-1,3402.42
1,3,2,1,4,5.32,0,182,-1,2951.75
1,4,3,11,3,14.86,0,202,8,1703.6
1,6,2,11,4,10.87,0,70,-1,2603.76
1,0,4,2,4,7.85,1,182,-1,3272.31
2,5,6,19,5,8.82,0,172,2,4864.4
2,2,6,5,5,9.42,0,29,-1,4136.34
1,5,5,3,,0.66,1,321,5,4353.24
1,5,3,8,,1.48,0,354,-1,3431.48
1,5,6,4,,9.84,1,153,-1,3113.24
2,3,3,13,4,5.66,1,88,-1,3686.34
1,1,2,14,4,1.12,0,220,-1,2842.71
1,6,5,1,4,4.67,1,310,-1,4946.69
4,0,4,5,4,2.22,1,357,-1,4147.73
4,1,6,21,,13.77,0,320,-1,1636.13
1,2,6,7,5,3.28,0,24,-1,4319.49
3,1,1,6,3,2.41,0,97,-1,2759.15
1,0,4,15,,9.5,1,41,21,4830.89
4,6,6,15,,7.97,0,299,-1,4353.77
3,6,6,8,4,8.77,0,68,27,4329.94
3,0,4,2,,6.71,0,360,14,2855.65
1,2,5,14,,7.17,0,263,-1,1500.0
4,0,3,16,5,11.75,0,361,0,4515.14
4,2,4,10,5,3.53,0,62,-1,4530.81
3,2,3,15,4,6.13,0,205,-1,4349.86
1,0,5,4,4,14.38,1,147,-1,2431.99
2,4,5,12,4,3.09,1,328,-1,4162.23
2,6,2,10,4,4.62,0,254,11,3512.78
4,2,1,2,4,3.12,1,250,23,4778.53
2,0,5,4,4,0.6,0,260,24,3023.08
4,4,5,20,5,4.27,1,128,-1,4930.9
4,6,3,6,4,0.98,0,10,-1,4030.98
4,2,5,14,4,2.57,0,16,-1,3188.7
2,6,4,3,,5.63,0,67,-1,6125.95
4,4,2,15,4,0.6,0,4,29,2603.58
3,6,2,1,3,11.37,1,205,-1,5138.62
1,3,4,19,3,12.0,0,81,-1,1620.38
1,5,6,1,4,6.35,0,66,-1,3380.52
4,3,5,13,5,14.77,1,244,-1,4423.12
1,4,1,8,,10.28,1,266,-1,5470.05
2,2,5,18,4,11.23,0,238,5,2043.17
2,0,2,3,3,3.13,0,230,10,2303.86
1,1,1,18,3,12.61,1,227,-1,1696.79
2,0,6,20,4,14.19,0,152,-1,2846.35
1,6,3,9,5,3.77,1,41,25,5202.19
1,1,3,6,,10.39,1,290,-1,4996.8
1,1,5,20,3,11.28,0,78,-1,1500.0
4,6,5,2,4,4.79,1,58,-1,4116.33
1,6,1,4,4,7.28,0,116,-1,2682.88
4,2,1,18,3,1.73,1,248,0,3689.31
1,4,6,7,4,2.84,0,47,0,3111.34
1,0,5,11,5,1.21,1,212,-1,4890.56
1,4,2,5,3,8.53,1,258,-1,2174.43
2,3,3,8,5,9.49,0,23,-1,3360.54
4,2,6,11,3,13.77,1,235,25,2163.07
4,2,1,20,3,8.27,0,196,10,2418.63
1,3,2,20,3,4.13,1,356,20,2031.87
1,0,5,15,5,1.17,1,32,-1,4917.93
2,5,4,3,4,13.31,1,325,27,4270.22
2,3,1,7,4,7.34,1,174,-1,3217.12
2,0,6,8,,11.14,0,52,-1,1759.63
4,1,4,11,4,0.52,0,172,-1,3459.98
4,6,2,10,5,7.48,1,210,-1,7046.57
4,2,3,20,,5.09,1,312,-1,4768.71
1,0,2,9,5,0.75,0,212,-1,4608.65
4,4,3,15,3,11.7,0,197,-1,1971.99
3,6,2,20,4,7.84,0,295,14,5605.52
3,4,1,5,4,5.2,1,2,-1,4527.04
2,6,1,15,5,12.15,1,48,-1,4444.66
4,2,6,4,3,6.87,0,13,-1,2400.19
3,3,4,5,4,0.35,0,205,-1,4370.51
2,5,2,15,,14.18,1,193,20,3670.0
4,3,2,17,,4.06,1,280,-1,4103.5
1,0,4,8,3,12.51,0,259,-1,1500.0
3,3,5,19,3,12.3,1,246,-1,4042.69
1,2,6,9,,2.69,0,62,-1,4716.06
4,0,2,10,4,7.27,1,54,13,3993.22
3,1,6,5,4,0.89,1,257,24,5898.91
4,3,2,10,5,5.51,1,22,-1,5185.65
1,3,2,1,3,11.05,1,107,-1,1567.98
3,5,5,4,4,3.78,0,175,-1,4628.02
1,0,1,21,5,2.02,1,14,10,4369.9
4,4,6,5,5,7.75,1,306,13,4679.71
4,3,4,7,4,8.19,0,151,-1,2562.21
1,2,6,5,4,10.23,0,275,26,3049.77
3,3,5,20,4,11.46,0,311,-1,4148.39
1,5,3,8,,10.53,1,37,-1,5624.31
4,1,3,17,,12.73,1,280,29,2963.43
1,5,5,1,4,3.58,0,85,12,3367.87
4,3,5,18,,8.68,0,323,-1,3792.07
1,4,1,12,4,5.59,0,79,-1,3400.14
3,6,6,3,4,14.44,0,319,20,6061.84
3,3,6,20,,6.77,0,170,-1,5101.89
1,0,3,14,,14.41,1,70,-1,2740.9
1,3,4,16,5,11.61,1,87,-1,4546.2
3,4,6,18,,10.86,0,56,-1,4007.65
4,0,2,10,3,7.53,0,166,-1,1842.55
3,2,2,15,5,6.82,0,118,-1,6457.91
4,0,1,10,3,8.04,0,284,-1,2947.25
1,5,1,1,4,4.62,1,235,-1,4991.42
1,1,3,19,5,13.6,0,319,-1,3510.05
4,5,4,2,3,11.98,0,302,-1,2632.38
1,6,4,13,5,12.08,1,19,-1,5325.15
4,0,5,16,4,6.67,0,6,-1,2568.06
2,2,1,8,4,1.35,0,209,-1,3221.19
3,3,6,3,4,10.34,0,237,-1,3619.21
2,0,2,21,4,5.8,0,349,13,2377.01
4,5,6,19,,13.1,0,113,-1,5945.47
3,0,2,14,3,11.77,1,308,-1,4950.35
4,0,3,11,,2.44,1,157,-1,4351.17
3,0,2,12,3,9.15,1,321,-1,3533.56
3,2,6,11,3,10.48,1,126,13,3418.56
3,4,6,11,4,8.65,1,202,-1,5120.93
3,4,4,21,4,7.86,0,223,5,4778.7
4,0,4,18,,3.65,1,69,4,5319.17
3,2,1,10,4,3.77,0,347,8,5024.04
3,2,6,16,4,11.59,0,119,16,4015.28
2,6,3,8,3,0.57,1,152,21,2823.78
1,0,2,6,5,11.75,1,22,-1,4640.98
1,5,1,19,3,8.04,0,139,-1,2979.97
2,5,5,13,4,14.06,0,111,-1,3283.84
2,1,5,15,4,14.96,0,137,22,1820.26
4,0,2,13,4,10.05,1,179,-1,3558.61
4,1,2,1,4,6.36,1,118,1,3361.94
4,5,2,21,,7.28,1,129,-1,3930.96
2,5,4,2,3,3.3,1,187,-1,2928.25
2,0,2,13,4,1.76,0,80,-1,2512.08
3,1,5,2,4,8.81,0,200,9,4509.68
4,1,2,11,4,12.14,1,326,-1,4406.65
4,0,6,13,3,4.15,0,73,11,2772.86
4,6,3,10,4,6.47,0,277,-1,4484.85
1,1,5,15,3,8.46,1,125,-1,2511.38
3,6,3,1,3,13.65,1,155,-1,4766.06
4,3,5,14,4,2.34,0,182,-1,4318.54
4,5,1,10,4,3.78,1,105,-1,4575.84
4,4,6,18,3,13.8,0,333,-1,1833.12
1,6,5,11,4,0.88,0,146,-1,4740.43
1,6,6,7,5,9.94,0,0,-1,5108.16
2,6,5,15,5,9.7,1,183,-1,6117.53
3,2,3,3,5,5.93,0,87,29,5113.75
2,1,3,2,3,7.18,1,191,-1,3214.02
3,1,5,8,3,12.87,0,86,22,2482.62
1,2,5,8,,2.73,0,68,0,4075.09
4,1,4,11,3,3.7,0,339,19,2149.92
2,2,6,16,3,7.83,0,109,-1,1578.85
4,6,6,2,4,6.32,0,359,11,4323.43
2,0,6,5,,8.74,0,171,-1,1500.0
1,3,6,7,5,13.84,1,176,-1,4325.19
1,6,1,20,4,13.78,1,98,26,3060.86
1,3,1,13,4,3.68,0,35,-1,3140.65
2,5,2,2,,4.74,0,224,-1,6344.01
3,6,5,3,3,2.68,0,343,-1,4096.76
2,4,5,9,4,13.94,0,292,-1,2188.78
3,1,5,10,4,6.15,1,252,-1,4891.84
2,4,5,13,4,6.91,0,50,9,2524.4
2,0,6,21,3,12.1,1,292,-1,1598.34
1,3,6,13,4,7.84,1,152,-1,2365.81
4,6,1,5,5,2.06,0,341,-1,6599.5
4,0,3,7,,6.74,1,236,-1,2049.62
3,0,4,17,3,9.57,0,260,16,3322.62
4,1,6,15,3,10.87,0,135,-1,1500.0
2,0,6,5,4,9.79,1,253,22,3939.02
2,6,6,7,,2.05,1,308,-1,2814.57
1,6,3,2,,4.77,0,104,-1,4636.84
1,3,3,18,4,11.08,1,282,10,2579.31
4,6,1,10,4,13.24,1,316,29,4047.86
3,4,6,1,4,0.99,1,320,-1,4692.63
4,3,4,14,,0.92,0,83,-1,3720.5
4,1,5,19,4,9.76,1,198,-1,4040.43
4,3,6,16,4,8.36,1,44,-1,5034.82
4,2,1,19,4,2.58,0,188,-1,2652.62
2,4,1,6,3,8.36,0,49,-1,1962.91
3,2,4,12,3,14.62,0,303,12,2872.3
2,2,2,3,,9.57,0,200,-1,2182.34
3,5,1,7,4,6.9,0,174,-1,4828.75
1,6,3,3,,12.46,1,141,17,3177.61
4,1,3,17,4,3.43,1,274,-1,5119.12
2,0,5,15,5,6.39,0,189,-1,4089.8
3,2,1,19,3,8.06,1,133,-1,3077.52
1,3,5,19,4,7.72,1,100,-1,2525.19
1,0,1,11,4,13.84,0,345,-1,1853.89
4,3,4,21,,4.6,0,268,19,3233.59
3,3,6,20,4,1.13,0,356,-1,4471.18
2,0,1,2,5,13.77,0,301,0,4173.76
4,0,2,7,3,3.49,0,32,-1,2084.31
2,6,3,19,3,5.87,0,115,1,2213.14
1,3,4,7,4,8.1,1,96,-1,3176.02
2,1,6,10,4,14.65,0,40,2,2158.75
2,6,6,12,3,8.17,0,328,-1,3279.02
4,4,3,18,3,6.88,1,206,-1,3536.31
2,5,6,6,4,8.88,1,28,15,3560.77
4,4,5,20,4,14.57,1,262,-1,2921.11
1,1,4,21,5,12.32,0,94,-1,3742.25
4,6,2,8,4,2.78,1,181,-1,4818.3
4,5,3,5,3,12.11,0,10,7,3725.04
3,6,1,3,4,12.66,1,41,-1,5141.24
2,0,1,2,,10.45,0,260,-1,1640.24
1,5,1,6,4,9.96,0,1,-1,2303.26
4,3,4,7,4,6.78,1,42,21,3991.9
1,4,2,8,,9.73,0,3,16,2392.52
3,5,6,4,4,11.14,0,336,-1,5493.44
2,3,2,12,,2.11,0,94,-1,2626.6
4,6,2,12,,4.08,0,58,-1,5133.4
2,1,3,17,4,3.15,0,29,-1,3301.66
3,5,4,19,4,12.67,1,87,-1,5503.02
3,3,1,9,3,10.3,0,329,15,3053.07
1,6,3,12,3,6.93,0,219,9,2224.92
4,6,6,21,4,12.44,1,127,-1,3657.61
1,6,2,17,4,10.84,1,170,-1,3508.24
3,1,1,10,3,13.73,1,351,15,3652.13
2,0,4,19,5,1.43,0,224,19,5286.43
1,1,5,11,3,7.78,0,273,-1,2518.95
1,1,2,20,,10.69,0,164,-1,1500.0
2,4,2,13,,3.35,1,157,-1,1602.66
1,6,2,4,3,5.11,0,196,-1,2416.52
2,3,2,15,5,6.46,1,314,4,4848.78
4,5,1,12,4,11.98,1,29,-1,3914.03
2,4,4,10,,7.56,0,195,13,2609.47
4,6,3,7,5,7.55,0,168,17,5145.37
2,2,1,2,5,6.63,0,306,21,3478.26
3,1,4,21,4,3.66,0,343,11,5142.25
3,2,3,7,5,13.87,1,66,8,6137.1
4,6,2,8,4,4.97,0,183,-1,3873.39
4,4,4,21,4,8.64,0,237,-1,3316.63
3,3,2,19,4,2.49,0,201,-1,4244.78
4,4,4,6,3,6.68,0,108,-1,3076.05
2,3,6,21,4,13.59,0,217,-1,1764.99
2,3,5,8,5,14.93,0,75,12,3255.72
3,6,2,20,4,5.62,0,320,-1,5086.73
1,0,2,4,,2.56,1,1,-1,5107.12
2,6,2,20,,4.92,1,10,-1,4586.28
4,1,6,9,4,5.11,1,75,12,4213.58
1,4,1,5,4,9.77,1,91,16,3279.19
1,3,3,6,4,7.59,0,96,-1,1703.33
2,6,2,19,4,11.6,1,169,-1,3364.11
2,6,2,12,3,10.61,0,258,-1,2775.26
1,4,1,5,3,3.99,0,296,-1,2366.22
1,4,1,5,,11.83,0,304,2,3804.66
3,3,5,18,3,12.76,0,82,-1,2579.69
4,5,4,6,4,9.1,1,81,-1,4186.79
3,2,2,9,4,13.94,0,292,-1,4799.81
2,1,4,11,4,11.81,0,347,22,2755.54
3,1,1,14,4,9.05,0,222,-1,3806.62
3,5,1,2,4,13.62,1,262,-1,4981.19
3,0,5,14,5,9.13,0,37,-1,5485.39
3,5,3,19,4,7.96,0,132,-1,4173.64
4,0,6,10,4,5.54,1,60,-1,3191.15
4,0,6,5,5,13.28,0,82,-1,4441.9
1,5,6,4,5,2.1,1,204,-1,6065.28
2,1,1,7,5,7.26,1,27,16,5341.39
3,2,2,13,4,8.2,0,184,12,3891.94
1,1,5,10,3,8.45,1,129,-1,2159.24
1,6,3,10,3,9.88,1,69,-1,3558.07
1,1,6,4,5,7.74,0,206,-1,4932.79
4,1,5,16,5,4.08,0,155,-1,5610.21
3,5,1,15,4,12.9,1,36,8,4365.64
3,5,6,21,3,9.97,0,216,-1,4431.63
2,6,3,11,4,12.92,0,95,-1,2522.13
3,6,4,19,4,4.36,1,248,27,7101.75
3,5,3,21,,9.66,0,182,-1,5603.42
1,1,2,3,4,10.8,1,100,-1,3355.32
2,2,6,15,5,5.94,0,227,11,4163.48
3,0,6,16,3,12.24,1,337,-1,3862.14
4,4,4,14,4,0.34,0,2,23,3715.05
3,0,4,5,,9.05,0,70,-1,3718.71
1,6,6,17,4,9.32,0,96,-1,3373.35
4,6,2,18,,8.15,0,84,-1,2609.61
1,0,4,19,5,9.56,0,238,-1,5272.19
3,4,1,1,3,2.76,0,175,-1,3653.37
4,1,6,9,3,10.37,1,292,2,2539.92
2,2,3,21,4,5.24,0,130,-1,3132.43
2,2,3,14,4,6.95,0,176,-1,1770.5
4,0,2,20,3,5.2,0,100,1,2755.25
4,4,1,21,4,7.27,1,216,-1,3869.19
1,6,4,20,4,9.44,1,187,6,3226.95
4,3,6,21,3,12.62,1,245,8,2672.93
1,1,3,11,3,7.41,0,352,-1,2393.23
3,0,3,2,5,5.05,0,268,-1,6432.75
1,2,3,20,4,7.47,0,180,-1,2641.35
4,6,3,5,3,10.43,1,305,15,3604.72
4,5,5,15,3,5.4,0,153,-1,2443.65
3,5,2,12,4,6.39,1,180,-1,5451.21
4,4,4,14,3,8.57,0,56,27,2312.62
4,4,6,11,5,4.62,0,45,-1,5459.64
2,0,6,21,4,3.37,0,349,-1,2484.7
2,3,6,9,4,2.36,0,85,-1,2625.21
3,2,4,20,5,5.48,0,234,-1,6247.68
1,0,2,8,4,1.01,0,81,-1,1913.85
2,3,1,12,3,8.88,0,177,-1,1500.0
1,6,2,3,4,2.89,1,325,23,5277.65
4,4,3,21,4,5.85,0,92,-1,2544.43
2,5,3,15,4,4.26,0,197,6,4166.12
3,1,2,8,,9.57,0,161,20,4063.93
3,6,2,7,4,12.8,0,225,-1,5010.63
3,5,4,17,,9.61,0,192,-1,4360.85
2,2,4,12,,8.27,0,145,-1,2308.8
1,2,5,20,4,10.14,0,253,-1,2683.97
4,5,6,18,,0.74,0,282,25,4532.06
1,6,5,18,4,2.11,1,9,-1,4586.84
1,5,6,15,4,1.7,0,129,-1,3987.46
4,3,3,3,,1.74,0,314,-1,2773.91
4,0,5,19,3,4.13,0,90,-1,1916.21
2,4,5,15,3,8.12,0,62,-1,1500.0
2,3,1,16,4,1.99,0,14,-1,2271.56
2,1,2,17,,14.05,0,241,-1,2231.67
2,5,4,1,4,12.86,0,192,-1,3622.15
2,1,5,11,4,14.58,1,360,-1,3740.19
4,1,4,6,5,0.92,0,215,29,5326.63
1,3,6,9,5,12.82,1,261,-1,4298.17
2,4,5,20,5,12.11,1,220,-1,4691.37
2,6,6,16,5,13.56,1,133,-1,4816.86
1,2,5,6,4,8.06,1,293,14,3755.42
2,0,3,12,4,11.88,0,303,-1,2078.71
1,2,1,19,3,1.05,0,14,28,2386.74
1,4,6,13,4,1.42,1,327,13,4041.25
4,2,2,13,4,2.04,0,28,25,3037.63
3,5,2,4,,13.75,1,257,-1,5038.19
4,5,3,9,4,1.2,0,330,-1,4318.97
3,3,3,14,4,1.77,0,200,14,4967.26
3,1,2,14,4,13.98,0,87,1,3326.17
3,4,6,17,,1.88,0,161,-1,3685.99
2,4,2,5,4,13.09,0,23,-1,2240.37
4,2,1,19,,11.9,1,240,-1,5572.72
3,3,5,2,,0.89,0,101,8,5099.03
1,2,1,13,4,0.62,0,280,-1,2014.54
2,2,2,11,3,8.16,0,116,-1,1937.13
4,4,5,2,5,14.96,0,32,-1,4316.97
3,2,2,1,3,13.22,0,363,-1,3120.26
1,1,1,21,,4.86,0,253,-1,4423.26
4,2,1,3,,5.98,0,298,0,2501.07
4,1,6,12,4,6.0,1,16,-1,4053.21
2,4,6,7,4,11.09,1,6,-1,3791.01
4,3,1,1,4,5.31,1,26,-1,3979.94
2,5,5,9,4,2.47,0,35,-1,3273.82
3,1,6,18,4,11.28,0,270,-1,4089.9
2,3,6,20,,7.03,1,69,-1,3151.91
1,3,4,6,3,1.43,1,184,22,2904.3
2,1,4,9,4,11.91,0,227,-1,2887.47
1,4,6,8,,8.9,0,68,-1,1668.26
2,0,2,18,4,7.49,0,52,8,3411.63
4,3,5,15,3,10.2,0,236,-1,2593.22
3,3,3,1,4,7.73,1,196,-1,4303.66
1,4,6,14,4,9.83,0,1,-1,2496.44
2,4,4,18,4,13.05,0,106,-1,2949.26
2,2,5,19,4,9.32,1,145,-1,2769.39
2,4,5,19,,10.0,0,159,-1,2220.76
4,3,4,10,5,9.32,1,238,-1,5266.4
4,1,5,20,5,8.11,1,125,-1,5001.22
1,0,5,21,4,2.83,0,156,-1,2700.39
1,6,4,6,4,5.23,0,304,-1,3565.65
4,2,1,17,4,10.49,0,207,20,3901.32
1,6,6,14,3,6.55,0,202,-1,2929.88
3,1,2,13,4,6.27,1,315,-1,4506.27
3,0,3,8,5,11.46,1,126,-1,5282.73
4,0,2,10,4,0.38,1,283,-1,4152.27
1,0,1,9,4,10.28,1,341,-1,3469.36
2,5,1,5,3,7.49,0,154,-1,2554.32
3,1,5,4,3,5.84,1,135,0,3880.85
4,2,2,6,3,5.31,1,150,11,3109.08
1,2,1,6,4,2.84,0,31,-1,2750.34
4,0,2,13,,5.21,1,14,24,4444.28
2,1,1,4,4,6.05,0,346,-1,2850.85
3,5,3,8,4,6.73,1,127,4,5084.28
4,0,1,5,4,10.18,1,95,-1,2128.02
4,4,2,2,4,6.97,0,312,-1,3875.67
4,6,5,9,4,12.01,0,302,-1,3333.17
2,2,2,11,4,9.7,0,100,21,3183.83
4,6,4,20,4,3.09,0,117,28,2697.97
2,3,2,20,5,4.37,0,9,-1,4359.09
2,0,3,11,3,1.46,0,116,-1,1500.0
2,4,6,7,3,14.2,0,347,-1,1828.69
3,2,3,14,4,13.33,0,179,-1,3468.28
3,6,3,6,4,1.55,0,223,6,6230.42
4,5,1,4,,8.74,0,223,-1,2562.08
4,1,3,6,4,14.42,1,247,14,3660.66
3,2,2,3,4,11.28,1,253,-1,4846.47
1,6,6,6,4,7.53,0,318,-1,3395.89
3,1,5,3,4,3.84,0,325,-1,5051.03
2,6,3,1,4,4.4,1,136,-1,3450.57
3,1,2,21,3,11.12,0,229,25,3427.5
2,5,1,18,3,11.77,1,349,22,3371.29
4,5,1,4,3,8.07,0,40,7,2413.53
1,0,5,6,4,2.08,0,39,-1,3356.51
4,0,5,17,,14.03,1,271,-1,3488.12
2,2,2,18,4,12.72,1,251,-1,2779.45
2,5,5,6,,2.37,1,24,-1,4170.06
2,4,5,2,4,1.13,1,137,-1,2923.15
1,6,1,12,,8.18,0,8,9,3269.77
3,6,2,12,3,4.48,0,295,2,3374.46
4,6,6,4,5,4.46,0,56,5,6032.83
4,2,5,16,4,1.58,0,301,-1,4138.85
3,6,2,20,4,14.31,1,118,16,6227.12
4,3,3,10,4,12.5,0,262,10,3077.77
1,1,1,10,,1.97,0,170,-1,3191.23
4,6,6,7,4,13.19,0,359,-1,3879.22
2,1,1,14,,10.34,0,203,-1,1960.93
3,0,1,7,5,5.08,0,56,3,6631.12
1,6,4,12,4,13.11,0,144,16,3592.58
3,4,2,11,3,9.09,0,24,-1,3249.74
1,5,3,17,3,12.78,1,110,-1,1753.42
2,5,5,11,4,7.2,0,54,-1,3635.32
3,0,3,21,4,7.66,0,146,-1,3420.62
4,3,2,3,4,4.58,1,31,-1,3970.48
1,2,1,19,,6.0,1,86,20,4846.31
3,2,4,4,4,8.65,0,159,25,3568.21
4,4,2,8,4,14.22,0,71,19,2539.28
3,0,6,14,4,9.12,1,21,-1,5111.65
3,0,6,20,5,2.47,0,237,-1,6741.66
3,3,2,14,4,0.4,0,182,-1,5798.23
1,6,5,16,5,12.81,0,135,-1,3984.0
4,2,3,15,3,5.66,1,45,21,3041.31
2,6,3,12,4,4.93,1,4,19,4468.6
1,0,5,16,4,12.07,1,11,-1,3487.22
1,6,4,20,5,14.2,0,26,25,5221.03
1,5,1,19,,11.3,0,83,-1,2596.31
2,4,1,5,3,2.86,1,35,-1,3110.69
4,2,6,12,3,6.05,0,51,-1,2277.11
4,3,4,5,4,11.46,0,129,-1,2527.95
4,4,5,10,,13.63,0,73,-1,2013.8
3,1,2,17,5,14.98,0,247,-1,4792.37
3,5,3,15,4,7.82,1,11,-1,5645.57
3,3,2,8,3,12.39,0,54,-1,2099.72
2,4,3,8,3,0.99,0,335,12,2246.74
3,0,2,8,,4.5,0,253,-1,3422.67
2,1,5,10,4,5.76,1,158,12,2902.99
4,3,5,20,5,14.64,1,90,25,5103.75
3,0,4,13,,0.35,1,159,2,6308.85
3,5,2,16,4,4.83,0,319,-1,5140.21
1,1,2,9,,13.98,1,103,-1,1759.93
2,2,4,16,3,4.81,0,90,15,1693.66
4,0,4,10,4,3.61,0,314,-1,3699.45
1,4,5,3,5,11.03,0,280,11,4824.74
1,6,5,14,3,11.26,0,359,7,2423.21
4,3,6,13,3,7.24,1,67,-1,2957.11
1,1,2,4,,14.22,1,171,-1,2511.33
2,0,5,4,4,3.28,1,170,6,2880.28
2,2,5,6,3,13.73,1,142,-1,1875.24
3,6,2,19,5,11.41,0,224,-1,6457.42
1,3,4,11,3,5.71,0,196,-1,1662.98
3,3,2,8,5,12.16,1,197,-1,6487.1
1,0,1,14,3,2.26,1,172,-1,1509.69
2,2,2,8,3,2.23,1,152,-1,2570.53
2,5,1,14,4,13.97,0,152,21,2913.67
2,6,2,7,,1.69,1,9,-1,2943.47
1,5,1,21,4,0.36,1,189,14,5422.88
2,1,1,18,4,6.02,0,11,-1,3256.17
1,0,2,12,4,1.83,1,28,8,3690.86
3,6,6,14,4,12.99,0,42,6,4327.59
1,1,5,15,4,13.86,0,87,-1,1500.0
3,5,3,18,3,7.39,1,343,-1,5644.27
1,6,5,12,5,6.55,1,110,27,4794.78
3,3,1,10,5,8.22,0,68,3,6183.63
2,1,2,12,3,3.63,1,118,-1,2458.46
3,2,2,8,,4.68,0,266,-1,4488.46
2,4,2,6,,1.78,0,362,7,3181.75
2,5,2,19,3,6.86,0,246,-1,3228.56
3,5,6,1,4,9.29,1,318,-1,6459.73
1,2,3,13,4,13.97,1,21,-1,3347.09
1,6,4,16,3,11.16,0,325,-1,2733.04
4,6,1,18,,10.93,1,191,-1,4609.25
1,6,3,12,4,4.83,1,89,-1,4402.44
4,1,5,5,,13.36,0,133,-1,2666.65
1,0,4,21,3,14.22,1,351,-1,2524.13
1,3,4,13,4,14.0,1,298,-1,3166.17
2,4,2,8,4,0.87,0,124,-1,3193.25
4,0,3,6,,9.18,0,354,-1,2860.6
1,0,5,3,5,9.76,0,189,-1,4562.27
4,2,2,20,4,4.64,1,322,-1,4196.13
2,1,2,4,,14.89,1,81,-1,2487.15
2,5,6,12,4,4.58,0,226,-1,4983.13
4,5,1,13,4,3.48,1,179,-1,4808.8
2,2,4,2,3,7.42,0,355,-1,1907.0
3,1,5,19,4,5.05,0,323,2,4943.95
3,2,4,4,4,13.88,1,312,11,5188.38
2,5,3,13,4,6.77,0,151,-1,3554.35
3,0,1,19,4,6.33,0,153,29,3757.46
1,3,2,8,4,9.5,0,304,14,2609.79
4,6,1,8,3,1.49,0,220,-1,2918.03
1,1,2,16,,11.42,1,293,-1,3133.03
4,4,1,11,4,11.6,0,35,-1,2931.18
2,4,2,18,4,7.27,1,121,-1,3043.9
1,0,4,4,4,14.35,1,181,-1,3629.75
2,2,4,1,4,8.82,0,95,-1,1946.24
2,2,4,1,5,10.52,1,103,20,4726.24
4,5,4,14,3,13.89,1,81,-1,2577.31
4,0,1,4,3,10.1,0,23,21,2554.36
4,5,2,11,4,6.65,0,167,-1,2954.0
1,5,4,18,3,0.66,1,337,-1,3659.42
3,4,1,16,,11.01,0,102,-1,4436.03
4,5,2,17,3,14.48,0,263,-1,3076.69
4,6,1,2,3,7.21,0,230,18,2695.57
1,5,6,4,3,5.29,0,181,-1,3073.95
4,4,4,3,4,7.93,0,114,-1,3178.52
1,6,3,15,5,11.01,0,266,-1,4223.66
2,2,1,2,4,0.31,0,362,2,2867.32
4,1,4,19,3,13.34,0,226,-1,1819.7
4,3,5,9,4,13.33,1,215,-1,2962.13
2,5,2,10,3,8.26,1,350,1,3329.5
2,6,6,21,4,2.1,0,297,26,5117.34
2,1,4,19,5,10.18,0,261,-1,4278.43
4,4,5,5,4,2.33,1,2,4,3536.37
3,1,1,14,3,7.76,0,329,4,3162.03
3,3,1,10,4,1.68,1,353,-1,4100.54
3,1,5,16,3,8.96,0,320,11,2520.35
4,6,6,6,4,4.98,0,35,-1,4351.72
2,1,5,8,4,12.52,0,183,-1,2493.48
4,1,2,2,4,12.06,1,179,13,2585.5
2,1,1,18,5,14.98,0,124,-1,3839.69
4,0,5,21,4,4.09,1,159,-1,3655.42
4,5,3,21,5,1.21,0,111,-1,6066.79
2,4,3,21,4,6.81,0,133,10,2290.36
3,3,5,20,4,1.53,0,334,-1,5754.43
2,4,2,8,4,2.92,0,201,7,2482.01
1,0,1,5,3,9.08,0,151,-1,1500.0
1,0,3,17,4,9.0,0,327,-1,1985.51
2,6,5,16,4,0.94,0,336,9,3745.41
4,0,5,5,3,6.81,0,76,-1,2103.0
1,5,4,17,4,8.09,1,264,-1,4577.77
1,0,5,4,4,4.24,1,253,0,3510.83
4,1,2,1,5,13.12,0,69,-1,4610.98
4,4,3,6,4,2.67,0,22,22,3757.32
3,2,4,1,,4.03,0,341,25,4295.01
4,3,3,4,5,2.61,0,212,-1,4544.41
2,0,3,2,4,2.01,0,272,-1,3237.48
2,4,2,13,3,13.22,0,97,-1,1872.07
3,6,5,14,3,4.38,1,122,-1,5334.42
1,0,2,17,,10.92,1,24,-1,3441.88
1,5,5,11,3,6.59,0,37,-1,1639.56
4,0,4,3,4,9.65,1,258,-1,3055.89
2,0,2,7,4,13.94,0,194,-1,3205.1
1,0,2,10,5,12.72,0,269,9,4749.97
3,6,6,11,5,1.31,1,265,22,7456.51
3,0,1,10,4,12.72,0,65,-1,3852.28
2,3,2,8,,6.94,1,198,-1,5283.51
3,4,6,5,3,5.45,0,141,-1,3436.37
3,5,1,2,,10.18,1,240,-1,5497.12
2,0,5,15,5,14.27,0,208,-1,3888.7
4,0,5,16,4,1.68,1,125,-1,4221.18
4,0,5,4,3,11.59,0,265,-1,2243.89
3,0,6,16,4,3.29,0,354,25,5199.02
4,1,6,12,,5.89,1,304,-1,4314.25
4,1,1,14,5,13.15,1,175,-1,4812.55
3,2,5,12,5,8.32,1,46,13,5825.22
4,0,3,21,4,1.29,0,59,7,3314.7
3,2,2,16,,7.77,0,280,7,5319.29
1,3,6,16,4,11.91,0,134,-1,2834.04
2,2,6,12,4,8.07,0,332,27,2644.1
2,4,6,2,4,2.75,1,120,2,3443.11
4,1,1,14,4,6.84,1,166,25,2894.51
4,1,5,11,,13.89,1,42,27,2486.44
4,0,3,9,4,9.98,0,45,-1,2753.33
2,0,2,7,4,11.03,0,216,-1,4064.31
1,3,2,12,3,11.85,1,298,2,2538.9
1,5,5,17,3,1.63,1,284,14,2451.72
2,3,3,9,3,8.85,1,338,27,2963.2
1,4,1,6,3,5.83,1,102,27,2315.69
2,0,6,12,4,2.35,1,85,-1,2595.72
1,0,6,20,3,3.28,0,193,-1,1527.87
3,3,5,10,3,11.78,1,213,-1,3184.3
3,3,2,9,4,2.67,0,354,11,5402.65
2,3,6,12,5,4.89,1,225,-1,4404.32
1,1,2,1,,4.49,1,196,19,2597.48
4,2,2,2,3,1.01,0,154,27,2002.51
1,2,5,19,5,7.09,0,337,-1,4122.16
3,0,4,1,4,11.56,0,2,-1,4129.77
3,1,4,16,5,0.63,0,311,-1,6506.01
1,3,4,16,3,1.95,0,319,-1,1629.5
1,0,3,18,3,10.89,0,276,-1,1500.0
4,1,5,18,3,9.03,0,23,-1,1500.0
4,4,2,13,3,10.81,0,147,-1,1772.85
1,5,6,12,5,3.68,0,307,-1,5700.75
1,1,3,9,5,12.12,0,12,-1,4139.28
1,6,4,5,,7.35,0,217,-1,5956.08
1,0,1,9,5,9.27,1,170,-1,4864.92
2,2,3,13,5,1.65,1,349,-1,4843.17
1,6,3,16,,3.31,1,77,-1,4278.3
4,3,5,10,5,11.67,0,238,-1,3707.67
3,5,6,16,3,3.59,1,244,0,5257.13
2,4,3,14,4,1.66,0,101,-1,3250.46
1,5,6,2,4,9.08,0,29,27,2780.04
3,5,5,19,5,8.35,0,270,4,7582.71
2,1,1,11,4,9.24,0,202,-1,3241.61
3,0,2,19,5,9.39,0,211,-1,6493.94
1,0,2,11,,7.65,1,152,-1,3632.64
1,5,4,14,4,7.56,1,165,16,3598.1
4,3,4,15,5,13.89,1,42,-1,4564.18
1,0,1,7,,8.15,1,39,-1,1652.06
1,5,2,15,5,9.37,1,150,8,4136.1
2,0,4,8,,4.22,0,43,26,3100.31
4,3,6,4,4,13.11,1,80,-1,4012.4
2,4,3,18,,0.66,1,256,10,5223.56
3,6,5,14,4,8.49,0,102,1,6377.43
1,5,4,21,4,5.94,1,337,-1,4009.29
3,2,1,18,4,9.18,0,40,-1,3401.58
2,2,2,4,3,5.59,0,317,-1,2213.55
1,5,1,2,4,10.85,1,187,2,4096.36
1,1,5,21,3,0.6,1,207,-1,3210.95
2,4,5,6,5,6.27,1,107,-1,4889.68
2,1,1,11,3,12.52,1,328,16,2812.57
2,6,4,1,4,3.98,0,333,-1,3128.06
2,2,4,15,5,1.08,0,193,-1,4736.41
2,3,2,12,5,7.6,0,56,-1,3937.65
1,5,6,18,4,14.66,1,120,-1,4013.26
2,6,2,5,4,1.24,0,297,3,3627.85
1,0,3,11,3,1.33,1,84,24,1942.16
1,2,6,21,4,9.05,0,65,-1,2522.51
2,4,3,19,3,3.98,1,69,-1,2418.25
2,2,2,1,,6.33,0,232,-1,3231.84
4,4,6,17,4,12.51,0,242,-1,2716.56
1,4,6,8,4,3.22,0,266,10,3520.81
2,5,3,16,4,10.87,0,3,-1,2651.71
2,4,1,11,4,7.72,0,78,-1,2263.94
2,1,4,19,4,13.6,1,217,-1,3069.53
4,6,6,11,5,14.6,0,235,-1,5890.96
4,3,6,15,3,7.43,1,78,20,1992.83
3,2,3,8,,8.89,1,176,4,4974.73
1,3,6,14,3,11.26,1,241,7,2223.21
3,6,3,1,,4.98,0,164,-1,4300.04
2,0,1,10,,3.63,1,275,3,3272.19
4,6,6,7,3,14.48,0,351,-1,2815.83
4,2,5,18,3,6.66,0,328,-1,2646.21
3,3,2,12,5,0.32,0,177,-1,6892.72
4,3,1,2,4,12.61,0,158,-1,2149.65
2,5,5,18,3,9.12,1,299,-1,2825.13
4,5,1,21,3,2.78,0,30,18,2891.9
3,6,4,7,3,0.74,0,330,17,4668.32
2,6,1,20,4,4.58,0,40,-1,2814.83
3,0,1,12,4,13.94,0,3,-1,3121.12
4,4,4,20,4,14.02,0,269,-1,4054.67
3,2,6,14,3,4.87,0,173,14,3162.31
3,5,2,10,4,12.59,0,309,-1,4747.27
1,2,5,9,4,6.8,1,91,22,4438.13
4,0,3,15,4,9.92,1,88,-1,3257.64
4,5,2,20,5,5.22,0,86,-1,5308.97
3,5,1,10,4,7.88,1,32,-1,5457.83
1,4,3,19,3,4.62,0,136,10,2186.28
4,2,4,19,5,1.2,1,165,-1,4634.53
2,2,2,12,,2.35,0,88,-1,2840.41
3,2,6,12,3,4.57,1,81,7,4230.34
4,4,5,9,4,14.65,0,42,-1,3084.14
2,5,2,20,,14.5,0,134,14,2777.64
4,0,2,4,5,12.47,0,343,-1,4617.5
2,2,6,1,3,3.72,0,295,-1,2475.87
3,3,3,16,4,6.79,1,340,23,4681.93
4,4,4,1,3,6.76,1,118,16,3164.45
4,1,6,13,4,5.99,0,317,-1,3579.84
1,0,4,3,3,0.96,0,182,15,1500.0
3,3,6,12,4,8.16,0,34,-1,3603.53
2,2,2,9,3,1.37,0,170,-1,1634.75
4,1,4,4,3,12.09,0,10,15,1779.18
4,0,3,2,4,10.46,0,334,-1,3203.85
2,4,3,9,5,5.49,1,78,13,4426.61
3,1,5,20,5,9.81,0,132,-1,5166.28
1,5,4,13,5,3.73,1,167,-1,5533.78
1,6,5,14,4,4.2,1,235,-1,4290.29
4,1,6,3,3,4.92,0,301,-1,1888.85
2,6,1,18,4,12.02,0,20,-1,3242.42
4,3,3,9,4,3.4,1,136,16,4111.87
2,0,2,15,3,8.57,0,326,8,2005.23
1,3,3,10,,3.25,0,154,-1,1616.53
3,3,1,17,3,4.49,1,272,-1,4232.77
2,2,2,13,4,3.76,0,65,2,2994.33
1,4,4,1,3,9.78,1,231,-1,2548.55
4,1,4,11,3,8.04,0,25,-1,2340.57
2,0,3,5,4,10.9,1,364,6,3490.32
3,5,2,9,4,3.53,1,199,13,5230.75
4,4,6,7,4,0.43,0,172,7,3239.29
4,4,2,7,4,10.3,1,182,-1,3314.79
1,0,5,2,3,1.99,1,39,-1,1611.84
2,4,1,19,4,3.92,0,271,-1,2145.59
4,2,4,20,3,4.79,1,211,23,3780.91
3,4,3,18,4,11.28,0,223,22,4078.15
2,2,2,10,4,9.5,1,159,-1,3783.83
3,1,4,5,5,3.01,0,34,29,6492.75
4,1,3,16,4,9.09,0,319,8,2992.6
3,3,4,5,3,10.71,0,120,-1,3287.99
1,2,3,15,4,6.02,0,285,4,3576.61
3,5,4,16,4,3.92,1,169,-1,5546.15
2,1,6,4,4,10.28,0,335,23,3121.75
3,4,5,14,3,9.28,0,230,-1,3517.71
3,0,1,17,4,1.45,0,99,6,5200.69
1,0,4,17,,10.1,0,232,-1,1658.97
3,6,1,21,4,7.48,0,1,15,5238.43
3,2,4,16,4,11.37,0,15,-1,3732.71
4,5,2,9,3,3.1,1,220,10,3443.65
4,3,5,2,,4.1,0,262,-1,4455.52
2,4,6,11,4,8.29,1,182,-1,3870.13
4,2,5,15,4,7.38,1,22,-1,4056.77
4,6,1,3,,5.98,0,246,-1,3581.02
4,0,2,16,4,11.27,1,256,-1,4156.36
4,2,3,21,4,8.6,0,115,-1,3077.19
1,4,5,19,5,10.74,0,68,-1,3980.79
4,5,6,6,3,2.55,0,140,27,3489.19
1,5,2,14,3,11.02,0,51,-1,2401.43
1,1,2,5,5,7.08,0,95,22,3757.97
4,4,1,5,5,0.8,1,54,12,5702.54
3,6,6,6,3,3.75,1,284,-1,5336.35
1,1,2,18,4,0.68,1,145,-1,3186.38
3,1,2,18,,7.02,0,282,-1,3379.97
3,1,3,19,4,5.09,1,49,-1,5506.04
4,2,1,2,5,14.82,1,297,-1,4902.63
2,6,1,17,3,13.07,0,194,-1,2139.74
4,0,6,1,3,12.44,0,221,-1,2961.39
2,5,2,9,3,7.67,0,137,11,2345.02
2,2,3,13,3,12.16,0,8,5,1768.74
4,0,4,4,3,4.22,1,2,-1,2115.12
4,5,5,5,5,8.54,1,341,26,6175.64
2,6,1,18,3,6.08,0,37,-1,2302.49
4,6,3,10,4,2.82,1,69,0,5037.8
2,4,6,4,4,1.37,1,68,-1,3847.33
3,5,3,13,4,8.51,1,157,-1,4798.27
4,5,2,13,4,1.74,0,269,-1,5037.12
3,6,5,17,,10.85,0,1,-1,4065.49
1,5,1,8,4,13.85,0,352,-1,4004.77
3,3,4,4,3,2.68,1,100,-1,4266.68
3,4,2,3,4,7.22,1,135,-1,5198.33
2,2,1,11,3,11.16,0,329,-1,1500.0
3,2,6,12,4,4.52,0,212,14,4737.91
4,0,1,9,4,13.84,1,82,-1,4175.43
2,2,3,15,,13.36,0,354,-1,2510.7
1,1,5,13,3,1.83,0,273,15,2359.2
4,5,4,5,3,0.7,0,140,-1,3356.82
1,2,5,5,5,14.65,0,301,8,4749.89
3,0,3,19,3,14.36,0,139,25,3075.52
4,0,4,11,3,6.51,0,295,-1,1567.19
4,1,4,9,4,1.04,1,87,-1,3765.16
1,0,2,3,,9.4,1,322,9,4387.6
4,6,4,18,4,4.61,0,280,23,4362.01
4,3,1,13,4,14.07,0,240,-1,2996.04
4,6,5,12,4,11.98,0,111,-1,3928.88
3,5,6,9,,9.85,0,300,8,5147.05
1,5,6,10,4,4.48,1,140,-1,3811.89
4,5,5,13,,10.61,0,151,-1,4356.74
2,4,2,20,5,4.55,0,203,-1,4591.39
2,2,4,20,3,0.85,1,257,-1,2624.16
2,3,3,13,4,7.77,1,365,-1,3012.1
2,2,1,9,4,7.48,0,274,-1,2877.31
3,3,2,10,3,11.52,0,213,-1,2526.02
4,2,4,19,4,13.03,0,279,-1,2820.34
1,1,6,6,3,5.51,0,188,-1,1515.46
4,6,3,7,4,6.91,0,132,-1,3373.95
3,0,4,15,3,7.21,1,79,-1,3673.59
2,0,2,19,4,5.07,0,100,-1,2565.76
3,6,3,14,4,11.23,1,357,-1,6013.47
4,1,3,16,,7.97,1,63,7,3847.88
1,3,3,14,4,13.74,0,11,17,2496.42
3,6,3,20,,9.86,0,122,-1,4570.91
1,4,4,2,4,3.41,1,364,-1,3435.08
3,3,3,9,5,2.72,0,108,11,6528.93
1,0,4,3,3,5.77,0,186,5,2039.6
1,4,3,6,4,5.4,0,351,0,3253.75
2,2,3,5,4,6.28,1,205,0,4284.12
1,4,2,14,4,3.0,0,46,-1,3474.25
2,3,4,15,4,14.68,0,308,23,2497.36
4,1,6,18,4,2.44,1,98,10,4140.56
4,2,4,17,3,9.89,1,328,-1,2611.46
2,3,5,9,4,0.49,1,233,-1,4027.94
2,2,6,19,4,6.28,1,220,-1,3845.04
3,4,2,9,3,4.84,0,77,-1,2850.77
3,0,4,16,4,5.92,1,216,-1,4887.64
3,3,2,6,4,7.62,0,173,-1,5050.95
4,1,6,8,,9.13,1,105,-1,3647.76
3,6,2,3,3,8.88,0,164,18,4117.35
1,4,2,5,5,9.57,1,112,-1,4584.53
1,3,1,7,4,12.71,1,145,19,2346.39
3,1,4,1,,13.33,0,131,-1,2794.7
1,3,2,21,3,11.14,1,83,4,2175.91
4,4,1,4,4,1.46,1,0,28,3166.8
1,3,1,16,5,14.43,0,252,-1,3990.53
4,2,3,14,4,14.23,0,23,-1,3039.01
2,4,3,1,4,10.76,1,297,-1,3113.6
2,3,6,4,4,7.91,1,187,3,2977.69
2,6,4,10,4,3.98,0,110,19,3763.51
2,0,3,11,3,11.42,0,23,2,1500.0
1,3,6,7,4,13.2,1,55,7,3312.69
3,2,4,4,4,10.08,0,68,-1,3966.61
1,1,6,1,3,9.55,0,17,-1,1584.45
4,6,1,1,4,3.14,0,227,-1,5023.01
1,1,1,17,5,5.56,0,57,-1,4083.93
1,6,4,10,4,10.93,1,162,-1,3157.28
4,1,6,5,4,0.55,0,131,9,2756.2
2,0,6,7,5,9.73,0,218,-1,4437.47
2,2,3,8,3,11.57,0,330,-1,1820.06
2,4,3,2,,5.22,0,283,-1,2144.91
3,1,4,9,3,1.42,1,138,-1,4316.43
4,6,5,4,3,12.34,0,2,5,2625.32
4,2,3,12,3,2.39,1,355,-1,4345.37
1,3,2,11,4,5.75,1,258,25,3843.1
3,0,3,5,4,10.7,0,280,23,4155.57
2,2,5,12,4,12.31,1,331,-1,2416.32
3,2,6,21,4,12.98,0,11,-1,3487.61
4,4,1,4,4,8.1,1,52,-1,4220.31
4,2,1,13,3,7.3,0,253,-1,3143.23
1,4,6,1,4,12.77,0,95,16,2937.75
1,0,1,18,4,8.58,1,231,-1,2971.14
4,0,3,4,5,8.81,0,265,-1,4906.7
2,3,1,4,3,6.68,0,111,2,1909.81
2,4,5,8,,5.78,0,46,-1,2398.32
3,4,5,20,4,7.36,0,181,0,4554.32
4,1,3,6,4,5.66,0,234,13,3288.83
4,1,6,4,3,5.35,0,253,-1,2018.26
2,3,2,4,,14.91,1,6,3,3057.57
2,0,3,11,3,5.24,0,343,-1,1500.0
4,5,1,9,5,4.07,0,287,14,5922.2
1,1,3,14,,5.5,1,278,-1,3135.25
4,2,5,4,3,8.98,1,305,10,3107.22
4,0,3,13,3,13.69,0,194,-1,2377.59
2,5,3,6,,11.88,1,24,-1,3158.37
2,2,2,13,3,12.68,0,5,-1,1500.0
1,6,5,3,,12.93,1,352,-1,3811.14
1,4,4,7,5,13.83,0,142,-1,3375.06
3,0,4,1,3,3.76,0,190,5,3498.68
4,6,5,11,4,7.04,0,147,-1,4290.65
2,3,4,2,,5.96,1,170,28,2429.08
1,4,1,5,4,5.91,0,95,-1,2538.22
3,4,4,14,3,9.89,1,194,2,3689.71
3,2,1,13,3,6.21,1,259,-1,3760.73
2,6,5,16,4,9.36,1,235,-1,4369.76
2,4,4,15,,5.92,0,5,-1,2982.08
3,1,4,3,,4.87,1,58,-1,5930.08
1,0,6,6,4,5.49,0,248,-1,2640.34
3,1,1,9,4,12.12,0,51,-1,3969.07
4,2,1,3,5,9.14,0,274,-1,4330.19
4,5,3,13,5,14.62,0,121,15,5339.98
2,2,2,13,4,12.54,1,25,-1,4018.61
1,0,4,7,4,7.44,1,303,28,4453.87
1,4,6,5,,3.86,0,216,-1,2896.41
4,6,2,8,4,10.21,0,182,20,3620.04
3,6,6,8,4,10.98,1,88,-1,5759.62
2,3,2,7,5,7.12,0,37,20,4536.89
3,2,4,19,,3.68,1,83,-1,4053.98
3,0,6,7,,8.49,1,107,7,4498.57
3,3,1,4,4,4.03,0,162,-1,4566.4
1,4,3,10,5,14.12,1,196,-1,4478.05
4,5,6,13,3,9.54,1,252,-1,3954.86
1,2,5,4,4,4.59,1,226,-1,3740.8
4,5,4,19,4,3.47,0,2,-1,4082.04
2,0,4,10,3,10.84,1,296,29,2658.01
2,5,5,7,4,10.7,0,159,11,2664.74
3,5,2,5,4,9.08,1,291,-1,6062.32
4,0,3,3,3,9.33,0,29,-1,2488.53
4,0,2,2,4,9.18,0,115,-1,2625.13
4,2,5,11,5,5.59,1,166,-1,4771.05
3,5,5,10,5,14.08,0,92,-1,5230.22
3,3,3,13,4,7.35,0,217,-1,4870.09
2,0,5,7,4,0.6,0,108,-1,2998.19
1,4,5,10,3,5.42,0,88,-1,1500.0
4,5,6,4,,2.22,0,187,-1,6501.75
4,0,3,20,3,5.64,0,183,16,2313.53
1,3,4,16,,9.24,0,209,-1,2481.67
4,6,2,20,3,0.63,0,185,-1,4176.19
3,2,4,6,4,13.09,0,281,-1,3710.6
3,5,4,9,,9.27,0,183,-1,4089.52
4,6,6,13,,4.64,0,360,-1,4217.94
3,0,2,7,4,4.87,0,136,-1,4137.68
3,0,4,18,,7.15,1,287,-1,4599.11
4,4,3,14,3,3.95,0,332,-1,3076.75
2,4,2,5,,0.36,1,106,0,4901.63
1,5,1,13,3,0.69,1,87,-1,3067.6
3,6,6,8,4,5.56,0,124,-1,4990.87
2,6,4,15,,2.13,0,196,-1,3656.32
3,0,5,19,5,0.63,0,109,-1,6276.41
3,5,2,9,3,12.93,0,317,-1,3822.46
1,0,1,6,,4.33,0,47,-1,3328.22
3,4,5,14,,7.7,1,321,-1,5960.43
1,3,1,10,5,2.94,0,189,-1,4225.33
1,1,4,9,,0.99,0,110,13,1500.0
1,1,5,17,4,11.25,1,221,-1,3156.33
2,0,4,13,3,2.14,1,68,-1,1987.8
4,6,5,17,3,0.68,0,183,-1,3119.83
2,4,2,19,,8.93,0,329,19,1539.27
4,2,3,13,5,0.5,1,163,-1,5638.49
4,2,3,9,3,6.71,0,291,-1,1500.0
1,1,1,1,5,4.55,1,6,-1,5292.69
3,3,6,1,3,5.0,0,220,15,4216.66
1,1,5,5,5,0.36,0,218,17,4327.61
3,0,4,8,4,14.48,0,57,9,3366.54
4,3,6,18,3,7.9,1,275,-1,2908.13
1,2,2,4,4,8.72,1,50,-1,2938.0
3,6,2,1,4,10.09,0,214,-1,5076.16
2,4,2,15,4,12.02,0,160,-1,2392.16
3,4,3,20,4,9.24,0,0,-1,3679.98
1,0,4,4,4,11.5,1,66,-1,2869.8
2,1,2,9,4,6.9,0,49,-1,2248.06
3,0,2,20,4,5.76,1,34,20,4976.15
3,4,1,10,4,12.4,1,162,-1,4109.06
3,2,5,15,5,13.02,0,314,18,4965.12
3,4,5,3,5,2.33,1,332,-1,5938.19
3,3,5,2,3,8.28,0,96,-1,3097.28
2,6,6,5,3,10.35,0,12,3,2247.66
4,6,1,1,4,1.53,1,277,22,4651.04
2,5,3,11,4,13.97,0,55,-1,3532.14
2,4,6,12,3,7.95,1,80,-1,2877.34
2,4,1,3,3,9.79,0,201,10,2426.58
4,6,2,16,4,2.92,0,250,-1,5177.29
1,5,4,14,,4.19,1,218,-1,4863.43
4,3,6,12,3,2.08,1,14,-1,3240.07
2,1,6,20,5,4.18,1,108,-1,5170.99
3,4,2,16,4,7.54,0,297,-1,4759.37
3,6,2,21,,12.55,0,123,-1,4729.24
2,0,4,8,4,8.15,1,70,12,3252.12
3,4,5,17,3,3.89,0,184,-1,3720.03
2,0,6,17,4,0.96,1,191,-1,4706.86
3,3,1,7,3,9.44,0,327,-1,3365.27
4,4,3,15,3,6.48,0,59,0,2237.02
1,6,2,9,,14.77,0,30,-1,3618.54
1,3,2,4,3,11.76,0,54,-1,1601.94
4,3,3,8,4,12.18,1,161,17,3706.42
4,1,1,10,4,0.48,1,224,-1,4342.49
2,4,2,15,,11.73,0,131,-1,1500.0
2,0,3,18,3,3.16,0,101,-1,2315.6
2,0,2,14,4,8.91,1,345,-1,2505.5
3,4,5,5,3,6.88,1,223,-1,4068.45
2,5,5,9,4,8.7,0,230,25,2789.02
4,1,2,13,4,2.26,0,361,26,2843.63
1,1,2,19,5,7.02,0,58,17,3032.79
3,1,5,11,,0.84,1,296,-1,7024.73
2,0,2,12,4,0.9,0,217,-1,2635.63
3,3,1,3,3,9.97,1,282,12,3471.45
3,6,1,2,4,14.29,0,78,-1,5007.19
2,5,4,15,3,11.73,1,148,19,2533.98
3,1,1,5,3,7.2,0,90,-1,2864.04
1,0,6,7,,1.12,0,225,-1,3824.93
4,0,6,4,4,0.96,0,138,-1,3665.99
4,3,6,5,,2.62,1,342,28,2962.14
1,4,2,16,,14.64,0,113,17,1500.0
3,4,2,15,4,6.16,1,21,-1,4107.66
2,6,3,16,,12.7,1,22,-1,4849.36
3,6,6,4,4,10.67,0,64,-1,5507.67
1,1,6,6,4,9.2,1,58,-1,2370.81
3,6,1,18,5,14.23,1,88,8,6241.75
4,1,5,3,4,3.69,1,197,-1,3919.19
3,5,5,5,4,6.99,1,113,21,5134.79
1,6,4,2,4,13.01,1,27,-1,3826.16
4,3,3,16,3,8.41,0,209,14,2450.13
3,1,5,6,,3.92,1,238,13,5370.78
3,3,4,15,3,3.37,1,256,25,4458.61
4,0,1,18,4,11.37,0,284,-1,3498.22
2,1,3,6,4,0.49,0,45,8,3659.91
4,0,3,13,3,13.74,1,332,12,3097.55
2,2,6,13,5,0.57,0,184,-1,4657.68
1,3,2,1,3,9.58,1,139,-1,2740.88
1,2,6,16,4,9.19,0,166,24,2238.82
4,1,1,4,,8.8,1,212,-1,3638.44
4,0,6,17,4,7.27,0,158,25,3177.03
1,1,3,18,4,12.83,1,38,-1,3270.53
2,2,6,16,4,9.99,0,101,-1,2646.93
1,1,4,1,5,11.79,1,335,-1,4634.42
4,5,6,6,5,2.0,0,109,-1,5628.71
1,4,5,11,4,1.03,1,263,-1,4321.84
4,2,1,6,4,0.72,0,297,-1,3731.58
4,1,1,17,3,2.46,0,334,20,3034.98
1,0,3,4,5,10.11,0,333,27,3174.37
2,1,6,14,5,7.56,1,95,-1,3696.56
3,0,3,14,4,11.36,1,60,-1,5075.6
1,4,3,20,4,3.12,0,138,-1,1647.32
3,1,4,8,4,5.69,1,229,-1,4100.29
1,6,2,2,3,13.36,1,31,21,2632.3
3,6,3,5,5,14.06,0,132,8,6536.5
2,4,2,4,4,13.85,1,234,-1,2013.3
2,2,2,10,4,12.33,0,331,-1,2665.06
1,0,1,20,4,10.42,0,234,-1,3164.31
4,6,5,21,5,13.73,1,241,-1,5643.08
3,5,5,3,4,10.8,0,294,-1,4917.95
4,2,6,16,,14.32,0,248,-1,2481.23
4,0,4,10,4,0.66,1,22,-1,4061.93
4,4,4,15,5,13.85,1,224,26,5055.08
2,6,5,4,4,8.47,0,143,-1,2970.09
1,3,6,1,,1.94,0,305,17,4349.24
1,1,5,15,,3.46,1,71,-1,4972.86
2,4,6,10,4,12.83,1,224,-1,3000.41
2,0,6,20,4,7.74,1,47,-1,2635.96
1,0,6,18,4,14.75,0,33,-1,1674.51
4,0,6,16,4,2.03,1,253,-1,3080.93
3,0,1,21,4,6.36,0,62,-1,3830.41
3,1,1,9,4,5.18,1,101,5,4733.93
3,2,5,19,4,7.89,0,16,7,4720.65
4,5,6,17,4,9.61,1,240,-1,5048.43
1,3,3,10,4,10.03,0,289,-1,2611.76
2,1,6,19,4,0.32,1,255,-1,3535.88
1,0,3,8,4,1.61,0,360,-1,2909.37
4,1,1,19,4,0.82,0,66,13,2647.04
2,4,6,5,5,13.01,1,279,-1,3994.58
4,5,2,2,4,4.91,0,265,1,4135.47
3,0,5,15,3,5.7,0,4,28,3115.59
3,3,6,17,4,6.92,0,30,12,3951.64
4,0,4,10,3,12.78,0,151,-1,1500.0
2,5,3,21,4,0.51,0,266,19,3821.84
2,3,6,21,3,2.04,0,50,25,1500.0
1,5,2,2,5,10.37,1,246,0,6194.22
3,3,3,9,3,14.47,1,47,-1,3654.86
1,2,2,2,4,9.75,0,333,-1,2719.32
1,6,5,18,3,4.14,0,131,12,3175.01
4,2,5,12,5,7.94,1,135,-1,5302.86
4,1,5,15,4,14.63,0,6,-1,2853.94
1,1,1,21,5,8.06,0,118,27,4131.34
3,3,2,20,,5.79,0,287,-1,3733.32
4,0,6,6,4,5.94,0,341,-1,3725.42
1,6,4,18,5,14.52,0,277,-1,5333.33
1,4,4,13,,10.87,1,217,-1,2535.27
1,4,5,4,,10.4,0,114,-1,2526.52
1,0,4,12,3,3.71,1,163,-1,2499.25
1,0,3,9,4,8.52,1,284,-1,3654.24
1,2,2,2,5,5.54,1,222,-1,5451.39
4,4,2,16,5,3.83,0,85,23,5054.23
3,3,2,1,,13.46,0,188,-1,3818.25
1,5,3,4,4,5.93,0,52,-1,3253.75
2,1,6,15,4,4.46,0,327,-1,2950.47
4,5,1,20,3,14.0,1,340,-1,3801.32
4,2,3,1,3,3.2,0,14,-1,2607.83
1,4,2,20,4,11.26,1,126,12,3135.29
4,6,2,15,5,9.9,1,175,7,6386.54
1,0,2,3,4,13.83,1,117,-1,2127.23
3,6,6,13,4,12.53,0,181,-1,5186.68
3,6,4,18,4,10.67,1,67,-1,5000.77
4,4,1,13,4,4.92,1,324,-1,4404.96
4,3,3,10,5,7.58,0,355,3,4655.05
2,2,2,20,4,14.18,0,191,17,3054.46
4,0,5,7,,0.64,0,193,-1,3363.9
2,5,1,8,4,11.98,0,177,-1,2858.84
3,3,5,1,5,4.0,0,46,7,5202.9
3,5,1,18,4,3.02,0,141,-1,5334.28
1,1,2,12,4,3.71,0,8,-1,3440.82
3,2,1,18,3,1.18,1,11,-1,4691.16
2,3,1,12,3,14.88,0,91,-1,2115.54
4,3,2,20,5,13.09,1,12,-1,4370.32
1,5,6,9,4,7.96,0,276,-1,3536.33
2,0,5,2,4,10.81,1,37,-1,2599.39
4,1,6,14,4,8.48,0,307,-1,3299.67
1,5,5,4,5,12.23,1,281,-1,5589.83
3,3,4,15,3,12.72,0,277,29,3609.58
2,2,5,17,5,3.72,0,243,29,4909.56
4,3,5,19,4,7.06,1,243,-1,4565.08
1,4,1,6,5,9.63,1,327,-1,4637.54
1,2,4,9,5,14.68,0,36,16,4486.78
3,2,2,17,4,10.34,1,231,3,4764.56
4,3,2,15,3,13.5,0,172,-1,2011.53
3,0,3,5,3,12.74,0,250,20,3938.4
3,2,4,18,,8.86,1,119,-1,3619.41
4,4,1,4,3,13.44,0,341,-1,2161.29
4,5,3,21,3,5.85,0,332,26,2433.97
4,0,3,2,3,5.88,0,13,16,1500.0
2,0,2,19,4,11.78,0,273,21,2740.02
4,0,5,5,3,2.28,0,352,21,2207.83
1,2,1,4,5,4.8,0,134,-1,4479.37
3,0,4,5,5,9.25,1,187,16,6375.07
2,3,3,19,4,6.47,0,54,18,2315.75
4,0,1,13,4,14.13,0,289,-1,2314.47
2,4,2,16,4,14.39,1,126,-1,3355.16
4,1,3,12,4,7.69,0,300,-1,3499.94
2,4,3,9,4,8.22,0,258,-1,2464.23
3,2,6,16,,10.95,1,331,-1,4365.55
3,0,2,14,4,7.02,1,99,-1,4109.17
1,0,6,1,4,3.09,0,308,-1,3191.84
1,3,2,20,4,11.28,1,158,-1,3327.21
4,5,2,21,4,11.15,1,22,-1,4456.08
3,0,6,4,3,3.9,1,199,-1,4715.11
2,6,1,9,,12.54,0,64,7,3320.26
2,4,1,19,4,9.32,0,182,-1,3584.4
2,2,1,14,4,3.77,0,226,-1,3085.31
1,1,5,12,4,9.88,1,110,20,2069.33
2,0,3,4,5,3.73,1,78,-1,4165.97
1,1,1,7,,4.2,1,244,-1,2412.6
1,0,5,17,,12.77,0,91,-1,2199.4
4,2,3,1,4,13.96,0,139,-1,2447.93
2,5,1,14,4,4.08,0,0,-1,3858.66
2,4,2,15,4,13.94,1,266,11,3654.63
3,2,4,12,5,3.81,0,50,5,4678.58
4,1,1,12,3,2.02,1,228,-1,3568.15
3,0,4,6,5,1.16,1,44,-1,6180.35
4,1,1,13,5,3.86,0,98,-1,3952.41
2,4,2,16,4,5.96,0,71,-1,2041.77
1,6,4,14,4,13.93,0,286,-1,3142.07
1,2,5,7,4,3.86,1,84,20,3006.74
1,1,2,16,4,5.67,0,180,-1,2239.59
1,1,4,9,5,11.09,0,322,9,3584.85
1,4,4,14,3,4.74,1,216,-1,3505.58
3,6,6,7,3,10.36,0,296,-1,4112.1
4,0,6,12,,6.65,0,155,15,2459.32
2,6,2,3,4,3.19,1,347,-1,4929.91
3,1,2,14,,11.09,1,327,-1,3475.4
4,4,2,19,5,0.7,0,64,-1,4844.53
1,0,3,11,4,4.6,0,142,-1,2848.49
4,6,5,5,5,5.54,1,359,29,5772.73
4,6,1,13,3,7.04,1,341,19,3212.92
1,6,6,10,4,10.29,0,230,1,4635.9
1,5,4,7,3,7.05,1,19,-1,4219.02
1,0,6,17,,9.04,1,332,-1,1567.3
2,6,1,16,4,9.06,0,191,-1,3918.19
1,5,2,8,5,5.79,0,345,-1,5572.83
2,2,6,17,4,14.03,1,294,-1,3223.66
1,4,5,13,4,14.35,0,134,5,1841.2
2,6,5,11,,8.85,1,202,-1,3656.86
4,0,3,20,3,1.35,1,158,-1,3570.07
3,5,6,18,4,7.52,1,161,20,6318.9
4,5,2,5,,3.01,0,202,-1,3422.09
4,2,4,6,5,7.4,1,87,-1,4433.12
1,3,3,20,4,3.07,0,344,-1,3037.6
2,4,2,14,4,10.65,0,50,-1,2219.82
3,3,3,12,,1.48,0,183,3,4324.29
1,0,6,4,3,14.31,1,352,-1,1955.0
1,4,1,7,4,3.17,0,284,-1,3553.91
1,2,6,11,5,10.01,1,249,-1,5225.57
4,0,2,20,,13.78,0,318,0,4725.62
2,4,4,2,3,3.94,1,212,-1,2789.69
2,4,4,4,3,14.03,0,288,-1,1713.79
3,3,2,7,4,6.01,0,300,11,4174.79
2,0,3,1,5,14.42,1,5,-1,4919.31
2,2,5,15,,14.58,0,36,-1,3092.02
1,2,2,20,,3.06,0,180,-1,3047.05
1,0,6,8,4,12.52,1,257,19,3347.18
4,0,4,5,5,3.14,1,105,-1,6327.44
1,5,1,14,,3.63,0,221,11,2312.03
1,1,4,18,5,1.54,1,312,-1,5110.63
1,3,5,3,3,2.6,1,347,-1,2213.18
1,0,4,2,4,9.59,0,351,-1,3478.66
4,0,5,16,3,6.9,0,116,-1,1758.78
1,1,2,14,4,11.93,0,178,-1,2173.43
3,1,4,16,5,5.18,0,90,4,6478.94
3,4,3,11,4,14.54,0,149,-1,3256.86
3,6,6,17,3,1.03,0,334,-1,4338.16
3,2,3,3,3,1.23,0,170,-1,3950.55
1,3,6,5,4,10.61,0,293,15,3548.56
3,4,4,3,4,13.35,0,191,-1,3812.95
1,0,4,15,4,11.99,0,36,-1,2977.37
4,1,6,5,3,7.5,1,99,-1,2691.07
3,5,1,3,4,4.26,1,293,8,5731.45
2,2,4,6,5,0.5,0,326,-1,5248.96
3,4,1,14,4,7.79,0,30,26,3869.11
3,5,1,2,4,7.29,1,299,25,5037.72
1,2,6,18,5,5.36,1,93,20,3725.64
3,6,1,6,4,8.8,0,269,-1,5306.57
2,6,1,5,4,11.01,0,97,6,3397.14
1,5,2,14,4,10.6,0,51,-1,3367.8
1,1,3,17,3,4.17,1,342,-1,2140.28
4,4,1,11,4,8.9,1,297,-1,4261.89
4,4,3,1,5,2.49,1,349,-1,6033.64
3,6,1,10,3,2.09,0,6,-1,4740.97
4,2,3,9,5,11.85,1,245,-1,5130.04
4,5,4,20,4,10.5,0,17,-1,3951.72
4,1,4,12,4,11.59,1,184,-1,3711.94
1,0,3,1,4,2.54,0,229,-1,2572.2
1,4,1,18,,13.74,0,201,-1,2760.39
1,0,2,12,5,2.26,0,43,-1,4254.32
4,1,3,2,4,13.09,1,97,-1,2988.49
1,6,5,1,5,5.48,1,62,24,6411.73
4,4,2,1,4,1.85,0,159,-1,2561.44
1,4,5,1,4,4.52,0,350,-1,3052.03
1,5,3,12,,2.97,0,142,-1,5102.18
2,0,1,7,3,7.51,0,1,-1,1769.81
3,6,5,4,,14.26,0,150,-1,4292.61
4,5,3,21,,5.12,0,22,-1,1900.65
2,3,2,20,5,9.3,0,226,8,4025.66
1,0,1,4,4,13.41,1,346,-1,2837.65
4,0,5,15,5,9.56,1,281,-1,6009.41
1,3,3,1,5,5.62,0,240,-1,4770.84
3,1,1,6,3,14.87,0,140,26,2959.79
2,1,1,14,3,3.05,0,167,-1,2628.8
3,4,4,14,4,7.99,0,115,-1,4554.24
2,2,1,10,4,12.01,1,9,23,3889.16
1,5,3,7,3,0.31,1,166,-1,3142.25
3,2,2,12,3,10.62,0,89,-1,3442.81
3,4,6,19,4,4.22,1,337,-1,5001.51
1,2,4,9,3,2.79,1,354,-1,2149.58
3,0,3,3,,4.33,0,110,17,5454.94
4,0,3,4,5,14.51,1,179,2,4841.67
2,3,3,13,4,13.41,0,183,-1,3074.65
2,3,5,10,3,3.44,0,263,-1,2774.73
2,4,5,14,3,2.02,1,180,-1,1785.31
4,4,2,6,4,5.65,1,12,14,3629.52
2,6,3,8,5,9.01,0,173,-1,4646.45
1,4,5,19,4,13.05,0,85,3,3568.94
3,0,5,10,4,14.5,1,35,-1,4202.51
4,2,5,5,3,11.34,0,170,-1,1621.19
2,5,2,5,,9.11,1,93,22,3778.65
1,6,2,5,4,2.39,0,62,-1,4006.86
3,6,3,9,,1.39,0,364,-1,5354.32
3,6,4,9,4,9.06,0,67,8,3834.55
4,4,3,15,4,8.22,1,140,-1,3373.26
4,4,5,9,4,12.74,0,133,-1,2760.37
4,0,6,14,,5.04,0,145,11,3186.6
1,5,5,6,5,0.88,0,263,8,6817.71
1,0,1,20,4,6.53,0,168,-1,2546.11
4,5,6,8,,14.55,0,316,-1,4862.12
2,0,6,2,5,11.99,0,212,-1,3881.56
3,2,3,5,5,0.8,0,55,-1,5263.04
3,4,5,17,4,13.16,0,121,16,4157.29
1,1,5,10,3,7.23,1,351,-1,2339.01
3,1,4,14,5,5.66,0,233,-1,5324.71
2,4,1,18,3,5.4,0,360,24,2457.2
3,6,3,1,5,9.05,0,159,-1,6974.47
1,4,2,2,,8.1,0,122,-1,1797.98
1,4,3,4,5,9.95,1,21,-1,4666.4
2,4,6,13,4,8.73,1,217,2,3485.16
2,6,3,16,,2.42,0,40,-1,4018.57
3,5,4,5,,4.08,1,364,17,6394.72
3,2,3,10,5,12.66,1,44,-1,5284.89
1,1,4,17,,10.05,1,260,-1,2086.12
2,3,6,11,3,6.89,1,11,-1,2197.27
2,1,4,5,3,2.98,0,232,-1,2099.25
2,1,5,15,5,0.41,1,232,-1,5462.6
3,6,2,4,4,4.88,1,287,-1,5979.82
2,0,6,7,4,1.11,0,273,29,3341.89
1,4,4,10,4,7.39,0,201,16,2621.45
1,4,1,4,5,12.38,1,319,19,4362.6
3,4,6,20,4,4.5,0,86,13,5077.76
4,0,1,5,4,12.76,1,180,-1,3180.99
3,6,2,5,4,10.66,0,169,-1,6418.77
4,2,4,11,4,2.14,0,228,3,2825.94
2,2,6,19,3,9.78,1,81,-1,1741.6
3,6,6,5,3,2.53,1,349,-1,5232.35
1,3,2,21,3,9.93,0,210,26,2020.48
2,2,5,8,4,2.4,1,165,-1,2886.58
1,6,1,7,4,6.07,0,27,11,4755.65
2,2,6,8,4,8.63,0,21,-1,2250.02
3,4,3,13,5,1.04,0,301,-1,5846.2
4,5,1,5,4,2.55,0,293,-1,4429.89
2,6,4,18,4,5.01,0,31,-1,2977.18
4,1,2,9,4,7.1,1,310,27,3539.36
2,2,1,2,3,12.92,1,344,11,1810.16
1,2,3,16,,3.05,0,136,-1,2123.17
1,0,3,14,5,5.41,1,292,27,5152.29
2,3,2,17,,7.29,1,64,-1,1571.29
4,5,2,6,4,4.65,0,348,-1,4514.29
3,0,1,3,3,9.5,0,78,-1,2505.99
3,4,4,17,4,4.07,1,315,-1,5638.78
1,1,5,13,,11.65,1,254,-1,3577.33
3,3,3,6,5,7.73,1,340,-1,6733.14
1,0,2,8,4,1.57,0,62,-1,2881.22
3,6,5,6,4,9.52,1,75,-1,6013.23
2,2,5,16,5,8.67,1,281,-1,5035.88
1,2,5,6,4,5.28,1,300,-1,3288.03
1,3,4,17,4,0.46,0,350,-1,2701.79
2,2,2,21,4,3.25,0,34,-1,3082.09
1,6,3,3,5,6.26,0,77,-1,4523.88
3,0,2,12,4,3.24,0,262,-1,4889.79
3,0,1,6,5,8.79,0,52,-1,5524.05
1,2,3,21,3,10.77,1,296,8,2266.32
3,2,2,7,4,12.88,0,3,23,4275.09
4,4,3,11,4,9.81,0,1,-1,3520.18
1,1,1,9,4,10.43,0,290,-1,2613.68
2,3,6,16,4,9.24,0,360,11,2892.2
4,0,3,5,,14.79,0,140,26,2334.78
1,3,6,15,3,4.14,0,114,26,2584.63
2,4,5,21,4,4.21,1,114,22,3604.14
3,0,4,4,,2.16,1,262,11,7781.95
2,4,1,5,5,7.44,0,123,-1,3555.51
4,4,3,7,3,1.71,1,249,-1,2849.38
3,5,1,3,,4.27,0,294,6,5779.65
1,2,5,4,3,7.4,1,90,-1,1709.88
3,6,6,15,4,14.38,1,48,-1,4521.37
1,5,4,2,3,14.47,0,272,0,2834.58
1,3,1,5,5,11.23,0,152,-1,3997.96
2,6,6,7,4,6.02,0,221,10,4757.18
2,3,5,17,4,13.02,0,141,-1,2597.66
2,2,5,8,4,13.17,1,220,23,2314.93
4,6,5,9,3,13.68,0,260,-1,2228.04
4,5,6,10,4,9.71,0,198,-1,3982.94
2,3,3,11,4,3.27,0,82,-1,2651.13
4,5,2,1,3,1.64,0,212,10,3654.21
3,2,1,15,5,13.75,0,306,-1,4911.3
3,6,2,8,4,1.12,0,212,-1,5373.52
4,6,5,19,,4.65,1,272,25,4425.22
4,0,2,12,3,7.46,0,125,-1,2203.64
3,4,6,6,3,0.62,1,60,-1,4007.39
1,4,5,10,4,13.63,1,346,-1,3610.35
3,5,5,5,4,4.52,0,30,22,4764.25
3,6,4,7,3,0.72,0,14,15,3577.22
4,3,4,7,4,14.91,0,359,-1,2492.58
3,5,6,9,4,4.88,1,39,-1,6055.91
4,5,6,15,4,13.19,0,320,24,3702.49
4,1,2,6,5,6.97,0,275,-1,4579.5
2,6,1,16,3,10.05,1,232,-1,2914.95
3,4,2,7,4,3.84,1,320,-1,4798.64
1,6,6,15,4,7.69,1,287,23,4086.39
2,2,1,2,3,4.09,0,239,5,2239.34
4,5,2,8,3,14.28,0,149,-1,2073.89
4,1,3,12,4,1.2,1,61,-1,2865.84
1,1,3,11,,4.34,0,220,20,4262.63
4,4,1,6,4,13.43,0,250,13,2948.44
3,4,4,20,4,7.36,1,10,-1,5133.48
2,4,1,13,4,9.12,1,37,21,3241.25
4,2,2,16,4,9.88,1,64,-1,3138.28
4,1,5,8,3,1.34,0,190,3,2892.44
1,3,3,17,,0.56,1,37,-1,3284.42
3,2,5,13,4,14.09,0,254,-1,4717.8
4,0,3,4,4,4.29,0,268,-1,3359.79
1,5,2,20,3,5.89,1,243,-1,3404.98
4,4,3,10,3,10.33,1,279,-1,3201.97
1,1,1,20,3,3.77,0,291,-1,2903.73
1,5,5,16,4,11.08,0,147,9,3199.62
3,6,6,17,4,7.04,0,42,-1,4998.98
4,2,5,8,3,12.89,0,108,-1,1730.55
3,0,2,11,3,4.39,1,98,-1,3366.6
1,6,6,5,,3.3,0,42,-1,2435.6
2,2,5,21,3,12.53,1,339,-1,2505.28
4,2,2,16,4,5.1,0,103,-1,4283.96
2,3,4,8,3,6.35,0,192,-1,1500.0
4,5,1,21,4,11.97,0,114,-1,4286.54
3,3,3,16,4,9.64,0,45,-1,4883.17
3,2,3,4,4,6.79,0,61,-1,4068.97
3,0,3,6,3,3.97,0,113,-1,3369.73
3,1,4,21,,11.53,0,197,-1,3237.44
3,1,1,8,3,2.95,1,251,-1,5009.87
2,6,5,9,5,13.95,0,104,-1,4070.03
3,5,5,13,5,2.51,0,28,21,6618.61
1,4,1,17,3,12.13,0,168,-1,1663.64
1,4,6,9,4,6.54,0,14,-1,2333.29
2,1,1,13,3,3.03,1,121,-1,1518.27
4,2,3,9,3,6.21,1,356,-1,2539.98
1,2,5,6,4,3.56,0,18,-1,2172.43
4,3,1,10,3,2.3,0,336,13,2869.97
2,5,5,5,4,3.82,0,95,10,4211.94
4,3,1,7,4,13.05,0,283,-1,3291.37
4,4,2,11,,1.86,0,185,25,3136.11
4,1,3,9,5,14.6,0,52,14,4533.51
4,6,1,10,4,0.37,1,297,27,4950.9
2,2,4,11,4,9.98,0,328,-1,3618.01
1,1,1,3,4,12.89,1,90,-1,2689.83
3,0,2,8,3,14.03,0,18,-1,2427.53
4,1,4,17,4,2.42,1,76,-1,4189.56
1,0,4,7,,10.56,0,129,-1,3738.21
1,3,1,12,4,1.88,0,145,20,2939.85
2,3,2,16,5,5.48,0,244,-1,3749.58
1,4,4,15,3,11.06,0,180,-1,1500.0
2,1,3,21,3,5.39,0,135,-1,1812.51
4,1,6,13,3,4.91,0,211,-1,2735.45
4,0,3,18,4,2.01,0,136,-1,3173.19
3,3,5,18,4,1.28,0,204,-1,5384.72
3,0,5,5,4,1.99,0,148,-1,3899.2
3,3,2,14,5,13.17,0,347,-1,5990.66
1,0,4,11,,0.46,1,43,15,4111.47
4,3,3,3,4,10.49,0,59,12,2893.51
2,0,3,17,4,11.6,1,326,19,4562.68
3,6,6,12,3,8.65,0,248,-1,3634.5
2,3,2,3,4,11.04,1,125,-1,2785.24
2,5,4,2,,9.89,0,44,10,2337.85
3,0,2,4,3,7.0,0,1,-1,3257.8
4,1,1,18,,5.93,0,161,-1,3431.73
3,4,3,20,5,14.14,1,196,-1,5885.62
2,5,2,21,4,14.59,1,193,-1,4145.76
3,5,2,14,4,9.87,1,317,15,5957.33
2,0,6,8,4,3.2,1,46,-1,2874.44
2,4,1,2,3,6.88,1,225,-1,2784.06
3,1,5,19,5,7.6,0,1,-1,5854.56
1,5,3,10,4,11.44,1,211,-1,4490.73
3,1,6,5,,10.12,0,214,14,3177.89
1,3,2,11,4,7.87,1,292,-1,2238.96
2,6,3,9,3,10.3,0,79,27,1500.0
2,4,5,16,3,0.65,0,118,13,1994.42
1,6,2,5,,11.72,0,85,-1,1886.38
2,2,1,15,3,3.41,0,318,-1,2367.14
1,3,3,14,4,9.95,1,55,-1,2959.21
1,4,6,9,4,1.98,0,62,-1,2771.58
2,0,1,20,4,1.98,1,7,-1,3751.65
4,6,5,5,,0.82,0,182,-1,4602.6
1,0,5,15,,13.68,1,234,1,3028.89
3,1,3,9,,9.19,1,89,27,3004.8
3,5,5,4,4,5.62,0,103,-1,4584.64
2,6,4,21,3,11.88,1,278,-1,3117.1
4,2,6,21,4,9.5,0,340,21,3535.09
2,0,3,4,4,9.42,0,249,-1,3693.46
4,4,4,20,4,7.46,0,127,-1,3480.91
1,6,5,21,5,0.42,1,359,-1,5757.56
1,6,3,7,4,4.1,0,179,-1,4057.99
1,5,4,15,3,1.9,0,92,2,3436.81
1,5,5,17,3,10.04,0,181,-1,2943.46
3,4,2,18,5,3.95,0,211,-1,5623.85
3,5,2,7,4,6.92,1,203,-1,6719.72
2,0,1,19,5,5.5,0,36,8,5368.92
4,4,2,10,4,2.41,0,217,-1,2556.15
1,4,4,13,,14.39,0,145,-1,3727.97
1,1,6,2,5,14.02,0,58,-1,3449.94
4,2,2,20,4,1.54,1,128,23,4726.44
4,6,3,11,3,12.46,0,140,-1,2807.89
2,1,3,5,4,7.48,1,32,-1,2888.97
4,2,3,6,5,11.67,0,21,17,4134.27
1,4,2,3,5,2.52,0,204,8,4192.08
1,6,2,1,3,2.24,1,71,-1,4678.72
1,5,1,3,4,13.39,1,180,0,3647.53
1,2,6,3,5,13.5,1,187,-1,4449.12
1,4,6,4,4,7.15,0,49,-1,1724.64
2,4,5,7,,13.09,0,321,17,4378.18
1,1,1,15,5,10.11,1,82,14,3921.56
2,1,4,11,5,3.02,0,23,-1,4677.78
1,5,3,18,3,5.14,0,68,-1,2266.11
3,3,2,12,3,2.3,0,7,-1,4151.53
3,0,5,4,3,11.68,0,248,-1,2831.34
3,3,5,11,5,14.78,0,98,-1,5194.06
3,3,2,6,4,8.33,1,321,28,5381.23
2,6,1,19,3,9.94,0,197,-1,3057.52
2,6,5,18,4,11.27,1,314,-1,4268.16
4,5,6,15,4,3.6,0,207,-1,4657.24
1,6,1,3,5,5.24,0,302,-1,5181.78
3,2,2,17,4,6.36,0,191,-1,3984.72
2,5,1,1,4,9.04,0,25,-1,3310.98
1,5,6,2,,12.8,0,147,-1,2011.04
1,4,3,19,5,4.04,1,348,-1,5318.93
2,4,2,9,3,7.22,1,3,-1,2428.11
3,4,6,8,4,11.35,0,64,-1,3847.33
4,0,2,12,,1.58,0,216,-1,3100.68
1,2,6,15,3,7.84,0,290,-1,1963.18
4,2,6,7,3,2.42,0,116,-1,2557.03
3,4,5,21,4,8.23,1,84,-1,4574.33
3,3,5,16,4,11.59,0,307,-1,4504.52
4,0,5,7,3,3.78,0,278,25,2551.77
3,3,3,20,,12.79,1,365,-1,3390.63
1,1,3,21,,5.22,0,275,-1,4833.47
4,2,6,12,3,3.1,0,345,2,2545.73
3,2,4,17,3,7.14,0,282,-1,3571.05
4,3,2,11,4,13.18,0,168,-1,3020.87
1,0,5,4,,1.31,1,25,-1,4194.73
3,2,2,19,3,5.12,0,363,-1,3329.16
1,3,6,2,5,9.9,0,39,25,3399.86
3,5,1,2,4,5.56,0,207,-1,5430.37
2,5,6,17,4,1.34,0,362,-1,3412.09
3,6,3,9,3,5.18,0,83,-1,3378.3
4,0,4,1,4,12.37,1,237,-1,3944.47
3,3,1,10,3,14.53,0,343,-1,3582.4
1,6,2,15,4,0.88,1,193,-1,4110.53
1,5,3,21,3,8.67,0,328,-1,2617.98
3,0,5,15,4,1.85,0,337,-1,4281.62
4,6,1,21,5,10.3,1,361,3,5743.06
2,4,3,2,4,0.42,1,349,-1,2960.11
4,0,2,14,3,0.52,0,258,12,2929.72
2,1,6,4,,11.72,0,191,-1,2587.33
1,4,2,18,4,1.39,0,284,-1,3048.09
4,6,1,9,3,4.79,0,181,-1,3685.07
2,3,1,2,4,14.38,0,6,-1,2881.79
3,4,6,2,3,14.78,1,152,-1,2637.67
1,4,1,18,4,2.67,0,298,-1,3516.98
3,6,4,17,4,8.55,0,261,23,5035.25
1,3,5,9,,8.52,0,78,-1,1500.0
4,3,3,8,3,6.95,0,39,-1,2729.1
4,5,6,2,,13.89,0,188,-1,2634.43
1,1,2,2,5,11.38,1,276,-1,4690.02
1,3,2,5,4,11.54,0,249,-1,2708.36
1,2,5,12,3,4.26,1,313,-1,2848.31
4,2,1,16,,6.68,0,108,-1,2954.51
2,1,1,14,,7.47,1,95,-1,1893.28
3,0,2,20,4,4.69,1,31,-1,5771.77
3,6,5,2,4,1.69,0,267,-1,5362.08
4,0,2,8,,2.16,0,235,2,4027.3
3,2,1,4,3,2.96,1,19,-1,3466.87
1,3,6,20,4,3.29,0,204,-1,3185.81
2,1,3,9,4,3.86,0,237,-1,3264.86
3,0,1,20,5,4.06,0,20,-1,6631.2
2,0,6,19,4,7.0,1,300,5,3042.91
1,6,3,2,,7.79,0,216,-1,3434.53
3,4,4,16,,4.84,0,120,-1,4865.14
4,2,5,11,,13.64,1,295,-1,4716.76
2,3,6,8,5,8.43,0,349,-1,4185.55
1,1,4,12,5,11.88,1,350,2,4161.61
2,0,1,3,4,13.89,1,261,-1,3336.32
3,6,5,13,4,2.7,0,254,-1,4610.53
3,4,6,2,5,6.59,1,10,-1,6159.74
4,2,1,13,3,6.67,0,63,14,2162.78
1,2,5,8,3,5.51,1,121,-1,2660.02
1,6,5,15,4,0.43,1,186,20,4039.68
4,1,1,21,,12.29,0,199,-1,1998.54
4,0,1,9,5,1.94,0,54,18,5544.52
1,1,6,11,4,14.93,1,294,-1,2820.81
2,6,5,21,,11.66,0,54,14,3037.22
2,6,6,3,,8.83,1,331,4,3813.28
4,1,5,7,4,2.57,0,130,-1,2819.17
2,5,6,14,4,7.88,1,79,13,4204.79
1,4,1,15,3,4.14,0,127,-1,1500.0
3,2,1,9,,4.01,1,218,-1,4205.22
3,5,2,20,4,12.49,0,271,-1,4521.48
2,3,6,11,3,5.9,0,260,5,1500.0
4,2,2,7,,6.93,1,250,-1,5086.61
4,2,2,12,3,12.69,0,295,23,2123.93
4,4,4,19,5,1.59,1,322,-1,6088.57
4,3,5,18,4,9.04,1,226,-1,3377.53
4,0,3,13,5,8.8,1,172,-1,5191.96
2,3,4,11,4,6.55,0,252,9,3025.45
3,0,5,1,5,12.5,0,23,-1,4251.58
3,3,3,6,3,14.16,0,284,-1,2705.83
2,1,2,21,3,7.14,0,125,24,1500.0
4,6,3,2,3,7.01,0,255,-1,2553.77
2,3,1,13,4,7.68,1,288,-1,3336.33
3,5,1,13,3,10.93,1,178,-1,3991.21
1,5,6,19,4,10.12,0,79,-1,3605.88
2,4,5,9,4,3.58,1,96,-1,2719.95
4,6,4,19,4,1.24,0,201,-1,4677.65
3,6,2,1,4,14.25,0,29,-1,4990.6
3,0,5,8,3,4.14,0,60,-1,2551.39
3,2,2,14,4,9.69,0,162,1,3867.76
3,4,1,16,4,12.48,1,262,-1,5267.5
4,5,4,4,5,4.71,1,142,-1,6147.23
1,5,4,18,4,9.64,0,351,-1,2975.6
3,0,1,14,5,1.89,1,65,-1,5751.69
2,5,3,9,4,14.56,0,223,-1,3342.95
1,5,4,15,5,1.15,1,219,-1,6352.76
3,0,3,3,3,6.74,1,340,-1,4268.54
1,5,2,4,4,8.19,1,272,-1,4387.49
2,2,4,18,5,11.92,0,18,-1,3743.52
3,1,6,14,3,2.08,0,269,-1,3433.67
2,4,1,15,4,6.78,0,48,18,1710.65
4,2,3,8,,4.71,0,306,8,5073.79
3,2,6,10,4,4.89,0,33,-1,4169.61
3,1,2,12,3,11.75,0,239,-1,3162.21
3,6,2,21,4,0.38,1,83,19,6441.55
3,4,4,9,3,11.31,0,175,-1,2765.97
4,2,4,8,5,12.21,1,322,-1,5072.28
3,5,6,17,3,13.55,0,313,16,3306.64
1,1,5,9,3,9.52,1,333,5,2561.3
3,6,5,13,,5.2,1,148,-1,4305.42
4,4,4,14,4,6.58,0,282,-1,4763.47
3,3,5,5,,14.56,1,156,-1,6148.67
1,0,1,9,3,13.25,1,231,-1,3238.44
4,5,6,16,3,7.11,0,206,-1,3042.56
4,1,1,19,4,14.16,1,171,-1,3075.66
1,0,5,7,5,12.4,0,165,-1,4320.26
1,6,4,12,4,13.55,0,270,14,3587.62
1,6,1,2,4,10.34,0,14,-1,3747.29
1,3,2,18,4,12.91,0,31,-1,2557.33
1,2,4,18,3,13.41,0,39,-1,1500.0
4,2,6,16,,1.65,1,75,-1,3981.69
4,4,3,11,4,14.49,1,211,-1,3262.03
3,1,3,2,5,5.2,1,90,-1,5424.43
3,1,4,14,5,6.77,0,257,-1,6160.99
2,6,5,4,4,11.94,1,232,16,4559.13
3,4,1,7,4,10.07,0,21,29,3816.58
3,0,1,2,4,13.43,1,153,-1,4098.12
1,2,4,21,3,6.19,0,135,-1,1724.99
1,2,2,14,4,5.79,1,291,-1,3566.23
3,6,6,7,4,0.77,1,100,-1,6299.41
2,1,5,9,5,7.1,1,80,6,4958.9
1,6,2,8,3,10.94,1,120,-1,2309.87
3,1,4,9,4,4.73,1,134,4,4081.98
3,4,4,7,4,7.1,1,218,-1,5019.35
4,3,2,19,3,3.53,1,233,-1,3768.87
2,0,3,17,4,11.66,1,217,-1,3902.0
4,5,4,13,5,1.19,0,338,-1,5078.94
2,3,6,11,5,10.67,1,264,-1,5026.37
1,3,5,18,4,5.87,0,234,-1,3033.11
2,1,2,17,3,0.91,1,58,-1,1502.59
3,1,3,16,5,12.85,0,64,29,5734.12
3,1,2,10,4,7.47,1,245,-1,5698.54
2,3,3,4,4,9.11,0,148,10,2863.43
2,6,3,4,3,11.06,0,176,-1,3086.25
2,0,6,11,3,9.93,1,32,-1,2223.88
4,6,5,21,3,11.04,0,144,14,2640.42
2,1,4,8,4,11.51,0,268,-1,2929.23
1,2,3,9,3,8.96,1,240,-1,1884.71
4,6,4,16,3,5.67,0,298,-1,2959.08
4,0,5,10,4,3.87,0,112,17,3433.4
2,2,4,9,4,13.57,1,328,-1,3014.97
1,0,6,3,3,14.56,1,320,-1,3000.65
4,1,6,2,3,5.56,0,39,-1,2116.92
3,6,1,9,3,1.95,0,161,-1,4202.66
4,5,6,13,4,3.57,0,35,-1,4239.51
2,4,3,6,3,10.16,0,364,-1,2216.26
1,1,5,4,4,2.84,0,205,-1,2364.83
2,3,6,14,3,11.77,0,234,4,2459.21
3,5,2,11,3,13.87,0,106,-1,4034.18
3,3,5,2,4,14.47,1,84,-1,4535.61
3,0,3,3,3,0.44,0,91,-1,5017.78
2,3,5,5,3,14.38,0,223,-1,1500.0
4,5,6,7,4,11.18,1,39,-1,3947.5
2,5,2,11,4,1.54,0,92,-1,3139.89
1,1,1,12,4,6.4,1,271,-1,4514.72
4,2,3,11,3,10.59,0,352,-1,2066.22
3,1,3,19,5,14.36,0,305,17,6755.87
2,0,5,13,5,2.71,0,233,-1,4971.64
3,3,4,4,4,2.18,0,42,-1,4561.13
3,2,4,14,4,7.24,1,342,20,5099.18
1,6,2,12,,14.53,1,132,-1,4534.57
4,4,1,2,3,14.58,0,64,-1,2054.59
1,5,1,8,,3.65,0,350,-1,3116.58
1,2,5,19,3,4.99,0,81,15,2459.68
1,6,5,13,,13.65,1,148,-1,5452.1
3,2,4,21,4,11.1,0,70,-1,3983.99
1,1,6,21,5,14.59,0,320,-1,3762.91
1,6,1,1,3,13.43,0,278,-1,2696.27
4,4,6,5,5,3.46,0,90,23,4796.75
4,5,1,11,5,11.47,0,254,23,5725.78
1,0,6,11,5,1.01,1,161,-1,4779.62
4,0,6,13,4,12.32,1,312,-1,3673.92
4,2,1,2,5,9.14,1,271,-1,4720.85
1,6,2,19,5,14.35,0,359,22,4481.14
3,2,2,16,4,14.41,0,339,-1,3233.31
1,3,5,5,4,1.05,0,175,8,2763.51
4,4,6,14,,2.66,1,280,-1,3591.44
3,5,6,19,4,7.42,0,195,3,5142.91
2,2,6,5,,13.23,0,159,-1,2405.85
3,3,6,21,3,12.27,1,300,4,3871.99
4,6,6,9,4,14.48,0,91,-1,2610.29
3,4,4,12,,9.39,0,167,-1,2635.41
1,5,3,16,3,4.07,0,140,8,2816.15
2,0,6,19,3,0.67,0,260,8,2450.5
2,3,4,15,5,3.58,0,144,-1,4520.33
2,6,2,17,3,10.23,0,238,-1,3129.37
4,4,6,15,5,13.92,0,70,-1,3780.12
4,3,2,3,4,5.02,0,186,-1,3071.2
2,2,5,17,4,13.17,0,34,-1,2072.42
3,1,3,13,3,6.11,1,183,-1,3787.97
2,0,1,9,3,4.83,0,143,-1,2279.35
3,2,3,13,4,7.78,0,307,-1,4253.85
3,2,6,16,3,6.8,1,154,-1,3890.18
4,6,6,19,4,13.73,0,189,-1,3457.49
3,6,3,14,5,7.18,0,261,-1,7217.58
2,4,3,8,3,4.38,0,102,-1,1500.0
4,6,5,19,4,12.69,1,279,-1,4153.2
1,3,2,3,5,14.98,1,242,-1,4305.84
1,0,1,21,5,9.83,1,86,16,5223.83
4,2,3,18,5,3.98,1,132,-1,5820.54
2,4,1,16,5,3.81,0,198,-1,4635.33
1,0,3,14,4,1.15,1,85,-1,2764.33
1,6,2,16,5,1.44,0,92,-1,5406.43
3,6,1,17,5,13.75,0,180,-1,6480.0
3,3,4,20,,1.72,0,158,2,5004.26
2,6,2,11,4,7.42,0,34,11,3893.39
4,2,1,13,4,10.56,0,97,-1,2397.97
2,5,3,11,4,12.8,0,146,-1,2867.22
4,2,3,4,3,2.82,1,33,-1,3258.76
1,2,2,14,4,6.74,0,210,5,3262.24
3,6,2,5,4,4.0,1,168,18,5666.84
2,0,3,4,4,4.06,0,121,6,2886.61
2,6,1,1,3,4.77,1,308,-1,3135.94
4,0,4,14,4,8.93,0,207,-1,2302.38
4,0,5,7,3,0.54,1,125,17,3073.61
2,0,2,10,3,6.31,0,191,11,2733.55
4,4,3,2,4,3.05,0,61,-1,3682.05
2,1,1,10,4,14.52,1,54,15,2817.21
2,6,2,3,3,8.87,1,347,-1,2853.09
2,4,1,21,4,13.06,0,10,29,2745.79
1,2,2,8,4,3.18,0,239,13,2847.12
4,4,3,10,,12.21,0,307,-1,4438.48
3,3,1,8,4,6.4,0,223,-1,4673.27
3,5,3,14,3,2.91,1,25,-1,4563.06
4,0,1,18,4,11.49,0,329,-1,3791.47
2,6,2,9,5,11.5,1,342,-1,5771.78
3,3,5,9,4,14.94,1,47,-1,3579.78
3,6,5,4,5,11.78,0,300,20,6422.2
4,5,4,3,,2.44,0,288,-1,4629.44
3,3,4,14,4,5.04,0,77,-1,4448.79
2,6,6,14,5,6.94,1,8,22,5068.07
4,2,3,21,4,2.16,0,333,-1,4033.15
2,0,1,16,,11.88,0,227,-1,3199.09
3,3,4,5,,8.04,0,246,-1,4520.89
3,2,2,20,5,14.18,0,104,-1,5623.7
2,0,5,15,4,8.96,0,1,-1,3709.06
1,1,1,21,5,7.99,0,269,-1,4618.18
3,2,6,9,3,1.35,0,163,-1,2864.92
1,4,5,7,,2.5,1,34,13,3532.19
3,6,1,13,5,12.79,0,63,-1,5527.76
1,0,4,8,3,14.86,1,105,-1,2136.17
1,3,4,12,4,6.4,0,243,3,3328.32
1,5,3,4,,12.21,1,352,14,5108.08
2,3,6,16,3,9.53,0,8,-1,1500.0
1,4,1,6,4,14.4,0,204,-1,4120.13
1,6,6,5,,3.8,1,42,-1,3941.07
1,4,2,1,4,8.31,1,265,-1,3463.63
3,3,6,14,3,6.31,0,184,-1,3646.99
1,6,4,9,,8.26,0,32,-1,2313.73
3,5,3,18,,4.25,1,53,19,4731.82
1,0,4,6,3,7.62,0,231,17,2257.43
1,6,5,15,3,9.48,1,268,-1,3899.37
2,2,4,16,4,1.49,1,151,-1,2943.24
3,6,1,8,4,11.22,0,61,-1,4399.74
1,4,3,19,4,10.69,1,167,-1,3087.93
3,4,1,5,3,13.24,0,314,-1,3901.06
3,4,2,14,4,6.56,1,311,-1,4082.33
4,5,2,7,4,1.21,0,63,-1,4422.87
2,6,4,4,,7.08,0,59,-1,5447.35
2,6,3,21,4,2.32,1,278,-1,5355.31
2,1,6,1,5,9.82,0,154,-1,4630.14
4,5,3,4,3,0.99,1,107,16,3526.95
4,0,3,14,,5.8,0,316,3,4056.17
2,0,3,16,4,1.52,0,299,-1,2400.0
4,0,4,7,5,0.35,0,56,-1,5668.43
4,0,1,10,4,14.42,1,42,13,3847.2
4,0,4,10,4,14.94,0,317,-1,2883.12
2,3,6,4,3,8.47,1,348,-1,2555.19
2,4,1,12,4,3.81,0,111,-1,2690.12
2,5,6,6,,13.69,0,329,-1,2248.78
4,3,5,13,,13.87,1,222,20,3023.77
2,5,5,21,3,12.86,0,194,-1,2835.3
4,1,1,1,5,8.3,0,180,-1,4581.83
1,6,4,8,4,1.4,1,170,-1,4423.45
4,2,6,16,5,1.6,0,359,-1,6365.16
3,4,6,5,,13.48,1,256,2,6492.5
2,1,2,7,5,13.17,1,48,-1,4014.46
2,3,6,3,5,6.69,0,47,-1,4268.1
3,2,4,21,5,5.12,1,226,-1,5130.23
4,6,2,2,3,9.77,1,206,-1,3929.71
1,1,4,2,3,12.16,1,225,25,1978.77
3,6,3,20,,11.06,0,180,-1,3915.51
3,6,6,10,4,9.35,1,10,-1,5753.51
4,5,3,20,3,3.7,1,316,27,4159.79
2,2,5,9,4,4.16,0,120,-1,2997.85
4,5,5,18,4,10.94,0,87,-1,4444.07
3,6,1,6,,12.1,0,100,-1,6349.39
3,1,6,20,4,2.01,1,98,-1,5215.66
2,6,2,6,4,3.05,1,21,-1,3977.68
2,3,3,10,4,10.3,0,103,5,3049.46
2,6,4,9,4,6.02,1,70,11,3771.49
4,5,6,9,5,8.58,0,285,-1,5777.07
2,2,1,3,3,9.34,0,315,11,1894.55
3,1,4,12,4,11.71,0,54,-1,4132.1
3,5,3,11,4,12.14,0,126,-1,4669.26
1,6,6,14,4,4.42,0,38,-1,4158.91
4,3,3,19,3,8.26,1,138,-1,2582.72
1,4,6,10,3,2.12,0,131,6,1641.99
3,3,6,19,3,12.68,0,235,-1,3038.71
1,6,3,5,4,12.73,1,160,-1,3729.62
3,3,3,9,5,4.7,1,44,-1,6403.39
1,4,4,1,4,2.66,1,164,-1,2906.93
2,3,1,15,3,1.33,0,339,-1,2192.07
1,4,3,4,4,8.75,1,225,-1,3895.96
2,6,5,7,3,1.64,0,148,25,2513.2
2,4,1,6,5,10.3,0,313,-1,4908.54
4,5,5,15,4,10.27,1,306,-1,4506.74
2,5,4,6,5,9.33,0,326,-1,5216.25
2,4,3,7,4,13.19,1,143,18,3200.85
1,1,1,20,5,5.86,1,223,-1,6328.24
3,2,3,3,3,13.56,0,177,-1,2699.07
4,1,6,21,,0.84,1,330,-1,3071.48
2,4,3,13,3,1.96,0,175,17,2680.35
4,2,1,2,4,6.36,0,28,9,3137.96
1,5,3,3,,9.03,1,297,-1,4277.12
2,2,3,13,4,0.78,1,97,25,3681.92
1,4,2,9,5,8.64,0,186,5,4073.86
4,5,2,19,3,4.82,1,329,-1,3705.73
1,2,1,18,,13.34,0,223,-1,1572.52
4,2,1,5,5,8.14,0,107,15,4764.84
1,1,6,10,4,8.94,1,83,-1,2038.2
4,2,6,14,5,14.2,0,257,-1,5219.63
3,6,3,21,4,11.53,1,135,-1,5598.09
1,4,5,17,,6.74,1,113,-1,3053.16
1,0,1,3,3,7.31,1,296,-1,3046.83
3,0,3,7,5,9.82,1,127,19,6613.5
3,0,5,9,5,3.24,1,88,-1,6188.74
1,4,2,5,5,1.6,1,138,-1,4424.52
3,0,6,4,4,4.88,0,23,-1,4449.13
2,1,1,3,5,11.74,1,34,-1,5171.02
4,4,3,13,4,4.08,0,132,-1,3524.37
4,6,2,9,4,2.22,0,105,-1,4169.85
4,5,4,7,5,3.52,0,269,9,5873.83
2,6,2,8,3,10.28,1,273,11,3032.23
3,4,3,10,3,9.33,0,103,-1,2021.91
3,4,6,1,4,10.42,0,173,-1,4653.74
1,2,5,20,4,5.03,0,224,-1,4445.9
3,2,4,21,4,13.54,0,67,-1,3259.18
1,2,4,21,4,6.94,0,56,-1,2461.51
2,3,6,1,5,7.85,1,39,-1,4297.18
4,1,4,19,4,14.25,0,212,-1,2398.09
4,4,1,2,3,14.7,1,172,24,2348.59
4,6,3,12,4,10.02,0,111,-1,4023.27
3,4,4,13,5,14.19,0,317,-1,5859.16
1,2,2,14,,8.26,1,278,3,2282.31
1,4,5,5,4,4.82,0,215,-1,4465.73
2,5,3,3,3,4.93,0,200,-1,2883.99
3,4,6,17,4,8.52,1,82,-1,4625.91
2,6,2,1,3,9.19,0,218,-1,2113.42
1,0,1,14,4,6.76,0,103,-1,2549.89
1,5,4,6,,13.29,0,50,-1,2944.95
4,5,2,17,5,6.57,0,256,6,5295.99
3,4,3,4,4,4.32,0,76,-1,4724.6
1,3,2,6,5,0.42,1,3,-1,4638.63
4,2,1,1,4,14.57,0,310,21,2901.95
3,1,5,9,3,12.42,0,88,-1,3339.9
2,1,4,4,3,9.35,1,137,-1,1950.47
3,0,3,9,5,12.51,0,249,16,6117.72
3,1,4,9,,12.21,0,362,-1,3827.84
1,1,4,13,5,14.0,0,29,-1,2990.77
1,2,6,17,3,5.98,0,223,4,2119.85
3,2,4,21,,8.46,0,157,-1,3708.88
1,3,2,3,4,1.75,0,4,-1,3510.9
1,6,2,6,4,14.49,1,270,-1,4075.75
1,0,5,20,3,14.78,0,47,27,1500.0
4,1,1,15,4,11.9,1,352,-1,3853.47
4,3,3,14,4,6.98,0,203,-1,2273.9
3,0,2,13,4,7.6,0,280,-1,4549.31
1,5,4,9,3,6.7,0,274,28,2549.78
4,1,1,15,4,4.61,0,58,-1,4045.17
3,1,3,14,4,8.06,0,180,20,4060.36
1,2,3,4,4,1.09,1,166,-1,3583.06
2,4,3,11,4,14.88,1,260,-1,2482.68
1,0,3,2,,6.53,0,212,0,4987.71
1,1,5,16,,13.93,0,99,-1,2394.53
4,0,3,19,5,10.95,0,18,-1,4537.35
3,6,1,16,4,4.56,1,323,-1,7296.89
3,3,2,7,3,3.56,0,23,-1,3531.02
4,3,1,11,,14.94,0,89,17,3871.16
1,4,4,12,,11.65,0,146,29,1500.0
2,1,6,4,,3.97,0,314,27,3374.93
1,6,5,16,,1.29,0,316,12,4346.94
1,2,5,16,3,10.54,1,31,21,1500.0
2,1,4,7,4,4.75,0,361,22,3225.9
4,0,1,13,4,3.55,0,44,-1,2913.9
3,5,1,5,,11.1,1,231,-1,5451.25
4,3,4,1,4,10.29,0,129,-1,2772.97
4,0,6,5,,7.38,1,224,-1,5159.29
1,4,3,14,4,14.16,0,300,12,2246.91
3,3,3,11,3,10.29,0,160,24,2025.99
3,2,2,2,5,13.43,0,278,-1,5588.9
4,3,1,18,3,3.1,0,225,-1,2889.97
2,5,1,15,,4.66,0,105,-1,3839.14
4,6,4,14,,1.84,0,68,0,1981.22
2,1,4,13,3,4.78,0,207,24,1500.0
3,5,3,2,,14.59,1,198,-1,4828.11
4,6,1,19,4,14.45,0,136,-1,2923.31
1,5,1,8,3,11.48,1,243,-1,3557.35
4,1,5,17,3,7.96,0,360,-1,3023.34
3,3,2,15,,11.78,1,87,6,5064.79
1,4,2,20,4,8.44,0,48,-1,1500.0
1,1,3,21,5,0.35,0,25,27,4958.83
2,1,6,14,5,7.67,0,223,23,4552.69
1,6,1,3,4,9.1,1,282,-1,3837.76
1,2,5,17,5,4.21,1,168,-1,4963.51
4,3,1,3,4,3.29,0,338,-1,3582.8
3,1,4,13,,4.32,1,210,-1,3966.47
2,4,3,18,4,9.47,0,106,16,1680.46
4,0,6,1,3,2.45,0,342,-1,2165.88
1,3,2,7,4,10.89,1,321,-1,3725.93
1,2,1,5,4,6.51,0,316,13,3358.65
2,5,6,2,3,5.49,0,322,-1,2872.56
3,1,3,17,3,12.17,1,321,15,3094.43
2,4,2,21,3,7.74,1,204,-1,1842.17
4,3,1,10,5,5.86,0,223,-1,4794.09
2,4,5,4,5,13.21,0,42,-1,4694.17
1,4,3,9,,5.71,0,106,9,2242.18
4,6,1,21,,12.93,0,61,-1,2098.1
1,5,2,11,3,7.71,0,12,-1,2642.97
3,2,2,12,5,3.36,1,82,-1,6848.58
1,3,5,12,3,9.31,0,279,20,1632.42
1,1,3,18,5,4.49,0,352,-1,5250.75
2,2,3,4,4,2.46,1,76,-1,3325.76
1,1,6,9,5,1.57,1,94,12,4745.39
4,0,1,8,4,3.85,0,165,24,2685.46
4,4,6,19,4,11.13,0,7,-1,3287.06
3,0,2,13,4,12.62,1,313,-1,4016.66
4,6,2,2,5,12.97,0,157,-1,4239.82
2,4,5,19,5,4.27,0,18,-1,4255.24
3,5,5,14,4,10.02,0,285,-1,4605.54
4,2,3,5,4,3.69,0,54,-1,2952.57
2,1,6,10,5,9.45,0,173,-1,4527.81
4,6,2,17,,13.34,1,165,28,5871.08
4,5,1,20,4,0.9,1,272,-1,5574.64
1,1,4,16,3,14.78,0,353,-1,1633.72
4,2,1,17,3,12.46,1,36,19,1500.0
4,3,5,1,5,11.5,0,310,-1,4598.4
2,6,1,21,3,10.46,1,324,10,3501.18
2,0,2,15,3,11.62,1,41,-1,2514.31
1,0,6,17,3,14.92,1,254,-1,2411.6
4,1,3,11,4,11.62,0,64,-1,3193.68
1,1,6,5,4,5.47,1,335,1,3924.7
4,1,4,4,3,9.32,0,93,-1,2996.85
3,6,3,21,3,5.25,0,9,-1,4043.03
3,2,4,9,,14.56,0,179,-1,3750.96
1,3,4,16,5,13.53,0,279,-1,4453.09
1,0,2,12,3,8.64,0,20,-1,1500.0
1,5,2,18,3,11.78,0,179,0,2737.01
2,4,5,3,,13.67,0,358,-1,2254.58
2,6,5,15,5,3.88,1,78,24,5680.77
2,6,4,18,,8.82,0,132,-1,2128.79
1,2,6,12,4,7.38,0,163,-1,2375.49
4,0,5,13,,11.64,0,114,-1,4094.64
3,3,2,1,3,5.87,0,277,27,3273.75
1,2,5,4,3,10.72,0,51,-1,1723.99
2,5,4,8,4,6.22,1,83,-1,3895.83
2,0,3,19,5,1.93,1,283,21,4487.62
1,2,6,21,4,1.87,0,286,-1,3239.31
1,0,6,21,,2.05,0,308,-1,4440.58
2,0,1,5,4,0.78,0,151,24,3334.75
4,6,5,11,,8.13,0,253,-1,4226.32
2,3,6,17,3,10.18,1,300,19,2693.44
2,6,2,17,3,2.16,0,129,-1,2309.74
1,4,3,2,,9.29,1,62,-1,3577.12
4,3,2,1,3,9.09,1,338,-1,3080.05
2,0,5,4,3,2.46,0,40,-1,2300.47
2,2,4,9,,6.24,0,88,-1,3947.06
3,5,1,2,5,11.4,0,278,-1,6455.28
1,3,1,3,3,0.55,0,177,-1,1911.3
3,4,3,6,4,2.46,0,329,-1,4448.58
3,0,6,13,3,14.94,1,160,-1,2915.32
2,5,6,15,3,11.08,1,42,-1,2136.64
1,3,6,11,4,7.12,1,54,-1,2752.53
4,6,1,10,4,9.56,1,50,-1,4230.83
2,6,4,3,3,12.74,0,353,-1,1645.6
4,3,6,20,4,12.68,0,164,23,3435.31
4,3,2,9,3,5.07,0,62,-1,2952.79
1,3,6,10,5,7.52,0,322,2,4078.17
3,5,4,21,4,9.68,0,248,-1,5569.13
1,6,3,12,4,1.36,1,326,-1,4233.91
4,2,3,8,3,14.2,0,106,23,1500.0
2,4,1,21,,6.66,0,176,17,3073.93
4,4,4,21,4,5.75,1,128,7,4401.32
2,0,2,21,5,13.63,1,254,9,4529.94
2,1,4,17,,2.04,0,192,12,2566.62
1,2,2,5,5,0.88,0,93,4,2968.47
4,6,2,8,,10.37,1,95,19,3850.95
3,0,4,18,3,5.96,0,176,-1,3489.92
4,0,5,11,4,11.54,1,46,-1,4002.02
4,3,4,10,4,1.31,0,126,-1,3481.14
3,1,2,15,5,5.94,1,265,-1,6286.01
1,6,6,6,4,3.76,1,299,-1,4666.93
4,1,3,19,4,11.17,1,239,-1,3827.32
4,2,3,17,3,3.64,0,299,-1,2323.2
2,1,1,10,3,7.03,0,224,-1,1500.0
4,0,3,5,4,12.34,1,364,-1,3450.86
3,1,5,16,4,13.76,0,3,-1,3998.75
2,1,2,12,4,10.92,1,63,-1,2876.25
1,4,4,21,3,6.61,1,309,-1,3228.73
2,6,4,5,3,8.71,0,235,-1,3083.78
3,6,5,21,4,10.44,1,252,-1,4962.87
3,0,3,1,5,13.16,0,168,-1,4979.42
2,5,2,2,4,13.36,1,29,-1,2644.82
1,1,3,5,4,13.99,1,70,-1,2462.53
2,1,1,19,,12.22,0,229,25,1749.81
1,3,3,15,3,2.46,0,349,-1,2601.09
2,6,1,1,4,11.29,1,135,-1,3658.42
3,1,4,11,4,12.27,0,84,-1,4778.06
4,6,2,18,5,13.2,0,364,-1,4691.71
4,1,6,3,,13.89,1,326,27,3046.71
1,4,1,9,3,7.78,0,196,-1,1848.97
1,0,3,4,4,9.93,0,159,-1,2104.8
1,6,3,13,4,0.44,0,207,-1,3701.77
3,2,4,9,3,8.72,0,39,16,2685.69
2,0,5,3,5,7.26,1,189,-1,5083.62
3,3,6,16,5,14.45,1,217,12,6012.39
4,0,5,8,4,13.56,1,154,15,3151.98
1,1,3,7,4,12.02,0,122,4,1628.09
2,3,5,17,4,1.14,1,219,-1,3383.55
4,0,6,16,4,6.21,0,288,-1,2727.0
4,3,6,21,3,10.53,0,321,-1,2401.94
4,2,2,18,3,0.74,1,104,-1,3575.91
3,0,5,16,3,3.77,0,78,4,3079.12
1,6,2,15,4,13.35,0,198,6,2107.84
4,6,3,2,4,2.21,0,211,-1,4050.77
1,5,3,20,4,1.06,1,12,-1,3906.17
3,1,3,4,4,8.83,1,351,22,5170.21
4,3,4,5,4,14.21,0,284,-1,2789.27
3,5,5,7,4,12.57,0,323,4,5772.08
3,5,1,15,4,14.63,0,137,-1,3357.04
1,4,6,17,4,11.38,0,355,-1,1951.88
4,3,1,10,4,6.73,1,75,-1,4109.75
3,5,3,20,5,14.22,1,185,-1,7006.57
4,4,5,9,4,6.57,1,213,-1,4400.83
1,5,2,16,3,5.45,1,354,-1,3336.39
3,1,1,3,5,6.89,1,185,20,6928.93
1,2,3,9,4,12.27,1,359,4,3606.65
4,4,1,8,3,13.79,1,208,26,2377.87
4,2,1,7,3,5.56,1,69,-1,2664.08
1,3,6,17,4,7.1,0,44,-1,1775.73
2,1,1,5,4,13.51,0,177,-1,2645.66
3,4,3,7,4,0.99,0,175,-1,4067.17
4,3,6,13,3,11.82,1,269,8,3047.63
4,5,3,18,4,6.98,0,352,-1,4393.81
3,6,4,14,,5.83,1,171,0,4438.04
1,0,4,18,3,6.87,1,243,-1,2972.63
1,3,4,3,,6.45,0,155,-1,2564.43
1,2,1,17,4,11.42,0,188,-1,3270.89
2,1,5,19,4,13.94,1,198,-1,2810.4
2,1,3,7,5,7.52,0,74,-1,4725.2
4,3,4,21,3,12.54,0,32,-1,2303.87
1,5,5,4,3,11.06,1,194,-1,2603.31
3,0,4,15,3,5.16,0,92,-1,3336.08
4,2,4,8,4,8.93,0,133,23,1673.88
3,3,5,16,,10.1,0,191,26,4164.18
4,3,4,1,4,0.65,1,105,-1,3301.64
2,6,1,16,4,6.12,1,230,7,4360.19
4,1,1,2,,14.89,0,298,5,3842.07
2,2,6,2,4,9.67,1,27,17,4618.98
4,0,1,8,4,5.21,1,313,-1,4425.78
1,1,2,12,,3.98,1,14,-1,3487.56
3,3,6,11,3,3.38,1,151,-1,3610.46
1,1,4,6,4,6.2,1,362,-1,2745.65
4,1,2,19,4,3.14,1,89,-1,3440.8
4,4,3,18,,2.29,0,189,20,2360.44
4,1,5,5,4,5.65,0,192,13,4016.44
2,5,3,15,5,9.22,0,25,-1,3467.67
3,1,2,8,3,2.45,1,109,-1,3896.39
3,5,1,6,3,0.95,0,350,-1,4776.15
4,2,4,12,4,0.81,0,128,-1,4212.77
4,1,6,19,4,4.23,0,81,-1,2793.75
2,0,4,12,3,3.09,0,208,-1,2004.27
1,5,1,12,5,8.23,0,45,-1,5143.69
1,5,4,9,4,7.0,1,0,-1,3562.09
3,3,5,10,5,5.07,1,50,21,6214.29
2,2,5,17,4,12.55,1,163,-1,2628.11
4,1,5,18,5,7.72,1,324,-1,5012.22
3,6,3,16,4,1.65,1,324,11,6700.87
2,0,1,4,3,4.65,0,321,-1,2674.19
1,3,5,18,5,14.61,0,98,-1,4109.35
2,2,2,3,3,14.66,0,285,-1,1500.0
1,5,5,16,,4.04,1,257,-1,6101.17
2,0,6,14,,2.76,0,99,-1,3117.76
3,1,3,9,5,7.59,1,358,7,7309.36
1,6,2,6,4,7.38,1,24,-1,2765.41
3,4,1,4,4,6.33,0,146,-1,3597.9
3,4,1,2,3,8.08,0,242,-1,3312.25
1,2,6,10,,3.71,1,70,26,3411.86
1,6,5,11,4,1.99,1,359,7,3893.47
4,0,2,7,4,8.69,0,13,-1,3150.89
4,3,6,5,3,14.01,1,288,-1,1978.87
4,0,2,4,,2.32,1,292,11,2755.0
3,6,5,6,4,10.66,1,362,-1,5142.23
3,5,5,2,3,6.74,0,285,-1,4601.73
4,4,4,2,4,4.62,0,205,-1,3573.42
3,2,4,16,5,12.84,0,268,-1,4713.77
3,1,5,13,4,7.01,1,337,-1,5087.55
1,0,3,21,4,8.87,1,293,0,4152.57
1,4,6,7,5,6.81,1,72,-1,4957.12
3,3,4,5,3,1.49,1,86,-1,4491.35
4,2,5,17,4,9.05,1,350,26,3966.35
2,1,2,13,,6.46,1,321,7,3772.18
4,0,6,15,4,1.58,0,165,-1,3052.24
2,3,4,3,4,9.06,0,296,-1,2705.14
4,1,3,4,,0.45,1,230,-1,3717.09
1,5,6,15,3,3.37,1,191,-1,3412.48
3,4,6,18,4,11.78,0,55,-1,3484.39
3,5,1,3,4,0.86,0,214,-1,4702.47
1,4,2,7,3,9.81,0,304,-1,1610.55
2,3,3,8,3,14.26,0,186,-1,1500.0
2,5,3,11,5,2.82,1,95,-1,5347.67
2,4,3,9,4,6.43,0,244,28,3487.18
1,2,2,20,4,8.76,0,166,-1,2627.85
2,3,3,12,5,6.92,1,310,-1,4862.42
1,4,1,5,4,9.42,0,258,-1,3247.28
4,0,4,1,,6.24,0,135,10,4579.78
4,4,2,14,5,2.48,0,206,-1,5577.28
1,5,3,3,4,1.61,0,248,-1,4087.18
3,2,5,15,4,11.24,0,253,-1,4173.72
4,1,4,10,4,3.81,1,328,27,3968.26
2,1,6,10,5,12.76,0,15,-1,3868.72
1,4,2,3,4,11.22,1,281,29,3754.88
2,1,5,6,3,1.03,0,159,2,1733.41
2,4,6,5,3,3.26,1,337,-1,2612.67
3,2,5,19,3,4.59,1,263,-1,4148.51
2,1,3,14,5,9.04,0,358,-1,4551.95
3,5,2,17,5,12.2,1,59,-1,6193.62
4,5,3,12,4,1.19,0,267,24,4638.41
1,0,6,9,4,3.97,0,186,-1,2954.34
2,4,1,3,,5.83,1,186,7,4759.66
1,1,5,18,4,3.0,1,43,-1,3983.78
2,5,1,4,3,8.32,1,165,-1,2111.89
1,6,6,14,4,7.33,1,152,10,4191.23
2,2,3,6,5,4.95,1,151,18,4307.87
2,2,4,15,,7.9,1,96,-1,2585.3
2,6,5,17,4,5.53,0,188,27,3717.51
2,6,4,5,3,5.34,0,136,-1,3344.43
2,0,2,6,4,4.2,0,216,-1,3120.17
2,2,5,21,5,8.24,0,339,-1,4827.21
2,2,1,5,4,6.83,0,303,-1,2351.04
2,1,4,19,,3.19,1,208,-1,3658.04
2,4,6,14,3,0.49,0,51,-1,1963.49
1,3,2,4,5,2.52,1,197,-1,4080.33
3,2,5,5,3,0.93,0,35,-1,3826.24
2,2,6,11,3,6.64,1,104,-1,1728.63
3,3,2,2,5,3.61,1,359,-1,7177.07
2,2,1,2,5,6.48,0,11,20,3683.88
2,1,6,20,4,5.14,1,167,-1,3807.69
1,1,5,12,4,8.21,0,213,-1,3138.12
4,3,2,16,4,10.94,1,41,-1,4484.17
4,5,3,17,3,7.35,0,348,28,3616.01
1,2,5,4,,1.21,0,341,-1,2203.66
3,5,5,14,4,0.56,1,66,-1,6435.5
4,2,5,7,,3.43,1,168,-1,2695.3
1,4,5,15,5,6.55,0,151,-1,3428.6
1,2,3,16,3,0.96,1,196,-1,2371.62
4,1,6,8,4,5.12,0,12,-1,3073.02
3,0,6,2,,13.34,0,228,-1,4521.3
1,6,6,19,4,1.62,0,161,-1,3684.84
2,0,1,1,4,14.24,0,102,-1,2492.17
3,0,3,4,5,12.89,1,130,-1,5931.13
3,0,3,21,4,12.53,1,95,22,4587.41
4,6,2,11,4,13.0,0,215,29,3714.65
4,5,4,10,4,1.48,1,200,-1,4606.33
2,6,6,18,3,2.52,0,130,-1,2620.69
1,5,4,1,,2.28,0,201,5,4317.75
4,6,2,17,4,1.94,1,290,-1,4921.32
4,6,3,16,5,5.12,0,275,24,5616.99
3,2,2,12,5,12.5,0,360,23,5660.04
4,5,5,16,3,4.0,1,331,-1,3657.08
4,2,2,9,3,3.89,1,47,8,3122.77
4,4,2,17,3,10.24,0,42,-1,1903.13
4,2,5,3,5,1.72,0,80,-1,5350.21
3,0,4,18,,5.6,0,67,-1,3343.15
2,3,5,15,4,4.64,1,233,-1,3243.31
2,3,1,15,4,12.76,1,240,17,2749.29
1,1,2,16,4,7.86,1,198,19,2608.49
4,1,2,20,3,9.8,1,182,-1,2918.54
3,2,4,1,3,2.2,1,209,4,4039.97
1,6,3,1,,13.96,1,153,-1,3460.32
1,6,5,4,3,5.04,0,158,9,2259.29
2,3,3,13,3,10.69,1,181,14,2224.86
3,0,1,4,3,14.33,1,183,-1,3019.89
3,5,5,8,4,7.78,0,55,-1,5314.85
3,0,1,13,4,7.76,0,126,-1,4025.92
2,0,1,8,3,2.02,0,52,25,1527.41
2,2,1,14,,6.04,1,199,-1,3769.44
2,2,6,1,3,12.83,0,33,-1,1500.0
2,4,5,9,,2.29,1,45,-1,2129.63
2,0,5,1,3,13.79,0,207,-1,2708.62
4,6,6,7,4,10.11,1,339,-1,4918.75
4,6,4,20,3,6.49,0,329,-1,3866.6
3,0,6,13,5,8.33,1,49,3,5663.4
1,2,2,15,3,2.51,0,196,-1,2448.5
3,2,3,9,5,3.5,0,10,-1,5634.47
1,4,3,16,5,4.51,0,230,23,4800.76
2,4,1,17,,5.96,0,85,-1,2470.9
1,1,5,9,5,13.76,1,330,4,5304.29
3,3,5,6,,5.7,1,145,-1,3839.3
3,0,1,20,3,8.0,0,158,16,3073.14
1,6,2,12,3,2.68,0,317,-1,2997.21
4,0,3,16,3,11.12,1,22,-1,2230.44
2,4,6,21,4,8.54,1,359,-1,3131.58
2,4,4,15,4,6.77,0,180,-1,3459.63
3,1,2,7,,14.22,0,61,14,2145.74
4,3,5,10,4,13.39,0,73,11,3360.65
1,1,1,4,3,9.99,0,16,-1,1500.0
2,6,3,3,4,13.85,1,296,-1,3597.16
4,3,1,18,5,8.6,1,254,12,5630.39
2,5,5,1,4,12.46,0,364,-1,3234.73
4,0,1,13,4,6.32,0,263,28,3482.18
4,1,6,18,4,1.58,1,304,18,3845.58
3,4,3,8,4,14.91,0,184,-1,4329.29
2,1,1,11,3,2.73,0,180,-1,1500.0
1,5,3,10,5,4.0,1,217,19,6041.83
3,1,1,4,4,2.7,0,105,3,5052.9
3,0,1,4,4,5.26,1,54,-1,5500.24
1,5,3,4,5,4.55,1,136,19,6282.65
3,4,6,12,5,9.14,1,287,-1,5629.25
4,4,1,8,4,14.95,0,342,-1,3237.98
4,2,6,13,,1.07,1,351,23,3841.11
2,5,2,8,4,11.74,1,56,-1,4045.86
2,2,4,21,4,2.18,0,99,-1,2063.97
1,2,2,3,4,0.59,0,4,9,2323.64
2,0,4,12,3,9.69,0,111,-1,1626.85
4,1,2,18,4,13.14,1,94,21,3638.71
1,4,4,15,,2.89,0,318,-1,3442.02
1,4,1,14,3,5.32,0,222,-1,2017.03
2,1,3,9,,2.78,1,185,25,4950.26
4,4,3,5,3,13.63,0,136,-1,1500.0
1,1,5,15,,4.27,0,224,-1,2177.28
4,5,4,8,,6.84,0,250,19,5416.89
4,0,5,3,5,13.45,1,354,-1,5853.94
4,0,6,12,5,8.43,1,25,-1,5329.98
2,6,6,5,4,14.01,1,190,-1,4418.18
3,0,5,9,3,13.92,0,193,-1,3751.33
3,1,4,20,5,7.09,1,289,-1,6911.41
1,6,3,3,5,8.86,0,336,-1,5513.36
4,1,4,8,3,3.69,0,5,2,2647.1
2,3,6,21,4,14.86,1,317,-1,2546.84
4,6,1,13,4,4.39,1,350,-1,5505.98
4,4,5,8,4,11.81,1,219,-1,4211.33
2,4,5,5,5,4.9,0,212,-1,4145.64
3,3,6,7,,4.9,0,74,19,2776.76
4,3,4,5,4,1.83,0,309,4,3412.26
4,0,5,9,3,8.53,0,163,7,2731.32
3,3,3,5,4,3.9,0,230,-1,4390.2
2,1,5,8,4,2.48,1,239,-1,3452.42
1,2,4,12,3,3.63,0,90,-1,2090.95
3,1,6,4,4,3.99,0,339,-1,4454.61
1,6,3,9,5,7.71,0,112,-1,4567.45
1,3,3,14,,5.97,0,339,-1,1891.47
3,4,5,19,4,1.41,1,129,-1,5585.45
4,1,4,13,3,8.18,1,100,-1,2425.95
1,4,5,3,4,11.88,1,26,-1,3455.04
1,1,1,4,4,8.74,1,17,7,2858.75
2,4,6,1,5,14.63,0,204,-1,3255.47
4,5,1,1,3,1.76,1,209,16,3954.83
1,1,3,11,4,12.37,0,10,3,1500.0
2,6,5,16,3,7.73,0,3,-1,1757.03
4,4,1,4,3,7.97,0,102,3,1855.6
3,2,2,7,4,7.93,0,204,-1,4235.23
3,6,1,12,3,5.08,0,82,-1,4074.16
2,0,5,6,,5.07,1,42,-1,2862.89
3,1,5,20,4,9.59,0,251,-1,4102.24
1,2,6,9,,0.96,1,38,-1,2692.06
4,0,1,8,4,8.96,1,314,-1,4615.27
1,1,5,14,4,10.95,1,152,16,3320.22
1,2,5,15,4,5.54,1,334,2,2854.36
3,2,6,21,4,3.5,1,242,29,5426.93
1,6,6,5,,3.44,0,83,-1,2476.4
3,5,6,15,,1.5,0,336,19,5139.72
4,2,6,6,3,1.62,1,54,-1,2941.81
4,5,2,1,5,2.75,1,320,2,6455.58
1,3,3,20,,0.58,1,92,-1,3496.72
2,6,5,9,3,4.21,1,107,-1,2996.67
3,4,4,4,4,4.8,0,338,15,3973.85
3,6,6,2,5,14.93,1,349,-1,6871.97
1,0,3,6,3,14.88,1,219,-1,1696.46
3,4,6,2,3,3.05,0,36,-1,2865.11
3,4,3,3,,3.43,1,233,-1,6314.65
2,5,4,7,3,7.53,1,121,-1,2432.1
2,4,1,20,3,2.49,0,74,-1,1501.29
1,2,2,17,4,7.71,1,207,-1,2994.06
2,5,5,9,4,6.17,0,337,-1,2739.18
1,4,1,9,,5.07,0,309,-1,3153.98
4,5,4,19,4,12.39,0,72,0,3429.43
1,3,2,5,5,12.47,1,90,-1,4371.06
4,5,2,6,4,14.82,0,365,10,3971.91
1,1,2,18,5,3.58,0,307,-1,4684.66
3,2,4,1,4,13.36,1,293,26,4785.58
2,0,6,17,,8.21,0,299,-1,1851.89
4,1,6,14,5,8.99,0,342,-1,4950.55
1,1,6,15,3,13.48,1,234,-1,1500.0
2,1,1,5,4,14.16,0,317,17,2553.69
1,4,5,17,3,10.98,1,213,-1,2201.14
2,5,2,21,4,5.41,0,67,-1,3366.76
2,5,2,21,5,7.5,1,223,-1,5710.08
1,6,1,11,4,9.34,0,215,-1,3036.95
4,4,6,10,3,12.48,1,165,-1,2254.97
4,2,2,17,3,9.97,0,60,-1,1978.19
3,4,2,1,4,5.67,0,283,-1,5113.26
2,4,4,5,3,6.44,1,69,-1,2144.57
3,4,3,16,4,1.04,1,352,28,4862.28
3,2,1,7,4,13.89,1,30,8,3356.21
1,6,1,12,4,1.6,0,184,-1,3926.39
1,2,6,8,4,8.82,0,126,9,2703.93
1,3,1,18,4,13.11,0,137,-1,2303.78
2,6,6,1,3,6.49,0,139,-1,2873.63
1,3,4,20,4,12.06,0,262,12,2127.06
1,3,4,12,5,12.12,1,87,-1,3953.53
2,3,5,4,3,1.18,0,155,-1,2854.42
2,5,6,12,3,6.36,0,330,-1,2775.81
4,1,4,1,4,10.46,0,275,-1,3070.79
1,1,6,1,3,6.51,1,119,-1,2003.13
1,3,1,3,3,8.31,0,320,28,1574.09
1,3,5,21,4,9.04,0,163,-1,2939.42
4,0,3,12,3,2.52,1,325,4,2773.78
1,1,2,21,3,6.36,0,137,-1,1562.04
4,0,2,13,5,0.72,0,230,-1,4759.36
3,6,5,13,3,2.5,0,299,-1,3079.97
4,0,6,21,5,7.83,0,201,-1,4688.26
3,4,6,9,,8.73,0,89,6,2986.08
1,5,6,18,5,2.45,0,232,-1,5362.69
3,6,3,1,4,11.41,0,73,-1,5441.26
4,2,2,6,3,5.78,0,288,24,2560.29
2,1,5,5,4,13.83,0,164,-1,2532.35
3,3,6,4,,6.0,0,140,-1,6648.06
3,6,4,6,3,2.5,0,357,7,4827.45
1,3,1,3,4,11.44,0,349,4,2272.98
4,2,3,17,4,8.65,0,87,-1,2629.82
3,6,6,11,4,5.98,1,353,13,5136.51
3,1,2,4,4,5.53,0,292,-1,5062.85
3,6,1,20,3,2.52,1,18,-1,5821.12
3,3,5,1,3,5.31,1,321,12,4232.95
2,3,6,4,,0.73,1,29,-1,3317.17
4,4,2,3,5,7.69,1,213,-1,6150.93
1,0,1,10,4,13.48,1,251,-1,3632.92
1,6,4,1,4,11.99,1,167,-1,3268.3
2,3,3,4,3,0.72,1,142,29,2436.87
4,5,5,19,4,13.25,0,197,-1,4029.11
3,1,2,1,4,6.95,0,355,24,4275.84
2,5,4,16,4,3.11,0,363,-1,3699.38
4,2,3,19,5,11.36,1,335,22,5615.83
3,6,3,20,3,5.05,0,84,-1,4701.94
2,4,4,21,3,4.02,1,353,11,3145.05
4,1,2,18,5,2.67,0,103,5,5214.19
1,4,3,2,3,7.45,0,117,24,2486.34
1,0,5,6,4,1.67,0,37,-1,2672.35
4,3,1,21,4,11.85,1,135,-1,3203.73
1,1,5,1,4,7.22,1,75,-1,3412.01
4,2,6,19,3,6.87,0,294,-1,2675.33
3,6,3,5,3,0.33,1,315,-1,4765.32
4,0,1,2,4,12.32,0,108,8,2755.35
3,0,4,1,3,7.54,0,55,-1,2942.39
2,4,1,16,,6.77,0,17,-1,2544.66
4,0,1,21,4,11.49,1,103,-1,3694.73
2,1,1,2,4,1.22,1,148,19,3431.49
1,4,3,4,4,5.69,0,218,5,1997.47
3,0,6,3,5,8.76,0,5,-1,5664.43
4,6,6,17,4,7.07,1,158,6,4557.33
2,2,2,15,4,2.97,0,97,-1,3248.66
3,6,6,10,,4.7,0,326,-1,6952.28
3,5,3,12,4,4.71,0,250,-1,5562.79
1,1,2,12,5,14.88,0,60,-1,2824.22
1,2,4,20,3,5.1,1,67,16,2253.13
3,2,4,7,5,3.32,0,252,-1,6169.08
3,4,4,10,4,12.39,1,316,0,5024.58
4,3,4,5,5,6.49,1,111,20,5638.76
3,4,4,20,,6.82,1,16,-1,6009.34
4,1,5,20,3,8.37,0,156,-1,2917.34
3,1,3,11,4,9.06,0,66,-1,4166.71
1,4,2,2,,8.98,1,314,9,3494.73
4,3,4,16,3,0.81,1,2,-1,2953.9
2,6,5,12,4,12.34,0,365,29,3068.77
1,4,6,16,3,3.16,0,102,-1,1738.37
4,1,5,4,5,4.6,0,154,7,4977.25
4,3,5,2,3,2.85,1,0,16,3147.36
2,1,3,10,,11.58,1,334,-1,3227.94
4,3,4,13,3,8.88,1,333,-1,2316.83
3,3,5,19,3,11.4,1,3,25,2998.7
2,4,5,15,,9.9,1,202,25,4159.24
1,4,4,1,4,1.83,0,32,23,2954.25
1,4,3,17,,4.73,1,10,-1,2810.88
3,3,5,20,,7.76,1,203,-1,7536.29
1,3,2,4,3,4.78,0,206,-1,1500.0
4,1,1,20,4,3.35,0,184,-1,3164.91
4,2,6,9,,13.09,1,153,-1,3365.37
3,4,1,6,4,11.29,1,343,10,4373.45
1,5,1,3,3,5.37,1,181,-1,3323.77
1,1,3,2,4,11.55,1,154,19,2536.62
3,1,5,18,4,9.52,0,227,4,4142.86
2,0,1,19,3,0.36,1,101,-1,2503.81
1,4,1,7,3,5.89,0,181,28,1588.44
2,6,6,3,3,4.57,0,257,-1,2961.76
1,1,4,18,3,3.5,0,264,-1,1832.09
1,0,5,20,,4.0,0,71,-1,1609.75
1,5,5,20,3,14.15,0,359,-1,2673.8
1,5,6,19,4,7.45,1,319,-1,4330.93
4,6,4,9,,12.76,0,240,12,4264.41
2,4,5,16,4,3.45,0,114,19,3046.2
2,3,2,6,3,2.86,0,64,26,1500.0
1,0,6,21,4,13.37,1,276,11,3027.07
1,3,3,12,4,7.59,0,142,-1,2323.99
2,5,4,6,4,13.46,0,216,-1,3407.96
4,5,6,13,4,1.23,0,166,-1,4080.79
3,2,1,5,,13.77,0,15,-1,4071.1
3,2,5,13,3,6.41,0,34,29,3616.31
2,6,2,20,4,2.58,1,278,-1,4206.01
1,2,2,7,3,10.35,0,139,-1,1500.0
1,2,3,12,,12.01,0,239,-1,4705.07
4,6,6,21,4,1.0,0,307,-1,5171.08
3,1,2,4,4,14.81,1,274,-1,4767.69
4,2,6,5,5,10.55,0,353,-1,4339.69
3,1,5,16,4,5.02,1,114,26,5097.4
2,1,5,4,4,2.52,1,86,-1,3741.29
3,4,2,8,3,6.07,0,138,-1,3818.29
4,1,5,16,4,3.54,1,42,-1,3636.15
4,1,6,8,5,7.56,0,353,-1,5722.35
4,2,5,17,5,11.79,0,68,-1,3805.28
2,1,1,14,4,10.0,0,164,-1,2893.39
3,3,6,12,4,6.71,1,152,-1,5065.34
3,6,4,3,4,2.05,0,151,-1,5635.32
4,2,5,20,,14.37,1,105,10,2335.33
3,6,5,2,4,4.27,1,289,-1,5205.39
1,0,6,13,,4.38,0,337,-1,3373.69
1,2,3,21,4,9.79,1,358,-1,3724.39
1,1,4,11,5,11.63,0,78,-1,3721.66
3,3,4,12,4,14.77,1,110,-1,4168.91
2,6,4,18,3,14.55,1,267,-1,2762.23
2,2,2,9,3,13.73,1,147,-1,1519.5
2,3,1,7,5,6.7,1,334,-1,6108.89
2,6,1,6,5,2.75,1,335,-1,6427.77
1,0,3,14,4,8.89,0,316,2,2373.17
1,5,4,18,4,0.55,1,70,-1,4634.94
4,0,4,14,5,3.18,0,240,-1,4598.76
3,5,5,5,5,0.34,0,227,26,7001.57
3,4,6,20,4,2.95,1,149,-1,4397.11
2,5,2,13,3,7.28,0,72,-1,1614.81
1,4,2,1,4,6.08,0,16,1,2878.24
2,2,3,12,3,5.73,0,96,-1,1683.45
4,4,1,19,5,12.52,0,257,5,4834.84
3,3,4,10,3,10.22,0,262,-1,2580.52
3,4,6,5,,14.07,0,222,-1,5296.36
2,3,3,20,4,6.85,1,13,-1,2986.47
4,6,2,6,4,4.3,0,259,10,4865.44
3,6,2,12,4,2.1,0,172,-1,5169.67
4,5,2,21,3,10.18,1,190,-1,3574.01
4,5,4,3,4,12.67,1,265,-1,4012.21
2,5,4,14,4,3.0,1,44,20,5207.29
1,4,4,21,4,13.22,0,215,0,3809.19
2,5,5,4,5,8.04,0,299,-1,4945.42
1,4,1,17,4,2.42,1,182,14,3809.13
4,4,2,17,4,9.75,0,145,-1,3012.07
1,1,2,14,4,7.94,1,10,1,3728.91
4,1,5,15,4,0.71,0,241,-1,4662.77
3,4,2,7,4,6.17,1,181,21,4320.17
3,6,2,4,,11.84,0,128,-1,3636.16
3,3,4,17,,8.46,0,52,-1,5358.38
2,2,4,6,4,4.45,1,351,-1,3097.61
2,0,1,11,4,13.95,1,207,-1,2927.64
4,1,2,12,4,3.8,1,205,-1,4403.5
3,4,3,15,4,4.02,0,32,-1,4858.85
2,0,2,12,4,5.51,1,82,-1,3211.41
3,1,2,11,5,13.45,0,24,-1,5761.88
2,2,1,17,3,7.76,0,73,-1,1500.0
1,3,3,8,4,10.33,0,131,-1,3134.39
1,4,2,12,4,14.65,1,151,-1,2137.57
3,2,6,9,3,11.81,0,189,-1,3276.4
4,6,6,11,5,2.84,1,339,-1,5521.02
2,1,3,3,3,11.89,0,217,22,1857.27
2,4,6,7,3,11.3,0,317,-1,1878.01
1,0,4,21,5,3.72,0,224,-1,3858.66
1,6,4,3,3,5.08,0,317,-1,2904.71
4,6,3,21,4,10.74,0,75,9,3981.54
4,5,2,16,5,3.8,0,165,-1,6145.47
4,3,3,10,4,3.36,0,144,3,4018.96
3,6,6,7,,10.64,0,9,-1,4785.63
1,1,3,20,,13.24,0,170,-1,1522.55
3,3,6,15,3,1.4,0,288,-1,3056.59
1,4,4,21,4,6.85,0,36,-1,2712.41
1,5,3,21,3,9.23,0,119,-1,2523.46
2,2,5,10,4,10.24,1,173,-1,2794.37
1,3,6,12,4,14.94,0,364,9,2593.66
1,0,5,18,4,10.34,0,37,-1,2692.61
3,1,4,9,3,9.42,0,20,-1,2435.85
1,0,2,9,4,14.85,0,160,-1,2552.31
3,3,6,4,4,1.19,0,217,-1,4889.93
4,5,2,5,3,1.39,0,243,-1,3360.82
1,2,4,7,4,8.54,0,42,-1,3022.58
1,2,2,7,4,5.57,1,117,-1,3039.47
3,0,6,11,5,1.72,1,93,22,7371.82
4,4,1,10,5,4.8,1,323,-1,5897.82
2,4,6,11,4,10.21,0,197,-1,2772.08
4,5,6,18,4,13.25,1,250,-1,4807.86
3,2,5,12,3,1.69,0,191,-1,4166.7
4,0,1,16,3,8.24,1,319,29,2423.77
3,0,1,4,5,4.65,0,124,19,5682.07
3,0,1,17,3,10.11,0,36,-1,2723.89
2,3,6,17,4,8.38,0,78,16,3695.64
1,5,4,21,3,13.92,1,103,-1,1803.43
3,4,1,5,3,0.85,1,150,-1,4290.61
3,4,3,13,4,7.21,0,233,-1,4125.61
2,3,2,3,3,3.13,1,72,3,1937.22
3,1,4,17,,8.19,1,33,-1,4783.25
1,3,3,11,3,12.85,0,362,26,1724.54
2,5,6,1,4,13.7,0,161,-1,3507.08
1,0,6,18,4,6.15,1,207,-1,3624.51
1,3,3,17,4,12.23,0,259,-1,2299.26
2,0,5,9,4,4.42,1,336,16,4100.54
3,5,5,20,3,0.39,0,203,-1,4607.17
1,6,3,7,4,12.87,1,196,8,3520.17
1,5,5,5,4,2.06,1,229,7,4081.47
1,2,2,16,5,0.56,0,99,-1,4287.9
1,0,2,7,,5.5,0,93,12,2521.96
2,4,6,13,3,5.88,0,62,-1,1500.0
2,3,5,13,3,1.44,0,333,14,2555.62
4,6,1,15,3,12.27,0,193,-1,3278.11
4,5,3,17,3,6.26,1,283,-1,4197.93
1,0,2,17,4,7.5,1,276,-1,3394.25
3,6,5,19,4,4.19,1,206,-1,5725.85
1,1,5,10,5,7.82,0,363,27,5113.0
3,2,2,2,3,11.57,1,86,22,2751.81
1,1,2,14,5,13.62,0,137,29,3268.34
4,5,1,3,5,14.57,0,25,-1,4065.53
4,1,5,7,5,6.57,0,289,11,4756.4
3,1,5,11,5,14.85,1,257,-1,7298.92
1,2,4,17,,4.64,0,171,24,2267.15
3,2,6,15,4,0.4,1,238,28,5501.63
4,2,1,19,4,11.58,1,42,17,3172.52
1,6,2,11,4,2.92,0,307,-1,3840.13
1,2,2,15,5,1.07,0,109,28,3985.37
3,1,3,15,4,13.88,0,146,28,3551.46
2,4,6,6,3,11.94,1,122,-1,1500.0
3,4,2,15,,1.81,0,304,-1,5525.32
4,2,5,9,4,11.72,0,238,-1,3077.2
4,6,2,5,5,12.71,0,190,-1,4735.0
4,3,5,19,,13.61,1,115,-1,2985.16
4,0,5,5,4,8.29,0,156,6,2265.14
4,5,1,13,3,10.64,0,331,-1,3434.3
2,6,2,18,5,11.5,1,206,-1,5494.04
1,3,1,20,3,10.42,0,52,-1,2101.86
3,5,6,17,,9.81,1,97,-1,6321.19
3,3,5,15,3,8.35,1,27,-1,4145.37
4,3,6,14,3,7.34,0,212,-1,2692.09
3,4,2,16,3,14.94,1,144,18,3360.66
4,0,6,4,4,5.26,1,244,-1,4141.78
2,3,6,17,4,1.6,1,247,-1,3266.37
2,2,2,20,3,11.55,0,337,-1,3303.64
1,5,1,14,4,3.44,1,23,2,4163.9
2,6,1,18,3,8.13,0,252,-1,2602.62
2,4,5,6,5,1.71,0,343,-1,4533.97
1,5,5,8,3,9.4,0,331,-1,2796.2
3,2,2,9,4,14.18,0,35,-1,3982.95
4,2,2,1,4,10.92,1,196,-1,4078.94
4,3,4,13,5,3.45,1,183,-1,5511.91
3,2,4,3,5,14.58,1,66,-1,6105.3
1,0,3,6,5,4.81,0,32,-1,4747.92
3,2,5,17,3,6.72,1,166,-1,4557.71
2,3,6,8,5,7.62,0,339,-1,4567.87
1,5,3,6,4,14.86,0,185,-1,3841.63
1,2,3,16,5,1.31,1,11,-1,4443.49
1,4,1,1,4,10.54,0,244,25,2642.76
4,6,6,10,5,5.62,0,83,-1,4868.83
3,4,1,18,,1.45,1,336,-1,4633.29
1,4,4,14,4,14.04,1,42,-1,2839.63
1,5,3,5,4,8.97,1,106,-1,4154.92
1,1,4,17,4,11.38,0,12,-1,2695.16
3,6,6,14,4,3.83,0,338,-1,5061.44
4,4,6,18,4,11.49,0,89,-1,3323.76
2,4,5,4,4,12.48,1,115,4,2320.42
4,1,2,20,4,6.63,0,105,-1,2858.86
1,5,1,2,,8.71,1,172,-1,3826.82
4,6,5,7,,14.59,0,344,-1,2461.35
4,4,5,7,5,12.75,1,22,-1,4500.56
2,3,1,7,4,6.84,0,290,25,3113.22
3,5,1,13,3,10.07,0,240,0,3894.29
3,6,6,19,4,11.83,1,95,-1,5140.62
4,4,6,6,3,0.66,0,309,4,3570.49
4,4,3,20,3,8.95,0,124,-1,2442.95
3,1,4,17,4,14.77,1,233,-1,4564.16
3,6,6,18,4,14.22,1,176,-1,4794.93
2,3,5,1,,12.54,0,69,-1,1905.07
1,5,3,13,4,1.86,1,205,-1,3995.93
4,2,3,19,5,14.91,1,232,-1,4870.28
3,0,5,16,,9.26,1,119,9,3540.91
4,3,6,10,3,3.58,1,292,-1,3074.6
4,2,5,13,,10.21,1,118,-1,4121.44
3,3,2,10,,12.89,1,21,-1,4448.13
2,6,6,14,4,1.95,0,248,-1,4492.0
4,2,4,9,,13.77,1,211,12,2778.21
2,6,5,21,4,13.83,0,184,-1,3885.54
3,2,6,11,4,0.5,1,326,-1,5234.64
1,3,1,3,5,13.53,0,187,-1,4542.4
1,1,2,8,4,14.22,0,182,-1,1920.63
4,3,4,12,4,0.85,1,40,-1,4758.07
3,6,6,3,,4.62,0,27,-1,7298.0
2,3,1,7,,5.78,0,286,23,4879.53
4,2,6,14,3,5.43,1,20,-1,2995.48
3,0,1,7,5,11.46,1,73,-1,4901.19
3,2,4,7,4,5.56,0,306,-1,4000.68
2,4,2,14,4,14.36,0,35,24,2457.99
4,3,1,12,4,14.93,0,18,-1,2372.72
3,5,3,1,4,4.96,0,261,25,5755.31
3,3,4,5,3,7.78,0,175,-1,3022.43
3,1,4,11,4,8.5,0,14,-1,3776.41
2,6,5,1,,8.82,0,109,-1,3414.96
4,5,2,13,3,5.8,1,108,-1,2634.71
4,2,3,17,4,2.74,1,123,-1,3048.05
4,1,3,3,5,1.1,0,304,-1,5047.41
4,3,5,10,4,1.86,0,17,-1,3211.63
1,2,1,19,4,13.55,1,83,13,2680.43
1,2,1,7,5,4.42,1,192,-1,4949.55
4,4,3,20,4,1.43,0,187,2,2299.09
2,4,2,3,3,9.47,0,163,-1,1654.8
1,0,1,12,4,1.41,1,209,-1,4360.93
3,4,4,10,3,1.33,1,19,-1,3503.74
1,6,6,21,,9.44,1,250,-1,4221.19
3,5,5,12,,8.99,1,112,11,7421.95
4,2,2,15,4,0.91,0,316,9,3466.62
1,4,1,6,4,7.07,0,356,24,2038.55
2,0,6,19,4,6.71,1,314,26,4078.03
1,3,3,5,3,8.34,0,149,27,1500.0
1,5,5,20,4,11.15,0,323,-1,3454.53
1,4,1,2,4,4.46,0,259,-1,2550.88
4,2,3,21,3,6.66,1,82,17,2173.73
2,3,1,19,5,11.95,1,313,-1,4287.38
1,6,5,19,,13.86,0,57,-1,2355.36
2,2,4,4,5,13.4,1,53,-1,4730.31
4,3,4,20,4,7.32,0,27,-1,3630.22
3,6,6,5,4,7.96,0,360,-1,5417.27
1,6,3,7,3,8.08,0,204,14,2228.97
2,5,4,4,,13.07,1,56,20,3289.72
2,2,5,11,,12.65,0,63,4,3711.51
4,4,3,3,,4.88,0,91,-1,3876.8
1,4,1,5,5,2.69,0,285,-1,4925.96
3,0,2,20,4,5.87,0,341,-1,4535.49
2,3,1,15,5,4.54,1,22,-1,5040.16
1,0,5,21,,14.28,0,17,-1,3121.03
3,1,6,18,4,4.21,0,253,-1,5790.45
2,4,3,16,4,2.96,0,80,26,2447.43
2,3,1,16,5,13.52,0,181,-1,3907.02
3,5,3,10,3,1.57,0,350,-1,4004.36
3,0,4,1,5,4.13,0,135,-1,5171.2
4,5,2,11,4,6.75,0,106,25,3661.08
1,5,5,17,,9.05,0,133,-1,3539.31
1,5,1,15,3,5.12,0,199,-1,2904.12
4,0,2,7,4,7.59,0,253,-1,2839.66
2,1,5,6,4,3.22,1,295,-1,2865.44
3,6,5,15,5,8.74,0,178,10,5559.09
3,6,6,15,4,6.29,1,46,-1,5987.47
3,0,4,7,,12.78,1,222,-1,4310.25
2,6,6,3,,6.41,0,114,5,5028.38
3,2,6,14,4,6.82,1,325,-1,5058.17
3,6,3,9,5,9.0,1,195,-1,6563.32
4,4,3,3,,2.11,1,248,7,4388.24
2,0,2,6,,2.6,1,225,-1,3459.77
1,6,4,20,4,11.92,0,282,27,1768.51
4,0,5,9,4,4.32,0,53,0,2606.56
4,1,4,1,3,10.37,0,141,-1,2683.85
1,2,4,9,3,1.73,0,232,-1,2705.58
4,0,2,12,5,12.38,0,149,-1,4325.51
2,4,3,4,4,14.83,1,196,-1,3200.6
3,6,4,16,,5.79,0,55,-1,6272.84
2,4,4,5,3,7.73,0,363,-1,1710.28
1,6,4,17,5,6.81,0,209,-1,5157.2
1,0,1,17,4,13.44,0,315,-1,2057.39
4,5,4,6,,0.45,0,50,-1,4560.59
2,6,4,15,4,9.91,1,127,-1,4316.1
2,5,5,1,5,9.89,1,256,-1,5887.35
1,2,6,13,4,5.92,0,11,18,3151.12
2,4,1,16,4,3.52,0,23,-1,2817.23
1,5,4,2,3,3.82,1,125,-1,2434.05
2,4,6,19,4,12.07,1,330,0,3257.66
2,6,4,2,5,1.27,1,170,-1,6237.05
2,6,2,21,3,8.59,1,104,12,3462.77
1,2,2,12,4,4.81,0,220,-1,3490.13
4,6,6,12,3,4.2,1,56,10,3749.21
2,2,1,8,,7.73,0,148,-1,5046.13
1,5,5,12,5,13.5,1,39,-1,5252.62
1,6,1,11,,9.39,1,32,19,3174.75
2,0,1,2,3,11.89,1,160,-1,1640.89
2,3,2,1,4,9.13,0,107,-1,2604.68
4,1,2,4,3,10.56,1,64,-1,1500.0
1,3,5,9,4,6.66,1,75,-1,3006.71
1,3,4,7,3,13.91,0,45,-1,1855.46
3,4,5,10,4,7.68,1,363,-1,5578.45
1,2,4,20,3,8.41,1,234,-1,2502.36
4,4,6,14,3,8.02,1,113,-1,2495.79
3,5,6,1,3,4.95,0,307,-1,4646.42
3,1,3,5,,3.7,1,123,-1,4972.95
3,5,2,13,,1.39,0,285,-1,4911.26
2,0,3,6,,10.86,1,142,28,1821.16
2,1,3,17,,4.55,1,136,-1,3486.25
1,4,2,15,,6.02,1,246,-1,3110.38
3,6,3,7,,13.82,1,287,-1,4334.61
4,6,1,8,5,8.63,0,71,-1,5329.12
2,4,4,21,4,1.73,1,282,-1,4102.02
4,5,5,2,3,12.05,1,41,-1,2635.81
4,4,2,18,4,4.07,0,263,27,3652.8
2,4,1,21,,8.42,0,220,-1,1857.11
2,3,6,7,4,7.8,0,266,-1,2640.24
2,0,5,20,3,3.8,0,242,-1,2133.83
2,6,5,16,5,2.0,0,43,-1,4435.33
3,3,5,19,4,3.41,0,288,12,4313.36
3,4,3,9,4,1.73,1,66,-1,5178.39
3,2,3,12,3,4.35,0,310,-1,3950.3
3,3,3,14,3,14.96,1,268,-1,3887.9
1,4,3,7,4,6.21,1,35,-1,2432.95
3,6,1,2,4,13.0,1,86,-1,4568.74
2,4,3,17,4,8.37,0,25,-1,2523.63
4,0,2,11,4,10.1,0,293,-1,3064.08
3,5,5,18,,2.6,0,99,-1,4062.62
1,1,1,12,4,4.34,1,150,-1,2904.12
2,3,6,3,,7.8,0,135,-1,2499.15
4,3,3,21,4,13.25,0,269,1,2570.89
4,3,6,14,4,0.93,0,279,-1,4141.3
3,4,5,15,4,7.75,0,100,-1,4753.09
4,0,1,19,,1.05,1,152,24,4996.28
3,4,5,10,5,7.02,0,117,1,6362.58
3,4,6,9,4,9.54,1,238,-1,5714.09
2,5,1,10,3,11.25,0,16,-1,2056.8
2,2,4,20,4,2.34,1,131,-1,3610.55
1,0,1,4,3,2.75,0,250,7,1784.13
2,3,3,19,4,7.21,1,84,-1,3841.46
2,1,6,10,5,14.97,0,211,-1,3140.81
3,3,5,17,,5.53,1,364,-1,4540.01
2,4,5,12,4,6.58,0,104,-1,3096.34
3,0,5,1,,6.66,0,336,12,4807.88
3,6,2,11,,1.49,0,98,-1,6791.76
2,0,2,13,3,11.68,0,40,-1,1883.43
1,0,3,1,5,4.02,0,59,7,3334.09
1,2,4,1,4,10.64,1,86,-1,3400.81
4,3,2,21,3,7.28,0,42,7,2274.67
4,2,1,16,5,9.29,0,307,-1,5212.68
2,6,6,7,,1.09,0,20,-1,5054.31
1,6,3,10,4,13.38,0,151,-1,3729.8
3,5,4,16,5,3.88,0,121,-1,7084.82
4,1,1,1,,10.15,0,171,-1,1898.1
3,5,5,9,4,12.03,0,210,16,4713.12
4,4,2,6,3,8.24,0,132,-1,2168.56
2,2,1,15,4,5.26,0,299,28,2537.13
1,2,4,4,4,14.68,0,218,24,2411.8
4,5,3,15,3,4.39,1,333,-1,4458.9
1,4,1,10,4,14.25,1,64,21,2422.97
3,0,3,16,3,2.6,1,158,-1,3358.07
2,4,5,13,3,6.02,0,300,-1,2739.44
1,3,4,19,4,2.34,1,113,-1,3585.56
2,5,4,20,4,0.33,1,73,17,4463.34
1,4,2,4,4,4.13,0,310,25,3170.72
3,0,6,20,3,1.58,0,59,13,3012.91
3,4,4,16,4,14.8,0,253,-1,4841.63
2,2,1,11,3,11.5,0,242,-1,1571.92
3,1,1,15,4,0.35,1,114,-1,3942.56
4,2,1,11,5,3.59,1,294,-1,5392.64
1,6,5,11,3,10.15,0,103,-1,3021.61
3,1,4,3,4,6.16,0,47,-1,4134.3
4,6,4,17,3,12.53,0,79,14,3333.64
2,4,1,5,,7.72,0,26,27,2697.64
4,3,2,13,4,9.91,0,271,-1,3022.42
2,4,2,10,5,9.08,0,232,-1,4000.03
2,0,4,5,4,9.68,0,253,-1,3343.89
1,4,4,12,4,3.68,1,364,19,3926.15
1,1,3,8,4,5.79,1,346,0,2895.74
4,2,4,12,3,1.04,1,136,4,3308.18
1,3,1,16,5,8.94,1,152,25,4422.2
1,6,6,2,4,7.05,0,343,-1,3634.39
1,4,5,3,3,11.48,1,57,-1,2703.68
4,4,4,18,4,3.33,0,219,-1,4637.05
3,2,4,17,4,6.72,0,17,20,3790.86
1,3,1,2,3,2.96,0,89,-1,1500.0
1,5,3,12,,9.33,0,329,-1,3716.68
4,6,6,17,4,12.77,0,176,-1,4189.85
3,4,4,6,4,11.55,0,43,-1,3803.07
1,4,2,17,3,14.18,0,202,-1,1500.0
2,5,2,2,5,14.58,0,109,-1,4065.23
4,6,2,8,3,11.65,1,192,9,3546.26
1,1,5,14,,4.52,0,336,-1,2363.89
1,1,5,6,4,3.52,0,127,-1,2658.04
2,0,6,9,3,6.88,1,9,-1,1984.87
2,2,4,1,,14.91,0,318,11,1811.76
4,3,4,5,3,6.37,1,93,-1,3105.08
4,4,4,7,3,3.23,1,301,-1,2919.29
2,6,5,9,,14.18,1,224,-1,2288.5
4,4,6,14,4,5.97,0,257,-1,2854.51
2,0,4,9,,10.46,0,223,16,3239.72
1,6,1,4,4,11.89,1,258,7,4745.54
2,6,3,20,3,12.69,0,35,4,1553.62
2,4,2,15,5,12.37,0,260,-1,5122.0
3,2,2,4,3,12.59,0,275,-1,4108.6
2,0,1,3,4,10.11,1,258,-1,2875.35
2,2,4,21,3,6.24,0,258,-1,1909.62
3,0,6,14,,10.11,1,355,-1,4163.17
4,4,6,9,4,12.6,0,325,-1,3148.49
3,0,5,19,4,5.45,1,227,-1,4839.21
1,1,4,6,,4.66,0,87,-1,3315.93
3,6,6,3,4,5.35,0,302,-1,5698.66
1,3,4,18,,8.4,0,101,-1,3636.27
4,4,2,16,4,1.07,0,292,2,4025.94
3,5,2,3,4,11.75,0,7,-1,4873.86
3,3,5,2,3,2.34,0,101,-1,3309.7
4,4,2,2,,2.25,1,112,-1,2664.01
1,3,4,10,4,3.21,1,207,-1,3158.01
3,1,1,15,4,8.78,1,362,9,4732.76
1,3,5,3,4,4.5,1,44,-1,3029.11
3,0,1,8,3,5.71,0,9,-1,3481.22
2,3,4,18,5,14.0,0,341,-1,4753.41
3,4,5,11,,12.75,1,231,7,5970.47
4,5,1,7,4,12.83,1,232,-1,4598.04
4,5,5,19,,8.79,1,342,26,5713.39
1,2,4,7,5,13.04,1,168,-1,4312.05
3,6,6,2,5,11.74,1,267,1,7359.44
1,3,5,6,4,14.31,1,236,-1,3014.28
1,5,6,5,4,1.25,1,263,4,4371.33
2,3,4,14,3,0.72,0,300,-1,2079.2
2,6,5,18,4,2.87,0,87,-1,3825.96
4,5,5,4,4,13.96,1,153,-1,4059.49
1,6,6,4,4,9.2,1,341,-1,3718.99
4,3,2,13,3,6.56,0,106,-1,2709.39
3,4,6,21,,7.84,0,216,-1,5603.77
1,3,6,1,4,12.5,1,158,-1,3501.64
1,6,6,20,3,13.96,0,311,-1,1801.08
3,4,4,5,,11.03,0,353,-1,5281.15
3,4,3,3,5,11.47,0,36,-1,6067.36
4,2,6,21,5,5.01,1,71,9,4688.06
4,5,5,19,4,7.17,0,120,-1,3958.66
3,0,1,13,3,13.31,0,171,-1,2870.11
4,4,2,7,3,11.85,1,226,16,2352.25
3,6,6,10,3,10.36,0,216,13,4735.47
1,5,6,3,3,1.26,0,94,-1,3170.34
1,1,2,2,4,0.88,1,176,-1,3934.08
2,3,6,7,4,2.22,1,86,1,3830.93
1,6,5,9,,8.85,0,101,4,2054.74
3,1,3,21,,8.18,1,323,-1,6575.66
4,6,6,12,4,14.16,1,355,-1,4661.14
2,3,2,10,4,10.51,1,126,-1,2445.97
4,2,6,19,4,4.62,0,69,10,3047.68
3,6,4,13,4,2.67,0,222,-1,5668.58
1,4,5,10,4,12.79,1,259,24,2506.99
2,0,5,5,4,7.06,0,276,-1,3051.24
3,4,3,15,4,9.91,0,297,-1,4259.22
2,3,4,21,4,8.61,0,83,-1,1837.43
2,6,4,3,5,1.88,0,133,-1,5593.04
1,0,3,8,5,1.14,0,254,-1,5650.11
3,4,1,6,4,5.84,0,10,-1,4074.51
4,0,6,19,3,5.61,1,209,12,2765.78
2,3,4,17,5,10.2,0,72,26,4074.5
2,2,1,10,4,9.59,0,139,-1,2810.58
4,2,1,1,4,14.54,1,286,10,3006.13
3,6,5,13,4,12.91,0,158,-1,4964.81
2,4,6,10,3,7.6,1,170,-1,2153.85
2,1,5,12,,7.65,0,185,-1,1500.0
2,3,2,2,3,10.21,0,49,11,1500.0
3,4,5,10,3,1.98,0,246,13,3698.76
3,4,4,21,4,15.0,1,353,-1,4342.5
4,2,4,1,3,7.93,0,207,-1,2528.85
3,6,6,1,5,13.68,1,40,-1,6621.43
3,0,1,20,,14.52,0,111,13,3436.05
1,3,4,15,4,8.85,0,203,-1,3611.2
4,0,5,1,3,1.82,0,204,-1,1911.92
2,5,5,21,4,8.73,1,171,-1,3510.45
3,5,6,9,3,9.09,0,126,-1,4319.84
2,3,5,7,,11.9,0,65,-1,2711.5
2,6,3,16,5,1.01,1,270,-1,6030.05
1,1,6,16,4,7.15,0,33,-1,3408.68
3,5,6,13,3,13.86,0,197,-1,3505.78
4,2,4,10,4,14.87,0,43,-1,3140.44
3,1,6,18,4,3.11,1,252,10,4432.06
2,4,2,9,3,13.1,0,160,23,1500.0
4,5,4,12,,2.45,1,334,29,5160.52
3,2,4,13,5,12.67,0,354,-1,5939.61
2,4,3,11,3,4.38,0,347,-1,1820.86
2,1,4,15,5,14.41,1,361,-1,3983.93
1,3,1,10,3,10.52,0,117,28,2376.55
1,4,5,10,3,6.17,0,295,28,1981.13
1,0,5,9,4,4.43,0,261,23,2576.91
2,3,6,3,3,3.76,0,74,-1,1548.32
3,3,3,16,4,10.31,1,13,-1,4945.15
1,1,5,12,3,13.47,1,4,-1,2429.65
3,1,1,17,4,11.4,0,300,-1,3926.7
1,2,3,15,3,12.57,1,186,15,3166.03
4,2,2,3,4,11.79,0,200,-1,2950.79
4,0,5,5,4,14.69,0,298,-1,2768.34
1,3,4,13,5,11.44,0,250,11,3856.49
2,6,1,6,4,3.39,1,154,-1,3711.98
1,0,1,9,4,11.94,0,196,0,2848.58
1,0,5,19,4,5.03,0,68,-1,2482.74
2,6,6,7,5,14.94,1,47,-1,4579.82
4,6,2,13,3,5.84,1,248,7,3585.23
3,6,4,5,4,4.6,1,231,-1,6330.99
1,1,2,16,4,3.82,0,110,-1,1812.37
2,0,2,4,3,9.98,1,328,-1,2601.17
1,0,5,5,5,1.91,0,280,-1,4230.67
2,4,4,20,4,14.32,1,135,-1,3481.64
3,6,5,19,4,4.63,0,77,-1,5960.52
3,6,5,6,4,4.64,0,230,-1,5230.75
4,2,6,4,4,0.98,0,254,-1,4610.23
2,2,1,1,5,3.92,0,159,-1,3924.84
2,3,6,17,,6.46,0,60,22,3530.39
4,2,6,9,4,5.73,1,86,-1,2879.66
4,5,5,16,3,4.31,1,0,3,2818.57
2,3,6,2,3,0.9,1,110,-1,2468.51
4,6,6,11,4,4.72,0,158,-1,3484.71
3,4,3,5,5,11.74,0,233,-1,6968.29
1,2,4,13,,6.75,1,69,7,1904.63
3,4,1,20,3,4.57,0,363,8,3190.33
4,2,4,17,3,4.78,0,80,-1,1984.36
2,2,1,15,4,8.45,0,201,-1,3098.59
2,4,3,12,5,4.74,1,92,-1,5035.73
3,0,5,6,,9.57,0,361,-1,3820.62
2,0,1,20,3,14.84,0,71,-1,1500.0
4,0,1,13,4,0.91,1,56,-1,4627.31
3,5,1,18,5,2.78,0,10,-1,6683.41
2,0,3,15,5,2.93,1,145,-1,4970.24
1,2,4,15,4,6.87,0,147,-1,2863.52
1,6,3,8,3,0.91,0,207,-1,3008.14
4,1,1,19,4,7.32,0,90,-1,3147.68
2,4,6,14,5,13.96,0,86,-1,3403.83
4,6,1,7,5,0.47,1,108,-1,5555.33
3,1,6,14,4,5.66,1,282,-1,5633.21
1,6,5,5,4,11.49,1,204,11,3934.24
3,5,3,15,5,2.57,1,96,-1,6757.61
2,1,6,21,4,1.44,0,264,-1,3377.91
4,3,3,15,3,9.57,0,268,-1,2975.81
4,0,2,4,4,0.45,1,263,-1,4681.94
4,5,4,1,5,12.09,0,113,-1,5674.64
3,6,2,17,4,1.28,0,311,-1,5041.7
1,2,6,20,5,8.01,1,218,20,4471.46
3,0,2,1,4,11.18,1,232,-1,4472.53
3,0,4,16,3,3.86,0,96,-1,3543.85
2,1,6,13,3,1.82,1,6,4,2690.83
2,3,5,18,5,2.88,1,76,4,4896.33
2,0,5,10,4,12.86,0,127,21,3051.24
1,6,4,18,3,10.67,1,183,28,3124.17
1,6,4,17,,3.21,0,103,-1,5600.3
2,4,6,9,4,10.83,1,83,-1,2025.23
2,4,3,14,5,10.72,0,292,20,4542.86
1,0,6,21,,14.97,1,63,16,3830.1
4,1,3,13,3,6.06,1,232,-1,3137.73
1,1,3,20,4,13.01,1,16,-1,2830.05
1,2,3,20,5,6.86,1,92,-1,4778.6
1,5,6,14,3,13.5,0,276,-1,2475.51
2,5,1,11,,1.65,1,77,20,5173.81
4,5,1,13,3,2.88,1,360,10,4122.56
1,3,5,17,4,12.79,0,110,20,2133.68
2,1,1,3,4,12.34,0,341,-1,2605.91
3,2,1,1,,4.79,0,307,16,5718.54
3,4,3,21,4,9.07,1,76,-1,4899.25
1,6,3,5,4,5.93,1,233,-1,3626.5
3,5,4,13,5,0.45,1,94,-1,7094.14
4,4,3,5,3,0.68,0,267,-1,3318.55
3,4,6,5,3,1.1,0,351,-1,4266.8
3,0,4,12,3,9.03,1,45,-1,3453.92
4,3,4,2,4,4.4,1,325,-1,3174.99
1,2,1,16,,2.42,0,214,19,3924.27
1,3,3,17,,14.13,1,326,14,4464.02
4,0,1,5,4,2.08,0,275,6,3449.94
4,2,3,12,,10.21,0,67,6,2089.33
4,2,1,15,,13.44,1,340,6,5240.52
3,1,1,6,3,2.71,1,299,22,4049.01
4,3,1,13,5,3.46,0,285,14,5175.87
2,3,6,11,,8.74,1,286,-1,2529.81
3,1,5,17,,7.77,0,126,-1,2489.3
1,4,1,9,4,7.96,1,232,-1,3100.34
1,0,2,16,3,8.45,0,181,-1,2253.54
1,3,2,17,,14.26,1,13,-1,2448.77
3,1,2,20,4,1.09,1,101,16,5430.89
2,6,6,18,3,11.48,0,150,10,1917.04
4,2,4,13,,3.72,1,324,-1,3518.87
4,5,1,11,3,5.79,0,179,-1,2656.73
1,6,2,13,4,1.61,0,177,-1,3485.71
1,1,6,13,4,6.85,1,212,-1,2948.0
3,5,4,12,3,12.12,1,32,-1,4069.1
2,4,2,14,4,1.75,0,8,-1,2659.26
4,0,3,13,4,4.35,1,350,-1,4651.91
3,5,5,9,,5.78,1,263,-1,5197.14
4,4,1,14,4,1.83,0,202,-1,4039.7
1,5,5,1,3,11.51,1,262,19,3834.29
4,2,5,9,4,11.87,0,148,-1,2769.78
2,2,3,4,5,12.59,0,91,-1,4632.97
2,2,3,12,4,8.88,1,52,-1,2328.43
1,2,3,14,,7.76,1,14,21,2773.26
2,1,4,9,3,4.16,1,51,-1,1718.81
2,2,2,3,5,9.93,1,199,-1,4837.56
3,6,1,6,4,6.84,1,36,-1,4822.32
4,2,3,3,4,14.57,0,346,28,3310.62
1,6,6,1,3,14.53,1,78,-1,3584.22
1,1,1,21,5,13.61,0,316,5,3880.43
1,2,1,3,3,5.59,0,149,-1,1500.0
1,4,1,14,4,5.71,1,35,11,3026.04
1,4,3,20,4,12.83,1,93,-1,3309.96
2,3,3,2,,11.02,0,352,-1,2961.83
3,4,2,12,3,10.65,1,190,-1,5237.23
1,0,3,10,3,4.41,0,165,-1,1789.69
3,0,3,13,5,12.55,0,39,-1,6061.87
3,0,1,20,,8.82,1,63,-1,3654.72
2,1,2,4,5,6.87,1,183,2,5797.03
1,4,5,19,4,13.02,1,269,-1,3133.0
2,6,3,1,5,6.09,0,129,13,4952.67
1,0,6,11,5,9.91,0,238,-1,3497.22
2,3,3,16,,7.15,1,274,-1,3132.37
3,1,5,19,4,9.01,0,77,-1,3908.98
1,3,1,19,4,0.9,0,326,-1,3507.84
4,4,2,12,4,7.08,1,124,7,3582.67
3,2,1,3,4,8.48,1,8,-1,5675.18
4,3,4,18,,7.54,1,288,1,4471.06
3,2,3,17,3,12.76,0,126,-1,3119.26
2,1,6,5,4,4.87,0,215,15,1772.42
1,3,4,16,4,13.3,0,115,-1,2300.2
3,3,3,14,3,6.23,1,316,-1,4217.44
2,5,4,19,4,10.51,1,105,9,3636.85
1,1,5,6,5,1.57,1,212,25,5933.02
1,1,3,3,4,3.24,0,43,14,3196.55
3,0,6,6,5,11.49,1,64,-1,6134.64
1,4,3,12,4,0.48,1,84,-1,3651.46
3,3,4,20,4,14.54,1,56,6,3944.25
1,3,2,11,4,3.1,1,231,24,3517.51
4,6,4,7,3,13.55,1,279,-1,4539.35
2,1,3,1,4,7.88,0,101,-1,2477.71
4,1,3,16,3,8.6,1,171,-1,2031.2
3,4,2,16,,1.54,0,104,-1,6692.97
4,1,1,17,,5.67,1,5,-1,3227.09
3,2,2,15,3,2.6,1,33,-1,3796.6
1,2,1,21,4,8.03,1,26,6,2598.01
1,5,6,9,4,8.4,0,17,-1,4081.22
3,2,3,5,3,10.73,0,4,23,2781.04
4,2,5,20,3,13.21,0,117,1,2186.79
1,4,5,8,5,7.18,1,95,-1,5140.59
2,3,4,21,4,3.73,0,212,-1,3072.79
1,2,2,1,3,5.2,0,254,16,2507.25
2,5,2,7,4,12.75,1,43,-1,3521.99
4,1,5,11,,2.44,0,353,-1,2341.18
2,2,1,20,,9.52,1,92,-1,1500.0
2,5,2,21,,0.49,0,246,-1,6072.09
2,4,1,13,4,3.91,0,260,-1,2888.61
2,6,1,13,3,8.99,1,316,-1,3213.39
1,6,1,7,5,7.01,1,250,2,5879.34
2,6,1,11,,7.56,0,241,25,3821.2
1,1,4,18,3,10.01,0,347,13,1598.69
2,5,4,1,4,3.75,1,133,15,3883.99
3,2,5,12,5,4.43,0,74,-1,5820.02
4,3,4,3,4,10.36,0,294,-1,2080.06
2,1,6,1,4,8.21,1,239,-1,2244.76
3,1,2,4,,0.51,1,135,-1,5322.4
2,6,6,6,4,10.15,1,226,-1,4871.51
2,3,4,5,4,9.42,0,83,-1,2813.52
2,6,2,11,,1.46,0,245,5,4829.0
3,1,2,20,3,11.29,1,242,-1,4087.4
4,2,1,13,5,7.97,0,85,27,4822.52
3,6,5,11,3,3.31,0,111,22,3496.04
4,6,1,6,4,8.52,1,68,-1,4533.94
2,6,1,19,4,9.05,1,361,-1,3770.15
1,1,6,15,4,13.83,0,285,-1,1930.01
2,2,4,21,4,11.21,0,150,-1,2754.88
4,3,6,13,4,4.74,0,175,-1,3374.8
3,0,4,10,3,2.04,1,197,10,4334.87
2,3,6,1,4,12.84,1,41,12,2716.04
3,2,2,13,5,12.74,0,28,-1,6201.96
3,4,4,6,5,2.88,0,84,-1,6209.17
3,6,4,21,4,1.21,1,326,-1,5697.69
2,3,6,20,4,10.76,1,228,-1,3227.8
3,4,3,12,3,10.92,1,172,20,2706.79
3,4,2,17,4,2.9,1,40,-1,4240.03
2,2,2,18,4,10.12,1,200,-1,3043.67
3,2,3,8,3,4.4,0,318,-1,3672.38
2,6,6,14,5,4.13,0,99,-1,5115.47
4,0,6,5,5,5.07,0,350,26,5012.07
4,5,2,2,3,7.95,1,219,6,1957.02
4,1,6,11,4,12.13,0,146,12,2246.35
3,3,5,3,4,7.63,0,64,5,3815.4
1,2,5,16,3,4.68,0,92,-1,2091.19
1,3,3,21,,13.29,0,201,-1,2447.37
3,5,4,16,4,1.11,0,291,6,5582.35
1,5,5,9,,12.02,0,209,-1,2332.72
2,6,6,13,4,11.83,1,219,-1,4759.97
1,4,3,10,5,4.03,0,299,-1,4733.26
3,6,5,17,4,3.21,0,262,-1,5279.16
3,1,1,21,4,13.16,0,37,15,4568.88
2,0,3,17,4,8.52,1,104,-1,2803.37
4,3,2,10,5,0.98,0,250,21,5108.21
3,1,5,8,5,13.4,0,253,11,4887.8
2,0,2,7,3,5.43,1,277,-1,2893.46
1,3,3,14,5,5.33,1,236,-1,5031.01
1,1,5,18,,9.76,1,202,15,2584.12
2,2,2,21,3,10.02,0,53,-1,2203.99
2,3,4,19,4,5.49,0,210,-1,3925.05
3,1,4,18,4,2.41,1,5,-1,4711.39
1,5,1,14,,8.42,1,200,-1,4282.84
2,0,6,10,4,9.49,1,363,-1,3430.57
1,1,3,1,3,12.95,1,284,1,2292.52
2,2,6,9,3,7.42,1,42,21,2104.13
1,6,6,18,4,9.79,1,194,-1,4706.08
4,3,2,13,3,1.1,0,247,23,2544.16
3,3,1,17,3,13.45,1,364,-1,4557.11
1,3,3,16,3,5.11,1,317,-1,2346.44
4,2,4,11,5,9.59,0,268,-1,4450.74
1,0,6,9,5,13.77,0,191,18,3719.63
1,3,2,7,3,12.21,0,46,-1,1500.0
4,0,6,1,,9.67,1,187,-1,2811.84
1,1,5,9,4,10.64,1,270,10,2456.23
1,5,4,10,5,13.84,1,260,-1,4507.19
3,5,6,16,3,12.24,1,68,-1,3777.83
4,0,5,21,5,9.26,0,257,13,4903.86
4,0,5,18,4,9.98,1,113,-1,3598.57
2,5,2,14,5,2.46,0,293,-1,5342.63
1,3,2,11,3,7.21,1,241,4,2499.64
3,4,5,4,5,4.72,0,93,-1,5594.14
1,4,1,19,4,6.65,0,181,11,2671.41
1,2,6,13,5,10.04,0,294,8,4648.85
2,6,5,1,,2.49,0,252,-1,4069.89
1,5,5,21,4,0.56,1,19,-1,4460.62
3,5,2,19,5,6.13,0,249,12,6787.97
3,2,6,15,4,5.04,0,284,-1,4637.06
2,4,3,20,4,6.48,1,16,-1,3459.15
1,1,4,15,4,13.99,0,50,-1,3268.32
3,3,2,11,4,10.69,1,135,2,4241.56
1,3,6,5,5,5.11,1,148,-1,4441.09
1,1,6,10,3,2.94,0,150,-1,2562.3
1,1,1,18,4,9.39,0,114,19,2216.47
2,4,4,7,,9.97,1,346,-1,4796.86
1,2,2,1,4,7.41,1,261,-1,3132.52
3,1,2,3,5,3.43,0,179,-1,6331.42
1,2,3,1,5,0.72,0,135,-1,4306.62
3,6,1,17,4,4.21,1,98,-1,5170.44
1,0,1,15,4,7.02,0,324,-1,2683.46
3,3,6,5,,11.88,0,288,-1,6060.85
3,4,6,16,5,12.85,1,189,-1,6170.38
1,3,2,12,5,6.37,1,190,-1,4982.47
1,4,3,19,,12.0,0,215,5,1928.34
3,0,2,14,3,14.9,0,159,-1,2162.5
4,3,5,3,4,10.83,1,310,19,3985.02
2,0,6,19,4,11.01,0,288,-1,3434.9
4,4,5,1,4,13.67,0,165,-1,3290.36
4,1,3,21,3,5.27,1,257,0,2748.11
1,6,2,1,4,0.46,1,235,-1,4417.67
2,3,6,10,4,14.81,0,208,-1,1877.83
4,0,3,3,5,7.51,1,228,-1,5405.56
1,5,2,13,5,11.85,0,65,19,3802.39
4,3,2,6,4,12.24,0,221,-1,2602.18
4,3,5,11,4,6.14,0,14,27,2987.47
1,3,4,6,4,8.26,0,316,-1,2516.91
1,2,1,3,4,8.24,0,158,28,2864.83
1,0,6,16,4,3.54,1,244,-1,4311.43
2,0,1,9,4,2.03,0,250,-1,3301.67
4,3,3,8,3,8.29,0,165,-1,2590.61
1,1,1,3,4,2.07,0,156,-1,2874.65
3,3,5,5,3,5.39,1,205,-1,4249.5
4,2,4,21,3,3.04,0,120,-1,2314.88
3,4,6,14,4,10.69,0,170,-1,4374.24
2,2,2,5,3,13.12,0,121,-1,2108.91
1,1,2,19,4,8.8,0,278,-1,3278.14
3,3,5,5,3,6.33,0,24,-1,2413.45
2,0,6,21,4,14.95,0,155,-1,1706.46
1,6,1,20,5,0.61,1,98,-1,5916.79
3,5,2,20,4,4.77,1,349,5,5908.72
3,3,1,2,,4.4,0,218,-1,5098.15
2,1,5,7,5,5.54,0,199,-1,4420.16
1,0,2,1,4,3.69,0,82,-1,2425.73
1,2,3,21,3,4.18,1,364,28,2309.97
3,4,4,18,,4.09,0,363,-1,3355.08
3,4,1,10,4,7.73,1,275,-1,4988.33
3,6,6,6,4,6.05,0,221,-1,5488.56
1,3,1,7,,9.7,0,28,-1,2044.83
2,2,1,12,,7.86,0,135,20,3517.57
2,6,1,18,3,3.0,0,61,-1,2346.2
1,5,5,11,,12.21,0,165,22,5192.39
4,5,5,19,5,7.24,0,130,24,5764.38
2,6,6,4,5,2.55,0,258,-1,5923.04
3,1,5,19,5,2.75,1,310,-1,7013.01
4,4,6,13,3,12.02,1,205,-1,2206.41
4,2,6,19,4,10.63,0,162,11,3791.76
2,3,5,2,3,7.75,0,299,-1,1500.0
4,0,2,9,5,4.8,0,171,20,4909.92
4,3,5,8,4,7.07,1,168,-1,4431.51
2,3,2,21,,9.66,0,154,-1,1752.22
2,2,3,14,5,13.23,1,91,29,4402.2
4,4,5,9,3,8.47,1,155,-1,1981.17
3,2,3,13,,4.37,0,4,-1,3789.38
1,0,5,18,,0.93,1,170,-1,2904.56
4,6,3,6,4,2.88,1,190,15,4507.57
4,2,4,3,4,9.86,1,38,-1,3716.24
3,1,3,10,4,2.66,1,9,9,5206.51
4,3,2,10,5,7.38,0,62,11,4728.81
4,4,1,10,,10.57,1,264,-1,3090.06
1,5,6,9,4,4.83,1,83,-1,4472.3
1,0,3,12,4,10.14,1,28,-1,3142.04
1,5,1,8,,8.84,1,212,-1,4002.75
2,3,4,9,4,6.75,0,354,-1,2261.3
2,2,4,17,3,13.49,0,220,-1,1500.0
1,5,2,8,,10.47,1,270,0,3536.23
1,1,2,18,,5.6,0,208,8,2178.51
2,2,3,20,,12.12,0,151,-1,2285.99
3,3,5,17,3,11.15,0,34,-1,2683.0
4,5,4,6,4,11.94,0,60,-1,2987.59
4,6,1,10,3,9.72,0,275,1,3568.08
1,0,5,1,4,5.88,0,313,-1,2729.19
3,5,4,21,,5.42,0,99,18,6416.08
2,6,3,1,4,9.92,1,202,4,4519.08
1,6,4,9,,2.22,0,246,-1,3619.41
3,5,2,20,,12.35,1,221,10,7069.87
3,4,1,3,4,5.74,0,187,-1,4409.19
3,5,1,6,5,9.57,1,85,11,6813.54
2,3,2,7,3,7.64,1,87,28,1624.92
2,6,5,9,,7.93,0,141,-1,5163.9
4,0,2,5,4,11.15,0,163,-1,3096.33
4,3,1,16,,9.51,1,140,-1,2971.75
3,1,3,2,5,3.98,1,256,-1,6626.53
3,2,5,3,5,1.39,1,90,-1,5788.99
2,5,6,3,4,12.65,0,268,10,3361.68
4,4,4,20,5,13.31,1,162,17,4146.82
3,0,6,10,3,2.72,0,17,-1,4199.83
4,4,3,3,4,4.85,0,161,-1,3080.56
4,4,6,15,3,4.45,0,51,29,2307.91
3,4,5,14,3,14.08,0,325,4,3208.27
2,5,1,4,4,3.31,1,57,-1,3946.81
3,0,1,10,4,2.75,1,282,11,5778.21
3,0,3,11,3,2.97,1,145,-1,3865.09
4,6,6,11,,11.03,1,56,-1,3852.73
3,4,5,8,3,13.35,0,8,27,2723.89
2,6,4,9,4,6.08,1,191,10,4464.91
3,6,6,8,3,2.3,0,78,-1,3940.32
2,2,6,12,5,8.91,1,150,-1,4407.68
2,5,4,17,3,3.39,1,314,-1,3648.49
4,5,2,15,4,1.24,0,194,-1,4435.27
1,3,3,19,,13.33,0,200,-1,1749.3
1,6,5,20,4,13.1,0,277,-1,3540.61
4,5,3,6,3,14.65,1,83,-1,2742.13
3,4,4,5,4,7.27,1,262,-1,4683.23
4,1,5,8,4,4.62,1,144,9,2937.71
2,4,1,18,5,11.62,0,232,5,4821.41
1,0,1,21,3,2.95,0,150,-1,1998.52
4,5,5,21,5,3.88,1,36,-1,5924.86
3,5,3,15,3,4.06,0,323,18,4030.88
4,3,3,3,3,14.29,1,200,-1,1582.52
1,6,1,14,3,11.03,1,361,-1,2322.46
4,1,1,15,3,2.27,1,191,6,4014.62
4,5,4,13,4,1.66,0,17,-1,3635.37
1,3,5,21,5,12.69,0,162,-1,3658.02
2,3,3,20,3,12.09,1,278,-1,2662.52
2,1,4,21,4,10.16,0,350,-1,2196.34
1,4,3,9,,3.18,1,211,-1,3762.51
4,4,1,17,4,7.36,0,134,-1,2841.31
1,4,5,19,4,9.16,1,188,-1,3037.21
2,2,2,4,5,14.0,1,331,-1,4618.54
3,6,5,20,3,2.79,1,242,2,4246.22
4,6,6,10,,7.88,0,184,-1,3969.3
2,4,2,3,3,2.62,0,195,29,2142.45
4,1,4,19,4,6.82,0,244,-1,2525.56
1,2,2,9,4,3.24,0,14,-1,3620.28
3,6,2,5,4,12.59,0,174,-1,5350.17
1,4,4,14,3,4.04,1,311,12,1877.28
3,2,5,7,3,6.43,0,96,-1,2807.64
4,1,4,21,3,6.29,0,13,15,2879.55
4,4,6,6,5,13.03,0,154,-1,4501.34
1,0,1,8,,11.44,0,165,-1,1531.31
3,5,1,2,4,1.15,0,103,-1,5688.53
3,1,2,14,3,1.29,0,211,-1,3997.11
4,3,4,7,5,8.4,1,129,-1,5096.17
1,3,4,3,,6.59,1,3,-1,2819.84
3,1,4,20,3,4.35,0,240,29,3576.57
4,3,6,6,5,11.95,0,151,-1,5153.55
2,6,6,21,3,2.19,0,136,16,3396.92
1,1,5,14,4,14.62,0,146,-1,2101.18
2,0,3,12,4,0.65,0,189,-1,2450.62
1,1,3,18,4,2.04,1,168,16,3281.36
4,4,3,12,5,4.88,0,127,-1,3414.01
3,4,5,7,5,7.78,0,91,-1,5882.96
3,2,4,5,,3.48,0,76,-1,5564.69
3,3,3,12,,11.12,0,77,-1,4952.44
1,5,4,9,4,5.56,0,113,29,2921.12
4,3,2,11,3,0.87,0,73,-1,2175.14
2,6,3,4,,13.2,0,124,25,2554.77
4,1,2,14,,14.17,1,211,21,3854.78
2,5,5,12,3,9.39,1,192,-1,1996.95
1,5,1,18,4,12.16,1,75,24,3949.95
1,3,6,7,5,2.08,0,226,2,5079.16
2,5,5,1,3,4.25,0,339,18,3218.26
2,5,5,13,5,5.08,1,331,19,5387.99
2,4,5,16,,14.42,0,139,-1,2166.48
4,0,3,5,3,7.83,0,166,19,1971.98
2,1,2,19,5,0.41,1,185,-1,4463.54
1,3,6,9,5,5.89,0,322,-1,3946.99
1,4,3,9,3,0.41,0,326,-1,2574.79
3,6,1,12,4,3.8,0,214,-1,4853.09
2,6,6,18,4,6.98,1,76,-1,4675.4
4,2,5,10,5,5.05,1,74,-1,5469.26
4,5,4,17,3,0.78,1,115,-1,3227.75
4,5,1,19,3,2.01,0,339,-1,3973.79
3,3,2,11,4,8.4,1,48,-1,4541.73
1,0,1,16,4,10.53,1,318,12,3889.94
4,0,3,8,4,6.25,1,238,-1,4038.08
1,3,4,15,5,11.05,0,282,-1,4610.59
3,3,3,11,5,2.7,1,197,-1,6957.99
2,4,6,7,,2.09,1,360,8,5040.8
2,6,5,2,3,12.64,1,57,-1,2530.09
2,3,5,19,5,5.29,1,121,-1,4948.5
4,6,1,9,4,6.65,1,121,-1,4652.62
2,2,5,18,3,14.23,1,264,28,2708.22
4,6,5,13,4,6.53,0,212,-1,4673.52
3,4,6,1,3,0.35,0,241,-1,4005.88
3,5,2,19,4,14.09,0,241,29,4092.98
4,5,2,13,4,0.51,0,75,-1,4716.16
1,6,3,14,4,10.04,1,192,-1,4182.04
2,5,3,17,3,5.05,0,347,27,2613.65
2,5,2,20,,7.21,0,18,-1,3397.6
2,1,1,1,3,8.35,0,121,-1,1500.0
4,2,2,5,5,6.3,0,141,-1,5434.31
3,4,3,20,4,11.68,1,217,-1,4895.37
2,4,4,14,3,13.98,1,335,-1,2996.44
3,5,5,18,3,1.57,1,343,-1,6288.42
2,0,6,13,,12.06,0,159,-1,1500.0
2,4,4,12,4,2.19,0,261,-1,2844.78
4,2,4,15,4,1.48,1,112,29,3797.37
1,3,5,4,3,14.35,0,349,27,1615.77
4,2,2,9,4,7.49,1,252,-1,3454.21
2,5,1,3,,2.54,1,278,-1,4040.62
2,5,4,11,4,8.68,0,18,24,4057.43
1,1,1,15,5,4.17,0,216,-1,3820.52
3,6,6,16,4,7.13,0,216,-1,5625.84
3,4,6,7,3,9.48,1,129,9,2917.67
2,6,6,7,5,13.08,0,201,-1,5120.81
3,6,3,9,3,0.35,0,180,-1,3847.08
2,4,4,17,4,3.45,0,107,12,3318.9
1,4,6,13,4,1.72,0,104,5,3448.99
1,5,3,9,3,1.73,1,42,-1,3261.05
2,4,6,9,3,14.2,0,288,19,2362.45
1,0,2,20,3,14.06,0,210,15,1500.0
4,0,4,12,5,11.31,0,118,-1,4691.83
4,3,3,21,5,9.75,0,289,-1,5048.59
1,4,6,19,4,12.77,0,333,-1,2601.17
2,1,3,15,3,1.16,0,355,17,2583.24
2,3,6,18,5,2.06,1,19,-1,5303.38
1,5,2,8,,4.96,0,317,-1,3546.42
3,4,1,6,,12.54,0,1,-1,4038.7
4,0,6,6,4,7.24,0,215,-1,3401.08
3,1,1,3,4,7.7,0,87,29,4195.18
2,3,4,3,,3.67,1,252,17,4402.89
2,1,2,2,4,9.83,1,222,-1,2792.56
3,4,4,5,4,13.35,0,207,10,4747.12
1,2,1,20,5,5.14,0,117,-1,4027.59
3,1,2,12,4,9.4,0,67,-1,3818.85
3,1,5,6,4,5.18,0,225,17,4337.42
4,5,2,16,3,11.95,1,78,-1,3158.73
4,0,2,5,,7.28,1,338,10,3976.66
3,4,5,6,3,5.29,0,146,-1,2888.73
3,1,3,4,,6.47,1,34,-1,2553.19
2,4,3,14,5,1.64,1,147,-1,5132.84
4,0,3,3,3,13.03,1,358,19,2500.4
4,5,1,17,4,14.38,0,296,7,3333.63
2,4,2,5,5,7.32,0,121,-1,4041.3
1,6,6,21,4,3.55,0,31,-1,3567.7
4,0,5,21,,10.07,0,140,4,3126.25
4,0,6,6,4,6.95,0,309,9,3747.14
1,3,1,20,5,4.01,1,15,-1,5293.13
4,5,5,4,,0.86,0,265,-1,4647.38
4,5,6,13,4,13.38,1,248,-1,4507.5
1,6,1,8,4,12.01,1,183,-1,4162.6
1,4,1,11,4,12.49,0,193,-1,2052.14
3,2,1,19,4,6.77,0,165,-1,3921.89
2,6,5,5,4,11.37,1,52,-1,3413.31
2,3,6,5,4,8.84,1,81,9,2729.57
1,5,6,3,4,5.81,1,33,14,3400.09
1,0,4,2,3,12.69,1,340,-1,1833.98
4,5,1,3,3,14.98,1,84,-1,3573.56
3,6,3,15,4,13.52,1,206,13,4600.48
3,2,2,7,4,11.71,0,201,-1,4510.4
1,1,4,3,,11.29,1,58,3,4037.72
4,1,4,15,4,9.86,1,354,-1,4888.0
4,5,5,11,4,12.85,0,24,28,3628.59
2,5,4,16,5,7.55,0,30,-1,5019.94
2,3,6,13,4,2.97,0,73,-1,3647.85
4,5,5,2,4,11.59,1,2,-1,3800.45
2,2,5,20,4,13.82,0,341,-1,3396.16
1,5,3,12,4,5.32,1,101,1,4014.11
4,4,1,21,5,11.81,1,193,-1,6055.76
2,6,4,7,3,4.32,1,214,-1,2986.93
3,2,1,1,4,14.16,0,120,-1,4120.03
4,3,1,14,3,10.35,1,359,-1,3402.89
4,4,1,10,3,8.67,0,317,-1,2405.63
3,4,5,3,4,11.76,0,180,23,3194.28
1,6,1,11,3,12.25,0,343,-1,2966.71
3,1,4,20,4,13.42,0,32,19,4170.27
4,2,5,21,5,13.55,0,240,-1,4255.35
1,6,4,15,5,1.07,0,90,-1,5412.38
2,4,5,6,3,2.11,1,140,18,2400.84
2,3,2,18,,12.44,0,38,-1,1975.71
2,6,2,13,5,14.21,1,28,-1,4603.25
4,1,2,15,3,4.82,0,104,-1,1500.0
3,4,2,3,4,0.43,0,24,-1,4880.22
1,6,5,15,5,5.04,0,274,-1,5062.51
2,2,1,1,3,5.93,0,98,-1,1983.23
1,1,3,10,,11.49,0,15,-1,4431.07
4,2,6,18,4,1.0,0,71,1,3034.16
2,2,3,8,3,3.43,0,198,-1,2083.04
4,2,2,12,4,13.44,0,84,-1,2228.17
3,6,1,5,,2.58,0,217,13,5898.61
4,1,4,1,3,11.46,0,184,-1,1500.0
4,6,1,8,4,5.61,1,172,26,4652.25
3,6,4,5,4,10.04,0,261,-1,4929.64
1,6,3,17,,1.39,0,292,22,4452.16
3,4,1,15,3,4.51,0,309,-1,3540.12
3,5,1,4,,6.54,1,3,-1,7964.63
4,0,6,13,4,12.9,0,174,8,2803.94
1,4,3,17,5,8.58,0,340,25,4448.75
2,1,1,13,5,0.96,1,164,7,5368.98
3,0,4,2,4,12.09,0,234,-1,4441.65
1,0,1,4,,1.1,0,169,-1,1551.35
3,0,4,2,5,14.04,0,175,-1,5451.16
3,5,2,12,,3.41,1,227,15,5649.02
3,6,1,19,,7.47,0,188,5,5120.12
3,3,4,18,4,1.36,0,14,-1,3356.83
4,1,3,10,,8.56,0,253,-1,2999.57
1,5,2,5,3,7.61,1,58,-1,2889.64
1,5,1,11,4,6.33,0,246,-1,3137.81
1,3,6,1,3,0.82,0,297,2,1597.81
3,0,4,3,,13.22,0,158,23,5407.68
4,6,6,17,5,12.1,0,261,4,4902.79
3,3,1,15,4,9.61,1,274,16,5056.42
3,3,4,14,3,8.71,0,165,-1,2867.35
1,5,1,15,4,10.52,0,121,-1,3444.11
3,1,2,16,4,2.42,0,359,-1,3935.89
2,2,2,4,4,14.01,1,345,-1,1883.93
3,6,1,19,3,4.48,0,180,-1,3392.79
2,3,1,8,4,9.95,1,253,-1,4142.33
3,6,5,6,4,9.22,0,125,15,5436.49
4,3,1,16,5,9.66,0,330,18,5168.61
4,0,1,3,5,13.22,0,109,-1,4771.94
1,6,6,8,4,4.65,0,141,-1,3784.95
3,0,6,5,4,11.31,0,121,-1,5068.63
2,5,2,5,3,9.1,0,9,3,2171.8
2,0,6,12,3,1.42,1,254,9,3082.65
3,6,1,1,5,6.39,0,16,-1,6289.85
2,4,3,7,4,12.62,1,202,-1,3398.11
4,6,1,11,3,4.94,0,14,-1,3766.5
2,3,5,10,4,7.39,0,2,-1,2340.98
1,0,4,3,5,7.48,0,241,-1,3522.01
4,1,2,8,4,9.38,0,311,-1,3070.38
4,4,6,1,3,13.3,0,186,-1,1500.0
4,5,3,8,5,2.85,0,281,-1,6053.85
3,2,4,20,4,7.72,1,102,-1,4546.56
3,3,3,11,4,6.54,0,234,-1,3693.66
4,3,2,7,3,4.65,0,177,-1,1500.0
3,1,6,16,5,13.82,1,86,-1,5820.03
2,2,5,7,5,0.42,0,316,-1,6469.27
3,2,2,13,4,2.09,1,252,7,5067.96
3,5,3,10,3,11.08,0,310,14,3747.0
4,5,3,17,4,4.17,0,191,-1,3672.98
1,4,2,3,3,10.93,1,2,-1,2311.07
1,3,1,7,,12.53,0,157,-1,1500.0
1,0,2,11,4,4.04,1,185,-1,2971.49
2,5,6,13,3,3.12,1,140,-1,3749.37
3,1,6,5,5,2.44,1,324,-1,6359.14
1,1,5,19,,3.24,1,50,-1,2402.95
4,1,2,15,,4.23,0,309,-1,3912.19
1,6,4,1,3,13.07,1,178,-1,1870.74
1,5,6,5,,11.62,0,154,-1,2810.84
3,5,6,13,3,0.33,1,267,-1,6024.97
3,1,6,10,4,13.15,0,112,-1,3461.96
3,5,1,5,4,1.46,0,119,-1,4938.2
2,6,4,1,5,9.93,1,88,2,5106.37
2,0,2,10,4,2.53,1,105,-1,3925.5
1,0,1,18,3,1.22,1,206,-1,3580.75
3,4,6,8,3,11.47,0,30,-1,3042.79
1,3,4,20,4,7.17,0,266,-1,2970.51
4,0,4,3,3,9.11,1,163,20,2334.95
4,4,1,19,4,6.55,0,120,-1,3594.65
3,2,6,19,5,1.29,1,133,17,6202.47
3,3,1,2,,11.17,1,122,-1,5867.39
4,0,3,17,5,12.36,1,300,-1,6061.67
3,6,6,16,5,0.91,1,89,-1,7342.16
2,2,1,21,4,5.82,1,71,-1,3486.36
2,4,2,10,4,8.49,0,358,-1,2657.98
3,0,6,21,4,9.2,1,36,-1,4358.46
4,0,5,16,5,8.8,0,100,-1,3731.25
1,5,6,5,3,10.49,0,111,23,2769.3
3,2,3,20,,14.51,0,29,21,3591.21
3,0,1,3,3,6.04,1,37,-1,3581.25
1,1,5,3,3,8.48,1,206,-1,3018.86
3,6,3,2,4,10.58,0,165,-1,5370.6
1,5,2,21,,9.01,1,8,28,3550.06
4,5,6,4,4,5.99,1,276,2,4604.23
2,0,5,18,4,9.47,1,168,11,2050.76
4,6,1,2,4,9.86,0,324,-1,4382.12
2,5,1,6,3,8.9,1,274,-1,3442.38
1,3,2,3,4,3.32,1,248,-1,3287.02
2,2,3,21,5,7.74,1,111,-1,4787.43
4,3,5,3,4,13.3,0,79,15,3239.01
2,4,2,2,4,13.07,0,17,-1,1858.72
1,3,3,3,4,11.34,0,79,-1,2332.48
2,6,4,17,,10.55,0,194,10,5181.39
3,1,4,14,4,2.55,0,198,-1,4930.96
4,5,3,7,3,7.05,0,115,-1,3238.28
3,6,1,21,5,1.93,1,31,-1,7051.54
1,5,1,6,5,12.31,0,222,-1,4605.23
2,1,4,8,4,4.58,0,87,11,1935.26
3,5,1,19,4,11.57,0,160,29,4576.66
3,3,1,19,4,12.27,0,327,16,4498.41
2,4,3,12,4,13.42,1,309,-1,4054.97
2,0,6,5,4,11.38,0,102,-1,2885.36
4,1,3,5,,8.6,1,297,-1,5439.45
3,3,1,14,5,9.09,0,162,-1,5544.07
3,6,3,17,4,5.01,1,101,-1,5262.4
1,3,5,16,5,2.9,0,188,-1,4041.29
4,3,4,4,3,2.22,0,315,12,3136.06
1,0,6,8,,2.98,1,249,-1,3261.63
3,2,5,3,4,14.03,0,225,-1,3509.35
1,5,5,21,4,2.72,0,123,-1,4291.81
3,5,1,5,3,10.94,1,304,14,4683.61
3,6,1,7,4,3.01,0,278,-1,5865.85
1,4,5,18,3,14.64,1,323,-1,2969.62
1,6,5,8,4,5.69,0,290,-1,3189.81
2,2,2,11,5,6.36,0,277,-1,3977.95
2,5,2,14,4,6.25,0,157,29,3385.29
2,4,4,18,4,12.3,0,2,-1,1961.58
3,6,5,13,5,3.51,0,330,21,6582.93
1,4,3,6,4,12.52,0,9,24,2832.35
4,3,6,13,5,9.96,1,66,-1,5107.01
3,1,2,1,4,3.54,1,168,-1,4955.8
4,3,1,11,5,1.26,1,49,-1,5495.33
1,0,5,7,5,11.69,0,126,-1,3634.03
3,5,3,10,,3.52,0,196,-1,5551.49
4,4,6,2,4,13.37,0,14,10,2775.15
4,6,3,16,,2.21,0,121,-1,4660.67
2,1,3,5,4,9.36,1,47,19,3385.38
2,6,1,16,4,10.47,1,113,-1,4018.9
2,5,2,16,4,9.97,0,5,-1,3333.35
3,4,3,15,4,4.95,0,3,-1,4060.3
1,4,6,9,4,13.17,1,278,23,2569.68
1,3,2,1,5,11.62,0,172,-1,5414.61
2,1,4,9,4,7.8,1,320,-1,3411.36
2,1,1,11,3,9.17,1,55,-1,2408.88
2,5,2,5,3,8.63,0,14,-1,2812.83
4,4,2,6,3,14.22,0,90,-1,1815.13
2,1,3,8,,13.48,1,204,-1,2074.0
4,1,6,15,3,3.76,1,246,-1,2836.44
1,6,3,16,4,4.16,0,238,-1,3111.55
3,5,6,18,5,14.73,0,359,-1,7290.83
3,3,1,12,4,3.78,1,8,14,4572.35
3,6,2,4,4,14.32,0,228,-1,4377.11
3,6,5,16,4,9.85,0,216,-1,5863.79
4,2,6,11,5,1.04,0,184,-1,5146.02
4,0,6,7,5,5.24,0,194,11,5122.4
2,2,3,15,3,7.3,0,38,-1,1500.0
4,1,3,17,,12.55,0,39,22,1500.0
2,4,4,15,3,5.13,0,15,-1,1771.61
2,0,6,10,4,4.87,0,80,-1,2751.54
3,0,1,4,4,13.83,1,90,-1,4124.32
4,4,2,17,,1.46,0,137,-1,3963.07
4,0,2,4,5,8.41,0,180,-1,4949.0
2,4,2,11,4,7.71,0,64,11,3335.78
2,0,6,4,5,1.14,0,114,-1,3959.96
1,6,3,12,3,1.59,1,49,-1,3530.69
1,5,1,10,3,5.91,0,284,-1,3838.35
2,5,2,14,4,2.27,0,145,19,4019.23
1,2,6,18,3,7.33,1,179,-1,2463.49
1,6,5,6,4,9.25,1,362,-1,4176.21
2,0,4,5,3,10.46,0,160,-1,1863.63
2,3,4,2,4,8.33,1,362,-1,2955.5
4,4,2,13,3,5.88,1,266,-1,2701.0
2,6,3,14,3,2.21,1,100,-1,2768.37
2,0,4,3,5,3.94,0,147,25,4099.64
3,5,4,11,,6.47,1,149,-1,6958.74
4,5,4,4,4,13.88,0,223,27,4681.31
4,4,4,13,5,3.28,1,199,-1,6217.9
4,3,2,8,4,6.38,0,290,21,2972.41
3,0,6,8,4,11.06,0,79,-1,3494.8
2,0,1,13,5,10.67,0,107,-1,3685.11
4,3,1,10,3,14.49,0,161,4,1500.0
4,3,3,13,3,3.11,0,147,-1,2920.1
1,3,6,13,,0.54,0,204,-1,4091.14
4,5,5,17,4,5.04,1,311,-1,4245.31
2,4,1,6,3,2.5,1,306,-1,2812.67
2,6,5,2,3,8.36,0,350,-1,2545.06
1,3,1,17,,13.51,1,84,-1,1817.64
4,4,1,12,,10.42,1,49,20,3135.91
4,2,3,6,4,2.3,0,120,-1,3322.54
4,0,4,5,5,2.01,1,152,18,4840.47
3,0,3,5,4,13.7,1,349,-1,4361.25
4,1,1,9,4,7.47,0,198,-1,3788.32
2,2,6,3,,13.88,0,225,11,4168.95
2,6,4,20,,11.12,0,259,-1,5483.03
3,3,6,5,4,14.9,1,62,-1,3702.24
3,3,6,7,4,13.11,0,277,-1,3480.12
4,6,6,12,4,6.39,1,312,-1,5033.62
1,5,4,7,,11.45,0,181,-1,3909.18
3,2,6,10,3,7.23,1,3,10,2572.38
3,3,4,8,4,3.73,1,192,-1,4858.47
4,1,5,17,3,3.84,1,254,12,3745.9
4,4,1,5,3,6.14,1,303,3,2994.2
3,0,2,15,4,1.94,0,150,24,3824.54
1,2,6,9,5,2.91,1,5,-1,4080.91
3,0,3,11,3,7.66,1,214,-1,4185.18
4,4,5,13,3,14.32,1,229,-1,2758.14
4,2,3,18,4,8.79,1,326,15,4760.05
3,4,2,17,4,6.3,0,132,-1,3478.99
1,3,4,9,,3.87,1,84,16,1860.12
3,6,2,10,3,3.18,0,153,-1,4599.56
3,3,3,5,4,9.98,0,201,-1,3960.77
4,6,2,11,5,12.77,0,193,-1,4548.09
1,3,1,15,3,6.16,0,19,-1,1684.39
2,4,2,2,4,8.39,1,269,7,2945.24
1,4,6,21,4,10.69,1,245,-1,3718.2
3,4,1,20,3,1.16,1,70,-1,3686.97
3,0,6,14,3,5.46,1,201,-1,4263.74
3,4,2,5,4,11.03,1,350,11,5159.64
1,3,1,6,5,10.36,1,57,10,4600.69
4,1,1,15,3,1.08,1,256,0,4746.35
3,4,2,4,4,3.8,0,220,5,4739.68
3,1,5,10,4,10.3,0,158,-1,4841.66
1,6,4,19,5,4.29,1,135,-1,5120.63
2,3,4,9,3,12.27,1,207,-1,2203.07
2,4,4,21,4,0.73,1,237,-1,4335.21
4,0,1,10,5,3.1,1,338,-1,5603.07
4,0,4,4,5,4.44,1,217,-1,5781.94
3,6,1,4,4,13.9,0,187,-1,5545.46
1,1,5,6,4,12.01,0,189,-1,2861.01
3,5,2,8,4,13.3,1,273,-1,4702.28
4,0,2,16,4,6.78,0,253,28,3527.5
1,0,1,8,4,12.39,1,193,-1,3530.15
1,0,1,16,4,12.85,1,348,-1,3316.13
4,3,5,6,5,6.18,0,321,-1,4729.98
2,0,4,17,4,14.92,0,179,-1,1714.69
2,2,5,1,4,12.81,1,322,-1,2815.23
1,4,2,19,5,14.62,0,87,-1,4136.37
3,6,2,18,5,13.04,0,264,-1,6515.14
2,0,6,17,4,11.71,0,362,12,2715.19
3,5,4,17,4,14.17,1,303,20,5584.83
2,5,2,12,4,6.47,1,315,-1,4184.72
2,0,6,12,,11.82,0,333,-1,2218.95
3,0,1,6,3,3.43,1,125,-1,3280.73
4,2,2,7,4,11.07,1,179,-1,3813.88
2,0,3,8,3,11.84,0,42,-1,2031.26
2,0,4,3,4,10.83,0,202,-1,3805.5
3,4,6,17,4,12.79,1,305,18,4910.66
4,5,4,21,4,6.38,0,106,11,3279.5
2,2,4,8,,8.31,0,87,-1,3043.21
2,5,3,11,3,0.46,0,13,-1,3641.49
4,2,5,20,3,2.45,0,242,-1,3590.72
2,5,1,18,3,9.77,0,17,-1,2100.91
4,0,4,16,5,8.57,1,227,-1,5488.37
4,5,2,13,4,3.2,0,76,11,4147.7
3,5,1,9,3,3.88,1,289,16,4750.72
1,2,2,19,,5.36,1,338,-1,2073.73
4,6,1,7,4,10.83,0,40,-1,4242.88
3,1,1,17,4,9.26,1,118,-1,5234.01
1,2,6,8,3,1.32,0,74,-1,2555.68
2,2,2,8,5,11.47,1,176,-1,4097.37
1,2,2,3,5,4.16,0,217,-1,4270.5
4,3,1,16,3,10.17,0,68,13,2406.14
4,6,4,12,4,2.11,0,212,-1,4994.38
4,3,2,15,4,14.97,0,303,18,3250.4
4,3,3,21,4,1.48,0,11,-1,3201.64
4,2,3,4,5,11.2,1,112,-1,5541.84
3,1,1,7,3,8.26,1,269,4,4568.34
4,2,5,11,4,1.56,1,319,-1,4606.49
3,0,1,5,4,0.69,1,25,26,4697.07
2,1,1,13,4,5.63,1,54,-1,2864.9
4,3,4,11,,12.09,0,314,-1,5400.96
4,5,4,5,,0.9,0,207,9,3393.0
1,5,6,8,3,10.65,1,78,28,2627.66
2,6,5,21,4,9.93,0,323,-1,3835.58
4,4,5,17,3,4.2,0,150,12,2097.75
4,6,5,11,3,1.44,1,327,27,4510.36
2,1,5,19,4,13.76,0,197,-1,2671.1
3,3,5,18,3,4.72,0,219,-1,3312.33
4,1,1,10,,1.94,0,303,1,3775.14
1,1,1,5,3,10.32,1,260,25,1889.97
4,5,6,1,,3.49,1,20,-1,3352.66
1,2,3,17,4,7.29,1,177,-1,2927.24
1,0,3,17,3,1.04,1,362,-1,3269.66
4,4,6,1,5,14.9,0,70,22,4582.83
4,3,6,1,4,6.88,0,349,-1,2841.66
1,1,2,9,4,14.99,0,93,-1,2136.05
2,4,1,4,5,5.97,0,206,-1,4000.24
2,1,5,9,3,5.41,0,72,-1,1500.0
4,5,2,14,,13.74,0,154,-1,3424.21
3,0,4,15,5,5.14,0,257,-1,6244.17
2,5,1,16,,6.65,0,227,-1,2960.72
4,4,6,16,5,1.45,0,346,-1,4583.54
2,3,3,13,3,14.35,1,174,27,1500.0
3,1,1,14,3,1.55,0,295,-1,3521.36
4,0,6,21,4,11.64,0,216,17,3402.17
3,5,1,9,3,8.22,0,35,8,3906.45
4,4,1,9,4,1.2,1,356,0,3296.67
3,5,1,21,5,0.33,0,211,-1,7379.55
2,1,4,4,5,14.05,0,149,-1,3008.04
2,1,3,10,4,11.21,0,273,-1,3036.31
3,3,1,3,5,10.39,0,114,19,5880.62
3,0,6,21,4,6.75,0,202,7,5464.23
3,2,4,9,3,3.81,0,5,-1,3605.03
4,5,2,19,4,10.29,0,322,-1,5181.46
2,1,1,16,4,9.24,1,124,-1,4035.51
4,4,4,16,4,10.98,0,307,-1,3235.75
2,5,5,17,4,5.68,1,197,25,4252.85
1,3,2,18,4,14.81,0,206,-1,3600.31
4,3,3,10,,1.29,0,2,-1,4084.33
2,1,1,21,5,1.47,0,65,-1,5387.36
2,1,1,19,4,13.78,1,207,-1,3148.54
4,1,4,15,3,9.82,0,277,-1,1818.86
4,6,3,15,4,5.1,0,112,-1,3864.18
2,2,5,11,4,11.5,0,138,-1,2459.64
4,1,2,8,5,6.96,0,163,-1,4420.38
3,5,6,16,3,0.61,0,308,5,3770.65
4,5,3,10,,9.87,0,331,22,4098.14
4,6,1,9,,3.87,1,167,-1,3813.43
4,6,4,15,,2.0,1,34,-1,2991.82
2,0,5,5,4,3.61,0,42,-1,3063.11
3,4,4,20,4,7.3,1,300,-1,4775.9
1,1,2,2,5,1.03,0,168,-1,4697.9
1,5,3,16,4,13.28,1,319,16,4825.29
3,6,4,18,3,8.53,1,270,-1,4096.18
3,5,6,16,4,4.61,0,299,-1,4452.79
3,5,6,5,4,10.4,1,41,21,5449.91
2,6,4,1,4,12.12,0,186,-1,3330.32
1,2,1,19,4,9.32,0,84,-1,2814.22
3,6,4,10,3,3.28,1,3,-1,4294.0
2,6,5,21,4,1.92,0,326,-1,4396.49
1,4,3,13,4,12.94,0,284,25,2254.54
4,6,2,11,4,3.75,0,261,10,4377.57
2,3,6,15,5,0.6,1,208,-1,5522.29
1,6,4,2,,9.75,0,254,-1,3593.95
2,5,5,6,,2.55,0,193,-1,4506.09
1,1,6,21,,14.87,0,80,-1,2882.17
1,5,6,11,3,13.09,0,92,-1,2510.88
4,4,2,15,4,9.24,1,138,-1,3899.33
2,3,6,9,4,12.56,0,217,-1,2700.68
3,6,5,12,,7.22,1,243,-1,5186.08
4,2,6,4,4,11.89,1,102,-1,4018.69
4,0,6,14,5,9.8,0,31,-1,3424.71
1,6,4,3,,0.72,0,342,-1,1913.4
3,1,4,21,3,14.25,1,50,28,3310.19
2,0,3,17,5,12.96,0,237,-1,3857.81
3,2,1,13,,14.32,1,39,-1,5797.91
3,4,5,8,4,11.05,1,256,-1,4372.23
3,4,1,12,5,6.36,1,222,-1,6757.06
3,2,1,12,3,3.34,1,5,-1,3598.12
3,5,6,12,3,2.95,0,94,-1,4058.95
1,2,2,2,5,2.43,0,271,-1,4482.0
1,6,2,10,,3.54,0,145,-1,5970.59
4,1,6,9,3,8.39,0,327,-1,1621.87
1,3,5,1,3,10.35,0,228,-1,2521.2
4,6,1,4,3,4.92,0,230,-1,2835.01
4,6,3,14,3,8.37,0,48,-1,2214.31
2,6,1,16,4,5.32,0,362,2,3509.17
3,0,2,18,4,10.54,0,250,29,4029.61
1,0,1,2,4,14.83,0,294,-1,2803.66
2,4,4,6,,10.43,0,57,-1,1887.02
1,6,4,3,5,1.17,1,198,-1,5668.89
4,5,3,20,3,7.32,0,169,-1,3545.41
1,4,5,19,4,11.62,1,300,-1,3148.85
3,1,1,13,5,8.27,1,226,-1,5846.04
4,2,4,17,,14.28,1,27,-1,2975.72
4,0,5,14,,1.11,0,88,-1,4658.0
2,6,4,11,4,4.58,1,91,-1,3473.65
3,1,5,16,3,3.54,0,72,-1,2610.89
4,4,5,11,3,11.58,1,260,-1,2764.15
3,4,4,18,4,8.0,0,312,14,4826.96
1,0,6,2,4,2.33,1,79,-1,2724.59
3,4,2,21,4,4.5,1,28,-1,4604.99
4,5,5,8,3,7.98,0,234,28,4069.23
2,4,6,14,4,14.94,1,310,-1,2932.39
4,3,1,2,,5.66,0,150,28,2436.94
3,2,6,13,,2.61,0,56,-1,4322.64
3,4,4,10,4,7.61,0,145,-1,4751.78
4,3,6,8,4,4.86,0,132,1,3644.39
3,1,2,7,3,8.62,0,146,24,3321.96
1,4,4,13,3,7.16,0,228,-1,1550.34
4,5,3,19,3,10.44,0,195,3,4393.66
2,1,1,15,,13.74,1,83,-1,1500.0
4,6,3,2,3,3.25,0,49,9,3306.74
1,4,6,5,4,12.37,0,341,-1,2817.88
1,0,5,19,4,14.25,0,331,8,2639.69
1,3,6,1,4,5.79,0,263,-1,3666.33
1,3,5,7,4,1.97,1,212,20,3302.55
1,0,3,18,,12.38,0,108,-1,1505.19
2,2,3,1,5,10.61,0,32,-1,3678.23
3,6,5,1,3,3.43,1,101,26,4924.09
1,5,2,7,4,6.84,0,173,-1,3313.14
1,3,1,17,5,8.8,0,236,-1,4110.89
4,1,4,6,4,2.8,1,126,-1,3564.49
2,5,3,20,,10.81,0,221,-1,1521.07
2,3,1,12,4,10.44,1,194,-1,3228.39
3,6,4,20,3,13.34,0,190,-1,3427.22
2,2,6,15,4,8.64,0,93,14,1626.6
4,6,4,13,4,8.74,0,258,-1,4239.5
4,1,3,12,4,9.4,0,307,-1,2640.41
3,6,2,21,3,4.32,1,43,-1,5423.69
4,5,2,2,5,11.45,0,315,-1,5022.24
1,1,1,21,4,10.04,1,57,-1,3487.08
1,0,6,18,3,12.64,0,94,0,2092.04
4,4,1,4,4,11.6,0,141,-1,3213.5
3,0,5,10,4,9.69,1,274,-1,4161.09
2,5,2,11,,2.67,0,4,4,4660.64
3,4,1,21,3,13.81,0,246,-1,3564.39
2,0,5,6,3,5.7,0,122,29,2106.6
4,4,6,6,4,14.48,0,281,-1,2670.32
4,3,4,9,,6.21,0,113,-1,2031.43
1,6,1,20,3,2.45,1,246,-1,2737.93
2,1,5,13,5,13.31,1,363,-1,3975.41
3,4,2,5,4,11.99,1,17,17,5108.31
4,3,4,6,4,11.86,1,172,12,3774.0
3,6,1,4,4,1.61,1,227,-1,5691.95
1,6,2,6,4,13.23,0,222,-1,3388.84
2,2,4,18,4,9.07,0,209,21,3528.29
2,0,3,13,5,7.21,1,243,3,5471.33
4,2,2,3,3,13.72,0,8,-1,1500.0
2,5,3,10,3,10.09,0,345,-1,2255.99
4,3,6,4,3,2.26,0,121,24,2434.25
1,2,1,15,4,7.94,1,297,19,3827.31
2,2,5,12,4,9.66,1,364,-1,2762.44
4,6,1,15,3,13.51,1,325,-1,2788.2
3,3,2,21,4,4.41,0,339,-1,4292.38
4,6,3,10,3,11.98,0,327,-1,2217.13
2,1,3,12,4,12.06,0,108,-1,2475.2
1,4,4,8,5,2.18,1,323,20,4383.27
2,5,1,21,4,0.55,1,344,18,5449.52
2,5,1,21,3,8.85,1,30,-1,2270.27
4,0,2,3,,11.91,0,121,4,1500.0
3,6,3,7,3,8.45,0,274,-1,4779.06
2,4,2,18,4,12.26,0,70,14,2520.09
3,0,2,3,4,9.45,0,174,-1,3656.9
4,5,6,15,5,9.9,0,292,-1,5766.14
3,4,3,2,4,0.71,0,349,-1,5509.91
4,2,2,15,4,1.6,1,208,-1,4405.72
1,1,3,13,5,10.96,1,223,-1,5248.82
3,2,2,20,4,11.51,1,18,-1,3691.41
3,1,5,10,3,8.27,0,216,-1,3610.68
1,6,2,8,,8.98,0,92,-1,3222.75
3,3,2,16,4,9.33,0,52,-1,4164.94
1,0,5,16,4,1.84,0,74,-1,2814.0
2,0,1,2,3,10.12,1,131,8,1500.0
4,3,3,9,,7.33,0,45,-1,2245.9
1,4,4,8,3,9.16,0,35,-1,2009.65
3,3,5,11,3,8.58,0,131,15,2814.72
1,6,1,1,5,11.52,1,129,-1,5835.61
3,5,2,21,4,4.98,1,166,12,5457.34
2,3,6,11,4,5.79,1,242,-1,4247.66
1,1,1,18,4,6.06,0,224,18,2999.8
2,5,5,21,4,11.51,0,299,-1,3797.09
4,3,6,15,5,6.64,1,90,-1,4997.39
3,0,2,9,4,2.9,0,345,-1,4747.68
3,2,1,9,,14.75,0,363,7,4020.75
2,1,4,1,4,7.55,0,296,7,2346.21
4,6,3,7,5,1.91,0,121,-1,5971.66
1,1,3,12,5,10.15,0,358,25,4388.29
1,4,5,10,,11.17,1,352,24,5501.34
3,2,2,19,3,7.65,0,293,-1,3045.65
2,1,2,16,3,9.8,1,192,-1,1500.0
2,3,3,6,,2.84,1,113,-1,3149.49
1,1,1,11,4,5.71,0,10,22,2330.47
4,1,2,19,4,2.68,0,186,-1,3708.68
4,1,4,19,3,5.99,0,77,21,1500.0
1,4,4,18,4,8.57,1,69,-1,2776.96
1,1,2,15,,6.81,0,298,29,2170.6
2,1,2,16,5,9.02,1,103,-1,4073.92
4,4,3,14,3,7.68,1,344,-1,2570.88
1,5,5,8,4,4.97,1,214,-1,3409.11
1,2,3,8,4,2.41,1,117,12,4150.11
3,6,5,2,4,4.01,0,4,-1,4540.04
1,5,4,6,3,3.25,0,153,-1,1944.9
1,0,5,13,5,10.7,0,209,-1,3026.51
4,4,3,13,,12.35,0,287,-1,2720.08
2,4,2,21,5,10.89,1,302,-1,5271.54
4,1,5,12,5,9.76,1,89,13,5564.49
2,1,3,2,4,4.83,1,49,25,3053.53
3,6,4,21,5,10.75,0,354,-1,5851.83
1,0,6,20,5,9.19,0,201,0,4144.31
3,1,5,12,5,0.99,0,155,-1,5807.6
2,3,4,17,5,13.64,0,94,-1,4107.84
4,1,4,6,5,1.48,0,78,18,4979.98
4,1,1,7,4,7.69,1,182,-1,4652.49
3,3,6,6,3,7.84,1,313,-1,3378.68
2,0,5,21,5,12.6,1,167,-1,3714.08
3,3,3,4,4,13.72,0,185,-1,4017.38
3,4,5,21,3,14.11,0,327,-1,3046.23
1,3,5,9,4,8.67,1,329,20,3769.75
3,2,6,5,4,10.28,0,172,-1,3975.95
1,4,4,10,4,1.6,1,137,-1,3306.05
1,1,4,15,3,7.47,0,357,22,2597.97
4,6,4,8,3,13.5,1,209,-1,2650.79
1,4,4,4,4,7.0,1,303,18,4571.04
1,0,6,5,4,1.32,0,219,24,3380.81
4,0,3,7,4,3.25,1,189,29,3179.91
3,3,2,6,4,6.61,0,283,-1,4326.96
2,4,1,13,4,3.79,0,113,-1,1657.33
2,1,4,19,3,6.07,1,19,4,1799.38
2,0,4,10,3,5.19,1,87,-1,1917.77
3,5,1,15,,4.99,1,325,-1,7016.21
1,1,4,3,4,1.64,0,296,-1,3136.85
2,5,2,18,3,13.28,0,351,-1,2389.5
3,2,5,14,4,10.48,1,261,-1,4208.95
1,5,1,3,5,9.46,0,29,-1,5888.71
4,0,3,11,,9.22,1,53,-1,5250.31
2,3,1,10,4,6.13,0,174,-1,2245.11
1,2,2,17,3,12.4,1,249,-1,1785.05
2,4,6,13,,13.97,1,9,-1,1500.0
2,1,3,2,,0.38,1,274,-1,2826.18
2,0,5,13,3,1.46,1,264,-1,2330.56
1,2,4,19,4,10.22,0,134,-1,2217.18
3,2,1,5,,3.77,0,60,-1,4875.44
1,0,3,16,3,13.7,0,13,-1,1500.0
2,4,1,10,5,10.11,0,257,-1,4306.68
1,4,5,12,4,5.71,0,300,-1,2707.73
4,3,1,20,4,6.4,1,275,-1,3978.23
3,6,3,13,5,10.46,0,25,-1,6201.28
1,5,2,21,4,2.37,1,38,0,3995.98
4,4,6,16,5,13.29,1,245,-1,5727.48
3,3,3,21,3,0.37,0,150,-1,3993.23
4,5,1,1,3,14.69,0,207,27,2006.34
3,2,5,9,4,2.76,0,152,24,3053.03
1,0,4,16,4,11.21,1,115,-1,3547.69
4,4,4,19,3,0.89,0,200,0,2685.74
2,3,5,15,4,6.64,1,180,-1,3185.11
4,2,1,18,,9.57,0,280,-1,3009.31
3,4,6,12,4,1.33,0,173,-1,3979.57
1,1,5,14,4,6.82,0,154,-1,2695.01
3,6,1,3,4,4.76,0,355,19,5366.77
4,2,3,4,4,7.62,1,318,0,4475.06
4,4,6,6,5,7.72,1,114,-1,5131.87
2,2,2,16,4,11.84,1,302,-1,3034.33
1,0,1,13,5,2.12,0,141,-1,4083.08
1,0,4,12,3,1.52,1,278,-1,2926.49
4,6,4,12,,6.21,0,15,-1,3781.47
1,0,6,2,4,13.35,0,147,-1,1500.0
2,5,2,13,,12.87,0,261,-1,5001.1
3,1,1,3,4,8.53,0,28,-1,2744.98
1,0,2,13,5,13.36,0,259,9,4705.01
4,1,3,2,3,12.14,0,113,-1,1500.0
3,0,2,19,5,4.39,1,7,4,6498.88
3,5,3,9,3,2.8,1,303,-1,5374.21
2,2,4,20,3,4.73,0,254,14,2475.22
4,4,3,1,3,3.64,1,83,-1,3713.67
1,4,1,13,4,9.45,1,15,-1,2813.63
4,0,6,2,4,8.9,1,302,-1,4088.56
3,4,6,15,3,9.1,1,286,-1,3856.48
4,0,1,19,3,3.08,0,95,-1,2343.15
1,0,1,16,4,11.94,0,121,-1,2474.88
1,6,1,11,,6.67,0,225,-1,4821.22
2,3,5,15,4,7.25,1,28,9,3459.7
1,3,3,6,4,14.96,1,75,-1,2542.52
1,6,1,14,4,4.45,0,323,26,4465.9
4,3,6,6,4,6.09,1,118,16,3707.49
4,1,2,19,5,10.24,0,170,-1,4584.49
3,3,2,5,4,13.24,1,33,-1,4648.29
2,0,5,11,4,2.16,0,261,17,2984.45
4,5,3,4,,11.11,1,304,-1,5170.75
1,5,3,9,5,13.8,0,187,-1,5631.42
3,2,3,9,3,6.52,0,50,-1,3802.75
4,3,6,17,4,4.51,1,8,-1,3677.9
2,5,6,8,4,10.26,0,132,-1,3007.12
2,3,5,15,4,3.92,1,365,-1,2576.12
3,2,3,9,4,5.95,0,191,14,4706.05
3,5,3,5,,13.48,1,15,25,4506.78
3,0,1,4,3,8.98,1,186,26,4000.24
3,1,3,20,4,1.7,0,183,20,4673.3
3,6,6,18,5,5.15,1,192,10,7220.2
1,6,1,9,4,9.52,0,83,-1,3212.78
1,6,1,21,5,7.38,1,174,-1,5446.52
4,3,3,3,5,10.01,0,91,-1,3704.95
2,5,2,9,4,11.49,0,290,-1,4135.23
1,5,4,9,5,7.37,1,61,-1,5149.26
1,2,6,21,,14.81,0,32,-1,1500.0
1,0,2,4,4,13.75,0,142,6,1762.56
4,4,3,21,4,1.18,0,340,-1,3934.64
3,5,3,7,4,4.22,1,361,10,5968.15
4,1,2,7,3,4.72,0,122,21,1500.0
2,2,3,8,3,3.01,0,114,20,2176.23
2,5,6,21,3,4.89,0,356,-1,3647.94
2,5,1,1,,6.54,0,79,-1,3388.17
2,2,5,9,5,1.06,1,241,13,4397.4
1,2,3,12,5,2.17,1,135,-1,4579.67
1,3,3,6,3,1.71,1,364,-1,2125.94
4,5,2,13,4,0.98,0,94,26,4529.02
3,4,1,5,3,7.38,0,263,-1,3281.43
2,1,2,21,4,5.21,1,140,-1,3320.03
4,0,6,19,5,14.05,1,87,-1,5531.62
1,0,2,1,5,1.81,1,236,-1,5381.7
1,4,3,18,3,13.91,0,58,-1,1500.0
3,2,1,8,3,1.57,1,336,-1,4055.29
3,2,6,8,3,9.4,0,174,-1,2977.76
3,2,3,15,4,3.94,1,59,27,4254.49
4,5,6,19,5,12.45,1,168,-1,6102.24
1,2,3,10,4,1.2,1,51,-1,3799.94
1,2,3,16,4,14.3,0,227,-1,2000.83
3,5,3,11,4,0.99,0,247,24,5354.93
2,5,5,12,3,3.84,0,331,-1,3241.24
3,4,4,16,3,7.12,0,35,-1,3327.02
4,3,1,16,3,11.41,0,332,-1,2361.19
3,5,5,20,4,14.28,1,98,-1,4623.74
3,1,4,3,5,6.59,0,68,-1,5315.23
4,2,6,9,4,11.43,0,140,3,2303.66
3,3,4,8,3,10.99,0,199,-1,2930.25
1,0,4,10,4,8.7,1,266,-1,2885.15
2,4,5,13,,10.46,1,7,-1,3255.41
3,3,1,18,3,0.86,1,61,11,4561.58
4,5,2,13,,6.79,0,139,-1,4418.24
2,2,4,13,4,11.85,1,332,-1,3843.33
4,2,2,15,5,7.27,0,360,-1,5553.97
2,2,2,13,4,13.14,1,341,-1,2719.53
2,3,3,16,3,12.55,1,109,-1,2229.39
3,2,2,8,3,12.99,1,171,9,3266.58
1,5,6,19,3,2.21,0,57,15,2104.3
3,3,6,10,3,3.89,0,343,-1,3857.8
4,2,3,12,3,0.74,1,7,27,3124.83
4,0,1,14,4,14.75,1,362,-1,3336.5
2,0,1,6,3,3.77,0,63,-1,1961.28
2,1,6,21,5,5.7,0,307,-1,4517.51
1,2,3,9,4,4.34,0,326,-1,3082.83
3,2,1,7,4,0.88,0,277,-1,5468.88
4,3,4,6,4,4.14,1,190,-1,4605.21
2,3,1,1,4,1.74,1,221,-1,2467.09
1,6,3,21,4,6.1,0,78,-1,2860.77
4,2,6,14,3,14.51,1,36,-1,2157.25
2,1,4,6,5,10.56,0,187,13,4962.45
4,2,2,12,3,10.69,0,147,-1,1500.0
1,5,2,17,5,6.96,0,94,-1,4933.65
1,3,2,5,3,12.23,0,114,-1,1598.88
4,2,6,11,4,13.65,1,172,16,3134.37
3,3,3,5,,14.43,0,121,-1,3422.43
4,2,2,12,4,1.76,0,313,-1,3210.55
2,4,1,3,3,13.23,0,203,21,1500.0
3,3,2,9,3,3.61,1,164,-1,4273.79
2,1,5,6,4,6.14,1,221,29,3479.82
4,4,6,2,5,5.38,1,258,-1,6243.11
3,5,5,2,4,10.22,0,76,-1,5102.45
2,2,2,12,4,9.09,0,74,-1,2096.75
4,6,2,8,3,1.9,0,221,-1,2908.94
4,5,5,2,4,11.81,0,200,-1,4761.68
3,3,6,9,3,6.76,0,221,8,4367.04
4,4,6,16,3,0.33,0,92,-1,2907.79
1,5,2,15,4,6.39,0,37,-1,3417.82
2,1,6,14,,7.89,1,233,14,3072.28
2,6,4,20,3,1.31,1,120,-1,4123.49
4,3,6,4,3,2.52,1,48,-1,2972.22
4,4,5,4,,14.91,0,33,-1,2192.12
1,5,3,11,3,13.11,0,153,22,1942.4
3,4,5,21,5,2.26,0,129,-1,5107.85
4,4,1,18,,8.83,1,55,0,3498.57
4,5,4,5,3,5.87,0,99,-1,3270.85
4,0,3,2,4,8.29,0,134,-1,3343.82
4,2,2,15,4,7.22,0,35,-1,2722.34
2,3,1,11,4,1.01,0,167,13,3115.43
4,3,1,17,4,4.94,0,205,-1,3898.38
2,6,4,16,3,2.15,1,281,-1,3315.05
4,6,3,15,4,7.49,0,83,-1,4109.67
3,6,1,3,4,13.64,0,74,-1,4270.44
1,3,3,20,4,14.93,0,89,7,1699.59
3,4,3,15,4,14.18,0,120,19,4236.45
4,6,6,19,4,14.79,0,98,-1,3191.54
4,5,1,13,4,0.52,0,324,-1,5248.08
4,2,3,16,4,11.02,1,271,-1,3814.93
3,1,4,12,4,4.31,0,74,-1,4239.37
4,3,1,17,4,13.02,0,352,-1,3489.43
3,5,4,16,3,12.26,0,136,27,3568.11
2,2,4,9,4,6.53,1,260,-1,3424.63
1,2,3,6,,7.26,1,211,-1,3677.95
1,0,3,19,3,4.2,1,42,7,1924.77
3,5,6,13,5,4.55,1,97,-1,7843.25
2,3,6,21,4,14.72,0,285,21,3155.85
3,6,1,8,4,13.37,1,73,23,5472.08
2,4,6,12,3,3.12,0,127,15,1500.0
4,6,2,9,4,4.35,0,31,-1,4537.61
2,2,1,4,,1.9,1,215,-1,4099.94
2,2,4,13,3,14.84,1,272,-1,1848.54
2,1,6,2,4,13.64,0,363,-1,3066.92
1,6,6,3,,8.42,1,66,27,5450.6
2,0,6,5,4,10.49,0,230,-1,1988.55
4,2,3,18,,11.29,0,234,-1,2965.68
4,2,4,21,4,3.3,0,153,-1,3777.99
4,4,6,14,3,14.04,0,11,-1,1920.91
2,4,5,2,5,8.04,1,36,-1,3697.41
3,1,5,15,,1.66,1,169,19,6422.49
3,5,4,8,,6.14,0,312,10,5157.63
4,1,6,16,3,9.14,1,11,-1,1800.98
1,1,2,3,3,5.49,1,173,-1,2000.81
3,4,2,20,3,10.58,1,224,3,4142.47
2,6,1,20,4,13.27,0,154,27,2503.52
3,6,1,5,,11.65,1,333,-1,4621.51
4,6,6,4,,9.75,0,6,-1,3673.13
1,5,1,12,4,7.83,1,235,11,5037.93
3,4,3,19,3,4.04,1,37,-1,4189.43
3,0,2,15,,6.99,0,297,11,4049.17
4,3,4,13,3,4.61,0,243,8,3612.62
1,3,6,5,5,14.03,0,122,22,3144.42
1,0,6,12,,13.64,1,154,-1,3163.01
4,6,5,19,4,2.59,0,297,-1,4267.49
2,3,2,2,3,12.39,1,245,-1,2745.6
3,5,2,7,5,10.63,1,362,17,6751.8
2,4,2,5,,14.64,0,40,17,2110.16
3,3,1,20,,7.11,1,264,0,5406.71
3,5,3,11,3,10.92,0,107,-1,3433.83
2,4,4,18,4,7.91,0,225,-1,2870.21
4,5,1,18,3,1.32,0,173,-1,3599.76
4,0,3,7,5,0.99,1,104,-1,5228.24
3,1,2,10,,2.1,1,348,7,5794.9
4,0,3,20,4,4.65,1,337,-1,3794.17
3,3,1,14,5,4.11,0,181,-1,5891.44
4,4,2,20,3,11.01,0,92,-1,1580.61
3,5,1,20,3,10.82,1,118,-1,4557.35
4,3,4,11,3,14.58,0,120,5,1500.0
1,3,2,2,3,4.86,1,186,8,2904.64
2,1,3,13,5,14.1,0,268,-1,4399.77
1,6,1,13,3,9.31,0,341,-1,2602.85
2,3,5,9,5,7.58,0,15,-1,4947.3
2,1,3,17,4,10.12,1,31,-1,2574.61
3,4,3,15,4,10.63,0,345,12,4155.71
2,4,2,21,3,2.83,0,94,-1,1500.0
1,5,6,16,3,11.35,0,105,13,3349.33
1,6,3,10,3,10.96,0,174,28,2618.57
4,1,1,20,4,14.96,1,325,-1,3240.94
1,0,5,12,4,13.71,0,290,-1,2891.54
4,4,4,5,4,10.36,0,330,-1,4139.93
2,6,5,20,4,10.77,0,36,24,3420.21
1,5,1,17,4,14.21,0,21,-1,2410.72
2,0,2,10,3,14.52,0,217,13,1903.37
1,4,1,6,5,12.46,0,85,25,3457.42
1,4,6,21,,11.58,1,315,-1,3490.63
4,5,6,20,3,1.94,0,41,-1,2834.26
2,5,6,6,4,12.51,1,140,-1,3884.01
1,2,3,12,5,4.02,1,214,25,5116.92
3,3,2,21,,8.59,1,159,-1,5273.91
2,3,6,19,3,6.26,0,278,-1,1885.71
2,0,4,2,,5.38,1,170,-1,3369.08
2,3,4,13,3,4.86,1,159,20,2840.4
4,0,1,20,,12.87,0,239,-1,4176.88
3,6,6,11,,11.61,1,357,22,4564.24
2,4,3,15,3,7.99,0,155,24,1666.37
1,2,4,13,5,10.07,0,231,-1,3551.0
1,2,5,3,5,14.77,1,221,23,5853.7
4,4,2,14,,6.14,1,336,-1,3481.54
1,5,5,8,3,8.4,1,169,-1,2683.71
2,1,4,9,4,8.14,1,284,3,3694.21
1,1,4,15,5,14.06,0,242,-1,4374.05
2,3,1,18,4,5.47,0,357,29,3986.41
1,5,1,8,3,14.8,1,161,8,2276.45
3,0,6,11,3,4.78,0,113,-1,3651.63
4,6,2,5,5,1.9,0,365,21,5807.68
4,2,6,15,4,3.11,0,267,-1,3948.99
3,3,1,15,4,6.57,0,90,-1,4318.6
3,4,3,7,4,9.85,0,295,-1,3530.68
4,5,2,21,4,7.9,0,356,-1,3939.85
3,2,3,18,,5.83,0,307,-1,5593.69
2,0,6,12,,8.56,0,317,-1,3062.57
1,0,1,12,4,12.63,0,324,-1,2674.86
4,1,2,4,3,12.63,0,365,-1,2588.34
3,3,6,11,3,10.98,1,316,14,4502.55
2,4,4,21,4,14.3,1,339,-1,2519.86
4,2,6,6,5,8.98,0,301,-1,4372.7
3,6,5,21,4,0.41,1,232,-1,5883.62
4,0,4,10,3,4.58,0,71,9,2674.28
3,2,3,15,3,5.12,0,106,-1,2494.54
4,4,4,1,5,8.35,0,49,-1,5516.21
2,2,6,17,3,13.6,1,360,-1,2619.47
2,3,4,3,5,12.62,0,1,-1,3904.29
1,1,5,11,,3.71,0,65,-1,2451.81
4,2,6,18,5,7.94,1,357,-1,5300.53
1,5,5,10,5,9.99,1,170,-1,4470.23
4,1,4,21,3,14.82,0,214,27,2680.72
3,4,5,9,4,0.76,1,137,-1,5392.69
3,1,4,7,3,7.12,0,364,-1,3728.26
1,2,2,11,3,14.83,1,180,28,2010.19
4,2,4,8,4,14.66,0,347,-1,2748.54
1,5,1,2,4,5.16,0,210,-1,2983.66
2,0,5,5,4,0.3,1,283,12,2606.75
1,5,5,9,4,8.92,1,1,-1,2876.39
1,2,3,1,3,13.04,1,156,-1,1835.41
3,6,3,17,3,5.07,0,307,-1,3637.8
1,1,1,10,,14.03,1,141,-1,2006.16
4,5,5,8,,5.19,1,27,-1,3965.18
3,5,5,18,4,9.27,0,256,-1,5157.3
1,6,3,10,4,10.91,1,299,-1,4518.4
2,6,3,9,5,5.38,0,247,-1,6490.69
1,6,4,4,4,5.48,0,335,4,4762.43
1,0,6,2,3,7.21,0,84,-1,1500.0
1,2,5,19,4,12.58,0,242,-1,2069.56
3,2,5,10,4,1.78,0,205,27,5063.98
4,4,4,17,4,9.58,0,272,-1,3232.25
2,0,5,3,4,10.26,1,270,-1,3255.23
1,4,1,21,4,8.5,0,47,25,2432.2
4,4,3,19,3,14.06,1,45,-1,1993.7
4,4,3,19,4,9.15,0,176,7,3405.67
3,3,6,19,3,9.63,0,269,9,3786.71
2,4,3,19,4,9.12,0,227,2,2792.67
3,5,2,15,4,10.91,0,355,27,5233.04
4,1,1,18,4,2.29,0,253,-1,3316.14
4,5,1,17,4,13.45,0,245,-1,3781.32
4,5,4,10,3,0.92,0,21,-1,2985.81
3,2,2,14,,9.72,1,21,0,6244.56
2,3,5,19,4,9.35,0,223,-1,2777.32
1,4,6,18,,3.36,0,346,17,3267.81
3,2,1,11,,0.9,0,198,11,3410.22
4,0,2,11,3,2.34,0,230,-1,3707.63
3,0,2,12,4,4.29,0,331,-1,4465.3
4,2,1,8,4,13.27,0,335,-1,2383.0
1,1,4,16,3,12.88,0,229,-1,2193.86
1,2,2,8,4,1.24,1,196,-1,2991.82
2,2,3,14,4,4.55,1,233,-1,3159.26
4,3,2,18,,13.37,0,290,-1,3182.19
2,0,5,21,4,3.78,0,264,-1,2834.78
2,0,1,4,5,14.94,1,156,-1,4119.09
1,4,5,17,3,4.08,1,26,-1,2112.04
3,5,4,13,4,11.16,1,223,-1,5372.61
3,2,6,5,3,6.43,0,201,-1,2566.65
2,2,3,3,4,2.3,1,88,0,3760.97
1,1,1,9,4,4.05,1,314,-1,3709.75
4,6,2,20,,10.22,1,169,-1,3371.1
3,6,3,18,4,5.25,1,293,27,5734.8
2,0,2,20,,9.18,1,344,3,4557.83
3,1,4,19,,3.32,0,362,23,3834.83
3,3,6,19,4,6.89,1,179,-1,5252.79
4,4,1,21,5,7.83,1,299,-1,5712.57
1,1,4,16,4,6.37,1,22,-1,4112.02
4,0,4,1,4,3.21,1,201,0,3951.52
1,3,6,5,5,7.08,0,325,22,4322.04
3,2,4,15,3,10.49,0,76,-1,3586.94
2,3,4,12,3,14.48,0,222,-1,1500.0
4,5,2,1,4,11.91,1,324,-1,4669.89
1,1,5,14,4,2.67,0,187,-1,3584.03
3,0,2,18,3,4.31,0,250,-1,4253.67
1,1,6,18,4,1.46,0,130,25,2510.83
1,2,3,6,4,2.29,0,22,-1,2888.98
1,6,6,1,5,3.99,0,36,-1,5102.7
3,2,6,17,4,3.23,1,17,-1,3878.18
2,0,6,18,5,3.44,0,354,8,4245.05
2,5,6,15,5,3.69,1,260,-1,6145.99
2,4,4,12,4,4.72,1,40,-1,3974.45
1,3,6,13,4,2.15,0,347,-1,3231.54
3,3,3,20,4,4.38,0,337,-1,4124.87
1,2,6,2,3,10.42,1,71,-1,1632.88
2,1,2,4,4,3.78,0,139,13,2010.3
2,6,4,3,4,2.83,0,213,-1,4617.08
3,1,2,19,4,1.3,1,5,12,5507.14
1,5,4,8,,7.65,1,118,-1,3256.6
4,4,2,12,4,12.68,0,68,20,3619.56
4,1,1,12,4,1.17,1,76,-1,4343.83
2,3,5,10,4,8.27,0,275,-1,2884.42
3,6,5,1,,9.86,0,350,-1,3522.61
1,1,4,5,4,9.01,0,91,-1,2305.07
1,6,1,20,5,13.2,0,152,-1,4820.32
2,4,3,11,5,13.04,0,17,21,3407.33
2,3,1,9,3,1.14,0,322,-1,1874.56
1,6,4,14,,5.61,0,34,-1,2940.82
1,1,1,3,5,10.16,1,101,-1,4421.6
2,3,3,5,3,14.3,1,270,28,1643.47
1,2,4,21,3,12.13,0,306,-1,1654.54
4,2,5,9,3,2.9,0,276,-1,2945.23
2,5,6,18,4,4.4,0,258,29,4096.66
1,2,1,6,4,11.52,1,34,4,3701.21
2,1,5,21,,7.23,1,7,24,2336.43
3,4,5,7,4,8.35,0,258,-1,4300.74
2,3,2,16,3,9.25,0,309,5,2614.5
2,6,3,8,4,1.82,1,199,19,4560.98
3,0,6,10,4,12.88,0,139,-1,3700.6
4,2,1,5,4,12.99,1,18,-1,3135.88
1,2,5,11,3,7.18,1,84,-1,2906.07
3,0,5,21,4,9.51,1,21,-1,4391.19
2,6,3,13,4,10.0,0,234,-1,3549.58
1,6,6,20,4,3.09,1,285,-1,4740.01
3,0,6,2,4,1.95,0,337,-1,4479.29
1,6,5,14,4,0.6,1,128,-1,4285.01
1,1,5,9,3,13.72,1,51,-1,1537.49
3,6,5,10,3,5.38,0,28,-1,4024.6
1,3,5,10,,1.56,0,317,-1,2238.25
4,6,2,10,4,7.15,0,28,-1,3801.59
3,2,2,19,4,1.41,0,132,-1,4879.87
4,4,6,11,,1.55,1,210,26,4648.32
2,1,4,11,4,7.49,1,21,-1,4117.04
1,1,1,3,5,7.78,0,176,1,3245.01
2,6,3,19,4,8.83,0,118,-1,3002.27
2,4,4,1,4,9.95,0,135,-1,2572.16
1,4,2,12,5,10.12,0,81,-1,4138.82
3,5,2,15,3,6.67,1,363,1,5463.88
1,4,2,14,4,9.76,0,67,-1,1638.32
2,6,4,3,3,4.78,1,39,-1,3589.67
2,6,2,20,5,6.79,1,90,-1,5124.63
3,0,4,13,,6.08,1,151,0,4176.17
1,2,2,18,3,5.14,0,221,-1,2148.54
2,5,5,16,4,3.81,1,75,-1,4070.3
4,6,5,6,3,1.45,1,234,9,5384.01
2,0,1,10,5,7.74,1,140,-1,4971.44
2,5,2,17,4,8.2,0,89,5,3784.96
3,2,1,17,4,5.24,0,64,-1,4107.67
4,5,4,8,4,14.64,1,154,-1,3973.65
2,0,1,4,5,8.49,0,214,-1,3695.29
2,3,2,15,5,13.37,0,361,-1,4351.89
4,6,4,1,,8.68,0,357,-1,3455.27
1,2,4,7,5,3.09,0,138,-1,3805.84
1,1,5,10,3,14.63,0,230,2,1638.44
2,2,4,7,,13.31,0,41,19,3555.99
2,2,4,1,4,7.23,0,235,11,2545.59
1,2,1,17,,3.87,0,85,9,4042.71
3,3,6,12,4,3.57,1,347,-1,5400.45
4,6,4,17,3,12.15,0,165,-1,3011.43
4,0,3,15,4,1.32,1,197,24,3645.02
3,6,6,16,3,9.68,0,344,17,4380.04
3,1,5,14,4,9.71,1,61,-1,4951.7
3,0,5,3,4,2.98,0,33,-1,5401.92
3,5,4,19,3,10.66,0,281,-1,4329.11
3,5,1,12,5,10.67,1,230,-1,6026.3
3,5,6,19,5,5.45,0,309,10,7169.63
4,0,5,18,5,7.41,0,166,24,5184.23
3,4,5,14,4,12.54,0,212,22,4737.35
1,3,3,20,4,7.99,0,276,-1,3604.3
3,4,4,9,4,9.39,1,53,8,5220.7
3,6,6,3,3,6.37,1,183,-1,4792.32
4,5,5,12,5,2.5,0,220,27,6070.74
4,3,5,20,5,14.97,0,97,26,3897.39
3,0,5,17,4,8.11,0,62,7,3559.19
4,5,5,5,5,5.25,0,41,-1,5094.44
2,0,1,8,4,10.79,0,248,20,3226.47
4,3,2,19,4,9.43,1,109,-1,3103.42
4,0,3,4,5,3.72,0,153,-1,4930.31
4,0,1,15,4,13.19,1,196,-1,3905.0
4,1,3,19,4,1.34,0,147,11,3740.82
1,6,5,15,4,9.2,1,209,-1,4856.12
1,4,3,14,,7.32,1,242,8,3671.32
1,4,4,16,4,4.98,0,106,24,2843.74
3,4,4,10,,12.45,1,4,-1,5188.05
3,2,2,14,4,9.95,0,143,-1,3565.82
2,1,2,20,4,11.46,0,136,-1,2449.12
1,5,3,11,,6.4,0,280,-1,3676.64
3,5,1,2,5,14.15,0,165,-1,6329.29
4,5,1,19,3,5.37,0,135,-1,3253.23
4,4,5,3,,8.11,0,127,-1,1500.0
1,6,1,4,3,14.02,0,64,-1,1500.0
2,4,2,11,5,1.52,0,288,-1,4259.99
2,6,1,13,4,1.9,1,127,-1,4219.28
4,1,5,18,5,14.91,1,196,-1,4453.78
2,6,4,18,4,14.58,0,81,-1,2290.22
1,0,1,19,,11.64,1,291,-1,2772.24
4,4,1,12,,7.42,1,83,-1,3434.24
3,5,2,1,3,7.74,0,151,-1,3503.09
3,0,3,6,4,4.08,0,188,-1,4848.68
2,4,4,3,4,6.66,1,210,12,3741.66
4,3,3,17,3,6.64,1,27,-1,3438.46
4,2,5,3,4,0.83,1,59,28,4180.37
3,4,5,1,3,6.96,0,93,27,2700.29
4,3,3,3,3,7.35,1,334,-1,3064.62
4,1,2,4,,10.09,0,113,-1,2995.78
4,3,6,6,4,7.89,1,328,-1,4306.45
2,1,2,7,3,12.97,1,123,-1,2137.29
4,4,6,8,4,5.7,0,38,8,3398.18
1,1,6,13,3,6.32,1,256,26,3128.3
2,3,2,4,4,8.7,1,12,-1,3777.52
4,6,6,6,4,3.28,0,227,-1,4047.72
4,2,6,11,5,6.08,0,193,24,4452.04
1,0,6,1,5,10.39,1,41,-1,3755.2
2,0,4,8,3,6.35,1,184,-1,2783.34
3,2,5,2,3,13.63,1,34,-1,2795.96
3,5,6,8,3,9.34,0,36,-1,3612.1
2,0,5,20,5,2.56,0,74,7,4721.77
4,4,5,9,,7.47,0,249,-1,4095.43
4,5,4,4,3,11.54,1,126,-1,3011.79
3,4,5,17,3,9.76,1,19,-1,4366.0
3,3,3,7,4,13.31,1,215,-1,4510.43
3,3,1,10,3,11.32,1,246,-1,4585.99
1,5,4,5,,1.21,0,207,-1,5003.14
3,5,1,10,4,1.95,0,150,-1,5249.62
1,5,3,12,4,9.85,1,312,-1,3962.23
2,5,2,21,4,3.8,1,165,26,4517.39
4,1,2,20,3,8.94,0,302,2,2115.67
3,6,6,6,4,11.95,0,107,22,5069.07
4,5,2,1,,8.78,0,348,8,4441.45
4,6,4,3,4,6.41,0,127,8,4773.77
3,5,2,7,4,9.8,0,157,16,4197.65
3,3,4,11,5,2.41,0,348,-1,6449.8
2,4,4,12,3,10.93,1,235,-1,3071.87
1,6,1,9,,10.55,0,121,17,3628.18
1,3,2,1,,7.86,1,298,-1,4065.46
4,0,5,4,4,4.4,0,232,-1,3052.28
3,1,2,2,3,12.02,0,81,-1,2162.17
2,1,2,2,,7.81,0,63,20,2985.55
2,4,2,17,,1.17,0,5,9,2324.4
2,5,6,21,3,13.8,0,351,9,1803.77
2,3,5,2,4,11.59,0,286,-1,2611.06
2,0,5,4,,8.9,0,203,-1,2696.39
1,3,4,11,5,6.72,0,86,7,4167.11
1,5,5,19,4,14.41,0,156,9,2946.0
1,5,4,13,4,11.69,0,96,-1,3243.38
3,2,1,21,4,8.16,1,358,10,5639.28
4,3,4,18,4,9.9,1,219,-1,4203.36
2,4,2,19,3,4.43,0,209,24,1825.72
3,3,3,15,3,3.18,1,107,17,4820.58
2,1,3,12,3,4.32,0,213,-1,2004.99
1,0,6,11,4,4.61,0,147,-1,2820.48
3,6,2,1,5,11.17,0,207,21,6545.67
1,4,4,16,5,2.36,1,57,-1,4755.93
2,2,2,13,5,11.73,0,243,-1,4164.99
2,0,6,6,,7.99,0,56,26,3245.87
4,0,5,6,4,5.95,0,70,-1,2941.3
2,6,4,10,3,4.72,0,259,-1,4080.93
1,1,2,2,4,7.84,1,41,-1,3261.9
2,1,5,3,,4.97,1,357,13,4975.37
4,1,6,6,4,6.61,0,33,17,3674.86
4,4,5,16,4,11.16,1,273,-1,3518.48
1,3,4,6,3,9.5,1,352,24,2654.09
3,0,6,13,4,11.3,1,192,-1,5472.16
2,3,6,4,4,10.78,0,141,20,2588.02
4,3,6,15,4,12.28,0,266,-1,2331.99
2,1,1,6,5,3.26,1,120,19,4616.97
2,3,6,1,3,14.93,1,253,-1,2314.96
3,0,1,9,5,7.29,0,252,1,6198.44
4,0,5,12,3,10.86,0,263,11,2627.1
2,5,1,11,5,10.26,0,315,-1,4318.76
4,2,5,13,4,8.62,0,297,-1,3576.64
1,4,1,1,4,14.94,0,143,-1,2120.12
1,3,5,19,3,3.49,0,250,-1,2030.8
2,4,5,21,,6.5,0,166,-1,2333.14
4,4,6,4,5,2.18,0,100,-1,5350.48
2,4,6,5,3,2.97,0,350,-1,2342.98
4,6,5,17,3,10.78,0,41,-1,3079.38
4,5,6,5,,0.37,0,95,-1,4792.29
3,4,5,19,3,13.38,0,285,-1,2706.1
3,5,6,3,,9.61,0,177,-1,4297.21
3,0,3,11,4,6.78,0,241,-1,4958.23
2,6,1,2,3,5.17,1,226,-1,3228.66
3,3,5,14,4,2.16,1,300,-1,5690.31
3,5,2,6,5,13.85,0,286,13,6340.41
1,2,6,19,4,10.77,0,45,-1,1624.93
4,4,6,1,,5.24,0,45,4,2411.82
4,6,4,7,4,1.34,1,224,-1,4591.84
3,2,2,2,4,5.09,0,4,-1,4230.84
4,0,2,19,4,3.01,1,265,8,4888.94
1,0,3,1,,11.86,1,109,-1,2850.81
1,1,1,9,5,10.88,1,242,7,5509.41
3,4,3,21,,7.62,1,150,2,4392.38
1,1,1,17,3,13.32,1,6,-1,2071.31
4,6,5,10,4,2.96,0,313,-1,4605.85
2,2,3,6,4,6.94,1,302,27,3377.51
4,3,4,3,5,10.75,0,347,-1,4684.76
2,1,1,20,5,1.3,0,276,3,4232.04
3,0,3,15,4,5.78,0,158,-1,4476.65
2,4,4,21,4,8.7,1,154,-1,3601.36
1,2,2,20,,5.69,1,71,-1,2042.59
4,5,6,6,,7.36,0,136,-1,4360.65
2,6,5,3,3,9.24,1,138,10,2294.01
4,6,5,10,4,5.72,0,149,26,4522.68
3,0,2,12,4,1.86,0,359,-1,4201.81
3,5,3,1,4,2.35,0,345,-1,5573.29
1,6,6,16,4,8.05,0,49,-1,2509.97
3,3,2,17,,2.87,0,100,-1,3984.97
2,4,4,10,4,13.38,1,167,-1,3440.66
3,3,6,12,4,12.56,0,65,-1,4165.09
1,6,1,19,,5.43,0,241,-1,4095.11
4,3,3,8,4,12.52,0,146,-1,2861.36
4,6,6,8,3,8.14,1,241,-1,3784.68
3,4,1,10,3,2.64,1,115,-1,4617.53
2,4,2,10,3,9.33,1,271,21,2269.37
1,5,5,18,3,10.29,0,131,-1,2293.37
2,3,6,10,4,1.53,0,304,6,3777.05
1,2,6,7,4,4.92,0,37,2,2736.39
3,5,1,4,3,0.38,0,134,-1,4080.31
1,4,1,1,5,4.95,1,182,20,4923.72
1,0,5,11,4,5.23,0,13,-1,2650.77
3,6,1,19,4,9.56,1,203,-1,5078.7
2,5,1,5,3,3.23,1,84,-1,2330.38
3,1,6,8,3,0.74,0,243,-1,3746.17
1,2,5,2,4,4.94,0,289,26,3234.13
3,6,5,2,,12.44,0,148,-1,6602.45
1,5,6,14,,6.17,0,126,-1,1972.58
3,4,2,9,4,6.4,1,318,-1,5722.36
4,4,2,10,5,7.19,0,297,-1,4028.97
4,2,6,13,4,11.35,1,70,0,3813.71
3,1,1,1,4,7.36,0,84,-1,4149.01
2,5,3,14,4,1.64,0,137,-1,3637.52
1,5,2,2,,3.33,1,276,-1,5401.99
4,3,2,4,4,3.06,0,112,8,3259.88
2,0,6,19,5,7.77,0,62,-1,3962.72
1,4,6,1,,0.74,0,88,-1,3488.21
4,5,3,4,5,4.47,0,76,2,5230.87
4,5,3,11,5,9.23,1,118,-1,5536.96
3,6,5,13,4,5.51,1,305,13,6032.91
1,6,6,18,4,10.7,0,282,-1,3395.65
2,5,2,10,4,6.05,0,228,-1,3299.46
2,1,4,5,4,14.7,0,135,-1,1500.0
2,0,4,1,5,14.49,0,122,-1,4641.45
1,5,1,14,3,12.06,0,198,22,2601.25
2,2,2,16,4,14.33,0,29,-1,3060.67
2,4,4,18,4,3.31,1,17,9,3449.99
2,3,2,3,4,11.34,1,22,8,3410.28
3,6,6,3,4,5.03,0,37,-1,5912.86
3,2,2,4,3,10.96,0,236,-1,3752.0
1,4,4,7,4,5.8,0,247,24,3813.01
1,6,2,13,5,4.55,0,360,-1,6110.24
2,1,3,9,5,14.39,1,29,-1,3845.25
3,6,1,3,,3.39,0,118,-1,4077.04
4,0,5,17,4,11.45,0,285,-1,3872.56
4,0,4,15,5,10.22,0,73,-1,4173.82
2,4,6,10,4,4.76,1,70,-1,3269.71
2,2,5,15,,7.04,0,272,-1,2929.32
3,3,1,1,3,2.4,1,324,-1,4157.04
3,1,3,21,4,13.84,0,361,10,4280.4
3,4,3,10,4,14.53,1,212,16,4563.96
1,1,3,7,4,11.07,0,334,-1,2447.09
1,0,3,7,4,12.79,1,140,-1,3080.86
2,5,4,3,4,1.51,1,237,-1,4467.82
1,5,4,7,5,5.94,0,6,-1,5626.01
3,3,2,9,4,5.16,0,215,-1,4472.39
3,1,6,8,4,8.6,0,67,24,4374.11
1,4,2,3,5,3.0,1,315,-1,5039.59
4,3,6,5,5,8.58,1,104,13,4122.29
2,6,1,13,5,9.92,1,34,-1,5602.89
4,6,2,13,4,2.25,1,28,24,5560.17
2,2,1,8,4,2.24,0,355,-1,3265.43
4,5,1,18,4,0.82,0,118,2,4573.95
1,4,1,7,3,11.49,0,33,3,1511.46
2,1,3,10,4,5.17,0,259,-1,3040.02
2,3,5,10,4,3.61,0,321,-1,3872.29
2,4,5,11,3,11.74,1,349,-1,2593.55
3,3,4,12,5,2.41,1,312,19,6556.56
3,3,1,13,4,6.58,1,348,14,4550.09
4,3,3,8,4,11.25,0,131,21,3871.6
1,1,2,17,4,8.74,0,340,-1,2958.84
3,4,2,14,3,8.44,0,200,-1,3835.86
2,0,4,17,5,2.61,0,112,10,3817.18
3,0,4,19,4,2.96,0,96,-1,3246.56
1,1,1,16,4,8.86,0,310,6,2398.22
3,6,1,9,,0.65,0,5,-1,5583.86
2,1,2,20,4,13.08,1,28,-1,2552.81
4,5,2,10,4,5.45,0,335,-1,3760.92
2,3,2,9,,6.42,0,355,-1,1988.38
1,4,2,1,3,4.1,1,164,-1,2268.89
4,4,5,3,4,13.19,1,36,-1,3816.42
3,2,1,11,4,9.74,0,62,2,3950.43
3,2,1,7,4,6.91,0,238,-1,5126.74
3,0,2,18,,8.9,1,249,5,4337.82
4,2,3,13,3,5.89,0,184,29,2082.08
2,2,2,18,4,7.14,1,246,-1,4329.51
4,0,6,16,4,5.56,0,39,-1,3982.24
4,5,4,16,3,6.34,0,63,-1,2935.41
1,6,6,21,4,4.93,0,222,25,4398.11
4,0,3,10,3,1.44,0,121,-1,3405.61
3,6,4,9,4,0.85,1,130,-1,6128.92
2,2,3,8,4,2.86,1,298,-1,3691.96
2,4,4,19,5,4.0,1,124,-1,4823.64
2,2,2,3,3,13.39,0,24,-1,1500.0
3,3,2,9,,9.29,1,310,-1,5381.15
3,6,3,2,5,14.39,1,361,-1,7221.16
3,6,4,19,4,5.29,0,35,-1,4843.68
3,3,5,8,4,6.21,0,107,6,3575.22
3,3,3,18,4,10.88,0,185,14,3555.95
4,5,3,8,3,8.8,0,102,-1,2522.07
3,1,6,5,4,8.06,1,18,5,4625.18
3,3,1,6,5,8.76,0,186,-1,6224.74
3,6,3,10,4,8.89,0,233,-1,5770.51
3,4,5,15,4,11.56,0,93,-1,4308.81
2,6,2,4,4,10.12,0,230,-1,4217.88
3,6,4,3,,14.37,0,354,-1,4963.56
4,5,1,9,4,14.24,0,127,25,3570.41
4,1,4,16,3,6.5,0,314,19,2553.92
4,1,2,16,4,0.83,0,303,-1,3070.57
1,3,3,15,4,0.46,0,258,9,3817.12
2,2,6,9,5,2.11,1,347,12,4891.82
3,6,5,17,4,1.4,0,241,-1,5290.29
1,0,1,21,4,5.79,0,114,-1,2565.26
3,2,5,12,3,1.08,1,151,-1,4827.05
1,2,5,8,3,9.49,0,115,-1,1500.0
1,1,5,14,4,3.1,0,261,23,3184.82
4,1,5,18,4,7.86,0,248,-1,3383.62
4,5,2,12,4,1.82,1,189,9,4835.76
1,5,5,14,4,12.47,0,220,5,3823.89
4,1,6,20,5,11.77,0,255,-1,4015.65
1,4,5,5,3,5.98,0,291,-1,2648.42
2,4,2,1,,13.69,0,284,-1,2638.47
4,0,4,13,,3.03,1,140,12,3916.06
4,1,2,14,4,12.26,0,142,-1,3502.97
4,3,6,2,5,8.32,0,288,-1,5436.18
2,5,6,16,4,5.14,0,250,-1,3573.52
1,1,3,5,4,1.54,1,344,-1,2775.85
3,4,2,1,4,2.82,1,143,-1,4880.21
4,1,4,12,4,12.98,0,84,-1,2782.68
1,4,3,19,3,9.22,1,179,-1,1747.09
2,1,3,10,5,3.79,0,100,-1,4473.97
3,6,1,12,3,7.59,1,236,-1,4957.14
4,3,5,19,4,1.89,0,336,-1,3576.3
2,0,3,16,4,1.75,1,204,-1,3853.8
2,6,3,17,,13.64,0,289,-1,5486.36
3,3,6,13,,7.03,1,126,-1,5487.04
1,4,4,7,,5.62,1,360,-1,3167.12
4,5,3,3,4,14.25,1,277,-1,4939.1
4,5,4,5,4,6.17,1,306,16,4634.04
1,2,5,4,4,5.24,0,259,15,2586.37
1,3,6,15,5,4.31,0,252,-1,4922.33
1,1,1,17,,8.61,0,176,-1,1500.0
3,0,1,12,4,8.51,1,238,-1,4100.31
3,1,5,14,4,0.54,1,166,29,4855.36
4,1,5,4,4,9.91,0,214,-1,3029.71
3,3,6,17,4,11.89,0,204,-1,4306.25
2,0,6,11,3,9.35,0,199,-1,1906.71
4,2,2,6,3,13.09,1,0,6,2741.42
3,6,3,4,4,4.36,1,168,-1,4768.59
1,1,3,13,,3.12,0,272,-1,3017.52
2,0,3,20,4,10.55,1,263,-1,2384.0
1,2,4,15,4,3.07,1,66,-1,3546.44
4,6,2,18,4,1.64,0,348,-1,4967.2
1,1,3,17,4,1.72,0,117,-1,2792.06
3,0,4,19,5,11.6,0,85,7,5145.29
3,6,4,10,3,0.72,0,234,-1,4011.09
4,3,1,5,4,4.56,1,321,-1,4710.29
1,5,4,12,,2.2,0,257,-1,4432.54
4,5,5,15,3,11.4,0,16,-1,3111.65
1,1,6,4,4,7.7,0,72,26,2983.47
2,1,4,8,4,3.32,0,160,-1,2969.22
3,6,5,20,3,11.33,1,220,-1,5570.5
4,0,5,17,4,11.33,0,181,-1,3633.94
2,5,1,6,,7.99,1,363,-1,3951.55
2,1,1,16,,4.35,0,248,25,1500.0
4,2,4,5,4,8.92,0,106,-1,1802.29
4,1,1,14,4,14.02,1,100,1,3143.91
2,5,1,2,,1.06,0,300,5,3350.57
1,4,6,17,,4.22,0,256,-1,2565.23
2,5,3,6,,4.49,1,335,2,4278.82
4,2,4,11,4,9.59,0,306,-1,2785.51
2,0,4,2,5,9.87,0,277,-1,3631.09
1,2,4,1,3,3.33,0,161,-1,1826.1
3,4,1,5,3,3.48,1,332,-1,4200.78
3,4,6,8,3,13.94,0,48,13,1598.78
2,1,1,4,,11.42,0,365,-1,2737.49
1,1,5,19,4,14.03,1,304,27,3555.56
3,5,2,5,4,12.5,0,169,6,4748.62
2,3,2,5,4,6.21,1,91,-1,3189.79
2,2,2,16,4,2.09,0,268,7,3331.18
1,5,3,18,5,9.55,0,229,3,5366.81
4,3,1,11,3,5.47,0,349,-1,2188.99
2,5,5,17,,6.55,0,249,-1,3515.19
4,4,5,3,3,6.56,0,227,28,2753.56
4,1,2,18,3,14.07,0,195,18,2116.25
3,1,6,4,,1.31,0,141,25,5977.84
4,5,3,19,4,3.14,0,183,-1,4253.8
1,1,3,9,4,9.24,1,214,11,4058.76
3,0,2,5,4,13.29,0,68,19,4494.99
3,5,2,4,3,13.79,0,45,-1,3633.6
3,4,1,16,,8.51,1,14,19,3850.82
2,6,6,10,4,0.81,1,342,-1,5641.97
2,5,3,9,4,5.63,1,135,-1,4268.12
4,5,5,16,,13.81,1,121,-1,4932.73
3,1,2,20,4,7.65,1,183,-1,5269.34
3,4,1,17,4,10.98,1,266,-1,3936.43
1,5,5,18,3,4.26,1,198,22,2916.31
4,1,3,15,5,0.67,0,172,-1,4923.82
1,2,2,20,3,8.8,1,109,-1,2183.84
4,4,6,9,5,12.57,0,104,-1,4915.43
4,3,2,6,4,14.86,0,286,-1,4065.84
2,0,6,6,3,12.75,0,174,21,1500.0
2,3,1,11,4,8.44,0,359,25,3033.38
1,6,1,20,5,9.25,0,321,-1,5478.51
4,4,3,3,4,12.42,0,363,6,2772.5
3,5,6,12,,0.59,0,60,-1,3839.52
2,1,2,15,3,14.29,0,263,-1,1500.0
3,6,1,7,4,8.11,1,320,-1,5651.06
1,4,2,18,3,14.3,0,272,-1,1500.0
2,0,3,15,4,11.54,0,157,-1,2243.91
2,4,6,8,5,2.54,0,222,15,4922.64
4,6,2,9,5,2.73,1,114,8,6452.88
1,1,5,15,3,5.5,1,253,2,2249.28
4,3,2,16,4,4.18,1,307,-1,3675.0
2,2,4,20,3,6.76,0,62,-1,1500.0
1,3,4,3,4,9.18,0,60,-1,2758.26
2,1,3,5,5,6.72,1,255,-1,5098.99
1,6,3,3,,1.13,0,76,2,3433.01
2,1,3,2,,14.64,0,89,-1,2907.94
3,0,5,2,5,6.55,0,287,-1,6222.13
3,4,6,4,3,12.81,1,364,-1,3854.3
4,4,5,3,4,1.39,0,290,15,3340.92
3,3,2,9,3,12.21,1,271,-1,3144.32
2,6,1,12,4,2.85,0,136,23,4544.24
2,2,6,9,3,10.29,1,274,-1,2249.28
3,2,4,19,,10.03,0,39,-1,5062.28
4,0,4,12,4,13.67,0,173,-1,3093.26
3,1,4,16,,5.01,1,108,-1,4101.84
1,0,2,1,4,1.9,0,130,17,2916.53
1,4,2,10,4,13.01,1,153,28,3065.59
1,5,3,10,4,5.17,1,356,6,4437.97
3,5,1,4,3,3.72,0,71,6,4103.23
3,5,3,11,4,7.45,0,325,18,5012.86
3,1,2,11,4,2.45,1,4,-1,4639.56
1,0,5,11,4,4.67,1,212,3,4263.52
4,6,3,6,3,5.96,1,282,-1,3466.02
2,3,6,15,3,4.38,0,171,-1,1636.76
3,4,2,2,5,6.92,1,293,-1,5507.07
4,5,2,21,3,5.95,0,213,-1,4220.87
2,6,5,3,4,11.69,0,88,-1,3138.54
2,2,5,5,,13.8,0,70,-1,1500.0
2,0,5,11,,1.78,1,333,-1,3552.81
4,4,1,21,3,12.4,0,168,-1,1583.43
4,4,6,12,4,14.0,0,313,-1,2577.54
1,2,2,3,5,10.39,0,197,-1,4523.54
4,2,5,9,4,14.95,0,95,20,2890.98
4,2,1,3,4,5.23,1,318,-1,4960.67
4,5,4,2,4,12.51,0,18,-1,3802.35
2,5,6,6,4,10.2,0,154,-1,3654.68
3,0,4,6,5,5.05,1,93,-1,6328.61
1,2,4,17,4,10.66,1,52,-1,2556.82
3,3,2,8,4,7.79,1,352,-1,4197.94
3,4,1,1,4,3.08,1,10,-1,5227.27
4,2,1,8,4,2.86,0,104,-1,2877.49
1,4,4,15,4,10.79,0,9,-1,2748.3
3,1,6,18,3,10.77,1,220,-1,3789.41
3,6,3,13,3,8.1,0,341,-1,4153.32
1,1,4,8,5,7.67,1,19,-1,4455.24
4,2,2,20,5,2.95,1,146,-1,4991.27
3,4,4,18,,6.61,1,343,21,4173.9
2,6,6,13,5,13.11,1,254,-1,5265.01
3,1,6,14,4,12.86,0,129,-1,3856.86
2,2,4,15,4,10.02,1,246,-1,4015.28
4,4,1,6,,14.96,1,145,27,2526.47
3,2,4,1,4,13.43,1,81,-1,4211.4
1,5,5,7,,2.43,0,1,-1,2502.98
1,4,5,1,,6.17,0,302,-1,2684.75
3,1,3,15,,2.24,0,247,-1,3268.43
4,2,2,6,4,7.15,1,46,-1,3854.22
4,1,2,5,3,11.71,0,78,-1,1500.0
1,2,1,12,,2.59,0,123,-1,2083.23
3,0,2,3,3,13.24,0,344,-1,4041.33
4,1,3,20,3,8.67,1,81,13,3096.72
1,1,5,14,4,11.31,0,276,3,2187.59
2,3,1,6,3,0.96,1,31,-1,3485.49
3,6,6,4,5,1.68,1,274,3,7902.98
2,5,5,15,4,9.43,0,145,-1,2775.78
2,1,3,17,,12.62,0,279,-1,1938.34
4,4,1,5,3,13.15,1,105,14,2026.53
4,6,4,6,4,10.42,1,157,11,4307.42
4,2,2,10,3,3.25,1,92,3,3093.03
3,0,3,9,4,3.17,1,245,-1,4889.13
2,4,1,4,4,13.26,0,340,-1,2423.57
3,6,5,9,4,1.96,0,148,-1,5377.11
4,4,1,8,4,10.39,0,303,-1,2939.53
2,4,4,3,5,8.14,1,128,6,4663.5
3,4,3,20,3,6.49,0,21,-1,3570.19
3,6,1,1,3,6.77,0,55,-1,3934.23
1,0,6,20,4,14.19,1,37,-1,3485.41
3,3,3,5,5,12.96,1,18,-1,5802.47
4,5,3,3,4,13.02,0,193,22,3465.12
3,1,5,4,3,6.28,1,92,-1,4653.5
2,6,2,19,4,1.87,0,214,19,4368.47
3,4,6,15,5,14.97,0,174,14,5297.24
1,1,4,19,3,2.44,0,313,9,2205.91
2,6,1,16,3,7.88,1,255,-1,2804.32
2,1,2,8,5,4.19,1,253,-1,5129.69
1,4,5,14,5,7.81,0,44,-1,3792.73
4,3,2,5,4,4.78,0,214,-1,4179.69
2,6,3,1,5,13.48,1,219,1,5641.15
4,1,3,19,,14.53,0,27,-1,1877.06
2,2,4,5,4,6.33,1,315,-1,3242.85
2,1,6,3,4,1.33,1,260,3,3792.86
4,5,1,17,4,10.05,0,207,-1,3428.29
2,4,1,7,4,5.84,1,280,8,3813.63
4,0,5,17,5,14.79,0,128,1,4015.44
1,1,4,13,4,1.61,1,167,-1,3091.16
4,3,1,14,3,2.05,0,230,-1,3618.95
1,2,6,12,4,10.58,0,350,20,3107.8
2,2,3,11,4,11.45,0,166,1,1845.56
4,0,4,1,3,7.23,0,94,-1,2667.48
2,5,2,3,5,4.38,0,75,16,4198.19
4,0,4,12,3,4.85,0,246,-1,2127.62
1,5,4,9,3,5.27,0,170,-1,2735.94
1,1,6,2,4,3.61,0,303,-1,3114.73
4,4,6,14,4,12.8,1,219,-1,3338.15
1,3,1,5,4,1.26,0,293,28,3367.79
2,2,5,3,,6.29,1,345,22,3219.56
2,0,5,12,,11.29,0,279,-1,2829.03
3,3,6,12,3,0.36,0,253,-1,4020.44
1,5,1,21,3,13.21,1,132,17,3350.76
2,4,1,7,4,10.68,0,235,22,3043.69
4,2,1,1,4,1.38,0,164,-1,3349.44
1,2,6,3,5,13.46,1,270,18,4837.55
2,5,5,11,4,7.46,0,193,-1,2851.28
1,4,1,13,4,9.89,0,275,-1,3575.26
4,2,6,10,,13.27,1,157,24,3485.15
2,4,2,19,3,13.25,0,43,-1,2932.35
3,2,2,4,,6.31,0,186,-1,4632.78
3,1,3,5,,3.79,0,131,26,4470.51
1,5,2,11,4,4.08,0,158,-1,2829.95
4,4,4,9,3,11.56,0,246,-1,1854.39
2,3,3,13,3,13.96,1,296,24,2102.41
4,1,2,17,3,1.36,0,75,24,2237.21
2,6,4,15,3,0.52,0,7,-1,3668.62
1,3,2,13,4,12.4,0,77,-1,2504.67
2,5,6,21,5,5.98,0,106,-1,4912.09
4,2,4,11,4,4.36,0,39,-1,3590.76
4,6,1,1,4,3.07,0,104,24,3978.47
1,3,6,8,,5.39,1,152,-1,3507.01
4,1,4,5,3,14.58,1,317,-1,1946.09
2,6,6,16,,14.66,0,57,-1,2815.64
1,6,1,4,3,5.17,0,326,-1,3037.45
2,4,4,19,4,14.47,1,86,28,3011.62
4,0,4,18,4,4.71,1,173,-1,3507.53
1,3,6,2,5,12.86,0,358,-1,4637.99
2,0,2,13,5,3.42,0,153,-1,3676.63
4,5,4,16,4,12.45,0,297,21,3730.23
4,3,2,8,4,5.5,0,6,19,3424.55
3,3,4,19,4,3.18,0,55,24,4305.84
4,4,5,3,3,14.04,1,67,-1,1793.84
2,2,3,19,5,3.45,0,299,15,4523.59
1,1,2,17,3,14.88,0,307,-1,1500.0
3,1,2,9,4,1.9,1,145,-1,4572.79
4,1,1,21,4,0.45,0,277,-1,4536.43
4,5,5,21,4,13.1,0,259,-1,3597.07
4,6,1,17,4,8.92,1,156,-1,3809.69
2,2,5,1,5,6.5,0,215,-1,3947.42
3,0,5,4,3,1.5,1,167,-1,3690.75
2,1,6,15,3,8.75,0,315,24,1927.43
3,0,6,12,4,6.09,0,168,-1,4395.81
1,2,6,17,3,7.41,1,72,24,3020.21
2,5,4,12,4,9.57,0,270,-1,2621.51
2,2,1,16,4,9.71,1,76,-1,2397.73
1,4,3,13,,14.42,0,56,-1,3423.92
3,6,5,11,4,9.93,0,349,6,4722.13
4,1,5,15,5,5.29,1,98,-1,4524.85
1,5,2,16,4,5.15,1,162,-1,4042.14
4,4,4,6,5,7.31,1,345,-1,6395.77
4,1,3,11,3,4.11,0,274,-1,3029.19
1,2,6,15,4,5.83,1,276,-1,3026.49
3,2,5,5,5,12.68,0,343,-1,5614.3
4,3,2,3,4,12.94,1,25,4,3286.38
1,3,1,2,5,9.53,0,55,27,4252.78
2,2,5,1,3,8.87,0,30,27,1524.21
2,2,2,15,5,6.58,0,29,19,3933.68
2,0,1,2,4,9.65,0,23,-1,3437.22
1,6,4,20,,12.15,1,95,-1,2536.93
2,0,6,6,3,11.15,0,157,-1,1500.0
4,6,1,12,3,0.82,1,120,-1,4559.91
2,4,5,21,5,11.05,0,153,14,4046.11
2,3,3,16,4,10.88,0,357,-1,2903.04
4,3,1,14,5,1.76,0,81,-1,5703.31
2,2,3,4,4,2.51,1,360,21,3774.49
4,2,3,8,5,11.88,1,309,-1,4872.02
2,4,1,12,,8.52,0,331,-1,3128.7
4,5,4,14,3,12.38,0,276,-1,1939.09
2,5,1,20,3,3.02,0,125,-1,3812.78
4,5,2,13,5,0.75,1,283,-1,5922.16
1,3,6,5,,2.68,1,123,-1,3354.7
4,0,3,12,,6.95,0,80,2,2347.12
2,5,6,10,3,7.99,0,334,-1,1509.49
2,1,5,21,3,12.91,1,278,-1,1785.7
3,4,3,19,5,10.83,0,180,7,6342.88
4,5,5,13,4,14.86,1,308,18,4974.71
1,1,2,9,4,1.46,0,161,-1,3698.94
4,5,2,11,5,2.21,1,323,-1,6316.84
4,0,6,5,4,1.54,0,360,-1,4357.82
1,0,2,13,5,8.22,0,11,15,4380.58
4,5,1,10,4,4.22,0,129,-1,4032.21
1,1,3,18,5,10.35,0,280,11,4605.71
1,4,5,15,3,2.25,0,343,-1,2304.68
4,1,6,20,4,1.82,0,350,-1,3981.01
4,4,6,12,4,7.06,1,124,-1,3039.74
2,5,2,4,3,5.83,1,171,-1,3443.69
2,4,2,5,4,12.49,0,133,4,1500.0
3,2,5,8,4,12.61,0,350,-1,3832.81
3,3,3,5,3,2.03,0,38,-1,2603.67
4,6,3,1,4,12.24,1,177,-1,5246.37
1,3,6,18,5,8.59,1,279,-1,6800.54
3,0,5,19,4,7.7,0,4,-1,5103.27
4,2,6,19,4,1.69,1,53,-1,4528.89
3,3,4,10,3,11.17,1,309,-1,3266.68
1,5,3,9,3,1.18,0,265,-1,2501.31
4,4,5,1,4,4.38,0,81,14,3378.35
1,4,5,20,5,1.7,1,220,-1,5108.05
4,1,6,3,5,8.1,0,330,12,4430.38
3,1,2,13,4,9.78,0,240,19,4291.8
2,4,5,6,4,13.4,0,93,-1,1500.0
3,5,6,6,4,11.09,1,362,-1,5202.1
3,4,1,18,4,14.43,0,68,-1,3302.01
2,1,2,5,4,11.49,0,5,-1,2714.42
2,3,2,17,4,4.68,1,205,-1,2957.58
4,0,3,3,3,8.35,1,15,-1,2370.84
4,1,4,5,5,7.03,0,59,-1,4430.84
1,5,3,3,3,8.62,0,141,21,2521.66
1,3,1,13,4,8.71,0,288,2,2994.03
3,3,6,15,5,10.62,1,356,-1,5971.85
2,3,2,17,4,1.52,0,205,-1,3499.57
1,2,2,15,3,11.28,1,39,-1,1500.0
3,2,5,5,3,2.41,0,8,-1,3011.77
2,6,4,14,4,0.69,0,90,29,3633.85
4,3,4,11,,7.93,0,194,-1,3148.5
3,5,5,14,4,8.85,0,201,7,5790.94
4,4,1,7,4,0.81,0,47,-1,2417.5
1,5,4,3,,7.88,0,265,-1,5482.82
1,2,2,20,3,8.16,1,244,-1,2519.66
2,1,1,10,4,1.07,1,261,18,4039.64
3,6,3,11,4,10.76,0,317,23,4577.86
4,2,3,6,4,3.39,1,30,-1,5218.63
2,4,1,5,3,11.98,1,261,-1,1893.52
1,0,2,20,4,4.87,0,350,-1,3095.57
1,6,3,13,,7.33,0,33,-1,4541.68
3,2,6,12,3,13.41,1,244,-1,3562.77
4,5,2,19,5,12.15,0,348,-1,5211.02
3,6,5,19,5,11.79,0,322,-1,6982.19
4,5,4,21,3,2.66,0,267,-1,3314.85
4,3,1,5,4,1.01,0,293,-1,3808.68
3,3,4,20,4,9.2,0,210,-1,3670.36
2,3,5,21,3,6.34,0,134,-1,1500.0
3,6,3,9,4,13.66,1,63,8,5241.85
3,0,6,4,,5.44,0,246,8,5771.8
1,4,2,15,4,6.34,0,332,-1,2359.05
1,6,2,3,5,8.03,0,276,13,4907.58
3,1,5,7,4,12.01,1,77,-1,4147.88
3,5,1,20,,4.24,0,163,-1,4098.57
1,5,4,20,3,14.14,0,76,-1,2125.65
4,6,6,14,4,8.24,0,176,-1,4169.94
3,6,3,14,4,12.66,0,96,16,4096.03
2,4,1,9,,8.03,0,138,-1,1500.0
2,0,6,3,4,11.65,1,242,-1,2692.08
2,6,6,9,5,1.06,1,358,-1,5710.21
3,3,5,21,,12.05,0,344,-1,3872.51
4,4,5,4,,8.0,0,358,-1,1715.91
4,1,2,17,3,6.91,0,250,-1,3340.34
1,3,3,6,5,1.94,0,279,-1,4784.03
3,1,1,16,5,11.2,1,277,24,5859.0
4,2,2,18,4,2.23,0,170,-1,3182.86
3,1,3,13,,3.13,0,178,-1,5820.94
1,3,4,7,3,2.16,0,176,-1,1807.42
1,2,4,3,3,0.4,0,277,-1,1962.15
1,3,2,6,3,10.03,1,334,6,2838.82
2,5,1,3,3,4.28,0,17,11,2613.82
3,3,3,12,5,2.5,1,299,-1,6655.89
1,2,4,5,,5.0,1,108,-1,4022.95
3,1,4,17,3,7.64,0,31,-1,4268.03
2,5,1,10,5,7.7,1,55,-1,5455.16
2,0,2,7,5,5.7,0,227,-1,4686.27
1,0,5,4,3,7.58,0,73,-1,1500.0
1,0,6,10,4,6.58,1,8,-1,3216.3
4,0,3,7,4,12.39,0,88,-1,3420.37
3,4,4,11,,0.74,0,131,-1,3444.89
1,0,6,21,4,13.06,1,293,-1,2371.31
4,2,6,8,3,3.89,1,237,4,4225.12
3,6,5,8,4,10.91,0,355,-1,4622.44
1,0,6,5,,6.25,1,249,-1,5226.06
4,3,1,5,5,4.63,1,41,-1,5466.81
4,6,2,7,3,9.35,0,230,11,3439.49
3,0,3,4,3,11.6,0,169,-1,3274.88
4,6,1,2,5,6.91,1,315,-1,6672.35
3,1,2,19,4,7.16,1,89,-1,4622.61
3,2,1,2,4,1.17,0,190,-1,4552.25
3,2,4,16,,13.88,0,276,5,3570.97
2,6,4,12,4,12.75,1,126,12,3234.93
4,5,5,15,4,6.15,0,132,-1,3752.81
3,4,1,10,4,11.54,1,285,24,4389.72
1,3,6,6,,4.91,0,62,-1,1902.33
2,6,4,13,5,11.04,1,239,-1,5643.02
2,2,2,6,5,7.9,0,37,13,3442.98
4,1,5,2,5,7.07,1,163,-1,4687.14
3,0,6,14,5,1.13,0,37,-1,6096.07
4,2,3,18,4,14.49,0,278,18,2155.79
2,1,1,6,,12.61,1,150,-1,1916.02
3,0,4,19,3,11.96,0,57,4,2618.81
1,4,6,14,3,4.78,0,175,-1,1753.52
3,2,2,13,4,4.56,1,242,-1,5488.82
2,2,1,8,4,8.73,0,362,-1,2626.26
1,6,2,5,5,12.74,1,173,2,5110.68
3,6,5,13,4,14.04,0,342,-1,4345.95
1,1,4,6,,4.25,1,142,-1,3359.94
1,5,4,19,4,9.23,0,256,-1,2686.89
2,6,5,11,3,10.94,0,99,1,2061.65
1,3,2,16,5,3.63,1,347,-1,4945.4
4,4,1,5,,6.29,0,201,10,3616.39
2,3,2,12,3,3.06,1,32,-1,2922.31
4,2,1,17,5,10.57,1,365,9,4751.68
1,3,6,2,,13.0,1,151,-1,2903.66
4,0,5,10,4,13.2,0,69,-1,3494.98
3,4,3,15,,10.15,0,141,-1,3859.38
1,3,1,19,4,5.4,0,245,13,3414.97
3,0,4,20,3,10.02,0,95,-1,2825.27
4,1,6,17,,13.0,0,338,-1,4618.58
3,3,4,19,5,9.5,1,83,19,5543.86
1,4,6,19,4,6.37,0,124,-1,3106.39
3,0,4,13,,13.82,1,339,-1,4742.93
4,3,2,13,5,12.58,0,165,-1,3576.06
4,1,2,16,4,13.27,0,138,-1,3120.28
4,3,2,21,5,13.58,0,159,1,4392.59
1,0,6,3,4,6.09,0,285,-1,3012.55
4,3,6,4,4,12.94,1,85,10,2098.2
1,4,4,7,,8.68,1,138,7,2906.67
3,2,1,3,4,0.86,1,104,-1,4016.12
4,0,6,9,3,9.65,1,77,-1,2955.22
3,0,4,8,4,7.22,0,218,-1,5116.54
2,0,1,18,4,4.34,0,191,-1,3100.25
3,0,2,21,4,14.56,0,187,-1,4900.03
2,3,6,14,,1.11,1,195,-1,2356.03
3,4,3,20,4,14.2,0,349,-1,4651.93
1,1,2,5,4,2.64,0,73,11,2898.26
3,4,5,3,5,5.84,0,260,-1,5726.51
1,0,1,10,5,6.43,1,302,-1,5865.36
1,5,3,11,5,11.05,1,291,-1,6204.08
4,3,2,17,,3.47,0,142,-1,2390.1
1,5,6,8,5,14.8,1,294,-1,5034.36
2,3,3,9,,11.31,0,37,22,1500.0
4,0,4,8,3,11.91,0,35,-1,1500.0
4,3,1,20,3,1.86,0,114,-1,1846.93
3,0,5,2,5,7.3,0,1,25,5235.81
1,4,4,4,3,14.2,0,14,20,2065.84
1,6,3,16,3,4.27,0,83,-1,2429.73
2,2,2,9,,2.44,1,310,-1,2709.09
3,3,1,9,4,7.44,0,253,21,3636.51
3,0,6,21,5,13.98,0,225,-1,6282.13
4,5,5,5,4,7.46,1,332,27,4093.68
4,0,2,3,4,6.25,1,187,27,4950.5
4,5,5,14,3,9.86,1,24,24,3737.33
2,3,6,15,3,14.07,0,269,26,1599.25
2,1,1,6,3,1.02,1,239,-1,2938.62
4,5,3,16,4,2.55,0,245,-1,4399.34
3,0,5,10,4,2.25,0,176,-1,4164.96
2,3,1,14,3,1.55,0,162,-1,2299.71
3,0,5,12,5,4.74,0,213,-1,6312.13
3,1,2,9,5,3.67,0,260,-1,5849.22
1,2,5,19,3,8.37,1,235,16,3637.38
4,6,2,12,3,5.11,0,356,-1,3140.64
1,6,2,13,4,6.26,1,144,-1,3905.75
4,1,1,13,3,14.15,1,68,-1,1500.0
4,4,4,17,4,2.59,0,250,6,3641.65
3,3,6,2,4,6.01,0,53,-1,5269.07
4,1,5,20,5,4.08,0,174,-1,5073.94
3,2,3,9,4,8.37,0,222,-1,4804.54
3,0,2,21,3,11.12,1,176,-1,3425.05
4,3,4,8,3,12.31,0,329,12,2343.14
3,5,2,7,3,7.87,0,61,-1,4636.78
3,1,4,5,4,12.87,0,348,-1,4766.21
3,2,4,19,4,11.84,1,15,-1,4229.32
2,1,3,3,5,2.61,0,208,-1,4689.64
3,4,4,13,4,3.91,1,134,-1,5162.23
2,6,3,6,4,10.17,0,42,20,2971.58
2,6,1,11,4,14.63,1,171,17,3617.83
3,3,2,4,3,5.83,1,326,-1,3807.93
3,0,3,3,5,3.68,1,79,14,6315.35
2,2,6,4,3,13.08,1,187,16,2364.49
2,1,2,3,3,3.23,0,126,8,1794.41
3,3,6,13,,10.55,1,306,-1,4167.09
3,1,5,15,4,0.8,1,6,-1,5401.97
4,3,6,12,5,0.58,0,21,-1,5219.93
2,6,1,15,3,6.94,0,23,17,2655.79
2,4,5,11,4,9.95,0,359,-1,3160.52
4,1,5,11,3,2.39,1,297,21,3715.09
2,4,4,13,4,11.53,0,250,-1,1905.69
1,5,6,12,,2.19,1,149,-1,3803.99
2,5,4,6,4,8.15,1,162,18,3615.47
4,6,6,20,4,4.83,0,115,28,3519.71
1,2,5,19,5,11.36,1,182,-1,4523.17
3,4,4,19,4,12.12,1,245,-1,4807.86
4,3,2,3,4,1.27,0,130,2,3335.66
4,2,6,16,4,3.13,1,361,-1,4014.81
3,1,6,9,4,13.42,1,274,-1,5071.01
4,1,4,14,3,6.41,1,327,-1,3198.17
2,3,6,3,4,7.31,0,124,-1,2433.4
3,0,5,3,,2.77,0,214,-1,3390.8
4,0,4,20,,14.92,1,288,-1,3206.35
3,1,4,7,4,13.87,1,270,-1,5674.51
3,6,3,19,3,0.33,0,68,25,3765.14
3,6,3,3,4,8.4,1,345,-1,5882.49
1,3,5,21,5,13.12,0,255,-1,3122.1
4,0,2,1,4,6.63,0,286,-1,3209.74
1,4,6,12,3,6.72,1,261,-1,1582.46
4,1,1,21,,5.88,0,146,-1,4432.06
2,5,6,6,4,0.72,0,14,26,3970.93
2,4,1,7,,11.92,1,289,21,1761.38
2,3,5,2,,7.01,1,338,-1,2849.73
4,5,2,18,4,8.11,1,176,-1,4824.75
3,4,2,15,4,4.06,1,81,-1,5050.26
3,0,2,15,4,11.83,0,173,-1,3950.83
1,6,3,10,4,11.97,0,50,-1,2236.02
1,0,5,17,4,8.43,1,266,-1,3571.22
2,5,1,18,,13.6,0,3,-1,3567.92
1,2,2,18,,2.0,1,337,-1,3441.13
4,6,5,15,5,11.86,0,296,18,4644.01
4,1,6,6,4,8.51,0,256,-1,3332.47
1,5,1,9,4,3.7,0,8,25,4090.14
1,3,3,11,3,2.24,0,320,-1,2358.5
1,1,4,15,3,4.72,1,272,-1,2353.91
1,4,1,3,5,12.89,0,322,-1,4271.02
2,6,6,19,3,11.88,0,342,18,3037.72
2,3,1,1,3,9.78,0,256,-1,1541.77
1,3,1,17,,1.63,0,147,-1,3260.42
4,0,4,11,4,14.34,0,191,-1,2950.37
2,4,2,18,4,4.79,0,123,7,3123.16
4,0,6,11,3,9.22,1,203,-1,2805.27
3,0,4,7,3,12.11,1,336,-1,3198.85
4,6,1,1,,2.25,1,84,11,3451.03
1,2,6,12,4,9.89,1,157,-1,2725.51
3,0,3,4,4,0.77,0,22,24,4486.33
2,1,1,8,4,1.8,1,119,-1,3787.24
2,3,3,15,,10.93,0,55,-1,1757.35
3,6,5,11,3,2.58,0,302,-1,4073.84
4,0,3,8,4,6.82,0,1,-1,2514.6
2,5,1,12,3,3.95,0,361,28,2081.24
1,1,4,3,3,6.49,0,215,-1,2506.4
3,4,1,21,4,1.44,0,32,-1,4493.04
1,3,1,4,3,11.4,1,248,-1,3117.69
3,6,5,12,4,1.46,1,236,-1,5645.37
2,5,2,8,,12.62,0,107,-1,3511.53
4,6,1,10,4,10.04,0,270,-1,3414.33
3,6,5,1,4,6.42,0,287,-1,5809.98
3,5,4,13,,13.04,0,361,-1,5898.8
1,4,5,7,4,3.04,1,161,-1,3090.64
2,5,5,20,4,4.19,1,286,-1,4322.46
1,1,3,3,,2.32,0,270,-1,4969.27
2,6,2,16,4,5.91,0,147,9,3857.28
1,4,2,12,4,14.8,1,105,22,3066.31
3,6,6,5,4,2.67,0,30,-1,5446.67
1,5,4,18,4,12.52,0,257,-1,3772.16
4,4,6,8,5,9.88,0,268,-1,4698.88
2,4,5,12,3,0.53,0,351,-1,2582.58
2,0,4,21,5,14.19,1,270,-1,4368.24
3,0,4,3,4,14.58,1,24,-1,4113.27
2,0,2,16,5,13.9,0,331,-1,3971.81
4,5,2,10,3,7.68,0,27,-1,2490.72
1,3,2,17,5,3.54,1,104,8,5124.49
3,1,1,10,,6.05,0,267,25,3868.63
4,5,5,3,4,9.33,0,212,-1,4213.73
2,6,4,2,4,5.87,1,185,-1,3607.24
2,0,5,14,4,10.71,1,143,-1,3494.42
4,4,4,9,,11.99,1,189,5,3479.38
1,5,4,17,3,3.38,1,73,12,3398.74
1,4,6,4,4,6.25,0,90,1,2950.09
3,6,4,15,,14.38,1,51,19,4773.56
2,4,4,13,4,3.97,0,285,25,3158.41
4,4,3,19,4,5.39,0,96,-1,3322.27
1,2,3,9,3,0.82,0,15,-1,2823.88
3,3,6,4,,5.19,0,137,-1,3945.71
2,1,1,21,4,5.75,0,142,-1,3365.48
2,1,2,8,3,1.77,0,281,-1,2494.39
3,0,4,15,5,0.32,0,188,-1,6925.6
3,2,5,14,4,8.76,0,14,-1,3302.34
1,5,3,3,3,4.73,0,133,10,2165.08
4,5,2,17,3,0.56,0,108,-1,2800.24
2,1,1,8,,12.94,0,128,-1,1756.34
4,3,2,14,4,8.89,0,113,-1,3526.21
2,4,4,13,3,2.82,0,86,-1,1844.38
2,6,2,15,,13.02,0,225,10,1648.53
4,0,4,11,4,4.03,0,162,-1,2447.71
3,3,6,15,4,3.64,0,123,-1,4282.23
1,1,3,12,3,13.45,0,106,7,1500.0
2,2,3,21,4,2.94,1,344,-1,2835.63
3,0,4,9,5,13.22,0,128,-1,4991.82
2,1,5,15,5,12.1,1,344,-1,5911.43
1,5,3,1,5,4.85,1,293,-1,6008.67
2,0,5,12,5,0.81,0,238,-1,4283.21
1,1,4,6,3,1.51,0,40,-1,2151.89
1,5,6,1,3,1.91,1,139,9,3108.9
2,6,4,19,4,13.39,0,137,8,2809.96
2,5,6,13,4,6.24,1,154,3,3644.16
1,4,3,6,5,0.78,1,233,-1,4807.15
3,2,5,17,3,8.48,0,325,-1,3533.61
4,4,4,13,4,3.36,0,44,-1,3321.39
1,1,3,9,4,3.76,0,266,-1,2820.5
2,6,6,8,4,2.66,0,253,-1,4318.18
2,3,4,15,,11.5,0,279,-1,2873.82
3,6,6,18,3,0.31,0,312,15,4076.44
4,6,2,2,,6.75,0,39,12,5340.23
1,6,6,21,4,1.58,1,344,-1,4674.52
1,4,2,2,4,8.42,1,292,-1,3680.18
4,3,3,11,3,5.39,0,258,22,2031.83
1,5,4,1,4,0.72,0,67,-1,3271.41
4,1,3,18,3,7.08,0,232,0,2109.69
2,2,1,21,3,8.69,1,93,-1,2571.06
4,3,6,7,,3.94,0,206,-1,2325.91
1,1,3,21,,11.55,0,300,-1,1500.0
4,3,3,17,4,5.75,1,286,-1,4482.98
3,4,2,16,4,11.32,0,292,20,3553.84
2,1,6,7,5,8.81,0,113,20,3842.32
2,4,2,7,,13.08,1,42,-1,1500.0
4,0,4,2,3,8.34,0,84,-1,2229.85
1,1,3,5,5,3.03,1,98,-1,4766.65
3,3,6,14,,12.39,1,259,25,3832.41
2,0,3,8,3,11.81,0,198,-1,1500.0
2,4,4,12,3,14.59,1,121,16,2543.13
1,4,5,7,5,1.68,0,28,11,4257.17
1,3,4,6,5,8.99,1,355,24,5189.21
3,0,2,13,4,7.53,0,98,-1,4026.98
4,6,2,12,4,10.16,1,95,22,4072.47
1,5,3,17,4,14.71,1,361,4,3960.42
4,2,2,16,5,8.12,1,243,16,6419.27
3,3,6,1,3,10.38,1,138,3,3568.24
4,4,4,7,5,5.4,0,288,-1,4722.5
2,1,3,3,3,4.69,0,232,21,2527.01
4,0,4,6,4,5.23,0,120,10,2281.2
3,5,4,21,3,0.87,0,16,-1,5531.96
3,2,3,3,,4.49,1,139,-1,5024.46
3,1,5,3,4,2.84,1,0,-1,4399.73
4,0,2,8,,7.02,0,183,11,3064.21
2,5,1,14,4,7.07,0,22,-1,3546.41
1,3,1,9,4,11.55,1,6,-1,2022.96
2,5,1,5,4,7.68,0,333,-1,4296.24
4,3,2,15,3,7.11,1,52,-1,3119.07
4,6,5,17,4,3.7,0,231,12,4768.36
1,0,4,10,3,12.83,0,262,-1,1500.0
4,5,3,8,4,1.64,1,97,22,6166.85
3,2,5,18,4,14.74,0,193,-1,3619.5
3,5,1,6,4,7.3,0,252,26,4948.72
3,0,6,17,4,3.03,1,339,-1,4482.77
3,1,2,4,4,5.51,0,208,-1,4576.67
3,1,2,21,4,0.53,0,73,28,4170.77
4,5,3,15,4,2.75,1,4,-1,4804.8
1,5,6,10,,5.23,1,352,6,6652.36
1,3,4,13,4,8.45,0,356,-1,3349.25
3,0,5,1,4,2.2,0,163,-1,4145.55
4,3,6,9,4,10.24,1,299,26,3723.42
2,2,5,5,,12.71,0,365,-1,3892.91
2,6,5,11,4,8.71,0,121,21,3773.63
4,1,4,21,,4.66,0,138,20,2707.59
3,4,4,21,,2.08,0,148,-1,5204.79
1,4,4,4,4,0.53,0,344,-1,3447.07
4,0,3,20,,11.06,1,34,-1,2552.76
2,0,2,16,5,9.54,0,290,-1,4193.61
2,4,1,18,3,7.3,0,34,-1,1500.0
2,0,4,8,4,1.8,0,166,-1,2900.55
3,1,2,2,5,3.34,1,288,-1,6399.51
2,2,4,17,,12.28,0,76,7,1500.0
4,2,1,10,,7.35,0,323,-1,4075.69
4,3,6,13,5,14.45,0,231,-1,5510.11
2,1,4,15,5,15.0,0,306,-1,3939.97
4,6,2,9,4,12.07,0,247,18,3843.49
2,0,3,8,3,4.1,0,293,-1,2085.05
2,0,6,6,,3.7,0,41,-1,1735.71
1,6,6,4,4,4.03,1,172,29,3870.53
3,3,6,18,3,14.81,1,29,-1,3977.65
3,3,1,3,,5.23,1,162,-1,3879.62
1,0,2,4,4,10.68,0,27,18,2428.7
1,0,5,21,,14.4,1,361,-1,3411.76
3,6,5,13,,12.35,0,172,-1,6293.78
2,1,5,20,3,9.08,0,303,-1,1905.03
2,6,3,11,3,2.78,0,310,-1,2538.08
3,3,4,8,5,2.87,1,153,-1,6485.33
2,6,4,14,4,7.54,0,362,1,4071.94
1,6,4,14,5,14.29,0,225,-1,4548.78
2,6,3,16,5,13.6,1,124,2,5564.49
2,1,5,14,5,2.74,0,156,-1,4588.02
4,5,6,1,4,4.53,0,310,-1,4764.45
4,0,4,2,,8.96,0,193,-1,3229.3
4,4,6,20,4,7.32,0,325,27,3003.96
2,6,6,1,,2.05,1,303,20,4688.38
3,4,3,11,,5.73,0,262,-1,4857.59
1,5,3,6,4,14.33,0,74,-1,4047.86
2,0,2,15,3,14.29,0,122,-1,1500.0
3,3,4,12,4,8.52,0,79,24,4146.61
2,4,5,5,3,9.64,0,133,0,1842.86
1,3,1,12,4,3.56,0,258,-1,3473.95
2,4,3,14,5,11.21,1,92,15,3873.59
1,3,6,14,3,1.07,0,116,3,2310.8
2,6,2,19,4,3.54,1,167,-1,3407.32
1,4,1,5,3,0.39,1,16,-1,1818.71
2,3,3,3,5,5.97,0,229,22,5192.46
1,5,2,18,5,12.8,0,363,9,4520.48
4,1,6,6,5,14.74,0,302,-1,5073.81
2,3,4,9,5,10.12,0,10,-1,4107.69
2,1,2,7,4,11.25,1,60,-1,3473.41
3,1,3,21,3,4.16,0,244,23,3364.64
3,0,4,18,,7.95,1,69,-1,4394.37
1,6,6,2,,11.13,1,306,26,4299.73
2,5,5,20,4,7.61,1,240,-1,4870.68
1,1,2,10,4,1.6,0,328,-1,3787.34
4,2,1,12,3,11.19,0,193,13,1909.79
3,6,6,2,3,3.53,0,323,-1,5429.64
1,1,4,13,4,1.74,1,312,-1,3150.67
1,3,6,8,3,7.33,0,168,18,1516.56
3,1,4,7,4,1.4,1,231,-1,5784.89
2,3,6,3,4,9.55,0,93,-1,2725.71
1,3,5,8,,9.71,0,131,-1,3295.52
3,2,2,21,3,4.07,0,6,1,3248.15
2,1,1,1,5,14.48,0,81,-1,4218.55
4,1,5,15,,12.42,0,135,26,1500.0
3,4,2,1,4,1.91,0,349,-1,4243.84
1,6,1,12,4,11.3,0,78,6,2974.46
4,4,6,11,,5.49,1,9,0,2163.96
2,0,1,16,3,11.33,0,109,-1,1500.0
2,3,3,4,3,12.07,1,250,-1,2099.28
3,2,1,2,4,2.53,1,193,-1,5237.98
3,4,2,3,5,10.03,0,105,4,5533.21
3,1,5,4,4,12.98,0,206,25,4518.71
2,0,5,18,4,5.05,0,149,-1,2671.29
4,2,3,12,4,1.48,0,225,25,3016.05
2,5,2,1,,0.7,1,322,-1,3367.07
1,1,1,3,,1.92,1,259,-1,3029.18
2,1,3,4,5,0.36,0,88,-1,4588.74
1,5,6,6,3,5.11,1,68,16,2379.5
4,3,4,17,5,4.7,1,308,-1,5009.97
3,3,6,8,3,1.92,0,338,-1,3480.28
3,4,2,18,4,9.87,0,182,9,4668.76
2,4,3,16,5,14.88,0,46,-1,3567.49
3,1,5,21,4,13.54,0,282,17,4386.84
4,6,3,6,4,4.02,0,145,27,4559.98
3,1,4,19,,11.62,0,306,-1,4501.24
2,4,2,21,4,14.07,0,342,27,2800.84
4,5,3,8,3,13.62,1,120,-1,2195.63
1,4,6,4,5,13.3,0,66,13,3311.25
2,1,1,9,3,11.86,0,1,20,1579.31
1,2,6,8,3,4.61,0,244,-1,1656.79
4,1,2,21,5,1.53,0,100,16,4864.21
2,2,3,19,4,7.47,1,140,-1,3756.13
2,2,6,1,4,1.11,1,167,-1,2907.01
4,1,3,21,5,14.98,0,11,8,4380.96
3,6,6,21,,5.57,1,42,-1,6182.43
2,6,2,4,4,14.39,0,71,-1,2117.56
2,0,5,10,5,11.66,0,328,-1,3826.89
1,4,6,8,4,6.35,1,3,-1,2770.77
3,6,1,3,,2.04,1,164,25,4909.05
1,3,6,12,,3.79,1,163,-1,3162.9
1,1,2,9,,10.19,1,31,9,3265.32
3,2,6,3,,12.5,0,184,-1,2603.97
3,1,1,4,,14.7,0,139,15,3533.07
4,4,1,6,4,2.24,0,286,6,3442.37
3,5,2,9,3,2.59,1,167,-1,4656.52
2,6,3,2,4,0.92,1,362,19,4638.84
3,6,6,2,3,4.13,1,62,-1,4257.93
4,6,5,18,4,12.37,0,220,8,4015.25
4,2,1,21,4,3.21,1,239,-1,4217.8
4,3,1,3,3,8.35,1,310,16,1817.05
3,3,6,3,3,6.86,0,295,-1,3566.28
3,6,3,18,3,5.09,0,218,-1,4384.04
1,3,6,6,,9.39,1,352,-1,3460.3
1,5,2,1,4,7.68,1,240,-1,4316.82
2,6,5,15,4,5.22,0,294,-1,3746.3
1,0,6,11,,10.43,0,209,-1,2448.97
2,2,1,10,4,4.42,0,171,-1,2489.79
4,5,1,4,5,9.75,1,19,21,5395.46
1,2,2,14,3,14.37,1,95,-1,1614.08
3,6,3,2,4,11.02,1,340,-1,5816.99
1,5,6,13,4,6.45,0,356,-1,4767.11
2,6,4,16,3,11.29,1,26,-1,2873.68
1,5,3,12,4,12.2,0,293,-1,3343.55
4,6,1,5,5,5.09,1,342,-1,6083.46
3,0,6,19,3,10.67,0,353,-1,2360.81
2,2,1,3,,6.69,1,75,-1,3841.75
3,5,5,21,4,12.33,0,266,16,4972.83
3,0,3,20,,4.64,1,163,-1,3386.36
2,1,4,21,4,14.09,0,230,15,2597.31
3,6,5,2,,8.75,0,362,-1,3864.83
3,4,4,17,4,5.49,0,189,-1,4110.1
1,5,5,21,3,6.46,0,271,1,2128.74
3,3,3,11,4,5.41,0,41,-1,3866.38
3,0,1,1,4,2.45,0,232,-1,5722.08
3,0,4,19,4,1.31,0,325,-1,4542.59
3,5,3,8,3,5.03,1,12,-1,4399.36
2,0,4,11,4,7.04,1,35,-1,3098.11
4,1,3,8,,5.62,0,74,-1,2657.88
1,0,5,17,,0.5,0,138,-1,3129.55
3,4,3,20,3,8.81,0,123,19,2968.28
3,4,5,6,4,2.43,0,303,-1,4569.74
2,6,1,7,3,3.4,1,249,-1,3233.24
4,6,5,21,4,2.08,0,156,21,3283.03
3,3,2,13,4,7.95,1,18,-1,4306.22
2,1,1,7,4,1.7,0,124,-1,3796.37
1,4,6,11,,4.07,1,311,-1,4310.18
1,5,6,10,4,6.94,1,208,6,3728.12
3,2,3,8,5,2.77,0,126,-1,5370.57
3,2,3,10,4,6.86,1,99,-1,5592.8
4,2,2,11,4,5.34,0,251,12,2963.19
4,6,3,20,5,12.95,0,234,9,4687.15
3,5,1,17,5,11.99,1,203,24,6596.97
2,0,1,11,4,14.89,1,297,29,2961.83
4,5,5,16,3,8.08,0,59,-1,3154.64
3,0,4,5,,8.76,0,255,-1,3835.94
4,2,3,10,4,14.22,0,55,-1,3188.12
3,3,2,20,4,6.17,1,258,-1,4657.7
1,3,6,5,4,8.47,1,166,16,2969.67
3,0,1,20,4,5.87,0,42,27,4943.93
1,2,1,9,4,8.32,1,136,24,3988.94
4,5,1,3,4,1.49,0,339,-1,4860.32
3,3,4,3,3,11.82,0,273,-1,3352.87
4,0,4,10,3,14.78,0,344,-1,1500.0
1,5,3,7,4,1.27,0,249,15,4826.97
3,2,6,2,,12.08,0,20,-1,3939.66
4,1,2,8,4,3.85,0,153,-1,3371.53
1,2,4,12,3,3.2,0,22,-1,1799.49
4,6,5,9,3,10.49,0,268,22,3011.98
2,2,4,11,4,0.95,0,180,-1,1735.69
1,5,1,19,4,7.11,0,245,4,3356.47
1,5,2,20,,0.32,0,292,22,2917.51
1,4,3,17,4,8.45,0,183,6,2469.66
3,4,4,13,3,7.09,0,139,-1,2986.18
3,5,1,1,3,13.76,1,2,-1,3561.77
3,5,5,1,3,10.89,0,141,-1,3672.44
2,1,5,8,,2.15,0,162,-1,2751.25
2,1,3,13,5,5.51,1,353,-1,5058.6
1,2,3,6,3,13.99,0,231,25,2520.34
2,6,4,3,3,10.96,0,348,-1,2850.03
4,3,3,16,4,9.04,0,157,-1,2841.09
1,6,6,10,5,8.52,0,70,-1,5592.77
1,1,6,7,3,6.15,1,193,-1,2100.26
4,2,1,21,4,8.9,0,25,5,3351.98
1,6,1,3,3,11.64,0,173,29,2643.36
2,0,1,14,3,2.17,0,185,-1,1500.0
3,4,6,16,4,14.56,0,312,-1,4067.55
4,6,4,4,5,3.82,0,112,-1,5399.49
2,3,4,13,4,6.88,0,239,-1,3244.62
4,2,3,1,5,0.63,1,319,9,5660.46
4,6,4,5,,8.39,1,201,-1,4426.13
1,5,1,18,5,5.91,0,227,20,4617.4
1,0,2,12,3,3.97,1,321,13,3020.28
2,4,1,11,3,14.79,1,141,21,1500.0
4,0,6,9,4,6.59,1,137,-1,3084.33
1,2,2,7,4,6.39,0,103,20,2451.74
1,1,3,14,4,7.11,1,319,16,3461.55
4,4,5,3,4,2.01,0,118,-1,3228.72
2,0,4,16,4,6.08,1,276,21,2756.7
2,1,4,7,,5.25,0,196,-1,3024.85
4,3,6,1,3,7.14,1,264,8,2247.61
2,2,1,6,,12.89,0,136,-1,1906.21
1,2,1,6,4,3.13,1,119,-1,2901.81
4,4,2,10,4,9.23,0,68,2,3745.1
1,0,4,12,3,0.85,1,61,-1,2597.1
3,3,6,19,4,4.96,1,143,-1,4743.36
3,5,3,6,4,7.25,0,225,-1,5386.39
2,4,1,14,,1.39,0,120,-1,2302.81
3,5,4,3,3,8.3,0,3,-1,2791.8
1,4,5,10,,4.86,0,118,18,1628.59
3,0,6,9,4,14.89,1,100,2,4001.54
1,3,2,20,4,9.58,0,231,-1,2477.83
2,0,1,19,3,3.89,0,171,-1,1500.0
2,2,1,15,4,1.81,1,205,-1,2588.39
1,5,3,9,5,0.9,0,218,-1,5279.99
3,1,1,19,3,1.63,0,112,-1,3443.66
2,6,6,8,4,10.3,0,331,-1,3558.23
4,2,4,4,4,12.87,0,247,-1,2778.06
2,2,4,5,4,2.6,0,161,-1,2962.24
3,5,4,19,3,6.21,0,259,-1,4448.63
4,4,5,14,,5.51,0,306,-1,2292.0
3,2,5,18,3,9.77,1,233,-1,3832.72
1,6,1,19,4,2.99,0,57,-1,3743.23
4,3,5,6,4,14.31,1,149,-1,2976.53
3,2,5,5,3,11.01,1,18,-1,3610.6
4,3,3,11,4,14.34,0,217,23,2428.59
3,0,5,5,4,4.38,1,19,1,4117.41
4,4,2,8,5,8.94,0,355,-1,4755.3
3,3,2,5,3,11.06,1,243,-1,4247.8
1,2,2,11,4,10.75,1,13,28,2917.84
4,4,1,13,4,0.61,0,275,-1,3646.69
4,6,4,6,5,14.97,1,300,-1,5086.28
4,4,3,5,4,13.94,0,343,-1,3559.81
4,3,1,18,3,2.06,0,302,-1,3068.07
1,3,4,10,5,8.29,0,238,28,3641.56
4,1,3,16,4,4.92,1,312,-1,4580.81
2,1,3,14,4,13.22,0,30,24,1968.88
1,4,3,15,3,10.55,0,99,-1,1500.0
2,5,2,3,,3.59,1,45,-1,3918.67
4,5,2,3,4,0.8,1,304,-1,4397.35
3,1,2,12,5,4.59,1,40,-1,6243.22
2,2,3,15,4,0.86,0,94,-1,2533.64
4,0,6,11,5,2.38,0,81,-1,3969.01
2,4,3,10,4,9.65,1,108,-1,2711.76
4,0,2,20,4,11.25,0,158,-1,2250.53
4,1,3,15,4,7.18,1,46,-1,3618.15
4,3,2,18,,9.12,0,355,16,3939.56
3,6,2,14,4,2.59,1,17,11,5612.53
2,4,2,6,,4.96,1,201,-1,4407.7
1,1,6,14,4,10.78,1,262,-1,2631.58
1,2,4,16,3,5.66,0,37,-1,1959.86
1,6,3,2,5,5.43,1,172,-1,6114.31
1,4,1,19,3,3.15,0,27,28,2090.36
4,4,2,5,,9.04,0,17,11,1789.66
2,5,6,11,5,12.2,0,8,-1,4118.79
2,3,1,11,4,7.2,0,362,-1,3099.42
3,4,4,21,5,2.0,0,15,-1,7076.31
2,3,3,19,4,12.62,1,317,-1,2007.33
2,1,6,18,4,1.35,0,39,-1,3339.79
2,2,2,8,3,7.23,0,100,-1,1500.0
3,6,2,12,4,4.14,1,93,-1,5373.94
1,6,2,9,4,14.06,0,57,-1,3015.61
2,2,6,3,4,11.14,0,196,-1,3203.4
3,4,1,6,4,8.63,0,105,-1,4202.16
3,4,4,21,5,10.12,0,349,-1,5529.21
4,1,3,21,,8.13,0,274,-1,3135.79
3,5,4,1,5,2.47,0,205,-1,7001.87
1,5,2,17,,10.72,1,26,-1,3761.13
2,5,4,3,,7.54,1,285,-1,3738.38
3,3,1,18,3,9.62,1,44,-1,3957.94
1,5,5,18,5,0.96,0,35,-1,6127.67
3,2,5,2,3,2.39,0,305,29,3902.95
3,6,3,4,4,8.96,0,349,-1,5252.09
3,6,3,1,,7.05,0,37,11,4547.84
3,3,4,10,4,3.64,1,238,-1,5269.05
3,1,3,5,5,3.84,0,336,-1,5797.04
1,2,6,5,4,9.59,1,73,-1,3993.22
2,6,1,9,,1.17,0,271,-1,5546.82
2,2,2,14,4,6.68,0,178,-1,2738.59
2,6,2,21,,7.99,0,166,-1,5332.33
2,0,4,13,4,4.83,0,250,-1,3338.6
1,1,2,13,4,12.36,1,347,-1,2742.07
4,1,4,1,4,1.13,1,212,27,4488.82
4,0,3,17,4,13.03,0,219,-1,3271.12
1,3,3,20,,10.93,0,246,6,2055.54
1,6,6,8,3,6.86,0,150,-1,2695.05
3,6,6,3,3,13.89,0,365,-1,3649.41
3,6,1,17,4,10.62,0,320,-1,5485.27
3,5,2,12,4,13.99,1,304,22,5132.09
2,5,6,18,4,7.25,1,181,12,4250.13
3,5,1,14,,6.96,0,140,-1,4986.57
4,5,5,11,5,8.1,0,82,-1,5077.72
2,5,6,16,4,1.26,1,151,-1,5236.58
3,0,1,4,4,13.65,0,103,-1,3429.49
2,1,4,18,3,10.12,0,176,-1,1500.0
4,3,4,7,,9.38,0,122,-1,3484.46
3,2,1,11,4,13.92,0,164,-1,3590.43
4,5,3,16,3,14.91,0,216,-1,3532.77
4,0,5,16,3,2.7,0,362,-1,2539.76
4,6,1,3,4,11.31,0,281,-1,4004.68
3,3,6,9,5,8.83,1,365,-1,7702.2
1,3,3,8,4,7.08,0,235,9,2871.92
3,3,1,7,5,14.67,0,258,-1,5598.24
4,0,2,17,5,12.8,1,104,8,5369.29
3,2,6,11,3,10.54,1,170,-1,3540.78
4,5,6,4,3,5.93,0,328,11,3181.67
1,3,4,4,4,10.09,1,64,22,2800.47
2,0,2,5,4,8.12,0,66,-1,2145.58
1,6,2,8,4,3.97,1,141,-1,3859.89
1,1,6,10,,6.92,1,287,-1,2828.3
2,6,5,17,3,3.42,1,195,-1,3904.78
3,0,3,6,3,7.66,1,187,-1,3581.55
2,0,4,9,5,10.89,1,100,24,5022.0
3,0,2,10,5,0.84,0,361,10,6630.37
3,3,4,8,,11.55,0,154,-1,2730.31
4,0,6,15,3,0.59,1,132,11,3284.77
4,1,3,18,3,7.9,1,66,7,3258.35
2,3,1,5,5,8.73,1,211,-1,4983.02
1,6,2,18,,11.49,1,168,-1,5209.79
2,1,3,1,3,11.49,0,107,-1,1500.0
3,4,4,2,4,6.44,1,1,-1,4492.46
4,6,6,10,,1.28,1,42,-1,4704.48
2,0,3,6,4,10.49,0,128,-1,1813.49
2,5,1,19,4,7.81,1,175,-1,3396.43
4,5,3,21,4,5.2,0,280,-1,4686.17
4,3,6,11,5,3.75,1,89,-1,5048.1
4,5,4,18,3,2.06,1,322,-1,3062.16
3,6,2,16,4,4.64,0,251,3,5135.9
4,3,2,8,,7.04,0,94,-1,2922.34
1,6,5,4,4,7.32,0,90,-1,3492.49
2,0,4,11,,8.87,0,204,22,3021.48
4,2,5,10,5,5.63,0,344,-1,5300.82
4,2,5,16,4,13.82,0,55,25,2656.03
3,1,6,12,,7.59,0,58,-1,4006.38
3,0,6,3,,6.53,0,229,-1,3850.86
2,5,6,11,4,1.01,1,89,-1,3987.63
1,0,1,16,4,9.11,0,53,-1,2105.97
2,4,4,3,4,9.16,1,250,-1,3613.76
4,2,2,10,4,8.87,0,46,1,4170.9
1,5,4,21,4,13.35,1,145,-1,3825.5
1,6,6,16,4,11.51,1,208,22,4598.1
1,6,1,7,5,13.05,0,45,28,5012.39
1,2,4,15,,1.17,0,117,-1,2200.95
2,0,4,15,,4.98,1,216,5,5058.48
3,5,5,10,5,4.99,0,121,29,5977.28
3,1,4,3,,9.96,0,153,25,2237.25
4,6,5,6,4,6.89,0,17,-1,4452.58
3,0,5,18,3,11.73,0,304,-1,3953.84
3,1,3,5,3,5.95,1,192,-1,2324.1
3,5,6,16,4,3.56,1,365,19,5608.33
3,2,1,13,5,4.58,0,157,-1,5853.04
4,4,5,3,3,2.98,0,96,-1,2160.73
2,3,4,15,5,3.21,0,152,-1,4430.07
1,2,5,20,4,3.49,1,280,-1,3696.39
3,1,5,6,5,0.54,1,34,-1,6650.41
2,0,5,4,,10.83,0,106,-1,4367.49
3,6,2,15,5,6.17,1,337,-1,7572.25
3,5,2,18,4,0.63,1,269,17,5910.09
1,2,2,9,5,5.74,0,162,-1,4696.85
1,6,2,20,3,13.61,1,33,-1,1709.0
1,6,3,4,,7.82,0,6,-1,3900.61
3,4,5,16,,14.81,0,227,-1,2984.28
3,5,3,18,,8.24,0,187,-1,4772.32
3,1,4,5,3,14.45,0,289,17,2481.9
1,5,6,13,3,3.27,1,268,-1,3975.84
4,5,1,6,5,4.56,1,259,5,6232.0
2,0,3,19,4,10.59,0,47,21,1891.09
4,3,2,12,5,14.81,0,107,-1,3761.11
3,6,2,15,3,12.43,0,140,-1,3438.77
3,1,4,9,4,8.44,0,214,-1,5009.9
4,0,5,7,,1.55,1,348,-1,3629.89
3,6,1,14,3,5.66,0,32,20,4195.87
2,3,3,19,,1.57,0,22,24,1822.4
3,0,5,20,4,4.88,0,66,-1,3493.31
2,3,5,16,3,4.1,0,159,-1,3174.73
4,3,6,4,4,6.01,1,2,-1,3436.0
4,3,6,12,,12.61,0,123,-1,2573.82
3,0,3,18,3,2.51,1,311,-1,4194.96
2,5,3,8,4,4.8,1,195,-1,5186.63
3,3,3,17,4,4.14,0,32,-1,4331.44
1,5,3,3,5,4.65,1,31,-1,5421.61
1,6,2,4,4,5.6,0,144,-1,2575.06
1,6,5,10,5,3.89,1,72,-1,5456.8
1,1,5,16,5,14.16,0,260,-1,4102.3
3,4,2,20,4,6.48,0,276,-1,4093.06
1,5,5,2,4,1.98,0,258,-1,4218.57
2,6,3,12,,7.17,0,230,-1,2378.19
4,4,1,16,4,3.01,1,194,-1,3774.59
4,3,6,10,4,3.48,0,292,-1,3610.41
1,4,6,5,5,4.49,1,235,9,4735.06
1,4,5,12,4,2.13,1,290,7,3581.42
1,3,1,3,,10.9,0,32,24,4070.2
3,5,6,12,5,11.94,1,181,-1,6697.84
4,3,1,1,,6.1,0,258,-1,5244.75
1,1,2,2,4,10.43,1,175,-1,2443.73
2,2,4,11,3,6.02,1,145,-1,1771.46
1,0,5,12,4,2.71,1,130,-1,3064.14
4,3,2,7,4,6.14,0,92,-1,3320.24
