distance,cargo_weight,cargo_type,departure_hour,day_of_week,season,weather_score,driver_exp,traffic_index,fuel_consumption
1172.2,14.6,3,2,5,2,2,19,1.9,26.3
686.4,14.4,4,8,0,2,7,23,2.2,29.6
1295.0,4.5,1,17,2,1,1,15,6.5,29.5
1061.2,1.2,2,10,1,1,8,11,7.4,28.5
186.6,6.4,3,4,3,1,1,1,7.8,32.2
1464.7,3.6,3,23,2,1,4,16,5.7,29.3
1153.7,8.2,3,4,5,4,3,23,6.4,26.7
1189.8,19.6,3,2,5,1,2,4,9.8,39.2
235.8,4.0,3,9,6,2,6,7,4.1,27.5
703.1,6.7,1,2,2,4,3,14,2.9,27.1
587.7,14.6,3,14,3,1,2,14,9.7,35.3
1393.8,10.4,4,10,6,3,4,11,9.3,31.6
983.6,1.4,3,22,4,2,5,4,1.1,24.1
1243.0,3.7,3,4,6,2,7,13,4.6,25.4
693.0,18.7,1,6,6,2,1,13,7.6,32.1
379.5,2.5,2,16,0,3,2,5,2.6,22.9
854.1,12.9,3,16,1,4,1,16,1.3,28.2
142.5,16.0,3,8,4,3,8,22,1.3,26.4
1250.1,5.7,3,22,0,1,6,3,6.1,29.3
965.9,14.6,3,20,0,1,3,2,3.1,29.6
1149.2,3.8,4,14,0,3,6,15,3.3,26.2
564.1,6.1,4,17,0,2,9,20,1.1,27.4
1457.5,6.6,2,12,4,1,8,3,7.5,26.8
1345.0,19.9,1,11,1,3,10,24,8.6,32.1
1178.7,4.7,4,13,6,2,3,12,7.6,32.3
332.2,3.0,2,20,0,4,2,3,2.2,26.1
726.7,18.6,2,0,3,4,8,12,9.6,31.8
113.5,3.7,2,2,4,1,10,11,9.7,29.8
273.7,17.6,3,11,2,4,2,10,3.3,30.2
1040.4,13.2,2,13,5,4,8,15,9.8,30.7
1129.9,11.7,2,4,5,3,6,7,5.0,27.1
1452.9,15.2,3,14,4,3,9,25,1.4,25.0
522.4,14.7,3,0,4,2,2,8,6.2,29.9
587.2,2.7,2,5,4,2,4,22,5.7,24.7
730.9,20.0,3,11,6,1,7,21,8.7,36.4
324.7,18.9,3,1,5,1,9,11,4.2,30.8
238.4,18.0,3,15,0,3,9,5,7.9,27.5
,12.6,3,12,5,3,5,25,8.1,32.7
379.0,10.7,1,13,1,1,4,15,1.3,29.3
1021.2,11.0,2,12,6,2,2,9,7.1,29.6
,0.8,4,16,2,3,5,4,5.3,25.8
,10.2,1,15,4,1,10,9,2.8,28.8
,12.7,4,15,5,1,3,17,4.8,32.9
502.9,13.3,1,5,2,4,10,13,8.7,32.0
1256.8,7.0,3,16,6,2,3,2,7.2,28.3
1216.9,9.7,3,4,3,2,2,20,6.6,27.5
,12.9,4,0,2,1,8,9,1.7,27.7
468.1,,1,23,3,1,5,5,7.0,33.4
1039.6,19.3,1,4,2,3,8,18,7.8,30.7
252.6,14.3,3,2,0,2,10,19,9.5,29.9
339.9,0.5,2,7,6,2,2,21,8.2,25.2
60.7,1.0,3,23,5,1,6,1,1.7,25.5
,14.0,4,20,5,4,3,10,9.5,34.3
1014.0,8.5,1,17,6,4,5,7,8.1,31.1
1072.5,16.9,4,4,4,2,3,15,1.0,31.1
1182.1,3.9,1,15,6,1,2,25,7.4,29.3
715.4,0.8,4,19,6,4,6,3,3.7,29.1
,8.1,4,8,1,3,5,17,6.4,29.4
,14.9,3,6,3,4,8,12,3.5,26.5
216.1,19.4,4,20,0,3,5,12,7.6,33.8
1019.2,17.7,4,3,4,4,7,24,2.7,31.0
733.1,9.9,1,21,0,1,8,19,8.5,32.3
869.6,16.3,1,11,5,3,1,3,1.7,30.3
1159.2,,1,17,5,2,5,11,1.2,24.3
,11.7,3,8,2,4,6,19,2.2,27.2
,18.5,3,17,4,3,7,3,4.5,29.9
860.9,8.2,3,22,6,3,1,13,6.9,28.9
490.7,19.2,3,11,5,4,2,13,5.3,29.6
94.7,4.8,3,5,3,3,9,2,5.3,22.0
683.2,2.6,1,1,6,3,8,24,8.8,24.7
361.1,10.7,2,22,0,3,5,10,6.0,27.0
642.4,18.2,4,23,1,1,1,7,5.6,36.2
,6.6,2,15,2,3,3,3,4.8,25.0
389.2,16.1,2,0,2,2,7,2,9.8,32.1
134.5,3.8,2,21,4,1,7,5,3.2,25.6
,15.0,4,11,5,2,9,19,2.4,26.1
475.7,11.4,2,5,0,2,6,7,5.4,26.5
1009.8,3.9,3,8,1,2,8,12,7.1,24.8
,14.5,1,22,5,2,3,17,1.2,28.5
1186.7,14.4,1,18,3,4,2,9,8.7,34.2
1013.3,10.6,3,14,2,4,4,11,3.5,27.8
639.3,4.9,3,17,3,1,9,13,6.8,25.5
1230.3,3.1,3,20,4,2,9,23,2.6,24.0
292.1,19.2,2,15,4,2,1,24,8.8,33.1
82.9,13.3,4,7,5,4,2,8,4.2,31.9
180.6,16.3,3,1,6,2,1,7,2.7,30.1
1097.4,14.1,4,2,5,3,8,11,1.2,26.7
719.7,,2,5,0,1,9,6,3.8,31.5
283.8,3.7,3,18,2,3,10,15,4.4,20.1
776.5,10.2,2,2,3,2,2,14,1.3,28.2
270.9,13.5,3,3,4,4,6,12,6.0,29.2
1059.7,2.5,3,23,6,1,5,12,5.1,27.9
696.9,3.4,3,9,3,2,10,22,5.4,24.1
,12.9,1,3,2,4,10,4,2.2,26.6
487.2,17.4,2,20,6,1,9,20,4.4,32.3
963.9,13.4,1,23,5,2,3,15,9.7,31.9
574.6,1.2,4,12,3,2,4,20,4.2,25.3
177.1,19.4,2,2,6,3,8,15,8.1,30.5
221.1,3.2,1,15,2,1,7,20,2.1,24.8
1444.8,5.0,3,20,1,3,6,16,2.1,22.2
1367.4,19.5,1,23,0,4,1,18,10.0,35.8
1064.6,15.5,4,13,0,2,5,11,6.8,33.8
,18.8,2,22,6,1,10,23,7.0,32.1
,16.2,4,19,0,2,5,8,4.8,31.2
1179.2,13.2,3,3,5,3,9,18,7.9,27.2
1089.5,6.0,3,15,0,3,5,9,9.4,26.6
701.6,6.9,3,15,1,3,9,20,1.7,22.1
444.8,19.0,3,18,2,4,9,21,2.6,27.2
189.8,17.3,3,12,1,4,7,5,8.8,30.5
1358.8,7.5,1,17,0,2,9,16,1.7,23.5
710.9,7.8,4,14,6,4,1,14,4.2,27.8
343.4,6.3,3,6,2,2,4,10,1.7,26.3
,6.9,3,11,2,1,1,7,4.7,31.0
889.9,17.3,3,22,5,3,7,16,5.0,26.8
306.3,0.7,3,20,6,4,3,21,2.6,24.1
1292.1,9.0,3,15,2,2,6,9,1.7,25.4
1149.9,18.9,3,7,3,3,9,9,4.8,26.9
1093.2,11.1,1,4,3,3,8,22,5.6,25.8
676.5,9.3,3,6,1,4,7,19,7.6,27.5
959.6,6.6,1,7,0,1,1,19,7.5,33.1
896.9,1.9,4,23,6,1,7,15,1.6,28.0
,4.9,2,12,4,2,4,3,4.9,25.7
172.4,2.3,4,9,4,1,10,4,8.6,31.0
,3.0,3,21,2,4,4,2,6.4,26.3
110.3,,3,8,4,3,8,8,8.7,24.5
766.3,6.4,4,19,0,3,6,1,9.6,31.4
528.3,0.7,2,15,0,3,4,12,4.0,23.3
,19.0,3,7,6,2,3,1,2.2,30.9
199.9,2.9,1,23,1,1,3,25,1.8,25.9
902.1,8.0,1,16,5,4,6,13,2.1,25.6
297.4,17.7,3,23,1,2,9,1,7.1,31.5
1391.4,2.6,3,0,4,2,10,5,2.1,21.9
892.5,9.9,4,6,4,2,4,5,9.6,32.6
553.0,17.0,2,7,5,2,1,17,6.9,30.6
,11.4,3,16,6,4,3,20,9.6,30.8
83.1,4.6,2,20,2,1,6,13,6.1,27.0
1439.9,14.8,1,2,6,1,5,19,2.8,32.0
749.3,13.8,1,3,2,1,2,3,2.5,31.4
1185.0,7.6,3,16,6,3,2,8,7.9,27.9
170.0,1.4,3,8,3,1,6,1,1.0,27.0
755.7,0.7,2,16,5,4,3,11,8.9,27.3
761.5,16.6,1,0,5,3,3,1,1.3,28.8
1409.8,6.8,3,12,4,3,4,20,6.4,27.1
879.0,3.2,4,0,6,2,10,14,4.5,24.9
,10.6,1,22,4,2,9,19,6.5,27.0
437.1,18.5,3,3,4,4,4,15,8.0,31.7
530.8,0.7,3,4,1,4,8,1,2.0,23.6
805.0,1.6,3,2,2,1,10,9,9.5,29.2
686.4,8.6,1,5,0,2,3,1,6.4,29.4
81.3,13.7,4,11,5,1,1,2,4.4,34.8
1248.1,9.8,3,14,4,2,3,24,9.8,30.5
1349.4,18.0,3,21,4,3,9,24,8.3,32.2
253.4,1.4,4,21,4,1,2,3,2.5,29.2
,7.1,4,2,1,1,3,11,1.8,32.2
207.4,7.4,3,10,6,2,10,8,9.3,27.7
1024.7,7.1,4,20,3,3,3,11,6.3,30.3
457.8,10.0,1,3,4,3,5,16,5.2,28.9
1006.2,15.9,3,16,0,1,9,10,1.7,29.5
1104.1,6.7,2,10,4,3,9,21,5.9,24.2
1164.5,15.0,4,4,2,1,4,2,3.4,33.9
206.2,3.4,3,1,6,2,3,15,2.7,25.0
1378.2,,1,6,5,3,6,18,4.5,28.8
383.8,7.8,3,0,6,1,4,14,1.3,29.2
104.2,11.0,3,4,2,3,8,17,6.4,27.9
854.5,2.6,3,13,4,1,7,16,6.6,26.9
587.8,19.1,3,18,4,1,5,5,7.3,34.0
1253.2,18.2,1,12,1,3,5,20,1.2,27.4
1222.0,16.6,2,17,2,2,2,7,2.6,29.9
509.9,17.9,3,1,4,2,7,5,8.0,32.6
1431.7,3.4,3,7,1,2,10,14,6.2,23.6
471.8,10.3,3,15,2,3,9,16,1.1,23.1
,,4,1,5,1,7,10,7.6,32.9
421.1,17.8,3,14,5,1,8,2,4.7,31.7
,4.2,3,4,4,4,9,25,3.4,22.7
288.7,4.8,3,10,4,2,3,21,7.8,28.7
115.1,13.9,4,15,5,3,8,13,4.2,29.1
680.9,2.2,3,23,1,1,2,9,5.1,27.5
,14.8,4,2,4,1,8,23,8.7,34.8
1342.9,5.7,2,13,5,4,3,9,2.3,25.9
1135.5,13.4,3,12,5,2,6,6,6.1,32.2
,17.5,1,1,4,2,1,7,1.9,33.0
1345.5,12.4,3,14,1,1,1,14,9.8,38.2
802.3,4.6,4,1,0,2,7,19,3.8,25.4
508.1,1.5,4,16,4,1,9,9,9.2,32.2
1169.4,1.4,1,4,1,4,2,5,4.3,28.4
1009.4,2.2,4,3,2,4,9,24,8.6,27.4
591.8,11.8,1,1,3,1,8,3,7.9,32.3
187.0,7.3,3,11,5,1,8,14,3.1,28.0
1132.8,5.2,3,5,2,3,3,5,6.8,26.2
430.6,4.8,3,11,4,4,9,17,3.1,22.0
1408.4,19.0,2,21,3,2,7,10,1.2,26.5
399.4,,3,20,0,4,2,2,3.7,23.9
228.0,6.4,3,18,4,1,9,5,7.4,29.3
,9.7,3,11,3,3,3,13,2.6,26.6
272.3,0.5,3,2,1,4,5,4,6.7,24.2
309.9,18.5,3,9,5,2,2,15,7.9,33.3
919.1,2.4,3,0,0,3,4,21,3.8,23.8
1318.1,,1,2,1,2,7,8,1.9,28.5
334.8,,3,7,1,4,9,24,6.4,28.3
500.0,16.3,3,16,4,4,5,19,2.2,28.3
1177.2,13.2,2,18,6,4,7,3,1.0,28.0
,,1,14,5,4,2,12,2.2,30.9
,8.7,4,6,0,1,3,14,3.4,30.3
,10.0,4,17,0,3,6,15,7.1,31.9
70.2,14.2,3,23,5,3,1,12,4.0,27.5
383.0,11.6,3,15,4,1,4,10,9.3,33.1
241.1,10.5,4,18,2,4,1,15,7.7,35.7
1032.6,4.5,3,21,6,1,5,17,9.9,30.9
226.7,5.5,2,17,1,2,3,22,7.0,26.2
784.2,7.5,3,21,0,1,3,3,1.2,28.6
1056.7,0.7,4,7,3,4,5,4,2.3,26.4
892.6,8.6,3,7,1,1,2,13,3.4,29.8
339.7,0.6,1,4,1,3,8,11,7.3,24.1
1216.0,11.5,4,4,4,3,5,23,6.8,28.5
1087.3,14.2,3,13,2,1,10,15,2.8,27.4
1121.5,11.5,3,22,4,4,3,6,7.3,29.1
240.0,14.0,4,5,3,1,1,22,3.5,35.5
229.4,0.5,3,17,5,3,5,22,7.0,22.3
1395.0,1.7,4,1,6,1,2,2,3.8,30.5
,14.1,4,23,4,3,4,23,2.9,30.9
486.4,16.2,1,12,2,1,8,10,5.5,33.6
758.4,14.5,3,11,4,3,10,6,9.8,30.9
1011.2,13.4,3,8,3,3,5,3,6.8,28.3
1435.7,14.3,4,23,3,3,2,3,4.2,32.1
465.3,14.9,4,10,2,4,4,2,5.7,34.2
1391.0,,4,2,0,2,3,20,4.9,33.0
86.0,14.9,3,13,1,4,2,23,1.3,28.9
855.0,1.9,3,14,4,4,8,24,7.1,22.9
969.3,1.7,2,17,0,2,8,13,2.8,23.4
203.6,7.5,3,11,1,2,3,7,5.8,28.4
253.5,10.8,1,6,3,3,5,23,1.6,25.7
657.7,15.4,4,0,6,4,5,23,8.1,32.3
1451.0,7.0,3,23,1,1,5,11,1.2,27.7
914.3,5.9,3,4,0,1,8,6,3.9,26.2
1402.9,15.7,2,8,2,1,7,21,4.4,30.2
1216.3,5.4,3,3,0,3,1,9,8.0,28.9
727.7,16.5,3,5,6,2,3,14,9.8,34.0
1187.9,4.0,4,1,5,3,10,23,2.7,24.4
75.9,7.5,4,8,0,2,5,5,2.3,27.5
208.3,8.3,3,22,0,2,5,8,6.6,26.6
,6.3,4,5,3,4,8,6,3.0,26.1
1205.4,0.6,2,23,2,2,8,19,1.2,22.7
387.3,5.1,1,15,4,2,6,3,3.1,26.3
819.6,7.1,3,21,6,1,10,4,3.1,26.8
928.7,6.6,3,14,2,2,6,9,6.0,26.8
,15.8,1,23,5,4,9,10,5.1,30.5
924.5,1.4,2,13,2,1,5,19,4.0,25.0
648.2,8.1,3,19,1,2,3,24,3.6,25.7
592.6,1.2,1,0,6,2,2,15,3.4,26.4
667.5,18.6,3,22,1,2,6,6,8.8,32.7
995.3,15.9,3,0,1,4,9,17,5.1,29.6
1307.9,19.7,4,4,4,4,5,18,8.7,35.9
708.2,18.2,2,17,4,2,8,3,10.0,31.4
409.4,6.7,2,6,3,3,6,23,5.5,20.9
393.2,14.0,1,1,0,4,9,13,9.4,31.3
1131.7,6.5,1,20,0,4,8,20,2.6,23.8
,17.8,3,12,5,3,7,2,3.8,29.1
202.7,8.5,3,11,1,1,4,24,6.9,32.2
146.5,7.8,2,7,1,2,5,25,3.1,24.0
911.9,18.3,4,17,5,2,5,24,6.3,33.9
262.0,16.8,3,7,2,3,9,14,9.1,30.7
1245.8,19.3,1,13,2,1,7,3,9.8,37.0
500.0,1.8,2,3,6,1,2,12,5.8,28.8
258.6,5.2,4,7,5,4,3,16,7.6,27.6
,6.4,3,0,4,1,4,12,6.4,29.8
290.0,8.8,4,6,1,4,7,11,4.8,28.9
462.8,9.7,1,9,1,4,8,9,4.2,28.7
272.7,,3,17,4,4,2,18,6.5,28.8
217.5,15.9,1,19,5,2,8,15,4.1,28.7
80.7,4.9,2,12,3,3,7,19,7.7,22.9
,14.1,3,22,5,3,3,3,2.1,25.5
303.2,17.1,3,8,2,1,2,7,7.5,36.5
127.4,12.3,1,11,2,2,2,22,5.6,30.2
,7.4,2,14,4,2,8,20,1.7,22.0
1037.0,4.2,3,4,3,2,3,17,8.6,26.1
620.8,3.1,1,10,0,3,2,11,5.9,27.0
511.1,15.0,2,21,2,2,5,11,7.6,30.8
781.6,9.6,2,11,5,1,7,17,2.1,29.6
1318.8,1.4,1,22,3,1,5,20,2.4,26.5
1284.1,19.7,4,16,5,3,6,11,8.9,34.6
113.0,13.6,1,4,5,3,4,23,5.2,28.9
313.2,17.0,3,10,2,4,5,9,3.7,30.4
393.3,9.0,3,8,1,1,6,9,5.7,32.0
411.6,19.1,1,22,4,2,7,18,4.3,31.8
878.3,4.4,3,8,3,2,8,20,9.8,29.1
653.6,,2,11,6,3,9,14,2.8,22.7
121.4,17.9,4,16,1,2,4,24,5.8,31.1
591.7,17.9,3,23,2,2,2,22,4.0,29.3
809.4,10.2,3,13,0,4,1,6,2.5,28.8
,3.0,3,20,2,1,7,20,7.1,27.4
1258.5,6.5,4,2,4,4,5,21,2.2,27.0
125.3,15.2,3,21,5,2,5,22,3.5,27.2
,17.0,3,4,5,1,8,14,5.4,33.4
193.7,7.3,1,18,0,3,7,20,4.8,27.6
1273.2,1.7,1,12,6,1,10,19,9.2,28.4
1358.8,13.5,2,14,4,3,9,23,6.9,26.8
1470.4,14.9,2,2,1,4,8,8,1.6,28.3
1212.9,8.8,4,12,1,2,7,4,2.3,29.2
,11.9,4,2,5,4,9,20,6.3,27.9
981.6,19.8,1,13,4,1,2,17,3.0,35.2
1179.5,5.3,4,9,1,2,10,25,2.8,25.8
245.1,,3,4,3,1,5,3,9.9,33.6
827.3,12.4,3,11,6,3,3,1,7.4,28.5
795.6,11.2,4,5,0,3,6,13,3.7,27.4
1293.5,17.4,3,1,3,4,9,16,1.3,23.2
721.1,12.3,3,0,6,2,2,22,8.2,29.6
608.4,10.4,2,8,0,4,2,17,6.2,26.6
,2.9,2,17,3,3,7,19,3.8,21.9
436.4,14.2,4,13,3,3,7,10,5.7,30.8
252.7,3.1,2,2,2,1,8,15,9.1,27.2
,1.0,1,10,3,4,9,4,1.6,24.6
654.5,10.0,2,13,4,4,8,18,7.6,30.0
387.2,11.7,3,5,1,4,9,4,8.8,29.4
582.9,20.0,3,3,3,2,2,5,5.7,33.3
581.3,14.4,4,5,3,3,4,5,9.6,31.5
524.9,17.0,3,1,0,1,8,24,3.1,30.4
600.2,7.3,4,5,1,3,9,5,7.5,26.7
1044.3,10.4,3,12,4,3,4,6,4.8,25.0
480.5,19.5,3,19,3,4,6,25,4.4,28.2
1425.8,8.6,2,20,6,3,3,5,6.7,27.6
1378.7,16.2,2,16,5,4,9,14,6.5,29.1
747.3,10.8,4,8,1,4,6,4,4.3,29.9
526.1,,3,22,6,1,1,12,4.4,27.7
826.4,11.8,3,22,6,4,6,24,5.3,27.6
1280.4,4.8,4,8,2,1,3,9,9.9,33.0
996.3,0.6,4,0,4,2,5,12,8.2,28.5
1216.4,5.1,1,10,1,4,4,22,4.3,26.3
822.4,4.3,3,11,0,3,9,14,4.3,20.7
,7.7,3,16,1,4,9,24,9.1,26.3
,17.8,4,3,5,3,2,10,8.0,34.9
1115.6,8.1,1,13,3,3,4,6,6.9,29.6
343.5,17.0,2,7,3,3,5,1,7.4,29.1
1057.5,,3,11,3,4,9,10,1.5,24.2
1298.0,0.6,2,0,5,1,3,2,1.8,25.6
241.5,4.2,1,12,4,2,8,15,3.8,26.5
940.9,18.7,3,0,4,3,1,1,5.3,31.9
187.9,12.3,3,20,3,2,10,3,7.4,26.8
,18.6,2,17,0,4,4,14,8.0,32.8
172.5,6.5,3,22,2,3,3,16,9.0,29.3
1407.1,14.5,1,15,0,1,8,5,3.4,31.6
249.2,15.6,3,23,5,3,7,19,7.7,28.0
1440.4,19.5,3,5,2,2,6,11,10.0,34.1
,0.9,4,0,1,2,10,5,2.9,24.8
910.8,19.1,2,21,3,1,5,12,1.6,31.2
1184.8,8.1,4,15,3,4,6,24,9.1,31.7
1202.9,16.8,4,16,6,2,5,14,2.2,30.9
1421.7,11.1,3,6,1,4,2,22,7.5,29.8
417.4,11.5,4,8,5,2,4,23,4.5,31.2
905.6,7.5,2,16,1,4,7,6,4.2,25.3
187.8,16.7,1,9,5,2,2,2,9.5,33.2
943.4,5.6,4,1,3,1,8,17,4.2,29.9
298.4,10.1,3,7,3,2,6,13,4.7,28.9
869.2,11.4,2,9,4,1,7,9,1.1,25.4
880.0,15.0,1,19,0,4,9,4,2.7,29.3
725.7,9.7,1,8,5,4,5,4,4.3,28.6
807.8,13.8,1,11,5,1,8,24,7.0,31.5
1157.7,10.0,2,14,1,1,8,4,1.6,27.0
,13.4,4,3,0,4,3,23,4.1,32.0
763.6,13.6,2,13,5,3,3,7,4.3,29.0
,14.3,4,4,0,4,5,4,8.1,32.2
,16.6,1,21,4,3,1,13,3.5,30.8
,11.0,2,7,1,3,6,3,9.0,30.6
,4.3,4,7,5,2,10,7,9.5,29.8
177.2,13.8,2,9,6,2,9,3,3.0,25.0
,2.0,2,8,5,3,8,1,4.4,23.7
,4.8,4,14,5,4,2,3,7.6,29.3
1172.8,,1,17,4,2,9,25,3.4,28.5
1023.3,9.0,1,23,0,2,2,4,8.4,30.4
533.8,10.2,4,21,6,3,5,6,9.8,32.2
1352.6,19.8,3,6,6,1,10,4,6.7,32.3
1155.7,5.1,3,14,0,3,8,2,2.5,21.8
442.3,0.9,1,7,5,1,2,5,1.0,27.6
578.1,2.7,2,19,0,3,6,3,4.7,24.0
,5.3,3,0,4,4,10,4,3.0,24.7
278.5,14.7,3,23,1,4,5,12,8.0,30.0
264.3,15.6,2,8,0,1,6,10,5.2,30.0
1407.4,,4,17,1,3,4,5,6.7,31.8
685.0,5.5,3,16,2,2,5,7,6.5,28.6
605.8,10.7,3,8,2,2,6,12,1.3,24.9
1108.0,0.8,3,23,2,3,2,11,7.4,26.0
851.8,13.8,3,6,3,4,10,4,8.4,29.0
1407.4,12.5,3,17,4,3,9,23,5.2,28.2
1181.4,0.9,1,22,3,3,2,10,6.2,25.5
745.1,16.4,4,2,4,3,2,9,2.3,30.9
595.7,15.4,3,22,2,3,7,15,6.9,26.2
1480.6,6.5,4,21,1,2,5,8,9.5,33.1
1090.8,12.9,4,9,1,4,7,16,7.4,30.8
1429.2,12.2,1,20,2,3,1,23,1.1,28.9
221.8,3.3,3,0,1,3,8,22,3.8,21.5
1283.3,4.3,3,4,3,1,1,9,9.6,31.6
973.8,13.8,3,18,4,2,2,3,7.0,30.2
,18.7,4,22,5,2,8,4,3.9,30.8
903.0,11.7,1,3,2,3,4,6,6.4,29.2
1044.8,11.6,3,17,0,1,3,16,2.5,29.6
67.8,13.1,4,2,5,2,9,13,9.3,31.6
708.8,9.1,4,18,5,2,7,8,4.5,27.2
1246.8,1.6,1,21,2,3,3,5,2.7,24.9
478.3,8.2,4,11,6,1,8,13,1.7,27.0
714.9,18.1,1,2,4,3,2,25,1.3,28.7
691.4,,3,4,5,3,5,20,6.8,27.4
487.8,,2,12,2,3,2,7,7.1,32.8
1381.7,3.5,3,19,3,1,7,15,6.9,29.5
1182.9,10.4,1,12,2,3,3,13,3.8,28.5
210.4,11.9,2,11,5,2,3,21,8.1,29.4
1495.7,4.6,2,14,5,2,3,9,8.6,27.3
,4.4,4,23,6,1,9,9,6.4,29.9
461.7,15.7,3,18,2,2,9,12,6.5,29.0
1263.5,13.6,3,3,5,2,3,5,2.7,29.1
204.3,13.1,3,4,4,1,2,22,8.7,33.9
1498.7,5.7,3,8,0,4,6,10,1.8,21.7
1015.2,10.4,1,6,5,3,7,22,8.2,29.3
992.7,0.9,1,17,0,2,9,11,4.8,24.7
181.1,3.0,3,23,0,1,9,17,1.9,23.7
1350.7,10.6,4,13,0,3,8,18,1.6,25.2
92.0,6.5,2,21,3,1,1,20,9.9,32.2
399.2,19.3,3,10,0,2,1,18,6.1,32.5
257.4,9.7,4,16,3,1,2,18,5.0,31.8
1176.3,2.1,4,16,5,1,4,8,9.3,32.4
,0.8,2,7,3,4,8,2,5.2,24.1
1370.4,14.6,4,17,1,2,9,24,8.6,32.8
1001.6,3.8,3,12,2,1,8,22,8.7,28.3
102.4,4.2,3,13,5,2,9,7,7.8,23.5
57.9,8.8,3,6,2,1,4,1,1.9,29.1
124.9,5.6,2,7,4,3,7,25,9.6,24.1
928.6,12.5,4,20,4,2,2,3,6.6,31.9
1212.1,10.0,3,14,3,1,2,1,4.7,29.6
395.9,2.7,3,3,2,2,9,25,7.9,25.3
,15.8,4,13,0,4,5,17,1.7,28.9
133.0,8.8,3,14,5,3,8,16,2.6,25.0
1211.4,12.4,1,19,2,3,10,16,7.1,26.6
1395.3,0.6,2,20,3,4,6,19,6.7,22.1
1169.6,12.7,4,15,0,2,2,15,5.7,31.7
1062.3,6.0,3,0,5,2,7,19,7.1,24.7
1265.1,10.1,4,11,6,4,9,20,9.5,32.4
,6.3,3,4,6,3,3,6,2.2,23.8
342.6,19.9,3,0,2,1,5,15,4.1,34.3
231.1,5.0,4,22,0,4,7,9,3.6,26.7
,18.3,3,4,0,4,8,16,9.4,32.0
,18.4,3,5,2,2,2,5,2.7,29.9
963.5,8.7,1,8,0,2,1,22,4.3,31.6
1284.1,6.4,4,11,1,3,7,7,9.2,28.1
275.1,7.9,3,14,4,3,1,5,7.0,24.6
1115.2,19.8,3,7,0,1,5,4,1.3,32.2
329.9,12.6,3,19,4,1,4,14,9.6,32.2
442.6,11.1,2,3,6,4,5,9,1.5,26.5
1079.4,1.2,3,23,6,4,9,18,5.7,23.3
1471.3,17.0,2,20,6,4,10,11,3.2,27.0
936.7,2.1,2,14,2,2,7,8,6.7,24.7
129.0,1.4,4,1,4,3,4,8,3.6,26.3
943.6,5.9,3,17,0,3,7,6,8.4,26.0
111.4,9.8,4,16,1,2,2,18,6.1,31.0
1332.0,18.0,3,14,5,4,10,4,3.8,27.9
,15.9,1,6,1,2,9,23,8.8,33.0
,4.4,3,10,2,1,4,7,8.0,31.6
,7.8,2,9,2,1,1,1,5.4,29.3
316.1,15.7,3,14,2,4,9,17,5.4,28.3
1471.0,10.8,4,7,5,1,1,18,5.2,32.9
714.9,3.9,3,9,6,3,2,16,5.9,24.1
1186.9,8.2,3,21,3,2,1,10,8.7,26.2
972.8,12.7,4,10,4,4,2,5,1.7,30.1
880.0,19.5,3,14,5,4,10,22,4.5,28.4
260.4,13.4,3,21,2,2,5,13,7.8,31.7
1421.7,0.8,3,22,3,3,2,12,9.7,27.8
486.9,14.2,3,13,6,4,10,6,2.4,27.0
888.1,5.4,1,6,2,4,5,20,1.4,25.9
,17.3,3,2,1,4,8,24,8.2,31.3
991.4,8.0,3,20,0,3,6,17,9.7,28.3
1413.9,4.4,2,12,0,2,2,19,7.4,29.0
265.2,9.6,4,13,5,3,8,18,6.0,26.7
787.1,5.5,1,22,1,3,10,5,3.1,23.4
635.8,5.1,3,8,5,2,10,12,9.6,25.9
737.5,11.7,4,2,0,4,8,8,7.5,30.5
222.9,15.5,2,16,5,2,7,11,7.2,29.8
244.4,16.8,4,23,2,4,8,22,8.9,35.0
453.2,8.3,4,4,5,3,10,21,8.9,29.6
491.8,1.8,3,23,5,4,6,14,1.7,24.1
670.5,9.9,4,12,3,3,10,3,1.2,25.9
935.9,9.0,3,13,6,3,4,9,3.0,25.4
970.2,4.3,3,23,6,4,4,19,9.2,28.3
647.1,18.0,3,7,4,2,2,15,5.8,32.0
642.7,19.5,3,17,3,2,5,14,6.8,32.2
365.6,1.5,2,0,6,4,7,10,4.1,26.4
,16.0,1,16,6,2,5,25,4.8,30.9
509.7,13.1,3,0,2,3,2,23,3.7,26.5
102.3,5.6,4,0,2,3,5,17,9.5,28.7
,12.9,4,9,2,1,6,22,4.7,33.7
,3.0,4,8,6,2,2,5,8.5,31.4
377.1,1.9,2,18,1,1,6,5,2.4,27.0
880.1,19.9,3,21,0,1,4,18,3.9,33.6
870.4,12.9,3,22,3,2,6,17,2.6,25.6
,5.4,2,14,6,2,1,7,3.6,28.5
989.5,9.3,3,3,2,3,9,21,7.0,27.3
996.0,19.0,3,16,3,2,4,19,2.3,28.9
508.5,9.1,4,11,0,4,5,6,5.8,30.8
1191.8,18.1,2,12,5,1,2,16,1.0,31.8
846.3,17.4,4,12,6,4,5,22,9.8,34.2
675.6,7.2,4,21,4,3,4,20,1.3,24.8
957.7,14.1,3,9,0,1,1,11,7.8,34.8
573.0,13.4,2,23,0,1,6,21,8.8,30.7
793.5,15.5,2,12,5,1,3,8,10.0,34.5
1118.2,7.6,4,16,0,2,4,25,6.9,32.0
1335.3,1.5,1,22,0,2,1,25,6.5,27.7
1385.5,3.8,1,19,6,1,7,8,6.0,29.6
780.3,12.5,4,10,3,3,2,18,7.9,31.7
804.4,15.6,3,4,4,4,6,25,8.8,28.7
,15.2,3,3,4,4,5,8,5.7,30.3
506.0,11.9,2,8,2,1,8,18,7.5,31.4
1264.2,,3,15,1,4,5,14,9.7,28.0
766.5,0.8,4,19,3,2,7,12,2.0,24.2
218.0,15.8,2,0,0,1,10,17,6.3,30.5
,11.2,2,11,2,1,3,12,1.6,30.0
1270.9,15.8,1,22,4,4,2,18,4.9,29.9
130.6,3.7,3,19,6,2,7,24,7.5,26.5
456.9,8.4,2,22,4,3,2,6,4.4,26.6
534.5,18.4,4,22,5,3,3,5,1.9,31.6
,3.8,2,2,2,4,8,16,8.5,28.8
505.1,1.7,2,16,0,3,7,25,3.2,21.3
1126.9,13.2,4,13,2,4,1,22,5.5,32.4
71.3,12.1,4,11,4,2,6,11,2.3,29.2
1249.4,19.1,3,19,0,3,7,21,9.9,28.8
1292.0,18.2,4,22,6,1,4,23,4.4,35.7
589.8,15.1,2,11,2,4,8,8,8.4,27.5
,0.9,3,15,4,4,8,3,4.5,24.5
921.2,9.9,2,11,6,2,7,25,4.1,25.1
223.5,18.0,3,15,4,1,3,4,3.2,32.0
579.1,9.0,3,23,1,4,3,1,4.6,28.0
1439.7,19.3,4,19,1,4,6,8,8.9,33.5
1493.4,13.2,1,5,3,4,2,20,7.0,31.3
1169.6,2.6,3,20,6,1,5,19,1.5,24.1
500.9,10.4,4,12,4,4,10,8,5.9,27.7
1047.1,14.1,3,14,4,2,7,18,5.5,28.1
1072.8,1.8,2,2,5,1,9,24,7.2,28.0
612.4,7.2,3,10,0,3,4,1,7.8,28.5
979.3,14.5,2,7,0,4,8,22,6.1,27.7
65.6,3.6,3,2,4,4,8,16,8.9,26.0
353.1,7.3,3,20,4,1,2,23,6.8,29.8
811.4,14.0,3,3,1,4,3,2,4.0,28.0
287.4,15.6,3,17,4,4,5,7,4.4,28.1
290.6,10.6,3,17,1,4,7,10,8.7,29.4
1262.6,19.2,1,14,1,4,8,20,3.3,29.0
1484.2,18.5,1,20,6,3,10,17,2.3,27.6
856.2,9.7,3,2,0,1,2,9,7.8,31.1
1266.7,3.6,4,0,3,1,7,7,4.8,30.7
,15.6,3,20,5,3,10,12,3.0,26.7
255.3,5.2,1,4,4,1,2,5,8.5,34.3
700.0,16.9,3,7,3,3,10,23,2.7,27.5
619.2,11.9,3,16,2,1,9,21,7.6,29.3
166.1,,3,12,0,4,2,19,4.1,26.0
1145.2,11.3,3,4,0,2,3,12,7.4,30.2
679.0,10.9,4,5,4,1,2,17,8.0,34.0
730.5,18.5,1,20,3,2,1,7,2.4,32.1
268.5,4.7,3,12,2,4,4,4,8.4,27.6
312.3,18.6,3,22,2,3,5,6,6.6,31.7
1365.3,1.1,3,13,0,4,5,14,8.7,27.3
114.7,15.5,2,15,0,2,9,24,1.3,25.5
387.6,18.4,3,8,2,3,5,4,7.8,29.0
473.5,8.2,1,0,6,1,2,8,9.9,35.3
760.8,1.9,3,12,2,2,7,2,7.3,24.9
900.3,16.2,3,17,0,2,7,12,9.3,31.2
765.3,16.9,2,9,4,3,5,24,4.7,28.1
172.0,7.1,4,20,0,3,7,2,7.3,29.4
403.3,10.6,4,16,2,1,2,15,6.1,33.3
1273.2,16.3,3,12,5,3,8,4,4.0,26.3
974.5,4.2,4,13,0,4,3,1,6.6,30.0
991.3,12.8,4,5,6,2,1,14,4.2,32.7
1021.8,8.9,1,21,4,1,5,12,9.5,32.9
1156.2,3.9,3,1,6,2,3,23,8.2,27.0
134.3,16.7,3,1,5,2,6,8,8.8,30.2
581.6,6.8,3,18,6,4,5,16,6.7,27.7
832.3,18.7,4,0,3,1,10,4,8.6,36.9
540.8,11.6,3,12,0,2,5,15,4.3,27.5
1274.5,10.5,1,4,0,3,1,21,7.0,28.6
749.7,8.8,3,16,1,4,6,10,4.0,26.5
1164.5,,3,2,0,3,9,4,6.4,25.9
1285.4,16.5,3,6,5,1,3,13,1.6,31.1
781.9,13.7,1,12,6,3,4,5,8.1,29.8
1368.9,15.6,2,9,4,1,2,17,4.8,32.9
,8.7,3,4,1,1,8,6,9.9,31.6
1282.9,5.6,1,1,6,3,2,17,8.7,29.2
543.9,2.2,3,0,2,2,3,18,6.5,25.7
773.3,15.6,1,4,6,1,1,25,3.4,34.6
820.5,8.6,3,6,4,2,4,5,6.7,28.5
202.2,10.4,1,2,3,2,9,24,7.8,30.3
627.9,,1,12,5,3,5,9,5.2,28.1
1380.1,8.9,3,21,4,4,2,4,6.3,27.6
964.7,13.8,2,17,6,1,8,23,8.9,33.0
307.4,12.4,2,7,4,3,4,15,2.2,25.7
541.3,19.5,3,10,2,3,2,15,5.5,30.3
327.8,3.2,1,18,0,4,1,8,8.8,30.8
,11.7,1,23,6,2,4,5,4.5,28.1
1394.8,1.7,3,13,5,1,2,2,9.0,28.3
699.9,16.3,3,4,0,4,6,22,6.0,29.3
495.9,12.5,3,20,4,1,5,1,4.6,31.5
917.8,8.9,4,12,5,2,7,13,9.9,32.5
60.6,16.1,3,0,4,3,3,7,2.5,28.4
453.1,9.4,3,6,1,1,1,21,4.1,27.5
1069.4,4.9,4,12,0,2,2,18,3.0,26.7
969.0,9.7,3,19,6,1,1,2,9.8,32.4
1473.6,1.9,3,20,2,4,3,4,2.4,22.0
949.5,18.0,3,4,6,2,8,5,2.1,28.0
,14.8,3,17,3,3,6,18,3.4,27.5
1154.1,15.3,4,23,5,1,4,3,6.5,37.0
,17.6,1,19,1,3,3,6,3.4,31.0
1095.0,15.9,4,17,4,4,2,13,3.9,31.7
1446.7,,3,19,3,1,2,5,5.8,32.5
1183.9,2.8,3,13,1,3,3,10,6.7,25.3
1306.9,7.8,3,14,4,3,5,8,6.2,26.6
215.5,18.7,2,12,3,1,6,11,6.5,32.8
1112.0,19.0,1,22,4,2,10,1,7.0,31.5
688.1,15.5,4,8,0,4,10,10,8.9,32.0
852.0,4.5,3,18,0,2,3,14,7.1,25.5
998.4,4.3,4,0,4,1,8,11,7.5,31.7
1456.2,17.7,2,10,6,3,2,24,4.6,29.6
1477.6,3.3,2,21,0,4,8,10,9.5,27.6
467.9,11.9,2,5,0,2,10,8,8.3,27.7
,7.9,2,19,1,1,7,4,6.2,30.5
1137.5,6.4,3,12,0,1,6,16,5.0,26.4
552.4,13.7,4,3,1,2,4,15,1.2,30.2
229.6,19.2,4,2,4,2,9,2,9.9,35.7
109.4,15.7,3,2,5,4,10,22,2.3,25.0
1177.1,10.0,2,11,4,3,8,25,5.6,26.7
760.1,9.1,3,7,2,2,1,25,4.1,29.3
1479.0,18.2,3,21,1,3,9,20,3.9,26.6
,11.8,3,18,3,1,9,3,4.8,31.4
,10.2,3,3,6,1,4,23,6.2,28.5
646.8,13.8,1,12,1,4,3,11,1.1,28.6
1200.8,5.1,1,18,3,4,8,22,2.4,21.3
173.0,1.7,4,15,2,3,7,7,6.5,27.6
855.4,17.2,3,0,2,2,8,18,7.7,28.4
1213.0,12.3,4,0,3,4,10,15,7.1,27.9
1390.8,3.7,2,14,1,2,4,12,9.9,28.4
1242.7,6.3,3,22,1,3,9,10,1.4,23.5
103.6,19.8,2,1,0,3,5,2,5.6,30.2
590.4,12.9,4,3,4,1,9,22,4.8,32.0
120.6,12.9,2,4,6,4,3,19,2.8,29.9
208.5,1.9,3,7,3,3,9,24,9.0,22.9
1029.2,19.4,2,21,4,1,8,13,2.3,29.8
1084.2,17.9,1,22,6,4,5,9,5.5,33.2
1171.9,11.2,2,7,5,2,10,16,2.7,25.4
1304.9,6.5,3,17,1,1,4,9,4.9,30.9
1122.2,14.1,4,0,5,3,8,24,8.1,29.1
1211.3,16.8,4,12,2,1,6,14,7.3,33.5
121.0,15.8,3,15,6,3,2,17,7.3,28.7
390.1,19.6,3,20,6,3,3,16,2.9,30.1
951.8,12.9,3,19,0,1,9,10,1.2,29.5
1294.3,6.8,1,1,6,4,5,19,7.5,29.9
56.5,10.2,4,9,1,2,9,13,2.0,28.0
796.2,16.4,3,1,3,2,2,3,4.5,32.3
1032.1,5.7,3,0,5,1,8,11,8.6,28.7
92.9,5.0,1,3,0,3,9,2,4.7,22.6
632.0,14.6,2,22,0,1,10,19,5.2,28.0
1348.7,9.2,3,6,2,1,8,17,9.6,29.2
1023.8,16.4,4,17,4,2,5,23,9.2,31.6
394.6,3.3,3,17,4,2,1,12,1.8,23.1
,7.0,3,20,6,4,3,25,8.8,27.3
554.6,5.7,3,12,1,3,7,17,5.5,25.2
,14.1,3,23,4,3,9,10,8.2,28.8
,15.3,2,10,1,1,8,8,4.2,32.5
,,1,18,3,3,7,24,9.6,27.2
,9.8,3,18,3,2,9,5,8.2,28.6
448.5,3.1,2,13,3,2,4,1,5.0,27.4
1335.5,14.2,2,7,1,3,4,3,4.2,27.6
322.0,19.9,3,3,1,1,1,18,2.9,32.9
173.0,15.7,2,2,6,2,7,20,3.5,29.5
545.8,4.9,4,11,6,2,2,13,5.0,28.7
1090.6,12.7,4,9,0,4,3,11,4.2,32.9
,6.3,4,5,1,4,1,5,6.8,29.3
1498.2,1.1,4,18,6,4,9,3,6.7,28.9
479.7,4.0,2,3,0,3,3,19,2.7,25.1
641.5,2.5,3,11,3,3,9,7,3.3,20.9
248.4,4.3,3,10,2,3,3,25,1.4,22.4
883.6,16.0,1,23,6,4,1,22,4.4,29.8
1496.5,6.2,4,2,5,3,10,20,5.3,25.4
,15.3,1,20,5,4,3,13,1.9,27.7
913.1,19.0,3,16,0,2,8,9,1.8,26.2
618.9,11.7,3,18,1,3,2,22,3.4,25.3
1377.2,10.0,4,18,5,3,2,2,5.4,31.8
770.5,15.1,3,18,1,4,4,24,9.9,29.3
244.8,2.4,3,10,3,4,8,21,9.2,27.3
579.8,8.9,2,13,0,1,1,2,4.6,32.1
147.4,10.2,3,8,0,4,7,6,6.0,29.3
,16.7,3,21,5,4,8,24,6.0,29.4
,16.4,3,5,1,4,2,17,4.1,32.0
707.3,17.0,3,14,1,2,5,10,8.7,30.2
970.1,14.1,1,5,5,3,10,21,3.6,28.2
547.8,10.8,2,8,5,1,6,18,4.8,33.3
659.6,16.6,4,23,1,1,8,24,9.2,35.2
,,2,4,6,3,8,11,4.1,27.8
1140.3,9.9,3,21,6,4,5,15,5.6,26.6
834.2,19.7,3,19,2,1,8,16,8.8,34.3
462.6,17.6,4,8,3,4,10,2,3.9,31.3
1350.6,10.5,2,8,4,1,4,17,9.7,29.8
390.9,1.9,2,0,1,1,1,18,2.8,27.8
521.7,4.9,4,18,6,3,8,4,7.2,29.1
1368.1,,3,15,0,2,4,21,1.5,26.6
817.8,2.7,3,23,5,1,7,11,5.8,26.8
1126.4,9.7,3,6,4,4,2,11,2.4,28.1
906.6,12.3,3,9,0,4,3,6,6.7,28.9
997.5,17.6,4,16,3,1,8,22,6.6,35.6
484.1,17.0,3,8,2,4,1,3,4.7,31.7
,15.4,4,7,6,1,5,25,9.3,38.8
517.6,8.5,4,4,3,3,8,15,9.0,29.3
275.4,3.3,3,23,2,4,5,6,7.6,26.1
,13.6,3,11,1,2,2,18,7.5,31.0
,4.0,3,18,0,1,7,18,1.6,25.5
864.2,11.4,4,15,3,3,2,7,3.9,32.0
1198.4,19.6,3,14,3,4,6,22,2.8,31.0
,11.2,1,7,6,1,5,1,4.5,31.0
685.7,13.1,4,7,4,4,6,4,2.0,29.4
740.6,13.7,3,11,3,3,10,25,3.9,24.4
1492.3,16.7,4,3,2,4,9,20,6.1,30.3
1028.2,9.0,3,12,1,2,8,12,2.5,21.1
1231.2,10.2,3,2,4,3,5,8,2.0,27.3
1358.7,3.9,3,6,1,2,8,17,7.4,24.7
1192.0,12.5,3,15,0,3,2,18,3.2,26.6
318.5,6.3,1,0,6,1,3,2,5.3,34.4
865.1,10.4,3,1,0,2,5,11,8.5,28.7
197.7,15.4,3,5,1,4,9,16,4.4,27.5
996.7,0.8,4,18,3,4,4,15,1.9,25.8
1435.3,11.5,1,19,1,1,5,20,8.1,33.4
793.5,3.9,2,0,4,1,10,23,7.6,26.5
,5.9,3,6,3,2,10,2,6.5,27.1
102.0,1.2,2,1,0,1,1,14,5.8,28.7
1441.7,3.8,1,0,3,2,6,14,7.8,27.7
,19.7,3,22,5,1,7,6,4.2,31.8
109.6,20.0,3,10,2,3,7,4,4.0,29.1
406.8,,3,19,4,1,10,23,6.6,31.6
145.0,12.4,3,16,4,4,10,4,2.5,27.1
,15.7,4,10,3,1,3,12,6.7,35.5
798.3,18.0,3,18,3,1,10,16,8.8,32.1
503.2,,3,5,3,3,5,12,5.6,28.1
123.9,1.2,2,9,0,1,1,16,1.7,26.7
211.8,14.3,4,9,3,3,4,1,7.0,33.3
,19.7,4,13,2,1,3,14,8.8,37.2
,5.5,2,5,5,4,10,21,2.8,23.0
1062.4,,3,17,5,3,7,13,6.5,27.5
350.2,7.5,3,20,4,2,4,25,2.8,24.5
,8.1,3,21,2,3,1,12,8.4,31.0
621.5,14.6,3,21,4,3,4,8,3.3,29.7
654.1,7.9,2,15,6,4,4,13,6.7,27.7
52.4,18.9,3,19,5,3,5,8,6.3,30.2
212.5,15.9,4,16,1,4,2,9,4.4,33.2
1301.0,,2,22,1,4,6,12,9.1,26.3
51.8,16.5,1,2,3,1,6,7,9.1,36.9
786.8,15.6,1,4,4,4,8,1,4.1,28.7
759.8,10.6,4,10,4,4,6,7,4.1,28.6
533.0,10.2,2,14,5,1,8,1,6.9,30.9
,16.8,2,21,3,4,2,23,3.6,30.3
1181.8,8.8,3,2,5,3,2,22,3.7,25.9
1269.7,3.6,3,3,0,3,6,7,1.2,23.4
427.5,6.6,3,20,1,3,10,23,1.8,23.4
,5.7,4,7,3,2,4,10,6.9,30.7
,13.8,1,0,3,4,8,10,3.9,29.1
745.8,4.0,3,16,6,3,10,13,1.7,21.0
1040.7,13.1,3,21,4,2,1,23,9.4,31.7
,9.6,2,21,2,3,1,19,3.7,25.0
529.6,16.9,4,20,4,4,7,16,2.9,29.2
1399.1,,3,1,0,2,9,20,5.7,27.9
,18.6,2,3,2,4,7,22,8.5,33.4
718.1,18.1,1,20,0,1,10,19,8.9,32.6
1081.8,4.1,1,16,1,4,1,12,3.7,27.9
,13.9,4,5,2,3,6,8,7.7,29.8
118.7,4.7,2,9,0,3,8,12,5.7,26.1
250.4,,4,20,1,3,7,5,6.4,31.7
1382.3,12.9,1,22,6,2,1,16,5.0,33.8
63.4,6.2,4,21,5,1,2,21,2.6,29.8
,,4,11,3,1,10,1,8.4,30.9
95.4,8.9,1,18,6,4,4,22,5.9,29.2
,16.1,1,1,0,2,2,16,4.6,32.5
949.2,16.0,4,22,6,1,2,23,7.1,37.1
400.4,1.2,1,5,3,1,2,18,4.8,29.9
875.4,6.4,2,23,2,2,6,22,8.6,27.1
905.8,8.7,4,0,5,3,6,19,2.2,27.8
1281.7,11.9,4,22,3,2,10,10,1.3,30.1
56.9,3.4,3,12,4,2,5,14,6.1,26.6
1287.4,7.0,4,12,2,3,1,4,3.3,27.7
947.7,17.8,3,16,3,3,6,21,2.1,27.7
286.0,9.8,3,11,0,1,5,17,1.3,25.6
1170.8,15.0,2,22,1,2,4,15,7.9,31.7
1290.5,10.0,3,2,3,3,8,17,9.6,25.7
418.7,9.6,3,15,6,3,10,18,6.5,26.3
1382.3,12.6,3,5,1,2,5,7,8.0,30.1
709.0,5.6,4,0,4,1,8,16,8.5,32.9
925.0,5.4,3,15,0,1,6,16,8.2,29.6
1477.7,19.8,3,16,3,1,8,18,3.9,33.5
,,3,3,5,1,5,25,1.0,30.8
1229.1,,2,17,2,4,3,9,6.7,32.1
511.7,3.2,2,22,5,2,6,5,9.5,26.9
1208.9,1.1,4,16,2,2,4,25,9.0,28.2
921.1,3.9,3,5,6,2,1,10,1.0,23.0
363.7,,3,2,4,3,8,8,9.1,29.5
,16.4,3,2,2,1,6,10,1.1,30.2
510.6,10.7,4,14,1,4,7,20,5.8,29.8
,19.4,3,5,6,2,6,6,8.7,33.1
93.3,3.4,1,8,3,3,9,1,4.7,23.7
552.4,11.4,3,1,2,3,2,20,7.2,28.9
77.6,4.1,3,10,4,4,1,13,3.1,27.3
290.0,6.5,2,3,0,4,6,18,9.7,28.6
1101.5,18.8,3,10,1,1,9,7,1.4,30.3
1076.7,17.4,2,14,3,3,5,6,6.7,30.5
1120.9,2.5,1,23,2,1,5,12,1.3,28.2
509.9,5.4,4,6,3,1,6,22,1.4,28.6
1340.5,12.1,4,7,2,3,4,19,3.4,28.4
,1.7,3,19,3,2,6,11,1.1,21.8
232.7,11.2,2,22,5,2,10,5,2.9,25.0
258.4,11.9,4,9,5,1,5,14,2.4,31.1
1055.0,,3,8,2,3,5,2,9.2,28.6
,6.2,4,17,2,3,8,18,1.4,26.8
785.6,5.0,1,18,4,1,7,11,6.5,29.2
1488.1,18.7,2,16,6,2,4,22,7.0,30.4
55.8,,3,15,3,1,6,25,8.4,28.7
74.0,11.9,4,3,0,4,5,6,4.3,32.6
1490.0,6.4,2,6,4,3,4,3,2.6,25.9
897.7,14.2,2,1,5,2,5,15,2.1,26.6
234.0,2.5,3,9,6,1,1,2,2.3,27.8
1351.1,1.9,4,20,6,4,5,17,5.7,29.0
,15.0,3,5,4,2,4,22,6.4,29.8
,14.7,4,16,3,3,9,23,8.1,31.6
951.6,5.7,3,10,1,3,7,20,8.2,25.5
446.1,7.4,4,4,6,2,8,20,8.6,29.3
123.3,19.2,3,5,3,4,3,7,2.4,27.1
,2.5,1,16,4,1,1,23,7.7,30.2
477.4,4.1,3,18,5,2,4,19,1.7,23.2
1012.3,8.9,3,7,0,1,5,2,8.9,32.6
1262.6,6.0,3,22,2,2,5,15,5.7,26.6
76.3,13.2,2,1,4,4,2,11,6.8,30.7
913.8,14.0,3,13,3,2,3,4,6.6,31.8
385.4,10.8,4,5,4,4,8,8,6.0,27.3
1317.1,12.4,3,21,3,4,10,24,5.7,26.7
417.8,9.0,4,18,0,2,10,13,9.3,28.9
,15.3,3,1,2,4,6,4,4.1,27.4
852.6,1.3,1,9,2,2,7,21,8.0,25.9
624.4,,2,17,2,2,7,7,4.3,25.6
1032.6,13.8,3,13,0,2,4,13,1.4,27.9
1102.4,6.9,1,11,0,1,4,4,4.4,31.0
872.1,2.0,3,3,2,2,1,1,2.4,24.1
,7.2,3,13,5,3,1,25,5.0,26.0
1476.0,14.4,3,2,6,4,4,17,1.7,29.2
657.9,2.9,4,7,5,2,4,16,8.1,31.2
796.1,,4,5,6,1,6,1,6.3,34.6
68.1,15.6,3,15,6,2,10,16,1.3,26.1
1204.2,12.9,1,11,4,2,9,3,6.8,28.7
804.3,5.3,2,10,0,4,2,4,9.6,30.6
641.5,,3,20,2,3,6,19,1.6,29.2
186.4,4.7,3,9,5,4,6,13,4.2,24.3
1340.0,,3,18,2,2,10,21,9.1,32.0
622.8,14.3,3,21,1,2,5,9,1.3,28.2
1039.7,1.6,3,3,0,1,4,8,9.3,29.5
266.6,16.1,2,17,2,1,8,21,9.9,32.5
1444.2,10.4,2,1,2,2,1,15,4.5,31.5
308.7,9.3,3,15,5,2,1,23,5.2,29.1
339.3,8.7,4,5,5,3,7,14,9.9,31.5
1295.5,12.3,3,6,0,1,4,5,1.5,29.4
,14.6,3,20,3,4,3,2,3.9,29.7
357.6,18.0,3,4,6,4,9,6,1.6,26.2
731.2,5.8,3,12,3,4,3,14,7.7,28.8
1113.6,12.8,1,18,6,2,1,17,6.9,31.2
1323.6,13.9,2,19,0,3,1,1,8.8,30.2
,13.7,1,4,2,3,10,7,2.7,25.5
,10.1,1,8,6,4,6,21,5.9,31.4
1125.5,8.1,2,13,5,4,1,10,7.4,29.0
1110.1,15.4,3,14,1,3,3,19,3.5,28.4
1185.3,6.4,1,3,6,4,4,10,9.0,28.4
876.4,4.6,1,14,2,2,10,8,2.8,24.2
,11.1,1,0,5,2,6,18,2.1,25.5
1360.8,5.7,2,15,2,1,9,7,3.5,27.2
1305.1,1.1,2,17,2,2,5,17,8.2,24.7
1207.2,1.5,1,11,2,2,8,5,7.4,27.3
194.8,14.1,2,5,2,1,1,19,9.0,32.2
346.4,19.5,4,5,4,2,4,24,6.6,33.2
1128.2,9.4,2,16,5,2,5,23,9.3,30.4
83.6,3.4,2,10,4,4,1,22,5.9,28.3
1469.9,16.5,3,22,0,2,3,1,9.3,33.0
596.9,5.6,2,23,4,3,7,21,8.8,25.5
1093.0,19.9,3,10,3,4,7,16,5.3,30.5
1337.0,11.5,3,6,0,4,1,12,1.1,29.8
622.2,5.0,4,19,2,3,3,21,9.9,29.6
512.7,10.2,4,17,6,2,5,21,5.5,30.0
,7.0,3,3,2,3,3,24,7.7,25.7
892.4,15.7,2,22,4,1,1,15,5.1,32.3
643.3,2.6,3,4,1,2,1,18,4.3,26.1
922.6,17.2,2,13,6,4,6,8,4.2,30.6
1406.3,15.5,3,4,5,1,4,17,4.2,32.0
728.1,17.3,1,11,1,2,6,11,6.2,32.6
335.3,18.0,3,14,4,1,8,17,8.3,32.2
596.9,5.0,2,2,6,3,6,11,6.1,23.7
621.5,10.7,3,6,6,4,6,5,5.7,29.0
,17.1,2,18,5,1,8,9,3.8,30.6
286.2,7.9,3,22,5,1,2,9,5.2,29.0
,1.7,3,21,3,4,3,7,2.6,24.5
542.2,6.2,3,18,1,2,8,3,7.7,27.1
1434.6,5.2,2,23,0,1,3,10,8.0,30.3
403.2,17.5,1,3,2,1,9,13,3.1,33.6
193.4,9.5,4,4,1,4,5,15,6.1,32.5
1142.6,13.8,3,9,6,4,1,16,3.6,30.3
1327.5,19.3,3,22,5,1,8,5,9.8,35.6
453.3,6.3,3,19,2,2,5,4,3.7,27.6
343.0,15.3,3,8,2,1,2,4,8.8,35.2
319.4,0.9,3,0,5,2,3,18,7.3,25.6
806.9,2.5,1,14,4,4,9,18,9.7,26.3
729.2,3.7,3,7,6,4,5,13,7.5,25.6
,6.6,3,5,5,2,3,14,6.5,28.7
115.5,8.4,1,5,4,3,6,16,5.1,24.9
748.2,9.8,3,5,5,2,2,9,5.2,27.9
1441.0,5.3,2,7,6,4,4,19,1.0,23.5
996.2,1.8,1,14,2,3,6,23,10.0,24.9
768.5,13.7,4,3,1,4,10,6,6.1,30.1
210.5,1.0,4,11,6,2,3,12,6.3,28.2
416.0,16.3,2,22,1,4,9,8,2.6,28.7
477.4,18.6,3,23,2,2,5,9,4.9,30.0
,,1,19,0,3,9,10,3.0,27.3
1321.2,12.1,3,6,5,1,1,6,3.0,29.4
1357.4,13.3,3,3,6,1,2,9,5.9,31.2
1477.6,13.2,3,21,2,3,5,9,3.2,24.6
1474.4,18.7,3,9,0,3,8,21,7.0,30.5
1431.8,19.3,3,11,1,1,4,7,4.4,33.1
154.1,8.8,4,10,4,1,2,3,4.4,33.3
249.8,12.5,1,3,2,4,2,22,7.3,31.9
491.5,16.2,2,17,5,1,3,23,7.0,34.3
851.7,0.5,3,5,5,4,4,23,4.6,26.3
190.6,10.8,3,5,3,1,6,5,9.4,32.4
1276.4,13.2,1,18,4,2,8,11,4.0,27.6
944.3,14.5,3,17,0,1,2,8,7.5,34.7
836.4,7.7,3,19,0,3,8,7,8.1,29.4
289.7,6.3,3,16,2,3,10,23,3.0,21.6
,,4,0,0,3,4,4,5.3,26.8
,11.4,3,10,0,3,3,16,1.2,22.5
,18.4,3,9,4,3,10,18,4.0,24.7
897.1,18.0,3,7,0,1,10,2,3.4,32.6
,7.5,1,11,1,2,2,22,7.9,29.6
479.2,5.5,3,11,5,1,9,6,3.0,25.1
588.3,15.9,4,14,1,3,9,11,1.2,28.0
637.0,14.6,4,23,1,2,4,14,1.2,33.1
1152.0,10.4,4,15,5,1,10,22,7.9,32.2
1169.9,8.1,3,22,0,4,2,25,2.3,28.2
,2.9,3,19,2,2,6,7,6.8,24.7
1415.2,15.8,2,17,3,1,8,11,2.8,31.8
225.0,12.5,4,6,0,1,1,16,3.0,32.8
1349.4,7.8,3,13,4,2,10,11,8.3,26.0
195.6,18.4,2,2,2,4,10,3,7.1,29.2
433.6,13.4,4,22,2,1,4,20,6.9,34.3
1277.4,18.6,3,4,3,2,5,15,9.4,33.8
310.3,9.8,4,5,0,2,4,4,8.8,31.9
649.7,9.4,3,22,4,3,2,16,8.6,30.1
702.3,18.8,4,2,3,3,9,23,2.2,28.2
,19.2,3,13,0,2,9,17,2.5,28.0
,19.2,3,13,5,4,6,12,9.8,32.2
1284.4,16.5,3,5,3,1,5,20,6.2,34.7
1318.1,9.5,1,9,0,2,7,7,5.9,29.2
542.0,4.6,1,18,2,1,5,3,5.6,30.3
819.7,8.0,4,17,5,2,8,13,7.6,29.3
410.2,18.8,4,14,3,2,6,7,6.4,33.0
,7.6,4,13,2,4,2,13,2.3,27.5
283.8,15.3,1,8,0,3,10,18,1.9,27.9
1413.0,18.5,2,14,0,1,5,22,3.7,30.0
1337.6,,4,0,2,3,6,15,8.8,33.4
1177.2,19.0,1,1,1,4,7,16,4.6,32.0
800.6,11.3,3,18,4,1,9,24,8.9,28.7
761.4,10.1,2,4,3,3,5,23,6.2,26.9
818.1,19.8,4,17,0,2,2,20,9.4,35.2
828.0,4.8,3,0,4,4,2,23,9.0,28.2
680.1,,2,6,6,2,7,12,4.4,24.4
241.0,19.3,3,22,6,3,5,20,6.0,27.2
232.2,13.9,1,6,6,3,6,14,7.4,30.7
1430.8,11.0,3,23,3,2,9,16,1.4,23.5
748.9,3.1,3,6,2,2,4,17,2.4,23.2
1432.1,10.5,3,15,0,4,7,2,7.6,28.9
287.2,18.9,3,16,4,4,3,1,9.2,34.2
,12.3,2,15,3,2,7,24,3.7,27.1
,8.4,1,7,4,2,1,10,4.5,30.1
417.1,11.2,4,18,2,1,3,2,8.9,32.9
93.6,17.8,3,7,1,2,3,4,3.4,30.9
222.5,18.3,3,19,4,4,2,1,9.3,33.9
1379.4,8.3,3,9,2,3,7,6,2.3,23.6
516.2,12.4,4,20,3,2,4,19,3.3,30.3
,5.9,3,23,6,4,3,21,1.3,25.6
724.3,9.3,1,18,1,3,3,2,1.8,25.8
630.7,4.8,3,11,0,2,8,14,3.3,25.6
821.2,10.9,3,10,4,1,6,17,6.9,32.2
321.5,11.8,3,9,4,1,9,22,2.8,28.4
,7.1,4,8,2,3,6,23,9.5,28.0
1236.5,5.8,3,11,4,1,7,23,4.1,29.6
,3.4,4,11,6,1,10,18,5.7,29.2
729.7,3.2,3,17,1,2,9,21,7.0,24.8
271.7,14.4,3,21,5,3,8,19,2.2,25.6
,4.8,3,21,3,3,6,20,7.2,25.8
,2.8,3,14,5,4,9,23,2.1,23.0
122.7,20.0,2,23,6,3,10,5,8.4,30.5
546.5,5.6,3,21,1,4,2,3,5.4,25.9
1202.0,18.0,1,11,0,2,8,7,1.8,30.5
952.9,12.4,2,9,0,3,1,24,7.4,28.3
1138.7,14.4,4,11,1,1,4,18,1.7,31.3
1200.8,,1,0,2,1,9,12,9.8,32.8
357.3,4.0,4,7,1,3,8,8,5.1,25.7
1389.5,17.0,3,9,5,2,7,5,4.4,29.8
685.1,16.6,3,18,5,3,7,10,3.8,28.4
976.6,7.3,4,6,2,4,2,24,5.0,28.9
53.3,15.4,3,15,4,4,8,24,8.0,29.7
,11.1,4,7,2,2,2,25,5.7,30.6
457.3,18.2,2,8,3,3,4,18,6.8,31.3
,16.2,3,1,2,4,1,15,1.5,29.6
714.5,1.3,3,12,5,1,6,3,8.7,29.7
,17.6,3,2,1,3,9,15,5.8,27.9
,19.4,3,4,6,3,9,19,5.7,29.0
,15.0,3,12,6,3,1,11,3.3,29.3
619.7,2.8,2,16,1,2,10,20,1.7,22.4
1386.7,16.2,2,9,3,2,3,15,4.0,30.5
512.8,13.1,4,6,5,3,4,23,8.4,31.5
1103.0,7.1,3,21,5,2,3,3,5.9,26.5
718.6,17.7,3,8,2,2,5,18,3.4,29.8
1006.9,11.5,3,7,3,4,1,9,6.3,30.6
,17.1,4,1,1,4,4,3,4.2,31.4
735.5,13.6,4,8,1,3,4,8,3.0,30.8
1427.6,6.1,2,5,1,1,8,20,7.7,29.0
546.9,19.5,4,8,1,3,9,5,2.5,30.0
307.0,11.6,2,4,2,1,1,17,6.3,32.5
1033.2,10.6,3,4,4,1,5,6,7.6,32.9
1276.7,8.4,4,17,6,1,10,12,1.6,30.6
108.4,3.2,2,11,4,1,10,4,7.3,27.5
702.0,13.9,2,16,3,4,6,20,1.1,26.0
1344.1,8.9,3,13,4,3,8,22,8.3,27.2
1136.9,18.7,4,12,4,3,3,14,3.5,30.2
1488.1,19.3,1,11,3,4,9,10,2.4,30.6
,15.5,3,9,0,2,1,24,2.2,27.1
,5.2,3,6,3,1,6,24,4.9,25.9
488.6,14.5,3,21,0,1,6,24,3.6,32.0
1423.9,0.9,3,9,4,1,2,20,5.2,25.0
,16.6,3,21,6,1,6,6,8.6,35.6
,10.1,3,18,5,3,10,5,1.9,25.7
634.6,18.8,3,14,5,3,7,12,3.3,28.6
864.6,7.9,4,20,3,2,2,15,2.0,29.3
1093.7,5.6,4,15,3,3,6,5,6.7,26.4
788.0,,1,19,3,1,8,4,6.6,34.3
1365.3,,3,19,1,3,6,9,8.6,28.9
658.0,17.3,3,15,6,3,2,9,7.6,31.8
,18.3,1,17,0,3,4,6,7.3,32.8
546.4,10.6,3,19,6,3,5,12,2.4,25.8
641.8,9.4,3,5,6,4,2,13,8.4,29.9
688.1,11.3,2,21,6,1,5,3,1.1,27.4
232.4,17.0,3,12,0,2,3,1,7.4,32.6
183.0,19.3,3,2,6,1,2,1,8.3,34.9
,6.9,3,3,1,4,4,20,3.0,25.0
1000.5,14.9,4,18,1,1,1,21,3.8,36.1
1011.2,6.1,2,19,4,2,8,4,3.2,22.8
78.7,12.4,3,15,2,1,1,24,8.4,33.1
523.5,16.2,3,15,6,3,2,7,4.8,30.7
336.8,17.8,3,20,3,2,4,23,4.3,30.5
1178.3,9.2,3,23,0,3,7,5,5.5,26.5
1297.9,7.7,2,19,1,4,5,21,7.6,26.8
407.7,5.4,2,3,5,4,1,9,6.9,29.8
1018.4,3.1,3,19,4,2,4,20,7.4,24.8
237.6,7.6,2,12,2,2,1,2,9.5,31.4
449.0,17.5,4,19,1,2,5,15,3.3,31.9
251.0,,3,17,4,3,3,22,2.9,24.3
461.1,6.7,1,16,1,4,9,4,6.8,27.1
1028.4,14.9,3,20,0,3,4,11,2.3,29.4
1370.0,4.7,4,3,3,3,6,23,6.8,25.9
343.7,5.5,2,20,6,4,2,24,9.6,26.6
,18.8,3,8,2,1,5,13,5.1,32.3
,2.1,1,4,4,1,9,2,2.9,27.1
1431.7,8.6,4,17,3,1,1,24,10.0,37.0
934.6,11.7,3,23,6,3,4,5,4.4,27.4
419.9,5.0,3,2,4,4,4,11,2.0,22.7
,6.0,3,23,3,1,5,21,4.7,28.2
,4.8,3,8,1,3,5,3,1.8,24.5
1465.4,7.2,3,23,6,4,10,12,1.7,23.8
629.5,18.0,1,1,0,4,2,16,1.4,31.1
1043.9,8.9,2,14,3,4,3,2,5.1,25.9
83.7,8.6,2,12,1,2,5,13,5.1,25.4
630.1,8.0,3,19,3,3,7,2,7.6,26.8
,19.3,4,11,6,3,1,17,5.9,35.1
934.8,2.8,1,1,0,2,8,23,8.7,25.8
693.7,17.5,4,4,0,3,6,6,8.9,33.8
,6.9,4,6,5,3,3,7,2.5,27.7
1288.3,19.2,1,20,4,4,4,4,1.4,29.5
,6.6,1,2,2,3,1,11,7.4,28.1
839.6,2.1,3,20,1,3,7,1,1.1,21.6
760.2,10.6,1,12,4,2,8,23,4.5,26.9
966.7,4.9,3,13,1,2,10,3,1.5,23.8
534.5,15.2,3,23,4,4,3,17,5.1,29.3
,13.3,3,18,2,4,3,9,5.0,30.5
1373.4,13.9,3,15,5,3,4,20,8.6,29.2
1389.6,4.3,2,19,4,3,2,2,6.8,26.8
,14.3,4,11,4,2,5,12,4.6,32.3
1468.4,6.6,3,22,0,2,2,3,5.6,27.8
,20.0,2,19,4,3,1,18,5.9,30.9
1158.8,14.8,3,23,4,1,4,5,3.0,31.2
1155.8,12.0,2,13,3,1,9,15,8.0,32.0
746.9,17.4,4,15,4,3,10,11,5.2,30.6
711.9,12.0,3,10,4,3,9,5,6.7,24.6
398.3,11.3,4,22,1,4,10,5,1.3,26.5
985.0,5.1,4,15,3,2,9,15,2.0,24.6
469.5,,3,3,0,1,7,6,6.3,32.3
423.8,7.8,3,12,5,3,2,24,7.7,25.2
899.6,1.3,3,3,1,2,9,20,3.9,22.7
644.5,16.4,1,15,5,1,10,9,9.5,35.1
367.3,,4,16,4,3,5,10,8.6,28.7
1233.3,,3,19,3,3,7,13,5.7,27.4
1297.8,3.6,4,3,3,1,4,21,6.8,29.2
,,3,11,1,3,6,11,6.3,26.2
,17.3,1,8,4,3,1,11,3.8,32.7
537.4,2.3,3,9,2,3,8,18,1.6,20.3
1206.4,13.5,2,22,5,3,6,7,8.2,31.9
1266.8,12.4,2,13,5,2,8,16,5.1,28.3
250.6,17.4,3,10,6,2,4,10,8.6,32.1
1172.8,3.9,1,21,6,3,5,12,4.4,25.6
,16.1,4,12,5,1,2,20,1.1,33.7
615.6,9.3,3,10,1,3,6,2,2.1,24.2
1498.0,8.9,3,12,1,4,10,17,2.4,23.6
329.3,7.6,2,20,6,1,6,7,7.6,32.8
,8.0,1,10,6,1,9,1,1.3,29.7
,10.6,3,14,1,1,1,8,8.4,32.8
948.5,,2,4,4,3,8,20,7.2,22.9
1402.7,8.8,3,0,6,2,1,19,3.9,25.6
1472.2,13.2,3,1,5,3,5,7,5.7,30.8
,10.2,2,11,6,4,5,10,9.4,31.1
250.1,3.7,3,17,2,4,5,22,1.6,24.7
1196.6,7.6,2,5,3,2,6,10,4.3,25.5
442.4,,2,22,4,1,8,7,4.5,28.0
1333.0,13.5,3,3,6,3,8,12,9.7,28.1
1012.0,,1,16,6,1,1,20,9.8,33.5
212.2,11.2,2,5,3,3,8,11,8.6,26.8
1257.2,13.7,3,1,5,2,4,13,4.4,29.2
305.7,2.0,3,17,2,2,6,18,9.0,26.5
664.1,19.1,4,12,4,1,10,22,5.4,33.3
850.7,6.6,4,15,5,1,3,17,6.8,33.4
776.1,7.4,3,22,6,1,7,11,9.4,29.9
,4.8,3,12,0,2,7,20,3.2,24.8
996.4,2.2,3,20,0,2,6,20,8.7,26.9
1488.5,15.9,1,11,1,2,3,6,4.6,32.4
1499.2,5.2,4,8,0,1,8,18,8.8,31.7
798.9,6.0,3,9,1,1,9,19,5.9,26.6
188.0,4.0,2,8,6,3,10,8,3.2,20.7
1105.4,19.5,3,21,4,4,5,8,7.9,29.9
1466.2,15.7,3,12,0,3,2,17,2.0,28.6
511.6,18.6,3,22,4,4,9,1,2.3,26.4
718.8,17.3,1,6,6,3,7,8,2.3,28.3
665.9,18.2,4,18,5,1,2,16,8.6,38.2
,9.8,1,2,5,3,8,12,8.8,27.4
1024.8,3.8,4,6,6,1,8,1,6.2,30.3
562.3,6.9,3,0,5,4,9,4,3.5,25.2
1191.8,6.2,4,21,6,3,5,3,4.5,27.5
,14.5,4,7,5,4,5,14,2.7,30.9
1240.8,1.0,3,19,4,4,2,2,1.0,23.1
,3.3,4,10,1,3,5,20,8.6,27.8
516.2,13.8,1,2,6,4,6,16,2.8,27.4
1135.8,2.9,1,8,0,3,9,13,1.7,22.2
1212.0,1.4,3,8,1,4,3,6,2.2,24.0
762.3,2.6,3,12,5,1,1,5,9.3,30.0
1344.9,14.0,1,7,5,2,3,21,4.3,30.5
258.7,3.2,3,16,6,4,3,16,6.8,23.5
1324.6,3.4,4,17,0,4,5,9,1.3,27.3
,5.0,4,3,5,4,8,6,5.8,26.3
272.6,15.1,2,12,0,2,4,9,7.7,32.3
824.1,4.4,3,13,4,3,4,8,1.6,24.1
,1.2,2,6,1,1,4,13,3.7,27.8
,18.2,2,18,3,1,10,7,3.9,29.7
50.8,17.6,4,5,0,3,4,20,9.0,33.4
682.7,4.1,4,20,0,2,8,2,7.0,28.8
,5.7,2,10,6,3,1,18,8.8,28.4
100.5,4.2,2,8,3,1,2,1,4.4,30.0
995.8,14.5,3,15,3,4,4,6,6.3,31.1
1243.5,5.4,3,14,2,1,6,24,5.7,28.6
293.6,18.7,1,12,6,3,4,20,3.5,30.6
,16.6,1,16,5,3,3,25,4.8,30.8
1298.2,12.0,3,6,3,4,6,13,3.2,27.0
1243.5,0.7,2,19,0,2,3,4,1.1,24.6
831.5,17.7,4,14,4,2,5,25,9.7,34.5
1237.8,14.7,3,5,1,3,2,20,9.6,29.0
184.5,15.9,3,23,2,2,2,13,8.4,33.6
622.0,1.9,3,20,4,3,10,20,2.6,21.2
1119.8,14.3,4,4,6,4,6,8,1.2,29.3
423.3,16.2,2,18,1,4,4,20,2.8,28.7
1140.9,19.2,4,12,0,2,1,20,8.8,37.8
781.1,11.8,1,18,2,3,8,4,2.4,26.6
1137.9,10.4,4,9,4,1,4,1,3.1,34.3
,8.8,1,5,4,1,5,22,7.2,32.1
583.5,,4,5,6,2,7,19,5.3,30.3
,18.5,1,1,1,1,1,8,6.9,34.9
352.2,12.2,4,21,5,4,7,14,6.1,30.8
1139.7,4.9,3,7,5,2,10,1,6.2,26.9
222.4,,1,22,5,4,2,5,8.9,27.9
174.7,12.6,3,5,6,2,10,3,3.0,26.7
305.6,17.4,1,8,2,4,4,1,2.3,32.5
304.3,1.8,3,21,2,1,1,4,4.6,26.3
1243.5,8.3,2,8,3,3,5,2,5.8,27.2
627.8,18.8,3,18,2,2,3,24,5.4,31.6
1486.1,10.3,4,2,0,4,5,3,5.9,31.4
249.0,4.8,3,22,2,1,2,4,5.4,27.6
,,3,14,2,1,7,13,5.7,27.9
700.7,8.5,4,18,5,4,4,16,9.4,29.3
619.7,2.8,3,0,0,3,8,18,1.4,19.5
,13.4,2,23,5,3,3,3,9.5,31.9
1464.6,12.0,3,11,5,3,1,4,6.3,29.0
,13.1,2,5,0,2,4,1,1.4,28.5
328.8,12.4,3,3,6,4,8,4,1.5,26.9
370.2,0.8,2,2,5,3,10,5,6.1,21.3
1001.3,3.9,4,16,4,1,9,21,7.2,30.1
469.2,3.7,3,5,5,2,1,15,5.7,24.8
1115.4,2.4,3,22,5,4,10,6,5.0,23.9
,14.8,1,5,2,2,4,3,3.5,30.8
,2.8,1,2,3,3,1,21,6.5,26.5
1251.4,13.5,3,20,4,1,3,18,9.1,31.6
1080.3,4.0,3,18,1,1,9,3,4.8,25.2
88.5,2.8,4,12,0,1,6,14,7.3,33.8
121.7,3.7,3,19,5,3,2,21,1.2,23.7
922.3,10.4,2,17,1,3,8,7,5.0,25.6
755.0,13.1,3,4,2,1,4,19,7.9,33.7
427.3,,3,9,0,4,2,10,8.6,34.3
657.1,3.0,1,22,3,3,4,4,5.8,27.7
1149.0,12.5,3,16,3,2,8,8,6.1,28.0
1248.6,,2,14,6,2,3,9,2.2,28.4
863.8,6.6,2,4,3,3,2,1,3.7,27.0
,2.1,1,12,2,4,3,9,7.0,27.4
442.5,3.5,3,3,5,1,8,25,7.9,29.2
806.8,2.3,3,16,2,3,2,4,1.7,23.5
506.4,17.8,2,5,0,3,5,1,9.6,32.9
867.9,7.8,3,6,0,4,7,10,9.6,29.8
1031.1,10.7,3,13,5,2,1,25,2.7,25.7
145.8,15.5,3,0,4,2,6,17,1.4,27.3
51.5,7.7,1,16,1,4,8,13,4.1,27.9
357.8,13.2,2,10,1,4,7,19,9.6,29.1
1347.0,2.0,2,12,5,4,2,1,5.0,25.4
987.1,9.9,4,17,4,4,6,6,3.8,30.8
299.3,2.4,4,18,3,1,10,22,9.1,31.8
1340.9,5.3,1,22,2,3,3,19,2.2,20.8
731.4,6.2,3,4,2,3,2,12,9.5,29.8
740.3,14.5,2,10,5,2,6,7,8.3,27.9
1406.5,13.6,1,2,1,2,5,6,4.5,29.9
136.3,15.1,2,6,6,4,7,2,8.1,29.0
,1.7,1,13,1,1,7,23,7.8,28.0
899.4,19.9,2,3,1,4,1,5,6.2,33.2
,,2,10,2,2,8,21,8.0,25.5
1035.3,16.6,3,22,5,4,10,9,5.5,30.4
360.4,14.9,3,1,0,3,2,23,8.6,28.9
193.8,12.0,3,5,1,1,6,1,8.1,33.8
350.1,9.1,3,6,2,1,4,13,9.2,31.7
,15.3,3,21,0,4,7,3,8.2,30.4
305.4,14.9,3,17,2,4,6,1,9.3,33.6
245.3,3.2,4,4,2,1,6,9,2.6,29.8
1297.4,16.0,1,16,4,3,2,16,3.5,27.8
,2.0,3,0,2,3,7,24,5.1,22.6
,,2,19,3,1,7,4,3.2,28.0
130.1,13.1,3,5,6,3,7,16,9.1,28.4
,16.5,3,17,3,1,2,21,2.6,31.5
434.0,9.5,3,11,5,2,8,24,5.1,26.6
935.2,5.1,4,17,1,1,3,7,5.7,30.4
347.8,10.1,3,8,6,1,2,1,8.9,33.1
1338.1,5.4,2,12,3,4,4,24,3.3,24.4
1398.0,10.8,3,21,0,3,2,22,9.7,30.1
194.8,9.5,2,19,6,3,4,7,3.6,26.1
205.7,15.7,3,13,4,2,3,4,2.5,30.3
217.2,5.2,4,22,2,1,1,14,3.3,31.4
948.4,4.4,3,2,4,3,10,6,8.9,26.0
226.9,,3,16,6,1,7,15,2.4,28.2
,1.5,1,15,0,1,4,3,1.3,25.7
1143.7,5.0,1,6,0,2,4,24,3.6,25.6
,7.4,4,9,5,2,4,11,5.9,29.1
,10.0,2,9,2,1,8,4,4.2,30.0
1495.2,5.8,2,16,5,3,3,6,2.4,25.6
114.1,11.4,3,14,5,2,1,17,4.3,28.6
631.8,17.6,3,18,6,4,5,19,7.2,31.2
,11.1,1,15,5,1,3,3,4.9,30.6
1425.5,6.1,2,23,6,2,10,19,6.2,24.5
886.4,1.7,3,19,4,4,4,24,9.5,23.7
1219.0,3.2,3,13,0,2,7,8,7.7,27.0
297.0,11.4,3,0,1,1,4,16,8.2,34.9
1469.0,13.8,2,8,6,4,2,20,3.6,28.1
773.0,1.5,4,3,2,2,4,24,5.6,27.4
765.8,4.1,2,10,6,4,9,5,4.1,24.6
,6.7,2,23,6,4,1,23,5.4,26.0
602.1,6.7,4,9,4,3,10,2,2.0,25.1
626.4,,4,19,0,4,1,14,5.7,35.3
897.9,4.5,2,10,1,3,8,5,5.7,24.5
,1.7,3,13,5,3,7,3,6.2,24.0
,7.4,4,0,2,2,6,7,3.1,27.7
330.2,3.1,1,16,2,1,1,4,3.0,28.3
199.8,3.0,2,5,0,3,7,2,4.3,24.3
,8.4,3,11,3,4,1,8,5.8,30.8
904.5,6.5,4,23,0,4,8,3,4.0,25.3
570.1,2.3,3,5,0,4,8,10,7.4,22.6
642.6,12.3,3,22,6,4,9,8,6.3,26.5
675.7,10.3,4,19,5,3,4,14,2.0,27.3
968.1,2.0,1,1,6,1,7,22,3.0,26.1
1393.8,17.3,3,8,6,1,2,4,6.4,34.6
1402.5,6.1,1,23,6,2,6,22,5.8,27.1
617.7,19.2,3,10,2,4,8,14,4.1,29.1
527.4,18.7,3,19,1,4,2,25,2.5,31.2
704.0,9.0,2,22,4,3,9,11,9.3,26.0
873.5,,3,0,4,4,4,3,5.0,27.5
719.6,16.8,4,17,3,2,10,6,2.9,32.5
1005.2,7.5,3,21,3,3,1,1,7.5,26.8
853.9,3.7,1,13,1,1,3,22,3.3,26.0
515.0,11.3,1,23,3,1,8,15,3.4,30.1
551.3,10.0,3,16,6,3,2,23,8.4,29.5
599.0,17.1,3,15,2,3,10,16,9.2,29.5
187.2,14.7,3,2,3,3,10,24,5.2,23.7
290.8,17.6,2,18,6,2,1,6,6.7,30.4
1098.5,14.8,3,20,5,3,9,9,4.2,26.1
614.2,13.0,2,7,5,2,5,20,6.7,29.6
361.1,10.3,1,3,0,2,9,21,7.6,28.1
865.9,19.8,3,13,5,2,8,24,7.5,31.1
,19.2,3,22,0,2,4,23,1.4,29.0
423.3,17.1,4,17,0,2,1,9,1.9,33.4
1248.8,15.6,3,19,2,1,4,17,7.4,31.9
,11.8,2,13,2,3,5,24,5.8,27.2
916.2,5.6,4,10,0,2,6,7,9.5,32.4
1020.0,17.6,2,7,4,1,8,3,1.9,29.6
126.2,0.7,4,19,6,4,9,13,9.9,27.2
1421.0,4.9,2,15,4,3,3,12,2.2,24.0
619.1,8.4,4,17,6,1,2,18,1.3,29.5
1389.7,11.9,4,20,6,1,7,5,9.1,33.5
889.5,11.4,4,23,5,1,8,12,5.5,31.9
56.7,3.9,1,20,1,2,7,15,3.6,24.9
105.9,2.5,4,10,4,1,7,15,6.1,30.6
1036.6,4.8,3,3,0,4,8,2,4.4,23.8
,7.3,2,13,5,2,5,3,9.9,29.4
88.5,0.8,3,10,6,3,3,13,8.0,26.8
,14.0,3,22,0,1,8,10,6.9,33.0
1285.6,5.3,4,0,3,1,2,5,3.9,31.4
769.8,7.4,3,20,0,2,1,21,1.2,25.8
,7.0,3,15,3,3,1,11,8.2,27.2
57.9,10.5,3,1,3,4,4,15,1.4,26.4
,17.3,2,5,6,1,5,18,2.0,32.7
,3.4,3,1,1,2,6,19,6.3,26.8
1324.2,7.1,3,22,5,2,2,9,7.8,28.9
590.9,14.0,3,15,4,2,5,1,4.7,29.6
869.4,1.4,3,14,5,2,7,14,6.3,23.6
,,3,12,6,4,3,6,9.8,32.0
282.9,,3,9,1,4,6,25,3.5,28.8
1173.6,12.3,3,4,0,2,3,23,1.4,27.0
770.1,19.2,1,17,4,1,9,22,3.0,32.7
827.9,8.6,4,3,0,2,5,20,5.0,29.1
1449.9,8.6,4,4,3,4,9,25,8.0,29.8
1447.2,2.6,4,23,3,4,4,24,4.8,24.1
,1.2,4,2,4,3,4,5,6.3,27.4
322.0,,3,22,0,3,8,16,6.1,23.6
911.7,9.8,3,2,4,2,3,13,5.4,26.7
1323.3,10.4,4,11,5,2,8,1,2.4,28.9
593.0,4.7,2,13,0,4,1,20,1.6,26.6
196.6,12.4,4,2,2,1,9,3,2.8,31.4
1225.9,4.0,2,21,2,2,8,24,3.4,24.3
748.6,6.9,4,22,2,4,6,18,2.7,26.7
868.4,4.3,3,5,3,3,5,7,2.7,26.0
1474.1,14.1,4,5,0,1,4,1,6.5,33.6
930.5,10.6,3,18,3,4,4,25,5.1,27.4
666.2,14.9,3,8,0,1,4,21,3.3,31.7
,1.6,4,0,0,2,8,12,3.1,25.2
655.5,8.8,3,18,3,4,3,21,2.3,27.6
,,2,8,6,1,3,20,7.2,32.2
1202.4,1.5,1,9,4,1,4,16,5.3,28.4
1264.7,8.7,3,15,2,4,5,13,7.0,27.7
462.4,1.3,3,13,2,3,3,2,4.4,24.0
490.5,3.4,3,19,3,1,5,8,1.8,24.4
,9.5,1,19,0,2,9,8,8.4,28.9
84.8,3.6,1,22,4,4,3,3,1.4,25.2
,10.6,4,22,0,3,2,18,4.3,29.8
722.3,18.5,3,15,5,2,8,5,6.3,31.8
1050.7,4.4,1,13,2,1,3,7,7.0,31.2
286.9,2.6,1,11,2,2,8,17,5.3,25.7
1019.1,16.6,2,15,3,2,10,13,8.2,31.4
596.3,9.5,4,1,0,2,6,14,5.3,31.0
947.1,17.7,3,9,1,1,6,22,8.5,30.9
108.1,6.5,3,6,1,2,7,11,3.2,25.8
719.5,12.7,3,13,5,1,2,16,5.3,32.8
807.3,18.5,4,22,1,4,1,16,1.3,31.9
,3.8,2,11,0,2,2,4,6.2,26.6
,16.1,2,13,1,1,5,13,4.6,30.6
323.3,12.8,3,9,2,2,9,14,7.1,25.9
549.0,16.4,4,8,4,3,7,4,7.7,33.3
190.4,,3,16,2,3,9,4,4.9,24.3
1423.6,9.0,3,5,3,2,4,7,6.5,28.3
637.2,3.0,4,21,3,3,9,11,7.6,27.6
1223.0,19.2,2,2,1,1,8,11,8.5,35.4
1462.9,1.7,3,5,0,1,2,6,1.9,24.6
167.1,1.8,3,18,4,2,6,10,5.9,25.2
994.9,18.0,4,1,6,3,7,8,9.3,33.2
1313.5,6.4,2,9,0,3,4,23,3.6,24.9
969.6,12.1,3,9,6,2,8,17,6.7,28.2
672.1,6.1,4,22,6,3,5,24,3.5,27.3
675.1,13.2,3,3,5,1,8,17,8.2,29.7
102.1,4.3,3,10,3,2,8,14,7.7,27.5
825.2,9.4,2,11,2,3,3,13,9.5,28.5
1490.6,10.9,2,19,4,4,1,7,7.3,30.2
1440.1,7.0,3,12,0,1,9,5,5.4,26.1
,5.4,2,3,2,2,9,20,5.9,24.7
1073.4,3.2,4,20,2,4,10,10,8.0,27.7
487.6,,3,3,3,4,1,5,7.6,31.7
1359.3,3.8,4,16,1,2,7,11,2.1,25.0
115.4,6.2,2,6,2,1,2,13,3.7,27.4
1407.0,7.1,2,2,5,3,5,17,7.1,27.1
1264.3,9.4,3,4,6,3,9,25,1.9,21.0
,14.2,2,22,5,2,3,25,6.9,31.0
136.7,8.8,1,23,0,2,4,22,8.8,32.1
1260.3,17.5,3,14,4,3,5,21,4.3,31.1
275.8,13.8,2,19,3,3,5,24,3.0,25.1
825.6,16.9,1,21,3,2,1,18,8.7,34.7
1377.8,14.5,2,8,5,4,4,3,5.3,29.2
872.8,3.4,4,18,2,4,9,6,8.5,30.0
626.0,19.6,1,12,3,3,1,12,1.7,31.1
,15.8,3,4,6,4,4,20,2.9,28.1
141.5,11.7,3,12,3,2,7,20,1.0,24.1
1454.7,3.7,3,1,3,1,4,22,5.0,27.3
500.4,3.9,3,14,6,3,7,4,8.9,25.2
,12.5,1,6,0,3,3,15,6.8,29.9
464.8,8.6,1,2,2,2,2,20,1.2,26.9
1448.3,13.7,3,16,3,2,10,10,1.2,24.8
186.7,,4,8,0,1,8,9,7.5,31.4
1307.6,10.5,3,10,3,1,3,17,1.8,29.7
1076.4,4.2,3,2,6,3,1,23,3.0,25.1
1253.5,3.5,4,1,5,1,5,12,7.3,30.4
,2.0,3,22,0,4,8,11,3.2,22.9
1271.1,16.5,3,14,6,2,7,2,5.4,28.8
1417.9,11.3,3,9,5,1,8,7,4.6,32.7
234.1,19.0,4,15,6,3,6,2,4.1,30.7
1203.9,15.1,3,17,0,3,10,23,3.3,25.8
841.2,15.5,3,2,6,1,2,22,4.7,32.8
,10.4,3,22,0,4,9,18,2.6,24.2
1353.4,16.4,3,15,0,3,10,6,9.6,28.8
1459.1,,4,7,2,3,9,12,3.8,30.0
1072.0,14.6,4,6,5,1,3,1,7.6,35.4
750.3,2.6,3,2,6,2,10,25,3.6,22.4
711.8,,2,6,4,4,10,2,3.4,25.7
610.2,2.8,3,8,0,1,9,16,5.3,26.5
574.3,2.0,2,5,6,4,4,13,7.6,23.8
617.7,14.0,3,16,1,1,8,15,1.0,27.4
180.1,16.8,1,6,5,3,9,3,2.5,27.5
162.3,3.6,4,11,1,2,2,10,8.0,31.5
,1.9,4,13,3,1,3,21,4.2,27.3
696.8,17.8,1,1,0,3,8,21,8.7,32.3
,3.1,3,4,6,2,9,11,2.2,23.3
,1.2,4,1,0,2,7,15,8.3,25.7
101.0,14.6,1,16,6,1,6,21,6.6,33.6
278.4,17.0,2,16,6,2,10,16,2.5,25.9
348.4,10.5,3,3,1,1,4,11,1.1,29.3
1464.8,11.0,4,17,4,3,8,24,8.9,30.7
367.1,7.1,3,19,2,1,10,25,3.6,27.2
797.8,5.2,1,2,2,1,3,7,3.2,28.8
1407.5,15.2,2,2,2,3,1,2,2.7,29.6
1466.9,17.1,3,19,1,3,2,20,4.2,31.0
392.7,6.8,1,7,6,2,7,3,5.7,27.4
,5.8,3,8,0,3,3,21,5.3,25.2
272.7,5.7,1,14,2,4,8,20,8.7,28.7
141.8,1.5,3,1,2,3,5,2,2.8,19.4
332.9,6.0,3,10,2,4,9,14,7.7,25.0
,1.0,4,8,2,2,7,19,9.2,29.3
1373.1,15.9,2,19,4,2,6,3,1.3,28.0
829.0,5.5,3,17,6,2,3,21,7.8,27.3
,14.0,3,6,4,2,4,3,3.5,27.7
342.7,11.1,3,15,1,3,3,14,5.0,27.5
1210.8,16.8,1,9,6,1,1,1,1.5,32.9
945.8,19.2,1,11,2,4,4,3,3.6,29.8
1303.0,,3,17,2,1,10,19,2.0,27.5
1425.8,2.2,3,6,4,3,9,2,3.1,21.2
554.5,15.1,4,13,6,2,3,23,1.3,29.8
181.3,,4,10,2,3,4,1,9.4,26.6
377.6,4.8,3,15,1,1,8,16,9.1,28.5
684.9,1.5,4,9,5,1,1,10,6.9,33.0
1421.3,18.0,3,22,3,2,8,16,3.9,29.8
598.5,0.6,1,9,5,4,6,16,9.5,27.3
1167.6,10.1,1,2,3,2,8,17,9.7,29.3
833.7,8.8,4,11,0,2,1,15,8.2,32.3
315.1,13.2,3,5,2,1,10,24,7.1,30.8
,6.2,4,10,5,1,7,13,4.0,28.3
997.1,17.5,1,22,6,4,2,22,8.9,34.1
1025.6,,2,2,2,1,9,11,5.5,31.7
680.4,8.9,3,1,4,4,1,16,6.7,29.0
381.5,7.5,4,6,0,4,2,18,2.6,28.6
,16.4,4,10,1,4,8,10,1.2,28.7
294.9,15.3,1,3,4,3,9,23,9.9,30.7
1408.2,8.3,3,16,0,3,1,7,6.6,30.1
322.5,7.2,3,14,5,4,7,21,7.2,28.4
205.6,1.3,4,16,6,3,9,5,1.5,22.6
,2.1,2,10,0,3,1,18,4.8,24.2
803.3,1.6,3,22,4,2,1,21,3.6,26.4
786.9,1.0,1,16,2,4,3,8,8.5,28.8
683.2,3.5,3,22,4,2,3,7,5.4,26.9
1492.5,17.2,1,2,6,3,3,24,4.5,27.9
755.1,16.1,4,16,0,1,8,16,2.3,33.3
743.0,17.0,1,8,4,3,3,22,4.5,29.8
,12.7,3,4,1,1,6,24,4.3,30.1
,12.7,3,4,3,1,4,24,8.1,31.5
909.8,2.9,2,4,3,2,4,21,8.6,28.8
380.6,14.1,2,2,3,3,10,16,4.4,24.8
974.5,6.0,3,10,5,4,4,24,4.7,28.1
123.7,10.6,3,18,4,3,3,9,9.8,29.9
1473.0,19.1,3,11,2,3,3,14,4.4,29.7
,17.5,3,3,4,1,10,12,6.7,30.9
1350.3,5.0,2,16,4,1,9,9,2.2,25.2
739.6,14.9,4,4,0,1,6,9,4.9,33.8
,2.5,2,20,4,1,6,25,3.2,25.8
1242.2,1.0,3,8,2,2,6,9,3.2,23.9
989.9,1.0,4,0,1,3,6,3,3.1,24.7
1183.5,3.8,4,7,3,1,7,11,5.3,30.6
670.8,14.1,2,19,3,2,1,10,3.6,31.0
975.0,7.6,2,22,5,3,9,24,8.4,27.0
1291.5,0.8,3,10,3,1,8,20,5.0,26.3
965.0,19.8,2,23,5,3,10,13,1.5,27.3
554.1,10.9,3,5,1,2,5,21,4.9,26.2
,8.2,3,10,4,4,1,11,1.9,26.8
1024.2,10.6,2,11,6,2,4,6,2.3,25.6
,10.6,3,4,4,3,4,16,2.2,26.7
587.8,9.7,3,9,4,4,7,16,8.1,28.6
666.4,,3,11,2,3,2,8,4.9,29.8
1227.6,17.8,3,16,4,3,1,5,1.0,30.1
,6.4,1,11,5,3,2,1,5.6,28.6
1118.0,10.0,3,2,6,2,7,10,2.8,25.1
716.6,0.6,3,11,6,3,2,19,7.5,22.4
362.5,17.3,3,20,2,2,7,21,9.5,32.0
1130.5,6.5,4,0,5,2,8,9,2.5,26.6
240.2,5.8,4,23,2,4,6,17,3.5,28.3
337.9,20.0,3,3,6,2,1,6,7.4,34.5
958.9,11.9,4,0,0,3,2,5,6.7,32.4
1133.5,2.9,2,3,6,1,9,14,8.5,28.3
1347.3,5.7,3,6,1,2,7,8,6.8,24.5
,7.4,3,8,1,3,8,5,2.7,25.4
210.6,19.7,3,19,3,3,10,7,8.5,28.9
1436.3,8.9,3,13,3,2,5,7,2.4,25.3
273.9,5.0,2,15,1,1,9,8,1.8,25.2
336.6,11.6,4,21,3,3,5,13,9.5,31.8
472.4,8.4,4,3,5,2,10,22,6.3,27.8
817.6,1.6,4,5,3,4,7,25,4.0,24.8
1330.1,17.3,3,23,4,1,3,15,3.3,33.2
1152.8,0.8,4,18,5,3,1,7,1.8,24.0
1076.8,18.0,3,1,1,2,10,5,6.0,29.1
304.0,15.9,3,5,2,2,4,12,8.8,29.3
568.6,2.0,3,8,6,3,9,17,7.1,22.1
743.7,14.6,4,0,1,3,2,14,7.9,31.0
263.8,15.5,3,13,1,1,5,4,6.4,33.8
446.5,12.2,3,15,1,3,2,18,1.1,26.2
497.1,11.8,4,8,5,1,2,8,5.0,33.2
234.6,1.5,2,5,1,4,6,14,1.3,18.5
847.8,1.7,3,10,2,1,5,22,1.7,23.2
1072.3,14.7,2,22,2,4,3,19,2.6,27.0
151.4,2.6,3,17,0,2,4,14,9.0,26.7
747.6,5.2,2,22,0,2,4,22,2.9,25.6
1184.2,10.2,2,13,2,1,3,6,5.1,29.3
1134.6,3.7,3,2,0,4,8,8,8.9,24.9
1231.9,15.9,1,1,6,3,3,7,7.1,29.6
699.9,16.2,1,4,3,1,7,21,2.2,31.0
1239.8,16.9,3,12,0,1,8,21,5.2,28.7
399.1,1.5,2,5,4,2,4,7,7.9,24.4
573.2,8.8,1,7,5,2,1,5,5.0,30.3
,,1,21,4,1,1,21,3.0,35.3
727.9,7.6,2,1,3,2,6,12,6.8,27.4
618.5,14.1,1,1,0,2,1,16,4.7,30.7
399.3,12.0,4,9,5,4,2,5,5.6,34.8
1140.1,7.3,3,18,6,2,5,15,2.1,24.4
505.1,5.9,3,19,2,1,3,18,9.1,30.4
,13.2,3,6,0,1,5,12,9.3,32.6
239.8,3.1,1,6,1,4,8,21,3.7,26.2
686.3,17.3,3,13,4,1,8,14,3.6,31.5
489.3,,4,20,4,1,4,14,2.5,32.7
585.4,2.7,1,4,6,1,1,6,6.3,31.1
392.2,14.2,2,21,2,1,2,17,2.8,30.5
1156.6,8.9,3,19,6,4,9,13,6.5,26.3
1398.5,4.5,2,6,1,4,1,17,9.5,27.7
772.0,19.2,1,16,3,3,3,16,2.6,29.7
982.3,14.5,3,15,4,1,10,10,3.0,29.5
1307.4,12.1,3,0,1,3,4,10,1.8,25.8
1498.3,17.1,2,9,2,4,1,8,3.8,31.7
939.6,,4,5,5,4,9,10,8.9,31.6
1340.2,9.1,1,1,4,3,8,22,1.1,24.4
1367.5,4.2,2,11,4,3,9,9,6.7,23.2
1197.6,,3,16,4,2,7,4,4.5,23.2
718.4,8.9,3,12,5,1,6,21,3.9,27.1
,9.4,3,2,6,4,8,6,2.5,26.7
72.9,14.8,3,19,2,4,1,10,8.5,30.2
741.9,9.1,3,1,2,3,2,6,8.4,29.3
766.8,12.1,4,9,6,2,6,15,1.4,28.8
640.7,16.7,3,13,3,4,5,7,6.2,29.8
,19.9,3,22,6,2,8,25,4.7,29.4
850.6,6.8,3,18,6,2,10,11,1.1,23.2
1263.1,18.1,2,4,5,4,3,1,3.7,29.4
207.6,16.2,3,10,5,4,4,14,2.7,27.8
376.5,1.8,2,20,6,1,2,6,7.9,29.6
1199.9,7.0,3,5,1,2,9,9,5.0,25.3
1279.4,4.8,3,21,3,2,5,24,8.2,25.1
1492.5,13.5,3,12,3,1,4,5,9.7,34.2
1315.7,,1,15,1,4,8,18,4.6,27.9
,10.1,3,15,3,4,5,18,6.0,28.9
505.8,15.4,4,23,4,3,6,10,9.8,33.0
632.4,7.0,4,16,3,3,9,12,2.5,24.9
438.7,8.0,3,9,4,2,3,3,1.5,26.9
,17.4,1,14,0,4,7,12,5.2,32.0
1411.3,19.5,3,16,3,4,9,13,5.4,28.0
549.7,15.6,3,14,6,3,9,15,9.4,28.6
857.7,4.7,1,0,1,4,9,20,5.1,22.8
479.6,2.7,4,21,3,1,3,24,5.0,28.8
296.2,4.6,3,6,4,4,7,11,5.5,27.0
333.0,8.7,3,15,4,2,6,23,5.0,24.9
134.0,5.1,3,13,1,1,1,22,9.1,31.6
1426.5,18.1,1,2,0,4,6,8,6.6,32.6
,13.6,3,21,5,4,3,8,8.2,30.3
1259.5,8.6,3,1,3,1,6,14,2.4,27.2
1037.9,5.8,2,22,6,3,7,13,8.9,27.9
,7.9,3,22,6,4,7,10,9.7,29.6
304.4,9.8,3,13,1,3,8,3,9.6,30.8
1227.4,14.4,3,22,2,2,6,20,9.8,27.7
433.8,2.2,4,20,5,1,5,14,7.3,31.4
1374.3,17.1,3,21,2,2,10,5,7.0,26.8
253.1,3.0,3,19,1,3,4,22,1.6,22.1
1032.7,5.6,4,22,1,4,3,24,3.5,27.5
1231.0,,3,18,3,1,9,4,8.1,32.7
391.1,4.2,3,21,2,1,10,14,4.2,25.2
450.5,2.5,4,2,6,4,4,16,6.6,27.9
1448.6,12.9,3,10,6,4,9,6,6.3,28.6
433.7,8.2,4,11,0,3,10,8,6.2,26.2
673.4,,3,21,6,2,9,10,4.3,22.4
677.1,0.6,3,11,0,3,6,9,9.0,25.6
416.9,2.0,1,10,5,1,8,17,3.2,27.2
1174.9,10.7,2,18,6,1,7,1,7.9,34.6
1169.2,5.0,3,15,2,3,1,17,1.2,24.0
,15.7,2,14,1,2,2,14,8.5,32.7
1260.9,17.2,3,21,0,1,10,19,7.8,31.8
359.0,3.3,2,19,2,3,3,25,9.8,28.2
56.2,7.1,1,17,6,3,2,11,2.1,25.0
878.2,3.4,3,22,3,4,10,4,8.2,25.4
1491.4,6.1,3,1,2,3,4,11,3.8,25.1
,5.2,2,13,0,3,8,6,3.2,23.7
351.6,15.8,3,0,4,3,8,13,2.8,27.5
802.4,7.2,1,19,1,1,5,6,7.5,31.4
1224.4,10.2,1,3,4,2,7,1,9.5,31.8
179.1,13.6,4,13,5,2,6,15,6.9,30.0
623.1,16.5,4,18,5,3,5,9,3.4,30.8
1133.3,6.4,3,15,3,2,1,5,4.6,25.2
588.7,4.6,3,1,4,3,2,1,3.2,24.7
323.8,19.6,4,11,2,3,8,24,1.6,32.2
333.5,6.7,3,18,4,2,9,21,7.9,26.5
644.6,13.6,1,23,4,2,1,18,1.9,28.7
745.2,13.7,1,21,1,3,4,10,6.8,30.8
1299.6,10.5,1,19,2,1,4,16,4.9,31.3
981.3,5.0,3,7,5,2,1,14,1.7,23.8
1051.1,,3,18,3,1,5,1,3.7,25.1
1475.3,10.0,2,4,1,2,10,23,1.7,23.8
647.2,10.5,2,7,6,3,7,12,6.7,26.6
634.9,15.6,1,6,6,1,10,12,7.0,32.3
1388.9,14.3,3,11,5,3,5,21,9.1,30.6
406.5,18.3,4,21,2,2,8,18,3.6,32.6
1108.2,19.4,3,20,3,1,10,13,2.6,31.3
1144.1,14.7,3,21,6,4,6,22,5.3,28.1
191.8,2.0,2,22,3,3,8,19,8.3,24.3
728.9,8.4,3,0,5,2,2,15,6.1,29.5
340.8,12.4,3,23,5,3,10,18,9.5,28.8
318.8,12.0,1,21,5,4,10,5,1.8,27.2
722.6,4.0,3,17,4,1,6,24,7.5,27.7
469.7,11.9,4,1,2,4,2,23,7.0,33.4
1204.3,7.3,1,17,2,1,4,10,3.2,31.4
,7.1,3,16,5,4,4,1,2.9,27.2
1213.9,16.8,4,2,2,2,10,21,4.4,33.8
435.7,8.7,3,4,1,2,1,13,3.9,28.6
447.5,10.8,3,18,1,4,1,7,4.0,30.1
419.4,11.5,2,4,4,1,9,25,7.5,30.8
245.8,11.5,4,8,6,1,10,14,1.8,29.7
1418.5,4.7,2,14,2,2,3,6,7.7,26.4
633.0,12.2,2,20,4,4,1,16,5.5,28.7
375.8,,1,6,2,2,10,20,2.6,23.7
1277.7,13.3,3,0,2,3,9,12,7.0,26.0
628.8,3.3,3,20,2,2,8,18,4.4,23.4
100.9,19.9,4,22,2,4,8,3,2.2,31.5
284.8,15.6,3,20,5,4,10,7,6.3,30.3
976.9,8.6,4,11,6,4,7,11,3.9,27.0
1185.2,6.4,3,17,1,2,2,3,3.6,27.9
355.9,8.1,3,3,2,2,8,5,5.3,26.7
1380.2,14.6,2,15,0,4,1,14,5.7,31.1
1283.9,13.3,2,14,5,3,1,13,7.3,29.9
1280.2,14.2,3,15,4,2,5,10,5.4,31.8
380.1,17.8,3,16,5,2,4,1,5.8,30.4
123.3,9.4,2,21,3,1,6,10,6.1,29.5
1307.8,13.6,3,18,6,1,4,13,9.3,33.8
493.4,9.1,3,0,0,2,9,25,1.9,24.4
947.4,12.9,3,16,2,4,10,10,7.0,28.4
,9.8,2,17,3,3,10,13,1.3,23.0
236.0,15.6,1,13,5,1,5,1,3.3,33.4
1182.2,,2,14,1,1,6,5,8.1,29.0
1410.8,4.7,4,1,2,4,1,16,4.3,28.8
1106.1,6.3,4,6,0,4,9,13,1.2,27.8
689.8,18.9,1,20,6,4,3,8,5.6,33.4
1321.2,10.4,1,0,3,4,3,10,4.9,29.2
,7.6,3,23,0,3,9,15,9.3,28.0
,8.4,2,5,1,2,10,11,9.5,25.3
1239.7,9.3,4,18,3,3,9,23,3.5,25.0
,17.4,3,5,3,3,1,6,8.4,32.0
,19.3,4,0,3,4,10,22,5.6,30.3
220.9,17.0,1,14,0,3,5,24,5.9,31.1
395.6,16.9,4,18,6,1,2,13,2.0,35.2
779.2,4.4,3,2,5,3,2,5,8.5,29.4
,5.7,3,6,1,3,7,12,6.5,24.5
894.8,12.1,4,7,2,4,9,23,9.6,32.1
622.9,13.3,3,23,0,1,5,14,8.0,34.1
1191.0,4.5,1,7,0,4,7,16,5.2,26.3
,15.1,3,1,5,1,8,10,8.7,34.0
407.8,4.4,4,23,0,3,5,15,3.9,26.3
1118.0,5.6,4,2,2,2,9,8,8.8,30.9
1033.1,6.5,3,11,6,1,3,7,2.0,27.2
808.5,17.0,3,4,2,2,3,4,4.0,28.5
323.4,14.8,2,6,4,3,5,18,8.8,29.4
1203.1,10.8,2,18,0,1,6,23,1.2,27.6
1442.9,16.5,3,3,6,3,4,9,8.8,31.6
1096.7,16.4,3,15,6,3,4,2,1.4,28.2
1380.9,8.1,2,13,6,4,4,11,6.9,27.3
1477.1,15.7,3,17,4,3,5,9,6.7,28.3
,4.5,3,3,6,3,7,16,1.5,24.0
,10.3,3,8,4,4,3,5,8.5,30.1
737.2,2.8,2,0,2,1,7,20,1.8,24.4
1480.6,8.8,2,21,6,4,4,2,8.7,30.0
186.0,10.6,3,23,1,4,2,10,9.8,29.9
647.9,2.1,4,10,5,4,3,5,7.0,28.3
1319.5,9.5,2,12,6,4,9,22,9.4,28.9
461.9,13.2,4,3,3,4,3,12,6.6,31.3
1192.3,12.5,3,21,1,3,7,23,9.8,27.2
605.0,1.6,4,18,1,4,6,14,8.2,27.9
1471.0,2.4,3,2,3,2,7,19,7.1,25.3
1331.1,7.4,3,12,4,1,7,23,9.9,32.2
486.9,16.9,3,4,4,1,10,21,5.4,31.2
1166.8,17.5,3,14,4,1,10,18,5.4,31.7
538.4,6.5,2,15,0,3,4,20,8.7,25.9
929.2,14.5,3,9,0,2,4,21,7.1,30.3
1004.8,11.8,3,10,1,4,4,17,2.3,25.6
,19.7,3,17,6,2,7,14,3.8,30.7
85.5,2.3,4,3,3,4,5,13,6.3,28.1
369.2,11.2,3,0,2,4,10,6,1.1,24.7
1082.3,12.1,2,9,4,2,8,15,5.6,28.1
867.1,6.5,4,11,3,3,5,22,3.1,25.9
768.6,,2,6,1,3,4,22,3.1,21.9
130.1,1.5,1,10,3,4,8,12,9.1,25.8
555.0,9.3,4,2,4,2,9,13,3.5,29.9
1304.4,14.0,4,17,6,2,10,20,9.1,31.4
94.8,14.2,3,18,2,4,6,25,5.8,28.2
624.8,,3,6,1,4,8,1,9.4,28.0
1420.5,17.2,3,15,6,1,9,18,7.6,32.4
123.8,7.9,4,5,2,1,1,12,4.7,30.0
1137.1,19.3,4,9,1,4,2,6,1.3,35.0
423.5,2.8,1,7,3,2,2,9,9.0,28.6
1306.6,16.8,4,23,0,3,3,25,7.4,31.7
1131.8,18.2,3,11,6,4,3,8,2.2,29.6
1334.3,16.5,1,15,5,2,1,13,9.4,33.7
363.1,16.3,1,5,3,2,7,17,5.4,29.7
820.4,7.5,1,22,3,4,7,7,1.3,25.7
1179.9,14.4,4,16,2,3,7,21,3.7,26.7
406.3,11.8,3,2,3,3,8,2,8.7,29.4
384.6,8.8,3,7,6,2,2,22,4.8,28.6
89.4,19.9,1,12,5,3,4,18,8.3,30.9
1439.8,6.2,3,10,4,4,5,21,4.6,26.2
1079.5,8.6,3,19,6,4,3,3,2.2,25.6
,18.1,4,13,1,3,5,21,2.8,29.9
,6.1,3,13,6,4,5,8,8.9,28.7
820.8,3.5,3,9,1,4,7,21,2.6,24.1
740.4,6.5,3,20,1,3,3,9,9.4,28.6
701.8,15.3,3,16,4,3,3,18,3.6,26.4
978.6,17.3,4,16,0,2,3,25,9.7,35.1
,2.7,3,15,3,3,3,19,1.9,23.3
1337.7,12.6,4,15,2,4,9,3,5.9,29.6
,11.6,1,18,0,3,6,6,1.3,25.4
556.9,13.5,3,5,1,3,9,4,3.3,25.9
889.0,13.6,4,12,3,3,1,24,8.7,33.5
254.5,19.2,4,3,0,3,8,9,2.7,29.6
1459.9,,3,8,6,3,7,13,9.0,27.2
1359.2,6.3,3,6,3,1,8,15,6.3,26.8
1386.8,11.8,4,4,5,1,5,7,7.5,34.9
531.6,8.9,2,13,1,1,8,10,4.2,26.2
295.2,9.7,4,10,3,4,6,12,9.9,32.4
357.1,1.9,2,10,0,4,9,1,8.4,26.7
180.5,3.4,1,20,1,2,9,21,9.2,26.7
224.2,18.7,3,8,4,1,9,23,2.3,30.7
153.4,1.8,3,2,2,1,2,18,3.4,27.3
1485.2,12.0,3,18,6,2,8,11,8.6,27.5
157.4,15.2,2,5,6,3,3,4,7.0,28.8
242.2,0.7,4,23,0,2,5,9,4.5,26.2
1249.5,4.8,3,15,4,3,10,11,5.2,23.2
891.3,7.9,4,6,5,1,2,5,4.9,32.0
1172.9,10.4,2,13,1,3,8,19,6.0,24.5
964.8,7.2,3,22,5,2,4,12,5.4,23.6
1329.2,13.2,2,21,5,4,3,18,5.1,31.1
975.8,4.9,3,9,2,4,1,13,3.9,28.4
807.1,,1,0,0,2,8,5,5.0,23.9
1083.5,0.5,1,1,3,4,9,17,2.6,21.1
698.7,7.2,3,21,2,4,5,19,2.7,26.9
551.8,7.6,3,15,3,1,2,11,7.2,28.7
728.1,19.0,3,17,1,3,7,17,9.7,32.5
296.1,1.4,3,17,2,3,10,25,2.9,21.2
1205.0,10.8,3,18,6,2,8,7,9.2,28.8
428.0,11.8,3,12,5,4,8,23,6.6,29.3
272.6,14.1,3,9,5,3,1,8,9.6,30.8
407.2,13.0,4,5,2,4,9,2,4.6,31.1
1271.0,0.7,4,7,3,1,7,11,7.2,29.5
528.8,12.8,2,18,2,4,7,21,5.9,26.5
1044.8,6.8,3,0,2,4,4,17,9.8,31.4
1291.8,15.6,4,3,3,4,9,9,1.5,28.3
162.7,4.2,4,18,6,2,6,24,1.5,24.9
,14.5,3,15,5,4,3,25,8.8,32.1
496.1,12.7,3,3,1,1,4,25,1.5,30.5
364.1,13.2,3,0,6,1,3,14,9.2,32.2
1048.9,,4,5,0,3,10,18,1.8,25.3
1369.2,13.5,3,2,0,4,9,14,2.0,26.0
477.8,14.9,2,6,5,1,6,11,4.0,30.9
874.8,10.0,4,19,1,2,8,14,7.5,30.1
470.3,7.1,3,20,5,1,9,2,6.2,28.8
853.7,3.7,1,6,0,1,4,5,9.2,29.8
951.7,6.2,2,6,1,1,3,15,6.7,30.5
935.0,15.4,3,19,5,4,10,11,6.4,28.9
954.1,8.5,3,10,1,4,4,13,6.1,27.4
245.9,,3,5,3,3,1,23,4.7,28.8
1055.6,14.9,2,17,5,1,8,17,6.8,31.3
1028.4,13.6,2,11,2,3,3,2,9.8,31.1
1039.8,13.6,3,21,1,3,3,25,9.7,30.7
157.4,12.4,1,21,5,4,8,22,2.0,26.5
697.9,10.6,3,18,4,2,10,5,5.1,25.6
643.1,4.4,3,23,6,1,1,22,6.3,30.4
175.7,16.9,2,12,4,4,7,10,7.4,29.3
372.4,19.3,3,13,5,4,4,10,3.7,31.8
689.4,9.6,1,0,4,4,9,15,9.8,29.2
1127.2,18.7,3,4,4,3,9,23,4.7,28.8
393.7,20.0,3,3,2,4,2,9,3.6,33.1
1253.1,10.0,3,22,6,1,1,15,8.0,32.5
841.4,14.6,4,6,5,2,5,5,6.3,33.6
1152.6,13.1,2,14,1,2,1,3,9.1,33.0
735.2,5.1,4,9,6,2,4,15,2.0,27.2
773.8,1.4,2,18,1,1,2,6,1.5,27.1
948.6,9.3,4,8,4,4,10,1,9.5,30.6
1395.6,15.9,1,22,6,2,8,1,5.0,32.3
763.1,6.8,3,12,2,1,2,10,2.9,28.9
816.6,15.8,2,5,1,1,7,7,7.7,32.1
,13.3,3,9,6,1,8,25,10.0,31.7
,14.1,1,8,5,3,9,12,10.0,31.5
154.2,6.1,2,17,3,4,7,12,9.7,26.8
797.7,9.7,1,7,6,1,6,4,2.4,32.1
748.3,4.0,1,1,0,1,9,3,8.7,31.7
1386.4,5.3,3,18,3,4,3,8,2.1,23.7
765.6,2.3,3,23,1,2,10,21,4.2,23.5
729.1,3.0,1,6,1,1,3,16,2.6,26.8
1445.2,4.6,4,20,2,1,9,5,4.2,28.3
703.3,11.8,3,0,4,3,10,1,3.2,24.6
312.3,9.1,2,8,1,1,3,7,9.1,31.7
364.5,5.7,3,0,3,2,7,7,9.9,28.9
188.0,17.3,3,9,5,4,9,25,2.6,27.5
,10.7,3,14,1,2,3,5,2.2,27.8
676.3,18.5,4,23,0,1,6,20,2.5,33.6
1165.4,12.9,3,20,5,4,9,10,6.1,27.3
1113.5,0.8,4,22,2,2,7,9,8.9,27.6
96.6,18.3,3,15,1,2,9,6,7.7,32.1
876.5,17.2,4,9,6,2,3,17,4.8,32.4
273.7,12.9,3,21,2,4,6,18,9.6,32.0
1414.6,10.9,3,1,0,2,9,13,5.8,26.2
292.7,9.3,3,19,2,2,3,24,8.1,29.0
958.6,9.9,3,23,4,4,5,23,5.5,27.7
523.0,15.5,1,0,2,2,6,20,7.0,32.4
980.3,10.5,1,15,6,3,9,15,4.4,27.4
647.8,3.9,2,21,4,1,8,14,1.5,25.5
1151.5,1.6,2,16,0,3,5,17,6.5,24.2
384.5,3.0,4,23,2,2,10,15,3.6,24.2
,5.4,3,6,2,3,7,4,6.0,24.9
775.3,7.7,1,15,1,2,7,17,6.9,30.8
1146.3,17.9,3,19,0,1,2,7,5.1,32.8
1282.1,5.2,2,1,0,4,3,19,2.4,24.2
,6.7,4,13,4,2,1,1,8.2,30.4
374.7,4.8,4,23,1,3,1,2,2.6,26.7
466.0,11.1,2,11,2,4,10,15,2.2,23.5
413.1,12.5,3,19,0,2,3,20,3.9,26.7
431.2,10.9,4,17,6,4,8,15,1.5,28.0
894.5,19.1,3,6,6,2,6,5,4.2,31.2
1490.6,19.9,4,8,4,1,2,8,7.8,38.9
1485.9,16.8,3,11,2,4,9,12,8.1,29.0
813.8,16.2,2,10,4,4,6,6,5.1,27.7
976.6,7.6,3,14,2,3,8,25,2.7,20.7
1297.0,,1,15,6,4,8,12,9.8,29.4
1402.8,7.4,4,9,4,3,9,23,8.4,26.9
345.6,15.8,3,15,0,4,6,3,1.0,27.1
816.4,3.9,2,15,0,1,2,12,6.5,29.8
1257.6,4.7,3,23,5,4,5,22,9.5,27.1
489.6,1.3,3,19,5,1,8,8,9.4,30.3
,12.4,4,13,5,4,9,21,4.6,31.9
1479.2,13.9,3,4,2,4,6,19,6.5,28.9
1478.3,0.6,3,7,4,1,1,15,6.5,26.3
,10.5,2,7,1,3,10,2,7.6,26.3
1207.8,7.8,4,6,4,2,7,23,9.5,30.1
440.2,16.0,3,22,2,2,6,12,5.2,30.2
515.2,1.3,2,12,0,4,5,16,1.6,21.0
843.6,1.4,3,23,5,2,5,18,7.5,23.6
863.1,12.6,3,2,5,3,7,13,9.5,29.4
783.0,12.0,3,17,5,2,7,4,8.8,29.2
973.2,16.7,2,14,4,3,3,15,1.2,26.8
642.1,12.0,3,18,4,2,4,15,8.9,29.3
1136.3,19.0,4,9,5,2,2,3,2.3,32.6
533.6,6.6,2,12,3,3,4,5,9.8,28.5
529.5,8.3,2,8,6,1,10,6,7.7,26.6
,19.6,4,16,5,4,3,10,2.1,32.6
323.6,2.6,3,4,3,4,9,14,1.9,22.9
1283.3,16.0,3,15,4,3,5,16,3.5,28.2
697.1,0.7,4,11,6,2,10,3,3.1,27.2
380.4,10.0,1,19,3,1,6,22,1.0,28.0
1151.0,3.5,4,0,0,3,8,21,9.0,27.4
,12.2,3,4,5,2,4,3,2.1,29.0
80.7,16.1,1,14,0,1,1,5,9.9,37.3
508.7,1.1,4,8,1,2,4,22,3.4,27.8
306.7,3.7,3,6,2,4,7,11,6.2,26.3
1001.0,7.2,2,22,0,1,3,12,7.3,31.0
448.8,5.5,4,21,1,2,4,13,3.7,28.0
144.2,8.0,4,2,1,2,1,25,5.1,29.8
129.7,19.1,4,12,3,4,4,4,8.0,35.3
893.5,2.5,1,16,6,2,1,24,1.6,24.1
81.5,8.8,2,18,1,2,3,7,4.3,28.4
1280.7,9.4,3,4,2,2,4,23,8.1,31.0
275.3,6.0,4,20,4,4,2,13,4.0,26.8
929.5,5.9,2,15,4,2,1,19,1.5,26.7
694.8,14.4,3,21,6,2,2,3,2.7,29.5
692.1,12.5,2,16,3,2,7,10,7.1,30.2
,16.4,3,20,5,4,2,5,9.7,32.6
1214.0,8.4,3,0,5,3,1,15,3.1,25.9
1344.9,12.3,1,5,2,3,8,1,5.7,29.9
66.0,17.9,3,12,5,1,5,10,3.2,31.9
309.0,17.1,3,7,6,1,10,13,9.3,34.1
1360.7,18.4,3,4,0,1,4,12,9.1,34.6
846.8,5.7,4,16,5,2,4,21,4.5,28.0
267.6,19.7,1,23,4,4,1,16,1.3,31.9
344.0,16.4,1,12,5,4,2,21,6.5,32.7
1007.0,16.0,3,14,3,4,9,13,6.6,30.2
1101.0,13.5,3,14,1,3,3,9,6.6,28.9
919.2,19.7,2,10,3,3,1,8,3.7,30.6
1432.1,9.1,4,16,4,2,8,18,1.2,27.8
766.4,15.0,2,19,6,3,10,24,1.3,26.2
485.4,14.1,2,2,0,1,4,25,8.0,31.7
742.0,14.8,4,6,1,1,4,6,5.8,36.6
571.5,15.2,4,4,1,4,7,11,3.4,29.6
,4.2,3,19,4,2,2,16,9.2,28.6
116.6,7.3,1,15,0,3,3,23,9.0,29.3
560.7,8.1,3,16,6,4,9,8,8.3,26.9
1081.5,15.1,2,15,4,3,8,20,6.6,27.7
76.7,14.5,3,12,6,4,2,22,6.5,28.2
686.8,16.8,3,19,0,2,7,5,5.8,30.8
983.8,15.9,3,3,1,2,10,8,2.6,26.7
,12.1,3,16,3,2,3,12,7.5,30.1
1176.1,3.2,3,20,5,4,3,22,5.7,25.0
1225.3,12.9,2,4,4,2,10,24,5.9,27.9
1082.0,17.8,2,17,2,4,10,5,7.2,30.4
,13.0,4,1,2,1,6,5,4.3,31.8
738.8,18.0,1,3,2,2,5,10,7.3,32.6
924.9,20.0,2,9,2,4,3,2,3.2,29.9
406.1,7.5,1,23,4,3,1,13,8.8,29.9
111.7,14.6,3,8,6,2,6,7,9.9,32.3
374.2,11.0,3,10,3,1,2,10,6.3,32.2
709.6,9.4,3,18,6,2,5,1,4.4,28.0
,5.2,3,19,2,4,10,6,3.6,25.1
306.2,5.3,3,16,6,2,10,4,9.0,25.7
1245.4,4.1,2,0,0,2,5,6,3.9,24.6
,12.8,4,20,5,2,4,11,8.3,30.8
342.0,3.3,4,6,6,4,10,6,4.7,25.8
1397.9,8.9,3,12,1,3,9,20,8.9,25.8
75.9,10.7,3,17,4,3,7,12,4.9,26.9
1391.2,9.0,3,6,0,3,8,6,6.2,26.7
1430.3,,2,16,5,2,5,16,2.1,30.2
,9.1,2,12,3,4,7,22,9.8,28.0
1156.4,2.1,4,3,2,3,6,13,6.1,26.9
1456.8,19.8,2,5,6,1,2,25,6.6,35.5
1363.6,17.0,1,18,6,2,1,9,2.1,33.8
1457.5,13.4,3,1,1,4,1,12,7.2,31.5
848.0,15.2,3,9,6,2,8,11,4.8,28.3
163.3,,3,11,1,4,9,25,4.8,23.4
1282.2,15.4,2,9,5,4,6,19,5.3,29.5
940.1,4.6,3,9,5,4,6,15,5.8,27.3
941.4,10.0,2,23,3,4,10,10,8.2,27.2
655.0,4.0,4,0,4,1,10,2,4.1,28.0
879.2,15.2,2,23,2,1,8,23,8.9,35.6
272.7,5.3,1,17,2,2,6,3,2.0,24.3
1122.7,5.4,3,22,3,2,5,19,5.8,27.1
158.8,2.6,2,15,6,4,6,13,7.1,26.1
1108.2,14.6,3,22,3,4,8,18,9.7,30.7
1281.0,6.3,2,1,4,4,10,24,4.6,22.6
735.1,10.6,3,17,4,4,7,5,7.1,31.7
789.3,7.0,2,17,6,1,8,3,8.1,30.2
502.7,15.6,3,22,6,3,1,10,8.5,30.9
1455.7,4.9,1,1,2,4,4,15,9.3,27.7
,18.8,2,12,6,4,3,2,4.1,28.7
585.0,6.8,2,12,3,4,9,21,8.6,27.5
303.5,2.5,4,2,0,4,3,16,9.6,29.1
368.4,5.2,3,14,0,4,3,25,5.2,25.7
,1.9,2,11,1,1,7,8,7.2,27.1
,9.6,1,11,2,2,6,23,3.9,27.9
1114.5,5.4,1,16,2,4,5,10,3.3,26.8
362.1,17.8,2,17,1,3,3,3,3.5,30.4
1296.4,10.6,3,15,1,2,9,21,1.5,25.4
598.4,5.1,3,9,0,3,10,2,6.2,23.4
1285.0,9.3,4,23,6,1,1,18,8.8,33.5
400.5,4.3,3,5,1,2,10,6,3.6,23.4
947.1,4.0,1,8,4,4,9,17,1.3,24.0
1393.7,6.4,2,11,3,4,9,7,3.5,24.6
423.9,2.6,1,7,2,3,5,3,7.9,24.7
1054.7,4.2,1,8,1,2,5,22,5.0,26.4
1481.6,18.8,3,22,0,2,7,9,7.9,30.4
268.4,13.5,1,3,0,1,8,17,3.0,30.4
178.2,18.5,1,12,4,4,10,1,6.8,32.7
1027.6,,1,11,3,4,3,24,7.6,25.6
542.6,17.2,3,2,6,3,10,16,8.3,30.8
153.3,7.6,1,4,1,2,4,11,7.2,28.1
739.2,3.3,4,6,6,1,7,23,9.2,32.4
1143.0,16.2,3,11,0,1,9,11,2.1,30.6
463.4,1.7,2,9,5,2,7,9,6.0,24.3
535.8,8.4,3,14,6,4,1,7,5.0,28.9
1276.3,16.5,3,9,1,2,9,17,10.0,30.1
804.1,12.5,3,18,3,4,1,11,5.9,28.0
1272.0,10.6,3,8,6,1,6,15,7.2,32.3
697.3,7.4,2,20,5,4,7,20,9.3,27.0
1431.8,2.0,2,23,1,1,3,17,2.3,28.4
993.7,19.8,1,16,1,2,8,18,4.1,31.6
218.1,3.9,3,2,2,1,6,16,3.9,25.9
1333.4,5.5,3,21,3,3,4,20,2.1,24.2
759.4,5.1,3,19,2,1,2,19,6.0,30.1
255.4,18.2,4,13,0,1,7,21,3.8,35.9
271.4,15.4,3,8,3,2,2,16,2.5,28.3
1046.9,9.4,4,17,2,1,10,1,1.2,29.1
118.7,19.1,3,14,2,2,2,23,1.2,29.8
465.6,1.5,3,18,5,2,1,6,4.5,25.8
252.7,17.9,3,15,2,4,3,18,6.5,29.7
689.6,1.7,2,19,6,3,9,17,2.9,22.4
650.8,8.1,2,23,0,2,9,17,9.2,29.5
806.7,1.6,3,18,3,3,6,12,2.9,22.4
455.5,20.0,1,7,6,1,8,12,3.4,31.5
96.5,18.3,2,21,2,1,5,3,3.7,32.5
940.9,11.9,3,19,4,1,10,7,2.4,27.0
591.9,4.7,3,11,5,4,1,2,10.0,29.5
994.4,5.9,1,1,2,3,7,23,7.5,26.7
,9.3,1,22,4,4,4,24,3.7,28.4
70.0,6.8,4,12,4,4,4,3,9.8,33.6
410.0,0.9,4,9,3,1,8,22,6.7,29.6
712.0,13.3,3,14,2,1,8,18,7.9,30.2
621.4,12.5,2,1,3,4,6,8,4.1,28.6
1224.9,18.1,3,19,1,3,9,4,3.0,27.1
597.9,9.8,2,4,3,3,2,16,5.0,27.0
,7.2,3,6,2,1,1,1,4.8,30.6
910.6,10.5,3,13,2,3,3,4,9.9,30.2
81.7,4.3,3,15,1,4,1,3,2.3,27.0
796.9,12.7,3,0,3,2,9,4,2.2,26.8
550.0,15.5,4,13,0,3,6,1,6.6,30.5
660.9,3.5,3,3,0,3,5,9,6.1,23.1
195.4,,3,22,1,4,5,21,5.9,27.2
1185.1,17.4,3,8,3,1,1,8,4.7,34.5
1416.5,10.4,3,11,1,4,7,7,4.3,28.4
,10.9,4,14,3,3,10,25,1.8,25.6
922.0,14.6,3,3,1,4,2,13,8.1,31.9
1157.6,11.8,4,3,2,2,3,1,5.0,32.3
,1.9,3,23,3,1,8,15,9.1,26.3
1192.0,16.2,2,13,2,1,8,14,5.5,29.5
,18.5,2,5,0,2,3,11,9.1,34.1
1397.3,,1,15,4,3,1,22,9.3,28.1
1472.5,2.9,4,21,1,2,8,18,6.0,28.5
111.4,14.2,1,18,3,2,3,1,8.2,35.0
,12.3,2,9,4,4,9,10,1.9,25.3
843.1,8.0,2,15,0,3,4,14,2.1,24.2
262.8,11.0,3,21,4,3,10,17,7.3,24.7
,14.2,4,6,2,3,9,10,1.5,28.2
1482.1,10.3,4,18,3,4,1,12,7.4,30.1
73.5,3.2,2,23,0,1,8,6,3.1,24.9
,2.2,3,8,3,4,8,16,3.1,23.2
1271.8,9.1,2,21,2,4,4,6,4.2,26.6
519.7,18.5,4,0,1,2,10,13,9.3,33.5
745.7,11.4,1,8,3,2,8,21,7.4,28.9
1468.2,7.5,4,6,4,1,3,23,7.8,31.9
738.6,18.2,4,0,2,3,9,12,8.0,29.7
239.8,,3,14,4,2,8,6,8.5,28.8
125.0,10.4,3,12,2,2,6,2,2.5,26.3
1420.9,2.8,2,9,5,3,9,22,9.5,25.1
435.4,14.9,2,20,1,1,6,11,4.6,31.2
780.9,14.2,3,5,5,1,3,5,6.1,32.8
181.5,16.0,2,19,2,4,6,21,8.3,30.8
664.3,6.8,3,15,3,1,5,13,8.7,30.5
,9.0,3,21,0,4,2,18,5.6,27.7
778.5,3.8,4,0,0,3,6,2,5.9,26.2
1458.1,19.3,4,23,6,2,9,24,4.7,34.4
425.3,2.2,2,0,0,3,9,8,1.4,22.2
781.6,13.2,2,17,3,2,8,20,6.8,30.1
1296.3,14.3,3,18,3,2,5,8,7.1,31.8
,,1,3,4,3,9,5,5.3,24.4
455.3,7.6,3,0,0,4,10,11,1.4,23.2
1290.4,1.3,3,0,1,1,9,2,6.1,26.7
615.3,11.4,3,3,2,3,8,13,1.9,24.1
819.5,19.9,3,3,6,4,8,12,5.1,31.2
1466.0,8.9,4,23,2,1,5,2,8.2,33.2
320.4,19.8,3,4,3,1,8,12,3.0,30.3
487.0,3.0,4,19,4,3,4,15,9.3,27.3
95.1,8.2,4,1,2,1,10,14,7.4,31.1
618.2,18.1,3,15,5,4,9,2,3.3,28.1
340.3,17.6,1,10,4,1,7,17,3.1,31.4
,6.8,4,12,3,3,8,9,1.7,25.6
,13.7,2,18,2,2,9,7,8.9,28.4
1028.5,17.8,3,5,1,4,6,22,1.6,28.7
,15.5,3,0,6,4,9,25,6.6,27.2
565.1,,2,5,0,4,8,3,7.8,28.0
555.8,3.5,1,19,1,3,3,13,3.3,24.4
,1.9,2,14,1,1,2,7,4.4,27.8
,12.5,4,22,5,1,6,18,3.6,33.2
573.9,10.3,3,20,4,2,1,16,8.2,30.2
1286.3,5.1,4,3,6,1,8,11,10.0,30.5
879.3,6.2,4,1,5,4,7,19,9.7,30.7
360.1,8.1,3,0,3,2,2,18,1.6,26.4
1355.1,10.2,3,4,0,2,4,24,7.1,27.8
546.8,8.1,3,11,6,3,6,25,6.3,25.9
,8.1,2,0,4,3,8,11,9.4,28.9
767.2,2.8,4,20,0,3,1,4,6.2,27.6
229.7,17.4,4,11,6,3,6,24,5.1,32.0
395.8,,1,17,4,1,3,11,5.0,34.2
1133.3,3.3,4,20,4,2,4,23,8.7,29.6
239.6,8.8,1,0,2,4,5,18,7.0,27.6
1220.1,8.6,4,10,2,3,2,14,1.7,29.3
1408.5,12.2,3,16,2,3,4,22,9.4,30.5
929.5,12.4,2,23,0,4,5,19,7.1,29.8
1080.0,13.1,4,19,3,4,8,16,2.4,28.7
1084.7,14.1,3,5,0,1,3,13,5.2,33.5
,2.5,1,6,4,3,7,6,3.3,22.9
545.2,6.4,3,19,1,4,4,6,6.3,28.5
286.1,0.8,3,15,4,2,3,17,6.0,24.8
802.8,9.4,3,5,2,1,2,10,9.7,31.1
823.2,8.9,3,11,1,1,1,16,1.5,27.7
308.0,14.8,1,22,1,3,4,18,5.1,30.0
939.0,3.8,2,4,2,4,3,2,2.6,25.4
,12.8,3,7,0,3,8,3,1.2,25.6
1395.1,6.5,2,21,1,1,6,16,8.0,29.4
433.6,7.9,3,16,3,2,1,25,7.8,29.1
107.4,14.5,4,5,4,2,8,14,9.4,33.6
207.0,1.9,4,6,3,4,4,17,6.3,30.8
398.4,7.2,3,20,0,3,7,8,3.3,23.8
,8.1,3,6,5,1,2,6,4.3,31.4
97.6,14.5,4,16,2,3,1,6,6.4,33.5
455.1,4.4,4,11,4,3,2,24,6.7,28.5
329.8,19.0,1,5,6,3,5,20,1.4,27.2
599.0,20.0,3,8,0,2,9,9,9.2,33.7
,16.5,2,17,6,3,10,2,9.3,30.1
541.6,6.3,1,19,6,2,9,22,8.2,26.7
,13.4,2,0,3,1,10,8,3.2,27.9
,,3,21,0,4,8,6,4.1,24.0
,17.5,3,5,1,3,8,18,7.3,28.0
,10.6,4,15,1,3,5,4,3.8,28.3
1147.1,3.9,3,6,4,4,3,6,4.5,25.3
1486.7,6.9,3,6,4,3,7,13,7.0,25.9
1396.4,16.1,2,21,3,1,1,3,1.3,32.6
781.1,17.5,2,16,2,4,2,23,2.2,28.8
821.1,10.6,1,21,0,1,5,25,1.3,28.8
506.1,9.9,4,0,6,3,7,21,3.4,27.4
,15.1,1,6,6,4,4,15,5.3,29.9
1158.9,16.6,3,1,0,2,8,14,8.6,29.9
1274.2,15.4,2,11,2,2,7,7,2.6,27.2
1348.5,8.0,3,11,6,4,3,4,4.2,27.7
,13.0,4,23,2,2,1,4,1.1,32.6
1162.0,17.2,4,5,4,4,3,4,5.2,32.1
1219.3,3.5,2,15,3,2,10,1,1.2,22.6
497.3,8.1,4,23,4,1,3,19,3.9,31.3
1397.4,1.6,2,1,6,3,8,19,8.5,23.9
186.8,8.5,4,10,2,2,7,19,9.4,30.2
1491.7,15.6,1,9,5,3,10,9,4.3,29.3
1166.6,4.3,3,0,3,2,10,3,3.5,20.7
185.2,11.1,3,10,1,4,9,5,7.8,27.0
,1.2,4,6,0,2,4,21,7.3,29.3
99.6,18.0,4,7,5,2,5,23,4.4,33.5
1166.8,,2,5,4,3,5,2,9.1,33.4
,10.7,4,12,6,2,7,18,5.1,29.8
923.5,14.3,2,9,1,2,2,23,9.4,32.3
,2.5,2,17,4,3,9,21,9.0,22.1
191.9,17.0,1,8,0,2,7,7,9.5,33.0
450.1,14.4,2,16,0,2,3,17,2.0,28.6
650.6,2.8,1,12,4,2,1,21,3.4,25.7
111.6,19.6,3,8,3,3,1,23,4.3,30.2
699.9,0.9,1,19,4,2,4,18,7.7,28.4
434.6,,3,17,5,3,4,9,3.6,29.0
619.5,3.8,1,12,5,1,2,17,2.9,29.0
666.4,14.5,3,12,1,4,5,4,4.1,28.9
1325.1,1.9,2,18,1,4,1,3,3.8,26.5
442.0,2.1,2,18,3,1,7,1,8.3,28.3
1345.9,9.6,3,17,6,1,5,14,9.9,33.5
667.7,19.9,4,2,4,1,3,1,3.7,35.7
525.3,5.9,4,5,1,1,5,4,1.5,30.6
778.6,12.4,3,9,4,4,5,22,7.5,29.2
655.7,10.6,4,13,2,1,9,11,5.3,31.0
423.2,16.9,3,9,0,3,7,16,4.9,28.6
778.9,6.1,4,19,4,2,3,12,4.2,28.4
270.1,11.3,1,8,1,1,9,2,5.2,32.2
560.3,19.0,1,13,5,1,4,15,2.2,32.0
870.4,7.0,1,16,3,4,3,3,6.5,29.6
649.4,9.1,4,9,3,3,8,17,9.4,28.9
1244.7,17.8,1,13,1,3,8,18,9.3,32.9
422.2,7.0,2,17,2,1,1,18,7.6,32.1
1456.2,7.9,3,9,2,2,10,10,4.5,25.1
,6.4,4,23,4,3,7,12,9.3,29.3
1453.0,16.3,3,12,2,4,5,20,6.9,32.4
1265.3,18.6,3,18,0,3,8,11,5.5,29.8
256.1,12.8,2,16,0,3,6,24,3.6,25.1
813.4,12.7,4,19,1,3,10,17,7.8,30.8
296.5,8.1,1,16,3,2,1,19,8.2,29.9
1236.4,0.7,2,12,2,3,6,17,6.0,23.4
,3.9,3,18,6,2,8,5,3.6,21.5
432.0,3.4,2,11,1,3,1,12,4.5,26.1
1397.9,2.8,3,20,2,2,9,17,6.6,23.6
217.0,13.3,3,12,2,3,4,13,3.0,26.7
867.6,3.2,2,17,1,2,1,15,5.2,24.6
,2.2,1,4,6,3,4,23,1.4,23.3
135.3,8.0,1,4,1,3,9,22,8.2,27.1
916.9,5.4,1,13,0,2,10,6,4.4,24.0
,3.3,4,20,3,2,2,6,5.0,28.9
147.9,3.3,3,17,4,2,4,4,9.0,27.5
792.8,5.5,1,7,3,1,9,18,4.6,29.5
424.9,11.0,1,20,2,4,1,13,5.3,29.5
1011.2,15.3,4,15,6,3,6,15,3.7,30.4
222.1,17.1,4,13,2,1,6,22,8.3,34.2
1408.7,15.2,4,23,4,1,4,12,4.9,34.7
1347.4,12.8,2,18,5,4,4,16,5.3,29.2
,18.2,3,7,2,4,10,8,5.4,29.7
518.7,10.6,1,1,3,3,4,21,7.1,28.8
902.1,12.9,3,6,2,3,7,1,5.9,29.9
1091.2,8.5,3,4,4,4,8,15,4.9,25.5
691.9,6.9,3,4,3,3,1,21,6.9,27.8
276.6,7.0,1,12,5,1,9,18,6.7,29.2
201.0,3.4,3,23,1,2,8,3,7.4,24.9
,16.0,2,15,1,2,2,22,5.2,28.8
710.3,1.6,4,10,2,1,2,10,9.8,31.9
1315.2,13.7,2,5,4,4,6,13,6.2,29.8
749.4,17.4,3,18,1,3,10,13,8.2,30.8
1387.4,10.2,1,13,6,4,9,9,5.2,28.5
177.3,1.9,3,1,3,1,2,9,4.0,27.3
215.3,8.9,3,11,5,4,7,23,5.7,25.7
1398.0,7.2,3,4,3,3,5,17,6.2,26.1
1423.9,19.7,2,11,2,3,7,25,3.8,26.9
506.3,14.0,2,1,5,1,6,9,7.8,33.7
565.0,14.6,2,5,1,3,6,8,4.8,28.3
706.1,10.6,3,19,1,3,6,13,6.9,26.2
653.4,14.3,1,4,5,3,1,16,3.6,31.4
325.6,14.6,1,2,6,1,6,3,5.4,31.6
1352.6,1.8,2,5,2,3,2,10,4.2,24.3
417.3,4.8,2,22,3,1,5,11,4.8,29.1
1072.6,0.8,2,22,3,1,6,3,7.1,28.8
147.4,10.4,3,15,5,2,8,15,2.4,24.6
106.2,17.6,1,18,3,1,9,4,3.2,31.6
997.9,12.4,4,21,4,3,2,22,4.2,28.8
541.6,10.3,3,7,4,2,6,13,3.5,26.8
1000.4,18.6,3,9,5,1,8,5,2.6,32.2
186.3,3.9,4,0,0,2,4,14,8.4,27.5
,2.0,3,12,4,2,1,9,2.5,25.5
1135.3,18.4,3,22,1,3,10,11,6.8,28.3
,18.1,2,0,0,4,9,7,5.1,29.3
247.9,13.8,3,17,5,3,8,11,2.5,24.5
514.2,5.3,1,11,2,3,8,4,3.7,24.1
584.1,19.4,3,23,5,3,4,8,2.0,31.2
,15.4,1,14,6,3,8,10,1.9,26.8
480.5,13.6,3,9,0,2,10,20,4.2,26.5
137.9,4.8,3,2,3,1,3,23,7.8,28.7
584.9,10.5,2,13,0,3,5,22,4.6,29.2
419.1,16.5,2,23,5,1,9,10,6.1,32.3
609.6,17.3,4,0,6,1,3,10,2.2,34.3
335.6,11.4,2,0,6,1,7,7,8.9,33.2
429.7,10.7,1,21,6,2,1,13,4.0,30.1
959.1,14.1,2,6,2,4,10,24,2.7,25.6
612.8,10.8,4,14,1,4,1,7,4.2,31.1
550.8,8.6,3,14,6,1,1,18,9.7,31.0
824.2,2.2,3,11,4,4,5,7,6.7,25.4
,3.0,4,11,2,1,8,10,2.1,27.2
599.4,15.3,3,16,1,4,3,14,2.5,29.0
901.9,1.0,4,5,0,1,7,19,7.9,29.7
1451.0,1.5,3,4,0,1,4,22,8.6,29.6
806.9,18.1,4,23,4,4,10,16,1.7,29.7
1369.2,14.2,3,0,1,4,5,16,3.6,27.1
,0.6,2,4,5,2,5,22,1.4,23.8
135.1,6.6,1,17,5,3,1,16,2.1,25.7
672.2,15.4,1,13,3,4,3,3,2.2,30.8
1062.6,8.6,3,7,2,4,1,2,4.9,27.0
,9.6,4,2,1,2,9,14,1.1,27.6
714.6,9.4,3,8,1,4,5,1,7.4,27.0
184.5,4.4,3,1,4,4,4,18,4.6,27.7
864.9,14.6,3,13,5,4,3,20,4.6,30.0
233.5,2.5,4,11,5,4,8,25,9.7,28.1
1139.7,10.4,3,22,6,4,7,1,4.0,27.7
786.1,3.8,2,19,4,2,4,16,1.4,22.2
1099.0,1.4,3,11,3,2,3,24,4.6,24.2
1310.6,3.3,3,12,2,4,10,4,5.2,25.0
,17.5,2,16,2,2,1,20,5.2,31.8
938.0,3.9,2,7,2,4,6,25,5.2,24.7
1144.1,5.9,2,14,6,4,10,2,4.0,24.9
1271.6,3.2,2,0,3,1,4,12,5.9,29.7
1310.1,14.8,2,22,1,1,1,2,8.8,36.1
102.8,9.2,4,22,1,3,9,13,4.2,24.8
856.5,18.9,2,21,0,1,10,22,5.8,31.6
363.6,,4,5,5,3,1,7,8.6,33.5
1297.5,10.9,1,18,1,1,4,20,4.6,29.8
990.2,13.3,4,13,0,4,1,21,2.2,29.3
,1.3,3,23,2,2,9,1,4.9,25.5
322.8,19.0,4,0,3,3,9,14,5.5,30.3
541.6,19.2,3,9,6,2,9,7,8.8,31.1
,5.9,3,2,6,3,4,25,8.7,25.8
346.3,12.8,3,22,1,3,8,18,7.9,28.3
185.7,4.4,3,4,3,2,2,13,4.4,26.5
1337.6,11.2,3,0,5,4,2,17,3.5,30.2
1158.1,,1,2,5,4,6,5,5.0,30.0
,18.8,1,23,3,2,10,13,3.9,30.3
473.9,7.1,4,12,1,1,3,20,9.8,31.9
1459.5,14.0,1,2,5,2,5,24,1.8,26.3
,14.5,3,9,3,3,10,4,5.6,28.8
935.3,4.8,2,10,1,4,5,23,4.5,26.3
496.1,12.8,3,19,4,1,9,8,8.0,32.0
483.7,13.3,2,5,6,2,7,22,6.4,29.7
107.3,15.4,3,2,6,4,9,24,1.5,24.7
1106.3,20.0,4,17,6,3,4,20,7.1,35.5
112.6,1.3,4,10,4,4,9,25,5.4,24.2
57.0,4.4,2,2,5,3,9,14,6.5,24.4
1107.8,3.3,2,10,1,1,9,20,1.8,27.9
1425.9,3.5,4,10,2,1,10,23,5.6,27.5
1146.9,9.4,1,5,1,4,4,6,5.8,31.1
733.9,17.6,1,4,0,3,9,18,2.3,28.7
754.8,9.3,3,2,5,4,7,19,6.5,26.5
682.4,13.5,3,20,3,2,1,13,9.2,34.5
520.7,7.8,2,0,3,1,10,15,1.2,24.6
806.5,6.7,1,12,0,1,8,17,3.3,28.1
675.2,16.8,4,0,1,2,7,12,4.0,32.1
917.3,,4,19,0,1,1,15,5.9,35.1
1352.3,7.3,3,9,3,1,10,12,7.7,32.7
1492.8,18.3,3,23,4,1,10,12,6.9,30.9
164.2,10.2,4,1,0,1,9,12,5.2,33.4
,4.2,3,7,4,2,4,12,9.6,25.4
312.0,9.9,3,9,0,4,1,9,4.1,24.9
560.6,13.7,3,1,5,2,8,3,8.1,29.9
466.8,7.7,2,10,6,2,6,14,8.4,28.9
303.1,17.0,4,11,4,3,3,11,1.9,32.3
1157.9,10.9,3,10,3,3,3,1,1.4,28.0
769.6,9.6,2,12,5,2,7,14,9.9,29.4
1382.9,17.2,3,4,1,1,9,22,4.2,31.1
,9.5,4,5,6,2,6,7,7.0,31.0
,8.6,2,11,6,1,10,23,1.3,27.6
634.7,2.5,3,15,4,1,6,14,7.9,27.0
166.4,7.6,1,9,6,3,6,10,4.2,25.5
431.0,8.2,3,10,2,1,4,22,6.2,30.9
,4.0,4,23,6,2,1,24,1.4,28.1
353.0,12.0,4,15,0,2,3,24,2.0,31.0
,,4,1,5,4,4,20,8.4,29.3
881.8,4.9,3,8,2,1,7,16,6.0,27.4
772.1,11.4,3,1,6,1,2,22,8.0,33.4
,5.7,3,21,3,3,6,22,2.5,21.7
596.3,13.0,2,19,1,3,6,23,4.0,28.3
1248.8,14.0,3,11,2,3,6,21,8.7,28.5
250.9,6.4,3,6,6,3,10,9,6.3,24.2
,2.2,3,17,5,4,2,25,7.0,27.1
1050.2,10.0,3,4,2,3,4,21,2.9,24.5
1308.9,2.3,3,18,1,3,4,22,6.0,22.8
585.9,10.5,2,20,0,3,8,4,7.6,28.8
873.2,14.7,2,4,0,1,7,1,2.6,29.1
150.3,12.6,3,12,0,1,9,25,3.7,28.9
297.0,9.2,1,3,2,2,6,16,1.1,26.1
,18.9,4,14,1,4,9,15,9.7,31.9
1105.4,2.5,1,16,0,4,1,18,9.1,27.8
467.7,,4,0,5,3,2,18,1.8,31.2
1099.4,16.1,2,22,6,3,7,2,8.5,31.7
146.3,8.7,4,6,6,4,3,8,5.9,29.9
1300.7,3.5,3,11,5,1,3,14,9.7,29.6
1261.5,3.5,4,6,0,1,3,1,5.6,32.3
178.9,18.5,4,21,1,3,2,23,2.9,32.4
84.4,5.1,3,18,5,1,3,5,8.7,32.2
131.6,17.5,2,23,0,1,10,11,9.4,33.6
1287.8,10.3,3,9,5,2,1,4,5.8,28.9
,9.5,2,13,0,4,10,2,4.7,27.0
845.0,12.6,4,13,0,2,6,12,8.0,32.0
668.1,4.7,4,5,5,1,8,20,1.8,28.7
1203.5,8.9,2,22,5,1,8,8,8.6,30.1
758.9,18.8,3,20,0,2,1,12,8.7,33.4
776.0,5.1,2,23,0,1,3,24,3.7,28.4
,18.5,3,10,6,2,9,10,1.1,25.0
267.7,19.9,3,3,1,1,7,22,1.1,32.1
,,3,3,6,4,4,25,9.8,26.7
125.0,10.9,4,13,3,1,6,14,8.0,30.6
742.6,3.9,2,19,6,1,5,16,4.2,27.5
,12.6,3,16,6,1,1,22,9.0,33.2
1014.6,19.8,3,17,4,2,10,17,9.0,30.0
1043.6,18.0,2,18,0,4,3,15,9.2,35.2
,18.5,3,20,6,3,9,23,5.5,29.1
656.9,4.7,1,22,2,4,3,24,8.4,28.5
581.5,11.1,3,8,1,3,7,8,1.3,24.7
806.1,5.1,4,17,4,2,5,19,2.4,27.0
720.2,18.0,1,6,2,4,9,7,6.7,29.4
,4.2,1,16,5,1,7,19,1.9,29.9
492.9,3.5,3,1,1,1,6,3,1.4,26.1
,0.7,2,1,6,2,4,7,2.0,25.4
579.3,4.0,2,4,0,4,9,20,5.1,22.9
267.4,4.2,3,13,3,4,2,20,5.4,27.0
1314.6,2.0,3,21,6,3,6,12,9.3,24.1
923.1,,4,14,5,4,3,20,4.8,29.3
244.0,15.7,3,13,5,3,5,13,5.6,29.9
1056.1,5.5,3,16,4,1,1,3,8.3,31.9
1279.1,15.8,3,21,3,1,7,21,8.3,32.1
394.4,8.7,2,14,1,1,8,2,3.9,24.5
268.4,15.6,3,17,2,4,7,21,7.5,29.2
62.5,6.8,3,9,4,2,7,23,9.0,27.7
118.5,11.5,4,23,2,2,1,1,8.4,32.6
1155.3,7.9,1,11,2,2,7,25,4.0,26.5
1481.4,,3,21,4,1,4,16,7.7,28.7
115.1,11.9,3,23,4,1,7,16,7.6,29.8
1134.7,15.1,1,21,3,3,7,9,3.2,28.0
154.2,15.2,4,7,1,3,3,5,7.0,30.1
908.6,7.4,2,8,1,1,2,1,1.8,29.5
,10.6,4,18,1,1,2,11,3.5,33.0
,15.4,3,22,2,3,5,20,1.3,27.0
65.9,1.6,2,14,6,1,6,1,2.2,27.2
,1.9,3,18,2,2,1,6,2.0,24.3
1487.3,7.8,2,10,6,3,8,21,9.5,23.5
423.5,4.9,3,20,3,1,3,11,2.5,27.3
324.8,7.8,4,9,3,4,9,3,1.7,25.4
229.7,2.3,3,14,1,4,7,25,7.8,26.8
855.1,12.0,2,12,5,1,8,9,6.8,30.4
914.8,,3,20,5,3,3,5,6.7,30.5
1198.8,15.9,3,19,6,4,7,15,9.0,32.6
1142.0,13.2,3,20,5,3,7,3,7.0,27.5
,8.2,3,2,0,2,9,18,7.0,26.5
,,3,5,6,4,6,17,5.1,30.2
408.5,14.7,3,21,4,2,8,23,6.1,31.0
856.0,10.8,3,3,3,1,5,8,7.9,33.4
481.2,4.5,3,18,1,1,10,11,4.2,25.0
528.2,13.2,2,15,3,4,8,17,1.3,25.0
,12.0,3,8,5,1,1,5,4.8,31.5
1038.7,13.8,3,0,4,1,8,10,4.4,29.3
1463.2,15.7,4,0,0,1,2,3,2.6,34.2
654.5,18.3,4,21,5,2,1,18,7.4,34.4
829.3,19.0,4,2,5,3,6,17,8.2,33.3
756.3,12.8,2,17,4,3,5,3,2.4,26.4
205.6,19.3,3,3,1,4,5,4,5.3,32.6
393.2,18.3,4,9,2,3,5,11,3.9,30.5
,0.6,2,2,3,1,4,17,6.1,25.4
147.7,12.9,1,15,6,4,10,20,1.8,25.7
1400.6,4.0,1,2,5,2,8,12,9.4,27.2
229.6,6.3,3,15,0,4,8,21,1.6,25.0
337.1,6.3,3,23,0,2,6,11,8.4,28.7
1159.7,9.9,2,17,0,1,8,15,2.8,29.4
190.6,0.7,3,15,6,2,6,7,7.9,26.8
1355.4,5.1,3,21,6,2,10,17,3.5,21.0
1102.3,1.1,4,19,1,4,1,23,8.1,28.2
149.5,13.2,3,17,6,3,8,8,9.2,27.2
1053.2,17.8,4,13,3,1,5,18,9.4,39.1
965.9,20.0,3,9,2,1,4,12,8.8,36.7
1148.2,9.2,4,14,5,3,7,14,4.8,28.4
1250.9,5.6,3,2,0,1,10,15,4.9,26.1
1091.6,17.1,4,21,0,3,3,11,9.6,33.9
900.0,2.7,4,21,1,4,5,17,9.0,28.2
517.6,19.5,3,6,4,4,3,10,5.4,32.5
1061.0,14.4,3,18,5,3,9,5,4.6,27.1
,10.3,2,16,3,2,6,10,1.8,26.6
901.9,,2,20,3,3,3,12,4.3,24.6
1013.3,0.9,1,21,4,1,10,22,5.2,27.2
683.8,11.1,1,17,0,3,3,17,8.5,30.9
1146.4,8.6,3,22,4,1,2,11,3.9,31.2
1496.6,16.9,1,7,5,1,3,22,3.7,34.1
282.6,13.0,4,10,2,3,4,1,1.2,28.3
343.5,8.9,3,3,4,3,3,18,1.4,25.3
832.2,4.9,4,20,2,3,1,24,8.3,30.0
748.0,9.9,3,6,6,2,10,18,2.5,24.3
878.8,3.7,2,12,1,3,4,15,9.7,26.8
121.2,13.5,2,3,0,2,10,14,1.5,26.6
,12.3,4,6,6,1,7,5,8.3,35.3
895.3,,1,16,3,3,9,4,2.0,28.7
898.5,9.3,3,6,2,1,4,4,6.7,31.3
1003.1,5.9,2,12,5,1,7,24,7.8,30.3
1094.3,16.8,3,10,1,3,4,10,3.0,29.2
980.2,14.0,1,14,2,3,4,25,6.0,28.4
,14.3,3,6,0,1,10,16,8.0,30.9
955.9,10.8,1,11,3,2,9,19,2.5,25.3
829.4,17.6,4,0,5,4,4,24,5.7,31.6
929.0,4.9,1,12,6,4,1,13,5.8,31.7
196.7,8.3,2,2,3,4,6,2,7.9,30.5
,16.0,1,17,0,3,10,21,4.3,29.0
814.7,3.1,4,20,1,1,10,9,6.8,30.2
,16.3,3,9,1,2,5,4,9.6,31.7
1034.6,7.4,3,21,6,3,6,7,7.4,25.4
181.1,2.9,3,9,4,3,9,25,1.2,20.2
908.8,2.0,4,20,6,1,2,11,2.4,28.5
371.5,16.9,1,12,5,4,3,15,4.6,32.3
,15.7,3,13,6,4,2,20,4.6,30.1
1249.8,6.1,4,9,1,1,6,15,4.0,31.3
910.5,2.8,1,22,3,3,9,4,5.0,24.6
907.5,5.3,1,16,0,1,4,3,9.5,30.5
541.0,4.7,3,11,2,2,9,24,8.2,25.4
697.1,14.8,1,19,2,4,6,6,2.2,29.4
1303.0,4.7,2,11,1,3,3,7,5.0,25.8
1098.8,4.7,3,21,0,2,10,2,7.1,24.9
803.6,1.1,2,11,2,1,7,19,2.5,24.2
,12.1,3,19,0,4,6,13,1.5,25.4
123.1,13.9,3,6,4,2,2,16,9.6,29.9
257.4,13.2,3,13,1,3,6,5,8.1,29.1
329.9,11.6,3,14,1,1,3,14,9.0,34.0
591.4,19.3,3,12,0,4,5,14,8.0,31.6
1419.0,9.7,3,10,3,2,10,22,7.1,25.1
782.5,17.3,4,0,1,3,10,18,7.9,32.5
390.5,13.1,3,23,4,1,5,16,5.7,32.9
203.3,2.1,3,5,6,3,4,17,3.3,22.5
540.5,16.3,4,4,5,4,3,20,1.9,29.8
1232.8,11.9,3,19,0,2,3,6,6.4,29.6
605.8,13.2,2,1,0,2,6,15,3.0,27.6
1170.1,4.0,1,18,6,3,10,24,8.4,24.8
1213.9,9.0,3,8,6,4,9,19,5.8,24.2
210.7,17.7,3,17,2,4,3,21,10.0,34.1
932.6,4.7,3,5,3,1,9,2,4.5,27.4
1440.7,0.5,3,16,2,2,5,21,4.8,25.6
633.1,5.5,1,23,4,4,7,17,3.4,25.6
123.9,,3,12,1,4,3,5,3.6,29.5
1388.8,16.5,3,13,6,3,9,23,5.3,27.0
,13.0,4,14,2,1,5,22,1.6,30.7
807.1,18.4,3,8,1,3,8,17,8.5,29.5
850.8,9.4,3,13,2,4,3,25,1.9,28.0
357.0,8.1,3,15,6,4,10,21,9.2,26.9
,5.0,3,0,2,3,5,11,4.6,26.5
773.0,4.8,2,10,5,3,7,25,5.1,23.1
99.1,14.9,3,12,5,4,6,12,9.7,29.6
1040.4,2.1,2,5,6,3,6,4,7.7,26.0
1428.2,5.2,1,11,1,3,3,3,3.5,25.5
1252.3,,3,9,2,4,10,18,3.8,28.3
451.9,11.7,3,13,5,1,3,4,2.3,30.4
127.3,1.4,3,6,0,1,4,23,6.7,27.9
1413.5,14.2,3,21,0,4,5,24,6.9,31.4
1408.7,10.4,4,15,0,1,5,1,9.0,35.4
822.0,17.2,3,15,0,4,3,5,3.6,30.4
981.4,13.8,3,19,5,4,9,5,1.6,25.8
,,3,0,2,2,7,18,3.0,23.0
658.7,4.5,4,6,0,4,10,7,9.7,29.7
,5.5,3,4,4,3,4,17,9.9,27.0
190.3,14.2,3,14,2,3,5,23,4.2,28.3
,10.4,3,8,0,4,6,17,5.4,27.1
1263.1,15.1,2,17,6,4,6,25,8.6,31.0
261.5,10.5,3,22,4,4,2,13,5.3,27.1
378.7,6.9,3,8,3,4,9,23,9.6,28.2
845.5,,2,7,6,3,10,20,8.5,23.0
361.9,4.5,3,11,1,2,6,12,7.7,27.5
286.6,8.3,2,11,4,1,4,8,6.7,32.3
866.8,11.3,4,8,5,1,5,17,2.9,32.2
,18.8,3,8,0,2,1,20,2.6,31.7
957.9,5.2,2,8,1,2,1,3,8.8,28.0
1372.7,13.5,3,11,0,1,4,8,3.2,30.7
268.9,3.5,3,10,3,2,3,25,3.2,23.6
1374.5,14.4,3,10,4,4,3,4,8.6,31.0
1358.6,0.7,3,7,1,1,4,24,1.4,22.9
1252.2,13.3,1,15,0,2,2,4,7.5,32.4
965.4,3.7,2,11,3,4,5,15,6.5,27.1
949.2,4.0,3,5,2,2,1,8,1.3,26.4
976.9,11.4,3,18,0,3,8,4,2.6,24.0
1051.2,7.8,3,21,4,3,7,6,3.7,24.2
,9.7,1,9,5,4,2,24,3.0,27.1
1439.2,6.5,4,12,2,3,2,7,2.5,26.7
899.1,19.1,3,22,2,3,1,23,8.7,32.0
1183.1,6.2,3,7,1,4,2,16,9.3,29.1
,11.1,2,5,2,2,6,25,2.6,25.5
68.0,17.2,3,8,3,2,1,12,6.2,30.2
789.1,13.5,4,10,6,3,1,13,4.9,32.5
,6.8,2,10,1,3,6,3,4.4,25.4
683.6,11.3,3,14,5,3,10,9,9.6,28.4
542.6,2.1,3,6,3,4,5,15,1.4,23.4
412.2,11.1,2,13,3,3,3,10,9.8,30.7
814.9,8.9,2,2,2,4,9,5,3.9,25.8
594.2,15.3,3,22,6,1,9,13,6.1,30.2
1456.4,17.0,2,7,0,1,9,25,9.4,34.8
300.7,4.4,1,7,1,4,4,23,6.8,28.3
513.5,2.1,4,3,2,2,1,10,7.9,28.9
476.2,8.1,3,9,4,2,10,4,1.9,23.1
837.8,10.9,3,23,2,4,9,1,6.1,30.0
,7.8,3,14,6,2,6,17,3.8,25.5
983.4,12.8,3,16,1,1,8,18,4.8,28.9
1427.5,10.4,3,14,3,3,10,23,3.1,23.1
463.6,18.8,1,8,3,1,1,15,6.5,36.7
1054.5,,2,18,2,4,5,7,5.8,27.0
,2.1,3,8,0,2,9,1,2.2,22.8
430.5,6.4,4,19,5,2,8,14,7.6,31.9
722.4,12.3,3,23,1,4,2,8,3.6,26.8
,5.5,4,0,0,1,1,20,6.3,32.0
945.6,5.7,3,4,3,3,4,17,8.8,27.1
1033.6,7.1,3,18,1,4,5,13,4.6,24.1
1132.8,15.0,3,2,4,1,2,19,6.8,33.9
799.0,18.8,1,17,5,4,3,14,8.8,35.3
925.7,7.3,3,5,1,3,6,17,6.6,24.2
624.3,4.3,1,14,0,1,8,20,9.8,30.3
109.8,8.7,3,15,0,4,6,2,1.7,25.7
194.9,7.4,2,7,0,4,6,5,4.3,26.9
999.7,19.8,4,20,3,4,8,12,7.3,36.9
1493.6,9.5,3,21,2,4,7,18,5.4,25.8
72.9,13.7,3,5,5,3,3,11,3.3,28.2
858.5,18.3,3,17,2,1,3,23,4.0,32.4
1139.0,12.8,1,16,4,3,2,25,7.5,30.0
1248.8,5.4,3,6,3,4,2,3,8.1,28.7
,12.3,3,19,2,4,9,17,6.7,28.3
948.9,8.3,3,7,5,1,7,2,9.0,31.2
1060.3,8.7,3,6,3,3,7,20,5.7,25.8
1295.5,19.6,4,17,3,4,5,3,8.4,35.3
227.3,,1,2,3,1,1,3,2.0,28.7
1393.0,9.6,4,22,4,1,5,19,9.9,35.5
,3.6,1,9,2,1,2,10,8.9,33.1
1262.5,4.0,4,11,0,3,10,10,9.0,28.7
161.3,12.3,4,16,2,2,5,11,8.9,33.6
332.2,15.1,4,21,2,4,2,12,8.6,33.6
,12.9,1,18,6,4,3,17,1.8,27.4
695.6,6.9,3,9,6,1,7,19,9.2,31.3
534.8,,4,17,1,3,5,24,2.5,22.9
290.7,9.7,3,9,2,4,1,14,8.8,29.6
704.1,10.3,3,12,3,1,4,22,6.0,33.1
633.4,15.5,3,16,1,1,7,16,3.5,31.0
1163.1,13.0,1,13,0,4,6,2,3.8,29.5
1345.0,17.5,3,1,6,1,6,22,3.4,28.9
996.2,15.8,1,1,4,1,7,11,7.5,33.1
230.4,7.6,3,3,2,4,8,12,7.6,28.1
478.3,12.8,3,2,1,3,5,21,4.8,25.3
1374.3,15.1,2,17,3,4,8,22,4.8,28.4
178.7,19.2,1,4,1,2,10,25,2.9,27.2
639.9,8.7,4,5,1,3,2,14,4.6,28.4
1416.6,13.1,3,7,6,3,8,12,7.0,25.8
1428.5,8.2,3,4,4,4,3,11,6.6,28.4
646.2,,3,20,2,1,2,9,2.2,29.3
1017.7,18.3,3,2,1,1,3,7,7.6,34.9
712.3,18.4,3,4,5,2,10,8,9.9,32.3
1142.5,3.6,3,5,4,3,7,19,8.3,25.3
95.8,4.5,2,2,5,3,5,8,1.1,23.4
,15.2,3,6,5,4,3,16,8.4,31.8
940.6,12.8,2,4,2,3,6,7,1.3,25.4
,18.1,4,8,4,4,6,21,2.2,30.7
,6.6,3,3,2,3,5,11,3.2,24.8
559.3,17.0,2,22,0,2,5,14,5.4,28.8
1335.6,13.8,3,18,0,4,8,25,8.6,28.8
1237.9,4.3,1,15,0,2,6,22,8.3,30.1
764.6,3.0,3,14,6,4,1,9,4.4,26.7
,14.2,4,16,5,3,4,8,5.3,32.6
443.1,3.6,3,22,2,1,1,14,2.5,28.1
766.7,16.0,3,3,6,1,10,19,9.6,31.8
336.3,11.4,3,12,5,4,4,25,3.5,26.7
1298.3,9.8,3,4,0,4,10,10,2.8,22.8
1243.4,5.9,1,10,1,1,3,15,9.9,34.4
1358.1,19.7,3,21,2,1,4,3,2.9,34.1
1322.3,14.6,3,15,5,2,5,19,2.6,26.6
,15.7,1,15,4,3,10,14,9.8,31.5
381.1,15.5,1,2,2,2,1,17,1.7,30.8
1401.1,11.9,1,19,5,1,8,6,1.3,29.5
878.3,18.8,2,17,2,3,7,11,5.1,29.7
662.6,11.9,1,8,6,3,3,2,3.7,29.4
862.5,10.6,3,8,5,3,9,9,8.8,28.0
546.8,5.8,3,13,4,4,6,10,7.6,27.3
468.4,6.0,3,18,0,2,6,12,5.9,26.4
,14.9,2,12,1,3,4,25,1.1,25.4
169.5,7.0,3,20,6,2,5,16,3.4,26.6
770.0,14.7,4,4,5,4,9,23,9.0,34.4
1337.3,19.1,2,16,1,2,10,6,3.2,27.2
,9.1,2,19,6,2,9,25,1.2,23.6
805.4,2.4,3,16,2,3,4,16,3.1,22.3
671.5,,2,8,2,2,7,1,7.8,30.6
723.4,0.7,2,11,2,2,10,22,8.7,24.7
353.5,15.8,3,11,3,4,7,4,3.6,28.7
1243.3,10.8,3,7,5,1,1,21,3.1,29.5
337.7,10.0,4,3,1,1,8,6,8.5,33.0
,,4,4,6,4,6,17,2.8,28.1
1152.0,10.6,3,15,2,2,5,19,4.3,25.0
883.6,6.8,3,5,6,4,1,3,4.4,29.1
1301.2,,4,18,6,3,5,25,4.6,27.7
,8.6,3,19,3,1,8,23,1.7,28.1
1328.3,18.0,4,9,0,1,6,11,8.6,36.4
,3.1,3,8,4,4,3,7,2.9,25.4
1208.2,6.8,2,23,5,4,9,15,4.3,23.7
1013.6,4.2,2,0,6,2,5,20,6.7,25.3
1277.2,8.8,2,6,0,2,7,3,8.2,30.9
1490.0,3.1,4,16,5,4,1,4,6.3,29.3
659.2,15.3,2,20,2,1,2,16,4.3,33.4
1230.2,2.5,3,11,5,3,3,8,1.0,23.0
1129.6,13.5,3,17,4,2,2,23,5.5,27.8
706.7,5.7,4,5,6,4,5,14,6.1,28.8
1394.1,9.7,3,22,0,2,5,17,4.2,27.3
621.9,4.4,1,13,3,2,1,9,6.7,29.8
869.9,14.7,2,17,4,3,7,17,8.1,26.8
203.6,19.0,3,4,2,3,5,7,1.3,26.9
377.4,,4,11,2,1,4,13,8.3,33.0
,,3,17,2,1,3,1,6.3,33.8
625.0,6.8,3,9,5,4,4,12,3.9,27.6
621.4,11.4,4,23,1,4,2,20,7.2,32.1
,14.2,3,19,6,1,9,10,7.3,32.1
,4.4,1,3,1,3,6,2,7.8,28.8
1218.4,9.2,4,20,2,2,9,21,4.7,26.6
1348.0,1.8,3,9,6,2,9,8,6.2,24.8
,14.1,4,14,0,3,5,17,5.3,30.6
883.5,8.6,3,9,2,3,4,18,4.3,25.9
727.5,17.9,3,16,5,2,8,8,2.2,27.9
940.7,5.8,2,10,2,4,4,8,9.3,28.9
698.5,18.5,3,11,1,3,5,13,2.1,24.5
628.0,3.3,1,13,0,4,5,12,6.8,28.8
734.2,12.3,3,5,1,3,7,3,4.6,25.3
893.9,6.5,2,10,1,2,1,3,8.4,31.7
776.4,4.0,2,1,6,2,3,2,5.2,25.4
734.6,,3,1,3,1,7,8,2.7,24.5
1235.9,13.3,3,15,1,3,5,4,2.4,27.2
1131.2,5.0,3,6,5,3,7,19,4.5,24.0
545.0,11.7,3,16,4,4,7,22,5.8,28.1
,19.6,3,18,2,2,4,20,6.7,32.1
1287.8,6.7,3,15,1,1,5,7,8.6,30.7
,1.2,3,10,1,4,1,9,4.4,25.0
894.9,3.3,1,13,4,3,8,25,8.0,26.2
463.7,2.8,3,18,5,1,5,4,3.0,26.0
,,4,8,4,2,3,9,8.9,32.7
396.2,15.0,3,10,3,4,6,12,1.9,25.4
1023.5,6.3,4,5,3,4,1,11,8.2,31.9
,3.3,2,4,6,3,5,24,3.4,23.0
791.2,13.0,3,1,3,1,10,21,6.9,30.1
1425.5,6.4,3,1,4,3,4,25,5.9,27.5
,11.7,3,3,1,1,4,6,6.2,33.5
1319.8,18.7,3,18,3,2,5,2,9.8,34.5
1481.1,6.2,1,15,0,2,3,23,6.4,29.3
1318.5,10.5,3,2,3,4,3,4,2.9,27.7
290.5,16.2,3,18,5,3,5,17,4.7,28.7
1238.5,14.0,3,18,4,2,7,23,1.9,26.8
96.6,15.2,1,21,6,1,3,2,4.0,34.3
620.3,,2,23,2,1,3,16,3.6,31.8
1312.6,11.0,4,2,5,4,8,24,6.8,30.5
1048.7,11.0,2,12,5,3,6,25,9.2,28.2
822.5,14.5,3,19,4,2,4,8,3.5,29.3
612.4,14.1,2,5,5,4,9,7,8.6,30.9
1227.8,13.6,3,14,3,4,10,6,8.9,28.7
1078.9,8.0,3,2,2,1,9,15,6.7,29.0
729.2,16.7,4,7,4,4,3,23,7.3,33.8
,,3,23,2,1,10,23,8.2,26.7
383.4,3.5,2,17,4,4,4,9,4.3,27.0
,7.2,1,6,6,3,1,13,9.9,29.4
982.1,5.4,2,23,0,3,6,19,4.4,25.7
1459.4,13.4,3,4,4,1,10,17,1.8,26.3
408.5,5.0,4,9,2,3,1,1,7.6,28.4
,,1,10,0,4,1,23,4.0,29.7
252.3,10.5,3,15,1,4,1,24,1.2,27.0
1297.8,3.5,3,6,5,4,9,16,2.6,23.2
378.3,5.5,3,6,2,1,3,11,4.3,30.3
779.6,10.7,3,16,0,2,5,20,2.9,25.5
,14.8,3,4,5,4,1,5,2.2,30.4
67.6,8.3,2,3,1,2,10,6,2.5,22.4
,5.0,3,3,2,3,8,25,6.6,23.0
792.8,6.3,3,7,1,1,6,9,2.2,26.8
1220.8,2.4,3,0,5,4,9,19,8.0,23.6
565.2,1.0,2,0,6,2,3,11,8.6,27.5
645.0,19.5,3,17,6,2,5,20,7.5,31.0
,2.4,4,12,0,4,10,21,3.2,25.8
,2.9,3,3,6,3,6,13,6.2,25.3
1187.8,17.5,2,6,4,2,4,10,1.5,28.0
,13.4,4,16,5,2,7,18,9.5,32.2
620.5,9.0,2,19,0,3,10,6,1.1,22.9
1344.7,13.2,3,20,5,2,1,8,3.0,30.6
53.9,18.7,1,5,2,1,10,2,1.7,30.4
,2.4,4,20,2,2,5,13,10.0,27.0
,5.3,2,10,6,2,1,17,1.4,24.6
534.4,17.3,3,7,5,3,10,10,1.0,24.6
444.5,15.7,4,13,3,3,6,19,1.9,27.0
717.1,19.9,3,2,4,1,3,11,8.9,36.0
313.2,6.6,2,11,2,1,2,6,4.6,28.4
818.0,18.9,1,10,6,4,1,1,9.5,36.1
1074.7,7.2,1,14,0,4,6,22,9.6,27.9
884.2,14.4,2,4,4,4,3,21,7.5,34.1
185.0,17.7,3,1,0,3,4,12,2.5,29.5
1274.4,3.8,3,8,3,4,6,6,9.7,26.8
303.7,4.5,4,23,3,3,10,15,4.9,24.5
1159.0,11.8,3,13,5,4,9,12,5.2,26.8
572.8,17.0,4,13,6,4,2,9,6.7,35.2
1185.0,2.0,3,15,5,2,4,17,7.4,25.5
,17.1,3,12,6,1,3,6,9.7,34.3
320.7,7.2,3,5,0,4,4,1,9.7,27.9
770.7,8.4,3,23,3,4,10,5,4.7,25.6
97.8,7.1,2,5,4,2,4,9,2.3,24.7
376.7,18.3,4,15,0,4,7,21,9.2,34.4
1099.8,3.1,3,20,4,1,9,7,2.1,22.6
1264.2,11.7,2,15,0,4,3,25,6.0,29.3
167.1,,3,22,4,1,5,4,2.5,26.4
1329.0,18.6,2,4,1,1,9,25,4.2,28.8
1206.4,16.1,3,15,6,1,4,21,5.8,32.9
1311.0,5.1,3,2,2,1,7,2,7.3,29.9
1062.7,6.3,4,13,4,1,2,14,9.8,33.5
1027.5,7.9,3,4,4,2,10,18,9.3,28.0
811.4,8.4,3,15,6,2,2,12,5.7,26.6
996.5,16.4,3,7,2,2,7,25,3.8,25.3
1382.7,11.5,4,3,2,4,10,4,5.8,29.6
195.8,8.8,4,20,4,3,2,14,4.3,28.0
507.9,14.5,3,21,0,1,5,13,5.1,30.1
155.1,9.4,3,4,3,1,10,16,9.2,30.9
1420.0,3.0,3,5,2,4,1,7,5.6,27.0
695.6,2.6,4,0,6,2,4,13,1.4,27.9
1029.2,6.9,4,16,3,4,10,4,7.2,29.4
1269.6,12.3,3,21,5,4,2,4,3.5,29.5
1487.0,3.1,3,5,5,4,10,14,2.9,21.4
284.6,11.2,2,10,1,1,8,19,7.9,28.1
1209.3,5.8,1,16,4,4,3,18,2.5,28.7
1336.8,14.1,2,10,4,4,3,24,6.5,30.4
120.9,1.1,1,18,3,4,4,2,8.4,29.9
1143.4,9.6,3,18,1,3,6,11,3.7,24.1
564.4,1.5,3,17,3,1,10,2,5.3,27.3
990.5,6.9,3,17,0,2,8,10,6.2,26.6
795.4,,3,10,6,2,1,19,6.8,27.4
426.6,9.6,2,9,0,2,6,15,9.7,30.0
246.1,15.5,3,14,0,2,4,6,9.0,31.7
219.6,2.5,2,2,0,4,6,2,2.9,24.3
199.8,14.8,1,14,1,2,5,4,5.9,30.7
974.8,11.9,4,0,1,2,6,11,2.4,30.1
559.5,10.3,1,17,4,2,8,25,1.5,24.7
364.1,12.2,2,14,0,3,3,10,4.3,26.8
1053.2,7.0,3,11,4,2,4,5,3.9,26.3
1045.9,14.4,3,7,2,4,1,7,6.1,31.7
831.8,15.7,3,12,2,4,4,18,6.8,30.5
1405.7,15.7,3,15,3,2,10,7,4.5,27.6
608.9,5.8,3,16,0,2,8,21,8.8,28.0
1262.0,13.3,3,22,3,4,7,1,8.6,31.0
159.0,3.4,4,4,3,4,9,9,7.5,27.3
1122.8,10.2,1,1,5,4,6,7,4.2,27.0
,0.6,3,15,1,1,1,12,3.2,26.8
1277.6,4.3,2,3,0,1,7,10,2.0,25.3
890.5,12.8,1,3,0,3,2,14,3.3,27.7
958.8,,4,6,6,2,2,9,9.6,36.9
562.3,1.5,3,17,2,2,7,6,4.8,25.4
,11.4,2,1,1,1,10,17,4.7,28.6
,12.9,3,9,0,4,4,8,5.2,29.1
1497.4,,2,2,1,1,4,22,6.8,33.0
764.1,13.3,3,20,3,3,7,25,9.3,27.4
138.9,2.5,3,18,6,4,4,6,2.0,24.9
,3.4,4,2,5,1,2,7,8.4,31.5
222.6,12.9,2,6,5,3,3,24,5.0,26.9
404.9,4.7,2,11,0,4,9,21,3.5,22.6
526.7,18.6,4,10,4,2,7,12,5.9,33.4
1110.0,,4,4,3,2,4,14,5.9,33.4
316.5,19.0,2,11,1,3,10,7,2.2,26.3
290.3,6.2,3,20,3,4,4,17,1.9,26.4
115.2,14.5,4,5,4,3,7,24,6.6,32.3
1316.2,13.4,3,3,0,1,2,12,7.6,33.9
1055.6,1.2,3,9,6,3,10,11,6.5,22.9
107.9,5.7,3,11,5,1,3,15,4.2,28.0
91.0,4.5,4,6,6,4,5,21,6.0,28.2
860.1,7.7,3,2,0,2,6,14,9.2,27.0
459.7,19.1,2,2,0,3,6,12,9.3,32.7
915.3,,3,19,6,3,6,13,3.1,27.5
680.2,,3,3,6,2,8,1,1.9,23.4
1388.8,10.8,3,6,4,4,9,21,6.9,26.8
467.3,4.2,2,18,1,4,4,9,2.6,25.6
1034.8,5.9,3,14,2,3,7,23,8.2,25.3
128.4,,3,0,5,4,6,10,3.5,22.7
1436.0,13.0,4,4,6,1,5,7,2.4,30.0
1472.1,13.3,3,11,4,1,6,23,8.3,32.0
1121.7,16.9,3,8,2,2,9,4,2.9,28.5
724.6,17.5,3,23,5,1,7,20,1.1,29.2
,3.6,1,2,1,2,1,21,8.4,28.1
1228.1,15.0,3,0,0,1,1,6,1.8,30.3
1117.7,3.1,1,13,2,2,8,6,4.8,25.1
371.8,7.8,3,23,3,1,6,9,4.6,27.5
704.3,10.6,3,0,4,2,6,22,2.3,24.3
721.1,1.5,1,19,4,2,9,9,1.3,22.2
1248.3,3.6,3,23,5,2,3,3,1.8,26.9
1041.6,5.8,4,9,1,4,3,11,4.8,31.9
982.6,3.0,2,9,4,3,7,3,9.6,27.5
992.2,18.7,4,23,0,1,8,14,7.5,36.6
442.2,6.1,2,15,6,3,10,5,7.4,22.8
,10.3,1,13,3,4,10,7,7.0,31.7
116.2,19.9,3,6,6,1,4,1,7.9,36.1
1191.1,11.5,2,22,6,1,2,1,5.8,31.0
677.8,8.5,4,6,1,4,7,19,9.9,34.3
685.4,18.6,3,9,0,1,2,24,6.5,34.1
405.8,4.8,3,20,6,4,5,10,6.7,27.6
,,3,12,3,2,4,1,1.2,23.9
902.3,10.9,3,18,0,4,4,24,7.8,29.7
387.2,8.8,3,23,4,3,9,11,4.2,25.4
143.1,16.0,3,15,6,4,4,10,8.0,32.5
1162.9,,4,3,4,4,9,20,8.6,28.8
595.9,12.5,3,18,1,3,3,18,1.2,26.0
601.3,14.4,3,14,2,1,3,19,4.5,31.9
675.4,19.5,3,4,1,4,3,18,9.1,33.2
1231.8,3.3,3,2,3,1,8,1,2.2,24.6
515.2,5.3,2,22,2,2,8,9,7.7,25.4
1149.2,18.7,3,2,2,2,1,17,3.9,30.6
1412.3,12.8,3,10,1,2,4,23,5.6,30.2
1008.3,1.2,1,23,0,1,10,16,9.1,29.1
675.9,2.0,4,20,5,4,6,10,6.7,27.7
1134.3,15.8,3,20,5,2,2,23,4.9,29.6
,11.6,2,17,0,4,3,14,7.3,28.3
650.9,11.5,4,11,1,1,5,4,3.0,31.3
811.7,17.7,4,6,3,2,3,10,1.1,31.6
510.7,5.2,4,21,4,3,5,22,6.6,27.7
201.2,3.6,1,13,6,4,6,11,8.8,29.1
651.5,12.5,3,9,4,3,5,14,7.3,28.2
229.6,17.7,3,23,4,3,6,2,5.7,30.3
645.1,5.7,3,8,5,4,1,17,2.3,23.8
857.6,13.8,3,0,4,2,6,8,1.8,26.0
1399.5,,3,14,6,4,1,3,3.5,26.4
102.5,3.9,3,10,6,4,7,24,9.7,26.7
951.1,18.1,4,14,3,4,6,11,5.2,33.6
713.7,2.8,3,14,0,3,7,21,8.2,26.1
79.4,1.0,4,15,6,1,4,18,1.1,28.9
,15.6,4,8,2,4,3,23,5.3,34.2
221.8,7.6,2,6,1,2,7,11,3.2,27.4
,8.2,4,7,0,4,1,18,9.6,32.2
448.1,16.1,1,23,5,1,5,24,2.8,34.5
631.9,4.0,2,17,1,1,3,17,1.4,30.0
817.1,13.2,4,9,6,2,4,17,2.5,28.4
51.4,6.6,3,21,1,4,5,23,1.6,23.5
284.7,2.5,3,18,0,1,5,9,3.8,27.3
185.7,13.9,4,12,4,1,3,14,10.0,37.2
847.0,6.7,3,19,1,2,2,19,9.4,27.2
527.2,17.4,2,22,1,4,5,23,6.1,29.1
845.2,18.4,1,13,0,1,3,20,8.5,36.5
371.6,17.1,3,2,4,4,1,11,4.6,30.8
85.1,6.8,2,10,1,2,9,20,9.0,27.6
1415.0,5.1,1,5,5,3,5,15,2.9,27.2
207.0,17.9,4,16,1,3,1,12,4.6,31.3
233.9,9.3,2,2,2,4,4,12,2.1,28.9
262.5,14.3,3,11,3,1,2,19,9.4,36.6
,16.6,1,10,3,3,10,1,4.0,26.4
945.6,5.9,3,9,5,2,5,24,3.2,23.3
934.9,2.8,3,15,0,2,9,5,3.0,22.6
,12.7,3,13,1,3,4,18,5.3,26.5
178.2,12.0,2,4,5,3,10,24,5.5,26.2
1463.0,5.8,2,19,5,2,10,6,7.1,26.6
345.8,11.9,1,10,2,3,7,15,8.3,29.5
953.5,15.9,1,3,0,3,5,14,7.3,31.3
659.1,7.3,3,16,5,2,10,2,5.4,25.5
,5.2,1,9,4,2,6,17,5.8,27.4
1400.3,14.6,2,15,3,2,2,25,9.8,34.2
266.4,15.8,2,18,2,2,1,23,5.0,27.4
1495.8,19.1,4,15,4,2,6,24,3.9,31.9
599.7,,3,22,2,1,3,13,6.8,29.7
990.7,17.8,3,14,2,4,8,18,7.1,30.0
1453.5,15.4,3,9,5,3,6,6,9.4,30.9
133.5,14.2,3,23,2,3,5,8,4.2,29.2
,6.6,2,12,6,3,3,24,5.6,25.1
873.3,0.9,3,17,3,4,3,8,6.6,28.5
1071.4,10.4,3,7,3,4,3,19,7.4,27.4
266.3,6.1,3,21,4,2,7,22,1.4,24.1
,6.2,1,22,4,2,8,16,9.1,28.4
1026.6,18.6,4,22,3,4,10,2,2.6,31.0
711.6,,3,9,2,3,7,24,3.0,23.1
274.7,18.7,1,20,5,4,6,6,7.2,32.1
404.0,10.3,4,16,5,1,7,25,2.8,31.7
1288.9,16.8,2,2,0,2,3,5,2.2,31.8
100.0,6.0,1,22,4,2,9,9,9.5,28.1
1077.9,12.9,2,12,6,2,1,18,6.8,29.8
1499.1,11.4,4,12,3,3,10,2,9.5,32.2
60.9,18.5,2,9,6,4,2,10,1.6,31.0
283.5,4.0,3,20,2,1,10,23,1.3,22.3
1027.5,4.5,3,2,1,4,8,23,3.5,24.2
,19.0,3,9,3,4,5,14,1.3,29.7
905.2,2.4,3,13,0,2,5,21,4.9,24.4
1041.8,12.9,1,4,0,2,3,20,9.7,34.2
902.8,1.7,3,5,4,4,3,25,4.2,22.4
579.5,2.0,3,14,0,1,4,11,7.6,26.3
1061.1,12.1,3,13,0,4,9,8,6.8,29.4
911.7,11.3,1,19,3,4,3,22,1.3,26.5
351.1,11.7,3,19,1,2,5,12,3.1,27.1
866.5,,3,0,1,3,7,15,6.7,25.2
1328.8,15.0,3,9,3,3,8,17,1.8,26.6
1016.9,19.8,3,20,2,4,4,21,5.1,31.3
734.1,5.9,2,22,4,4,9,25,7.1,25.3
516.3,6.8,2,2,2,4,2,10,4.1,25.4
174.5,6.8,1,18,1,1,8,9,3.8,28.5
404.7,15.4,3,5,4,4,2,22,7.5,31.6
66.2,7.3,1,19,6,4,10,9,4.8,25.7
1480.6,13.7,1,10,5,3,1,17,5.8,29.8
372.6,9.2,1,2,1,1,9,16,2.8,28.5
1231.6,12.4,2,4,3,3,8,11,8.1,28.9
294.5,16.7,3,22,1,2,2,17,6.4,31.8
461.2,10.5,3,18,0,2,8,19,9.8,30.3
656.5,9.8,3,0,1,2,4,5,7.8,29.3
520.4,5.7,3,22,5,2,10,5,6.4,26.7
1207.6,10.6,3,20,6,3,10,12,6.5,24.6
1438.7,5.6,3,13,4,1,10,22,4.0,26.6
1319.2,16.9,4,0,6,1,7,10,5.0,34.8
272.7,8.1,4,10,2,2,9,12,7.1,32.0
1176.2,3.0,4,3,0,2,5,11,5.6,27.1
264.5,5.2,4,8,6,4,1,20,9.6,30.1
,10.9,4,7,5,2,9,4,6.0,29.0
800.9,18.4,3,17,4,4,1,16,1.1,28.8
537.8,6.4,3,17,0,1,7,17,2.1,27.0
277.7,5.7,3,4,6,3,6,6,1.4,21.6
67.1,8.4,2,21,0,4,4,5,9.1,30.0
409.5,19.4,3,16,0,2,8,18,3.8,29.1
1375.3,17.0,4,15,0,1,3,1,8.5,38.9
,3.4,3,18,6,3,10,6,5.0,23.7
,12.5,1,17,5,1,9,13,9.3,34.0
196.1,15.9,3,18,0,1,10,1,5.3,31.8
908.7,15.5,2,6,2,1,9,1,8.7,34.4
422.9,10.0,3,16,3,2,9,16,7.0,25.4
837.3,,3,23,3,3,10,17,3.4,24.0
514.7,11.9,3,18,1,1,10,24,6.2,29.3
461.0,4.4,3,9,0,2,8,15,3.4,23.8
882.1,1.6,1,15,0,4,8,3,2.8,22.9
315.8,7.7,3,21,6,3,2,15,3.9,26.6
730.2,1.7,1,15,4,3,2,1,3.7,23.9
993.7,8.2,3,18,6,3,4,3,5.5,26.5
235.9,16.7,3,21,6,4,4,6,6.7,31.2
1399.4,17.0,1,8,1,1,4,4,9.7,37.3
783.3,1.2,4,8,0,2,3,25,5.2,26.5
,1.9,3,8,4,1,3,17,7.8,30.4
998.2,13.6,2,8,1,3,6,15,5.4,29.6
1079.5,10.2,3,16,4,2,8,1,4.9,28.9
1088.4,3.4,1,11,6,1,9,4,4.7,30.0
1318.9,16.2,1,22,6,4,2,3,8.9,35.4
939.7,4.7,4,16,1,3,6,16,2.3,26.1
453.4,2.0,3,16,3,1,5,20,3.6,25.3
194.3,15.1,3,22,4,1,8,16,7.5,31.3
929.1,12.4,3,20,1,3,9,5,3.7,26.9
146.2,8.2,4,0,3,2,4,7,1.0,25.8
399.9,14.0,4,23,2,4,8,13,3.0,31.1
,18.3,1,21,4,1,6,12,1.3,31.2
845.9,1.2,2,7,4,1,3,3,3.6,26.6
282.5,12.7,3,5,6,3,6,11,3.9,27.6
935.1,4.8,2,12,3,2,1,6,9.6,29.8
,9.7,3,23,2,4,1,5,8.3,30.0
1241.7,8.8,2,14,0,4,5,22,2.1,24.2
498.8,8.1,3,13,4,1,10,4,2.1,24.9
846.0,,1,5,5,4,6,19,10.0,26.0
866.4,16.2,3,21,2,4,7,2,7.0,32.2
735.7,7.9,3,19,6,1,9,5,6.6,28.9
999.9,,1,1,3,3,5,23,6.3,29.6
354.6,7.4,4,6,3,3,6,6,2.3,27.6
,16.9,3,21,0,1,3,2,3.4,31.7
192.2,11.1,3,16,3,3,3,12,4.9,26.5
,8.0,4,9,4,4,10,7,5.0,29.4
911.4,14.2,1,12,3,2,7,16,9.7,32.7
405.0,15.8,2,3,3,4,2,14,1.4,28.8
1131.2,9.9,1,20,3,3,5,15,1.1,24.9
172.5,8.8,1,15,4,3,8,2,9.2,29.2
1172.9,11.8,4,12,0,3,9,8,8.9,31.3
905.5,11.9,4,14,3,3,7,1,3.6,29.1
210.6,8.8,3,14,3,4,1,24,3.9,28.7
165.3,15.3,3,10,2,3,4,3,6.3,28.5
1138.7,8.3,4,4,3,3,5,21,2.8,26.7
474.8,9.3,2,11,4,1,2,22,8.9,32.9
1339.5,12.3,1,19,6,3,5,17,3.4,26.8
1155.0,19.7,4,1,1,4,4,21,1.5,32.7
1062.4,5.6,3,9,0,3,6,23,5.8,26.3
454.0,5.0,2,19,2,3,4,23,7.6,26.0
1078.0,3.9,3,13,2,1,4,8,9.6,31.1
1424.8,13.9,2,0,0,4,9,20,6.6,27.9
182.8,9.3,3,20,3,3,5,8,1.9,24.5
522.9,8.1,3,1,3,2,2,4,7.0,30.6
390.3,,2,11,5,1,8,8,1.8,24.8
620.2,17.9,3,2,4,4,3,24,2.7,30.2
1126.4,9.1,3,6,3,3,2,5,3.7,26.1
737.7,12.4,3,9,4,2,8,15,1.5,24.6
877.6,2.7,3,6,2,3,3,4,4.3,25.7
505.5,2.6,3,21,1,4,1,12,7.9,28.4
254.9,1.8,2,13,3,4,2,23,1.5,22.6
437.1,7.7,2,8,3,2,8,24,5.5,25.4
,9.7,3,6,2,4,3,22,3.0,26.5
923.5,5.3,3,11,6,1,4,21,6.1,29.1
598.1,7.3,2,8,3,2,6,14,5.4,25.8
1195.4,0.6,4,19,3,3,3,1,2.5,27.6
143.5,7.3,4,5,4,3,2,17,8.7,29.3
418.1,2.8,1,16,2,1,1,12,5.5,28.3
,3.0,2,10,3,2,1,6,9.9,28.8
1478.8,0.6,3,6,6,2,10,18,9.9,22.6
,14.1,1,11,4,2,10,1,3.3,27.3
945.8,18.7,4,2,5,3,7,4,8.9,33.0
57.2,12.6,3,12,0,1,5,12,7.5,32.2
317.2,2.4,1,17,5,3,9,5,4.9,23.9
971.5,19.8,3,14,4,1,9,17,8.3,34.0
600.6,19.5,2,0,6,3,5,20,4.8,28.5
1390.2,9.6,3,14,6,4,8,17,5.4,26.0
,2.6,2,0,0,4,1,4,4.3,26.8
698.7,14.6,4,8,3,4,2,16,8.6,31.4
1136.8,19.2,3,15,6,2,9,24,9.2,31.7
1464.3,15.7,4,21,5,2,6,24,2.4,27.4
718.4,,2,23,0,4,9,5,6.3,28.2
981.7,12.4,3,12,3,1,6,6,2.1,30.0
,19.6,4,5,2,4,2,5,9.0,36.9
410.6,1.9,3,19,4,1,2,7,3.0,26.5
,3.4,3,8,3,1,6,23,1.3,25.4
191.4,16.7,4,13,2,1,2,2,7.7,36.4
990.2,3.3,3,4,2,1,9,14,7.0,29.1
1185.1,8.0,4,8,6,4,3,24,4.7,30.3
941.2,6.0,3,11,2,1,7,21,6.6,27.3
768.5,5.2,3,17,1,2,3,12,7.9,29.5
945.2,1.0,3,21,0,4,8,14,2.5,22.4
,11.5,3,4,1,4,3,11,3.7,26.7
362.6,,1,13,0,2,6,17,5.4,29.2
441.4,11.3,4,23,0,2,3,25,6.7,33.4
916.8,6.4,3,0,3,2,9,15,6.5,25.4
690.8,18.9,3,13,3,3,6,11,5.4,30.0
404.5,12.0,4,18,5,2,6,23,7.0,31.0
1330.1,19.2,3,2,4,3,3,9,1.2,29.3
592.2,7.3,2,16,1,4,2,2,3.9,28.3
696.7,0.5,3,10,4,1,8,6,6.2,27.8
644.1,15.7,3,14,3,4,1,17,3.8,27.7
313.8,16.6,2,17,1,3,1,11,9.5,31.7
1110.9,1.6,1,3,4,1,7,23,9.7,30.7
700.3,12.7,3,1,4,4,7,18,4.3,26.4
,13.4,3,7,2,2,4,15,3.1,28.4
1447.8,3.3,4,6,1,1,8,23,3.0,26.7
1232.9,11.3,3,6,0,1,1,19,5.0,32.2
,5.2,3,22,5,1,5,5,9.6,31.0
1310.2,0.8,2,16,1,2,10,18,3.1,22.3
1364.9,17.4,4,8,1,3,4,18,4.0,31.6
539.4,10.1,4,14,4,1,8,24,6.0,30.0
935.9,15.7,4,3,2,4,4,1,6.1,35.8
,14.6,3,4,5,1,3,5,7.0,31.9
437.6,19.9,2,2,2,4,4,21,7.6,35.2
371.8,9.0,3,10,6,1,3,25,8.1,28.7
215.2,8.8,3,14,2,1,2,8,5.4,30.9
1006.0,6.0,2,12,0,2,10,24,1.6,20.8
1182.3,12.7,1,13,5,4,6,1,7.1,32.8
1153.4,10.0,1,3,4,3,10,18,6.3,25.4
508.6,14.7,3,15,6,4,7,10,2.9,26.3
347.6,7.5,4,13,0,2,9,17,8.7,29.6
707.7,3.1,3,22,3,4,4,23,7.7,28.0
842.9,17.3,3,5,4,4,2,15,4.8,32.2
,16.6,2,1,2,1,10,6,9.7,33.2
1318.5,7.3,3,10,1,3,9,24,7.1,24.6
1378.3,14.0,3,4,2,4,10,8,9.4,30.4
1282.9,10.1,1,4,0,3,10,13,7.6,27.4
1448.6,15.3,3,5,4,4,3,5,7.4,31.6
725.0,8.1,1,16,5,3,6,22,3.0,25.2
118.8,10.9,4,10,3,3,8,25,4.8,28.5
171.2,1.6,4,20,0,2,9,10,6.7,27.4
615.9,3.9,2,2,5,1,2,11,8.5,32.4
423.6,15.7,3,22,6,2,10,12,9.2,29.4
296.4,7.9,3,9,4,1,8,24,1.7,25.5
1432.1,1.2,2,12,0,3,5,16,7.4,24.4
333.4,3.8,3,19,2,2,8,3,3.4,23.8
1441.1,8.5,3,11,3,2,3,19,7.4,29.6
1153.2,14.5,3,3,6,4,4,12,3.9,27.6
979.4,7.6,1,5,3,1,2,2,6.1,33.8
1030.2,15.0,3,21,0,4,4,12,5.7,29.6
530.6,17.2,1,1,4,2,4,2,8.8,35.3
987.3,7.2,1,21,4,4,6,7,6.9,31.6
320.7,16.1,1,16,1,4,5,19,3.2,30.9
1409.7,3.0,1,12,2,2,3,13,6.7,28.4
487.6,8.6,2,7,0,4,4,11,6.8,29.6
420.0,2.4,3,20,0,4,6,9,4.3,24.0
1081.2,1.5,3,0,2,3,8,22,3.4,21.8
1001.9,1.8,2,17,0,4,9,7,9.2,24.9
704.4,2.5,1,5,1,3,3,24,2.4,23.2
967.0,16.8,4,8,4,1,5,10,2.3,34.0
281.3,11.1,4,1,2,3,8,10,6.3,29.3
1026.3,19.0,1,13,1,1,3,16,3.8,34.7
,11.0,3,3,4,3,8,20,5.5,26.1
,12.8,2,2,5,4,6,12,3.4,27.1
285.2,4.1,4,7,4,1,2,16,4.3,32.0
531.9,11.0,3,11,2,3,7,11,4.7,25.4
530.3,8.0,1,22,5,3,2,20,6.1,28.5
708.6,18.7,3,19,2,1,6,22,1.7,32.1
326.1,18.7,3,9,0,4,4,22,4.9,31.3
329.9,4.4,2,14,4,4,1,17,7.2,27.6
835.5,12.6,2,18,5,1,7,7,7.4,29.6
236.9,12.9,3,9,1,2,7,16,3.4,26.6
1048.9,11.5,2,18,2,1,3,16,5.9,34.0
1418.7,2.9,2,15,0,3,1,6,4.5,24.9
668.9,,4,16,3,4,9,22,1.3,27.7
1356.6,16.1,3,23,3,4,5,19,4.9,29.5
192.6,7.2,3,9,1,2,9,12,7.1,26.9
112.3,10.5,3,1,3,1,5,1,9.5,32.1
1096.0,2.8,3,12,4,2,8,19,2.0,23.2
1153.5,18.6,3,7,3,1,9,6,4.8,32.5
1272.4,2.6,3,1,5,2,7,19,9.5,24.2
132.4,4.6,1,3,3,3,9,11,5.2,21.7
1176.5,6.3,1,12,2,1,1,18,9.0,32.2
596.0,16.6,1,22,4,3,8,23,7.1,28.3
489.8,14.2,3,8,1,4,8,3,8.8,30.7
300.9,0.6,3,13,5,2,9,1,7.8,24.4
1494.2,4.1,3,4,4,4,7,17,1.6,23.5
,15.1,3,3,2,2,3,12,7.9,31.9
1249.2,8.4,4,18,1,4,7,18,2.2,26.0
977.3,1.0,1,14,5,3,8,3,7.7,24.9
1115.9,19.3,3,4,0,3,10,22,4.8,27.1
1082.0,3.4,3,12,0,4,8,6,7.2,26.8
1294.7,10.5,3,13,4,2,9,4,1.5,24.9
316.5,5.3,3,1,3,3,8,11,2.0,24.0
51.2,14.9,2,7,1,4,2,21,2.0,29.8
917.9,15.6,4,20,2,2,8,3,4.4,31.0
563.1,8.2,3,8,5,4,8,13,2.5,24.0
229.5,13.3,4,17,3,2,2,21,1.1,28.7
319.9,18.2,3,14,3,3,2,13,8.9,33.1
531.0,16.4,4,0,0,2,3,3,7.8,34.5
151.8,8.6,1,22,5,3,6,6,6.1,26.8
132.5,,3,23,0,1,8,15,7.5,31.0
1378.2,17.8,2,16,1,4,9,17,3.7,29.3
502.5,1.2,2,3,2,1,2,5,7.4,28.2
1474.2,0.9,2,20,3,2,10,10,5.7,23.7
1448.3,4.5,3,0,1,4,2,3,1.8,26.0
256.7,16.6,3,12,5,1,6,15,7.0,35.0
1086.6,,3,10,2,4,10,12,9.9,26.0
921.2,6.1,2,16,0,2,5,17,3.3,25.1
1051.4,12.8,2,3,3,2,10,9,1.0,25.9
189.5,4.1,3,21,0,4,7,25,7.8,27.3
323.4,6.4,3,13,1,4,4,2,3.5,26.7
,9.6,1,6,4,4,9,7,4.6,27.7
,4.9,3,7,4,3,1,2,1.1,23.7
1480.6,19.9,2,16,4,1,8,22,1.6,30.1
1024.4,3.7,3,4,2,3,4,8,7.4,25.8
1080.6,17.1,3,7,5,3,8,1,9.7,31.7
1477.6,9.7,3,23,0,4,1,20,6.3,29.5
1033.1,3.0,3,21,2,3,10,23,8.6,23.1
,2.8,4,7,1,2,2,22,2.9,28.0
,10.3,1,13,0,2,7,6,1.6,26.6
578.8,7.4,2,9,3,3,3,2,4.1,26.0
56.3,,4,4,0,4,10,8,2.9,26.8
785.5,19.2,4,7,4,2,9,5,6.5,34.1
1408.7,9.5,3,2,5,2,9,20,9.6,28.5
423.1,18.6,2,20,5,4,4,9,3.1,32.2
,3.7,2,5,4,4,2,12,9.1,26.0
302.0,4.1,4,4,1,2,1,17,5.8,30.5
,12.1,3,15,4,1,3,12,1.9,28.6
166.8,5.8,2,3,3,3,7,8,5.8,25.0
1104.2,4.1,1,22,3,1,4,6,5.2,29.8
1302.9,2.3,3,21,3,1,1,6,7.7,30.1
257.8,2.0,3,9,0,3,10,4,7.7,22.8
468.1,15.2,4,4,5,2,9,15,6.8,29.8
332.8,6.0,3,3,5,1,5,6,7.0,27.6
88.9,19.6,2,20,5,2,3,18,6.5,31.8
852.5,,2,10,3,3,5,10,3.1,23.8
1064.9,7.4,3,13,0,4,3,13,9.3,30.0
989.4,7.8,2,2,4,4,1,22,2.9,27.9
612.7,10.3,1,19,6,2,4,17,6.4,30.6
,17.5,2,12,0,3,2,8,8.0,32.9
186.4,16.8,2,1,2,2,2,1,1.8,28.4
273.7,0.7,4,1,6,3,10,19,5.1,25.4
1401.1,8.5,2,23,6,1,1,9,1.3,29.4
1154.2,16.6,3,1,3,2,9,2,3.0,26.5
1388.0,0.5,3,7,1,2,10,16,6.7,24.7
1379.2,10.9,1,0,2,3,5,21,9.2,28.7
991.6,5.6,3,1,3,2,9,17,3.7,22.7
1395.9,8.5,4,19,2,2,6,21,8.5,32.4
654.2,,3,18,3,3,10,5,5.7,25.5
55.2,8.1,3,7,0,3,9,22,7.8,24.4
140.7,17.9,4,4,0,2,7,9,8.3,33.3
208.8,11.0,4,5,0,4,6,14,6.7,32.1
188.3,18.1,4,8,5,4,1,6,4.8,32.8
560.0,14.7,3,18,6,3,3,16,6.3,29.1
1066.8,7.3,3,14,0,3,10,23,7.2,24.6
1196.4,10.1,3,10,6,3,10,25,8.8,29.7
905.8,8.1,2,1,1,1,8,8,5.9,27.3
262.3,16.7,3,2,0,2,5,11,8.9,30.2
1134.5,4.2,4,4,2,4,5,23,4.5,26.6
,18.8,2,5,2,3,5,8,7.8,30.4
68.8,11.8,4,11,6,1,8,23,6.5,32.6
456.9,,4,20,0,1,3,14,1.7,31.7
529.4,10.6,2,10,6,4,6,14,5.5,28.6
447.7,11.3,1,7,6,3,7,24,7.9,28.7
,13.5,4,13,3,2,7,22,7.1,30.1
,13.3,2,1,4,4,2,23,6.1,29.4
1058.6,4.7,3,17,3,1,9,2,8.1,28.6
251.6,11.9,1,1,6,4,5,3,9.1,33.2
1221.4,7.4,2,8,1,4,10,4,2.3,25.1
1031.9,12.9,2,22,6,2,5,14,3.3,28.5
332.5,11.2,2,9,2,2,8,11,9.9,28.7
,4.0,4,17,6,1,2,6,3.2,31.0
751.1,14.8,2,6,6,4,9,18,8.4,28.1
687.1,9.4,2,20,5,3,1,6,5.8,28.9
212.6,11.3,3,8,5,2,6,25,4.5,28.4
801.5,13.6,4,5,3,1,8,9,7.5,31.8
194.9,13.2,3,1,4,2,4,12,7.8,30.3
288.2,15.1,3,7,1,2,10,2,3.4,27.3
242.2,4.5,1,13,1,2,7,1,1.1,25.8
,2.7,4,1,5,4,10,5,8.0,27.1
463.1,13.5,3,4,5,2,6,5,7.2,29.1
565.0,5.1,4,8,1,1,8,3,2.1,29.0
517.0,2.7,3,17,6,4,1,11,1.3,25.1
1352.5,3.1,4,14,4,3,1,18,6.9,28.8
866.3,6.6,3,1,6,1,6,18,6.4,30.1
1382.8,19.8,3,0,3,3,4,21,7.9,32.2
484.9,3.6,3,1,4,2,5,15,8.9,26.5
216.5,6.3,2,7,4,3,7,4,7.0,26.0
856.5,18.5,4,6,1,2,4,22,6.7,34.4
551.0,19.3,3,2,1,1,10,22,5.7,30.8
1212.8,5.0,4,10,6,3,8,7,6.1,26.3
1325.2,17.7,3,14,4,1,7,22,9.8,32.4
735.2,3.2,4,16,3,1,9,14,1.4,28.5
1458.5,15.3,2,23,0,1,1,10,5.9,36.2
851.9,0.8,4,16,0,2,2,4,3.2,26.3
442.8,8.4,1,23,3,4,9,24,7.5,28.4
759.0,5.3,3,23,0,3,8,17,7.7,26.7
104.1,14.2,1,20,0,3,6,11,3.4,26.8
,0.8,3,8,4,3,2,20,7.8,25.7
197.1,9.6,3,1,6,1,3,20,6.8,32.7
497.7,14.1,4,1,5,4,6,13,9.5,33.1
869.7,1.4,4,20,3,1,1,6,8.3,32.5
112.3,18.0,3,20,6,1,9,12,7.9,34.8
165.0,7.5,4,7,4,3,4,16,2.3,26.5
1059.4,3.7,3,17,6,2,10,5,9.9,25.9
154.1,4.9,3,10,1,1,6,4,8.2,29.7
741.8,7.1,2,1,4,2,4,24,8.6,30.4
541.1,4.4,2,15,6,2,1,15,7.8,29.0
380.7,10.5,1,2,6,3,9,16,8.7,29.1
,12.8,3,3,6,4,7,12,6.5,29.3
1156.9,9.0,3,11,1,2,9,21,1.1,22.4
1429.7,8.8,3,1,4,2,3,10,5.2,28.6
253.3,15.7,4,8,0,1,2,1,3.2,34.5
1441.5,6.4,1,18,2,4,3,20,3.8,27.0
912.4,12.6,4,14,0,3,4,7,3.5,29.5
980.4,17.9,4,1,5,2,4,20,6.7,34.8
1079.4,4.8,3,5,5,1,8,13,8.1,31.1
1071.0,12.6,3,23,0,4,10,9,8.8,27.9
1238.7,19.0,2,23,6,1,1,14,8.9,37.6
751.0,10.8,4,22,5,1,6,11,1.2,30.5
823.4,19.5,3,12,5,4,7,11,7.8,32.7
519.5,6.5,4,10,3,2,3,7,9.4,32.3
202.6,11.5,2,18,6,4,5,9,8.0,29.1
1013.7,6.6,3,22,6,3,8,9,2.0,22.4
98.7,0.6,3,3,3,3,6,12,9.6,25.1
449.7,19.9,3,21,2,4,1,25,5.5,32.5
186.6,,3,14,5,1,5,10,6.2,29.7
,19.5,2,3,0,2,4,16,3.5,33.9
976.2,13.2,2,20,2,2,2,2,8.6,32.5
961.3,18.1,1,0,0,3,2,1,8.9,32.4
660.5,19.4,2,0,5,2,4,18,8.3,34.2
180.7,11.6,2,8,0,4,9,17,2.9,26.5
678.4,20.0,1,12,5,3,9,20,2.1,28.2
561.5,15.5,3,10,3,4,2,14,9.8,31.5
,10.7,3,5,3,4,7,8,8.9,29.1
889.6,13.3,3,15,4,3,8,3,8.7,30.5
762.8,4.3,2,11,0,2,5,25,8.0,27.2
756.1,,1,2,5,3,1,5,2.0,26.2
1451.1,5.5,3,19,1,2,8,25,5.6,26.5
1146.6,9.0,3,7,5,2,2,7,2.0,27.2
770.6,4.9,2,16,6,1,2,15,4.8,25.3
744.9,10.5,3,8,3,4,3,3,2.5,26.5
88.4,13.3,4,18,4,3,1,20,5.3,29.5
1416.6,13.3,3,6,6,1,10,11,7.0,32.6
512.8,17.9,4,5,2,2,6,14,8.6,35.0
421.1,19.3,2,1,2,3,9,4,1.7,27.1
1499.1,17.9,1,19,6,3,1,7,9.0,33.4
1092.1,12.6,2,17,2,2,2,11,2.7,29.7
118.7,4.5,3,14,2,3,2,2,9.5,27.2
,18.9,3,14,0,2,1,19,5.3,30.3
87.0,3.9,3,1,2,1,8,9,1.5,23.8
919.4,3.5,4,9,1,1,2,19,8.1,32.7
153.8,6.7,3,20,5,4,10,5,1.4,22.5
1403.4,11.7,1,6,3,3,8,1,6.6,30.0
1408.5,13.8,3,1,2,4,3,24,8.2,30.7
841.8,0.8,2,20,6,3,3,6,5.2,22.7
,15.7,3,0,3,3,4,25,7.1,29.2
,3.9,4,16,2,2,6,18,6.2,26.9
142.8,6.3,3,20,5,1,7,14,1.6,26.3
1119.3,6.8,2,17,1,3,5,16,7.2,27.7
197.6,7.0,3,0,3,1,9,15,9.6,29.9
174.1,15.3,1,21,4,4,8,10,4.1,28.6
501.3,1.3,2,2,2,1,3,24,2.1,26.3
68.1,4.3,3,20,3,4,4,2,3.3,24.9
679.4,0.9,2,0,0,2,9,19,6.7,24.4
1076.1,15.7,1,11,5,2,8,16,9.9,32.6
,19.7,3,21,6,2,10,5,8.3,30.2
926.2,13.4,3,6,4,3,1,17,8.0,28.7
1278.0,12.0,3,1,3,4,1,24,4.2,28.2
639.4,18.2,4,2,6,2,6,8,6.5,34.1
,5.5,1,8,5,2,3,15,4.6,29.6
784.4,1.8,2,8,3,4,8,10,1.5,20.8
373.4,,4,5,4,2,8,1,5.4,28.8
1419.0,5.6,1,10,6,2,5,2,5.9,29.3
448.7,9.3,4,8,1,4,1,5,8.6,33.3
88.0,9.4,3,14,5,4,4,16,7.9,28.7
401.9,6.7,3,6,2,3,3,20,5.1,26.6
581.7,,2,7,0,1,4,2,5.5,32.5
559.5,7.9,3,21,2,2,9,4,8.1,28.8
810.8,2.7,4,18,3,4,8,22,3.6,24.7
1330.5,17.4,1,18,5,4,7,22,4.2,30.5
473.9,14.2,3,9,1,3,1,14,9.1,32.6
805.1,1.3,4,21,3,2,7,20,7.8,27.2
543.2,2.8,3,8,4,4,6,6,9.5,27.7
1241.6,2.4,1,17,4,3,7,1,8.9,26.2
278.5,1.7,3,18,5,1,5,23,7.9,27.0
200.1,1.7,3,7,5,2,6,9,3.4,24.2
779.3,3.6,1,14,3,2,4,9,5.7,28.4
1024.2,17.0,4,4,1,3,8,13,4.8,31.4
1203.5,16.7,1,9,6,1,5,16,4.5,31.6
905.0,15.8,4,12,6,4,9,2,8.0,34.4
1172.1,12.5,1,15,0,1,10,15,4.5,31.0
619.4,,2,8,3,3,8,15,2.3,27.2
97.7,14.9,3,17,5,2,6,19,4.1,27.2
218.3,17.8,1,15,4,1,5,25,8.3,36.2
106.1,14.8,2,20,6,3,6,18,5.6,28.8
527.0,14.9,1,0,1,4,8,16,1.1,26.0
768.5,16.2,4,12,6,4,9,23,6.6,32.0
566.7,11.3,1,17,1,3,8,13,2.6,24.9
862.9,4.7,3,10,0,4,8,2,2.0,23.8
746.9,2.1,3,7,5,4,5,22,3.7,26.6
1033.0,8.7,3,13,6,4,3,25,7.9,29.0
,2.3,3,11,2,1,4,25,1.5,25.3
,3.8,2,10,1,4,10,23,2.9,20.7
552.0,1.0,4,23,6,3,5,23,2.8,24.8
898.5,6.4,3,10,0,3,5,18,8.4,26.6
914.8,19.4,4,5,4,4,5,1,3.3,30.6
506.3,7.9,3,0,0,3,4,19,6.2,25.2
529.0,5.2,4,2,4,3,2,3,2.1,28.3
1056.4,8.4,4,12,0,4,3,4,8.1,33.6
,6.4,3,5,2,1,3,16,3.3,28.5
245.8,13.6,4,2,3,3,2,24,5.2,32.1
,12.9,1,8,6,3,2,6,4.0,29.5
1344.4,1.0,1,5,4,1,10,5,6.9,27.0
102.6,10.5,3,12,6,1,1,14,3.3,33.2
1290.0,1.2,3,1,3,3,2,9,1.0,20.8
286.6,13.7,3,23,1,2,6,21,5.7,29.1
785.5,18.7,3,21,2,2,10,5,9.8,31.0
665.3,18.2,3,20,3,1,7,24,8.5,33.4
64.7,4.5,4,4,3,3,2,7,9.9,32.6
1377.3,15.0,2,17,6,2,7,9,5.0,28.9
709.6,16.0,2,0,6,1,6,17,6.1,31.9
1433.7,17.4,3,17,0,1,8,22,8.2,32.3
,5.6,3,19,5,2,3,13,4.0,26.8
1306.1,9.3,4,6,2,3,5,13,2.0,26.2
1387.5,4.8,2,11,4,3,10,17,2.5,21.9
857.4,1.0,1,22,6,3,8,17,9.7,25.7
,13.4,4,4,6,3,3,20,8.1,31.2
1043.6,8.9,1,12,3,2,8,4,3.6,25.4
846.0,5.3,3,7,0,4,9,24,8.0,25.8
1419.6,17.0,2,3,6,3,8,2,7.3,29.3
686.9,10.2,3,16,6,3,7,6,5.2,26.7
,19.9,4,22,2,2,8,20,1.2,27.8
,16.0,3,13,0,2,6,8,7.6,30.3
1063.0,17.4,1,12,3,4,3,15,3.6,32.2
1462.5,,3,12,5,2,5,4,3.4,27.1
91.1,2.6,1,3,3,4,6,21,5.7,28.1
1123.6,1.8,2,4,0,1,8,8,3.4,26.1
1394.0,18.3,3,17,3,4,8,3,7.4,31.0
158.4,3.2,3,14,3,4,2,3,3.6,25.9
209.7,8.1,3,5,6,4,1,5,8.3,29.0
1053.3,12.4,3,0,5,2,2,19,4.9,30.7
989.5,4.6,3,4,4,3,3,2,5.6,26.2
,4.9,2,12,2,4,3,15,1.3,24.5
1259.9,9.6,4,6,6,1,5,17,1.2,31.6
,7.5,1,17,1,3,8,9,2.9,25.6
1365.4,13.7,4,13,2,4,5,16,4.1,30.0
1323.1,2.0,3,3,5,4,5,8,2.6,23.7
,10.0,3,7,6,4,10,11,5.5,27.1
798.1,3.9,3,0,5,4,8,1,6.4,25.8
415.0,12.3,3,0,4,2,8,4,8.2,27.8
,2.8,3,18,6,3,8,3,5.6,25.5
196.2,4.4,4,9,0,2,1,1,4.3,29.6
1005.3,16.2,4,21,4,4,8,9,9.3,33.2
,5.1,3,5,2,3,5,7,4.9,25.8
791.2,14.9,3,7,4,4,7,7,3.5,27.6
128.9,5.8,3,12,1,2,8,1,1.7,22.2
484.3,5.1,3,6,3,2,1,20,2.7,25.6
386.5,6.3,2,11,1,4,7,24,7.2,27.1
,17.7,1,2,4,4,9,19,2.8,28.6
1190.8,8.2,3,1,6,1,6,5,4.3,28.8
133.1,5.3,2,20,0,2,7,20,1.2,22.9
1282.9,11.0,3,5,6,1,1,7,4.4,31.4
1298.1,8.0,1,2,4,3,8,8,6.8,27.4
546.3,15.9,1,6,0,1,10,20,3.0,31.5
,19.8,3,10,4,1,4,6,1.0,32.9
633.8,10.8,3,11,0,3,5,25,8.5,30.5
273.6,9.3,4,18,5,4,6,22,7.5,32.5
816.6,7.2,2,19,1,3,2,16,9.9,27.8
175.2,19.5,1,7,0,3,1,13,2.2,30.6
1323.8,9.9,1,5,5,3,1,7,7.1,31.1
1390.2,4.0,3,2,3,1,2,17,3.3,25.7
1241.3,19.4,1,3,4,1,8,12,5.5,34.3
,19.2,3,0,5,3,7,17,7.7,29.3
858.5,9.0,1,0,3,4,7,2,2.5,26.9
,7.3,4,10,5,1,1,10,5.2,33.0
409.5,13.8,3,14,4,2,3,3,3.4,27.0
160.1,16.7,3,19,0,1,10,11,2.4,32.6
864.8,10.2,1,7,6,1,6,18,7.5,31.4
526.7,7.0,1,6,6,2,1,3,3.3,30.2
517.4,6.4,3,16,1,1,10,21,5.8,25.4
60.3,6.9,3,15,4,1,6,21,7.2,28.7
914.5,2.8,3,16,0,2,5,7,5.0,26.2
432.8,15.7,2,4,1,3,6,5,2.2,26.9
322.4,2.5,2,1,4,3,4,19,1.1,23.0
108.6,8.3,4,13,2,3,7,20,4.4,28.0
578.3,16.8,2,10,6,3,4,17,9.9,30.5
1324.5,8.4,1,6,0,1,4,4,9.8,35.2
538.2,6.2,3,23,4,1,2,13,5.0,30.3
1034.7,19.0,2,3,4,1,2,7,4.7,32.4
1147.0,3.0,3,6,6,4,10,8,6.8,24.8
525.7,17.8,3,17,5,4,3,15,8.5,33.3
,1.7,3,12,6,2,2,25,6.2,25.5
1053.2,8.6,3,5,5,4,5,5,7.5,28.7
860.9,,2,12,1,2,1,7,1.2,28.6
51.4,7.7,1,10,2,2,5,7,8.9,28.1
100.9,10.9,3,6,4,3,2,6,5.8,28.2
,4.5,2,16,6,4,3,24,5.4,25.5
1184.3,11.6,2,18,6,3,2,3,2.9,28.2
1409.5,3.1,3,1,4,4,9,5,2.2,22.1
1358.3,16.0,3,0,0,4,5,17,4.3,31.4
79.6,11.9,2,21,2,1,1,9,9.3,33.5
,9.9,4,5,4,2,10,23,6.0,27.2
704.2,1.6,2,2,5,2,10,15,4.7,24.3
1194.9,10.2,4,14,1,1,2,4,2.3,33.2
59.7,11.5,2,7,3,1,1,13,1.6,30.5
467.9,5.7,3,22,5,4,2,3,6.5,27.8
1139.4,13.7,3,23,5,1,3,11,9.6,33.9
1199.9,2.0,4,0,1,2,5,23,5.0,27.4
948.6,4.6,3,4,1,2,8,12,3.1,23.1
486.8,14.9,4,14,2,3,10,17,4.4,30.9
500.0,3.4,3,8,4,3,9,10,5.6,23.7
1451.8,5.3,3,0,4,1,10,25,7.8,27.5
,13.2,2,11,5,2,1,15,5.1,29.3
,14.7,2,14,3,2,10,18,9.3,28.1
850.9,1.5,4,23,6,1,7,20,6.8,30.4
643.8,3.0,4,9,0,4,2,20,2.1,25.8
851.4,9.2,1,18,3,3,10,24,2.0,23.8
676.9,12.1,2,10,1,4,8,12,6.0,30.9
1248.7,9.3,1,16,3,4,8,5,8.2,27.3
1368.1,13.1,2,23,6,4,7,6,5.8,28.5
1401.6,15.2,2,19,6,1,8,7,8.2,31.1
868.2,19.0,4,16,6,4,1,15,1.7,32.0
691.1,7.3,1,19,3,1,6,3,4.0,29.7
1072.6,3.7,4,4,4,3,7,9,1.4,23.0
,5.6,4,19,3,4,9,19,4.2,27.1
866.3,3.4,2,23,0,3,7,12,6.1,25.9
1065.0,8.2,3,23,1,1,3,9,9.3,32.7
1137.1,17.5,3,6,5,1,7,13,5.1,33.1
1030.8,7.3,2,10,0,2,3,4,4.4,29.1
1131.9,3.4,3,16,4,4,3,1,7.1,28.0
,10.7,3,1,3,4,7,18,7.5,25.3
772.6,19.8,1,16,2,3,4,16,2.5,30.3
903.0,4.2,4,6,5,2,4,18,7.3,26.2
53.6,15.7,2,20,1,3,6,9,5.9,27.9
1291.1,16.6,2,14,1,4,2,6,5.6,29.5
934.5,8.3,4,9,1,2,2,21,9.8,32.7
,12.6,1,1,0,2,5,19,7.9,29.7
1233.7,8.9,1,16,0,2,2,2,8.3,31.6
,5.6,2,12,0,3,8,25,8.4,26.2
1149.5,8.8,2,15,4,4,7,14,6.8,26.2
618.5,2.4,3,0,2,1,10,8,1.2,24.4
1288.6,14.3,3,10,2,4,2,10,4.3,26.5
,16.7,3,18,5,1,8,14,7.9,31.0
877.2,6.5,3,21,3,2,1,3,2.6,28.2
50.9,11.5,1,8,0,2,7,3,9.6,30.2
985.1,5.0,3,6,3,1,2,11,1.1,26.6
1091.4,3.0,4,16,4,3,8,24,6.0,24.7
872.3,13.4,3,5,4,4,1,11,1.8,26.3
770.0,3.1,3,21,6,1,1,22,7.8,28.6
,15.7,2,15,4,3,3,19,6.6,29.6
,5.8,3,22,5,4,4,22,4.6,25.3
,16.5,4,4,3,3,8,4,1.9,30.5
1440.7,7.7,4,2,4,2,2,25,5.1,28.9
1075.5,7.7,3,19,1,4,8,21,4.1,25.0
1482.5,15.1,3,6,6,2,5,22,2.7,27.1
1458.3,10.5,1,8,0,3,1,2,2.7,29.5
,4.4,1,6,6,4,10,7,8.6,25.5
1145.3,17.1,1,10,4,3,6,13,4.0,29.9
933.7,7.1,3,21,2,2,9,16,1.9,24.1
,2.5,1,16,2,3,1,17,2.4,23.8
,8.6,3,1,0,2,5,25,6.9,27.3
1159.8,11.7,3,21,2,2,2,1,4.3,29.6
,12.4,3,10,0,3,6,7,1.5,24.7
,16.8,3,16,3,2,8,2,1.5,26.8
209.0,11.1,2,8,0,4,9,14,1.5,23.4
602.4,4.9,3,2,0,2,10,7,7.6,28.2
783.6,5.6,4,10,4,1,3,16,8.7,32.7
676.9,2.5,3,8,1,3,3,10,8.6,24.9
207.5,14.9,4,0,2,4,8,7,5.9,29.4
272.6,2.6,3,18,4,1,8,9,4.5,25.4
1264.5,12.3,3,20,3,3,4,16,3.9,27.2
752.4,12.1,3,21,3,4,4,25,7.7,29.1
120.6,15.8,3,5,3,2,2,5,8.3,32.8
73.9,2.0,4,15,4,2,8,5,9.5,29.7
736.5,4.5,3,12,4,3,2,25,9.9,27.2
,18.2,3,14,0,3,6,23,7.3,29.6
1072.4,11.7,4,19,6,1,4,23,2.7,33.7
1203.2,9.4,3,9,5,1,6,24,9.7,32.3
381.0,15.1,1,6,2,2,10,6,2.1,28.3
908.7,18.1,1,11,2,2,9,5,3.5,29.5
273.9,5.6,4,15,5,3,10,17,8.5,28.3
,,3,10,4,2,7,19,5.6,30.2
1338.8,2.6,4,7,5,1,5,21,3.2,29.0
838.9,,2,1,3,4,10,25,5.7,30.1
1334.5,3.7,3,13,3,2,6,23,7.9,26.4
376.6,5.7,4,0,3,1,4,7,3.5,28.9
528.5,2.4,4,11,2,3,9,8,5.5,25.6
,16.2,3,14,5,2,10,13,3.6,26.1
746.1,19.7,1,11,5,3,5,8,4.6,31.8
1496.6,6.3,3,12,0,4,9,19,2.9,21.8
215.9,6.8,3,6,0,1,5,21,7.4,29.7
1285.3,5.9,2,5,0,3,5,19,3.8,24.3
1302.3,3.5,2,20,2,1,6,1,5.6,26.8
852.1,,4,21,0,4,6,21,8.2,32.9
548.9,1.7,1,3,3,2,9,8,2.3,24.3
802.9,19.4,3,4,6,4,10,9,7.0,29.8
474.1,18.6,3,8,4,1,8,14,4.0,31.9
1208.7,2.8,4,16,6,3,6,4,5.4,27.3
772.5,10.8,3,1,1,2,2,19,7.4,28.3
1392.5,19.9,2,18,4,2,4,17,9.3,33.3
952.9,17.1,1,0,5,1,2,12,8.7,36.2
795.8,14.4,2,20,3,2,1,9,9.1,32.4
,0.9,2,0,5,4,7,8,1.4,20.2
780.7,1.8,4,20,0,1,3,17,4.8,28.3
1361.5,16.0,3,22,4,3,1,25,8.2,32.4
,7.8,1,19,5,1,3,12,8.3,33.6
1461.4,13.5,4,23,2,2,1,25,4.8,32.1
1227.7,,1,10,1,3,2,12,3.6,30.7
1298.1,8.7,1,15,0,1,5,1,5.9,30.1
750.2,3.3,3,14,1,4,7,23,7.7,25.2
1263.9,8.0,1,0,5,3,8,9,7.2,27.0
494.8,17.5,2,20,5,3,4,17,3.3,27.5
1154.8,7.0,4,16,4,4,8,12,1.0,24.7
,1.7,4,10,1,2,1,16,9.0,31.7
,19.2,3,5,1,1,2,20,5.0,33.1
696.3,13.8,3,16,5,4,4,25,8.5,30.9
517.4,,1,23,4,3,7,24,8.8,29.3
,16.7,4,3,5,2,2,7,9.4,36.9
1239.2,8.5,3,22,2,1,1,1,4.2,31.6
422.2,19.7,1,13,5,2,6,18,6.9,32.2
1130.7,17.2,2,18,3,3,5,6,6.4,28.5
156.9,6.0,3,3,4,1,5,9,2.5,28.6
1160.3,7.7,1,2,5,3,5,19,4.9,28.1
1198.4,5.9,2,15,2,4,10,15,4.9,27.4
632.5,13.4,2,6,5,2,2,15,2.7,29.5
1097.6,13.0,3,9,4,3,7,21,4.4,25.5
1377.0,10.7,1,14,3,1,8,16,4.9,29.7
1211.0,19.3,3,5,5,3,8,24,8.2,27.5
,9.7,2,8,3,1,1,5,8.7,32.3
,15.8,3,8,5,3,4,11,7.5,28.6
1180.1,13.3,2,8,0,3,10,12,8.2,28.5
,10.6,3,16,6,3,8,21,1.9,25.1
1215.6,1.3,3,3,6,2,10,21,6.0,25.8
525.7,13.3,3,21,6,2,8,9,3.3,30.7
,13.0,1,17,5,3,1,23,4.8,29.7
,2.9,3,0,4,3,10,17,7.3,22.8
114.4,16.0,4,13,5,3,9,6,9.5,31.9
,9.6,2,4,6,1,7,22,4.2,27.6
1310.7,6.8,3,3,5,1,1,5,6.2,33.8
1330.1,16.6,3,16,1,2,10,18,2.0,23.3
1429.4,7.2,4,5,1,2,9,24,7.1,30.4
685.6,12.6,3,13,6,3,9,18,3.1,23.9
465.9,12.5,4,6,0,3,3,13,5.2,30.1
238.5,1.5,3,7,6,1,10,21,3.9,21.5
776.8,8.7,3,16,6,1,1,5,1.5,30.6
369.1,4.8,2,15,0,4,6,7,7.7,27.9
1406.5,4.4,3,0,5,3,8,17,6.6,22.9
55.8,13.3,1,20,4,1,3,19,8.4,35.7
257.6,0.7,3,14,2,4,10,7,9.5,26.3
,19.4,2,6,3,2,6,16,4.7,29.6
338.5,8.2,3,2,2,3,2,20,7.8,25.4
,6.3,3,11,5,2,10,14,3.8,23.8
1001.3,18.4,4,16,2,1,2,5,4.9,37.8
524.9,10.0,2,0,0,3,10,25,8.5,25.2
941.8,12.5,4,6,2,2,10,9,9.1,32.9
1340.9,14.1,4,22,3,1,10,11,4.4,31.2
,17.5,4,2,3,1,4,15,8.2,36.8
1057.1,3.0,3,19,3,4,5,6,7.9,25.9
580.0,2.1,2,5,6,3,8,2,2.7,22.3
281.6,19.9,4,12,2,2,9,21,6.6,33.7
514.8,0.7,3,18,5,4,3,19,5.5,26.8
1448.2,14.3,3,23,6,2,5,5,1.6,27.9
951.6,12.4,2,14,5,1,4,13,5.9,29.7
452.4,11.3,2,5,3,1,7,19,9.8,32.8
703.8,15.8,2,1,6,1,8,25,8.0,31.8
1261.5,19.9,3,17,2,4,5,24,2.8,29.0
,1.4,3,13,1,4,9,2,3.0,22.8
862.9,12.5,4,18,5,2,4,21,3.9,31.0
1333.5,14.5,1,23,6,2,8,4,1.2,27.3
1025.0,6.5,1,19,0,2,5,16,1.7,26.4
982.0,17.9,2,12,2,3,2,15,7.5,31.8
325.2,9.4,2,16,2,1,4,24,5.9,30.8
204.3,3.7,3,15,5,3,9,15,7.3,25.2
1449.5,17.2,3,4,1,3,5,13,7.4,27.6
918.3,18.9,4,7,4,4,8,16,1.7,30.0
652.7,2.4,2,2,6,2,7,2,9.5,26.7
904.1,15.2,2,8,6,4,5,1,9.7,31.8
139.6,4.7,3,4,6,1,3,19,1.3,25.6
1242.1,0.6,2,21,3,1,8,13,1.6,23.3
364.1,5.6,3,20,4,4,7,18,8.4,27.5
1216.6,17.2,3,17,5,4,4,13,6.5,31.6
824.8,3.3,4,9,2,4,1,22,9.9,31.0
451.0,3.0,1,0,3,1,4,8,3.2,27.1
93.8,14.9,4,13,3,2,1,11,8.2,35.6
,,4,0,5,2,8,7,5.7,30.1
305.9,3.4,1,0,3,2,3,4,6.0,29.2
125.1,5.0,3,3,3,2,4,3,2.9,24.4
1146.0,16.0,3,11,3,2,3,3,6.5,35.7
,12.7,2,17,1,1,10,3,4.7,29.9
614.5,15.3,4,9,1,4,9,9,3.0,28.9
408.2,2.4,2,18,5,2,10,12,8.5,28.0
1295.8,9.4,2,12,0,3,8,20,2.9,24.9
,16.0,1,21,4,4,2,21,3.7,31.0
354.8,5.7,3,9,6,1,7,14,1.8,26.6
498.4,3.8,4,7,4,1,5,15,7.1,32.8
344.6,7.9,3,1,4,3,8,5,3.6,24.8
510.6,7.0,3,5,5,4,7,7,9.6,26.3
170.3,4.1,1,1,1,2,7,7,7.7,27.6
279.9,19.1,3,4,0,4,7,13,9.1,33.2
654.7,9.9,3,22,6,1,9,9,2.8,27.7
,,3,13,2,3,9,6,6.8,26.1
133.1,2.9,3,14,2,4,6,13,8.9,26.6
358.4,,4,9,1,3,1,3,9.7,34.8
1367.1,11.3,3,15,5,1,1,21,6.9,33.8
,18.7,3,13,0,1,1,19,9.5,34.9
,8.5,3,21,1,2,9,25,2.3,22.5
398.7,15.8,1,19,1,3,5,7,1.4,28.1
658.7,6.4,3,13,6,3,5,15,5.2,24.4
356.3,11.8,3,18,6,4,3,21,3.9,27.1
,18.6,3,14,0,3,10,10,9.3,29.9
601.0,12.7,3,23,0,2,3,24,1.1,27.6
884.9,14.4,2,12,6,1,9,5,3.9,29.1
571.9,17.6,2,20,4,4,7,5,4.1,28.0
935.7,18.5,1,4,5,3,4,13,7.4,31.3
479.6,4.6,3,4,3,3,7,9,1.0,20.3
,4.3,4,7,1,3,10,16,8.6,27.2
1196.5,11.2,3,19,5,4,1,22,9.4,31.1
,19.9,3,21,1,4,1,9,5.4,33.7
516.9,10.1,3,9,0,4,2,19,2.0,25.4
878.7,7.0,2,10,5,1,7,9,1.5,26.9
453.3,11.0,2,11,2,2,6,2,3.3,27.5
127.3,1.8,2,4,0,1,7,21,2.2,22.9
1119.9,4.0,4,12,3,1,5,14,5.5,30.9
,3.4,1,19,0,4,9,17,4.7,25.2
667.3,1.0,3,18,3,2,5,10,2.7,23.1
756.2,14.6,3,2,4,3,5,12,8.5,28.3
317.5,6.8,3,8,2,3,5,21,6.4,25.6
187.1,3.8,2,15,0,2,3,14,6.6,24.3
554.6,10.5,4,14,6,1,10,4,7.2,33.0
1430.8,6.8,2,16,3,3,1,13,8.8,29.3
941.9,8.2,4,17,0,4,1,4,7.1,31.7
603.0,6.7,3,7,4,1,5,5,2.2,29.3
106.4,,3,11,6,2,7,25,4.4,22.0
920.4,13.9,3,4,0,4,5,22,5.7,28.0
183.8,2.7,3,17,5,4,8,22,2.7,22.2
836.7,4.8,1,10,2,3,4,3,9.5,31.5
1140.3,4.2,3,8,4,4,3,25,3.3,24.4
664.2,7.0,3,18,0,4,7,6,7.9,30.1
,3.6,3,22,6,3,3,5,9.6,27.4
118.7,7.3,3,21,6,3,6,15,3.5,23.4
85.9,5.2,3,3,3,3,7,10,5.1,26.7
,1.7,3,19,1,4,2,12,3.2,24.8
1330.9,17.5,2,13,1,4,3,22,8.4,31.7
,6.5,2,2,4,2,1,15,8.2,30.0
,2.4,3,9,5,2,3,8,9.0,29.1
1042.2,10.7,2,5,4,1,9,23,1.6,26.2
138.2,,1,6,3,1,1,18,7.7,32.1
272.0,15.6,3,14,5,2,8,8,6.2,29.1
530.4,1.7,2,9,5,1,2,2,4.8,27.1
1021.6,9.6,2,17,2,4,5,4,9.0,28.9
686.6,18.9,4,19,5,2,1,6,8.8,35.1
1114.6,3.6,3,0,1,3,5,4,7.3,25.9
1308.0,4.4,3,19,5,1,10,24,2.5,24.9
1149.6,12.2,3,3,3,2,2,2,3.3,30.1
,19.6,3,0,5,4,4,24,2.4,30.4
,8.0,4,2,4,1,3,20,3.3,30.8
1285.7,13.1,2,1,0,2,8,2,8.0,29.4
1256.9,3.5,1,8,5,3,9,12,4.0,23.0
1108.9,13.0,2,20,5,1,3,1,3.5,31.5
,5.4,4,16,0,3,2,7,3.2,27.3
1405.3,12.5,2,10,1,3,9,7,1.5,24.7
739.1,2.2,3,22,5,3,2,17,4.1,25.8
975.5,10.7,3,11,2,1,9,5,1.9,29.6
796.7,5.1,4,2,0,3,6,20,6.1,26.5
1284.0,13.8,2,0,5,4,8,18,2.7,27.5
675.5,15.1,3,12,3,1,9,24,3.4,30.1
1238.6,17.0,4,5,2,1,7,14,5.3,33.8
1209.1,19.9,2,8,3,3,4,10,4.4,31.8
1444.7,9.5,3,7,2,1,4,18,3.9,27.6
410.9,13.6,1,9,0,2,7,18,9.6,32.7
1078.9,0.9,2,23,3,3,6,6,1.5,21.4
,18.1,1,1,6,1,10,7,8.9,33.4
,12.5,2,2,6,2,8,16,9.4,29.3
1365.0,8.7,2,6,4,2,9,22,9.7,30.1
881.6,9.0,3,17,1,3,4,14,8.8,31.3
889.8,15.3,3,6,1,4,5,23,8.3,29.7
292.6,16.8,3,5,2,4,9,14,3.1,27.6
1463.7,16.3,3,17,0,1,3,16,2.6,31.2
419.8,10.5,4,14,0,4,9,10,6.4,29.8
,7.7,2,15,5,2,6,17,5.8,28.6
1203.9,18.9,1,15,3,4,5,2,7.5,33.0
689.8,12.9,1,15,5,3,10,17,2.1,24.6
356.2,11.1,4,13,0,4,3,11,3.6,29.8
324.0,12.2,4,12,0,2,7,15,7.1,30.9
1291.9,,3,18,4,2,4,25,6.5,30.0
790.6,14.4,1,8,1,4,10,11,4.1,28.5
180.7,11.3,3,7,1,2,6,17,2.3,26.9
1089.7,17.6,3,5,4,4,6,19,8.7,32.7
412.7,17.3,2,19,6,1,4,5,8.5,34.6
1320.8,9.1,1,0,2,3,1,25,2.3,26.7
498.9,3.8,2,5,5,4,10,14,7.7,25.7
340.4,11.7,3,3,2,2,5,19,2.3,25.7
173.0,12.6,4,8,5,4,7,4,5.1,30.8
791.7,10.7,2,5,2,1,10,8,5.2,30.3
703.6,17.9,4,12,1,1,4,24,4.6,35.1
1139.4,2.3,3,23,3,2,1,13,4.1,27.1
723.7,,3,10,2,2,8,1,5.2,24.7
548.5,17.4,4,23,1,3,7,15,7.4,32.5
429.4,18.8,3,7,1,4,7,22,4.0,29.8
453.3,8.8,1,18,2,1,4,3,6.2,32.4
1395.4,4.3,2,3,0,3,10,5,4.2,22.6
,8.7,4,14,0,4,5,13,9.7,30.1
1482.9,,3,18,4,3,1,11,7.2,30.0
524.0,10.6,2,16,0,4,6,3,8.7,27.9
178.2,5.8,3,22,5,1,8,5,4.9,26.3
410.6,6.6,2,14,6,3,5,13,3.3,25.1
,13.3,2,14,1,2,5,15,1.7,26.5
1195.5,12.6,4,15,0,2,10,3,8.4,31.7
,13.4,3,8,1,3,6,18,7.3,26.8
538.6,7.9,2,5,0,4,4,10,8.4,29.2
1010.0,7.1,3,21,1,2,4,25,7.1,28.3
964.4,7.4,4,23,6,2,8,24,1.3,24.0
1412.8,19.0,2,22,5,2,8,16,4.8,29.8
1443.8,8.2,2,18,6,4,1,1,4.0,29.1
1037.0,12.3,3,5,5,2,8,4,4.9,26.1
1235.8,,1,5,5,2,4,7,7.0,30.6
1199.0,17.6,1,7,4,3,2,12,6.1,31.9
762.4,7.7,1,12,0,3,2,10,6.7,29.2
1071.5,9.0,1,5,5,1,9,20,2.9,28.0
163.5,16.9,3,18,4,1,3,15,5.5,31.4
1149.1,3.6,2,2,6,3,6,8,3.1,22.7
1444.7,12.1,3,21,4,3,6,25,5.6,26.1
173.2,,3,10,3,2,5,23,3.7,25.8
1262.4,19.7,1,9,5,2,4,16,3.0,32.7
1402.8,14.6,2,10,4,4,1,6,9.5,31.0
378.0,0.7,4,11,0,1,1,23,3.4,30.4
811.0,16.9,3,13,4,3,5,19,6.6,31.6
1395.4,14.2,3,7,2,2,9,5,6.6,30.9
1442.3,11.4,3,7,1,2,9,5,6.2,29.8
235.4,5.1,4,9,1,1,7,8,7.5,31.8
556.1,3.4,1,3,5,3,3,16,6.5,26.7
1062.3,12.8,1,5,4,1,10,23,8.6,29.9
371.3,9.1,4,10,0,3,4,4,1.2,27.2
520.9,17.3,1,0,2,4,9,1,1.7,30.2
,5.6,3,10,4,3,2,18,6.0,24.4
272.6,12.9,1,9,3,1,6,12,4.6,30.7
,5.4,2,0,5,4,3,2,2.9,26.0
,,3,11,4,3,5,12,4.2,25.2
990.9,1.4,3,15,0,4,8,1,6.8,27.1
,,3,18,6,1,10,24,8.7,29.9
652.2,3.9,2,9,3,4,1,22,2.6,25.4
446.6,12.3,2,12,6,3,5,12,3.6,27.6
,6.7,3,1,1,4,1,21,2.3,25.4
349.6,15.5,1,7,4,4,6,23,10.0,32.7
503.0,2.7,3,15,0,4,10,1,1.2,20.8
308.4,11.3,3,11,1,2,4,15,2.4,24.1
,,2,22,6,4,4,6,4.5,28.5
278.3,0.9,2,19,6,4,3,8,2.8,25.9
1015.8,1.2,3,21,6,4,9,16,7.1,26.1
962.9,6.5,3,11,1,3,9,4,1.2,22.3
1406.7,12.4,1,1,6,4,9,23,5.6,27.9
1207.3,19.3,4,13,0,3,3,13,2.8,29.9
873.2,2.3,1,22,2,2,3,22,6.7,28.3
249.5,,3,4,3,1,2,1,2.1,31.9
867.9,14.0,1,23,5,2,2,20,2.8,29.4
139.3,13.6,3,0,4,4,8,9,8.5,27.4
674.8,10.6,3,14,2,1,6,18,9.1,29.6
615.9,19.4,1,22,1,4,9,14,4.3,30.5
,10.3,3,5,2,3,7,15,6.3,24.7
455.7,16.8,2,6,2,1,10,14,7.1,32.5
1044.5,5.6,3,19,4,1,1,13,7.8,31.7
1269.4,16.2,3,8,0,1,7,12,5.8,30.4
,19.9,3,15,2,3,2,25,6.2,31.0
960.2,18.2,3,2,4,2,4,25,8.1,30.6
,6.4,2,16,4,1,5,15,5.9,30.2
,17.0,1,12,4,1,6,4,5.8,38.0
1098.3,2.4,4,12,2,3,3,2,3.5,26.5
840.2,13.7,3,17,3,2,2,25,8.5,32.7
442.6,7.2,3,10,0,4,2,5,5.0,29.0
525.4,13.3,3,16,3,4,3,18,6.0,29.4
,8.5,3,10,6,1,7,18,6.7,30.1
,0.7,1,20,5,4,9,21,5.9,22.8
740.1,5.0,2,13,4,1,4,8,5.0,28.9
950.3,,3,6,2,2,9,16,5.4,23.0
649.9,8.8,2,21,6,3,9,12,1.9,25.0
731.8,16.9,1,7,3,2,3,6,8.4,32.9
470.9,14.9,3,22,5,3,2,19,1.7,25.9
,15.9,3,23,4,3,4,19,9.9,29.8
1044.1,16.2,3,13,0,4,2,13,9.7,33.9
107.9,7.8,3,10,4,4,10,22,8.9,26.6
,10.4,3,6,6,4,9,16,1.7,22.6
460.3,10.4,1,20,5,4,4,19,1.2,28.2
1039.7,2.7,3,6,4,2,6,19,6.6,23.4
982.0,12.2,3,14,0,4,4,22,2.5,26.3
996.3,14.5,3,19,0,2,1,16,9.5,32.1
931.8,12.4,4,4,5,4,3,2,6.9,31.5
1440.7,15.0,1,4,3,2,1,25,8.7,31.0
,2.8,3,22,3,3,5,25,9.9,26.9
1111.9,15.3,2,23,4,4,5,19,9.4,32.1
1072.9,4.6,1,7,6,1,4,24,1.9,27.7
392.6,17.6,3,5,3,4,7,6,9.8,32.7
460.8,5.3,2,15,3,4,8,23,1.6,20.8
664.8,10.1,1,14,3,2,6,4,8.0,30.9
452.7,10.0,3,6,3,3,4,16,7.7,28.5
581.8,5.7,2,5,4,2,4,13,2.9,25.8
616.9,7.6,3,13,1,4,5,22,4.4,26.5
925.6,4.1,1,6,2,1,8,14,6.7,30.2
368.8,11.6,3,12,3,3,4,16,5.5,27.3
1216.2,18.3,3,16,3,3,8,8,7.3,29.9
684.4,6.7,3,6,3,1,4,13,2.2,26.1
1074.1,10.4,3,13,2,4,6,10,4.7,28.1
168.1,,4,23,6,2,3,24,7.5,33.1
,9.3,1,12,5,3,1,14,1.1,25.9
90.9,16.7,3,3,6,4,5,6,6.9,30.6
1030.1,9.2,4,17,4,1,8,2,5.9,30.9
548.4,9.1,3,10,3,2,5,22,9.3,28.8
1426.4,3.6,4,17,3,3,8,16,9.7,29.1
520.0,,3,0,6,1,1,12,7.2,28.5
867.5,12.4,3,17,4,3,1,8,5.8,29.1
423.2,16.6,1,16,5,3,10,8,5.8,29.9
949.2,3.1,2,0,5,4,6,16,5.0,21.7
727.2,18.2,3,11,6,2,4,13,8.0,34.4
587.4,7.5,3,11,3,4,7,14,4.0,24.9
345.3,8.8,3,13,2,3,8,16,3.2,23.0
211.7,17.9,4,14,6,3,9,24,5.0,30.2
,18.0,2,16,1,3,10,5,4.0,26.8
1498.6,,3,21,2,4,4,16,8.3,29.5
647.9,5.9,4,18,6,3,1,19,3.5,26.9
52.8,3.9,4,7,4,2,5,13,4.6,29.0
1431.7,5.8,4,23,4,4,2,10,3.4,32.0
79.0,15.7,3,11,3,3,6,14,5.8,29.4
656.9,6.8,4,20,3,2,2,18,3.8,29.2
1090.3,14.0,3,11,6,3,7,9,6.6,27.6
1376.2,4.3,1,7,2,4,9,4,8.3,28.8
1083.7,9.8,1,17,3,3,3,3,7.7,29.0
,,3,17,0,4,6,2,3.7,26.4
1462.9,,4,2,0,3,10,23,6.1,27.1
,11.6,3,1,1,4,4,5,4.4,26.9
1481.0,19.8,3,18,2,1,8,17,6.9,33.0
,18.0,3,3,2,4,1,5,8.8,32.5
1396.9,14.1,3,11,4,4,7,14,8.6,31.8
419.4,3.5,2,11,3,1,1,20,9.0,29.7
256.6,18.4,3,10,0,4,1,4,4.6,31.6
1011.8,17.9,2,11,3,3,6,13,8.3,29.8
798.0,17.8,3,22,0,2,9,11,4.4,27.3
,9.8,3,12,3,1,8,20,1.9,28.0
1390.7,3.8,3,20,0,2,5,15,6.3,25.8
,15.2,3,11,0,3,4,19,6.4,31.9
501.0,8.1,4,11,5,3,5,15,7.8,30.9
630.1,,4,15,0,1,3,7,8.6,34.2
243.6,,2,5,6,2,1,15,9.1,30.4
328.9,11.4,1,22,3,1,9,23,7.3,31.1
257.9,7.0,1,22,5,2,6,11,6.6,27.0
1224.9,14.0,2,4,1,4,9,20,1.1,23.7
1072.1,13.1,2,3,3,4,6,17,2.0,25.3
,10.4,4,8,6,4,4,3,2.3,31.1
592.8,1.6,4,4,0,1,1,3,3.3,30.6
1019.3,18.8,2,1,3,3,8,15,9.0,31.2
1228.7,8.5,3,19,0,2,7,5,7.5,28.9
1327.8,9.3,4,4,2,2,9,11,6.7,29.2
843.2,9.4,3,8,6,4,3,12,2.1,25.7
1238.8,7.6,4,23,3,4,4,12,6.9,32.9
791.4,13.7,4,9,2,3,3,19,7.6,32.6
738.1,0.8,4,0,4,4,2,10,3.8,25.2
1304.9,17.5,3,5,1,2,9,3,3.2,26.3
610.2,2.5,3,5,0,1,4,13,7.2,29.7
,20.0,2,13,3,4,1,22,2.1,29.3
492.1,12.7,4,10,5,1,1,9,6.2,35.2
802.1,1.8,2,1,1,2,4,20,9.8,24.4
840.0,11.5,3,7,0,4,1,12,1.2,26.8
,7.0,2,11,4,4,9,5,2.6,25.4
674.2,,3,13,2,1,9,14,5.8,31.7
365.9,15.2,1,10,6,4,10,13,1.6,25.9
1306.9,10.4,4,23,2,3,9,19,7.4,28.6
551.7,8.9,3,11,2,1,1,18,1.7,29.0
,19.9,3,16,3,3,7,4,2.7,28.1
350.7,13.5,3,13,6,2,9,2,5.9,26.5
862.1,10.5,3,9,4,3,9,4,8.3,27.9
,8.3,3,0,4,1,5,17,4.3,28.2
1251.5,6.8,4,16,5,1,10,13,1.5,28.3
,14.3,4,20,5,3,2,10,4.1,29.9
1369.4,12.0,3,20,3,3,7,12,1.7,26.5
820.6,17.0,4,19,2,1,3,1,2.7,35.7
899.9,11.3,3,5,1,3,10,15,5.2,25.0
789.7,11.9,3,10,3,2,9,5,8.9,29.6
102.2,9.8,3,17,4,4,10,16,9.0,29.8
,15.4,3,17,2,3,1,4,7.3,32.5
432.1,8.6,3,14,3,2,3,7,8.6,31.4
546.9,17.1,3,1,3,1,4,24,5.8,33.5
991.2,6.9,2,17,4,4,10,17,9.6,26.4
771.7,,3,13,5,3,7,23,8.5,29.3
185.2,17.9,3,2,3,1,10,13,6.9,34.2
155.9,15.5,3,12,3,1,9,19,3.1,30.2
319.2,,4,17,2,1,3,13,7.8,32.5
326.8,14.3,1,22,2,3,2,16,8.9,32.0
,4.5,2,18,4,4,7,15,5.3,25.9
307.8,1.6,3,6,4,3,8,1,4.3,23.0
1328.5,15.9,1,16,3,1,3,16,4.3,34.3
354.2,16.3,2,16,2,1,7,4,7.8,32.6
182.1,0.9,3,4,6,1,4,16,9.6,29.0
1319.8,19.0,1,19,5,1,8,3,4.6,34.0
478.2,9.2,3,3,5,1,7,21,2.0,27.7
666.9,18.2,1,18,5,1,7,15,1.4,30.8
1440.6,15.9,1,17,3,3,1,13,8.5,29.8
1419.3,18.1,3,23,4,3,9,24,3.8,23.6
,16.8,4,15,1,4,7,24,8.4,33.0
,19.5,3,1,5,1,3,7,2.0,32.9
910.3,12.8,2,23,0,4,5,24,1.4,26.0
1484.2,4.9,3,9,3,2,3,11,3.8,25.8
1423.0,8.1,3,10,1,1,2,9,3.8,31.7
203.7,15.2,3,20,4,1,5,24,10.0,33.3
,3.6,2,5,1,2,7,23,3.1,23.7
507.5,18.6,2,15,6,1,8,22,7.7,35.1
,4.5,3,18,0,2,10,11,9.3,25.0
1057.5,17.6,3,12,5,3,7,15,8.0,32.1
447.1,9.9,4,17,4,4,1,25,9.8,34.2
550.1,16.9,3,17,6,1,4,2,2.5,31.5
,19.2,3,12,2,3,5,24,7.2,27.3
772.1,8.7,3,2,4,1,10,24,5.7,29.6
279.3,14.1,3,17,0,2,2,11,8.8,33.9
,4.9,3,18,4,3,9,1,7.7,24.5
257.8,16.1,2,7,3,2,3,9,8.0,34.1
1433.1,16.5,4,19,5,2,7,3,4.5,29.8
260.2,6.3,2,5,5,2,5,18,7.1,27.4
806.7,1.0,3,4,3,2,10,9,8.9,24.7
335.6,8.9,3,3,2,3,3,10,2.8,24.1
160.7,3.8,4,13,4,2,5,15,1.3,25.6
343.3,16.5,1,6,6,3,7,17,3.8,28.6
129.4,,4,16,2,4,2,4,8.8,30.2
252.1,18.9,1,15,5,3,3,11,5.2,32.4
,19.5,1,10,3,4,8,3,3.3,29.8
995.1,18.2,4,6,6,2,8,13,9.2,33.6
176.6,12.2,2,21,4,2,7,9,1.4,27.7
689.5,5.7,3,21,4,1,2,10,8.3,30.4
892.8,16.2,3,8,4,3,3,5,8.2,28.5
389.6,14.2,4,5,5,3,10,20,5.7,28.7
589.5,19.6,3,19,6,3,10,8,3.4,27.9
154.2,7.9,2,16,2,3,5,16,4.9,25.3
369.2,1.6,4,10,5,3,6,17,4.2,26.2
726.8,20.0,2,12,4,1,1,18,2.3,33.6
,16.8,3,17,4,1,7,1,6.4,32.2
1494.6,4.8,3,5,1,3,1,21,2.8,25.3
1470.5,14.6,3,23,3,1,1,17,10.0,35.7
663.5,,3,13,1,4,6,20,6.2,24.7
167.0,11.4,4,3,0,2,9,19,2.1,27.4
519.2,7.6,3,22,6,3,10,13,6.5,25.2
394.7,7.9,4,23,5,3,5,19,4.4,27.8
70.5,5.3,1,22,3,3,6,7,2.7,24.5
188.1,5.9,3,16,3,2,6,9,3.7,25.8
707.1,9.4,3,6,0,3,5,10,3.3,26.2
542.5,,2,12,2,1,8,10,6.2,28.8
311.5,9.6,3,12,1,2,8,14,3.5,26.4
1088.3,11.8,3,12,3,1,5,19,1.4,25.9
567.8,14.4,3,3,3,1,3,6,8.4,35.2
1285.2,13.7,2,7,6,1,9,9,3.6,28.4
399.4,5.2,2,11,5,2,7,20,3.7,25.6
830.7,,2,12,4,1,5,20,4.9,25.0
317.0,16.7,2,7,6,1,3,6,8.1,36.7
768.2,17.5,1,17,2,2,5,3,6.5,29.8
271.1,19.6,4,22,0,3,9,9,1.8,30.1
284.3,19.2,2,11,3,1,4,3,5.1,33.5
937.7,12.9,4,15,0,3,9,16,7.8,30.6
432.5,17.9,4,4,6,3,3,19,1.4,32.4
299.9,9.2,2,4,0,1,2,18,1.4,28.9
1398.2,15.9,4,1,5,1,1,9,7.3,38.2
112.4,19.1,2,23,4,4,2,10,5.5,33.8
869.5,16.0,3,7,1,2,3,13,2.5,28.2
845.0,,4,16,3,4,8,19,7.0,29.8
413.4,7.9,4,14,3,3,6,24,1.7,27.5
706.5,6.2,2,3,5,1,7,23,5.0,28.1
177.2,7.7,2,3,2,3,1,9,8.4,28.0
1095.8,16.5,2,19,4,2,7,5,2.6,28.9
371.5,14.2,4,19,2,2,7,2,6.3,32.1
,5.4,2,13,0,1,6,23,4.3,27.9
506.6,14.4,3,8,4,2,7,24,9.0,29.3
1358.4,7.9,2,9,1,4,2,14,6.8,28.8
1204.9,11.4,3,18,1,1,5,2,4.2,30.3
1423.0,7.7,3,4,2,3,8,12,5.4,24.4
,10.7,2,2,3,1,2,19,5.7,32.8
1011.2,14.7,3,6,4,3,2,20,9.9,30.6
746.0,14.8,3,4,5,4,8,20,7.7,28.4
1362.5,15.2,3,4,4,4,6,20,7.4,28.5
790.8,,3,11,2,4,3,3,9.9,30.2
564.8,14.0,3,19,6,3,4,18,2.4,26.5
978.5,5.2,3,16,3,3,9,25,5.2,24.1
,9.8,3,6,1,4,4,11,9.7,28.7
229.8,11.9,3,10,5,1,4,13,8.7,30.8
,13.9,2,11,6,1,9,7,2.8,27.1
504.3,18.3,1,9,2,1,3,21,4.8,34.8
1277.9,6.4,4,23,1,1,5,10,2.7,31.4
599.3,17.0,4,22,2,1,4,25,7.3,37.0
1241.3,6.6,2,23,2,2,5,15,6.6,26.4
,11.3,3,10,1,3,3,9,6.2,28.5
1142.6,16.6,3,18,0,4,9,15,9.1,27.9
246.2,14.6,3,17,1,3,2,1,1.9,29.9
1390.7,17.3,2,19,2,1,6,24,9.5,35.4
,16.4,4,3,1,1,7,12,5.4,35.4
426.7,5.9,1,22,1,2,9,12,1.2,23.1
400.2,19.9,4,22,6,3,1,11,9.2,35.4
434.4,,1,19,1,4,9,17,9.4,32.4
581.8,8.9,2,13,5,2,3,20,9.5,31.7
,1.4,2,10,4,1,7,17,8.5,29.2
1426.9,6.4,2,5,3,1,1,4,3.5,29.3
1020.1,16.8,4,1,5,3,2,19,3.6,32.0
843.4,19.0,3,23,0,4,6,17,4.0,28.6
700.5,16.7,1,5,5,1,2,25,3.0,31.3
1250.9,8.2,4,8,2,1,5,7,9.2,34.1
1282.0,1.6,2,10,5,1,5,21,5.8,25.8
474.9,10.6,1,16,6,3,5,22,3.4,24.7
1432.5,7.8,1,6,5,2,1,1,8.0,31.1
622.9,2.9,3,5,0,4,8,23,6.6,24.2
1210.1,2.6,4,7,6,4,4,21,4.4,25.9
1451.9,3.5,1,7,5,3,8,21,9.2,25.8
,4.5,3,1,0,1,3,25,6.0,29.1
284.2,15.2,2,9,1,3,3,6,6.7,29.8
899.9,7.9,2,13,6,2,1,1,1.3,26.7
222.2,9.0,3,10,5,4,9,16,6.7,26.5
1194.3,12.2,3,8,2,3,4,15,4.7,29.4
457.9,19.2,3,22,6,4,2,22,7.7,34.2
1058.1,,2,6,3,2,3,15,1.4,28.2
1369.6,13.1,1,20,6,2,2,3,4.5,29.8
312.5,15.0,3,14,4,2,2,14,1.6,27.7
619.6,14.5,3,15,4,4,1,10,9.4,31.0
988.3,14.0,3,6,0,3,8,22,4.8,25.6
,10.2,2,23,6,2,6,18,2.3,26.5
303.5,11.6,3,11,1,4,10,21,7.7,26.9
92.2,9.5,1,12,1,2,10,19,8.9,28.5
,8.2,3,5,3,4,7,5,8.0,29.5
991.4,5.8,3,11,5,3,6,22,8.7,26.9
882.3,7.4,2,16,5,1,10,3,8.6,29.9
276.5,8.9,3,22,4,2,10,7,9.9,28.1
703.5,11.8,3,20,6,3,2,5,4.3,27.7
585.7,10.2,3,3,4,4,6,3,4.1,28.3
447.6,2.6,4,1,1,3,8,23,2.0,23.9
1107.4,7.1,3,22,5,1,9,4,8.7,29.7
,,1,19,1,2,5,3,9.4,29.0
833.2,14.3,2,3,3,4,7,3,3.5,28.6
1388.7,7.0,3,20,4,2,5,17,6.5,27.4
,,2,18,2,2,7,6,3.2,21.1
944.7,,3,23,2,4,7,18,8.8,25.6
,10.2,2,3,1,2,6,7,1.1,25.9
308.3,4.2,1,19,2,4,8,6,7.3,26.9
,10.1,2,8,6,1,1,5,5.9,34.2
1159.0,11.7,4,13,2,3,1,6,3.6,32.2
1262.1,18.7,3,6,3,1,9,6,9.3,32.7
320.4,13.3,3,1,4,1,4,21,5.3,31.0
367.9,1.1,2,16,1,3,4,14,5.7,25.1
518.7,7.9,4,1,1,3,8,11,1.7,25.7
907.1,16.0,4,11,1,1,6,23,4.7,34.6
951.6,5.6,3,4,0,2,6,13,2.4,23.6
1045.8,18.5,3,22,3,2,10,22,6.0,27.2
1362.5,10.8,4,10,0,2,4,10,6.2,32.1
477.8,2.3,2,4,2,4,3,25,3.2,23.6
1005.2,5.2,2,22,3,4,1,5,9.5,32.7
861.6,18.2,3,16,1,1,10,13,3.7,31.8
493.5,,3,4,1,4,1,11,6.9,31.9
1365.8,17.3,3,8,4,1,5,23,9.8,35.3
188.5,6.8,3,12,3,4,5,7,8.2,28.1
1082.4,15.5,2,18,5,3,10,9,7.7,29.0
,4.8,3,23,6,3,5,8,1.5,22.2
1377.2,8.0,3,20,1,1,1,16,5.7,31.1
801.9,14.1,1,0,2,3,3,6,7.8,32.7
516.4,19.4,2,11,3,3,6,12,6.9,31.4
1250.2,9.1,1,1,1,2,8,16,6.1,29.2
1167.7,10.2,4,7,5,3,1,6,9.3,36.4
775.5,4.8,1,6,0,4,8,8,6.0,26.1
1163.4,8.4,1,6,2,1,2,4,8.5,35.8
,1.7,3,5,6,2,2,5,9.0,28.1
904.8,17.2,1,9,5,2,2,24,8.1,32.7
,1.0,3,11,3,1,2,21,2.3,26.1
,13.8,3,22,0,2,7,5,8.0,31.1
751.1,5.8,4,10,5,1,9,15,8.1,30.8
1429.0,9.8,2,0,3,1,1,3,7.1,30.2
1207.4,6.0,1,14,6,4,10,22,4.3,26.1
1336.2,8.3,2,7,5,2,3,20,3.6,26.8
608.6,,4,3,6,2,10,20,6.9,28.9
1494.9,13.0,4,16,0,3,9,8,7.6,28.8
271.2,18.8,2,16,6,4,7,10,9.3,32.7
802.2,7.0,2,8,4,4,5,22,4.1,27.2
744.9,11.9,2,5,2,3,10,15,3.6,23.8
1207.7,18.1,2,11,5,2,5,15,7.7,31.9
1367.5,6.2,2,10,3,2,2,25,9.8,31.6
1110.2,17.4,4,23,4,3,4,21,3.6,32.0
958.9,19.2,1,0,6,4,2,9,3.5,32.2
669.8,17.0,4,4,4,4,3,2,9.0,35.4
790.0,11.6,1,19,4,4,1,6,3.4,29.4
788.5,14.6,4,22,6,3,5,19,4.7,30.3
79.5,9.9,3,15,5,1,6,5,9.9,31.9
779.4,12.1,1,7,4,2,6,8,8.2,30.6
,19.5,3,5,6,1,3,24,3.2,32.4
1078.4,5.4,2,20,6,2,3,11,9.6,26.9
1203.8,16.0,4,14,4,3,6,7,8.6,32.7
,10.4,3,9,0,3,4,14,9.8,32.6
817.0,3.9,4,10,4,1,1,24,4.6,29.3
98.6,13.0,4,3,2,3,8,6,7.0,32.3
605.3,16.0,2,19,4,2,6,15,4.4,30.2
737.9,11.6,3,1,2,3,2,20,5.0,28.5
420.1,16.8,3,23,2,4,9,15,7.0,29.0
95.3,7.6,2,4,6,2,3,23,4.7,27.9
1051.1,18.3,3,2,1,1,8,11,4.8,34.3
680.9,13.1,2,1,1,4,1,20,5.9,31.3
652.7,16.2,3,11,4,2,4,10,2.0,29.0
412.5,5.8,2,1,4,1,3,2,9.9,32.1
829.9,9.2,1,6,6,2,1,9,8.4,30.8
685.1,18.2,4,19,0,2,5,4,5.3,33.6
737.3,1.5,4,17,6,2,3,19,7.8,29.5
892.3,8.4,2,8,5,4,3,11,10.0,30.3
59.2,15.7,1,0,1,2,6,19,5.6,30.5
1366.2,15.0,3,3,5,2,9,19,7.5,29.1
153.1,17.1,2,13,5,2,3,14,1.8,31.2
703.8,14.9,3,11,0,3,2,24,9.6,31.3
,19.0,3,20,0,4,8,12,2.5,28.9
809.5,10.2,2,11,4,3,5,18,8.2,25.2
456.3,12.7,2,9,4,4,10,16,5.4,28.3
1297.0,17.0,1,15,6,2,8,18,6.8,31.8
624.7,14.2,2,20,6,3,2,13,6.4,30.3
976.2,2.5,3,19,0,3,8,11,4.7,23.7
410.9,7.7,2,3,6,4,1,21,9.6,28.8
78.1,11.3,4,10,5,2,5,23,3.8,29.2
636.0,15.2,3,22,4,1,1,2,3.1,34.7
827.9,11.1,2,19,2,4,8,25,9.0,26.9
716.3,15.7,3,18,4,3,9,23,3.6,24.7
1444.9,16.8,3,2,3,1,10,15,2.0,27.6
1074.9,5.7,3,9,2,4,1,14,2.4,25.7
1493.7,12.5,3,19,0,2,9,12,4.2,28.8
477.8,11.4,1,3,5,3,8,13,8.9,29.7
1194.1,4.9,2,17,2,2,9,5,7.0,27.2
855.6,10.1,1,12,1,4,5,10,2.1,25.1
937.1,11.2,2,17,2,2,7,24,5.8,26.4
1479.5,16.4,3,16,0,3,5,14,6.6,28.8
998.3,9.5,4,2,2,3,7,10,8.3,32.0
1353.3,2.1,3,3,5,4,8,6,6.1,24.9
1102.3,10.0,4,8,5,3,3,20,4.1,28.9
,16.8,3,22,0,1,4,13,10.0,35.5
1064.2,11.6,2,22,2,4,10,15,3.3,25.4
752.3,6.7,4,18,4,1,9,10,9.7,35.1
1382.3,18.5,1,5,6,3,1,1,2.9,33.7
,,1,22,3,2,1,8,5.7,29.6
201.0,,4,17,6,2,8,15,2.0,27.7
244.2,9.0,3,7,0,4,8,6,9.0,28.0
,14.9,4,17,6,1,3,13,5.4,35.7
765.2,16.8,1,10,1,1,10,22,9.0,31.4
167.1,1.6,3,11,5,4,1,5,8.4,27.4
1099.3,15.9,2,5,0,2,2,22,2.7,27.2
850.9,14.6,2,15,6,2,6,4,1.5,28.1
1262.0,17.9,4,6,1,4,6,13,9.3,34.6
455.7,18.1,3,22,2,3,3,17,6.1,31.4
802.8,15.7,3,3,4,3,7,6,8.7,30.9
220.3,4.2,4,6,0,1,9,6,7.2,32.1
1332.7,6.6,4,3,3,2,2,12,7.9,30.4
,18.8,1,5,2,3,8,1,5.3,28.5
198.4,12.2,2,16,3,1,6,24,7.6,33.8
347.3,11.0,4,22,2,3,10,7,9.3,29.7
1219.0,18.4,3,3,5,4,3,20,7.4,32.0
203.4,17.5,3,5,3,2,7,8,9.4,33.3
940.9,14.7,1,3,5,4,8,21,3.2,28.0
1132.0,17.7,1,19,0,4,4,5,8.2,32.3
1139.1,2.7,4,12,4,3,6,18,5.8,29.0
325.6,15.3,3,8,2,2,8,19,1.5,25.9
139.4,19.3,3,16,4,1,5,19,6.8,36.2
700.8,1.5,2,2,5,3,7,2,6.6,24.7
343.6,4.8,2,18,4,3,8,4,9.9,27.9
1063.9,16.0,3,2,2,3,3,22,6.8,31.0
567.2,10.6,4,13,1,2,8,9,2.2,27.7
,2.2,2,0,6,1,6,21,9.9,29.9
214.6,5.7,2,4,1,4,3,21,3.8,28.2
872.9,6.8,3,14,0,4,9,18,7.3,27.8
319.0,6.8,1,13,2,4,1,5,6.4,31.3
1034.5,17.6,3,10,0,1,7,9,4.2,32.8
153.2,13.4,3,15,5,4,3,2,4.7,29.6
1465.0,14.8,1,20,6,4,8,1,6.9,30.0
,0.8,3,6,3,2,9,22,8.8,26.7
313.5,8.8,1,23,4,3,7,12,9.5,28.4
70.4,6.7,3,3,6,1,4,20,9.9,30.9
535.0,17.1,4,23,6,3,7,4,2.1,29.9
271.6,19.1,4,22,0,4,3,4,2.7,31.4
366.7,8.8,3,10,0,1,1,15,2.9,29.3
1315.5,19.5,3,2,2,3,4,14,9.8,31.7
,0.8,2,9,1,2,7,11,1.9,20.6
305.9,6.9,3,6,1,1,4,2,7.3,29.4
857.2,15.6,1,13,1,1,2,7,9.6,36.7
420.9,7.5,3,5,5,4,5,4,6.2,28.9
,18.5,1,1,1,1,9,5,1.1,31.3
97.5,4.8,3,21,3,1,5,7,1.6,25.5
,16.0,3,20,0,4,5,17,7.4,30.0
1170.8,4.4,3,12,4,3,3,18,4.6,25.3
147.4,4.3,2,20,5,2,5,21,5.6,27.0
299.2,9.2,3,22,4,3,3,8,1.4,26.5
607.2,18.9,3,22,1,2,10,14,9.1,31.5
1308.8,11.9,4,19,0,1,8,21,9.1,35.9
828.6,12.9,3,1,2,2,8,13,6.4,27.8
1000.2,0.7,2,18,5,4,7,1,5.3,23.0
1185.4,1.6,4,22,0,3,4,13,4.5,25.9
1250.8,1.8,1,4,5,2,7,1,2.8,26.2
740.6,16.5,2,1,6,4,10,10,9.5,31.6
787.8,5.1,1,8,4,3,2,8,5.4,28.7
,6.9,3,19,5,1,9,23,2.0,25.8
431.8,12.4,3,19,1,4,10,19,8.1,28.4
,11.9,3,14,4,1,1,17,9.7,33.9
80.1,8.5,4,23,5,4,1,24,3.5,28.6
333.9,0.6,3,3,5,1,5,24,7.2,27.5
1210.3,9.3,2,21,4,2,7,8,10.0,29.2
543.4,14.9,3,20,1,1,6,14,2.0,29.4
267.3,5.1,3,22,6,3,8,14,8.3,26.3
320.8,14.3,3,7,4,2,9,1,5.5,28.8
819.6,0.8,3,15,0,3,3,2,7.0,27.1
1277.0,18.2,3,6,4,1,6,9,2.6,30.6
152.4,19.0,3,11,6,4,1,1,3.0,31.0
94.2,,2,23,0,2,2,18,6.0,23.4
724.5,9.4,4,12,6,2,8,1,3.3,27.5
1436.5,8.6,2,18,2,1,9,6,6.4,30.2
454.6,16.9,1,11,2,2,6,3,1.8,30.7
1440.8,11.0,3,0,3,3,8,13,8.0,28.4
,12.4,4,3,5,1,10,22,3.5,32.4
460.5,4.4,3,16,0,3,1,2,7.6,28.3
1234.6,2.0,3,7,1,4,8,17,2.5,22.6
1044.5,14.0,4,7,5,4,7,14,8.2,33.3
,12.6,3,2,1,4,10,23,1.1,23.8
663.2,16.7,3,19,2,4,4,15,2.5,27.0
1232.5,17.0,3,2,4,2,7,21,4.0,28.2
1200.0,12.8,3,12,1,1,9,18,8.0,30.9
1147.6,11.0,3,7,0,3,5,20,1.3,25.0
1497.5,18.3,4,21,3,3,3,13,7.7,33.0
743.8,16.1,2,15,0,2,10,9,3.1,26.8
1220.0,17.7,1,1,2,1,2,13,10.0,38.4
1300.6,19.9,3,14,4,1,9,4,3.6,30.6
356.8,8.4,3,3,5,3,9,18,2.3,23.2
111.0,14.5,3,13,6,1,1,3,7.1,33.6
636.9,13.9,4,5,6,3,4,24,3.5,27.6
1292.3,3.9,3,17,0,4,6,1,5.9,25.6
469.2,12.9,4,11,3,4,2,3,7.9,32.8
1065.0,8.8,2,10,0,2,2,5,8.2,29.5
60.7,9.3,2,21,5,1,4,5,3.0,29.6
565.3,4.0,2,10,0,3,10,1,2.9,19.9
942.5,15.0,3,5,5,3,5,25,3.4,28.4
,,2,12,0,4,7,18,4.6,31.7
1350.1,10.9,2,19,0,1,7,8,7.7,30.3
276.6,3.6,3,1,6,1,5,10,5.9,27.8
1369.2,11.4,2,6,1,1,1,6,8.9,33.1
363.8,2.5,3,13,3,3,10,14,7.3,22.3
1491.7,,4,5,3,1,6,10,6.5,34.6
926.9,7.8,1,18,4,4,4,12,5.7,28.4
172.3,17.7,3,1,6,2,5,10,4.7,31.1
144.7,8.6,1,6,2,4,5,8,4.1,29.5
158.6,12.2,2,14,4,2,10,13,2.6,27.0
905.3,17.6,2,20,6,1,4,3,3.4,34.0
1223.9,8.8,3,8,0,1,10,14,9.1,28.7
634.3,17.7,3,6,3,1,2,14,8.5,36.5
695.0,3.2,3,22,2,4,3,3,1.0,23.8
,7.6,4,12,6,4,2,22,3.0,30.8
822.9,,2,4,4,3,10,24,8.3,22.6
1047.7,11.4,3,20,4,1,6,19,6.3,29.3
734.1,19.2,3,0,1,2,5,24,1.6,28.7
,13.3,1,17,6,3,1,24,8.3,32.1
1496.1,12.7,2,21,0,4,2,19,7.8,28.4
557.9,5.9,1,13,3,1,10,9,3.5,27.3
,18.7,1,21,4,1,10,6,7.7,33.1
232.2,9.7,2,14,6,4,4,22,9.0,30.5
852.6,5.7,2,14,1,2,8,13,6.8,25.4
,19.8,4,2,2,2,4,19,7.7,36.3
1413.0,8.8,4,4,0,2,10,23,1.4,25.1
,7.7,3,16,4,2,2,24,6.1,28.1
804.5,1.2,3,16,1,2,1,18,7.8,25.2
1207.2,4.0,4,14,4,4,4,8,5.2,28.4
425.0,16.3,3,5,0,3,2,3,4.6,28.6
,9.9,3,2,3,1,7,21,6.1,31.5
54.4,19.1,3,2,3,1,10,1,7.1,34.6
948.5,2.1,4,2,3,3,10,13,8.3,26.7
1405.4,12.5,3,5,2,4,10,8,8.3,30.0
1192.4,14.5,1,23,1,4,2,11,7.3,31.9
,12.6,3,18,5,4,1,22,9.9,32.5
,10.8,2,4,6,3,2,12,5.8,28.1
1245.1,11.8,2,7,1,1,8,4,5.0,30.8
848.7,13.9,3,21,3,1,2,11,4.0,32.1
946.9,17.3,3,10,0,3,7,3,2.1,27.4
135.4,7.1,2,6,1,4,6,22,3.0,22.7
342.2,9.5,2,7,2,2,8,1,3.8,25.6
848.9,12.9,3,9,4,1,2,24,5.6,34.0
,6.6,2,13,4,3,5,6,10.0,28.0
1125.1,4.0,4,13,5,2,1,17,8.0,29.7
1268.1,,3,12,0,3,1,23,9.0,32.7
1384.5,,3,15,0,1,8,5,2.6,24.5
,5.0,1,7,1,2,6,24,1.2,23.8
,12.6,4,11,2,3,8,11,1.0,27.4
148.0,2.0,4,19,3,4,1,13,5.5,29.3
737.4,,2,8,4,2,4,9,2.1,23.9
1268.4,,3,23,1,4,2,25,2.7,25.8
152.0,2.9,3,11,5,2,6,17,2.6,22.6
76.4,8.9,1,9,5,3,6,9,7.4,26.6
86.2,16.7,3,16,2,2,8,2,9.6,31.3
791.3,7.2,4,9,4,3,1,23,2.1,26.8
1226.8,8.8,3,9,2,2,1,17,2.0,26.9
234.8,12.2,4,8,0,1,9,4,4.0,31.7
230.7,6.4,1,13,5,4,7,12,6.7,28.0
874.4,8.9,4,1,0,1,2,7,4.3,33.1
389.7,,4,9,1,3,3,7,3.5,29.5
1108.8,7.2,2,18,2,1,5,12,2.0,27.6
1427.0,8.1,3,7,6,3,5,2,5.1,26.6
1160.7,0.7,3,12,4,1,8,7,1.3,26.4
,17.8,4,7,5,1,4,2,6.7,34.9
803.4,,2,22,6,4,6,24,8.4,32.1
,17.3,2,5,6,4,8,23,9.7,31.0
315.2,0.6,3,18,4,2,2,5,3.9,25.0
149.1,15.1,3,18,2,2,5,15,8.4,31.7
,11.7,3,9,2,3,3,6,5.6,27.3
,2.3,3,23,1,2,8,14,3.4,22.5
1344.1,18.7,4,23,4,1,2,12,1.9,35.9
,15.6,1,0,4,1,4,1,5.0,33.8
1430.7,3.3,4,13,6,3,7,20,8.8,26.6
,19.3,3,4,1,4,6,20,9.5,33.4
754.9,3.0,4,23,5,3,1,2,5.2,29.1
1125.5,9.4,1,23,1,3,10,6,8.0,28.0
,3.6,3,10,0,4,1,3,2.9,26.4
835.7,3.4,4,8,2,1,5,10,7.7,32.4
1006.2,19.4,3,19,6,3,1,12,1.2,29.1
,11.7,1,9,3,1,6,17,4.8,31.7
,5.6,3,17,1,2,4,16,7.9,26.2
221.3,15.6,1,15,2,2,7,4,4.3,29.9
,17.6,2,6,4,3,7,12,1.9,28.3
903.7,18.4,3,8,1,1,10,20,9.7,36.2
262.6,18.7,4,22,1,4,1,23,3.7,33.4
676.4,18.2,3,11,1,3,7,21,1.4,25.6
,13.0,1,10,0,2,4,8,4.7,29.7
222.3,7.2,2,21,4,2,7,13,7.3,25.4
792.5,18.5,3,13,2,1,10,4,4.5,32.5
290.2,2.9,1,13,2,2,9,10,9.1,27.3
906.3,,4,9,2,1,10,8,2.9,26.9
296.1,9.0,2,16,4,4,10,7,6.2,26.3
1099.2,6.0,1,1,6,4,8,22,2.0,25.4
333.1,12.5,3,5,5,3,9,19,2.1,24.6
1349.6,18.2,1,19,3,4,7,22,2.8,28.7
88.0,10.1,3,6,4,1,2,9,3.0,31.4
806.9,11.3,3,23,1,4,9,10,6.9,28.3
514.2,,1,21,6,2,7,21,8.6,28.3
376.4,14.3,3,9,4,4,9,2,8.8,30.2
733.8,2.5,3,22,6,4,4,19,6.7,23.3
1270.9,1.4,3,17,1,1,6,17,4.7,26.8
1377.2,13.0,2,19,1,4,5,9,3.4,31.3
489.7,10.9,3,11,5,4,1,24,3.6,29.2
273.7,8.4,3,2,2,4,7,6,5.1,26.5
1094.2,7.0,1,13,1,1,4,9,6.7,31.8
893.9,1.5,1,19,5,4,2,9,6.0,28.0
341.5,13.8,2,2,3,2,3,10,7.9,31.8
1152.4,8.7,1,0,5,1,7,9,2.2,28.8
802.4,9.2,1,19,1,3,8,12,2.0,22.5
997.4,17.9,4,14,0,1,3,24,9.9,37.5
571.0,,3,12,2,3,4,13,3.8,27.3
,4.8,3,16,6,1,9,16,9.7,29.1
311.5,,2,16,4,3,5,17,3.6,25.9
1146.9,3.1,1,10,5,1,4,17,1.6,28.0
277.7,,3,14,5,3,9,9,5.6,26.2
,14.4,3,11,6,4,1,8,2.8,30.6
1207.1,3.0,4,4,3,1,7,10,9.1,31.6
1132.6,6.0,1,17,1,1,6,10,4.9,31.4
78.2,18.0,1,9,6,4,4,21,5.0,32.7
446.0,14.9,3,21,3,2,8,12,4.5,29.0
729.1,18.6,2,9,2,3,3,24,2.0,27.5
,17.7,1,4,3,1,7,25,6.6,33.5
1382.9,6.6,2,19,5,2,3,17,2.4,26.2
594.6,12.8,1,3,2,4,8,17,6.8,32.2
1318.8,7.9,4,23,5,4,5,4,4.6,31.2
,14.1,4,15,1,4,9,4,8.7,33.2
588.4,7.3,3,11,2,2,6,18,5.7,26.6
125.8,0.5,3,5,0,4,1,25,9.0,27.9
1126.6,2.3,3,4,6,2,7,21,1.2,22.7
268.4,15.5,3,4,6,2,1,7,7.5,34.0
422.7,2.1,3,19,1,2,8,17,6.0,22.9
1174.1,12.2,3,4,3,4,3,16,2.5,27.6
,17.2,4,0,5,1,10,2,2.0,33.4
70.3,15.0,2,4,4,4,3,22,7.6,32.6
53.2,8.6,3,14,4,4,5,9,4.4,29.3
790.5,4.6,4,11,1,3,6,16,1.7,23.3
492.2,18.5,4,8,0,1,2,9,7.3,36.9
311.5,11.5,4,23,6,3,3,24,3.6,29.0
,8.4,3,8,6,1,10,12,3.7,25.9
381.2,18.9,3,19,6,2,4,22,1.7,31.0
,4.7,2,2,0,1,8,24,4.8,26.9
,9.1,3,13,4,3,5,1,9.2,30.2
320.8,2.6,2,3,1,2,3,11,8.7,27.3
,2.9,3,1,2,4,7,18,4.0,24.3
393.4,8.3,4,16,2,3,2,22,3.8,26.8
93.3,14.1,4,16,1,2,10,19,8.8,30.4
496.8,7.1,3,13,4,4,7,17,7.7,25.9
1357.8,13.9,1,10,4,2,7,10,2.8,26.5
1255.5,16.2,3,6,6,2,1,5,9.1,34.5
589.4,17.6,1,18,5,2,3,23,9.2,33.7
885.0,1.4,1,4,4,3,4,2,4.1,26.3
,15.6,4,11,6,4,4,21,9.0,33.9
1251.7,3.4,3,22,2,4,2,1,7.0,29.0
392.6,14.1,1,16,0,3,1,10,8.9,33.6
479.8,7.7,3,20,6,1,6,22,4.5,28.2
487.6,14.3,1,4,2,4,5,6,4.6,30.6
109.3,4.7,3,0,3,2,3,7,5.5,27.2
506.3,13.1,2,19,2,3,6,6,3.4,28.2
1323.0,2.9,2,13,6,2,10,18,5.8,23.7
,3.8,3,18,2,2,10,6,5.6,24.9
209.0,12.5,3,20,4,2,9,18,2.7,24.1
714.2,7.1,3,8,4,3,3,15,9.1,27.1
603.0,14.2,4,2,3,2,2,23,1.9,29.6
759.6,13.9,4,23,3,1,3,17,8.9,36.9
854.3,12.6,4,7,0,2,4,11,5.8,30.9
79.4,14.7,4,3,6,2,1,4,5.3,33.5
1271.3,16.0,4,13,2,3,4,12,8.7,33.1
1461.8,18.3,4,0,1,2,6,14,5.1,32.7
997.4,2.1,2,1,1,1,3,24,3.7,27.8
1007.7,11.6,2,18,2,3,10,7,2.4,24.7
815.6,15.1,3,2,4,4,9,10,7.2,29.1
534.7,4.7,4,14,3,2,4,23,8.5,30.3
266.0,5.6,4,10,5,3,5,23,5.6,29.4
896.9,5.7,3,2,5,2,5,22,3.5,25.0
115.2,11.7,4,22,2,2,4,5,9.5,32.0
1245.5,7.6,3,3,5,4,1,3,6.8,27.6
660.3,13.5,3,15,4,4,4,10,5.9,29.2
651.4,12.4,1,3,6,1,6,7,8.1,32.1
524.4,13.3,3,14,0,3,3,8,4.0,25.1
1455.6,5.4,1,4,3,4,3,24,7.6,28.2
,15.5,1,21,4,3,6,14,4.2,29.3
269.4,13.4,3,11,1,3,1,8,3.3,29.9
290.0,3.0,1,0,4,4,8,19,3.1,24.1
1004.9,4.4,4,1,5,3,7,21,9.0,28.5
,6.4,3,13,0,4,10,11,8.2,27.0
,18.8,3,12,6,1,2,2,2.9,33.4
1363.1,6.9,1,7,6,3,8,12,1.6,23.2
454.0,,4,14,1,1,2,10,2.4,31.6
989.5,3.3,3,19,1,1,8,5,3.8,25.3
108.7,1.1,3,17,1,3,3,16,6.5,25.1
768.7,8.4,3,17,0,4,9,19,7.0,25.5
999.1,16.0,3,22,0,4,2,10,2.0,29.2
827.7,9.3,3,4,2,4,9,10,5.1,26.7
394.9,16.9,3,1,4,3,7,20,5.7,28.1
1251.3,1.4,4,2,4,2,1,5,3.3,26.2
1456.7,9.7,2,0,3,1,3,25,7.6,30.9
715.8,15.8,4,7,4,4,5,11,6.4,34.1
972.1,13.7,3,3,0,4,7,13,7.6,27.7
1196.1,17.1,2,22,6,1,8,15,7.3,34.6
400.2,5.8,2,8,1,4,6,12,9.1,27.9
1303.5,,3,5,2,2,7,2,7.1,29.3
456.3,13.7,2,12,4,3,4,18,8.2,28.2
1175.0,3.8,4,10,0,1,4,23,5.6,30.3
212.5,16.4,3,0,3,1,2,19,3.1,31.1
468.2,6.6,4,23,6,3,7,18,1.8,25.7
823.7,2.3,1,16,1,2,7,2,5.4,24.7
811.1,15.4,3,19,4,1,10,20,8.2,30.9
1283.1,14.2,1,22,4,4,6,11,6.3,33.1
1494.4,17.7,3,21,0,4,7,8,1.2,28.7
205.5,17.9,3,5,0,1,8,13,3.2,31.4
443.5,5.9,3,18,1,3,9,6,5.0,24.6
568.5,13.0,3,0,0,1,6,8,4.6,32.5
,20.0,2,8,3,3,8,21,7.3,29.8
766.2,5.3,2,18,1,3,9,19,2.6,23.3
1291.5,9.7,3,16,4,3,6,14,4.3,22.9
,18.2,2,18,2,3,6,23,5.8,28.9
,2.5,3,18,2,1,7,4,9.9,29.2
709.8,18.6,3,1,0,1,9,22,9.3,33.0
946.2,10.0,4,13,5,4,6,12,4.4,30.3
717.6,17.9,4,14,0,3,6,16,4.0,30.7
239.4,12.6,3,3,6,2,3,21,9.5,30.7
,13.6,4,5,1,4,10,20,8.8,30.4
646.9,15.6,3,11,6,2,1,25,7.4,30.9
322.2,,1,15,5,4,9,6,6.6,23.3
1146.6,12.7,4,20,5,4,4,5,7.6,32.5
516.0,18.5,3,17,5,1,3,1,7.4,33.5
904.0,19.1,3,23,3,4,3,17,8.5,34.7
797.8,19.4,3,5,1,4,8,13,7.5,32.0
1322.3,13.1,4,9,4,4,3,17,6.9,33.6
226.9,12.8,3,6,4,3,2,11,9.4,29.1
215.7,11.3,4,21,5,3,5,9,9.5,32.9
485.5,12.3,2,14,1,2,10,23,4.8,25.5
675.3,12.4,4,12,5,1,9,5,10.0,35.3
482.9,1.3,3,13,6,1,4,20,4.5,26.5
,2.2,3,7,5,1,7,3,3.2,24.5
405.6,12.6,4,21,1,4,5,10,2.9,28.7
172.9,6.6,1,14,1,2,4,2,2.1,27.6
650.0,6.4,2,12,0,1,1,1,4.3,30.8
1171.4,4.3,4,16,5,3,2,1,9.7,29.1
1283.3,16.1,4,19,3,1,9,7,3.9,34.5
1113.4,19.3,3,9,2,3,10,24,9.3,29.5
858.9,12.7,3,17,1,3,10,10,2.0,23.0
1100.1,18.9,2,19,3,3,10,16,2.3,26.0
1038.0,17.7,3,15,1,4,5,17,2.5,27.1
389.8,4.7,3,2,5,1,1,22,5.9,28.5
848.6,3.5,4,4,2,2,2,23,9.9,30.1
1167.4,4.6,3,0,3,2,8,1,2.8,24.7
509.8,2.4,3,6,4,3,7,6,4.0,24.0
998.3,11.9,3,3,4,3,10,20,8.7,28.5
748.1,6.0,4,13,0,4,3,20,5.8,30.2
779.6,18.3,3,21,0,3,4,25,4.1,26.5
180.6,12.5,2,1,1,4,10,19,4.8,24.8
1016.0,7.5,3,6,5,3,10,14,7.6,26.7
1305.2,19.7,3,1,6,4,4,9,4.3,30.4
,19.1,2,2,6,3,10,12,7.0,29.0
580.9,15.7,3,1,1,1,6,1,8.2,34.5
120.6,15.9,2,14,5,2,10,18,1.5,27.6
93.0,,3,22,1,4,1,1,7.7,34.4
1485.0,12.2,3,17,1,1,6,17,9.5,31.5
765.5,17.7,3,16,3,3,10,16,1.7,24.4
565.5,1.8,3,3,0,4,10,25,1.7,19.7
448.6,11.3,3,20,0,2,6,22,6.5,29.5
1471.0,10.3,1,13,6,1,1,19,7.1,34.3
415.8,1.2,2,23,5,1,10,16,5.2,25.4
1102.3,2.2,3,9,4,3,2,8,9.4,25.3
461.4,0.9,4,16,1,3,4,20,2.1,25.4
152.2,6.2,1,11,0,3,9,14,2.1,23.9
,1.5,1,12,0,1,6,13,1.1,25.0
52.4,8.8,4,2,2,2,3,16,8.4,31.7
1029.8,16.3,1,11,5,3,1,7,1.8,30.3
413.0,12.5,4,4,4,4,2,7,6.4,32.2
1131.9,13.6,4,17,5,1,8,1,9.4,34.3
1166.1,1.1,1,17,6,3,8,10,1.5,22.3
,16.9,1,20,5,3,2,21,2.1,29.5
85.5,3.4,4,11,0,3,10,3,8.8,25.2
1070.4,6.4,2,19,1,1,5,12,3.5,27.9
1485.7,10.6,3,21,2,1,7,22,4.8,28.1
401.8,18.6,2,11,3,3,7,22,6.2,29.7
,20.0,3,22,5,3,2,24,7.4,29.6
,15.8,4,18,6,3,1,10,2.7,29.7
282.6,14.7,3,6,6,4,7,9,8.9,27.8
1007.8,10.8,1,11,3,2,8,7,8.0,30.3
1144.8,13.5,3,2,6,2,10,11,1.8,23.9
103.9,3.3,3,9,6,4,9,17,2.0,20.7
853.0,5.7,2,8,1,3,6,17,7.4,25.6
885.0,19.7,3,7,4,3,6,16,5.3,29.4
490.0,19.6,3,8,3,3,5,12,5.1,30.7
1320.7,6.8,1,1,5,4,7,18,3.0,26.6
286.0,,4,10,6,2,10,9,7.4,29.5
578.1,5.0,3,4,1,2,1,3,2.0,27.8
1280.6,10.0,2,5,4,1,5,25,4.4,30.5
326.4,4.9,1,17,6,4,5,3,7.5,28.9
1241.0,13.1,3,21,4,3,4,22,9.8,30.2
164.7,2.0,2,4,5,4,9,15,2.9,23.1
,2.5,2,13,5,2,6,25,6.7,22.5
159.2,5.9,3,21,5,2,1,14,1.6,25.3
,,3,14,5,1,7,2,3.4,28.8
1196.4,6.8,1,1,6,4,10,3,1.9,24.0
1282.3,9.7,3,18,1,2,2,3,8.5,28.7
1472.8,13.3,3,1,5,1,5,11,4.8,31.6
1024.4,15.9,3,14,2,3,3,19,9.0,31.6
1165.1,6.5,4,11,4,4,1,16,1.4,29.5
783.3,14.8,2,12,4,1,5,21,7.3,31.3
,6.1,1,5,4,3,4,14,5.6,26.1
983.4,13.1,1,21,1,2,10,4,7.2,31.0
1331.1,9.3,2,2,5,1,6,5,9.7,31.5
391.4,18.6,3,22,5,2,7,5,9.8,31.7
770.3,19.7,1,1,5,3,10,24,8.5,31.7
,15.6,3,7,4,4,6,21,2.9,28.4
343.9,18.4,4,12,4,1,8,1,7.8,37.5
356.4,3.2,3,12,1,3,6,6,9.6,27.0
,13.3,3,6,4,4,6,7,4.1,27.7
680.2,4.4,3,6,1,4,3,18,4.1,27.1
313.6,5.9,3,13,6,4,10,2,5.3,26.2
530.6,10.7,3,0,0,4,4,25,7.3,28.7
,15.0,3,3,0,3,3,8,3.2,29.2
953.5,14.6,2,9,5,1,4,22,2.4,30.2
1388.4,17.5,1,0,5,1,4,18,3.6,32.1
1480.6,11.4,3,2,3,2,4,10,6.8,29.4
,18.6,3,0,3,4,8,1,1.4,30.6
1064.9,17.8,1,19,0,1,8,14,9.3,36.4
516.7,,2,2,5,4,6,1,6.0,31.1
1292.9,5.0,3,4,5,3,3,18,2.0,22.6
365.8,10.9,2,19,1,3,3,6,7.5,27.5
,14.9,3,10,0,1,7,24,3.6,29.7
,19.5,2,10,3,2,8,1,7.9,31.1
1303.0,0.7,2,15,1,2,5,9,8.9,26.4
490.3,6.9,3,14,0,2,3,10,5.5,27.5
,7.2,1,9,0,4,5,20,2.7,24.6
727.2,6.1,2,20,4,2,6,6,5.3,25.2
518.5,16.4,4,5,2,4,1,20,6.1,33.3
465.8,1.4,3,5,5,4,9,9,4.2,23.6
247.2,7.5,3,12,2,3,8,3,7.9,27.1
846.5,14.4,3,20,4,2,3,21,3.4,27.3
697.6,8.4,2,21,1,1,9,5,8.6,28.9
792.7,3.3,3,17,3,1,8,11,4.9,25.6
362.3,12.4,3,0,4,3,6,16,6.3,28.5
1411.0,10.7,2,17,2,1,9,1,1.5,27.2
976.0,19.6,2,3,6,4,3,17,2.9,30.4
1354.4,15.1,3,20,4,2,4,14,4.9,30.0
208.4,19.7,1,2,1,2,10,20,7.7,33.1
953.1,4.1,1,3,6,3,2,3,9.7,27.8
1281.7,,3,12,3,1,9,22,1.7,30.1
529.8,11.3,3,12,5,4,9,2,9.4,30.1
333.0,14.4,3,8,2,3,4,24,3.8,29.3
434.3,9.6,1,11,0,4,5,9,9.8,32.8
445.8,4.6,3,17,3,4,10,2,1.4,22.9
698.4,1.4,4,15,3,1,4,7,5.6,29.4
522.6,16.8,3,17,5,4,4,13,8.0,32.5
443.3,16.4,4,5,5,1,1,3,4.2,34.6
990.3,3.7,3,13,4,4,4,8,9.8,28.4
126.9,13.1,1,3,3,2,2,8,9.3,32.1
543.5,14.9,3,5,0,2,3,5,4.0,29.3
1050.1,11.4,3,23,4,4,6,13,1.0,23.1
305.0,6.7,4,1,6,2,8,1,2.6,27.1
370.3,17.7,2,11,6,4,9,7,1.3,27.5
341.0,13.0,2,11,0,1,4,4,7.1,32.1
51.3,14.5,4,5,6,1,6,1,2.3,32.8
,13.2,2,1,1,2,1,13,5.3,28.6
106.5,14.6,3,3,0,2,3,23,2.7,29.1
445.8,3.3,2,17,0,4,4,9,8.8,27.5
1492.5,18.5,4,14,3,4,10,17,3.7,33.3
1381.7,6.1,2,13,1,2,9,4,7.3,26.8
361.9,16.8,3,3,4,3,4,18,6.3,30.1
,17.9,3,13,3,2,2,18,4.4,30.1
722.4,13.2,4,4,5,2,2,11,7.8,34.9
,12.2,4,7,1,2,6,7,2.0,28.7
,2.6,3,22,1,1,10,15,7.4,29.1
233.1,9.0,1,10,3,3,6,16,2.6,27.7
230.5,12.4,3,0,0,1,4,18,1.7,28.7
654.3,2.1,4,14,3,2,9,5,9.7,28.4
1311.6,2.7,3,4,4,1,5,9,2.5,25.5
1329.0,19.9,4,0,4,2,3,21,3.4,31.3
205.7,7.0,3,16,3,3,9,21,1.1,22.3
882.7,7.3,2,15,0,3,10,21,7.1,24.8
275.7,5.4,2,5,1,3,3,20,7.8,27.4
1044.9,13.1,2,17,0,3,10,3,1.2,24.5
1378.8,9.7,3,4,6,2,6,8,5.7,28.7
709.4,15.9,3,12,4,4,3,8,8.6,32.1
170.5,10.5,1,13,2,3,9,9,8.1,28.1
,0.8,3,2,2,1,2,13,8.2,29.4
642.3,9.9,1,16,0,1,3,5,1.6,31.3
1225.8,1.6,3,12,3,3,4,20,3.5,22.4
543.5,16.6,3,10,0,1,9,13,5.7,32.5
1318.6,2.7,3,17,4,1,10,3,5.6,25.7
446.9,4.7,1,18,1,1,2,21,7.8,30.9
278.4,9.5,3,11,0,4,1,8,9.3,28.6
494.4,4.3,4,19,0,1,9,15,7.5,30.0
100.6,11.0,3,1,0,1,6,11,5.3,28.9
457.8,9.5,4,14,2,4,4,9,6.3,31.6
,19.1,2,6,0,1,1,9,1.0,33.1
256.3,2.2,2,13,0,1,6,11,5.1,28.5
,11.7,1,14,1,4,2,2,2.0,31.1
242.0,14.5,3,19,3,1,6,18,7.6,32.2
162.4,3.0,2,13,1,1,2,17,8.0,28.9
1318.2,,4,0,2,4,3,13,10.0,34.7
,17.4,3,23,3,1,2,23,5.2,32.7
117.5,15.9,4,12,4,2,2,14,1.8,30.6
1152.1,18.7,3,2,0,2,8,10,2.2,28.3
,14.6,3,3,6,1,8,16,9.2,32.0
1495.5,8.2,3,0,0,2,5,20,2.8,27.9
554.4,18.4,3,5,6,1,9,19,4.3,30.8
464.0,4.9,3,6,1,4,10,15,2.2,22.7
707.0,11.9,2,22,2,1,2,16,8.4,34.1
1292.0,,4,19,0,2,3,25,3.7,34.0
1106.5,17.5,3,0,2,1,8,18,4.4,30.9
733.9,18.4,3,8,6,1,6,18,7.7,31.5
,2.2,2,7,4,3,4,17,6.4,24.5
1104.2,14.7,1,10,4,2,6,24,6.4,28.2
1289.1,4.5,1,3,2,2,6,24,1.5,23.6
,15.7,3,6,6,2,6,9,3.0,30.1
,14.2,2,13,5,1,6,19,3.5,29.2
630.3,4.0,4,12,1,4,1,17,10.0,30.2
,16.7,4,20,4,4,8,14,3.0,31.4
811.1,9.5,1,22,2,2,2,13,4.4,28.8
1174.8,11.1,3,9,1,1,6,23,2.7,30.0
1467.4,19.4,2,19,4,4,6,23,5.3,29.9
694.3,13.3,2,20,2,2,1,23,1.0,28.2
546.4,12.0,2,8,0,1,3,8,8.2,31.2
591.7,0.8,4,10,6,1,3,9,8.9,30.8
244.1,,4,15,4,4,3,3,5.4,29.0
480.6,1.0,1,21,3,1,4,21,8.6,29.3
175.3,7.0,2,18,6,2,3,18,1.0,27.8
670.4,7.2,3,20,4,3,6,25,4.9,25.9
292.7,10.8,3,19,6,2,1,19,2.5,28.7
552.3,14.0,1,4,4,1,2,6,4.5,33.3
1200.7,4.0,4,5,1,3,6,8,4.8,25.0
406.6,12.2,4,21,3,1,4,10,7.1,36.7
937.2,18.4,3,10,3,4,5,19,8.2,29.8
1356.7,4.1,4,4,2,2,1,11,9.5,30.8
872.0,13.4,3,7,2,3,3,25,3.7,27.8
331.0,1.4,3,11,4,4,4,16,7.2,28.9
549.9,10.9,4,13,2,4,1,10,8.5,35.5
906.0,15.0,3,4,0,2,6,25,4.6,29.0
784.6,1.2,3,6,4,1,1,14,6.0,31.1
265.5,7.0,2,9,4,1,10,8,7.2,28.1
,17.6,3,5,5,2,1,10,1.7,30.4
837.4,4.9,2,23,0,2,2,19,6.6,28.9
,14.6,2,0,3,4,6,3,5.9,28.0
938.0,12.4,3,18,6,2,1,20,3.8,29.1
151.7,3.7,3,7,1,4,7,3,10.0,28.1
538.1,15.0,2,13,5,2,4,18,1.7,28.2
,10.9,2,7,2,4,1,19,9.6,29.8
426.0,2.7,4,22,1,2,7,15,6.7,28.1
927.5,19.0,3,23,4,4,1,5,1.5,30.8
644.5,10.1,3,8,5,3,7,15,2.6,24.0
508.9,15.0,4,0,6,1,7,21,8.0,35.7
1378.4,4.7,4,4,5,4,4,8,2.8,29.1
547.7,3.2,1,17,2,1,7,23,1.4,25.2
393.2,15.0,3,19,5,4,1,4,5.9,31.8
1368.5,13.6,2,0,0,4,9,23,10.0,31.3
1131.6,5.8,3,0,2,1,10,9,4.4,28.5
1038.6,15.1,3,11,1,3,2,18,5.0,28.8
121.8,10.3,1,19,3,4,6,6,8.0,31.6
240.2,7.3,3,18,4,4,5,16,6.4,26.8
975.6,15.8,2,0,4,2,8,17,3.4,28.6
353.7,12.5,3,23,1,2,3,13,5.9,28.5
377.2,10.4,1,6,2,4,4,22,5.1,27.0
,15.6,4,5,0,2,4,23,1.1,30.5
464.6,11.1,3,8,3,3,9,4,2.0,25.6
153.8,18.8,2,18,5,1,6,21,6.4,34.0
,,3,7,1,3,8,17,2.3,25.4
692.6,7.5,1,15,3,2,1,14,7.9,27.4
944.8,9.6,3,5,6,2,1,4,5.4,30.1
,19.2,3,2,0,4,10,16,1.8,29.2
210.7,18.0,1,2,6,3,1,10,9.6,31.8
335.2,4.2,2,10,2,3,7,1,8.5,25.7
818.2,5.8,1,0,2,3,2,5,6.8,27.2
578.0,7.6,3,13,4,4,6,3,7.7,28.4
749.7,17.7,3,18,2,3,9,8,7.0,30.8
1390.0,18.6,1,13,2,1,5,5,1.1,32.3
840.1,16.1,1,10,1,3,3,22,6.6,30.2
651.9,5.9,4,4,0,3,2,8,3.2,28.2
1484.7,17.8,2,3,6,1,4,11,9.5,32.8
144.6,1.1,2,2,0,1,10,19,4.7,26.0
1401.6,8.7,3,1,1,2,6,3,7.3,29.5
777.4,,1,13,5,3,5,9,2.3,25.8
780.4,10.9,4,6,5,1,7,5,5.3,32.1
,11.4,1,15,1,2,6,13,1.9,27.0
785.6,4.9,4,8,5,1,5,22,4.7,29.9
685.7,4.5,3,7,5,3,2,14,6.0,25.8
445.1,16.2,2,11,2,2,5,11,6.7,28.7
1005.3,2.0,3,8,0,1,3,3,4.6,28.5
876.0,10.1,4,2,5,2,4,24,2.4,28.1
360.8,4.2,3,0,4,4,4,12,6.9,26.8
1078.6,6.7,1,23,3,1,1,15,1.1,28.5
983.9,5.9,4,2,1,2,6,13,8.3,30.4
626.1,14.3,1,6,2,1,2,13,7.1,36.2
56.4,9.4,1,9,1,4,5,3,8.0,30.6
697.5,6.3,1,10,6,2,9,12,9.8,26.7
58.8,16.7,4,17,1,3,9,11,3.9,29.7
158.7,2.2,2,17,3,4,10,20,5.8,23.6
674.4,15.4,2,14,4,1,2,11,6.7,33.6
168.8,5.3,4,7,0,2,9,21,6.3,26.5
,18.4,3,22,3,1,9,17,6.7,32.4
1000.5,0.6,2,1,4,4,4,4,9.5,28.1
497.5,11.4,3,7,3,3,4,23,5.4,26.7
1496.6,12.6,2,9,4,2,2,11,8.8,32.9
1378.6,11.8,3,8,3,2,10,18,6.7,26.5
898.7,16.4,2,13,4,1,6,8,8.0,32.4
,2.7,3,1,6,4,3,19,4.0,24.5
1308.6,8.6,3,20,2,1,1,23,4.0,27.4
512.4,17.3,2,3,2,1,6,1,9.4,34.9
1136.9,17.8,1,8,4,2,10,19,8.5,31.0
248.4,10.2,3,13,0,2,4,19,5.6,28.7
1042.6,11.4,3,21,2,4,8,8,5.1,25.3
762.1,15.4,3,13,1,2,4,10,3.3,29.9
74.4,15.7,3,13,3,2,10,11,2.9,27.2
447.6,,4,5,0,1,7,12,3.0,35.6
1435.3,17.0,4,17,1,2,9,11,9.5,33.4
,8.6,4,13,2,2,7,23,3.4,28.1
313.1,13.2,3,0,4,3,5,24,5.0,27.9
321.9,9.9,2,10,3,4,1,24,7.1,26.8
744.9,2.8,3,21,5,3,4,12,6.8,26.5
1271.8,16.5,2,20,5,4,3,18,7.9,31.5
1149.1,12.2,1,5,0,3,9,1,4.4,25.9
683.4,1.6,2,17,4,3,6,1,4.0,23.1
352.7,,3,7,0,2,6,19,5.5,29.9
,6.0,3,18,1,4,10,17,6.7,24.9
720.8,1.9,3,12,5,4,9,3,10.0,26.5
1231.4,12.3,1,7,4,1,7,17,6.3,29.5
1108.0,14.8,4,23,2,2,4,16,7.9,32.3
642.5,,3,5,1,3,2,19,9.3,30.3
912.3,0.6,2,8,2,2,6,13,1.0,23.2
682.6,11.7,2,22,5,3,10,20,3.3,24.7
889.6,0.6,1,5,3,4,5,20,1.0,23.8
800.4,18.6,4,4,0,4,10,15,9.1,33.0
1037.4,5.7,2,23,3,4,2,14,4.5,26.6
786.2,17.5,4,11,1,3,1,20,6.2,31.9
1413.9,,2,19,0,4,6,5,5.4,23.9
,2.4,3,2,0,3,4,25,7.8,25.0
73.1,9.3,1,15,5,3,1,23,4.3,26.0
392.7,15.3,3,2,1,1,10,14,1.1,31.2
775.9,18.9,3,9,1,4,4,23,4.2,29.2
833.8,10.7,2,4,6,2,3,19,5.2,28.4
851.0,7.4,4,10,5,1,6,11,4.6,29.6
1086.1,,3,9,3,4,9,11,3.5,19.0
,11.9,2,22,5,4,2,16,1.9,29.4
1014.1,7.9,3,15,0,4,4,7,1.3,25.5
1070.8,18.2,1,1,1,4,8,14,9.2,30.1
646.4,9.9,4,11,2,4,7,11,1.6,26.5
633.1,15.4,3,18,5,2,2,14,4.6,32.5
309.4,17.0,2,11,0,1,1,11,1.7,32.6
650.3,2.4,2,14,4,1,8,3,2.0,22.2
1190.9,9.1,2,12,0,1,3,18,6.8,30.4
1368.0,17.9,4,23,6,4,1,13,9.3,35.9
910.7,8.8,2,15,1,2,9,5,4.1,26.4
,11.5,1,13,4,2,7,6,7.7,30.2
1039.3,17.5,4,22,4,4,5,13,8.0,32.0
1123.2,5.0,2,6,2,4,5,20,6.8,25.6
531.7,17.9,1,18,5,1,9,7,8.8,33.8
1248.5,8.2,3,18,4,4,8,22,2.7,25.3
,12.1,1,8,3,3,6,20,1.7,25.5
65.6,6.9,4,23,4,4,6,1,5.1,28.5
,10.8,3,7,2,4,6,4,5.8,27.9
276.2,1.5,2,21,5,2,4,19,4.3,23.2
1324.4,1.8,3,0,4,4,6,14,9.3,28.2
666.2,8.6,2,7,3,3,7,3,2.1,25.7
448.7,7.0,3,7,4,3,7,25,9.4,28.0
672.2,12.5,3,8,5,4,4,1,4.8,27.6
622.5,1.2,3,10,4,4,9,11,8.5,25.5
487.1,3.8,3,18,2,2,4,1,4.4,26.7
,4.6,3,10,1,4,8,23,5.6,23.4
1001.1,9.1,1,14,6,1,5,12,7.2,30.6
248.1,5.3,4,2,5,1,10,16,5.3,28.2
1174.4,3.2,2,0,2,3,8,21,8.9,23.1
,,4,9,5,2,8,7,5.8,31.7
1110.5,15.0,3,3,0,2,7,8,1.2,28.1
1218.1,13.9,1,2,4,3,2,16,8.2,31.0
231.7,5.9,3,2,1,1,10,24,5.4,26.7
175.8,17.2,4,6,2,1,8,5,7.1,34.7
,12.4,4,4,6,1,1,11,3.9,36.8
,,3,3,0,4,3,7,7.3,29.8
,4.7,3,7,5,2,2,5,7.5,27.5
83.7,5.2,3,6,2,4,2,5,10.0,29.4
454.1,9.8,2,23,3,3,5,12,4.3,24.5
782.8,5.1,3,15,3,2,8,3,3.0,24.6
1335.0,13.9,2,16,6,1,7,16,5.3,32.5
443.6,6.5,4,16,3,1,10,5,7.2,31.0
1174.0,3.5,3,1,1,3,1,13,5.3,26.5
1010.2,3.5,3,11,0,3,7,6,8.8,23.4
217.1,3.0,3,14,1,4,3,12,9.7,26.9
475.4,9.1,2,22,1,1,1,4,9.8,33.7
394.9,0.6,2,10,0,3,10,5,2.1,18.3
691.7,11.1,2,6,6,1,2,9,3.2,30.9
971.2,6.3,2,18,3,3,4,18,3.7,24.3
678.5,11.3,2,4,6,1,6,11,9.4,32.8
,,3,21,3,1,4,9,8.0,34.7
1059.0,17.4,3,8,1,2,2,15,2.1,29.2
897.5,11.7,3,1,1,2,3,25,4.9,25.0
803.0,8.7,4,8,5,1,7,21,9.4,32.0
853.9,14.1,4,23,0,3,1,11,2.9,31.3
371.8,18.5,1,10,0,2,1,13,6.0,31.7
1036.6,10.0,3,1,2,4,3,6,7.2,28.3
611.9,2.4,4,8,2,3,10,19,1.6,22.4
577.0,15.4,2,17,1,4,2,22,4.9,29.4
267.1,0.7,3,1,3,1,7,22,9.3,28.8
915.4,15.4,4,21,4,2,4,6,1.1,30.8
,2.2,3,18,3,4,6,19,6.7,24.3
543.4,2.6,4,18,3,1,3,5,8.9,30.7
1296.8,15.7,4,18,4,1,10,1,4.9,37.1
1275.9,13.9,2,3,1,3,5,18,3.3,26.8
208.1,11.5,3,19,2,1,1,11,7.5,34.1
1057.8,16.5,4,4,0,4,3,8,4.3,29.8
621.1,17.1,2,3,6,4,4,13,4.0,29.3
1499.6,9.4,1,0,4,4,10,11,3.3,25.7
376.3,19.9,2,3,5,4,1,7,9.6,34.1
456.8,7.5,3,3,5,4,3,12,7.7,29.5
691.1,3.8,3,21,0,4,2,1,2.2,25.0
439.6,17.0,4,1,3,2,2,20,3.7,31.9
1053.4,8.6,2,15,6,1,10,24,9.1,29.6
747.3,17.6,3,1,4,4,8,15,8.5,30.9
,1.7,1,23,4,2,10,16,4.2,22.3
784.2,2.7,4,13,6,1,9,19,7.4,30.9
1338.7,1.3,3,12,5,2,9,13,1.9,21.0
1199.0,12.2,3,1,5,1,6,25,2.3,28.5
,16.7,2,20,5,3,6,8,9.1,32.6
468.3,8.4,1,10,2,3,4,18,5.9,31.2
310.8,2.3,1,3,6,1,1,8,2.2,29.0
1323.7,,4,17,5,1,9,7,5.4,28.9
1079.7,7.3,2,22,0,4,4,11,5.2,26.7
879.6,13.0,4,0,3,2,7,20,10.0,34.7
,13.2,2,4,1,1,10,11,1.1,27.5
,,3,15,3,1,4,22,7.7,29.6
1039.6,,2,1,5,2,2,10,7.8,30.4
364.2,13.0,1,18,4,1,4,11,8.0,33.3
224.8,5.5,3,14,5,1,10,14,8.0,30.6
,8.4,3,12,3,1,1,17,7.4,32.2
611.7,12.5,3,7,0,3,3,11,4.8,27.9
1414.7,8.4,3,11,6,3,1,13,1.4,25.1
519.8,1.1,2,1,0,4,8,2,9.7,24.8
1231.6,4.8,3,17,1,2,2,4,3.2,25.1
1135.8,15.6,3,14,5,1,3,4,3.7,31.0
1018.5,5.3,1,12,2,3,3,19,2.4,27.8
1384.6,16.4,3,18,3,4,1,10,4.0,31.8
641.5,9.6,1,12,0,3,10,12,4.0,24.4
615.0,9.7,1,9,1,1,4,14,4.2,33.1
283.4,15.5,1,19,4,1,9,9,4.6,33.5
449.9,8.0,3,22,3,1,6,4,7.0,29.6
1325.7,5.2,1,20,1,4,1,12,9.7,31.2
737.9,2.5,4,12,2,2,2,9,5.7,27.9
,13.6,3,8,2,1,1,15,9.9,36.0
363.4,9.7,1,3,6,2,3,16,1.5,27.9
753.2,,3,9,6,4,6,19,4.4,28.3
1089.2,,1,19,3,2,2,13,1.3,26.0
465.7,8.6,1,19,1,4,4,23,6.4,28.7
1148.7,6.3,4,3,3,3,1,25,9.8,31.4
963.2,4.4,3,13,0,4,9,18,2.9,24.6
,16.7,1,16,4,1,4,24,7.5,35.4
413.8,2.4,4,16,4,3,10,25,7.9,26.9
,18.1,4,21,6,2,4,21,1.9,30.3
272.9,1.0,3,1,3,4,5,4,4.9,22.3
577.5,10.7,3,11,3,1,5,17,2.3,26.7
1100.3,1.6,3,2,0,1,2,4,4.2,27.6
,15.7,3,17,5,1,8,8,8.3,32.0
,4.6,3,12,2,4,9,20,3.6,23.3
1294.6,11.5,4,10,5,4,9,14,9.4,32.3
127.4,18.4,3,19,1,1,5,16,8.0,35.1
,13.2,2,20,2,2,8,10,3.4,24.2
1476.5,4.0,1,7,1,3,5,22,4.8,28.2
820.7,16.0,3,19,6,4,2,9,6.6,31.9
1211.0,9.1,1,23,5,2,8,17,6.5,28.4
913.0,0.8,1,1,4,4,5,20,6.1,25.6
1185.5,10.0,3,18,2,4,4,1,4.4,27.6
,16.3,4,2,5,3,1,22,9.5,35.6
,8.9,1,18,3,3,3,17,1.8,25.0
,15.3,2,16,5,1,5,5,6.7,33.4
1125.6,14.3,4,20,1,2,8,6,1.3,30.8
395.0,9.4,3,13,3,4,4,2,6.0,28.7
1471.9,6.8,3,6,6,1,2,12,2.7,29.3
380.3,14.7,3,16,0,3,4,2,1.8,25.6
393.2,7.7,3,7,5,4,1,18,1.5,26.9
1295.1,3.8,2,0,4,3,5,2,9.6,27.5
402.3,6.8,3,2,2,4,5,17,2.2,24.7
573.3,17.6,3,20,6,4,8,19,4.2,29.5
,6.0,1,9,5,1,1,10,5.2,29.8
280.2,5.1,2,3,3,3,7,9,1.2,24.6
280.7,3.1,3,0,2,3,8,18,9.3,28.6
,1.6,3,0,4,3,9,23,1.1,19.3
,19.5,3,18,0,3,10,24,9.2,31.4
391.7,11.0,3,3,1,2,7,16,1.3,25.1
63.4,14.7,3,19,3,2,10,6,4.7,26.3
587.2,15.6,1,13,1,2,4,9,8.0,34.2
,7.4,4,5,3,1,2,3,1.2,30.6
95.2,16.1,4,21,6,4,1,1,8.3,36.2
950.8,19.2,2,11,2,3,10,4,5.2,31.0
,15.0,3,9,2,2,2,20,5.2,30.6
152.7,14.4,2,16,2,1,2,12,2.7,31.6
509.7,8.9,4,15,5,3,8,15,3.1,25.5
1315.6,16.9,3,17,5,4,4,8,8.2,30.8
894.1,2.2,3,14,1,4,6,2,1.1,22.8
647.4,15.1,4,23,6,2,1,12,3.9,32.0
724.4,7.6,3,9,4,2,5,11,3.9,27.0
352.0,11.5,1,4,6,3,9,3,3.4,25.3
1227.2,17.9,3,3,6,3,6,17,3.8,27.3
1375.3,12.3,3,5,4,2,3,7,2.1,27.5
1370.5,1.0,2,18,4,4,2,13,2.5,24.1
374.7,14.6,3,20,4,3,7,9,6.0,28.2
500.6,18.6,3,7,4,4,8,3,6.1,30.3
282.9,13.0,3,2,3,1,8,24,9.4,30.9
495.4,17.3,4,17,1,3,2,16,5.8,33.4
532.6,16.6,3,18,2,2,4,8,4.9,31.7
968.0,,3,1,4,4,1,6,1.9,30.3
325.0,7.2,3,3,5,3,8,2,7.6,25.6
1383.1,9.7,1,8,3,3,3,20,5.0,25.6
199.5,17.0,1,11,0,3,4,8,7.8,34.0
60.0,18.3,4,2,0,1,6,6,2.7,34.0
1289.7,3.4,3,14,6,3,2,24,6.5,27.0
1070.5,4.0,3,11,0,4,8,25,7.5,27.2
565.3,7.3,1,18,1,1,5,11,4.3,30.9
913.5,15.5,2,22,0,1,6,15,5.3,32.8
374.1,17.6,1,2,1,1,8,21,1.6,32.0
294.2,11.8,3,10,5,2,7,16,3.4,26.3
733.2,2.7,3,19,1,1,1,7,2.5,26.2
562.1,6.4,2,0,5,3,1,20,4.4,26.8
,17.2,3,20,5,1,9,4,1.8,28.2
366.3,7.3,4,9,4,1,9,14,8.5,31.6
1011.2,2.5,4,19,1,1,3,13,7.6,31.0
1161.9,6.4,4,14,6,3,1,15,8.8,31.4
291.6,16.2,3,22,4,1,7,18,9.5,33.9
113.6,10.1,3,3,5,3,10,2,6.1,25.2
687.4,3.8,3,20,2,3,2,22,7.7,25.7
1172.3,6.6,2,13,4,2,1,8,5.4,30.2
,19.1,4,18,4,1,4,7,8.1,36.8
1067.7,8.9,3,18,4,3,7,14,5.8,25.6
,9.1,3,13,4,2,5,25,7.6,28.7
390.7,3.5,2,10,4,3,5,21,3.5,23.2
821.1,6.4,2,19,6,4,5,13,7.2,28.1
346.3,16.4,4,12,6,1,10,15,6.2,35.1
1103.0,15.8,2,23,2,4,3,13,3.2,30.9
335.6,9.0,1,16,6,1,1,18,7.2,33.0
472.3,17.9,3,15,2,3,6,22,4.3,28.7
784.5,7.9,3,13,1,1,5,4,6.7,30.7
755.7,17.4,1,5,1,1,3,11,6.9,34.3
,1.1,2,17,4,2,10,15,7.0,24.0
684.3,7.3,3,5,3,3,2,19,7.2,25.3
1383.2,17.2,4,14,5,2,2,3,4.8,34.1
1267.9,18.1,3,19,5,2,2,15,6.6,29.4
1324.7,15.3,3,10,3,1,10,20,9.2,31.0
962.8,13.6,2,23,1,3,9,4,1.6,26.2
970.8,16.4,3,3,0,2,10,5,8.0,30.6
933.3,14.3,3,5,6,4,2,1,2.2,28.9
680.6,5.5,4,7,2,2,1,22,5.2,28.8
517.1,9.6,3,23,0,3,4,24,2.5,23.9
908.4,13.4,2,12,2,4,5,12,8.0,29.5
87.0,12.0,1,6,5,4,3,22,1.3,28.6
60.8,17.8,4,23,0,2,7,15,7.3,32.9
1284.9,9.7,1,9,4,1,7,25,4.6,27.3
117.3,4.0,3,6,2,2,7,3,3.4,22.9
811.0,4.7,3,21,6,2,4,17,9.6,27.1
941.7,17.0,1,3,3,2,1,19,3.6,31.1
337.3,0.7,3,23,3,1,3,17,2.9,25.8
1348.8,17.4,3,1,3,2,2,13,4.9,29.7
325.6,1.6,4,13,4,1,10,6,3.7,28.4
1332.5,8.1,2,13,0,4,9,5,7.6,24.9
1156.3,16.1,1,22,0,1,10,17,1.3,28.9
399.1,8.4,1,22,4,4,8,15,7.2,29.2
268.6,16.5,2,20,2,4,2,13,4.8,31.2
508.5,2.5,3,21,1,4,5,1,8.1,26.6
627.0,10.5,3,20,5,2,7,10,4.0,27.8
406.4,11.9,1,12,5,4,1,22,1.2,28.6
1498.4,17.9,4,20,0,4,9,18,7.9,32.9
383.0,2.3,1,18,1,4,9,19,2.2,23.9
1254.4,7.1,3,9,5,4,10,3,5.3,26.0
280.7,13.4,4,21,3,2,3,12,8.5,35.2
1471.4,19.6,3,0,2,3,3,13,9.3,32.3
377.0,17.0,2,2,3,1,7,20,3.2,30.4
661.4,17.0,4,3,2,4,8,19,8.5,33.3
859.9,,3,12,0,2,3,3,8.0,30.2
224.4,11.5,1,1,4,2,4,21,9.3,33.6
1234.4,17.2,1,5,4,2,4,2,8.3,34.2
448.3,17.5,4,5,0,4,7,13,1.8,29.5
846.4,16.1,2,5,1,1,2,7,9.5,33.7
847.0,16.5,4,1,4,3,6,9,1.2,31.1
923.8,17.7,1,5,5,2,3,11,4.1,31.2
130.5,2.7,1,6,6,3,8,15,4.5,24.3
294.5,6.2,4,18,4,3,8,1,5.4,27.4
283.7,19.5,4,14,0,3,10,4,3.1,31.2
488.0,11.1,1,7,2,1,4,18,2.1,29.6
260.1,3.9,2,3,1,4,2,3,8.5,28.5
1386.8,10.3,3,12,6,4,3,7,6.8,28.7
793.8,13.1,3,7,0,4,3,21,5.3,32.3
954.2,16.7,3,16,2,2,1,6,8.0,31.9
568.4,16.3,2,5,3,1,6,4,9.2,35.0
,1.5,4,23,2,3,7,12,3.0,27.9
779.6,9.3,2,2,5,1,4,11,3.9,30.9
,0.9,2,20,0,3,3,4,9.4,26.4
548.3,17.8,2,16,6,2,6,11,5.9,30.6
,3.9,1,16,2,1,2,22,3.5,27.9
783.3,12.7,3,21,2,4,8,25,2.4,27.8
1477.3,11.6,2,10,6,3,3,2,9.9,30.3
373.8,12.7,3,17,1,1,7,18,5.8,30.4
757.6,11.5,3,12,3,4,7,18,8.8,28.1
266.8,14.5,1,16,0,3,8,20,6.7,28.6
557.5,12.7,4,13,3,2,6,20,5.0,30.4
1090.1,2.3,3,23,2,2,2,17,8.7,28.7
303.0,7.7,2,7,5,2,1,22,4.2,27.4
893.0,11.2,1,17,3,4,1,7,7.9,33.3
654.2,6.8,3,3,4,3,2,4,5.1,23.9
124.8,15.3,3,1,6,4,9,10,9.1,32.0
,,3,16,6,1,2,5,5.5,28.7
649.7,16.7,3,5,1,3,5,5,3.9,29.5
,3.4,2,0,3,1,5,2,7.5,25.6
653.7,15.5,4,15,5,2,7,14,8.7,33.2
1409.2,4.1,2,14,0,3,2,21,8.7,28.0
,10.8,2,15,3,4,1,2,5.3,28.5
647.7,6.8,3,10,3,2,9,17,5.0,25.0
1150.4,12.9,1,19,6,1,8,23,2.3,30.7
548.3,4.6,3,0,0,4,7,12,1.4,24.1
578.3,16.0,2,3,6,3,2,5,9.4,30.1
1492.5,11.7,3,9,1,3,8,17,7.5,28.5
855.6,19.2,3,23,6,4,8,6,6.2,32.7
1049.6,14.4,3,17,4,1,9,4,6.3,32.8
983.0,12.3,3,12,2,3,1,13,1.2,25.1
1250.5,,2,22,0,1,6,1,5.1,31.3
1299.6,4.8,4,22,2,4,1,8,9.3,31.8
866.7,12.8,3,2,5,2,4,20,5.2,29.3
477.1,8.1,3,12,1,2,4,5,6.2,29.1
83.1,15.0,1,22,4,1,2,13,4.4,32.6
940.9,1.0,2,4,1,3,3,25,1.9,21.8
1246.9,8.8,3,3,0,3,10,6,3.9,23.3
703.3,13.2,3,8,4,4,10,7,1.8,24.5
288.8,9.5,4,23,5,1,6,18,6.2,32.9
467.7,5.1,4,5,6,3,5,19,9.8,29.3
789.5,9.6,3,15,3,4,10,13,4.3,26.0
1263.2,17.1,3,6,4,4,5,19,8.7,30.9
299.0,4.5,3,17,4,3,5,16,1.4,23.4
937.6,7.7,2,21,2,4,1,7,5.5,27.0
,19.8,3,0,0,1,2,21,6.9,34.4
1407.3,18.3,3,9,1,1,5,7,3.9,31.2
219.2,1.2,2,13,2,3,4,17,1.9,22.3
1393.3,10.8,2,4,4,2,1,14,3.0,30.1
922.1,1.8,3,15,2,3,8,14,1.6,21.4
1161.7,18.5,3,8,1,3,7,22,9.0,30.4
128.0,9.1,2,0,6,3,1,23,1.0,24.7
783.9,8.7,2,14,0,4,10,19,1.6,22.9
952.8,5.8,1,0,5,1,3,15,8.2,33.2
494.9,11.6,4,4,0,4,4,8,3.7,30.9
675.9,,4,3,2,4,2,19,4.3,25.9
853.7,16.1,4,1,5,2,9,2,3.8,32.1
851.2,10.1,4,9,5,1,10,3,9.0,32.4
110.7,11.5,1,20,2,3,10,16,9.4,28.0
687.2,16.9,1,7,0,4,1,7,9.4,35.2
360.0,4.1,3,5,6,3,10,12,3.8,21.6
1379.2,3.9,3,19,6,1,1,24,2.8,30.2
,8.7,3,22,3,2,8,9,8.5,27.7
484.5,15.8,2,7,0,2,7,11,8.6,31.5
304.0,1.6,4,1,4,3,9,17,4.2,22.4
368.3,16.0,2,18,5,3,6,19,6.2,27.9
742.7,10.3,3,15,5,4,4,24,4.5,27.0
1318.0,11.5,4,23,5,4,7,8,1.1,29.4
775.1,,3,15,6,3,6,23,4.7,24.9
,1.6,3,22,3,1,2,6,9.1,31.7
107.8,5.4,3,3,1,1,7,17,8.7,29.6
379.7,15.2,3,3,4,1,7,2,1.9,30.5
1272.0,8.5,4,15,1,3,3,24,3.8,27.1
,11.4,3,17,4,1,7,20,1.7,26.8
,18.9,3,9,1,1,4,10,3.7,30.3
512.5,1.4,4,10,0,1,6,23,3.7,28.5
1397.7,9.3,3,9,3,3,4,3,1.5,25.9
530.2,7.5,3,1,4,2,7,10,9.1,27.7
1260.7,2.6,3,21,1,4,1,12,8.6,26.0
,19.0,2,21,5,2,2,17,9.4,32.9
750.8,19.2,3,22,4,3,5,17,7.7,31.3
1346.7,6.6,4,12,5,3,7,2,7.8,29.3
451.4,19.0,2,4,2,4,8,21,8.1,31.8
,1.2,2,9,4,1,2,4,7.1,27.3
177.5,19.6,1,16,6,3,7,24,2.6,28.3
737.2,16.8,3,4,1,3,10,11,2.6,26.1
,4.7,2,3,5,2,7,13,5.5,26.0
141.0,12.2,3,23,4,3,1,10,7.2,28.9
55.4,16.1,1,0,5,3,7,10,1.3,28.1
,6.7,2,14,4,3,4,12,5.9,25.0
,7.4,1,3,4,3,1,8,9.0,30.4
710.1,12.8,1,0,5,1,5,23,2.1,30.0
487.6,3.4,4,15,0,2,1,16,3.8,27.7
1487.2,2.8,4,4,0,4,2,12,9.9,33.7
1412.3,5.4,3,17,0,1,2,18,4.0,28.2
232.2,15.0,4,19,6,1,3,2,1.3,32.9
651.9,7.6,1,12,3,3,10,16,7.2,24.6
990.8,10.4,4,4,6,1,3,5,9.8,37.1
1113.6,4.3,3,22,6,1,9,5,3.1,25.5
,4.3,3,8,2,4,2,17,2.9,25.1
1132.1,13.2,3,18,0,1,6,12,4.9,29.8
230.0,2.6,2,4,5,1,4,5,5.8,28.9
531.1,13.5,2,3,2,2,4,2,8.3,32.2
,8.3,1,16,2,4,6,16,9.9,31.7
957.2,13.6,3,4,5,4,10,14,8.3,28.7
1264.0,7.9,3,12,3,2,7,6,3.6,25.0
117.9,17.0,4,14,2,2,1,6,8.1,34.7
302.9,1.6,1,2,2,3,10,19,6.7,23.9
120.3,17.9,3,7,6,4,1,23,5.4,31.5
328.6,5.7,3,4,2,1,5,24,6.7,29.5
,,1,0,6,2,7,21,5.0,23.7
,11.5,2,22,4,1,6,6,6.7,31.5
816.1,4.9,3,0,0,1,6,19,7.6,27.7
1003.9,9.5,3,19,0,3,8,10,1.1,23.4
608.1,16.1,2,9,4,1,10,3,6.5,33.4
54.7,15.9,1,6,0,4,3,5,2.4,30.1
,12.2,2,12,1,1,9,12,4.0,28.0
128.7,19.6,4,21,3,4,1,8,5.0,35.2
1305.9,9.5,4,15,3,2,10,5,9.8,32.1
82.8,1.3,2,1,6,3,4,20,3.9,22.0
819.2,16.5,3,18,6,2,8,2,8.4,29.4
1347.6,4.8,4,18,6,2,3,24,4.0,26.8
,3.9,2,23,0,3,10,11,3.1,21.4
932.2,1.9,1,4,5,2,6,9,4.9,27.5
1038.3,6.9,1,20,6,1,7,8,1.8,26.4
227.5,6.9,2,8,4,1,3,17,8.4,29.0
1028.6,6.4,4,8,6,2,6,23,5.5,28.6
,12.1,4,15,5,1,8,7,7.2,32.8
1462.6,15.2,3,12,4,1,6,24,8.2,31.5
692.4,18.8,2,5,2,1,2,23,4.7,34.2
549.5,2.3,4,5,2,4,10,24,5.1,25.5
1142.3,3.4,2,15,2,2,3,16,3.3,26.0
837.2,12.0,1,23,1,2,2,1,7.4,32.8
423.1,2.4,1,5,4,4,7,8,8.5,25.9
299.6,7.7,4,12,3,3,6,13,6.2,26.5
296.8,12.7,3,7,2,1,5,20,1.3,30.1
715.8,15.7,3,5,1,3,4,1,7.4,30.3
296.7,4.7,3,19,3,3,1,15,7.0,30.4
78.6,13.5,1,17,0,2,7,16,4.1,29.9
125.5,13.1,3,11,2,3,3,2,4.7,30.1
1398.3,17.3,4,11,0,1,7,13,5.5,33.6
155.8,6.6,4,10,2,4,9,11,8.1,29.1
156.1,15.1,3,23,4,3,4,11,7.1,30.7
704.2,15.2,1,22,4,2,6,19,5.7,30.2
405.4,,4,1,0,4,7,2,8.2,29.8
1445.9,12.6,3,19,4,3,6,19,8.7,29.0
1370.9,13.7,2,8,2,4,6,3,1.5,26.3
636.9,,1,15,3,1,5,18,1.6,26.8
700.7,9.3,1,22,4,2,2,8,5.3,29.5
593.9,9.0,3,10,0,2,7,14,8.0,27.5
104.9,15.6,3,11,1,2,7,7,2.0,26.5
474.6,0.5,2,15,1,3,5,25,8.8,24.4
,10.3,2,7,2,2,1,5,2.2,26.1
198.4,4.1,3,6,0,4,1,11,7.3,28.8
863.2,13.1,3,14,0,1,9,22,8.2,31.8
,13.8,2,4,3,1,2,10,1.4,31.4
199.3,10.3,2,15,0,4,10,1,8.6,27.4
746.7,11.1,4,5,3,3,1,6,8.6,31.5
691.3,6.6,4,2,1,1,1,6,2.3,33.0
,6.6,3,2,6,4,3,3,2.9,26.0
56.5,15.0,3,6,0,1,3,23,8.7,34.5
329.8,3.1,4,2,3,3,4,21,9.7,27.5
392.0,15.5,1,7,3,1,2,22,5.4,33.5
1210.4,13.3,4,10,5,2,2,14,2.1,32.0
,17.7,3,5,0,4,8,9,3.5,28.8
638.6,5.6,3,12,6,1,10,22,4.0,25.8
637.3,10.4,3,9,2,2,1,21,6.7,30.0
1083.1,1.3,2,1,0,2,7,19,7.5,25.2
959.0,18.3,3,8,5,1,6,4,6.5,36.2
317.0,,3,0,3,1,7,22,9.0,32.4
206.1,12.6,1,17,4,2,4,17,1.1,28.6
684.5,14.8,3,10,6,2,3,18,4.5,29.1
869.0,6.0,4,14,2,1,8,23,3.6,27.9
251.1,12.3,4,3,6,3,7,7,7.8,31.3
475.2,16.1,3,10,6,1,7,12,7.1,30.8
493.6,2.3,2,19,3,2,2,9,9.0,29.0
428.9,19.2,2,4,5,4,6,5,3.8,28.5
718.1,17.9,2,23,0,2,10,13,8.7,29.5
996.9,19.3,4,10,4,3,6,15,5.8,31.1
788.6,16.3,3,3,0,2,9,7,2.4,28.2
342.1,6.2,4,4,3,3,8,19,8.5,26.9
199.3,11.8,1,11,5,4,4,8,3.1,29.5
1241.7,2.8,4,22,0,2,5,22,7.8,27.7
745.0,15.2,4,11,2,3,4,19,5.8,31.1
140.1,3.5,3,4,2,2,5,10,5.6,25.0
,17.4,4,9,1,2,2,19,5.8,36.4
1215.8,5.2,3,20,3,4,1,8,9.8,27.6
1140.0,3.6,2,23,5,2,8,15,6.3,25.5
1319.9,1.9,2,14,6,1,3,18,1.4,25.7
923.0,14.4,1,20,6,2,9,6,9.6,30.7
663.2,4.1,1,19,6,3,4,7,3.5,25.9
,4.4,3,10,1,3,7,4,5.2,23.2
331.3,3.8,2,21,0,3,6,7,8.4,24.7
993.7,6.5,1,1,1,2,3,18,1.8,24.9
898.3,18.9,1,19,6,2,7,5,3.1,30.7
274.6,10.0,3,13,1,1,5,23,8.9,30.8
1334.2,5.6,4,14,5,1,10,10,2.1,27.1
584.3,3.8,3,22,2,4,4,8,5.7,26.6
122.1,0.9,3,6,4,4,3,11,2.7,25.1
,7.6,4,4,5,1,1,16,4.2,30.6
1311.3,2.6,3,15,6,4,6,19,8.1,26.3
1379.6,1.0,3,17,0,4,6,17,9.6,26.8
,2.5,3,0,2,1,8,3,6.2,29.0
1436.7,6.7,4,11,0,2,2,22,4.3,28.7
1319.1,15.1,2,9,2,1,4,11,1.7,32.3
1246.6,1.8,3,19,2,3,3,22,4.6,24.4
1296.6,13.7,3,20,6,3,6,17,8.3,26.7
603.7,12.6,2,3,4,1,3,2,7.8,33.7
1146.9,17.7,3,13,0,4,5,14,4.2,29.7
887.1,4.1,4,17,3,2,10,21,2.5,26.0
1093.5,16.0,4,6,4,2,4,20,5.9,34.0
307.8,17.4,4,22,5,1,10,19,8.5,33.9
1110.5,19.5,3,21,5,4,1,23,6.1,33.2
1438.5,16.3,3,4,1,1,5,15,5.9,32.4
,2.9,4,0,6,4,1,6,7.4,29.3
,19.0,2,13,6,4,6,1,2.2,31.1
598.6,16.4,1,21,1,1,3,23,6.6,33.8
339.6,4.6,3,16,4,1,2,17,1.7,27.2
212.8,3.7,3,18,4,1,10,23,2.4,24.5
,18.8,3,17,6,4,7,20,1.5,28.5
,3.5,4,3,0,1,2,10,6.5,33.6
,15.7,1,1,1,3,8,5,9.7,33.4
,8.4,4,1,6,4,1,21,2.3,30.0
531.5,14.6,3,23,0,2,6,22,5.2,26.5
700.1,2.3,4,22,3,3,7,13,9.0,29.4
1300.9,14.6,2,20,2,1,2,7,8.7,35.3
,10.5,3,1,4,4,10,21,4.8,27.1
1155.5,18.1,3,21,3,3,1,21,7.7,31.2
,4.2,3,23,5,3,1,19,1.4,23.6
1487.5,2.6,2,18,0,2,5,14,7.8,27.4
400.0,4.3,1,10,3,3,8,25,7.5,28.0
430.3,2.0,1,2,3,3,6,24,6.2,25.0
184.2,19.6,3,8,3,1,2,6,2.0,31.5
,2.9,3,4,0,3,1,8,3.7,25.5
,4.4,3,15,3,1,2,19,2.5,27.2
1102.6,16.3,3,21,6,3,10,4,1.5,24.5
,5.3,1,11,4,4,10,1,9.1,27.9
67.8,4.8,1,1,0,4,1,13,2.6,27.4
966.7,13.6,3,9,5,2,8,24,2.9,27.6
1498.1,8.3,3,19,6,4,9,22,7.3,25.9
,16.8,3,15,5,4,6,5,3.9,28.8
316.7,,3,0,0,2,2,6,4.6,29.4
458.6,6.1,4,8,0,2,2,10,1.5,30.0
666.9,12.2,4,8,1,1,7,24,9.3,36.0
413.8,17.4,3,0,2,3,6,22,10.0,31.6
553.1,7.6,2,8,6,2,2,23,4.3,27.4
975.4,14.9,1,19,3,3,1,12,2.9,29.2
,8.6,3,3,6,4,5,2,7.4,29.6
624.3,11.1,3,12,0,1,4,17,7.8,30.7
108.0,14.8,1,15,5,2,10,23,2.4,27.7
1381.0,1.7,2,16,5,3,8,10,5.4,20.6
640.0,9.4,4,7,6,3,5,7,2.8,25.9
525.8,2.4,1,13,3,4,6,14,3.1,22.4
175.4,14.6,3,17,4,4,6,7,5.4,31.5
969.6,12.4,4,14,0,2,7,22,4.6,29.5
1302.5,6.9,3,20,6,3,6,11,5.3,23.7
109.7,2.0,1,5,4,2,2,23,4.5,29.1
,18.6,4,2,4,1,6,16,1.7,32.5
,6.6,3,22,2,3,8,12,1.7,23.4
923.3,5.9,2,17,0,4,10,12,3.4,22.8
1385.8,2.5,3,10,5,4,10,19,5.7,24.4
684.8,11.8,1,13,5,2,7,7,2.9,27.9
548.5,5.7,3,22,1,4,10,12,6.6,24.4
1160.5,16.9,4,20,5,1,1,22,7.9,35.6
1126.7,13.8,3,19,0,2,1,24,9.0,30.7
407.8,0.6,4,14,4,2,2,2,9.5,29.1
283.2,11.5,3,17,0,2,1,19,4.3,26.5
568.8,5.0,4,13,5,4,7,22,9.5,30.4
1174.6,0.8,3,11,3,2,6,11,8.9,27.3
1057.8,12.6,1,16,2,4,6,6,3.8,28.2
1015.5,4.5,4,0,5,4,6,13,4.3,24.9
1252.7,18.0,4,19,5,1,5,23,2.5,34.1
451.8,11.7,3,7,4,4,9,5,8.8,29.3
,4.6,3,13,5,1,3,8,5.8,28.1
111.4,19.6,2,15,0,3,4,24,2.9,28.6
1309.7,11.2,1,7,5,2,1,17,8.3,28.5
894.5,3.7,2,7,4,2,6,7,8.7,27.1
482.3,10.6,3,4,1,3,4,17,6.8,27.5
150.7,19.2,1,2,3,4,3,5,4.5,34.2
1098.9,8.8,2,21,4,1,6,19,3.0,28.3
1135.7,8.8,4,12,5,1,10,12,7.9,32.2
1016.0,9.5,3,16,3,3,8,23,7.9,28.8
345.5,6.0,4,3,1,1,2,19,5.6,31.1
1374.2,3.7,2,20,1,2,4,4,7.7,25.5
1142.1,11.8,1,7,5,2,10,18,2.8,27.6
,17.9,3,11,6,2,3,17,5.8,32.3
993.9,14.8,2,12,4,3,9,7,3.9,27.9
1361.3,2.4,3,17,5,2,9,13,9.9,25.8
1396.0,8.3,4,2,4,1,1,7,4.8,32.4
,0.6,2,21,3,3,10,19,2.9,18.9
654.2,6.5,3,2,2,2,8,6,2.8,23.5
,13.6,3,15,3,1,5,11,10.0,32.0
1237.7,6.2,1,5,0,4,4,16,10.0,29.5
,,3,22,4,2,5,2,8.2,33.9
162.0,9.8,3,14,1,3,3,24,5.3,26.1
256.2,13.5,2,22,6,3,8,2,7.0,28.4
1355.3,17.7,3,22,5,1,5,23,7.3,34.1
1332.5,13.8,3,6,3,4,5,17,2.2,26.8
1430.2,18.0,3,5,4,1,10,13,2.3,29.5
,16.3,4,2,0,3,1,13,4.5,33.7
1186.9,11.6,3,17,4,3,4,10,4.4,27.4
,6.3,3,0,5,1,7,18,5.2,29.3
507.8,6.3,4,4,3,1,3,10,3.7,34.1
260.7,17.6,3,21,6,4,2,14,6.6,30.8
,1.6,1,15,0,1,6,21,7.8,28.8
93.8,18.9,1,10,6,1,2,17,8.8,36.7
916.1,6.9,2,3,2,4,5,17,4.7,25.5
,14.9,1,20,0,1,1,15,3.6,32.8
1038.6,6.9,3,20,4,3,1,2,2.4,27.4
420.7,19.1,2,1,4,2,8,2,6.0,30.8
1096.3,1.2,4,17,0,2,2,2,1.3,29.4
363.8,7.4,3,7,2,1,1,7,8.7,31.9
1252.1,17.4,2,16,6,3,1,13,5.3,32.2
367.7,5.8,4,7,1,2,6,6,6.5,31.4
1060.2,5.9,3,0,0,3,6,14,4.6,24.4
1185.9,18.0,1,18,5,4,6,22,1.0,29.4
324.0,16.7,1,20,4,2,7,25,8.1,32.6
395.1,2.6,3,16,3,1,7,17,5.3,26.1
1179.7,11.8,3,3,2,3,8,4,4.7,28.4
174.7,4.9,3,10,6,2,9,19,7.8,24.7
326.6,4.7,4,12,6,3,3,21,4.1,26.3
710.5,12.5,3,19,0,4,1,20,6.8,29.6
,2.9,4,18,5,1,9,23,7.5,29.9
864.7,9.7,3,21,3,1,1,1,9.8,34.3
612.1,5.5,3,15,2,2,5,10,7.9,26.7
,17.2,1,22,2,4,7,15,1.2,28.5
722.4,11.3,3,19,3,2,1,5,6.6,28.9
,4.7,3,4,4,2,10,10,6.5,26.4
646.9,18.6,3,17,6,4,10,7,2.1,28.6
502.7,16.5,3,2,0,4,9,6,7.8,29.8
522.3,5.7,3,18,4,4,7,17,4.4,24.7
1047.4,19.2,3,5,0,4,8,17,6.6,29.6
109.2,5.7,3,7,0,4,6,2,3.4,24.2
1038.6,6.2,3,13,2,1,8,18,2.6,25.1
341.7,,4,9,5,2,1,23,4.6,28.8
607.1,3.7,3,15,2,4,3,2,2.9,26.4
262.5,13.9,3,12,2,3,1,19,9.9,32.5
851.5,11.4,3,15,6,1,2,18,7.5,30.8
1107.6,17.9,3,14,1,3,6,20,1.3,27.7
564.3,5.2,4,4,5,1,8,25,4.5,27.7
287.0,3.8,4,16,5,2,9,19,9.2,29.4
378.4,7.5,3,23,4,4,2,9,6.4,28.5
1236.3,3.3,4,13,6,4,7,4,5.4,27.0
438.1,18.9,3,14,6,1,8,23,5.8,32.7
1173.3,14.5,4,17,0,2,1,19,3.7,33.5
,16.0,4,2,1,2,4,12,4.5,29.9
323.7,15.1,3,3,2,3,7,15,2.8,27.9
1104.6,5.2,4,13,4,4,2,14,7.4,29.4
729.4,3.2,3,9,1,4,4,2,3.1,26.6
95.4,8.9,3,16,4,1,5,7,4.8,30.8
,16.7,3,21,6,3,2,8,9.3,30.7
264.2,6.9,3,18,0,1,1,16,4.7,29.1
562.4,0.7,3,5,6,3,9,11,4.0,22.2
608.0,13.4,2,7,3,3,1,11,4.8,30.0
759.7,4.4,3,3,6,2,6,14,3.2,24.9
1188.9,11.1,3,2,4,4,5,23,7.6,29.2
58.8,0.8,3,17,0,3,8,5,7.1,23.0
1402.1,10.4,1,16,6,4,9,3,3.3,27.2
986.7,,2,4,0,2,2,14,4.8,27.5
1428.4,17.7,3,16,1,2,10,22,5.8,26.9
1235.2,14.6,3,10,3,3,2,24,8.8,30.9
1395.4,1.2,1,21,6,1,9,9,4.0,26.1
921.5,15.9,2,17,1,4,6,9,6.2,31.7
568.1,15.9,3,6,3,2,1,21,9.5,34.1
692.2,13.4,2,11,0,1,6,4,3.3,30.6
1004.1,18.6,2,5,2,2,9,10,7.6,32.0
669.1,16.2,3,21,1,3,6,12,6.9,30.1
1110.9,4.8,3,12,2,3,1,8,2.3,24.7
183.2,7.9,4,21,4,1,8,12,9.9,31.6
1253.5,7.3,1,12,5,1,9,25,8.0,29.9
346.1,10.3,2,12,4,3,7,23,4.9,25.1
1418.7,,1,4,0,4,5,10,6.0,32.4
275.5,12.5,3,23,5,1,7,12,4.2,29.6
237.3,6.6,1,16,4,4,4,24,3.4,27.9
1227.2,18.9,2,7,0,2,2,7,9.1,35.2
1237.1,14.2,3,20,6,1,9,15,6.3,30.2
1121.2,5.7,3,5,5,2,5,6,4.3,24.3
1442.8,18.2,3,2,4,4,8,16,8.7,30.0
442.3,7.2,3,16,3,2,6,1,5.0,28.2
1248.6,10.6,4,17,5,4,9,6,2.7,29.3
560.5,9.8,3,13,2,3,6,19,2.4,23.2
829.2,18.5,2,17,5,4,4,18,9.5,31.0
696.1,5.7,3,6,4,2,4,7,4.4,25.5
58.5,7.0,1,6,4,1,6,6,4.6,32.1
883.0,13.4,1,8,5,2,10,20,5.8,29.0
,17.8,3,4,1,4,2,25,6.2,30.9
303.1,,2,5,0,4,2,14,4.9,25.6
,4.6,1,1,3,2,3,19,9.4,27.1
819.1,19.0,3,5,5,1,10,18,4.0,30.6
308.5,15.7,4,13,1,1,7,23,2.0,33.5
986.6,7.2,1,8,3,2,8,6,10.0,29.1
328.3,7.5,3,10,6,4,6,15,3.0,24.9
142.1,9.7,4,22,4,3,6,4,9.5,31.6
1043.7,13.6,2,0,0,2,7,9,8.6,28.8
210.5,11.4,3,20,6,4,2,11,8.0,30.8
,15.6,2,0,6,1,7,24,2.2,28.5
1122.9,1.6,4,12,4,2,6,9,1.3,24.5
130.0,16.5,1,3,4,3,9,1,2.5,27.5
,1.6,2,11,4,2,1,13,4.6,25.1
1204.4,17.7,4,21,4,3,6,11,8.1,33.1
255.0,1.3,3,0,2,4,10,19,4.5,22.4
,3.0,2,12,4,3,9,1,1.3,21.2
190.1,4.0,3,11,3,3,3,23,1.6,23.0
967.2,4.8,4,10,5,1,8,19,5.1,28.5
141.2,8.3,3,14,5,4,4,15,1.3,22.7
,13.3,2,7,4,1,8,22,7.8,31.3
351.2,17.9,2,18,6,1,7,6,3.2,30.7
1040.2,10.7,4,5,3,1,5,11,5.4,33.6
236.0,10.9,2,8,5,2,1,8,8.1,30.1
353.9,6.7,2,11,2,4,8,7,6.0,23.9
703.9,16.1,1,22,5,3,6,23,8.9,30.9
881.0,2.7,1,12,1,4,6,23,8.6,28.5
1498.4,6.4,3,20,4,1,8,6,2.6,27.3
87.6,2.4,3,3,0,4,10,7,1.2,20.0
50.5,4.7,1,1,5,2,3,3,8.8,29.0
558.0,11.9,1,12,2,3,10,4,6.9,27.6
580.9,3.0,1,21,1,1,2,24,9.3,31.1
1331.6,2.5,1,5,2,3,7,5,1.7,22.4
1373.2,16.6,2,5,2,3,5,1,9.9,29.6
1326.8,2.8,3,3,0,3,8,22,9.9,25.0
257.6,12.4,1,22,3,4,6,19,3.4,29.9
647.6,7.4,2,2,0,1,6,18,1.5,26.0
,18.0,3,15,3,4,5,4,4.3,28.8
,14.3,3,9,2,2,7,1,4.9,30.5
1011.7,1.7,3,9,4,2,3,17,3.4,26.5
393.9,18.0,4,17,1,3,3,14,1.5,30.1
519.0,8.6,2,10,6,1,5,5,8.8,32.0
1297.6,6.3,1,0,0,3,3,12,2.9,26.2
,13.6,1,13,5,4,4,23,8.9,32.9
1448.3,14.5,1,0,2,1,1,23,3.3,31.4
494.1,6.4,4,20,5,3,3,2,8.6,30.5
84.1,7.4,3,22,4,4,5,1,3.5,25.0
,3.5,3,20,5,3,5,8,1.9,23.3
298.2,12.1,4,9,3,4,7,19,8.4,33.4
784.9,19.2,4,9,5,4,4,20,3.5,32.9
213.4,8.6,3,14,4,2,7,14,3.8,24.7
957.8,19.9,4,20,4,2,5,15,4.7,34.4
1318.6,3.9,3,18,4,3,5,12,6.5,24.4
575.7,16.0,1,11,1,2,1,11,6.7,33.5
294.3,18.6,3,19,5,2,8,4,1.7,27.4
630.0,,4,10,5,4,7,11,9.6,31.5
1189.7,2.6,3,18,5,1,1,25,1.5,25.4
,,3,5,1,2,1,13,8.5,26.1
196.7,2.2,4,10,2,2,8,15,7.4,26.2
828.9,12.2,3,19,5,3,3,25,3.6,29.2
,20.0,3,5,1,4,9,1,6.4,27.6
524.3,7.8,2,14,0,4,9,17,5.9,23.9
209.7,,2,6,2,2,5,7,7.0,28.6
1472.6,5.7,2,10,3,2,10,13,7.6,24.6
305.3,11.6,4,7,6,1,6,1,5.6,33.0
329.5,11.6,4,15,2,4,10,9,7.4,30.4
261.1,5.0,2,18,1,2,1,14,2.8,23.8
876.8,15.1,2,20,4,2,6,13,7.2,31.3
693.3,2.2,1,8,6,2,9,10,4.8,24.6
411.9,,3,4,5,4,3,24,9.5,30.0
672.7,8.8,3,22,4,4,9,6,8.7,29.1
,3.0,3,9,0,2,9,6,1.0,20.5
458.5,12.9,1,15,4,3,8,15,7.8,29.2
1377.1,13.6,1,9,0,1,7,9,6.4,31.5
494.2,9.1,4,20,5,2,1,8,7.4,30.8
337.4,16.1,3,1,6,3,10,2,3.3,29.1
1434.1,10.4,2,0,4,3,9,14,8.2,27.1
1225.3,,2,8,1,4,6,16,2.3,25.5
547.5,,2,9,2,3,4,15,9.1,31.3
1270.1,18.9,1,18,5,4,6,20,4.9,29.9
802.3,2.4,1,11,5,2,10,17,2.0,19.1
552.8,18.9,3,6,5,3,1,16,7.3,31.4
1267.4,15.6,2,1,0,4,5,8,4.5,27.4
1140.6,2.6,3,19,5,4,2,21,3.3,24.7
481.9,10.6,3,12,6,2,9,23,7.0,25.5
,1.2,2,22,0,3,7,20,4.0,22.6
585.6,12.0,3,7,3,3,10,3,3.0,27.6
51.5,18.7,4,5,5,4,10,25,6.4,35.1
1444.6,7.7,2,6,3,1,2,14,4.2,30.0
847.0,10.4,3,9,6,1,5,12,1.5,28.4
,4.9,2,3,4,1,10,6,3.0,25.1
919.8,11.0,2,3,2,1,1,3,5.1,31.0
848.4,16.2,1,19,4,2,9,21,6.2,28.8
470.6,4.7,3,16,4,2,4,14,5.4,27.9
1458.8,11.3,3,12,5,1,6,23,9.3,31.4
951.4,7.4,3,11,1,4,2,20,4.1,29.3
,15.1,1,11,6,4,4,21,8.8,31.2
709.4,14.2,3,14,6,1,10,11,5.3,30.0
467.4,14.1,1,6,1,2,10,10,7.1,28.3
143.3,7.9,2,18,1,2,2,12,5.9,28.8
557.8,12.2,3,0,2,4,6,1,2.0,26.7
305.3,13.2,1,18,2,1,2,19,4.8,32.8
1010.0,13.8,3,19,1,4,10,23,7.1,27.6
1324.6,11.7,3,12,1,1,5,1,3.5,31.0
489.0,17.4,3,7,4,3,3,23,4.0,29.6
532.7,5.4,3,21,6,3,6,17,7.3,26.6
1022.0,1.6,1,19,0,1,3,14,7.6,29.0
,19.3,1,22,3,1,8,18,5.8,34.1
1397.7,1.7,3,0,1,2,4,1,7.6,26.1
,18.1,2,15,1,4,4,25,8.6,33.5
196.7,12.4,2,0,4,3,8,22,5.6,26.7
303.3,18.4,2,0,0,4,9,19,7.3,30.5
1402.5,11.5,3,1,0,2,3,9,1.1,26.5
,16.5,3,18,6,3,6,4,1.3,26.0
1010.3,14.6,1,17,3,4,4,8,6.4,31.6
276.4,10.7,2,21,0,2,1,13,6.7,31.2
331.4,7.6,2,15,6,4,3,25,3.6,25.1
1324.9,0.6,2,13,4,4,1,11,6.6,27.9
264.6,5.4,3,4,5,3,8,19,1.9,22.9
77.2,19.1,2,16,4,2,5,11,7.9,29.8
776.8,5.9,2,21,3,1,6,2,4.2,27.2
,15.2,4,8,5,1,5,20,6.1,37.3
522.7,10.4,3,16,2,4,3,9,9.8,30.6
235.8,6.5,2,12,4,2,5,15,5.6,25.4
1474.2,19.8,3,12,6,4,2,9,5.7,31.3
1031.3,1.4,3,19,5,2,1,19,1.9,23.7
1283.5,11.9,4,6,3,2,2,21,1.4,30.5
1140.6,9.5,4,21,0,3,1,19,9.3,31.5
1062.5,2.0,3,23,0,2,6,23,8.8,24.9
,4.7,2,2,3,2,1,18,8.3,25.6
520.3,14.0,3,12,4,2,4,14,9.9,30.5
1089.6,2.6,1,0,0,4,8,19,1.9,22.6
1089.2,16.1,3,8,2,4,6,18,7.9,31.0
1428.4,12.7,4,8,2,3,7,6,2.0,28.6
874.6,2.5,1,15,3,4,3,8,6.7,29.4
,6.1,4,9,3,2,2,3,7.5,29.7
759.8,3.2,3,8,1,3,2,20,7.2,26.0
939.9,16.1,2,18,4,2,5,5,3.4,29.3
668.8,10.9,4,18,3,2,9,3,8.9,30.2
1197.1,0.6,3,0,6,3,10,21,6.1,23.0
897.7,11.1,3,8,2,2,2,2,9.2,33.4
63.7,9.9,3,18,6,1,1,24,5.0,30.7
,13.0,1,2,6,2,5,6,4.1,29.0
968.7,1.2,1,12,2,1,2,24,9.1,32.4
,1.2,3,11,2,3,2,17,8.3,26.3
649.9,7.3,4,16,4,3,4,1,1.8,25.8
883.0,,3,16,3,1,10,20,4.9,29.3
738.7,13.5,4,12,4,2,3,25,1.7,29.2
820.9,5.9,4,9,1,2,1,24,8.8,30.2
147.6,4.7,1,18,6,1,2,23,5.3,29.0
1351.1,13.8,3,9,4,1,7,7,3.4,29.3
1370.1,1.0,3,10,0,2,10,5,1.6,22.4
,11.4,2,10,1,3,10,8,3.6,24.6
857.0,8.8,3,8,4,3,8,14,4.3,24.9
,5.2,3,15,2,1,6,20,9.7,31.2
917.0,10.6,4,15,2,1,8,25,9.9,33.4
672.3,4.7,4,21,4,1,1,13,5.2,30.5
1078.1,11.5,3,10,2,4,10,12,9.2,29.8
118.3,3.4,3,18,6,3,8,22,8.2,24.1
1080.8,8.4,3,7,4,2,2,24,7.9,31.0
,10.5,4,23,2,1,3,11,3.4,33.7
995.0,1.1,3,21,1,1,9,14,7.7,27.6
959.3,12.4,4,14,2,2,6,7,9.9,33.5
378.9,15.1,4,17,0,4,10,9,8.6,33.6
688.7,19.1,2,13,0,1,4,20,5.9,33.9
1261.7,4.5,4,4,5,3,6,5,1.0,22.5
928.1,4.6,3,22,5,3,1,8,4.4,25.6
149.7,6.4,2,17,0,4,10,3,6.9,26.8
692.2,17.9,1,10,3,2,9,7,2.2,27.9
502.1,8.4,3,6,2,2,9,18,4.7,28.5
980.4,6.4,2,16,4,3,8,22,7.4,25.0
941.1,15.0,2,10,4,2,4,9,9.0,32.4
65.1,1.2,3,19,5,1,1,23,7.3,30.3
931.2,11.2,1,5,4,3,4,11,6.5,30.0
1115.5,9.3,3,12,1,4,7,7,3.0,25.7
1164.7,12.7,3,2,4,4,7,24,7.0,28.9
,14.8,1,17,5,1,9,13,8.5,33.2
490.3,6.8,3,9,6,4,6,5,4.9,26.2
660.8,12.9,2,4,4,3,4,6,9.0,28.7
310.7,10.7,4,13,2,3,4,10,4.0,28.8
660.1,3.1,3,13,3,2,10,3,6.7,23.4
153.1,17.7,4,7,0,4,1,23,8.6,35.3
,15.2,3,22,4,3,7,16,9.0,29.1
1019.6,18.5,4,1,0,1,1,24,5.2,36.9
,14.5,3,7,1,1,5,6,5.1,30.1
1081.5,5.3,3,5,3,3,1,21,9.5,26.9
,8.9,1,22,3,2,3,17,5.2,27.7
,8.0,3,5,2,3,5,10,1.0,23.9
617.6,1.2,3,5,4,4,4,9,5.4,24.8
1205.6,8.5,3,14,6,2,1,4,6.4,30.5
1186.7,7.2,1,6,6,4,8,20,7.7,27.9
594.6,0.6,3,6,3,1,2,20,1.7,25.7
952.9,,3,5,3,2,8,15,6.2,28.3
379.9,3.3,3,12,3,2,10,21,6.5,23.7
891.6,10.3,3,17,6,3,3,16,7.1,26.5
167.8,15.8,3,11,6,1,5,18,3.5,31.7
680.2,12.3,3,21,0,2,7,25,7.9,29.7
315.0,3.8,3,6,5,2,10,9,8.1,23.7
1330.9,12.6,3,20,0,3,4,17,2.2,26.2
,15.3,3,17,4,1,2,17,7.9,33.9
906.6,17.2,2,1,2,3,2,23,6.5,31.7
572.6,6.7,2,16,3,3,4,18,4.9,24.2
468.7,1.2,3,23,5,3,9,7,8.0,23.0
344.2,12.4,3,16,1,3,7,23,2.1,25.2
1372.2,4.9,1,6,0,3,3,21,4.2,25.2
1209.2,15.7,3,10,3,1,10,4,9.0,32.3
243.2,13.8,2,20,5,3,7,19,2.3,25.1
,15.6,3,7,0,3,7,7,9.4,30.9
656.9,19.4,1,11,2,1,1,7,6.7,38.1
72.3,11.9,3,14,3,1,10,11,1.1,27.2
816.1,18.1,3,19,1,2,1,8,2.4,30.1
238.6,13.0,4,23,5,2,1,21,1.5,31.0
354.4,4.0,4,16,4,1,7,5,7.9,31.8
1059.3,16.1,3,10,3,4,4,23,3.3,28.9
422.9,14.0,3,9,0,3,10,2,6.1,28.7
1343.2,19.6,3,15,0,4,9,7,8.7,30.4
1002.9,5.2,4,1,1,4,6,12,9.1,29.8
1256.8,7.0,3,10,0,3,6,13,8.6,25.8
942.0,16.5,1,8,3,4,2,23,5.5,31.1
,1.7,4,22,6,3,2,16,2.3,24.0
574.4,12.8,1,20,5,4,1,14,4.1,29.9
,10.9,4,6,1,1,2,5,4.0,34.0
798.0,3.8,2,15,1,4,5,2,9.9,25.0
1360.5,,3,11,3,2,8,20,8.3,25.4
289.1,16.3,4,19,5,2,1,15,3.9,32.6
888.2,0.8,3,11,5,2,2,12,4.7,24.7
,15.1,3,15,3,2,4,13,3.4,26.8
,14.8,2,17,1,2,5,23,4.6,29.7
1308.0,13.2,2,19,3,2,5,12,1.7,28.1
590.9,8.5,1,17,5,4,2,14,8.5,32.1
,1.1,3,7,6,3,8,13,5.8,22.2
896.9,16.1,3,17,0,4,3,21,6.4,30.8
659.8,3.0,2,7,5,4,2,6,2.8,24.2
72.0,6.0,3,17,5,3,4,2,5.1,24.6
151.3,19.0,4,22,1,2,10,24,5.2,29.9
333.2,6.4,4,11,0,3,2,11,1.9,27.4
,5.5,3,21,2,1,2,15,1.3,28.4
1343.5,19.5,4,3,1,3,7,11,6.6,34.1
841.2,2.2,3,10,0,1,7,8,6.1,27.3
203.1,3.6,2,20,1,2,2,5,6.8,26.5
824.9,9.0,3,17,1,2,7,17,9.1,28.3
,15.9,4,7,6,4,8,15,10.0,34.7
1136.7,17.7,2,12,0,3,7,16,8.6,32.2
472.1,15.2,2,2,3,3,6,19,1.2,27.3
229.6,19.5,4,19,2,3,5,8,3.8,33.2
1356.0,0.8,3,3,5,3,4,13,8.0,26.7
1288.4,12.6,3,13,3,1,1,16,9.1,34.1
,2.8,3,11,4,1,7,21,9.2,29.0
1244.3,18.3,3,14,2,4,8,3,7.0,32.2
191.0,18.7,1,10,5,3,5,8,8.6,33.3
141.8,6.4,3,2,4,3,8,5,2.4,24.4
1150.0,16.6,2,15,3,2,1,8,4.5,30.2
827.7,12.8,1,21,2,4,1,24,1.8,30.5
651.1,2.5,4,14,3,1,4,5,3.6,29.2
1360.6,12.3,1,1,1,2,4,19,8.0,32.4
1267.0,19.5,1,2,4,3,6,20,2.7,29.2
133.6,6.5,2,6,2,2,1,19,7.7,27.9
943.3,0.5,4,7,2,4,2,4,7.9,27.0
1169.8,19.5,4,2,3,1,8,3,8.9,37.0
848.2,8.6,1,21,6,3,8,4,9.7,27.5
1475.4,8.9,3,17,3,4,8,21,7.7,26.1
1044.8,14.4,3,18,6,1,4,1,7.1,34.0
201.0,,3,23,3,3,7,19,8.1,26.2
337.5,6.4,2,20,0,1,3,10,2.7,29.8
1248.1,2.4,2,4,4,3,9,24,7.6,26.5
1495.3,16.6,3,0,6,2,1,11,9.2,32.6
192.6,9.9,1,17,6,4,7,12,5.1,29.6
195.5,13.6,3,21,1,1,1,12,1.2,28.9
1156.9,17.3,2,16,1,2,9,21,4.0,28.5
143.3,0.8,4,20,4,1,3,20,1.9,28.5
149.4,17.3,3,14,3,3,1,24,6.6,34.3
1338.8,15.2,3,10,5,1,4,11,8.5,33.5
1210.7,19.0,3,3,3,3,9,22,1.8,27.0
1328.3,5.1,1,16,1,2,2,1,4.8,28.0
993.2,6.8,2,7,2,4,3,16,7.1,27.4
517.7,13.4,3,6,0,1,6,16,9.2,32.7
1364.2,18.6,3,21,2,3,9,2,3.0,27.5
483.1,19.9,4,15,5,1,2,5,5.8,36.8
,8.6,3,10,1,1,4,25,1.2,27.7
1335.3,11.0,3,19,3,4,10,1,4.5,25.5
1037.2,3.8,2,17,1,4,7,13,4.1,23.8
1348.7,14.0,1,11,3,4,6,20,2.6,30.6
276.1,16.8,2,23,6,1,4,25,2.3,30.7
,16.1,4,0,5,4,8,7,4.3,32.2
938.5,7.2,3,11,5,2,10,16,1.6,23.1
1018.7,19.3,3,9,1,1,5,19,9.2,36.0
1375.4,2.8,3,2,2,2,10,23,9.6,25.2
602.1,10.1,1,17,0,1,3,17,8.8,30.5
1093.4,11.3,1,2,6,3,9,6,1.0,25.2
978.5,11.0,1,16,6,3,5,23,4.1,26.0
1192.2,15.3,1,18,2,1,3,24,4.9,32.8
,12.4,3,11,4,4,5,9,4.0,28.8
1036.1,2.0,2,5,1,3,5,13,8.2,27.5
148.1,4.0,3,23,4,3,7,17,7.1,23.0
315.6,10.9,4,16,0,1,8,21,2.8,30.2
1433.3,14.0,4,2,2,4,10,15,1.8,28.2
1454.5,10.5,2,17,2,2,2,19,6.4,29.1
1452.7,7.4,3,3,6,2,3,20,8.6,28.8
103.4,1.5,1,14,3,1,9,6,6.7,28.8
604.5,15.8,2,6,1,4,1,9,3.2,29.4
1151.5,10.2,3,15,0,3,3,22,6.0,27.1
1141.7,11.0,3,19,1,4,8,15,5.8,27.7
174.6,9.6,3,18,1,3,6,6,8.1,27.0
933.8,5.7,4,18,2,1,1,14,4.8,31.3
257.2,,1,16,0,3,2,6,7.5,28.6
765.2,1.7,4,18,5,2,8,2,3.3,25.1
397.5,14.3,1,21,2,3,4,12,1.2,26.5
127.1,5.8,4,21,1,3,8,1,7.9,27.2
166.0,6.3,3,18,3,4,7,24,9.9,27.5
1370.8,19.9,1,10,2,1,9,23,9.9,37.1
1129.7,,3,7,4,4,6,6,7.8,28.6
,10.5,2,7,3,2,1,17,7.0,28.6
731.5,8.0,3,14,6,3,2,10,4.4,28.4
649.3,6.2,2,14,4,3,3,16,9.3,27.2
569.7,0.6,4,10,2,3,2,14,5.3,28.6
943.6,17.2,2,9,1,3,6,19,7.5,29.6
559.8,9.7,4,17,0,3,5,19,6.1,29.5
1132.1,14.5,2,12,4,4,4,1,9.1,31.4
,19.2,3,0,0,2,6,22,7.2,30.8
1320.0,0.6,4,3,2,2,9,6,3.8,26.8
402.1,13.7,2,7,0,4,4,16,9.2,30.8
814.2,2.8,1,9,2,4,5,17,2.6,25.9
374.0,9.4,3,17,6,2,9,16,2.9,25.0
104.5,17.0,3,11,0,2,5,18,4.2,29.2
1076.3,1.9,4,10,6,3,1,4,4.3,28.1
,19.8,2,2,6,4,2,16,8.4,33.2
1099.7,11.8,4,1,6,4,3,10,4.9,30.3
177.1,8.2,4,23,4,1,6,11,8.9,32.7
,,3,20,1,1,5,4,4.0,27.3
1491.8,11.9,1,0,0,3,4,15,4.5,25.7
724.2,10.2,1,10,6,1,9,9,7.9,32.1
1305.8,4.7,4,22,2,4,5,18,3.2,25.3
403.2,10.1,3,17,3,2,5,12,2.1,26.3
1119.5,0.7,3,1,0,2,3,11,2.2,25.1
,20.0,4,10,0,4,5,13,3.1,31.5
1231.3,,1,20,3,4,7,15,6.4,28.3
1227.1,9.9,3,7,2,4,10,17,1.4,25.3
,15.8,3,13,4,3,9,2,7.0,28.1
1239.0,14.4,4,7,5,4,1,21,7.9,33.1
,17.8,3,4,0,2,1,5,7.7,33.5
,18.9,3,20,6,1,9,6,6.7,34.5
215.6,4.2,1,5,6,3,3,20,5.0,28.7
1169.3,8.1,4,13,4,1,1,1,9.8,35.0
,13.9,3,8,2,1,7,10,1.8,30.0
803.1,,3,14,1,2,10,17,7.8,23.6
1365.5,14.5,4,19,1,3,8,20,4.4,27.7
1006.4,0.6,2,13,4,4,2,23,8.4,26.1
624.4,18.3,3,3,0,1,3,17,6.7,33.9
650.2,14.5,4,6,6,3,3,6,2.3,30.2
927.6,11.5,3,5,1,3,3,10,8.6,30.0
1152.4,8.9,4,16,5,3,7,1,1.7,27.1
868.3,19.8,4,16,5,3,8,20,8.3,34.3
,14.9,3,3,2,2,3,1,6.1,33.1
1104.0,16.2,2,14,3,1,6,4,2.4,30.9
1072.6,16.6,4,11,4,1,5,25,6.4,34.4
,0.9,3,10,5,1,4,5,6.0,27.7
140.7,1.6,3,20,0,2,2,8,3.8,24.8
1144.7,4.4,3,1,1,3,1,11,8.3,26.7
795.0,13.3,1,17,1,1,10,4,2.1,27.9
158.3,12.7,1,13,2,1,7,17,2.3,28.4
1034.6,6.8,3,6,4,3,9,8,3.2,24.3
1089.0,19.5,3,5,2,3,3,8,8.8,33.4
,2.3,3,3,3,4,3,15,2.5,24.4
1201.0,15.6,2,14,3,4,6,9,8.3,30.7
485.4,,3,15,0,4,7,6,8.0,28.0
342.8,8.7,3,6,0,1,8,22,6.5,27.4
,1.0,1,9,1,2,6,15,5.2,24.5
644.6,14.7,3,23,0,2,5,23,4.2,27.4
1059.1,15.5,3,16,5,3,6,9,2.9,25.5
1276.0,6.7,3,14,6,4,3,23,7.3,27.9
1095.3,10.6,3,2,3,4,2,23,5.2,27.4
302.3,12.3,4,13,4,4,3,1,3.5,31.2
581.0,7.7,2,9,0,1,4,4,3.9,27.5
279.7,12.5,1,20,0,1,8,20,2.3,30.2
1045.8,9.0,1,4,4,2,9,8,1.4,26.0
409.8,17.6,3,23,5,4,9,20,4.9,28.0
811.8,,4,22,6,2,4,11,9.8,36.0
1198.2,,3,18,2,1,10,7,9.5,28.3
1022.9,16.1,4,12,2,1,10,6,2.2,32.2
,7.1,3,14,5,3,9,6,6.0,23.2
532.7,18.7,2,21,0,4,1,17,4.1,30.2
,12.3,2,20,6,2,7,1,6.8,28.3
846.7,1.0,3,19,2,1,3,5,1.2,26.8
189.8,14.8,3,4,0,1,9,21,5.9,31.7
1317.3,3.0,3,9,5,2,3,8,5.2,25.2
793.3,17.6,3,18,6,2,4,16,6.1,31.1
736.4,19.0,3,2,3,2,3,8,2.4,31.2
337.7,14.1,2,16,1,1,9,1,6.6,31.1
596.6,10.9,3,8,1,4,6,12,3.7,25.1
532.6,12.2,3,13,2,2,5,6,5.6,29.7
442.6,8.9,4,22,3,1,9,19,8.8,33.1
872.7,2.1,2,20,4,2,6,21,1.8,22.8
720.3,18.6,4,8,4,3,7,23,4.6,31.9
1339.3,6.9,2,17,5,4,2,16,5.9,28.9
1414.9,,2,0,1,2,4,3,4.7,27.6
368.2,4.2,4,17,1,3,5,22,5.3,25.3
195.2,19.9,4,3,6,2,5,22,7.5,32.5
1188.7,18.9,4,21,0,3,4,4,7.0,34.2
1492.5,7.3,1,7,3,3,10,11,5.3,25.5
,5.6,2,16,2,1,4,24,3.3,27.6
84.4,16.2,3,15,5,3,6,21,3.3,29.2
414.3,8.7,4,6,2,4,6,6,7.9,32.1
112.8,19.4,3,20,0,1,3,16,5.1,33.6
1240.1,18.1,1,4,2,2,9,8,4.0,29.1
893.0,15.3,3,21,0,3,2,22,7.2,30.7
794.9,2.3,1,12,1,1,9,24,5.5,27.6
854.0,14.2,2,11,3,3,6,20,5.0,27.1
416.1,19.8,3,5,6,3,4,8,2.2,25.7
922.4,7.8,1,0,1,3,3,10,9.1,28.5
94.5,17.7,3,16,5,2,8,15,8.5,32.0
986.7,8.5,3,17,3,4,5,24,8.5,26.7
1114.9,19.4,3,20,6,2,6,9,2.7,30.2
1025.9,13.2,3,23,3,3,4,14,5.5,28.6
,2.4,4,7,0,2,4,19,9.5,28.4
,9.8,3,13,2,4,3,10,9.3,31.4
1087.5,1.5,4,21,0,2,10,8,1.3,23.8
236.0,8.2,3,13,1,2,9,10,1.1,23.6
333.0,18.3,3,17,3,2,2,12,5.6,30.2
973.8,5.0,4,17,6,3,2,3,2.9,29.0
469.7,19.0,1,23,4,4,9,3,2.9,28.5
223.2,2.4,2,8,2,3,4,18,5.2,22.6
274.7,13.5,4,4,4,1,3,24,1.4,32.2
290.1,19.3,3,21,1,1,3,21,7.0,33.3
742.8,13.3,2,11,0,1,9,23,4.2,31.6
930.7,18.0,4,4,5,4,3,21,1.7,30.2
305.8,19.8,1,15,5,1,8,21,8.6,36.1
1083.1,13.0,3,20,4,1,5,2,5.7,33.8
457.5,15.8,3,18,3,2,5,22,9.2,32.1
501.8,1.1,3,8,3,1,4,12,1.0,24.3
374.1,,3,21,2,1,1,16,6.3,31.7
1188.5,6.1,1,0,6,1,1,23,5.2,32.3
1441.7,16.6,4,21,3,1,2,3,9.4,36.5
764.1,13.7,4,4,6,3,3,7,2.6,31.2
,12.5,2,5,0,2,2,2,5.9,30.7
,18.7,2,7,2,2,3,11,2.6,32.3
279.2,2.2,3,10,1,4,8,20,8.7,25.9
1272.0,19.1,1,1,0,4,1,13,4.0,32.7
173.0,2.5,4,17,6,1,7,13,5.1,30.1
1451.4,7.3,4,3,0,4,6,6,7.2,28.6
903.3,12.8,2,3,3,1,3,7,3.4,30.0
800.7,7.2,4,0,1,3,3,14,2.1,27.2
1278.7,13.8,4,23,0,3,4,1,5.0,30.5
89.9,15.6,3,1,6,3,3,12,4.3,28.0
1176.9,16.7,4,17,2,2,4,25,4.2,34.2
219.1,4.0,2,15,2,3,5,15,1.1,24.5
1269.1,4.1,4,19,1,1,7,3,8.0,28.7
817.3,1.5,1,10,4,2,7,11,7.7,26.6
138.6,10.1,3,21,6,4,4,10,7.3,27.7
1258.2,3.2,3,11,2,3,3,18,4.7,25.7
89.6,,1,4,5,3,8,18,5.5,25.9
250.6,,3,21,2,1,8,25,7.0,33.8
1206.8,,3,10,3,2,7,16,9.6,31.2
724.1,16.5,3,0,5,1,7,6,3.5,30.0
1328.0,0.5,3,15,6,3,3,4,7.7,25.2
971.4,11.6,1,7,4,2,7,4,6.5,29.0
954.1,3.7,2,19,2,4,4,16,6.7,26.2
473.7,7.8,2,3,3,4,6,15,1.8,26.2
243.8,8.8,4,17,6,1,6,9,7.9,33.9
1443.7,18.9,3,19,2,2,8,19,4.7,28.9
202.0,12.9,3,2,3,4,10,5,4.0,26.9
,5.7,3,14,5,1,5,18,4.9,26.3
445.2,13.0,3,15,5,1,2,16,8.8,31.4
433.0,19.1,2,22,3,4,1,5,6.9,34.6
912.2,1.7,1,7,6,2,4,23,1.1,22.8
1207.0,16.4,3,11,6,3,5,22,3.1,29.1
1176.9,4.7,2,9,3,1,6,19,7.3,28.4
1309.8,3.5,4,8,1,2,4,17,8.9,30.0
474.7,18.0,2,23,1,3,4,5,5.8,31.3
725.3,,3,15,0,2,8,25,6.3,24.6
63.5,15.0,3,3,1,4,3,5,3.5,28.8
,2.2,3,20,0,4,1,21,2.3,24.4
488.4,12.6,4,2,2,3,5,12,4.9,29.9
864.2,12.6,3,21,6,2,7,17,5.8,28.5
295.5,17.3,1,9,1,1,2,1,6.1,35.9
1238.1,16.5,3,16,2,1,1,8,2.7,31.6
1235.0,13.9,1,20,2,4,7,1,1.7,28.5
1322.3,,1,20,3,4,2,19,4.0,26.3
116.6,3.7,3,3,3,4,9,7,8.2,25.9
1489.1,12.9,1,9,4,4,4,8,3.5,29.6
409.3,10.2,1,1,0,1,10,3,7.2,30.1
498.7,2.0,3,15,2,3,1,4,3.3,24.1
411.5,19.1,3,10,6,2,5,14,3.1,29.1
437.9,6.6,4,23,6,1,5,9,2.9,29.8
,0.5,2,15,0,3,3,2,4.9,25.1
397.7,18.1,3,10,4,3,4,21,3.4,29.0
621.0,11.8,3,3,0,3,4,7,4.3,28.5
1000.6,14.8,4,6,3,2,1,2,6.2,36.4
1262.2,3.5,2,19,0,1,3,2,8.5,31.8
1054.5,8.4,3,3,5,1,3,11,7.9,29.7
911.8,13.1,3,20,6,1,6,14,4.9,29.9
,5.4,2,14,0,4,3,4,3.7,27.8
1233.4,14.2,1,12,2,3,2,9,6.9,30.7
104.0,5.1,3,11,1,2,7,9,4.9,24.7
,4.6,2,0,1,4,4,3,7.8,28.1
132.7,0.7,2,5,5,2,1,17,8.7,26.8
1017.8,6.0,3,12,0,2,2,9,3.6,28.5
584.1,5.3,2,11,0,4,6,18,4.5,24.9
995.5,15.4,2,5,2,3,3,1,1.3,30.5
,11.6,3,19,2,3,10,1,4.9,25.3
710.8,4.0,4,10,6,4,7,21,4.9,26.1
714.0,11.6,3,9,2,2,3,9,9.3,29.9
116.1,4.9,2,18,3,1,10,10,4.7,25.7
673.8,8.8,2,3,0,3,8,11,4.8,26.0
979.5,17.8,4,1,2,2,7,17,4.0,29.8
841.8,14.5,3,7,1,4,1,18,1.9,27.3
159.2,,3,0,2,2,3,18,6.4,30.3
1018.7,6.0,1,8,2,4,7,22,2.9,22.7
497.9,2.9,1,3,0,3,5,14,5.7,23.7
70.9,15.2,2,15,3,3,9,7,7.9,28.7
275.6,11.6,4,1,3,3,7,15,7.6,30.6
771.5,12.6,4,4,3,1,1,8,2.0,32.9
500.1,,2,6,2,4,9,11,4.8,30.1
1056.9,7.3,3,14,3,2,10,1,8.2,26.1
398.9,16.1,4,9,5,3,8,11,1.1,30.2
1170.6,11.4,4,18,1,2,8,15,2.3,29.2
465.4,5.1,3,18,1,1,2,8,4.8,28.3
950.3,,2,9,4,2,8,3,5.6,24.1
1208.9,12.5,4,0,0,2,7,2,5.7,28.7
609.1,6.3,2,23,2,4,2,3,9.0,30.6
117.9,14.1,2,8,4,2,2,9,7.7,29.8
,14.2,2,12,4,4,6,25,9.6,29.8
1493.3,9.4,3,22,5,3,4,12,9.7,28.6
1455.0,11.0,1,15,3,3,6,23,1.5,23.9
370.5,12.7,3,13,3,4,10,4,1.9,24.7
1145.8,,4,8,0,4,7,25,8.3,30.9
550.2,17.6,3,19,5,2,9,23,9.4,30.1
282.4,2.0,4,4,1,2,1,3,7.1,30.9
1015.6,19.6,4,11,5,3,3,1,1.1,32.4
,1.2,3,8,4,1,9,17,1.9,23.0
,4.6,3,2,6,1,8,6,9.7,29.3
1249.7,14.3,4,6,6,2,4,17,1.8,29.5
538.0,2.2,3,4,2,3,4,17,9.1,25.5
1017.3,5.6,2,2,2,4,8,2,4.4,26.9
581.0,3.5,4,18,6,3,1,21,9.4,30.0
111.9,14.6,3,17,6,2,1,22,2.8,26.8
598.1,11.8,4,20,4,4,9,12,9.8,31.1
1427.5,1.8,3,0,6,3,8,24,5.7,22.1
750.7,9.5,2,11,4,4,9,15,7.9,28.0
,4.6,3,15,0,3,5,19,2.9,25.5
1047.3,19.4,3,11,3,4,3,7,2.2,31.2
1446.9,2.6,3,0,2,4,4,16,3.1,24.0
,12.2,4,10,0,3,8,24,7.7,28.7
879.3,9.9,3,2,3,4,3,20,1.0,27.5
,11.8,1,0,3,4,1,17,7.2,31.1
,19.2,3,17,5,1,5,11,1.9,30.0
1233.1,7.2,1,2,5,3,6,4,7.0,28.2
,15.1,3,7,2,4,5,9,3.7,27.3
1237.3,9.2,2,23,6,3,10,19,9.1,27.3
710.4,13.4,2,22,3,2,7,14,3.8,27.0
222.3,7.6,4,1,3,1,8,4,9.2,32.8
875.3,4.9,1,9,1,3,3,6,6.1,24.0
276.8,2.1,3,8,6,4,6,11,3.0,24.8
,2.5,3,14,2,3,4,2,8.7,25.0
,19.2,2,16,1,4,4,13,3.7,29.5
1000.3,15.9,4,1,5,1,2,23,6.5,36.0
1288.5,5.3,2,10,6,3,8,19,5.9,24.0
1185.1,10.8,3,6,1,4,5,24,8.1,31.6
1293.0,14.4,3,23,4,2,10,25,3.3,24.1
1152.1,7.4,3,7,6,4,6,2,2.1,24.8
1069.7,9.1,2,0,4,1,2,10,9.2,33.7
64.7,14.5,4,14,3,4,8,6,3.8,29.8
957.8,4.9,4,20,4,1,1,17,6.6,32.5
,10.8,3,19,0,1,8,1,8.8,34.8
135.1,4.6,3,3,6,4,4,17,1.7,24.2
276.8,0.6,3,17,3,4,1,10,3.6,26.5
1243.8,14.0,3,4,0,2,6,5,1.8,28.1
1128.6,14.3,3,3,2,1,5,6,9.3,34.8
1425.7,,2,12,2,3,3,17,9.5,32.4
1469.5,4.0,3,19,6,2,2,12,9.1,26.4
1345.3,14.9,2,20,6,2,7,22,4.3,29.2
242.7,19.0,1,14,2,1,5,25,5.3,34.7
1323.7,13.1,3,9,1,3,4,14,9.2,30.6
1266.0,19.3,1,14,0,1,6,18,9.0,35.8
,19.9,3,7,3,4,10,12,1.1,26.8
,16.1,3,3,3,1,9,10,2.6,31.4
219.3,20.0,1,9,3,4,3,17,4.7,32.9
1389.5,12.7,2,4,1,3,4,1,7.8,27.4
302.0,10.2,1,2,5,2,9,21,4.4,26.9
584.5,18.4,3,17,3,2,2,18,2.9,29.7
711.2,16.7,2,20,6,2,10,6,8.5,27.2
230.4,2.6,3,17,1,1,5,1,4.1,26.5
79.9,6.4,3,21,1,1,5,5,2.0,30.7
1491.4,5.6,3,11,4,3,10,18,6.7,21.3
,17.2,1,16,4,4,2,17,8.8,32.5
1372.9,5.0,2,4,2,3,2,17,6.2,23.2
462.6,6.4,2,10,3,4,9,1,10.0,26.1
369.1,10.6,2,2,3,3,8,1,8.9,26.0
667.5,2.0,4,14,4,2,5,21,3.2,24.5
,19.2,2,10,4,4,2,12,4.0,33.2
,10.1,2,13,1,1,6,8,2.8,29.9
,4.2,4,20,0,2,8,2,6.0,27.7
1495.2,5.8,4,1,1,3,1,3,6.9,32.1
816.6,16.1,3,10,0,1,3,19,7.7,33.3
613.0,12.9,3,9,3,4,4,20,5.8,27.8
,9.6,1,17,3,2,3,8,2.1,27.4
189.3,,4,15,0,3,6,6,3.3,25.2
435.9,18.1,3,17,5,3,10,8,5.2,25.9
778.1,15.6,3,20,5,1,7,11,3.4,31.4
676.2,14.5,2,7,3,2,6,22,1.5,27.0
840.3,9.2,3,8,1,4,10,11,9.0,26.2
1281.1,19.6,3,8,1,4,9,20,5.7,30.3
,14.3,1,19,6,3,6,21,6.4,29.9
90.1,8.8,3,11,1,2,1,15,1.9,25.9
105.4,19.2,1,18,6,3,3,7,9.2,32.7
244.5,18.0,3,5,4,3,10,25,8.8,30.1
877.2,14.9,2,22,4,1,6,16,4.5,31.6
1221.9,15.5,4,11,5,2,10,18,2.8,31.2
,8.8,3,23,6,1,1,25,8.1,32.4
,10.4,3,10,1,3,2,16,6.2,25.9
634.6,4.2,3,1,6,1,2,15,8.5,28.7
274.0,12.1,3,6,0,4,1,21,5.3,29.0
,7.7,2,10,5,2,4,4,9.0,30.3
,7.3,3,3,2,4,10,25,7.4,26.1
1311.5,19.0,2,18,4,4,1,8,4.2,30.9
755.7,3.7,2,8,5,2,10,25,7.8,22.7
378.0,16.7,4,19,3,3,1,14,3.9,33.7
468.8,6.0,2,23,0,1,1,23,4.9,31.0
247.9,1.1,4,1,5,4,1,9,4.6,26.3
1381.9,1.3,4,6,0,4,8,19,4.8,26.5
,8.9,3,14,4,3,2,13,7.5,28.6
68.6,9.4,1,20,3,3,2,17,3.2,28.1
315.3,6.7,3,21,3,1,9,14,3.9,28.9
1225.8,13.5,4,4,1,2,7,25,5.6,32.1
,,3,5,3,3,4,19,3.5,26.4
957.5,1.9,2,4,1,1,8,7,2.2,24.8
568.7,7.3,2,8,1,3,10,16,7.3,24.7
149.6,2.5,3,14,3,4,6,10,6.4,25.1
1291.4,,1,9,5,4,9,18,9.5,29.9
328.2,4.6,2,17,3,1,4,12,7.7,29.8
97.9,,3,9,6,3,9,6,6.1,28.5
880.4,14.1,3,14,1,1,7,6,3.4,30.8
170.8,17.3,2,13,0,1,3,11,2.8,30.9
188.9,15.3,4,6,2,4,7,13,5.7,32.2
1210.5,10.9,2,1,0,3,4,21,5.1,26.0
,6.6,1,5,3,3,1,16,4.6,26.2
400.2,0.6,2,18,6,4,5,19,5.0,24.7
,13.1,2,17,3,1,1,4,2.9,30.1
1107.4,6.1,3,2,1,3,5,5,4.8,26.4
146.2,5.4,1,9,4,1,9,1,1.4,27.7
218.9,19.5,4,19,5,1,1,2,6.0,39.5
943.6,3.9,4,19,6,4,7,4,6.0,28.7
930.1,1.1,2,0,3,2,3,17,7.0,24.7
1460.1,19.0,3,18,2,1,6,12,7.4,35.4
593.1,6.5,3,18,3,4,7,12,7.1,28.1
144.4,8.2,4,2,1,3,8,19,8.2,29.9
829.4,2.1,2,8,0,2,7,11,2.2,23.7
,8.4,3,1,5,4,3,1,9.0,28.2
,19.5,1,15,0,3,4,1,4.5,32.6
,14.0,1,20,4,2,6,5,7.0,29.6
,9.7,4,4,4,2,3,10,2.1,28.4
,6.5,2,8,3,1,9,23,3.0,25.2
,7.6,3,12,2,2,6,5,9.4,27.0
673.0,12.4,2,1,6,2,7,19,2.2,26.3
1451.8,5.5,4,7,5,2,7,1,5.2,28.3
1470.7,,3,5,1,1,4,3,1.9,28.4
237.4,14.1,2,0,6,1,8,10,1.8,30.5
,17.5,3,16,0,3,7,16,9.9,31.0
920.5,18.1,2,17,5,2,9,21,6.7,30.6
173.0,16.9,2,1,2,1,4,19,6.7,33.2
604.9,10.8,3,3,2,3,6,23,3.4,25.1
428.7,15.9,4,1,3,1,9,11,2.4,32.3
1430.5,18.6,3,22,3,2,4,6,6.5,31.6
646.8,1.0,1,13,0,4,9,11,3.2,23.8
1155.9,8.5,2,13,1,2,4,7,3.4,27.5
610.7,4.5,3,2,5,1,2,9,4.8,27.6
241.1,19.9,2,0,4,3,1,3,3.0,30.1
1301.6,18.6,3,22,2,1,5,20,9.5,35.9
50.6,16.1,3,22,3,3,5,23,6.2,28.1
,6.3,4,13,2,4,3,3,1.6,27.3
578.4,19.1,3,3,6,2,9,2,5.3,31.3
,1.1,4,0,0,1,9,21,6.0,27.5
545.5,4.2,3,20,4,4,7,24,4.2,24.5
146.2,12.5,3,12,2,3,8,1,8.9,29.1
510.9,,2,7,1,2,6,17,5.7,30.5
,17.7,3,0,1,1,7,11,3.1,31.1
57.9,6.4,2,13,2,3,3,20,5.9,25.0
825.5,8.1,1,21,1,4,1,13,7.5,29.7
219.1,9.4,3,20,4,1,6,6,3.8,31.1
466.9,1.0,2,17,2,2,2,8,8.9,26.7
979.7,17.3,4,1,6,2,2,16,1.5,30.8
1101.4,7.1,4,18,1,2,6,7,3.7,27.7
432.0,4.4,3,16,2,1,4,3,9.3,30.5
,8.5,3,20,2,3,4,14,3.4,24.9
408.0,14.4,2,3,4,4,6,17,1.7,27.6
,17.5,2,20,2,1,9,20,1.4,29.4
,4.7,2,17,1,1,1,16,7.8,29.9
315.6,3.9,3,18,2,2,3,11,4.0,26.4
695.3,18.9,4,3,6,3,4,21,7.9,33.9
324.5,11.2,2,20,5,1,3,12,6.9,33.6
277.2,7.6,1,0,4,4,1,17,7.8,30.7
189.0,4.4,1,5,6,3,3,23,9.3,27.9
,19.9,3,3,5,2,2,25,8.3,32.8
937.5,14.5,1,5,5,2,9,12,2.4,28.0
992.7,,3,15,2,2,4,13,9.2,28.5
,2.3,1,22,3,3,4,22,4.0,24.4
523.2,4.4,1,23,6,1,7,14,8.2,29.7
1381.7,5.3,3,2,6,2,6,19,5.7,26.4
1113.1,2.7,4,23,5,2,3,2,2.6,27.8
1216.8,5.0,2,2,0,2,3,21,7.2,27.1
1095.4,2.8,2,17,1,4,1,3,7.0,28.4
569.8,7.9,2,4,3,1,3,10,9.2,32.0
460.4,10.0,3,19,3,1,4,5,4.7,30.5
662.6,9.4,3,8,4,2,5,24,7.6,28.9
190.7,16.7,3,20,1,2,3,3,5.7,32.1
704.4,5.5,3,13,5,4,9,14,6.0,25.9
112.6,17.8,4,12,5,2,8,4,4.1,30.8
55.7,18.2,1,10,1,3,5,1,4.3,31.1
1400.7,19.2,2,5,5,3,9,7,8.2,30.4
1049.5,4.0,3,12,1,3,4,2,6.7,26.4
864.7,5.3,3,15,3,2,7,7,7.2,28.8
544.6,12.7,1,3,6,4,8,5,9.4,31.0
877.3,3.2,4,3,2,2,7,18,7.2,27.9
1342.8,2.2,3,10,4,2,4,5,7.6,26.0
996.0,1.9,4,19,5,1,8,13,8.0,30.0
,12.3,4,8,3,4,2,1,4.9,31.3
717.3,16.2,3,9,5,4,4,24,5.1,28.3
551.3,5.5,4,23,4,1,9,12,9.8,29.8
1062.9,18.7,3,6,3,3,7,9,6.0,28.8
1472.4,15.9,3,8,0,4,4,9,4.4,29.0
665.9,2.0,3,20,5,1,5,2,1.5,25.8
618.7,8.4,4,12,2,3,5,7,2.9,27.0
670.8,1.8,3,2,1,4,5,22,8.0,27.0
667.0,18.3,3,5,6,3,3,10,9.3,32.5
1486.4,15.0,2,23,2,4,8,22,8.1,30.4
1074.8,,4,19,2,1,1,5,8.2,38.1
570.8,13.8,3,22,6,2,8,10,8.9,31.6
588.7,6.1,3,11,2,3,6,16,5.0,25.9
,18.7,3,14,5,4,5,2,2.3,28.6
103.2,18.5,3,3,3,1,8,9,6.6,34.0
815.3,14.9,2,17,0,1,10,23,9.2,32.3
1226.5,9.6,3,13,4,2,5,13,5.0,29.0
1007.8,1.4,2,0,3,4,6,24,8.4,25.5
337.7,1.1,2,20,5,4,5,4,8.9,28.0
,3.2,1,10,2,4,5,25,1.7,24.3
1093.2,12.1,3,23,1,3,4,22,4.8,27.2
430.7,16.1,1,21,1,3,6,10,5.1,30.5
,19.0,2,10,3,2,1,15,4.9,31.3
935.9,3.9,4,0,6,3,8,4,3.4,26.2
1267.7,5.9,3,3,3,1,1,4,5.4,28.5
,1.6,4,6,0,1,10,10,7.5,30.0
332.5,19.8,3,7,5,1,4,9,7.1,33.4
,15.7,2,8,2,1,7,15,9.4,34.2
114.0,9.9,3,22,2,2,1,23,7.6,25.8
652.6,11.7,3,16,5,2,4,2,7.8,28.0
1192.9,11.5,4,4,0,4,10,21,3.6,28.0
265.6,5.5,2,16,0,4,6,7,1.3,24.1
716.9,4.1,4,1,1,4,5,17,5.6,27.8
1485.2,6.3,3,1,2,1,4,24,8.0,30.9
,5.3,4,15,6,3,7,19,4.6,27.4
772.6,11.4,2,5,4,2,7,2,8.3,32.5
860.3,6.5,3,10,5,3,6,15,6.6,25.7
,14.7,1,19,2,1,10,4,4.0,32.4
263.4,11.6,4,9,2,1,6,7,4.1,31.5
,10.9,2,4,2,2,9,15,7.1,26.9
623.9,19.1,3,23,0,1,5,15,6.2,32.7
470.4,6.8,3,6,3,2,5,24,1.6,24.1
95.5,12.9,3,15,2,2,6,8,6.0,29.2
,0.5,3,3,6,4,4,24,1.4,23.5
96.9,14.9,3,3,4,3,8,11,5.9,28.2
1137.5,10.3,1,18,6,1,5,7,9.3,35.3
603.9,4.6,3,21,1,3,3,16,1.8,25.1
918.1,0.5,3,0,0,1,4,16,5.4,27.1
409.1,14.3,3,23,3,4,4,23,8.0,30.3
,13.4,2,7,3,1,10,25,4.9,27.3
823.4,13.5,3,23,3,1,4,17,4.2,30.3
,9.0,4,12,4,3,3,16,6.2,28.7
333.5,13.0,4,18,5,3,7,8,8.7,30.6
682.7,11.6,4,0,2,3,9,6,8.8,30.0
694.7,5.2,3,3,2,4,5,15,3.4,25.6
363.2,10.6,1,22,1,1,5,18,9.7,33.9
869.3,10.5,3,3,2,4,7,10,2.5,27.1
261.6,16.6,2,20,4,1,7,13,2.9,31.1
789.1,9.0,3,2,5,3,2,15,7.3,27.4
214.5,9.0,2,15,2,2,10,13,8.8,28.4
754.0,19.7,4,8,2,3,4,2,2.7,30.3
,17.9,2,10,6,1,6,13,3.9,33.1
705.8,,1,17,2,3,1,6,1.7,24.9
678.9,18.3,4,3,1,4,7,3,5.1,30.0
,3.2,2,8,2,2,2,12,5.7,27.0
760.4,17.1,1,13,0,4,1,20,6.3,32.4
1236.8,4.1,3,8,2,3,10,20,2.7,22.9
377.2,8.8,4,5,6,2,2,9,3.5,31.0
560.5,19.7,2,1,5,3,8,15,7.8,29.1
158.9,2.4,3,15,6,3,6,5,2.0,24.2
660.1,16.9,2,1,2,2,3,8,1.0,26.4
1019.6,10.1,3,3,2,2,4,12,4.5,28.2
1265.3,2.7,2,5,5,2,2,10,6.2,28.3
870.6,19.1,3,17,5,1,7,17,9.0,33.2
,11.2,3,2,1,3,9,19,1.4,26.2
,17.7,4,7,5,3,4,14,4.0,31.6
103.9,17.4,3,1,0,3,10,1,8.7,30.3
1197.9,0.8,3,12,1,3,2,21,7.4,26.4
292.2,5.7,3,4,3,2,10,12,6.7,25.9
182.2,7.1,2,3,4,2,8,22,1.1,21.7
1409.5,10.9,2,7,5,4,1,7,5.2,25.5
1447.1,1.9,3,6,5,1,9,16,9.8,27.1
943.6,8.1,2,1,1,1,1,7,7.0,30.7
599.0,16.4,1,10,2,2,10,14,8.3,29.9
1258.2,3.9,3,12,5,3,7,21,5.6,23.0
346.8,14.2,1,10,6,2,3,15,4.3,26.9
672.6,9.5,2,10,6,1,10,25,3.9,25.8
567.7,1.9,3,23,6,2,4,10,8.2,27.3
1373.4,4.0,3,6,4,1,2,4,5.2,30.5
1383.7,3.3,2,8,3,4,3,12,3.9,24.4
993.8,12.6,3,12,5,1,9,21,6.9,31.1
210.6,,1,2,0,1,10,14,10.0,26.3
749.2,16.5,4,23,6,4,10,16,4.9,30.9
,16.2,3,12,6,3,6,21,2.5,28.2
1333.1,2.1,3,16,3,1,2,7,6.8,29.9
250.7,17.8,3,7,3,4,10,19,4.6,28.2
128.7,19.2,3,16,3,1,6,24,6.3,30.0
1071.4,1.3,3,21,0,1,9,5,10.0,30.8
707.3,19.0,3,13,1,1,1,5,5.1,37.0
,5.9,4,5,5,3,3,25,3.7,27.9
158.2,13.5,4,16,0,3,3,25,9.8,34.3
1211.6,3.9,3,20,4,2,5,25,7.0,25.9
104.1,16.4,4,16,2,1,9,22,3.7,33.4
90.7,16.9,1,15,0,3,5,7,3.9,30.8
,19.6,3,11,4,2,7,15,6.4,30.8
370.9,19.9,3,4,1,4,5,25,4.3,29.1
910.9,2.0,2,17,3,1,10,18,8.0,28.0
87.4,13.3,4,9,6,4,10,14,2.7,30.7
101.3,5.8,4,5,4,4,9,16,2.7,27.5
1104.4,2.9,4,11,6,2,2,6,3.1,28.1
354.7,3.4,3,0,2,3,9,9,8.9,25.4
,18.8,3,12,2,4,8,19,1.8,28.2
1137.4,13.8,3,13,4,4,4,25,6.4,26.6
136.0,1.5,1,9,0,3,3,2,8.8,27.5
1166.1,19.7,4,16,5,1,10,11,2.6,33.0
439.2,,1,14,2,4,8,18,9.3,30.5
614.8,6.5,4,8,3,1,3,12,7.4,34.4
175.6,9.7,3,17,3,4,3,21,3.1,27.0
1266.0,14.7,1,2,0,4,6,17,9.8,29.1
863.1,13.7,1,12,2,3,6,9,8.5,30.9
781.8,9.5,3,3,0,2,9,20,1.5,25.6
1454.4,10.5,2,14,4,1,7,9,8.4,30.7
535.0,1.3,4,0,4,2,9,11,6.2,25.2
1341.6,10.3,2,20,0,1,5,7,9.0,30.8
1093.5,7.1,3,0,0,4,10,25,6.3,25.3
1396.4,6.1,2,11,5,4,10,11,8.2,25.4
1366.3,5.8,1,15,2,1,10,24,8.5,27.8
1487.0,13.2,2,9,5,1,8,15,8.2,33.7
240.9,8.9,4,5,4,4,4,4,1.5,28.7
1204.2,8.8,3,5,5,3,2,20,7.0,27.1
1216.5,3.6,4,20,2,3,6,5,9.1,30.8
984.3,19.3,3,3,2,3,4,23,9.4,32.2
454.3,4.9,2,17,5,2,2,25,7.9,27.4
1449.5,8.4,1,7,4,4,4,14,3.8,28.0
346.4,,3,0,3,1,9,10,8.7,28.1
774.4,,1,9,2,4,3,12,1.2,28.7
806.2,9.0,1,2,4,4,1,20,7.9,31.4
284.7,8.6,3,18,2,1,3,10,5.4,32.4
1097.7,17.6,2,18,6,4,2,2,8.9,32.8
178.9,15.3,3,5,4,3,2,15,5.5,30.2
,10.6,3,18,2,4,5,19,4.8,25.6
1280.5,9.6,3,16,5,4,9,4,8.6,28.9
556.6,19.2,3,16,0,4,4,9,4.0,32.8
1078.7,19.2,3,1,5,1,10,12,5.4,32.0
277.3,14.2,3,3,2,2,9,16,8.6,28.7
1276.6,15.3,1,3,1,2,2,13,1.1,28.8
,18.0,2,19,5,4,7,19,4.1,29.6
271.4,19.3,1,7,4,3,8,16,8.5,31.7
1053.2,2.1,3,12,0,3,8,18,8.9,24.1
783.5,19.9,3,11,1,2,3,2,2.4,31.5
820.7,14.2,3,23,3,1,8,23,5.0,29.1
,12.1,2,4,4,2,6,11,4.1,28.6
758.7,8.6,1,18,5,2,3,11,9.8,30.9
920.5,7.1,2,2,2,1,2,20,6.1,30.9
384.8,16.2,4,23,5,1,4,11,4.6,35.8
598.8,,2,13,5,4,3,20,8.8,28.5
1304.6,4.4,3,6,2,1,6,21,7.4,28.5
209.4,12.4,1,9,6,1,5,14,7.4,31.3
916.5,3.3,3,17,6,1,2,15,6.5,27.1
317.2,10.2,3,9,2,2,8,22,4.8,25.9
1277.5,11.9,1,1,3,1,1,19,1.9,31.6
889.6,12.9,3,7,6,3,5,19,6.7,26.3
634.4,3.3,3,21,3,1,1,18,4.7,28.8
412.2,2.4,3,8,5,1,9,20,5.1,24.8
683.4,5.5,4,11,5,4,4,20,9.3,30.7
1438.5,12.3,4,4,3,2,1,20,7.5,36.0
788.4,,3,0,2,2,3,11,8.0,32.3
730.8,15.7,4,6,3,1,6,19,7.8,34.0
1132.1,15.0,4,20,5,2,8,13,4.9,30.8
599.6,6.9,3,13,2,1,2,22,6.0,29.7
669.8,2.7,3,9,5,1,4,13,5.9,27.8
538.6,17.9,3,12,1,2,2,3,3.2,30.7
268.8,10.3,3,19,3,1,3,21,6.7,31.0
1085.0,2.5,3,21,0,2,4,13,4.4,23.4
1315.9,10.9,4,7,5,2,6,2,1.5,29.7
1363.1,13.7,4,19,4,2,2,21,9.7,35.8
,6.7,2,19,0,4,7,2,4.7,25.6
705.1,0.7,3,0,1,1,8,3,4.1,26.2
461.9,12.6,3,21,3,2,10,18,6.6,25.0
,1.3,4,5,3,2,6,4,5.1,27.0
1434.3,8.9,3,18,0,2,5,7,9.8,32.0
1104.2,16.6,2,21,6,1,7,11,1.5,31.0
767.5,20.0,2,13,3,2,10,25,8.3,30.8
1048.8,7.7,1,7,4,2,1,15,1.2,27.0
,0.9,1,20,5,4,2,25,2.6,24.4
1382.9,10.1,2,11,1,1,3,19,2.6,29.7
1156.7,5.9,1,18,2,2,2,8,4.1,29.1
678.1,17.9,4,16,5,1,6,15,8.9,36.2
,14.4,3,7,5,4,1,9,3.2,30.4
774.8,8.4,3,13,1,3,1,6,5.6,26.7
525.9,15.4,3,4,2,2,7,14,5.3,28.4
1417.0,7.2,2,0,5,4,2,22,3.1,24.8
786.6,10.7,3,16,2,3,4,20,5.2,27.0
734.5,18.5,4,4,0,1,1,7,8.6,38.8
554.9,4.4,3,12,3,3,8,7,7.3,25.5
977.1,6.6,3,2,0,3,10,22,4.5,23.6
,17.8,2,15,4,3,7,16,3.4,28.6
,9.5,3,4,6,1,5,13,5.6,32.6
1310.4,6.7,3,5,0,3,4,21,3.0,25.2
,1.2,2,3,1,2,1,2,2.4,22.4
,8.7,3,22,3,1,3,19,1.4,27.8
348.2,10.3,3,14,1,2,5,12,1.1,25.6
852.4,8.4,1,15,3,2,1,13,9.8,29.8
,5.9,2,9,1,1,9,17,4.3,27.8
,7.7,3,20,4,1,7,6,1.3,29.2
124.8,13.0,1,1,2,3,2,22,6.2,28.8
1461.3,17.9,3,9,6,3,9,3,5.2,30.1
,13.2,4,1,5,1,3,15,6.2,36.0
462.2,13.1,3,16,6,1,7,12,5.9,31.3
346.5,16.4,2,22,1,4,10,25,1.9,27.2
,3.7,3,18,6,1,4,17,7.7,28.3
1319.8,6.4,3,3,0,3,9,10,4.4,25.2
472.5,1.5,3,18,1,2,10,11,10.0,27.1
721.1,7.3,4,6,6,3,6,7,6.3,29.2
1073.3,20.0,3,8,6,1,7,2,5.4,33.9
1314.4,6.9,2,13,2,1,2,12,4.3,28.5
1004.9,17.3,3,10,5,4,9,1,5.8,30.9
,2.2,4,4,0,2,3,17,5.3,27.9
301.3,9.5,3,12,2,2,3,23,5.7,27.7
1322.2,7.4,4,4,0,3,9,3,9.7,30.8
449.8,4.4,3,17,3,2,3,25,4.6,25.1
236.1,7.8,4,1,6,2,7,3,3.5,27.4
1465.6,13.2,3,19,4,1,4,12,4.8,32.6
,10.1,4,23,3,3,4,16,1.5,25.6
248.1,17.0,4,17,1,1,10,17,5.1,34.2
957.7,18.1,4,14,4,2,1,10,9.3,34.8
512.4,9.9,4,10,2,2,8,2,2.8,26.2
243.4,19.6,3,12,4,3,2,20,1.8,29.6
921.6,1.9,3,12,0,3,9,12,1.1,20.9
1150.5,5.9,3,21,3,3,8,7,6.8,24.5
1200.1,8.6,3,3,3,3,7,12,7.9,25.5
275.5,11.9,3,14,5,2,7,11,7.0,29.0
857.5,11.1,3,13,6,2,1,15,6.8,29.3
,,3,6,6,4,4,13,8.4,31.0
283.6,18.0,3,9,2,3,8,15,8.7,29.5
351.1,5.9,4,11,4,3,6,24,4.0,25.8
53.5,16.4,3,0,4,4,2,24,6.2,32.1
,11.4,3,11,5,1,8,1,6.9,29.8
332.3,10.1,4,4,5,1,3,17,4.1,30.8
1100.2,6.3,3,9,0,1,7,6,6.7,28.1
1445.2,6.4,3,6,5,2,7,2,6.9,27.3
352.7,8.1,3,18,3,3,3,3,1.0,27.1
,15.4,3,23,6,4,1,16,1.8,29.0
357.2,9.8,3,2,4,3,10,25,7.6,24.7
76.1,3.5,2,6,2,3,8,20,1.7,20.4
1149.9,15.3,2,3,1,4,1,4,5.6,31.7
679.3,13.4,4,11,6,1,2,6,1.4,31.0
,,4,8,1,3,6,21,8.5,31.0
824.7,10.8,3,10,0,3,9,16,6.0,26.2
278.4,13.3,4,1,0,1,3,14,2.8,34.2
702.2,9.8,3,20,3,2,6,5,8.8,30.4
344.2,13.8,2,23,1,1,8,20,2.1,29.1
1323.1,9.0,3,21,4,2,9,21,9.2,29.1
1051.8,3.2,1,11,5,3,6,8,9.7,27.3
544.8,19.7,1,16,2,2,5,25,6.9,32.1
815.3,14.5,4,1,0,2,2,12,8.5,34.2
1020.7,12.4,3,14,2,3,6,1,8.4,29.6
1185.1,9.9,2,14,4,4,6,25,5.1,31.4
166.2,,3,17,5,2,9,5,2.1,26.5
82.7,3.0,3,18,0,3,6,3,1.7,22.7
216.0,6.9,3,0,6,2,8,12,1.9,26.1
622.7,2.9,2,9,4,4,5,16,5.6,25.8
,3.0,3,11,3,3,5,16,1.3,20.0
,0.9,3,11,1,4,1,24,5.3,27.3
646.2,15.2,3,13,6,2,5,12,3.6,29.0
690.4,4.9,4,16,1,3,3,4,8.8,26.6
208.2,16.7,3,14,3,2,4,12,1.8,28.1
1379.2,18.1,4,5,3,3,10,22,7.1,30.1
918.8,3.8,4,15,3,1,7,1,1.7,28.0
613.4,14.3,2,14,1,3,2,7,5.8,29.5
785.0,9.5,1,4,6,1,6,17,4.0,30.9
505.6,18.4,3,15,2,3,5,6,5.9,31.7
1288.8,9.9,4,12,4,2,8,13,1.7,29.0
,,1,19,4,4,3,5,5.5,31.0
,6.2,2,9,1,1,7,4,5.6,28.5
,18.1,3,21,6,1,8,19,8.6,31.0
1265.1,4.9,4,12,3,3,8,20,1.5,21.3
1228.6,16.6,1,22,4,4,6,1,2.1,30.6
377.1,4.3,3,2,4,4,1,14,9.8,29.0
,13.0,2,3,3,3,8,11,5.4,28.7
1050.6,,4,5,4,2,10,10,7.4,30.1
729.5,2.5,3,19,3,2,7,18,3.6,21.2
1041.4,3.0,3,12,5,4,6,16,6.7,24.7
1152.9,6.0,4,16,3,1,6,4,4.8,31.6
478.2,15.4,3,0,5,4,1,25,8.5,30.5
,14.7,4,8,3,2,10,6,4.9,32.2
761.7,4.5,2,8,6,2,4,14,7.1,26.3
446.6,9.8,1,22,3,3,8,4,4.0,26.2
,2.4,3,2,4,2,6,16,2.8,21.4
1132.8,14.5,2,20,3,1,7,1,3.0,32.9
734.5,16.0,4,8,2,2,1,7,6.1,33.8
1099.5,17.9,3,18,5,1,7,12,5.4,32.7
790.1,17.8,2,6,4,3,6,3,7.3,29.5
1083.7,,3,1,2,2,5,13,8.6,27.8
376.2,5.5,3,16,5,2,8,15,1.3,23.4
1121.3,18.0,3,4,0,2,7,24,8.2,31.4
1086.9,3.3,2,3,0,1,8,10,8.7,29.4
436.6,1.7,4,22,4,4,7,19,7.4,28.6
856.2,6.6,3,5,3,2,8,7,7.1,27.5
1290.2,15.3,4,23,5,3,9,25,9.4,32.0
411.8,14.0,3,8,4,2,9,25,9.0,28.4
1117.2,19.7,3,6,5,2,10,19,4.3,28.5
1433.3,7.5,1,10,1,1,6,6,6.8,29.7
1306.1,5.9,3,6,1,4,5,25,5.8,25.4
632.2,7.9,1,22,1,3,1,10,2.0,27.3
930.5,15.8,4,14,4,2,7,7,3.1,31.2
1488.1,4.7,2,17,4,3,7,11,5.5,25.2
874.2,19.0,3,1,6,4,3,5,5.1,33.4
216.8,10.5,3,5,1,3,1,9,6.2,27.0
115.9,,3,14,0,4,9,10,8.2,27.8
1196.0,16.6,3,11,6,3,2,25,8.2,30.5
664.3,9.8,3,23,3,3,8,13,3.4,26.5
407.9,15.0,3,17,2,2,10,19,3.4,28.4
,7.6,4,7,2,3,10,21,6.5,27.3
1148.2,16.3,3,10,6,3,3,24,4.4,28.2
,16.6,3,17,5,4,7,14,9.6,31.8
1309.3,11.5,4,9,1,3,10,15,6.7,30.1
1115.6,4.8,2,12,2,2,8,24,3.3,22.5
1462.3,19.4,2,19,6,2,3,18,1.9,28.9
1338.3,19.0,1,6,5,2,1,8,7.5,34.6
419.1,12.6,3,2,5,4,6,15,3.9,28.8
1005.6,19.7,3,9,1,1,7,15,2.7,32.5
79.8,10.3,2,5,4,3,2,15,3.3,24.2
1487.1,7.8,1,13,0,2,4,17,7.3,30.2
428.5,9.5,1,20,3,1,5,11,6.9,32.0
,1.4,3,18,0,1,6,4,1.9,26.2
1281.3,11.2,2,17,1,1,1,10,7.0,32.5
282.7,13.5,3,12,1,4,4,20,6.5,30.1
1279.4,2.6,4,21,1,4,9,25,8.2,27.4
,5.5,3,22,5,1,3,16,1.8,26.6
690.9,14.6,4,18,2,2,9,20,3.5,28.4
734.5,16.0,4,2,1,2,9,5,8.2,32.6
592.4,19.7,3,7,6,1,9,20,5.0,30.3
900.3,5.4,3,22,0,2,6,11,9.2,27.2
1376.5,16.9,4,1,1,4,4,18,7.2,33.2
524.1,3.9,3,13,5,2,3,17,1.5,25.3
889.9,3.1,3,15,3,3,6,20,5.1,24.3
1322.3,14.7,1,9,2,4,8,19,3.7,31.0
1170.8,9.2,3,16,2,1,9,17,7.8,27.7
109.1,16.0,4,1,4,4,1,11,2.3,31.7
,6.0,3,5,2,2,10,21,8.9,27.7
117.6,4.7,3,7,0,3,3,19,7.6,26.6
903.7,11.2,3,4,6,4,3,4,6.3,29.2
884.3,2.7,4,10,6,3,4,7,6.1,26.4
1190.3,5.9,3,11,1,2,4,7,9.6,29.7
265.2,3.7,3,22,3,4,2,8,8.8,28.5
310.1,6.7,3,11,3,1,4,18,9.3,30.7
1140.6,,3,18,0,2,9,1,8.4,31.6
266.8,2.9,4,2,2,3,1,7,4.2,30.2
730.7,12.4,2,1,4,2,7,13,2.5,25.4
1110.9,11.9,4,9,0,4,9,5,3.7,29.8
,11.0,2,7,2,1,7,5,9.7,32.6
355.4,,4,22,1,3,5,11,9.7,32.2
490.7,13.4,3,11,2,1,6,16,2.8,31.2
1455.0,17.1,3,11,4,3,6,9,3.0,29.5
700.6,3.7,3,20,2,4,4,25,6.9,25.4
114.5,16.4,3,20,5,4,9,11,6.0,27.1
368.4,1.7,3,18,3,4,7,25,6.1,23.9
546.5,9.9,1,10,4,3,1,15,9.2,30.8
1499.3,10.5,2,5,4,2,8,10,6.0,24.1
488.9,4.4,2,0,5,2,3,3,6.2,28.3
,2.2,3,1,1,1,6,19,7.0,27.1
793.7,2.0,3,19,6,3,2,14,5.6,24.8
171.2,1.2,2,3,5,3,5,25,6.2,22.8
447.4,11.7,3,9,1,4,2,25,7.7,29.6
1489.0,3.5,2,12,0,4,3,14,9.2,29.4
1071.7,16.3,2,13,0,1,9,7,9.4,33.5
,18.0,3,2,4,4,1,9,7.0,35.2
700.6,6.2,3,12,2,2,4,2,3.4,26.8
298.9,,1,5,1,3,1,4,8.8,29.8
,8.5,4,8,2,3,2,11,7.2,30.3
901.2,17.7,3,19,3,3,8,5,4.3,28.2
783.2,8.3,3,11,0,2,6,22,6.6,28.3
1127.2,2.6,2,9,3,1,4,22,4.8,28.7
1343.8,19.7,3,0,0,3,1,5,8.5,33.5
407.7,10.2,4,23,4,1,8,7,4.0,32.1
1388.3,7.2,3,14,0,3,3,21,5.0,25.6
801.1,17.9,2,18,5,2,6,7,8.1,32.0
425.3,18.6,3,10,1,1,2,7,2.8,33.1
1276.4,10.2,3,6,3,3,5,19,6.1,26.9
101.5,6.5,2,6,2,1,9,11,5.0,28.8
861.3,9.9,3,0,6,4,7,21,4.3,26.1
1096.4,4.8,2,21,5,1,5,14,2.0,25.9
456.0,9.8,4,12,6,4,2,6,1.1,28.8
1302.1,5.0,3,8,5,4,3,4,6.5,27.1
398.4,12.6,3,16,6,2,10,18,6.0,27.7
1267.8,15.3,4,3,1,3,10,12,9.4,30.9
163.9,19.4,3,11,2,2,4,12,3.7,31.8
281.9,16.9,2,10,5,1,7,18,1.4,29.5
602.4,2.2,3,21,0,2,8,7,5.2,26.1
1288.4,4.6,3,19,1,2,5,25,1.4,23.3
259.6,10.9,3,18,5,3,3,14,3.3,27.1
1319.4,5.5,4,6,2,3,4,22,7.0,29.5
383.1,0.8,3,12,1,4,5,20,5.1,25.5
706.1,15.2,4,23,2,3,4,16,3.9,31.2
561.5,7.5,2,0,5,4,5,3,8.2,31.8
221.3,1.8,2,15,3,4,2,19,4.0,24.8
,10.4,2,8,0,4,4,2,2.4,25.2
685.4,19.6,3,17,3,2,2,19,3.5,30.7
1051.0,13.7,2,11,5,3,4,23,9.6,30.9
884.1,3.6,1,16,1,4,3,14,3.3,26.7
,10.5,4,6,0,3,5,25,4.3,27.1
944.0,18.1,2,21,4,1,10,16,2.6,29.6
1352.6,1.6,2,20,6,4,9,14,6.8,23.2
,12.9,3,15,0,4,7,14,3.5,26.3
,14.6,2,10,4,3,6,4,2.9,27.0
985.5,14.2,1,3,5,4,4,2,6.3,32.1
,3.4,2,4,1,1,1,2,7.9,29.9
678.0,18.2,2,9,1,4,7,23,6.3,29.2
955.9,,4,18,3,2,3,4,5.5,30.9
693.2,1.5,3,22,4,4,1,16,9.8,27.0
1148.5,2.1,3,14,3,1,10,8,3.6,24.1
1454.9,9.4,3,22,1,3,3,10,5.3,29.8
1441.8,1.3,3,4,6,1,1,18,2.7,26.2
1240.1,15.7,4,17,2,4,6,22,5.5,29.4
922.6,17.4,3,12,3,2,7,3,5.4,28.6
,0.8,1,3,3,4,3,14,7.9,25.1
308.2,16.3,1,16,3,3,3,4,5.1,32.9
744.6,19.6,2,21,2,2,2,6,2.3,30.6
,1.1,4,10,2,1,5,18,9.5,30.2
,14.6,3,6,0,2,5,1,3.4,29.4
1451.8,20.0,1,7,5,2,4,7,3.2,33.9
1302.6,16.0,1,14,2,2,10,14,9.1,31.1
794.9,10.4,4,16,0,2,10,6,7.0,31.9
418.5,17.8,3,5,0,1,9,10,9.0,33.2
,14.3,2,16,6,4,6,15,3.6,26.5
680.5,6.2,4,17,2,4,10,23,1.5,27.2
1214.9,4.9,3,0,4,1,3,2,4.9,28.3
,10.5,3,9,3,1,8,13,3.2,27.7
556.2,7.8,3,5,5,1,7,16,7.6,31.0
404.4,6.9,3,19,6,2,7,12,2.9,24.8
,4.0,2,15,5,3,1,1,1.7,24.3
,17.0,4,12,6,2,2,20,5.3,32.9
,14.2,3,5,1,3,10,6,3.5,25.2
75.3,7.0,3,11,3,2,3,3,3.3,26.8
215.9,5.1,3,23,2,1,4,12,3.8,28.6
444.0,3.0,4,23,5,1,7,5,3.8,28.9
281.8,2.7,1,3,1,4,9,16,5.0,25.5
,12.7,1,11,5,4,4,14,6.2,31.0
203.1,2.6,3,17,1,2,9,6,5.8,24.8
,19.2,2,7,4,3,7,23,6.4,29.1
,5.9,3,23,0,3,2,22,2.2,23.7
207.5,1.0,3,11,5,2,6,8,1.5,22.9
64.7,17.2,2,8,5,3,10,23,9.4,27.9
1087.0,7.7,2,22,3,2,10,9,3.0,27.8
,7.2,3,14,3,1,10,13,8.5,26.2
788.8,2.8,2,1,3,2,1,15,1.6,23.7
,13.4,2,2,4,1,9,7,7.1,31.9
1478.7,7.5,3,23,3,2,5,16,6.4,28.1
231.8,16.5,1,14,3,2,5,3,5.2,30.4
647.3,12.8,3,20,3,2,5,16,4.4,27.3
1284.9,17.7,4,23,0,1,7,24,8.8,36.1
405.1,,3,17,3,4,6,9,7.3,27.8
437.1,15.7,3,23,3,1,1,4,6.8,33.0
1222.3,14.1,3,22,6,2,4,15,9.3,32.3
446.3,9.5,4,9,2,2,10,8,1.6,27.8
54.2,13.9,4,15,6,2,2,19,7.7,33.4
670.5,13.4,4,19,6,2,3,9,9.7,35.2
68.2,0.6,2,22,5,4,2,2,9.7,28.0
,14.1,1,19,4,4,8,7,2.6,27.3
980.6,5.6,2,19,2,1,9,21,8.3,27.2
895.4,11.1,2,7,1,3,9,1,1.5,25.1
342.3,2.7,1,10,5,3,1,23,7.2,26.2
1064.9,0.9,4,19,4,4,10,6,6.8,27.4
1032.0,0.8,2,3,5,2,9,7,5.1,23.0
137.7,3.6,2,3,3,2,9,19,4.1,24.9
,0.9,4,18,6,4,9,24,3.2,23.1
890.1,,4,23,0,2,9,6,4.1,24.8
1199.1,11.4,2,10,0,3,1,23,1.9,26.5
431.2,8.3,2,20,0,2,8,20,3.7,24.6
227.0,19.6,4,8,2,4,10,1,5.6,32.8
1068.6,,4,12,1,1,6,11,5.6,34.7
1201.1,,3,23,0,4,10,7,6.2,23.9
609.7,8.6,3,9,5,1,1,3,7.5,32.0
84.4,8.9,3,21,1,3,6,24,2.0,21.2
1236.5,7.6,3,22,5,1,10,21,8.7,31.0
348.8,10.2,1,17,4,1,6,22,4.3,29.5
541.6,13.6,3,1,4,3,5,16,2.7,27.0
960.9,13.0,4,23,0,4,3,19,2.6,27.7
194.9,7.5,3,11,0,2,8,16,8.3,26.2
154.4,14.2,2,6,0,1,10,2,5.3,30.8
87.3,6.1,3,11,2,1,4,4,3.3,30.6
,16.8,3,10,6,4,5,23,9.4,32.2
501.5,19.3,2,9,2,4,5,16,6.3,31.9
1008.0,6.2,2,16,1,2,7,9,6.7,26.0
1484.4,15.8,2,2,1,2,5,20,3.2,28.3
1020.7,16.4,4,15,2,3,8,14,4.6,29.8
,10.1,2,6,4,4,10,25,3.8,25.3
805.3,2.2,4,19,5,3,4,13,3.2,27.1
596.5,15.8,3,23,0,4,3,17,9.1,31.6
919.7,8.4,4,11,5,4,6,25,2.2,27.3
1440.2,4.6,4,19,0,2,6,11,1.8,25.8
1192.7,12.7,4,7,2,3,5,24,4.4,28.9
665.1,9.0,4,20,4,1,2,21,6.9,35.0
532.0,2.2,3,12,0,1,2,1,3.8,28.6
1331.1,19.7,2,12,1,4,5,2,2.8,30.6
,,2,2,4,2,8,3,1.5,23.4
1281.9,,3,15,4,4,6,11,8.5,28.1
419.9,13.5,2,18,0,2,8,21,7.6,29.6
1087.7,2.7,3,12,5,4,2,19,6.8,27.5
,14.9,1,3,2,2,10,19,7.6,31.0
741.6,,3,16,4,1,7,9,8.6,32.4
328.8,10.1,1,15,1,2,7,2,3.4,26.8
1274.9,10.8,2,20,6,3,9,2,8.1,28.3
582.9,,3,22,5,2,10,4,1.9,29.3
515.0,18.3,3,5,4,2,9,3,9.4,32.8
789.5,2.7,4,7,1,4,5,24,6.1,26.6
680.9,7.7,3,22,5,2,8,5,7.9,28.0
1040.4,10.6,3,2,2,3,5,8,5.4,24.7
,18.4,2,21,4,1,2,21,4.6,34.9
,,1,3,4,4,10,6,7.4,31.1
1343.0,8.0,3,10,5,3,7,19,4.0,24.7
102.3,17.8,2,3,5,1,8,12,6.4,34.4
,7.9,4,23,2,3,7,20,1.0,24.7
,5.8,4,12,0,3,4,8,8.5,29.9
1337.2,12.4,2,21,3,4,8,23,2.5,24.7
911.0,7.4,3,0,2,2,4,19,6.5,25.6
1245.5,12.6,3,0,2,1,8,8,8.7,32.4
372.9,8.5,2,12,3,1,9,17,7.1,29.4
561.6,16.0,3,1,4,4,7,19,5.3,26.3
,19.1,3,13,4,1,5,25,5.5,33.8
1334.7,5.8,4,16,2,2,8,10,5.0,27.7
859.0,10.4,2,11,4,4,1,25,1.3,27.4
739.5,14.6,3,18,6,4,9,20,8.0,29.4
704.0,3.6,2,2,4,2,6,11,9.6,28.6
135.2,16.0,2,5,4,3,6,18,7.5,30.7
1343.9,,3,3,1,3,3,15,9.1,30.0
1236.3,3.4,3,11,2,1,2,25,8.8,31.1
711.6,,3,9,0,2,4,2,4.2,31.5
455.2,8.8,4,12,3,4,9,19,4.3,26.4
547.2,3.9,1,3,0,3,1,21,5.1,25.4
228.6,4.3,3,10,5,3,7,1,1.8,21.6
1096.6,15.8,2,18,6,4,10,13,1.4,27.0
857.2,18.7,4,1,5,1,7,18,1.0,31.9
389.4,7.9,1,18,1,3,3,22,5.8,25.1
,,2,5,4,1,3,3,5.8,27.4
1469.9,2.5,3,20,3,1,4,7,1.7,25.8
227.5,13.3,3,19,0,4,2,14,2.6,28.8
714.8,7.7,3,10,5,4,6,17,7.7,29.1
766.5,8.8,4,1,6,4,8,4,5.8,30.6
291.9,7.1,3,9,3,2,6,21,8.0,27.6
820.8,9.6,3,14,6,3,1,13,2.8,25.4
928.7,13.0,4,8,0,1,9,11,6.1,30.6
278.1,11.1,3,15,6,1,5,20,3.2,28.6
274.3,3.7,2,19,4,1,6,13,9.6,29.4
1291.7,10.1,4,22,4,2,6,8,9.3,32.2
,9.5,3,9,3,2,7,11,3.9,27.3
964.0,11.1,3,23,0,1,1,4,2.4,31.4
958.8,2.7,3,5,3,4,3,22,2.3,23.9
1266.8,3.5,2,22,6,3,6,8,2.6,22.4
1122.8,10.8,4,3,3,2,4,9,6.7,29.7
1268.8,5.9,1,12,0,2,2,5,2.6,26.3
,12.8,4,16,3,3,10,10,2.7,26.3
701.7,7.8,4,1,1,2,3,5,4.6,33.0
620.7,4.8,4,10,2,4,3,2,8.1,33.1
599.6,13.3,1,6,4,4,10,18,2.2,25.2
656.7,8.2,3,19,0,1,3,10,2.4,29.2
,3.6,2,11,3,4,6,18,1.7,21.5
664.7,16.3,3,2,3,2,6,6,1.6,28.2
614.7,8.9,3,0,5,1,10,14,2.5,26.2
100.1,18.3,3,0,0,4,10,6,8.2,30.6
448.9,4.3,3,0,4,2,5,7,9.9,29.4
1140.3,17.6,4,11,4,1,1,25,2.8,35.2
888.0,16.4,2,7,0,3,9,14,2.6,27.3
1218.9,,3,5,0,2,7,1,2.5,24.1
836.9,10.9,3,9,4,1,1,24,1.4,28.4
1288.4,13.2,2,10,6,3,2,21,8.6,28.4
1204.3,,3,13,6,2,3,10,5.6,28.2
192.5,8.1,3,11,5,3,9,7,4.0,24.0
1466.7,18.9,3,22,5,1,3,11,2.9,32.1
71.4,14.2,3,8,4,2,9,20,2.6,25.4
915.4,19.3,4,9,1,1,1,13,2.0,35.5
1199.1,17.0,4,9,3,2,6,5,7.0,35.0
531.2,16.4,1,1,2,4,10,5,6.9,28.2
,14.6,3,17,1,4,7,25,2.1,25.1
,13.1,4,12,0,2,6,7,2.9,30.3
137.9,17.8,1,9,0,3,4,15,8.4,30.1
62.3,12.5,3,8,5,3,6,18,5.8,25.5
,2.0,3,12,1,4,3,4,2.6,27.0
192.7,11.9,2,21,4,1,6,5,6.9,32.3
935.8,2.5,3,9,2,2,1,8,8.6,31.3
812.5,19.0,3,10,3,3,3,16,4.0,27.6
710.4,13.1,1,3,2,2,8,22,7.9,32.5
1053.3,11.3,1,7,2,3,10,10,8.6,27.0
74.4,4.4,4,17,3,4,5,8,4.1,28.8
,10.6,4,17,5,4,7,8,9.3,29.3
1177.2,7.2,3,19,3,2,5,20,4.6,26.4
,13.7,3,11,5,1,2,14,2.0,31.1
685.6,12.3,1,21,6,2,10,16,7.8,28.7
168.2,,4,13,3,3,5,6,2.6,26.5
1208.2,5.4,2,3,5,3,2,17,2.9,24.2
1333.5,10.8,4,3,0,4,1,8,6.9,32.9
649.8,9.5,3,11,3,4,3,23,5.6,26.4
,17.1,1,9,3,1,7,14,1.7,31.1
113.8,17.9,3,2,0,1,4,4,8.2,34.9
907.1,15.3,4,1,6,1,6,17,1.2,32.5
,,4,14,5,1,2,1,2.7,29.6
1032.9,1.2,3,18,4,2,10,21,6.6,22.7
510.0,18.5,2,5,4,1,10,11,7.9,33.2
982.2,19.8,3,5,5,4,10,21,5.1,28.7
1256.5,3.0,3,12,5,2,7,24,5.1,22.7
740.0,13.9,3,2,2,1,1,13,9.5,35.9
1238.6,8.8,2,20,2,3,2,3,3.7,27.9
618.3,3.4,4,14,2,1,1,2,5.9,33.2
555.3,20.0,3,8,6,4,5,8,6.8,31.6
895.3,18.7,2,13,0,4,9,5,9.3,31.5
723.8,19.7,2,3,6,4,8,18,7.9,32.7
1466.8,3.3,2,7,2,2,6,1,2.1,24.8
,10.1,3,12,5,3,8,18,7.9,28.4
608.5,18.0,2,23,1,1,5,5,6.6,34.0
622.7,13.7,3,20,5,1,7,4,8.0,33.3
844.5,9.0,2,15,3,3,6,1,1.9,25.6
564.6,10.6,2,8,6,3,7,21,9.3,29.7
1098.2,1.3,1,22,2,1,5,18,8.1,26.7
602.0,12.4,3,3,6,4,8,23,8.6,29.0
607.0,17.3,3,7,5,2,7,14,8.9,32.5
944.6,0.6,3,10,0,3,3,15,1.9,23.6
138.2,3.6,3,13,2,1,10,1,8.2,27.8
1000.3,10.6,3,16,2,4,5,1,7.3,29.8
782.2,11.4,3,9,1,3,7,16,7.1,28.2
706.9,7.2,1,22,6,2,6,13,4.4,28.6
1092.9,1.0,3,9,0,3,4,21,3.4,22.9
1149.5,15.0,1,15,1,4,1,14,6.5,32.6
1277.1,5.2,3,1,1,1,3,1,3.6,28.4
593.5,13.1,3,3,2,1,10,17,9.3,32.9
524.2,11.4,3,5,4,3,10,4,6.5,28.1
1085.8,8.9,3,0,0,4,2,23,4.2,28.4
,12.0,3,20,4,4,6,12,1.2,26.9
966.1,14.1,2,14,2,1,3,12,2.4,31.0
855.5,11.7,4,20,4,2,6,2,3.6,29.3
1170.4,11.4,2,7,0,4,7,8,2.5,25.4
325.6,9.0,1,2,6,4,1,1,5.9,31.7
855.8,8.9,1,7,4,2,10,3,7.5,29.8
,10.1,4,0,1,4,10,15,9.0,30.7
640.5,9.3,4,7,5,4,10,13,6.8,29.4
1012.8,9.1,2,2,3,1,5,15,6.2,30.4
765.0,4.6,1,5,2,4,8,21,3.2,26.1
,14.6,3,15,1,3,10,21,8.9,29.1
1333.2,3.1,2,23,3,4,2,23,3.8,24.4
1170.6,18.2,1,5,1,4,2,2,7.3,34.7
813.1,12.7,3,23,5,1,9,2,7.7,29.6
,1.5,3,18,2,3,4,23,1.4,20.9
665.3,13.4,3,2,0,2,2,22,6.9,28.1
,7.5,3,0,4,4,3,1,9.4,28.9
293.5,18.6,3,2,5,1,7,1,7.2,33.1
464.4,,3,17,5,2,4,8,5.3,28.7
540.2,17.0,1,16,3,1,4,14,4.6,35.1
203.4,11.6,1,21,2,4,10,2,2.3,26.2
,18.4,4,12,1,2,10,12,3.0,30.1
328.8,13.2,2,1,2,1,5,7,9.0,32.3
,17.6,3,23,0,3,3,24,4.5,29.7
,,1,20,6,3,9,21,2.5,24.3
229.1,18.1,2,17,1,3,8,14,4.6,28.8
,13.4,3,22,5,4,8,4,4.9,28.5
1004.4,6.4,2,6,2,4,3,7,4.1,24.2
1407.9,,3,12,4,2,3,6,1.2,29.8
760.3,13.9,3,12,6,4,1,22,4.3,30.1
,18.2,3,6,2,3,6,16,9.1,32.4
882.8,0.6,3,23,6,4,1,9,3.5,25.5
859.6,11.3,2,13,2,3,9,1,4.3,28.4
71.7,14.4,4,22,1,1,4,21,7.4,34.3
1298.8,,4,7,5,4,7,16,2.4,23.9
949.0,15.4,1,11,0,3,2,7,8.6,33.0
1129.8,13.2,3,22,0,2,3,23,5.9,30.8
766.2,5.9,3,4,2,2,3,19,5.8,28.5
946.7,13.9,3,13,3,3,9,2,2.1,23.2
423.3,3.1,1,19,3,4,10,1,1.6,23.7
1461.9,16.6,1,19,0,1,6,1,8.6,36.6
631.0,17.4,2,18,3,1,2,7,3.0,33.8
285.4,10.0,1,14,4,1,10,11,4.9,30.4
131.1,10.4,3,0,1,1,3,24,5.6,30.5
972.4,8.3,4,6,3,1,7,22,1.2,25.4
1475.9,7.2,3,19,2,1,3,25,7.3,32.7
1348.9,17.5,3,12,0,2,5,24,5.9,30.8
1068.1,6.4,2,8,5,4,1,1,9.2,28.9
1486.4,8.4,3,21,2,3,5,21,2.2,23.8
1098.1,6.3,3,8,6,1,7,24,2.5,26.7
541.9,13.3,4,9,1,1,9,17,3.3,32.0
921.8,16.4,3,9,0,4,10,25,3.7,25.4
165.7,3.7,3,8,5,1,10,11,9.5,27.4
371.4,5.5,2,12,6,4,10,20,6.1,25.3
655.4,2.5,4,22,6,2,5,20,3.4,25.6
342.6,3.6,2,23,6,3,3,6,2.9,21.9
1432.6,8.4,2,8,2,4,2,19,5.7,27.0
1493.6,15.6,3,8,4,4,2,12,2.8,29.3
587.9,11.1,1,20,0,1,1,5,1.7,29.5
1078.4,1.5,2,13,2,3,8,3,6.6,25.8
641.3,12.7,4,4,6,2,4,18,7.0,33.5
252.3,16.0,1,13,4,4,6,21,1.7,29.6
538.5,8.2,2,19,5,4,4,20,5.5,27.2
,5.3,2,9,6,1,6,25,6.1,26.6
525.7,15.4,2,14,5,4,5,23,6.7,28.8
361.8,1.0,4,18,4,2,6,5,1.1,26.5
212.9,,3,2,2,3,2,19,8.1,30.0
,16.2,4,23,3,1,10,6,5.8,33.8
,17.8,4,1,0,2,5,19,4.7,32.0
173.6,2.2,3,2,4,1,7,11,5.0,26.5
,2.6,3,7,6,1,10,23,5.1,25.4
816.3,17.5,3,0,1,4,1,4,8.7,33.2
564.0,9.8,3,15,3,1,3,5,7.2,31.4
800.5,8.2,3,12,6,3,6,16,3.6,24.3
113.0,11.7,3,8,2,4,7,14,1.1,25.2
990.4,1.6,3,23,4,1,5,22,4.4,25.2
867.0,13.1,3,6,5,2,1,23,2.7,26.5
1037.4,18.9,2,21,5,2,7,7,6.5,30.5
872.5,13.7,3,13,4,2,7,16,6.8,27.9
685.0,9.6,3,16,0,4,1,19,3.9,27.7
557.7,19.2,3,22,0,1,10,24,8.8,31.9
378.3,13.9,3,6,5,3,9,9,9.8,26.9
,,3,2,6,2,3,2,5.2,27.4
87.8,13.6,3,19,1,2,7,9,5.3,27.7
525.9,1.7,2,15,3,2,9,6,1.7,19.3
1032.9,6.5,3,4,0,3,5,2,8.9,28.5
207.6,12.5,1,21,1,2,1,6,2.3,29.1
141.2,4.7,1,17,3,3,5,5,6.7,26.9
995.7,1.2,2,12,0,1,4,2,6.8,28.7
626.8,12.6,3,3,4,2,9,20,4.1,27.6
,6.1,3,23,3,2,1,16,1.9,25.9
1409.1,10.9,2,12,0,1,10,4,6.9,28.3
1437.7,5.6,4,14,4,1,4,11,4.1,29.3
667.1,,3,0,3,1,4,21,2.4,28.2
,18.0,3,16,0,3,4,7,9.2,31.2
932.5,2.2,3,20,1,4,1,6,5.4,26.8
960.9,15.8,3,18,3,3,7,19,7.3,27.7
952.4,3.5,3,9,5,4,8,10,3.7,22.9
516.6,6.9,1,4,3,3,3,17,2.3,24.7
142.4,7.5,2,10,4,1,2,5,1.3,27.7
354.5,4.5,3,13,3,1,9,1,4.1,27.6
273.9,2.0,4,6,6,4,7,14,1.5,24.3
229.7,15.5,3,14,6,3,3,11,9.9,32.8
1393.1,,3,22,2,4,7,22,3.1,26.9
,19.9,1,2,2,2,3,19,2.1,31.0
922.7,18.7,3,5,4,4,7,9,8.4,31.5
1423.8,9.0,4,10,6,2,5,3,8.2,31.9
572.1,3.1,3,4,4,4,2,14,10.0,29.0
814.3,0.7,3,18,2,1,7,20,3.2,24.9
1058.9,10.9,1,1,5,2,2,8,1.4,31.4
509.9,,2,0,1,4,9,16,7.5,31.7
742.6,5.7,1,8,1,4,2,1,8.3,29.5
1234.8,4.4,3,9,1,2,9,18,4.2,25.3
1130.8,9.1,3,16,6,4,3,21,9.4,31.1
,17.9,1,3,6,2,6,7,7.9,31.2
1481.6,9.3,4,18,6,4,9,17,4.7,25.7
587.0,,4,4,0,1,10,19,7.5,33.8
1133.3,9.5,3,22,6,4,5,6,1.0,25.4
924.0,7.8,4,12,1,3,3,5,4.1,25.7
,9.1,4,18,6,1,8,10,2.5,30.3
1122.8,15.5,2,0,2,2,10,22,3.7,26.9
1137.1,,4,17,2,4,3,10,2.9,30.7
1334.3,8.9,3,10,4,3,4,6,7.4,29.7
556.5,5.7,2,12,5,1,9,8,8.5,28.9
997.5,3.2,2,0,2,1,3,7,2.6,26.7
456.4,0.5,3,14,5,2,6,14,4.8,23.7
912.1,2.7,4,22,0,2,4,17,6.4,26.6
1139.2,3.7,3,23,6,3,6,7,2.3,21.7
1197.0,14.0,3,21,3,3,6,9,4.2,23.9
659.2,16.4,2,17,3,2,6,13,2.8,28.8
787.6,,4,5,6,2,5,8,6.1,33.5
534.1,14.6,1,8,0,1,4,12,9.1,35.5
295.1,19.9,3,1,6,1,1,2,5.2,35.4
427.8,19.3,3,5,1,4,8,10,7.0,30.8
1372.6,5.7,1,6,6,4,4,21,7.5,30.2
,3.3,4,16,5,4,1,11,9.9,31.1
1463.4,3.5,4,0,2,4,5,12,6.7,29.6
,18.0,3,22,0,1,9,16,2.7,31.2
1098.5,2.5,3,17,0,2,7,10,1.1,20.7
882.2,7.1,4,16,0,3,6,11,2.3,27.1
1060.5,10.8,1,13,0,3,10,7,2.1,23.9
983.7,12.5,1,6,4,4,7,19,5.7,28.3
1074.8,12.1,3,13,6,2,10,14,5.0,26.4
1363.0,15.8,3,15,5,1,9,1,6.5,33.5
867.0,11.6,3,20,5,3,6,14,1.7,24.1
148.4,17.1,3,16,6,3,1,10,8.4,32.3
442.7,2.2,3,19,4,3,6,1,2.0,20.5
1076.9,17.2,2,10,0,1,10,13,7.2,31.8
,12.0,2,9,3,3,7,3,7.2,27.5
845.4,4.8,2,18,5,3,3,5,6.1,27.6
915.0,19.6,3,14,3,2,9,16,2.6,27.4
604.8,18.8,3,9,2,2,9,13,6.5,28.2
1172.1,17.0,4,10,3,1,8,8,9.3,35.8
1099.1,18.3,3,13,5,1,2,22,8.2,34.2
1085.7,8.0,3,14,2,3,8,25,2.2,23.2
1087.2,4.9,2,8,2,2,9,3,4.0,25.9
1341.0,4.1,3,3,3,3,5,7,8.1,25.8
913.3,17.5,4,21,2,3,7,1,2.8,30.8
,16.6,2,7,1,3,9,4,7.4,29.0
222.8,19.6,3,3,1,4,8,10,9.3,32.8
966.3,17.0,1,6,0,1,7,2,3.6,31.6
1089.5,,2,20,5,1,5,23,1.8,28.9
,3.3,3,4,1,2,2,18,5.1,27.0
467.9,3.7,3,16,6,1,3,3,3.8,27.2
847.6,9.7,3,9,6,3,6,8,5.6,26.3
578.9,15.5,4,14,4,2,8,18,3.7,30.0
1368.2,,4,17,6,1,4,7,5.5,29.3
567.3,18.4,3,5,6,1,4,12,2.4,32.8
304.8,13.8,2,9,5,4,3,3,2.6,27.9
885.8,6.6,3,18,2,2,4,22,4.5,25.9
624.2,17.8,3,23,5,2,7,2,1.8,29.1
189.1,,3,20,2,1,1,3,9.9,35.6
869.0,14.8,3,7,0,4,7,6,3.9,26.8
829.9,8.0,3,5,3,3,1,10,2.8,26.5
301.1,8.2,2,22,0,2,10,10,7.3,27.8
916.6,0.7,1,16,0,4,8,18,4.8,23.4
,11.0,3,4,0,2,10,17,9.6,29.4
1171.7,15.3,4,15,6,4,4,1,1.5,31.3
574.3,19.4,3,7,0,4,5,3,5.3,31.9
410.7,17.9,4,3,2,2,5,8,3.1,33.0
1429.3,2.2,3,3,5,3,2,10,7.3,24.8
863.8,19.6,2,9,5,4,8,20,5.9,28.9
89.4,3.4,3,5,0,1,2,25,3.1,28.5
1240.0,1.3,4,18,6,2,9,7,5.7,25.9
,15.1,3,3,6,4,10,18,8.0,27.3
1189.8,18.2,3,4,6,1,3,7,9.8,35.9
1072.5,19.0,3,14,4,2,4,25,3.0,29.3
1454.8,16.6,1,10,3,4,1,16,1.5,30.6
,4.5,2,4,1,3,4,2,6.1,25.4
,3.5,2,1,0,2,3,3,3.8,27.7
1161.4,1.6,3,2,5,1,7,11,7.7,26.8
509.4,11.8,4,6,5,1,8,12,7.9,31.4
962.3,10.0,2,6,5,4,1,6,2.7,26.0
916.7,2.6,1,13,4,3,2,3,5.0,25.5
,9.6,3,16,3,4,7,24,1.2,25.0
,11.6,4,3,1,1,5,18,7.5,33.8
133.8,14.6,3,10,0,2,9,23,5.9,28.3
235.5,8.6,3,11,1,1,8,8,9.8,30.4
423.6,,3,3,2,1,8,15,4.0,27.8
,13.5,3,11,2,1,10,16,6.9,28.6
802.0,13.8,4,1,3,3,5,8,6.2,31.3
1205.5,5.8,2,7,5,1,7,17,6.0,28.9
1265.6,0.9,4,17,5,1,2,14,4.8,28.9
1115.7,18.9,3,5,5,4,1,22,4.4,33.1
617.5,15.2,3,16,2,2,3,22,3.1,26.3
1302.6,4.4,1,2,6,3,3,24,7.2,27.8
1126.0,11.5,4,11,6,3,3,15,7.3,32.2
1127.6,12.1,3,21,2,2,7,2,7.0,28.0
1357.3,3.0,3,12,1,1,4,20,9.8,30.3
918.1,4.2,3,19,6,2,8,11,3.9,23.0
,19.2,2,5,6,4,2,18,2.5,30.5
1340.7,10.4,2,4,3,3,4,17,1.5,24.7
709.0,4.2,1,11,0,3,6,3,2.2,24.3
1226.8,16.1,2,5,4,3,10,5,3.4,25.9
128.1,9.7,3,17,5,2,4,19,1.5,25.0
51.9,12.9,3,8,3,2,6,14,9.5,29.4
816.0,6.3,3,18,0,2,5,6,3.9,26.7
156.7,1.6,3,0,5,3,1,22,9.4,28.6
1466.0,3.7,1,8,5,4,3,22,4.4,29.1
58.0,19.5,3,5,6,1,3,6,5.9,35.7
1091.3,12.7,3,16,6,2,5,8,6.4,29.3
402.9,16.7,3,4,3,2,2,5,4.6,32.0
1453.0,0.9,2,11,2,4,8,15,4.2,23.3
603.2,15.4,4,8,1,1,5,20,7.0,34.7
89.6,10.0,3,17,0,1,1,8,9.1,35.8
89.1,13.5,4,8,5,3,4,1,7.7,33.5
852.4,7.5,3,16,6,2,6,1,5.0,25.9
1480.7,12.6,3,2,4,1,3,7,8.1,34.4
1470.7,1.2,4,18,6,3,7,20,6.7,26.5
539.0,1.4,4,15,2,4,8,10,5.6,25.3
749.9,16.1,4,3,5,1,7,18,9.0,35.9
195.7,2.9,4,2,2,3,7,23,5.5,25.7
807.2,0.8,4,7,2,2,10,24,5.0,21.7
919.6,18.3,3,23,4,1,6,8,7.0,32.1
414.0,5.7,2,6,0,3,8,15,4.9,25.2
937.6,11.9,3,11,2,4,4,19,3.6,26.6
1354.6,16.9,3,10,2,2,8,5,5.6,30.3
51.4,15.0,3,7,3,1,6,18,9.4,34.9
382.0,1.4,3,11,5,1,9,5,5.5,23.9
354.4,11.4,3,4,1,3,1,15,9.9,32.5
229.6,11.1,4,16,1,2,10,10,8.4,30.5
290.8,7.3,3,3,4,3,3,10,5.4,26.9
957.6,15.2,1,13,0,1,9,9,4.0,33.8
,19.3,3,7,6,3,4,13,6.8,32.1
1120.9,3.4,3,13,6,1,7,11,9.6,29.2
1336.2,3.3,2,13,2,1,4,7,4.7,27.4
1393.6,14.8,3,15,4,1,9,6,2.9,29.2
1007.3,9.4,4,14,3,4,8,13,2.2,26.8
336.2,16.0,2,6,4,4,4,25,5.7,31.3
173.7,3.3,3,14,1,2,2,17,5.0,26.5
,1.3,3,5,6,1,10,3,5.6,26.4
1444.8,14.1,3,9,6,4,10,2,5.4,27.8
1445.4,19.9,3,5,3,1,2,19,6.2,35.6
603.8,2.3,3,12,6,2,4,14,3.8,22.2
522.4,17.4,3,18,2,4,3,15,5.3,33.0
789.5,8.0,4,14,5,2,3,10,4.8,29.6
472.9,0.8,2,2,6,4,2,14,5.7,24.3
,10.4,3,1,4,2,8,15,5.0,28.0
370.8,5.9,3,7,6,2,8,16,6.9,27.3
585.3,14.0,2,14,1,2,7,24,7.4,29.0
672.6,6.1,4,6,0,4,5,23,4.6,29.6
231.3,9.9,3,23,3,2,10,21,7.6,28.1
605.1,4.4,1,14,2,4,8,17,9.2,28.2
1292.3,16.6,1,21,4,4,1,18,7.9,31.5
253.5,,1,22,2,3,6,7,8.0,32.2
896.8,8.4,3,2,6,2,2,22,7.6,28.8
639.6,9.3,3,21,0,3,5,7,4.5,25.9
297.3,19.7,3,1,6,2,4,4,9.6,33.4
67.9,3.3,3,2,1,3,9,21,2.7,22.4
446.3,16.3,3,12,2,3,9,11,3.6,25.4
139.7,11.6,4,12,0,4,5,12,2.9,31.0
596.3,17.7,4,15,4,4,8,16,5.4,31.8
,6.2,2,0,4,2,7,18,7.7,25.7
,6.3,3,2,6,4,6,2,3.3,25.1
1423.7,6.9,4,19,0,4,9,10,9.6,30.4
669.2,0.8,3,14,3,2,7,20,6.9,26.1
1076.3,3.8,1,8,6,1,3,19,9.4,32.4
1014.7,19.9,2,4,0,2,4,16,6.5,33.3
364.7,5.4,4,5,4,3,5,11,6.3,28.0
490.2,0.9,3,7,1,1,9,9,9.7,27.9
,5.9,3,11,2,4,2,13,9.5,31.4
1205.2,8.5,4,19,5,4,5,5,7.2,30.7
,11.2,2,10,5,1,6,24,2.0,27.5
380.2,1.8,4,10,0,2,10,5,2.1,23.7
1490.5,15.9,3,22,4,2,8,13,1.3,27.1
217.6,16.6,3,2,2,4,3,19,2.3,27.5
1436.0,4.7,2,0,5,4,1,6,5.9,27.8
1223.1,16.1,2,23,5,3,2,25,5.0,29.2
1266.4,7.5,3,22,6,3,1,14,7.2,28.6
1202.6,8.8,2,9,0,4,5,4,9.0,27.3
,18.8,1,5,5,3,8,1,4.4,27.6
967.2,17.9,2,2,6,3,7,8,8.8,30.2
,7.8,3,3,5,4,8,7,9.1,27.9
1131.2,10.0,4,21,2,3,6,2,7.1,28.8
443.8,6.1,1,17,5,1,5,16,8.5,29.8
312.6,10.6,1,20,0,2,9,13,9.3,30.4
525.8,13.8,3,12,2,3,4,2,5.1,28.2
745.8,2.3,3,15,5,4,6,21,5.5,25.4
882.0,18.4,3,21,4,3,3,12,5.6,28.7
1263.6,14.5,4,8,1,2,4,15,5.1,31.7
1165.1,2.4,2,13,3,1,1,15,9.5,32.7
1030.4,17.4,3,6,0,4,7,21,1.8,27.2
432.1,,4,12,6,1,6,6,4.3,33.2
744.4,6.6,3,5,3,1,4,2,9.2,32.7
536.4,,3,4,3,3,7,6,8.0,29.4
390.6,17.3,4,8,2,3,2,18,3.6,30.8
64.9,19.4,2,22,1,3,9,17,7.0,28.7
542.2,6.0,2,6,2,2,1,8,1.0,26.5
421.4,13.2,1,15,3,3,6,25,5.8,28.8
879.3,17.3,4,13,2,2,3,18,9.3,35.5
,19.8,4,14,2,2,2,8,6.6,35.6
442.3,1.9,2,3,3,1,2,25,9.2,29.6
114.9,10.3,3,18,3,3,4,6,1.7,26.7
980.1,17.5,3,18,2,3,7,1,5.8,31.1
873.9,,1,2,4,2,8,25,7.2,23.9
539.3,9.0,4,9,1,3,10,11,1.3,26.4
263.6,11.9,3,20,6,1,7,21,8.8,31.6
1439.0,10.8,4,5,4,3,5,22,3.3,26.5
,14.8,3,12,1,3,8,24,8.8,27.6
,1.8,2,19,4,3,9,19,3.5,20.9
,15.8,3,19,6,3,5,2,9.8,32.6
1219.5,6.0,3,9,5,4,5,14,9.0,26.8
1349.8,16.6,2,17,5,4,1,24,8.7,30.2
604.9,8.7,2,22,1,2,1,20,7.2,28.7
1050.5,1.3,4,10,1,2,9,21,4.6,24.6
383.3,19.3,3,23,3,3,9,20,5.1,29.6
995.2,15.7,3,18,1,4,4,8,6.3,30.9
628.8,7.3,2,15,0,1,10,20,3.4,27.3
59.8,5.8,3,17,6,4,1,16,3.3,25.8
1435.5,12.0,3,4,2,2,10,15,5.4,25.3
1309.2,19.8,2,0,5,2,6,5,5.8,32.9
471.7,6.2,2,19,5,2,6,3,8.2,27.1
1496.7,19.0,3,17,1,3,8,11,7.7,30.9
509.8,6.9,3,22,1,2,3,7,6.6,27.6
715.3,14.2,2,12,4,4,5,16,6.9,30.6
,7.9,4,9,4,2,3,8,8.8,32.3
,2.2,2,20,1,2,7,3,1.5,23.0
,18.8,4,22,1,1,5,1,6.1,37.1
1015.1,3.7,2,19,4,3,5,25,1.5,21.8
239.2,18.9,3,19,1,4,8,3,2.0,26.5
662.4,2.5,3,4,1,3,9,24,5.3,22.7
,5.7,3,20,2,4,9,15,4.5,25.8
1031.3,18.5,4,0,2,2,8,22,7.6,32.9
247.2,13.3,1,18,2,3,2,23,8.4,30.7
,4.2,1,4,2,4,8,4,8.1,28.0
1081.5,12.0,1,0,3,3,8,14,6.2,29.2
276.5,,3,17,3,1,1,17,1.1,26.6
,17.6,4,8,0,4,2,16,1.2,29.7
1083.7,1.5,1,20,1,1,6,23,2.7,26.5
1159.9,10.8,3,6,3,1,4,5,3.4,30.5
187.6,1.7,3,16,5,1,8,4,5.1,26.8
1285.4,14.1,4,15,0,3,8,21,4.4,28.3
1099.8,18.7,3,19,5,4,3,17,2.4,30.1
,16.7,4,20,0,3,1,23,1.9,30.3
1157.5,,3,14,4,2,3,6,1.2,25.1
1106.0,5.1,4,8,1,2,10,2,1.6,25.2
921.3,2.9,3,12,6,3,10,18,1.0,20.5
859.8,17.5,2,14,4,1,6,19,1.3,30.6
1115.3,2.1,4,23,5,1,9,17,5.0,27.7
1498.9,12.8,3,4,5,2,6,2,7.1,29.9
888.9,7.7,2,1,0,2,10,22,4.8,25.2
,19.9,3,11,5,3,2,7,3.4,31.0
1129.2,10.4,4,10,0,3,5,13,6.5,30.4
1290.9,11.2,3,21,3,1,2,1,6.7,34.2
1434.1,18.4,2,6,4,1,2,19,7.4,35.6
330.0,19.4,4,3,6,1,2,21,3.6,38.1
,11.9,3,2,5,2,1,5,9.6,33.2
,16.0,1,21,4,3,10,2,2.5,28.7
701.5,12.9,1,14,6,2,8,17,9.7,29.5
877.5,8.8,1,23,0,1,5,14,6.7,32.5
1207.2,1.6,3,6,0,1,9,22,3.5,25.8
1401.0,14.5,2,1,1,3,6,8,2.8,26.8
655.3,14.2,1,11,1,2,5,19,3.1,26.5
1091.0,2.8,3,4,3,4,5,22,6.8,22.7
335.4,5.0,4,3,5,3,5,22,9.6,28.8
825.1,14.8,3,21,2,2,5,3,8.8,30.8
,3.4,3,9,6,1,9,16,9.8,27.0
,14.0,3,1,4,3,10,9,3.9,26.5
840.7,14.5,1,4,3,2,2,14,4.5,29.5
1116.4,7.4,4,8,5,3,8,17,7.7,26.4
991.8,5.5,2,21,3,2,1,23,3.3,28.3
569.7,7.8,1,15,0,1,8,12,4.0,29.7
58.3,7.5,3,12,5,4,10,9,3.6,24.1
,12.3,1,13,0,1,8,5,4.7,29.6
1460.9,15.0,2,19,3,3,6,19,7.9,28.1
1387.4,17.3,3,4,1,1,10,9,1.1,28.5
521.4,1.1,3,11,5,4,8,18,1.2,20.7
425.3,14.7,1,9,4,2,8,7,1.0,27.3
682.8,6.6,3,1,6,3,10,21,6.8,23.0
,,3,13,6,1,6,17,4.3,30.5
567.4,2.0,4,16,1,4,9,13,5.2,24.0
147.6,11.2,2,15,1,1,9,25,5.2,26.4
634.1,11.2,4,1,1,1,5,13,2.8,30.0
427.9,6.9,3,9,1,2,8,14,8.1,26.3
521.1,19.4,3,9,6,3,7,1,2.7,28.1
,2.6,2,3,0,2,10,17,7.2,24.9
1005.3,,3,13,2,2,7,24,7.7,25.9
813.6,,2,12,1,1,8,15,3.3,30.0
442.8,10.5,3,18,0,3,10,10,7.4,26.1
853.1,5.7,3,18,5,2,1,17,3.0,26.8
764.4,6.4,2,21,3,4,2,14,5.7,24.9
1204.2,3.6,2,10,6,2,4,6,7.5,27.8
1436.2,,4,4,4,3,7,5,2.3,29.9
239.5,11.6,3,12,3,2,5,23,7.1,29.8
1331.7,5.3,3,15,1,1,9,16,2.2,22.4
1072.0,8.2,4,7,4,3,1,23,1.6,28.5
1054.2,18.2,2,11,5,3,4,9,4.1,27.4
,17.8,3,22,0,4,2,24,3.0,31.0
548.7,1.8,3,18,1,3,8,15,2.3,20.3
58.2,13.3,2,14,2,3,3,22,3.3,27.5
1474.2,3.5,2,22,0,1,3,19,7.9,29.4
,,4,0,0,4,7,24,8.7,30.1
633.4,17.4,1,12,1,1,1,16,9.4,37.2
838.5,18.0,2,6,2,3,10,20,9.6,31.7
108.8,2.1,3,6,3,3,1,1,6.7,25.4
301.8,17.5,3,18,5,4,4,14,7.2,30.2
953.9,14.7,3,19,5,2,6,21,3.7,27.1
795.7,15.6,2,11,2,2,1,21,9.1,33.1
1191.3,15.9,3,12,3,1,1,15,4.1,33.5
1005.2,10.4,3,14,0,2,10,24,7.6,25.4
922.1,19.0,3,21,5,4,6,6,8.1,31.1
1232.1,4.4,4,0,1,1,1,20,9.8,34.2
149.0,10.3,2,13,0,4,4,9,1.3,27.7
1051.8,6.7,3,1,4,1,4,7,3.3,27.7
1087.6,16.5,3,22,2,2,1,21,5.2,29.0
449.0,2.1,3,5,2,2,6,21,8.2,26.9
333.7,,3,0,3,4,3,24,7.5,26.4
360.1,15.6,1,19,4,3,7,11,1.7,28.1
337.3,6.6,3,17,5,4,8,21,8.7,24.3
809.5,5.2,3,21,4,4,5,20,4.7,25.2
246.7,5.6,3,8,4,3,4,23,8.7,26.3
1006.0,14.4,2,6,5,3,7,8,9.0,28.7
,6.1,1,16,5,3,8,13,9.3,29.3
89.0,8.4,2,22,1,3,4,18,8.1,27.5
513.0,11.1,2,22,2,4,9,11,7.8,27.9
328.2,18.8,2,9,3,2,3,25,5.6,30.7
1483.6,16.0,2,15,6,3,8,21,6.0,26.9
489.3,4.1,1,19,4,2,4,1,5.6,29.9
372.0,17.7,2,17,5,2,7,10,5.6,29.5
335.3,17.0,4,14,5,2,10,14,2.9,32.1
592.1,15.0,3,3,6,1,8,18,4.0,29.1
928.5,10.6,2,15,3,4,4,14,2.6,26.8
,1.9,3,4,1,2,6,16,7.5,24.9
578.6,14.4,3,10,2,3,3,15,4.8,27.5
957.7,10.6,1,13,0,1,5,4,3.2,30.6
749.0,6.5,3,0,4,3,7,9,8.2,28.4
,0.7,2,10,4,1,1,8,9.1,31.7
875.1,5.0,3,7,1,3,4,10,1.0,23.2
470.3,12.3,2,2,3,2,10,6,8.9,27.4
1070.2,2.7,3,15,5,1,10,24,1.2,24.0
1239.1,13.3,2,17,5,2,9,4,7.4,28.4
724.9,16.5,2,21,5,1,8,9,8.9,32.3
1481.4,6.7,3,16,0,1,7,11,3.1,28.1
1324.7,2.1,2,4,2,4,6,16,9.5,25.0
335.6,3.2,3,2,4,4,7,5,7.5,26.2
1190.8,7.5,1,19,0,4,3,18,9.9,31.2
,16.4,3,1,1,1,6,2,2.8,32.1
825.5,12.9,3,9,6,3,6,2,2.2,24.7
795.2,17.4,4,9,3,3,1,6,7.0,36.1
1287.4,19.9,3,4,4,2,3,6,5.6,32.4
,4.5,4,15,1,3,4,16,8.3,28.9
829.7,14.0,2,18,4,2,7,21,4.9,26.3
120.8,9.6,3,21,6,4,4,21,1.0,24.3
,10.1,3,11,6,1,3,5,5.4,30.7
1366.7,6.8,3,10,1,2,8,12,7.0,26.4
1082.0,7.2,3,4,1,4,6,5,3.8,26.3
123.9,13.7,4,2,4,1,7,16,5.5,32.8
1331.8,12.6,3,20,6,4,4,7,6.4,31.3
,6.7,2,20,0,3,4,17,7.5,26.2
842.7,2.8,3,23,1,4,6,20,3.1,23.6
82.5,11.8,2,2,1,3,4,17,3.4,27.8
865.5,14.9,3,10,5,4,10,1,7.2,28.6
129.2,11.4,3,15,3,4,9,25,4.2,24.2
514.5,0.6,2,21,5,4,10,12,7.8,23.6
961.9,6.0,1,9,0,1,8,16,3.4,29.0
1373.7,15.7,4,3,0,4,1,18,7.8,34.4
,15.0,1,21,3,2,9,14,2.4,28.7
1297.0,0.7,2,1,2,4,3,24,5.1,22.8
1381.6,9.7,2,16,1,1,4,22,2.7,26.7
80.5,9.0,3,8,1,1,5,17,5.6,30.4
397.2,13.2,2,0,5,3,5,16,7.3,29.0
1079.3,,3,12,0,1,9,9,5.7,25.7
1147.4,12.6,2,8,6,2,6,12,2.4,25.4
619.0,19.0,2,10,1,2,6,1,9.3,32.7
1002.3,7.7,2,4,5,1,2,19,1.0,27.7
937.6,7.1,2,16,4,3,8,4,7.6,24.7
1122.7,1.1,3,6,0,3,4,6,7.5,25.1
1092.1,1.6,2,3,5,3,7,15,9.1,23.1
174.5,18.7,3,9,3,2,5,17,8.8,31.5
279.5,19.5,3,4,2,1,7,1,2.4,30.3
242.5,0.6,2,12,0,1,7,20,9.5,27.9
1402.1,18.1,2,12,0,2,6,4,2.4,28.3
1374.6,3.9,3,19,2,1,5,16,6.1,29.9
1206.2,11.4,3,23,2,3,8,20,2.4,24.8
219.2,13.7,3,2,5,4,2,5,4.4,28.1
882.7,7.5,4,0,3,2,10,10,8.1,30.3
321.5,10.8,1,10,0,3,5,13,9.4,29.9
584.2,12.7,3,1,6,4,10,14,3.9,27.2
437.3,4.3,3,20,1,2,6,21,4.9,23.2
1251.9,19.9,2,19,4,1,2,24,8.2,36.2
259.5,4.5,3,10,5,2,7,11,6.4,28.2
987.0,0.7,3,23,4,1,6,15,9.1,29.1
,18.9,3,12,2,4,9,24,4.0,27.7
1046.2,8.9,3,13,0,4,9,16,2.7,26.0
164.9,8.3,1,18,1,1,3,2,5.9,31.2
1366.4,5.9,3,13,3,2,8,8,5.2,26.0
982.5,1.0,3,17,6,1,6,17,8.9,31.0
,5.7,3,5,0,4,5,25,1.8,23.2
1006.6,8.2,3,12,1,4,5,6,1.4,25.9
1324.6,10.6,3,19,2,2,7,6,2.6,28.5
,9.4,3,23,5,3,7,17,7.0,27.7
,17.6,1,4,6,3,9,3,3.9,29.8
706.0,18.3,3,0,1,4,9,24,1.9,24.8
155.3,6.7,3,14,4,4,3,23,9.0,27.3
,19.2,1,1,6,3,5,15,7.9,33.3
233.3,17.4,2,16,6,2,10,9,9.0,30.3
622.1,18.6,1,10,5,3,9,11,2.0,27.4
610.9,14.3,3,19,5,3,5,14,3.8,28.7
456.1,4.4,1,3,1,3,1,22,6.6,28.1
633.6,4.3,4,1,2,1,3,19,1.7,28.2
946.1,18.2,4,5,6,1,10,12,9.9,37.2
501.5,,4,1,4,3,8,16,9.9,29.4
300.1,17.9,2,3,0,4,8,15,5.7,27.7
1310.6,14.6,3,18,0,4,8,3,9.9,31.4
1457.7,4.6,4,16,6,3,2,8,9.4,28.9
714.9,8.0,3,14,0,4,6,6,6.5,26.0
524.2,19.4,2,10,4,1,7,14,1.8,29.8
118.8,0.9,4,5,2,4,1,25,2.1,26.2
,14.4,3,20,1,1,6,18,3.7,31.3
619.7,19.6,3,21,0,2,3,17,8.4,32.6
1398.9,2.5,4,6,3,2,10,13,5.9,24.8
1109.5,5.8,4,21,5,1,3,9,8.5,32.1
556.4,11.2,3,14,0,2,4,6,7.4,27.8
1453.7,17.0,2,8,4,3,9,23,8.3,29.8
671.7,10.4,3,5,4,1,7,1,3.4,28.1
451.3,1.7,3,14,5,1,10,23,7.3,26.5
668.2,3.0,3,0,4,2,6,6,1.7,21.1
,7.8,3,7,0,1,2,21,7.2,32.4
1334.2,6.8,3,16,2,4,3,22,5.4,26.7
,4.8,3,11,6,2,2,23,4.0,23.7
1004.1,16.9,4,3,5,3,9,24,7.3,30.1
614.1,1.0,4,3,2,3,1,13,1.1,25.2
1357.5,16.7,3,16,6,2,8,15,7.9,29.2
981.5,18.5,3,20,0,2,5,1,5.8,31.7
758.0,12.8,3,16,3,1,6,21,4.9,31.8
241.6,12.7,3,3,5,4,9,15,5.8,28.6
1357.8,3.4,1,16,4,4,10,2,3.4,24.4
842.9,11.6,3,6,1,3,3,9,6.6,30.3
463.3,7.8,3,14,1,3,10,22,3.1,23.1
1323.0,5.0,3,14,5,4,10,10,9.3,26.3
128.9,11.9,4,21,6,1,9,8,8.0,33.5
505.4,0.5,4,19,5,3,2,7,9.0,28.8
,5.9,4,1,6,4,2,5,7.4,31.4
542.7,,4,0,6,4,1,14,1.7,29.5
741.3,9.4,3,22,6,2,9,7,5.7,28.0
433.3,3.3,4,7,5,3,10,15,7.3,27.7
238.6,0.5,4,1,5,2,4,13,6.6,30.7
103.4,5.8,3,4,5,1,6,17,7.2,27.0
278.6,11.2,2,11,2,2,6,15,5.8,27.9
1431.8,10.9,2,21,3,2,4,2,6.7,28.4
,3.1,3,22,1,4,10,1,6.0,25.3
759.0,12.5,3,15,3,2,10,8,1.7,26.8
607.3,20.0,3,6,3,4,3,9,6.3,32.4
1077.2,11.9,3,17,0,4,6,12,5.2,27.6
254.8,10.8,3,20,0,3,2,18,5.5,27.1
450.4,12.6,2,9,6,2,1,25,1.7,27.2
1001.1,17.7,1,14,3,2,9,19,9.1,32.4
,18.9,3,11,0,4,9,10,8.6,31.7
1166.6,1.3,2,20,2,2,1,6,1.5,25.9
1350.8,4.5,4,14,6,2,6,9,9.1,29.7
1243.9,2.8,4,1,5,2,2,7,8.6,31.5
317.1,15.6,3,20,5,2,6,15,8.0,29.5
182.6,1.4,3,13,4,2,4,17,9.4,25.3
295.7,18.1,4,10,4,1,6,7,6.9,37.4
1186.1,0.9,4,4,1,4,8,16,2.1,24.8
1375.1,12.2,3,16,5,4,1,10,2.4,27.6
,5.9,4,0,5,3,5,13,1.6,24.7
482.4,,3,4,1,4,4,6,4.8,27.3
1268.5,,1,16,2,2,4,14,2.5,27.6
827.5,15.1,3,6,5,3,10,3,1.3,25.5
1243.0,10.2,3,17,1,4,10,13,5.7,24.7
845.1,8.7,4,6,4,1,7,12,3.8,29.3
261.5,14.7,1,17,2,1,8,11,2.8,31.1
,18.6,3,16,2,4,4,23,7.3,32.2
1438.0,16.0,3,17,1,1,7,20,6.2,30.8
667.4,14.9,4,17,5,4,5,15,6.0,30.4
558.3,10.0,3,19,2,2,4,23,4.2,27.0
566.6,18.1,2,8,3,3,8,17,7.8,27.0
599.5,10.0,4,11,1,4,9,16,2.4,26.9
1420.2,18.6,3,1,1,3,4,13,5.0,30.5
140.9,16.2,4,8,0,1,3,7,4.5,34.9
222.6,3.4,4,11,6,3,5,8,8.2,26.6
1195.0,1.4,1,18,2,1,10,25,2.7,26.8
846.6,14.9,4,21,4,4,8,17,9.9,33.1
236.4,13.9,3,15,3,2,3,3,2.4,28.8
100.0,12.2,4,3,2,4,7,6,5.0,31.5
375.1,19.5,2,4,5,4,9,24,6.5,29.7
428.2,11.1,3,12,6,2,4,6,4.8,28.0
70.6,7.3,2,10,1,2,10,14,8.9,28.4
363.3,11.5,1,22,0,4,10,9,6.8,27.8
1120.6,1.1,4,4,2,3,3,18,7.1,28.4
1290.4,11.8,2,13,0,3,7,22,8.9,26.7
1352.4,18.1,1,18,0,4,3,11,2.2,29.9
615.4,0.6,4,10,5,2,7,1,5.0,26.9
513.1,17.0,3,5,0,3,1,9,4.6,31.8
1499.8,16.1,3,3,0,2,7,1,7.8,31.1
1165.5,2.6,4,14,2,1,4,6,8.6,30.6
829.2,17.0,3,15,3,2,6,10,5.0,30.6
,15.4,1,17,3,1,6,3,2.1,30.8
515.9,10.1,3,20,5,4,10,1,7.9,28.7
,5.3,3,23,5,2,1,8,8.0,29.1
836.0,6.1,2,4,0,4,6,1,3.5,23.7
69.8,12.4,3,10,5,4,2,7,2.5,28.6
1441.1,5.3,3,7,0,2,7,3,2.3,22.8
884.6,6.8,1,20,6,4,5,14,1.9,27.6
904.3,18.7,2,2,2,1,2,20,3.6,31.1
356.6,14.7,4,15,6,1,2,22,7.4,35.7
1159.2,14.9,2,7,6,4,2,16,3.6,28.1
1119.0,19.1,2,0,0,2,8,3,8.5,33.6
188.0,0.6,4,14,2,1,10,2,4.0,25.8
912.7,5.3,3,9,0,1,4,19,7.3,32.3
1004.4,13.3,4,16,6,4,4,19,2.9,29.7
1261.6,9.0,4,9,3,2,1,7,2.0,28.9
348.8,2.7,3,4,5,2,2,25,3.2,25.4
1322.6,,3,2,4,2,2,17,6.6,31.0
719.1,1.4,1,4,5,1,10,11,7.0,26.7
190.0,,2,10,4,4,4,16,6.6,27.9
203.2,11.5,2,6,0,1,8,1,4.8,29.4
336.8,,3,2,3,2,2,19,6.0,28.8
460.0,6.7,3,7,4,4,2,6,9.5,30.7
769.8,1.0,4,20,6,1,3,1,1.7,28.9
1135.7,17.8,2,20,5,3,2,16,1.7,28.9
320.8,18.6,3,8,3,3,3,1,5.4,30.3
,9.9,1,12,5,3,3,1,8.2,31.1
284.2,0.9,2,4,6,4,5,5,8.9,25.7
919.1,,3,9,6,1,2,24,7.6,31.3
1397.0,6.7,3,14,6,2,6,25,3.0,23.9
1257.1,4.1,3,0,2,2,4,11,7.8,28.9
989.4,3.8,3,20,3,4,7,9,3.0,23.2
1087.5,4.0,3,21,0,2,6,11,1.1,22.6
244.6,7.0,4,22,0,2,10,16,2.4,26.3
64.0,6.0,3,5,5,2,7,15,9.7,27.6
679.5,16.8,3,21,2,3,7,8,7.4,28.4
179.8,10.2,2,2,3,3,9,7,2.3,22.8
568.7,8.8,3,21,2,3,2,13,3.8,27.3
374.4,3.3,3,3,6,3,9,8,8.9,23.7
,17.6,1,8,6,4,5,11,7.4,33.7
1326.1,1.6,3,22,5,4,7,1,3.2,23.0
1237.5,5.2,3,12,6,3,8,5,9.8,23.8
,12.6,2,5,3,4,3,25,6.2,29.9
273.4,14.2,4,8,1,2,6,9,5.9,32.7
120.1,16.1,1,7,4,1,3,11,6.3,35.3
,,4,22,0,4,2,5,7.6,31.4
981.3,7.3,3,9,2,4,9,22,3.4,23.7
585.7,6.1,2,2,5,1,8,7,1.2,25.5
735.4,11.6,1,3,1,2,2,8,6.9,30.4
759.3,7.3,3,13,3,2,2,11,5.3,28.0
397.9,6.9,3,0,5,3,1,21,8.3,27.7
505.5,0.8,3,5,5,2,4,20,9.3,25.9
656.7,19.0,3,14,4,3,3,5,6.5,30.4
924.6,1.7,2,20,2,3,8,5,6.4,23.9
1435.9,5.8,3,2,1,4,5,7,6.7,28.6
830.8,18.5,4,8,1,4,10,5,1.7,30.3
1110.2,14.8,3,9,5,2,6,13,4.3,26.9
1220.2,11.8,4,20,1,3,9,7,6.9,29.6
214.6,13.4,3,18,4,3,1,2,5.7,30.2
997.0,2.4,3,22,0,2,10,20,8.1,25.4
749.1,16.3,3,14,2,4,4,9,2.1,29.3
880.0,5.4,1,4,2,1,4,7,6.7,31.1
105.7,19.1,1,22,5,4,6,4,8.6,37.0
,5.0,3,18,0,4,5,21,7.0,25.0
1431.5,12.7,4,15,3,2,4,16,1.7,31.2
55.0,11.1,3,8,3,2,2,9,7.0,30.6
358.5,3.3,1,19,2,1,5,21,8.7,33.1
311.3,7.6,1,9,5,1,5,8,2.3,27.5
1182.9,15.7,3,7,6,1,2,7,6.6,35.8
917.2,4.6,3,6,0,4,8,10,5.4,27.0
,19.3,2,15,6,4,2,1,3.0,30.9
1230.3,6.3,1,14,6,4,1,12,5.0,27.6
562.5,12.7,3,5,5,2,4,19,4.8,30.9
,12.6,1,8,0,2,4,11,6.1,29.5
611.6,9.7,3,5,2,4,3,15,7.7,30.5
,13.3,3,17,4,3,10,10,1.9,26.5
746.2,15.0,1,8,1,1,6,21,2.8,31.0
448.1,12.6,3,18,1,4,2,25,6.8,29.5
665.6,11.4,1,5,3,1,6,14,2.1,32.0
,12.3,2,9,5,1,3,18,6.9,31.8
,8.3,4,0,1,4,10,16,6.9,28.0
1378.8,1.9,3,0,0,4,10,23,4.0,19.0
847.7,3.6,1,0,6,3,6,23,9.9,28.5
1164.8,12.3,1,1,2,2,4,23,5.3,29.1
475.7,18.6,2,22,0,1,2,2,9.7,37.6
,1.0,4,6,6,2,9,11,2.6,24.3
,11.1,3,12,1,3,1,13,9.4,31.9
78.3,5.4,3,22,0,1,3,20,6.2,30.9
283.1,11.5,2,11,4,3,6,15,9.9,27.9
,15.1,4,9,5,1,3,12,6.4,35.0
1423.2,14.8,4,17,0,2,8,14,9.4,33.6
1500.0,14.6,2,17,5,1,2,15,4.1,33.6
,15.7,3,2,2,1,9,16,6.7,31.6
206.8,1.9,3,22,2,2,1,19,1.3,24.0
1353.5,10.4,3,2,4,3,4,11,6.2,28.0
1128.5,5.6,3,8,0,4,5,15,4.4,24.5
,18.5,2,22,1,1,10,4,8.4,33.0
,15.8,3,13,5,3,8,13,5.5,27.6
1009.6,2.6,3,13,6,4,10,10,5.7,25.1
84.9,5.2,3,20,6,2,6,1,9.8,30.5
777.2,9.4,3,10,5,4,10,6,9.0,27.0
1112.0,19.3,1,14,0,2,5,25,9.4,34.5
,2.6,3,13,2,1,1,14,2.5,27.6
693.5,11.6,4,2,5,2,3,1,8.9,33.0
822.2,7.2,3,7,4,2,4,23,4.9,25.2
1116.6,13.1,4,18,5,3,7,4,8.7,31.9
1448.5,13.1,3,7,2,1,3,16,5.6,31.1
1280.0,5.2,3,21,4,3,3,2,7.0,27.3
951.2,15.8,3,23,5,4,7,21,3.3,26.5
896.3,2.3,2,18,5,2,1,16,2.8,23.4
924.6,16.5,4,0,5,1,9,22,6.0,35.0
840.5,4.6,3,18,0,3,10,8,2.3,22.2
136.1,12.0,4,23,1,3,9,23,6.6,29.1
1062.5,7.3,3,18,3,2,10,23,1.3,22.2
1088.7,12.4,3,15,4,4,2,12,2.8,29.1
793.1,5.7,1,14,6,4,3,15,3.5,26.7
1312.1,11.6,3,11,2,1,9,10,2.5,29.1
1025.0,,3,5,5,3,3,20,2.1,21.6
575.9,7.8,4,11,4,3,8,17,7.9,27.3
78.6,16.6,4,21,1,1,6,4,4.8,33.9
135.8,9.5,3,2,1,1,3,11,3.3,30.1
560.1,10.2,3,3,4,1,5,11,3.7,28.3
720.1,,1,20,2,2,5,11,8.1,33.4
292.0,9.0,3,19,1,2,9,16,3.0,23.2
,17.4,4,12,1,3,6,7,7.9,32.8
383.8,8.4,3,8,1,4,5,5,7.6,30.0
1181.7,18.9,3,2,0,2,7,12,1.6,28.7
1168.4,17.6,4,16,1,4,2,10,9.2,35.3
,8.7,1,12,6,3,4,23,6.1,29.1
299.9,7.6,4,19,1,4,6,19,8.5,29.2
,13.7,3,8,2,2,7,7,3.9,27.5
176.3,15.2,1,19,3,3,2,18,7.2,29.4
,4.1,3,22,4,4,4,16,6.4,27.4
,5.2,1,3,2,4,5,23,3.4,26.5
533.8,3.4,3,18,5,2,1,19,8.7,28.7
1444.2,,2,14,5,2,6,14,8.3,30.8
785.9,14.4,2,9,3,1,9,7,7.0,31.7
,4.2,3,5,6,3,10,6,8.8,25.3
237.4,11.0,3,3,2,3,7,10,3.0,25.7
438.7,15.4,1,2,3,2,3,22,7.4,32.2
1422.5,19.0,4,6,4,1,8,23,3.6,32.5
606.2,4.0,2,12,1,4,7,25,9.5,23.8
990.2,6.4,3,12,0,4,1,25,6.1,30.0
1465.4,7.3,3,23,6,4,1,13,8.6,28.8
848.6,12.7,1,17,0,2,10,16,2.6,26.6
492.8,3.2,4,23,0,3,9,3,3.9,26.6
821.3,4.3,3,18,0,4,5,4,7.9,27.7
129.2,15.7,2,13,3,4,4,7,4.2,27.9
212.9,11.1,3,19,1,2,1,5,1.8,26.4
,3.6,3,18,1,4,3,19,6.9,27.6
,8.1,1,19,6,3,1,22,2.0,27.1
1023.4,3.1,2,5,6,1,2,1,6.0,28.8
482.6,7.6,3,17,6,1,9,18,8.5,29.4
370.7,8.3,3,5,2,2,8,8,6.3,26.9
1040.5,2.7,2,7,0,4,8,13,5.5,24.6
1383.3,1.7,3,16,6,3,1,10,3.1,24.4
483.8,17.7,2,12,3,3,4,4,2.5,28.1
516.3,17.8,2,18,6,3,7,20,1.2,27.3
1288.6,0.6,3,17,1,4,6,8,8.2,26.4
1345.4,13.0,2,17,6,3,4,11,1.3,27.1
1375.4,2.3,2,3,2,2,5,15,8.7,27.5
475.1,16.3,2,2,5,2,8,14,4.6,29.4
,17.7,3,5,0,3,9,5,9.2,29.8
688.0,12.5,3,8,5,1,10,17,2.4,27.7
478.9,12.5,3,19,3,4,8,4,8.3,28.4
1331.6,7.7,3,1,6,4,3,20,8.8,29.1
103.1,5.4,3,12,1,2,10,17,4.8,23.1
969.1,10.2,1,18,1,3,7,9,9.8,30.3
1364.0,3.1,2,8,4,4,8,9,2.9,24.7
1466.2,13.6,2,7,5,3,4,5,2.0,26.9
992.7,9.7,4,4,6,1,6,12,9.7,33.8
1427.4,4.0,2,10,0,1,6,5,3.3,27.6
159.7,12.0,2,14,0,3,8,13,1.3,25.7
571.0,16.0,3,13,2,1,1,5,4.5,32.5
62.6,12.0,3,20,0,4,6,23,9.9,30.1
,10.8,4,0,2,2,3,3,8.6,33.4
,17.0,3,7,3,4,2,18,1.9,28.7
90.7,0.7,2,8,6,1,8,12,4.2,26.1
76.3,12.5,3,9,0,2,6,9,5.8,26.6
582.1,8.5,3,17,2,1,4,5,8.2,32.1
424.9,4.3,4,2,2,2,7,16,2.7,28.3
1278.1,19.6,3,6,3,1,1,20,1.8,33.3
282.7,8.4,3,1,2,2,10,17,7.6,26.6
1196.4,7.0,1,13,4,2,4,1,1.2,25.1
854.0,3.8,4,23,5,3,2,21,5.6,27.3
597.2,20.0,3,23,4,1,7,24,7.4,34.0
261.3,17.2,2,1,4,2,9,18,7.0,29.7
1496.7,1.9,3,2,0,3,10,1,5.6,21.4
946.1,11.5,3,13,6,2,8,13,8.0,28.9
687.1,3.4,2,6,3,3,9,9,6.3,22.8
588.1,14.5,3,5,1,4,4,17,8.4,30.2
1363.3,9.9,3,16,4,3,8,19,6.2,27.0
1240.7,2.7,2,7,3,4,1,23,4.9,25.4
1226.2,11.4,4,14,6,4,10,22,6.4,28.5
943.5,18.3,4,0,4,3,9,25,4.8,28.9
,7.2,2,23,6,2,7,3,2.9,24.4
484.0,1.5,3,2,6,2,10,3,5.2,22.9
,18.9,4,0,1,4,6,21,9.5,35.8
,3.3,3,10,2,4,4,18,6.3,25.8
920.0,9.8,4,21,1,1,6,19,7.6,34.6
1497.3,11.1,2,15,1,3,1,6,6.9,27.9
1477.6,5.1,3,11,4,2,10,12,5.2,26.0
793.3,4.0,3,6,6,4,6,17,4.7,24.6
882.1,2.7,2,5,3,2,1,16,2.8,24.6
1351.1,1.9,3,15,5,1,7,22,1.1,23.9
,10.4,1,12,5,4,6,10,8.8,33.3
1179.0,16.9,2,14,1,3,10,21,3.5,25.8
144.5,3.0,2,9,5,4,8,8,6.3,27.5
517.8,14.2,1,7,3,4,3,20,5.2,31.6
1350.0,8.5,1,4,0,2,1,1,2.0,27.0
1164.1,1.2,3,7,5,2,5,6,1.3,21.7
1126.2,11.0,2,5,6,4,9,1,9.5,29.6
1018.5,5.4,1,11,1,2,8,6,4.3,26.2
,12.3,2,6,1,1,9,14,3.8,28.5
634.7,7.3,4,19,5,3,9,22,1.8,24.2
,13.5,1,13,6,3,6,1,1.0,28.9
,18.4,3,7,1,4,9,15,7.5,30.6
1043.0,5.3,1,1,3,1,9,4,9.0,31.3
1103.0,18.8,1,2,4,2,2,5,3.3,32.3
1274.6,4.5,3,2,5,3,2,3,5.0,25.9
513.8,1.9,3,7,0,4,3,15,6.6,28.6
1125.7,4.3,3,7,1,1,10,16,2.5,25.8
204.4,,3,1,6,3,9,7,4.3,30.6
250.2,13.7,2,16,3,3,1,17,5.4,29.9
655.1,19.4,2,12,5,4,10,11,6.8,29.5
130.1,14.3,4,23,0,2,1,19,9.8,36.3
1424.2,8.5,2,21,0,1,8,14,5.5,28.7
1357.7,17.9,3,0,5,3,6,25,3.3,29.4
121.0,19.2,3,16,2,4,7,17,6.9,30.1
1265.6,15.9,2,23,6,1,8,25,2.0,27.3
787.9,11.4,2,19,3,3,9,23,1.1,23.5
1067.8,16.6,3,16,5,3,8,6,4.4,29.6
1336.1,4.0,3,3,3,4,6,9,1.6,22.8
886.6,18.1,4,21,4,2,6,9,5.3,33.5
218.7,20.0,2,19,4,4,10,16,3.9,28.0
53.7,13.5,4,12,0,1,8,15,9.0,35.9
770.5,4.3,2,22,5,3,7,12,2.6,22.3
1426.4,3.3,1,11,6,3,7,2,7.2,26.6
880.3,19.2,3,12,2,2,3,12,6.7,31.8
590.8,17.5,4,18,2,1,9,5,10.0,35.8
,15.1,3,17,4,4,8,24,6.1,26.2
1376.7,19.0,3,13,4,2,2,22,8.3,31.3
524.4,10.3,3,18,2,4,8,5,4.2,26.3
1071.9,17.8,4,21,1,2,10,11,1.6,30.1
,3.7,4,15,6,3,8,16,4.6,27.8
418.1,4.1,3,21,5,3,9,13,7.1,23.6
142.5,10.5,3,9,4,2,8,5,3.3,25.5
608.3,7.0,3,12,2,2,9,19,2.2,22.0
509.8,8.9,4,15,2,2,6,23,1.9,28.4
,16.1,3,13,2,1,4,21,5.8,33.2
1238.7,1.5,2,4,4,3,5,9,4.0,23.7
372.5,14.6,4,10,0,2,10,22,7.9,31.6
815.9,2.2,3,3,4,3,7,23,6.7,23.2
108.9,17.0,3,16,4,3,2,23,9.4,33.3
360.7,4.4,3,19,1,4,4,21,9.8,27.0
1154.6,14.8,2,16,1,4,1,8,1.0,28.0
,12.0,3,20,1,1,9,13,3.1,27.3
1175.8,8.0,2,15,6,1,4,17,3.2,28.4
256.5,5.7,4,9,6,4,1,21,8.9,30.4
849.0,1.6,3,1,5,1,10,3,2.2,23.8
662.9,7.4,4,0,4,3,9,2,4.8,25.8
1487.7,4.4,2,23,6,4,10,25,1.5,20.6
998.4,3.2,4,18,5,4,4,18,5.3,25.9
1406.0,14.9,3,8,2,2,5,7,1.3,28.0
260.8,4.6,3,22,2,2,6,25,7.5,25.0
703.8,4.9,4,5,4,2,8,10,5.7,29.7
1168.8,7.1,3,18,2,1,9,16,10.0,31.3
583.4,9.5,4,5,3,1,6,24,9.9,34.1
967.1,10.5,3,17,6,1,6,22,8.1,31.7
792.0,13.5,2,1,6,4,2,16,3.6,29.8
,12.0,3,16,4,2,2,14,2.0,26.9
302.1,9.9,4,10,2,3,7,8,2.4,27.0
1406.3,8.2,3,13,3,3,5,5,7.2,28.6
,5.7,3,0,2,1,2,3,2.2,29.7
728.6,14.3,2,8,2,4,2,1,3.6,28.7
816.5,6.7,3,3,2,2,7,13,1.8,26.9
434.8,17.1,4,14,3,3,9,9,1.5,27.1
1447.3,11.9,4,0,3,2,3,15,4.5,28.2
1371.7,12.9,2,21,4,2,6,13,4.7,30.1
1460.7,,2,4,6,1,3,17,2.7,30.3
1495.5,18.6,1,12,3,3,9,5,9.3,32.2
1021.2,8.7,1,23,1,4,7,5,6.5,29.7
704.9,8.8,4,9,1,1,4,4,3.6,31.2
,17.9,3,12,4,2,5,18,8.5,29.7
84.5,12.3,2,23,6,2,6,23,6.0,27.5
1259.9,9.3,3,1,2,3,9,10,5.0,24.3
771.1,5.6,3,13,0,3,5,4,7.8,25.5
1026.2,5.3,3,13,0,4,7,24,4.3,23.7
592.4,16.1,4,17,1,2,5,6,8.2,33.3
584.5,5.9,3,14,6,1,3,17,1.0,26.4
96.0,0.6,2,11,5,2,7,23,3.2,22.7
664.5,0.9,4,13,5,1,8,23,5.8,29.1
642.1,19.6,2,6,2,2,10,6,8.5,31.7
,11.4,4,8,6,2,1,1,7.7,30.5
408.6,10.0,3,22,2,2,10,11,9.4,27.0
897.0,18.4,4,15,2,3,8,23,3.3,28.6
,7.4,2,16,6,1,3,12,9.3,33.3
1253.9,16.0,3,3,5,2,4,22,2.0,27.0
,14.6,4,9,2,3,7,21,2.8,26.3
887.6,9.8,4,5,4,2,4,13,5.2,31.1
282.1,15.6,4,22,2,4,4,22,2.9,30.9
815.9,19.3,2,23,4,1,6,25,1.3,33.6
851.2,4.4,3,8,0,2,7,17,6.8,24.0
981.3,0.8,3,9,0,1,10,19,4.7,24.6
669.8,16.5,2,16,6,1,9,12,9.3,32.0
788.7,8.4,3,3,0,2,3,25,9.9,28.2
312.4,11.1,3,13,2,2,2,9,9.3,30.1
721.4,4.8,3,5,1,1,10,19,5.6,25.4
590.9,16.9,2,12,0,4,10,24,3.8,27.6
1015.9,14.6,4,17,5,4,6,23,9.6,33.3
680.5,19.1,4,17,1,2,7,23,4.4,31.8
1180.0,9.8,3,2,5,4,3,5,4.4,29.6
667.7,19.5,4,6,3,1,7,25,6.7,36.2
391.9,10.5,4,8,4,4,7,5,6.7,31.7
446.8,12.6,2,17,4,4,3,6,1.9,27.9
115.7,13.6,3,7,1,2,8,13,2.7,27.1
832.9,10.1,4,11,3,3,4,4,1.0,28.8
1254.8,11.5,3,5,5,2,6,19,1.9,24.5
1165.2,4.9,1,8,1,4,1,24,4.1,26.4
684.8,7.6,3,11,0,2,2,7,9.5,30.1
334.4,14.2,3,5,2,1,7,9,8.2,32.7
1302.1,1.3,3,2,6,1,9,11,3.1,23.2
132.3,14.2,1,3,2,3,6,3,2.0,28.7
,6.4,1,10,2,4,9,5,10.0,30.8
1292.1,5.8,4,3,0,3,9,24,7.5,28.8
,14.0,3,0,5,3,8,24,5.7,26.1
220.9,4.7,4,20,2,4,9,13,9.8,30.3
435.6,19.3,3,23,1,2,8,19,9.6,31.4
,19.8,4,12,0,2,9,2,2.0,31.2
270.5,9.4,1,14,2,4,4,1,6.7,31.4
999.7,8.3,4,3,1,3,4,23,7.2,31.0
,2.0,4,1,3,1,5,1,8.8,31.5
534.9,15.7,3,1,2,1,6,18,5.5,31.1
399.3,3.7,2,4,3,4,7,25,7.1,27.0
1243.8,18.7,4,2,2,4,6,20,4.2,31.9
625.2,19.8,3,17,0,2,2,10,4.6,28.1
1120.8,2.9,3,18,5,4,4,14,6.1,26.3
,13.8,3,17,3,4,7,16,2.9,26.1
,9.6,4,6,1,3,1,12,8.1,31.3
688.7,11.1,3,8,0,4,2,24,5.5,29.3
786.1,4.0,3,8,6,4,10,2,8.7,24.0
713.9,14.6,3,3,6,2,9,24,8.1,29.9
1233.6,3.7,1,11,1,4,6,22,6.1,24.5
1370.7,17.8,4,12,2,3,2,3,7.2,33.2
1190.8,9.4,4,4,4,2,3,15,8.6,32.5
895.0,12.9,3,6,3,1,8,16,4.0,28.0
,18.5,2,11,5,3,8,25,7.6,27.9
984.7,14.9,2,2,4,4,3,25,9.3,31.9
467.4,11.0,2,14,1,1,1,12,1.3,30.4
1227.2,8.4,4,8,5,2,10,5,5.5,28.3
1292.4,9.5,3,17,6,4,8,21,2.3,25.5
437.5,7.2,3,18,0,4,7,17,4.5,30.3
1359.1,19.0,1,8,5,2,9,13,8.5,30.6
1280.7,5.4,1,8,4,4,5,20,2.8,23.0
665.5,8.5,3,12,6,4,2,3,1.3,27.8
1368.1,15.7,2,0,6,2,1,2,3.6,29.0
224.6,7.6,2,4,0,2,10,13,8.0,27.1
90.6,17.8,4,2,3,1,7,10,2.0,34.0
554.4,,3,6,0,1,8,4,6.3,28.4
,1.1,4,14,0,3,4,6,7.7,28.1
559.6,12.8,1,5,6,1,2,13,6.1,35.7
1416.0,10.4,2,12,1,2,8,2,9.4,28.6
419.3,18.7,4,16,0,1,8,18,7.8,37.4
457.8,,4,16,6,2,8,3,1.8,25.9
,3.1,3,12,2,1,6,17,8.7,29.4
55.6,6.9,3,13,0,3,7,9,5.9,26.0
1105.0,8.2,2,10,1,4,4,4,9.7,29.8
597.3,11.9,3,11,0,3,3,15,9.9,31.3
1467.7,5.9,1,19,4,4,1,16,2.5,27.1
1052.6,11.2,2,11,6,3,2,24,3.2,26.9
,18.2,3,8,2,3,5,11,6.9,29.5
184.3,8.8,1,23,6,2,5,24,1.5,24.9
177.8,13.2,2,22,2,2,5,12,4.6,27.2
1431.3,5.0,2,20,3,1,5,22,9.9,29.6
1041.9,16.1,2,19,1,3,3,8,5.7,28.2
,5.8,4,9,0,1,7,20,4.0,31.9
,11.8,4,23,1,3,5,6,2.7,28.4
1316.8,6.4,2,15,4,3,6,2,7.8,26.7
342.3,1.8,2,21,0,4,6,4,9.4,25.5
,6.7,4,0,5,2,5,11,9.3,33.5
,4.6,2,2,6,4,6,4,1.6,23.6
477.3,17.9,3,0,2,2,5,20,1.7,27.6
782.1,5.7,1,23,1,3,4,3,9.9,28.7
,19.5,3,7,1,4,6,25,9.6,32.1
599.4,10.1,2,0,2,3,7,9,3.0,24.7
1449.4,4.8,3,18,6,4,9,12,2.8,21.8
1055.1,8.1,3,18,2,3,1,19,6.3,28.5
1277.6,4.1,2,22,5,1,2,18,3.9,26.7
833.9,16.8,3,13,2,2,2,21,7.5,32.7
396.6,2.8,3,16,3,4,1,25,2.9,23.0
1083.7,17.5,4,14,3,3,9,8,8.3,32.5
775.8,1.4,3,16,6,1,3,16,3.5,25.5
306.4,6.3,2,12,3,2,3,17,2.3,24.4
648.0,3.2,3,0,4,3,4,20,4.1,24.2
970.5,13.9,2,4,5,4,9,8,1.2,27.4
1116.2,10.5,4,22,6,1,7,25,6.8,34.7
,18.8,4,1,6,2,2,6,1.6,33.0
1320.2,7.6,1,2,0,1,9,18,2.3,27.6
600.3,1.3,3,19,0,2,10,23,8.1,22.9
443.1,15.4,3,22,3,4,8,4,5.6,27.0
,11.8,2,10,2,1,5,14,6.3,32.0
1216.0,16.6,3,3,4,3,10,25,3.5,25.8
563.5,8.8,3,14,3,2,1,4,9.8,31.0
750.9,,3,0,2,2,1,21,9.9,32.0
373.1,3.8,3,8,0,4,8,21,4.3,22.9
1044.8,20.0,3,13,2,4,2,7,8.1,34.5
1182.5,3.9,3,21,3,1,1,18,8.2,32.5
542.2,16.7,3,2,4,2,1,25,9.2,31.2
1420.4,4.6,3,14,1,1,5,10,8.8,27.9
94.4,15.8,3,0,4,1,7,2,5.0,31.6
242.8,17.3,3,11,4,3,5,7,4.2,28.0
903.7,17.6,2,16,1,2,5,24,9.4,33.3
1067.0,9.8,3,0,6,2,2,23,4.7,28.4
413.5,8.9,3,17,3,3,4,22,5.7,28.7
853.4,16.8,2,23,1,4,10,15,1.9,28.0
,11.8,1,7,4,3,4,7,3.6,28.3
853.4,12.6,3,18,1,3,4,16,2.5,26.5
1006.0,5.1,1,12,4,2,9,22,1.7,24.2
1460.6,9.2,3,22,4,2,1,21,4.3,26.6
,7.7,3,14,3,3,1,2,5.6,28.1
989.9,13.5,3,19,1,2,9,18,8.0,30.4
,4.3,4,3,1,3,4,24,6.5,26.8
510.5,8.4,4,6,1,2,3,4,8.4,31.8
416.9,,4,10,0,2,5,16,3.1,32.2
1482.4,11.2,4,21,6,4,1,16,8.2,34.9
349.9,18.0,1,15,5,1,5,14,1.5,31.3
1195.9,5.0,2,5,3,4,1,19,3.5,26.2
,9.1,2,21,5,1,7,25,5.0,28.5
1216.3,10.3,1,14,4,2,9,17,9.6,29.4
319.3,8.3,4,10,4,3,7,1,1.8,24.4
1452.4,13.8,4,9,5,4,2,13,3.4,30.5
,3.4,3,16,3,4,9,13,2.4,21.2
180.7,10.6,4,21,3,3,7,7,4.8,28.6
,3.2,3,12,0,2,9,19,4.0,22.6
925.3,12.8,3,20,4,2,10,15,1.8,23.9
539.4,16.7,1,16,3,2,4,3,5.3,31.6
428.1,0.9,4,1,1,4,10,20,5.4,27.5
1092.2,9.4,3,18,3,3,9,1,6.7,25.6
1125.0,10.1,3,13,5,1,6,22,8.6,30.7
524.4,14.5,1,12,3,1,7,16,9.8,34.2
1320.5,2.0,3,14,3,1,5,25,1.9,24.3
,8.4,4,1,1,3,9,9,4.0,25.0
,15.8,3,21,5,4,1,6,9.8,35.6
919.8,10.9,4,21,0,2,5,13,6.1,28.6
205.3,15.1,3,23,5,1,2,21,4.6,30.1
451.2,7.6,4,14,6,2,1,16,4.9,31.1
785.4,18.4,3,5,1,3,10,12,8.6,27.3
465.2,2.0,3,14,3,1,7,10,8.8,29.5
,2.3,4,6,4,3,5,20,3.7,26.4
1069.6,10.8,4,12,6,4,10,6,3.8,27.5
843.1,9.7,2,19,2,4,1,1,7.3,30.3
,13.0,4,4,4,1,10,6,1.6,30.5
892.8,5.0,3,10,0,4,5,6,8.6,26.8
751.0,4.9,1,11,5,1,2,5,1.1,27.9
428.8,15.1,3,22,5,2,3,8,5.1,29.9
1198.5,6.2,3,12,1,2,5,18,8.1,26.9
335.5,14.7,3,8,0,3,9,7,9.2,30.0
401.2,13.0,3,9,0,4,9,4,6.6,28.3
1270.3,2.1,1,7,5,3,2,10,5.8,26.9
1124.7,14.4,2,3,4,4,5,25,7.3,29.2
938.7,17.7,3,17,2,4,5,24,8.6,32.3
106.4,,2,18,3,3,6,1,1.1,28.0
234.5,0.7,3,4,3,3,6,1,6.5,21.8
774.9,11.0,3,10,0,3,10,8,7.9,27.4
1132.2,18.3,2,18,3,2,3,4,9.3,32.7
722.9,12.2,2,16,4,2,5,21,4.6,27.2
,6.2,3,1,4,3,3,4,9.1,28.5
,4.3,4,1,1,1,2,3,6.7,32.8
903.7,13.9,4,1,6,2,4,6,4.0,31.1
1056.6,15.5,3,12,0,2,1,15,9.9,33.8
98.5,18.3,1,21,6,3,8,5,1.5,28.5
112.8,18.2,3,1,6,2,5,8,8.8,31.5
428.9,7.1,3,16,5,1,5,13,5.8,30.7
,12.3,3,17,3,3,6,25,6.3,28.4
835.8,2.5,3,23,1,2,6,22,8.5,26.0
229.4,2.3,3,13,2,3,10,6,9.3,24.0
,1.9,2,22,3,3,6,8,9.1,24.7
1177.0,18.6,4,10,0,4,8,2,5.2,34.6
1457.2,3.5,3,6,4,3,9,8,7.4,24.2
1425.2,9.9,2,23,6,3,1,16,7.8,29.1
446.4,8.9,4,12,5,2,9,13,4.1,28.5
92.6,6.8,3,7,6,3,9,10,3.7,20.3
527.6,11.0,1,15,3,2,7,1,8.4,29.5
1077.3,0.6,2,10,1,4,1,23,5.8,28.0
136.7,7.9,3,17,0,3,1,10,3.0,22.7
571.6,9.8,3,17,3,2,1,23,8.9,28.4
482.2,16.2,3,0,0,4,8,19,5.5,28.2
368.1,14.2,1,12,4,2,6,20,8.8,30.3
1073.9,17.1,2,20,5,3,4,11,2.5,27.2
1005.7,7.8,3,15,0,3,6,4,9.0,26.4
826.5,3.2,3,17,3,3,5,6,4.6,24.0
1370.6,8.3,3,23,3,3,4,17,3.6,25.8
199.6,19.3,3,8,2,3,8,15,4.3,28.9
,4.7,3,16,1,4,5,3,6.4,25.7
606.0,3.9,3,0,4,1,6,22,3.7,27.7
1001.0,18.9,3,3,1,3,10,1,6.8,29.6
896.9,19.0,3,16,0,3,10,12,5.5,29.7
,3.4,2,5,4,4,7,5,6.9,26.2
1439.7,15.5,3,18,0,3,10,5,4.0,26.4
492.3,8.9,2,20,2,1,4,13,3.3,28.8
570.5,10.1,3,21,0,4,4,9,7.1,29.4
954.3,10.2,3,1,3,4,10,12,5.8,28.0
1420.5,19.4,3,7,1,4,9,24,2.3,27.9
1010.9,4.1,4,12,1,1,2,20,6.9,32.2
1434.4,15.6,3,0,2,1,1,9,3.5,33.2
322.0,0.6,1,21,3,1,2,14,4.3,26.3
947.3,12.8,4,23,5,2,8,10,8.7,30.3
1251.9,13.2,3,18,6,1,3,7,2.8,31.1
788.1,15.2,3,6,4,4,10,12,4.9,26.6
575.2,18.6,2,2,3,3,3,4,1.8,28.5
1477.9,,3,19,4,2,2,6,5.1,30.5
254.4,14.8,3,17,3,2,1,15,9.3,35.3
645.8,5.4,4,22,0,2,10,19,6.0,26.9
1316.4,19.9,3,9,3,1,4,17,8.8,32.9
1355.7,9.6,3,4,5,2,9,25,5.9,26.4
1471.6,,3,21,5,3,6,6,1.5,25.4
1333.0,10.3,4,2,0,2,2,4,5.5,32.2
123.9,8.2,1,13,4,2,3,16,3.1,28.1
1398.2,12.1,3,11,0,4,1,15,4.9,28.4
670.8,7.3,1,13,0,2,2,22,3.1,26.8
994.8,5.2,2,9,0,1,9,4,2.0,24.9
621.7,18.6,3,0,0,3,7,7,2.9,27.2
1229.8,18.6,3,14,0,1,2,11,4.6,33.5
885.1,10.2,4,5,4,4,5,21,8.4,32.5
1276.0,19.3,3,2,6,1,3,5,7.9,39.1
,8.6,1,9,5,3,7,24,1.3,24.5
318.2,8.1,1,6,5,2,2,3,8.0,31.5
688.5,18.4,2,17,0,2,3,24,1.3,25.8
,12.8,3,8,6,4,7,17,1.7,25.5
1054.6,15.4,3,12,3,4,8,4,7.9,32.1
479.3,8.5,3,11,0,1,10,25,4.5,27.3
858.1,8.4,2,20,4,4,10,2,3.9,25.2
151.5,2.1,2,2,4,2,8,10,4.4,27.1
,19.4,2,0,2,2,3,19,5.7,32.9
953.1,,3,20,5,4,9,9,6.5,26.3
493.2,10.1,2,7,4,1,7,10,7.0,30.5
361.3,2.7,2,17,4,2,10,8,1.9,22.4
381.8,13.1,3,14,2,1,8,5,2.5,31.8
361.5,,2,18,6,3,9,15,4.9,27.2
953.1,15.5,3,15,4,3,6,12,8.8,29.4
293.2,10.8,4,5,3,3,9,21,7.9,27.2
575.9,3.0,2,12,5,4,3,14,2.7,24.5
1047.4,0.7,2,7,1,3,1,13,3.6,24.6
794.8,,2,9,6,1,3,5,4.4,30.9
,14.6,1,13,5,1,6,7,8.7,34.5
413.8,16.7,4,1,4,2,7,1,9.8,34.2
1402.4,,3,0,1,2,5,25,1.7,25.7
650.1,11.0,3,16,2,1,5,20,5.4,29.1
466.1,5.2,3,2,6,3,2,7,4.3,25.3
1361.3,17.7,2,21,5,3,9,12,3.9,27.5
1000.2,19.3,3,15,0,2,3,15,5.5,31.4
940.2,,2,19,5,4,1,7,7.5,33.5
1335.8,2.2,4,11,0,2,2,4,6.3,29.8
134.9,9.0,3,16,2,4,1,24,4.8,27.1
1264.6,19.8,2,4,2,3,10,9,7.5,29.5
,5.0,3,15,2,4,4,19,4.7,29.0
572.0,13.6,1,7,3,3,8,16,6.9,27.1
421.7,18.8,2,18,1,2,5,11,2.5,27.1
202.0,15.6,1,8,4,1,10,16,4.1,29.6
1414.6,12.4,2,18,4,3,7,7,6.1,27.9
255.8,10.4,2,21,5,3,3,7,9.3,31.0
426.2,18.6,4,0,3,4,2,19,1.2,31.6
1052.1,8.2,2,1,3,3,2,20,7.5,27.0
1079.7,18.1,3,8,0,3,6,19,5.4,28.1
283.1,,1,13,2,4,1,18,7.7,28.6
1230.5,15.3,1,20,3,4,9,23,2.0,29.4
789.9,18.4,2,10,2,1,3,8,6.3,34.1
1280.3,11.2,1,20,6,1,10,1,4.8,30.7
176.6,6.5,2,17,1,4,2,7,3.8,27.8
112.1,1.5,2,17,0,1,9,16,1.3,25.5
973.6,16.3,2,21,6,4,9,15,5.7,28.5
,12.6,3,7,3,1,6,8,4.1,29.2
,,4,16,0,2,5,20,9.3,30.3
70.5,17.6,1,19,6,4,9,25,7.8,30.9
1180.9,18.4,3,23,1,1,9,4,1.8,29.8
1354.3,17.8,3,5,6,1,6,1,3.8,30.8
1266.4,12.2,3,18,2,4,4,18,3.3,28.0
1439.6,19.5,3,5,2,4,1,13,7.2,34.7
1359.5,17.6,3,23,1,4,10,17,6.2,31.2
693.8,2.5,4,12,1,2,10,18,4.2,24.3
627.6,19.6,2,21,5,4,9,2,3.0,31.2
1349.5,11.2,3,13,2,3,1,19,5.0,26.5
1394.1,18.4,3,1,3,2,5,5,3.3,30.1
1460.6,15.3,4,8,2,3,3,16,2.7,31.4
,13.1,3,14,2,1,5,25,8.3,32.9
,6.9,4,14,3,2,1,12,9.7,34.2
,,3,13,2,4,6,9,7.8,24.4
1423.4,5.9,3,17,4,1,6,23,1.6,25.9
1015.9,13.9,4,13,3,2,3,11,9.4,34.0
1293.1,17.3,3,4,5,3,6,15,5.1,30.1
863.7,0.5,3,1,5,3,6,6,3.4,22.1
,4.6,3,6,4,4,7,14,7.9,26.7
186.2,13.6,1,3,0,3,3,2,1.0,27.7
1302.7,6.0,4,16,6,1,2,22,1.3,30.2
130.5,3.3,4,23,4,4,4,16,7.8,28.3
541.7,2.1,3,22,5,1,1,12,2.4,25.8
246.2,12.9,1,13,4,3,7,19,5.3,27.4
744.7,12.1,2,21,3,4,3,16,5.7,27.9
386.8,17.2,2,15,3,3,4,11,9.9,31.6
,6.6,2,3,0,1,1,9,4.0,30.6
861.0,3.2,3,14,6,2,6,2,3.7,23.0
1351.7,16.1,4,13,5,1,1,6,5.3,35.7
453.2,19.8,3,13,6,2,5,11,5.4,33.8
87.7,7.5,3,19,4,4,3,12,5.9,25.5
1174.7,17.4,4,23,1,2,7,25,8.9,32.1
1068.4,15.4,4,5,2,4,10,9,7.4,32.1
841.0,18.3,3,0,6,1,6,13,8.8,32.6
,8.8,3,15,1,2,9,1,4.5,25.9
1268.1,2.5,3,2,4,3,2,3,7.9,28.6
902.5,2.8,3,10,4,4,4,13,9.6,26.8
1450.6,15.4,2,22,1,3,9,9,1.7,24.6
1093.6,17.3,3,15,0,3,4,17,4.9,27.2
1031.5,9.4,3,22,0,4,10,22,6.4,25.1
,1.7,2,0,5,1,10,2,6.3,26.4
,1.8,4,16,2,4,8,5,5.6,29.4
399.4,12.2,4,7,1,2,7,15,8.4,31.5
1157.7,18.4,3,1,6,2,4,3,2.9,29.9
,8.3,1,7,4,4,9,8,9.7,29.4
,13.2,1,22,0,2,10,18,8.3,28.7
,11.1,3,10,2,3,9,2,3.6,22.6
333.2,17.9,4,22,3,2,4,16,1.3,32.8
432.3,16.7,3,2,3,3,2,3,7.5,32.1
1423.7,4.4,1,15,5,1,10,19,1.2,26.9
649.1,13.7,1,10,5,2,1,18,5.4,31.5
405.2,17.0,2,7,0,2,8,2,6.2,31.5
,18.6,3,12,2,1,3,14,9.8,34.1
611.2,12.0,3,14,4,4,8,12,3.8,26.8
1107.8,3.9,1,0,0,3,6,24,7.5,26.7
1445.1,11.4,3,15,3,4,2,1,9.6,33.2
908.0,13.5,4,7,0,1,10,18,5.2,32.6
907.2,5.8,3,19,4,2,10,14,2.1,23.5
579.0,19.5,1,4,0,4,4,25,2.1,30.6
,5.0,3,6,5,1,2,19,4.5,26.9
513.0,18.3,4,23,3,1,9,8,3.9,33.1
51.6,8.8,1,5,6,4,5,3,3.8,27.5
,0.5,2,3,0,1,7,15,5.4,27.2
672.7,11.1,3,13,6,2,9,22,5.8,27.3
763.5,12.8,2,15,2,1,7,14,3.4,31.3
171.1,17.5,4,13,3,2,5,15,5.0,33.1
1263.8,11.0,3,9,4,4,8,14,6.9,27.6
,2.3,1,2,4,2,1,10,6.0,29.3
645.4,18.6,4,6,6,2,6,23,7.8,32.2
1268.4,11.5,3,1,5,4,7,5,3.5,26.6
,5.8,3,20,1,2,7,14,4.4,23.9
1400.2,18.0,2,6,1,3,3,22,6.0,28.7
353.5,2.9,3,15,6,3,8,7,9.2,24.1
1087.1,2.4,4,6,5,3,4,11,6.5,26.7
1468.1,10.9,1,14,6,3,6,18,3.6,27.0
846.9,12.7,3,2,6,4,8,4,1.3,25.6
1053.7,10.5,4,2,4,4,1,7,5.6,32.2
620.2,18.6,3,7,6,4,10,19,9.6,31.3
1139.4,5.6,1,6,5,2,6,3,7.0,25.4
1367.9,19.8,1,7,6,1,1,10,4.8,36.0
1069.4,0.9,3,6,3,1,6,15,1.7,23.9
1407.1,,3,16,6,4,3,22,2.0,21.7
,4.1,1,10,0,4,9,4,7.7,27.4
886.8,2.1,2,3,6,1,2,14,3.8,27.6
491.7,9.0,3,22,6,2,1,18,3.6,27.6
1079.0,17.4,3,15,5,1,8,10,3.1,31.7
1328.8,16.5,2,9,6,3,1,11,9.1,31.3
987.2,15.0,3,12,2,3,2,12,3.7,27.3
387.9,0.6,3,7,2,1,4,22,2.6,25.4
839.0,17.4,1,9,0,4,9,16,4.3,29.0
1146.1,8.2,2,1,1,4,9,11,7.4,30.2
1412.1,14.8,4,19,6,4,7,1,4.7,31.2
277.1,14.7,4,9,0,4,5,10,7.9,33.2
234.9,4.0,2,16,1,1,7,21,7.1,26.9
,10.6,4,1,3,2,4,11,4.2,28.9
,18.6,3,2,2,2,9,10,8.9,29.3
1471.6,5.6,4,8,6,1,7,18,1.7,28.0
665.2,14.4,4,0,0,4,6,25,7.6,31.7
823.7,19.2,3,23,0,1,6,4,5.6,34.8
379.3,7.5,3,0,1,3,7,24,3.9,23.6
701.2,8.1,1,13,4,2,6,9,4.7,27.1
1477.8,9.3,3,8,2,3,7,15,6.3,26.4
,16.3,3,5,5,2,5,7,3.5,28.9
62.8,9.1,3,3,0,1,3,1,6.5,32.5
,10.0,1,7,2,2,8,10,5.8,29.9
1468.8,4.8,4,1,4,3,4,23,7.9,28.3
1484.1,19.8,4,13,4,3,1,23,2.6,30.7
355.2,17.9,2,5,3,1,1,10,4.2,33.4
942.1,12.2,3,0,3,2,1,16,5.6,29.8
161.5,19.2,4,2,0,3,6,20,7.5,31.1
887.3,13.9,3,21,0,1,7,13,4.0,29.8
232.6,19.2,4,5,0,3,3,21,3.8,30.0
1237.1,3.6,3,13,3,4,1,4,9.0,29.2
1412.4,4.9,2,9,6,3,7,24,2.0,20.7
300.8,17.8,3,11,0,2,4,15,7.5,31.2
720.9,8.7,3,20,0,3,8,4,8.2,26.8
198.0,7.7,2,17,4,4,4,20,3.4,24.2
,15.2,3,13,3,3,7,24,4.9,27.1
,12.8,3,4,2,3,7,10,5.7,25.9
433.6,7.2,3,20,0,3,3,12,7.9,29.3
1485.8,8.3,3,0,5,1,8,23,8.9,31.5
114.7,8.5,3,13,4,1,9,14,4.5,29.3
1295.5,3.0,3,14,4,3,9,9,4.1,22.6
162.3,5.0,3,22,1,2,4,17,4.2,25.8
817.0,11.0,2,3,6,4,3,5,2.8,27.3
705.6,15.7,4,6,0,2,3,9,1.5,31.5
1400.8,8.7,4,0,5,4,2,21,9.0,34.0
338.6,8.0,3,5,5,3,9,3,3.8,23.1
310.5,13.2,3,22,5,2,10,15,1.1,25.5
1135.6,3.6,4,0,4,4,9,18,2.3,22.8
1102.3,7.9,2,18,2,1,1,13,9.5,32.1
1063.8,4.6,2,22,3,3,10,10,1.5,21.3
87.9,13.2,1,2,3,2,9,24,7.2,29.5
426.9,2.7,3,8,6,3,1,21,8.0,27.0
1267.8,9.2,2,21,5,1,1,21,7.7,33.4
921.2,12.1,3,17,3,1,3,3,4.0,29.4
,16.8,3,1,5,2,5,25,6.8,31.2
479.1,14.6,2,20,6,3,4,13,3.5,29.7
427.3,18.9,3,19,4,4,7,18,4.7,29.1
1422.5,13.8,1,7,2,4,7,10,8.5,30.6
,7.3,3,9,0,3,5,15,6.5,26.3
234.0,5.0,2,7,6,1,4,18,5.2,28.2
,,1,12,0,4,6,14,7.2,26.2
,5.9,1,18,3,4,2,15,7.7,31.1
,3.2,3,16,0,3,1,9,9.4,30.5
625.9,7.7,2,23,6,1,8,25,7.9,28.9
1101.8,14.2,3,2,0,1,2,5,5.3,35.6
,14.0,4,22,4,4,10,10,3.0,28.6
889.2,6.7,3,21,5,1,6,21,5.2,29.2
1080.2,10.4,1,9,5,2,6,12,5.0,27.3
333.3,4.7,3,3,3,4,9,1,6.4,24.5
1419.2,10.3,1,5,4,1,3,3,6.6,32.7
566.5,10.4,4,22,3,2,6,23,3.0,29.4
658.1,6.4,3,0,5,3,5,25,8.3,26.6
,5.6,3,2,0,2,5,7,4.7,24.1
932.7,,2,1,6,4,10,6,8.1,29.6
688.2,11.0,3,4,5,1,10,6,1.1,25.1
992.1,11.5,3,18,6,3,5,23,7.9,28.4
1359.1,0.7,1,1,0,2,4,1,5.9,26.8
1210.4,4.0,3,23,1,3,3,3,4.8,25.4
1245.2,7.5,2,9,1,1,4,9,2.3,28.4
424.7,19.3,4,12,2,3,5,25,9.0,32.8
658.1,3.9,4,14,5,1,1,3,1.5,30.4
853.0,6.4,2,19,5,4,3,9,2.0,27.2
114.1,19.8,2,15,4,4,8,5,8.6,32.8
1166.2,9.9,3,1,2,2,8,9,7.2,26.4
519.0,6.7,4,19,0,3,1,18,8.6,30.2
459.8,12.9,1,2,4,3,9,5,9.7,29.4
426.0,10.2,2,12,0,4,2,11,4.1,29.1
460.9,19.2,3,20,1,4,2,5,8.3,32.3
540.1,2.1,1,12,2,4,1,1,1.3,26.0
927.0,15.9,1,10,5,2,2,13,9.2,33.3
896.2,5.9,3,7,4,3,2,8,6.7,26.1
420.8,16.2,3,18,0,1,9,19,9.1,33.0
349.3,17.0,3,15,1,2,5,1,6.1,30.7
1248.2,17.1,2,19,5,2,2,2,6.7,33.0
184.4,17.4,3,21,4,2,1,23,9.4,32.5
,14.5,3,14,4,4,3,11,3.7,27.7
804.8,3.3,3,8,2,1,5,22,4.1,26.6
882.5,1.5,4,14,5,2,5,3,8.7,29.6
1334.2,7.1,1,8,4,4,5,9,9.7,30.9
954.7,,3,4,0,1,3,18,7.0,31.2
1461.8,6.4,4,8,5,4,2,7,4.9,30.8
1313.5,15.0,2,11,2,1,5,6,2.0,28.9
361.4,14.6,4,5,5,3,1,3,6.5,34.1
399.7,19.5,3,7,4,4,9,9,8.4,32.1
549.9,8.3,2,13,1,2,4,18,2.0,25.0
617.7,15.8,1,3,0,3,7,8,3.6,29.9
851.8,15.0,2,2,0,1,7,4,1.9,30.3
387.1,19.8,4,18,1,2,1,16,4.1,35.6
372.4,15.6,4,20,0,1,7,17,6.2,33.3
603.0,6.0,3,7,4,1,7,11,2.2,25.8
1024.4,0.8,1,3,1,2,2,7,5.3,27.4
1047.8,19.4,3,11,3,4,6,19,1.1,28.4
,14.5,3,4,2,4,1,19,8.4,30.0
,16.3,2,21,4,1,5,15,7.1,35.4
619.6,16.0,1,1,0,1,2,10,6.8,37.3
1448.8,14.8,3,12,2,3,4,13,8.6,30.5
1050.5,15.2,3,9,5,4,9,4,2.2,26.2
908.8,18.6,3,11,1,3,9,1,9.7,30.3
832.5,18.3,3,18,5,3,10,7,1.4,26.8
159.5,7.9,1,6,1,3,10,13,5.0,27.2
1345.4,1.1,1,21,4,2,6,18,1.0,26.2
,1.3,3,23,1,3,9,6,9.3,24.3
878.9,9.2,3,10,2,1,10,18,5.3,27.7
,16.8,2,9,3,1,3,8,3.5,32.2
,17.0,4,5,4,1,2,15,5.0,36.2
419.3,8.4,3,19,3,1,4,3,9.6,31.4
1145.2,6.4,2,17,4,3,7,9,3.1,22.2
788.9,10.4,2,10,2,2,2,5,4.1,28.1
99.2,16.7,4,16,4,3,7,16,1.1,29.0
628.7,12.9,3,8,0,1,4,18,3.0,32.2
1396.5,3.2,2,16,0,2,5,2,9.0,26.2
592.1,7.6,3,19,1,1,4,10,5.3,31.1
649.2,11.3,2,10,6,2,8,16,1.9,25.2
954.7,11.0,3,15,4,3,4,19,8.5,28.3
,16.7,3,13,2,1,5,20,8.6,32.0
1019.3,,4,1,4,4,7,20,9.8,35.0
,2.5,3,1,1,2,9,4,1.6,22.6
215.3,4.9,3,6,5,4,5,16,5.0,28.3
1390.7,8.1,2,6,2,3,2,21,9.0,28.1
1360.7,6.3,4,4,4,4,6,14,2.1,28.8
802.8,8.5,1,22,1,3,1,23,4.3,27.2
955.9,1.3,2,14,0,2,7,21,9.1,25.2
358.6,1.8,4,1,6,1,4,24,1.8,25.9
699.5,16.8,4,21,4,1,7,24,7.5,36.4
343.9,2.5,3,7,4,4,2,1,9.5,28.7
81.9,16.6,3,23,4,3,5,10,6.4,29.6
1472.3,6.5,1,5,6,1,2,23,8.9,32.1
425.8,6.5,3,2,0,1,6,3,8.2,30.7
910.0,2.5,1,3,6,4,1,2,8.3,28.5
485.4,0.8,2,9,3,1,6,8,6.7,28.0
587.4,7.4,3,22,4,3,5,10,1.6,22.8
626.8,16.8,4,13,6,2,2,16,4.6,32.8
535.8,18.4,4,3,5,3,8,14,8.5,33.3
974.2,1.7,4,7,2,1,9,19,2.8,28.7
1443.4,1.1,3,11,6,1,6,6,3.7,26.4
671.5,3.6,2,13,0,1,6,13,5.6,29.3
1461.3,15.4,1,20,1,3,4,9,4.8,29.9
1018.3,4.5,3,1,1,3,3,23,8.4,25.3
930.3,5.0,2,0,1,3,1,23,9.8,30.4
,17.8,3,17,4,3,5,21,2.0,27.3
141.2,17.6,3,2,2,1,6,5,1.2,31.9
1285.3,13.6,4,16,5,1,1,3,8.0,36.1
882.3,3.7,3,8,4,1,4,14,1.7,27.0
650.9,7.9,3,9,4,1,6,18,3.2,28.3
1227.4,5.1,3,3,5,3,3,21,4.1,24.6
500.3,13.6,3,18,2,2,6,20,3.7,29.9
1186.2,15.7,2,4,2,2,5,7,6.8,31.1
525.5,3.3,3,0,0,1,10,9,3.5,25.1
1385.3,18.0,3,14,5,3,2,24,6.5,32.4
438.6,9.5,1,3,1,4,1,18,7.3,28.5
249.5,16.0,3,4,4,1,4,25,1.2,28.3
1062.2,1.5,4,5,5,4,9,6,4.3,26.8
,7.5,2,15,2,1,10,7,1.5,26.4
1426.6,0.8,3,18,1,4,7,17,7.9,24.3
1000.6,14.5,2,21,4,3,7,12,1.5,26.2
384.7,2.0,3,23,2,4,8,25,8.8,26.5
352.8,7.1,4,5,5,1,10,1,8.6,31.0
1389.6,15.7,2,5,3,3,10,16,5.7,27.1
931.4,15.1,4,5,2,1,7,25,9.5,35.5
1345.9,13.0,4,4,5,2,4,14,4.3,31.3
,14.0,2,0,2,1,1,4,3.7,33.1
1391.8,13.2,3,14,5,1,2,2,2.0,28.6
804.1,13.0,4,0,4,4,7,11,7.5,32.4
1019.2,7.3,4,0,6,4,1,20,4.8,27.6
,1.0,3,9,3,2,9,17,9.8,25.3
,9.1,2,19,0,2,5,3,8.8,28.2
1439.1,1.4,1,11,1,3,10,17,5.6,23.5
1492.2,9.6,2,9,0,3,9,23,5.1,25.6
578.6,9.5,3,4,5,3,6,17,3.1,25.0
1418.6,4.0,3,16,1,2,5,7,2.4,23.5
293.2,15.8,3,7,1,2,2,1,3.2,28.4
274.3,14.2,3,23,4,4,10,15,6.0,27.8
156.0,11.4,2,3,1,1,7,19,2.3,27.8
617.3,18.6,4,18,6,2,5,22,9.0,35.0
125.8,6.1,1,16,6,2,2,19,9.7,29.8
622.3,5.6,2,8,3,1,9,12,3.4,28.2
250.7,4.1,4,9,4,1,1,14,6.8,32.5
1109.3,11.1,2,23,2,1,7,5,4.7,31.0
1258.4,4.5,2,17,3,4,3,19,5.7,25.7
1047.3,17.4,4,1,3,4,7,17,7.9,34.1
340.7,6.4,4,13,2,3,1,1,6.5,30.9
1161.9,10.1,4,17,3,4,9,8,7.0,29.2
411.8,10.8,2,9,1,4,5,5,2.3,24.9
1151.3,6.5,2,16,4,1,5,25,3.2,28.9
872.7,14.9,2,15,0,4,10,2,8.8,29.5
581.7,14.0,2,7,6,4,2,13,9.7,31.4
171.1,15.3,4,0,6,1,7,8,6.0,34.1
1249.9,12.3,2,0,1,4,6,24,2.9,25.4
1412.5,9.5,3,16,0,3,7,6,5.6,27.0
1015.6,9.3,1,18,3,4,7,24,5.3,27.5
1448.6,14.5,3,8,0,2,9,5,7.0,29.2
1404.5,7.9,1,11,2,3,4,2,3.9,28.5
332.2,9.0,1,12,5,4,3,11,8.9,31.1
1110.3,3.7,2,21,2,3,7,13,9.8,28.0
556.5,13.8,4,12,6,4,6,16,9.2,33.0
756.9,2.0,3,13,0,1,10,14,9.9,26.3
277.6,19.8,3,13,4,2,8,14,2.2,27.5
1463.4,3.3,2,3,3,1,3,8,3.3,26.7
1102.9,8.0,3,16,1,3,4,21,7.9,27.3
437.0,5.1,3,21,3,1,7,14,5.2,29.6
588.6,6.2,3,2,1,2,4,10,9.6,29.1
662.6,6.8,3,1,4,3,10,2,2.3,22.7
1133.9,14.5,4,11,6,4,8,11,3.8,29.8
1392.3,3.9,4,18,3,1,4,12,6.8,32.2
516.1,5.6,4,1,4,2,9,1,4.7,28.1
735.1,2.5,3,17,4,1,7,21,4.3,27.0
910.2,7.0,1,5,5,2,4,20,6.0,27.3
,18.9,2,4,3,3,5,6,8.2,34.2
781.1,7.9,2,4,3,4,7,16,4.9,25.6
203.3,15.7,2,12,0,2,3,4,1.3,27.8
,9.5,3,14,5,1,7,4,8.0,32.5
631.6,,3,11,6,2,4,17,7.5,29.7
1376.7,16.6,3,14,6,2,10,5,5.6,28.1
556.6,1.0,3,19,5,3,6,24,6.4,24.1
412.2,17.4,4,19,2,3,8,5,4.3,30.1
1127.2,10.0,1,17,4,4,6,17,2.0,27.2
1426.2,7.3,1,12,2,3,2,11,8.2,29.6
,18.2,3,5,6,2,7,2,4.5,33.0
62.5,7.1,3,17,0,1,7,1,9.9,33.0
1047.8,19.6,3,16,6,4,2,4,9.8,35.8
651.8,18.8,4,21,5,1,10,20,3.9,34.1
1026.8,5.7,2,17,6,2,1,25,2.8,24.1
452.7,7.1,3,3,1,2,4,8,7.8,28.6
53.5,16.3,4,13,3,4,2,7,7.9,34.2
549.5,4.3,3,17,1,2,8,23,1.3,22.3
1071.9,14.8,3,23,4,2,5,11,5.8,29.7
,3.0,1,7,4,4,6,7,3.6,23.4
367.8,4.5,2,20,4,2,9,14,1.4,22.2
722.8,10.3,1,6,5,4,5,10,4.9,29.0
1140.9,15.0,3,9,0,1,5,8,2.2,31.6
,14.9,3,23,2,3,6,24,3.5,25.8
1053.0,12.4,4,3,1,3,10,19,6.1,27.7
1017.6,5.8,3,4,6,1,5,5,3.2,26.9
587.6,8.6,1,20,3,4,3,15,4.3,28.0
,5.3,4,21,1,4,4,22,7.4,28.1
1347.3,5.9,2,2,2,1,6,13,8.3,31.5
508.4,6.8,3,19,3,1,8,4,5.1,29.3
,12.2,2,14,2,1,9,13,6.3,33.5
,4.5,3,21,4,4,6,13,4.0,24.1
346.8,1.3,4,11,5,2,5,6,9.0,30.2
843.5,14.0,1,14,4,4,10,22,1.7,25.1
1382.2,0.9,3,5,4,2,7,1,1.9,24.4
1312.0,19.4,3,14,4,4,1,4,1.3,30.2
,7.3,2,10,2,3,7,3,1.9,23.7
671.5,0.6,2,9,4,2,8,1,6.7,26.2
103.0,,3,6,0,3,8,8,10.0,32.4
839.0,12.2,2,9,5,1,2,6,6.4,31.5
141.9,16.4,1,4,2,1,6,21,3.3,31.8
1411.0,9.0,3,20,5,3,8,7,8.4,28.9
,7.4,3,9,1,4,10,7,4.2,24.5
360.6,,2,9,6,2,9,11,6.3,28.5
1064.1,8.4,4,23,3,4,8,3,5.0,29.6
873.6,11.3,4,11,6,2,8,19,5.6,31.3
1212.0,,4,16,2,2,4,21,2.0,27.8
739.7,7.0,3,23,3,3,6,2,9.4,27.5
328.1,2.1,2,20,4,2,1,16,3.7,22.8
,15.7,2,8,4,3,2,15,6.4,30.8
166.4,7.3,4,12,1,4,3,25,1.1,27.4
897.7,19.5,4,19,2,2,10,19,5.1,33.7
358.4,,3,12,1,2,3,23,7.9,28.3
,9.8,3,6,4,2,4,21,6.5,27.5
1250.7,,3,12,2,3,9,16,3.9,21.9
208.8,14.0,3,0,0,3,1,25,6.9,29.3
630.4,16.3,1,21,2,2,2,16,8.2,33.7
1113.6,10.0,3,14,2,1,1,21,2.4,29.7
287.4,7.7,3,6,3,4,6,12,1.6,23.2
871.5,15.0,3,11,6,3,8,3,5.2,24.5
,4.2,3,0,6,3,10,17,4.9,21.6
564.5,12.2,3,18,4,4,9,5,1.4,22.6
1256.4,,1,12,6,1,8,13,7.1,31.8
790.5,5.8,2,0,0,4,9,19,6.2,25.5
,13.3,1,11,6,1,10,22,3.8,31.6
254.3,14.8,2,1,3,4,6,6,3.5,25.5
83.6,2.8,2,9,2,4,2,23,3.6,23.5
123.6,6.8,3,20,2,3,7,7,2.0,24.0
1360.7,8.4,3,15,2,3,4,20,9.4,27.6
1329.8,15.6,3,11,5,4,10,22,1.5,26.0
,11.6,3,12,3,3,6,17,1.4,25.2
339.4,,3,12,0,2,7,12,8.0,27.7
811.9,6.7,1,2,6,4,6,15,5.1,28.6
1204.4,0.6,3,5,4,4,4,10,8.3,29.2
1028.3,0.9,1,19,2,1,10,3,5.6,25.9
217.5,5.2,1,22,4,1,10,12,9.1,31.2
1348.5,2.8,3,3,2,3,9,1,4.1,25.3
,2.8,4,21,4,3,10,7,6.3,27.6
299.1,12.3,2,0,0,4,1,25,3.0,27.2
1356.5,12.3,3,12,1,1,7,3,5.0,30.2
752.7,1.4,2,19,2,1,5,2,2.2,23.9
,12.1,1,5,5,1,6,25,5.5,30.7
852.8,3.3,4,22,5,2,5,19,5.1,26.8
1473.0,7.9,3,23,5,3,10,8,1.2,23.1
,19.8,3,10,3,2,9,3,1.8,27.1
1147.6,,4,21,2,1,8,13,6.1,32.5
,1.2,3,1,3,3,7,24,7.5,23.9
219.7,7.3,2,12,1,2,2,2,7.0,28.3
661.8,13.6,3,7,3,2,2,25,7.5,31.4
,,3,15,4,4,10,4,5.3,24.2
348.6,19.3,3,6,6,2,1,25,4.1,31.4
637.6,8.8,3,10,2,3,8,3,7.2,25.1
,0.9,3,17,0,1,6,7,3.4,25.0
885.8,11.0,2,4,2,3,8,2,6.7,28.4
1098.6,13.7,3,20,5,3,10,12,1.8,22.7
1262.8,9.4,2,16,3,4,5,17,5.8,28.4
643.3,18.6,2,6,2,2,6,4,7.5,31.4
663.3,18.1,3,16,3,2,1,1,3.8,29.0
,3.2,3,7,1,2,4,4,9.3,27.4
871.2,2.1,4,13,5,4,3,12,1.7,27.1
207.1,6.6,3,14,4,1,9,13,3.4,29.6
503.3,12.4,3,19,6,1,4,17,7.1,34.2
299.2,12.2,2,8,0,4,4,24,8.4,28.7
609.5,5.8,3,10,4,1,5,10,2.0,28.1
,19.0,1,10,0,2,6,15,1.9,29.4
895.0,6.5,3,20,0,2,8,4,5.2,25.1
672.6,16.2,3,20,5,4,10,9,4.1,29.1
870.6,16.7,2,5,2,4,5,6,5.9,30.8
1020.2,2.4,4,2,2,4,7,5,8.6,29.1
680.7,5.0,3,23,1,1,4,4,3.6,26.2
,,3,4,0,1,6,2,1.1,25.2
1067.0,18.4,3,4,4,2,3,8,7.0,31.1
,7.3,3,2,3,3,3,2,6.1,27.7
833.1,16.8,3,3,4,3,8,9,5.6,29.3
843.6,9.8,1,1,1,3,7,2,8.1,31.1
1147.3,9.4,4,14,6,4,8,10,8.6,29.7
1474.8,18.1,3,12,0,1,8,21,2.3,32.4
1203.8,9.1,3,2,3,4,4,6,8.5,29.2
,15.0,3,15,3,3,8,3,5.9,28.3
295.7,8.8,2,4,0,1,3,6,8.8,32.2
903.0,2.5,3,12,4,2,1,11,6.1,27.0
1259.7,1.5,3,17,4,2,3,16,9.0,27.8
1402.0,4.6,4,10,3,2,7,16,8.5,30.4
1246.7,14.6,2,7,2,3,7,1,3.9,27.1
324.0,7.8,3,21,6,2,8,24,6.8,26.4
1083.2,9.4,4,19,1,4,8,12,6.1,28.4
1326.2,2.5,4,20,5,1,3,8,5.8,31.9
1037.5,12.6,3,3,2,1,8,24,2.0,28.4
1044.3,16.2,3,6,2,4,5,5,1.2,27.1
775.2,12.7,3,9,1,3,9,20,4.1,24.0
973.6,19.7,1,4,4,2,1,25,5.5,33.2
476.9,0.8,3,9,1,1,8,9,6.0,28.1
178.8,0.8,3,5,2,2,7,11,5.7,26.0
1250.2,10.3,1,11,3,1,5,14,2.3,28.3
1417.6,,3,16,0,4,9,21,8.4,27.3
1292.4,13.9,1,9,5,2,3,25,7.5,32.4
534.2,16.0,3,17,2,4,4,15,8.8,33.4
185.6,2.5,3,9,6,4,4,18,8.9,27.5
456.2,18.4,4,11,4,2,5,22,8.5,33.9
1272.1,1.1,2,7,1,3,3,15,7.0,25.8
1000.9,13.9,2,2,4,2,7,20,5.0,24.9
1451.7,8.0,3,0,3,2,1,14,6.7,27.6
546.9,13.5,3,4,3,4,1,14,3.2,27.9
849.6,2.4,2,14,5,3,2,23,9.3,25.7
1195.6,18.8,3,2,4,1,5,10,6.7,32.2
389.3,18.8,4,11,6,2,1,5,6.4,34.6
1447.9,10.6,3,3,6,4,7,19,6.2,26.8
909.0,10.4,2,8,5,1,2,15,7.2,31.7
61.5,12.9,2,6,3,3,8,15,7.2,28.0
86.5,11.8,3,5,3,4,9,9,1.4,23.8
1329.2,11.1,3,12,6,3,9,18,4.8,24.8
985.7,12.0,4,21,6,1,6,12,9.8,35.2
,,1,15,2,4,6,17,7.8,29.9
1186.8,12.4,3,5,4,4,4,1,2.7,27.9
659.7,4.3,4,20,4,3,2,24,4.9,27.7
1208.0,18.3,1,22,0,4,3,20,5.2,32.9
1409.4,4.7,4,18,0,1,3,13,9.8,32.0
299.6,3.7,3,5,0,3,6,5,9.6,26.4
1158.0,19.9,3,4,1,4,1,25,1.7,31.5
,4.7,3,23,6,3,10,15,3.4,20.2
516.2,2.5,4,21,2,3,2,12,1.7,25.6
648.5,11.5,4,10,6,4,4,24,2.7,27.4
1302.4,16.6,2,10,3,3,4,23,5.0,28.2
82.0,1.7,3,12,3,1,9,7,6.4,25.8
679.2,10.1,1,21,1,1,7,17,8.3,32.6
1036.1,1.8,2,7,4,3,10,9,1.8,20.3
210.1,8.9,3,16,4,3,10,1,3.5,22.8
1198.8,7.2,3,22,2,2,8,11,6.5,28.3
1415.8,3.2,3,7,5,1,2,7,5.1,29.0
,18.7,2,6,4,3,6,14,3.8,29.8
,12.9,2,3,4,2,6,12,2.6,25.7
1462.4,16.9,2,17,3,3,4,6,7.4,30.2
336.9,18.2,1,6,4,3,1,12,3.1,32.0
164.5,18.6,2,0,2,1,1,19,7.2,34.2
1430.7,15.1,4,12,6,4,4,16,9.3,34.1
1344.3,6.5,2,13,3,1,8,16,2.9,26.6
1000.8,,4,0,1,2,2,4,7.5,32.0
,10.6,2,17,3,3,10,3,8.2,27.1
1382.9,5.8,3,13,6,4,3,16,6.7,26.8
,8.0,2,11,6,4,7,13,3.9,25.4
,6.4,1,8,2,3,1,16,3.2,25.7
1273.3,9.6,3,15,6,3,1,9,8.1,27.7
997.2,15.7,2,18,2,3,6,3,3.9,27.0
780.3,10.0,2,18,1,2,2,9,8.3,29.6
615.1,,3,9,1,3,7,17,8.6,26.7
779.5,2.2,3,12,1,4,4,25,8.8,25.8
,17.2,3,6,2,3,3,15,8.4,31.4
,8.6,1,5,2,4,10,11,9.1,29.1
699.8,9.1,2,20,2,3,4,10,9.4,28.1
1212.7,,3,9,0,3,1,1,5.4,31.4
653.9,17.1,4,6,2,4,2,5,3.6,32.5
87.1,10.5,1,17,3,2,4,9,2.7,27.5
460.4,12.8,2,16,2,3,5,16,4.5,28.4
386.0,5.2,3,6,3,2,6,15,3.3,24.7
1200.7,18.7,4,4,1,3,5,9,8.6,31.1
701.5,11.6,1,15,0,2,2,14,8.6,28.7
,14.5,3,22,6,4,3,6,5.0,31.8
1225.5,2.7,3,3,6,4,2,2,8.3,28.0
77.9,12.9,2,5,2,4,6,8,6.8,29.1
302.7,7.7,3,22,5,2,1,5,6.2,26.1
1249.1,9.3,3,17,0,4,8,14,8.3,27.8
,13.8,2,14,1,3,6,20,8.2,27.6
1171.8,16.0,2,8,3,2,3,5,8.2,31.7
1265.4,7.3,2,11,4,4,3,1,5.9,27.2
1415.8,17.5,2,4,4,3,1,2,3.9,29.8
,4.8,3,19,2,3,1,6,4.6,26.2
1208.9,,3,12,6,4,7,5,7.1,29.2
1077.7,3.4,4,19,4,1,6,25,9.2,31.4
350.2,6.1,3,21,2,2,2,6,7.5,28.7
1401.0,18.0,3,2,3,1,8,17,8.1,31.1
636.1,0.7,1,20,2,2,10,18,3.6,22.9
1337.0,18.4,3,7,0,3,7,7,4.9,29.3
927.4,6.9,1,7,0,4,9,4,7.7,28.0
,14.1,2,11,3,1,7,5,8.8,34.8
281.3,2.3,3,7,0,4,10,22,5.6,22.9
1375.8,13.0,3,8,6,1,6,11,1.2,27.3
,18.2,1,16,6,1,9,1,9.0,35.3
58.8,11.3,3,7,5,2,8,17,1.9,24.6
76.5,7.6,1,14,5,2,4,11,5.8,26.6
,16.0,3,8,4,3,1,5,5.3,29.9
284.8,14.4,3,7,5,1,5,5,9.7,36.0
918.2,2.8,3,3,5,3,2,19,2.1,22.7
1037.6,13.5,1,20,3,4,9,8,7.0,31.2
455.1,13.5,3,2,5,1,8,2,3.8,31.0
875.5,15.2,2,13,1,2,9,20,4.9,30.6
398.4,6.7,3,6,6,3,4,5,4.7,26.3
1422.2,8.3,4,23,4,2,6,25,4.1,28.2
1297.2,19.2,1,1,0,2,3,15,8.9,34.5
467.7,11.7,3,10,1,1,5,14,7.5,32.1
816.8,10.4,2,12,0,2,1,18,9.1,30.4
775.9,19.7,3,23,1,4,4,6,8.3,32.5
,5.0,3,3,5,4,9,17,4.8,24.8
621.3,8.3,3,19,5,4,7,5,1.6,24.1
865.2,15.3,3,1,6,1,9,7,3.7,28.0
1396.6,14.4,4,6,0,1,8,15,4.1,31.0
,19.4,4,20,3,3,1,10,1.9,34.0
848.2,13.3,4,9,5,2,5,23,2.4,29.1
203.2,6.6,2,14,6,1,4,1,1.2,28.6
,8.3,4,9,0,1,2,3,4.9,32.3
580.2,2.2,2,21,4,1,3,1,2.5,28.1
1453.1,18.5,1,2,0,1,1,23,3.4,34.6
652.3,3.0,3,23,0,3,3,11,5.3,27.2
,11.1,2,5,5,2,7,22,2.5,27.2
1259.3,8.3,3,14,6,3,3,14,1.6,25.6
1240.3,3.1,1,6,1,1,8,22,7.9,28.2
1057.5,6.2,3,19,5,3,3,21,9.0,26.0
1135.8,12.9,2,16,6,1,1,3,4.0,31.9
433.8,1.1,2,3,3,4,8,25,5.2,23.1
981.0,19.3,4,5,1,1,2,13,3.6,35.4
,18.2,3,16,5,4,10,15,5.2,29.7
335.5,2.1,2,12,3,3,5,7,1.8,22.4
1401.8,17.4,3,13,2,1,1,21,5.1,33.5
,6.9,4,8,6,1,3,3,5.2,34.3
384.5,1.8,3,16,4,3,4,4,3.8,23.8
211.5,6.5,2,22,1,1,5,6,8.8,29.3
1425.9,16.3,4,2,2,3,7,21,4.8,31.4
212.7,13.5,3,16,2,3,4,21,2.3,26.6
422.8,5.2,2,22,3,3,4,7,7.8,26.4
314.8,,1,5,1,4,10,14,2.3,26.2
60.8,14.3,1,10,4,2,2,11,1.8,31.1
505.5,15.0,4,13,3,3,8,14,4.3,31.5
1462.6,11.0,4,18,0,4,2,1,8.2,32.5
545.8,16.5,3,16,0,4,3,11,9.6,33.1
781.2,13.0,3,23,0,2,6,12,6.9,29.7
1131.6,2.9,4,13,1,2,1,1,9.1,29.1
849.1,16.3,3,20,0,4,2,17,6.1,30.9
1128.2,6.8,3,12,4,3,9,10,2.7,21.0
1009.4,14.2,4,7,4,2,1,7,6.1,33.4
932.4,13.7,2,16,0,4,2,20,7.6,33.4
992.0,7.1,1,9,2,4,8,21,1.7,23.1
,3.7,3,15,2,2,5,7,4.8,27.7
1079.8,14.1,3,15,3,2,4,24,1.8,29.3
,17.1,2,1,4,3,9,1,4.6,28.0
261.1,16.8,2,12,3,1,9,15,6.1,32.2
1032.6,12.7,3,0,2,4,2,18,7.5,30.0
1118.7,4.9,3,9,0,2,5,7,4.2,25.0
485.0,6.7,4,15,5,4,10,10,2.1,26.2
1318.1,15.2,4,15,5,3,2,18,5.5,30.8
491.8,,3,2,6,2,5,10,2.2,26.2
,14.8,3,21,4,1,2,8,1.9,31.3
,6.5,3,17,2,1,2,17,7.6,29.5
408.2,0.6,1,7,4,3,9,5,6.5,25.1
652.5,12.3,3,10,6,1,7,14,5.8,31.4
583.5,12.2,3,3,0,4,2,8,2.5,29.4
,12.7,4,8,3,2,4,8,9.3,33.0
710.1,5.7,4,16,4,4,4,11,8.7,31.9
1056.7,16.3,1,21,6,2,10,19,8.6,33.5
,10.0,4,14,3,2,4,6,1.6,28.9
960.5,15.4,3,6,6,1,2,17,1.7,31.1
1418.4,12.4,1,21,5,2,10,9,5.2,29.1
1213.6,8.6,3,13,5,4,1,23,3.6,24.5
630.3,13.8,4,17,0,4,10,10,4.0,27.8
1428.7,11.7,3,17,3,2,4,11,7.4,29.0
810.6,10.5,3,9,5,4,7,19,9.4,28.6
82.7,13.1,3,0,0,1,6,2,6.4,32.0
427.0,2.2,3,15,6,1,3,22,1.3,26.0
951.5,18.3,3,21,4,1,6,9,1.4,29.3
277.4,7.0,3,20,5,1,2,21,3.1,29.9
896.9,4.9,4,20,4,1,6,10,1.1,29.0
574.3,15.6,3,8,6,1,1,5,2.2,32.1
824.9,5.0,2,21,6,4,3,3,1.5,25.6
,19.9,3,0,0,2,1,21,3.5,30.3
1280.2,8.7,3,7,6,4,7,1,1.4,24.8
,6.3,3,15,3,4,10,17,9.2,25.3
253.2,1.7,3,7,3,3,1,16,5.7,22.4
685.0,1.3,2,0,1,1,7,6,8.8,28.2
755.0,2.4,3,4,2,1,6,19,7.1,29.9
974.2,0.6,4,22,3,3,2,10,5.1,26.1
810.6,6.9,3,10,3,4,7,20,5.2,23.7
113.1,6.6,3,4,4,1,8,9,7.5,30.0
1313.7,8.9,3,14,4,3,10,20,3.9,23.2
711.9,5.0,3,8,5,1,1,11,5.8,30.4
161.6,1.7,3,9,4,1,2,12,2.1,27.4
1170.6,1.9,3,22,6,3,6,22,8.1,23.9
1007.2,4.1,3,13,6,3,8,3,4.0,23.9
991.7,6.7,3,1,6,3,2,11,2.6,25.1
669.0,,3,22,5,2,4,2,7.7,24.9
,7.6,3,0,1,2,5,2,1.8,24.9
827.7,18.5,1,16,6,4,7,4,9.6,32.7
123.4,5.6,3,2,6,2,3,19,7.2,25.6
483.5,3.8,3,6,2,3,3,20,7.7,25.0
,13.5,1,23,6,2,2,20,1.7,29.7
1010.2,10.1,2,4,3,3,3,25,6.1,27.2
,1.4,3,23,5,4,10,15,1.3,18.8
,15.9,3,7,2,2,8,5,3.9,27.1
1130.6,14.4,3,9,1,4,10,12,7.5,28.8
,19.6,3,22,2,1,10,14,2.9,30.7
285.4,18.8,4,17,1,3,5,20,7.3,32.5
274.0,11.9,1,7,0,3,2,12,6.0,30.7
1107.4,13.9,3,17,3,4,8,1,9.2,31.0
982.1,8.5,3,11,6,2,10,21,5.5,24.7
,17.8,2,2,0,3,3,15,3.7,28.3
,11.3,4,6,2,3,8,3,8.9,30.6
969.1,6.8,4,5,1,1,4,24,5.3,28.9
878.1,0.7,2,11,1,4,10,12,3.6,22.4
1044.7,11.9,1,21,0,2,3,20,4.7,28.0
308.2,10.7,4,13,1,2,7,19,5.0,30.8
,16.3,2,3,3,4,1,7,3.0,28.1
1407.3,4.1,4,14,2,1,10,23,8.2,30.6
921.5,16.4,2,12,4,3,5,23,8.4,27.6
,0.8,3,9,5,1,5,24,5.0,25.5
1035.3,12.0,1,5,0,4,8,6,1.2,27.3
,8.2,3,17,2,4,3,4,1.9,27.4
,7.0,2,13,6,3,8,14,5.6,25.8
488.4,8.9,3,10,1,2,2,7,3.3,28.2
1363.1,4.9,4,4,0,4,5,16,4.0,28.5
646.2,4.1,2,2,1,1,4,17,5.8,29.5
1303.8,16.2,3,5,2,4,5,1,7.0,30.5
787.6,4.9,2,14,1,2,6,20,2.7,23.5
799.6,,3,1,3,4,7,4,7.2,30.9
57.6,,2,1,1,3,3,15,2.0,28.3
973.8,1.2,3,23,4,4,10,14,6.1,23.2
,17.7,3,6,6,3,7,1,7.0,29.4
744.2,15.9,4,2,2,2,2,5,3.6,31.9
,16.0,4,23,3,4,2,14,8.5,33.7
,16.3,2,9,4,3,5,11,8.1,30.8
828.8,11.9,1,0,0,3,10,12,8.9,30.2
71.0,19.9,1,10,2,2,10,18,4.1,30.5
462.6,4.0,3,0,4,3,3,18,9.4,26.9
1484.9,1.9,2,7,1,4,6,16,5.4,26.7
133.2,14.2,4,22,2,2,4,19,3.8,30.9
513.1,6.2,4,19,3,3,8,22,6.6,28.8
516.1,12.4,1,10,6,1,8,6,9.0,32.1
600.1,8.1,2,8,0,1,5,24,9.0,31.1
1042.9,7.0,3,14,4,4,4,12,3.2,24.7
409.2,17.9,3,15,6,2,10,24,2.4,25.9
717.4,3.3,3,18,6,1,5,16,5.0,26.5
985.1,4.2,2,13,3,1,9,10,9.4,29.1
517.4,13.5,4,1,2,1,1,2,9.7,37.1
1425.7,15.8,3,20,1,2,5,4,3.5,26.6
1470.5,16.7,2,8,1,2,6,16,1.6,27.2
,5.0,1,19,5,1,1,17,7.4,30.9
,,3,19,0,2,1,4,3.1,28.7
351.6,12.4,1,5,5,4,6,23,2.9,28.3
320.8,16.6,4,12,6,4,8,9,7.6,33.6
761.9,1.8,3,18,3,3,3,20,2.8,23.6
867.5,7.5,4,8,5,3,9,20,8.1,30.2
667.2,10.7,3,19,6,4,3,18,9.3,28.9
445.2,11.8,4,12,5,4,1,23,2.4,28.8
454.0,2.4,3,22,3,1,5,21,5.9,27.4
1488.6,11.0,3,21,3,3,2,5,7.3,29.1
,13.5,2,23,1,2,5,11,5.8,29.3
160.1,7.6,3,5,0,1,1,15,9.2,33.4
1002.0,10.3,3,17,5,4,9,13,1.6,24.4
,6.2,3,18,3,3,7,14,10.0,28.2
1048.8,17.5,3,10,6,3,1,5,6.0,30.2
915.6,12.2,2,4,5,4,10,25,2.9,24.6
,11.2,3,7,1,1,3,17,6.7,30.4
147.1,18.9,1,12,6,2,6,21,7.0,28.1
556.9,13.5,3,20,0,4,7,9,1.0,24.2
1479.0,6.0,3,21,0,1,5,17,8.5,31.2
314.3,13.0,4,21,4,1,7,7,1.6,32.8
234.6,19.3,3,22,4,3,2,15,2.9,28.0
1107.0,1.0,4,2,5,2,4,7,6.4,29.2
1177.3,12.7,4,23,4,4,7,24,8.0,28.5
,,1,13,1,3,2,13,6.8,26.0
,16.4,3,2,1,4,4,13,6.6,30.3
1055.9,13.0,2,3,6,3,3,14,5.4,29.6
246.9,18.8,4,6,2,1,2,6,5.6,39.2
931.9,13.6,3,6,1,3,9,21,4.9,25.6
1176.5,0.8,1,2,0,1,10,8,3.5,25.8
1305.0,10.5,2,9,5,1,3,23,4.3,31.3
407.0,18.1,3,13,5,4,9,21,8.9,33.4
234.8,5.0,1,7,6,1,5,8,4.4,30.8
1182.6,2.1,3,16,5,3,3,14,7.8,24.2
,14.5,4,17,1,2,10,9,6.5,32.0
96.3,10.3,1,9,0,3,2,4,3.0,27.3
1246.6,1.4,3,1,3,2,2,8,2.4,26.0
783.7,6.0,3,7,3,2,5,22,2.1,25.0
523.6,,2,14,0,1,9,8,5.5,26.9
66.6,13.5,1,9,6,2,3,24,2.8,30.3
101.2,9.7,1,13,4,3,8,19,3.3,26.2
1199.3,10.0,4,20,4,3,9,12,8.5,30.0
760.1,16.2,3,18,3,4,5,16,5.4,29.8
267.1,5.9,3,14,6,3,2,23,4.0,24.4
,13.6,4,2,5,4,10,2,2.7,29.8
289.7,7.7,1,17,4,3,9,21,4.9,27.9
213.7,8.7,1,7,3,4,1,15,3.4,30.8
450.6,11.3,2,9,5,1,6,25,1.4,27.6
,,3,16,2,1,9,22,8.8,29.2
,18.9,3,19,6,3,6,23,6.1,28.8
,5.7,3,17,0,3,2,2,8.5,28.2
,2.5,2,7,0,2,10,12,7.7,25.1
,8.9,3,10,0,4,4,23,1.1,26.1
236.5,11.2,4,8,2,2,1,7,6.9,33.7
106.4,4.9,3,11,3,1,2,7,2.3,28.9
101.4,17.9,2,18,6,3,5,17,1.7,26.7
557.8,16.1,3,23,6,1,5,9,1.3,29.8
1092.3,10.1,2,9,0,1,7,15,8.6,29.8
240.3,9.3,1,7,5,2,2,10,6.1,30.3
1191.1,1.3,3,21,1,1,1,12,8.0,30.7
1087.7,11.0,3,3,2,3,3,4,6.7,29.9
55.7,12.1,3,9,6,2,1,21,2.2,24.7
,17.9,2,22,6,4,1,3,6.5,33.2
332.8,10.3,2,21,5,1,7,5,2.0,27.1
131.4,3.6,3,19,1,2,4,7,1.5,24.7
,4.0,3,21,0,4,2,7,4.1,24.8
107.5,3.6,3,5,6,3,2,1,1.9,25.0
1213.8,18.8,3,1,1,2,8,24,7.4,29.6
764.8,16.0,1,20,1,3,7,15,6.4,29.0
1105.5,16.6,3,11,3,2,1,13,7.1,33.0
1138.5,16.9,4,6,1,4,7,4,9.2,33.6
784.8,,1,11,4,3,7,16,4.3,25.1
1391.8,14.2,3,19,6,2,7,3,6.0,30.1
1485.8,14.2,1,11,2,1,8,7,4.4,31.6
570.9,4.9,2,15,3,3,7,15,2.3,22.1
,10.1,3,12,6,4,8,25,8.6,29.5
576.7,13.4,3,11,6,4,2,15,6.2,31.1
,18.0,1,22,0,3,10,12,6.6,31.8
820.0,2.7,3,22,5,4,3,17,3.3,22.4
,17.9,1,10,0,4,8,19,8.5,31.7
746.7,18.5,3,19,1,2,8,13,5.6,29.3
1156.6,18.5,3,17,4,4,5,9,1.6,29.5
447.3,0.6,2,3,0,1,5,23,3.9,24.6
829.3,4.8,3,20,1,4,9,8,5.1,23.7
536.0,14.0,3,16,3,4,7,4,4.0,28.2
1188.2,6.8,4,20,2,3,3,8,2.0,24.9
977.3,1.7,1,18,3,4,1,20,3.9,23.7
,15.4,3,22,6,1,2,2,1.0,31.1
,,1,12,2,1,4,11,2.9,30.6
296.7,9.2,1,1,2,2,7,2,6.7,29.2
1100.5,19.0,2,6,1,1,5,23,5.9,32.7
872.6,9.1,3,3,6,1,8,9,4.4,29.1
632.1,18.3,1,5,1,1,7,6,9.6,36.8
1056.4,8.5,4,13,0,2,8,18,1.4,26.4
1292.1,7.3,3,23,3,3,10,24,6.8,23.7
,2.6,4,18,5,1,1,2,6.6,30.4
840.8,,2,10,0,2,6,22,5.7,27.4
1097.9,7.1,2,11,4,3,4,10,3.4,24.5
650.2,17.0,3,12,3,1,8,5,5.5,32.7
1194.1,18.4,3,9,5,2,9,2,5.2,31.0
1252.1,0.9,3,14,0,4,7,11,2.3,22.1
249.1,2.4,4,22,6,2,8,7,3.1,24.0
395.1,13.0,3,2,6,1,10,7,4.9,29.4
441.5,10.0,4,8,4,4,6,5,4.3,29.5
,6.3,1,1,4,4,9,4,2.2,25.7
619.2,5.6,3,20,4,4,2,20,3.1,24.9
329.9,4.9,3,4,1,2,3,10,6.3,26.3
913.5,10.7,3,15,6,1,10,21,7.3,29.1
197.3,0.8,3,1,5,2,3,14,7.8,26.7
441.4,14.9,3,11,5,4,1,2,5.9,32.4
1015.0,6.4,4,21,3,4,10,11,1.5,28.3
627.9,8.8,2,22,0,1,4,3,3.1,31.6
661.1,10.8,1,3,3,1,6,9,7.6,32.5
1207.0,4.6,1,15,3,2,8,21,3.6,24.0
,17.7,2,5,1,1,5,9,7.0,33.1
869.3,13.8,3,17,6,1,1,6,6.8,32.1
164.6,17.5,3,12,2,2,8,5,5.6,30.0
199.2,9.8,2,19,6,2,7,4,3.8,25.4
1454.3,8.9,4,21,6,3,3,6,1.7,26.5
1034.9,5.1,4,8,0,4,7,23,7.6,27.3
,11.1,3,1,1,3,9,14,3.2,25.8
1029.9,12.1,3,7,2,3,10,20,3.5,24.6
310.4,8.7,2,5,4,4,6,4,2.1,24.0
700.1,3.3,3,2,0,3,1,16,7.6,27.6
1207.2,5.8,3,17,1,4,9,21,9.6,28.2
,0.8,1,21,5,4,5,20,5.3,24.8
394.1,6.7,3,12,3,1,7,19,4.3,26.7
914.1,11.8,3,12,3,4,9,19,5.6,25.9
277.8,19.1,2,14,3,1,3,25,4.5,33.4
1439.5,4.0,3,21,6,2,1,10,3.8,27.2
415.7,1.6,3,0,0,3,10,8,9.7,24.8
1103.6,6.3,2,12,3,4,2,3,9.4,28.1
385.1,3.6,2,20,0,4,5,5,6.6,27.6
943.3,14.1,1,3,0,2,8,11,1.2,27.3
1005.9,0.6,3,13,3,2,8,2,4.3,23.1
526.2,19.6,3,0,6,2,2,19,2.8,30.9
1237.3,17.2,1,20,2,2,3,9,6.2,33.8
1333.8,10.1,4,15,5,2,7,9,4.6,28.0
1289.9,18.5,4,23,6,1,5,24,4.7,33.3
,12.7,3,7,0,3,6,2,9.3,29.7
1129.3,19.9,4,17,4,4,8,15,9.1,34.5
861.3,5.9,3,18,6,3,9,15,3.4,24.0
909.3,19.9,2,0,6,1,7,24,6.6,34.7
742.3,4.0,3,18,5,3,2,11,8.8,26.7
920.4,7.4,2,17,6,3,10,23,9.6,26.4
246.7,18.7,3,14,4,2,6,17,7.7,32.0
642.8,7.7,4,13,0,1,8,10,1.9,30.0
307.6,4.6,3,19,6,4,7,14,7.1,24.1
,1.7,2,2,6,3,4,11,5.4,24.8
235.3,3.4,1,9,1,1,7,16,3.6,26.5
,7.4,4,6,6,2,9,8,9.0,30.8
1183.8,8.7,1,20,4,3,9,9,6.7,25.6
847.3,11.1,4,4,3,3,10,19,9.2,29.8
84.3,,1,1,5,3,1,25,1.6,28.6
1193.4,0.8,3,22,4,1,10,15,8.1,29.3
1368.7,16.9,2,9,5,3,4,9,6.3,28.9
,11.8,2,19,2,1,10,2,3.7,27.7
1243.4,15.3,2,5,2,1,6,24,8.9,34.8
,15.3,1,16,0,1,7,23,8.2,34.7
900.3,18.1,1,22,6,3,8,6,6.1,30.7
1445.8,2.3,2,18,1,4,8,20,9.7,25.3
1425.8,11.6,3,7,0,4,4,17,8.2,28.3
504.2,18.2,3,14,0,3,7,24,5.2,27.8
1302.0,14.5,2,19,2,4,6,13,1.5,26.3
1199.1,2.4,3,20,3,1,4,7,6.5,27.7
1174.9,12.5,3,7,5,1,1,9,4.9,31.5
1349.6,16.1,4,5,4,2,9,19,6.2,30.6
607.1,,3,10,5,2,5,6,1.4,25.6
630.1,12.8,3,6,0,2,3,16,8.4,28.9
,16.9,4,17,0,3,4,21,8.2,33.4
1119.8,10.7,4,14,1,1,5,4,7.8,34.8
1325.6,4.3,4,11,2,1,10,14,8.0,30.3
1320.0,11.2,3,19,0,4,4,7,2.6,28.0
1095.9,12.0,3,5,6,3,2,13,5.6,28.8
1437.5,8.4,4,20,6,2,2,5,7.8,32.1
309.0,13.8,3,13,3,4,10,8,6.6,29.6
1428.0,8.9,2,23,5,3,8,4,5.7,22.9
143.1,17.6,4,14,1,4,1,10,4.2,36.1
855.7,15.9,4,18,0,3,5,17,7.0,33.2
180.8,16.2,1,4,6,3,3,8,1.4,30.9
873.6,10.8,1,5,5,4,6,22,1.3,25.4
615.7,,4,13,5,4,7,16,4.9,27.3
168.3,14.6,2,5,5,3,6,25,5.9,28.1
989.8,1.8,3,1,4,3,5,17,3.9,22.4
1110.2,10.6,1,10,5,1,7,6,7.1,32.3
302.6,,2,6,6,4,8,15,9.4,26.0
1056.9,10.8,3,15,6,1,2,17,2.2,28.1
,13.9,4,13,6,1,7,12,5.3,34.3
249.2,8.7,3,12,3,2,6,2,9.5,30.2
263.7,8.6,1,19,5,1,5,5,9.6,32.5
918.7,2.9,2,1,1,1,3,6,5.4,27.0
1179.2,6.4,2,18,2,2,6,11,7.9,27.6
915.5,9.2,4,11,6,2,10,22,2.7,25.7
1223.6,17.3,3,16,2,1,5,1,8.2,34.9
907.6,18.0,4,19,5,4,1,24,9.8,35.0
,19.1,4,7,3,1,3,14,4.0,37.5
1466.0,2.5,3,5,1,1,10,25,3.1,23.6
,6.3,1,18,2,4,9,18,2.1,23.5
267.4,9.5,4,15,4,3,1,12,5.0,30.1
246.3,13.0,1,4,0,2,9,3,3.9,26.5
916.3,14.2,4,6,3,2,2,19,5.5,31.3
843.3,,3,20,0,4,4,16,5.7,28.1
,10.2,2,13,3,1,10,10,8.8,30.8
1329.1,11.4,3,21,2,3,7,21,8.9,29.1
1437.3,19.2,3,16,4,1,7,18,4.9,31.8
417.2,5.2,3,4,5,1,3,8,7.8,32.0
350.0,16.2,3,4,0,1,4,4,6.0,32.3
360.2,14.4,2,23,0,3,1,17,7.5,29.8
611.8,3.2,3,17,3,2,6,4,7.3,27.4
1287.2,18.6,3,14,5,3,5,14,8.5,32.1
914.1,,4,16,1,4,2,25,2.5,32.2
148.0,15.7,4,9,5,1,3,19,8.2,37.8
735.8,3.0,3,7,0,3,1,8,3.0,24.4
181.0,3.2,4,19,2,4,1,25,7.2,29.8
,13.8,3,21,3,1,1,23,9.6,33.6
635.1,2.6,1,21,4,2,4,13,6.3,29.4
,2.7,1,18,2,1,3,1,9.0,31.2
,8.3,4,20,6,1,2,23,8.3,33.8
1318.4,0.6,3,12,3,4,2,21,7.3,26.2
73.6,14.6,4,7,4,2,10,25,1.7,28.8
1172.3,11.0,3,1,0,1,5,24,1.2,28.8
82.9,2.0,1,7,6,4,6,13,9.2,24.4
,11.1,3,10,3,2,9,1,7.3,30.4
1325.5,1.6,3,2,3,2,10,10,5.9,25.5
1051.1,1.9,3,7,1,4,4,10,1.0,24.6
299.4,10.0,4,22,4,4,8,8,2.1,28.0
,10.2,3,6,0,3,4,21,7.2,29.1
1096.8,,3,9,3,4,3,21,3.1,26.1
,12.6,3,15,5,1,2,1,4.2,32.2
969.8,8.1,2,21,5,4,4,23,8.5,29.3
85.8,11.9,4,22,4,3,10,8,3.9,28.4
774.6,7.3,2,19,2,3,2,5,5.7,28.3
271.8,14.4,3,3,3,2,2,7,1.6,25.9
,11.8,3,2,1,1,3,2,5.5,31.8
917.8,3.6,1,17,4,3,4,4,7.4,25.8
1176.5,13.9,3,21,1,4,4,8,3.1,29.5
102.3,15.8,3,14,2,1,10,3,6.2,30.4
1186.2,1.8,3,21,5,1,10,5,6.3,26.2
1074.3,12.4,3,16,0,4,5,7,8.3,31.3
,15.9,1,8,2,4,9,20,4.3,30.5
404.9,2.7,2,20,2,3,4,5,9.1,27.7
620.7,18.1,3,18,6,2,4,23,5.2,31.2
223.6,8.6,3,9,5,1,8,25,1.3,24.8
396.4,14.9,3,14,2,4,9,9,1.7,25.3
,18.0,1,13,4,3,1,1,9.2,32.7
513.2,19.8,2,2,1,1,6,8,1.7,30.4
303.8,11.9,3,6,5,2,4,4,8.1,30.5
323.6,14.2,4,5,2,4,4,1,9.9,35.9
1357.1,5.4,3,6,6,4,6,21,8.5,28.2
1186.6,6.2,3,12,6,3,6,3,4.7,22.9
549.5,17.1,3,12,1,1,10,20,3.1,29.7
1424.1,8.3,3,20,2,1,5,17,2.4,27.6
396.4,16.5,3,0,6,2,10,12,4.3,25.2
639.9,1.5,2,19,0,4,7,8,5.4,25.3
1229.6,,3,5,4,4,7,10,5.3,26.3
692.2,3.8,2,8,3,3,6,8,6.6,24.3
390.2,10.8,1,3,3,1,4,9,8.1,33.1
584.4,2.1,1,0,4,2,6,7,2.5,24.8
,7.2,1,2,3,2,6,25,4.0,26.9
949.9,19.7,2,5,2,3,2,23,7.7,30.9
638.1,16.0,1,9,3,4,10,22,9.0,29.9
675.4,15.3,1,7,6,1,9,21,8.6,32.0
432.7,3.1,1,2,0,3,7,7,9.7,29.0
,7.6,1,8,1,2,7,22,8.2,29.9
368.2,13.8,2,3,0,2,2,12,9.7,30.8
1307.9,0.9,4,16,4,3,6,5,9.4,26.9
1133.7,9.0,3,16,2,2,10,19,6.9,25.1
,18.6,1,1,0,4,2,25,7.4,31.5
1133.5,2.1,3,15,1,3,10,21,3.8,23.6
60.1,18.2,3,21,1,4,4,1,9.1,32.3
,4.3,2,22,0,4,3,4,7.3,28.5
688.4,4.2,3,1,5,4,10,4,9.1,26.0
731.2,4.3,2,22,0,3,7,24,2.9,22.1
1135.7,18.7,3,9,6,4,9,14,4.3,28.6
1446.1,12.3,3,20,6,3,9,21,1.8,24.6
601.0,15.1,3,4,6,2,1,4,9.4,32.8
558.4,7.6,1,16,1,4,3,13,8.3,31.0
,17.5,1,19,1,4,3,10,7.9,34.9
457.8,11.8,4,6,6,2,10,13,4.9,28.3
,12.2,3,17,4,4,6,17,1.1,26.1
1444.2,,3,4,3,2,2,13,9.7,30.6
1223.8,15.6,4,17,6,1,7,2,4.5,33.4
,13.8,3,22,1,3,4,21,3.2,26.9
,2.8,1,7,2,1,6,23,8.7,29.6
75.8,17.4,3,23,1,2,10,14,2.9,27.3
684.0,5.6,2,16,5,3,3,5,2.5,25.2
1403.7,19.9,3,12,1,2,10,21,5.2,30.1
250.6,8.0,3,7,0,1,8,15,5.1,25.8
219.9,2.8,1,13,2,1,1,22,9.0,31.7
150.0,6.7,1,23,3,1,4,16,10.0,32.3
1159.3,11.7,3,0,1,3,9,18,3.3,24.2
,8.1,3,20,6,4,9,20,2.8,25.9
,16.7,2,3,5,3,7,2,5.2,26.7
127.3,13.8,1,21,6,3,7,7,5.0,28.6
,4.7,3,13,2,4,9,12,8.4,27.9
700.5,11.0,4,21,2,1,2,18,1.9,32.1
278.9,15.9,3,4,3,1,5,7,2.4,29.8
477.9,17.9,3,1,6,4,4,12,2.8,29.2
776.7,8.2,3,11,3,4,10,2,1.7,26.3
528.0,18.5,3,18,2,3,8,16,1.6,28.1
1456.1,1.2,2,19,4,1,8,17,5.6,25.5
738.4,13.7,1,18,0,1,1,14,9.0,37.5
589.6,15.7,1,19,6,3,8,13,8.4,31.2
1026.1,8.8,4,18,4,1,9,25,2.7,26.2
,0.7,3,20,3,3,5,2,2.3,22.2
53.5,13.9,1,4,0,4,9,18,6.5,31.6
946.8,7.2,3,5,2,2,4,16,4.0,26.0
403.5,3.5,2,0,4,2,7,12,5.5,26.7
594.1,3.6,3,10,6,4,3,5,7.5,25.7
,15.5,3,6,3,4,6,24,9.1,29.1
,4.2,4,15,6,2,1,24,2.7,28.9
,9.9,3,13,3,1,2,9,1.6,30.3
292.7,19.4,4,13,5,1,10,18,3.0,33.0
782.9,15.3,2,15,0,1,8,3,6.0,32.9
513.1,11.2,3,23,5,3,6,1,1.8,24.8
1373.7,10.8,4,2,1,4,5,25,3.9,27.9
824.8,3.8,2,6,2,3,6,22,3.7,23.5
1305.6,9.2,3,10,2,4,8,1,2.0,24.9
615.8,3.3,4,1,3,3,4,2,9.8,30.3
,2.1,3,19,4,1,4,4,8.7,30.0
132.0,2.6,2,9,2,2,8,1,6.3,24.7
,12.3,2,4,0,3,6,10,9.0,31.4
163.4,4.3,3,12,4,1,5,10,3.6,26.2
95.9,3.4,4,4,2,1,5,17,8.6,32.0
1382.4,17.4,1,9,5,2,9,4,7.1,31.4
,2.9,2,15,4,4,6,22,3.1,23.8
956.4,14.3,2,7,2,3,1,21,7.1,30.0
822.1,8.6,3,19,0,3,9,18,5.6,26.2
875.9,11.8,3,6,3,3,3,24,5.5,27.9
976.1,1.0,3,2,5,3,1,5,9.4,26.3
1248.5,0.5,3,10,5,4,3,20,4.5,23.0
915.5,16.4,3,4,2,2,2,11,9.3,31.9
1135.4,9.8,3,16,1,2,1,10,8.5,29.5
457.4,1.9,3,12,0,2,7,18,4.8,24.6
1466.3,7.2,1,3,4,3,7,8,8.0,27.7
,10.4,1,8,1,2,4,1,2.0,28.6
610.5,3.1,4,20,5,4,8,9,5.5,25.4
1329.0,11.2,3,19,4,3,1,20,1.6,25.7
311.8,10.8,2,15,0,2,5,3,2.8,27.6
254.9,12.3,3,21,4,2,6,22,4.2,28.5
,16.3,3,2,1,2,8,23,1.8,25.0
670.9,8.5,1,17,6,4,3,12,9.0,32.7
,17.8,3,0,0,4,10,7,8.9,32.6
1262.4,9.8,1,14,2,3,4,21,1.0,26.8
722.9,9.4,4,1,0,1,8,7,1.9,31.6
1460.8,13.3,3,8,4,1,2,6,9.5,34.1
981.3,12.5,4,2,3,3,7,18,1.0,26.1
