session_count,device_type,pages_viewed,time_on_site,key_pages_viewed,consultation_requested,visit_time_of_day,weekend,order_made
4,ПК,10,6.12,0,0,утро,1,0
1,смартфон,5,18.68,1,0,день,0,0
3,смартфон,6,7.82,0,0,день,0,1
3,смартфон,4,1.0,0,0,вечер,1,0
1,планшет,3,5.39,1,0,утро,0,0
2,ПК,2,4.91,3,0,день,1,0
1,смартфон,7,23.01,4,0,утро,0,0
1,смартфон,4,3.64,4,1,день,0,1
2,смартфон,5,1.0,2,0,утро,0,0
2,ПК,4,4.38,2,0,утро,1,0
1,смартфон,3,1.0,3,0,вечер,0,0
1,смартфон,8,17.86,1,0,вечер,0,1
4,смартфон,3,8.92,0,0,утро,0,0
2,смартфон,3,6.34,1,0,утро,0,0
1,смартфон,6,4.46,1,0,вечер,0,0
3,смартфон,5,5.41,1,0,утро,0,0
2,ПК,5,15.5,2,0,утро,0,1
6,ПК,5,1.98,1,0,день,0,1
1,ПК,2,1.0,0,0,ночь,0,1
1,смартфон,5,8.25,2,1,день,0,1
2,смартфон,3,19.58,2,1,день,0,0
2,смартфон,5,8.26,1,0,вечер,0,0
1,планшет,7,15.9,0,0,вечер,1,0
3,смартфон,3,22.33,1,1,утро,0,1
4,ПК,4,1.0,1,0,вечер,0,0
1,смартфон,7,8.9,0,0,вечер,0,0
3,ПК,4,17.88,1,0,вечер,0,0
1,планшет,5,10.32,5,0,вечер,1,0
4,смартфон,2,8.95,0,0,утро,1,0
4,планшет,2,15.52,1,0,день,0,0
2,ПК,1,12.28,2,0,день,0,0
1,ПК,8,6.96,3,1,утро,1,1
1,планшет,4,1.0,0,1,утро,0,0
2,смартфон,5,9.5,2,1,вечер,0,1
2,ПК,3,2.4,4,1,утро,1,1
2,планшет,6,2.93,1,0,ночь,0,1
1,смартфон,4,11.38,0,0,утро,1,0
5,смартфон,1,6.03,1,0,день,0,0
4,смартфон,4,12.62,0,1,утро,0,1
1,смартфон,3,4.98,2,0,ночь,0,1
1,ПК,3,20.4,1,0,день,1,1
2,смартфон,7,5.57,1,0,день,1,0
2,смартфон,3,6.81,1,0,вечер,1,0
1,смартфон,3,1.35,2,0,утро,0,1
2,смартфон,5,7.0,2,0,утро,1,0
2,смартфон,8,2.74,1,1,ночь,1,1
3,смартфон,5,14.4,0,0,ночь,0,1
1,смартфон,1,12.52,1,0,день,0,1
1,планшет,8,1.0,3,1,день,0,1
2,смартфон,7,6.81,1,0,вечер,0,1
2,смартфон,4,1.0,0,0,ночь,0,0
1,смартфон,4,8.42,2,0,утро,0,0
3,смартфон,2,23.19,2,1,вечер,0,1
2,смартфон,7,20.19,3,0,утро,0,1
3,смартфон,2,2.79,3,0,день,0,1
2,смартфон,6,1.51,3,0,утро,0,0
1,смартфон,3,15.66,3,0,день,0,0
2,смартфон,3,7.9,3,0,день,0,1
1,планшет,6,5.51,1,0,день,1,0
1,смартфон,4,16.63,3,0,ночь,0,1
3,ПК,1,2.91,2,0,день,0,0
1,ПК,6,2.54,0,0,вечер,0,0
4,ПК,5,9.47,2,0,утро,0,0
2,смартфон,9,3.18,2,0,утро,0,1
1,ПК,6,5.57,1,0,день,0,0
4,смартфон,3,6.07,5,0,вечер,0,1
5,смартфон,1,2.29,1,0,утро,1,0
2,смартфон,4,1.0,2,0,утро,0,0
1,ПК,3,14.55,1,0,вечер,0,1
1,смартфон,7,15.31,1,0,вечер,0,1
1,ПК,4,9.12,5,0,день,1,1
1,смартфон,3,1.61,2,0,утро,0,0
2,ПК,3,6.47,0,1,вечер,0,0
2,ПК,3,1.96,1,0,день,1,1
5,ПК,11,21.31,1,0,ночь,0,1
1,смартфон,6,11.95,2,0,утро,0,1
2,ПК,5,1.0,2,0,утро,1,0
4,ПК,2,1.0,3,0,утро,0,0
1,смартфон,3,41.2,1,0,утро,0,0
2,смартфон,9,1.0,0,1,вечер,0,1
1,планшет,5,20.09,1,0,утро,0,0
4,смартфон,6,31.19,1,0,вечер,0,0
5,ПК,6,3.68,1,0,день,1,1
2,смартфон,5,7.77,2,0,ночь,0,1
1,смартфон,2,10.42,1,0,день,0,0
3,смартфон,3,7.35,2,0,день,0,1
2,смартфон,1,2.4,1,0,ночь,0,0
5,смартфон,3,8.7,2,0,утро,0,0
5,ПК,3,2.99,0,0,ночь,0,0
5,смартфон,5,1.8,3,1,день,0,1
1,ПК,3,7.04,0,0,утро,0,0
1,ПК,5,4.65,3,1,день,0,1
1,смартфон,4,1.0,1,1,день,1,1
2,смартфон,3,29.89,4,0,утро,0,1
1,смартфон,1,1.0,1,0,утро,0,0
1,смартфон,2,23.33,1,1,день,0,1
2,смартфон,5,2.1,0,1,утро,0,0
2,смартфон,3,1.53,1,0,вечер,1,1
1,ПК,4,1.0,1,0,вечер,0,1
1,смартфон,4,5.55,1,1,ночь,1,1
3,смартфон,2,8.84,3,0,вечер,0,1
3,ПК,4,23.41,3,0,утро,1,1
1,ПК,4,15.31,2,1,утро,0,0
1,ПК,1,1.74,0,1,утро,1,0
1,ПК,1,1.84,1,1,день,0,1
4,смартфон,3,1.0,1,0,день,0,0
1,ПК,3,11.64,1,0,день,0,0
3,ПК,1,1.0,1,0,утро,0,0
4,смартфон,2,1.49,3,1,ночь,0,1
1,смартфон,5,10.07,3,0,утро,0,1
1,смартфон,2,1.63,0,0,утро,0,1
1,смартфон,1,1.66,1,0,вечер,0,0
1,смартфон,3,2.67,1,0,день,0,1
1,планшет,3,4.87,1,0,вечер,1,0
3,смартфон,5,1.0,2,0,день,1,0
2,смартфон,5,13.71,1,0,день,0,1
2,смартфон,5,14.86,2,0,вечер,0,1
1,ПК,2,4.57,1,0,утро,0,0
2,смартфон,4,16.0,2,0,вечер,0,0
2,смартфон,9,3.35,1,1,вечер,0,0
1,планшет,2,42.47,3,0,ночь,0,0
1,смартфон,2,5.07,5,0,утро,0,1
3,смартфон,3,11.05,3,0,день,0,0
4,смартфон,2,3.89,2,0,день,1,0
3,ПК,4,5.99,2,0,день,0,0
1,планшет,8,10.36,4,0,утро,0,0
1,смартфон,4,4.27,1,0,вечер,0,0
1,смартфон,2,10.69,0,0,день,1,0
1,планшет,2,1.58,1,0,ночь,1,0
2,ПК,3,6.61,0,0,день,0,0
2,планшет,6,3.19,0,0,день,0,0
5,ПК,4,25.26,1,0,день,0,1
1,смартфон,3,17.41,1,0,утро,0,1
3,планшет,2,6.68,4,1,вечер,0,1
4,ПК,1,6.05,4,0,вечер,1,0
2,ПК,1,17.96,1,0,вечер,0,0
3,ПК,4,11.73,0,0,день,0,0
2,смартфон,3,11.5,0,0,день,1,0
1,ПК,7,7.95,1,0,ночь,1,1
4,планшет,8,19.83,3,0,день,0,1
1,ПК,3,2.1,2,0,вечер,0,1
3,смартфон,5,19.8,0,0,день,1,1
1,планшет,5,7.36,3,0,день,0,1
1,ПК,1,9.71,0,0,вечер,0,0
3,смартфон,3,32.81,5,0,утро,0,0
1,планшет,4,5.53,1,0,вечер,1,0
1,ПК,4,11.03,1,0,день,0,1
1,смартфон,1,7.38,3,0,вечер,0,0
1,смартфон,3,26.82,3,1,вечер,0,1
1,смартфон,5,6.69,2,0,вечер,1,0
2,смартфон,2,2.96,1,0,день,0,0
1,смартфон,3,6.59,3,0,день,0,0
3,смартфон,4,24.86,1,0,вечер,0,1
4,смартфон,3,6.95,1,1,утро,0,1
4,смартфон,4,1.58,1,0,вечер,0,1
1,смартфон,6,7.8,0,0,день,1,1
1,планшет,3,4.9,2,0,день,0,1
1,смартфон,5,10.49,1,0,день,0,1
1,ПК,5,2.76,0,0,ночь,0,0
4,смартфон,2,3.89,0,0,вечер,0,0
2,смартфон,3,7.27,2,0,ночь,0,1
1,смартфон,4,1.26,1,0,утро,0,0
1,ПК,5,2.36,1,0,ночь,0,0
3,планшет,3,16.16,0,0,утро,0,0
4,ПК,4,28.0,2,1,утро,0,1
4,смартфон,5,34.91,4,0,утро,0,0
3,планшет,8,27.69,0,0,утро,0,1
2,смартфон,2,28.48,0,0,вечер,0,1
2,ПК,1,17.21,3,0,вечер,0,0
1,смартфон,3,13.3,1,0,день,0,0
4,смартфон,5,2.64,1,0,утро,0,0
2,смартфон,5,5.83,2,0,день,0,1
5,планшет,2,5.07,1,0,ночь,0,0
2,смартфон,5,13.11,1,0,день,0,1
1,смартфон,7,6.45,1,0,вечер,0,1
3,смартфон,5,4.47,1,1,день,1,1
5,ПК,3,16.82,0,0,вечер,1,1
1,смартфон,7,13.86,0,0,день,0,1
1,ПК,2,4.6,0,0,вечер,0,0
8,ПК,3,5.44,2,1,утро,0,1
1,ПК,2,22.37,1,0,вечер,1,0
2,ПК,3,13.19,2,0,день,1,0
3,ПК,5,11.71,3,0,день,0,1
4,смартфон,2,12.44,1,1,день,0,1
3,смартфон,2,1.08,2,0,день,0,1
1,планшет,2,8.29,3,1,день,1,1
1,смартфон,5,3.44,3,0,утро,0,0
3,смартфон,5,1.0,0,0,утро,0,0
1,планшет,2,13.13,2,0,утро,0,1
2,смартфон,7,3.63,2,0,вечер,1,1
3,ПК,7,3.71,3,0,день,0,1
5,планшет,3,10.21,2,0,ночь,0,0
2,смартфон,6,10.97,0,0,вечер,1,1
3,смартфон,4,6.43,1,0,день,0,0
2,смартфон,4,8.13,0,1,день,0,1
1,ПК,9,18.9,2,0,вечер,0,1
1,смартфон,7,1.13,2,0,утро,0,1
1,смартфон,5,1.0,1,0,утро,0,0
1,планшет,3,10.68,4,0,день,1,0
3,смартфон,6,9.26,2,0,день,0,1
1,смартфон,4,2.06,2,0,утро,1,0
1,смартфон,1,7.38,0,0,день,1,0
1,смартфон,3,13.69,2,0,утро,0,0
1,смартфон,1,13.16,1,0,вечер,1,0
1,ПК,2,9.06,1,0,ночь,1,0
1,смартфон,5,1.4,0,0,вечер,1,1
2,смартфон,9,3.62,1,0,утро,0,1
1,смартфон,4,5.21,2,0,вечер,0,0
2,смартфон,3,15.52,1,0,день,0,0
2,ПК,4,7.85,2,0,вечер,0,0
3,смартфон,5,13.21,1,0,день,0,0
1,ПК,4,25.71,3,0,ночь,1,1
2,смартфон,6,9.78,0,0,вечер,0,1
2,ПК,4,2.71,0,0,утро,0,0
3,смартфон,3,1.5,1,0,вечер,0,0
1,смартфон,7,1.0,1,0,день,0,0
2,смартфон,5,1.93,2,0,вечер,0,0
1,планшет,2,3.14,1,0,день,0,0
1,смартфон,4,3.14,2,0,утро,0,0
1,смартфон,3,11.0,1,0,день,0,0
1,ПК,2,1.63,1,0,вечер,1,0
5,смартфон,6,5.72,3,0,утро,0,1
3,смартфон,3,1.0,1,0,ночь,0,1
1,ПК,2,3.03,1,0,день,0,0
1,смартфон,3,1.0,3,0,день,0,0
2,ПК,5,12.36,2,0,утро,0,1
3,смартфон,5,4.37,0,0,утро,0,0
1,смартфон,7,6.54,0,0,день,0,1
1,смартфон,3,14.33,0,0,день,1,0
1,ПК,1,19.87,2,1,ночь,0,0
1,ПК,3,7.27,0,0,вечер,0,0
3,ПК,1,10.49,3,0,вечер,0,1
4,смартфон,5,13.32,2,0,день,0,0
1,ПК,4,3.36,1,0,ночь,0,0
3,смартфон,5,12.28,1,1,вечер,1,1
2,смартфон,7,10.6,1,0,утро,0,0
2,ПК,5,5.85,2,0,день,0,1
1,смартфон,9,4.17,1,0,утро,0,0
2,смартфон,3,36.37,0,0,вечер,0,1
1,смартфон,2,42.92,0,0,вечер,0,0
1,ПК,3,11.88,3,0,ночь,0,1
1,смартфон,7,4.85,2,0,ночь,0,1
1,смартфон,1,13.92,0,0,вечер,1,1
3,ПК,8,11.37,1,0,день,0,1
4,смартфон,4,7.87,2,0,утро,0,1
4,смартфон,1,1.41,2,0,день,1,0
2,планшет,5,29.3,2,0,вечер,0,0
1,ПК,4,2.65,1,0,день,0,1
3,смартфон,2,5.0,0,0,вечер,0,0
2,планшет,7,4.19,2,0,день,0,0
1,смартфон,6,1.67,2,0,день,0,1
2,смартфон,3,1.0,1,0,ночь,0,1
3,смартфон,6,26.56,2,0,утро,0,1
2,смартфон,4,13.45,3,0,день,0,0
2,смартфон,9,1.0,0,0,утро,0,0
4,ПК,4,11.64,0,0,вечер,0,0
1,планшет,3,1.39,0,0,утро,0,0
3,ПК,1,12.87,1,0,ночь,0,0
5,планшет,3,7.04,2,0,вечер,0,0
1,смартфон,4,38.1,1,0,утро,0,0
1,смартфон,4,5.66,2,0,вечер,1,0
3,ПК,2,13.82,3,0,утро,0,0
1,планшет,3,1.0,2,1,вечер,1,0
1,ПК,3,27.42,3,0,вечер,0,1
2,смартфон,1,8.27,2,0,ночь,0,1
2,смартфон,4,3.77,1,0,день,0,1
3,смартфон,1,1.36,1,0,вечер,1,0
1,смартфон,8,10.24,1,0,день,0,1
3,смартфон,2,13.72,3,0,ночь,0,0
2,смартфон,5,1.0,4,0,день,1,1
2,планшет,1,1.8,2,1,ночь,1,0
6,смартфон,4,4.87,5,0,день,0,1
3,смартфон,4,19.09,1,0,утро,1,0
3,планшет,4,40.7,1,1,день,0,1
2,смартфон,3,13.67,1,1,день,1,1
4,смартфон,3,1.0,1,1,вечер,1,1
1,смартфон,5,23.38,1,0,день,0,1
2,ПК,7,1.0,1,0,утро,0,0
1,смартфон,7,22.74,1,0,утро,0,0
3,ПК,5,5.28,2,0,день,0,0
2,смартфон,6,13.54,2,0,утро,1,1
1,смартфон,2,1.0,3,0,день,0,0
1,смартфон,1,1.8,1,0,день,0,0
3,смартфон,5,5.99,0,0,утро,0,1
1,смартфон,3,1.0,1,0,ночь,0,0
1,планшет,6,4.94,3,1,день,1,1
2,смартфон,1,13.94,3,0,ночь,0,1
1,планшет,5,10.63,1,0,утро,0,1
3,ПК,3,4.34,2,0,вечер,0,0
3,планшет,4,1.0,1,0,день,0,0
1,смартфон,5,3.14,0,0,день,0,1
2,ПК,3,14.97,2,1,утро,0,1
3,смартфон,3,4.16,2,0,утро,0,0
2,смартфон,3,4.74,3,0,день,0,1
3,ПК,5,1.0,0,0,вечер,0,0
2,смартфон,5,9.21,0,0,вечер,0,0
1,планшет,2,9.73,2,0,утро,0,0
1,смартфон,4,5.64,4,0,утро,0,0
1,смартфон,5,14.29,0,1,ночь,0,1
1,смартфон,11,20.94,0,0,вечер,0,0
1,смартфон,4,13.88,3,1,утро,1,1
1,смартфон,1,7.86,1,0,утро,0,1
2,смартфон,5,27.44,2,1,день,0,1
1,ПК,4,4.82,1,1,утро,1,0
3,ПК,1,10.63,2,0,вечер,0,0
2,ПК,9,8.56,1,0,утро,0,0
2,ПК,1,18.42,0,0,день,0,1
1,смартфон,7,6.92,4,1,день,0,1
1,ПК,2,8.06,3,0,день,1,0
1,смартфон,5,6.05,1,0,ночь,1,0
3,смартфон,2,1.51,2,0,день,0,0
1,планшет,3,21.75,0,0,день,1,0
2,смартфон,4,19.79,3,0,вечер,0,1
2,ПК,3,12.12,1,1,день,0,1
3,смартфон,4,4.27,1,0,утро,1,0
4,смартфон,5,4.39,3,0,утро,1,1
1,смартфон,2,1.0,1,0,ночь,1,0
2,смартфон,5,1.0,0,0,утро,1,0
1,ПК,8,7.21,0,0,ночь,1,0
3,ПК,4,1.0,3,0,день,0,1
1,смартфон,5,1.04,4,0,день,0,1
1,смартфон,4,2.89,0,1,ночь,1,1
2,смартфон,3,4.68,0,0,день,1,0
2,ПК,5,6.72,1,0,ночь,1,1
1,смартфон,5,3.92,2,0,день,0,0
1,ПК,3,28.25,0,0,вечер,1,0
4,планшет,3,30.14,3,0,утро,0,1
3,ПК,7,1.0,0,1,утро,0,0
1,смартфон,3,42.28,1,1,вечер,1,0
1,планшет,6,1.9,2,0,день,1,0
1,планшет,2,4.03,3,0,вечер,0,0
2,ПК,4,18.14,4,0,утро,0,1
1,ПК,3,11.64,4,0,вечер,0,1
2,смартфон,2,1.0,4,0,вечер,0,0
4,планшет,5,14.9,1,0,день,0,1
1,ПК,3,10.88,0,0,ночь,0,0
2,ПК,1,30.06,1,0,ночь,0,0
2,планшет,3,24.08,1,0,день,1,0
1,смартфон,3,36.98,0,0,день,0,1
1,смартфон,2,6.07,2,0,день,1,0
3,ПК,5,12.26,2,0,вечер,0,1
3,смартфон,1,32.68,3,0,вечер,0,0
2,смартфон,5,1.0,1,0,день,1,1
1,смартфон,3,15.56,1,0,ночь,0,0
1,планшет,3,1.0,1,0,утро,0,0
2,смартфон,5,60.0,0,1,утро,0,1
5,смартфон,2,1.0,1,0,вечер,0,1
2,смартфон,6,8.09,0,0,вечер,0,0
3,ПК,4,7.36,2,0,день,1,0
2,ПК,6,3.63,1,0,день,0,1
2,смартфон,2,13.18,1,0,утро,0,0
5,смартфон,6,2.97,0,0,день,0,0
4,планшет,4,3.44,4,1,утро,0,0
2,ПК,11,1.99,1,1,вечер,0,1
1,ПК,8,12.52,0,0,день,0,1
3,планшет,4,1.86,3,0,день,0,1
2,ПК,3,22.8,0,0,вечер,0,0
3,смартфон,3,3.39,1,0,день,0,0
1,смартфон,4,7.31,1,0,вечер,0,1
1,планшет,2,6.44,0,1,день,1,1
5,ПК,3,12.12,3,1,утро,0,1
3,смартфон,3,2.67,1,0,вечер,0,0
4,ПК,3,18.24,2,1,ночь,0,1
2,ПК,1,13.39,0,0,утро,0,1
1,планшет,7,4.19,3,0,вечер,0,1
1,смартфон,7,1.28,2,0,вечер,0,1
1,смартфон,5,7.03,1,0,утро,0,0
1,ПК,4,39.39,0,1,день,1,0
3,смартфон,1,1.0,4,0,день,0,1
3,смартфон,3,18.63,3,0,день,0,1
4,ПК,3,12.03,4,1,день,0,1
2,ПК,4,2.02,0,0,вечер,0,0
4,смартфон,3,6.47,1,1,утро,0,1
1,ПК,3,9.88,1,1,день,0,1
2,смартфон,3,11.93,0,0,утро,1,1
1,смартфон,1,25.43,1,0,день,0,1
5,планшет,8,20.64,1,0,день,0,1
2,ПК,5,3.98,0,1,ночь,0,1
2,смартфон,6,1.28,0,1,день,0,0
3,смартфон,8,1.1,1,1,день,0,1
2,смартфон,2,34.66,3,1,день,0,1
6,ПК,5,31.19,0,0,день,0,1
2,планшет,5,17.12,0,1,день,1,1
2,смартфон,1,39.35,2,0,день,1,1
2,смартфон,4,3.2,4,0,вечер,0,1
3,смартфон,7,17.46,3,0,вечер,0,1
3,планшет,5,6.98,2,0,вечер,0,1
3,ПК,3,16.06,1,0,вечер,1,1
6,смартфон,5,9.44,1,0,утро,0,0
1,ПК,2,18.72,2,0,вечер,1,0
2,смартфон,2,5.06,1,1,день,1,0
1,смартфон,5,45.23,1,0,вечер,0,1
2,смартфон,4,2.47,0,0,утро,0,0
3,смартфон,4,11.17,1,1,утро,1,0
3,ПК,4,16.22,1,0,день,0,0
2,планшет,1,8.81,2,0,день,0,0
1,смартфон,9,3.43,2,0,ночь,0,0
4,смартфон,2,8.24,1,1,утро,0,1
1,смартфон,5,7.03,3,0,день,0,1
2,смартфон,5,2.11,4,0,день,0,0
2,планшет,2,14.41,1,0,вечер,1,0
2,ПК,2,3.11,3,0,утро,0,1
1,смартфон,3,17.84,2,1,ночь,0,1
4,смартфон,5,2.41,2,1,ночь,0,1
1,смартфон,11,6.98,0,0,вечер,0,1
1,ПК,6,11.88,2,0,вечер,1,1
2,смартфон,3,54.8,2,1,вечер,0,1
2,смартфон,4,3.16,2,0,вечер,0,1
3,смартфон,3,10.1,2,0,день,0,1
2,смартфон,4,1.66,1,1,утро,0,0
1,смартфон,1,17.13,4,0,вечер,1,1
2,ПК,3,19.76,1,0,вечер,0,0
2,ПК,3,21.89,2,0,утро,0,1
3,смартфон,2,29.1,2,0,день,0,1
2,смартфон,3,4.4,2,0,день,0,1
2,планшет,5,10.98,3,0,утро,0,0
1,ПК,2,3.79,3,0,день,1,0
3,смартфон,3,16.29,1,0,утро,1,0
3,ПК,7,5.37,1,1,утро,1,1
4,ПК,3,8.09,2,0,утро,0,0
1,смартфон,5,1.43,2,0,день,0,1
4,смартфон,2,19.0,0,0,утро,0,0
1,планшет,2,6.6,3,0,вечер,1,0
2,планшет,6,10.23,2,0,ночь,0,0
1,смартфон,3,11.06,1,0,день,0,1
2,смартфон,7,3.21,2,0,день,0,1
2,смартфон,2,15.85,1,1,ночь,0,1
1,ПК,5,17.9,3,0,вечер,0,0
2,смартфон,2,7.25,2,0,день,0,0
4,смартфон,7,23.27,0,0,день,0,0
1,ПК,4,1.75,3,0,вечер,0,1
2,смартфон,4,5.35,0,0,день,0,1
3,планшет,4,1.0,2,0,вечер,0,1
1,смартфон,6,5.08,0,0,утро,1,0
2,смартфон,6,58.22,3,0,день,0,0
1,смартфон,6,6.22,1,0,утро,0,0
1,ПК,8,5.43,1,1,вечер,0,1
1,ПК,5,11.64,2,0,ночь,0,1
3,смартфон,5,1.0,2,1,вечер,0,1
1,ПК,6,4.37,1,0,вечер,0,0
2,ПК,3,7.62,2,0,утро,0,0
1,смартфон,6,6.62,3,1,день,0,1
5,смартфон,4,10.29,1,1,вечер,1,1
1,смартфон,4,1.5,1,0,вечер,0,1
4,планшет,5,5.15,4,0,ночь,0,1
2,планшет,4,10.04,2,0,вечер,0,0
1,смартфон,5,3.59,2,0,день,0,1
1,смартфон,3,9.49,3,0,вечер,1,1
3,смартфон,3,31.78,0,0,день,0,1
2,смартфон,5,26.65,3,0,вечер,1,1
3,смартфон,3,12.93,1,0,вечер,0,0
3,смартфон,4,1.96,0,0,утро,0,0
1,смартфон,5,15.34,3,0,вечер,0,1
1,ПК,3,5.92,2,0,вечер,1,1
1,смартфон,3,30.31,1,0,ночь,1,0
4,смартфон,3,9.45,2,1,ночь,0,0
2,смартфон,5,2.45,1,0,день,0,1
4,смартфон,2,3.75,0,0,день,1,0
3,планшет,5,3.84,2,0,вечер,0,0
2,смартфон,1,3.23,3,1,вечер,1,0
3,смартфон,3,14.78,0,0,вечер,0,0
2,смартфон,3,4.11,2,1,утро,1,0
2,смартфон,4,2.18,2,0,вечер,0,1
2,смартфон,4,9.07,1,0,утро,0,0
3,планшет,4,6.25,2,0,день,0,1
1,смартфон,4,1.0,1,1,утро,0,1
2,ПК,5,3.27,2,0,день,0,0
3,смартфон,6,1.0,1,0,утро,0,1
2,смартфон,5,14.57,2,0,день,0,1
1,смартфон,8,30.16,0,0,вечер,1,1
1,ПК,2,6.93,0,0,утро,0,1
2,смартфон,2,8.17,2,1,день,0,1
2,смартфон,1,18.65,0,0,утро,0,0
1,смартфон,2,1.0,5,0,утро,0,0
1,планшет,3,1.77,3,0,день,0,1
5,смартфон,3,10.62,0,1,утро,0,1
2,ПК,2,13.54,1,0,вечер,0,0
1,планшет,8,9.84,0,0,утро,0,0
2,ПК,6,28.01,1,0,ночь,0,1
1,смартфон,1,4.98,2,1,ночь,0,1
2,ПК,4,8.1,0,0,вечер,0,1
1,смартфон,2,31.33,4,0,вечер,0,1
3,смартфон,7,22.99,1,0,вечер,0,1
4,ПК,5,1.0,1,0,вечер,0,0
2,смартфон,3,4.34,2,0,утро,0,0
1,ПК,2,13.43,3,1,ночь,1,1
2,смартфон,3,1.0,2,0,вечер,0,1
2,ПК,4,19.88,1,0,день,1,1
3,смартфон,3,6.97,1,0,утро,0,0
5,ПК,3,1.0,3,0,вечер,1,0
2,смартфон,6,5.84,1,0,ночь,0,0
3,смартфон,4,6.78,3,0,день,1,1
3,планшет,6,4.57,1,0,утро,0,1
2,ПК,3,6.06,0,0,ночь,0,0
5,смартфон,7,22.2,1,1,утро,0,1
2,смартфон,4,3.92,3,0,вечер,0,1
5,смартфон,6,32.42,1,0,ночь,0,1
1,смартфон,1,11.62,1,0,день,0,0
1,смартфон,5,22.64,0,0,утро,0,1
1,ПК,6,2.34,2,0,вечер,1,1
2,смартфон,10,6.77,2,0,утро,0,1
1,смартфон,4,8.33,1,0,день,0,1
1,ПК,9,1.0,0,0,вечер,0,1
1,смартфон,3,6.81,0,0,день,0,0
3,смартфон,7,19.73,3,0,день,1,1
3,планшет,2,1.0,1,0,день,0,0
1,ПК,5,10.28,2,0,день,0,1
1,планшет,3,44.88,1,0,день,0,1
2,планшет,4,7.5,3,0,вечер,0,0
5,смартфон,7,3.61,1,0,вечер,0,0
1,смартфон,3,8.79,1,0,утро,0,0
3,ПК,8,7.8,3,0,утро,1,0
1,смартфон,3,1.11,2,0,утро,1,0
2,смартфон,1,2.41,3,0,вечер,0,0
1,ПК,4,11.07,5,0,утро,0,0
1,планшет,4,8.98,1,0,день,0,0
2,смартфон,3,4.22,4,0,день,0,1
2,ПК,4,38.41,0,0,день,0,0
1,ПК,4,10.35,1,0,день,0,0
1,ПК,4,2.62,2,0,ночь,1,0
1,ПК,2,6.37,2,0,день,0,0
1,смартфон,2,12.43,1,0,утро,0,0
3,ПК,3,11.15,3,0,утро,0,0
2,планшет,1,2.83,2,0,день,0,0
5,ПК,3,10.44,1,1,день,1,0
1,ПК,4,4.05,3,0,день,0,0
3,смартфон,5,6.12,3,0,утро,0,1
2,смартфон,4,11.06,3,0,утро,0,1
3,смартфон,6,8.7,1,1,вечер,0,1
3,ПК,2,12.47,2,0,день,0,0
3,ПК,2,4.81,2,0,утро,1,0
1,смартфон,3,13.94,5,0,вечер,0,1
3,смартфон,5,1.0,1,1,вечер,0,1
2,ПК,3,2.08,2,0,день,1,0
1,смартфон,7,36.2,2,0,утро,0,0
2,смартфон,5,1.0,2,0,вечер,0,0
3,смартфон,3,10.84,2,0,утро,0,0
1,ПК,7,24.86,1,0,утро,1,0
2,ПК,5,19.63,2,0,день,0,0
1,смартфон,2,24.39,2,0,вечер,0,1
1,смартфон,6,41.29,3,1,вечер,0,1
2,планшет,4,4.42,0,0,ночь,0,0
1,ПК,6,4.01,1,0,вечер,1,1
1,планшет,2,1.29,1,0,день,0,0
1,смартфон,6,2.25,2,1,вечер,0,1
2,смартфон,4,10.58,1,1,утро,0,1
3,ПК,6,4.02,3,1,утро,0,1
4,смартфон,2,4.17,0,0,ночь,0,0
2,смартфон,5,10.38,3,0,вечер,0,1
2,ПК,5,1.11,0,0,день,0,0
2,ПК,4,1.0,3,0,вечер,1,0
1,планшет,7,16.24,1,0,день,0,0
2,планшет,3,15.6,0,1,утро,1,1
3,смартфон,5,4.86,0,1,утро,0,0
1,смартфон,6,8.99,4,0,день,1,1
6,смартфон,7,2.72,1,0,день,0,1
1,смартфон,2,4.58,0,0,вечер,0,0
3,смартфон,1,1.0,1,0,день,0,1
1,ПК,4,3.2,1,0,день,0,0
1,смартфон,3,1.0,2,0,ночь,0,0
3,смартфон,4,5.52,4,0,утро,0,1
3,смартфон,4,7.33,3,0,день,0,1
3,планшет,5,6.84,2,0,ночь,0,0
1,смартфон,1,4.17,3,1,день,0,0
6,ПК,6,2.32,1,0,утро,0,1
1,смартфон,3,6.06,1,1,день,0,1
1,планшет,1,20.4,1,1,вечер,0,0
4,планшет,3,40.88,0,0,вечер,0,1
1,смартфон,1,3.75,2,0,день,0,0
5,планшет,6,36.66,0,0,утро,1,0
2,смартфон,3,5.7,2,0,ночь,1,1
1,ПК,4,9.5,1,1,утро,1,1
1,ПК,8,16.28,3,0,ночь,0,1
1,смартфон,5,4.45,0,0,день,0,1
4,смартфон,6,2.34,1,1,ночь,1,1
2,смартфон,3,3.19,2,0,утро,0,0
2,ПК,3,18.24,0,1,вечер,1,1
1,смартфон,2,27.25,1,0,вечер,1,1
1,планшет,3,1.38,0,0,день,0,1
2,планшет,4,11.86,2,0,утро,1,0
1,планшет,1,1.0,2,0,утро,1,0
3,смартфон,6,20.79,1,0,утро,0,1
1,смартфон,4,19.44,3,0,утро,0,1
1,смартфон,2,14.9,2,0,вечер,0,1
1,смартфон,5,17.39,0,1,вечер,0,1
4,смартфон,7,9.27,0,1,вечер,0,1
3,смартфон,3,1.59,2,0,вечер,0,0
2,смартфон,1,24.6,1,0,день,0,0
2,смартфон,1,1.52,5,0,утро,0,0
2,смартфон,2,2.55,2,1,день,0,1
2,смартфон,2,5.67,0,1,день,0,1
2,смартфон,7,6.89,0,1,утро,0,1
1,смартфон,1,1.01,1,0,вечер,1,1
1,смартфон,4,14.34,1,0,день,0,0
4,планшет,3,1.48,3,0,день,1,0
1,смартфон,5,10.64,1,0,вечер,1,0
3,ПК,1,6.01,3,0,утро,1,0
1,смартфон,5,16.66,1,0,день,0,0
2,ПК,2,3.5,1,0,день,0,0
2,ПК,2,18.11,1,0,утро,1,0
5,планшет,3,2.91,0,0,утро,1,0
1,ПК,4,8.54,0,1,утро,0,0
1,смартфон,3,6.66,3,0,утро,0,0
5,смартфон,4,4.35,1,0,день,0,1
1,смартфон,6,1.0,0,0,день,0,0
1,смартфон,4,5.07,1,0,вечер,0,1
3,смартфон,5,1.26,0,0,вечер,0,0
1,смартфон,5,2.55,2,0,ночь,0,0
1,смартфон,7,11.66,2,0,утро,1,1
1,смартфон,5,8.47,1,0,день,0,1
1,смартфон,4,7.49,1,0,утро,0,0
3,планшет,4,8.3,0,0,день,0,0
3,ПК,6,1.28,1,0,утро,0,0
1,смартфон,4,1.8,1,0,утро,1,0
2,смартфон,3,7.83,1,0,вечер,0,0
1,смартфон,6,5.22,1,0,день,0,0
1,ПК,7,6.22,0,0,вечер,0,1
4,смартфон,5,21.13,0,0,утро,0,1
1,ПК,7,2.05,3,0,день,0,1
4,смартфон,3,24.16,1,0,вечер,0,0
4,смартфон,3,19.48,0,0,вечер,0,1
4,ПК,5,23.21,2,0,день,0,1
2,ПК,3,10.25,1,0,ночь,0,0
2,планшет,7,19.95,2,0,день,0,0
3,смартфон,4,47.32,0,0,утро,0,0
2,планшет,4,6.38,2,1,день,1,1
5,смартфон,4,19.79,2,0,вечер,0,0
5,смартфон,5,23.4,1,0,утро,1,1
1,смартфон,2,3.71,1,0,вечер,0,0
2,смартфон,2,5.85,1,1,вечер,1,0
1,планшет,5,8.53,0,1,день,0,1
2,смартфон,5,4.29,2,0,вечер,0,0
4,ПК,2,3.89,1,0,утро,1,1
2,смартфон,3,4.79,3,0,утро,1,0
4,смартфон,7,5.51,0,0,день,0,0
1,планшет,4,2.91,1,0,день,0,0
3,ПК,2,6.41,1,0,день,0,0
2,ПК,3,15.08,0,0,день,0,0
3,ПК,7,9.79,2,0,день,0,0
3,смартфон,3,4.78,0,0,ночь,0,0
1,ПК,8,1.7,5,0,ночь,0,1
3,ПК,3,17.38,0,0,день,0,0
1,смартфон,4,7.16,0,0,утро,0,0
3,смартфон,6,35.49,1,0,утро,0,1
4,смартфон,1,2.91,0,0,вечер,0,0
2,смартфон,3,1.93,0,0,день,1,0
3,ПК,2,1.0,0,0,день,0,0
3,смартфон,6,1.0,1,0,вечер,1,0
3,планшет,2,4.87,3,0,вечер,0,1
3,смартфон,6,2.21,1,1,утро,0,1
1,смартфон,5,1.0,1,0,ночь,0,0
1,ПК,2,2.55,1,0,день,0,0
4,смартфон,1,13.05,2,1,утро,1,0
1,смартфон,2,13.31,0,0,вечер,0,1
2,ПК,3,1.62,3,0,день,0,1
1,ПК,6,27.57,4,0,утро,0,1
5,смартфон,2,1.73,1,0,день,0,0
1,смартфон,5,1.0,0,0,день,1,0
2,смартфон,5,1.78,2,1,вечер,0,1
2,ПК,4,1.51,3,1,день,1,1
1,ПК,2,9.99,3,1,день,1,1
1,смартфон,1,1.7,0,0,ночь,0,0
1,планшет,3,10.06,1,0,день,0,0
2,смартфон,5,3.24,0,0,день,1,0
2,смартфон,2,2.86,3,0,утро,0,0
3,смартфон,6,22.75,0,0,день,1,0
3,смартфон,4,2.41,1,1,день,0,0
1,смартфон,4,19.99,0,1,ночь,0,1
3,планшет,8,3.62,0,0,день,0,1
1,смартфон,4,47.36,2,0,вечер,0,1
1,ПК,8,39.6,1,0,день,0,1
3,планшет,7,17.58,3,0,вечер,0,1
1,планшет,4,20.26,0,0,вечер,1,0
1,смартфон,4,17.33,0,0,утро,1,1
2,смартфон,4,9.93,3,0,вечер,0,1
2,планшет,3,16.56,3,0,утро,0,1
1,смартфон,6,9.9,0,0,утро,0,1
1,ПК,2,18.46,1,0,вечер,0,0
1,смартфон,3,27.42,1,0,утро,0,0
1,смартфон,4,14.0,1,0,утро,0,0
2,планшет,6,33.44,1,0,утро,0,0
1,ПК,4,5.95,1,0,день,0,0
4,смартфон,3,25.95,2,0,вечер,0,1
1,смартфон,1,2.56,1,0,ночь,0,0
3,ПК,3,1.0,4,0,день,0,0
1,смартфон,4,1.37,1,0,день,0,0
3,смартфон,4,1.75,2,0,ночь,0,0
1,смартфон,2,17.4,2,0,вечер,1,0
1,смартфон,5,5.13,3,0,день,1,0
2,смартфон,6,2.66,2,0,утро,1,0
1,смартфон,4,16.73,4,0,день,0,1
2,ПК,4,2.26,0,0,вечер,1,0
2,ПК,3,1.0,1,0,день,1,0
2,ПК,3,6.28,3,0,утро,0,1
4,смартфон,2,1.0,1,0,утро,0,0
2,смартфон,3,3.27,3,0,вечер,0,1
3,ПК,4,12.05,1,0,утро,0,0
2,смартфон,3,4.69,2,0,утро,0,0
1,ПК,5,1.0,1,0,вечер,0,0
2,смартфон,7,5.16,1,0,ночь,0,1
4,ПК,5,7.2,1,0,ночь,0,1
2,ПК,1,2.88,1,0,день,0,0
1,смартфон,2,1.87,1,0,ночь,0,0
3,смартфон,1,14.34,3,1,утро,0,1
1,смартфон,2,1.0,3,0,ночь,0,0
5,смартфон,5,31.43,1,0,утро,0,1
2,смартфон,5,1.0,0,1,день,1,0
3,планшет,1,10.53,3,0,вечер,0,1
2,смартфон,2,1.43,2,0,день,0,0
5,смартфон,3,7.92,0,0,день,0,0
2,смартфон,1,2.07,1,0,утро,1,0
2,смартфон,3,1.0,2,0,ночь,0,0
1,смартфон,1,19.64,0,0,вечер,0,0
1,планшет,5,5.52,1,0,утро,0,0
6,ПК,6,3.22,1,1,вечер,0,1
1,смартфон,7,29.43,1,0,утро,0,1
2,смартфон,1,1.0,0,0,ночь,0,0
1,ПК,3,4.28,3,0,утро,1,0
4,смартфон,5,1.95,1,0,утро,0,0
2,смартфон,4,47.33,0,0,вечер,1,1
3,планшет,3,7.9,0,0,утро,1,0
3,смартфон,4,16.72,3,0,вечер,0,0
3,смартфон,1,1.79,2,0,день,0,0
2,ПК,4,3.63,2,0,вечер,1,0
1,смартфон,6,9.67,0,0,день,0,1
2,ПК,7,1.96,4,1,утро,0,1
3,смартфон,4,6.93,1,0,день,1,0
3,ПК,3,26.83,2,1,вечер,0,1
3,смартфон,7,26.63,3,0,день,0,1
2,смартфон,1,4.38,2,0,ночь,1,0
3,планшет,7,7.26,1,0,вечер,0,1
2,ПК,3,2.21,0,0,утро,1,0
1,смартфон,2,38.4,1,0,утро,0,1
4,планшет,5,7.34,0,0,день,0,0
3,смартфон,5,2.31,1,0,вечер,1,0
2,ПК,3,18.63,0,0,вечер,0,0
3,планшет,1,5.45,2,0,вечер,0,0
2,смартфон,2,10.11,2,0,утро,0,0
1,смартфон,10,18.55,1,0,вечер,0,1
4,смартфон,3,3.7,1,0,день,0,0
3,ПК,4,8.63,5,0,ночь,0,1
4,смартфон,4,1.0,0,0,день,0,0
1,планшет,1,2.67,2,0,утро,0,0
2,смартфон,4,1.49,3,0,ночь,0,1
1,планшет,5,10.33,1,1,утро,0,0
2,планшет,7,2.94,1,0,день,0,0
1,планшет,6,14.27,0,0,день,0,1
1,ПК,1,14.32,3,0,утро,0,0
5,смартфон,3,15.34,2,1,вечер,0,0
1,смартфон,2,1.42,1,1,день,0,1
2,ПК,2,7.47,1,0,день,1,0
4,смартфон,3,11.37,1,0,день,0,1
2,планшет,8,3.9,1,0,ночь,1,0
1,планшет,2,3.01,2,0,день,0,0
5,планшет,4,12.66,0,0,вечер,0,0
2,смартфон,2,4.33,0,0,утро,1,0
4,смартфон,1,2.86,3,0,вечер,1,0
3,планшет,5,8.28,1,0,утро,1,0
1,смартфон,7,9.69,0,0,вечер,0,0
2,планшет,3,15.0,0,0,ночь,1,0
5,смартфон,5,1.0,1,0,утро,0,1
1,смартфон,3,1.92,1,0,день,0,0
1,смартфон,4,15.02,4,0,вечер,0,0
1,ПК,2,7.59,0,0,вечер,0,0
3,смартфон,5,16.4,2,0,вечер,0,1
2,смартфон,1,5.95,2,0,вечер,1,0
1,ПК,4,6.15,0,0,день,1,1
1,планшет,6,4.74,1,0,ночь,1,1
1,ПК,2,11.75,1,0,вечер,0,0
1,смартфон,5,8.92,0,0,утро,0,0
3,ПК,2,4.99,1,0,утро,1,0
2,смартфон,1,2.08,1,0,ночь,1,0
1,ПК,5,1.0,3,0,утро,1,0
1,ПК,4,1.0,1,1,вечер,0,0
3,смартфон,5,1.14,1,0,вечер,0,0
2,смартфон,6,8.43,0,0,вечер,0,1
1,планшет,4,14.24,1,1,день,0,1
3,смартфон,3,6.1,2,0,день,0,0
4,ПК,2,5.35,4,0,день,0,1
1,смартфон,4,1.42,0,0,день,0,0
1,ПК,9,23.13,2,0,день,0,1
1,смартфон,8,13.29,2,0,день,0,1
2,смартфон,7,5.39,2,0,день,0,1
2,смартфон,3,1.02,0,0,вечер,0,0
1,смартфон,1,18.71,1,0,день,0,1
2,смартфон,5,1.86,1,1,день,1,1
1,смартфон,4,11.19,2,0,утро,0,0
4,смартфон,4,4.15,0,0,утро,1,0
1,ПК,3,19.63,2,1,утро,1,1
5,смартфон,6,8.84,1,0,утро,0,1
1,ПК,5,2.58,1,0,утро,1,0
1,смартфон,2,1.0,2,0,ночь,0,0
1,смартфон,2,2.39,1,0,утро,1,0
1,смартфон,2,4.55,2,0,утро,0,0
2,планшет,6,12.32,2,1,день,1,0
1,смартфон,5,2.43,1,0,день,0,1
3,смартфон,2,3.03,2,0,вечер,0,0
4,смартфон,3,5.71,2,0,утро,1,0
2,смартфон,3,1.0,3,0,день,0,0
5,смартфон,3,14.63,2,0,утро,0,0
2,смартфон,3,1.0,2,0,день,0,1
3,смартфон,5,13.36,0,0,день,1,1
1,планшет,3,3.12,0,0,вечер,1,0
2,смартфон,4,6.16,0,0,день,0,1
1,смартфон,5,5.28,4,0,день,0,1
3,смартфон,6,2.92,2,0,ночь,0,0
1,смартфон,7,2.95,0,0,день,0,1
3,смартфон,6,29.77,2,0,день,0,1
3,планшет,8,3.65,5,0,день,1,1
1,планшет,5,2.02,4,0,утро,1,0
3,смартфон,4,2.88,1,0,день,1,0
1,смартфон,5,11.88,2,0,день,0,0
1,смартфон,2,3.69,0,1,вечер,0,0
1,смартфон,8,1.88,1,0,вечер,0,1
2,ПК,4,5.35,1,0,день,0,0
1,ПК,4,1.25,1,0,день,0,1
4,смартфон,2,5.09,2,1,ночь,1,1
3,ПК,7,19.82,3,0,вечер,0,1
1,смартфон,7,4.67,2,0,утро,1,1
1,смартфон,3,7.22,3,0,день,1,0
4,смартфон,3,15.57,0,0,день,0,1
1,смартфон,3,7.26,1,0,утро,0,0
1,ПК,4,1.0,3,0,утро,0,0
1,ПК,2,2.42,1,0,день,0,0
3,планшет,2,22.47,2,1,вечер,0,1
1,смартфон,1,16.2,2,0,ночь,0,0
2,планшет,4,14.3,1,1,ночь,0,1
5,ПК,5,7.93,1,0,вечер,1,0
1,смартфон,5,4.36,2,0,вечер,0,1
2,смартфон,4,11.85,1,0,утро,0,1
5,планшет,4,10.89,1,0,утро,0,0
1,ПК,6,10.29,3,0,утро,0,0
4,ПК,4,7.01,0,0,утро,1,0
4,смартфон,6,3.0,2,0,день,0,0
1,смартфон,7,5.72,2,0,утро,0,0
2,ПК,5,7.18,0,0,день,0,1
3,ПК,2,2.43,1,0,ночь,0,0
6,смартфон,3,2.61,1,0,день,0,1
1,смартфон,8,15.69,0,0,день,0,1
4,ПК,2,3.85,1,0,день,0,1
3,ПК,5,36.37,2,0,ночь,0,0
1,ПК,5,5.73,2,0,утро,0,0
4,смартфон,1,9.38,1,1,ночь,0,0
1,планшет,3,7.01,1,1,день,0,1
2,смартфон,6,6.79,0,0,ночь,0,0
1,ПК,5,22.07,1,0,день,0,0
4,смартфон,5,1.0,1,1,утро,0,0
3,планшет,2,4.24,0,0,вечер,1,0
6,планшет,2,3.37,1,0,утро,0,0
1,ПК,6,3.95,1,1,вечер,0,1
2,смартфон,2,24.37,1,0,утро,1,0
1,смартфон,5,1.0,0,0,утро,1,0
2,планшет,3,3.33,0,0,день,1,0
3,смартфон,2,13.38,4,0,утро,1,0
3,смартфон,4,2.73,2,0,вечер,1,0
1,ПК,4,17.9,0,0,день,1,1
1,смартфон,3,4.0,1,0,день,0,0
1,планшет,3,1.2,1,0,утро,0,0
4,смартфон,5,7.32,0,0,утро,0,0
1,ПК,6,7.16,1,1,ночь,0,1
4,ПК,4,1.0,1,0,утро,1,0
1,планшет,5,12.66,2,1,вечер,1,1
3,ПК,3,1.53,2,0,день,0,0
1,смартфон,3,2.4,2,0,вечер,0,1
2,планшет,4,8.27,2,1,день,0,1
4,ПК,4,22.14,5,1,день,0,1
2,смартфон,3,1.0,1,1,день,0,0
1,смартфон,5,17.3,2,0,день,0,0
1,ПК,4,14.03,2,0,утро,1,0
2,смартфон,2,1.76,1,0,день,0,1
1,смартфон,5,4.67,1,0,утро,1,0
2,смартфон,5,23.64,4,0,день,0,0
1,смартфон,3,1.58,0,0,вечер,0,0
2,ПК,3,1.18,1,1,вечер,1,1
1,смартфон,2,13.29,2,0,день,0,0
1,смартфон,2,6.37,3,0,день,0,0
4,ПК,6,3.34,0,0,вечер,0,1
3,смартфон,3,1.89,4,0,день,1,1
2,планшет,6,12.81,0,0,утро,1,1
2,ПК,5,5.79,1,0,день,0,0
1,ПК,4,2.74,1,0,утро,1,0
5,ПК,6,28.71,1,0,вечер,0,1
1,смартфон,5,8.23,1,0,вечер,0,1
2,смартфон,3,4.36,2,0,ночь,0,0
3,смартфон,3,12.72,0,0,день,0,0
1,смартфон,4,6.86,1,0,день,0,0
2,смартфон,2,1.0,0,0,ночь,0,0
4,смартфон,1,18.37,0,1,ночь,0,1
3,смартфон,4,1.0,3,0,день,1,1
2,смартфон,7,45.43,1,0,вечер,0,1
1,смартфон,5,4.3,1,0,утро,1,0
3,смартфон,2,7.44,0,0,день,1,0
2,смартфон,5,60.0,3,0,день,0,1
1,планшет,4,3.14,0,1,вечер,0,1
1,планшет,3,6.21,4,0,вечер,0,0
1,ПК,6,14.06,1,0,день,0,0
2,ПК,3,6.29,1,0,день,0,0
1,планшет,4,4.06,1,0,утро,0,1
1,планшет,4,1.29,0,0,вечер,0,0
1,смартфон,4,7.2,1,0,утро,0,0
1,смартфон,5,8.02,1,0,ночь,1,1
2,ПК,1,2.65,1,0,день,0,1
2,смартфон,3,4.06,1,1,утро,1,0
4,смартфон,4,3.55,2,0,день,0,0
4,смартфон,4,5.58,2,0,утро,0,0
1,смартфон,5,16.01,1,0,день,0,0
2,ПК,4,4.04,0,1,вечер,0,1
1,смартфон,5,3.18,0,0,вечер,0,0
2,смартфон,5,18.32,1,0,утро,0,1
1,смартфон,3,16.66,3,0,день,0,1
1,планшет,6,15.76,4,0,вечер,0,0
4,планшет,1,13.58,3,0,вечер,0,1
4,смартфон,6,21.96,4,0,вечер,0,0
1,ПК,2,12.49,2,0,день,0,1
1,смартфон,2,1.86,1,0,ночь,0,0
3,планшет,7,1.0,3,0,вечер,1,0
6,планшет,7,2.01,3,1,вечер,0,1
1,ПК,4,4.54,1,0,вечер,1,1
1,смартфон,4,1.0,4,0,вечер,0,0
3,смартфон,3,14.15,1,0,день,0,1
3,смартфон,4,10.25,1,1,день,0,0
1,смартфон,3,12.66,1,0,вечер,0,0
2,смартфон,6,1.01,3,0,день,1,0
2,смартфон,5,3.99,1,0,ночь,1,0
1,смартфон,2,6.15,0,0,утро,1,0
2,ПК,3,9.23,4,0,вечер,1,1
2,смартфон,11,16.23,1,0,утро,1,1
2,ПК,7,37.7,1,0,день,0,1
2,ПК,3,1.0,1,1,утро,0,0
2,ПК,1,10.26,0,0,день,0,0
1,ПК,7,1.45,5,0,день,1,1
1,ПК,3,3.56,0,0,утро,0,0
5,ПК,4,14.79,4,0,день,0,1
3,смартфон,3,51.33,1,1,утро,0,1
3,смартфон,3,7.48,2,0,день,0,1
1,ПК,6,4.36,3,0,день,0,1
2,смартфон,2,2.41,3,0,утро,0,1
7,смартфон,5,15.26,4,0,день,0,0
2,ПК,3,23.4,0,0,день,0,1
2,смартфон,6,18.88,2,0,вечер,0,1
3,ПК,3,7.13,3,0,день,0,1
1,смартфон,3,8.9,0,0,вечер,0,0
2,планшет,5,18.12,4,0,утро,0,1
2,смартфон,2,26.43,1,0,утро,0,1
2,ПК,6,27.97,4,0,ночь,0,1
1,смартфон,5,11.7,0,0,вечер,0,0
2,ПК,3,2.13,0,0,день,1,0
1,смартфон,7,3.75,1,0,день,0,0
2,смартфон,5,3.1,3,1,вечер,0,1
2,смартфон,3,1.91,1,0,вечер,0,1
5,смартфон,4,2.89,0,0,день,0,0
2,планшет,6,20.39,2,0,утро,1,0
2,смартфон,2,14.71,1,0,вечер,0,0
1,смартфон,3,1.0,2,0,день,1,0
1,смартфон,4,1.6,2,0,вечер,0,0
1,ПК,1,41.88,3,1,вечер,0,1
1,смартфон,5,2.56,2,0,день,1,1
2,смартфон,6,10.06,3,0,утро,1,0
4,планшет,5,2.3,1,0,день,0,1
2,ПК,5,2.66,1,0,утро,0,0
5,ПК,3,6.9,0,0,вечер,0,0
1,ПК,5,6.69,1,0,утро,0,0
1,смартфон,2,10.39,1,0,ночь,1,0
2,ПК,7,1.84,1,0,день,0,1
1,ПК,7,3.05,1,0,день,0,1
1,ПК,5,9.79,1,0,вечер,1,0
4,смартфон,1,1.02,1,0,день,0,0
3,ПК,3,24.0,4,0,день,0,0
1,смартфон,5,1.97,0,0,утро,0,0
2,планшет,3,5.77,1,0,вечер,1,0
1,смартфон,2,1.15,4,0,день,1,1
1,смартфон,6,11.55,0,0,день,1,0
1,смартфон,6,3.96,1,0,день,0,0
2,смартфон,6,1.0,1,1,утро,0,1
2,ПК,5,8.98,0,0,день,0,1
1,планшет,5,39.46,2,0,вечер,0,0
1,планшет,4,20.47,2,0,день,0,1
3,смартфон,2,12.14,2,0,день,0,0
3,ПК,3,1.0,3,0,день,0,0
3,планшет,5,19.65,1,1,утро,0,1
5,смартфон,2,22.7,2,0,утро,1,1
2,ПК,4,1.0,3,1,день,0,0
2,смартфон,5,1.31,1,1,день,0,0
3,смартфон,5,6.01,2,0,ночь,0,1
2,смартфон,4,5.14,2,0,день,0,1
2,смартфон,9,3.49,1,0,ночь,0,1
2,смартфон,5,2.21,1,0,утро,0,0
6,смартфон,3,7.97,2,1,утро,0,1
4,ПК,3,14.75,2,0,вечер,0,0
1,смартфон,3,27.65,0,0,день,0,0
6,смартфон,5,3.58,3,0,вечер,0,1
1,ПК,3,12.15,0,0,день,0,0
3,смартфон,8,15.52,2,0,день,0,1
1,планшет,6,6.5,1,0,день,0,0
3,смартфон,2,25.4,2,0,утро,0,1
4,смартфон,2,1.0,0,0,утро,0,0
3,смартфон,3,23.07,3,0,день,0,1
3,ПК,5,22.3,1,0,день,0,1
2,смартфон,4,1.47,1,0,день,0,1
4,смартфон,3,5.79,0,0,вечер,0,0
4,ПК,3,7.25,1,0,вечер,0,0
1,ПК,1,5.14,0,0,вечер,0,0
2,смартфон,7,22.59,1,1,вечер,0,1
2,ПК,3,12.48,0,0,день,1,1
2,смартфон,2,1.32,1,0,день,0,1
2,смартфон,6,26.11,0,0,утро,0,0
2,смартфон,2,1.0,0,0,день,0,0
4,смартфон,3,9.06,1,0,вечер,0,1
1,смартфон,8,7.4,1,1,день,1,1
1,смартфон,4,1.0,1,0,вечер,0,0
1,смартфон,1,11.9,2,0,день,0,1
2,смартфон,7,32.85,0,0,день,0,1
1,смартфон,4,6.13,1,0,день,0,0
1,ПК,3,7.21,4,0,утро,1,1
3,планшет,6,4.84,1,0,ночь,0,0
2,смартфон,6,20.81,3,0,день,1,1
1,ПК,3,26.28,2,1,ночь,1,1
1,смартфон,6,5.06,1,0,день,0,0
3,смартфон,6,22.15,1,0,вечер,0,0
1,смартфон,8,2.29,2,0,день,0,0
2,смартфон,4,6.12,2,0,день,0,0
3,ПК,5,2.9,0,0,ночь,1,0
1,ПК,5,2.53,1,0,вечер,0,0
3,смартфон,4,19.45,0,1,утро,1,1
2,смартфон,3,12.53,1,0,вечер,0,0
3,смартфон,5,1.0,2,1,день,0,1
2,смартфон,4,14.16,1,0,день,0,1
2,ПК,4,8.51,1,0,вечер,0,1
3,планшет,5,15.46,0,0,вечер,0,0
2,смартфон,2,9.0,1,0,день,0,1
3,ПК,4,4.74,1,0,ночь,1,0
2,смартфон,5,6.83,3,0,день,1,1
1,ПК,5,1.53,0,0,день,0,0
1,смартфон,4,3.72,2,0,утро,0,0
3,планшет,2,1.0,2,0,день,0,0
2,смартфон,11,5.21,3,0,вечер,0,1
3,смартфон,7,1.0,3,0,день,0,0
1,ПК,5,10.81,0,1,утро,0,0
2,смартфон,4,24.37,1,0,день,0,1
1,ПК,5,13.5,2,0,ночь,1,0
1,смартфон,5,2.32,0,0,день,0,0
1,ПК,4,7.07,3,0,вечер,1,0
1,ПК,2,12.45,2,0,утро,1,0
4,смартфон,9,16.38,2,0,вечер,0,1
6,смартфон,5,3.33,2,0,день,1,1
4,ПК,7,6.48,3,0,день,0,0
3,смартфон,3,1.1,2,0,вечер,0,0
1,ПК,4,12.96,2,1,утро,1,1
4,смартфон,5,5.7,1,0,день,0,1
2,планшет,4,1.0,1,0,утро,0,0
3,смартфон,3,7.54,3,0,вечер,0,1
2,ПК,4,15.67,2,0,день,0,0
1,смартфон,4,1.0,1,0,день,0,1
2,ПК,4,5.16,2,0,вечер,0,0
2,смартфон,4,6.58,2,0,ночь,1,1
3,смартфон,2,60.0,1,0,утро,0,0
1,ПК,3,2.47,2,0,день,0,1
1,ПК,5,17.1,1,0,день,0,1
1,ПК,1,1.58,3,0,вечер,0,1
3,смартфон,5,33.24,1,0,день,0,1
1,планшет,3,3.66,5,0,утро,0,0
1,планшет,3,1.57,1,1,ночь,0,1
2,планшет,6,4.81,2,0,день,0,1
5,смартфон,4,1.0,2,0,день,0,0
4,смартфон,2,1.15,1,0,утро,0,0
2,ПК,2,6.85,3,0,вечер,0,1
2,смартфон,1,28.24,1,0,ночь,0,1
5,ПК,3,5.89,1,0,день,0,1
1,смартфон,3,10.79,1,0,день,0,0
2,ПК,5,12.28,4,1,утро,0,0
1,планшет,4,1.0,4,0,день,0,0
3,ПК,1,3.89,0,0,утро,0,0
1,смартфон,1,58.24,1,0,утро,0,1
1,ПК,5,1.0,2,1,день,0,1
2,смартфон,3,6.35,2,1,день,0,1
1,планшет,1,18.17,2,0,вечер,0,0
1,смартфон,3,3.4,1,0,вечер,1,0
2,планшет,6,56.93,2,0,день,1,0
1,ПК,7,6.66,1,0,вечер,1,0
2,смартфон,4,24.53,1,1,вечер,0,1
2,планшет,9,7.51,2,0,день,0,1
3,смартфон,7,5.07,0,0,ночь,0,1
3,ПК,5,12.38,2,0,ночь,1,0
1,ПК,5,31.77,2,0,день,0,1
1,смартфон,1,4.72,2,0,день,1,0
1,смартфон,3,20.02,3,0,вечер,0,1
2,планшет,2,10.78,1,0,утро,0,0
2,смартфон,1,4.76,0,0,вечер,0,0
1,смартфон,2,1.0,4,0,день,0,0
1,смартфон,2,3.73,2,0,вечер,0,0
3,смартфон,3,17.8,1,0,день,0,1
1,смартфон,4,1.0,1,0,день,0,0
5,смартфон,3,8.49,0,0,вечер,0,1
2,смартфон,4,7.17,2,0,день,0,1
3,планшет,1,10.84,0,0,день,0,1
1,смартфон,6,27.97,1,1,день,0,1
3,смартфон,3,13.93,1,0,день,0,0
1,планшет,3,7.15,0,0,утро,0,0
4,ПК,1,17.74,1,0,день,0,0
1,смартфон,6,12.1,1,0,день,0,0
2,ПК,3,22.59,1,0,вечер,0,1
3,планшет,4,12.89,1,0,вечер,0,1
1,смартфон,8,13.98,2,0,день,0,1
1,смартфон,6,1.0,2,0,вечер,0,1
2,смартфон,3,1.0,3,0,день,1,0
2,планшет,3,31.15,5,0,день,0,1
2,смартфон,4,2.9,0,1,утро,1,0
1,ПК,4,1.8,1,0,утро,1,0
3,планшет,5,1.73,1,0,утро,0,0
5,смартфон,5,13.39,4,0,вечер,0,1
1,смартфон,3,1.0,0,0,утро,0,0
2,смартфон,2,10.82,2,0,ночь,1,0
2,смартфон,5,8.47,3,0,день,0,1
6,смартфон,2,1.59,3,0,утро,0,0
1,ПК,10,1.46,4,0,вечер,0,1
2,планшет,4,1.42,1,0,вечер,1,1
1,смартфон,7,3.0,1,0,день,1,1
1,смартфон,6,10.27,2,1,день,0,1
2,смартфон,4,2.32,0,0,вечер,1,0
1,смартфон,5,10.79,2,0,день,0,1
4,ПК,5,35.65,0,0,день,0,1
2,смартфон,2,19.81,2,0,вечер,0,1
3,ПК,3,16.0,3,0,утро,1,0
1,ПК,2,29.79,2,0,вечер,0,0
1,планшет,6,9.48,2,0,ночь,0,0
3,смартфон,1,14.65,1,1,утро,0,1
2,смартфон,7,14.87,1,0,вечер,0,0
2,смартфон,3,36.71,4,0,день,1,1
1,планшет,2,10.42,2,1,день,1,1
1,ПК,3,3.19,1,0,день,0,0
2,планшет,2,2.18,2,0,день,0,1
1,ПК,4,3.66,3,0,вечер,1,0
4,ПК,5,14.34,2,0,день,0,0
5,ПК,4,10.69,2,0,вечер,0,0
1,смартфон,3,2.48,2,0,день,1,0
1,ПК,6,19.65,3,0,утро,0,1
6,планшет,7,39.81,1,0,утро,0,1
1,смартфон,1,14.16,1,1,вечер,0,1
1,ПК,6,1.0,2,0,день,0,0
1,ПК,3,9.88,4,0,день,0,0
3,смартфон,4,27.76,2,0,день,0,1
2,ПК,6,3.75,0,0,ночь,1,0
3,смартфон,4,8.81,1,1,день,0,1
5,смартфон,4,2.57,2,0,вечер,0,1
5,смартфон,4,21.26,0,0,вечер,1,0
2,смартфон,11,20.4,0,0,вечер,0,1
3,смартфон,4,4.53,1,1,утро,0,1
6,смартфон,1,4.3,3,0,утро,1,0
3,планшет,5,1.0,1,1,вечер,0,1
2,смартфон,6,3.82,2,0,утро,0,0
3,смартфон,2,15.21,0,1,утро,0,0
1,смартфон,9,1.0,4,0,день,1,1
1,смартфон,5,2.27,0,1,день,0,1
4,смартфон,3,13.1,3,0,день,0,0
1,смартфон,1,10.44,1,0,утро,1,0
6,смартфон,2,43.16,0,0,день,0,0
2,смартфон,3,4.95,3,0,утро,0,0
3,смартфон,4,1.43,2,0,день,0,1
2,ПК,1,10.93,3,0,вечер,1,0
1,смартфон,2,1.0,3,0,вечер,0,0
1,планшет,3,1.24,3,0,вечер,0,0
4,смартфон,4,8.39,2,1,утро,1,1
3,смартфон,3,6.39,0,0,вечер,1,0
3,смартфон,4,3.06,1,0,вечер,1,0
5,ПК,8,6.5,0,0,день,1,0
1,смартфон,3,20.27,0,0,день,0,0
4,планшет,3,12.91,1,0,вечер,0,1
1,планшет,4,6.07,1,0,день,1,0
1,смартфон,2,3.73,0,0,ночь,1,0
1,ПК,5,8.73,0,0,утро,0,0
1,смартфон,4,1.0,4,0,утро,0,0
1,смартфон,1,13.21,1,0,день,0,0
4,смартфон,4,16.22,1,1,день,1,1
2,смартфон,2,1.3,1,1,ночь,0,0
1,смартфон,4,5.15,2,0,ночь,0,0
1,планшет,1,1.57,0,0,ночь,0,0
1,смартфон,5,29.72,1,0,ночь,0,1
2,планшет,6,17.49,0,0,вечер,0,1
2,смартфон,3,1.0,4,1,день,0,1
1,ПК,5,35.19,0,0,вечер,0,1
2,смартфон,3,1.53,1,0,утро,0,0
1,планшет,11,1.0,2,0,утро,0,1
2,планшет,4,1.0,1,0,вечер,1,0
2,смартфон,3,15.64,0,0,день,1,0
1,смартфон,3,25.94,3,0,день,1,1
2,смартфон,1,1.01,1,0,утро,0,0
1,смартфон,3,40.93,3,0,день,0,1
3,смартфон,6,3.8,1,0,вечер,1,1
4,планшет,3,11.36,4,1,вечер,0,1
4,смартфон,3,42.88,3,0,день,0,1
3,смартфон,8,1.0,0,0,вечер,1,0
3,смартфон,3,7.91,0,0,вечер,0,0
2,ПК,3,10.67,0,0,день,1,0
1,смартфон,4,4.64,2,0,день,0,0
2,смартфон,6,1.17,1,0,день,0,0
3,смартфон,4,9.71,1,0,день,0,1
1,смартфон,3,1.0,2,0,день,0,0
2,планшет,2,25.7,3,0,день,0,0
1,планшет,1,6.2,1,0,утро,0,0
1,планшет,2,24.11,0,0,день,1,0
2,смартфон,5,18.11,1,0,ночь,0,1
3,ПК,4,1.0,2,0,день,0,0
2,смартфон,1,6.15,1,0,вечер,0,0
1,смартфон,5,21.87,0,0,вечер,0,0
3,смартфон,6,4.66,1,0,ночь,0,1
2,смартфон,4,3.9,1,1,вечер,0,0
2,смартфон,3,11.57,2,0,утро,1,1
1,смартфон,1,12.21,2,0,утро,0,1
4,смартфон,4,10.3,1,0,вечер,0,1
2,смартфон,5,4.52,1,0,вечер,0,1
2,ПК,4,1.0,2,0,вечер,0,1
1,ПК,3,25.64,2,0,вечер,0,1
2,смартфон,4,3.82,1,0,день,0,1
2,ПК,4,15.88,2,0,вечер,0,1
2,ПК,3,4.33,3,0,день,0,1
4,ПК,4,6.83,3,0,ночь,0,0
1,смартфон,6,4.68,2,0,день,1,0
1,ПК,4,1.0,2,0,утро,0,0
4,смартфон,3,4.0,0,0,утро,0,0
1,планшет,2,31.16,2,0,утро,0,0
1,планшет,7,1.17,0,0,вечер,0,0
3,планшет,6,8.12,1,0,день,0,0
1,смартфон,8,34.55,1,1,день,1,1
1,ПК,1,1.0,0,0,вечер,0,0
1,смартфон,6,1.0,1,0,день,1,1
1,смартфон,6,23.98,1,0,вечер,0,1
2,смартфон,2,13.3,0,0,вечер,1,1
2,ПК,3,7.88,3,1,день,1,1
1,ПК,4,7.69,2,0,ночь,0,0
2,планшет,1,36.84,3,0,вечер,0,1
3,смартфон,2,1.0,2,0,день,0,0
1,смартфон,9,3.15,0,0,день,0,1
3,смартфон,3,3.81,0,0,утро,0,0
1,смартфон,2,1.27,1,0,ночь,0,0
4,смартфон,5,4.42,0,1,вечер,0,1
5,смартфон,5,4.63,2,1,день,1,1
1,смартфон,2,31.89,1,0,вечер,0,0
1,ПК,5,5.83,1,0,утро,0,0
4,планшет,4,27.3,5,1,день,1,1
1,ПК,5,16.61,1,0,вечер,0,1
1,смартфон,6,13.35,2,1,вечер,0,1
3,смартфон,5,4.01,1,0,утро,0,1
2,смартфон,2,5.57,1,1,утро,1,0
1,смартфон,5,1.0,2,0,вечер,0,1
1,планшет,4,4.74,0,0,день,0,0
2,смартфон,2,20.43,0,1,день,0,1
1,ПК,3,15.2,0,0,ночь,0,0
4,ПК,5,16.52,2,0,день,1,0
3,смартфон,3,2.51,3,0,день,1,0
1,смартфон,3,2.36,5,0,день,0,0
2,ПК,4,10.89,3,0,утро,0,0
4,планшет,4,10.53,1,0,вечер,1,1
2,планшет,6,2.17,1,0,утро,0,0
1,планшет,4,12.72,1,0,день,0,0
2,смартфон,5,4.72,3,1,день,0,1
2,смартфон,5,21.79,2,0,утро,0,0
2,смартфон,8,4.53,3,0,день,0,1
1,смартфон,6,2.61,4,0,день,0,1
1,смартфон,8,2.18,1,1,день,0,1
3,смартфон,5,22.85,0,0,утро,0,0
6,ПК,5,19.66,1,0,день,1,1
1,смартфон,5,5.55,5,1,день,0,1
2,смартфон,4,2.75,1,1,ночь,0,0
2,смартфон,3,3.35,1,0,вечер,0,0
2,смартфон,4,4.86,0,1,день,1,1
2,смартфон,6,1.0,1,0,день,0,1
2,планшет,6,1.0,1,1,утро,0,1
1,ПК,1,26.24,0,0,утро,0,0
4,смартфон,1,14.53,1,0,вечер,0,0
3,смартфон,8,16.82,0,0,день,0,1
1,ПК,2,6.51,2,0,день,1,0
2,смартфон,6,4.54,3,0,день,1,1
2,смартфон,1,1.0,3,0,день,1,1
3,смартфон,4,8.17,4,0,день,0,1
1,ПК,4,13.6,1,0,утро,0,1
2,смартфон,6,2.18,1,0,день,0,0
1,ПК,6,4.93,1,0,утро,0,0
3,смартфон,6,26.22,0,0,день,0,0
3,смартфон,3,18.56,0,0,вечер,0,0
2,планшет,5,16.01,1,0,утро,0,0
1,смартфон,6,1.0,4,1,утро,0,1
3,смартфон,2,1.81,2,0,вечер,0,1
2,смартфон,1,3.65,1,0,день,1,1
4,смартфон,4,3.62,2,0,день,0,1
1,смартфон,2,1.38,3,0,утро,1,0
3,планшет,7,3.42,1,1,день,0,1
2,планшет,4,5.59,1,0,день,1,0
4,ПК,4,1.0,4,0,утро,0,0
1,планшет,2,5.16,3,0,ночь,0,1
2,планшет,5,6.86,0,0,день,0,1
1,планшет,1,1.0,2,0,утро,0,0
1,ПК,9,11.21,1,0,ночь,0,1
1,смартфон,2,1.0,1,0,день,0,0
1,смартфон,5,10.44,3,0,день,1,1
1,планшет,1,51.3,3,0,день,1,1
2,смартфон,4,1.0,1,1,вечер,0,1
3,ПК,2,3.18,1,0,день,1,0
5,смартфон,5,1.38,1,0,день,0,0
3,смартфон,6,4.61,0,0,день,0,0
2,ПК,6,18.03,0,0,день,0,1
4,смартфон,4,26.51,0,0,день,1,0
3,ПК,6,18.31,1,0,вечер,0,0
2,ПК,7,11.75,0,0,день,0,1
1,планшет,5,12.63,2,1,день,0,1
1,смартфон,1,1.28,2,1,утро,0,0
4,смартфон,1,2.86,1,0,утро,1,0
5,смартфон,8,4.52,3,0,утро,0,1
1,ПК,1,1.0,3,0,утро,1,0
3,смартфон,5,17.24,2,0,утро,0,0
2,смартфон,5,2.95,1,0,день,0,0
1,смартфон,2,1.0,1,0,день,1,0
2,смартфон,3,1.0,0,0,вечер,1,0
1,ПК,4,34.9,2,0,вечер,0,0
2,смартфон,5,24.3,0,0,день,1,0
1,смартфон,4,31.88,2,0,вечер,0,1
1,планшет,3,31.4,3,0,день,0,0
2,ПК,1,16.07,1,0,вечер,0,0
1,ПК,3,3.23,1,0,день,1,0
2,ПК,4,3.93,3,0,день,1,1
3,смартфон,2,5.14,4,1,день,1,1
1,смартфон,5,15.37,0,0,день,0,1
1,ПК,8,26.14,0,0,день,0,0
2,ПК,1,5.8,0,0,утро,0,0
1,планшет,1,3.59,3,0,день,0,0
2,планшет,3,2.78,1,0,день,1,0
3,ПК,1,2.96,3,0,вечер,0,0
2,смартфон,6,1.0,1,0,вечер,0,1
3,смартфон,4,2.67,0,0,утро,1,0
3,планшет,10,3.49,1,0,день,0,0
3,ПК,1,14.94,4,0,день,0,1
2,планшет,2,7.95,0,0,день,0,0
1,ПК,2,4.02,2,0,вечер,1,0
2,смартфон,5,9.09,1,0,день,1,1
2,смартфон,3,15.53,2,0,день,0,0
2,смартфон,8,9.42,1,0,день,0,1
3,ПК,3,1.0,1,1,ночь,1,1
1,смартфон,2,2.76,1,0,утро,0,0
2,смартфон,5,3.37,2,0,вечер,0,0
1,ПК,3,4.51,0,0,день,1,1
1,смартфон,1,1.0,2,0,день,0,0
2,ПК,7,13.64,1,0,утро,0,0
3,смартфон,3,6.36,0,1,день,0,1
1,смартфон,4,22.69,1,0,утро,0,0
1,планшет,2,7.29,2,0,ночь,0,0
4,ПК,5,44.37,2,0,день,0,1
1,смартфон,5,12.06,2,0,ночь,0,1
2,ПК,1,21.79,0,0,день,1,0
1,смартфон,1,36.22,2,0,день,0,1
4,смартфон,4,6.38,2,0,утро,0,1
3,смартфон,8,10.03,0,0,вечер,1,1
2,ПК,2,24.54,0,0,утро,0,0
2,смартфон,5,8.56,0,0,вечер,0,0
3,смартфон,4,1.0,2,0,день,0,1
3,ПК,2,11.94,1,1,день,0,1
1,смартфон,8,27.45,2,1,день,0,1
3,смартфон,2,15.19,0,0,вечер,0,0
3,смартфон,4,15.67,2,1,ночь,0,1
1,планшет,6,1.0,4,0,ночь,1,1
4,смартфон,2,13.37,2,0,день,0,0
4,ПК,6,1.0,0,0,день,1,0
2,смартфон,5,26.69,2,0,утро,0,1
2,смартфон,2,24.57,3,0,ночь,0,1
2,ПК,2,39.26,1,0,утро,1,0
1,смартфон,2,3.61,3,0,день,0,0
2,ПК,5,7.77,2,0,утро,0,0
2,смартфон,5,8.65,5,0,день,0,1
3,смартфон,5,8.14,1,0,вечер,0,0
1,смартфон,7,5.31,1,0,день,0,1
1,смартфон,6,43.35,4,0,ночь,0,1
3,смартфон,2,21.78,4,0,день,1,1
3,смартфон,3,9.43,2,0,день,0,0
4,смартфон,4,10.43,1,1,день,0,1
1,смартфон,5,12.53,0,0,день,0,0
3,смартфон,4,9.26,2,0,вечер,0,0
1,смартфон,3,12.29,0,0,день,0,0
2,смартфон,3,16.96,0,0,день,1,1
5,смартфон,4,38.11,4,0,день,1,1
1,смартфон,4,18.91,4,0,день,1,1
1,планшет,4,1.39,2,0,утро,0,0
3,планшет,1,7.91,0,0,ночь,0,0
3,смартфон,4,9.99,4,0,день,0,1
1,смартфон,6,3.09,4,0,день,1,1
1,смартфон,3,6.45,2,0,утро,0,0
3,ПК,5,26.98,2,0,вечер,0,0
3,смартфон,4,3.0,1,1,вечер,1,1
1,смартфон,4,3.82,0,0,день,0,0
2,смартфон,3,23.89,1,0,день,0,1
1,ПК,1,1.0,2,0,день,1,0
4,планшет,2,21.22,1,0,день,0,0
1,смартфон,5,3.62,2,0,день,1,1
2,смартфон,1,6.9,0,0,день,0,0
1,ПК,3,10.3,0,0,вечер,1,1
1,смартфон,4,10.4,2,0,день,0,1
1,смартфон,3,39.11,1,0,утро,1,0
2,планшет,4,1.0,1,1,утро,0,1
5,смартфон,6,12.17,1,0,день,1,1
1,смартфон,6,18.68,1,0,утро,0,1
3,смартфон,4,8.88,1,0,утро,0,1
1,ПК,5,37.18,0,1,утро,0,0
5,смартфон,3,5.41,0,0,утро,0,0
2,ПК,1,13.86,2,1,день,1,0
1,смартфон,5,11.6,2,0,вечер,0,0
1,ПК,8,1.0,2,0,день,0,1
2,ПК,3,8.05,3,0,вечер,0,0
1,смартфон,4,3.02,0,0,вечер,0,1
1,смартфон,4,7.52,0,0,вечер,0,0
3,планшет,2,21.55,4,0,утро,0,0
1,планшет,3,9.95,0,0,день,0,1
1,смартфон,2,9.01,1,0,день,0,0
2,ПК,1,11.16,3,0,вечер,1,0
2,смартфон,5,7.51,0,0,ночь,0,1
2,смартфон,2,5.94,3,0,день,0,1
4,планшет,4,4.69,1,0,вечер,0,1
3,смартфон,2,12.04,1,0,день,1,0
1,смартфон,4,14.95,1,0,день,0,0
3,ПК,4,5.5,0,0,ночь,0,0
1,планшет,3,1.0,2,0,утро,0,0
3,ПК,3,7.83,3,1,день,0,1
3,планшет,5,8.52,2,0,день,0,0
2,планшет,2,6.52,0,0,вечер,0,0
3,смартфон,3,4.46,3,0,утро,0,1
2,смартфон,5,22.63,1,0,ночь,1,0
3,смартфон,6,6.56,0,0,вечер,0,1
1,смартфон,5,16.04,1,0,ночь,0,0
3,ПК,5,10.15,3,0,день,0,0
2,смартфон,5,15.47,1,0,день,0,1
4,смартфон,4,21.01,0,0,утро,0,0
3,планшет,2,2.79,0,0,день,1,0
1,смартфон,2,17.64,4,0,вечер,1,0
1,смартфон,1,12.77,1,0,день,1,0
2,смартфон,3,8.23,2,0,ночь,0,1
4,ПК,7,7.87,3,0,вечер,1,1
2,смартфон,4,3.73,3,1,утро,1,0
3,смартфон,5,7.78,2,0,ночь,1,0
1,смартфон,1,4.85,3,0,утро,0,0
2,смартфон,3,21.97,0,1,день,0,1
4,смартфон,5,8.72,2,0,день,1,0
4,ПК,2,3.55,2,0,день,0,1
1,смартфон,3,1.56,1,0,день,0,1
3,смартфон,7,11.84,1,0,утро,0,1
1,ПК,5,10.93,2,0,вечер,0,0
2,ПК,5,4.46,1,0,утро,0,0
5,смартфон,1,1.77,1,0,утро,0,0
1,смартфон,9,12.59,3,0,вечер,1,1
2,ПК,6,3.15,1,0,день,0,0
2,смартфон,3,19.81,1,0,день,0,0
1,смартфон,5,12.95,5,0,день,0,0
3,смартфон,4,22.29,1,0,вечер,0,0
1,смартфон,6,41.73,1,0,день,1,1
4,планшет,4,4.17,1,0,день,0,0
5,смартфон,2,7.01,1,0,вечер,0,0
3,смартфон,5,5.17,1,0,день,0,1
2,ПК,8,1.0,1,0,день,1,0
1,смартфон,6,5.19,3,0,день,0,1
3,смартфон,3,5.87,0,0,день,0,0
1,смартфон,3,1.9,2,0,утро,0,0
1,планшет,3,21.48,1,0,вечер,0,1
1,смартфон,4,3.46,2,0,вечер,0,0
1,планшет,2,14.21,0,1,день,1,1
2,смартфон,9,1.0,1,0,день,1,1
2,планшет,4,1.0,1,0,вечер,0,0
1,ПК,2,54.0,0,0,утро,0,0
1,ПК,3,1.31,2,0,вечер,0,0
5,смартфон,3,14.52,0,0,утро,0,0
1,смартфон,1,9.28,1,0,ночь,0,0
1,смартфон,6,6.03,0,0,ночь,1,1
1,смартфон,3,1.0,1,0,вечер,0,0
1,смартфон,3,3.98,1,0,вечер,1,0
3,смартфон,5,23.03,3,0,день,1,1
1,ПК,2,23.55,0,0,вечер,0,0
1,ПК,5,9.16,4,0,день,0,0
1,смартфон,6,8.55,3,0,день,1,1
4,смартфон,7,5.54,2,1,вечер,0,1
2,ПК,6,14.94,0,0,день,0,0
1,смартфон,3,21.45,0,0,день,0,0
3,смартфон,5,13.0,0,0,утро,0,0
1,смартфон,4,7.45,1,0,вечер,0,1
1,смартфон,3,10.07,3,0,вечер,1,0
1,планшет,3,2.48,1,1,день,0,1
3,ПК,5,47.36,4,0,вечер,0,0
1,смартфон,4,27.47,1,0,день,0,0
1,смартфон,3,31.38,4,0,вечер,0,1
2,смартфон,3,1.83,3,0,ночь,0,1
3,ПК,2,10.58,5,0,день,1,1
1,ПК,3,10.68,0,1,день,1,1
5,смартфон,2,4.39,2,0,ночь,0,0
3,ПК,2,20.04,1,0,день,0,0
3,смартфон,2,15.25,0,0,утро,1,0
4,смартфон,4,12.72,0,0,утро,0,0
1,планшет,1,1.0,0,0,утро,0,0
2,смартфон,6,46.63,1,0,день,0,1
2,смартфон,6,12.67,1,0,день,0,0
2,планшет,8,34.88,3,1,день,1,1
2,смартфон,3,1.0,0,0,утро,0,0
3,смартфон,5,11.85,0,0,день,0,1
3,смартфон,3,13.66,3,0,вечер,0,1
2,смартфон,5,1.0,1,0,ночь,0,0
3,смартфон,4,1.0,0,0,день,0,1
1,смартфон,5,14.37,0,0,утро,1,1
3,ПК,5,15.98,1,0,день,0,1
5,ПК,6,24.1,0,0,день,1,1
1,смартфон,3,14.79,4,1,день,0,1
1,смартфон,3,2.75,1,0,день,1,1
2,планшет,4,34.64,1,0,вечер,0,1
1,ПК,4,3.11,2,0,день,0,0
2,смартфон,1,12.99,4,0,ночь,0,0
1,ПК,1,7.54,2,0,утро,0,0
2,смартфон,8,1.3,2,0,утро,1,1
1,ПК,5,26.19,2,0,ночь,1,1
3,смартфон,5,8.87,4,0,день,0,1
2,ПК,3,1.0,2,0,день,0,0
5,смартфон,1,4.83,1,0,утро,1,1
3,ПК,7,14.48,2,0,день,0,1
1,смартфон,3,9.63,2,0,день,1,0
1,смартфон,1,2.53,1,0,утро,0,0
3,ПК,7,8.43,2,0,вечер,0,0
1,планшет,2,3.69,3,0,день,0,0
1,планшет,4,7.49,0,0,день,0,0
1,смартфон,2,3.83,1,0,день,1,0
1,ПК,5,6.86,1,0,день,0,1
2,ПК,4,18.46,1,0,вечер,0,0
4,смартфон,3,2.38,3,0,утро,0,1
2,смартфон,3,1.0,1,0,вечер,1,0
6,ПК,2,1.68,1,0,утро,0,0
1,планшет,1,18.44,1,0,вечер,0,0
2,ПК,5,5.36,0,0,день,0,0
1,ПК,4,13.46,0,1,день,0,1
3,ПК,5,1.0,0,0,день,0,0
3,планшет,6,1.58,1,0,день,0,0
2,ПК,7,8.42,3,1,вечер,0,1
4,ПК,7,12.74,2,0,день,1,0
2,ПК,2,15.51,0,0,день,0,0
3,смартфон,9,10.3,3,0,ночь,0,1
2,смартфон,6,14.13,2,1,день,1,1
2,смартфон,1,1.81,2,0,день,0,1
1,планшет,6,10.73,1,1,день,0,1
3,смартфон,3,5.54,1,0,день,0,0
3,смартфон,6,24.64,1,0,день,0,1
2,смартфон,6,9.55,2,0,утро,1,0
1,ПК,3,7.8,3,0,день,0,0
1,ПК,8,8.63,2,1,день,0,1
1,ПК,11,17.8,1,0,вечер,0,1
5,смартфон,5,1.0,2,0,утро,0,1
1,смартфон,3,19.68,1,0,вечер,0,0
3,смартфон,3,1.0,2,0,день,0,0
2,смартфон,7,8.74,0,0,день,0,1
3,планшет,1,6.98,0,0,утро,1,1
4,смартфон,4,4.63,1,0,день,1,1
3,смартфон,3,1.38,2,0,ночь,0,1
3,смартфон,7,1.32,0,0,утро,0,0
2,смартфон,7,13.55,1,0,утро,0,1
3,смартфон,1,1.2,1,0,вечер,0,0
2,смартфон,4,11.62,2,0,день,1,1
2,смартфон,7,46.36,2,0,утро,1,1
5,смартфон,4,11.45,2,0,утро,0,1
4,смартфон,3,1.0,3,0,утро,1,1
1,планшет,3,7.81,0,0,утро,1,0
2,ПК,4,17.98,1,1,ночь,0,1
3,смартфон,5,30.92,0,0,день,0,1
2,планшет,3,13.01,1,0,день,0,0
2,ПК,5,3.71,1,1,день,1,0
1,смартфон,5,2.89,3,1,день,1,1
3,смартфон,8,15.32,1,1,вечер,1,1
2,смартфон,7,14.28,1,0,день,1,1
3,смартфон,2,6.66,1,0,вечер,0,1
2,планшет,5,1.0,3,1,утро,1,0
3,смартфон,2,11.15,0,1,день,0,0
2,ПК,5,8.93,3,0,день,0,1
2,смартфон,2,1.0,0,1,день,1,1
2,ПК,5,10.28,1,1,утро,0,1
3,ПК,2,1.42,1,0,день,0,0
2,ПК,2,17.48,1,0,вечер,0,1
1,ПК,4,11.2,2,1,день,0,1
1,смартфон,5,1.0,1,0,ночь,0,1
3,планшет,9,7.59,1,0,день,0,1
1,смартфон,4,16.37,2,0,вечер,0,1
1,ПК,4,17.72,2,0,день,0,1
3,смартфон,1,1.0,2,1,день,0,1
2,смартфон,2,1.0,0,0,день,0,0
2,ПК,4,14.92,2,1,утро,0,0
1,смартфон,5,2.65,2,0,ночь,1,0
2,смартфон,5,9.01,0,0,день,0,1
1,смартфон,4,9.39,0,0,день,1,0
2,планшет,2,9.94,0,0,день,0,0
3,планшет,2,4.12,1,0,утро,0,0
1,планшет,5,1.0,1,0,вечер,0,0
5,ПК,6,7.71,4,0,день,1,1
1,смартфон,2,7.24,3,0,день,0,1
2,смартфон,3,5.68,2,1,вечер,0,1
2,планшет,3,3.28,3,0,утро,1,0
1,планшет,6,18.52,2,0,день,0,1
3,смартфон,7,4.62,1,0,утро,0,1
1,смартфон,4,1.36,0,0,день,1,1
1,смартфон,7,14.19,0,1,вечер,0,1
1,смартфон,3,10.11,2,0,вечер,1,0
1,смартфон,3,3.7,2,0,вечер,0,0
4,смартфон,4,1.64,1,0,день,0,1
1,смартфон,5,5.79,2,0,день,0,1
1,смартфон,2,1.0,2,0,вечер,1,0
1,ПК,5,2.52,1,0,день,0,0
1,ПК,4,33.23,3,0,день,0,0
1,смартфон,2,1.63,2,0,вечер,0,1
1,смартфон,6,3.22,2,0,вечер,1,1
1,ПК,6,1.5,1,0,утро,0,0
3,смартфон,6,24.3,0,0,день,0,1
1,ПК,2,25.88,1,0,утро,0,0
3,смартфон,5,1.0,2,0,утро,0,1
1,ПК,3,22.85,2,0,утро,0,0
6,смартфон,3,1.54,0,0,день,1,0
1,смартфон,3,5.06,1,0,вечер,0,0
2,ПК,4,8.83,1,0,день,0,0
1,ПК,1,6.21,0,0,утро,0,0
1,смартфон,1,1.46,0,0,утро,1,0
4,ПК,3,15.68,0,0,день,1,0
1,смартфон,1,11.63,1,0,вечер,0,0
2,планшет,2,28.34,4,0,день,0,0
3,смартфон,5,4.35,0,0,день,1,0
1,смартфон,1,5.63,2,0,вечер,0,1
1,ПК,4,4.3,2,0,утро,0,0
1,смартфон,4,1.0,1,0,утро,1,1
1,смартфон,2,1.0,0,0,день,0,0
3,смартфон,3,14.33,3,0,день,0,1
1,смартфон,1,3.35,1,0,утро,0,0
2,планшет,4,6.68,1,0,день,0,0
3,смартфон,4,38.62,3,1,вечер,0,1
1,ПК,3,1.0,2,0,вечер,0,0
2,смартфон,7,7.29,2,0,утро,0,1
3,смартфон,5,7.3,1,0,день,1,1
1,смартфон,1,60.0,2,0,утро,1,0
2,планшет,7,17.98,5,0,вечер,1,1
3,смартфон,4,1.0,3,0,день,0,1
2,смартфон,5,1.71,4,0,утро,0,0
1,смартфон,4,1.0,3,0,ночь,1,1
3,ПК,3,2.19,4,0,день,0,0
2,смартфон,2,2.39,1,0,день,1,1
2,ПК,4,1.0,1,1,вечер,1,0
1,смартфон,3,7.49,3,0,день,1,1
1,смартфон,3,36.89,1,0,день,0,1
1,смартфон,4,16.29,3,0,утро,0,0
1,смартфон,1,2.27,2,0,утро,0,1
1,смартфон,3,15.28,3,0,день,0,0
2,ПК,2,40.31,1,0,утро,1,1
3,смартфон,5,18.03,0,0,день,0,1
3,смартфон,1,6.32,3,0,день,0,0
2,смартфон,5,3.14,1,0,утро,0,0
2,смартфон,5,13.78,3,0,день,0,1
4,смартфон,4,15.44,0,0,день,0,0
1,ПК,2,3.52,1,0,день,0,0
3,смартфон,3,2.54,2,0,вечер,0,1
3,ПК,3,11.15,4,0,день,0,1
4,смартфон,3,21.93,0,0,ночь,0,0
2,смартфон,3,1.0,0,0,день,1,0
4,смартфон,4,43.5,0,0,день,1,1
3,смартфон,2,2.13,2,0,утро,1,0
2,смартфон,4,4.3,1,1,день,0,1
3,смартфон,3,1.0,2,0,вечер,0,0
2,смартфон,2,1.0,4,0,день,1,1
2,ПК,5,3.18,2,1,утро,0,0
4,смартфон,2,8.32,2,0,ночь,0,0
4,планшет,3,23.13,1,0,утро,1,0
1,смартфон,5,1.0,3,1,день,0,1
1,ПК,5,7.89,0,0,ночь,0,0
1,смартфон,3,5.38,0,1,утро,0,1
3,смартфон,4,45.34,0,1,вечер,0,1
1,ПК,1,2.07,2,0,ночь,0,0
6,смартфон,5,4.61,3,1,день,0,1
1,смартфон,3,1.0,1,0,день,0,0
1,смартфон,1,24.56,1,0,день,0,0
3,смартфон,2,9.74,0,0,утро,0,1
3,ПК,4,8.86,2,0,ночь,0,0
1,ПК,3,1.0,0,0,вечер,1,0
2,ПК,4,1.04,2,0,утро,1,0
1,ПК,3,15.62,0,0,вечер,0,0
3,смартфон,6,7.97,3,1,день,0,1
1,смартфон,3,2.22,0,0,утро,0,0
3,ПК,9,7.98,1,0,утро,1,1
5,смартфон,2,34.46,1,0,утро,1,0
1,смартфон,4,1.09,1,1,день,0,1
1,смартфон,2,35.13,1,0,утро,1,1
2,ПК,1,14.92,3,1,ночь,0,1
1,смартфон,4,1.56,2,1,день,0,1
5,ПК,12,16.86,1,0,вечер,1,1
1,смартфон,4,13.63,2,1,день,0,0
3,смартфон,4,8.53,1,0,день,0,0
2,ПК,4,14.89,2,0,день,0,0
2,ПК,4,1.52,2,0,утро,0,0
1,смартфон,2,12.79,0,0,ночь,0,0
2,смартфон,4,10.24,0,1,вечер,0,1
2,смартфон,5,3.35,3,0,утро,0,1
4,ПК,6,11.72,0,0,день,0,0
1,смартфон,3,11.36,0,0,день,1,0
3,смартфон,2,2.73,0,0,вечер,0,0
3,планшет,6,1.6,1,0,вечер,0,0
3,смартфон,2,4.5,2,0,вечер,1,1
2,смартфон,6,5.09,4,0,ночь,0,1
1,ПК,3,17.38,3,0,вечер,0,0
2,ПК,7,5.73,2,1,утро,0,1
2,ПК,4,13.34,1,0,день,1,0
1,смартфон,3,6.21,0,0,вечер,0,0
1,ПК,2,1.0,1,0,утро,1,0
1,планшет,4,10.58,2,0,утро,1,0
1,смартфон,1,22.57,2,0,ночь,1,0
1,планшет,8,7.3,0,0,вечер,0,0
2,смартфон,2,12.11,1,1,утро,0,1
1,планшет,2,15.09,3,1,утро,0,0
3,планшет,5,6.3,4,1,ночь,0,1
1,ПК,1,2.87,3,0,день,0,1
1,смартфон,5,19.67,2,0,день,1,1
6,планшет,5,17.64,0,0,вечер,0,1
3,смартфон,3,19.62,2,0,вечер,0,0
1,ПК,1,17.47,2,0,день,0,0
1,планшет,4,1.43,1,0,утро,0,0
4,смартфон,5,5.36,1,0,день,0,1
3,смартфон,3,2.13,2,0,день,1,1
1,планшет,4,1.69,3,0,утро,0,0
1,смартфон,4,15.21,0,0,день,0,0
3,планшет,4,6.57,1,1,день,0,1
3,смартфон,8,1.0,1,0,вечер,0,1
4,планшет,4,5.21,1,0,день,0,1
2,смартфон,4,50.06,4,0,день,1,1
1,смартфон,9,2.39,0,0,день,0,0
4,ПК,3,5.06,1,0,день,1,0
2,планшет,4,9.03,0,0,вечер,1,0
1,смартфон,5,2.23,1,0,день,0,0
2,ПК,4,34.35,2,0,вечер,0,0
2,смартфон,3,10.08,4,0,день,0,0
2,планшет,2,2.61,3,0,утро,0,0
1,смартфон,7,5.92,1,0,утро,0,0
1,смартфон,3,4.48,1,0,день,1,0
3,смартфон,2,1.3,2,0,вечер,0,0
4,смартфон,6,3.35,0,0,утро,0,0
6,ПК,6,8.07,2,0,день,0,1
4,ПК,6,1.0,1,0,утро,0,0
2,смартфон,4,1.0,0,0,вечер,0,0
1,смартфон,4,7.79,0,0,день,0,1
4,ПК,4,5.69,1,1,день,0,1
2,смартфон,1,2.09,1,0,утро,0,0
3,смартфон,6,12.47,1,1,день,0,1
2,смартфон,5,1.0,2,0,день,0,0
3,смартфон,7,3.15,5,0,утро,0,1
1,смартфон,2,1.07,2,0,день,1,0
2,планшет,2,13.01,3,0,вечер,0,0
2,смартфон,7,10.02,0,0,вечер,1,1
2,ПК,4,2.09,0,1,день,1,0
3,смартфон,3,8.15,2,0,ночь,0,0
2,смартфон,5,11.92,4,0,утро,1,1
2,смартфон,6,1.0,0,0,день,0,0
3,ПК,2,10.88,2,0,день,0,0
5,смартфон,1,3.73,3,0,день,0,0
3,смартфон,2,1.45,0,0,вечер,0,0
1,ПК,2,17.21,2,0,утро,0,0
2,смартфон,8,9.32,1,0,вечер,0,0
3,планшет,4,7.91,0,0,день,0,0
2,ПК,4,18.11,1,0,день,0,0
3,смартфон,6,3.08,2,0,вечер,0,0
2,смартфон,4,1.0,0,0,день,0,1
1,смартфон,5,29.71,0,0,вечер,0,1
2,ПК,4,3.05,1,0,день,1,0
1,смартфон,6,10.03,4,0,день,1,1
2,планшет,4,37.74,1,0,день,0,0
2,ПК,3,2.66,0,0,вечер,0,0
4,смартфон,5,49.23,1,0,вечер,0,1
1,ПК,3,7.74,1,1,вечер,0,1
2,смартфон,4,31.93,1,0,день,0,1
1,смартфон,1,1.0,2,0,вечер,1,0
1,планшет,5,7.57,4,0,день,0,1
1,смартфон,2,28.89,3,0,день,0,1
2,смартфон,2,1.69,3,1,вечер,1,1
1,планшет,4,3.22,1,0,вечер,0,1
1,планшет,2,2.39,3,0,вечер,1,0
4,смартфон,3,33.65,2,1,день,1,0
3,ПК,1,3.06,4,0,день,0,1
4,смартфон,4,1.29,0,0,вечер,1,0
2,ПК,5,15.94,0,0,утро,0,0
2,планшет,4,7.21,3,0,день,0,1
2,смартфон,4,8.91,0,0,день,0,0
1,смартфон,4,9.33,1,1,день,1,1
1,планшет,5,9.49,0,1,вечер,1,0
1,ПК,4,6.06,3,0,день,0,0
1,смартфон,3,37.12,2,1,утро,0,1
3,смартфон,1,1.91,2,0,ночь,0,1
2,смартфон,3,31.67,1,0,утро,0,0
2,смартфон,5,3.46,0,0,день,0,0
2,планшет,7,2.11,5,0,день,0,0
1,смартфон,4,9.83,1,0,день,0,0
1,планшет,1,22.24,0,0,день,0,0
4,ПК,5,4.51,0,0,день,0,1
2,ПК,2,1.0,3,0,день,0,1
4,смартфон,4,7.69,0,1,вечер,1,1
4,планшет,3,42.11,1,0,утро,1,0
2,ПК,3,4.94,1,0,утро,0,0
1,смартфон,3,1.0,1,0,день,1,0
3,смартфон,4,6.95,3,1,вечер,0,1
3,ПК,2,4.84,3,0,ночь,0,0
1,смартфон,2,1.0,1,0,вечер,1,0
1,ПК,4,20.78,1,0,день,0,1
4,смартфон,7,9.64,2,0,утро,1,0
1,смартфон,6,1.67,1,0,день,0,0
4,смартфон,4,26.03,0,0,утро,0,0
1,смартфон,6,8.59,2,0,день,0,1
3,смартфон,7,11.69,2,1,день,0,1
3,смартфон,2,8.76,1,0,день,0,0
3,смартфон,1,38.33,0,1,утро,0,0
2,смартфон,4,22.13,1,0,день,0,1
1,смартфон,5,1.0,2,0,ночь,1,0
1,ПК,3,1.0,1,0,день,0,0
2,смартфон,6,6.7,2,0,день,1,1
2,ПК,5,3.77,1,0,утро,0,0
2,ПК,4,7.74,2,0,день,0,0
3,смартфон,3,4.13,1,0,день,0,1
3,смартфон,2,21.05,1,1,день,0,1
1,ПК,4,1.86,3,0,вечер,1,0
2,ПК,4,1.0,1,0,утро,0,0
1,смартфон,4,4.2,0,0,ночь,1,0
2,планшет,5,1.5,0,0,день,0,0
1,смартфон,4,8.95,0,0,утро,0,0
1,смартфон,6,6.4,0,0,день,0,1
1,смартфон,6,12.31,1,0,вечер,0,1
2,смартфон,4,1.0,2,0,день,0,0
1,ПК,2,14.04,1,0,вечер,0,0
1,ПК,2,3.24,1,1,утро,1,0
2,планшет,2,11.13,1,0,день,1,1
4,смартфон,4,3.44,2,0,вечер,0,1
1,смартфон,4,17.95,0,0,вечер,0,1
1,смартфон,9,17.96,3,0,утро,0,1
4,смартфон,7,3.66,1,0,день,0,0
2,смартфон,1,24.03,0,0,день,1,0
1,смартфон,6,3.87,3,0,день,0,1
1,смартфон,3,22.6,1,0,вечер,1,0
3,ПК,7,2.15,2,0,утро,0,0
1,ПК,3,3.4,1,0,утро,0,1
3,смартфон,4,21.56,1,1,утро,0,1
3,планшет,4,1.0,1,0,ночь,0,0
2,смартфон,3,12.1,3,0,утро,0,0
2,смартфон,4,11.46,1,0,день,0,0
4,ПК,4,35.81,2,0,вечер,0,0
1,планшет,1,35.85,3,1,день,0,1
1,смартфон,8,6.55,0,1,ночь,0,1
2,смартфон,4,10.74,0,0,день,0,0
1,ПК,9,1.69,1,0,вечер,0,0
3,смартфон,1,2.56,2,0,день,0,1
3,смартфон,5,8.17,1,0,вечер,0,1
4,ПК,6,2.71,1,0,день,0,0
1,смартфон,3,2.44,1,0,день,0,0
1,смартфон,6,1.0,1,0,день,1,1
1,смартфон,3,1.0,1,0,вечер,0,1
1,ПК,7,12.43,2,1,утро,0,1
2,ПК,4,1.0,2,0,ночь,1,1
1,смартфон,2,22.61,3,0,день,0,0
1,смартфон,2,1.0,0,0,утро,1,0
2,смартфон,5,1.7,1,0,вечер,0,0
4,смартфон,4,4.16,0,0,ночь,0,1
1,смартфон,4,12.97,1,0,вечер,0,1
1,смартфон,3,12.06,3,0,день,0,0
1,смартфон,5,2.83,2,0,ночь,0,1
1,ПК,4,3.96,1,0,день,1,0
4,смартфон,6,17.22,2,0,утро,0,1
2,смартфон,7,6.87,2,0,день,0,0
2,смартфон,4,6.13,0,0,день,0,0
2,планшет,4,10.04,2,1,вечер,0,1
5,смартфон,2,6.1,1,1,вечер,0,1
3,смартфон,6,5.69,2,0,день,0,1
4,ПК,3,16.02,1,0,утро,0,0
3,ПК,2,26.8,0,0,вечер,0,1
1,планшет,2,7.97,0,1,утро,0,1
3,смартфон,1,3.42,1,1,утро,0,1
2,смартфон,3,29.9,2,0,день,0,1
3,планшет,5,12.1,0,0,день,0,0
3,смартфон,2,10.62,1,0,вечер,0,0
1,смартфон,7,9.33,2,0,вечер,1,1
1,ПК,2,13.49,1,0,вечер,1,0
4,ПК,8,14.94,2,0,ночь,0,1
1,ПК,5,15.66,1,0,день,1,0
2,ПК,5,37.21,1,1,день,0,1
3,планшет,1,5.3,2,0,день,0,0
1,планшет,2,2.78,0,0,вечер,1,0
1,смартфон,2,5.01,3,0,вечер,0,0
3,ПК,3,14.56,3,0,день,1,1
2,смартфон,3,7.78,0,0,вечер,0,0
1,смартфон,4,20.0,2,0,день,1,1
2,смартфон,6,2.69,0,1,утро,1,0
1,смартфон,3,13.36,0,0,утро,0,0
1,смартфон,4,2.87,0,0,день,1,1
2,смартфон,4,16.05,4,0,день,0,1
1,смартфон,6,5.77,1,0,вечер,0,0
3,смартфон,5,45.48,5,0,день,0,1
2,смартфон,3,11.05,1,0,утро,1,0
4,смартфон,5,13.54,1,1,утро,0,0
1,смартфон,1,1.0,2,0,утро,1,0
1,ПК,3,12.14,2,0,утро,0,0
1,смартфон,5,5.43,2,0,утро,1,0
4,смартфон,6,3.9,5,0,вечер,0,1
1,смартфон,9,15.86,3,1,вечер,0,1
5,ПК,7,2.6,4,0,день,0,0
1,планшет,4,2.01,2,0,утро,1,0
3,смартфон,7,4.39,0,0,утро,0,0
2,ПК,3,9.92,3,0,день,0,0
1,ПК,4,2.97,0,1,ночь,0,0
1,ПК,3,8.18,3,0,утро,0,0
1,смартфон,1,4.86,1,0,утро,0,0
2,ПК,3,5.05,1,0,день,0,0
3,смартфон,4,2.27,1,0,день,0,0
2,планшет,2,3.89,3,0,день,0,0
3,ПК,4,3.2,3,0,день,0,1
3,ПК,4,2.79,1,0,утро,0,0
1,смартфон,1,1.0,4,0,утро,0,0
2,ПК,6,5.68,2,0,утро,0,0
2,смартфон,4,2.81,1,0,вечер,1,0
2,смартфон,5,32.45,2,0,вечер,0,0
4,смартфон,3,9.21,3,0,день,0,1
1,планшет,1,6.2,1,0,вечер,1,0
1,смартфон,7,4.12,1,0,вечер,0,1
1,смартфон,5,6.18,2,0,вечер,1,1
2,смартфон,4,4.18,2,0,день,0,1
1,планшет,2,19.44,0,0,ночь,1,0
1,ПК,4,2.95,2,0,вечер,0,1
1,планшет,3,3.28,2,0,вечер,0,0
2,смартфон,5,12.37,1,0,утро,0,0
2,ПК,4,23.12,3,0,вечер,0,1
3,планшет,3,11.4,0,0,день,0,0
1,ПК,3,1.0,3,0,ночь,0,1
5,планшет,5,22.92,2,0,день,0,1
5,ПК,3,14.67,1,0,день,0,1
1,ПК,2,2.74,1,0,день,0,0
4,смартфон,5,1.0,2,0,утро,0,0
2,смартфон,6,12.64,1,0,утро,0,0
3,планшет,4,2.67,3,0,утро,0,0
2,смартфон,2,7.42,1,0,день,1,0
3,планшет,5,1.0,1,0,день,0,0
2,смартфон,3,8.4,4,0,день,1,0
2,смартфон,3,1.0,2,0,утро,0,0
2,смартфон,3,7.64,2,0,утро,1,0
2,ПК,4,17.94,1,1,день,0,1
1,ПК,2,8.69,2,0,день,1,0
4,смартфон,6,21.6,0,0,утро,0,0
4,смартфон,3,7.96,1,1,день,1,1
1,смартфон,4,11.63,1,0,ночь,1,0
3,смартфон,3,4.56,2,1,день,1,1
1,смартфон,4,3.52,2,0,утро,0,0
2,ПК,5,4.09,2,0,ночь,0,0
1,ПК,5,1.08,1,0,день,0,1
3,смартфон,3,2.94,1,0,утро,0,0
2,смартфон,1,4.89,1,0,вечер,0,0
1,планшет,1,4.18,2,0,утро,1,0
1,ПК,3,6.84,0,1,утро,1,1
1,ПК,3,6.7,0,0,вечер,1,1
4,смартфон,3,13.3,1,0,ночь,1,1
2,смартфон,5,5.04,3,0,день,0,1
2,смартфон,9,11.31,0,0,утро,0,1
3,планшет,2,22.13,2,1,день,0,1
5,планшет,3,6.08,0,0,вечер,1,1
3,смартфон,6,8.06,0,1,день,0,1
1,ПК,4,11.31,1,1,день,0,1
1,смартфон,5,6.81,0,0,вечер,0,1
2,ПК,3,1.78,2,0,день,0,0
2,смартфон,5,3.48,4,0,вечер,0,0
2,смартфон,1,1.0,0,0,утро,0,0
3,смартфон,5,11.51,1,0,день,0,1
1,смартфон,4,3.28,3,1,вечер,0,0
1,ПК,3,17.35,0,0,вечер,0,0
3,смартфон,2,10.67,3,0,день,1,0
2,планшет,2,13.32,3,1,утро,0,1
3,смартфон,3,21.41,3,0,день,0,1
1,смартфон,8,5.55,2,0,вечер,0,1
3,ПК,4,2.09,1,0,вечер,1,0
3,ПК,4,27.41,0,0,день,1,0
1,смартфон,5,54.79,2,1,ночь,0,1
3,ПК,4,2.46,1,0,утро,1,0
4,планшет,4,13.51,0,0,вечер,0,0
2,смартфон,7,1.0,3,0,утро,0,0
1,ПК,4,1.0,5,0,вечер,1,0
4,смартфон,6,11.24,3,1,вечер,0,1
1,смартфон,1,2.95,2,0,вечер,0,0
1,планшет,1,20.24,2,1,день,1,0
3,смартфон,2,7.2,2,0,утро,0,1
1,смартфон,5,15.23,3,1,утро,0,0
4,смартфон,2,1.09,2,0,ночь,0,0
3,ПК,5,20.75,1,0,день,0,1
1,планшет,3,2.11,0,1,утро,0,0
2,смартфон,6,8.4,3,0,утро,0,1
3,ПК,5,9.41,1,0,день,1,0
2,смартфон,1,1.0,0,0,утро,0,0
1,планшет,2,37.97,2,0,день,1,1
4,ПК,3,3.6,1,0,утро,0,1
1,ПК,4,12.52,0,0,день,0,0
1,смартфон,7,9.99,1,0,утро,1,1
1,планшет,2,1.0,3,1,утро,0,1
3,смартфон,4,19.83,1,0,вечер,0,0
1,планшет,3,3.63,1,1,утро,0,1
2,смартфон,5,2.86,0,1,ночь,0,0
1,смартфон,1,1.0,0,0,день,1,0
1,смартфон,5,2.88,3,0,день,0,1
2,смартфон,4,9.68,4,0,день,0,1
4,смартфон,6,2.24,0,0,вечер,0,0
4,ПК,4,6.28,4,0,вечер,1,0
3,смартфон,4,16.08,0,0,день,0,0
4,смартфон,4,31.05,1,0,вечер,0,1
1,смартфон,6,12.06,2,0,ночь,1,1
2,планшет,4,2.18,0,0,день,0,0
1,смартфон,6,4.83,3,0,день,0,1
1,смартфон,5,8.08,1,1,утро,0,1
4,смартфон,5,20.51,0,1,вечер,1,1
2,ПК,3,7.93,2,0,вечер,0,0
1,смартфон,5,6.76,0,0,утро,1,0
3,смартфон,5,3.01,0,1,день,0,1
1,планшет,6,6.92,3,0,утро,0,0
2,смартфон,6,3.84,2,0,ночь,0,0
2,смартфон,3,8.31,1,0,день,0,1
1,смартфон,2,16.54,0,0,утро,0,0
2,ПК,7,29.14,1,0,утро,0,1
5,смартфон,2,16.59,2,0,утро,0,1
2,смартфон,2,17.62,1,1,вечер,0,1
3,смартфон,7,4.43,0,0,вечер,0,0
1,ПК,9,11.89,1,0,день,0,1
2,смартфон,2,4.91,0,0,день,0,0
1,смартфон,4,1.0,1,0,день,0,1
3,ПК,6,21.59,3,0,вечер,1,1
2,ПК,3,1.0,2,0,день,0,1
1,планшет,4,1.23,1,0,ночь,0,1
2,смартфон,3,1.0,3,0,вечер,0,0
1,смартфон,6,1.0,1,1,утро,1,0
2,смартфон,3,1.0,2,0,вечер,0,0
5,планшет,2,11.31,1,0,утро,0,0
3,планшет,7,19.21,3,0,утро,0,0
4,ПК,3,15.93,4,0,день,0,1
2,смартфон,1,9.84,1,0,утро,0,0
2,планшет,2,15.42,0,1,день,0,0
1,ПК,3,6.1,1,0,вечер,0,1
2,ПК,1,23.69,3,1,день,0,1
1,планшет,3,6.16,2,0,день,0,0
1,планшет,8,1.0,2,0,день,1,1
2,смартфон,4,12.12,3,0,утро,0,1
3,смартфон,5,17.76,1,0,вечер,0,0
1,смартфон,3,2.54,1,0,день,1,0
2,смартфон,4,3.82,3,0,день,0,1
1,смартфон,2,11.87,1,0,утро,0,1
2,смартфон,1,8.53,0,1,вечер,0,0
1,планшет,2,22.07,2,0,ночь,0,0
1,смартфон,2,6.49,1,1,вечер,0,0
3,смартфон,3,11.16,1,1,утро,0,0
3,смартфон,4,3.17,2,0,ночь,0,1
1,смартфон,3,26.51,3,0,день,1,1
1,смартфон,6,4.62,1,0,вечер,0,1
3,ПК,3,7.76,1,0,день,0,0
3,смартфон,3,9.58,5,0,день,0,0
3,смартфон,4,2.93,5,0,утро,1,1
1,смартфон,3,3.81,0,0,ночь,0,0
1,планшет,8,6.98,1,0,утро,0,0
1,планшет,7,3.16,5,0,вечер,1,1
4,смартфон,3,1.39,2,0,день,0,0
1,ПК,4,18.11,2,0,день,0,1
3,ПК,6,3.93,2,0,вечер,0,0
1,смартфон,7,5.38,0,0,день,1,0
1,смартфон,7,7.92,1,0,день,0,1
4,смартфон,10,18.48,4,0,утро,0,1
1,смартфон,3,1.51,2,0,день,0,0
2,ПК,5,9.83,4,1,вечер,1,1
4,смартфон,3,4.32,1,0,вечер,0,0
1,смартфон,3,20.37,1,1,день,0,1
1,смартфон,1,10.82,1,0,день,1,0
1,смартфон,2,1.57,1,0,утро,0,0
2,ПК,4,3.52,1,0,день,0,0
1,смартфон,5,1.0,1,0,вечер,0,0
1,смартфон,5,14.72,0,0,день,1,1
1,планшет,4,5.32,1,0,вечер,0,0
3,смартфон,2,1.0,2,0,утро,0,0
1,смартфон,2,1.0,1,0,день,0,0
1,смартфон,5,31.13,2,0,ночь,1,1
3,смартфон,1,19.13,0,0,ночь,0,0
1,смартфон,6,4.07,2,0,день,0,0
2,смартфон,4,7.27,1,0,день,1,1
1,смартфон,4,8.58,2,0,вечер,0,0
1,смартфон,2,7.24,1,0,ночь,0,1
3,смартфон,3,3.68,0,0,утро,0,0
1,ПК,1,4.95,3,0,день,1,1
4,смартфон,1,2.0,2,0,ночь,1,0
2,планшет,5,1.0,0,1,день,0,0
1,ПК,4,1.68,2,0,вечер,1,1
4,смартфон,5,1.0,1,0,вечер,0,1
2,планшет,4,5.68,4,0,день,0,1
1,ПК,4,10.81,2,0,ночь,0,1
1,смартфон,4,2.0,2,0,утро,1,0
2,ПК,6,7.63,3,0,вечер,0,0
1,смартфон,7,3.93,1,0,день,0,0
2,смартфон,1,1.28,1,0,день,0,0
2,ПК,1,1.36,1,0,день,0,0
1,смартфон,6,9.63,2,0,день,0,1
1,планшет,3,1.25,2,0,день,1,0
5,ПК,3,8.06,2,0,день,0,1
1,ПК,2,2.11,2,0,день,0,1
6,смартфон,5,20.11,3,1,вечер,0,1
4,ПК,1,1.0,0,0,вечер,0,0
2,смартфон,8,4.9,2,0,утро,1,1
1,смартфон,5,14.33,2,0,вечер,1,1
1,смартфон,1,13.83,4,0,ночь,0,1
3,планшет,4,1.56,1,0,ночь,0,0
2,смартфон,2,2.19,1,0,день,0,0
1,смартфон,3,7.9,1,0,ночь,0,0
4,смартфон,4,11.53,0,0,утро,1,0
2,смартфон,10,13.95,0,0,день,0,1
1,ПК,5,9.69,0,0,день,0,0
3,смартфон,5,15.28,2,0,утро,0,1
2,смартфон,8,5.8,1,0,вечер,0,0
4,ПК,4,8.22,0,0,день,0,0
4,смартфон,3,5.68,0,0,утро,0,0
1,ПК,8,14.31,0,0,день,0,0
4,смартфон,5,1.92,2,0,день,0,1
1,смартфон,3,2.91,2,1,ночь,1,1
3,смартфон,4,18.13,2,1,вечер,0,0
3,смартфон,7,12.53,1,0,вечер,0,0
2,планшет,4,13.29,0,0,день,0,0
3,смартфон,3,1.04,1,1,утро,0,0
1,ПК,3,6.62,0,0,день,0,0
4,смартфон,5,8.31,1,0,день,0,0
3,смартфон,3,15.14,3,0,утро,1,0
1,планшет,9,5.49,2,0,день,0,1
2,планшет,1,7.78,2,0,день,0,1
1,ПК,5,2.72,0,0,вечер,0,0
1,планшет,6,17.85,0,0,день,0,0
3,смартфон,6,24.52,1,0,день,0,1
1,планшет,4,6.24,1,0,вечер,0,0
1,смартфон,4,5.75,0,0,день,0,0
1,смартфон,4,3.98,1,0,утро,0,0
4,ПК,9,3.1,2,0,вечер,0,1
3,смартфон,4,8.06,0,0,день,0,0
1,планшет,5,1.85,0,0,ночь,1,0
1,смартфон,4,8.9,1,1,день,0,1
4,смартфон,3,8.24,1,0,утро,0,0
2,смартфон,2,11.84,1,0,вечер,1,0
1,смартфон,3,2.56,1,0,день,0,0
2,смартфон,5,12.11,1,0,утро,0,1
1,смартфон,7,1.0,1,0,день,0,1
3,ПК,6,7.64,1,0,утро,0,0
3,смартфон,8,18.58,1,0,ночь,0,1
6,смартфон,4,13.01,2,0,вечер,0,0
1,ПК,4,19.03,1,0,день,0,1
3,ПК,8,1.61,0,0,вечер,1,0
1,смартфон,1,12.69,0,0,день,0,0
4,ПК,1,6.33,3,0,ночь,0,0
2,смартфон,13,3.9,3,0,вечер,0,1
3,смартфон,7,4.4,2,1,ночь,0,1
1,ПК,4,1.08,1,0,день,0,0
2,ПК,6,11.94,0,0,вечер,1,0
2,смартфон,8,9.99,2,0,день,1,1
2,смартфон,5,1.66,2,0,день,0,0
1,смартфон,4,7.86,5,0,утро,1,1
4,смартфон,3,1.39,1,0,вечер,0,1
1,ПК,1,3.76,3,0,ночь,1,0
1,смартфон,2,1.0,4,0,утро,0,1
2,смартфон,2,9.7,1,0,вечер,0,0
2,смартфон,4,1.0,0,0,ночь,1,0
5,ПК,7,3.02,1,0,день,0,1
1,смартфон,4,3.1,0,0,утро,0,0
1,планшет,6,13.8,0,0,ночь,0,0
2,ПК,5,5.99,1,1,ночь,0,1
1,смартфон,1,8.51,2,0,утро,0,0
4,ПК,1,2.86,2,0,ночь,1,0
4,планшет,6,7.93,0,0,день,1,0
2,смартфон,3,1.62,0,1,день,0,0
1,смартфон,7,48.75,3,0,день,0,1
1,планшет,3,7.28,5,0,день,0,1
4,смартфон,6,21.15,0,0,утро,0,0
1,смартфон,2,1.12,0,0,вечер,1,0
8,смартфон,3,8.93,2,0,вечер,0,0
1,планшет,3,11.12,0,0,день,1,0
1,смартфон,4,15.56,0,0,день,0,0
3,смартфон,1,6.65,0,0,вечер,0,1
1,смартфон,7,1.0,0,0,ночь,0,0
3,планшет,3,3.03,1,0,ночь,0,0
2,смартфон,6,3.29,0,0,день,0,1
2,смартфон,4,3.83,0,0,вечер,0,1
1,смартфон,3,1.0,1,1,утро,1,0
2,смартфон,5,1.0,1,0,день,0,0
1,смартфон,6,7.33,0,0,ночь,0,0
1,планшет,4,13.35,3,0,день,0,0
1,планшет,6,2.62,0,0,день,0,0
5,планшет,3,11.84,0,0,утро,0,0
4,смартфон,5,13.13,2,0,день,0,0
3,смартфон,2,5.3,2,0,утро,0,1
1,ПК,2,7.45,2,0,вечер,0,0
2,смартфон,4,3.77,2,1,вечер,1,1
1,планшет,7,4.7,1,1,вечер,0,1
4,ПК,1,8.89,0,0,утро,0,0
1,планшет,6,4.49,5,0,день,0,1
1,смартфон,3,6.95,5,0,день,0,1
3,смартфон,7,13.62,5,1,день,0,1
1,смартфон,2,33.41,1,0,вечер,0,1
3,планшет,3,22.17,3,0,день,0,1
1,планшет,5,24.59,1,0,вечер,0,1
2,планшет,4,24.22,0,0,день,1,0
2,смартфон,6,2.76,1,0,день,0,1
1,ПК,4,29.26,2,0,день,0,0
3,планшет,6,2.51,4,0,день,0,1
3,смартфон,5,19.97,4,0,вечер,0,1
1,смартфон,2,8.7,0,0,день,1,0
1,планшет,6,18.24,0,0,ночь,0,0
3,смартфон,1,40.3,1,0,вечер,0,0
1,смартфон,3,20.85,3,0,утро,1,0
1,смартфон,2,16.96,0,0,утро,0,0
1,ПК,6,2.31,1,1,вечер,0,1
3,смартфон,7,19.65,2,0,утро,1,0
4,смартфон,5,1.81,3,0,утро,0,1
2,ПК,2,7.19,0,1,день,1,0
1,планшет,4,6.98,3,0,утро,1,0
2,планшет,4,7.31,1,0,утро,0,0
1,смартфон,8,12.84,3,0,вечер,1,1
3,смартфон,4,5.04,0,0,день,1,0
2,планшет,6,6.1,1,0,ночь,1,0
2,ПК,4,10.76,1,0,день,0,0
2,смартфон,1,11.47,1,0,утро,0,0
1,смартфон,4,5.75,2,0,день,0,0
3,смартфон,2,1.0,1,0,день,0,0
2,планшет,5,3.0,3,0,утро,0,0
1,смартфон,6,28.83,2,0,день,0,1
2,смартфон,3,26.23,0,1,вечер,1,1
2,смартфон,3,10.49,1,0,утро,0,0
2,смартфон,7,2.05,1,0,день,1,0
2,смартфон,2,1.01,1,0,утро,0,0
3,ПК,6,29.86,2,0,утро,0,1
1,планшет,10,20.65,1,0,день,0,1
2,смартфон,5,5.07,2,1,вечер,1,1
2,смартфон,3,9.93,1,0,день,0,0
3,смартфон,8,24.55,1,0,утро,1,1
2,планшет,5,1.49,5,0,утро,0,0
4,смартфон,6,10.11,3,1,день,1,1
2,ПК,1,25.19,3,0,ночь,0,1
1,планшет,4,18.11,2,0,день,1,1
1,смартфон,4,3.38,0,0,утро,0,1
1,ПК,5,30.38,1,0,вечер,0,1
2,планшет,4,2.27,1,0,день,0,0
4,смартфон,4,2.34,0,0,утро,1,0
1,смартфон,1,1.02,3,0,ночь,1,0
1,смартфон,3,1.26,0,0,утро,0,0
2,смартфон,6,14.34,2,0,день,0,1
1,смартфон,2,3.23,3,0,утро,0,0
1,смартфон,2,20.34,0,0,ночь,0,1
3,смартфон,5,19.49,0,0,вечер,0,1
2,смартфон,6,1.24,2,0,вечер,0,1
3,ПК,1,7.6,0,1,утро,0,1
1,планшет,3,13.45,2,0,вечер,0,1
1,планшет,3,11.48,5,0,день,0,1
2,смартфон,2,1.09,3,0,день,0,1
4,планшет,12,3.88,1,0,день,0,1
3,ПК,7,9.47,0,0,день,0,1
1,смартфон,3,8.78,2,1,утро,0,0
4,планшет,3,16.82,3,0,день,0,0
1,смартфон,6,1.0,0,0,день,0,0
3,ПК,3,6.55,3,1,день,0,0
1,ПК,3,18.9,2,1,день,0,1
1,ПК,6,50.61,0,0,день,0,0
2,смартфон,1,1.38,2,0,утро,1,0
3,смартфон,4,10.38,0,0,утро,1,0
1,смартфон,3,1.0,0,0,утро,0,1
3,смартфон,3,4.3,2,0,вечер,0,1
2,смартфон,4,5.88,2,0,вечер,0,1
2,смартфон,2,4.24,2,0,вечер,0,1
2,планшет,5,9.8,2,0,утро,0,0
1,смартфон,5,1.0,1,0,день,0,0
5,ПК,6,23.89,1,0,утро,0,0
2,смартфон,3,3.83,0,0,утро,1,0
2,смартфон,5,1.63,0,1,утро,0,1
1,планшет,4,5.68,0,0,утро,0,0
4,планшет,2,7.22,0,1,утро,0,0
1,смартфон,3,1.0,4,0,утро,0,0
1,ПК,8,16.05,2,1,вечер,0,1
5,смартфон,3,13.37,2,0,день,1,1
1,ПК,6,7.17,2,0,ночь,0,0
2,ПК,9,2.06,0,0,день,1,1
1,смартфон,2,26.12,2,0,ночь,1,1
3,ПК,6,15.81,2,0,день,0,1
2,ПК,5,2.66,3,0,день,0,0
5,ПК,4,13.32,3,0,день,0,1
3,ПК,1,1.07,0,0,день,0,0
2,ПК,2,1.26,1,0,утро,0,0
2,смартфон,5,5.88,0,0,день,0,0
1,смартфон,8,12.1,3,1,день,1,1
1,ПК,7,24.93,4,0,утро,0,1
1,планшет,5,35.4,1,0,вечер,0,0
3,смартфон,2,11.77,2,0,вечер,0,0
1,смартфон,3,15.29,2,0,день,0,1
1,планшет,6,7.14,0,1,день,0,1
1,смартфон,6,1.0,3,0,день,0,1
2,смартфон,5,1.34,5,0,утро,0,1
3,смартфон,6,35.33,2,0,день,0,1
4,планшет,3,4.99,1,1,вечер,0,1
2,смартфон,3,14.78,1,0,утро,0,0
3,смартфон,6,2.49,0,0,день,0,1
3,ПК,4,7.61,0,0,день,0,1
2,ПК,4,1.66,0,0,вечер,0,0
3,смартфон,7,16.54,1,0,утро,0,1
1,смартфон,3,1.84,3,0,день,0,1
2,смартфон,1,12.24,3,0,день,0,0
2,планшет,4,1.64,4,1,ночь,0,0
4,смартфон,6,17.07,0,0,вечер,1,1
2,смартфон,7,6.99,1,1,вечер,0,1
2,ПК,3,5.32,1,0,утро,1,0
2,ПК,7,4.11,1,0,день,0,1
2,смартфон,2,11.64,0,0,день,0,0
1,смартфон,4,1.0,1,0,вечер,0,0
2,смартфон,5,19.39,2,0,утро,0,1
3,смартфон,6,14.32,2,0,день,0,0
1,смартфон,4,4.67,1,0,вечер,0,0
3,смартфон,4,38.0,0,0,утро,0,1
3,смартфон,2,17.84,2,0,ночь,0,0
1,смартфон,1,3.16,0,1,ночь,0,1
1,ПК,6,21.87,0,1,ночь,0,1
4,планшет,1,1.04,5,0,день,0,0
2,смартфон,2,11.7,0,0,утро,0,0
1,ПК,6,1.41,1,0,вечер,0,0
1,планшет,4,37.27,1,1,вечер,1,1
1,ПК,1,1.0,4,0,утро,0,0
2,смартфон,4,2.65,2,1,день,0,1
3,смартфон,5,7.55,0,0,день,0,0
2,смартфон,9,8.77,4,0,вечер,0,1
1,смартфон,4,7.19,1,0,день,0,1
1,смартфон,1,13.47,0,1,утро,1,0
4,планшет,5,1.0,2,0,день,0,1
1,смартфон,5,8.3,2,0,утро,0,1
1,планшет,4,9.54,2,0,утро,0,0
3,смартфон,6,2.35,1,0,утро,0,0
1,планшет,5,10.76,1,0,ночь,0,1
1,смартфон,5,10.61,2,0,вечер,1,0
3,ПК,8,7.55,2,0,день,0,0
2,смартфон,1,3.0,1,0,вечер,0,0
2,ПК,6,5.39,2,1,утро,0,1
2,смартфон,2,3.18,1,1,день,0,1
2,планшет,3,14.68,2,0,ночь,0,0
3,смартфон,5,9.64,0,0,вечер,1,0
3,ПК,1,1.64,1,0,вечер,0,0
5,ПК,1,8.38,4,0,ночь,0,1
1,ПК,1,23.36,1,1,день,1,0
3,смартфон,3,17.89,0,0,день,0,0
1,ПК,6,22.18,2,0,день,1,1
1,смартфон,6,24.89,2,1,вечер,0,0
2,смартфон,9,2.09,0,0,день,1,1
3,смартфон,4,12.72,1,1,вечер,0,1
1,смартфон,3,10.34,2,0,день,0,1
4,планшет,3,1.0,1,0,день,1,0
1,смартфон,2,15.06,2,0,утро,0,0
1,смартфон,5,2.32,2,1,вечер,0,1
2,планшет,3,24.89,0,0,утро,0,0
1,ПК,4,18.03,0,1,вечер,0,0
4,планшет,1,14.65,0,0,ночь,1,0
1,планшет,3,11.93,1,0,вечер,1,0
2,смартфон,3,6.35,2,0,утро,0,0
1,ПК,3,15.99,3,0,день,1,1
1,ПК,7,17.11,5,0,утро,1,0
1,смартфон,1,1.04,1,0,утро,0,0
2,смартфон,6,4.02,0,0,вечер,0,0
1,ПК,7,3.81,2,0,утро,1,0
2,ПК,6,1.33,1,0,день,1,0
3,смартфон,6,37.21,0,0,день,0,1
4,смартфон,1,8.76,2,0,ночь,0,0
2,ПК,3,8.91,2,0,вечер,0,0
2,смартфон,3,4.82,1,0,вечер,0,0
3,смартфон,2,14.64,0,0,день,0,0
3,планшет,3,6.46,3,0,день,0,1
2,смартфон,3,13.56,1,0,день,0,0
3,смартфон,5,21.04,0,0,вечер,0,0
1,ПК,4,10.7,1,0,день,0,1
4,планшет,2,9.76,0,1,вечер,0,1
1,ПК,4,15.46,1,1,день,0,1
5,ПК,4,6.99,2,0,день,1,1
2,планшет,5,16.69,1,0,день,1,0
1,ПК,3,1.0,1,0,утро,0,0
1,смартфон,3,2.77,3,0,утро,0,0
1,планшет,6,25.85,2,0,день,1,1
2,смартфон,7,1.88,2,1,день,0,1
1,планшет,6,6.03,1,0,вечер,1,1
4,смартфон,6,6.55,1,0,вечер,0,0
3,смартфон,5,5.4,1,0,вечер,0,0
1,смартфон,1,20.17,1,0,утро,1,0
2,планшет,7,13.85,4,0,вечер,1,1
1,ПК,3,16.62,0,0,утро,1,0
1,ПК,1,47.44,3,0,день,0,0
2,смартфон,5,36.82,1,0,вечер,0,0
3,смартфон,1,22.27,3,0,день,0,1
2,смартфон,6,8.34,2,0,день,1,0
2,смартфон,4,3.59,5,0,вечер,1,0
1,ПК,2,12.86,2,1,ночь,0,1
1,ПК,1,29.81,3,0,утро,0,0
2,смартфон,6,46.28,1,0,утро,0,0
3,смартфон,5,9.5,3,0,день,0,1
3,смартфон,5,12.07,1,0,день,0,1
3,смартфон,5,3.27,2,0,день,1,0
3,ПК,2,2.25,3,1,день,0,0
1,планшет,1,10.18,2,0,день,0,0
1,ПК,4,2.55,1,0,вечер,1,0
2,смартфон,1,5.03,1,0,ночь,0,1
1,смартфон,9,6.78,2,0,утро,1,0
4,смартфон,4,26.99,0,0,вечер,0,0
1,смартфон,2,37.97,3,0,день,0,1
1,ПК,5,2.84,1,0,вечер,0,1
4,ПК,3,1.42,2,0,утро,1,0
1,ПК,3,2.55,1,0,вечер,0,0
2,смартфон,7,7.32,0,0,утро,0,0
4,ПК,6,15.27,0,0,ночь,1,0
2,смартфон,9,7.38,1,1,день,0,1
3,смартфон,7,27.05,0,0,вечер,0,1
1,смартфон,5,10.14,3,1,вечер,0,1
2,смартфон,1,6.61,2,0,ночь,0,0
1,ПК,7,14.71,2,1,утро,0,1
3,планшет,4,30.73,2,0,день,1,1
3,смартфон,3,4.05,0,0,утро,1,0
1,смартфон,2,3.22,3,0,утро,0,1
3,смартфон,4,2.4,3,0,день,0,1
3,смартфон,2,7.67,4,0,вечер,0,0
3,смартфон,7,6.32,0,0,вечер,0,1
2,планшет,4,2.84,0,0,день,0,0
1,смартфон,5,12.79,3,0,день,0,1
4,ПК,2,3.53,5,0,день,0,1
1,смартфон,2,14.13,1,1,вечер,1,1
2,смартфон,1,18.26,1,0,вечер,1,1
2,смартфон,3,20.11,4,0,день,0,1
1,планшет,4,1.58,2,0,утро,0,0
2,смартфон,5,3.65,3,1,утро,0,0
6,смартфон,2,7.43,0,0,утро,0,0
1,ПК,4,18.68,1,0,вечер,0,0
4,смартфон,2,5.13,1,1,утро,1,0
2,ПК,7,10.78,0,0,день,0,0
1,смартфон,4,6.06,1,0,день,1,0
2,ПК,3,1.0,3,0,вечер,0,0
4,смартфон,4,3.8,1,0,вечер,0,1
1,смартфон,8,14.14,0,0,день,0,1
2,смартфон,3,13.1,3,0,день,0,0
2,смартфон,3,21.51,0,0,день,1,1
5,ПК,3,8.99,2,0,вечер,1,0
1,ПК,7,14.54,1,0,утро,1,0
1,смартфон,6,5.36,3,0,ночь,0,1
2,смартфон,4,4.3,1,1,день,0,0
1,смартфон,3,4.15,3,0,утро,0,1
1,планшет,3,1.73,1,0,вечер,0,0
1,смартфон,2,5.76,3,0,день,0,0
1,смартфон,3,16.64,1,0,утро,0,0
2,планшет,2,1.0,4,0,утро,0,1
2,смартфон,5,8.55,2,0,день,0,1
2,смартфон,4,1.9,0,0,день,0,0
1,смартфон,8,13.63,3,0,день,0,1
3,планшет,6,1.51,3,1,вечер,1,1
1,смартфон,5,1.79,1,1,день,0,0
1,ПК,3,1.0,1,0,день,0,1
3,смартфон,4,5.85,2,0,утро,0,0
1,смартфон,4,10.43,1,0,день,0,1
1,ПК,2,3.41,1,1,день,0,1
1,смартфон,5,1.0,1,0,утро,0,0
2,смартфон,3,26.98,4,0,ночь,0,0
2,смартфон,5,19.7,0,0,вечер,0,1
1,смартфон,7,6.21,2,0,вечер,0,1
1,планшет,2,17.33,2,0,утро,0,0
4,смартфон,6,16.15,5,0,день,0,1
3,планшет,7,8.25,2,1,день,0,1
1,планшет,1,7.48,1,0,ночь,0,0
1,планшет,5,10.53,1,0,день,0,1
3,ПК,8,12.81,4,1,вечер,0,1
3,планшет,6,17.19,0,1,день,1,0
1,смартфон,6,8.54,2,0,вечер,0,1
2,смартфон,3,13.71,2,1,утро,0,1
3,смартфон,2,2.05,2,0,вечер,0,0
1,ПК,5,13.71,2,0,вечер,0,0
1,ПК,4,1.0,0,0,утро,0,0
2,смартфон,4,10.74,0,0,вечер,1,0
3,ПК,9,12.47,1,0,день,0,0
2,смартфон,5,34.28,0,1,утро,1,1
3,смартфон,4,5.48,1,0,день,0,0
1,смартфон,5,1.21,2,0,утро,1,0
2,смартфон,3,4.07,3,0,день,0,0
4,планшет,3,5.43,1,0,ночь,0,1
4,смартфон,5,14.7,2,0,утро,0,1
2,смартфон,2,2.06,1,0,день,1,0
2,ПК,6,1.86,1,0,вечер,0,1
1,планшет,4,2.48,1,0,ночь,1,0
1,смартфон,4,2.63,2,0,день,0,0
1,смартфон,3,25.74,1,0,утро,1,0
2,смартфон,5,1.75,2,0,день,0,1
1,ПК,3,5.33,1,0,утро,1,0
1,ПК,3,5.16,2,0,ночь,0,0
3,планшет,3,1.36,2,0,день,0,1
1,смартфон,2,1.15,1,0,вечер,0,0
2,смартфон,8,24.06,3,0,день,0,1
1,смартфон,3,18.1,2,0,день,1,1
2,смартфон,6,27.06,1,0,утро,0,1
1,смартфон,3,3.81,0,0,вечер,0,0
2,планшет,3,7.48,2,0,день,1,0
1,смартфон,1,2.95,1,0,утро,0,0
3,смартфон,4,4.97,0,0,вечер,0,0
3,планшет,6,15.81,4,0,утро,0,1
2,смартфон,2,6.47,0,0,утро,0,0
2,ПК,5,1.16,0,0,вечер,0,0
2,смартфон,6,1.0,0,0,день,0,1
1,смартфон,6,2.69,0,0,день,1,0
2,смартфон,3,2.02,0,0,вечер,1,0
2,ПК,4,15.8,1,0,день,1,0
1,планшет,1,10.98,0,1,утро,1,0
3,смартфон,3,18.22,1,0,вечер,1,0
1,смартфон,1,5.43,0,0,вечер,0,0
1,планшет,1,8.76,2,0,день,0,0
2,смартфон,4,5.4,2,0,вечер,0,1
1,ПК,4,2.5,1,0,утро,0,0
1,ПК,2,9.97,1,0,день,0,1
1,планшет,2,4.92,0,0,день,0,0
3,ПК,8,2.87,2,0,утро,1,0
2,смартфон,7,27.88,1,0,утро,1,1
2,смартфон,3,1.14,1,0,день,0,1
4,смартфон,2,15.0,0,0,вечер,0,1
1,смартфон,1,7.97,0,0,день,0,0
3,ПК,2,14.4,1,0,вечер,0,0
2,смартфон,6,1.0,2,0,вечер,1,1
2,ПК,5,4.95,0,0,ночь,0,0
1,ПК,8,15.9,2,0,утро,0,0
3,смартфон,4,16.88,1,0,ночь,0,1
1,смартфон,1,15.55,2,0,утро,0,0
2,смартфон,2,13.64,3,0,вечер,0,1
1,смартфон,4,4.73,2,0,день,0,1
3,смартфон,2,12.59,0,0,день,1,1
3,смартфон,3,1.16,4,0,день,0,0
1,смартфон,3,1.77,0,0,вечер,1,0
2,ПК,8,7.76,1,1,день,1,1
1,смартфон,1,7.98,0,0,вечер,0,0
2,смартфон,11,6.38,0,0,ночь,0,1
2,ПК,1,13.28,1,1,день,0,1
1,смартфон,3,8.3,1,0,день,0,0
3,смартфон,6,1.0,0,0,утро,0,0
4,ПК,7,21.82,2,0,день,0,1
1,ПК,2,9.89,0,0,день,0,0
3,ПК,1,22.58,1,0,день,0,0
1,смартфон,5,5.61,3,1,день,0,1
2,смартфон,5,1.0,2,0,утро,0,1
3,смартфон,8,14.38,1,0,день,0,1
2,ПК,2,8.35,0,0,вечер,0,0
1,смартфон,5,1.0,0,0,утро,1,0
1,смартфон,5,8.5,1,1,утро,0,1
1,ПК,5,26.75,0,0,вечер,0,1
4,ПК,4,2.34,2,0,день,0,1
1,планшет,2,3.31,0,0,день,0,0
1,смартфон,6,10.48,1,0,день,0,1
2,смартфон,3,17.2,2,0,день,0,1
1,ПК,4,10.26,3,0,вечер,0,1
3,смартфон,1,11.14,0,1,день,0,1
3,смартфон,2,3.96,1,1,вечер,0,1
2,смартфон,6,1.0,1,0,вечер,0,0
4,ПК,1,18.32,0,0,утро,0,0
1,смартфон,2,53.48,0,0,ночь,1,0
4,планшет,1,20.13,1,0,утро,0,0
1,смартфон,5,5.07,3,0,ночь,0,1
2,смартфон,6,4.34,1,0,ночь,0,1
1,ПК,3,32.16,2,0,день,1,0
1,смартфон,3,44.56,3,0,день,0,1
4,планшет,5,9.47,1,0,утро,0,1
1,смартфон,5,7.23,2,1,вечер,0,1
1,смартфон,6,7.26,1,0,утро,0,1
3,ПК,4,2.25,1,0,ночь,1,0
1,ПК,5,13.03,3,0,вечер,1,1
2,планшет,2,1.88,1,0,вечер,1,0
1,смартфон,5,2.35,0,0,ночь,0,0
2,смартфон,3,11.21,5,0,вечер,0,1
3,ПК,1,20.35,1,0,день,0,0
3,смартфон,7,10.96,2,1,утро,0,0
1,ПК,5,6.44,1,0,день,0,1
1,смартфон,3,11.88,1,0,день,1,0
1,ПК,3,6.07,3,0,вечер,0,1
2,ПК,4,10.62,0,0,день,1,0
2,смартфон,5,15.16,2,0,день,1,1
4,ПК,6,1.0,3,0,день,0,0
4,смартфон,5,2.47,1,0,день,0,1
4,смартфон,2,12.14,3,0,день,0,0
2,смартфон,3,5.13,1,0,утро,0,0
2,смартфон,4,7.38,1,0,день,0,1
1,смартфон,3,11.55,3,0,ночь,0,1
2,смартфон,5,7.48,3,0,утро,0,0
1,смартфон,4,18.14,2,0,вечер,1,0
2,смартфон,2,4.77,2,0,вечер,0,0
2,смартфон,1,11.77,2,0,день,1,0
1,смартфон,4,5.54,1,0,утро,0,0
5,планшет,2,7.54,0,0,ночь,1,0
1,планшет,4,1.21,2,0,день,0,0
3,ПК,4,17.81,2,1,день,0,1
2,смартфон,6,3.86,0,0,день,0,0
3,смартфон,3,3.58,2,0,вечер,0,0
4,планшет,7,1.0,3,1,утро,0,1
1,планшет,5,7.06,1,0,вечер,0,1
1,смартфон,2,5.41,1,0,утро,1,0
4,планшет,2,1.04,1,1,день,0,0
3,смартфон,1,13.93,2,0,ночь,0,1
1,смартфон,4,1.0,2,0,день,0,1
2,планшет,5,1.57,0,0,вечер,0,0
4,смартфон,7,6.17,1,0,день,1,1
3,смартфон,1,4.43,2,0,утро,0,0
1,смартфон,1,3.22,2,0,вечер,0,1
1,смартфон,2,8.3,2,0,день,1,1
4,смартфон,3,7.43,0,0,вечер,1,0
1,смартфон,1,5.66,0,1,ночь,0,0
1,ПК,7,14.97,3,0,день,0,1
3,планшет,5,6.89,4,0,день,0,1
3,смартфон,6,38.54,2,0,вечер,0,1
2,смартфон,5,16.19,1,1,вечер,1,1
1,смартфон,5,1.13,1,0,вечер,0,0
3,планшет,4,3.2,0,0,день,0,0
1,смартфон,6,7.68,0,0,день,1,0
1,смартфон,5,6.33,3,0,вечер,1,1
2,смартфон,2,1.0,0,0,день,0,0
1,смартфон,5,7.51,2,0,день,0,0
1,планшет,4,9.3,4,0,утро,0,0
2,планшет,6,6.22,0,0,вечер,0,1
1,ПК,3,20.11,1,0,день,1,0
3,смартфон,4,8.13,3,0,ночь,0,0
1,планшет,10,15.44,1,0,ночь,0,1
1,смартфон,3,8.84,1,0,утро,1,0
4,смартфон,5,24.0,1,0,утро,1,0
1,смартфон,7,2.41,2,0,вечер,0,1
3,смартфон,3,17.82,2,0,день,1,0
1,смартфон,3,5.94,1,1,день,0,1
1,ПК,5,11.96,1,0,утро,0,0
3,смартфон,6,8.35,1,0,день,0,1
1,смартфон,1,1.15,0,1,ночь,0,0
1,ПК,7,5.74,2,1,утро,0,0
3,смартфон,1,11.2,2,0,вечер,0,0
1,планшет,7,22.87,2,0,день,1,0
1,ПК,9,2.46,2,0,вечер,1,1
4,смартфон,4,4.39,1,0,вечер,0,0
2,смартфон,4,4.47,1,0,утро,1,0
3,ПК,6,7.43,0,0,вечер,0,0
2,ПК,5,19.88,0,0,вечер,0,0
1,смартфон,3,5.03,4,0,вечер,0,1
1,смартфон,4,1.59,2,0,вечер,0,0
2,смартфон,6,7.06,1,0,вечер,0,0
1,ПК,2,1.0,2,0,день,0,0
3,смартфон,2,4.22,2,0,вечер,0,1
1,ПК,6,7.22,2,0,день,0,0
1,ПК,3,7.29,0,0,ночь,0,0
1,ПК,4,17.12,2,0,вечер,0,1
1,планшет,2,16.15,1,0,день,0,1
4,смартфон,2,3.32,2,0,вечер,0,1
3,смартфон,4,3.58,0,0,день,0,1
3,смартфон,3,39.99,2,0,вечер,1,1
1,смартфон,5,4.97,3,0,утро,1,0
2,смартфон,4,1.54,0,0,утро,0,0
3,планшет,5,10.7,1,0,день,1,0
3,смартфон,2,2.79,0,0,день,0,1
4,ПК,6,9.25,1,0,ночь,0,0
1,смартфон,4,17.22,2,0,вечер,0,0
1,смартфон,3,1.91,0,0,день,0,0
3,смартфон,3,6.01,2,1,ночь,1,0
2,ПК,3,4.83,2,1,ночь,1,0
1,ПК,4,60.0,0,0,утро,0,0
1,смартфон,6,12.44,4,0,утро,1,0
1,смартфон,6,1.0,0,0,вечер,1,1
3,ПК,1,2.6,1,0,день,1,0
1,смартфон,5,1.71,1,0,утро,1,0
1,смартфон,3,1.0,1,0,ночь,1,0
1,смартфон,2,3.8,1,0,вечер,0,1
5,смартфон,4,3.92,0,0,день,0,1
1,смартфон,4,2.68,0,0,ночь,0,1
1,смартфон,3,8.05,1,0,день,0,0
3,планшет,6,2.46,2,0,день,0,0
2,смартфон,3,28.31,2,0,день,0,1
1,планшет,3,13.18,2,0,день,0,0
1,смартфон,3,1.29,2,0,день,0,0
4,смартфон,3,3.13,3,0,ночь,0,1
1,смартфон,5,40.42,0,1,вечер,0,1
2,планшет,1,2.23,2,0,день,0,0
2,смартфон,2,1.24,3,0,ночь,1,1
1,смартфон,5,2.64,0,0,утро,0,0
4,смартфон,2,12.51,1,0,день,0,0
1,планшет,3,7.3,1,0,ночь,0,1
1,смартфон,9,1.0,2,0,утро,0,1
2,смартфон,2,4.49,4,0,ночь,0,1
1,смартфон,5,1.0,0,1,день,1,1
3,планшет,3,3.43,0,0,утро,0,0
1,смартфон,3,1.87,3,0,утро,0,0
5,ПК,8,2.49,3,0,день,0,0
3,планшет,2,15.06,2,0,вечер,1,0
1,ПК,2,15.3,2,0,день,0,0
2,смартфон,9,13.18,0,0,день,1,0
2,смартфон,3,11.66,3,0,день,0,0
2,ПК,1,2.81,1,0,день,1,0
1,смартфон,5,5.81,1,0,день,0,0
4,смартфон,2,6.16,1,0,утро,0,0
1,смартфон,5,7.65,3,0,вечер,0,0
4,ПК,5,19.4,2,0,день,0,1
1,смартфон,7,21.95,1,0,день,0,1
2,смартфон,3,2.43,0,0,день,1,0
2,планшет,3,5.66,0,0,день,0,0
1,смартфон,8,1.6,0,0,день,0,0
4,ПК,2,10.45,1,0,утро,0,0
2,смартфон,4,8.49,1,0,утро,0,0
4,планшет,7,19.03,2,0,день,0,0
2,смартфон,4,7.32,1,1,ночь,1,1
3,ПК,1,15.19,3,1,день,0,1
3,ПК,2,3.83,3,0,день,0,0
1,ПК,7,11.85,3,0,утро,1,0
1,ПК,2,1.0,1,0,день,0,0
1,смартфон,4,1.64,1,0,вечер,0,1
2,ПК,3,5.92,2,0,день,0,0
2,планшет,7,21.79,3,0,вечер,0,0
4,ПК,2,21.64,2,0,день,0,0
1,планшет,4,9.13,2,0,утро,1,1
3,смартфон,3,1.39,0,0,день,0,0
4,планшет,3,11.42,0,0,день,0,0
4,смартфон,2,1.95,2,0,утро,1,0
1,планшет,5,4.31,3,0,день,0,0
2,смартфон,5,3.77,5,0,день,0,0
3,смартфон,4,21.58,2,0,вечер,0,1
1,ПК,2,11.83,1,0,день,0,0
1,ПК,1,1.0,2,0,ночь,0,0
2,ПК,1,18.54,2,0,день,0,0
3,ПК,2,5.63,2,0,вечер,0,0
2,планшет,4,14.06,1,0,утро,0,0
1,планшет,5,14.99,3,0,вечер,0,1
1,смартфон,3,60.0,1,0,утро,0,1
1,ПК,2,4.26,0,0,вечер,0,0
2,ПК,5,19.98,0,0,день,0,0
2,планшет,3,3.38,2,0,день,0,0
1,ПК,4,54.13,1,0,вечер,0,0
2,смартфон,4,5.28,2,0,утро,1,1
3,смартфон,7,10.79,2,1,ночь,0,1
2,ПК,5,52.05,2,1,утро,1,0
2,смартфон,3,2.24,1,0,вечер,0,1
3,планшет,2,9.78,1,0,вечер,0,0
2,смартфон,5,60.0,0,0,день,1,1
2,планшет,3,28.82,2,0,вечер,0,0
1,планшет,2,2.49,1,0,день,0,0
4,планшет,6,1.04,3,0,вечер,0,0
5,смартфон,1,5.55,2,0,утро,1,0
1,смартфон,2,14.41,0,0,ночь,1,0
1,планшет,7,15.59,0,0,утро,0,1
4,ПК,3,9.35,3,0,день,0,0
2,смартфон,2,9.54,3,1,день,1,1
4,смартфон,5,1.29,2,1,день,0,1
3,смартфон,4,5.82,0,0,день,1,1
2,ПК,4,8.58,2,0,ночь,0,0
2,планшет,6,11.51,2,0,утро,0,1
1,ПК,3,1.0,0,0,утро,0,0
2,смартфон,5,11.73,1,0,ночь,0,0
1,смартфон,5,28.35,1,1,утро,0,0
4,ПК,3,15.43,3,0,утро,0,0
3,смартфон,7,9.78,2,0,день,0,1
3,смартфон,3,1.02,2,1,утро,0,0
1,смартфон,4,15.82,3,0,утро,0,1
4,смартфон,5,10.88,0,0,вечер,0,1
2,смартфон,5,7.96,5,0,утро,0,1
1,смартфон,7,16.2,1,0,день,0,0
1,смартфон,4,11.22,1,0,вечер,0,0
3,смартфон,6,6.34,3,0,ночь,1,1
2,ПК,3,2.67,2,1,день,1,1
1,смартфон,4,7.02,2,0,вечер,1,0
2,смартфон,5,1.67,1,1,день,0,0
1,смартфон,2,1.0,2,0,утро,0,0
2,смартфон,6,2.67,2,0,день,1,1
3,планшет,2,4.57,1,0,день,1,0
2,ПК,5,10.41,2,0,утро,0,0
1,ПК,4,6.92,1,0,утро,0,0
1,смартфон,4,13.29,1,0,вечер,0,0
1,смартфон,1,13.37,2,0,утро,0,0
1,смартфон,1,12.24,2,0,утро,0,0
2,ПК,3,7.93,1,0,день,0,0
2,планшет,4,10.88,0,0,утро,0,0
2,смартфон,3,37.91,3,0,вечер,0,1
1,смартфон,2,12.23,0,0,день,0,1
1,смартфон,7,13.57,2,0,утро,1,0
2,смартфон,10,3.44,0,0,утро,1,0
1,ПК,2,6.5,4,1,день,0,0
1,смартфон,6,5.71,0,0,день,1,1
3,планшет,2,4.36,1,0,вечер,0,0
1,смартфон,2,6.15,1,1,вечер,0,1
1,смартфон,3,9.11,3,0,ночь,0,1
1,смартфон,6,9.79,2,0,вечер,1,1
1,планшет,3,18.3,1,0,утро,0,0
1,смартфон,6,10.68,2,1,утро,0,0
2,смартфон,7,20.35,2,0,утро,0,1
2,ПК,5,10.69,0,0,вечер,0,0
2,смартфон,4,4.31,1,1,вечер,1,1
1,смартфон,1,9.97,2,0,утро,0,0
3,смартфон,4,13.06,1,0,вечер,0,0
1,планшет,2,11.57,0,1,вечер,1,1
2,смартфон,4,18.97,1,0,вечер,0,0
3,планшет,4,23.6,0,0,вечер,0,0
4,смартфон,3,4.08,1,0,день,0,1
2,смартфон,6,1.0,1,0,день,0,0
2,планшет,1,10.68,2,0,утро,0,0
1,планшет,2,1.17,1,0,утро,1,0
4,ПК,5,21.54,1,0,день,0,0
3,смартфон,7,17.27,2,0,утро,0,1
3,смартфон,6,12.5,0,0,утро,0,1
2,планшет,6,26.06,3,0,день,0,0
1,смартфон,2,21.82,1,0,ночь,0,0
3,смартфон,1,25.63,1,0,ночь,0,1
1,смартфон,5,13.3,1,0,вечер,1,0
1,смартфон,5,4.6,2,0,день,0,0
3,смартфон,5,1.0,1,0,вечер,0,0
2,ПК,1,1.0,0,0,день,1,0
3,ПК,6,15.76,0,0,день,0,0
3,ПК,4,2.12,1,0,утро,1,1
1,ПК,7,3.76,2,0,день,0,1
3,смартфон,4,8.82,0,0,день,0,0
2,смартфон,6,1.41,1,0,день,0,1
2,смартфон,5,42.22,0,0,день,0,0
3,ПК,7,16.99,1,0,вечер,0,1
1,смартфон,2,8.79,2,0,вечер,0,0
1,смартфон,1,23.91,1,0,день,1,1
2,смартфон,6,6.8,4,0,вечер,0,1
1,смартфон,5,22.73,0,1,вечер,0,1
1,смартфон,5,17.49,2,0,вечер,0,1
2,смартфон,4,1.0,1,0,день,0,0
4,ПК,11,15.93,1,0,ночь,0,1
2,смартфон,5,15.32,3,0,ночь,0,0
1,ПК,7,3.82,1,0,вечер,1,0
1,смартфон,6,6.79,1,0,вечер,0,1
5,ПК,6,1.49,1,0,вечер,1,1
4,смартфон,2,10.98,1,0,утро,0,0
4,планшет,2,11.22,1,1,вечер,0,1
4,смартфон,7,39.88,2,0,день,0,1
3,планшет,4,12.83,2,0,ночь,1,0
2,ПК,3,5.93,1,1,утро,0,0
1,смартфон,6,1.99,4,0,утро,0,0
1,смартфон,7,15.5,1,0,день,0,1
1,смартфон,2,4.37,0,0,ночь,0,0
1,смартфон,1,28.77,1,0,день,0,1
1,смартфон,3,3.24,2,0,ночь,1,0
4,планшет,1,2.19,1,0,ночь,0,0
1,смартфон,4,9.69,1,0,утро,0,0
1,планшет,1,24.73,1,0,вечер,0,0
3,ПК,3,1.52,0,0,день,0,0
1,планшет,2,1.0,1,0,день,0,1
2,смартфон,2,34.23,1,0,утро,0,0
1,смартфон,3,1.47,1,0,вечер,0,1
2,смартфон,7,9.35,1,0,вечер,1,0
3,смартфон,3,2.22,2,0,утро,0,0
1,смартфон,4,1.84,1,0,день,1,1
5,ПК,8,1.7,0,0,день,1,0
5,планшет,1,12.38,0,0,ночь,0,1
1,смартфон,5,14.26,2,1,утро,0,1
1,смартфон,2,1.28,2,0,день,0,0
1,смартфон,8,1.47,2,0,вечер,0,1
3,ПК,9,27.23,2,0,вечер,1,0
1,ПК,5,8.89,2,0,день,0,0
1,смартфон,3,15.2,4,0,вечер,0,1
3,смартфон,1,1.0,2,0,ночь,1,1
2,смартфон,9,1.0,2,0,утро,0,1
1,смартфон,4,5.05,2,0,утро,0,0
1,смартфон,2,8.1,1,1,вечер,0,1
1,планшет,2,4.66,0,0,утро,0,0
2,смартфон,6,12.5,1,0,вечер,0,0
1,планшет,4,11.07,1,0,день,1,0
1,смартфон,1,5.92,3,1,утро,0,1
3,планшет,2,1.0,3,0,день,1,0
1,планшет,4,9.05,2,0,ночь,0,1
2,смартфон,3,2.77,2,0,вечер,0,1
1,планшет,2,4.87,1,0,утро,0,1
1,смартфон,3,1.0,1,0,ночь,0,0
3,смартфон,3,7.36,3,0,утро,0,0
2,смартфон,3,12.01,3,0,день,0,0
3,смартфон,2,8.62,2,0,утро,1,0
3,смартфон,1,13.93,1,0,день,0,1
5,планшет,6,60.0,1,0,утро,0,1
2,смартфон,4,10.01,1,0,вечер,0,1
1,смартфон,3,2.5,5,0,день,0,1
1,ПК,5,8.49,3,0,вечер,1,1
1,планшет,2,2.81,3,0,день,0,1
2,смартфон,7,4.01,1,0,вечер,0,1
3,смартфон,1,4.34,2,0,день,0,1
4,смартфон,7,7.34,1,0,ночь,1,0
1,смартфон,5,7.42,0,0,вечер,0,0
1,ПК,9,11.01,4,0,день,0,1
2,смартфон,4,5.76,2,0,ночь,0,0
2,смартфон,2,2.08,2,0,утро,0,0
3,ПК,5,6.75,0,0,день,0,0
1,планшет,5,15.92,3,0,вечер,0,1
1,смартфон,4,12.13,1,0,утро,0,0
2,планшет,3,1.22,1,0,день,0,1
1,ПК,9,29.63,0,0,утро,0,0
3,смартфон,7,3.65,4,0,вечер,0,0
3,ПК,3,8.83,2,0,утро,0,0
3,смартфон,7,1.0,2,0,вечер,0,1
3,ПК,5,24.02,1,1,день,0,1
2,ПК,5,11.51,3,0,утро,0,1
5,смартфон,3,3.23,2,0,день,0,0
3,планшет,5,11.5,4,0,утро,0,1
1,планшет,4,3.46,4,0,утро,0,0
4,ПК,4,3.01,3,1,утро,1,0
2,ПК,3,5.92,1,0,день,0,0
2,смартфон,4,9.16,1,1,утро,0,1
1,планшет,5,2.35,1,0,вечер,0,0
1,ПК,4,13.58,2,0,утро,0,1
2,планшет,5,8.63,2,0,утро,0,0
1,планшет,1,1.0,2,0,утро,0,0
3,смартфон,4,7.97,1,0,день,0,1
5,смартфон,5,5.46,0,0,день,0,1
2,ПК,1,11.07,0,0,утро,0,0
2,ПК,6,22.81,0,0,день,0,0
2,смартфон,6,3.05,0,0,вечер,1,0
1,смартфон,2,11.2,5,0,вечер,0,1
1,ПК,1,1.64,3,0,день,0,0
3,ПК,9,1.0,0,0,день,0,0
4,планшет,4,26.86,0,1,утро,1,1
2,смартфон,6,19.83,2,0,вечер,0,0
4,планшет,4,6.96,3,0,вечер,0,1
2,ПК,2,1.49,0,0,утро,0,0
3,планшет,4,3.06,1,0,день,1,1
2,ПК,2,8.38,0,0,утро,0,0
3,смартфон,4,10.55,0,0,вечер,0,0
2,ПК,4,11.73,2,0,утро,0,0
3,ПК,4,13.78,1,0,день,0,0
1,смартфон,7,2.36,3,0,вечер,0,1
2,ПК,5,3.51,1,0,утро,0,0
2,ПК,5,1.0,1,0,утро,0,0
3,ПК,5,1.0,0,0,вечер,0,0
2,смартфон,3,3.7,1,0,вечер,0,0
1,смартфон,3,2.06,0,0,день,0,1
1,смартфон,5,6.78,1,1,утро,0,0
4,смартфон,3,18.88,1,0,ночь,0,1
2,смартфон,5,12.84,4,0,день,0,1
2,смартфон,5,14.05,1,0,день,1,1
1,смартфон,3,9.17,3,0,день,0,1
2,ПК,3,12.05,5,0,день,0,1
1,смартфон,4,1.98,1,0,день,1,0
2,смартфон,6,8.04,1,0,ночь,0,0
1,смартфон,5,8.45,0,0,утро,1,0
2,смартфон,6,9.91,1,0,день,1,0
1,ПК,5,15.11,2,0,утро,0,0
3,смартфон,3,28.82,3,0,день,0,0
1,планшет,4,12.44,2,0,вечер,0,0
2,планшет,3,25.58,3,0,ночь,0,1
1,смартфон,3,7.98,1,0,день,1,0
1,смартфон,4,3.42,0,0,утро,0,0
1,смартфон,2,10.74,1,0,день,1,0
2,смартфон,6,39.6,1,0,день,0,0
1,смартфон,4,12.37,2,0,утро,0,1
2,ПК,3,34.74,0,0,утро,1,0
2,смартфон,4,1.0,1,0,утро,0,0
1,смартфон,2,2.99,1,0,вечер,1,0
1,смартфон,2,3.2,1,0,день,1,0
2,планшет,3,5.57,2,0,вечер,0,0
1,смартфон,5,1.0,4,1,вечер,0,1
4,смартфон,5,24.56,1,0,утро,1,0
4,планшет,3,12.28,1,0,день,0,1
1,смартфон,5,1.0,2,0,день,0,1
2,смартфон,3,1.92,1,0,вечер,0,1
3,смартфон,5,9.24,1,0,ночь,0,0
4,ПК,5,23.91,1,0,утро,1,0
3,смартфон,5,1.0,0,0,день,0,1
1,смартфон,2,5.68,2,0,утро,1,0
3,ПК,8,2.23,1,0,вечер,1,0
1,смартфон,1,1.99,0,0,вечер,0,0
1,планшет,3,13.1,0,1,вечер,0,0
1,смартфон,6,17.52,2,0,вечер,0,1
3,смартфон,3,25.4,2,1,утро,0,1
1,планшет,4,11.52,3,0,день,1,0
3,ПК,4,1.0,4,0,день,1,1
1,смартфон,1,4.42,0,1,вечер,0,0
2,планшет,4,5.83,2,0,вечер,1,1
1,планшет,7,3.23,1,1,день,1,1
1,смартфон,5,7.76,1,0,ночь,0,1
1,планшет,3,2.65,4,0,день,0,0
1,смартфон,2,22.97,1,0,день,0,0
1,смартфон,5,1.55,1,0,день,0,0
3,смартфон,3,5.55,2,1,вечер,0,1
1,ПК,1,1.33,1,0,день,0,1
1,смартфон,4,4.44,1,0,ночь,1,0
3,планшет,3,6.63,0,0,день,0,0
2,смартфон,1,8.07,0,0,день,0,1
1,смартфон,8,4.03,1,0,утро,0,1
1,планшет,5,16.59,0,0,день,0,0
3,ПК,6,7.24,5,0,вечер,0,0
3,смартфон,2,48.82,1,0,ночь,0,1
1,смартфон,6,1.32,0,0,день,0,0
2,ПК,5,2.03,4,0,день,0,1
3,смартфон,4,16.18,1,1,день,0,1
2,планшет,3,8.08,5,1,ночь,0,1
1,планшет,6,4.46,2,0,день,1,1
2,планшет,6,5.28,1,0,вечер,0,0
1,ПК,5,8.3,2,0,утро,0,0
2,планшет,4,1.0,0,0,вечер,0,0
4,смартфон,7,14.49,0,0,день,0,0
1,смартфон,3,5.96,1,0,ночь,0,0
1,смартфон,2,5.32,1,0,утро,0,0
1,смартфон,7,14.84,2,0,утро,0,1
4,ПК,3,8.42,1,1,день,0,1
2,смартфон,5,14.03,2,0,день,0,0
1,планшет,2,26.4,3,0,ночь,1,0
1,планшет,3,29.16,1,0,день,0,1
1,ПК,6,5.61,0,0,вечер,1,1
3,смартфон,5,1.0,2,0,утро,1,0
1,планшет,1,1.0,0,1,ночь,0,0
2,смартфон,7,12.22,3,1,вечер,0,1
2,планшет,9,1.0,0,0,ночь,0,1
3,смартфон,1,4.95,4,0,утро,0,1
2,ПК,4,10.85,1,0,день,0,0
1,смартфон,7,60.0,2,0,вечер,0,1
4,смартфон,2,2.52,2,0,день,1,1
2,смартфон,3,1.0,2,0,утро,0,0
2,ПК,5,1.0,0,0,ночь,1,0
1,планшет,4,2.53,3,0,утро,0,0
4,смартфон,3,49.63,1,0,утро,0,0
1,смартфон,3,1.0,1,0,день,0,0
3,смартфон,2,13.83,0,0,вечер,1,0
2,смартфон,8,1.62,1,1,день,1,1
1,смартфон,5,2.28,1,0,утро,0,0
1,смартфон,5,1.0,1,0,день,0,0
1,планшет,7,2.59,3,0,вечер,1,0
1,смартфон,7,1.23,2,0,день,0,0
1,ПК,7,1.0,2,0,вечер,0,1
1,смартфон,4,16.03,2,0,день,0,1
3,планшет,4,2.11,0,0,день,0,0
2,планшет,3,1.26,2,0,утро,0,1
3,смартфон,3,3.18,2,0,вечер,0,0
1,смартфон,1,14.02,3,0,вечер,0,0
1,смартфон,4,2.55,1,0,день,0,0
1,смартфон,2,7.81,2,0,вечер,0,0
5,смартфон,6,2.45,2,0,день,0,1
5,смартфон,6,4.9,0,0,день,0,1
3,смартфон,5,7.37,2,0,утро,1,0
3,смартфон,5,14.18,1,0,утро,1,0
2,смартфон,3,3.31,2,0,вечер,0,1
2,смартфон,8,5.91,2,0,день,1,0
2,смартфон,5,10.3,2,0,вечер,0,0
1,планшет,5,3.22,1,0,вечер,0,1
2,планшет,4,2.49,0,0,вечер,0,0
1,ПК,1,8.41,4,0,день,0,0
2,смартфон,3,30.45,3,0,ночь,0,1
2,смартфон,2,24.09,3,0,вечер,0,0
4,смартфон,5,9.17,0,0,день,0,1
4,смартфон,2,5.48,1,0,день,0,0
2,планшет,7,8.34,1,0,утро,0,1
2,смартфон,2,16.19,2,0,день,0,1
4,ПК,2,1.0,0,0,день,0,0
2,планшет,5,15.2,3,1,утро,1,1
4,ПК,5,10.73,2,1,ночь,0,1
1,смартфон,5,3.13,3,0,день,0,0
1,смартфон,5,20.88,4,0,утро,0,1
2,смартфон,1,1.0,3,0,вечер,1,1
2,смартфон,7,25.09,3,0,день,0,1
3,ПК,8,4.91,0,0,вечер,1,0
3,смартфон,4,16.62,0,0,день,0,0
4,смартфон,4,1.68,1,0,утро,0,1
1,смартфон,4,8.38,1,0,ночь,0,0
2,смартфон,4,1.0,0,0,вечер,0,0
1,смартфон,1,3.27,3,0,утро,0,1
1,смартфон,4,17.7,1,0,вечер,0,0
5,планшет,8,6.06,0,0,вечер,1,0
1,ПК,3,10.77,1,0,вечер,0,0
3,смартфон,2,16.46,0,0,утро,0,0
1,смартфон,5,7.56,0,0,утро,1,0
1,смартфон,3,8.81,1,0,день,0,0
1,ПК,4,14.54,1,0,вечер,0,0
1,смартфон,7,1.28,0,1,день,0,1
1,ПК,3,1.0,1,0,день,0,0
3,смартфон,2,9.73,4,0,день,0,1
2,смартфон,2,36.91,3,0,ночь,0,0
1,смартфон,4,10.35,1,0,ночь,0,0
3,ПК,6,12.21,1,0,ночь,0,1
3,смартфон,2,10.75,1,0,день,1,1
1,смартфон,3,9.31,2,1,утро,0,1
2,смартфон,6,2.2,0,0,ночь,1,0
1,смартфон,4,18.34,3,0,утро,0,0
2,смартфон,8,8.59,2,0,ночь,0,0
1,ПК,5,38.33,2,0,день,0,1
3,ПК,5,1.0,0,0,день,0,0
2,ПК,5,3.55,1,1,утро,0,1
4,смартфон,1,1.05,2,0,ночь,0,0
1,смартфон,7,19.6,3,1,утро,0,1
4,смартфон,1,17.03,2,0,вечер,1,1
1,смартфон,2,14.83,3,0,утро,0,0
1,ПК,6,11.35,1,0,утро,0,0
1,смартфон,7,1.13,1,1,утро,0,1
4,ПК,4,5.21,0,0,утро,1,0
4,ПК,8,12.19,3,0,вечер,0,1
2,смартфон,2,4.48,2,1,утро,0,1
2,планшет,4,12.65,0,0,вечер,0,1
2,смартфон,8,3.36,1,0,вечер,0,0
2,смартфон,3,7.84,3,1,день,0,1
4,смартфон,2,4.38,2,1,вечер,1,1
1,ПК,4,25.45,2,0,вечер,0,0
4,смартфон,3,5.84,1,1,ночь,0,0
1,планшет,5,3.38,1,0,вечер,0,0
1,планшет,2,1.0,0,0,день,1,0
2,ПК,4,1.57,1,0,утро,0,0
3,планшет,4,8.32,0,0,вечер,0,1
2,смартфон,3,12.08,0,0,день,0,1
7,планшет,5,30.87,0,0,день,1,1
5,смартфон,1,9.08,1,0,утро,0,0
2,смартфон,5,11.42,0,0,день,1,1
3,смартфон,1,9.67,3,0,день,0,0
2,смартфон,7,23.28,0,0,вечер,1,1
2,ПК,4,3.6,3,0,утро,0,0
2,смартфон,1,9.24,2,1,утро,0,0
2,смартфон,3,32.13,4,0,день,0,1
2,смартфон,1,1.0,0,0,вечер,0,0
1,смартфон,3,3.16,2,0,день,0,0
1,смартфон,2,14.22,1,0,вечер,1,0
5,смартфон,3,6.35,2,0,день,0,0
5,ПК,6,1.84,0,0,утро,0,1
1,смартфон,7,8.48,2,1,день,1,1
2,смартфон,3,7.24,0,0,утро,0,0
1,смартфон,6,6.05,4,0,ночь,0,1
1,смартфон,12,4.18,1,0,ночь,0,1
2,ПК,2,1.0,1,0,день,0,0
1,смартфон,1,9.27,1,0,день,0,0
2,смартфон,4,7.28,2,0,вечер,0,1
4,смартфон,2,8.8,2,0,день,0,0
3,ПК,8,1.0,1,0,день,0,0
3,смартфон,4,1.0,2,0,вечер,0,0
5,смартфон,3,1.84,3,0,утро,0,0
3,смартфон,4,5.95,0,0,ночь,1,1
6,ПК,1,16.5,2,0,вечер,0,0
1,ПК,3,2.82,0,0,вечер,1,0
4,смартфон,4,16.52,1,0,день,0,1
1,ПК,5,2.68,0,1,вечер,0,0
2,смартфон,3,13.82,1,0,день,0,0
4,смартфон,6,20.73,2,0,день,0,1
2,смартфон,4,16.95,1,0,день,0,1
3,ПК,2,13.41,0,0,ночь,1,0
1,смартфон,6,1.0,0,0,день,0,0
1,планшет,3,4.01,2,0,день,0,0
2,смартфон,4,2.19,2,0,ночь,0,1
5,ПК,3,6.44,0,0,утро,0,0
1,смартфон,1,4.37,3,0,день,1,1
1,смартфон,3,9.62,1,0,вечер,1,0
2,смартфон,4,8.34,3,0,вечер,1,0
2,смартфон,7,5.64,1,0,утро,1,0
1,смартфон,2,14.58,2,0,утро,0,0
1,смартфон,1,1.0,1,0,вечер,0,0
3,ПК,3,20.08,1,0,день,0,1
1,смартфон,6,1.0,2,0,день,0,1
1,смартфон,5,6.02,1,0,вечер,0,0
1,смартфон,9,21.32,1,0,вечер,0,1
2,смартфон,1,5.41,2,0,вечер,1,0
2,смартфон,2,14.09,1,0,утро,1,0
2,ПК,4,5.16,1,0,день,1,0
1,смартфон,5,19.03,1,1,день,0,1
3,ПК,5,60.0,0,0,вечер,0,1
4,смартфон,4,22.86,1,1,утро,0,1
1,ПК,4,1.0,5,0,вечер,0,0
5,смартфон,4,1.6,4,0,вечер,0,0
2,смартфон,1,7.81,0,0,ночь,0,0
1,смартфон,1,32.6,1,0,день,0,0
3,ПК,2,5.21,1,0,день,0,1
2,планшет,5,3.24,2,0,вечер,0,0
1,смартфон,4,33.52,0,0,вечер,1,1
2,смартфон,1,12.34,0,0,утро,0,0
1,ПК,3,14.72,1,0,вечер,0,0
4,смартфон,6,1.17,1,0,вечер,0,1
3,смартфон,5,3.05,0,0,утро,1,0
3,ПК,2,7.0,1,0,день,0,0
5,ПК,3,13.33,1,1,день,0,1
1,планшет,4,4.27,3,0,день,1,0
3,ПК,2,2.28,0,0,день,0,0
3,смартфон,2,5.75,1,1,утро,0,0
5,смартфон,5,5.52,1,0,утро,0,1
2,планшет,3,20.63,1,0,ночь,0,0
1,планшет,5,27.15,2,0,день,0,1
2,ПК,3,1.85,2,0,вечер,0,0
4,ПК,1,3.28,3,0,день,0,1
1,смартфон,4,15.42,2,0,день,0,0
4,смартфон,3,2.81,1,0,день,0,0
2,смартфон,2,3.07,1,0,вечер,1,0
1,планшет,2,11.29,1,0,ночь,0,0
2,смартфон,1,7.15,5,0,утро,1,1
2,ПК,4,12.16,3,0,день,0,1
2,смартфон,3,1.0,1,0,вечер,0,0
3,смартфон,4,7.02,4,1,день,1,0
4,смартфон,4,11.17,2,0,день,0,1
2,планшет,4,6.43,3,0,утро,0,0
1,смартфон,4,1.37,1,0,день,1,0
2,планшет,7,1.44,1,0,вечер,0,0
2,смартфон,7,8.87,2,0,вечер,0,1
1,смартфон,3,1.56,5,1,день,0,1
1,смартфон,2,3.62,0,0,вечер,1,1
1,планшет,6,5.82,4,0,день,0,0
1,смартфон,9,9.0,0,0,день,1,0
2,ПК,6,3.08,0,0,утро,1,0
1,смартфон,1,5.2,2,0,вечер,0,0
2,смартфон,1,4.59,5,1,утро,0,1
4,смартфон,3,1.02,5,0,утро,0,0
4,смартфон,6,16.28,1,0,день,0,1
2,смартфон,3,13.56,0,0,ночь,0,0
2,смартфон,4,15.33,2,0,вечер,1,0
2,ПК,1,1.59,1,0,ночь,1,0
1,смартфон,4,7.29,1,0,утро,0,0
1,смартфон,4,4.01,1,0,день,0,0
1,смартфон,6,4.28,3,0,вечер,0,1
1,смартфон,5,1.0,2,0,ночь,0,0
1,смартфон,4,29.16,1,0,день,0,1
3,ПК,6,28.08,5,0,день,0,1
2,планшет,11,5.25,1,1,вечер,1,1
2,ПК,3,19.27,3,0,утро,0,0
3,смартфон,4,4.01,1,0,ночь,0,1
1,смартфон,8,8.2,0,1,день,0,0
6,смартфон,7,13.65,2,0,день,0,1
2,смартфон,7,7.4,3,0,день,1,1
4,смартфон,8,1.79,1,0,вечер,0,0
2,смартфон,5,4.76,3,0,утро,1,1
1,ПК,5,14.25,3,0,вечер,0,1
3,ПК,4,15.18,2,0,утро,0,0
1,смартфон,4,4.12,1,0,день,0,0
1,планшет,3,7.78,0,0,день,0,0
2,планшет,3,2.32,2,1,утро,0,1
1,смартфон,5,2.89,1,0,вечер,1,0
3,ПК,3,1.56,2,0,ночь,0,0
2,смартфон,6,5.76,1,1,ночь,0,1
4,планшет,3,12.73,3,1,день,1,1
1,смартфон,2,21.14,0,0,день,1,0
2,смартфон,1,7.87,0,0,день,0,1
2,смартфон,5,10.56,2,1,день,0,1
2,ПК,5,3.1,0,1,день,0,1
3,смартфон,3,2.26,2,1,день,0,1
3,смартфон,7,5.04,1,0,день,0,1
1,смартфон,3,8.19,0,1,день,0,1
2,смартфон,5,1.0,1,0,вечер,0,0
2,планшет,4,1.0,3,0,вечер,1,0
3,ПК,5,9.96,4,0,утро,0,0
3,ПК,3,2.22,1,0,ночь,1,0
1,планшет,2,6.04,0,0,вечер,1,0
1,ПК,1,27.57,3,0,утро,0,0
2,планшет,4,19.85,1,0,утро,0,1
1,ПК,1,1.0,0,0,ночь,0,0
2,смартфон,4,1.0,1,0,вечер,0,0
5,смартфон,3,1.57,4,0,утро,1,0
4,ПК,6,1.24,1,0,день,0,1
3,планшет,3,2.93,3,0,вечер,0,0
4,ПК,7,4.65,0,0,вечер,0,1
1,смартфон,3,1.0,2,0,утро,0,0
1,ПК,6,6.17,4,0,день,0,1
1,планшет,4,7.55,2,0,вечер,0,0
1,смартфон,5,10.84,5,0,вечер,0,1
2,смартфон,4,5.21,1,0,утро,0,0
1,смартфон,2,3.51,2,0,день,1,0
1,ПК,2,10.31,3,0,утро,1,0
1,планшет,6,24.21,0,1,день,1,1
3,ПК,6,5.05,0,0,день,0,1
3,смартфон,3,3.47,2,0,утро,1,0
2,ПК,3,12.65,1,0,вечер,0,0
2,смартфон,4,20.98,3,0,день,0,1
1,смартфон,4,32.14,1,0,день,1,0
1,смартфон,3,2.49,1,0,утро,0,0
1,ПК,5,3.61,3,0,день,1,0
1,смартфон,2,23.63,0,0,утро,0,0
4,смартфон,4,3.15,0,0,утро,0,0
2,смартфон,4,4.24,1,1,вечер,0,1
1,смартфон,5,10.2,1,1,вечер,0,0
5,ПК,7,8.4,0,0,день,0,1
1,смартфон,5,21.03,0,0,день,1,0
2,планшет,4,9.46,1,0,день,0,0
3,ПК,2,6.71,0,0,ночь,1,0
1,смартфон,5,1.0,2,0,ночь,0,0
1,ПК,5,36.9,1,0,день,1,0
2,смартфон,4,5.49,2,0,утро,0,0
1,ПК,6,8.5,1,0,ночь,0,1
1,смартфон,4,6.97,1,0,день,0,0
2,планшет,3,13.39,3,0,ночь,0,1
1,планшет,2,10.4,0,0,день,0,0
3,смартфон,6,4.2,2,0,ночь,0,1
1,смартфон,7,7.34,0,0,день,0,0
1,смартфон,2,17.49,3,0,день,1,1
1,смартфон,3,10.04,1,0,ночь,0,0
3,смартфон,5,30.92,2,0,вечер,1,1
3,ПК,5,14.02,0,0,вечер,0,0
1,смартфон,2,6.64,3,0,утро,0,0
2,смартфон,3,16.45,1,1,день,0,1
2,смартфон,5,5.84,3,0,вечер,1,0
2,смартфон,5,2.4,2,0,утро,0,1
1,смартфон,7,9.93,1,0,день,0,0
2,ПК,5,4.37,2,0,вечер,1,0
2,ПК,6,1.0,0,0,утро,0,0
1,смартфон,1,2.41,0,0,вечер,0,0
3,смартфон,2,1.83,0,1,утро,0,1
1,смартфон,6,15.84,4,0,утро,0,1
4,планшет,2,12.97,2,1,утро,0,0
3,планшет,5,9.53,3,0,день,1,0
4,ПК,4,27.23,3,1,утро,0,0
3,смартфон,9,1.96,1,0,день,1,0
1,ПК,5,1.78,1,0,день,0,0
2,смартфон,4,23.98,1,0,день,0,1
2,смартфон,3,10.41,2,1,утро,0,1
1,ПК,3,8.16,1,0,вечер,0,0
1,смартфон,5,13.47,0,1,день,0,1
1,смартфон,8,3.31,1,1,день,1,1
4,смартфон,5,9.04,3,0,вечер,0,1
1,смартфон,5,5.57,1,0,день,0,1
2,смартфон,4,3.67,1,0,утро,0,1
1,смартфон,6,20.9,1,1,утро,0,1
1,смартфон,5,1.75,1,0,вечер,0,0
4,ПК,1,1.0,0,0,утро,0,0
1,смартфон,4,4.45,1,0,вечер,1,0
2,планшет,2,2.21,4,0,вечер,0,0
1,смартфон,5,16.66,2,0,день,0,0
3,смартфон,2,1.35,1,0,день,0,0
2,смартфон,5,27.72,2,0,утро,0,1
2,планшет,7,1.83,3,0,вечер,1,0
2,планшет,2,22.01,4,0,ночь,0,0
1,смартфон,4,1.84,1,0,утро,0,0
2,ПК,2,1.0,2,0,утро,0,0
2,ПК,6,6.69,2,1,день,0,0
3,смартфон,2,4.41,5,0,вечер,1,1
3,планшет,5,9.11,0,0,утро,0,1
1,смартфон,5,10.24,2,0,день,0,1
3,смартфон,3,27.24,2,0,утро,0,1
3,смартфон,3,30.52,2,0,ночь,0,1
4,ПК,2,6.83,0,0,утро,0,0
1,смартфон,4,2.34,1,0,день,1,0
1,ПК,5,2.84,2,1,день,1,1
1,планшет,1,1.05,1,0,утро,0,0
1,смартфон,5,3.28,0,0,день,0,0
1,смартфон,1,24.23,1,1,день,1,1
2,планшет,8,4.54,2,1,вечер,0,1
5,смартфон,4,9.93,0,1,вечер,0,1
1,смартфон,3,39.76,3,0,ночь,1,1
6,планшет,4,1.13,2,0,день,1,1
1,ПК,3,14.93,2,0,вечер,0,0
4,ПК,4,12.03,1,0,вечер,1,0
2,смартфон,7,17.09,1,0,утро,0,0
3,смартфон,3,1.48,1,0,день,0,0
1,ПК,6,6.97,1,1,ночь,0,0
4,ПК,3,10.0,3,0,вечер,1,0
2,смартфон,3,14.27,0,0,вечер,0,0
1,ПК,2,12.47,2,0,день,1,0
1,смартфон,2,8.46,2,0,вечер,0,1
3,смартфон,4,6.33,2,0,вечер,0,1
4,смартфон,6,28.42,1,0,день,1,1
2,смартфон,3,2.01,1,0,вечер,0,1
4,ПК,4,2.29,2,0,утро,0,0
3,смартфон,4,1.18,1,0,день,1,1
2,смартфон,2,1.2,3,0,утро,1,0
5,ПК,6,20.67,1,1,вечер,0,1
1,ПК,5,9.33,0,0,утро,0,0
2,смартфон,2,27.35,4,0,утро,1,0
2,планшет,4,21.79,1,0,день,0,0
1,планшет,6,3.57,1,1,день,1,1
1,планшет,5,10.25,1,0,утро,0,0
3,планшет,6,4.77,1,0,день,1,1
3,смартфон,9,20.89,3,0,день,0,1
3,смартфон,5,13.25,4,0,утро,0,1
2,ПК,3,1.32,3,0,день,1,0
3,ПК,3,2.92,0,0,день,0,0
3,смартфон,6,10.72,3,0,вечер,0,1
1,смартфон,6,2.83,4,0,утро,0,0
1,ПК,4,7.64,1,1,день,0,0
4,смартфон,5,2.8,4,0,день,0,1
1,смартфон,7,11.47,3,0,вечер,1,1
2,смартфон,3,1.0,5,0,ночь,0,1
3,смартфон,5,12.77,0,0,вечер,0,0
1,смартфон,5,4.11,0,0,день,0,0
1,смартфон,2,6.04,0,0,вечер,0,0
4,смартфон,3,6.61,1,0,вечер,0,1
5,ПК,2,2.16,2,0,утро,0,0
1,ПК,6,28.5,3,0,вечер,0,0
1,ПК,4,1.0,0,1,день,0,1
5,ПК,13,4.66,2,1,утро,0,1
1,планшет,1,1.38,4,0,ночь,0,0
2,смартфон,3,4.46,2,0,вечер,1,0
1,смартфон,5,1.1,0,0,вечер,0,0
2,смартфон,5,4.76,0,1,ночь,0,1
2,смартфон,4,2.16,4,0,ночь,0,1
1,смартфон,4,8.07,4,0,день,0,1
3,ПК,7,1.0,0,0,день,0,1
3,смартфон,3,7.05,3,0,вечер,0,1
3,смартфон,4,3.32,3,1,день,1,1
1,планшет,2,3.88,0,0,утро,0,0
1,смартфон,5,4.38,1,1,вечер,1,0
2,ПК,7,10.58,3,0,день,0,1
1,смартфон,2,14.18,2,0,утро,0,0
4,смартфон,2,4.0,1,0,ночь,0,1
4,ПК,1,25.9,0,0,утро,0,0
1,планшет,8,13.71,2,0,ночь,0,1
1,смартфон,2,5.17,1,0,день,0,0
2,смартфон,3,1.03,1,0,день,0,1
2,планшет,2,8.22,2,0,день,1,0
4,смартфон,6,9.51,0,0,ночь,0,0
1,ПК,6,1.47,2,0,утро,0,1
1,ПК,5,19.11,1,0,вечер,1,1
2,смартфон,4,4.8,2,0,утро,1,0
6,планшет,5,1.65,0,1,ночь,1,0
1,ПК,2,7.36,1,0,ночь,1,0
1,смартфон,9,5.48,1,0,день,0,1
1,ПК,3,10.28,2,0,день,1,0
1,планшет,3,1.89,1,0,вечер,0,0
1,смартфон,3,1.0,1,0,день,1,0
1,планшет,2,6.47,2,0,утро,0,1
1,смартфон,1,1.71,1,0,ночь,0,0
4,смартфон,8,1.7,0,0,утро,0,1
6,ПК,2,11.33,3,0,утро,0,0
1,смартфон,5,2.99,4,1,утро,0,1
1,ПК,1,18.33,0,0,день,0,0
1,смартфон,4,7.23,0,0,день,1,0
2,смартфон,3,9.37,2,0,день,0,1
1,ПК,3,3.87,4,1,вечер,0,1
5,ПК,5,2.53,1,0,день,0,1
2,ПК,5,1.73,4,0,ночь,0,1
2,ПК,6,12.28,1,0,утро,0,1
1,смартфон,3,11.68,1,0,ночь,1,0
1,ПК,1,6.79,1,0,день,0,0
1,смартфон,2,15.2,1,1,утро,0,1
6,смартфон,2,16.22,1,0,вечер,1,1
2,смартфон,2,5.84,1,1,утро,0,0
1,ПК,5,10.53,3,0,вечер,0,1
1,смартфон,7,24.32,2,1,день,1,1
4,смартфон,2,1.0,3,0,утро,0,1
1,смартфон,5,1.0,2,0,вечер,0,0
4,смартфон,6,6.41,0,0,день,0,1
1,ПК,5,4.03,1,0,день,1,1
3,смартфон,7,1.0,1,1,вечер,0,1
2,смартфон,4,1.62,2,0,день,0,0
2,смартфон,4,2.98,0,0,вечер,0,0
3,смартфон,4,1.05,4,0,день,0,1
1,смартфон,5,3.84,2,0,день,1,1
1,смартфон,6,1.42,0,0,вечер,0,0
1,смартфон,1,9.8,1,1,утро,1,1
2,смартфон,10,11.93,0,0,ночь,0,1
1,ПК,4,14.94,1,0,день,0,0
1,ПК,2,20.38,0,0,утро,0,0
1,смартфон,3,1.0,4,0,день,0,1
3,смартфон,3,1.94,2,0,день,0,1
6,ПК,6,16.86,2,0,утро,0,0
2,смартфон,4,1.0,3,0,вечер,0,1
1,смартфон,2,10.95,1,1,день,0,0
1,смартфон,4,1.99,1,0,день,1,0
3,ПК,4,7.06,4,1,день,1,1
3,планшет,3,32.78,2,0,день,1,1
4,смартфон,6,10.46,0,0,ночь,1,0
2,смартфон,2,4.59,1,0,день,0,0
1,смартфон,2,11.68,3,1,день,0,1
2,смартфон,3,1.0,2,1,вечер,1,1
3,смартфон,4,30.06,3,0,утро,0,0
2,ПК,2,4.22,1,0,вечер,0,1
1,смартфон,3,39.18,2,0,день,0,1
2,смартфон,1,11.28,2,1,вечер,1,1
2,смартфон,1,3.39,2,0,день,1,0
1,смартфон,3,9.55,0,0,вечер,0,0
1,ПК,2,4.78,2,0,день,0,0
4,смартфон,7,10.29,2,0,вечер,1,1
2,смартфон,4,15.64,0,0,вечер,1,0
4,смартфон,3,6.36,0,0,утро,0,0
1,смартфон,5,2.51,2,0,день,0,0
1,ПК,4,39.87,1,1,день,0,0
3,смартфон,1,5.32,0,0,утро,0,1
2,смартфон,6,1.94,1,0,ночь,0,1
1,смартфон,3,13.44,3,0,день,0,1
1,ПК,4,10.65,5,1,утро,0,1
1,планшет,5,16.96,0,1,день,0,1
1,планшет,2,1.0,0,0,вечер,1,0
1,смартфон,5,4.27,2,0,утро,1,0
3,ПК,5,3.78,1,1,день,0,1
4,смартфон,4,25.75,0,0,утро,1,0
1,смартфон,4,4.3,3,0,вечер,0,1
3,планшет,4,7.49,1,0,утро,0,0
1,смартфон,6,1.0,1,0,день,1,1
3,смартфон,2,16.51,4,1,утро,0,1
1,смартфон,8,1.21,0,0,утро,0,0
2,смартфон,4,21.4,0,0,вечер,0,0
3,смартфон,6,13.28,2,0,утро,0,0
2,планшет,1,8.13,0,1,утро,0,1
1,смартфон,4,13.83,3,0,ночь,0,1
1,планшет,1,15.75,1,0,день,0,0
2,ПК,2,13.93,2,0,день,1,1
1,смартфон,8,10.81,1,1,вечер,0,1
2,смартфон,4,21.26,1,1,ночь,1,1
2,ПК,7,5.5,0,0,день,1,0
3,планшет,7,8.35,0,0,день,1,0
5,смартфон,7,34.86,0,0,день,0,1
2,смартфон,4,4.66,3,0,утро,1,1
2,планшет,4,13.9,2,0,день,0,0
1,смартфон,5,4.97,2,0,день,0,1
4,планшет,4,6.35,1,1,день,0,1
2,смартфон,2,4.09,2,0,день,0,1
2,ПК,8,1.66,2,1,утро,0,1
1,смартфон,4,35.83,0,0,день,0,1
1,планшет,3,5.93,2,0,день,0,0
1,ПК,7,3.28,1,0,ночь,0,1
1,смартфон,7,10.39,1,0,день,1,1
2,ПК,5,1.18,0,0,вечер,0,0
3,смартфон,1,7.84,2,0,вечер,1,0
3,смартфон,7,8.54,3,0,вечер,0,1
4,ПК,3,2.18,0,0,день,0,1
3,смартфон,4,32.09,3,1,день,0,1
1,смартфон,2,9.03,0,0,вечер,1,0
3,смартфон,3,2.52,1,0,утро,1,0
1,смартфон,4,17.92,3,0,утро,1,0
2,планшет,5,3.67,2,0,день,0,1
1,смартфон,7,13.09,2,0,вечер,0,1
1,смартфон,3,9.9,3,0,утро,0,0
1,смартфон,4,1.74,2,0,вечер,1,0
4,смартфон,2,1.0,0,0,день,0,0
1,смартфон,2,9.35,1,1,день,0,1
2,планшет,4,11.04,3,0,утро,0,0
2,смартфон,4,1.4,2,0,день,1,1
1,смартфон,3,1.9,1,0,вечер,0,1
3,ПК,4,1.0,0,1,день,0,1
4,смартфон,7,1.44,0,0,день,0,1
1,смартфон,5,8.87,4,0,утро,1,1
2,планшет,4,2.24,3,0,день,0,1
2,смартфон,4,3.41,0,0,вечер,0,1
5,смартфон,3,8.1,2,0,ночь,0,0
2,смартфон,4,5.35,2,0,день,1,1
2,смартфон,2,18.66,1,0,день,1,0
4,смартфон,2,8.46,2,0,вечер,0,1
1,ПК,3,1.42,4,1,утро,1,1
4,смартфон,2,4.85,2,0,вечер,0,0
3,планшет,7,2.99,3,0,вечер,0,1
6,ПК,6,3.0,1,0,вечер,0,1
1,планшет,6,2.96,1,0,утро,0,0
3,смартфон,5,5.42,1,0,ночь,1,0
1,смартфон,5,1.42,0,0,день,1,1
1,смартфон,2,2.91,2,1,утро,0,0
2,ПК,4,12.09,4,0,день,0,1
2,смартфон,3,17.57,1,1,день,0,0
1,ПК,9,1.0,1,0,утро,0,0
2,смартфон,2,1.0,2,0,день,0,1
3,ПК,3,19.31,1,1,день,0,0
2,смартфон,8,2.42,0,0,вечер,0,1
2,ПК,7,3.74,1,0,ночь,1,1
4,смартфон,6,4.11,2,0,день,0,1
1,планшет,6,20.09,0,0,день,0,0
1,смартфон,1,1.78,2,1,вечер,0,1
3,планшет,4,16.74,1,0,утро,1,0
2,планшет,2,6.31,1,1,утро,0,0
5,смартфон,4,15.29,0,0,вечер,1,0
3,смартфон,4,11.65,1,0,вечер,1,1
7,смартфон,2,13.17,2,0,вечер,0,1
1,смартфон,5,1.21,1,0,вечер,0,0
4,планшет,4,3.69,2,0,день,0,0
1,смартфон,1,2.58,2,0,день,0,0
2,смартфон,2,1.35,1,0,день,1,0
4,планшет,4,10.2,2,0,утро,0,0
2,смартфон,2,11.88,0,0,утро,0,0
1,ПК,2,1.53,3,0,вечер,0,0
2,смартфон,6,14.63,0,0,утро,0,0
2,смартфон,1,3.38,1,1,вечер,1,1
1,смартфон,2,4.73,4,0,день,0,1
1,смартфон,5,49.99,2,0,утро,1,1
3,смартфон,4,2.13,0,0,вечер,0,1
1,смартфон,5,1.26,1,1,день,0,1
1,смартфон,10,3.13,1,0,вечер,0,1
1,смартфон,1,26.85,3,1,день,0,1
2,смартфон,1,1.28,1,1,вечер,0,1
1,смартфон,6,9.57,3,0,день,1,1
1,планшет,5,15.75,4,0,вечер,0,1
1,ПК,5,25.56,3,0,день,1,1
3,ПК,6,6.5,1,0,вечер,0,0
3,ПК,6,6.12,2,0,утро,0,0
1,ПК,5,17.58,1,0,день,1,0
2,смартфон,5,2.18,2,0,день,0,0
3,смартфон,4,6.2,1,0,утро,1,0
5,смартфон,8,10.15,1,1,вечер,1,1
3,планшет,2,12.04,2,0,день,0,0
1,ПК,4,1.19,0,0,вечер,0,0
3,смартфон,4,20.19,3,0,день,0,1
2,смартфон,4,17.05,0,0,вечер,1,0
1,планшет,2,3.81,1,0,вечер,0,0
2,смартфон,2,6.47,1,1,вечер,0,1
4,смартфон,4,4.85,0,0,день,1,0
3,смартфон,3,39.69,0,0,день,1,0
2,ПК,2,8.77,0,0,день,1,1
3,смартфон,6,3.15,1,0,день,0,0
3,смартфон,4,13.7,0,0,утро,0,0
1,смартфон,3,17.24,0,0,утро,0,1
1,смартфон,4,12.95,0,0,день,0,1
5,смартфон,5,1.0,0,1,день,0,1
2,смартфон,5,3.39,1,0,утро,1,0
4,смартфон,4,4.5,1,1,день,0,1
4,смартфон,3,2.44,2,1,день,1,1
2,смартфон,4,6.57,1,0,ночь,0,0
2,смартфон,3,3.85,0,0,утро,1,0
3,ПК,4,1.0,1,0,вечер,0,0
4,смартфон,4,10.56,1,0,вечер,0,1
1,смартфон,1,5.73,3,0,вечер,1,0
2,ПК,4,1.0,1,0,вечер,0,0
1,смартфон,3,27.02,2,0,ночь,0,0
6,смартфон,6,10.53,0,0,день,0,1
2,смартфон,7,1.0,1,0,вечер,1,0
2,ПК,6,22.02,0,0,утро,0,0
1,ПК,3,5.46,3,0,утро,0,0
4,смартфон,3,2.74,3,0,день,0,0
2,планшет,2,1.0,0,0,утро,0,0
3,смартфон,3,13.66,0,0,утро,0,0
1,ПК,6,34.84,2,0,ночь,1,0
4,смартфон,7,2.05,1,0,вечер,0,1
4,ПК,4,5.39,0,0,вечер,0,1
1,смартфон,5,2.71,1,1,день,1,1
8,смартфон,5,8.5,3,0,утро,0,1
3,смартфон,3,20.5,1,0,утро,0,1
2,планшет,8,1.4,3,0,день,1,0
3,планшет,6,3.54,1,0,вечер,0,0
1,смартфон,3,1.8,4,0,день,1,1
2,планшет,1,2.6,3,0,день,0,0
2,планшет,2,1.39,0,0,утро,0,0
1,ПК,4,10.07,2,0,день,1,0
3,смартфон,3,1.0,1,1,день,0,1
2,смартфон,4,13.06,1,0,день,0,0
2,смартфон,7,1.53,1,0,вечер,0,0
2,смартфон,4,3.1,1,0,вечер,0,1
3,планшет,5,4.24,2,0,ночь,0,0
3,планшет,7,4.8,2,0,день,0,0
3,планшет,3,1.9,2,0,утро,0,1
1,смартфон,4,6.71,1,0,ночь,0,0
2,планшет,6,22.52,0,0,день,0,1
3,смартфон,3,6.14,1,0,ночь,0,1
1,ПК,4,1.0,1,0,день,0,0
3,смартфон,1,4.52,0,1,день,1,1
1,планшет,4,5.16,2,1,утро,0,1
1,ПК,3,3.33,2,0,утро,0,0
1,ПК,3,3.51,0,0,утро,0,0
2,смартфон,4,2.22,2,0,день,0,1
3,смартфон,4,31.39,0,0,день,0,1
2,смартфон,3,7.54,1,0,ночь,0,0
4,смартфон,2,7.7,2,0,день,0,1
1,планшет,1,5.54,2,1,утро,0,1
2,ПК,6,9.6,2,0,день,0,1
1,смартфон,4,5.5,1,0,вечер,0,1
2,смартфон,3,11.68,1,0,вечер,1,0
4,ПК,3,1.0,1,0,утро,0,0
1,смартфон,3,1.0,0,0,ночь,1,0
3,смартфон,4,8.27,4,0,день,0,1
1,ПК,1,13.25,1,0,день,1,0
2,ПК,7,11.06,5,0,день,1,1
1,смартфон,2,5.09,3,1,вечер,0,1
2,смартфон,7,1.0,2,1,ночь,0,1
3,смартфон,7,1.29,1,0,вечер,1,0
3,смартфон,3,4.98,0,0,утро,0,0
1,смартфон,5,10.92,2,0,вечер,0,1
1,смартфон,4,3.74,0,0,вечер,0,0
3,ПК,2,7.58,3,0,день,0,0
5,ПК,6,1.93,5,0,утро,0,1
1,ПК,4,1.86,3,0,день,0,0
3,смартфон,3,13.58,1,0,утро,0,0
1,смартфон,5,5.77,3,0,день,1,0
1,ПК,1,29.77,1,0,вечер,0,0
2,планшет,5,2.37,1,0,день,0,1
1,ПК,4,5.94,1,0,утро,0,0
2,ПК,9,2.09,2,0,утро,1,0
2,ПК,2,2.96,2,0,вечер,0,0
1,смартфон,3,10.22,0,0,день,0,0
4,смартфон,8,24.04,0,0,ночь,1,0
5,смартфон,4,1.37,1,0,вечер,0,1
2,планшет,6,1.39,2,0,день,0,0
1,смартфон,4,30.46,3,0,день,0,1
2,ПК,3,13.33,0,0,утро,0,0
3,смартфон,8,3.75,1,0,вечер,1,1
1,ПК,3,5.22,0,0,день,0,0
1,смартфон,4,15.55,1,0,вечер,0,1
5,смартфон,4,12.0,1,0,день,0,1
3,ПК,5,9.4,0,0,день,0,0
1,смартфон,4,20.0,3,0,день,1,1
4,смартфон,7,3.75,1,0,вечер,0,0
2,смартфон,6,2.37,0,1,вечер,0,1
2,ПК,6,5.27,1,0,ночь,1,0
1,ПК,7,1.0,1,1,утро,0,0
4,ПК,4,7.08,2,0,вечер,1,0
1,ПК,7,4.54,3,0,утро,0,1
1,планшет,7,1.41,1,0,ночь,1,1
3,смартфон,5,20.83,1,0,утро,0,0
2,смартфон,1,2.16,1,0,день,0,0
2,смартфон,2,12.24,3,0,ночь,0,1
1,смартфон,9,12.23,1,1,утро,0,1
2,ПК,4,1.0,1,0,вечер,1,0
2,смартфон,2,5.58,1,1,вечер,1,0
1,смартфон,1,6.47,1,0,день,1,1
2,смартфон,2,17.01,1,0,день,1,0
1,смартфон,3,9.79,2,0,утро,1,0
3,планшет,5,1.0,3,0,утро,0,0
1,смартфон,4,5.96,1,0,день,0,0
1,планшет,3,3.58,3,0,ночь,0,0
2,смартфон,2,1.87,2,0,вечер,1,0
3,ПК,4,3.23,2,0,день,1,0
3,смартфон,2,18.34,2,0,ночь,0,1
1,смартфон,3,9.68,2,0,вечер,0,1
1,планшет,1,5.72,1,1,ночь,0,1
2,смартфон,1,12.75,1,0,день,0,0
1,смартфон,2,34.49,0,0,утро,0,0
2,смартфон,2,26.2,2,1,день,0,1
3,смартфон,4,1.02,0,0,день,0,0
2,ПК,4,4.04,3,0,вечер,0,1
4,смартфон,3,3.76,1,0,день,1,1
2,планшет,3,8.07,1,0,день,0,0
2,смартфон,3,1.0,1,0,день,0,1
1,смартфон,1,25.47,2,0,день,0,0
1,смартфон,1,15.26,2,0,утро,0,1
2,ПК,2,1.31,2,0,день,0,0
1,смартфон,4,2.93,1,1,день,0,1
1,ПК,4,1.54,1,0,утро,1,0
3,смартфон,4,6.49,2,0,утро,0,0
2,планшет,5,22.08,1,0,утро,1,0
4,ПК,6,10.35,1,0,утро,0,1
3,смартфон,5,9.3,2,1,утро,0,1
2,планшет,2,1.0,2,0,день,0,0
1,смартфон,5,23.68,3,0,день,0,1
1,смартфон,5,3.3,1,1,вечер,0,1
2,смартфон,2,23.04,2,0,ночь,0,1
5,ПК,6,6.05,1,0,день,0,0
4,смартфон,4,7.52,1,0,день,0,0
1,смартфон,4,9.29,2,0,день,0,1
1,ПК,4,3.4,3,0,утро,1,0
1,смартфон,3,18.05,1,0,вечер,0,1
5,смартфон,6,31.78,2,0,день,0,1
4,ПК,7,3.33,0,0,утро,0,1
2,смартфон,7,1.0,0,1,день,0,1
2,смартфон,2,7.46,1,0,день,0,0
4,ПК,3,8.99,1,0,утро,0,0
3,смартфон,2,1.0,2,0,день,0,0
6,смартфон,3,11.17,2,0,день,1,1
1,смартфон,6,3.45,2,0,день,0,1
3,планшет,6,31.86,1,0,день,0,0
1,смартфон,1,15.21,2,1,вечер,1,0
1,смартфон,6,1.0,2,0,вечер,1,1
1,смартфон,4,30.87,0,0,день,0,0
5,смартфон,7,2.58,2,1,вечер,0,1
6,планшет,2,16.01,1,1,утро,1,1
1,смартфон,3,10.31,1,0,день,0,0
2,планшет,6,7.69,0,0,день,0,0
1,смартфон,5,26.98,0,0,вечер,0,0
1,смартфон,4,9.31,0,0,утро,0,0
4,смартфон,3,19.57,0,0,день,0,1
2,смартфон,4,17.59,2,0,день,1,1
1,смартфон,6,11.15,0,0,день,1,0
2,планшет,6,6.74,0,0,вечер,0,1
1,планшет,7,1.03,0,0,утро,0,0
1,смартфон,4,1.67,1,1,ночь,0,0
2,планшет,6,7.61,4,1,вечер,0,1
2,ПК,4,4.04,1,0,вечер,1,1
1,смартфон,4,2.33,1,0,день,0,0
2,смартфон,2,34.14,1,0,ночь,0,0
1,планшет,2,19.56,1,0,день,0,1
3,смартфон,11,5.63,2,0,вечер,0,1
4,ПК,2,20.49,0,0,вечер,0,0
4,ПК,4,1.0,1,1,вечер,1,1
2,смартфон,5,1.05,0,0,вечер,0,1
4,ПК,4,29.57,0,0,утро,0,0
4,смартфон,3,11.67,1,0,утро,1,0
2,смартфон,5,14.45,1,0,день,0,0
2,смартфон,3,17.89,3,0,день,0,1
1,смартфон,7,1.0,1,0,вечер,0,0
4,смартфон,2,12.65,0,1,утро,1,0
3,смартфон,4,4.41,1,0,вечер,0,1
2,планшет,7,17.04,1,0,утро,0,0
3,смартфон,6,4.91,2,0,утро,0,0
3,смартфон,2,14.59,0,0,утро,0,1
2,смартфон,5,23.16,1,1,день,0,1
6,смартфон,4,4.14,2,0,вечер,0,1
1,смартфон,7,6.34,2,1,ночь,0,1
2,планшет,6,7.71,2,1,день,0,1
2,смартфон,6,11.64,1,0,утро,0,0
2,планшет,4,18.59,0,0,вечер,0,0
3,смартфон,4,2.36,2,0,утро,0,0
2,планшет,6,29.12,1,1,утро,0,1
3,смартфон,8,15.4,2,1,ночь,1,1
1,смартфон,1,1.5,1,0,утро,0,0
1,планшет,2,4.09,2,1,день,0,0
1,смартфон,4,2.9,2,0,ночь,1,1
6,ПК,1,1.73,0,0,вечер,0,0
2,планшет,1,10.35,2,0,вечер,0,0
6,смартфон,3,1.0,1,0,утро,0,0
2,ПК,4,9.13,1,0,вечер,0,1
1,ПК,1,17.59,1,0,день,1,0
1,смартфон,5,4.49,3,0,день,0,1
1,смартфон,3,6.73,3,1,день,0,1
2,смартфон,5,1.56,3,0,день,1,1
2,смартфон,5,12.74,3,0,вечер,0,1
5,смартфон,5,23.94,2,0,день,1,0
1,планшет,5,13.2,3,0,вечер,0,0
1,планшет,5,1.31,3,0,ночь,0,1
2,планшет,3,4.24,0,1,вечер,0,0
2,планшет,5,1.9,3,1,ночь,1,1
2,смартфон,3,8.9,1,0,утро,1,0
1,смартфон,3,12.82,0,0,вечер,0,0
3,планшет,3,37.02,4,0,день,1,0
3,смартфон,3,6.99,0,0,вечер,1,0
3,ПК,5,10.14,0,0,день,0,1
1,смартфон,5,1.13,2,0,день,0,0
3,смартфон,3,1.69,1,0,утро,1,0
1,смартфон,3,2.64,0,1,день,0,0
2,смартфон,3,1.0,1,0,день,1,1
2,смартфон,4,5.25,2,0,день,1,1
1,смартфон,5,30.2,2,0,вечер,0,1
5,смартфон,5,10.58,0,0,день,0,1
1,смартфон,6,5.73,1,0,вечер,1,0
2,смартфон,4,6.81,1,0,вечер,0,1
1,смартфон,2,1.59,1,0,вечер,0,0
4,ПК,6,1.02,0,1,утро,0,0
2,смартфон,5,3.0,2,0,утро,0,0
1,смартфон,2,3.66,1,0,день,0,0
1,планшет,1,1.31,1,0,утро,0,0
1,ПК,6,11.76,3,0,день,0,0
3,смартфон,2,25.66,0,0,ночь,1,0
1,смартфон,4,1.92,2,0,день,0,0
1,смартфон,3,18.21,0,0,день,0,0
3,смартфон,3,3.54,1,0,день,0,0
3,планшет,4,9.34,0,1,ночь,0,1
2,ПК,3,1.0,1,0,утро,0,1
1,планшет,5,2.74,2,1,ночь,0,0
1,ПК,4,1.72,2,0,день,0,0
2,смартфон,5,1.76,0,0,вечер,0,1
1,ПК,11,27.1,2,0,утро,0,1
1,смартфон,2,4.52,2,0,день,0,0
1,смартфон,4,2.18,0,0,утро,0,0
1,планшет,4,1.88,2,0,день,0,1
2,смартфон,3,11.18,2,0,день,1,1
1,смартфон,6,12.68,1,1,вечер,0,1
1,планшет,5,39.0,5,0,день,1,1
5,смартфон,2,9.84,0,0,утро,0,0
3,смартфон,6,6.14,0,0,ночь,0,1
1,смартфон,7,2.54,1,0,утро,0,1
1,ПК,8,1.0,0,0,день,0,1
2,смартфон,2,21.27,3,0,день,1,0
1,смартфон,4,15.55,1,0,вечер,1,1
1,смартфон,6,15.9,0,0,утро,0,1
1,ПК,5,3.89,1,0,вечер,1,0
2,планшет,4,4.43,3,0,день,0,1
2,смартфон,7,15.31,1,0,вечер,1,1
3,смартфон,2,11.63,1,0,вечер,1,0
2,смартфон,5,10.49,3,0,утро,0,1
2,смартфон,4,8.09,2,1,день,0,1
2,смартфон,3,4.59,0,0,день,1,0
1,смартфон,8,13.52,1,1,день,0,1
2,планшет,3,4.48,1,0,вечер,0,0
1,ПК,4,13.27,3,0,день,0,1
1,смартфон,5,2.11,0,0,день,0,0
4,смартфон,5,8.93,3,1,вечер,0,1
2,смартфон,8,4.42,5,0,день,0,1
3,смартфон,6,17.64,3,0,день,0,1
4,смартфон,6,7.31,0,0,вечер,0,1
4,смартфон,4,9.78,2,0,день,0,0
1,смартфон,3,1.0,0,1,день,0,1
3,смартфон,4,6.84,2,0,день,0,1
1,планшет,5,15.17,3,0,утро,1,1
3,смартфон,1,19.66,3,0,вечер,0,1
1,смартфон,4,12.77,1,0,день,1,1
2,смартфон,2,5.42,4,0,день,1,0
3,ПК,5,2.98,0,0,вечер,0,0
1,смартфон,5,4.93,1,0,утро,1,1
4,смартфон,3,8.25,0,0,утро,0,0
2,ПК,7,1.0,2,0,ночь,0,1
1,ПК,3,24.31,2,1,ночь,1,1
1,планшет,2,4.21,1,0,вечер,0,0
1,смартфон,1,15.94,2,0,утро,0,0
1,ПК,4,7.65,2,0,вечер,0,0
4,планшет,5,10.85,2,0,ночь,0,0
2,планшет,1,14.25,0,0,вечер,0,0
2,смартфон,4,3.4,0,0,день,0,0
1,смартфон,4,9.32,1,0,утро,0,1
1,планшет,6,13.93,4,1,день,1,1
4,ПК,1,14.74,0,0,утро,1,0
4,ПК,6,5.38,2,0,день,1,0
1,ПК,6,13.04,3,0,утро,0,0
4,смартфон,4,3.59,2,0,день,1,0
1,смартфон,5,1.33,3,0,день,0,0
2,планшет,8,1.2,2,0,день,1,0
1,планшет,5,7.05,3,0,день,0,0
2,планшет,3,4.83,1,0,вечер,0,0
1,ПК,4,2.65,1,0,день,0,0
3,смартфон,3,4.96,2,0,день,0,0
3,смартфон,3,5.31,1,1,вечер,0,1
1,ПК,6,8.06,2,0,день,1,1
2,смартфон,5,1.0,2,0,день,0,1
1,планшет,4,23.86,2,0,ночь,0,0
2,ПК,1,4.66,2,0,вечер,1,0
1,смартфон,7,9.55,1,1,вечер,0,1
3,ПК,1,3.66,2,0,утро,0,0
2,смартфон,3,14.34,1,0,утро,0,0
1,ПК,2,6.14,1,0,день,0,0
2,смартфон,3,3.88,2,0,ночь,1,1
3,планшет,2,33.19,3,0,день,0,0
3,планшет,1,20.04,1,0,утро,0,0
1,смартфон,5,1.99,1,1,день,1,0
1,планшет,7,12.06,3,0,ночь,0,1
4,ПК,1,14.04,1,1,день,0,1
3,планшет,2,1.0,1,0,вечер,0,1
1,ПК,4,32.43,1,0,вечер,1,0
1,смартфон,6,2.65,0,0,утро,1,0
4,смартфон,2,23.9,1,1,день,0,1
1,смартфон,4,10.62,1,1,утро,1,0
3,ПК,4,7.18,2,0,утро,0,0
1,смартфон,3,15.41,1,1,день,0,0
2,смартфон,3,11.24,1,0,утро,1,0
4,смартфон,2,13.48,1,0,утро,0,0
1,смартфон,4,19.51,2,0,утро,0,1
4,ПК,3,6.37,0,0,вечер,1,0
2,смартфон,1,5.55,2,0,утро,0,0
3,ПК,2,23.0,2,0,вечер,0,1
4,смартфон,1,15.99,1,1,день,0,1
5,ПК,8,1.0,3,0,ночь,0,1
1,смартфон,6,10.61,1,1,утро,0,0
2,смартфон,3,23.42,1,1,вечер,0,1
3,смартфон,5,11.51,1,0,день,0,1
1,смартфон,2,8.06,4,1,утро,0,1
1,смартфон,6,1.93,3,0,вечер,1,0
2,смартфон,3,30.07,1,0,день,0,1
1,смартфон,4,9.84,1,0,день,0,0
2,смартфон,2,1.07,2,0,день,0,0
4,планшет,3,26.26,2,0,день,1,1
3,смартфон,6,7.27,3,0,день,1,1
2,планшет,4,1.71,4,0,день,0,0
4,ПК,2,2.57,2,0,день,0,1
3,смартфон,5,34.36,0,0,день,0,1
1,смартфон,4,5.74,0,0,день,0,1
2,смартфон,7,5.44,3,0,утро,0,1
5,смартфон,6,6.66,3,1,день,0,1
1,планшет,4,12.06,2,1,утро,0,0
2,смартфон,5,4.54,1,0,день,0,1
2,смартфон,2,5.47,2,0,день,0,0
2,смартфон,5,13.71,1,0,день,1,0
1,ПК,5,6.18,0,1,вечер,0,1
2,планшет,3,12.5,2,0,день,0,0
1,ПК,2,32.76,2,0,утро,0,0
1,ПК,5,32.84,2,0,день,0,0
1,смартфон,8,5.92,1,0,ночь,0,0
2,смартфон,5,2.67,3,0,вечер,1,1
5,смартфон,4,2.89,1,0,вечер,1,0
3,смартфон,3,17.1,2,0,день,1,1
4,смартфон,4,1.0,1,0,день,0,0
1,смартфон,4,1.0,2,0,день,0,0
2,смартфон,3,11.44,0,0,вечер,1,0
3,смартфон,1,24.09,2,0,вечер,0,0
2,ПК,3,2.62,0,0,ночь,0,0
3,ПК,4,1.0,0,1,вечер,1,0
5,смартфон,4,22.57,2,0,день,0,1
3,смартфон,5,4.37,1,0,утро,0,0
1,смартфон,2,7.98,2,0,день,0,0
2,ПК,2,18.09,0,0,вечер,0,0
1,ПК,4,2.88,3,0,вечер,0,0
2,смартфон,2,9.19,3,0,день,0,0
1,смартфон,7,47.69,2,1,утро,0,1
2,смартфон,3,13.52,2,0,утро,0,0
1,смартфон,1,5.06,1,0,день,0,1
3,планшет,2,14.61,1,0,вечер,0,0
3,смартфон,5,1.0,0,0,день,0,1
3,ПК,3,2.43,1,0,день,0,0
1,смартфон,1,13.65,3,0,день,0,1
1,ПК,5,3.04,3,0,ночь,0,1
1,смартфон,1,1.35,1,0,вечер,0,1
1,смартфон,7,3.47,0,1,вечер,0,1
4,планшет,4,1.88,0,0,вечер,0,0
1,ПК,5,5.46,0,0,утро,0,0
2,планшет,7,1.33,2,0,ночь,1,0
1,ПК,3,18.18,2,0,утро,1,0
2,ПК,3,15.14,1,0,день,0,0
1,смартфон,2,3.67,1,0,вечер,0,0
4,ПК,1,7.34,0,0,день,0,0
2,ПК,3,19.31,2,0,день,0,1
1,смартфон,2,26.45,3,1,вечер,0,0
2,смартфон,3,1.0,0,0,вечер,0,0
3,ПК,1,12.8,2,0,день,0,0
2,ПК,5,1.46,3,0,день,1,1
2,смартфон,1,1.0,1,0,утро,0,0
2,ПК,2,1.0,0,1,день,0,1
1,ПК,3,8.58,0,0,вечер,0,1
1,смартфон,3,4.73,2,1,день,0,1
1,планшет,2,1.26,1,0,утро,0,0
3,смартфон,6,6.43,1,1,вечер,0,1
4,смартфон,5,7.1,4,0,день,0,1
2,смартфон,2,15.48,2,0,утро,0,0
2,ПК,1,10.9,5,0,утро,0,0
2,смартфон,5,6.27,1,0,вечер,0,0
1,ПК,6,3.92,0,0,день,0,0
1,смартфон,5,1.0,2,0,день,0,1
1,ПК,6,17.84,1,0,день,0,1
1,ПК,4,3.11,3,0,день,0,0
1,ПК,7,2.4,2,1,вечер,0,1
2,ПК,3,13.27,2,0,вечер,0,1
3,ПК,3,1.0,3,0,ночь,1,0
6,смартфон,3,3.05,3,0,вечер,1,1
3,смартфон,4,5.71,5,0,день,0,1
2,смартфон,4,5.83,0,0,день,1,1
2,планшет,4,1.72,1,1,день,0,1
1,смартфон,4,1.0,1,0,день,0,0
1,смартфон,3,6.36,2,0,утро,1,0
2,ПК,4,4.42,1,0,вечер,0,1
1,планшет,4,3.35,1,1,ночь,0,1
1,ПК,5,3.16,1,0,день,1,0
1,смартфон,3,7.02,3,0,утро,1,0
1,смартфон,4,1.0,1,1,утро,0,0
3,смартфон,5,1.12,1,0,ночь,0,1
1,смартфон,2,3.93,2,0,день,0,0
1,смартфон,2,6.54,1,0,день,0,0
4,смартфон,5,11.84,2,0,день,0,1
3,смартфон,5,3.47,3,0,ночь,0,1
2,смартфон,3,11.0,3,0,утро,0,1
5,смартфон,6,4.9,2,0,утро,0,1
2,смартфон,6,14.9,1,1,день,0,1
1,планшет,4,6.55,4,1,день,0,1
4,планшет,5,7.8,1,0,утро,1,0
4,ПК,2,5.71,0,0,вечер,1,0
4,смартфон,3,1.43,2,0,ночь,0,1
3,ПК,5,1.88,2,0,утро,0,0
1,ПК,2,5.12,3,0,день,0,1
3,смартфон,6,1.04,1,0,утро,0,1
1,смартфон,4,1.51,0,0,день,0,0
1,смартфон,5,9.77,0,0,вечер,1,1
4,планшет,3,10.03,4,0,день,0,1
5,смартфон,7,1.36,1,1,вечер,0,0
2,ПК,3,19.23,2,0,день,0,0
1,смартфон,2,19.43,0,1,ночь,0,1
1,ПК,2,4.78,0,0,день,0,0
1,ПК,4,6.89,1,0,вечер,0,0
3,ПК,4,16.17,1,0,утро,0,0
1,смартфон,1,14.38,1,0,утро,1,0
2,смартфон,4,4.51,2,0,день,1,1
1,ПК,3,3.81,0,0,утро,0,0
2,ПК,4,10.92,1,0,утро,0,1
1,смартфон,5,4.52,3,0,утро,0,1
5,ПК,8,11.69,4,0,день,0,1
2,смартфон,1,1.39,3,0,вечер,0,0
2,смартфон,4,11.15,2,0,день,0,1
7,смартфон,3,15.38,2,0,утро,0,0
1,ПК,1,23.5,1,0,утро,0,0
3,смартфон,5,6.09,1,1,вечер,0,1
1,ПК,5,8.22,3,0,вечер,0,1
1,смартфон,3,3.41,0,0,утро,1,0
2,планшет,1,1.63,0,0,день,0,0
1,ПК,7,1.9,1,0,вечер,1,0
2,смартфон,7,18.62,1,0,вечер,0,0
1,смартфон,5,7.8,1,0,день,0,0
1,планшет,8,4.72,1,0,день,0,0
1,ПК,5,19.95,2,0,день,0,0
4,смартфон,4,1.21,2,0,день,1,1
2,смартфон,6,9.02,2,0,день,0,1
1,смартфон,5,15.64,4,0,день,0,1
1,смартфон,3,1.33,2,0,вечер,0,0
8,смартфон,2,1.28,0,0,утро,0,0
1,ПК,5,1.0,2,0,день,1,0
3,смартфон,3,28.47,1,0,вечер,1,1
2,смартфон,4,11.78,3,0,день,0,0
1,ПК,5,1.0,1,0,день,0,0
1,смартфон,3,11.12,0,0,утро,0,0
4,планшет,5,3.62,0,1,вечер,0,1
1,ПК,5,1.16,0,0,вечер,0,0
1,смартфон,4,48.56,1,0,утро,0,1
2,смартфон,4,1.98,1,0,вечер,0,1
2,смартфон,2,16.02,2,1,вечер,0,1
1,смартфон,4,21.32,1,0,вечер,0,0
2,смартфон,4,7.56,0,0,ночь,0,1
1,ПК,1,37.3,2,0,день,0,0
3,смартфон,3,1.28,0,0,ночь,0,1
1,ПК,3,32.41,2,0,день,0,0
2,смартфон,4,1.0,2,0,вечер,1,0
6,ПК,3,6.49,1,0,вечер,0,0
3,ПК,5,19.31,3,0,вечер,0,1
1,ПК,1,8.06,0,0,вечер,0,0
2,смартфон,10,8.76,2,0,день,0,0
4,смартфон,3,1.76,3,0,вечер,0,0
1,смартфон,8,41.57,1,0,день,0,1
3,ПК,2,2.63,0,0,день,0,0
2,ПК,2,19.58,2,0,утро,1,0
3,смартфон,5,31.36,4,0,день,1,1
2,ПК,3,3.3,3,0,день,0,1
3,ПК,7,13.11,1,0,утро,0,1
1,смартфон,2,1.0,0,0,день,0,0
3,смартфон,6,13.53,2,0,вечер,1,0
1,ПК,5,6.62,4,1,день,0,1
5,смартфон,4,1.25,3,0,ночь,0,1
1,ПК,3,22.5,3,0,день,1,1
6,ПК,1,11.36,0,1,день,0,0
3,смартфон,1,1.85,5,0,вечер,0,1
2,планшет,6,7.61,1,0,утро,0,0
3,смартфон,4,3.94,1,0,ночь,1,0
1,ПК,5,12.4,1,1,день,0,0
3,смартфон,5,9.87,1,0,вечер,1,1
1,смартфон,1,2.1,3,0,вечер,1,0
2,ПК,6,2.77,0,1,день,0,1
2,смартфон,4,12.19,4,0,ночь,0,1
1,планшет,3,11.24,1,1,утро,0,0
2,смартфон,6,3.74,1,1,ночь,0,1
2,смартфон,4,6.51,1,0,утро,0,0
2,планшет,5,6.3,0,0,день,1,0
5,смартфон,4,1.33,0,0,ночь,0,0
1,ПК,5,9.7,0,0,утро,0,0
1,смартфон,2,3.07,2,0,утро,0,0
4,смартфон,5,6.16,2,0,вечер,0,1
4,смартфон,2,1.0,1,0,день,0,0
3,планшет,5,9.52,4,0,день,1,1
4,смартфон,2,18.3,1,0,день,0,1
2,смартфон,3,8.43,0,0,вечер,1,1
1,ПК,2,9.08,2,0,вечер,1,0
1,смартфон,2,11.19,0,0,день,0,1
3,смартфон,4,2.19,3,1,ночь,0,1
4,смартфон,2,1.0,1,0,утро,0,1
2,смартфон,6,19.24,0,0,вечер,0,1
1,смартфон,8,18.75,3,0,вечер,0,1
1,смартфон,5,7.87,0,0,день,0,0
1,смартфон,4,2.19,0,0,ночь,0,0
1,смартфон,1,17.0,3,1,день,0,1
2,смартфон,4,2.49,2,1,вечер,0,1
1,планшет,5,19.73,1,0,утро,1,0
1,планшет,7,5.51,0,0,день,0,0
1,смартфон,10,1.0,0,0,утро,0,0
2,ПК,6,16.98,3,1,вечер,1,1
1,ПК,3,8.22,3,0,день,0,0
4,ПК,6,3.83,0,0,день,0,1
2,смартфон,3,6.03,3,0,вечер,0,1
3,планшет,3,21.73,5,1,день,0,1
2,смартфон,2,2.27,1,0,день,1,1
3,ПК,4,1.1,1,0,день,0,0
1,смартфон,8,15.36,5,0,вечер,0,1
4,смартфон,5,9.72,0,0,ночь,0,1
2,смартфон,2,20.4,2,0,день,0,1
2,смартфон,2,3.76,2,0,вечер,1,0
1,смартфон,5,8.24,3,0,вечер,0,1
2,смартфон,4,1.0,0,0,ночь,1,0
1,смартфон,3,18.75,3,0,день,0,1
1,ПК,5,2.12,2,0,утро,0,0
1,ПК,4,1.22,0,0,день,1,0
3,смартфон,3,6.63,0,0,вечер,0,0
5,смартфон,6,13.66,2,0,день,0,1
2,смартфон,5,2.35,1,0,день,0,0
1,смартфон,2,2.66,0,0,день,0,0
1,смартфон,5,3.79,1,0,вечер,0,1
1,смартфон,3,16.66,0,0,ночь,0,0
2,планшет,3,13.76,1,0,вечер,0,1
1,смартфон,4,3.15,1,0,день,0,1
2,смартфон,9,2.95,3,0,день,1,0
1,смартфон,1,23.69,2,1,утро,0,1
1,смартфон,2,9.54,2,0,день,0,0
5,ПК,4,2.55,2,0,утро,0,0
1,смартфон,7,1.51,1,1,день,0,1
2,смартфон,4,1.0,2,0,утро,1,0
1,планшет,2,2.83,0,0,утро,0,0
1,смартфон,4,12.73,2,1,утро,0,1
1,смартфон,5,4.65,2,0,ночь,1,1
3,смартфон,2,33.53,2,0,день,0,0
4,смартфон,5,3.92,0,0,день,0,0
4,смартфон,4,1.63,2,0,утро,0,0
1,ПК,3,1.94,1,1,вечер,0,1
2,смартфон,3,6.7,1,0,утро,0,1
2,смартфон,6,27.72,1,0,день,0,0
1,ПК,3,23.05,0,0,утро,0,0
3,смартфон,5,2.03,2,0,день,0,1
3,ПК,3,14.04,2,0,утро,0,0
2,смартфон,6,13.96,3,0,день,0,0
1,планшет,5,1.81,1,0,вечер,1,1
3,планшет,4,3.54,4,0,день,0,0
1,ПК,7,1.0,0,0,ночь,0,0
3,смартфон,4,1.0,1,0,утро,0,0
2,смартфон,3,5.84,0,0,утро,0,0
1,смартфон,4,6.62,3,0,утро,0,0
3,ПК,4,1.0,2,0,день,1,0
3,смартфон,5,33.88,1,0,утро,1,1
2,ПК,4,6.66,0,0,утро,0,0
3,смартфон,8,15.5,1,0,утро,0,1
2,смартфон,4,10.08,1,0,утро,1,0
1,смартфон,7,9.66,0,0,утро,0,0
3,смартфон,7,3.61,1,0,день,0,0
1,ПК,9,21.81,1,0,ночь,0,1
2,смартфон,6,3.56,0,0,ночь,0,0
2,ПК,6,30.26,0,1,утро,0,1
4,смартфон,8,1.0,1,0,вечер,1,0
1,планшет,5,1.22,0,1,утро,1,0
1,планшет,3,12.97,3,0,день,0,1
2,смартфон,6,9.38,4,0,день,0,1
3,смартфон,2,12.63,2,0,ночь,0,0
1,смартфон,3,10.26,5,0,день,1,1
1,смартфон,7,7.49,1,0,день,0,1
2,ПК,6,1.0,4,0,ночь,0,1
1,ПК,2,16.55,0,0,утро,1,0
2,планшет,1,7.14,0,1,день,0,0
2,планшет,1,1.12,5,0,утро,0,0
1,смартфон,3,2.14,0,0,утро,0,0
1,смартфон,3,10.85,2,1,вечер,1,1
2,ПК,1,1.0,0,0,день,1,0
1,смартфон,3,20.36,0,0,утро,0,1
2,планшет,5,15.64,3,0,день,1,1
2,ПК,3,3.66,3,0,ночь,0,1
3,смартфон,4,21.5,2,0,утро,1,0
3,смартфон,3,21.64,1,0,утро,1,0
2,ПК,4,18.19,0,1,вечер,1,1
4,смартфон,7,3.68,4,0,утро,0,1
4,ПК,3,10.67,1,0,вечер,0,0
1,смартфон,1,6.0,4,0,ночь,1,0
3,смартфон,3,7.74,3,0,утро,0,0
1,смартфон,3,5.27,1,0,день,1,1
1,планшет,2,1.0,2,0,день,1,0
3,смартфон,4,1.0,4,1,день,1,1
3,смартфон,3,14.82,1,0,день,0,1
1,смартфон,6,29.26,3,0,вечер,0,1
1,смартфон,4,2.61,4,0,вечер,0,1
4,смартфон,4,7.86,1,0,день,1,1
1,смартфон,3,3.65,0,0,вечер,0,0
4,смартфон,4,6.49,1,0,утро,0,0
2,смартфон,3,1.26,1,0,вечер,1,0
2,смартфон,8,12.92,2,1,вечер,0,1
3,смартфон,7,7.26,3,1,ночь,0,1
2,смартфон,4,3.69,1,0,день,0,0
2,смартфон,2,10.89,4,0,день,0,1
1,смартфон,3,7.16,1,0,вечер,0,0
3,ПК,2,5.18,3,1,утро,0,1
2,смартфон,7,7.62,0,0,вечер,0,0
2,планшет,1,30.72,0,0,вечер,0,0
1,смартфон,1,1.0,0,0,ночь,0,0
1,ПК,2,25.77,4,1,утро,0,1
1,ПК,4,1.35,0,0,день,0,0
3,смартфон,2,2.31,1,0,ночь,0,0
1,ПК,3,38.72,1,0,день,1,0
4,смартфон,6,16.61,4,0,ночь,1,0
2,смартфон,4,4.33,0,0,день,1,1
1,смартфон,13,5.19,0,0,вечер,0,1
1,смартфон,6,3.55,1,0,утро,0,0
3,смартфон,3,2.55,0,0,утро,0,0
2,смартфон,5,1.0,2,0,утро,0,1
1,смартфон,5,1.0,3,0,утро,1,0
3,планшет,5,6.96,1,0,день,0,1
1,смартфон,5,7.55,1,0,вечер,0,1
1,смартфон,5,14.34,1,1,день,1,0
6,смартфон,7,1.0,0,0,утро,1,0
1,смартфон,6,7.23,5,0,вечер,1,0
4,смартфон,6,25.83,2,0,день,0,1
3,смартфон,1,19.15,2,0,день,0,1
3,смартфон,7,7.65,1,0,утро,1,0
3,смартфон,5,1.43,1,0,день,0,1
3,ПК,5,1.7,2,1,день,0,1
1,смартфон,3,6.49,1,0,ночь,1,0
1,смартфон,2,9.61,1,0,вечер,0,0
1,смартфон,4,38.45,1,0,утро,0,1
1,ПК,3,17.8,2,1,день,0,1
1,планшет,2,5.35,0,0,день,0,1
1,смартфон,5,4.31,1,0,день,0,0
3,смартфон,3,1.0,3,0,утро,1,0
1,смартфон,8,1.0,0,0,день,0,1
1,смартфон,6,6.43,1,0,утро,1,1
2,планшет,5,1.0,1,0,утро,0,1
1,смартфон,9,1.7,1,0,вечер,0,1
4,смартфон,5,39.31,4,0,день,0,1
1,смартфон,5,12.63,3,1,день,0,1
2,ПК,1,6.02,1,0,вечер,0,0
4,смартфон,4,19.51,1,0,вечер,0,1
2,ПК,2,1.95,3,0,утро,0,1
4,смартфон,3,4.93,1,0,утро,0,0
1,планшет,3,3.49,2,0,утро,1,0
2,смартфон,4,53.96,1,0,утро,0,1
1,смартфон,7,23.14,2,0,вечер,1,0
2,планшет,5,7.47,3,0,утро,0,1
2,ПК,1,5.52,1,1,вечер,1,1
4,смартфон,5,60.0,2,0,ночь,0,1
1,ПК,7,2.31,2,0,утро,0,0
5,планшет,3,5.24,2,1,день,0,1
1,смартфон,3,12.44,1,0,утро,0,0
1,ПК,5,12.17,4,0,день,0,1
3,смартфон,2,8.54,1,0,ночь,0,0
1,планшет,3,30.34,2,1,день,1,0
3,смартфон,2,2.83,2,0,вечер,0,0
4,смартфон,4,8.41,2,0,день,0,1
1,ПК,3,16.63,2,0,день,0,0
1,смартфон,4,2.65,1,0,ночь,0,1
2,смартфон,2,20.49,4,0,вечер,0,1
1,ПК,3,10.19,1,0,ночь,0,0
4,ПК,1,4.8,0,0,вечер,1,0
1,смартфон,3,10.43,0,0,день,1,0
4,смартфон,5,26.32,4,0,день,0,1
1,планшет,3,44.38,3,0,ночь,0,0
1,смартфон,5,3.3,1,0,день,0,0
2,смартфон,6,23.98,0,0,утро,0,0
4,смартфон,7,1.0,4,0,утро,0,0
4,смартфон,3,1.0,1,0,день,0,1
1,смартфон,8,9.2,1,0,вечер,0,1
3,планшет,1,6.57,1,0,день,0,1
1,планшет,3,6.33,5,1,ночь,0,1
1,смартфон,2,2.67,1,0,вечер,1,0
1,смартфон,3,9.1,0,0,утро,0,0
2,смартфон,4,1.0,3,0,ночь,1,1
3,смартфон,2,5.69,2,0,вечер,1,0
3,смартфон,4,4.57,3,0,утро,0,0
1,планшет,5,2.14,2,0,день,0,1
1,смартфон,4,7.15,2,0,день,1,0
1,планшет,7,11.72,3,0,день,0,1
1,планшет,4,16.76,1,0,ночь,1,0
2,смартфон,3,6.2,1,0,день,1,1
3,смартфон,3,2.74,1,0,день,0,0
2,ПК,1,2.36,0,0,день,0,0
3,ПК,3,8.66,1,1,ночь,0,0
3,ПК,4,4.93,2,0,ночь,1,1
4,смартфон,4,3.82,2,1,вечер,0,1
2,ПК,6,7.4,0,0,день,0,1
1,смартфон,4,8.13,2,0,день,1,1
2,смартфон,4,2.66,2,0,день,0,1
2,смартфон,5,4.75,1,0,день,1,1
2,смартфон,2,12.3,0,0,день,0,1
1,планшет,6,4.9,1,0,вечер,0,0
1,смартфон,3,5.87,2,0,вечер,0,1
1,ПК,3,10.22,0,0,утро,0,0
1,смартфон,3,2.12,2,0,ночь,1,0
2,ПК,7,20.16,3,0,день,0,1
1,смартфон,6,4.13,2,1,вечер,0,1
7,планшет,5,11.64,0,0,утро,1,1
1,смартфон,4,3.53,1,0,день,1,0
1,смартфон,5,10.45,4,0,день,0,1
1,планшет,4,3.25,0,1,утро,1,1
2,смартфон,4,13.79,2,0,утро,0,1
4,смартфон,3,1.11,1,1,день,0,1
2,планшет,3,3.67,1,0,утро,0,0
1,смартфон,3,8.38,4,0,утро,0,0
1,смартфон,4,10.03,2,1,вечер,0,1
1,смартфон,7,1.49,0,0,ночь,0,0
1,смартфон,2,3.85,1,0,ночь,0,0
4,планшет,4,1.07,1,0,день,1,0
1,смартфон,6,17.98,0,1,вечер,0,1
3,смартфон,4,41.14,1,0,день,0,1
3,планшет,5,3.34,1,0,утро,0,0
3,планшет,2,6.6,0,1,ночь,1,1
2,ПК,4,7.06,0,0,вечер,0,0
2,смартфон,6,1.8,0,0,утро,0,0
3,смартфон,5,11.01,4,0,ночь,0,0
2,смартфон,2,7.27,4,0,день,0,1
1,смартфон,6,7.21,1,0,день,0,1
3,смартфон,6,1.0,0,0,вечер,1,0
2,ПК,3,1.0,2,0,вечер,0,0
4,ПК,6,33.32,2,0,вечер,1,1
2,смартфон,2,28.09,4,1,утро,0,0
1,смартфон,6,1.0,2,0,день,0,0
3,смартфон,6,7.78,4,0,утро,0,0
2,ПК,5,1.0,2,0,день,0,1
2,ПК,10,15.76,2,0,вечер,0,0
1,смартфон,5,1.0,0,0,день,0,0
1,планшет,5,7.97,1,0,утро,0,0
4,смартфон,3,9.66,2,1,ночь,1,1
1,смартфон,1,1.01,2,0,утро,0,0
2,смартфон,7,9.02,0,0,день,0,1
1,смартфон,4,28.42,5,0,день,0,0
1,смартфон,2,1.02,1,0,утро,0,0
1,смартфон,3,11.54,0,0,утро,0,0
2,смартфон,3,3.16,1,0,день,1,1
3,смартфон,3,3.2,1,0,утро,0,0
2,планшет,5,7.86,2,0,утро,0,0
1,смартфон,5,26.29,0,0,утро,0,0
1,ПК,3,2.62,3,0,день,1,1
2,смартфон,7,50.11,2,0,вечер,0,0
1,смартфон,5,1.0,1,0,день,0,1
3,смартфон,2,28.16,2,0,день,0,0
2,смартфон,3,1.0,1,0,день,1,0
1,смартфон,5,1.77,0,0,вечер,0,0
3,смартфон,4,37.46,4,0,утро,0,0
3,ПК,5,3.09,1,1,день,0,1
4,планшет,6,1.0,4,1,ночь,1,1
1,ПК,1,21.63,2,1,день,1,1
4,смартфон,8,24.53,1,0,вечер,0,0
2,смартфон,1,13.64,2,0,утро,1,0
2,смартфон,8,28.06,0,1,день,0,1
1,планшет,6,3.09,3,0,день,1,0
1,ПК,2,10.36,2,0,вечер,1,1
4,ПК,5,13.56,1,0,утро,1,1
2,смартфон,4,36.35,2,0,день,0,1
3,смартфон,4,22.84,1,0,день,0,0
2,смартфон,2,1.0,0,0,вечер,1,0
7,смартфон,2,4.14,1,0,вечер,1,1
2,смартфон,2,9.55,0,0,вечер,1,1
3,смартфон,5,19.34,0,0,ночь,1,1
1,смартфон,7,3.28,2,1,день,0,1
2,смартфон,5,1.0,2,0,день,0,1
3,смартфон,1,2.07,1,0,день,0,0
3,ПК,2,5.54,2,0,вечер,1,0
3,смартфон,1,1.0,1,0,утро,0,0
3,смартфон,3,1.0,2,0,утро,1,1
1,планшет,4,5.14,1,0,утро,1,0
2,смартфон,5,10.44,1,0,день,1,1
2,смартфон,5,12.4,0,0,утро,0,0
1,ПК,2,7.61,2,1,утро,0,0
1,смартфон,3,5.72,2,1,вечер,0,1
3,смартфон,5,1.0,0,0,день,0,0
4,смартфон,5,3.05,0,0,ночь,0,0
1,смартфон,1,11.08,5,0,день,0,0
1,смартфон,5,5.97,1,0,день,1,1
2,смартфон,4,3.07,0,1,вечер,0,0
1,смартфон,7,2.61,0,0,день,0,1
2,ПК,5,1.0,2,0,день,0,0
3,смартфон,8,17.43,1,0,день,0,1
2,планшет,1,21.04,3,0,вечер,1,0
1,смартфон,4,4.55,3,0,вечер,0,0
1,смартфон,4,12.08,1,0,утро,0,0
1,смартфон,3,1.0,1,0,вечер,0,1
1,ПК,2,21.96,2,0,день,1,1
4,планшет,4,23.73,1,1,утро,0,1
1,смартфон,5,1.71,1,1,день,0,1
2,смартфон,7,15.17,0,0,вечер,0,1
1,ПК,5,6.41,3,0,ночь,0,1
4,ПК,4,11.43,0,0,день,0,1
1,смартфон,1,6.44,0,0,вечер,1,0
1,смартфон,5,1.0,1,0,утро,0,1
2,ПК,3,18.33,2,0,день,0,0
3,смартфон,4,1.0,1,0,день,0,0
1,планшет,6,4.47,2,0,ночь,0,1
2,смартфон,2,42.66,2,0,ночь,1,1
4,планшет,5,5.56,1,0,день,0,0
6,смартфон,4,17.16,1,0,утро,1,0
1,смартфон,4,1.85,3,1,день,0,1
1,смартфон,7,17.72,4,0,вечер,0,1
1,ПК,5,6.18,0,0,вечер,0,0
2,планшет,8,7.13,3,0,утро,0,0
1,ПК,3,34.63,2,0,вечер,0,0
3,ПК,1,21.73,3,1,ночь,1,1
5,смартфон,2,4.27,1,1,утро,0,1
1,смартфон,5,29.84,4,1,день,0,1
4,планшет,1,1.09,0,0,вечер,1,0
2,ПК,2,1.0,0,0,день,0,0
2,смартфон,4,7.61,3,0,утро,0,0
3,смартфон,5,14.69,2,0,ночь,0,1
2,смартфон,5,2.5,2,0,вечер,0,1
4,смартфон,3,1.0,1,0,утро,1,0
2,планшет,5,18.68,1,0,день,0,0
7,планшет,6,42.92,1,0,день,0,1
1,планшет,1,11.85,1,0,ночь,1,1
2,ПК,6,37.0,1,0,день,0,0
3,смартфон,2,17.88,1,0,вечер,0,0
1,смартфон,3,2.9,1,0,утро,1,0
1,ПК,6,1.16,1,0,вечер,0,1
3,смартфон,5,16.55,1,0,вечер,1,1
2,смартфон,4,10.78,1,1,ночь,0,1
1,планшет,2,16.76,1,0,день,1,0
4,ПК,7,12.67,0,0,ночь,0,0
2,планшет,3,7.04,2,0,вечер,0,0
1,ПК,3,28.27,2,0,утро,0,0
2,смартфон,4,14.01,1,0,утро,0,0
3,смартфон,5,1.0,0,0,вечер,1,0
1,ПК,2,12.18,1,0,день,0,1
1,планшет,2,7.86,0,1,вечер,0,1
1,смартфон,5,1.49,3,1,день,0,1
1,смартфон,5,5.71,1,0,день,0,1
1,планшет,2,7.43,3,0,день,0,0
2,смартфон,3,6.32,0,0,день,1,0
1,планшет,5,5.7,1,1,вечер,0,1
4,смартфон,4,9.97,2,0,день,0,1
1,смартфон,2,10.75,3,0,вечер,0,0
2,планшет,1,11.96,1,0,утро,0,0
1,смартфон,7,14.33,2,0,вечер,0,1
1,смартфон,6,17.91,2,0,утро,0,0
5,ПК,6,8.54,3,0,день,0,1
1,планшет,5,1.0,4,0,день,0,1
1,смартфон,2,4.54,2,0,день,0,0
1,смартфон,3,1.0,2,0,вечер,0,0
1,смартфон,4,9.04,2,0,день,0,1
1,смартфон,4,36.91,1,0,день,0,1
1,смартфон,2,17.55,2,1,день,1,1
3,смартфон,1,6.66,4,0,вечер,0,0
1,смартфон,4,12.32,0,1,вечер,1,0
1,смартфон,9,13.54,0,0,день,0,1
3,смартфон,6,9.03,2,0,утро,0,1
2,смартфон,2,21.68,3,0,день,0,1
3,ПК,3,3.88,3,0,вечер,0,0
1,ПК,3,11.19,0,0,вечер,0,0
1,смартфон,6,1.0,4,1,ночь,1,0
1,ПК,4,1.49,0,1,утро,0,0
1,планшет,5,27.88,1,1,день,0,1
6,смартфон,6,7.83,3,0,день,0,1
1,смартфон,7,14.04,0,0,день,0,0
5,смартфон,2,20.35,2,0,день,0,1
1,смартфон,5,27.2,1,0,день,0,0
3,смартфон,3,1.0,0,0,вечер,1,0
3,ПК,4,12.1,2,0,утро,0,0
2,ПК,6,9.94,2,0,вечер,1,0
2,ПК,1,9.17,3,1,утро,1,1
2,ПК,7,1.57,1,0,ночь,0,0
2,ПК,3,14.84,1,0,вечер,0,0
4,смартфон,1,3.79,1,0,день,0,0
2,смартфон,5,2.51,1,0,день,1,0
1,смартфон,6,12.29,0,0,день,1,0
2,планшет,5,2.43,3,0,ночь,1,1
3,смартфон,4,6.91,0,1,день,1,1
3,ПК,7,3.82,1,0,вечер,0,1
1,ПК,3,17.34,1,0,день,1,0
3,смартфон,3,30.87,4,1,день,0,1
3,смартфон,4,17.41,1,0,день,0,0
1,ПК,3,5.06,2,0,день,0,1
1,смартфон,1,1.78,4,0,утро,0,0
1,смартфон,5,11.99,1,0,утро,1,0
1,ПК,3,23.4,1,0,ночь,0,0
2,планшет,2,5.13,0,0,день,0,0
4,смартфон,1,1.0,2,0,день,0,0
3,ПК,5,1.33,2,0,вечер,1,1
1,смартфон,3,4.82,2,0,вечер,1,0
3,планшет,2,6.92,3,0,утро,0,0
4,планшет,8,3.43,0,1,утро,0,1
2,смартфон,2,6.68,4,0,утро,0,0
3,смартфон,4,31.89,1,0,день,1,0
1,ПК,2,1.0,0,0,вечер,0,0
1,смартфон,7,16.27,2,0,вечер,1,0
1,смартфон,8,6.08,1,1,день,0,1
1,смартфон,6,10.6,2,0,день,1,0
3,смартфон,5,34.86,2,0,вечер,0,1
1,ПК,4,6.15,3,0,утро,0,0
4,смартфон,5,1.01,2,0,вечер,0,1
4,планшет,4,17.6,2,0,вечер,1,1
1,смартфон,6,3.07,2,0,вечер,1,1
1,ПК,3,23.56,0,0,ночь,0,1
1,смартфон,7,1.0,1,0,утро,0,0
3,смартфон,7,2.59,1,0,вечер,0,1
3,ПК,4,34.44,4,0,день,0,1
2,смартфон,4,21.22,1,0,вечер,1,0
2,смартфон,2,2.47,1,0,утро,1,0
4,ПК,12,14.98,0,0,утро,0,1
1,планшет,4,1.0,3,0,утро,0,0
2,планшет,3,1.72,2,0,утро,0,1
2,смартфон,4,2.01,1,1,утро,0,1
2,смартфон,3,1.0,3,0,день,1,0
3,смартфон,4,6.63,1,0,день,1,0
2,ПК,4,4.95,0,0,утро,0,0
1,ПК,5,8.91,3,0,утро,0,1
3,смартфон,9,11.67,0,1,вечер,0,1
2,смартфон,4,9.05,2,0,день,0,0
2,смартфон,5,3.26,1,1,ночь,0,1
4,смартфон,2,1.0,1,0,вечер,0,0
1,смартфон,5,13.17,5,0,вечер,0,1
5,планшет,4,3.7,3,1,утро,0,0
1,ПК,1,2.84,1,1,ночь,1,1
1,планшет,5,11.73,0,0,ночь,1,0
2,планшет,5,5.83,3,1,утро,0,1
1,ПК,6,2.29,2,0,вечер,0,1
1,планшет,5,14.55,5,0,день,0,1
1,смартфон,2,16.42,3,0,день,0,0
1,смартфон,7,42.19,2,0,вечер,1,1
1,смартфон,3,6.31,1,0,день,1,1
1,планшет,2,1.0,1,0,утро,1,0
1,ПК,2,7.28,3,0,вечер,0,0
1,смартфон,7,1.0,1,0,вечер,0,1
3,ПК,5,29.49,3,1,вечер,0,1
1,смартфон,1,1.92,2,0,день,0,0
2,ПК,3,25.96,1,0,вечер,0,0
1,ПК,7,29.96,2,1,утро,0,1
1,планшет,8,14.94,0,0,вечер,0,1
1,ПК,4,1.0,2,1,день,0,1
1,смартфон,2,8.17,2,0,день,0,1
4,смартфон,4,4.37,2,1,вечер,0,1
5,смартфон,4,17.16,2,0,вечер,1,1
1,смартфон,1,3.6,4,0,вечер,0,1
1,ПК,2,6.0,1,0,утро,1,0
3,смартфон,2,8.53,3,0,день,1,1
4,планшет,2,1.0,1,0,день,0,0
4,ПК,4,9.39,0,1,ночь,0,1
4,смартфон,9,4.22,1,0,вечер,0,1
3,смартфон,6,7.53,1,0,день,0,1
2,смартфон,2,1.33,2,0,вечер,0,0
1,смартфон,9,4.09,1,0,день,0,1
3,смартфон,6,8.72,1,1,утро,0,1
3,смартфон,6,8.48,1,0,день,1,0
2,смартфон,2,1.72,2,0,день,0,0
1,планшет,3,5.36,1,0,день,0,0
2,планшет,4,7.33,0,0,утро,0,0
1,планшет,1,1.0,1,0,день,0,0
1,смартфон,6,9.15,2,0,ночь,1,0
4,ПК,3,2.64,1,0,утро,0,0
1,ПК,7,25.28,3,0,ночь,1,1
4,ПК,4,3.13,0,0,день,0,1
2,смартфон,7,15.48,1,0,день,1,0
1,ПК,5,8.73,1,0,утро,0,0
3,ПК,2,11.56,1,0,день,0,1
2,смартфон,5,23.2,2,0,день,0,1
1,смартфон,4,18.83,3,0,утро,0,0
1,планшет,2,1.37,0,0,вечер,1,0
1,смартфон,3,27.14,0,0,день,0,0
4,смартфон,7,1.49,2,0,утро,1,0
4,смартфон,5,3.8,2,0,вечер,1,1
3,планшет,3,7.41,4,0,вечер,0,0
1,ПК,4,27.08,2,0,утро,0,1
1,смартфон,7,9.87,1,0,утро,1,0
4,планшет,3,20.79,1,0,ночь,1,1
1,смартфон,1,28.43,2,0,вечер,1,0
3,планшет,3,13.8,3,0,вечер,0,1
1,смартфон,3,6.58,1,0,утро,0,0
3,ПК,7,4.91,2,0,утро,0,1
2,смартфон,4,3.22,0,0,ночь,0,0
2,смартфон,4,7.06,1,0,ночь,1,0
3,смартфон,8,1.0,5,0,день,0,1
3,ПК,3,2.59,1,0,вечер,0,0
2,ПК,2,4.44,0,0,вечер,0,0
1,смартфон,4,19.2,1,0,ночь,1,1
1,смартфон,7,4.72,3,0,вечер,0,0
2,планшет,2,2.74,3,0,день,0,1
2,ПК,1,15.26,2,0,вечер,0,0
3,смартфон,5,28.67,3,0,день,0,1
1,смартфон,1,14.91,2,0,день,0,0
4,смартфон,4,1.34,0,0,день,0,0
3,смартфон,3,3.86,0,0,ночь,0,0
1,смартфон,2,9.24,0,1,день,0,1
2,смартфон,3,2.18,0,0,вечер,0,0
1,смартфон,7,10.12,3,0,ночь,0,1
2,планшет,3,2.69,2,0,день,0,0
1,ПК,4,7.82,1,0,вечер,1,0
4,ПК,1,12.27,1,1,утро,1,0
1,планшет,2,15.46,1,0,вечер,0,0
1,ПК,3,16.12,2,1,вечер,0,1
2,смартфон,5,14.91,1,0,утро,0,0
2,планшет,5,1.47,1,0,утро,0,0
1,смартфон,7,45.4,1,0,утро,1,0
2,планшет,7,14.79,1,1,вечер,1,1
3,ПК,5,1.1,2,1,день,1,0
2,ПК,6,11.96,0,0,вечер,1,0
1,смартфон,5,6.35,1,1,день,0,1
1,ПК,1,5.59,1,1,вечер,0,0
2,ПК,2,11.29,2,0,день,1,1
2,смартфон,5,1.84,0,0,вечер,0,0
1,ПК,8,60.0,1,0,день,1,1
3,смартфон,5,7.86,3,0,утро,0,1
1,ПК,5,9.03,1,0,день,1,0
4,смартфон,3,5.54,2,0,день,0,1
3,смартфон,3,9.31,1,0,вечер,0,0
4,планшет,4,10.91,1,0,день,0,0
3,смартфон,10,4.24,2,0,утро,0,1
1,смартфон,1,6.2,0,0,день,0,0
3,смартфон,3,2.95,4,0,ночь,1,0
1,ПК,4,14.78,3,1,день,0,1
1,смартфон,3,13.37,1,0,день,0,0
2,ПК,1,16.66,0,0,вечер,1,0
3,ПК,5,12.13,1,0,день,0,0
3,смартфон,5,1.0,3,0,вечер,0,1
1,планшет,1,2.12,1,0,утро,0,0
1,смартфон,4,4.92,1,0,день,0,0
3,смартфон,1,2.67,1,1,утро,0,0
2,смартфон,5,7.59,1,1,вечер,1,1
5,смартфон,3,22.84,0,0,вечер,0,1
3,смартфон,3,13.4,0,0,утро,0,0
1,смартфон,7,3.1,4,0,утро,1,0
1,планшет,4,5.07,1,0,день,0,0
1,смартфон,7,1.0,2,0,вечер,0,1
2,ПК,1,1.0,2,0,утро,0,0
1,смартфон,4,5.54,2,0,день,1,0
4,смартфон,2,13.02,0,0,утро,0,1
1,смартфон,6,19.72,2,0,вечер,0,1
2,смартфон,3,5.65,1,0,утро,0,0
2,ПК,6,1.99,4,0,день,0,1
1,смартфон,3,3.03,1,1,вечер,0,1
1,смартфон,2,5.9,0,0,день,1,0
3,смартфон,5,10.49,4,1,день,1,1
2,смартфон,2,7.83,1,0,день,0,1
5,смартфон,6,18.36,2,0,вечер,0,0
1,смартфон,4,1.0,1,0,утро,1,0
4,смартфон,6,48.44,1,0,день,1,1
2,смартфон,2,26.48,1,1,день,0,1
2,смартфон,6,1.62,2,0,день,0,1
2,ПК,2,1.0,1,0,вечер,0,0
4,смартфон,2,9.61,3,1,утро,1,1
1,смартфон,6,12.78,0,0,вечер,0,0
1,смартфон,1,6.45,3,0,утро,1,0
1,смартфон,6,3.26,1,0,утро,0,1
3,смартфон,5,10.19,0,0,день,1,0
1,смартфон,6,10.1,2,0,день,0,1
1,смартфон,4,1.61,2,0,день,0,1
3,смартфон,5,16.07,0,0,день,1,0
2,ПК,2,13.84,0,0,день,0,0
6,ПК,4,1.0,0,0,вечер,0,0
4,смартфон,5,6.21,2,0,вечер,0,1
1,смартфон,2,5.0,1,0,вечер,0,1
1,планшет,6,6.21,0,1,день,1,1
1,ПК,1,6.19,0,0,день,1,0
2,ПК,2,7.42,0,0,ночь,1,0
2,смартфон,3,3.25,1,0,день,1,0
7,смартфон,5,6.34,1,0,утро,1,0
3,планшет,5,1.05,2,0,вечер,0,1
1,ПК,4,1.94,4,1,день,0,1
1,смартфон,4,1.0,2,0,день,1,0
1,планшет,8,2.06,2,0,ночь,0,1
1,смартфон,5,1.0,2,0,день,0,1
2,смартфон,4,1.0,0,0,утро,0,0
2,смартфон,3,15.93,1,0,утро,0,0
1,смартфон,2,2.22,3,1,вечер,1,1
3,планшет,4,7.34,1,0,вечер,0,0
1,планшет,5,4.63,0,1,день,1,1
1,ПК,3,3.99,1,0,утро,0,0
2,смартфон,4,19.46,2,0,вечер,0,0
5,смартфон,3,6.66,2,0,утро,0,0
2,смартфон,6,7.27,1,0,утро,0,0
2,смартфон,5,6.15,0,1,утро,0,0
1,планшет,2,3.13,0,0,утро,0,0
3,смартфон,6,11.5,3,0,день,0,1
1,смартфон,2,1.0,1,0,утро,0,0
1,смартфон,9,3.31,1,0,день,1,0
2,смартфон,4,10.83,1,0,день,0,0
3,планшет,7,1.0,2,0,день,0,1
1,смартфон,6,1.0,0,0,день,0,0
4,ПК,3,4.66,0,1,ночь,0,0
3,планшет,2,2.89,2,0,утро,0,0
3,смартфон,4,12.07,1,0,день,0,0
2,смартфон,4,14.1,3,0,ночь,1,1
4,планшет,4,1.0,2,0,утро,1,0
3,смартфон,3,5.73,2,0,день,0,0
2,ПК,4,28.68,2,0,вечер,1,0
3,смартфон,7,3.75,1,0,утро,0,0
2,смартфон,3,2.19,1,0,вечер,0,0
1,ПК,7,7.37,2,0,вечер,1,1
2,смартфон,4,6.0,1,0,утро,0,0
4,смартфон,3,2.48,3,0,утро,1,0
3,смартфон,10,2.57,1,0,день,0,0
5,смартфон,4,11.61,1,0,вечер,1,1
2,смартфон,4,3.9,1,0,день,0,0
1,смартфон,2,42.71,3,0,вечер,0,1
1,смартфон,1,3.42,0,0,вечер,1,1
1,ПК,3,7.94,2,0,утро,0,0
1,смартфон,1,1.0,2,0,утро,1,0
1,смартфон,2,7.74,2,0,день,0,0
4,смартфон,7,6.17,1,0,утро,0,1
2,смартфон,3,4.3,3,0,вечер,0,1
4,смартфон,5,5.61,0,0,день,0,1
1,смартфон,1,1.97,0,0,вечер,0,0
1,ПК,4,17.16,2,0,вечер,0,0
1,смартфон,2,25.48,1,1,вечер,0,1
6,смартфон,2,18.17,2,0,день,0,0
2,планшет,3,16.34,2,0,день,1,0
2,смартфон,4,7.95,2,0,вечер,1,0
3,ПК,1,4.06,2,0,день,0,0
6,смартфон,1,1.89,2,1,вечер,0,0
4,планшет,6,17.13,0,0,утро,0,0
2,ПК,2,1.0,1,0,день,0,1
1,ПК,2,2.0,0,0,утро,1,0
2,смартфон,2,5.14,1,1,вечер,1,0
2,ПК,1,2.16,2,0,день,0,0
1,смартфон,3,8.75,2,0,вечер,0,0
1,планшет,2,12.88,4,0,день,0,0
1,смартфон,4,23.98,2,0,утро,0,0
1,смартфон,2,2.36,2,0,утро,0,0
2,смартфон,2,3.28,2,0,утро,0,0
4,смартфон,6,12.61,0,0,день,1,1
1,смартфон,4,2.45,0,0,ночь,0,1
4,планшет,5,4.84,5,0,вечер,1,0
5,смартфон,4,14.0,2,0,день,0,1
2,планшет,5,4.71,1,0,день,0,0
1,смартфон,6,1.58,1,0,день,1,0
2,смартфон,5,3.14,2,0,вечер,0,1
1,смартфон,4,1.0,2,0,вечер,0,0
1,смартфон,3,11.21,1,0,вечер,0,1
2,смартфон,7,1.0,0,0,утро,0,0
1,ПК,4,8.53,1,0,ночь,0,1
1,смартфон,6,29.97,2,0,утро,0,1
3,планшет,6,19.65,1,1,день,1,1
2,смартфон,4,1.0,2,0,день,0,1
2,ПК,2,12.53,5,0,вечер,0,1
1,смартфон,6,11.71,1,0,день,0,1
1,ПК,2,3.54,2,1,вечер,0,0
1,смартфон,4,1.16,1,1,ночь,0,1
1,смартфон,4,19.25,1,0,день,0,1
1,смартфон,4,8.08,1,0,день,0,1
2,смартфон,2,11.99,1,0,вечер,1,1
3,смартфон,5,6.12,4,0,утро,0,0
2,смартфон,5,2.51,2,0,вечер,1,0
5,ПК,4,3.02,2,0,утро,0,0
4,смартфон,3,7.65,1,0,ночь,0,1
2,смартфон,4,2.67,2,0,утро,0,0
1,смартфон,3,5.09,2,0,день,1,0
2,планшет,3,1.0,1,0,вечер,0,0
1,смартфон,7,54.05,3,0,день,0,1
2,смартфон,3,9.59,2,0,день,0,1
3,смартфон,1,1.58,2,1,утро,0,0
2,смартфон,2,1.39,2,1,вечер,0,1
1,смартфон,1,6.6,2,0,утро,0,0
3,ПК,2,1.0,2,1,вечер,0,1
7,смартфон,3,5.31,0,0,утро,0,0
2,смартфон,7,28.99,1,0,утро,0,0
2,планшет,4,17.34,0,0,вечер,0,0
2,смартфон,7,26.59,3,0,день,0,1
2,планшет,2,1.18,4,1,день,1,1
2,ПК,1,4.63,3,0,день,0,1
1,ПК,6,8.1,0,0,день,0,0
1,смартфон,4,12.74,1,0,день,0,1
3,смартфон,4,4.98,1,0,утро,1,1
3,ПК,6,3.84,0,0,вечер,1,0
2,смартфон,6,3.64,2,0,вечер,0,0
2,смартфон,6,15.58,2,0,утро,1,1
2,смартфон,4,4.81,1,0,утро,0,1
1,смартфон,5,1.0,0,1,вечер,1,1
3,ПК,4,14.71,0,0,день,1,0
2,планшет,2,1.76,3,0,день,0,0
2,смартфон,4,9.89,3,0,день,0,1
1,ПК,5,1.0,1,0,ночь,0,1
3,смартфон,5,4.89,2,1,день,1,1
5,ПК,5,6.09,1,0,вечер,0,1
1,смартфон,2,36.15,0,0,утро,0,0
1,смартфон,1,1.0,3,0,день,1,1
1,смартфон,3,13.92,1,0,ночь,1,1
2,смартфон,9,33.45,1,0,утро,0,1
2,смартфон,6,3.24,3,0,утро,0,0
1,смартфон,1,2.56,1,0,вечер,0,1
5,ПК,3,30.38,1,0,утро,0,0
1,ПК,3,6.72,2,0,день,0,0
1,планшет,3,17.29,2,0,день,1,0
2,ПК,7,15.83,3,0,утро,0,0
2,ПК,4,3.95,1,0,день,0,1
3,планшет,1,2.08,2,0,день,0,0
1,смартфон,1,12.14,2,0,утро,0,0
2,ПК,4,6.96,2,0,вечер,0,0
1,смартфон,2,6.74,3,0,вечер,0,0
1,смартфон,4,7.9,1,0,день,0,0
4,смартфон,5,1.0,1,0,утро,0,1
6,смартфон,3,1.0,1,0,день,0,0
1,ПК,2,3.77,0,0,утро,0,0
3,планшет,2,3.91,2,0,ночь,0,1
1,ПК,1,12.68,1,1,день,0,1
1,ПК,5,3.94,1,0,утро,1,0
1,смартфон,5,4.46,2,0,день,0,1
4,планшет,8,7.97,1,0,день,0,1
3,смартфон,4,8.96,0,0,ночь,0,1
1,смартфон,1,4.05,1,0,утро,0,0
1,ПК,4,8.17,1,0,день,0,1
1,планшет,3,9.62,1,0,день,0,0
2,ПК,2,3.03,0,0,утро,1,0
4,смартфон,3,2.69,2,0,ночь,0,0
2,планшет,9,22.11,1,0,день,0,1
3,смартфон,1,10.43,1,1,вечер,0,0
1,смартфон,4,3.73,1,0,вечер,0,1
3,смартфон,2,8.0,0,0,вечер,0,0
5,смартфон,5,12.29,0,0,утро,0,0
2,смартфон,3,1.0,0,0,день,0,0
4,смартфон,3,25.24,1,0,вечер,1,1
2,планшет,5,12.63,1,0,вечер,1,1
3,смартфон,2,4.98,2,0,утро,0,0
1,смартфон,3,26.92,2,0,день,0,1
1,смартфон,2,1.0,0,1,вечер,1,0
1,ПК,5,14.03,1,0,день,0,1
5,ПК,1,7.47,1,0,утро,1,0
2,смартфон,4,10.93,0,0,вечер,0,0
3,смартфон,1,6.38,2,0,вечер,0,0
1,смартфон,4,1.59,2,0,ночь,0,0
1,смартфон,5,3.02,2,0,вечер,1,1
3,смартфон,4,6.22,1,1,день,0,1
2,смартфон,4,25.11,3,0,день,0,1
1,смартфон,2,1.0,2,0,ночь,0,1
1,планшет,10,1.11,3,0,ночь,0,1
1,смартфон,3,1.66,3,0,день,0,1
1,смартфон,2,10.0,1,0,вечер,0,0
1,ПК,11,4.56,0,0,день,0,1
2,ПК,6,1.62,1,0,утро,0,0
2,ПК,2,1.3,3,0,ночь,0,1
1,смартфон,3,11.21,2,0,утро,0,0
1,смартфон,2,6.21,1,0,вечер,1,0
1,смартфон,3,20.62,1,0,вечер,0,0
4,смартфон,5,5.18,2,0,вечер,0,0
1,смартфон,5,10.66,0,0,вечер,0,0
1,ПК,3,15.89,1,0,день,0,0
1,ПК,4,30.72,0,0,вечер,1,1
1,ПК,5,20.35,3,0,вечер,0,1
1,планшет,3,14.93,1,0,ночь,0,0
4,смартфон,5,5.33,0,0,ночь,0,0
1,ПК,5,40.63,5,0,утро,0,1
1,ПК,6,3.08,1,0,утро,0,0
1,планшет,4,10.83,2,0,ночь,0,0
1,смартфон,2,1.4,2,0,день,0,0
1,смартфон,7,9.31,2,0,утро,0,0
1,смартфон,4,11.71,2,0,день,0,1
1,смартфон,4,1.0,2,0,день,0,0
1,ПК,3,3.49,2,0,утро,1,0
3,планшет,6,10.26,2,0,день,0,1
5,планшет,5,9.22,1,0,ночь,1,1
7,смартфон,2,11.03,0,0,вечер,0,0
5,смартфон,1,1.33,1,0,вечер,0,0
1,смартфон,10,7.24,0,1,ночь,0,1
3,планшет,2,26.26,1,0,ночь,0,1
4,смартфон,7,30.74,1,0,вечер,0,1
1,ПК,2,1.36,3,0,день,0,0
1,планшет,6,22.48,4,1,утро,0,1
4,планшет,2,8.59,2,0,утро,0,0
1,ПК,3,13.98,1,1,вечер,1,0
1,ПК,4,1.63,3,0,день,1,0
1,смартфон,5,13.39,0,0,день,0,1
2,ПК,5,1.0,4,0,вечер,0,0
1,смартфон,2,10.02,1,1,день,0,1
3,смартфон,5,11.03,0,0,вечер,0,1
2,смартфон,6,10.93,3,0,день,0,1
5,планшет,3,1.0,5,1,утро,0,1
3,смартфон,4,4.85,1,0,вечер,0,1
3,планшет,1,13.64,1,0,вечер,1,1
1,планшет,2,15.94,1,0,день,0,1
2,планшет,2,5.37,0,0,день,0,0
4,смартфон,3,1.77,2,0,утро,0,1
2,ПК,2,6.92,1,0,вечер,0,0
1,смартфон,6,10.51,1,0,вечер,0,0
2,смартфон,1,25.31,2,0,вечер,0,1
5,ПК,4,11.44,4,0,день,1,0
3,смартфон,1,17.3,3,0,утро,1,1
1,смартфон,5,3.08,3,0,день,0,1
4,планшет,3,17.91,3,0,вечер,0,1
1,смартфон,3,9.47,1,0,день,0,0
2,смартфон,5,7.96,1,0,день,0,1
2,ПК,5,3.1,0,0,утро,0,0
2,смартфон,2,2.28,2,0,день,1,0
5,смартфон,3,7.85,4,0,вечер,0,1
1,планшет,1,22.2,1,0,день,0,0
1,планшет,6,2.68,2,0,день,0,0
1,планшет,4,3.27,0,0,вечер,0,0
1,ПК,6,29.55,0,0,ночь,0,1
2,смартфон,5,1.0,1,0,вечер,0,1
3,планшет,4,6.64,3,0,утро,0,1
3,планшет,1,7.52,2,0,утро,1,0
2,смартфон,8,11.26,1,0,вечер,0,1
1,ПК,8,2.16,3,0,вечер,0,0
1,ПК,2,8.47,1,0,утро,0,0
4,смартфон,6,1.16,3,0,утро,1,1
2,планшет,3,3.11,0,0,утро,1,0
1,планшет,5,1.0,3,1,день,1,1
1,смартфон,3,6.04,1,0,утро,0,0
5,ПК,4,1.93,4,0,день,0,1
1,планшет,4,1.02,2,0,утро,0,1
2,планшет,7,4.22,1,1,вечер,0,1
4,смартфон,7,1.0,0,0,утро,0,1
2,смартфон,5,10.92,3,0,день,0,1
2,смартфон,1,2.24,1,0,утро,0,0
1,планшет,6,12.39,3,0,утро,0,0
1,планшет,4,18.32,1,0,утро,0,0
1,смартфон,3,13.52,5,0,день,0,0
2,смартфон,3,14.39,1,0,вечер,1,0
2,смартфон,7,10.32,2,0,день,1,1
1,планшет,3,4.72,1,0,утро,1,0
3,планшет,4,4.29,1,0,день,1,0
3,смартфон,8,8.42,0,0,ночь,1,1
1,смартфон,10,2.85,2,0,день,0,1
3,смартфон,3,4.23,2,0,ночь,0,0
4,смартфон,1,1.69,1,0,ночь,1,0
4,ПК,5,15.15,1,0,день,0,0
2,смартфон,2,13.3,1,0,день,0,0
1,смартфон,6,7.0,3,0,вечер,0,0
1,планшет,4,4.61,3,0,утро,0,0
3,ПК,3,11.93,2,0,день,0,0
2,ПК,3,1.0,1,0,утро,0,0
1,ПК,2,1.0,1,0,день,0,0
5,планшет,2,12.03,3,0,утро,0,1
4,планшет,4,7.99,2,0,вечер,0,1
1,ПК,2,13.21,2,0,день,1,0
4,ПК,6,3.28,2,0,день,1,1
3,ПК,9,1.15,0,0,утро,1,0
4,смартфон,1,5.62,0,0,день,1,0
3,смартфон,8,5.56,0,0,вечер,1,0
1,смартфон,5,14.23,3,0,день,0,0
3,планшет,4,1.3,1,0,ночь,0,0
2,ПК,4,29.2,0,0,день,0,0
2,ПК,3,1.0,2,0,день,0,0
2,смартфон,1,3.75,4,1,день,0,1
1,смартфон,1,12.14,3,0,ночь,1,1
5,ПК,2,12.64,2,1,день,0,1
4,смартфон,1,8.37,1,1,день,1,1
1,смартфон,8,1.0,1,0,день,0,1
3,планшет,5,19.4,1,0,вечер,0,1
3,смартфон,3,10.07,2,0,ночь,0,0
4,смартфон,8,14.22,2,0,ночь,0,1
1,смартфон,5,4.88,0,0,утро,0,0
1,смартфон,5,2.79,3,0,вечер,0,1
2,смартфон,6,12.73,2,0,день,1,1
1,смартфон,6,16.9,1,0,вечер,0,1
1,смартфон,4,16.74,2,0,день,0,0
1,смартфон,4,12.63,2,1,день,0,1
2,ПК,5,1.5,1,0,день,0,0
2,смартфон,2,2.51,2,0,ночь,0,1
1,смартфон,5,6.94,0,0,утро,1,0
1,смартфон,5,7.08,0,0,ночь,1,1
3,смартфон,1,6.7,0,0,день,1,0
2,смартфон,1,17.49,1,0,вечер,1,1
1,смартфон,3,1.34,1,0,утро,0,1
1,ПК,4,15.71,2,0,вечер,0,0
1,ПК,5,1.0,1,0,утро,0,0
2,планшет,7,3.9,0,0,вечер,0,0
4,смартфон,7,2.19,2,0,день,0,0
1,планшет,2,7.48,5,0,ночь,0,0
1,смартфон,8,7.42,2,0,вечер,0,1
1,планшет,4,7.06,1,0,день,0,0
2,смартфон,2,3.41,2,0,ночь,0,0
1,ПК,3,7.38,3,0,утро,0,0
3,ПК,6,12.23,2,0,день,0,0
1,смартфон,5,5.0,1,0,ночь,1,1
1,смартфон,4,26.4,3,0,день,0,0
7,смартфон,4,1.0,3,0,день,1,1
1,смартфон,3,43.51,0,1,утро,0,1
1,ПК,4,14.33,0,0,день,0,0
1,смартфон,2,8.99,2,0,ночь,0,0
5,смартфон,8,2.27,1,0,ночь,0,1
1,ПК,2,9.87,2,0,день,0,0
2,смартфон,1,16.2,0,0,утро,0,0
1,смартфон,9,2.93,2,0,день,0,1
2,смартфон,4,1.0,0,0,день,0,0
2,планшет,4,5.85,1,0,вечер,0,1
4,смартфон,6,3.63,1,0,ночь,0,1
2,планшет,1,3.37,3,0,ночь,1,0
2,смартфон,4,12.9,0,0,день,0,0
2,смартфон,5,1.6,0,1,вечер,0,1
1,смартфон,2,10.52,0,1,вечер,1,1
5,ПК,3,1.0,0,0,день,0,0
1,смартфон,1,25.24,2,0,день,0,1
6,смартфон,2,8.82,1,0,ночь,0,0
3,ПК,4,26.73,1,0,день,0,0
3,ПК,6,20.24,1,0,день,0,1
2,ПК,6,20.39,2,0,день,0,0
1,смартфон,4,1.28,3,0,вечер,0,0
5,смартфон,3,11.9,2,0,день,0,0
1,смартфон,7,5.11,3,0,день,0,1
2,ПК,7,6.15,5,0,день,1,1
3,смартфон,6,3.27,0,1,утро,0,1
1,смартфон,4,1.51,2,0,день,0,1
2,смартфон,4,3.66,2,0,день,0,0
1,смартфон,6,7.97,1,0,день,0,0
2,планшет,1,5.28,3,0,день,0,0
1,ПК,2,12.17,0,0,день,0,0
1,планшет,4,18.27,2,0,день,1,1
4,смартфон,3,2.37,2,0,вечер,0,1
3,ПК,4,1.0,0,0,день,0,0
3,смартфон,5,46.93,2,0,утро,1,0
1,смартфон,2,21.43,0,0,день,1,0
1,смартфон,6,3.08,0,1,вечер,1,0
3,смартфон,4,1.77,1,0,вечер,0,1
5,смартфон,5,30.17,1,0,утро,0,1
1,смартфон,3,2.65,4,0,ночь,1,0
5,ПК,2,2.51,1,0,день,1,0
1,ПК,1,1.16,2,1,день,1,0
2,смартфон,1,3.4,1,0,утро,0,0
2,смартфон,6,18.39,0,1,вечер,1,1
1,смартфон,3,8.44,5,0,день,1,1
2,смартфон,2,1.0,2,0,день,0,0
2,смартфон,8,34.24,0,1,вечер,0,1
2,смартфон,4,7.75,0,0,день,0,1
2,планшет,2,5.39,1,0,день,0,1
3,смартфон,1,15.34,2,0,ночь,0,1
1,смартфон,6,8.22,0,0,день,0,0
4,ПК,4,22.61,1,0,вечер,0,0
1,ПК,7,12.12,1,1,утро,0,1
1,смартфон,2,11.03,2,0,день,0,1
1,смартфон,1,4.12,1,1,вечер,0,1
1,ПК,2,45.87,1,0,день,0,1
1,планшет,3,10.55,0,0,вечер,1,1
1,смартфон,5,5.83,0,0,день,1,0
2,планшет,3,1.6,0,0,вечер,1,0
2,смартфон,3,8.11,0,0,вечер,0,1
1,планшет,2,10.97,1,0,день,0,0
2,смартфон,9,4.64,1,0,утро,0,0
2,смартфон,7,1.0,3,0,день,1,1
3,планшет,9,16.02,2,0,день,0,1
5,планшет,3,10.61,0,0,день,1,0
2,смартфон,6,11.54,3,1,утро,0,1
1,смартфон,3,2.81,4,0,день,0,0
2,смартфон,3,1.4,2,0,вечер,0,1
1,смартфон,2,6.02,3,0,день,1,0
5,смартфон,4,2.76,1,0,вечер,0,0
1,планшет,2,15.19,2,0,вечер,0,1
1,смартфон,4,7.59,1,0,утро,0,1
1,планшет,3,1.42,2,0,вечер,0,0
2,ПК,3,2.18,0,0,утро,0,0
1,смартфон,2,21.79,3,0,день,1,0
3,планшет,6,9.99,2,0,вечер,1,0
4,ПК,5,5.12,2,0,ночь,0,1
2,смартфон,3,12.76,2,0,день,0,1
2,ПК,6,16.55,2,0,утро,0,1
2,планшет,4,1.22,2,1,день,1,1
2,смартфон,4,18.45,0,1,ночь,0,1
1,смартфон,2,29.29,1,0,вечер,0,0
2,планшет,3,1.0,3,0,утро,1,0
2,смартфон,5,3.92,1,0,день,1,0
2,планшет,3,1.84,1,0,день,0,0
5,ПК,2,5.62,0,0,вечер,1,0
2,смартфон,4,2.49,0,0,вечер,0,1
3,смартфон,2,4.5,1,0,вечер,0,0
1,смартфон,6,2.77,2,0,вечер,0,0
2,смартфон,3,1.0,1,0,вечер,0,1
2,ПК,4,1.0,2,0,день,1,0
1,смартфон,1,7.23,2,1,день,0,1
2,смартфон,5,7.21,1,0,день,0,1
1,смартфон,4,1.0,5,0,вечер,0,0
2,ПК,4,12.02,2,0,утро,0,0
4,смартфон,4,1.0,3,0,день,1,0
3,ПК,4,6.67,3,0,утро,0,1
1,планшет,2,5.03,1,0,вечер,0,0
3,ПК,4,21.46,3,0,день,1,0
3,смартфон,4,8.59,3,0,утро,0,0
4,смартфон,7,17.28,0,0,утро,0,0
3,смартфон,3,60.0,3,0,вечер,0,0
1,смартфон,3,1.95,1,0,вечер,0,0
2,планшет,7,1.0,3,0,вечер,0,0
2,смартфон,6,14.89,2,0,день,0,0
2,смартфон,3,9.99,0,1,день,0,1
3,планшет,2,10.06,0,1,ночь,0,1
2,смартфон,4,3.8,1,0,вечер,0,0
1,смартфон,2,1.08,1,0,вечер,1,0
1,смартфон,4,12.77,1,1,вечер,0,0
1,планшет,4,7.84,3,0,утро,0,0
1,смартфон,8,6.96,0,0,вечер,1,0
1,планшет,8,13.32,1,0,день,0,1
3,смартфон,5,44.76,1,0,утро,0,1
1,смартфон,4,13.48,0,0,ночь,0,1
2,ПК,5,27.27,1,1,вечер,0,1
1,планшет,1,5.08,1,1,вечер,0,0
2,смартфон,4,22.84,2,0,день,0,0
1,планшет,8,13.0,1,1,утро,0,1
1,смартфон,2,4.65,4,0,вечер,0,0
1,ПК,6,7.11,1,1,день,0,0
2,ПК,4,2.26,2,0,вечер,0,0
2,смартфон,3,1.0,1,0,день,0,1
2,ПК,10,6.3,2,0,ночь,0,1
2,смартфон,1,49.93,4,1,ночь,0,1
1,планшет,3,20.44,4,0,вечер,0,1
1,ПК,6,1.0,2,0,день,1,0
2,смартфон,4,35.01,3,0,утро,0,0
2,смартфон,4,6.33,0,1,день,1,0
3,планшет,3,1.97,4,1,день,1,0
2,смартфон,4,24.64,3,1,вечер,0,1
1,ПК,7,25.88,3,0,утро,1,1
2,смартфон,5,18.77,0,0,утро,0,1
2,планшет,5,9.71,1,0,день,0,1
2,смартфон,8,2.7,3,0,утро,1,0
2,смартфон,3,2.76,2,0,день,0,0
2,ПК,2,33.69,4,0,утро,0,0
1,планшет,5,3.27,4,0,ночь,0,0
1,смартфон,2,5.49,2,0,день,0,0
1,смартфон,7,13.98,4,0,день,0,1
5,планшет,3,17.34,1,1,вечер,0,1
4,ПК,5,5.3,1,0,день,0,0
3,планшет,3,5.04,2,0,день,0,0
2,планшет,3,4.42,2,0,день,0,0
2,смартфон,7,4.92,1,1,утро,0,1
2,ПК,6,14.2,1,0,вечер,0,1
2,планшет,6,1.0,2,1,день,0,1
1,смартфон,6,16.1,2,0,ночь,1,0
1,смартфон,2,2.42,2,0,вечер,1,0
1,смартфон,3,1.76,0,0,день,0,0
1,ПК,2,1.29,3,0,вечер,0,0
4,планшет,1,2.69,0,0,утро,0,0
2,ПК,4,17.95,0,0,утро,0,0
1,смартфон,6,7.72,0,0,ночь,0,1
2,планшет,3,3.13,2,0,утро,0,0
1,ПК,6,2.06,3,0,утро,0,0
3,смартфон,1,14.68,5,0,ночь,0,1
2,смартфон,2,7.04,0,0,день,0,0
1,планшет,6,1.28,0,0,вечер,0,0
1,ПК,2,4.7,3,0,вечер,1,1
3,смартфон,4,5.89,1,0,день,0,1
3,смартфон,4,4.37,2,0,утро,1,0
3,смартфон,6,3.08,1,0,утро,0,0
1,смартфон,4,3.99,1,0,день,0,0
1,смартфон,5,13.43,3,0,ночь,0,1
3,смартфон,4,30.59,1,1,день,1,1
3,ПК,4,1.0,1,0,вечер,0,1
1,планшет,5,9.86,0,0,вечер,0,0
4,смартфон,6,1.0,3,0,день,0,0
1,ПК,3,2.26,3,0,утро,0,0
1,планшет,4,7.86,2,0,вечер,1,0
3,смартфон,4,15.8,0,0,вечер,0,0
2,смартфон,5,5.72,0,0,день,0,0
2,ПК,5,21.16,2,0,день,1,1
1,планшет,1,12.58,1,0,утро,1,0
4,смартфон,2,2.15,0,0,день,1,0
2,смартфон,2,11.59,2,1,день,0,1
2,ПК,7,3.83,0,0,утро,0,1
1,смартфон,1,14.55,1,0,утро,0,0
4,ПК,4,2.62,1,1,день,0,1
5,планшет,4,1.56,3,0,день,0,0
2,смартфон,6,10.15,1,0,утро,1,1
2,смартфон,9,9.59,0,0,день,0,1
1,смартфон,3,8.52,1,0,день,0,1
3,смартфон,3,2.79,4,0,день,0,1
2,смартфон,2,2.31,1,0,день,0,0
5,планшет,3,24.35,1,0,вечер,0,1
6,смартфон,1,7.61,2,1,день,1,1
3,смартфон,6,5.22,1,0,вечер,1,0
3,планшет,3,17.12,0,0,утро,0,0
3,ПК,5,1.0,4,1,утро,1,1
2,ПК,3,11.27,1,0,утро,1,0
3,смартфон,4,1.59,1,1,день,1,1
2,смартфон,3,2.56,3,0,вечер,1,1
1,смартфон,4,10.2,1,0,ночь,0,1
2,смартфон,4,3.28,2,0,день,0,1
2,планшет,5,15.05,2,1,день,1,1
2,смартфон,6,7.31,2,1,день,0,1
2,ПК,5,3.9,1,0,день,1,0
1,смартфон,1,20.0,2,0,день,0,0
2,смартфон,4,9.91,2,0,день,0,1
5,ПК,6,5.47,2,1,день,0,0
1,смартфон,4,6.04,4,0,утро,1,0
1,смартфон,4,3.13,4,0,день,0,1
2,смартфон,7,1.15,2,0,вечер,0,1
1,ПК,3,3.6,1,0,вечер,0,0
3,смартфон,2,3.07,0,0,вечер,1,0
2,смартфон,3,4.09,4,0,утро,1,0
3,ПК,3,6.33,1,0,день,0,0
4,планшет,5,1.0,1,0,день,0,0
1,ПК,8,1.12,1,0,вечер,0,1
1,смартфон,3,13.07,2,0,утро,0,0
1,ПК,3,2.03,1,0,день,0,0
2,ПК,3,4.14,0,0,утро,0,0
1,смартфон,5,10.13,5,0,день,0,1
3,смартфон,4,37.7,3,0,утро,0,1
4,ПК,4,1.43,1,0,день,0,0
2,планшет,5,14.16,1,0,вечер,1,0
3,планшет,6,6.76,2,0,день,0,0
1,ПК,4,1.0,3,0,ночь,1,0
1,смартфон,2,1.85,0,0,день,0,0
4,смартфон,1,11.85,1,0,день,1,1
3,смартфон,4,21.16,1,0,вечер,1,1
1,смартфон,1,1.0,2,0,утро,1,0
3,смартфон,4,2.52,2,0,вечер,1,1
2,смартфон,3,4.43,1,0,вечер,0,0
2,ПК,7,44.92,0,0,день,0,0
4,смартфон,5,10.56,1,0,вечер,0,1
2,смартфон,3,4.48,3,0,день,1,0
2,ПК,2,2.25,0,0,день,0,0
4,планшет,4,2.57,1,0,день,1,0
4,смартфон,1,1.0,2,0,утро,0,0
2,ПК,7,52.33,4,0,вечер,0,1
1,планшет,2,40.31,3,0,ночь,0,0
1,смартфон,3,1.0,1,0,день,0,1
2,смартфон,8,3.16,1,0,утро,0,1
2,смартфон,5,1.0,0,0,вечер,0,1
2,ПК,2,3.59,0,0,утро,0,0
2,смартфон,4,23.15,1,0,утро,1,0
2,смартфон,5,20.78,2,0,день,0,1
2,ПК,5,11.55,2,0,вечер,0,0
2,смартфон,4,43.54,5,0,день,0,1
2,смартфон,4,13.7,0,1,утро,0,0
6,смартфон,6,2.76,2,0,день,0,1
2,смартфон,5,18.01,3,0,утро,0,0
1,планшет,4,7.09,1,0,ночь,0,0
3,планшет,3,7.01,0,0,день,0,0
1,смартфон,4,17.89,1,0,день,0,1
5,смартфон,6,7.64,0,0,вечер,0,1
2,смартфон,7,3.96,3,0,день,1,1
1,ПК,4,26.41,0,0,утро,0,1
2,планшет,5,1.0,3,0,утро,0,0
1,смартфон,4,10.72,2,0,день,0,0
1,смартфон,7,15.39,2,0,вечер,0,0
5,смартфон,3,1.0,2,0,день,0,0
3,смартфон,6,2.67,0,1,утро,0,1
1,ПК,5,2.53,0,1,утро,0,1
4,ПК,4,22.01,3,0,день,0,1
1,планшет,3,10.51,1,0,утро,0,0
2,смартфон,5,2.45,0,0,ночь,1,0
1,смартфон,4,24.06,0,0,утро,0,0
4,смартфон,2,2.79,1,0,вечер,0,0
4,смартфон,8,10.85,0,0,утро,0,1
2,смартфон,4,6.02,5,0,утро,0,0
2,смартфон,6,1.03,1,0,утро,0,0
3,смартфон,4,13.99,1,1,день,0,1
1,смартфон,3,3.97,4,0,ночь,1,1
4,ПК,2,4.46,0,1,утро,0,1
1,ПК,2,2.42,1,0,день,0,0
2,смартфон,3,16.31,1,0,утро,0,0
1,смартфон,7,1.74,2,0,вечер,1,1
1,смартфон,5,2.46,0,0,вечер,0,1
6,ПК,3,5.22,0,0,утро,0,0
2,ПК,2,1.61,2,0,утро,1,0
1,ПК,5,1.2,2,0,утро,0,0
2,планшет,8,7.37,1,0,день,0,1
4,смартфон,4,30.7,0,1,день,0,1
1,смартфон,5,16.18,0,0,утро,1,0
5,смартфон,5,1.95,2,1,утро,0,1
1,планшет,4,8.86,1,0,день,0,1
1,смартфон,4,15.78,0,0,ночь,0,0
1,планшет,4,1.57,4,0,ночь,0,1
1,планшет,5,1.0,1,0,вечер,1,0
1,смартфон,8,22.17,3,0,утро,0,1
4,ПК,2,2.81,0,0,утро,0,0
1,смартфон,10,6.89,3,0,вечер,0,1
2,ПК,4,2.34,4,0,вечер,0,1
4,ПК,1,1.0,0,0,день,0,0
2,смартфон,4,7.2,1,0,день,0,0
4,смартфон,5,5.71,1,0,день,0,0
2,смартфон,8,12.96,1,0,утро,0,0
4,ПК,2,19.48,2,0,день,0,0
4,смартфон,2,1.53,2,0,день,0,1
3,ПК,1,1.88,1,0,день,0,0
3,смартфон,8,30.01,4,0,вечер,0,1
1,планшет,3,5.41,1,0,вечер,0,0
1,ПК,3,30.51,2,0,утро,0,0
3,планшет,3,4.13,2,0,день,1,0
2,смартфон,4,4.27,3,0,утро,0,0
3,смартфон,4,12.28,0,0,вечер,0,0
1,смартфон,3,1.02,1,0,день,1,0
2,смартфон,2,5.33,0,0,день,0,0
2,смартфон,2,4.79,2,0,вечер,0,1
2,смартфон,5,1.0,1,1,вечер,0,1
1,ПК,3,3.75,0,0,ночь,0,0
2,смартфон,9,5.08,1,0,день,0,1
2,планшет,6,1.0,2,0,вечер,0,1
1,смартфон,5,1.0,4,0,день,0,0
2,смартфон,3,9.16,2,0,ночь,1,0
4,смартфон,7,2.3,0,0,день,0,0
3,смартфон,3,4.5,0,0,вечер,1,1
1,смартфон,5,1.0,2,0,вечер,0,0
4,планшет,1,1.06,0,0,день,0,0
2,ПК,3,1.68,1,0,вечер,1,0
2,смартфон,2,1.0,0,0,вечер,0,1
2,смартфон,2,14.37,0,1,утро,0,1
3,смартфон,6,23.66,2,0,день,0,0
1,ПК,2,7.38,0,1,ночь,0,1
1,планшет,4,16.95,1,0,утро,0,0
1,ПК,4,1.46,0,0,день,0,0
1,смартфон,5,5.97,1,0,вечер,0,0
2,смартфон,4,1.54,0,1,день,1,1
1,смартфон,5,53.58,2,1,вечер,0,1
1,ПК,4,1.0,2,1,вечер,0,1
1,смартфон,2,5.87,3,0,утро,0,0
3,планшет,3,1.19,1,0,утро,1,0
1,смартфон,6,1.0,1,0,вечер,1,0
1,смартфон,2,13.28,2,0,день,0,0
1,смартфон,4,1.0,0,0,день,0,0
3,планшет,4,1.0,3,0,день,0,1
4,смартфон,5,29.89,3,0,ночь,0,1
1,ПК,8,2.04,2,0,утро,0,1
2,смартфон,5,18.61,1,0,вечер,1,0
4,смартфон,3,30.57,1,0,вечер,1,1
2,смартфон,2,13.94,1,0,вечер,0,0
1,ПК,4,1.1,2,0,день,1,1
1,смартфон,5,1.87,0,0,вечер,0,0
2,смартфон,10,1.97,0,0,утро,0,1
4,смартфон,4,10.61,2,0,день,0,0
1,смартфон,5,1.98,1,0,утро,1,0
1,планшет,3,1.0,2,0,день,0,0
1,смартфон,8,6.14,2,0,вечер,0,0
2,планшет,6,8.89,4,0,день,1,0
1,ПК,2,6.17,1,1,вечер,0,0
3,ПК,4,6.72,4,1,ночь,0,1
1,смартфон,3,6.1,1,0,ночь,0,1
3,смартфон,4,3.08,2,0,день,1,0
2,ПК,2,31.21,0,0,утро,0,0
1,ПК,3,18.21,2,0,день,0,0
2,смартфон,5,3.9,3,0,день,0,1
2,смартфон,2,1.0,2,0,утро,1,0
1,ПК,2,19.52,0,0,утро,0,0
3,смартфон,2,13.56,4,1,день,0,1
1,ПК,5,1.0,1,0,ночь,0,0
1,смартфон,2,11.97,1,0,день,0,0
1,смартфон,7,6.03,0,1,утро,0,0
1,смартфон,1,1.4,0,0,день,0,0
2,смартфон,5,12.9,2,0,утро,0,0
2,смартфон,5,4.4,0,0,день,0,0
1,ПК,3,24.13,1,0,день,1,0
2,планшет,3,1.0,0,1,ночь,0,0
1,планшет,3,27.7,4,0,утро,0,1
3,планшет,5,1.0,3,0,вечер,0,0
2,смартфон,3,1.0,2,1,утро,0,1
1,смартфон,2,8.72,0,0,утро,1,0
3,ПК,4,9.43,0,0,день,0,0
1,смартфон,5,2.2,3,0,вечер,0,1
2,смартфон,4,20.87,0,0,день,0,0
2,ПК,4,16.2,1,0,день,1,0
1,смартфон,4,3.32,0,0,утро,0,0
6,ПК,4,5.85,3,0,вечер,0,0
2,ПК,1,15.29,0,0,день,0,0
1,смартфон,2,17.92,3,0,утро,0,1
3,смартфон,4,15.91,1,0,утро,0,0
1,ПК,2,3.12,3,0,вечер,0,0
1,смартфон,3,14.5,1,0,день,0,0
2,смартфон,2,10.01,3,0,вечер,1,1
2,смартфон,4,7.47,1,0,день,1,1
1,планшет,3,33.13,3,0,день,0,1
3,ПК,7,9.11,2,0,ночь,0,1
1,ПК,6,20.31,0,0,вечер,0,0
4,ПК,7,13.96,4,1,день,0,1
1,ПК,5,1.0,0,0,день,0,0
4,смартфон,6,3.11,3,0,день,0,1
1,планшет,8,9.39,1,0,ночь,0,1
1,смартфон,5,5.77,3,0,день,0,1
1,смартфон,4,31.12,2,0,утро,1,0
2,ПК,3,8.76,2,0,утро,1,0
2,смартфон,2,26.46,1,0,вечер,0,1
3,ПК,3,2.31,2,0,ночь,0,0
3,смартфон,4,22.8,1,0,утро,1,0
3,ПК,3,7.7,2,0,утро,0,0
1,смартфон,3,2.41,0,0,утро,0,0
1,смартфон,2,4.95,1,0,утро,0,0
1,смартфон,2,34.68,1,0,утро,0,0
1,смартфон,4,32.06,3,1,день,1,1
1,смартфон,3,1.0,1,0,день,0,1
1,ПК,5,3.67,3,0,день,0,1
3,планшет,9,22.96,5,0,вечер,0,1
2,смартфон,6,1.0,2,0,день,1,1
5,смартфон,7,31.45,1,0,утро,1,0
1,смартфон,1,4.91,0,0,вечер,0,0
2,смартфон,3,1.22,2,1,вечер,0,1
1,планшет,3,3.58,2,0,вечер,0,0
1,смартфон,2,16.51,1,0,день,0,1
2,ПК,3,60.0,1,0,день,0,1
1,смартфон,4,1.44,2,1,утро,0,1
1,смартфон,1,10.15,1,0,ночь,0,0
2,планшет,3,25.94,0,0,вечер,0,0
2,смартфон,3,23.0,2,0,утро,0,1
2,ПК,2,4.83,0,0,день,0,0
4,планшет,8,20.08,2,0,утро,0,1
1,планшет,10,2.13,1,0,вечер,0,1
1,смартфон,8,10.0,1,0,вечер,1,1
3,ПК,1,9.11,0,0,вечер,1,0
3,планшет,4,15.27,3,0,утро,0,0
2,смартфон,4,2.6,3,0,утро,1,0
2,смартфон,6,9.91,1,0,вечер,0,0
1,смартфон,4,9.43,2,0,вечер,0,0
4,смартфон,3,1.0,1,0,день,0,0
2,ПК,3,4.01,1,0,день,0,0
5,смартфон,4,2.32,1,0,день,0,1
3,ПК,5,60.0,1,0,день,0,1
3,смартфон,3,46.67,4,0,день,0,1
1,смартфон,5,2.91,1,1,ночь,0,1
4,ПК,1,16.53,0,0,день,0,1
1,смартфон,6,16.95,1,0,день,0,1
1,смартфон,2,27.47,1,1,вечер,0,1
2,ПК,4,1.38,1,0,утро,1,0
1,ПК,3,11.01,0,0,вечер,0,0
2,ПК,6,2.31,2,1,утро,1,0
1,ПК,5,10.72,0,1,день,1,1
2,планшет,2,20.57,2,0,день,0,0
6,смартфон,4,1.0,2,0,вечер,1,1
3,планшет,6,10.13,2,0,ночь,0,1
3,ПК,3,7.71,2,0,утро,0,0
2,смартфон,3,1.93,2,0,вечер,1,0
3,смартфон,7,2.71,1,0,утро,1,1
2,смартфон,6,7.35,1,0,день,0,1
1,планшет,6,19.7,2,0,утро,1,0
4,смартфон,2,11.24,1,0,день,0,1
4,планшет,5,1.0,3,0,утро,0,0
5,смартфон,9,1.35,0,0,вечер,1,0
1,планшет,4,21.43,1,0,вечер,0,1
1,смартфон,3,10.57,1,0,утро,0,0
1,смартфон,5,1.0,0,0,вечер,1,0
1,планшет,4,9.07,0,0,утро,0,0
1,смартфон,3,1.85,1,0,день,0,0
1,смартфон,5,25.25,0,0,утро,0,1
1,смартфон,4,1.31,1,0,вечер,0,0
3,смартфон,1,1.0,0,0,день,0,0
2,смартфон,5,10.35,1,0,вечер,0,1
1,ПК,3,15.74,0,0,день,1,0
1,ПК,6,3.2,0,0,день,0,0
2,ПК,6,3.59,1,0,день,0,0
7,смартфон,2,4.41,4,0,день,0,0
5,смартфон,7,14.52,3,0,день,0,1
3,смартфон,5,3.04,0,0,день,0,1
1,планшет,3,1.0,3,1,день,0,0
1,смартфон,1,3.7,1,1,ночь,0,1
2,планшет,6,33.82,1,0,день,0,1
1,смартфон,2,5.7,5,0,вечер,1,0
1,смартфон,4,8.21,0,1,день,0,1
1,смартфон,6,14.37,3,0,день,0,1
5,ПК,1,8.18,0,0,утро,0,0
2,смартфон,1,10.7,0,0,день,0,0
1,смартфон,4,21.23,2,0,вечер,0,0
3,ПК,4,4.67,2,0,день,0,0
5,планшет,1,1.18,0,1,вечер,1,1
1,смартфон,2,1.0,3,0,утро,0,1
3,смартфон,5,15.26,2,0,день,1,0
1,смартфон,2,10.64,2,0,ночь,0,1
3,смартфон,2,8.36,2,0,вечер,1,1
5,ПК,6,26.59,3,0,вечер,0,1
2,смартфон,5,9.86,4,0,день,0,1
1,ПК,7,1.0,3,1,день,0,1
1,смартфон,6,6.32,0,1,день,0,1
1,смартфон,2,2.42,1,0,день,0,0
3,ПК,5,9.71,0,0,вечер,0,1
4,смартфон,1,2.08,1,0,утро,0,0
1,ПК,4,10.36,3,0,день,0,0
5,планшет,3,21.48,4,0,вечер,0,1
2,смартфон,3,1.0,1,0,утро,0,0
3,смартфон,6,3.0,2,0,вечер,1,0
1,смартфон,5,11.19,0,0,утро,0,1
3,ПК,3,12.42,2,0,вечер,1,0
1,смартфон,6,8.84,4,0,ночь,0,1
5,смартфон,7,1.5,2,0,вечер,1,1
4,смартфон,2,2.78,1,0,день,0,1
2,планшет,3,23.79,0,0,утро,0,0
3,смартфон,2,17.11,4,0,утро,0,0
1,смартфон,2,29.96,1,1,день,0,1
2,ПК,4,5.26,2,0,день,0,0
1,смартфон,3,5.79,1,0,утро,0,0
5,смартфон,4,3.0,0,0,день,0,0
1,планшет,2,7.43,1,0,день,1,1
2,ПК,5,17.71,2,0,утро,0,0
1,смартфон,5,2.85,2,0,день,1,1
1,смартфон,3,1.52,2,0,день,1,0
1,смартфон,6,13.88,1,0,вечер,1,1
3,смартфон,3,11.82,0,0,день,1,0
1,планшет,8,17.67,1,0,ночь,0,1
4,смартфон,2,13.92,1,0,день,0,1
1,планшет,2,5.44,2,1,утро,1,0
2,смартфон,5,1.71,1,0,утро,0,0
2,ПК,1,12.54,3,0,день,0,0
2,смартфон,3,21.07,0,0,утро,1,0
1,ПК,8,1.66,0,0,день,1,0
2,смартфон,3,7.31,1,1,вечер,0,1
1,ПК,6,3.99,1,0,день,0,0
5,смартфон,9,7.33,2,0,вечер,0,1
4,смартфон,6,1.0,0,0,вечер,0,0
4,ПК,2,4.36,1,0,утро,0,0
1,смартфон,5,6.62,1,0,день,0,0
1,смартфон,7,1.64,2,0,день,1,0
3,планшет,3,5.23,5,0,день,1,0
1,ПК,4,1.94,2,1,утро,0,0
3,смартфон,1,2.43,2,0,день,1,1
1,смартфон,3,38.02,2,0,вечер,0,0
1,смартфон,6,9.21,2,0,день,0,1
3,ПК,4,4.93,1,0,вечер,0,0
2,смартфон,2,7.37,0,0,день,1,0
3,ПК,6,4.83,0,1,утро,1,1
2,смартфон,3,9.21,2,1,утро,0,1
1,смартфон,3,1.0,2,0,вечер,1,0
2,смартфон,3,2.69,2,0,день,0,1
1,планшет,1,45.03,0,1,день,0,1
1,смартфон,5,1.19,1,0,вечер,0,0
3,смартфон,4,1.0,1,1,утро,0,1
6,смартфон,4,6.8,2,1,вечер,0,1
1,смартфон,6,3.44,4,0,утро,1,1
2,смартфон,2,7.63,2,1,утро,0,1
5,смартфон,3,32.37,2,0,день,1,1
2,ПК,1,1.35,2,0,вечер,1,0
1,смартфон,5,5.8,2,0,вечер,0,0
4,смартфон,4,14.22,1,0,вечер,0,1
1,ПК,1,1.75,1,0,утро,0,0
1,смартфон,3,12.45,0,0,ночь,0,0
1,ПК,2,5.11,1,0,утро,1,0
1,смартфон,1,9.7,2,1,утро,1,0
3,смартфон,7,7.46,2,1,день,0,0
3,смартфон,4,5.99,2,0,день,1,0
2,смартфон,5,6.52,3,0,вечер,1,1
1,смартфон,2,1.59,2,1,вечер,0,0
2,смартфон,5,5.69,1,0,вечер,0,0
1,ПК,5,13.99,4,0,день,1,1
3,смартфон,4,22.7,2,0,утро,0,0
1,смартфон,5,9.85,2,0,день,0,0
1,смартфон,7,17.56,2,0,вечер,1,1
3,ПК,3,7.08,1,0,день,0,0
4,смартфон,1,2.44,0,0,утро,1,0
1,смартфон,3,12.87,2,0,вечер,1,0
2,ПК,7,12.1,1,0,вечер,0,0
1,ПК,7,1.0,2,0,вечер,0,0
1,смартфон,6,6.53,1,0,день,0,1
2,ПК,7,27.61,3,0,вечер,0,0
1,смартфон,5,41.58,2,0,вечер,1,1
4,ПК,2,6.11,4,1,день,0,1
3,планшет,5,12.79,1,0,день,0,1
3,ПК,5,1.0,4,0,день,0,1
3,ПК,9,3.12,2,0,день,0,1
4,смартфон,4,12.79,2,0,день,1,0
1,смартфон,5,10.58,3,0,утро,0,0
3,смартфон,5,10.8,1,0,утро,1,0
3,смартфон,4,11.92,0,1,день,0,1
3,смартфон,1,5.61,1,0,вечер,1,1
4,ПК,6,27.79,0,0,вечер,0,0
1,смартфон,3,4.56,2,0,вечер,0,1
1,смартфон,3,23.24,1,0,день,0,1
1,смартфон,4,1.0,1,0,вечер,0,0
6,планшет,1,18.92,0,0,день,1,0
1,смартфон,3,3.61,0,0,день,0,1
1,смартфон,3,10.78,2,0,утро,0,0
3,ПК,4,1.0,0,0,утро,1,0
1,ПК,6,1.0,2,0,вечер,0,0
2,ПК,5,1.0,1,0,утро,0,1
1,ПК,8,6.63,2,0,день,0,1
1,смартфон,4,5.38,0,0,утро,0,0
2,планшет,1,3.84,0,0,утро,0,1
2,смартфон,3,5.91,0,0,день,1,0
2,смартфон,4,3.76,2,0,день,0,0
2,смартфон,6,20.52,0,0,день,0,0
2,смартфон,2,8.27,1,0,вечер,0,0
2,смартфон,4,3.71,2,0,утро,1,1
4,смартфон,2,6.06,0,0,день,0,0
1,смартфон,2,20.19,2,0,утро,0,0
1,смартфон,3,5.26,0,0,ночь,1,0
2,планшет,2,5.57,1,0,день,0,0
2,смартфон,12,4.12,2,0,вечер,0,1
3,ПК,5,3.02,1,0,вечер,0,1
2,смартфон,1,6.38,2,0,день,0,0
1,планшет,7,13.34,1,0,утро,0,1
3,планшет,3,4.59,0,0,день,0,0
5,ПК,4,2.57,1,0,вечер,0,0
2,смартфон,2,10.79,1,0,ночь,0,1
3,смартфон,2,16.53,1,0,день,0,0
1,смартфон,7,1.0,0,1,день,0,0
4,смартфон,1,10.01,1,0,ночь,1,0
3,смартфон,1,23.12,1,1,день,0,1
2,ПК,4,1.0,2,0,вечер,1,1
3,смартфон,3,22.95,1,0,день,0,1
2,смартфон,5,1.25,3,1,день,0,1
1,смартфон,3,57.55,1,0,вечер,0,0
1,смартфон,5,7.17,3,0,вечер,0,1
3,ПК,3,13.09,1,0,вечер,1,1
4,ПК,5,1.0,1,0,вечер,1,0
5,смартфон,7,1.08,2,0,ночь,1,1
3,смартфон,1,33.05,1,0,вечер,0,0
2,ПК,5,44.69,2,0,вечер,0,0
1,смартфон,2,3.25,2,1,день,0,1
3,планшет,2,4.18,0,0,утро,0,0
3,ПК,2,1.0,2,1,день,0,1
3,смартфон,8,31.24,1,0,день,1,0
1,смартфон,4,24.97,1,0,день,0,0
2,смартфон,2,1.23,1,0,утро,0,0
3,ПК,6,4.54,3,0,день,1,0
1,смартфон,5,34.01,0,0,вечер,0,1
4,смартфон,5,1.34,1,0,утро,0,0
2,ПК,3,20.69,1,0,день,0,0
2,ПК,2,2.25,0,0,день,0,0
2,смартфон,5,1.0,2,0,день,0,1
1,смартфон,6,1.53,1,1,день,0,1
2,смартфон,4,12.37,3,1,утро,0,1
1,смартфон,7,1.48,2,0,день,0,1
5,смартфон,3,1.0,2,0,вечер,0,1
3,ПК,3,14.95,1,0,утро,1,0
1,смартфон,3,10.66,1,0,утро,0,0
2,смартфон,8,21.05,3,0,день,0,1
3,смартфон,4,8.62,0,1,вечер,1,1
3,смартфон,2,1.0,4,0,вечер,0,0
5,планшет,1,1.0,1,0,день,0,1
1,ПК,5,15.39,1,0,день,0,1
1,планшет,5,22.07,0,0,утро,0,0
1,планшет,3,16.11,1,1,вечер,0,1
4,планшет,6,4.68,0,0,утро,0,0
1,смартфон,1,10.85,4,0,ночь,1,1
1,смартфон,2,1.0,1,0,утро,0,0
1,планшет,2,12.67,2,0,вечер,0,0
2,смартфон,5,2.87,1,0,утро,0,0
1,смартфон,7,27.23,3,0,ночь,0,0
3,смартфон,9,4.12,2,0,день,1,1
4,смартфон,3,4.14,1,0,утро,0,0
2,смартфон,3,3.37,1,0,утро,0,0
3,планшет,2,10.04,0,0,утро,1,0
2,смартфон,4,1.02,1,0,ночь,0,0
2,ПК,4,1.0,0,0,день,0,0
2,смартфон,7,11.91,0,0,ночь,0,1
2,смартфон,3,29.12,4,0,вечер,0,1
4,смартфон,1,13.62,2,0,вечер,1,0
1,смартфон,4,2.87,1,0,вечер,0,0
1,ПК,7,4.5,2,0,вечер,0,0
1,смартфон,2,2.27,4,0,утро,0,0
5,смартфон,5,11.52,1,0,ночь,0,1
4,смартфон,6,2.71,1,0,день,0,1
1,смартфон,3,8.47,0,0,вечер,0,0
2,смартфон,2,18.29,0,0,вечер,0,0
4,смартфон,7,7.27,2,0,вечер,0,1
1,смартфон,2,9.0,3,0,день,0,0
3,ПК,5,34.46,0,0,день,0,1
3,планшет,4,3.84,0,0,вечер,0,0
3,смартфон,4,15.97,0,0,утро,0,1
4,смартфон,6,11.61,2,0,день,0,1
2,ПК,7,1.2,2,0,вечер,0,1
2,планшет,1,45.81,1,0,вечер,0,1
1,смартфон,3,11.7,5,0,утро,0,0
3,смартфон,3,1.0,1,0,день,0,0
3,смартфон,2,12.81,5,0,вечер,1,1
2,смартфон,4,1.44,1,1,ночь,1,1
2,смартфон,5,3.47,3,1,день,0,1
2,смартфон,5,4.28,1,0,утро,1,0
5,ПК,2,3.71,1,0,утро,0,0
3,смартфон,3,13.64,0,0,день,1,0
2,смартфон,4,13.99,1,0,утро,0,0
3,планшет,3,7.52,2,0,вечер,0,0
4,планшет,5,8.37,3,1,день,0,1
3,смартфон,6,3.76,1,0,утро,0,1
1,смартфон,3,1.0,1,0,день,0,0
1,смартфон,5,4.33,1,0,утро,0,1
7,смартфон,6,1.0,3,0,день,0,1
2,смартфон,4,20.01,1,0,вечер,0,0
4,смартфон,5,10.24,1,0,утро,0,1
1,смартфон,5,38.76,2,0,вечер,1,0
1,планшет,4,2.02,1,0,день,0,1
2,смартфон,4,10.72,1,0,утро,0,1
1,смартфон,4,2.08,1,0,день,0,1
1,смартфон,8,10.19,1,0,день,0,1
1,планшет,5,6.77,1,0,вечер,1,0
1,ПК,4,10.93,2,0,вечер,0,0
1,ПК,1,12.92,4,0,день,0,0
2,ПК,4,7.4,3,1,вечер,0,1
3,смартфон,5,6.81,5,0,вечер,0,0
2,смартфон,3,1.0,1,0,утро,0,0
8,смартфон,9,4.52,2,1,утро,1,1
1,смартфон,8,3.59,2,0,день,0,1
1,смартфон,2,9.82,0,0,вечер,0,0
5,смартфон,5,3.23,0,0,день,1,0
2,смартфон,5,2.64,3,0,утро,0,0
1,смартфон,2,18.88,0,0,ночь,0,0
2,ПК,7,17.63,4,0,утро,0,1
2,смартфон,6,3.98,2,0,вечер,0,1
3,смартфон,4,1.0,1,0,ночь,0,0
3,смартфон,7,6.88,3,0,день,0,1
1,ПК,1,6.0,2,0,утро,0,0
1,планшет,2,20.39,2,0,день,1,0
4,смартфон,4,7.92,2,0,вечер,0,1
3,смартфон,1,28.61,2,0,утро,0,0
2,планшет,6,6.6,1,0,ночь,1,0
3,смартфон,4,11.0,0,0,ночь,0,1
3,ПК,2,6.53,1,0,день,0,0
1,смартфон,1,3.87,1,0,вечер,0,0
3,смартфон,3,1.0,1,0,ночь,0,0
1,ПК,5,15.77,0,1,вечер,0,0
1,смартфон,2,23.34,1,1,день,0,1
3,смартфон,5,13.23,3,0,день,0,1
1,смартфон,4,3.18,1,0,день,1,1
2,ПК,1,16.98,1,0,ночь,1,1
3,смартфон,8,9.49,2,1,утро,0,1
4,смартфон,7,11.49,1,0,день,0,1
1,смартфон,2,1.0,4,1,утро,0,1
3,ПК,6,8.72,0,0,вечер,1,0
1,смартфон,2,8.24,0,0,день,1,0
1,смартфон,4,10.84,0,1,день,0,1
1,смартфон,3,14.77,2,0,день,0,0
3,планшет,3,5.19,4,0,утро,0,0
2,ПК,3,1.68,1,0,вечер,0,0
1,смартфон,3,25.75,2,0,день,0,1
2,ПК,2,14.99,1,0,утро,1,0
2,смартфон,2,7.77,1,0,утро,0,0
4,смартфон,2,4.38,2,0,день,0,0
3,ПК,7,41.33,1,0,день,1,1
5,смартфон,4,1.0,0,0,ночь,0,0
2,планшет,6,27.27,2,0,вечер,0,1
4,ПК,1,5.18,0,0,день,0,1
3,смартфон,2,1.02,2,0,вечер,0,0
5,смартфон,6,4.77,0,0,день,0,1
1,ПК,3,13.85,1,0,день,1,1
1,смартфон,3,5.53,4,0,ночь,0,0
2,смартфон,5,6.79,3,0,вечер,0,0
2,смартфон,3,17.34,2,0,утро,0,0
1,смартфон,8,9.56,3,1,утро,0,1
3,планшет,6,11.03,3,0,день,1,0
6,смартфон,2,1.67,1,0,вечер,0,1
5,планшет,4,2.91,1,0,ночь,0,1
1,ПК,1,5.3,1,0,утро,0,0
2,смартфон,2,1.16,2,1,ночь,1,1
1,смартфон,5,3.27,1,0,день,0,0
3,ПК,5,17.93,5,0,день,1,1
1,планшет,3,1.0,3,0,день,1,0
4,смартфон,3,1.0,2,0,утро,1,1
2,смартфон,6,11.62,0,1,ночь,0,1
3,смартфон,6,4.88,4,0,утро,0,1
1,смартфон,2,14.83,2,0,утро,0,0
2,смартфон,2,26.86,0,0,ночь,0,0
2,планшет,5,3.1,0,0,день,1,0
1,смартфон,6,1.0,4,0,утро,0,0
4,ПК,8,6.09,1,0,день,0,1
1,ПК,1,33.3,3,0,день,0,1
1,смартфон,3,7.88,2,0,вечер,0,0
1,смартфон,4,4.74,0,0,вечер,1,1
3,планшет,6,8.03,2,0,утро,0,0
2,планшет,5,1.81,5,0,день,0,1
1,ПК,6,13.92,2,0,день,0,1
6,смартфон,5,11.41,0,1,ночь,0,1
2,смартфон,4,12.88,0,1,вечер,1,1
1,ПК,6,3.6,1,0,день,1,0
1,смартфон,3,16.79,2,1,утро,1,1
4,планшет,6,22.35,2,1,утро,0,1
4,смартфон,5,31.13,2,0,утро,0,1
2,ПК,7,10.18,2,0,день,0,1
5,смартфон,5,4.28,2,0,день,0,1
1,планшет,3,4.9,2,0,утро,0,0
1,смартфон,1,8.34,1,1,вечер,1,1
4,ПК,2,8.57,1,0,ночь,0,0
7,смартфон,3,15.72,2,0,день,1,1
3,смартфон,3,1.0,1,0,день,0,0
2,смартфон,5,8.36,3,0,вечер,0,1
1,ПК,6,4.29,2,0,вечер,0,0
2,смартфон,5,17.95,3,0,вечер,0,1
1,смартфон,3,4.34,2,0,ночь,0,0
1,смартфон,1,6.31,0,0,день,1,0
3,смартфон,5,2.58,3,0,утро,1,0
3,смартфон,2,3.51,0,0,ночь,1,0
6,смартфон,7,8.11,3,0,утро,1,1
3,ПК,2,5.55,2,0,день,0,1
1,смартфон,6,2.25,3,0,день,0,0
4,планшет,4,6.42,0,0,вечер,0,0
3,ПК,2,1.81,1,0,день,0,0
2,ПК,3,21.35,5,0,день,0,1
7,планшет,6,25.8,0,1,вечер,0,1
1,смартфон,5,2.57,2,0,ночь,0,1
1,планшет,5,1.0,2,1,ночь,0,1
1,смартфон,3,26.18,1,0,утро,0,1
2,смартфон,3,3.74,0,1,ночь,0,1
5,планшет,7,2.08,1,0,вечер,0,0
1,ПК,6,25.17,2,0,день,0,1
2,смартфон,6,21.42,5,1,день,0,1
1,смартфон,2,1.0,0,0,ночь,1,1
2,смартфон,4,2.33,1,0,день,0,1
1,смартфон,9,16.74,1,0,ночь,0,1
1,планшет,2,3.11,0,0,день,0,0
1,смартфон,6,11.04,1,0,утро,0,0
4,смартфон,7,1.0,0,0,день,0,0
1,смартфон,4,18.43,2,0,вечер,0,0
2,ПК,1,5.49,2,0,ночь,0,0
3,планшет,1,6.35,3,0,вечер,0,0
1,ПК,8,16.52,1,0,день,0,1
2,смартфон,2,6.05,2,0,вечер,0,0
3,ПК,1,1.1,2,0,утро,1,0
4,смартфон,3,7.02,1,0,утро,0,0
3,ПК,4,6.1,1,1,день,0,1
5,смартфон,2,5.98,0,0,день,0,1
1,смартфон,2,2.14,3,0,вечер,0,0
2,смартфон,4,1.79,0,0,вечер,1,0
2,смартфон,4,15.05,1,0,день,1,1
2,смартфон,5,9.65,2,1,вечер,0,1
3,ПК,4,1.0,1,0,день,0,0
2,смартфон,2,18.04,3,0,утро,0,1
2,смартфон,1,1.29,2,0,утро,1,0
5,смартфон,5,13.38,4,1,вечер,1,1
2,смартфон,1,1.01,1,0,день,1,0
2,планшет,3,35.54,2,0,день,0,1
3,смартфон,7,23.08,0,0,день,0,1
1,ПК,3,2.02,0,0,утро,0,0
3,смартфон,6,1.0,3,0,день,0,1
1,ПК,1,1.0,2,0,день,0,1
2,смартфон,4,16.54,1,0,ночь,0,1
2,ПК,4,1.0,2,0,день,0,0
2,смартфон,7,15.06,0,0,день,0,1
2,планшет,5,17.14,3,0,утро,0,0
5,смартфон,5,3.67,2,0,вечер,0,1
3,смартфон,4,13.28,1,0,вечер,0,1
1,смартфон,1,17.16,1,0,день,0,0
1,планшет,7,15.17,4,1,вечер,0,1
1,смартфон,4,2.13,2,0,утро,1,0
1,смартфон,3,5.97,1,1,день,0,1
2,планшет,10,1.0,2,0,утро,0,0
4,планшет,8,7.45,4,0,день,0,1
3,ПК,5,5.84,0,0,день,0,0
1,смартфон,4,23.29,3,0,ночь,0,1
1,смартфон,1,1.0,0,0,утро,0,1
3,смартфон,2,7.56,3,0,день,0,1
3,планшет,2,13.18,2,0,ночь,0,1
2,ПК,2,6.24,2,1,ночь,1,0
1,ПК,2,2.72,0,0,день,0,0
1,ПК,6,9.41,2,0,день,0,0
1,ПК,8,43.51,2,0,день,0,1
3,ПК,3,1.0,2,0,утро,0,0
2,смартфон,3,2.18,2,0,утро,0,0
2,ПК,2,6.75,2,0,день,0,1
3,ПК,3,9.1,0,0,день,0,0
1,смартфон,3,9.79,0,0,день,0,0
1,смартфон,3,1.0,2,0,день,1,0
3,смартфон,7,1.31,0,0,день,0,1
3,ПК,3,28.95,2,0,день,1,1
3,планшет,2,1.0,0,1,вечер,1,0
1,смартфон,1,5.43,2,0,утро,1,0
1,планшет,5,8.61,0,0,утро,0,0
3,смартфон,1,3.77,1,0,утро,0,0
2,ПК,6,2.95,0,0,день,1,0
2,ПК,6,3.43,2,0,утро,0,0
3,ПК,5,3.32,3,0,ночь,0,0
2,смартфон,5,4.77,3,0,день,0,1
6,ПК,5,1.23,1,0,вечер,1,0
1,смартфон,6,19.21,0,0,ночь,1,1
3,смартфон,5,14.25,0,0,утро,0,1
3,смартфон,4,1.0,3,0,день,1,1
1,планшет,2,14.32,3,0,ночь,1,1
1,ПК,1,17.61,2,0,вечер,0,0
1,смартфон,2,25.51,2,1,утро,0,0
1,ПК,6,9.49,0,0,ночь,0,0
3,смартфон,4,19.16,4,0,утро,1,1
2,смартфон,7,14.23,2,0,утро,0,1
2,смартфон,7,1.0,2,0,день,0,1
1,смартфон,1,16.66,2,0,день,0,1
1,ПК,6,8.7,4,0,вечер,1,0
5,планшет,7,10.51,2,1,день,1,1
1,смартфон,3,21.62,1,0,день,0,1
2,ПК,2,1.0,1,0,вечер,1,0
5,смартфон,5,1.14,0,1,вечер,0,1
1,смартфон,5,8.53,0,0,день,1,1
1,смартфон,5,5.27,1,0,вечер,1,0
2,планшет,5,5.41,2,0,день,0,0
1,ПК,8,3.74,1,0,день,0,1
1,смартфон,4,17.07,1,0,день,0,0
3,смартфон,4,1.09,2,0,день,0,1
1,смартфон,4,7.61,3,0,день,0,1
1,смартфон,6,6.13,0,0,вечер,1,0
2,планшет,7,8.01,1,1,утро,0,0
2,смартфон,4,1.0,3,0,день,1,0
1,планшет,7,11.2,2,0,день,0,1
3,смартфон,3,1.0,3,0,день,0,0
2,смартфон,3,7.5,2,0,день,0,0
1,смартфон,5,3.09,0,1,утро,1,0
3,смартфон,11,3.75,0,0,день,1,1
3,ПК,5,13.41,0,0,вечер,1,0
2,смартфон,7,42.61,0,0,утро,0,1
4,смартфон,1,6.45,0,0,вечер,0,0
1,планшет,5,11.07,1,0,день,1,0
2,ПК,7,2.86,1,1,вечер,0,1
3,ПК,3,8.07,0,0,вечер,1,0
2,смартфон,3,1.05,1,1,день,0,0
4,смартфон,5,18.99,0,0,вечер,0,1
1,планшет,4,6.08,0,0,утро,0,0
1,ПК,6,4.49,3,0,день,0,0
5,смартфон,4,7.2,3,0,утро,0,1
3,смартфон,2,24.41,2,0,вечер,0,1
2,смартфон,4,14.98,0,0,утро,0,0
5,смартфон,3,1.66,3,0,день,1,0
4,смартфон,3,14.61,0,0,день,0,1
4,смартфон,3,4.99,0,0,ночь,0,0
5,смартфон,3,5.03,0,0,ночь,0,1
3,смартфон,6,14.18,1,0,вечер,0,1
3,смартфон,6,6.16,1,1,день,0,1
1,смартфон,8,1.0,2,0,утро,1,0
5,смартфон,5,2.83,0,0,день,0,0
8,ПК,11,22.5,1,0,вечер,0,1
1,смартфон,6,8.96,0,0,ночь,1,0
2,планшет,1,19.82,0,0,вечер,1,1
1,ПК,6,3.64,2,0,вечер,0,1
1,смартфон,2,11.68,2,0,вечер,0,0
2,смартфон,2,15.38,2,0,ночь,0,0
1,смартфон,5,2.02,1,0,вечер,0,0
2,планшет,3,1.0,1,0,день,0,0
2,смартфон,2,10.06,1,0,день,0,0
3,смартфон,5,8.6,2,0,утро,1,0
1,ПК,9,1.0,2,0,утро,0,0
1,планшет,4,5.29,1,0,день,0,1
1,смартфон,1,8.29,1,0,вечер,0,0
4,ПК,4,2.38,2,0,день,0,1
1,смартфон,2,1.02,1,0,вечер,0,0
1,планшет,6,16.16,1,1,вечер,0,1
2,смартфон,8,25.91,2,0,утро,0,1
1,планшет,4,5.93,3,0,утро,1,0
2,смартфон,2,1.44,1,0,вечер,0,0
2,смартфон,7,5.47,2,0,ночь,0,0
2,смартфон,4,3.27,4,0,ночь,0,0
1,планшет,4,6.74,1,0,утро,0,1
4,смартфон,4,1.0,2,0,утро,0,0
5,смартфон,4,20.17,2,1,ночь,1,1
2,смартфон,1,1.0,1,0,утро,0,0
1,смартфон,2,5.62,1,0,вечер,1,1
1,планшет,2,10.82,1,0,день,0,0
2,ПК,1,10.53,0,1,день,0,1
1,ПК,3,3.54,0,0,день,0,0
2,ПК,10,6.92,2,0,день,1,1
3,смартфон,4,6.87,0,0,день,0,1
2,смартфон,4,1.41,0,0,вечер,0,0
2,смартфон,3,4.66,1,1,день,0,1
1,ПК,4,1.27,1,0,ночь,0,0
5,планшет,1,1.0,0,0,день,1,0
1,смартфон,2,1.0,3,1,день,0,1
3,смартфон,7,5.71,3,0,день,0,1
1,смартфон,6,13.08,1,0,ночь,1,1
2,смартфон,8,41.7,1,1,вечер,1,1
3,планшет,5,8.47,3,0,ночь,0,1
2,смартфон,5,3.56,2,0,вечер,0,0
2,ПК,1,2.32,1,0,день,1,0
2,ПК,5,11.87,1,1,утро,0,1
3,ПК,5,1.0,1,0,день,0,0
2,ПК,5,3.04,3,1,утро,0,1
1,смартфон,5,11.67,1,0,день,0,1
1,ПК,8,5.89,1,0,день,1,1
4,смартфон,8,6.94,2,0,вечер,0,0
2,ПК,3,37.08,1,0,вечер,0,1
2,смартфон,3,5.19,1,0,день,0,1
1,смартфон,1,9.04,4,0,утро,0,0
1,смартфон,4,60.0,2,0,утро,0,1
2,смартфон,7,11.6,0,0,день,0,1
1,ПК,5,7.22,3,0,день,0,1
1,ПК,4,3.91,0,1,утро,0,0
3,смартфон,9,37.49,1,0,день,1,1
3,смартфон,8,3.48,0,0,день,0,0
1,планшет,3,1.23,1,1,утро,0,0
3,смартфон,4,26.02,1,0,день,0,1
3,ПК,4,3.84,1,0,утро,0,1
2,смартфон,2,8.89,1,0,вечер,1,0
1,планшет,5,10.38,5,0,день,0,1
3,ПК,3,3.02,1,0,день,0,1
2,смартфон,3,5.51,1,0,вечер,0,0
2,смартфон,6,1.69,0,0,утро,0,0
2,ПК,1,21.59,1,0,утро,1,0
3,ПК,5,8.78,2,0,день,0,0
1,ПК,5,22.1,0,0,день,0,0
3,смартфон,6,2.97,2,1,вечер,0,1
1,смартфон,4,10.05,2,0,ночь,1,0
5,смартфон,1,2.46,1,0,вечер,0,0
2,смартфон,3,3.41,2,0,день,0,1
1,планшет,5,4.48,2,0,день,0,0
2,смартфон,5,7.97,2,1,день,0,1
2,планшет,2,8.11,2,0,утро,0,0
1,ПК,3,2.24,5,0,утро,0,0
1,ПК,5,1.0,0,0,день,1,1
2,смартфон,4,14.79,2,0,утро,1,0
3,смартфон,3,7.47,1,0,утро,1,1
1,ПК,1,3.76,2,1,утро,0,1
2,смартфон,4,1.0,1,0,день,0,1
4,ПК,8,1.1,2,0,утро,0,0
2,ПК,3,5.51,0,0,утро,0,0
2,смартфон,1,6.61,0,1,утро,0,0
2,смартфон,6,4.74,1,0,вечер,0,1
2,смартфон,2,8.36,0,0,утро,0,0
3,планшет,6,16.82,2,0,день,0,1
2,смартфон,5,11.3,2,0,день,0,1
1,ПК,2,20.18,1,0,день,0,1
2,ПК,2,9.57,2,0,день,0,0
2,смартфон,5,1.11,0,1,день,0,1
1,ПК,1,1.62,0,1,утро,0,0
2,планшет,3,4.95,2,0,день,0,1
1,ПК,7,3.34,1,1,утро,0,1
4,смартфон,2,10.56,0,0,вечер,1,1
3,смартфон,6,9.83,1,0,вечер,0,0
2,смартфон,1,6.21,0,0,день,0,0
5,смартфон,1,10.32,1,0,утро,0,0
4,смартфон,4,24.21,3,0,день,0,1
2,ПК,5,6.77,2,1,день,1,1
1,смартфон,4,4.27,3,0,вечер,0,0
1,ПК,3,6.47,0,0,утро,0,0
1,смартфон,4,1.57,1,0,ночь,0,0
2,смартфон,1,1.02,1,1,утро,1,0
1,смартфон,6,5.29,1,0,вечер,1,0
4,ПК,7,25.69,0,0,вечер,0,0
1,смартфон,6,19.87,2,0,вечер,0,1
2,смартфон,5,11.34,0,1,утро,0,1
3,ПК,4,12.69,2,0,утро,0,1
2,смартфон,3,19.7,1,0,день,0,1
5,планшет,4,24.7,2,0,вечер,0,1
1,смартфон,4,10.77,0,0,вечер,1,0
1,смартфон,3,4.88,1,0,вечер,0,1
3,смартфон,2,1.6,2,0,утро,0,0
2,ПК,2,1.0,3,0,день,1,1
3,ПК,1,10.44,3,1,день,0,0
2,смартфон,3,5.07,1,1,утро,1,1
1,смартфон,3,1.0,2,0,день,1,1
2,смартфон,1,3.27,0,1,утро,0,0
1,смартфон,3,6.32,2,1,вечер,1,1
3,смартфон,2,15.31,0,1,утро,0,0
3,смартфон,5,3.78,1,0,вечер,0,1
1,смартфон,7,10.68,3,0,утро,0,1
1,смартфон,4,1.0,3,0,день,0,1
3,планшет,6,32.8,1,0,утро,0,0
1,ПК,3,35.64,1,0,день,1,0
6,смартфон,2,7.51,2,0,вечер,1,0
2,планшет,4,10.72,1,0,день,1,1
1,смартфон,6,14.46,3,0,день,0,1
2,смартфон,4,35.19,1,0,день,0,1
2,планшет,3,7.87,1,0,день,0,0
1,планшет,4,14.08,1,0,вечер,1,1
3,смартфон,5,2.14,0,0,утро,0,0
1,смартфон,2,1.67,0,0,день,1,0
2,ПК,2,12.47,2,0,день,0,1
2,планшет,8,25.76,2,0,день,0,1
3,планшет,2,8.38,0,0,день,0,1
1,ПК,3,7.65,4,0,вечер,0,1
1,смартфон,4,8.47,4,0,ночь,0,1
2,смартфон,2,21.16,1,0,ночь,0,0
1,ПК,5,16.1,0,0,вечер,0,0
3,смартфон,3,16.18,1,1,утро,0,1
1,смартфон,4,1.13,0,0,утро,0,0
4,планшет,3,14.26,0,1,вечер,0,1
1,смартфон,3,14.62,1,0,день,0,1
2,смартфон,1,1.42,2,0,день,0,0
5,смартфон,5,6.38,0,0,день,0,1
3,смартфон,3,1.03,2,0,вечер,0,0
3,планшет,3,5.06,4,0,утро,1,1
2,смартфон,5,10.24,1,0,день,0,1
4,смартфон,5,2.46,0,0,день,0,1
3,смартфон,3,1.42,2,0,утро,0,0
1,смартфон,2,10.17,1,0,вечер,0,0
1,смартфон,3,17.53,0,0,вечер,0,0
6,смартфон,1,1.68,2,0,вечер,0,1
4,ПК,5,23.46,1,0,вечер,0,1
5,планшет,4,13.36,3,0,день,0,0
3,смартфон,4,11.33,0,0,утро,0,0
3,смартфон,7,1.29,1,0,день,1,1
1,смартфон,1,26.56,1,0,день,0,1
2,смартфон,3,6.41,1,0,день,0,0
2,смартфон,6,7.67,0,0,вечер,0,0
3,смартфон,2,7.19,1,0,день,0,0
1,смартфон,4,7.57,1,0,ночь,0,1
5,ПК,4,17.31,2,0,ночь,1,0
7,планшет,1,1.04,1,1,утро,0,0
3,ПК,4,6.61,1,0,утро,0,0
2,смартфон,4,9.52,5,0,день,1,1
4,смартфон,3,1.25,0,0,утро,0,0
1,смартфон,7,8.7,1,0,день,1,0
1,ПК,6,7.12,0,0,день,1,1
2,смартфон,3,2.52,2,0,вечер,0,1
2,смартфон,1,2.98,1,0,день,0,0
1,смартфон,7,1.0,1,1,утро,0,0
2,планшет,5,12.22,2,0,утро,0,0
1,смартфон,6,1.61,3,0,день,0,1
1,смартфон,5,15.56,0,0,утро,1,0
1,ПК,4,22.04,2,0,вечер,0,1
2,смартфон,5,2.76,1,0,ночь,0,1
1,смартфон,12,3.02,2,0,вечер,0,1
1,смартфон,1,1.31,0,0,день,0,1
1,ПК,1,7.78,1,0,день,0,1
1,смартфон,5,33.3,3,0,день,0,1
1,смартфон,1,2.79,3,0,ночь,0,0
1,ПК,5,1.74,2,0,день,0,0
7,смартфон,4,9.32,2,0,вечер,0,1
1,ПК,3,19.42,0,0,день,1,0
4,планшет,4,20.42,2,0,утро,1,0
2,смартфон,2,4.24,0,0,утро,0,0
4,смартфон,3,15.46,2,0,утро,0,1
2,планшет,3,8.97,1,1,день,0,1
2,планшет,3,13.2,0,0,день,0,0
2,планшет,5,11.3,2,0,утро,0,1
4,смартфон,3,1.37,0,1,день,0,1
1,ПК,1,4.42,3,0,день,0,1
2,смартфон,6,14.4,0,1,день,0,1
3,смартфон,2,14.27,1,0,день,0,0
5,ПК,3,1.3,3,0,утро,1,0
1,планшет,8,6.2,1,0,день,0,0
2,смартфон,2,20.32,1,0,день,0,0
1,ПК,3,15.68,1,0,день,0,1
3,смартфон,4,8.7,2,1,день,0,0
3,смартфон,2,2.31,1,1,вечер,0,1
1,планшет,2,3.92,5,0,ночь,0,1
1,смартфон,5,10.6,3,0,день,0,1
1,ПК,2,15.21,3,0,утро,0,0
1,ПК,6,9.51,3,0,ночь,0,0
1,смартфон,4,5.03,2,1,день,0,1
3,ПК,4,8.6,4,0,день,0,1
2,смартфон,4,1.0,2,0,вечер,0,0
5,смартфон,5,13.3,0,1,вечер,1,1
2,ПК,2,18.58,0,0,день,0,0
2,ПК,4,1.0,0,0,день,0,0
2,смартфон,2,5.1,3,0,вечер,1,0
1,смартфон,4,18.89,1,0,день,0,0
2,смартфон,1,9.09,1,0,день,1,0
1,смартфон,3,6.6,1,0,день,0,0
1,смартфон,2,1.0,3,1,вечер,0,1
4,смартфон,6,13.36,1,1,вечер,1,1
1,смартфон,6,11.69,3,0,вечер,0,1
3,ПК,9,8.91,1,0,вечер,0,0
1,смартфон,6,1.0,2,1,утро,0,1
2,смартфон,4,10.29,1,0,вечер,0,0
2,ПК,3,1.0,0,0,утро,0,0
1,смартфон,9,17.27,3,0,вечер,1,1
2,ПК,5,20.35,2,0,день,0,1
1,смартфон,7,7.57,1,0,утро,0,0
2,смартфон,3,18.87,0,0,вечер,0,1
1,смартфон,4,5.12,1,0,день,0,1
1,смартфон,6,3.43,2,0,день,1,0
1,смартфон,1,6.62,2,0,вечер,0,0
3,смартфон,5,8.18,3,1,день,1,1
1,смартфон,7,14.54,1,0,день,0,0
2,смартфон,3,9.21,0,0,день,1,0
1,смартфон,1,19.37,1,0,день,0,1
5,ПК,8,27.46,2,1,утро,0,1
1,ПК,7,7.38,0,1,вечер,0,1
4,ПК,1,12.65,2,0,вечер,0,0
1,планшет,3,6.57,2,0,ночь,1,0
1,смартфон,8,23.65,0,0,день,0,0
3,смартфон,5,1.0,1,0,ночь,0,1
3,ПК,3,12.68,2,0,утро,0,1
2,смартфон,1,6.86,3,1,день,0,1
3,смартфон,6,1.0,1,0,день,0,0
2,смартфон,4,13.69,2,0,ночь,0,1
2,смартфон,5,4.99,1,0,утро,1,0
1,смартфон,7,7.49,1,0,день,1,1
2,ПК,5,12.48,0,0,утро,0,1
3,планшет,5,2.9,4,0,день,0,0
1,смартфон,4,3.4,4,0,вечер,0,1
2,планшет,2,4.41,1,0,утро,0,0
2,смартфон,2,13.77,1,1,день,1,1
2,планшет,4,40.07,1,0,утро,1,0
2,ПК,3,4.51,3,0,ночь,1,1
1,смартфон,4,9.44,1,0,утро,0,0
2,планшет,4,3.92,0,0,вечер,0,0
1,смартфон,2,20.94,4,0,ночь,1,1
3,смартфон,4,27.41,2,0,вечер,0,1
3,планшет,9,2.1,3,0,день,0,1
1,ПК,3,10.62,1,0,день,0,1
3,планшет,5,23.64,1,1,утро,0,0
6,ПК,4,6.44,2,0,утро,0,1
4,ПК,8,4.08,2,0,ночь,1,1
1,ПК,3,23.61,0,1,вечер,0,1
1,ПК,5,2.98,2,0,день,0,0
1,смартфон,3,2.32,1,1,ночь,0,1
1,смартфон,1,21.25,1,0,вечер,1,0
2,смартфон,1,10.04,3,0,день,0,1
1,смартфон,8,2.05,0,0,день,0,1
2,ПК,2,10.3,3,0,день,1,0
5,смартфон,2,20.89,0,1,вечер,0,1
5,смартфон,3,1.0,5,0,день,1,1
2,ПК,9,2.97,0,0,день,0,0
3,смартфон,2,9.27,1,0,утро,0,1
2,смартфон,2,1.22,0,1,день,0,1
2,смартфон,3,23.59,0,0,утро,0,0
1,ПК,2,8.99,2,0,день,0,0
2,смартфон,4,8.79,1,0,день,0,0
1,ПК,2,1.0,1,0,день,0,0
4,смартфон,2,5.47,0,0,день,1,1
1,ПК,5,2.17,1,1,утро,1,0
4,смартфон,6,16.53,0,0,вечер,0,1
6,смартфон,5,4.1,1,0,утро,0,0
3,смартфон,2,5.16,4,0,утро,0,0
2,смартфон,4,10.23,1,0,день,0,0
2,смартфон,5,12.64,1,0,день,1,1
1,смартфон,7,15.61,2,1,вечер,1,1
2,смартфон,6,1.92,2,0,вечер,0,1
2,ПК,5,3.05,1,0,вечер,0,1
2,смартфон,7,1.0,1,0,день,0,0
2,ПК,4,19.41,2,0,день,0,1
3,ПК,3,3.79,2,0,день,0,0
2,смартфон,3,1.35,3,0,утро,1,1
1,смартфон,6,3.73,3,0,утро,0,0
2,планшет,5,1.0,1,0,вечер,1,0
2,ПК,6,18.11,1,0,утро,0,1
3,ПК,2,3.38,2,0,ночь,1,1
2,планшет,3,4.31,2,0,утро,1,0
3,смартфон,6,28.19,4,0,день,1,1
1,смартфон,3,2.1,2,0,ночь,0,1
3,ПК,3,2.28,0,0,день,0,0
3,планшет,1,8.22,4,0,вечер,0,0
4,ПК,3,35.85,4,0,день,1,0
3,планшет,1,23.14,1,0,день,0,0
2,смартфон,4,8.99,0,0,утро,0,0
1,ПК,2,16.73,0,0,утро,0,0
5,ПК,4,6.69,4,1,день,0,1
1,смартфон,2,5.7,0,0,вечер,0,0
1,смартфон,3,5.12,2,0,утро,0,1
3,смартфон,5,6.06,2,0,вечер,0,1
4,ПК,8,12.27,1,0,утро,0,1
2,смартфон,3,17.23,0,0,вечер,1,1
5,смартфон,5,8.58,3,0,утро,1,0
1,смартфон,2,20.32,0,0,утро,0,0
1,смартфон,5,10.18,2,0,утро,0,1
3,смартфон,3,16.23,2,0,вечер,0,0
2,планшет,5,11.7,1,0,день,0,0
2,ПК,3,14.86,2,0,день,0,1
1,смартфон,10,1.0,2,1,вечер,0,1
2,планшет,7,20.19,0,0,вечер,0,1
2,планшет,3,21.71,1,0,утро,0,0
5,смартфон,2,18.41,1,0,день,0,0
3,смартфон,7,13.1,1,0,день,1,0
1,смартфон,3,15.49,0,0,вечер,0,0
4,смартфон,1,2.0,0,0,утро,0,0
1,ПК,6,1.0,0,0,утро,1,0
5,ПК,2,3.42,0,0,утро,0,0
1,смартфон,3,5.84,0,0,утро,0,1
5,ПК,4,3.16,0,0,утро,0,0
1,ПК,7,20.45,0,1,утро,0,1
1,ПК,3,33.36,3,0,вечер,0,1
3,смартфон,3,14.73,2,1,утро,0,0
1,планшет,2,6.47,1,0,день,0,0
1,планшет,4,1.58,1,0,день,0,0
2,планшет,5,20.56,3,1,вечер,0,1
3,смартфон,4,18.45,1,0,день,0,1
1,планшет,4,1.77,3,0,ночь,0,0
4,смартфон,4,1.0,2,0,день,0,0
1,ПК,4,22.92,1,0,ночь,0,1
2,ПК,8,17.26,1,0,день,0,1
1,смартфон,5,27.22,2,0,утро,0,0
2,смартфон,3,4.43,5,0,день,0,1
2,планшет,6,10.73,3,0,утро,0,0
2,смартфон,10,19.97,2,0,день,0,1
3,смартфон,4,4.18,1,0,день,0,0
3,ПК,4,6.43,2,0,день,1,1
3,ПК,3,7.59,1,0,утро,0,0
2,смартфон,7,1.0,0,0,вечер,0,0
4,смартфон,1,17.62,0,0,вечер,1,0
3,ПК,1,28.79,1,0,день,0,0
6,ПК,5,5.4,3,1,день,0,1
3,смартфон,2,9.45,3,1,день,0,1
1,смартфон,4,7.8,2,1,день,0,1
2,смартфон,4,4.28,3,0,вечер,0,1
7,ПК,3,1.0,4,1,день,0,1
2,смартфон,5,7.34,1,0,вечер,0,0
1,смартфон,6,2.8,1,0,вечер,0,0
5,смартфон,4,10.57,3,0,ночь,0,1
3,смартфон,5,7.71,1,0,ночь,1,0
5,планшет,6,8.93,2,0,утро,0,1
2,смартфон,3,9.21,1,0,день,1,1
1,смартфон,2,21.69,1,0,день,0,0
1,смартфон,2,1.59,2,0,вечер,0,1
1,смартфон,3,16.38,0,1,утро,0,0
2,ПК,2,30.95,3,0,день,0,0
3,смартфон,7,12.78,5,0,ночь,0,1
2,ПК,3,1.5,3,0,день,1,1
2,смартфон,2,18.99,1,0,утро,0,0
3,смартфон,6,15.69,2,0,день,0,0
1,смартфон,2,19.86,3,1,день,0,1
7,ПК,5,6.66,1,0,утро,1,0
2,смартфон,2,17.16,3,1,утро,1,0
6,планшет,3,1.67,1,0,ночь,0,1
1,смартфон,2,8.6,0,0,день,1,0
1,смартфон,4,8.02,1,0,день,0,0
1,смартфон,2,22.7,2,0,день,1,0
6,ПК,3,19.87,2,0,вечер,0,1
2,смартфон,3,12.59,2,0,вечер,0,1
2,планшет,3,1.92,1,0,вечер,0,0
1,ПК,3,16.44,1,0,день,0,1
1,смартфон,6,9.53,5,0,ночь,0,1
1,смартфон,5,16.96,3,0,вечер,1,1
1,смартфон,1,27.86,0,0,утро,0,0
2,смартфон,4,5.98,0,0,день,0,0
2,смартфон,4,13.65,2,0,день,0,1
2,планшет,6,36.1,3,1,день,0,1
1,планшет,13,2.4,0,1,день,0,1
1,планшет,2,18.77,2,0,утро,1,0
4,ПК,3,1.53,2,1,вечер,0,1
5,смартфон,5,1.0,0,0,день,0,1
2,смартфон,3,18.77,2,0,день,0,1
4,смартфон,3,32.16,1,0,день,0,1
1,смартфон,4,1.0,0,0,ночь,1,1
3,смартфон,1,18.61,3,0,утро,0,0
6,смартфон,8,12.02,4,0,вечер,0,1
1,ПК,8,12.03,4,0,вечер,0,1
6,ПК,5,6.15,1,0,день,1,1
2,смартфон,4,5.4,1,1,утро,0,0
3,ПК,6,4.67,3,0,вечер,0,1
3,ПК,1,4.81,0,0,день,0,0
1,смартфон,4,27.67,4,0,день,0,1
1,смартфон,1,16.92,5,0,вечер,0,1
1,ПК,4,3.76,1,0,утро,0,0
1,планшет,2,13.49,1,1,день,1,0
2,ПК,2,10.69,3,0,вечер,0,1
6,смартфон,4,18.71,1,0,день,1,1
2,смартфон,2,1.0,2,1,день,1,1
3,смартфон,7,12.04,2,0,вечер,0,1
2,ПК,4,2.81,1,0,вечер,1,0
7,смартфон,4,2.77,1,0,день,0,1
3,смартфон,5,12.23,1,1,день,0,1
1,смартфон,1,22.53,0,0,день,0,1
2,смартфон,2,7.26,2,0,день,1,1
2,смартфон,4,6.26,2,1,утро,1,0
2,планшет,8,16.88,0,0,утро,1,0
1,смартфон,7,1.0,1,1,ночь,0,0
1,смартфон,5,12.28,1,0,утро,0,0
1,смартфон,4,1.0,2,0,день,0,1
1,смартфон,1,2.8,2,0,день,1,0
2,смартфон,6,11.0,1,0,день,0,1
2,смартфон,3,4.78,0,0,вечер,0,0
2,планшет,7,3.5,2,0,вечер,0,1
1,смартфон,3,7.02,1,0,утро,0,1
2,смартфон,2,18.96,2,0,утро,0,0
5,смартфон,3,5.55,0,0,вечер,0,0
2,смартфон,2,7.61,1,0,ночь,0,0
2,смартфон,3,1.72,3,0,день,0,0
2,планшет,5,5.88,2,1,день,0,1
2,планшет,5,1.0,2,0,ночь,0,0
2,планшет,7,18.21,1,1,вечер,0,1
4,смартфон,5,2.32,3,1,утро,1,1
4,смартфон,5,25.24,0,0,день,1,1
3,ПК,4,4.43,0,0,день,0,1
2,смартфон,2,18.07,2,0,день,0,1
1,смартфон,9,4.94,0,0,вечер,1,0
1,планшет,6,1.66,3,0,утро,0,0
2,смартфон,5,7.01,2,0,утро,1,0
3,планшет,4,3.02,1,0,ночь,1,1
2,смартфон,7,3.9,1,0,день,0,1
2,смартфон,4,3.8,2,1,вечер,0,1
2,ПК,5,4.24,1,1,ночь,0,0
4,смартфон,3,6.89,1,0,утро,0,0
4,смартфон,3,1.37,2,0,день,0,1
4,смартфон,3,2.98,1,0,утро,0,0
4,смартфон,3,10.01,2,0,день,0,1
1,смартфон,4,14.09,1,0,утро,0,1
1,смартфон,3,2.79,2,0,ночь,0,0
1,ПК,7,3.04,1,0,вечер,0,1
1,ПК,2,6.5,1,0,вечер,0,0
2,планшет,6,39.68,1,0,утро,0,1
4,ПК,3,7.99,0,0,день,0,0
2,смартфон,7,16.79,2,0,ночь,0,1
2,смартфон,5,25.09,0,1,день,0,1
4,смартфон,5,10.13,2,0,ночь,1,0
1,планшет,5,7.32,0,0,вечер,1,0
1,смартфон,3,14.46,1,1,день,0,1
3,смартфон,7,3.84,1,1,вечер,0,1
1,ПК,3,35.98,1,0,ночь,0,1
2,смартфон,3,6.45,0,0,день,1,0
1,смартфон,4,26.35,4,0,утро,1,1
1,смартфон,4,14.26,2,0,утро,1,1
4,смартфон,5,2.38,0,0,день,0,0
1,смартфон,9,2.49,0,0,день,1,0
2,смартфон,2,4.31,1,0,день,1,1
1,смартфон,2,4.65,1,0,утро,0,1
1,смартфон,2,1.0,3,1,утро,1,0
1,смартфон,5,19.37,1,0,день,1,1
1,ПК,3,2.75,1,1,утро,0,1
1,смартфон,3,17.42,2,1,утро,0,1
4,планшет,4,6.59,3,0,утро,0,1
1,планшет,4,8.97,0,0,утро,0,0
1,смартфон,3,7.69,2,0,вечер,0,0
1,смартфон,3,28.95,5,0,день,0,1
4,смартфон,1,5.41,3,0,вечер,1,0
4,планшет,4,4.92,0,0,вечер,0,0
2,смартфон,4,9.54,1,0,день,1,1
2,смартфон,6,4.81,1,0,день,1,0
1,смартфон,5,9.35,2,0,вечер,0,1
1,смартфон,3,8.5,1,0,день,0,0
1,смартфон,1,14.92,2,1,вечер,0,1
5,ПК,5,46.0,1,0,день,0,1
1,смартфон,5,37.86,4,0,день,0,1
5,смартфон,4,1.32,2,0,день,0,1
1,планшет,3,6.02,4,0,день,0,1
1,ПК,4,5.49,0,0,день,0,0
1,смартфон,4,2.12,1,0,день,1,0
1,смартфон,4,13.62,4,0,утро,0,1
2,смартфон,3,34.59,3,1,вечер,0,0
2,смартфон,7,1.66,3,0,день,0,1
1,смартфон,5,3.18,1,0,утро,0,0
3,смартфон,6,19.31,2,0,утро,0,0
3,смартфон,1,3.64,1,0,утро,0,0
3,ПК,3,5.82,2,1,день,0,1
1,смартфон,6,13.48,0,0,утро,0,1
1,смартфон,9,1.35,1,0,день,0,1
2,ПК,3,7.49,2,0,день,0,0
1,планшет,1,1.16,2,0,ночь,0,0
2,смартфон,3,3.64,0,0,вечер,0,0
2,смартфон,8,2.7,1,0,утро,0,0
1,ПК,3,13.1,2,0,вечер,0,0
1,смартфон,3,1.63,2,0,вечер,0,1
3,планшет,3,10.85,0,0,вечер,0,0
2,ПК,6,8.57,3,0,день,0,0
1,смартфон,5,11.26,4,0,вечер,1,1
1,планшет,3,20.92,2,0,вечер,0,0
1,ПК,4,7.64,0,0,день,0,0
1,планшет,3,12.75,0,0,день,0,0
3,смартфон,5,16.32,2,0,утро,1,0
3,ПК,4,11.9,2,0,день,0,1
2,смартфон,7,3.84,2,1,утро,0,1
2,планшет,1,32.56,0,0,утро,1,0
1,смартфон,4,1.0,2,0,утро,1,0
6,смартфон,5,4.66,0,1,вечер,0,1
1,смартфон,3,17.22,2,0,вечер,1,0
3,смартфон,3,4.31,1,0,день,0,0
1,смартфон,2,7.89,2,0,день,0,1
2,смартфон,6,1.44,3,0,вечер,0,0
1,смартфон,5,19.44,1,0,утро,0,0
1,смартфон,6,26.76,3,0,утро,0,1
2,ПК,3,41.36,0,0,ночь,1,0
1,ПК,6,1.0,0,0,ночь,0,0
2,смартфон,3,2.22,3,0,день,0,0
1,смартфон,4,6.83,1,0,день,1,0
3,смартфон,5,3.18,0,0,утро,1,0
1,смартфон,5,10.29,3,1,вечер,0,1
2,планшет,3,18.67,5,1,день,1,1
3,ПК,9,1.36,3,0,день,0,1
6,смартфон,6,1.0,1,0,ночь,1,0
4,планшет,4,50.72,2,1,ночь,0,1
2,планшет,3,5.99,2,0,ночь,0,0
2,смартфон,6,1.0,1,0,утро,0,0
1,смартфон,2,8.88,0,0,день,0,0
2,смартфон,6,13.99,0,0,вечер,0,1
4,смартфон,1,16.16,0,0,утро,0,0
1,смартфон,6,8.42,0,0,ночь,0,1
2,смартфон,4,11.38,0,0,день,1,1
1,смартфон,3,6.47,2,0,день,1,0
3,смартфон,5,9.67,3,1,утро,0,1
4,смартфон,3,30.28,1,1,утро,0,1
1,смартфон,2,43.84,4,1,день,0,1
1,смартфон,3,9.88,4,0,утро,1,1
2,смартфон,4,8.77,1,1,вечер,0,1
3,смартфон,2,4.24,2,0,утро,0,0
1,планшет,4,3.92,1,1,утро,0,0
3,ПК,4,25.84,1,0,вечер,0,0
5,смартфон,4,10.94,1,0,утро,0,1
4,смартфон,6,6.14,3,0,утро,1,1
1,ПК,3,10.96,0,0,вечер,0,1
2,планшет,3,1.29,1,0,вечер,1,0
1,смартфон,4,28.72,1,0,утро,0,0
2,планшет,1,7.39,2,0,вечер,0,1
1,смартфон,2,4.07,2,1,день,0,1
1,смартфон,8,1.0,1,0,вечер,0,1
5,ПК,5,11.31,0,0,день,1,0
1,смартфон,4,34.92,0,0,утро,0,0
3,ПК,8,8.18,1,1,утро,0,1
3,смартфон,5,4.04,3,0,ночь,0,1
4,смартфон,3,5.42,5,0,утро,0,1
7,смартфон,3,8.41,1,0,вечер,0,0
2,ПК,3,11.67,1,0,утро,0,0
4,смартфон,1,2.03,1,0,день,0,0
2,планшет,4,27.35,2,0,ночь,0,0
2,ПК,2,5.35,1,0,утро,0,0
2,смартфон,1,9.79,1,0,день,0,1
1,смартфон,3,24.24,1,0,день,0,0
1,смартфон,5,8.64,2,0,день,0,0
6,планшет,2,11.51,0,0,день,1,1
2,ПК,8,10.03,1,0,утро,0,0
1,смартфон,2,2.85,1,1,день,1,1
1,смартфон,4,32.95,0,0,день,0,0
6,смартфон,6,6.39,2,0,день,0,0
4,смартфон,5,1.04,1,0,утро,1,0
2,смартфон,5,60.0,2,0,вечер,0,1
1,планшет,3,10.5,1,0,вечер,0,0
2,ПК,3,9.38,0,1,вечер,0,1
1,ПК,7,24.84,0,1,вечер,0,1
1,смартфон,5,7.81,1,0,ночь,0,0
5,смартфон,3,4.47,1,0,утро,0,0
1,смартфон,3,1.92,1,0,день,1,1
1,смартфон,1,16.64,2,0,день,0,0
4,смартфон,3,4.02,2,1,день,0,1
1,смартфон,6,7.26,3,0,день,1,1
2,планшет,1,7.11,2,0,утро,0,0
3,смартфон,6,13.49,0,1,день,0,1
3,ПК,4,11.53,2,0,утро,0,1
2,смартфон,4,5.51,1,0,утро,0,0
5,смартфон,4,5.55,1,1,вечер,0,1
3,смартфон,14,3.15,1,0,день,0,1
1,смартфон,1,4.17,2,0,ночь,1,0
5,ПК,6,12.43,0,0,день,1,1
2,смартфон,6,8.26,0,1,ночь,0,1
3,ПК,4,1.0,2,0,утро,0,0
1,смартфон,3,7.1,1,0,утро,0,0
2,смартфон,8,31.02,0,0,вечер,0,1
1,смартфон,6,1.16,1,0,день,0,0
2,ПК,2,1.11,0,0,день,0,0
1,смартфон,2,11.02,1,0,утро,0,0
2,ПК,4,31.64,2,1,утро,0,0
3,смартфон,1,1.0,1,1,утро,0,1
2,смартфон,3,4.22,3,0,вечер,0,1
2,планшет,2,1.0,0,0,вечер,0,0
1,смартфон,4,3.09,0,0,вечер,0,0
2,смартфон,3,8.09,3,0,утро,0,1
2,ПК,4,5.84,2,0,вечер,0,0
4,смартфон,6,4.51,0,0,ночь,1,0
1,смартфон,1,2.37,0,0,день,1,0
3,смартфон,5,9.66,1,0,день,0,1
1,смартфон,2,8.57,2,0,утро,0,0
2,смартфон,5,10.88,1,0,день,1,1
2,смартфон,4,15.76,2,1,день,0,1
1,ПК,4,13.07,2,0,день,0,0
1,смартфон,2,31.53,0,0,день,0,1
3,ПК,3,1.86,4,1,вечер,0,1
3,смартфон,1,30.24,3,0,день,1,1
2,смартфон,1,1.89,1,0,утро,0,0
1,смартфон,2,18.5,2,1,утро,0,1
1,ПК,5,15.53,0,0,день,0,1
1,ПК,4,10.97,1,1,вечер,0,1
1,смартфон,4,12.25,2,1,вечер,0,1
2,смартфон,4,11.76,1,0,утро,1,0
1,планшет,3,7.55,0,0,день,0,0
3,ПК,5,1.0,1,0,утро,0,0
2,ПК,8,8.66,2,0,утро,1,0
4,смартфон,6,4.93,1,0,вечер,1,1
1,смартфон,3,3.18,2,0,день,0,1
4,ПК,5,6.74,1,1,утро,0,1
2,смартфон,4,18.85,0,0,вечер,0,1
1,смартфон,2,8.64,0,0,ночь,1,0
5,смартфон,7,33.46,2,1,день,0,1
5,смартфон,5,5.46,2,0,день,1,1
2,ПК,3,1.84,3,0,вечер,1,0
2,ПК,7,3.78,1,0,утро,0,1
3,смартфон,8,1.56,2,0,ночь,0,1
3,смартфон,3,11.55,3,1,ночь,1,1
2,планшет,3,1.74,1,0,день,0,1
3,смартфон,5,7.3,0,0,день,0,0
2,смартфон,2,25.69,1,0,день,0,1
1,смартфон,6,5.69,1,0,вечер,0,1
2,смартфон,1,5.15,1,0,день,0,1
4,смартфон,2,2.27,0,0,вечер,0,1
1,смартфон,8,14.02,2,1,вечер,0,1
4,смартфон,4,3.63,0,0,день,0,0
1,ПК,2,46.46,1,0,ночь,0,0
2,ПК,4,1.82,3,0,вечер,0,0
1,планшет,4,1.0,1,0,утро,0,0
1,смартфон,2,7.75,0,0,день,0,0
2,смартфон,4,1.0,3,0,день,0,1
1,планшет,2,4.61,2,0,вечер,1,0
4,ПК,2,6.01,3,0,день,0,1
2,смартфон,1,2.85,1,0,день,1,0
1,смартфон,4,38.22,1,0,день,1,0
1,смартфон,4,4.23,1,0,утро,0,0
4,смартфон,2,1.56,1,0,ночь,1,0
6,смартфон,2,1.0,2,0,вечер,0,0
1,ПК,8,3.7,4,1,день,1,1
3,смартфон,5,17.21,3,0,вечер,0,1
2,смартфон,3,2.82,1,0,день,0,1
1,ПК,4,9.13,0,0,вечер,0,0
4,смартфон,4,45.2,3,0,утро,0,1
3,ПК,3,4.21,5,0,ночь,0,0
1,смартфон,3,9.57,0,1,день,0,1
1,ПК,4,9.15,1,0,вечер,0,0
2,смартфон,4,9.02,1,0,вечер,1,0
3,ПК,2,30.66,1,0,вечер,0,0
2,смартфон,6,15.41,4,0,вечер,0,1
2,смартфон,4,1.0,3,1,утро,0,1
1,смартфон,4,1.0,1,0,день,0,0
3,смартфон,2,1.0,1,0,день,0,0
3,смартфон,2,4.54,0,0,вечер,0,0
1,ПК,3,5.79,2,0,вечер,0,0
1,смартфон,7,16.46,0,0,день,0,0
2,планшет,3,10.11,3,1,вечер,0,1
3,смартфон,4,60.0,0,0,день,0,0
2,ПК,5,15.8,1,0,ночь,0,0
2,смартфон,2,20.67,1,0,вечер,1,1
1,ПК,7,2.01,1,0,утро,0,1
4,смартфон,3,10.26,2,0,день,1,1
1,смартфон,2,1.61,2,0,день,1,0
1,смартфон,6,11.24,1,0,день,0,1
3,планшет,2,16.59,1,0,утро,0,0
1,планшет,3,3.57,2,0,день,0,0
2,ПК,7,1.83,1,0,ночь,0,1
3,смартфон,6,2.71,0,0,вечер,0,1
3,смартфон,6,16.66,0,1,день,0,1
3,ПК,2,7.92,3,0,день,0,0
1,смартфон,8,7.69,1,0,вечер,0,1
2,смартфон,2,8.6,1,0,ночь,0,0
2,планшет,4,6.78,2,0,вечер,0,0
1,смартфон,5,19.91,0,0,ночь,1,0
1,планшет,6,7.08,4,0,ночь,1,1
2,смартфон,5,9.06,0,0,утро,0,0
2,ПК,6,39.02,2,0,утро,0,0
3,ПК,2,6.08,5,0,вечер,1,0
3,планшет,2,2.07,5,0,вечер,1,0
1,смартфон,3,8.28,1,0,день,0,0
2,смартфон,4,12.19,1,0,утро,1,0
1,ПК,3,1.34,2,1,утро,1,1
1,смартфон,4,1.77,2,0,утро,1,0
1,ПК,4,1.0,1,0,утро,0,0
3,смартфон,4,13.64,1,0,утро,0,1
2,смартфон,4,2.26,1,0,утро,0,0
2,смартфон,8,23.13,2,0,вечер,0,0
1,смартфон,6,7.25,1,1,утро,0,1
3,ПК,5,31.06,0,0,вечер,0,1
2,планшет,6,4.83,0,1,вечер,0,1
3,смартфон,5,31.19,0,0,день,0,1
2,планшет,4,38.0,3,0,ночь,0,1
5,ПК,3,1.39,1,1,утро,1,1
3,планшет,7,1.33,1,0,день,0,1
1,смартфон,4,5.51,2,0,день,0,1
3,смартфон,4,5.34,3,0,утро,0,1
2,ПК,3,10.5,3,0,день,0,0
4,смартфон,3,1.2,1,0,вечер,0,0
2,ПК,4,14.12,0,0,вечер,0,1
4,ПК,7,2.55,2,0,день,0,0
4,ПК,8,1.63,3,0,утро,0,1
2,ПК,7,15.82,1,0,вечер,0,0
2,планшет,8,1.0,0,0,день,0,0
3,смартфон,8,12.43,0,0,вечер,0,1
2,смартфон,5,1.18,4,0,утро,1,0
2,смартфон,4,13.47,4,0,день,0,1
3,смартфон,3,15.63,3,0,день,0,0
3,смартфон,4,8.79,2,0,вечер,0,0
2,смартфон,5,4.34,0,0,день,1,0
2,смартфон,7,2.69,2,0,день,0,1
2,смартфон,5,16.55,0,1,ночь,0,1
4,ПК,3,1.13,2,1,день,0,1
4,планшет,5,36.68,2,0,утро,1,0
3,ПК,9,15.1,1,0,день,1,1
2,смартфон,3,11.72,0,0,утро,1,1
4,смартфон,4,44.77,1,1,ночь,0,0
2,смартфон,6,11.67,3,0,вечер,1,1
2,смартфон,2,1.1,2,0,утро,1,0
6,смартфон,5,3.89,1,0,день,0,0
1,смартфон,4,8.81,2,0,ночь,0,1
1,смартфон,5,8.57,0,0,вечер,0,0
1,планшет,3,1.0,1,0,день,0,0
1,ПК,2,3.01,3,0,вечер,0,0
2,смартфон,3,13.33,2,1,вечер,1,1
1,смартфон,1,10.78,1,0,день,0,0
5,смартфон,10,22.78,1,0,вечер,0,0
4,смартфон,2,32.24,0,0,утро,0,1
3,ПК,4,20.37,2,0,вечер,0,0
2,ПК,4,8.06,1,0,день,0,0
1,смартфон,3,7.83,1,1,ночь,0,1
2,смартфон,5,4.61,0,0,вечер,0,1
3,смартфон,2,22.91,1,0,день,0,0
4,смартфон,5,17.76,1,0,утро,0,1
1,ПК,8,15.1,1,0,день,0,0
1,ПК,5,15.07,2,0,ночь,0,1
1,смартфон,3,18.9,0,1,день,0,1
1,смартфон,3,25.12,0,0,вечер,0,0
2,ПК,3,17.21,4,1,вечер,0,1
2,смартфон,3,16.88,2,0,вечер,0,0
1,планшет,3,10.8,0,0,вечер,1,0
1,смартфон,6,6.13,2,0,день,0,1
1,смартфон,3,8.0,0,0,утро,0,0
1,планшет,9,7.66,1,1,день,0,1
2,смартфон,5,17.38,3,1,день,1,1
3,смартфон,6,3.09,2,0,день,1,1
2,смартфон,5,4.51,1,0,день,1,1
2,смартфон,5,8.15,0,1,утро,1,0
3,планшет,6,41.96,0,0,ночь,0,1
2,смартфон,5,6.72,1,0,день,0,1
3,планшет,1,1.35,1,0,утро,0,0
3,смартфон,2,11.21,1,0,утро,1,0
3,смартфон,4,9.58,4,0,день,0,1
2,планшет,8,18.75,1,0,вечер,0,1
1,планшет,3,19.3,0,0,утро,0,0
4,смартфон,2,3.0,1,0,вечер,1,0
1,смартфон,4,1.0,1,0,утро,0,0
2,смартфон,8,15.37,2,1,вечер,0,1
3,ПК,2,10.57,1,0,вечер,0,0
5,смартфон,4,1.52,3,0,вечер,1,1
1,смартфон,6,42.36,2,0,вечер,0,1
2,смартфон,8,26.03,2,0,утро,0,1
2,смартфон,4,12.84,1,0,вечер,0,1
3,ПК,2,1.0,0,0,вечер,0,0
3,смартфон,8,2.4,4,0,утро,1,1
1,смартфон,1,3.92,1,1,ночь,0,1
4,смартфон,3,1.0,2,0,вечер,0,0
2,смартфон,2,17.57,3,0,день,1,1
3,смартфон,4,1.0,0,0,день,0,1
1,смартфон,4,2.3,0,0,вечер,0,0
3,смартфон,5,3.84,2,0,вечер,1,1
1,ПК,9,4.03,1,0,день,0,1
1,планшет,2,3.08,2,0,вечер,1,0
1,смартфон,3,38.44,0,1,вечер,0,1
4,смартфон,6,32.4,3,1,день,0,1
2,смартфон,5,9.68,0,0,день,0,0
1,смартфон,3,1.34,2,0,день,0,0
1,ПК,5,12.26,1,0,день,0,0
4,ПК,3,37.06,3,0,день,0,1
1,планшет,3,60.0,0,0,утро,1,1
1,смартфон,4,9.59,3,1,ночь,0,0
3,планшет,8,2.09,2,0,день,0,1
1,смартфон,3,17.82,1,0,день,1,0
1,планшет,5,9.75,0,0,день,0,0
1,смартфон,2,6.02,2,0,ночь,0,0
2,смартфон,4,1.62,2,0,ночь,0,1
2,смартфон,2,2.74,0,0,ночь,0,0
1,смартфон,4,8.64,2,0,день,0,1
2,планшет,3,3.02,0,0,день,0,0
1,ПК,3,6.5,1,0,вечер,1,0
2,ПК,4,12.57,0,0,утро,0,0
2,ПК,3,43.71,1,1,день,1,1
4,смартфон,3,1.0,2,0,день,0,0
1,смартфон,5,15.93,1,0,день,0,1
4,смартфон,6,1.37,0,0,вечер,0,0
3,ПК,7,28.74,1,0,день,0,1
3,смартфон,3,14.7,0,0,утро,0,0
1,смартфон,3,5.07,3,0,утро,0,1
3,смартфон,1,7.19,0,0,утро,0,0
2,ПК,3,11.29,2,0,утро,0,0
2,ПК,2,8.23,0,0,утро,1,0
1,смартфон,4,39.14,3,0,вечер,0,1
1,ПК,8,60.0,3,0,вечер,1,1
1,смартфон,4,1.0,3,1,день,0,1
3,смартфон,1,13.02,1,0,вечер,0,0
3,планшет,3,13.74,4,1,ночь,1,0
3,смартфон,3,15.61,2,0,день,1,0
1,смартфон,4,24.9,2,0,день,0,0
1,ПК,1,9.0,3,0,вечер,0,0
1,планшет,3,2.94,3,0,день,0,0
6,ПК,3,11.14,0,0,утро,1,1
3,смартфон,5,3.9,1,1,день,0,1
1,смартфон,5,4.19,1,0,вечер,0,0
4,смартфон,4,9.49,4,0,вечер,0,1
1,ПК,4,3.41,0,0,ночь,0,0
1,смартфон,2,11.86,0,0,вечер,0,0
2,смартфон,7,19.18,4,0,утро,0,1
1,смартфон,1,42.32,2,0,ночь,0,0
2,ПК,1,1.84,4,0,утро,0,0
1,смартфон,3,6.08,4,0,день,0,1
1,смартфон,2,13.5,2,0,день,1,1
3,смартфон,5,8.61,0,0,утро,0,0
3,смартфон,1,1.0,1,0,день,0,0
2,смартфон,5,4.28,2,1,утро,0,1
1,смартфон,4,15.79,1,0,день,0,1
1,ПК,5,6.79,3,0,утро,0,0
2,смартфон,1,11.85,4,0,день,0,1
1,смартфон,3,10.23,2,0,утро,0,0
2,смартфон,9,28.71,1,0,день,1,1
4,ПК,4,19.53,1,0,утро,0,1
1,смартфон,4,4.21,2,0,утро,0,0
4,ПК,5,6.89,1,0,вечер,0,0
1,ПК,5,6.47,1,0,ночь,0,0
1,смартфон,5,3.27,2,0,день,0,0
1,смартфон,4,9.7,1,0,утро,1,0
1,планшет,4,3.02,2,0,вечер,0,0
1,планшет,2,1.74,3,0,вечер,0,0
5,ПК,4,1.17,1,0,день,0,0
1,ПК,6,3.38,1,0,день,0,0
1,смартфон,5,6.41,5,0,день,0,1
1,планшет,4,1.23,1,0,ночь,0,0
3,смартфон,3,11.26,1,1,вечер,0,0
2,смартфон,5,20.42,5,0,день,0,1
2,планшет,8,5.57,3,1,вечер,0,1
2,смартфон,2,20.66,3,1,день,1,1
3,смартфон,1,1.64,3,0,день,0,0
1,смартфон,6,1.0,2,0,вечер,0,0
1,смартфон,4,16.81,2,0,вечер,1,1
1,ПК,6,36.8,3,0,ночь,1,0
3,смартфон,4,4.16,2,0,день,0,0
4,планшет,6,10.71,1,0,вечер,0,1
3,смартфон,1,10.63,2,0,вечер,0,0
1,смартфон,4,11.57,2,0,день,0,0
3,смартфон,4,8.49,2,0,вечер,0,1
3,смартфон,4,2.96,0,0,утро,1,0
1,смартфон,7,1.0,2,0,вечер,0,0
3,ПК,3,1.0,3,0,утро,0,0
4,смартфон,4,1.99,0,0,день,0,0
1,смартфон,1,1.28,2,0,вечер,0,0
3,смартфон,5,1.0,0,1,вечер,0,1
2,смартфон,2,1.0,2,1,день,0,1
1,смартфон,6,1.0,0,0,утро,0,1
5,планшет,5,7.94,2,0,день,0,0
1,смартфон,1,1.0,0,0,день,0,0
1,смартфон,4,55.7,2,1,утро,0,1
2,смартфон,3,6.97,2,0,утро,0,0
1,смартфон,3,23.14,0,0,день,0,0
4,смартфон,4,6.69,0,0,день,0,0
1,планшет,4,1.46,3,0,вечер,0,1
1,ПК,5,18.37,1,0,день,0,0
2,смартфон,7,2.71,2,0,день,0,1
1,планшет,3,1.0,2,0,вечер,0,0
3,смартфон,5,2.12,2,0,ночь,0,1
5,ПК,7,9.15,2,1,день,1,1
1,ПК,5,5.7,2,1,вечер,0,1
2,смартфон,2,1.76,0,0,вечер,0,0
3,смартфон,5,7.61,2,0,утро,0,1
3,смартфон,5,30.59,1,0,утро,0,0
3,смартфон,4,12.97,0,0,ночь,0,1
2,смартфон,2,1.0,3,0,ночь,0,0
1,планшет,4,3.85,1,0,день,0,0
2,смартфон,3,11.79,0,0,день,1,0
3,смартфон,4,1.51,2,0,вечер,0,1
2,планшет,1,7.74,1,0,утро,0,0
1,планшет,5,7.9,1,0,вечер,0,1
3,смартфон,4,1.0,0,0,утро,1,0
4,планшет,3,9.32,0,0,утро,1,0
1,ПК,2,23.03,0,0,ночь,1,0
4,смартфон,3,10.55,2,0,день,1,1
1,смартфон,2,24.71,0,0,день,0,0
3,планшет,5,9.51,2,0,день,0,1
3,планшет,2,13.94,1,0,ночь,0,0
3,смартфон,6,22.31,0,0,утро,0,0
3,смартфон,3,6.22,1,1,утро,0,1
2,ПК,5,1.72,1,0,вечер,0,0
1,ПК,2,1.27,3,0,вечер,0,1
3,ПК,1,30.68,3,1,ночь,1,1
1,ПК,7,7.92,1,0,вечер,0,1
3,планшет,5,11.49,0,0,день,1,0
3,ПК,4,9.46,1,0,вечер,1,0
3,планшет,6,8.32,0,1,день,1,1
2,ПК,11,8.2,2,0,вечер,0,1
3,смартфон,7,6.41,1,0,утро,0,1
1,ПК,5,21.58,2,1,день,0,1
2,смартфон,5,1.29,0,0,день,0,0
1,смартфон,4,12.58,0,0,день,0,1
4,смартфон,3,11.42,1,0,утро,0,0
3,смартфон,3,1.0,1,0,день,0,0
4,смартфон,4,2.45,1,0,вечер,1,0
4,ПК,10,15.5,2,0,утро,0,0
4,планшет,2,2.66,2,0,утро,0,0
4,ПК,3,8.62,0,0,день,0,1
1,ПК,5,1.0,2,0,день,1,0
1,смартфон,3,2.52,2,0,день,0,0
1,смартфон,5,22.15,3,0,утро,0,1
4,смартфон,1,4.49,0,0,день,0,0
3,смартфон,2,16.39,3,0,ночь,0,1
1,планшет,2,6.51,2,0,день,0,0
1,смартфон,4,3.89,3,0,утро,1,0
2,смартфон,1,8.36,0,1,вечер,0,1
1,смартфон,8,7.64,3,1,день,0,1
1,смартфон,7,41.85,2,1,день,1,1
6,смартфон,4,4.22,3,1,вечер,1,1
1,ПК,2,10.6,2,0,день,1,0
2,смартфон,6,11.7,4,0,вечер,0,0
1,смартфон,3,9.84,2,0,вечер,0,0
1,смартфон,1,6.52,2,0,вечер,0,0
1,ПК,3,15.3,1,0,день,0,0
2,смартфон,6,14.62,1,0,ночь,0,0
1,смартфон,1,31.95,2,0,день,0,0
1,смартфон,2,37.71,2,0,вечер,0,0
1,ПК,2,2.42,2,0,утро,0,0
3,ПК,6,10.63,3,0,день,1,0
1,смартфон,3,19.41,3,0,день,0,1
1,планшет,1,32.78,2,1,вечер,0,1
3,смартфон,1,1.54,1,0,вечер,1,1
3,смартфон,3,29.78,2,0,день,1,1
1,смартфон,7,2.55,1,1,вечер,1,1
1,смартфон,2,8.5,0,0,вечер,1,0
4,ПК,5,10.62,0,1,вечер,0,1
2,ПК,5,21.16,1,0,ночь,1,1
1,смартфон,1,16.28,0,0,вечер,0,0
3,смартфон,5,27.26,5,0,утро,0,1
1,смартфон,4,15.48,0,0,день,0,1
1,смартфон,5,4.14,2,0,утро,1,0
4,ПК,3,1.97,1,0,день,0,1
4,ПК,6,1.69,0,0,день,0,0
1,планшет,2,1.0,4,0,вечер,0,0
2,смартфон,4,26.94,5,0,вечер,0,1
4,ПК,4,6.66,1,0,день,0,1
2,смартфон,7,33.63,2,0,день,0,1
2,ПК,8,14.91,2,0,вечер,0,1
1,смартфон,2,30.74,1,0,день,0,0
2,смартфон,6,20.29,0,0,ночь,0,1
1,смартфон,2,8.75,1,0,вечер,0,0
3,смартфон,3,2.56,5,0,день,0,1
4,планшет,5,2.93,1,0,ночь,0,0
3,планшет,1,4.64,1,1,вечер,0,0
1,ПК,7,1.0,0,1,ночь,0,1
1,смартфон,5,10.99,2,0,утро,1,0
1,смартфон,9,8.1,3,1,вечер,1,1
4,ПК,3,1.07,1,0,ночь,0,0
1,ПК,5,17.42,2,0,утро,0,0
2,смартфон,1,17.3,2,0,утро,0,0
1,ПК,3,1.26,1,0,утро,0,0
5,ПК,5,2.28,0,0,день,0,1
2,планшет,4,2.88,2,0,вечер,0,1
1,смартфон,3,7.46,1,0,день,0,0
3,планшет,1,28.99,0,0,утро,0,0
4,смартфон,3,10.94,1,0,утро,0,0
1,планшет,3,11.43,2,0,день,0,1
1,смартфон,3,3.44,2,0,вечер,1,1
4,ПК,1,9.79,1,0,утро,1,0
4,планшет,8,2.37,2,0,вечер,1,1
1,смартфон,8,12.41,2,0,вечер,0,1
2,планшет,6,2.68,4,0,день,0,1
3,смартфон,3,1.0,1,1,день,1,1
2,смартфон,6,7.42,1,0,день,0,1
3,смартфон,4,3.54,0,0,вечер,1,1
2,смартфон,4,9.91,3,0,день,0,0
8,ПК,2,13.71,3,0,ночь,0,0
2,смартфон,3,16.81,0,0,вечер,0,1
1,ПК,3,39.89,0,0,вечер,0,0
1,смартфон,2,8.11,2,0,день,1,0
1,планшет,5,6.59,0,1,день,0,1
1,смартфон,4,2.82,1,0,утро,0,0
2,смартфон,3,13.74,0,0,день,0,0
1,ПК,5,6.59,4,1,день,0,1
3,смартфон,5,3.96,0,0,день,0,1
2,планшет,3,5.66,2,0,утро,0,0
1,смартфон,8,4.63,1,0,день,0,1
1,смартфон,2,38.4,5,1,ночь,0,1
2,ПК,1,2.57,1,1,день,0,0
4,ПК,5,5.35,3,0,утро,1,1
2,смартфон,3,3.67,2,1,вечер,1,1
2,ПК,6,1.88,2,0,ночь,1,0
1,смартфон,3,3.56,1,0,день,0,0
1,смартфон,1,6.72,3,0,день,1,1
1,смартфон,5,9.99,0,0,день,0,1
1,планшет,2,9.59,0,0,утро,1,0
2,смартфон,2,14.81,0,0,утро,0,0
2,смартфон,3,1.0,1,0,утро,1,0
4,ПК,6,3.77,1,0,день,0,0
3,смартфон,3,4.35,4,0,утро,1,0
4,смартфон,5,11.78,1,0,ночь,1,1
5,смартфон,5,2.33,1,0,вечер,1,1
3,смартфон,8,2.41,1,0,день,0,0
2,смартфон,3,1.0,0,0,день,1,0
1,смартфон,3,7.62,1,0,ночь,0,1
3,смартфон,1,12.97,2,1,день,1,1
2,смартфон,7,11.96,4,1,утро,0,1
1,ПК,6,13.58,1,0,день,0,0
4,ПК,3,1.86,2,0,утро,0,0
3,планшет,4,8.83,5,0,день,1,1
2,смартфон,2,1.0,3,1,день,0,1
1,смартфон,5,34.02,2,0,день,0,1
1,ПК,4,1.11,2,0,день,0,0
6,планшет,5,21.01,0,0,ночь,0,1
1,смартфон,4,1.0,5,0,день,0,1
3,смартфон,5,7.57,1,0,ночь,1,1
2,ПК,6,19.16,0,0,день,0,0
4,смартфон,5,10.07,1,1,день,0,1
1,смартфон,2,6.81,2,0,утро,0,0
2,смартфон,6,1.36,1,0,ночь,0,1
3,планшет,4,10.77,5,0,день,0,1
1,ПК,4,9.22,1,0,вечер,0,0
1,ПК,2,6.14,2,0,вечер,0,1
1,планшет,3,2.68,3,0,день,1,0
4,смартфон,6,2.49,1,0,вечер,1,1
2,планшет,5,35.07,1,1,утро,0,1
1,смартфон,3,33.54,2,0,утро,0,1
1,смартфон,1,27.64,2,0,день,0,0
2,ПК,3,7.26,2,0,утро,0,0
1,смартфон,1,44.46,0,0,вечер,1,0
3,смартфон,5,3.53,2,0,день,1,1
4,ПК,5,5.57,1,0,вечер,0,0
2,ПК,4,1.92,1,0,ночь,1,1
2,смартфон,2,6.24,1,0,утро,0,0
4,смартфон,5,2.05,1,0,вечер,0,0
1,смартфон,4,1.0,0,0,утро,0,0
1,ПК,5,1.0,1,0,вечер,1,0
2,смартфон,5,4.76,0,0,ночь,0,1
1,ПК,3,22.79,3,1,утро,0,1
1,смартфон,5,5.75,0,1,утро,0,1
3,смартфон,3,10.37,2,0,день,0,0
5,смартфон,3,17.03,3,0,ночь,0,1
3,смартфон,1,8.05,3,0,день,0,0
1,ПК,5,8.28,4,0,день,0,0
2,планшет,2,7.43,1,1,день,0,0
6,смартфон,3,1.34,3,0,вечер,0,1
1,смартфон,4,10.1,1,0,день,0,1
2,планшет,4,12.84,4,1,утро,1,1
4,смартфон,5,1.0,1,1,ночь,1,1
3,ПК,5,1.0,0,0,день,0,0
2,смартфон,4,7.8,0,0,ночь,0,0
1,смартфон,6,18.26,0,0,день,0,0
5,смартфон,3,7.62,1,0,утро,0,0
1,смартфон,3,5.7,2,0,день,0,0
1,смартфон,10,27.61,1,1,день,1,1
2,ПК,5,1.0,0,1,утро,0,0
2,смартфон,5,1.49,2,0,день,1,0
4,смартфон,5,11.56,2,0,утро,0,1
3,смартфон,4,1.15,1,0,вечер,0,0
2,планшет,2,1.45,2,0,ночь,0,0
2,планшет,4,20.55,1,0,день,1,0
1,ПК,6,2.36,1,0,вечер,0,0
1,смартфон,5,9.74,3,0,утро,0,0
1,планшет,6,5.05,2,0,утро,0,0
6,планшет,5,1.47,2,0,день,0,0
1,смартфон,5,4.88,1,0,утро,0,0
3,смартфон,4,5.38,2,0,утро,0,0
4,ПК,2,9.91,1,0,вечер,0,1
3,смартфон,6,1.67,1,0,вечер,0,1
3,смартфон,1,1.0,2,0,день,1,0
1,смартфон,6,9.31,1,0,вечер,0,0
1,смартфон,5,1.0,2,1,день,0,1
2,смартфон,4,1.67,1,0,вечер,0,1
2,планшет,5,39.88,2,0,вечер,0,0
1,ПК,8,1.0,0,0,ночь,0,0
1,смартфон,5,10.28,0,0,утро,1,0
1,смартфон,7,1.49,1,1,вечер,0,1
6,ПК,1,17.21,2,1,утро,0,1
2,планшет,6,8.72,0,0,день,0,1
5,смартфон,3,6.4,2,1,утро,0,1
4,планшет,6,6.17,4,0,ночь,0,1
1,планшет,3,11.12,1,1,ночь,1,0
4,смартфон,3,18.24,1,0,ночь,1,1
4,смартфон,4,1.0,4,1,утро,0,1
2,смартфон,3,1.0,4,0,день,0,1
1,ПК,3,3.18,1,0,день,1,0
2,смартфон,3,13.4,1,0,ночь,1,1
2,смартфон,7,2.15,0,0,вечер,1,1
2,смартфон,2,5.22,2,0,день,1,0
4,ПК,5,7.08,1,0,день,0,1
1,смартфон,3,4.67,0,1,ночь,0,0
1,ПК,9,6.25,2,0,вечер,0,1
1,планшет,3,16.03,1,0,день,0,0
2,планшет,4,2.6,0,0,день,1,0
3,ПК,3,3.96,0,0,утро,0,0
1,смартфон,3,7.48,3,0,день,0,0
1,ПК,1,20.03,1,0,утро,0,0
1,ПК,8,2.3,4,0,вечер,0,0
1,ПК,1,7.44,1,1,вечер,1,0
1,ПК,7,20.86,3,1,ночь,0,1
2,ПК,3,1.19,1,0,ночь,0,0
1,смартфон,3,12.78,1,0,утро,0,0
2,смартфон,1,2.53,0,0,день,0,0
3,смартфон,2,1.91,1,0,вечер,0,1
3,смартфон,10,2.7,2,0,день,0,1
2,планшет,3,6.99,1,0,ночь,1,0
2,смартфон,7,9.25,2,0,день,0,1
1,смартфон,6,2.16,0,0,день,1,0
1,ПК,4,1.19,2,0,день,0,0
1,ПК,3,6.03,4,0,вечер,0,0
2,ПК,2,1.0,1,0,день,0,0
6,ПК,5,7.74,1,0,вечер,0,1
1,смартфон,4,11.48,1,0,день,0,0
1,ПК,6,29.15,3,0,утро,0,1
3,смартфон,2,1.54,1,0,утро,0,0
4,ПК,7,5.68,3,0,день,1,0
1,смартфон,4,2.97,1,0,вечер,0,1
2,ПК,5,2.46,1,1,утро,0,1
2,планшет,2,7.33,1,0,день,0,0
1,смартфон,5,1.55,0,0,утро,0,0
1,планшет,5,1.0,1,0,утро,0,0
1,ПК,2,1.77,2,0,день,0,0
1,ПК,6,4.09,1,0,утро,1,0
2,смартфон,6,1.0,3,0,день,0,1
3,смартфон,3,19.46,3,0,день,0,1
2,смартфон,8,8.76,1,0,вечер,0,1
5,смартфон,3,1.0,0,0,утро,0,0
1,смартфон,3,2.6,2,0,день,0,0
1,планшет,3,10.92,1,0,день,0,0
1,смартфон,3,1.0,1,0,вечер,1,0
3,ПК,4,4.73,0,0,день,0,0
2,смартфон,7,1.02,1,0,день,0,0
1,смартфон,4,4.97,2,0,утро,1,0
2,смартфон,2,34.43,4,0,вечер,0,1
2,ПК,3,6.07,3,0,вечер,0,1
1,ПК,6,9.51,2,0,ночь,0,1
1,смартфон,4,5.25,1,1,вечер,1,1
1,смартфон,4,3.78,2,0,вечер,1,0
3,смартфон,6,9.43,1,0,день,0,1
1,ПК,6,9.7,1,0,вечер,0,0
5,планшет,2,9.55,1,0,день,0,0
2,планшет,1,1.0,0,0,вечер,0,0
3,смартфон,2,11.92,1,0,вечер,0,1
2,смартфон,4,11.27,0,0,день,0,1
1,смартфон,1,1.0,4,0,день,1,1
1,смартфон,3,2.11,1,1,вечер,0,1
1,смартфон,2,7.35,2,0,вечер,0,0
3,смартфон,2,4.48,1,0,день,1,0
4,смартфон,6,8.58,1,0,день,0,1
2,смартфон,7,14.29,0,1,вечер,0,1
3,смартфон,4,7.94,1,0,день,1,0
1,смартфон,4,6.14,2,0,ночь,1,0
1,планшет,5,3.06,1,0,день,0,0
1,планшет,3,9.56,1,0,день,0,0
2,смартфон,2,17.56,4,0,день,0,1
2,ПК,4,3.04,1,0,день,0,0
2,ПК,5,15.52,0,0,день,0,1
2,смартфон,2,5.41,1,0,вечер,0,0
1,смартфон,5,1.19,0,0,ночь,0,1
2,ПК,6,24.15,1,0,вечер,1,0
1,ПК,1,11.45,2,0,утро,0,0
1,смартфон,3,18.39,1,1,день,0,0
1,смартфон,8,10.64,2,0,день,0,1
1,ПК,5,1.32,1,0,вечер,0,0
1,смартфон,1,7.8,2,0,день,0,0
2,ПК,3,10.04,2,0,день,1,1
2,смартфон,8,3.03,0,0,вечер,1,0
2,ПК,3,9.97,4,0,вечер,1,1
2,смартфон,3,8.37,1,1,утро,1,1
1,смартфон,4,1.0,1,1,утро,1,1
3,ПК,3,21.42,3,0,день,0,1
1,смартфон,3,7.63,1,0,вечер,0,0
2,смартфон,6,8.78,2,0,день,0,0
1,ПК,7,1.64,2,0,день,1,0
4,смартфон,2,16.3,1,0,день,0,1
1,смартфон,3,7.58,4,0,утро,0,0
5,смартфон,5,1.0,0,0,день,0,1
4,планшет,3,12.07,1,0,день,0,0
1,планшет,5,6.71,0,1,вечер,0,1
1,ПК,1,4.07,1,0,день,0,0
2,смартфон,1,25.46,0,0,день,0,1
3,смартфон,3,17.22,2,0,ночь,0,0
1,смартфон,3,1.0,0,0,день,1,0
1,ПК,7,11.99,2,0,ночь,0,0
2,планшет,3,1.89,3,0,день,0,0
4,ПК,6,1.0,2,0,день,0,1
1,ПК,3,2.47,0,0,вечер,0,0
1,смартфон,5,1.0,1,0,вечер,0,1
1,смартфон,7,10.17,2,0,день,1,0
1,планшет,4,14.17,0,1,день,0,1
1,смартфон,4,1.96,1,1,вечер,1,1
1,смартфон,2,2.35,0,0,утро,0,0
2,ПК,3,1.44,3,1,день,0,0
3,смартфон,3,8.26,0,0,вечер,0,1
1,смартфон,12,6.72,2,0,утро,0,0
4,смартфон,2,1.0,1,0,день,0,0
3,ПК,3,4.61,1,0,утро,0,0
2,смартфон,3,1.0,0,0,вечер,0,0
1,планшет,8,8.65,0,0,день,0,1
3,смартфон,5,6.42,0,0,день,0,1
3,ПК,5,6.14,0,0,вечер,0,0
2,смартфон,4,13.29,1,1,вечер,1,1
1,ПК,4,6.15,2,0,утро,0,1
2,смартфон,1,6.66,1,0,ночь,1,0
2,ПК,4,10.01,2,0,ночь,0,0
4,ПК,4,3.59,0,0,утро,0,0
1,смартфон,1,27.71,2,0,день,1,0
1,смартфон,4,3.31,5,0,день,0,1
7,смартфон,5,24.51,4,0,вечер,0,1
1,ПК,4,16.8,2,1,день,1,1
2,смартфон,4,23.67,2,0,вечер,0,1
1,смартфон,6,2.02,2,1,вечер,0,1
7,планшет,4,2.63,1,0,день,0,0
1,планшет,2,18.83,1,0,день,1,0
4,смартфон,5,31.51,0,0,утро,0,0
1,смартфон,1,13.99,2,0,утро,0,0
1,смартфон,3,10.16,2,0,день,0,0
3,смартфон,2,16.58,1,0,день,0,1
5,смартфон,1,1.0,1,0,день,0,1
3,ПК,3,19.26,3,0,утро,0,1
1,смартфон,5,3.3,1,0,вечер,1,1
1,смартфон,4,1.0,3,1,утро,0,0
3,смартфон,5,11.44,3,0,ночь,1,1
1,ПК,4,13.97,2,0,вечер,0,1
3,смартфон,2,9.87,2,0,ночь,0,0
2,ПК,4,4.31,2,0,день,0,0
1,смартфон,3,1.25,1,0,ночь,0,0
1,смартфон,10,14.65,3,0,ночь,1,1
2,планшет,2,1.0,0,0,день,0,0
3,смартфон,5,14.26,2,0,вечер,0,1
1,ПК,8,31.57,1,0,вечер,0,1
2,ПК,4,57.49,1,0,утро,1,0
1,смартфон,5,5.05,0,0,день,0,0
1,планшет,1,1.15,3,0,вечер,0,0
1,планшет,1,1.0,2,1,утро,0,1
3,ПК,6,6.76,1,0,день,0,0
1,смартфон,2,15.69,0,0,день,0,0
4,смартфон,3,1.0,4,0,день,0,0
3,смартфон,5,1.84,2,0,утро,0,1
4,ПК,6,8.88,4,0,день,1,1
2,смартфон,6,1.0,2,0,утро,0,0
1,смартфон,4,21.07,4,0,ночь,0,1
1,смартфон,4,6.99,0,0,вечер,0,0
2,ПК,5,4.89,3,0,день,0,1
2,смартфон,2,1.0,2,0,утро,0,0
2,смартфон,5,1.2,2,0,ночь,0,0
4,планшет,5,17.58,1,0,день,0,1
1,смартфон,1,12.01,2,0,вечер,1,0
2,смартфон,5,1.0,1,0,утро,0,0
1,смартфон,5,36.49,1,0,день,1,1
1,смартфон,3,4.36,1,1,день,0,1
3,смартфон,1,9.32,0,0,день,0,0
1,смартфон,2,12.82,1,0,утро,0,0
4,смартфон,5,31.35,1,0,вечер,0,1
2,ПК,3,22.11,0,0,вечер,0,0
1,смартфон,6,9.1,1,1,день,0,1
5,смартфон,5,1.5,1,0,день,0,1
3,смартфон,3,18.64,0,0,утро,0,0
2,смартфон,2,16.97,0,0,день,1,0
1,ПК,1,10.19,0,0,утро,0,0
1,смартфон,6,45.31,0,0,вечер,1,1
4,смартфон,1,7.51,0,0,день,0,0
1,ПК,3,2.4,4,1,день,0,1
1,планшет,4,2.93,0,0,день,0,0
1,ПК,6,5.22,0,0,день,1,0
4,планшет,7,5.49,1,0,день,0,0
1,смартфон,5,17.79,2,0,вечер,0,1
6,ПК,7,21.8,0,1,день,1,1
3,ПК,4,4.82,1,0,утро,0,0
1,смартфон,5,29.06,2,1,день,0,1
1,ПК,6,26.32,2,0,утро,0,0
3,смартфон,6,5.29,0,1,вечер,1,1
2,планшет,3,20.25,1,1,утро,0,0
2,смартфон,8,1.2,1,0,день,0,1
2,смартфон,3,7.16,0,0,день,0,0
1,смартфон,8,12.47,2,0,вечер,0,1
1,смартфон,7,4.24,3,0,вечер,0,1
2,смартфон,2,1.0,3,0,вечер,0,1
1,смартфон,2,1.0,0,0,ночь,0,0
2,планшет,3,22.5,0,0,день,1,0
2,ПК,2,7.31,1,1,утро,0,0
2,смартфон,4,1.65,0,1,день,0,1
2,ПК,3,23.24,3,0,вечер,0,1
3,смартфон,3,28.5,1,1,день,0,0
1,ПК,2,3.95,5,0,день,0,1
6,смартфон,5,8.82,2,1,утро,1,1
2,ПК,4,3.94,2,0,утро,1,0
1,планшет,1,12.92,1,1,день,0,1
1,смартфон,5,29.55,2,0,ночь,1,1
2,смартфон,4,1.0,2,0,день,0,1
1,ПК,10,6.37,3,0,вечер,1,1
1,ПК,10,16.05,1,0,вечер,0,1
1,смартфон,1,11.69,2,0,день,0,0
1,смартфон,6,2.01,2,0,утро,0,0
2,ПК,4,4.98,2,1,вечер,0,1
1,ПК,5,6.32,2,0,утро,0,1
1,смартфон,7,13.66,3,0,день,0,1
3,ПК,6,6.15,1,0,день,0,1
1,смартфон,2,3.77,2,0,день,0,0
2,ПК,3,5.36,3,0,утро,1,1
1,планшет,3,34.08,1,1,вечер,0,0
1,смартфон,3,1.0,1,0,день,0,1
3,смартфон,7,4.06,0,0,утро,0,0
1,планшет,2,2.21,2,0,ночь,0,0
7,смартфон,3,5.12,1,0,ночь,0,0
3,ПК,6,8.81,0,0,день,0,0
1,ПК,1,2.16,3,0,утро,0,0
3,смартфон,7,5.56,3,0,день,1,1
3,ПК,1,17.59,4,0,утро,0,0
3,смартфон,5,10.28,1,0,день,1,1
1,ПК,5,11.37,5,1,день,0,1
1,ПК,3,28.19,3,0,утро,0,0
1,ПК,3,5.26,3,0,ночь,0,0
2,смартфон,1,60.0,0,0,день,1,1
1,смартфон,9,4.81,1,0,вечер,0,1
7,смартфон,5,2.02,4,0,день,0,1
1,смартфон,4,16.48,1,1,день,0,0
1,смартфон,4,7.13,1,0,день,1,0
2,ПК,4,4.23,0,0,вечер,0,0
3,смартфон,3,2.83,2,0,утро,0,0
3,смартфон,4,17.23,1,0,утро,0,1
2,смартфон,2,8.3,2,0,утро,0,0
2,смартфон,1,9.79,1,0,утро,0,0
1,планшет,4,6.2,3,0,день,0,1
1,смартфон,2,2.41,0,0,день,0,1
2,смартфон,3,4.12,1,0,день,0,1
1,смартфон,5,1.38,3,0,день,0,1
1,смартфон,6,4.17,2,0,утро,0,1
3,смартфон,3,24.38,3,0,утро,0,0
2,ПК,5,8.55,3,1,вечер,0,1
2,ПК,5,1.0,2,0,утро,0,0
1,смартфон,4,14.45,0,0,день,0,0
2,смартфон,4,14.6,3,0,вечер,0,0
3,ПК,6,14.25,1,0,день,0,0
1,смартфон,3,9.59,1,0,день,1,1
3,смартфон,2,1.0,0,0,день,0,0
3,смартфон,2,4.82,0,0,утро,1,0
2,ПК,4,3.93,1,0,утро,0,0
3,ПК,4,1.0,0,1,утро,1,1
6,смартфон,2,1.0,0,0,утро,1,0
3,смартфон,5,5.45,1,0,вечер,0,1
1,планшет,1,21.27,2,0,день,0,1
2,ПК,6,32.63,2,0,день,0,1
2,ПК,2,13.6,1,0,вечер,0,1
2,планшет,7,2.56,2,0,ночь,0,1
3,ПК,3,25.47,5,0,день,0,0
2,смартфон,7,38.16,5,0,вечер,0,1
5,смартфон,3,5.63,1,0,ночь,1,0
2,смартфон,3,7.38,2,0,день,1,1
1,смартфон,6,4.25,0,1,утро,0,0
1,планшет,4,19.11,3,0,вечер,0,1
1,ПК,6,3.53,4,0,день,0,1
3,планшет,4,1.15,3,0,утро,0,0
1,планшет,1,6.09,3,0,день,0,0
1,смартфон,3,1.86,2,0,день,0,0
2,планшет,7,5.64,1,0,день,0,0
1,смартфон,4,8.81,0,1,день,1,1
2,планшет,3,16.23,2,0,вечер,1,1
3,смартфон,4,11.78,2,0,день,0,0
5,смартфон,1,13.42,1,0,вечер,0,1
3,смартфон,5,8.93,1,0,день,0,0
1,смартфон,3,1.0,2,0,день,1,1
3,смартфон,6,21.21,5,0,вечер,0,1
1,смартфон,3,11.98,3,0,ночь,0,0
5,смартфон,6,15.6,1,0,вечер,0,1
3,планшет,2,28.29,2,0,день,0,1
1,планшет,4,34.46,0,0,ночь,1,0
3,ПК,4,33.1,1,0,вечер,1,0
1,планшет,6,3.14,3,1,день,0,1
4,смартфон,4,19.08,1,0,день,1,1
2,ПК,7,31.86,2,0,день,0,1
1,смартфон,3,12.25,0,0,утро,0,0
1,смартфон,8,12.59,0,0,вечер,1,0
1,планшет,6,21.56,1,0,день,1,1
1,смартфон,4,3.39,3,0,день,1,1
1,смартфон,5,2.13,2,0,день,1,1
1,ПК,4,5.74,2,0,день,0,0
2,ПК,7,29.93,2,1,утро,0,1
3,ПК,1,1.0,2,0,утро,0,0
2,смартфон,7,5.84,1,0,ночь,0,1
1,ПК,4,11.74,2,0,утро,0,0
3,планшет,6,10.53,0,0,вечер,0,1
1,ПК,2,16.6,1,0,ночь,0,0
5,планшет,7,3.14,1,0,вечер,0,1
2,смартфон,2,2.67,2,0,день,0,1
2,смартфон,2,17.57,1,0,день,0,0
4,планшет,3,17.47,3,0,день,0,1
1,планшет,3,2.86,2,0,утро,0,0
1,смартфон,5,5.8,0,0,вечер,1,1
3,планшет,8,6.01,2,0,день,0,0
1,смартфон,4,7.2,3,0,день,1,1
1,смартфон,5,18.1,1,0,ночь,0,0
4,смартфон,2,9.25,2,1,утро,0,1
2,смартфон,6,7.3,0,0,день,0,0
1,смартфон,4,3.42,2,0,день,0,1
3,ПК,4,1.0,0,0,утро,0,0
1,смартфон,4,25.02,1,0,день,0,0
3,смартфон,5,12.6,0,1,утро,0,1
4,ПК,2,1.0,1,0,день,0,0
4,смартфон,4,3.53,2,0,утро,1,0
1,планшет,10,10.41,3,0,утро,0,1
4,ПК,3,2.35,1,1,день,0,1
1,смартфон,2,1.11,0,0,вечер,0,0
1,ПК,7,7.99,1,0,день,0,0
1,ПК,5,3.99,1,1,день,0,1
1,ПК,5,17.59,1,0,день,0,0
4,смартфон,3,30.1,1,0,день,0,1
1,смартфон,4,8.86,2,0,вечер,0,1
2,смартфон,1,12.48,1,0,ночь,0,0
1,ПК,3,41.0,3,1,ночь,0,1
5,ПК,3,2.56,0,0,вечер,0,0
1,ПК,5,23.52,1,0,утро,1,0
1,смартфон,4,8.19,2,0,утро,0,0
2,смартфон,3,2.08,2,0,день,0,0
2,смартфон,6,3.41,0,0,вечер,1,0
2,смартфон,1,11.65,0,0,утро,0,0
2,ПК,3,25.51,1,0,день,0,0
1,смартфон,3,1.27,2,0,день,0,0
2,смартфон,3,10.2,2,1,утро,1,1
4,ПК,3,4.73,1,0,вечер,1,0
4,смартфон,3,3.88,3,1,день,0,1
4,ПК,3,1.99,0,0,день,1,0
4,смартфон,6,21.91,3,0,утро,0,0
1,ПК,3,4.53,1,1,вечер,0,0
6,смартфон,4,5.86,0,0,утро,1,0
4,смартфон,2,2.32,3,0,утро,0,0
2,планшет,2,9.36,1,0,день,1,0
1,ПК,2,5.8,2,0,вечер,0,0
1,смартфон,3,2.14,1,0,день,1,0
2,планшет,8,3.72,0,0,утро,0,0
4,ПК,2,4.96,0,0,день,0,0
2,смартфон,3,1.0,1,0,день,1,0
1,ПК,2,1.0,2,1,вечер,1,0
4,смартфон,4,48.91,1,0,утро,0,0
1,смартфон,6,26.27,2,0,ночь,1,1
3,смартфон,2,8.99,0,0,утро,0,0
6,смартфон,10,2.81,1,0,день,1,0
1,смартфон,2,2.65,2,1,вечер,0,1
3,смартфон,5,5.81,0,1,вечер,0,1
3,смартфон,1,4.88,3,1,вечер,0,1
2,планшет,3,13.21,2,0,ночь,0,0
1,планшет,3,5.23,1,1,день,0,1
4,смартфон,3,31.09,0,0,вечер,0,0
6,смартфон,7,2.92,0,0,утро,1,1
3,ПК,2,1.0,2,0,день,0,0
3,смартфон,3,9.25,0,0,утро,0,0
1,смартфон,10,44.17,0,0,день,1,1
1,смартфон,5,19.07,0,0,вечер,1,0
2,планшет,5,1.0,0,0,день,0,0
2,смартфон,2,8.56,0,0,вечер,1,1
2,смартфон,4,6.05,0,0,день,0,0
2,ПК,9,14.63,1,0,день,0,0
2,смартфон,2,2.91,1,0,утро,0,0
4,смартфон,1,2.79,0,0,утро,0,0
2,ПК,5,3.81,4,0,ночь,0,1
1,смартфон,7,2.83,0,0,вечер,0,0
2,планшет,7,1.0,1,0,день,1,1
2,смартфон,6,9.89,0,1,день,0,1
3,смартфон,7,9.49,2,0,вечер,1,1
2,смартфон,3,19.09,1,0,утро,0,0
3,планшет,3,11.96,1,0,день,0,0
2,смартфон,4,10.24,1,0,вечер,0,1
4,смартфон,3,2.64,1,0,вечер,1,0
1,ПК,2,13.48,1,0,вечер,0,0
1,ПК,6,19.34,3,0,утро,0,1
1,смартфон,4,5.87,0,0,утро,1,0
1,смартфон,5,7.78,3,0,день,1,0
2,смартфон,2,15.34,3,0,вечер,0,1
3,смартфон,2,6.27,3,0,день,1,0
7,ПК,6,10.98,5,1,вечер,0,1
3,ПК,3,2.42,0,0,утро,0,0
2,смартфон,2,8.78,0,0,вечер,0,0
2,смартфон,1,1.0,2,1,ночь,0,1
2,ПК,4,2.34,2,0,день,1,0
1,ПК,2,25.37,2,1,утро,0,0
1,смартфон,5,9.04,5,0,вечер,0,1
3,смартфон,3,6.08,2,1,вечер,1,1
3,смартфон,3,7.38,1,0,день,0,1
3,ПК,2,1.0,5,0,день,0,0
2,смартфон,7,6.15,3,0,день,0,1
4,ПК,2,1.55,1,0,утро,1,0
2,смартфон,5,19.53,1,0,день,0,1
2,ПК,4,5.34,1,0,день,0,1
2,смартфон,3,2.64,0,0,день,0,0
1,смартфон,3,7.17,0,0,утро,0,0
2,смартфон,6,4.55,1,0,день,0,1
1,смартфон,4,6.16,0,1,день,1,1
3,смартфон,5,12.94,2,0,день,0,0
3,планшет,2,7.12,0,1,ночь,0,1
3,смартфон,4,24.65,2,0,ночь,0,1
3,смартфон,5,2.97,2,0,вечер,1,1
1,смартфон,3,3.95,1,0,день,0,0
1,смартфон,4,15.03,0,1,ночь,1,1
2,смартфон,3,15.3,0,0,вечер,0,0
2,смартфон,4,37.55,2,0,день,1,1
1,смартфон,2,9.9,0,0,вечер,0,0
1,смартфон,2,8.53,2,0,утро,0,0
1,смартфон,3,8.89,1,0,вечер,0,1
2,смартфон,4,4.48,1,0,день,1,0
1,смартфон,5,4.86,4,0,день,0,1
3,планшет,3,3.28,0,0,день,1,1
1,смартфон,7,9.09,1,0,день,0,1
2,смартфон,6,18.34,0,0,день,0,1
3,ПК,5,10.04,0,1,день,0,1
1,смартфон,2,6.4,2,0,утро,1,0
4,смартфон,5,1.0,3,0,утро,0,1
1,смартфон,5,2.85,3,0,вечер,0,0
2,планшет,4,18.64,0,0,день,0,0
1,планшет,4,5.05,0,0,вечер,1,0
4,ПК,2,21.68,0,0,утро,0,0
4,ПК,4,2.78,1,0,вечер,1,0
1,ПК,2,8.57,2,0,вечер,0,0
3,ПК,1,33.17,1,0,вечер,0,1
1,смартфон,7,8.14,3,1,вечер,0,1
2,смартфон,3,2.34,1,0,вечер,0,0
1,ПК,7,2.61,0,0,утро,0,1
2,ПК,2,1.72,2,0,день,0,0
3,смартфон,1,1.0,3,0,утро,0,0
1,смартфон,6,11.79,3,0,утро,0,1
4,ПК,1,15.28,2,0,день,0,0
1,смартфон,4,17.16,1,0,утро,1,0
6,смартфон,6,1.0,2,1,день,0,1
4,планшет,5,28.52,1,0,день,0,0
7,смартфон,1,9.64,1,1,вечер,1,1
1,смартфон,7,1.0,3,0,день,0,0
2,ПК,7,1.0,2,0,день,0,1
1,смартфон,10,7.13,0,0,утро,0,1
1,ПК,5,2.8,0,0,вечер,0,1
2,ПК,2,2.73,1,0,ночь,0,1
2,ПК,4,1.0,0,0,день,0,0
2,ПК,8,6.58,1,0,день,1,0
1,смартфон,7,1.0,0,0,утро,0,1
4,смартфон,4,1.0,3,0,вечер,0,0
2,ПК,4,1.73,2,0,день,1,0
3,смартфон,6,1.0,1,0,день,0,0
2,смартфон,5,1.09,2,0,день,0,0
3,планшет,6,9.02,0,0,вечер,0,0
1,планшет,5,2.97,4,0,вечер,1,1
2,ПК,4,1.0,0,0,вечер,0,0
5,планшет,5,1.46,2,1,день,1,0
3,планшет,7,1.0,1,0,день,0,1
2,планшет,3,15.0,2,0,утро,0,0
1,смартфон,4,8.24,2,0,день,0,1
1,смартфон,4,6.43,3,0,вечер,0,1
2,ПК,8,20.66,1,0,день,0,1
4,смартфон,3,1.0,4,0,вечер,0,1
1,ПК,2,1.0,2,0,утро,0,0
5,ПК,1,5.52,1,1,ночь,0,1
3,планшет,6,3.07,1,0,вечер,0,1
2,ПК,4,6.46,2,0,вечер,1,1
5,планшет,4,23.37,1,0,день,1,0
3,смартфон,4,5.91,1,0,день,0,1
1,смартфон,3,1.88,2,0,вечер,0,1
2,смартфон,6,15.99,0,0,день,1,0
3,смартфон,4,4.92,0,0,день,0,1
1,смартфон,2,14.07,1,0,день,0,1
2,ПК,3,1.52,1,0,день,0,0
3,смартфон,7,4.11,0,1,день,0,1
2,смартфон,5,1.0,2,0,утро,0,0
1,смартфон,2,2.68,1,0,день,0,0
1,смартфон,4,10.41,3,1,утро,0,1
1,смартфон,5,3.47,1,0,ночь,1,0
2,смартфон,5,1.5,2,0,ночь,0,1
2,ПК,2,1.0,3,0,ночь,1,0
3,смартфон,5,9.23,1,1,вечер,0,1
4,смартфон,7,1.0,0,1,вечер,0,1
2,смартфон,3,16.03,1,1,вечер,1,1
1,планшет,5,4.42,2,0,утро,0,0
1,ПК,3,3.64,0,0,утро,0,0
3,ПК,1,9.8,3,0,вечер,1,0
2,планшет,6,8.13,1,0,день,1,0
1,смартфон,5,43.89,0,0,вечер,0,1
5,смартфон,3,1.0,2,0,утро,0,0
1,смартфон,6,19.06,2,0,утро,0,1
3,планшет,3,9.15,0,0,день,1,0
4,смартфон,3,21.42,0,1,день,0,1
4,планшет,4,11.84,0,0,вечер,0,0
6,смартфон,10,14.37,1,0,ночь,0,1
1,смартфон,5,15.45,1,0,вечер,0,1
4,смартфон,6,1.0,2,0,утро,1,0
4,ПК,1,18.22,1,0,утро,0,0
1,смартфон,6,11.37,2,0,вечер,1,0
1,планшет,2,29.45,2,0,вечер,0,0
3,смартфон,3,1.43,0,1,ночь,0,1
7,смартфон,5,25.46,0,0,вечер,0,0
7,смартфон,3,19.27,2,0,утро,0,0
1,смартфон,3,2.57,3,0,день,0,0
2,смартфон,3,1.32,0,0,день,0,0
3,смартфон,2,9.91,1,1,утро,1,0
2,смартфон,2,11.27,4,0,ночь,0,1
4,ПК,3,12.41,1,0,вечер,0,0
3,смартфон,1,18.68,1,1,утро,1,1
1,смартфон,4,8.14,3,0,вечер,0,1
1,планшет,4,3.34,2,0,вечер,0,0
1,планшет,2,19.45,2,0,вечер,1,0
4,смартфон,5,5.68,1,0,вечер,0,1
5,планшет,4,5.7,3,1,вечер,0,1
2,ПК,7,6.78,3,0,день,0,1
2,смартфон,6,18.05,2,0,утро,0,0
6,смартфон,5,35.33,1,0,день,0,1
2,смартфон,3,1.88,5,0,день,1,0
3,смартфон,5,1.3,1,0,день,0,0
2,ПК,3,3.39,0,0,вечер,0,1
5,смартфон,7,23.46,1,0,утро,0,1
1,смартфон,10,7.51,1,0,ночь,0,0
1,ПК,1,1.0,4,0,день,0,1
1,планшет,5,8.72,1,0,день,0,0
1,смартфон,6,7.96,2,0,день,1,1
3,планшет,3,1.0,1,0,вечер,0,0
1,планшет,2,1.61,1,0,утро,0,0
3,ПК,4,1.0,1,0,день,1,0
1,смартфон,2,7.36,2,0,день,0,1
3,смартфон,5,7.57,0,0,утро,0,0
1,смартфон,3,6.16,1,0,день,0,0
4,смартфон,9,6.0,4,0,вечер,0,1
1,смартфон,1,8.69,1,0,ночь,0,0
6,планшет,2,10.85,1,0,ночь,0,1
6,смартфон,6,33.18,2,1,день,0,1
3,смартфон,3,7.88,1,0,вечер,1,0
1,планшет,5,3.09,1,0,утро,1,0
1,смартфон,5,36.73,3,0,вечер,1,1
2,ПК,4,1.12,0,0,день,0,0
2,ПК,4,3.75,2,0,утро,0,0
1,ПК,4,23.27,3,0,утро,0,0
2,смартфон,5,28.8,2,0,день,0,1
1,планшет,1,10.36,2,0,утро,0,0
5,ПК,8,1.0,3,0,день,0,1
1,ПК,4,5.84,2,0,день,0,1
1,планшет,3,26.99,2,0,день,1,1
2,смартфон,2,22.05,1,0,утро,0,0
1,смартфон,2,22.42,2,0,утро,0,0
1,ПК,2,3.48,2,0,вечер,0,0
3,ПК,4,17.42,0,0,ночь,0,0
1,ПК,6,11.16,1,0,день,0,1
4,смартфон,3,22.42,0,0,день,0,1
1,смартфон,6,10.16,2,0,вечер,0,1
1,смартфон,5,4.7,3,1,утро,0,1
4,ПК,4,10.06,1,0,день,0,1
3,ПК,4,4.43,0,0,день,0,0
1,смартфон,6,1.0,1,0,утро,0,1
3,планшет,2,16.97,1,0,день,0,0
2,смартфон,3,18.93,2,0,день,0,0
3,смартфон,1,13.79,0,1,вечер,0,0
1,смартфон,4,2.58,1,0,день,0,0
1,ПК,7,1.46,1,1,утро,1,0
2,ПК,3,1.86,2,1,утро,0,0
1,смартфон,4,6.95,1,0,утро,0,0
6,смартфон,4,3.07,4,0,день,0,1
3,планшет,3,21.06,1,0,день,0,0
5,смартфон,6,7.86,3,0,вечер,1,1
1,ПК,4,5.98,1,0,утро,1,0
1,ПК,6,20.53,3,1,день,0,1
3,смартфон,4,1.0,0,0,день,0,1
1,смартфон,3,20.48,1,0,день,0,0
1,смартфон,3,16.2,1,0,утро,0,0
1,смартфон,2,11.62,0,0,вечер,0,0
2,планшет,2,1.18,0,0,день,1,0
2,смартфон,4,1.0,2,0,день,1,0
2,ПК,5,1.82,2,0,вечер,0,0
1,смартфон,4,3.15,1,0,вечер,0,0
1,ПК,3,9.58,1,0,день,1,0
1,смартфон,4,1.0,0,0,утро,0,0
1,ПК,3,2.02,5,0,вечер,0,0
1,ПК,1,2.24,4,0,вечер,0,0
1,смартфон,3,11.11,1,0,день,0,1
2,смартфон,3,4.25,0,0,ночь,0,0
3,ПК,7,3.22,0,0,утро,0,0
2,смартфон,7,1.0,2,0,утро,0,0
6,смартфон,4,1.0,0,0,ночь,0,1
2,ПК,2,7.98,3,0,вечер,0,0
7,смартфон,3,10.03,2,0,утро,1,0
1,смартфон,9,13.56,1,0,день,0,1
2,планшет,3,6.88,2,0,день,1,0
2,планшет,4,3.13,4,1,день,0,1
4,смартфон,5,3.46,2,0,день,1,1
2,смартфон,4,10.52,2,0,утро,0,1
1,планшет,5,5.56,1,0,день,1,1
1,смартфон,7,1.72,3,0,день,0,1
6,планшет,2,1.0,2,1,день,0,1
3,смартфон,4,3.01,1,0,утро,1,1
1,ПК,4,14.09,1,0,день,1,0
2,смартфон,1,10.93,1,0,день,0,0
5,ПК,4,1.03,2,0,утро,0,0
1,смартфон,4,5.87,1,0,вечер,0,0
2,смартфон,1,1.56,3,0,день,0,0
1,смартфон,3,6.4,3,0,вечер,0,1
3,смартфон,2,1.17,2,0,день,0,0
1,смартфон,8,11.38,1,1,утро,1,1
2,планшет,3,8.77,0,0,день,1,0
2,ПК,11,3.0,0,1,день,0,1
3,смартфон,3,48.83,1,1,вечер,1,0
3,смартфон,5,8.88,0,0,день,0,0
1,ПК,1,3.13,2,0,вечер,0,0
1,смартфон,7,4.43,2,0,день,0,0
1,смартфон,5,24.79,1,0,день,1,0
1,смартфон,4,2.27,0,0,утро,0,0
5,смартфон,6,2.28,2,0,вечер,1,1
2,смартфон,6,8.45,0,1,утро,1,0
2,планшет,8,4.04,4,0,вечер,0,1
2,смартфон,4,3.63,1,0,день,0,1
2,ПК,2,5.28,1,0,вечер,0,0
1,смартфон,1,17.79,1,0,день,0,0
1,смартфон,6,18.39,1,0,ночь,0,1
1,смартфон,2,10.96,3,0,вечер,0,1
1,ПК,6,8.61,1,0,день,1,1
4,смартфон,6,1.0,2,0,ночь,1,0
3,смартфон,3,8.33,1,0,день,0,0
2,смартфон,1,30.81,1,1,день,1,0
5,смартфон,5,18.16,0,0,вечер,0,1
4,смартфон,3,1.56,5,0,утро,1,1
3,смартфон,5,36.49,2,0,день,1,0
3,смартфон,1,2.44,0,1,вечер,1,1
2,ПК,1,1.32,1,0,день,0,0
1,смартфон,1,3.41,1,1,день,0,0
4,ПК,6,1.52,2,0,день,1,1
3,смартфон,4,2.54,0,0,вечер,0,0
2,смартфон,6,3.69,1,0,день,1,0
5,ПК,4,8.94,1,0,вечер,0,0
3,ПК,3,9.51,3,0,день,0,1
1,планшет,3,7.65,0,0,ночь,0,1
1,планшет,4,3.54,0,0,ночь,1,0
3,ПК,9,30.66,0,0,день,0,0
1,смартфон,7,3.52,2,0,вечер,0,0
4,смартфон,6,5.13,3,0,утро,0,1
1,смартфон,5,5.49,1,0,день,1,1
1,планшет,6,1.0,0,1,вечер,1,0
2,планшет,3,5.6,5,0,утро,0,1
3,планшет,3,4.13,1,0,день,0,0
2,смартфон,4,1.0,1,0,вечер,1,1
2,ПК,3,16.67,3,0,вечер,0,0
2,смартфон,6,12.44,1,0,вечер,0,0
1,планшет,5,3.33,0,0,утро,0,0
1,смартфон,8,3.02,1,0,день,0,1
3,ПК,6,23.51,3,0,вечер,0,1
1,смартфон,3,2.1,3,0,день,1,0
2,смартфон,1,20.69,1,0,утро,0,1
3,ПК,3,1.0,0,0,ночь,0,0
4,ПК,5,18.3,1,0,утро,0,0
5,смартфон,6,7.8,4,0,день,0,1
1,ПК,3,14.95,2,0,утро,0,1
2,планшет,2,1.0,0,0,вечер,0,0
2,смартфон,5,5.45,1,1,день,0,1
1,смартфон,2,5.98,2,0,день,0,0
1,смартфон,4,7.24,1,0,вечер,0,0
1,смартфон,3,9.88,1,0,день,1,0
3,планшет,6,4.93,1,0,утро,0,1
1,смартфон,4,5.93,2,0,утро,0,0
2,ПК,3,4.62,1,0,утро,0,0
1,ПК,4,11.99,0,0,утро,0,0
2,планшет,1,23.9,1,1,ночь,1,1
4,ПК,3,1.21,1,0,утро,0,0
1,ПК,5,3.39,1,0,день,1,0
2,смартфон,4,2.48,0,0,вечер,1,0
2,ПК,5,28.03,1,1,вечер,0,0
1,ПК,2,9.03,2,0,день,1,0
4,смартфон,2,1.54,2,0,день,1,0
1,ПК,3,5.07,2,1,утро,0,1
1,смартфон,6,6.42,5,1,утро,0,1
1,смартфон,8,9.75,2,0,утро,0,1
3,ПК,4,2.42,0,0,утро,1,0
3,ПК,8,6.97,0,0,утро,0,0
3,планшет,4,16.17,0,0,день,0,1
4,смартфон,1,10.79,1,0,день,1,0
2,планшет,7,1.1,2,0,утро,0,0
3,планшет,4,24.34,0,0,день,0,1
1,смартфон,3,4.13,5,0,вечер,1,1
2,смартфон,8,5.53,1,0,вечер,1,0
1,ПК,4,11.79,3,1,утро,0,1
1,смартфон,1,6.19,1,0,утро,0,0
1,смартфон,2,8.87,2,0,ночь,1,0
1,смартфон,3,6.5,3,0,день,0,1
2,планшет,5,3.68,3,0,утро,0,0
4,смартфон,5,5.81,2,0,день,0,0
5,смартфон,6,3.73,1,0,вечер,0,0
1,смартфон,3,5.95,0,0,ночь,0,0
2,смартфон,5,2.26,3,0,вечер,1,1
2,смартфон,1,1.0,2,0,день,0,0
2,смартфон,7,12.0,1,0,ночь,0,1
1,смартфон,3,1.35,2,0,утро,0,0
3,смартфон,2,17.28,3,1,день,1,1
2,ПК,1,4.52,2,0,день,1,0
1,смартфон,5,2.86,3,0,день,0,0
4,ПК,1,5.27,1,0,утро,0,0
1,планшет,3,1.62,0,0,день,1,0
4,смартфон,5,18.91,1,0,день,0,1
4,смартфон,4,1.82,2,0,день,0,0
1,ПК,2,6.81,0,0,утро,0,0
1,планшет,5,1.77,0,0,вечер,1,1
1,смартфон,6,1.0,1,0,ночь,0,1
4,смартфон,5,15.98,2,0,день,0,1
1,смартфон,8,8.15,2,0,утро,0,0
2,ПК,3,1.0,1,0,ночь,0,0
2,ПК,3,22.34,2,0,утро,0,0
2,смартфон,5,4.99,0,1,день,0,0
4,смартфон,3,5.55,3,1,вечер,1,1
4,смартфон,5,6.83,3,0,утро,1,0
4,ПК,5,2.54,2,0,вечер,1,0
2,смартфон,4,8.0,0,0,вечер,0,0
4,ПК,5,2.88,1,1,вечер,0,1
3,смартфон,7,18.08,1,0,утро,0,0
2,планшет,2,17.5,3,0,день,0,1
4,смартфон,5,6.48,4,0,ночь,1,1
2,ПК,7,7.59,1,0,день,1,1
2,смартфон,5,49.44,2,0,утро,0,1
1,ПК,6,15.87,1,0,день,0,1
2,смартфон,4,1.0,3,0,день,0,1
1,планшет,4,1.89,0,0,вечер,0,1
2,смартфон,4,9.07,1,0,день,0,1
1,смартфон,1,4.65,3,1,вечер,0,1
1,смартфон,3,16.29,2,0,утро,0,0
3,смартфон,1,10.25,1,1,день,0,1
3,смартфон,1,46.76,2,0,день,1,0
2,смартфон,1,1.0,1,0,день,0,0
3,смартфон,5,5.77,1,1,вечер,0,0
2,смартфон,5,5.23,0,0,день,0,0
2,смартфон,4,5.7,0,0,ночь,0,1
1,смартфон,4,21.65,0,0,день,0,0
2,смартфон,1,5.21,1,0,утро,1,0
1,смартфон,5,15.91,2,0,утро,0,1
1,ПК,4,10.01,1,0,вечер,0,0
2,смартфон,5,6.69,1,0,вечер,1,0
1,планшет,1,11.8,3,0,день,1,0
1,смартфон,3,2.6,1,1,вечер,0,0
3,ПК,3,1.53,1,1,утро,1,0
3,смартфон,4,34.17,0,0,день,0,0
3,ПК,3,4.97,0,0,день,0,0
2,смартфон,2,3.62,3,0,день,0,0
4,смартфон,6,3.08,4,0,день,1,1
2,смартфон,1,9.74,3,0,утро,0,0
2,смартфон,4,56.36,0,0,день,0,1
1,смартфон,4,22.53,2,0,день,0,1
1,смартфон,2,5.12,1,0,вечер,1,0
1,ПК,7,22.57,2,0,день,0,1
1,смартфон,1,6.11,1,0,ночь,0,0
1,смартфон,4,1.16,2,0,день,0,0
3,ПК,4,2.08,1,0,утро,1,0
2,ПК,4,2.78,0,1,утро,1,0
1,смартфон,4,24.98,2,0,день,0,0
2,планшет,8,38.62,1,0,утро,0,0
1,смартфон,5,2.58,4,1,ночь,0,1
2,смартфон,6,5.16,2,1,день,0,1
2,смартфон,1,39.93,1,0,вечер,1,0
4,смартфон,1,18.79,2,0,день,0,1
5,смартфон,2,5.85,1,0,вечер,1,0
1,смартфон,6,6.03,0,1,день,0,1
1,смартфон,3,21.09,2,0,утро,0,0
1,смартфон,7,1.0,2,0,утро,0,0
4,планшет,1,26.69,3,0,день,0,1
2,планшет,7,1.0,1,1,день,0,1
1,планшет,4,23.17,1,0,вечер,0,0
1,ПК,4,1.0,3,1,вечер,0,1
4,ПК,3,34.77,0,0,вечер,0,0
2,ПК,6,1.0,1,0,утро,0,0
1,смартфон,6,33.5,3,0,вечер,0,1
2,смартфон,5,1.0,2,1,день,0,0
2,смартфон,4,1.34,2,0,вечер,0,0
5,смартфон,3,32.95,1,0,вечер,0,1
3,смартфон,6,15.69,2,0,вечер,1,1
4,смартфон,2,18.31,3,1,ночь,0,1
1,ПК,4,5.65,2,0,день,0,1
2,смартфон,4,1.0,2,0,утро,0,0
2,смартфон,1,1.61,2,0,вечер,0,1
1,смартфон,4,25.73,3,0,утро,0,0
1,планшет,1,4.85,2,0,вечер,1,1
1,смартфон,4,14.09,1,1,вечер,0,1
3,смартфон,2,11.72,0,0,вечер,0,0
3,ПК,9,6.42,0,0,день,0,0
1,ПК,3,19.7,1,0,ночь,0,0
1,планшет,3,10.63,3,1,вечер,1,1
1,ПК,6,13.46,5,0,день,0,1
2,смартфон,6,18.13,2,1,день,1,1
1,планшет,8,2.52,1,0,вечер,0,0
1,смартфон,3,3.47,1,0,день,0,0
2,планшет,7,14.09,1,0,день,0,0
5,смартфон,3,17.67,1,0,вечер,0,1
1,смартфон,6,9.1,4,0,день,0,1
2,смартфон,6,50.05,2,0,ночь,0,1
3,смартфон,4,21.04,1,0,день,1,1
2,смартфон,4,16.12,5,0,вечер,0,1
2,смартфон,2,2.82,1,1,день,1,1
2,планшет,4,4.05,3,0,утро,0,0
2,смартфон,2,4.47,0,0,вечер,0,0
3,смартфон,1,1.0,0,0,вечер,0,0
1,планшет,1,13.15,2,0,вечер,0,1
6,планшет,7,5.31,1,0,ночь,0,0
2,смартфон,11,9.7,0,0,утро,0,0
4,смартфон,2,12.36,4,0,день,1,0
1,ПК,2,1.0,0,0,ночь,0,1
2,смартфон,1,1.0,3,0,день,0,0
1,смартфон,2,4.08,0,1,день,0,1
2,смартфон,3,10.66,0,0,день,0,1
1,ПК,1,6.51,3,0,ночь,1,1
7,смартфон,3,27.95,2,0,вечер,0,1
2,смартфон,3,2.97,1,1,утро,0,1
1,ПК,5,1.1,0,0,день,1,0
1,смартфон,6,1.21,3,0,утро,0,1
4,смартфон,5,2.55,3,1,вечер,0,1
3,смартфон,3,2.69,4,0,день,0,0
1,ПК,3,4.76,4,1,ночь,0,1
1,ПК,4,8.3,1,0,ночь,0,0
1,планшет,1,2.87,2,0,вечер,0,1
3,смартфон,5,7.24,0,1,вечер,0,1
3,смартфон,5,6.5,0,1,день,0,1
2,смартфон,4,3.7,1,0,день,0,1
1,смартфон,7,5.69,0,0,день,0,1
2,планшет,4,4.83,1,0,ночь,0,1
3,смартфон,3,29.97,1,1,день,0,1
1,ПК,2,1.0,1,1,ночь,0,0
3,смартфон,6,14.57,0,0,вечер,0,1
4,смартфон,4,3.7,1,1,утро,0,0
4,ПК,6,2.05,1,0,день,0,0
3,смартфон,6,20.46,1,0,утро,1,0
3,ПК,3,6.34,0,0,утро,0,0
1,смартфон,5,7.14,3,1,день,0,1
2,планшет,4,5.38,1,0,день,0,0
1,ПК,3,5.18,2,0,ночь,0,0
2,смартфон,2,11.8,0,1,день,0,0
4,смартфон,3,14.25,0,0,утро,0,0
1,смартфон,6,15.56,2,0,утро,0,0
2,планшет,3,7.45,0,0,день,0,0
2,смартфон,3,12.11,0,0,день,0,0
3,смартфон,4,15.03,1,0,утро,0,0
1,ПК,2,11.5,0,0,день,0,0
1,ПК,1,2.15,3,0,вечер,0,0
4,ПК,5,12.44,2,1,утро,1,1
5,смартфон,1,10.45,1,0,утро,0,0
2,смартфон,3,1.01,1,0,день,0,1
1,ПК,3,10.39,4,0,утро,0,0
2,смартфон,3,20.8,1,0,день,0,1
3,планшет,1,5.33,1,0,вечер,0,0
2,планшет,4,1.43,2,0,ночь,0,1
4,смартфон,5,9.43,0,1,утро,0,0
3,смартфон,1,2.73,1,0,день,1,0
3,смартфон,3,7.88,1,0,утро,0,0
2,смартфон,5,11.06,4,1,день,0,1
4,смартфон,1,7.14,2,0,ночь,0,0
4,ПК,3,3.69,0,0,ночь,1,0
2,смартфон,3,19.45,2,1,день,0,1
2,смартфон,5,1.46,1,0,утро,0,0
1,смартфон,5,1.0,1,0,день,0,1
1,смартфон,6,17.65,2,0,вечер,0,1
2,смартфон,5,1.0,1,0,день,1,0
1,смартфон,6,6.68,1,0,вечер,1,1
4,смартфон,5,7.72,0,0,вечер,0,1
1,смартфон,7,4.13,0,0,день,0,0
2,смартфон,6,3.23,1,0,вечер,0,1
2,ПК,2,13.48,0,0,утро,0,0
4,смартфон,4,4.56,0,0,день,0,0
1,смартфон,5,1.32,0,0,день,0,0
4,ПК,3,6.22,0,1,вечер,0,0
2,планшет,4,12.96,1,0,день,0,0
3,смартфон,5,3.68,0,1,ночь,1,1
2,смартфон,3,1.42,0,0,день,0,0
1,планшет,3,4.17,1,0,утро,0,0
1,смартфон,3,7.88,0,0,утро,0,1
4,смартфон,4,1.07,4,0,день,1,0
2,смартфон,4,2.67,2,0,день,0,0
1,ПК,4,35.35,0,0,день,0,0
3,смартфон,5,2.28,1,0,вечер,1,0
3,смартфон,3,1.0,0,0,вечер,0,0
1,смартфон,5,5.66,1,0,день,1,1
5,смартфон,4,1.0,2,0,вечер,0,1
1,смартфон,7,1.0,3,0,день,0,1
5,ПК,1,1.0,3,0,вечер,1,0
1,смартфон,2,3.52,3,0,ночь,0,0
2,ПК,4,1.0,4,1,утро,1,0
4,смартфон,3,2.14,2,0,ночь,1,0
1,смартфон,4,10.45,0,0,вечер,1,1
1,смартфон,4,3.4,1,0,утро,0,0
2,смартфон,4,8.57,1,0,ночь,1,0
5,смартфон,3,5.3,2,0,день,1,0
3,планшет,8,21.6,0,0,утро,1,1
4,смартфон,4,11.92,2,0,день,0,1
1,смартфон,5,19.14,2,1,вечер,0,1
1,планшет,4,7.32,2,0,ночь,0,0
6,смартфон,2,15.2,1,0,утро,0,1
1,смартфон,1,9.56,3,1,ночь,0,1
1,смартфон,7,13.62,1,0,утро,0,0
2,смартфон,3,11.54,1,0,утро,0,0
2,ПК,4,3.57,4,0,день,0,1
2,смартфон,4,1.34,2,1,день,0,1
1,ПК,4,16.42,2,1,день,0,0
6,ПК,2,1.0,1,0,утро,0,0
2,смартфон,2,9.29,0,1,утро,0,0
1,смартфон,1,44.9,2,0,вечер,0,0
1,ПК,4,2.02,2,0,день,0,0
4,ПК,2,13.61,2,1,день,1,1
2,смартфон,4,30.61,1,0,утро,1,1
1,ПК,3,6.84,1,0,ночь,0,0
1,ПК,3,8.51,1,1,день,0,1
1,смартфон,5,4.58,2,0,ночь,0,1
1,ПК,4,5.83,2,0,день,0,0
2,смартфон,6,9.95,0,0,день,0,0
4,смартфон,4,20.51,0,1,день,0,1
1,смартфон,1,30.44,0,0,утро,1,0
3,смартфон,5,7.84,4,0,день,0,1
2,планшет,3,15.24,1,0,утро,0,0
2,смартфон,5,13.34,0,0,день,0,0
4,смартфон,5,2.84,2,1,вечер,0,1
1,ПК,4,6.2,4,0,день,0,1
1,смартфон,1,11.5,1,1,вечер,1,0
2,смартфон,4,1.38,2,0,ночь,1,1
2,смартфон,1,21.54,2,0,день,0,0
3,смартфон,5,5.15,0,0,утро,0,1
1,ПК,6,6.04,0,0,вечер,0,1
3,смартфон,4,20.38,3,0,день,0,1
1,смартфон,7,1.89,1,1,вечер,1,1
1,смартфон,2,1.0,0,0,утро,0,0
3,смартфон,5,3.37,3,0,вечер,0,1
2,смартфон,4,1.63,3,0,вечер,1,0
5,смартфон,6,42.4,1,0,утро,1,1
1,смартфон,3,8.35,0,0,утро,1,0
6,смартфон,4,8.31,2,0,ночь,0,0
1,смартфон,2,15.8,1,0,утро,1,0
2,смартфон,5,2.99,1,0,вечер,1,0
4,смартфон,3,7.4,1,0,день,0,0
3,ПК,2,1.53,0,0,вечер,0,0
3,планшет,1,1.0,1,0,утро,1,0
1,смартфон,3,5.79,1,0,утро,0,1
2,ПК,2,24.41,4,0,вечер,0,1
4,ПК,6,5.82,1,0,вечер,0,0
1,смартфон,7,6.01,2,0,день,0,0
2,планшет,1,20.03,3,0,день,0,0
2,смартфон,1,3.37,1,0,день,0,1
1,ПК,5,6.73,1,0,вечер,0,0
1,смартфон,7,1.8,3,0,день,1,1
4,ПК,2,18.72,0,0,вечер,0,0
3,смартфон,4,1.0,0,0,ночь,0,1
4,смартфон,1,5.33,0,0,день,0,0
2,ПК,3,3.24,1,0,утро,0,0
3,ПК,2,2.97,0,0,вечер,0,1
2,планшет,5,2.8,1,0,вечер,1,0
3,ПК,5,4.61,2,0,день,0,1
3,планшет,1,23.18,1,0,день,0,0
1,планшет,5,12.34,3,0,ночь,0,0
1,смартфон,7,22.02,2,0,ночь,0,1
3,смартфон,3,2.19,2,0,утро,0,0
2,смартфон,8,18.91,1,0,вечер,0,1
1,планшет,4,5.62,1,1,ночь,0,0
1,смартфон,5,39.67,2,0,утро,0,1
1,смартфон,5,9.01,0,1,утро,0,1
2,смартфон,7,6.68,0,1,утро,0,1
3,ПК,4,25.93,1,0,день,1,1
1,смартфон,6,4.8,1,1,вечер,1,1
1,смартфон,6,13.81,3,0,день,1,1
1,смартфон,5,6.41,2,1,день,0,0
1,смартфон,3,13.23,1,0,день,1,1
1,смартфон,5,3.23,0,1,день,0,1
2,смартфон,6,5.22,2,0,день,0,0
1,смартфон,3,4.24,0,0,день,0,0
3,ПК,2,20.31,0,0,ночь,0,0
1,ПК,4,26.39,3,0,день,1,1
7,смартфон,3,13.3,1,1,вечер,0,1
2,планшет,2,17.24,1,0,день,0,0
1,планшет,8,4.37,0,0,день,0,0
3,планшет,5,1.63,2,1,ночь,0,1
1,смартфон,5,11.6,3,0,день,0,1
2,смартфон,3,10.14,2,0,день,1,0
1,планшет,2,3.06,3,0,утро,0,0
3,смартфон,3,24.35,0,0,день,0,0
2,смартфон,4,4.42,0,0,утро,0,0
4,смартфон,7,16.89,0,0,утро,0,1
1,ПК,4,1.38,3,0,утро,0,0
3,смартфон,6,3.38,1,1,день,0,1
1,смартфон,2,9.53,1,0,день,0,1
2,ПК,3,2.77,2,0,вечер,0,0
1,ПК,7,31.35,0,0,утро,1,0
2,смартфон,3,8.02,0,1,вечер,0,1
3,смартфон,6,13.15,1,0,утро,1,1
3,планшет,1,8.24,0,1,утро,0,0
4,смартфон,7,5.22,3,0,день,0,1
1,планшет,2,17.27,2,0,утро,0,0
2,ПК,3,1.0,1,1,день,1,0
2,смартфон,5,5.57,0,0,ночь,0,1
2,смартфон,2,21.3,0,1,вечер,0,0
1,смартфон,5,1.0,0,0,день,0,1
3,планшет,2,2.33,2,0,вечер,0,0
2,смартфон,9,32.35,1,0,день,1,1
3,смартфон,2,31.93,0,0,утро,0,1
1,смартфон,6,4.85,3,0,вечер,0,1
1,смартфон,3,13.95,2,0,вечер,0,1
1,смартфон,1,9.83,2,0,ночь,0,0
1,смартфон,3,6.79,2,0,утро,0,0
3,планшет,2,16.82,3,0,вечер,0,0
3,смартфон,4,10.52,0,0,вечер,0,0
1,смартфон,5,1.0,1,1,день,0,1
1,ПК,1,18.3,0,1,день,0,0
1,планшет,5,3.21,2,0,день,0,1
1,ПК,1,10.02,3,0,день,1,0
2,смартфон,1,14.94,0,0,день,0,1
1,смартфон,2,22.79,1,1,день,0,1
1,смартфон,9,25.94,0,0,день,0,0
4,ПК,4,26.01,0,0,день,0,0
1,ПК,4,10.71,2,0,вечер,0,0
4,ПК,5,9.79,0,0,день,0,0
1,смартфон,4,1.0,2,1,утро,1,1
1,ПК,2,1.0,1,0,день,0,0
1,ПК,4,4.99,2,0,день,1,1
1,смартфон,3,15.74,0,0,вечер,0,1
1,смартфон,4,8.97,0,0,день,0,0
1,смартфон,8,2.68,0,0,вечер,0,1
2,смартфон,9,1.31,2,0,утро,0,0
1,смартфон,2,6.31,5,0,ночь,1,1
3,ПК,4,24.41,0,1,утро,0,1
1,ПК,5,1.0,0,0,день,0,0
4,ПК,2,6.21,2,0,вечер,0,1
1,смартфон,4,1.0,0,1,утро,0,1
2,смартфон,3,2.88,1,0,вечер,0,0
4,планшет,3,30.75,2,0,день,0,0
1,смартфон,4,1.11,1,0,вечер,0,1
2,смартфон,3,1.0,0,0,день,0,0
2,планшет,3,1.0,0,0,утро,0,0
1,смартфон,3,11.77,0,0,день,0,0
3,смартфон,5,1.0,3,0,вечер,0,1
3,смартфон,3,5.0,0,0,день,0,1
2,ПК,2,30.65,1,0,день,0,0
4,смартфон,7,1.0,0,0,утро,0,1
1,смартфон,3,26.89,0,0,вечер,0,1
2,ПК,6,1.25,4,0,вечер,1,0
4,смартфон,3,1.37,3,0,утро,0,0
1,смартфон,3,9.28,1,0,утро,0,1
2,смартфон,3,2.8,4,1,день,0,1
1,смартфон,4,1.0,3,0,утро,1,0
1,смартфон,6,13.84,0,0,утро,1,1
2,ПК,4,4.63,2,0,день,0,0
3,смартфон,2,23.87,2,0,день,0,0
1,планшет,4,3.26,2,0,утро,0,0
5,смартфон,3,11.07,2,0,вечер,1,1
1,смартфон,6,3.95,3,0,вечер,0,0
5,смартфон,3,1.61,1,0,утро,0,0
2,смартфон,4,36.82,3,1,день,0,1
5,смартфон,6,8.87,1,0,утро,0,1
2,смартфон,1,18.31,3,0,вечер,0,0
2,смартфон,4,2.88,2,0,утро,0,0
5,планшет,4,5.0,1,0,утро,0,0
1,смартфон,2,6.48,0,0,вечер,0,0
4,смартфон,3,9.93,0,0,день,0,0
2,планшет,1,5.02,2,1,вечер,0,1
4,смартфон,4,2.84,0,1,вечер,1,0
1,ПК,7,2.11,3,0,день,0,1
4,планшет,4,9.14,3,0,вечер,0,1
3,ПК,5,2.85,1,0,утро,0,0
6,смартфон,7,5.05,1,0,день,0,0
1,ПК,5,1.0,1,0,вечер,0,0
2,планшет,4,2.96,2,0,вечер,0,0
1,планшет,3,6.6,1,0,день,0,0
1,ПК,4,15.9,2,0,день,0,0
3,смартфон,5,4.67,0,1,ночь,0,0
3,ПК,3,3.5,2,0,ночь,0,0
1,смартфон,3,7.26,1,0,утро,0,1
2,смартфон,5,1.0,2,0,утро,0,1
3,смартфон,3,4.37,1,0,ночь,0,1
5,смартфон,3,1.45,1,0,ночь,0,0
1,смартфон,7,2.92,0,0,ночь,0,0
1,ПК,5,4.95,1,0,утро,0,0
2,ПК,3,1.0,1,0,вечер,0,0
5,планшет,4,15.96,1,0,утро,0,0
2,планшет,3,3.21,1,1,день,0,1
1,смартфон,4,2.65,0,0,ночь,0,1
3,смартфон,1,4.21,3,0,вечер,0,1
1,смартфон,7,4.59,2,0,утро,0,1
1,смартфон,3,16.75,1,0,день,0,0
2,планшет,6,3.35,2,0,утро,0,0
2,ПК,3,6.17,3,0,утро,0,1
2,смартфон,5,6.89,1,0,утро,0,1
1,смартфон,1,3.65,0,0,утро,1,0
2,смартфон,5,15.29,0,0,утро,0,0
3,смартфон,3,9.78,3,0,ночь,0,0
4,смартфон,6,12.77,4,0,день,1,1
1,смартфон,3,1.0,3,0,вечер,1,0
1,смартфон,4,17.12,1,1,утро,0,0
3,ПК,6,2.75,2,0,день,0,0
2,смартфон,6,1.0,0,1,день,0,1
1,ПК,5,10.82,1,0,ночь,1,1
1,планшет,3,2.46,1,0,утро,0,0
1,смартфон,1,5.22,1,0,вечер,1,0
3,ПК,5,12.31,2,0,вечер,0,1
4,смартфон,1,1.08,0,0,день,0,1
2,смартфон,3,1.37,0,0,утро,0,0
2,смартфон,1,10.93,0,0,день,1,0
2,ПК,5,5.97,1,0,день,0,1
4,смартфон,2,2.5,0,1,день,1,1
3,смартфон,5,7.25,1,0,вечер,0,0
2,смартфон,4,9.64,2,0,день,1,1
1,смартфон,3,5.19,0,0,день,0,0
1,ПК,3,1.9,1,1,ночь,0,0
1,ПК,5,10.43,1,0,вечер,1,1
2,смартфон,7,1.29,1,1,день,0,1
2,смартфон,4,10.6,1,0,вечер,0,1
3,ПК,3,3.16,0,0,утро,0,0
1,планшет,3,1.0,2,0,день,0,1
1,ПК,8,6.27,1,1,утро,0,0
1,смартфон,3,3.71,1,0,день,1,0
3,смартфон,5,2.61,3,1,день,0,1
4,ПК,6,6.9,0,0,день,0,1
1,смартфон,6,4.1,2,0,ночь,0,0
3,планшет,4,3.5,0,0,день,0,0
8,планшет,8,14.38,1,0,день,1,1
1,смартфон,2,1.0,2,0,вечер,1,1
1,ПК,4,5.07,0,0,день,0,1
1,смартфон,4,2.83,2,1,утро,0,1
1,планшет,2,3.36,0,0,день,1,0
1,ПК,8,5.83,1,0,день,0,0
6,ПК,3,25.6,3,0,утро,0,0
2,ПК,5,10.76,1,0,утро,0,0
3,смартфон,3,2.15,1,0,утро,0,1
3,планшет,4,8.5,0,0,день,1,1
5,планшет,2,1.67,0,1,ночь,0,1
2,смартфон,3,21.65,1,0,вечер,0,1
1,смартфон,6,5.51,1,0,день,0,1
1,смартфон,5,29.89,2,0,ночь,0,1
2,смартфон,5,10.86,1,0,день,0,1
2,ПК,2,17.93,1,0,вечер,0,1
1,смартфон,5,1.98,1,0,ночь,0,0
1,смартфон,2,19.31,2,0,вечер,1,0
1,смартфон,1,2.1,1,0,вечер,1,0
1,ПК,3,37.36,1,0,ночь,0,0
2,ПК,9,3.28,0,0,утро,0,1
1,смартфон,5,11.52,1,0,вечер,1,1
2,ПК,1,7.91,2,0,утро,0,0
1,смартфон,2,6.51,2,1,день,1,1
1,смартфон,2,5.6,1,0,утро,1,0
2,ПК,5,4.84,0,0,день,1,0
3,смартфон,1,3.61,3,0,утро,0,1
3,смартфон,4,9.09,2,0,вечер,1,0
1,смартфон,6,41.48,3,0,день,0,1
4,смартфон,7,11.15,2,0,утро,0,1
2,смартфон,2,14.14,1,0,вечер,0,0
3,смартфон,3,10.62,0,0,день,1,0
2,планшет,4,7.25,2,0,утро,0,0
3,смартфон,10,16.99,0,0,день,1,0
3,смартфон,3,3.9,2,0,утро,0,0
1,смартфон,4,3.19,2,1,утро,0,0
1,ПК,3,4.84,3,0,вечер,1,0
1,планшет,5,8.65,0,0,утро,1,0
3,ПК,5,1.0,2,0,утро,0,0
2,смартфон,4,18.03,0,0,вечер,0,1
3,планшет,1,3.61,1,0,ночь,1,0
1,смартфон,5,9.18,1,0,день,0,1
4,планшет,5,1.0,0,0,ночь,0,1
1,смартфон,2,5.65,1,0,день,0,0
1,планшет,6,1.0,2,0,день,1,0
5,смартфон,7,1.0,2,1,вечер,0,1
4,смартфон,2,15.52,3,0,вечер,0,1
1,планшет,2,5.19,1,1,ночь,0,1
2,ПК,4,16.86,1,0,вечер,0,1
3,смартфон,4,4.11,1,0,день,1,1
1,ПК,3,10.43,1,0,утро,0,0
1,смартфон,7,1.0,1,0,день,0,0
3,планшет,3,2.11,0,0,вечер,1,1
3,ПК,1,6.37,2,0,вечер,0,1
2,смартфон,3,5.81,1,0,вечер,0,0
1,смартфон,1,2.16,2,0,вечер,0,0
3,смартфон,10,20.46,1,0,утро,0,0
1,смартфон,3,3.34,5,0,утро,0,0
1,ПК,4,5.57,3,0,день,0,0
4,планшет,9,4.12,0,0,утро,0,0
2,ПК,4,53.96,3,0,утро,1,0
3,смартфон,5,4.26,1,0,вечер,1,0
1,смартфон,2,3.07,4,0,утро,0,0
1,смартфон,8,23.73,0,0,утро,0,0
3,ПК,1,1.71,3,0,вечер,0,0
1,смартфон,5,25.03,0,0,ночь,0,1
1,ПК,4,8.41,2,0,день,0,0
1,смартфон,1,2.53,1,0,день,0,0
2,планшет,4,2.9,1,0,вечер,0,0
2,смартфон,7,12.41,1,0,вечер,0,1
3,ПК,6,1.0,0,0,вечер,0,1
3,смартфон,5,12.57,5,1,день,0,1
3,планшет,7,3.71,0,0,день,0,0
3,планшет,3,16.52,0,1,вечер,0,1
3,смартфон,3,1.33,4,0,день,0,0
3,смартфон,3,2.87,2,0,вечер,0,1
3,ПК,3,5.78,1,0,вечер,0,1
1,смартфон,8,21.14,3,0,день,1,1
2,ПК,3,3.34,1,0,вечер,0,0
3,планшет,2,18.57,1,0,ночь,0,1
1,смартфон,2,1.08,0,1,утро,1,0
1,смартфон,4,1.91,2,0,день,1,0
1,планшет,3,1.72,1,1,день,1,0
3,планшет,1,9.49,1,0,утро,0,0
2,ПК,1,4.92,1,0,утро,0,0
3,смартфон,1,19.91,3,0,утро,0,0
1,ПК,1,6.65,2,1,вечер,0,1
3,смартфон,5,18.2,4,0,день,0,0
1,ПК,4,2.75,0,1,утро,0,1
1,смартфон,3,26.78,2,0,день,0,1
1,смартфон,4,10.08,3,0,день,0,0
1,смартфон,7,7.05,1,1,день,0,0
1,смартфон,2,9.39,0,0,день,1,0
2,ПК,7,24.9,2,0,вечер,0,0
1,смартфон,3,4.19,1,1,ночь,0,1
5,смартфон,7,2.82,0,0,вечер,0,1
2,смартфон,4,2.82,0,0,вечер,0,1
1,смартфон,3,36.02,1,0,вечер,0,1
3,смартфон,6,4.12,1,0,день,1,1
3,смартфон,4,21.53,1,0,вечер,0,1
4,смартфон,3,1.48,2,0,вечер,0,0
1,смартфон,1,5.63,1,1,вечер,0,0
4,смартфон,5,9.66,2,0,вечер,0,1
2,смартфон,11,33.11,1,0,день,0,1
1,планшет,3,11.31,2,0,утро,0,0
3,ПК,6,1.0,4,0,вечер,0,1
6,ПК,3,14.28,0,0,вечер,0,1
4,ПК,6,10.49,1,0,вечер,0,1
2,ПК,4,2.05,1,0,утро,0,0
1,смартфон,4,9.69,1,0,вечер,0,0
3,смартфон,5,25.99,2,0,вечер,1,1
2,ПК,3,1.0,0,0,день,0,0
2,планшет,4,36.65,0,0,день,1,0
3,смартфон,5,3.51,3,0,ночь,1,1
1,смартфон,5,9.35,4,1,утро,1,1
1,ПК,4,3.25,1,1,утро,1,0
1,ПК,3,13.13,3,0,вечер,0,1
4,смартфон,5,7.25,1,0,день,0,1
1,ПК,4,3.05,0,1,утро,0,1
3,ПК,6,7.0,1,0,вечер,0,0
4,смартфон,8,4.33,2,0,день,0,1
1,ПК,3,2.87,1,1,день,0,1
2,ПК,3,8.98,1,1,утро,0,1
1,смартфон,1,10.17,2,0,утро,0,1
2,планшет,6,1.51,1,0,день,0,0
1,смартфон,6,26.47,2,0,день,0,1
2,планшет,5,1.0,1,0,утро,0,1
3,ПК,8,3.24,1,0,день,1,0
1,смартфон,7,4.21,2,0,день,1,1
1,смартфон,8,1.0,1,0,день,0,1
1,ПК,3,1.0,0,0,день,1,0
4,ПК,3,18.8,4,0,день,0,1
3,смартфон,3,4.49,1,0,утро,0,0
1,ПК,5,4.55,4,1,ночь,1,1
2,смартфон,8,11.67,1,0,ночь,0,0
1,смартфон,3,12.88,2,0,ночь,0,0
2,ПК,5,12.29,2,1,день,1,1
6,ПК,5,6.33,1,0,день,1,1
6,планшет,1,12.27,0,0,день,0,0
2,смартфон,4,25.76,1,0,день,0,0
2,смартфон,7,1.45,1,0,вечер,0,0
3,ПК,4,8.55,3,0,день,0,1
2,смартфон,2,21.1,3,0,утро,0,0
1,смартфон,2,33.73,1,0,вечер,0,1
2,ПК,8,1.0,1,0,день,0,1
2,планшет,6,29.92,0,0,вечер,0,1
2,смартфон,2,12.96,3,0,день,0,1
4,смартфон,5,12.9,2,0,день,0,1
4,ПК,5,1.6,2,0,утро,0,0
2,ПК,1,8.58,2,0,день,1,0
1,смартфон,2,4.44,0,0,утро,0,0
2,смартфон,5,8.81,0,0,ночь,1,0
1,смартфон,1,13.37,1,0,день,0,0
3,ПК,4,2.03,0,0,ночь,1,0
2,смартфон,4,1.66,0,0,день,1,0
1,планшет,2,4.41,3,0,утро,0,0
2,смартфон,7,10.28,0,0,вечер,0,0
3,смартфон,1,11.2,1,0,день,0,0
3,ПК,3,9.39,2,0,вечер,1,1
3,смартфон,2,18.94,3,0,день,0,1
1,ПК,2,13.27,1,0,утро,0,1
2,смартфон,4,7.03,0,0,утро,0,0
1,смартфон,7,6.59,2,0,утро,1,1
2,смартфон,2,15.98,0,0,день,0,0
2,смартфон,4,21.54,1,0,день,0,1
1,смартфон,5,18.91,3,0,вечер,0,0
4,ПК,1,6.86,5,0,вечер,0,0
1,смартфон,1,8.66,2,0,день,0,1
2,ПК,4,15.43,0,1,вечер,0,1
1,смартфон,1,8.66,2,0,утро,0,0
1,смартфон,4,2.55,4,0,ночь,0,1
2,смартфон,5,21.79,0,0,день,0,1
1,ПК,9,6.8,5,0,день,0,1
4,смартфон,3,40.21,0,0,день,0,1
2,смартфон,2,8.06,2,0,вечер,0,0
1,смартфон,3,4.89,2,0,ночь,1,0
1,смартфон,3,2.4,1,0,день,0,0
5,смартфон,7,4.23,1,0,день,1,0
2,смартфон,5,2.49,1,0,утро,0,0
1,смартфон,5,25.46,1,0,вечер,0,1
2,смартфон,5,9.18,1,0,день,0,0
1,ПК,5,17.16,2,0,день,0,1
2,ПК,2,2.34,3,0,ночь,0,0
1,планшет,3,1.0,1,0,ночь,0,1
3,смартфон,3,5.43,0,0,вечер,1,0
1,смартфон,7,27.53,2,0,утро,1,0
1,ПК,5,1.2,0,1,день,1,0
1,смартфон,9,15.54,2,1,ночь,1,1
3,смартфон,4,1.0,1,0,день,0,0
3,ПК,7,1.81,1,0,ночь,0,0
2,ПК,2,13.09,1,0,утро,0,0
2,ПК,2,2.37,3,0,день,0,0
3,ПК,5,1.0,2,0,утро,1,0
3,ПК,7,2.48,3,1,вечер,0,1
2,планшет,8,13.2,2,1,ночь,0,1
1,смартфон,4,7.6,1,1,утро,0,1
1,ПК,4,7.92,1,0,день,0,0
1,ПК,3,5.28,1,0,утро,1,0
1,смартфон,7,1.58,1,0,утро,1,0
1,смартфон,2,2.43,2,1,день,0,0
3,смартфон,3,2.05,1,0,день,1,1
2,ПК,10,12.28,2,0,вечер,0,0
3,смартфон,2,18.78,1,0,ночь,1,0
3,смартфон,6,2.71,1,1,день,0,0
2,смартфон,5,1.89,1,0,утро,0,1
4,ПК,7,2.9,2,0,утро,0,0
1,планшет,7,27.93,1,0,утро,1,0
1,смартфон,5,2.4,1,0,день,1,1
3,смартфон,4,11.71,4,1,день,1,1
1,смартфон,6,1.24,1,0,утро,0,0
1,смартфон,5,10.8,4,0,утро,0,1
3,смартфон,3,2.8,0,0,день,0,0
1,смартфон,2,18.15,3,0,утро,0,0
5,смартфон,5,1.0,0,0,утро,0,0
1,смартфон,2,6.94,1,0,день,1,0
1,смартфон,4,10.89,0,0,вечер,1,0
3,ПК,4,13.61,1,0,вечер,0,0
2,смартфон,4,23.06,4,0,утро,0,0
4,смартфон,6,9.83,0,0,вечер,1,0
5,смартфон,1,1.38,0,0,день,0,1
1,смартфон,6,12.86,2,1,утро,1,1
1,смартфон,9,7.51,1,0,день,0,1
1,смартфон,2,1.05,1,0,вечер,1,0
1,планшет,2,1.51,2,0,утро,0,0
3,смартфон,8,17.62,0,0,день,0,0
2,смартфон,4,8.34,2,1,день,1,1
3,ПК,1,1.72,4,0,вечер,1,0
1,смартфон,3,15.53,1,0,день,0,0
2,ПК,2,8.83,0,0,день,0,1
2,смартфон,7,1.83,4,0,день,0,0
3,смартфон,5,5.97,0,1,ночь,0,1
2,смартфон,5,26.44,1,1,день,0,1
3,смартфон,7,13.92,1,0,утро,0,0
5,ПК,2,4.89,1,0,вечер,1,0
4,смартфон,4,1.0,4,0,день,0,0
3,смартфон,3,2.56,2,0,утро,0,1
1,планшет,6,1.99,1,0,ночь,0,0
1,смартфон,9,4.74,2,0,день,0,0
3,планшет,3,21.41,3,0,день,0,0
2,смартфон,8,1.98,5,0,вечер,1,1
2,планшет,6,1.0,2,0,день,0,0
2,ПК,3,1.41,1,1,день,0,1
2,смартфон,4,5.91,2,0,день,0,1
1,смартфон,5,1.0,0,1,вечер,0,1
1,смартфон,4,8.13,1,0,утро,0,0
2,смартфон,2,3.2,4,0,день,1,1
4,смартфон,6,4.7,4,0,ночь,0,1
3,ПК,7,1.7,3,1,вечер,0,1
1,смартфон,4,13.69,1,0,ночь,0,0
4,смартфон,3,4.8,2,0,утро,0,0
1,смартфон,3,1.22,1,0,утро,1,0
3,смартфон,3,4.49,2,0,ночь,0,1
3,смартфон,6,41.06,1,0,день,0,0
1,смартфон,4,12.52,2,0,вечер,0,0
2,смартфон,1,20.35,1,0,ночь,0,1
4,смартфон,4,22.25,2,0,вечер,1,1
4,планшет,4,7.96,2,0,день,0,0
2,ПК,4,8.14,2,0,день,1,1
1,смартфон,10,23.71,2,0,день,1,1
3,ПК,3,20.66,3,0,день,0,0
1,смартфон,5,12.6,2,0,вечер,0,1
1,ПК,4,17.26,0,0,ночь,0,0
1,смартфон,1,13.52,3,0,день,0,1
5,ПК,6,3.68,3,1,день,1,1
4,ПК,2,1.29,2,0,день,1,0
3,ПК,6,12.63,2,0,ночь,0,0
4,ПК,5,23.61,2,1,вечер,0,1
1,смартфон,1,38.41,3,0,день,1,1
1,смартфон,5,1.0,1,0,вечер,0,1
3,планшет,4,10.13,4,0,утро,0,0
2,смартфон,5,9.61,1,0,утро,0,0
1,смартфон,4,4.61,1,0,день,0,0
2,смартфон,3,8.04,1,1,вечер,0,0
2,планшет,2,6.08,2,0,утро,0,1
2,смартфон,1,25.85,2,0,день,0,0
1,планшет,4,3.55,3,0,ночь,0,0
3,планшет,2,1.98,1,0,утро,0,0
4,смартфон,10,11.18,0,0,утро,1,0
5,смартфон,6,3.37,1,1,день,0,1
1,ПК,4,1.0,2,1,ночь,0,1
3,ПК,6,16.17,1,0,день,0,1
1,смартфон,5,3.92,1,0,утро,0,0
3,смартфон,4,48.93,1,0,утро,0,0
1,смартфон,5,3.74,0,1,вечер,0,1
1,смартфон,9,8.11,2,0,вечер,1,1
1,смартфон,3,1.76,1,0,вечер,0,0
3,ПК,3,7.61,0,0,вечер,0,0
3,ПК,2,3.08,4,0,ночь,0,1
1,ПК,6,11.46,1,0,вечер,0,0
2,смартфон,3,1.0,3,0,день,1,0
2,смартфон,7,12.01,1,0,вечер,0,1
1,смартфон,1,7.29,1,0,ночь,0,1
1,планшет,8,4.78,1,0,вечер,0,1
1,смартфон,3,1.0,0,0,вечер,0,0
2,планшет,4,1.0,2,0,день,0,0
3,планшет,5,15.71,2,0,день,1,0
2,ПК,4,13.5,0,0,ночь,0,1
2,смартфон,4,6.27,2,0,вечер,0,0
1,ПК,4,1.0,2,1,утро,1,0
2,смартфон,7,16.77,0,0,утро,0,0
1,планшет,4,10.95,2,0,день,0,0
1,смартфон,4,1.0,3,0,утро,0,0
2,смартфон,3,3.24,1,0,ночь,0,0
1,смартфон,4,1.0,3,0,вечер,0,1
2,смартфон,6,20.39,3,0,вечер,0,1
4,ПК,4,7.01,2,0,вечер,0,0
1,смартфон,2,4.69,1,0,вечер,1,0
5,ПК,4,9.99,2,0,утро,0,0
3,смартфон,4,13.7,5,0,ночь,0,1
1,смартфон,2,10.59,0,0,день,0,1
1,смартфон,3,17.65,2,0,день,0,0
1,смартфон,2,9.02,1,0,ночь,0,0
1,планшет,3,1.0,1,0,утро,0,0
3,смартфон,5,1.46,0,1,вечер,1,1
1,ПК,5,20.19,2,0,вечер,0,0
1,смартфон,5,1.37,0,0,утро,1,0
1,смартфон,3,9.67,3,0,вечер,0,0
3,смартфон,3,2.31,0,0,вечер,0,1
5,планшет,2,32.31,3,0,день,0,1
3,планшет,4,2.55,1,0,утро,0,0
2,смартфон,1,4.49,2,0,вечер,0,0
1,смартфон,4,14.86,1,0,ночь,0,0
5,планшет,6,10.73,1,0,день,0,1
1,ПК,7,3.88,4,0,день,0,0
2,смартфон,7,11.97,1,1,день,0,1
2,ПК,2,39.08,1,1,вечер,1,1
4,смартфон,5,1.57,2,0,вечер,1,1
4,смартфон,5,2.75,1,0,день,0,1
1,ПК,3,5.96,0,1,день,0,0
4,планшет,1,3.76,4,0,вечер,0,1
1,ПК,3,3.81,3,0,день,0,0
2,смартфон,1,5.6,2,0,день,1,1
3,смартфон,2,15.59,3,1,день,0,1
2,планшет,7,4.42,0,1,утро,1,0
3,ПК,5,2.97,1,1,день,0,1
2,ПК,5,8.0,0,0,день,0,0
4,смартфон,2,20.53,0,1,день,0,1
3,смартфон,5,12.02,3,0,утро,0,0
3,смартфон,1,4.16,1,0,вечер,1,0
2,смартфон,2,35.81,0,0,утро,1,0
1,смартфон,6,11.74,0,0,вечер,0,1
7,смартфон,6,1.49,0,0,утро,1,0
1,ПК,4,11.86,1,1,ночь,0,1
1,планшет,2,23.62,2,0,вечер,0,0
1,ПК,3,6.41,2,1,утро,0,0
2,ПК,4,13.07,3,0,вечер,1,1
1,смартфон,4,1.63,4,0,день,0,1
3,ПК,5,1.17,2,0,ночь,0,1
1,планшет,4,9.89,2,0,день,0,1
2,ПК,3,5.11,1,0,вечер,0,1
1,смартфон,3,6.15,1,0,утро,0,0
2,смартфон,7,3.67,0,0,утро,0,1
2,планшет,6,6.08,1,0,утро,0,0
4,ПК,4,1.04,1,0,утро,0,0
1,ПК,5,1.14,2,1,день,0,1
2,планшет,6,5.87,4,0,вечер,0,1
2,смартфон,3,6.04,2,1,утро,0,1
3,планшет,2,20.51,1,1,день,0,1
1,ПК,4,4.01,2,0,день,0,1
3,ПК,1,11.3,1,0,день,0,1
3,планшет,1,3.61,0,0,вечер,0,0
1,смартфон,2,3.68,0,0,утро,0,0
2,планшет,4,12.34,1,0,вечер,0,0
1,смартфон,3,8.26,2,0,утро,0,0
1,ПК,7,4.67,2,0,день,1,1
3,планшет,5,6.6,2,0,день,0,0
3,планшет,1,18.61,1,0,день,0,1
1,ПК,3,13.7,2,0,утро,1,0
2,смартфон,5,27.28,1,1,вечер,0,1
2,смартфон,3,20.95,4,0,день,0,1
5,планшет,7,11.07,1,0,день,0,1
2,смартфон,3,2.11,2,0,вечер,0,0
1,смартфон,4,4.49,0,0,утро,0,0
1,ПК,2,8.09,2,0,день,0,0
2,смартфон,3,1.0,2,0,день,0,1
2,смартфон,8,11.43,4,0,вечер,1,1
2,смартфон,4,39.14,1,0,вечер,1,0
3,смартфон,2,17.58,2,0,вечер,1,1
1,смартфон,7,11.64,1,0,утро,1,0
1,смартфон,6,11.33,1,0,утро,1,0
2,ПК,3,22.73,1,0,утро,0,1
1,смартфон,3,3.72,1,0,вечер,0,1
2,смартфон,5,5.92,2,1,день,0,1
4,смартфон,7,10.8,0,0,вечер,1,0
4,планшет,1,8.5,0,1,день,0,1
1,смартфон,3,18.59,0,0,день,0,0
3,смартфон,5,4.56,3,1,день,0,1
1,ПК,3,5.38,1,0,день,1,0
2,смартфон,1,2.87,1,1,утро,0,1
2,смартфон,3,10.18,1,0,день,0,1
3,ПК,4,4.95,0,0,вечер,0,0
1,смартфон,4,7.95,1,0,день,0,0
2,смартфон,5,1.0,1,0,ночь,0,0
2,смартфон,3,12.19,1,0,день,0,0
2,ПК,3,7.61,2,0,вечер,1,0
1,ПК,8,13.56,3,1,день,0,1
1,смартфон,1,2.88,0,0,день,0,0
1,смартфон,1,19.34,1,0,день,0,1
2,смартфон,5,20.46,0,0,вечер,0,1
1,планшет,2,5.75,0,0,вечер,0,0
3,смартфон,6,1.0,0,0,вечер,0,1
1,смартфон,4,7.08,2,1,ночь,0,1
4,ПК,4,10.41,2,0,утро,0,1
2,смартфон,5,9.15,1,0,вечер,0,1
2,смартфон,4,22.8,2,1,день,0,1
1,ПК,7,25.04,3,0,утро,0,1
2,ПК,3,9.73,5,0,утро,0,0
6,планшет,4,10.28,1,0,ночь,1,0
2,ПК,9,1.39,1,1,ночь,0,1
2,смартфон,1,5.0,1,0,ночь,0,0
1,смартфон,4,4.01,1,0,день,0,1
4,смартфон,5,4.24,0,1,день,0,1
1,смартфон,5,13.0,3,0,вечер,0,1
1,смартфон,5,6.69,4,0,день,1,0
3,смартфон,1,6.98,1,0,день,0,1
2,смартфон,7,2.85,1,0,день,0,1
4,смартфон,2,1.83,1,1,вечер,0,0
1,смартфон,5,5.27,0,0,ночь,1,0
1,смартфон,5,1.0,0,0,день,1,0
4,планшет,5,1.74,2,1,вечер,0,1
4,смартфон,4,17.07,1,0,утро,1,0
5,смартфон,3,5.75,0,0,утро,1,0
1,ПК,3,37.45,0,0,ночь,0,1
1,планшет,5,1.0,2,0,ночь,0,0
4,смартфон,4,25.33,5,1,утро,0,1
2,смартфон,5,10.57,2,0,ночь,0,0
1,планшет,2,9.76,2,0,день,0,1
4,смартфон,5,18.35,2,0,вечер,0,1
1,смартфон,8,9.86,1,0,день,1,1
3,планшет,5,1.0,0,0,вечер,0,0
1,смартфон,4,23.57,0,0,вечер,0,1
2,смартфон,6,20.65,0,0,вечер,0,1
1,смартфон,3,7.34,1,0,день,1,0
4,смартфон,3,1.35,1,0,утро,1,0
1,ПК,7,17.23,2,0,вечер,1,0
4,смартфон,7,7.55,2,1,день,0,1
1,смартфон,6,3.95,1,0,день,0,1
3,планшет,5,50.07,1,0,утро,0,1
1,смартфон,2,1.8,2,0,ночь,0,0
2,смартфон,3,1.8,2,1,утро,1,1
1,смартфон,6,9.16,1,0,день,0,1
1,смартфон,3,3.11,0,0,вечер,0,0
2,ПК,5,5.31,2,0,утро,0,0
1,смартфон,8,2.75,2,0,день,0,1
1,смартфон,4,15.26,1,0,ночь,0,1
1,ПК,2,3.21,0,1,ночь,0,1
2,смартфон,2,18.46,0,1,день,0,1
1,смартфон,2,13.32,1,0,ночь,1,1
1,смартфон,3,3.54,1,0,ночь,0,0
3,смартфон,7,16.05,2,0,день,0,1
2,смартфон,6,3.84,1,0,утро,0,0
1,смартфон,3,5.22,1,1,утро,0,0
2,смартфон,7,1.0,1,0,день,0,0
1,смартфон,3,8.41,2,0,день,0,1
2,смартфон,1,16.94,0,1,день,0,0
1,ПК,1,9.75,3,0,утро,1,0
3,ПК,7,8.02,2,0,утро,1,1
2,смартфон,2,22.82,0,0,утро,0,0
1,ПК,3,5.82,0,0,день,0,0
3,планшет,3,54.65,0,0,день,0,0
3,планшет,3,6.18,1,0,вечер,1,0
2,смартфон,4,10.31,0,0,вечер,0,0
2,ПК,8,1.0,1,0,день,0,0
2,ПК,5,11.99,3,0,ночь,0,1
2,смартфон,3,3.85,1,0,утро,0,0
3,планшет,5,1.37,3,0,день,1,0
2,планшет,5,1.6,4,0,утро,0,1
1,смартфон,4,7.1,4,0,вечер,0,1
2,смартфон,6,8.91,1,0,утро,0,0
3,смартфон,7,12.15,0,0,вечер,0,0
2,смартфон,5,5.91,1,0,утро,0,1
2,смартфон,7,20.01,0,0,утро,0,0
2,смартфон,3,1.0,4,0,день,0,0
3,планшет,3,1.29,0,0,вечер,0,0
2,ПК,5,2.59,3,0,утро,0,1
4,смартфон,2,1.07,0,0,утро,0,0
2,смартфон,1,14.1,1,0,день,1,0
1,смартфон,1,4.51,2,0,вечер,0,0
2,ПК,5,9.27,0,0,день,0,0
2,смартфон,5,14.48,0,0,день,0,0
2,планшет,3,7.92,1,0,ночь,0,1
2,смартфон,2,7.62,2,0,вечер,0,1
3,смартфон,3,5.98,2,0,день,0,1
1,смартфон,4,11.89,1,0,утро,0,1
3,смартфон,1,7.54,0,1,вечер,0,1
3,ПК,3,5.17,4,0,вечер,0,1
3,смартфон,7,9.62,3,0,день,0,1
2,смартфон,4,32.58,0,0,вечер,0,0
3,ПК,6,16.51,3,0,вечер,0,0
2,смартфон,9,5.93,1,0,утро,0,1
3,смартфон,5,9.36,0,0,утро,0,0
1,ПК,2,4.97,0,0,вечер,0,0
1,смартфон,1,7.34,1,0,день,1,0
2,ПК,4,13.23,0,0,день,0,1
2,ПК,9,18.2,0,1,день,1,1
3,смартфон,1,1.0,1,0,вечер,1,0
3,смартфон,3,1.8,2,0,день,0,0
3,смартфон,1,8.68,2,0,утро,0,0
2,смартфон,8,12.16,1,0,день,1,1
1,планшет,4,10.81,0,1,ночь,0,1
2,смартфон,3,2.87,3,0,день,1,1
2,смартфон,4,10.63,2,0,утро,1,0
3,смартфон,4,6.2,3,0,вечер,0,1
1,смартфон,4,2.81,0,0,день,0,1
2,планшет,5,21.6,1,1,утро,0,0
1,ПК,2,7.55,0,1,вечер,0,1
3,планшет,1,19.84,0,0,утро,0,1
1,ПК,1,5.41,2,0,утро,0,0
1,смартфон,2,10.02,2,0,утро,0,0
6,смартфон,4,16.98,2,0,вечер,0,1
2,смартфон,4,3.99,0,0,утро,0,0
1,ПК,1,19.49,3,0,вечер,0,0
2,смартфон,2,4.33,1,0,день,0,0
2,ПК,2,2.26,1,0,день,0,0
1,ПК,5,13.48,4,0,вечер,0,1
3,планшет,4,4.08,2,0,день,0,1
2,смартфон,3,30.66,1,1,утро,0,1
4,смартфон,3,16.32,0,1,утро,1,1
3,смартфон,5,2.62,4,0,день,1,0
3,смартфон,3,43.08,3,0,утро,0,1
1,ПК,4,4.52,0,1,день,0,1
1,ПК,5,8.16,2,0,день,0,0
5,ПК,4,1.0,4,0,вечер,0,0
1,смартфон,1,1.0,2,0,день,0,1
1,смартфон,8,3.5,3,0,день,0,1
3,планшет,3,1.0,1,0,день,1,0
2,смартфон,5,3.25,2,0,вечер,0,1
6,ПК,4,7.39,1,0,утро,0,1
1,ПК,7,11.74,1,0,утро,1,0
4,смартфон,3,2.89,2,0,ночь,0,0
1,планшет,3,5.23,1,1,вечер,0,1
2,планшет,4,4.83,1,0,утро,0,0
1,смартфон,2,3.97,1,1,ночь,0,1
4,смартфон,5,4.92,1,0,ночь,0,0
1,смартфон,2,6.7,0,1,вечер,0,1
1,смартфон,3,2.21,1,1,ночь,1,0
2,ПК,2,6.25,2,0,день,0,0
1,смартфон,3,3.02,2,0,день,0,0
1,ПК,1,1.0,3,0,день,0,1
1,смартфон,1,2.4,1,0,ночь,0,0
2,ПК,3,27.19,2,0,ночь,0,0
2,ПК,1,7.04,1,1,день,0,0
3,планшет,9,40.5,1,0,ночь,1,1
2,смартфон,5,2.55,2,0,вечер,0,1
1,смартфон,4,3.45,3,0,день,0,1
1,смартфон,6,10.23,0,0,вечер,0,1
1,смартфон,1,4.39,1,0,утро,0,0
4,смартфон,5,4.48,0,0,утро,0,1
1,ПК,8,18.57,1,0,вечер,0,1
2,смартфон,1,1.0,2,0,день,0,0
1,смартфон,2,10.97,0,0,вечер,0,0
1,смартфон,5,21.23,1,0,вечер,0,0
1,ПК,4,1.91,3,1,день,0,1
2,смартфон,8,5.17,1,0,ночь,1,1
3,смартфон,4,16.56,2,0,ночь,0,1
1,ПК,6,7.66,0,0,утро,0,1
2,смартфон,4,4.43,1,0,утро,0,0
1,планшет,6,9.83,2,1,утро,0,1
1,планшет,8,3.93,2,0,день,0,1
2,смартфон,4,9.84,1,1,день,0,1
5,смартфон,4,1.57,0,0,вечер,0,0
3,ПК,4,2.55,0,1,день,0,1
2,смартфон,2,1.0,0,0,день,0,0
3,смартфон,3,2.04,0,0,вечер,0,0
1,смартфон,3,1.4,2,0,день,1,0
3,смартфон,4,9.12,0,0,день,0,1
1,смартфон,2,28.89,0,0,утро,1,0
2,ПК,4,2.43,2,1,утро,0,1
1,ПК,4,1.38,0,0,вечер,1,0
2,смартфон,6,7.66,2,1,день,0,1
2,смартфон,5,2.0,3,1,день,1,1
5,смартфон,1,7.8,0,0,вечер,1,0
1,ПК,5,7.02,1,1,день,0,1
3,смартфон,3,1.0,2,0,ночь,1,0
1,смартфон,4,33.34,2,1,вечер,0,1
1,ПК,5,2.25,1,0,утро,0,0
2,смартфон,2,22.52,3,0,утро,0,1
4,смартфон,7,4.83,1,0,вечер,0,1
1,смартфон,3,1.72,1,0,ночь,0,1
1,планшет,2,1.13,2,0,утро,0,0
1,планшет,7,7.15,2,0,день,0,0
2,планшет,2,4.49,3,0,день,1,0
2,смартфон,2,24.95,0,0,день,0,1
1,смартфон,3,2.25,1,0,вечер,1,0
1,планшет,6,12.86,3,0,утро,0,0
3,ПК,6,2.06,2,0,вечер,0,1
2,смартфон,7,20.53,2,0,утро,0,1
4,смартфон,5,7.14,0,0,день,0,1
1,планшет,5,17.79,0,0,день,0,1
3,смартфон,1,5.75,1,1,день,1,0
1,смартфон,3,1.93,1,0,ночь,0,1
3,смартфон,3,7.75,0,0,вечер,0,0
1,ПК,1,3.18,2,0,день,0,0
1,планшет,5,2.04,2,1,утро,0,0
1,смартфон,2,23.41,2,0,утро,0,1
3,ПК,5,8.02,1,0,вечер,0,1
2,смартфон,6,16.11,0,0,утро,0,1
2,смартфон,2,14.96,3,0,вечер,1,1
2,смартфон,1,1.0,2,0,ночь,0,0
1,смартфон,3,21.7,1,0,вечер,0,0
4,ПК,1,14.84,2,0,день,0,0
4,смартфон,3,3.13,1,0,вечер,0,0
1,смартфон,5,2.61,1,0,утро,1,0
2,ПК,3,1.0,0,0,день,0,0
2,смартфон,6,1.0,1,0,день,1,1
4,смартфон,6,2.16,1,0,день,0,0
4,смартфон,4,1.0,2,0,день,0,1
1,ПК,2,3.8,0,0,утро,0,0
3,смартфон,8,25.54,1,0,вечер,0,1
2,смартфон,3,8.1,0,0,день,1,0
3,смартфон,6,8.69,2,0,утро,0,1
1,ПК,7,2.7,3,0,день,0,0
2,ПК,4,2.55,0,0,день,0,1
2,смартфон,7,4.58,1,0,день,0,0
4,ПК,1,3.04,0,0,утро,1,0
1,ПК,4,19.55,1,0,день,0,1
3,планшет,5,1.95,0,0,утро,0,0
6,планшет,5,11.24,2,0,вечер,0,1
1,смартфон,4,6.73,1,0,ночь,0,0
3,планшет,4,11.31,0,1,вечер,0,1
1,планшет,2,18.0,4,1,ночь,1,1
3,смартфон,3,4.18,1,0,вечер,1,0
1,смартфон,4,7.78,2,0,утро,0,1
3,смартфон,5,6.91,2,0,вечер,1,1
2,ПК,5,4.67,1,0,вечер,0,0
4,планшет,8,16.71,1,0,день,0,1
2,смартфон,5,1.0,1,0,день,0,0
2,ПК,4,3.71,4,0,вечер,0,1
1,планшет,5,17.84,3,0,ночь,0,1
1,ПК,7,20.57,4,1,утро,1,1
1,смартфон,4,11.83,2,0,вечер,0,1
3,смартфон,4,4.17,2,1,вечер,0,1
1,планшет,4,17.28,1,0,вечер,0,1
3,смартфон,2,1.0,4,0,день,0,0
2,смартфон,5,3.08,4,0,утро,0,1
2,смартфон,3,1.0,0,0,утро,0,0
3,ПК,5,1.17,1,0,день,0,0
3,смартфон,4,8.99,3,0,вечер,0,1
3,смартфон,8,1.0,2,0,вечер,0,1
1,смартфон,5,11.39,1,1,вечер,0,1
1,смартфон,8,4.29,1,0,вечер,0,1
1,ПК,3,1.0,0,1,вечер,0,0
2,смартфон,3,3.36,0,1,день,0,1
1,смартфон,4,5.1,1,0,утро,1,0
5,смартфон,1,4.57,0,0,день,0,1
3,смартфон,4,7.14,0,0,вечер,1,0
2,ПК,3,6.99,2,0,день,0,0
2,ПК,4,4.46,4,0,день,1,1
1,смартфон,4,22.95,4,0,вечер,0,0
1,смартфон,4,2.48,0,0,вечер,1,1
1,смартфон,6,4.16,3,0,вечер,1,0
1,смартфон,3,8.07,1,0,день,0,1
3,планшет,6,2.81,3,0,утро,1,0
5,смартфон,5,1.63,4,0,день,0,1
1,ПК,4,1.0,2,0,ночь,0,0
3,планшет,6,29.06,0,0,день,1,0
2,смартфон,4,15.33,0,0,вечер,1,0
2,ПК,1,21.97,4,0,день,0,1
1,ПК,5,1.0,2,0,вечер,0,0
1,смартфон,7,1.0,0,0,день,1,0
1,ПК,2,8.03,1,0,ночь,0,0
3,ПК,1,1.0,3,0,день,1,0
3,смартфон,4,3.17,0,0,вечер,0,0
2,ПК,1,35.98,0,0,утро,1,0
2,планшет,1,4.42,4,1,день,1,1
1,смартфон,3,38.82,3,0,день,1,1
3,смартфон,6,1.26,5,0,вечер,0,1
2,ПК,3,4.86,3,0,день,0,1
1,смартфон,5,1.0,1,0,вечер,0,0
1,смартфон,1,8.95,1,1,день,1,1
2,смартфон,7,4.18,2,0,день,0,1
5,смартфон,4,7.01,0,1,ночь,0,0
2,планшет,4,15.83,3,1,утро,0,0
2,смартфон,4,8.01,1,1,вечер,0,1
2,смартфон,3,10.94,2,1,ночь,0,1
5,ПК,5,6.39,2,1,день,0,1
1,планшет,4,13.78,0,1,день,0,0
1,ПК,3,9.23,0,0,вечер,0,0
1,смартфон,6,20.09,1,0,вечер,0,1
1,планшет,4,14.1,1,1,вечер,0,0
3,планшет,3,2.64,2,0,вечер,0,0
1,смартфон,6,7.43,1,1,утро,0,1
3,ПК,5,20.79,4,0,ночь,0,1
1,смартфон,6,19.58,3,1,день,0,1
2,смартфон,2,6.48,1,0,день,1,0
1,планшет,4,3.77,2,0,утро,1,0
5,смартфон,3,2.37,0,0,ночь,0,0
1,планшет,7,2.16,2,0,утро,1,0
5,смартфон,6,1.55,1,0,ночь,1,1
1,планшет,4,60.0,3,0,утро,0,0
2,смартфон,7,10.86,2,0,ночь,0,1
1,смартфон,5,3.78,1,0,утро,0,1
2,смартфон,1,3.47,0,0,утро,1,0
1,смартфон,2,3.65,1,1,утро,0,0
2,планшет,5,20.59,0,0,утро,0,0
2,ПК,1,7.2,1,0,ночь,0,0
1,смартфон,1,3.17,1,0,вечер,0,0
2,смартфон,2,16.02,1,0,вечер,0,1
5,смартфон,3,13.87,2,0,утро,0,1
6,планшет,4,6.3,4,1,утро,0,1
2,смартфон,4,11.67,2,0,ночь,1,0
3,смартфон,3,13.4,3,0,день,0,1
2,смартфон,8,1.0,2,0,утро,0,0
4,смартфон,7,20.84,1,1,день,1,1
4,смартфон,4,3.38,2,0,утро,0,0
2,смартфон,10,39.69,3,0,ночь,0,1
1,смартфон,3,23.88,0,0,вечер,1,0
2,смартфон,5,1.0,0,1,утро,1,1
2,смартфон,5,9.7,2,0,день,0,0
1,смартфон,6,33.56,4,0,вечер,1,0
4,смартфон,5,8.32,3,0,вечер,0,1
2,смартфон,4,9.56,4,0,день,0,0
1,планшет,6,26.73,0,0,утро,0,0
3,ПК,3,8.5,1,0,вечер,0,1
1,планшет,1,2.8,0,0,ночь,0,0
4,смартфон,3,6.17,2,0,день,0,1
2,планшет,4,4.31,1,0,вечер,0,0
4,смартфон,4,1.83,2,0,день,0,0
5,смартфон,9,2.41,0,0,день,0,1
2,смартфон,6,1.0,1,0,вечер,0,0
1,смартфон,4,1.85,1,1,день,1,0
4,смартфон,7,3.0,2,1,ночь,0,1
1,смартфон,2,14.2,2,0,ночь,0,1
3,смартфон,4,4.56,3,0,день,1,1
3,ПК,5,11.74,1,0,утро,1,1
1,ПК,7,55.61,2,0,вечер,1,1
4,ПК,4,8.72,1,0,утро,0,1
3,смартфон,4,9.52,1,0,день,0,1
1,ПК,5,8.03,1,1,вечер,0,1
1,ПК,1,5.03,2,1,вечер,0,1
4,ПК,1,2.05,1,0,утро,0,0
1,смартфон,1,37.95,2,0,вечер,0,1
2,ПК,2,6.5,2,0,день,0,1
1,смартфон,5,27.47,0,0,день,0,0
1,смартфон,4,3.01,0,0,ночь,0,0
3,смартфон,9,1.15,1,0,день,1,1
4,ПК,4,10.13,2,0,утро,1,0
1,смартфон,5,19.06,3,1,день,1,1
2,смартфон,3,10.85,0,1,вечер,0,1
1,ПК,4,13.58,1,1,вечер,0,1
2,смартфон,4,9.38,3,0,день,0,1
2,ПК,5,13.72,1,0,день,0,0
3,ПК,6,4.22,2,0,день,1,0
1,смартфон,3,4.93,1,0,вечер,0,0
1,смартфон,5,15.15,1,0,день,0,0
2,смартфон,2,16.17,2,0,утро,0,0
1,ПК,6,1.0,2,0,вечер,0,0
1,ПК,6,1.0,0,0,день,0,0
5,смартфон,4,10.98,0,0,утро,1,0
2,смартфон,3,1.0,0,0,вечер,0,0
3,смартфон,1,1.88,3,0,день,1,0
3,планшет,4,2.2,0,0,вечер,0,0
3,смартфон,1,7.12,1,0,ночь,0,0
2,смартфон,3,2.25,1,0,ночь,1,0
3,планшет,4,2.0,3,0,ночь,0,0
2,смартфон,5,1.0,2,1,вечер,0,1
2,смартфон,5,14.55,2,0,день,1,1
3,ПК,1,1.46,2,0,день,0,0
1,смартфон,2,8.41,1,0,утро,0,0
1,смартфон,4,3.56,2,0,вечер,0,0
3,планшет,4,2.02,1,0,день,0,1
1,смартфон,6,4.26,2,0,день,0,1
2,планшет,1,2.98,2,0,день,1,0
2,ПК,4,5.68,2,0,вечер,0,0
4,планшет,2,11.72,2,0,день,0,1
2,планшет,3,1.0,0,1,день,0,1
1,планшет,5,2.02,4,0,день,1,0
1,смартфон,4,1.0,0,1,день,0,0
1,смартфон,8,34.36,2,0,утро,0,0
1,смартфон,3,8.53,0,0,ночь,1,0
1,планшет,9,17.17,0,0,вечер,0,1
1,смартфон,3,3.1,0,0,день,0,0
1,смартфон,4,22.58,1,0,вечер,0,1
2,ПК,8,9.92,1,0,утро,0,0
1,смартфон,4,5.21,2,0,утро,0,1
2,планшет,7,9.18,2,0,вечер,0,1
4,смартфон,3,1.36,0,0,день,0,0
1,смартфон,5,3.76,2,0,вечер,0,1
3,смартфон,7,7.75,2,0,вечер,0,1
2,смартфон,4,10.23,3,0,ночь,0,0
4,смартфон,5,2.44,0,0,день,0,1
4,смартфон,6,48.12,1,0,утро,0,0
4,смартфон,4,17.9,1,0,день,0,1
2,планшет,3,8.67,1,0,утро,1,0
3,смартфон,2,36.24,1,0,день,0,0
2,ПК,2,7.19,0,0,вечер,1,0
1,планшет,4,29.4,0,0,день,0,1
2,смартфон,3,13.93,2,1,утро,1,1
2,смартфон,3,2.45,2,0,утро,0,0
4,смартфон,3,5.2,4,0,вечер,0,1
3,ПК,2,3.05,3,0,вечер,0,1
1,ПК,4,12.79,1,0,день,1,0
1,смартфон,6,14.55,0,0,вечер,0,1
2,смартфон,3,11.53,0,0,утро,0,1
3,ПК,4,7.89,2,0,вечер,1,0
3,планшет,2,5.14,1,0,утро,0,0
2,смартфон,6,41.52,1,0,утро,1,1
1,смартфон,6,1.0,2,0,день,0,0
1,смартфон,4,1.32,2,0,день,0,1
2,планшет,3,9.13,1,0,утро,1,0
3,ПК,5,14.1,1,0,вечер,0,1
1,смартфон,7,31.61,2,0,день,1,1
1,смартфон,3,6.74,2,0,ночь,0,0
1,ПК,9,3.09,1,1,ночь,0,0
2,ПК,4,19.9,1,0,день,1,0
5,смартфон,4,5.81,1,0,день,1,1
1,смартфон,5,1.38,1,0,вечер,0,1
2,смартфон,3,7.38,3,0,утро,0,1
1,смартфон,6,7.46,3,0,утро,0,0
1,смартфон,9,2.6,2,0,утро,1,1
1,смартфон,4,1.53,2,0,ночь,0,0
2,ПК,11,1.54,2,0,день,0,1
2,ПК,4,17.34,4,0,день,0,1
1,смартфон,5,6.95,3,1,утро,0,1
1,ПК,1,13.33,0,1,утро,0,0
1,планшет,5,32.83,3,0,вечер,0,0
4,смартфон,7,15.7,1,0,вечер,0,1
3,ПК,3,1.71,5,0,вечер,0,0
3,смартфон,4,5.45,0,0,день,0,0
2,ПК,1,6.85,2,0,день,0,1
1,смартфон,5,12.08,1,0,день,0,0
3,смартфон,3,33.5,2,0,ночь,0,1
2,смартфон,3,3.36,1,0,день,1,1
2,смартфон,3,19.75,2,0,день,0,1
3,смартфон,4,1.0,2,0,вечер,1,0
2,ПК,3,20.56,1,1,вечер,0,1
1,планшет,8,11.86,2,1,день,1,1
3,смартфон,3,1.0,2,1,день,0,0
3,смартфон,5,9.44,2,0,день,0,0
2,ПК,4,26.79,3,0,утро,0,0
4,смартфон,2,5.67,0,0,утро,0,0
1,смартфон,4,1.25,0,0,вечер,1,0
2,ПК,4,44.76,2,0,утро,0,0
2,ПК,1,5.39,1,1,вечер,0,0
2,планшет,2,7.5,1,0,утро,0,0
3,смартфон,3,34.21,3,0,день,0,0
1,смартфон,7,8.79,1,0,день,1,1
1,ПК,7,11.28,1,1,вечер,0,1
1,ПК,3,12.38,1,0,вечер,0,0
2,ПК,3,14.0,1,0,день,0,1
1,смартфон,2,16.1,1,0,день,1,0
1,ПК,5,1.0,2,0,утро,1,0
2,смартфон,2,27.23,1,0,день,0,0
5,смартфон,4,7.88,2,0,утро,0,0
4,смартфон,3,7.63,0,0,ночь,0,1
3,ПК,7,18.05,5,1,день,0,1
1,смартфон,3,3.66,3,0,день,0,0
1,смартфон,3,10.67,3,0,утро,0,0
1,ПК,4,3.81,1,0,день,0,0
3,смартфон,1,14.31,2,0,ночь,0,0
1,смартфон,4,5.67,2,1,вечер,0,1
1,планшет,6,2.07,1,0,утро,0,0
5,планшет,2,23.96,4,0,утро,0,1
1,смартфон,1,14.0,0,1,день,0,1
2,ПК,1,1.0,3,0,ночь,0,1
1,смартфон,5,1.0,1,0,день,0,1
1,ПК,4,4.77,1,0,день,0,0
1,ПК,5,15.15,1,0,вечер,0,1
1,смартфон,6,3.23,1,0,день,0,1
2,ПК,2,46.85,1,0,день,0,0
2,смартфон,6,25.14,1,0,утро,0,1
2,смартфон,7,20.0,1,0,вечер,0,1
2,ПК,6,1.0,1,0,утро,0,0
1,смартфон,4,33.25,2,0,день,1,0
3,смартфон,3,8.95,1,0,утро,0,1
2,смартфон,2,8.95,0,0,утро,0,0
4,смартфон,7,1.04,0,0,утро,0,0
3,ПК,2,9.4,2,0,утро,0,0
1,ПК,11,7.52,1,1,день,1,1
1,смартфон,5,7.8,4,0,утро,0,0
2,смартфон,10,2.12,1,0,утро,1,0
3,смартфон,5,7.83,3,0,день,0,0
3,смартфон,7,1.0,2,0,день,0,1
2,смартфон,1,1.0,3,0,день,0,0
1,смартфон,2,2.4,1,0,вечер,0,0
1,смартфон,4,16.18,1,0,утро,0,0
3,планшет,3,9.25,1,0,день,0,1
4,ПК,2,22.47,3,0,вечер,0,1
2,планшет,3,4.93,0,0,утро,0,0
4,планшет,6,4.31,1,0,вечер,0,0
3,смартфон,2,12.04,1,0,утро,0,0
1,ПК,6,5.23,1,0,вечер,0,1
2,ПК,3,4.8,1,0,вечер,0,0
3,ПК,3,6.27,1,0,вечер,0,0
2,смартфон,5,1.22,4,0,вечер,1,0
2,планшет,5,2.27,1,0,вечер,1,0
2,планшет,2,9.25,1,0,день,0,0
1,смартфон,4,9.38,2,1,день,0,1
3,ПК,5,8.92,0,0,вечер,0,0
4,смартфон,3,2.23,2,1,день,0,1
1,смартфон,1,5.72,1,1,вечер,0,1
1,смартфон,6,25.38,1,0,вечер,0,0
1,смартфон,8,19.73,1,0,утро,0,1
2,ПК,5,8.15,0,1,день,0,1
3,смартфон,5,23.11,2,0,день,0,1
2,смартфон,2,11.24,2,0,вечер,0,1
4,планшет,3,5.31,2,0,ночь,0,0
2,смартфон,2,14.98,0,0,утро,0,0
1,ПК,5,3.6,2,1,вечер,0,1
4,ПК,5,19.29,1,0,вечер,0,1
1,смартфон,1,4.0,1,0,утро,0,0
2,ПК,1,15.83,2,0,вечер,0,0
5,смартфон,4,3.3,3,0,вечер,0,1
1,планшет,3,24.88,1,1,день,1,1
2,ПК,5,2.04,0,0,день,0,0
2,планшет,2,12.69,1,0,утро,0,0
1,смартфон,4,5.25,0,0,день,1,0
4,смартфон,4,1.0,1,0,ночь,0,0
7,планшет,1,4.03,3,0,утро,0,0
5,ПК,4,2.26,2,0,день,0,0
2,смартфон,1,8.1,1,0,утро,1,0
4,смартфон,4,3.01,2,0,утро,0,0
3,смартфон,2,1.0,1,0,день,0,1
2,планшет,8,30.6,1,0,вечер,1,1
2,смартфон,7,18.65,2,0,день,0,1
1,ПК,3,1.0,0,0,день,0,0
2,ПК,5,3.17,1,0,вечер,1,0
5,смартфон,7,9.96,0,0,утро,0,0
1,смартфон,1,3.88,0,0,ночь,0,1
1,планшет,3,3.31,0,0,вечер,0,0
3,смартфон,2,9.06,2,0,вечер,0,0
2,смартфон,1,2.16,1,0,утро,1,0
2,смартфон,5,10.46,1,0,день,1,0
4,смартфон,8,1.0,1,1,день,0,1
2,смартфон,3,3.93,3,1,вечер,0,1
1,ПК,4,1.23,1,0,вечер,0,0
4,ПК,4,3.52,1,0,день,1,0
1,ПК,4,11.48,1,0,утро,0,0
3,смартфон,5,14.43,0,0,день,1,0
1,смартфон,3,1.57,4,0,вечер,0,1
3,смартфон,4,13.71,4,0,день,0,1
2,смартфон,4,1.0,2,0,ночь,1,1
2,смартфон,3,2.44,2,0,день,0,0
2,смартфон,3,6.94,3,0,ночь,0,1
2,смартфон,1,35.5,2,0,день,1,0
1,смартфон,1,36.33,2,1,день,0,1
2,смартфон,3,6.51,1,0,день,1,0
2,смартфон,3,16.35,0,0,ночь,1,1
2,смартфон,2,8.06,0,0,день,1,0
1,ПК,6,13.93,1,0,вечер,0,1
2,смартфон,5,10.59,2,0,утро,0,0
3,смартфон,1,11.95,3,0,утро,1,0
2,смартфон,4,5.79,1,0,вечер,0,1
1,смартфон,5,17.9,1,0,день,0,1
1,ПК,10,5.9,2,0,вечер,1,1
1,смартфон,1,12.23,0,0,день,0,0
1,планшет,3,20.42,2,0,вечер,1,1
2,смартфон,1,10.66,0,0,день,0,0
1,планшет,4,7.13,0,0,вечер,0,1
1,ПК,6,7.51,1,0,вечер,0,1
1,ПК,3,12.34,1,0,утро,1,0
3,смартфон,4,1.0,4,0,день,0,1
1,ПК,3,10.12,1,0,день,1,0
1,смартфон,1,4.7,1,0,день,0,0
1,смартфон,6,1.45,3,1,утро,0,1
2,планшет,5,24.36,2,0,утро,0,0
2,ПК,4,6.88,0,0,утро,0,0
1,смартфон,5,6.11,1,0,день,0,0
1,ПК,4,7.82,1,0,день,0,0
2,смартфон,8,9.74,1,0,утро,0,1
2,смартфон,3,2.16,3,0,утро,0,1
1,ПК,4,9.82,2,0,день,0,1
3,смартфон,3,4.35,1,0,утро,0,0
3,смартфон,5,12.54,1,0,утро,0,0
3,смартфон,4,14.78,2,0,ночь,0,1
1,ПК,2,1.0,2,0,вечер,1,0
1,смартфон,6,12.6,0,0,утро,1,0
1,смартфон,5,4.35,1,0,утро,0,0
3,смартфон,6,3.62,0,1,вечер,0,1
1,ПК,3,4.67,0,0,утро,0,0
1,планшет,5,8.57,1,1,ночь,0,1
2,планшет,2,1.22,1,0,утро,0,0
4,ПК,2,11.98,2,1,день,1,1
4,смартфон,5,5.89,2,0,день,1,1
1,смартфон,6,1.74,0,1,день,0,1
9,смартфон,2,7.12,2,0,вечер,0,0
1,смартфон,3,8.54,2,1,утро,0,0
1,смартфон,2,4.25,1,0,день,0,0
1,ПК,5,22.99,1,0,вечер,1,1
1,смартфон,1,11.95,1,0,вечер,0,0
1,смартфон,6,10.83,0,0,день,0,1
4,смартфон,6,1.0,1,0,утро,0,0
1,смартфон,2,6.96,1,0,вечер,0,0
2,смартфон,4,19.02,0,1,день,0,1
2,ПК,2,11.04,1,0,вечер,0,0
1,смартфон,4,2.65,1,1,утро,0,0
3,смартфон,2,19.75,2,1,утро,0,1
1,планшет,3,4.61,0,0,день,1,1
1,смартфон,1,24.65,2,0,утро,0,0
3,планшет,7,7.18,0,0,вечер,1,0
4,смартфон,4,15.45,1,0,утро,0,0
1,ПК,1,9.47,3,0,ночь,0,0
2,смартфон,4,3.44,0,0,день,0,0
2,планшет,5,10.61,2,0,вечер,0,1
2,смартфон,5,1.0,4,0,день,0,1
1,смартфон,2,18.03,1,0,день,0,1
2,ПК,5,33.76,1,0,утро,0,0
1,смартфон,3,2.32,1,0,утро,1,0
2,смартфон,2,21.51,2,0,день,0,1
4,смартфон,2,1.84,1,0,вечер,0,0
1,смартфон,1,6.76,2,0,вечер,0,0
1,планшет,2,3.46,1,0,ночь,0,0
1,планшет,3,2.13,1,0,ночь,0,0
2,смартфон,3,14.09,0,0,утро,1,0
3,смартфон,8,16.43,2,0,день,1,1
1,ПК,1,18.24,1,0,день,0,0
3,смартфон,3,1.0,1,0,утро,0,0
4,планшет,2,18.83,0,1,вечер,1,1
1,смартфон,5,1.0,0,0,день,0,0
2,ПК,8,5.95,2,0,вечер,0,1
3,смартфон,3,1.93,2,0,утро,0,0
3,смартфон,3,23.72,1,1,утро,0,1
1,смартфон,4,8.6,2,0,день,1,0
2,планшет,3,6.32,1,0,утро,1,1
3,смартфон,2,5.87,1,0,утро,0,0
4,планшет,8,5.18,2,1,вечер,0,1
2,смартфон,5,6.42,1,1,день,1,1
1,смартфон,4,8.34,0,0,вечер,0,0
3,ПК,3,16.99,1,1,утро,0,0
2,смартфон,6,2.71,2,0,день,1,1
1,смартфон,3,16.32,3,0,вечер,0,1
4,смартфон,6,17.75,0,1,утро,1,0
5,ПК,3,19.06,0,0,день,0,1
2,смартфон,7,28.4,0,1,день,0,1
1,смартфон,5,31.37,0,0,день,0,0
3,смартфон,1,1.14,2,0,утро,0,0
3,смартфон,1,21.01,2,0,ночь,0,1
2,смартфон,6,18.67,2,0,вечер,1,1
3,ПК,6,4.74,2,0,утро,0,0
1,смартфон,9,11.76,3,0,день,1,1
4,планшет,3,26.13,1,0,вечер,0,0
1,смартфон,10,1.0,2,0,ночь,0,1
1,ПК,5,4.38,1,0,вечер,0,1
2,ПК,3,36.5,1,0,утро,1,1
2,смартфон,4,7.94,3,0,день,0,1
1,смартфон,3,1.0,2,0,день,1,0
3,планшет,2,32.45,2,0,день,1,0
4,смартфон,2,23.3,1,0,день,1,0
2,смартфон,4,16.42,1,0,вечер,0,0
1,ПК,3,15.78,2,0,вечер,0,1
2,смартфон,3,6.65,0,1,утро,0,0
3,смартфон,7,20.81,0,0,вечер,0,1
2,ПК,5,3.65,1,0,вечер,0,1
2,смартфон,3,4.44,1,0,утро,0,0
3,смартфон,6,2.43,0,1,утро,1,1
2,смартфон,3,5.16,0,0,ночь,0,1
1,смартфон,3,2.66,1,0,день,0,0
1,ПК,6,4.15,0,0,ночь,1,1
3,ПК,4,11.72,1,0,ночь,0,0
1,смартфон,4,5.62,2,0,вечер,0,0
4,ПК,5,14.6,2,0,день,0,1
1,смартфон,5,6.52,2,1,утро,0,1
3,планшет,5,1.5,1,1,утро,1,1
2,смартфон,5,13.55,1,1,утро,0,0
3,смартфон,7,1.0,1,0,вечер,0,0
1,смартфон,3,28.55,1,1,вечер,0,1
1,смартфон,4,18.39,2,0,вечер,1,1
4,смартфон,4,32.99,2,0,вечер,0,1
1,смартфон,5,2.86,2,1,ночь,0,1
1,ПК,10,6.56,0,0,вечер,0,1
3,ПК,5,2.14,2,1,день,0,1
1,ПК,1,5.49,3,0,день,0,0
2,смартфон,8,2.79,2,0,вечер,1,0
1,смартфон,4,19.16,1,0,день,1,1
3,смартфон,6,1.3,2,0,вечер,0,0
1,смартфон,1,2.55,0,1,день,1,1
1,смартфон,4,3.07,1,0,утро,0,0
3,смартфон,5,13.4,2,0,утро,0,1
1,смартфон,1,9.95,1,0,утро,0,0
3,ПК,3,1.46,2,0,вечер,1,0
3,планшет,3,9.31,4,0,день,1,0
4,смартфон,6,18.74,0,0,вечер,0,1
3,планшет,5,6.02,4,0,день,0,1
3,смартфон,1,9.46,3,0,день,0,1
1,смартфон,4,7.59,1,0,вечер,0,1
3,смартфон,5,4.43,3,0,вечер,1,1
2,ПК,2,1.0,0,0,вечер,0,0
4,смартфон,1,2.06,2,0,вечер,0,0
1,смартфон,1,29.4,2,0,вечер,0,1
1,смартфон,5,4.38,1,1,вечер,0,1
1,смартфон,5,3.53,4,1,ночь,0,1
2,смартфон,6,9.52,3,0,вечер,0,1
1,планшет,5,23.41,1,0,утро,0,1
2,смартфон,6,3.6,1,1,утро,0,1
2,планшет,3,2.52,4,0,день,0,0
1,смартфон,5,23.22,2,0,утро,0,1
1,смартфон,2,14.85,2,1,вечер,1,1
4,планшет,9,12.13,0,1,день,0,1
3,смартфон,2,8.15,3,0,день,0,1
2,смартфон,6,5.54,0,0,день,0,0
1,смартфон,1,10.16,3,0,день,0,1
1,планшет,3,2.45,1,0,утро,0,0
1,планшет,7,17.0,2,0,вечер,0,1
3,смартфон,4,5.39,1,0,вечер,0,1
2,смартфон,4,14.05,1,0,вечер,0,1
1,планшет,4,16.7,1,0,день,0,1
1,смартфон,4,1.0,0,0,утро,1,0
3,смартфон,4,11.25,1,0,утро,0,0
1,планшет,6,3.61,3,0,вечер,0,0
2,планшет,2,4.44,4,0,вечер,0,1
1,смартфон,3,13.22,1,1,день,0,1
2,планшет,2,31.56,0,1,утро,0,0
3,смартфон,1,16.28,0,0,день,0,0
1,ПК,5,3.45,2,0,вечер,0,1
2,смартфон,3,12.3,1,0,утро,0,0
1,смартфон,3,3.97,1,0,ночь,0,0
2,смартфон,3,5.79,1,0,ночь,1,0
2,смартфон,6,1.31,1,0,вечер,1,1
3,смартфон,1,17.98,2,0,утро,0,0
1,планшет,4,10.41,4,0,день,0,0
1,смартфон,6,19.88,0,0,вечер,1,1
2,планшет,2,2.53,1,0,вечер,0,0
4,смартфон,1,1.38,2,0,день,0,0
2,планшет,6,16.9,2,0,утро,0,1
2,смартфон,4,21.12,3,0,день,0,1
2,смартфон,3,1.89,0,0,утро,1,0
2,смартфон,2,10.27,3,0,день,0,0
1,смартфон,6,1.8,2,0,вечер,0,0
1,смартфон,8,1.0,1,0,день,1,0
1,смартфон,10,7.82,2,0,утро,1,1
2,ПК,4,30.02,0,0,вечер,0,0
2,ПК,7,8.93,2,0,день,0,0
1,ПК,3,5.61,1,1,день,0,1
1,смартфон,4,3.31,3,0,день,0,1
1,ПК,5,3.31,0,0,утро,0,0
2,смартфон,4,3.05,1,0,день,1,1
3,смартфон,2,2.35,1,0,вечер,0,0
1,смартфон,4,1.0,1,0,ночь,0,0
4,смартфон,6,14.15,0,0,день,0,1
1,смартфон,4,3.79,2,0,день,1,1
3,смартфон,3,1.7,0,0,день,0,1
1,смартфон,4,9.27,4,0,вечер,0,0
2,планшет,2,27.24,0,0,день,0,0
1,ПК,4,11.66,1,0,день,0,1
3,смартфон,2,2.13,3,0,утро,1,1
1,смартфон,5,5.35,3,0,день,0,1
3,планшет,1,17.44,2,0,ночь,1,0
1,смартфон,3,1.0,1,0,день,0,0
1,ПК,5,4.1,1,0,утро,1,0
3,ПК,1,4.91,2,0,день,0,1
2,смартфон,6,6.03,1,0,день,0,1
2,смартфон,5,8.18,2,0,ночь,0,0
4,ПК,3,6.81,2,1,утро,0,1
1,ПК,5,1.78,3,0,день,1,0
3,смартфон,5,5.39,1,0,день,1,0
2,смартфон,5,4.6,2,0,вечер,0,0
6,планшет,4,26.5,1,0,вечер,1,1
2,смартфон,6,13.58,3,0,вечер,0,1
1,ПК,3,20.11,2,0,утро,0,0
1,ПК,5,12.37,1,0,вечер,0,0
1,планшет,7,1.0,5,0,утро,1,0
4,смартфон,3,6.43,2,0,ночь,0,1
2,планшет,4,15.05,0,0,день,0,0
4,смартфон,3,8.95,0,0,день,0,1
4,смартфон,3,14.21,1,0,день,0,1
1,смартфон,8,32.68,1,0,день,1,1
1,смартфон,2,2.84,0,1,ночь,0,1
1,ПК,3,40.98,2,0,день,0,1
3,ПК,5,1.28,0,0,вечер,0,1
2,смартфон,7,25.26,0,0,ночь,0,0
4,смартфон,9,2.15,2,1,день,0,1
1,смартфон,2,12.71,1,0,утро,1,0
1,смартфон,3,15.29,5,0,ночь,1,1
4,планшет,1,16.67,3,0,день,0,0
5,смартфон,7,5.76,0,0,ночь,1,0
2,ПК,2,1.86,2,0,день,0,0
2,планшет,6,15.9,0,0,утро,0,0
2,смартфон,4,10.34,2,1,ночь,0,1
1,смартфон,3,2.98,0,1,вечер,0,1
4,смартфон,2,4.99,1,0,день,0,1
2,смартфон,2,3.53,0,0,день,0,1
1,смартфон,3,24.63,2,1,утро,1,1
3,смартфон,6,16.28,1,0,ночь,0,1
1,ПК,4,21.42,1,0,день,1,0
1,смартфон,3,1.0,1,0,вечер,0,0
3,планшет,5,10.82,1,0,день,1,1
1,смартфон,7,3.11,2,0,утро,0,1
1,смартфон,1,13.79,2,0,утро,0,0
1,смартфон,4,22.17,1,1,день,1,0
4,смартфон,2,14.52,2,0,утро,0,0
2,смартфон,6,24.18,0,0,утро,0,1
1,планшет,3,5.09,1,1,ночь,1,1
3,смартфон,9,9.79,2,0,день,0,1
3,планшет,4,6.44,1,0,вечер,0,0
4,ПК,9,17.72,1,0,вечер,1,0
2,ПК,3,8.28,0,0,ночь,0,0
2,планшет,7,12.37,0,0,утро,0,0
3,смартфон,1,9.97,1,0,день,1,0
1,ПК,9,19.81,4,0,день,0,1
3,ПК,1,7.51,2,0,день,1,0
1,планшет,2,1.15,2,0,вечер,0,0
2,смартфон,5,29.74,1,1,утро,0,1
3,смартфон,2,8.12,2,0,день,0,1
3,ПК,3,15.27,2,0,день,0,0
1,ПК,2,11.36,1,0,утро,1,0
2,планшет,5,5.65,2,0,вечер,0,1
2,планшет,3,30.22,2,0,утро,1,0
2,смартфон,3,13.2,0,0,день,0,0
1,смартфон,3,2.63,1,0,день,0,1
1,планшет,2,54.76,1,0,ночь,0,0
1,смартфон,7,60.0,2,0,день,1,1
1,планшет,3,3.42,0,0,день,0,0
4,ПК,3,42.12,0,0,день,0,1
3,смартфон,6,9.61,2,0,вечер,0,1
3,смартфон,5,2.05,0,0,день,0,1
4,ПК,1,38.28,1,0,день,0,1
1,смартфон,3,1.07,3,0,утро,1,0
4,смартфон,5,10.14,0,0,утро,1,0
1,планшет,2,18.15,1,0,день,0,0
2,ПК,6,17.68,3,0,день,0,1
2,ПК,2,1.0,2,1,вечер,1,0
1,смартфон,4,5.54,2,0,утро,0,0
2,смартфон,2,1.0,1,0,утро,0,0
2,ПК,4,3.01,2,0,день,0,0
2,смартфон,4,27.81,1,0,утро,0,0
1,смартфон,2,21.58,2,0,день,0,0
4,смартфон,3,10.76,3,0,день,0,1
3,смартфон,4,22.87,3,0,утро,0,0
3,смартфон,6,3.8,1,0,вечер,0,1
3,смартфон,2,17.61,1,1,ночь,0,1
4,смартфон,6,11.55,3,0,ночь,0,1
1,ПК,1,13.24,2,0,утро,0,0
3,смартфон,3,1.0,1,1,вечер,0,1
2,смартфон,2,4.29,2,0,вечер,1,1
4,смартфон,7,1.0,0,0,утро,0,0
1,смартфон,4,1.63,0,1,утро,0,0
1,ПК,6,3.17,0,0,утро,0,0
1,ПК,6,8.81,0,0,день,1,0
2,ПК,4,14.27,4,0,вечер,0,1
3,ПК,1,1.15,1,0,день,1,0
2,ПК,2,1.0,0,0,утро,1,0
1,смартфон,3,21.51,2,0,день,0,0
1,смартфон,8,1.4,1,0,день,1,0
1,смартфон,7,5.95,1,0,ночь,0,0
3,смартфон,1,1.2,1,0,день,0,0
5,планшет,3,7.66,3,0,утро,1,1
1,смартфон,3,1.12,0,1,вечер,0,0
3,планшет,2,14.37,2,1,ночь,0,1
2,смартфон,9,1.0,2,0,вечер,0,0
1,смартфон,4,5.62,0,0,день,0,1
3,смартфон,1,5.46,1,0,вечер,0,0
2,ПК,1,25.35,0,0,день,0,0
1,планшет,4,5.62,1,0,день,0,0
1,ПК,2,1.0,0,0,утро,0,0
2,ПК,3,7.84,1,0,день,0,0
3,смартфон,4,12.91,2,0,вечер,0,1
2,смартфон,5,4.12,1,0,вечер,0,0
1,планшет,2,9.38,1,0,вечер,1,1
4,планшет,6,1.3,2,0,день,0,1
1,смартфон,3,5.54,2,0,вечер,0,1
5,смартфон,3,1.81,1,0,ночь,0,1
2,смартфон,3,3.2,1,0,вечер,0,0
1,смартфон,2,10.24,0,0,вечер,1,1
1,ПК,2,14.01,1,0,ночь,0,1
2,планшет,2,3.73,4,0,день,0,0
3,смартфон,1,45.87,1,0,вечер,0,1
2,смартфон,2,3.35,3,0,день,1,1
1,планшет,6,1.63,1,0,вечер,0,1
1,планшет,3,20.21,2,0,утро,0,0
2,смартфон,5,10.49,0,1,ночь,1,1
1,планшет,3,11.38,1,0,вечер,1,0
2,планшет,6,15.81,4,0,день,0,1
2,смартфон,3,60.0,2,0,вечер,0,0
2,ПК,6,3.34,2,0,вечер,0,0
1,смартфон,2,7.94,1,1,день,0,1
1,смартфон,5,12.18,0,1,утро,0,1
2,смартфон,2,1.58,1,0,день,0,0
2,смартфон,3,3.66,0,0,день,0,0
2,смартфон,5,3.66,1,0,день,0,1
3,планшет,1,3.97,1,0,день,0,0
1,смартфон,2,12.67,1,0,вечер,0,0
4,ПК,8,8.98,1,0,день,0,0
1,планшет,2,12.58,1,0,утро,1,0
1,смартфон,2,7.18,3,0,день,0,0
3,смартфон,2,31.11,4,0,день,0,0
1,смартфон,7,7.35,1,0,вечер,0,0
4,смартфон,8,9.25,3,0,утро,0,1
2,смартфон,4,3.54,1,1,день,1,0
2,смартфон,1,1.0,2,0,утро,1,0
3,смартфон,6,16.9,1,0,вечер,0,0
1,смартфон,4,19.41,0,0,день,0,1
3,смартфон,4,19.03,1,0,день,0,1
1,ПК,3,16.18,1,1,вечер,1,0
2,смартфон,9,3.13,0,1,ночь,0,1
1,смартфон,4,8.55,2,0,вечер,0,1
1,смартфон,7,16.87,1,0,утро,0,1
1,смартфон,5,9.82,2,0,ночь,0,1
1,планшет,5,31.84,2,1,утро,0,1
1,смартфон,2,11.32,1,1,день,0,1
2,смартфон,1,8.23,2,0,день,0,0
1,смартфон,7,53.81,3,0,утро,0,1
2,смартфон,2,7.65,3,0,день,0,1
1,смартфон,4,34.1,0,0,ночь,1,1
1,смартфон,4,1.0,0,0,день,0,1
2,смартфон,5,7.99,1,0,день,0,0
1,смартфон,6,3.41,1,0,день,0,1
1,ПК,4,5.04,1,0,вечер,0,0
3,смартфон,1,1.0,1,0,день,0,0
1,смартфон,2,3.07,4,0,утро,0,0
3,планшет,1,8.43,1,0,вечер,0,0
1,ПК,4,12.78,1,0,вечер,0,1
2,планшет,1,24.12,2,1,день,0,1
1,ПК,4,2.64,2,0,день,0,0
1,смартфон,2,15.87,0,0,ночь,0,0
2,смартфон,2,1.0,0,0,вечер,0,0
1,ПК,4,22.43,4,0,день,1,1
1,ПК,2,9.03,2,0,день,0,1
2,смартфон,6,18.69,1,0,утро,0,0
2,смартфон,2,2.95,1,0,день,0,0
3,планшет,1,4.67,1,0,вечер,1,1
1,смартфон,7,1.02,1,0,день,0,0
1,ПК,4,1.0,0,0,день,0,0
2,смартфон,3,17.51,3,0,день,0,1
2,планшет,4,3.52,1,0,вечер,1,0
2,смартфон,7,4.35,0,0,утро,1,0
2,смартфон,4,7.56,0,0,ночь,0,0
3,смартфон,3,11.11,0,1,день,0,1
3,смартфон,3,1.0,1,0,день,0,0
1,смартфон,5,8.54,1,0,день,0,0
1,ПК,3,9.42,1,0,день,1,1
3,смартфон,1,19.0,1,0,вечер,0,0
3,смартфон,3,1.68,1,1,вечер,0,1
2,смартфон,6,5.98,3,0,день,0,0
2,планшет,3,6.43,1,1,день,0,1
3,смартфон,3,18.81,1,0,вечер,1,1
2,ПК,2,4.5,2,0,утро,1,0
2,ПК,3,1.0,2,0,ночь,1,0
3,ПК,1,9.19,3,0,вечер,1,1
1,смартфон,4,10.85,0,0,день,0,0
3,ПК,5,8.73,1,0,вечер,1,0
1,смартфон,7,6.73,1,0,ночь,0,1
3,смартфон,3,2.4,0,0,утро,0,0
1,смартфон,3,7.74,1,1,день,0,1
4,смартфон,6,1.0,2,0,утро,0,0
2,смартфон,7,8.36,0,0,вечер,0,0
3,смартфон,1,6.72,1,0,ночь,0,0
2,смартфон,4,30.5,2,0,утро,0,1
1,смартфон,6,3.86,0,0,ночь,0,1
2,планшет,3,1.0,1,0,утро,0,0
3,ПК,3,14.28,4,0,день,0,0
3,ПК,5,1.84,2,0,вечер,0,1
1,смартфон,5,7.86,4,0,утро,0,0
1,смартфон,5,2.42,1,0,день,1,0
1,смартфон,2,7.75,2,0,день,1,0
6,смартфон,7,8.7,2,0,ночь,0,0
3,ПК,3,10.84,2,1,вечер,0,1
2,смартфон,5,4.67,0,0,день,0,0
1,ПК,1,1.0,0,0,утро,0,0
1,планшет,2,9.09,1,1,день,0,1
2,планшет,4,19.99,2,1,день,0,1
1,ПК,1,7.45,2,1,день,1,1
2,смартфон,1,2.88,2,0,день,0,1
1,смартфон,4,5.34,1,0,ночь,0,0
2,ПК,5,7.77,1,0,день,1,0
1,смартфон,5,1.0,0,0,день,0,0
2,смартфон,4,8.4,3,0,день,0,0
3,смартфон,3,1.16,0,0,вечер,0,0
3,ПК,5,1.96,0,0,ночь,0,0
1,смартфон,6,4.99,1,0,ночь,1,0
3,ПК,3,16.06,1,0,вечер,0,0
2,смартфон,5,17.36,1,0,день,0,1
3,планшет,4,3.32,0,0,день,0,0
1,планшет,1,7.72,1,0,утро,0,0
1,смартфон,3,1.0,4,1,утро,1,0
3,смартфон,1,60.0,1,0,вечер,0,0
2,ПК,1,10.61,4,0,вечер,0,1
5,планшет,3,2.54,1,0,утро,0,0
4,ПК,4,23.0,2,0,день,0,0
1,смартфон,5,4.3,0,0,утро,0,1
1,смартфон,5,3.22,0,1,вечер,0,0
1,смартфон,3,3.53,2,0,день,0,0
1,смартфон,2,6.66,2,0,день,1,0
2,планшет,3,1.0,1,0,ночь,0,0
1,смартфон,2,10.54,1,0,утро,0,0
1,ПК,6,29.52,1,0,вечер,0,1
2,смартфон,5,16.9,1,0,день,0,1
2,смартфон,3,16.66,2,0,утро,1,0
4,ПК,1,14.87,0,0,утро,0,0
1,ПК,3,4.41,1,0,вечер,1,0
2,ПК,3,2.11,4,0,утро,0,0
1,ПК,5,3.77,0,0,ночь,0,0
2,планшет,1,1.9,0,0,утро,0,0
2,ПК,2,19.03,1,0,вечер,1,0
2,планшет,2,5.47,2,0,вечер,0,1
3,ПК,3,16.71,1,0,утро,1,0
2,смартфон,4,3.43,3,0,день,1,1
1,ПК,1,1.55,3,0,день,0,0
1,смартфон,5,20.45,1,1,утро,0,1
2,смартфон,4,16.04,3,0,день,0,0
2,смартфон,7,8.12,2,0,день,0,0
1,ПК,6,1.32,0,0,вечер,0,0
1,смартфон,2,4.1,1,0,утро,1,0
4,ПК,6,1.0,3,0,вечер,0,1
1,смартфон,3,22.85,0,0,день,1,1
1,смартфон,4,2.75,1,0,вечер,1,0
2,смартфон,6,7.41,3,1,день,0,1
2,смартфон,3,28.45,3,0,утро,0,0
1,планшет,4,9.76,2,0,ночь,1,1
1,планшет,5,9.76,1,0,вечер,0,0
1,смартфон,3,17.89,1,0,ночь,1,0
2,смартфон,5,11.82,1,0,вечер,0,1
3,смартфон,4,6.65,1,0,день,0,1
3,ПК,5,1.3,1,0,вечер,0,0
2,смартфон,4,6.87,1,0,вечер,0,1
2,смартфон,7,2.01,3,0,день,0,0
2,смартфон,2,6.77,0,0,вечер,1,0
4,ПК,6,1.0,3,0,утро,0,1
1,смартфон,4,4.35,2,0,утро,0,0
2,смартфон,5,1.0,0,0,вечер,0,0
1,планшет,4,1.57,1,0,день,0,0
1,ПК,4,11.87,2,1,вечер,0,1
2,планшет,3,37.43,0,0,день,0,0
4,смартфон,2,8.32,2,0,утро,0,1
1,смартфон,4,1.86,2,0,ночь,0,1
3,ПК,7,4.72,2,0,утро,0,0
2,смартфон,1,2.67,0,0,вечер,0,0
3,смартфон,6,1.0,1,0,день,0,1
3,смартфон,2,24.43,2,0,утро,1,0
3,ПК,1,7.81,0,0,вечер,0,0
3,планшет,7,1.61,1,0,день,0,0
2,планшет,6,13.69,1,0,утро,0,0
1,смартфон,2,1.88,3,0,вечер,1,0
4,смартфон,4,2.31,1,0,день,0,0
1,смартфон,4,9.2,0,0,утро,0,0
3,смартфон,2,5.56,2,0,утро,0,0
2,ПК,2,22.51,1,0,утро,0,0
2,смартфон,4,9.08,0,1,день,0,1
2,смартфон,5,2.01,3,0,день,0,1
1,ПК,1,6.44,1,0,день,0,0
3,смартфон,3,12.97,1,0,день,0,0
3,планшет,3,9.17,1,0,вечер,1,0
3,планшет,5,3.87,1,0,день,0,0
2,ПК,5,4.88,3,0,вечер,0,1
1,ПК,6,10.95,1,0,вечер,0,1
1,планшет,6,7.32,0,0,день,0,1
4,смартфон,4,1.0,1,0,вечер,0,0
4,смартфон,6,7.96,2,0,ночь,0,1
4,ПК,3,6.07,2,0,вечер,0,0
4,смартфон,6,16.87,1,0,утро,0,1
3,ПК,3,1.19,1,0,день,1,0
2,смартфон,5,1.0,1,0,утро,0,0
3,смартфон,4,17.19,2,1,вечер,1,1
2,смартфон,6,2.37,1,0,утро,1,0
1,смартфон,3,1.0,1,1,день,0,1
2,ПК,2,2.5,2,0,ночь,0,1
3,ПК,4,21.72,1,0,вечер,1,1
2,смартфон,4,1.88,0,0,утро,0,0
2,планшет,3,3.86,1,1,день,0,1
1,смартфон,3,9.43,2,0,день,0,1
3,ПК,4,1.98,2,0,утро,0,0
1,ПК,8,10.36,1,0,утро,1,0
1,смартфон,2,12.26,1,0,день,0,0
2,смартфон,4,2.63,3,0,день,0,1
4,планшет,7,1.01,2,0,утро,1,0
1,ПК,5,5.14,4,0,вечер,0,1
1,планшет,3,11.99,1,0,день,1,0
1,ПК,5,16.79,1,0,вечер,0,0
2,ПК,3,1.0,3,0,вечер,0,1
3,смартфон,4,7.69,1,0,утро,0,0
2,ПК,4,2.98,0,0,утро,1,0
2,смартфон,3,5.38,3,0,вечер,0,1
1,смартфон,1,7.52,0,0,ночь,0,0
1,ПК,4,13.29,1,0,день,0,0
1,смартфон,6,1.0,2,1,день,1,1
3,смартфон,8,1.87,1,0,утро,0,1
1,планшет,4,9.58,0,1,день,0,1
2,смартфон,2,5.81,0,0,утро,1,0
1,ПК,4,2.36,1,0,вечер,1,1
1,ПК,5,1.0,2,0,день,0,0
2,смартфон,4,24.63,3,1,вечер,0,1
2,смартфон,5,4.51,1,0,день,0,0
2,планшет,4,5.29,2,0,вечер,0,0
1,смартфон,5,1.0,4,0,день,0,1
2,смартфон,5,13.42,2,1,день,1,0
1,планшет,3,48.5,1,0,день,1,0
3,планшет,3,38.3,3,0,день,0,1
1,смартфон,4,3.73,4,0,вечер,0,1
1,ПК,7,32.48,0,0,вечер,1,1
3,планшет,6,5.24,0,1,ночь,0,1
3,смартфон,1,4.9,1,1,вечер,1,1
1,планшет,1,17.82,0,0,утро,0,0
1,смартфон,3,15.69,3,0,ночь,1,1
1,смартфон,3,6.44,4,0,вечер,0,0
1,ПК,3,5.93,1,0,день,0,0
2,ПК,2,34.56,2,1,день,0,1
3,смартфон,3,5.25,2,0,вечер,0,1
3,ПК,2,19.78,1,0,утро,0,0
1,смартфон,5,13.72,1,0,ночь,0,1
4,смартфон,5,1.13,1,1,вечер,0,1
3,смартфон,3,1.73,1,0,утро,1,0
2,смартфон,4,1.0,1,0,день,0,0
2,смартфон,3,1.0,1,0,утро,0,0
4,ПК,3,9.27,1,0,день,0,0
4,смартфон,3,1.0,1,0,утро,0,0
1,смартфон,4,1.46,4,0,день,0,1
4,планшет,5,2.8,1,0,день,0,1
2,смартфон,5,8.06,3,0,вечер,0,0
2,планшет,3,2.6,2,0,вечер,0,0
2,смартфон,5,5.04,1,0,утро,1,1
1,смартфон,4,4.36,1,0,вечер,0,0
2,планшет,5,5.05,0,0,утро,1,0
1,смартфон,3,26.45,2,1,день,1,1
1,смартфон,3,34.97,1,1,утро,0,1
2,смартфон,4,1.0,4,0,день,1,1
1,смартфон,2,1.17,2,0,ночь,1,0
2,планшет,4,1.0,1,0,утро,0,0
4,смартфон,7,4.9,3,0,вечер,1,1
2,смартфон,8,19.05,2,0,вечер,1,1
1,смартфон,3,16.09,0,0,вечер,0,0
1,смартфон,2,4.38,2,0,день,1,0
3,ПК,3,13.89,2,0,день,0,0
1,ПК,9,38.62,1,0,утро,1,0
1,смартфон,4,2.16,1,0,день,0,0
1,смартфон,3,33.21,5,0,ночь,0,1
4,смартфон,2,14.73,1,0,день,1,0
4,смартфон,5,1.22,2,1,утро,0,1
4,смартфон,2,15.82,3,1,вечер,1,1
3,смартфон,6,1.08,0,0,вечер,0,1
2,планшет,5,1.0,1,0,утро,0,0
3,смартфон,7,14.46,2,0,утро,0,1
3,ПК,5,22.54,1,0,утро,0,0
2,смартфон,2,5.11,0,0,вечер,1,1
1,планшет,1,1.0,1,0,ночь,0,0
1,ПК,2,9.1,2,0,день,0,0
2,смартфон,1,2.66,2,0,день,0,1
5,ПК,2,7.85,2,0,ночь,1,0
1,смартфон,4,3.83,1,0,утро,0,0
2,ПК,5,9.74,2,0,день,0,1
1,ПК,2,3.02,1,0,ночь,1,0
1,смартфон,5,1.61,3,0,ночь,0,0
3,ПК,2,13.96,4,1,день,0,1
4,смартфон,3,7.74,0,0,ночь,0,1
1,смартфон,2,3.82,1,1,день,0,0
1,смартфон,5,9.89,2,0,день,1,1
1,смартфон,3,3.39,1,0,вечер,1,0
3,планшет,4,4.55,0,0,день,0,0
1,смартфон,3,4.71,1,0,вечер,0,0
1,ПК,2,2.57,2,0,ночь,1,0
2,смартфон,5,5.81,1,1,вечер,1,1
3,ПК,2,16.89,2,0,утро,0,1
1,смартфон,7,35.39,0,0,утро,0,1
4,смартфон,1,2.48,5,0,день,0,0
1,планшет,1,27.94,1,0,вечер,0,0
2,ПК,3,3.26,0,0,вечер,0,0
1,ПК,7,6.35,2,0,день,0,1
4,смартфон,4,1.06,1,0,утро,1,0
3,смартфон,3,9.37,0,0,вечер,0,0
2,смартфон,6,7.15,2,1,вечер,1,1
2,смартфон,6,11.36,1,0,утро,0,1
1,смартфон,1,9.17,1,0,день,1,0
1,смартфон,6,39.86,0,0,день,1,0
4,смартфон,3,14.7,0,0,вечер,0,0
1,планшет,1,33.66,1,1,ночь,0,0
4,планшет,2,7.46,3,0,утро,0,0
2,смартфон,4,3.3,2,0,ночь,0,0
1,смартфон,6,7.59,2,0,вечер,0,0
1,смартфон,4,6.29,4,0,день,0,1
2,смартфон,4,5.57,1,0,день,1,0
1,ПК,5,5.13,2,1,вечер,0,0
2,планшет,3,16.68,4,0,вечер,0,1
1,ПК,5,13.51,0,0,день,0,0
3,смартфон,5,10.32,0,0,утро,0,0
1,ПК,2,10.36,4,0,день,0,1
2,смартфон,3,4.68,3,0,день,0,1
2,ПК,7,5.77,1,0,ночь,0,0
2,смартфон,7,1.66,0,0,утро,1,1
1,смартфон,7,8.65,0,1,день,1,1
1,смартфон,4,1.51,3,0,ночь,0,0
3,смартфон,6,24.69,3,0,день,1,1
2,смартфон,7,5.37,0,1,день,1,1
2,ПК,3,1.0,1,0,вечер,0,0
3,смартфон,2,1.0,0,0,утро,0,0
1,планшет,4,11.28,0,1,вечер,0,1
3,ПК,1,9.46,3,0,день,1,1
1,планшет,4,14.71,3,0,день,0,0
1,смартфон,1,13.84,1,0,день,1,0
2,ПК,3,1.0,1,1,вечер,1,0
1,смартфон,4,1.83,0,0,вечер,1,0
3,смартфон,3,3.94,1,0,день,0,1
1,ПК,4,1.0,1,0,день,0,0
2,смартфон,3,1.96,0,0,вечер,0,0
1,планшет,4,8.71,1,0,вечер,0,1
1,смартфон,6,6.11,2,0,день,0,1
3,смартфон,5,19.7,0,1,ночь,0,0
4,смартфон,4,2.53,1,0,день,0,1
2,ПК,5,7.66,2,0,день,0,0
3,ПК,6,19.78,2,1,утро,0,1
3,смартфон,3,1.0,1,0,утро,0,0
2,смартфон,1,20.41,1,0,вечер,0,0
2,смартфон,9,4.22,2,1,день,0,1
3,смартфон,1,19.63,0,0,утро,0,0
2,ПК,1,11.45,1,0,день,0,0
1,ПК,3,11.17,1,0,утро,0,0
6,ПК,2,1.0,2,0,день,0,1
2,смартфон,5,28.33,3,0,утро,0,1
2,смартфон,6,5.64,2,0,день,1,1
1,смартфон,5,1.15,0,0,вечер,0,0
1,смартфон,2,14.56,2,0,день,0,1
2,смартфон,5,20.16,0,0,ночь,1,0
2,ПК,2,26.52,0,1,день,0,1
2,смартфон,6,7.06,1,0,утро,0,0
2,смартфон,2,5.17,1,0,вечер,0,0
1,смартфон,4,8.76,0,0,вечер,0,0
7,ПК,1,3.52,2,0,день,0,0
4,ПК,1,4.99,0,0,вечер,0,0
3,смартфон,2,7.74,3,0,вечер,0,0
4,ПК,2,17.4,0,0,утро,1,0
2,смартфон,3,19.2,1,0,вечер,0,1
2,смартфон,4,1.41,1,0,утро,0,0
1,смартфон,7,1.44,4,0,день,0,1
5,смартфон,3,2.04,1,0,ночь,0,0
1,смартфон,3,9.07,2,0,день,0,0
3,планшет,8,2.27,1,0,утро,0,0
3,смартфон,3,9.48,1,0,день,0,1
1,смартфон,4,12.92,1,1,ночь,0,1
1,смартфон,2,19.56,1,0,день,0,1
1,ПК,2,20.2,3,0,утро,0,0
1,планшет,2,2.42,1,0,день,1,0
2,смартфон,3,3.74,0,0,ночь,0,0
1,смартфон,4,2.0,3,0,утро,0,0
1,смартфон,5,11.41,1,0,ночь,0,1
3,смартфон,5,11.61,1,0,утро,0,0
2,смартфон,5,1.0,2,0,утро,0,1
2,смартфон,2,1.8,4,0,утро,0,0
2,ПК,4,4.08,1,0,утро,1,0
3,смартфон,2,2.32,2,0,ночь,0,0
1,ПК,2,8.02,2,0,вечер,0,0
2,планшет,4,1.0,3,0,день,1,0
1,смартфон,6,17.5,5,0,утро,0,1
1,планшет,9,6.28,1,0,день,0,1
5,смартфон,2,9.01,2,0,утро,1,0
2,планшет,7,8.67,1,0,вечер,0,0
1,смартфон,7,5.99,0,0,вечер,0,0
1,смартфон,7,8.38,5,0,день,1,1
1,смартфон,4,1.0,1,0,утро,0,0
2,смартфон,1,4.85,3,0,день,0,0
1,смартфон,3,12.37,1,0,день,1,0
1,смартфон,4,4.56,0,0,ночь,0,1
4,смартфон,2,2.93,1,0,вечер,0,0
2,ПК,6,8.33,3,0,день,0,1
1,смартфон,2,6.47,2,1,вечер,0,1
1,смартфон,4,7.62,4,1,утро,0,1
1,смартфон,2,31.79,1,0,утро,1,1
3,смартфон,6,1.63,1,0,день,0,0
3,планшет,2,9.58,1,0,утро,0,0
1,смартфон,1,1.0,0,0,утро,0,0
2,ПК,2,10.42,2,0,утро,0,0
2,смартфон,1,2.2,1,0,утро,0,1
1,смартфон,4,16.45,2,0,вечер,0,1
1,планшет,4,3.14,2,1,вечер,0,1
1,смартфон,6,5.13,1,0,вечер,0,0
1,смартфон,2,7.25,0,0,ночь,1,0
2,смартфон,4,9.42,1,0,вечер,0,0
3,смартфон,2,3.55,1,0,день,1,0
1,смартфон,3,1.7,2,1,день,1,1
2,смартфон,5,10.08,1,0,день,0,0
2,смартфон,6,5.83,2,0,утро,0,1
2,планшет,2,1.0,0,0,вечер,1,0
1,ПК,3,7.7,2,0,день,1,1
3,планшет,3,6.3,3,0,утро,1,0
1,планшет,2,7.18,1,0,вечер,0,1
3,планшет,3,1.13,0,0,утро,0,0
2,ПК,3,6.41,1,0,день,0,0
1,смартфон,2,13.67,2,1,вечер,1,1
1,смартфон,4,1.42,1,0,утро,0,0
2,смартфон,3,9.77,1,0,день,0,1
1,смартфон,4,1.96,1,0,утро,0,1
2,смартфон,4,3.7,3,0,день,1,0
3,смартфон,5,4.5,2,1,вечер,0,1
1,смартфон,3,14.41,1,1,утро,0,1
2,ПК,1,2.56,1,0,вечер,1,0
3,ПК,1,3.06,0,0,день,0,0
3,планшет,7,20.41,0,0,ночь,1,1
4,смартфон,3,13.6,1,0,день,0,1
1,ПК,2,7.06,1,0,утро,0,0
2,ПК,4,3.8,2,0,вечер,1,1
3,ПК,7,15.69,1,0,день,0,1
1,планшет,2,8.27,1,0,утро,0,0
1,смартфон,4,4.01,2,0,день,0,1
1,смартфон,3,3.78,3,0,утро,0,1
1,ПК,6,6.11,1,0,утро,0,0
1,смартфон,2,29.69,5,0,вечер,1,1
4,смартфон,2,10.31,0,0,вечер,0,0
1,смартфон,3,11.37,1,0,день,0,0
2,смартфон,5,4.89,1,0,вечер,0,1
1,ПК,5,37.54,1,0,утро,1,0
3,смартфон,1,5.23,2,0,утро,0,0
1,смартфон,5,1.0,2,1,ночь,0,1
1,ПК,8,16.15,3,0,день,1,1
1,смартфон,8,7.19,1,0,ночь,0,1
1,ПК,4,1.63,2,1,день,0,1
1,смартфон,2,1.0,3,0,вечер,0,1
3,планшет,5,48.48,3,0,день,0,1
1,смартфон,3,10.42,1,0,вечер,1,0
1,смартфон,6,6.27,2,0,день,0,0
2,смартфон,2,4.06,2,0,вечер,1,1
6,ПК,3,1.0,0,0,день,1,0
2,смартфон,3,10.37,0,0,день,0,0
2,смартфон,5,4.6,0,1,вечер,0,1
2,ПК,5,45.74,1,1,вечер,1,1
2,смартфон,4,1.15,0,0,вечер,0,0
2,планшет,6,2.83,2,0,ночь,0,1
4,планшет,3,5.17,1,0,ночь,0,1
2,смартфон,3,15.97,1,0,утро,0,0
1,смартфон,9,15.01,2,1,день,0,1
1,ПК,7,2.8,0,1,день,1,1
3,смартфон,2,4.48,2,0,вечер,0,1
1,смартфон,1,1.0,1,0,вечер,0,0
3,планшет,3,4.75,0,0,вечер,0,0
3,смартфон,5,1.84,2,0,день,0,1
1,планшет,5,25.2,1,0,день,0,1
1,смартфон,6,16.5,1,0,утро,0,1
2,ПК,6,1.8,2,0,вечер,1,1
3,смартфон,4,6.75,1,0,день,0,1
1,смартфон,2,31.78,3,0,день,0,1
2,ПК,4,5.29,1,0,ночь,0,0
2,смартфон,7,5.94,1,1,ночь,1,1
4,смартфон,6,4.18,1,0,день,1,1
1,ПК,6,6.78,1,0,вечер,0,1
2,планшет,2,9.08,1,0,день,0,0
2,смартфон,2,1.0,0,0,вечер,1,1
2,смартфон,5,1.0,3,0,день,0,1
2,ПК,2,14.65,1,1,ночь,0,0
1,смартфон,4,40.6,1,0,вечер,1,1
1,ПК,2,6.76,0,0,день,0,0
1,смартфон,3,19.76,3,0,день,0,1
2,ПК,3,20.32,3,0,вечер,0,0
1,смартфон,5,4.61,3,0,утро,0,1
1,смартфон,5,3.99,2,1,утро,0,1
3,смартфон,7,13.08,1,0,утро,0,1
2,смартфон,6,24.14,5,0,утро,0,1
1,смартфон,3,19.21,0,0,день,1,0
2,смартфон,5,3.85,3,0,день,0,0
1,ПК,1,4.39,2,0,день,0,0
5,смартфон,4,13.33,0,0,день,0,0
2,ПК,2,3.82,0,0,утро,1,0
1,смартфон,2,19.1,1,1,вечер,0,1
2,планшет,2,7.12,2,0,день,0,0
1,ПК,2,3.46,1,0,вечер,0,0
3,ПК,3,3.37,1,0,утро,0,0
5,смартфон,5,15.32,0,0,день,0,0
5,планшет,2,1.33,1,0,день,1,0
5,смартфон,1,26.87,1,0,день,1,0
1,смартфон,3,5.33,1,0,утро,0,0
5,планшет,1,18.57,1,0,ночь,1,0
2,смартфон,5,15.72,2,0,день,1,1
3,смартфон,8,15.11,1,0,ночь,0,1
2,смартфон,5,11.22,1,0,ночь,1,1
2,смартфон,1,6.92,1,0,день,0,1
1,смартфон,1,4.94,1,1,день,0,1
1,ПК,6,8.69,1,0,утро,0,0
2,смартфон,4,7.49,2,0,день,0,1
1,планшет,2,4.32,2,1,утро,0,1
6,ПК,7,6.8,0,0,утро,0,0
4,смартфон,7,4.54,0,0,вечер,1,0
1,планшет,1,10.73,1,0,день,0,0
1,планшет,3,18.02,0,0,утро,0,0
1,смартфон,3,15.46,2,0,день,0,1
1,смартфон,4,4.17,2,0,утро,0,0
3,ПК,5,7.12,0,0,утро,0,1
4,ПК,6,1.0,1,0,вечер,1,1
3,планшет,6,20.42,2,0,вечер,0,1
1,смартфон,5,2.82,4,1,ночь,0,1
1,смартфон,4,5.82,4,0,ночь,0,1
1,смартфон,5,1.66,3,0,день,0,0
2,ПК,5,11.34,1,0,утро,0,0
4,планшет,7,7.88,1,0,день,0,1
1,смартфон,3,4.54,2,0,утро,0,0
1,планшет,4,7.66,2,0,вечер,0,0
1,смартфон,4,1.85,1,0,вечер,0,0
1,ПК,4,14.94,2,1,утро,0,1
1,смартфон,4,3.09,0,0,вечер,1,0
4,планшет,3,9.55,3,1,день,0,1
3,смартфон,2,22.97,2,0,день,0,0
2,смартфон,7,1.0,3,0,утро,1,0
2,смартфон,6,4.9,3,0,день,1,0
3,ПК,2,1.45,1,0,день,0,0
2,планшет,3,23.93,2,0,день,0,1
2,смартфон,1,4.46,3,0,день,0,0
5,ПК,3,2.4,0,0,день,1,0
2,планшет,3,11.28,1,0,день,0,0
2,планшет,5,7.83,0,0,утро,0,0
3,смартфон,4,16.98,4,0,вечер,1,1
1,смартфон,5,13.99,1,0,день,0,0
1,смартфон,8,36.76,1,0,утро,1,0
3,смартфон,4,1.0,0,0,ночь,0,0
1,планшет,5,1.0,1,0,вечер,1,0
1,смартфон,3,23.79,2,0,день,1,0
4,смартфон,2,31.17,1,0,утро,0,0
3,смартфон,2,5.22,1,1,день,1,1
2,смартфон,7,6.09,0,0,утро,1,0
4,ПК,5,4.6,1,0,вечер,1,0
2,ПК,8,15.04,0,0,день,1,1
1,смартфон,4,14.73,2,0,утро,0,0
2,ПК,2,2.49,2,0,вечер,0,1
2,смартфон,5,4.84,1,0,утро,1,0
1,ПК,7,2.39,0,0,вечер,1,0
6,смартфон,3,1.0,1,0,день,0,0
2,смартфон,5,1.0,2,1,утро,0,1
4,ПК,8,1.59,0,0,вечер,0,0
3,ПК,2,1.0,3,0,вечер,0,1
4,смартфон,5,5.5,2,0,вечер,0,1
1,ПК,6,1.0,3,0,день,0,0
4,планшет,8,18.8,0,1,утро,0,1
1,смартфон,3,12.45,0,1,утро,0,0
1,смартфон,5,15.31,3,1,день,1,1
1,смартфон,2,9.61,2,0,ночь,0,0
1,ПК,6,10.9,2,0,утро,0,1
3,ПК,6,1.2,1,0,день,1,0
1,смартфон,5,1.0,1,0,вечер,1,0
3,планшет,2,45.3,3,0,день,0,0
1,планшет,5,4.67,2,1,вечер,0,1
2,смартфон,3,1.0,3,0,день,1,0
3,смартфон,4,1.74,2,1,день,0,1
5,смартфон,5,20.73,2,1,день,0,1
2,смартфон,1,2.3,3,0,вечер,0,0
1,ПК,4,6.29,2,0,день,1,1
5,смартфон,6,11.01,3,0,день,0,1
1,смартфон,7,33.78,0,1,день,0,1
5,ПК,2,1.0,2,0,вечер,0,1
3,смартфон,3,6.69,3,0,день,0,0
1,смартфон,1,55.29,2,0,день,0,0
1,смартфон,3,1.3,1,1,вечер,1,1
2,смартфон,9,1.32,1,0,ночь,1,1
3,ПК,3,1.0,1,1,утро,1,0
2,смартфон,2,7.09,1,0,утро,0,0
1,ПК,1,4.28,0,0,утро,1,0
1,смартфон,2,12.6,0,0,утро,0,0
3,смартфон,4,8.47,1,0,день,0,0
2,смартфон,7,8.7,0,0,утро,0,1
5,ПК,2,7.16,0,0,утро,0,0
4,смартфон,5,48.36,1,0,утро,0,1
1,смартфон,3,7.74,1,0,вечер,0,0
2,планшет,8,1.0,3,0,вечер,1,1
2,смартфон,4,3.89,4,0,день,0,1
3,смартфон,5,15.17,3,0,день,0,1
1,смартфон,6,9.9,4,0,ночь,0,1
2,ПК,4,11.52,0,0,день,0,0
3,ПК,3,25.49,3,0,утро,0,0
1,смартфон,5,5.87,1,0,вечер,0,1
2,смартфон,5,1.0,1,0,день,0,0
2,смартфон,2,46.14,2,1,вечер,1,1
2,планшет,2,6.06,0,0,день,0,0
1,смартфон,7,1.03,1,0,вечер,0,1
1,смартфон,4,7.95,1,0,вечер,1,0
4,ПК,4,8.92,0,0,утро,0,0
1,смартфон,4,8.31,2,0,вечер,0,1
2,смартфон,5,33.5,1,0,утро,0,0
1,ПК,4,3.85,0,0,вечер,1,0
1,ПК,2,1.0,0,0,день,0,0
1,смартфон,8,25.23,2,0,утро,0,0
1,смартфон,1,2.12,2,0,день,0,1
1,смартфон,3,13.84,2,1,ночь,0,1
1,смартфон,4,2.28,2,0,утро,0,1
2,ПК,5,17.66,2,0,утро,0,1
1,ПК,4,23.69,1,0,утро,0,0
1,ПК,2,1.11,1,0,утро,1,0
2,смартфон,4,1.59,2,1,вечер,1,0
2,смартфон,3,25.94,0,0,день,0,1
1,смартфон,9,14.73,2,0,утро,0,0
4,смартфон,2,1.0,0,0,утро,0,0
2,смартфон,2,2.01,4,0,вечер,1,1
4,смартфон,2,5.31,0,1,утро,0,0
1,смартфон,7,19.97,3,1,утро,0,1
2,смартфон,3,1.64,0,0,утро,0,0
4,смартфон,1,12.88,0,0,вечер,0,1
2,смартфон,5,1.0,5,0,ночь,0,0
5,смартфон,4,6.3,2,0,вечер,0,1
2,смартфон,5,13.06,1,0,утро,0,0
1,смартфон,4,1.0,2,1,утро,0,1
1,ПК,2,2.28,3,1,вечер,0,1
1,смартфон,3,15.69,2,0,вечер,1,0
2,ПК,4,1.79,1,0,утро,1,0
1,ПК,3,11.01,0,0,вечер,0,0
2,смартфон,3,10.28,1,0,день,0,1
4,смартфон,3,7.35,1,1,ночь,0,1
2,смартфон,5,2.25,2,0,ночь,1,1
5,смартфон,2,5.39,3,0,вечер,1,1
3,смартфон,5,9.72,1,0,день,0,1
4,ПК,3,21.35,4,0,день,0,1
1,смартфон,3,15.99,1,0,вечер,0,0
1,ПК,3,9.35,0,0,утро,1,0
2,ПК,3,2.59,1,0,день,0,0
1,смартфон,5,2.44,1,1,вечер,0,1
3,смартфон,3,16.81,2,0,утро,0,0
2,смартфон,4,10.92,1,0,утро,0,0
1,смартфон,4,4.43,1,0,вечер,1,0
1,смартфон,1,35.57,3,0,день,0,1
1,ПК,3,22.05,1,0,утро,0,1
2,смартфон,5,11.13,3,0,день,1,1
2,смартфон,1,4.61,2,0,вечер,0,0
1,ПК,3,3.69,1,0,день,0,0
3,смартфон,2,28.03,1,0,день,0,0
1,смартфон,3,5.86,0,0,день,0,1
2,смартфон,4,16.1,0,0,вечер,0,1
1,смартфон,5,28.09,2,0,вечер,0,0
2,ПК,5,6.77,4,0,вечер,0,0
2,ПК,1,10.59,2,0,вечер,0,0
1,смартфон,3,1.0,1,0,день,0,0
2,смартфон,5,10.57,1,0,ночь,0,0
1,смартфон,2,2.42,0,0,день,0,0
3,планшет,3,11.1,4,0,день,0,0
1,планшет,7,1.07,0,0,вечер,0,0
3,смартфон,4,6.84,2,0,ночь,0,1
4,смартфон,5,7.36,3,1,день,0,1
1,ПК,1,6.61,1,0,утро,0,0
5,смартфон,4,14.14,1,0,утро,0,0
1,планшет,4,14.05,4,0,день,0,0
3,ПК,4,12.25,0,0,ночь,0,0
3,смартфон,1,9.99,1,1,ночь,0,0
2,планшет,2,23.48,1,0,вечер,0,0
1,смартфон,2,8.57,0,0,день,0,1
1,ПК,3,4.28,0,0,день,1,0
5,смартфон,5,1.0,0,0,утро,0,1
1,смартфон,3,7.67,2,0,день,0,1
1,смартфон,3,2.58,0,0,ночь,0,1
1,ПК,3,4.89,3,0,вечер,0,1
2,смартфон,1,1.0,1,0,день,0,0
1,смартфон,1,10.24,1,0,вечер,1,0
5,смартфон,2,21.78,1,1,день,1,1
1,смартфон,8,3.93,2,0,вечер,0,0
2,ПК,2,16.34,2,0,утро,0,1
3,смартфон,6,1.35,1,0,день,1,0
1,планшет,4,12.84,5,0,день,0,0
