time_on_site,pages_viewed,breed_page_viewed,calculator_used,device_type,age_of_pet,previous_claims,visit_month,policy_purchased
151,17,0,1,1,8,0,8,0
310,12,0,1,2,1,0,7,0
120,9,1,1,1,5,0,7,0
115,3,1,0,0,6,0,6,0
104,9,0,0,1,2,0,6,0
69,12,1,0,0,1,0,2,0
489,5,0,1,2,4,0,8,0
408,11,1,0,0,4,0,9,0
327,11,1,1,0,9,0,12,0
130,10,0,0,0,8,0,10,0
20,7,1,0,1,2,0,4,0
232,4,0,1,2,6,1,1,1
359,13,1,1,0,2,1,8,0
230,3,0,0,0,8,0,8,0
296,9,1,0,0,6,1,9,0
66,8,0,0,2,2,0,4,0
211,12,0,0,0,8,1,9,0
189,10,1,1,0,3,0,5,0
242,10,0,1,1,7,0,5,0
236,2,0,0,0,1,1,5,0
192,6,0,1,0,6,0,10,0
270,16,0,0,0,3,1,8,0
235,15,0,0,2,6,0,8,0
234,3,1,0,2,4,0,8,0
35,4,1,0,1,10,0,7,0
181,4,0,0,0,4,0,7,0
164,4,0,0,0,6,0,8,0
116,4,1,0,0,5,0,12,0
35,3,0,1,1,6,0,6,0
187,2,0,1,1,7,0,6,0
602,1,0,0,2,7,0,9,0
104,7,1,0,0,1,0,11,0
184,13,1,1,1,5,0,6,0
413,20,0,0,1,7,0,7,0
161,6,1,0,0,4,0,5,0
138,12,0,0,1,5,0,8,0
48,3,0,0,2,3,0,3,0
222,7,1,1,2,4,0,5,0
309,2,0,0,1,3,0,2,0
107,13,1,0,0,4,0,9,0
79,9,1,0,2,1,0,9,0
216,11,0,0,1,1,0,8,0
220,3,1,0,0,5,0,6,0
217,20,0,1,0,6,0,12,0
392,3,1,0,0,7,0,6,0
196,10,1,1,0,0,0,11,0
45,7,0,0,1,11,0,6,0
359,5,1,1,0,3,0,5,0
50,17,1,1,0,5,0,4,0
309,7,1,1,0,5,0,3,0
270,7,0,1,0,7,1,8,0
97,7,1,1,0,4,1,4,1
108,6,1,0,0,3,0,4,0
391,12,1,1,0,3,0,4,0
120,4,1,0,1,2,0,8,0
102,8,0,0,0,7,0,10,0
388,5,1,1,1,1,0,8,1
234,17,1,0,0,15,0,12,0
350,7,1,1,0,3,1,9,0
100,11,0,0,0,4,1,8,0
216,19,0,0,0,6,0,6,0
71,25,1,1,0,6,1,5,0
111,15,0,1,0,12,0,12,0
76,19,0,0,0,5,0,3,0
14,11,0,0,1,5,0,6,0
25,1,1,0,0,3,0,10,0
202,12,0,1,2,0,1,7,0
133,14,1,0,2,6,0,9,0
422,7,0,1,1,3,0,5,0
136,9,0,0,0,7,0,3,0
177,7,1,1,2,6,1,9,1
243,5,0,1,0,3,1,7,0
29,5,0,1,0,10,0,7,1
238,3,1,0,0,5,0,6,0
177,4,1,0,2,1,0,7,0
286,13,1,0,0,2,0,8,0
343,15,1,1,2,11,1,12,0
176,2,0,1,0,8,1,1,1
51,14,1,1,2,7,0,6,0
120,18,0,0,2,7,0,4,0
264,14,0,1,2,6,0,8,1
254,4,1,1,0,4,0,8,0
249,22,1,1,2,4,0,2,0
214,6,1,0,2,2,1,9,0
96,11,0,0,0,4,1,6,0
320,3,0,1,0,6,0,11,0
83,3,0,0,1,0,0,2,0
270,4,0,0,0,1,0,6,0
122,4,0,0,1,6,0,10,0
266,5,0,1,0,1,0,6,0
161,6,0,0,0,5,1,9,0
102,3,0,0,0,0,0,10,1
199,4,1,1,0,2,0,6,0
503,5,1,1,0,4,0,5,0
96,3,0,1,2,6,0,12,0
264,8,0,0,0,1,0,6,0
45,1,1,1,2,4,1,10,0
536,4,1,1,1,4,0,9,0
201,2,1,0,0,4,0,7,0
57,3,0,0,0,4,0,8,0
295,7,0,0,0,0,0,3,0
84,7,1,0,0,7,0,6,0
15,6,0,0,0,7,0,6,1
27,9,0,0,0,2,1,8,0
285,17,0,1,2,10,0,7,0
121,4,0,0,0,1,0,2,0
149,5,1,0,1,2,0,6,1
53,8,0,1,2,6,1,8,0
25,7,1,0,2,2,0,8,0
287,9,0,1,2,4,0,6,0
29,3,0,1,2,9,0,8,0
340,7,0,0,0,2,0,4,0
114,8,0,1,2,6,0,8,0
193,6,0,0,2,6,0,7,0
252,5,1,0,0,1,0,7,0
246,12,0,0,0,6,0,7,0
99,5,1,0,0,9,0,12,1
266,5,1,0,0,2,0,8,0
82,8,0,0,0,2,0,4,0
125,9,1,1,1,2,0,9,0
441,19,1,1,1,8,0,8,0
454,6,1,0,0,3,0,8,0
300,7,1,1,0,3,0,3,0
264,3,0,1,1,10,0,12,0
57,6,0,0,0,2,0,12,1
274,7,0,0,0,1,0,8,0
164,7,1,1,1,7,0,9,0
68,8,0,0,0,8,1,7,0
218,8,0,0,0,0,0,3,0
396,14,0,0,0,2,0,6,0
75,13,1,1,1,1,0,2,0
103,9,1,0,1,4,0,12,1
128,15,0,0,0,6,0,10,1
204,13,0,0,0,2,0,5,0
221,2,0,1,1,3,0,7,0
185,11,0,1,2,8,0,12,0
82,12,0,0,1,6,1,7,0
92,17,0,1,2,5,0,6,0
44,13,0,0,0,7,0,7,0
257,26,0,1,1,8,0,3,0
220,5,1,1,2,1,0,8,0
420,3,0,0,1,1,0,9,0
27,5,1,0,2,6,0,8,1
20,3,1,0,0,3,0,10,0
169,9,0,0,2,8,1,12,0
144,7,0,0,1,7,0,5,0
367,2,0,0,2,2,0,11,0
95,6,0,1,0,2,0,8,0
51,5,1,0,1,8,0,9,0
95,11,0,1,2,4,0,8,0
132,9,0,0,0,8,1,5,0
306,2,0,0,1,3,0,11,1
60,5,1,1,2,2,0,6,1
212,12,1,0,0,2,0,8,0
350,14,1,1,0,8,1,12,0
72,7,1,0,1,2,0,8,0
196,16,1,0,0,4,0,5,0
214,10,1,1,0,9,0,8,0
81,2,0,0,0,2,0,3,0
466,9,1,0,0,4,0,12,0
229,8,1,1,0,8,0,8,1
205,3,0,1,0,1,0,5,0
88,4,0,1,1,7,0,6,0
574,7,1,1,1,0,0,7,0
44,4,0,1,1,5,0,8,0
120,8,0,0,0,5,0,8,0
207,5,0,1,0,5,0,10,0
75,1,1,1,0,0,0,4,0
159,11,1,1,2,2,0,8,0
71,8,1,0,1,2,0,2,0
38,7,1,0,2,2,0,5,0
87,5,0,0,0,6,0,6,0
138,3,0,0,1,5,0,9,0
58,8,0,0,0,6,0,6,0
443,8,0,1,2,3,0,8,0
72,3,1,1,0,4,1,3,0
316,4,1,0,0,4,1,8,0
236,11,1,1,0,9,0,12,0
103,23,1,0,1,9,0,3,1
307,7,0,0,0,4,0,8,0
252,3,0,1,0,3,1,8,0
117,13,1,1,0,5,0,11,0
232,11,1,0,2,1,0,7,0
246,15,1,0,0,1,0,3,0
38,7,0,1,2,2,0,5,0
78,9,0,1,2,8,1,11,0
322,5,0,0,2,3,0,10,0
117,16,0,1,2,8,0,4,0
336,7,1,1,2,4,0,4,0
76,17,1,1,0,10,0,6,0
231,2,1,0,0,1,0,3,0
136,9,1,1,1,3,0,5,1
161,11,0,0,0,9,0,10,0
115,17,1,0,0,10,0,12,0
158,12,1,1,1,3,0,6,0
152,10,1,0,1,0,0,2,0
449,16,1,1,2,1,0,12,1
262,13,0,0,1,8,0,10,0
201,16,1,0,1,5,0,4,0
111,4,0,0,0,3,0,9,0
313,8,0,1,0,3,0,2,0
156,8,0,1,2,0,0,4,0
282,4,0,0,0,7,0,8,0
466,8,1,0,0,11,0,2,0
31,2,0,0,1,7,0,5,1
189,5,0,1,0,1,0,4,0
40,3,1,0,0,2,0,12,0
375,1,1,0,0,2,0,9,0
157,7,0,0,0,12,0,8,0
24,14,0,1,0,6,0,6,0
41,2,1,1,2,7,0,10,0
88,5,1,0,0,7,0,12,1
164,10,1,1,0,6,0,8,0
225,1,0,1,0,1,0,9,0
143,2,1,1,0,6,0,11,1
108,1,0,0,2,4,0,8,0
27,3,0,1,0,2,0,9,0
127,11,1,0,2,5,0,11,0
221,10,0,0,0,12,0,7,0
391,1,1,0,2,3,0,3,0
104,1,0,1,0,4,0,9,1
321,1,0,1,0,1,0,5,1
23,16,0,1,0,1,0,8,0
236,2,0,1,1,5,0,12,0
127,14,0,1,0,7,0,8,0
207,6,1,0,0,3,0,12,0
284,4,1,0,2,4,0,9,0
172,7,0,1,0,2,0,7,0
273,8,0,0,0,10,0,12,0
105,17,0,0,2,6,0,6,0
170,18,0,0,0,6,0,5,0
112,4,1,1,2,4,1,11,1
165,11,0,1,0,3,0,10,0
20,12,0,1,0,10,0,9,0
213,14,1,0,0,8,0,7,0
244,25,0,0,2,9,0,11,0
239,2,0,0,2,4,0,10,0
112,14,1,1,2,8,0,12,0
95,2,0,1,0,5,0,8,0
113,7,0,0,2,3,0,7,0
117,16,0,1,0,4,0,4,0
128,2,1,0,0,3,0,11,0
99,3,0,1,2,5,0,7,0
360,2,0,0,0,10,0,6,0
83,2,0,1,0,2,0,9,0
419,5,1,1,0,4,0,3,0
94,8,0,0,1,2,0,3,0
164,8,1,1,0,2,0,4,0
354,6,0,0,0,4,0,6,0
257,18,1,0,2,3,0,6,0
105,4,0,0,0,5,1,7,0
426,2,0,0,0,4,1,5,0
152,19,1,0,1,5,0,8,0
188,9,0,0,2,4,1,3,0
207,4,1,0,0,1,0,2,0
140,11,1,1,1,8,0,6,0
234,2,0,0,0,10,0,10,0
106,9,1,1,0,5,0,8,1
216,4,0,1,0,4,0,10,0
102,4,0,0,0,12,0,8,0
155,7,0,0,0,4,0,7,0
243,5,0,1,2,5,0,6,0
18,7,0,0,1,2,0,8,0
175,3,0,0,2,6,0,8,0
283,3,1,1,1,5,1,5,0
190,14,1,1,0,5,0,5,0
76,4,1,1,0,1,0,8,0
100,1,1,0,2,0,0,9,0
88,6,0,0,1,2,0,3,0
25,4,0,0,2,3,1,8,0
60,8,0,0,0,2,0,6,0
185,7,0,0,0,2,0,11,0
246,6,1,1,0,4,0,4,0
77,9,0,0,0,5,1,9,0
103,7,1,0,0,4,1,8,0
52,10,0,1,0,10,0,8,0
84,12,0,0,1,0,0,6,0
112,16,0,1,0,2,0,10,0
82,6,0,0,0,4,0,5,0
105,4,0,0,1,1,0,2,0
339,9,0,0,0,3,0,3,0
21,7,1,1,1,10,0,10,0
78,3,0,0,0,3,1,7,0
21,8,0,0,2,8,0,2,0
89,17,1,1,1,4,1,5,0
160,16,1,0,2,3,0,7,0
31,10,1,0,0,7,0,8,0
32,2,0,1,0,3,0,1,1
350,4,0,0,0,3,1,7,0
43,5,1,0,0,4,0,6,0
88,1,1,0,0,5,0,4,0
32,7,1,0,1,2,0,8,0
243,5,0,0,0,7,0,6,0
241,8,1,0,1,10,0,12,0
10,5,0,0,1,5,0,5,1
180,5,0,1,1,4,0,9,0
302,3,0,0,0,3,0,12,0
267,2,1,0,2,5,0,7,0
257,7,0,0,0,2,1,10,1
54,6,0,0,0,6,0,5,0
314,14,0,1,2,1,0,8,1
74,9,0,0,0,0,0,2,0
32,16,1,1,1,1,0,8,0
397,10,0,0,0,10,0,5,0
385,1,0,0,0,2,0,7,0
117,13,0,0,0,4,1,3,0
253,10,0,0,0,6,1,11,0
113,5,0,0,0,8,0,11,0
146,12,0,0,0,1,0,10,0
87,7,0,0,1,3,0,6,0
73,14,1,0,1,1,0,6,0
141,9,0,0,2,3,0,4,0
110,5,1,0,2,1,0,2,0
196,5,1,0,0,2,0,6,0
415,13,1,0,2,3,0,7,0
277,17,0,1,0,2,0,5,0
190,2,1,1,0,4,0,10,0
60,2,0,1,1,9,0,7,0
205,7,1,1,0,2,0,7,0
206,2,0,0,1,2,0,7,0
109,5,0,0,0,9,0,6,0
297,9,1,1,0,4,0,4,0
188,3,1,1,0,3,0,7,0
72,3,1,1,0,9,0,12,0
208,5,1,0,2,2,0,7,0
80,8,0,0,2,3,0,2,0
60,10,0,0,0,10,0,7,0
90,13,1,1,0,5,0,5,0
174,11,1,0,0,0,0,8,0
429,4,1,1,2,3,0,5,0
385,1,1,0,0,6,0,7,0
407,7,0,1,2,7,0,5,0
74,12,0,0,1,2,0,6,0
29,17,0,1,2,4,0,6,0
194,14,1,1,1,9,0,6,0
50,14,1,0,1,0,0,4,0
148,4,1,1,1,3,0,6,1
208,8,1,1,2,8,0,12,0
238,9,0,0,2,3,0,11,0
255,14,0,1,1,4,0,5,0
280,5,1,1,1,3,0,7,0
293,14,0,0,2,13,0,12,0
191,5,0,1,2,0,0,1,0
216,8,1,0,1,2,0,6,0
245,2,0,1,0,0,1,3,0
135,2,0,0,0,4,0,8,0
555,9,1,0,2,4,0,4,0
62,3,1,0,0,3,0,12,0
32,12,0,1,0,5,0,8,0
344,3,1,0,0,2,1,3,0
175,4,0,1,1,4,0,4,0
188,12,1,0,1,4,0,5,0
253,5,1,0,0,2,0,8,0
10,9,0,0,0,1,0,6,0
172,17,0,0,1,5,1,7,0
69,5,1,0,2,1,1,7,1
127,10,0,0,0,3,0,9,0
51,8,1,0,0,2,0,9,0
130,13,0,1,1,6,0,9,0
114,11,0,0,2,5,0,7,1
77,13,1,1,1,3,0,4,0
64,3,1,1,1,5,0,11,0
308,21,0,1,2,9,0,2,0
190,18,1,1,0,6,0,7,0
257,2,0,0,0,1,0,2,1
201,2,1,0,1,4,0,8,0
150,9,0,0,2,5,0,6,0
282,17,1,1,1,6,0,3,0
188,8,0,0,2,10,0,5,0
87,7,1,0,1,2,0,2,0
336,9,0,0,1,6,0,2,0
301,5,0,0,0,6,0,6,0
56,8,1,1,0,5,0,4,0
348,1,1,1,1,4,0,8,0
130,3,1,1,0,2,0,3,0
190,6,0,1,0,2,0,4,0
194,17,0,0,2,0,0,8,0
10,13,0,1,2,15,0,12,0
89,3,1,0,0,2,0,7,0
278,16,1,1,1,6,0,8,0
124,8,1,1,0,2,1,5,0
115,1,1,0,0,6,0,6,0
134,3,0,0,1,8,0,9,0
135,13,1,1,1,7,0,12,0
667,2,1,1,0,1,0,6,1
453,18,0,1,0,1,0,10,0
29,4,1,0,0,1,0,4,0
89,16,0,1,2,11,0,12,0
364,13,1,0,1,9,0,10,0
77,6,0,0,0,1,0,4,0
261,2,0,0,0,3,1,4,0
216,3,0,0,1,6,0,4,0
16,5,1,0,1,7,0,3,1
337,5,1,0,2,8,0,11,1
44,9,0,0,0,3,0,6,0
212,24,0,1,2,5,0,8,0
135,9,0,1,0,3,0,4,1
193,1,0,0,0,3,0,10,0
312,4,0,0,0,1,0,6,0
199,6,1,1,0,3,0,8,0
257,16,1,1,2,8,0,4,0
138,21,0,0,1,6,0,9,0
224,1,1,0,1,2,0,5,0
337,7,1,0,0,1,0,6,0
268,9,1,1,0,5,0,4,1
84,16,0,1,0,4,0,1,0
125,16,0,0,1,9,0,6,0
201,9,0,0,1,0,0,5,0
158,20,0,0,0,7,0,4,0
300,14,1,1,0,2,0,2,0
82,3,1,0,0,2,0,11,0
364,11,0,0,2,1,1,5,0
262,10,1,1,0,3,0,10,0
213,9,0,1,0,3,1,8,0
169,10,0,1,0,6,0,2,0
337,2,1,1,0,4,0,8,0
157,4,1,1,0,3,0,5,0
112,3,1,1,1,3,0,11,0
267,13,0,1,2,2,0,4,0
66,26,0,0,0,11,1,8,0
47,2,1,1,0,2,0,8,0
262,9,0,0,1,2,0,7,0
314,7,0,0,1,2,0,7,0
47,3,0,0,0,8,0,4,0
73,8,1,0,2,4,0,1,0
200,8,0,0,2,1,1,6,0
74,17,0,0,0,4,1,5,0
100,10,0,0,1,5,0,11,1
258,1,1,1,1,0,0,6,0
251,10,1,1,1,4,0,3,1
260,4,0,1,0,5,0,8,0
62,7,0,0,0,6,0,7,0
228,16,1,0,0,8,0,9,0
103,12,0,1,1,4,0,4,0
46,13,1,0,0,1,0,7,0
176,12,0,0,0,0,0,7,0
142,17,0,1,1,7,0,11,0
141,12,1,1,0,3,1,6,0
44,5,1,0,1,6,0,8,0
35,6,1,1,0,10,1,12,0
672,12,0,0,0,1,0,8,0
291,13,0,0,0,5,0,7,0
308,9,1,0,2,4,1,7,0
100,1,1,0,1,1,0,6,0
212,21,1,0,0,11,0,10,0
95,4,0,0,2,1,0,8,0
505,1,1,1,1,1,0,4,0
308,5,0,1,0,1,1,6,0
338,2,0,0,0,5,0,8,0
172,10,0,0,0,7,0,3,0
112,8,1,1,1,4,1,8,0
579,15,0,0,1,4,0,6,0
379,4,1,1,0,6,0,12,0
193,10,0,1,0,1,0,5,0
190,8,1,0,0,2,0,8,0
286,5,0,0,0,9,0,6,0
298,3,0,1,0,1,0,3,0
252,1,1,0,0,3,0,10,0
153,6,0,1,0,3,1,7,0
183,7,0,1,2,3,0,8,1
303,1,0,1,0,2,0,2,0
185,2,1,1,0,2,0,6,0
362,1,0,0,0,7,0,11,0
63,7,0,0,0,1,0,7,0
238,12,0,0,1,6,0,4,0
265,8,0,0,1,6,0,8,0
300,6,0,0,0,2,0,2,0
349,10,0,1,0,1,1,4,0
310,7,1,1,0,3,0,2,0
329,7,0,0,0,2,0,5,1
166,10,0,1,1,2,0,7,0
282,14,1,0,0,5,0,9,0
118,4,0,1,1,3,0,3,0
68,7,1,0,1,4,0,8,0
70,4,0,0,0,15,0,7,0
373,4,1,1,0,6,0,5,1
151,2,0,0,2,4,0,10,0
424,11,0,0,0,0,0,3,1
374,16,1,0,0,11,0,8,0
200,7,1,0,0,7,0,12,0
178,3,1,0,1,0,0,4,0
193,4,0,1,0,6,0,10,0
207,10,0,0,2,2,0,10,0
230,1,1,0,1,2,0,4,0
174,5,0,0,2,7,0,10,0
99,23,1,1,0,7,0,9,0
200,2,1,0,2,1,0,4,0
240,11,0,1,0,5,0,5,0
433,11,1,1,0,8,0,8,1
175,15,0,1,2,10,1,9,0
73,4,0,0,0,10,1,7,0
94,4,1,0,2,6,0,3,0
56,8,1,1,0,2,0,4,1
89,8,0,0,2,4,0,5,0
375,21,1,0,0,6,0,8,0
111,2,1,1,1,3,0,9,0
155,6,0,0,0,6,0,7,0
50,16,0,0,0,3,0,12,1
215,21,1,1,1,9,0,9,0
383,10,0,1,1,2,0,7,0
186,13,1,0,0,12,1,12,0
40,16,1,0,0,7,0,2,0
166,5,1,0,0,1,0,9,0
84,7,0,0,0,5,0,5,0
140,13,1,1,0,9,0,8,0
112,12,0,1,2,11,0,6,0
177,6,0,1,0,3,0,4,0
178,21,1,1,0,8,0,4,0
312,4,0,0,2,0,0,3,0
61,7,0,0,0,9,0,7,0
138,8,0,1,1,2,0,7,0
103,7,0,0,1,3,0,1,0
117,2,0,0,1,2,0,12,1
326,6,1,0,1,2,0,10,0
58,10,0,0,1,1,0,8,0
264,6,1,0,0,2,0,10,0
30,19,0,1,0,10,0,7,0
246,4,0,1,1,2,0,11,0
257,14,0,1,0,6,0,7,0
234,1,0,0,0,3,1,7,0
50,15,0,0,2,1,0,7,0
250,3,0,0,1,4,0,11,0
235,7,1,0,0,3,0,4,0
290,3,0,0,2,5,0,8,1
294,15,1,1,1,6,0,10,0
22,3,1,0,2,3,0,3,0
224,17,1,0,2,3,0,7,0
202,15,1,1,0,9,0,9,0
169,8,1,1,1,10,0,12,0
197,4,1,0,1,1,0,8,0
407,17,1,1,2,3,0,9,0
411,4,0,0,1,2,0,6,0
623,16,0,1,0,7,0,6,0
332,7,0,0,0,9,0,11,0
234,12,1,0,0,3,0,5,0
110,4,0,0,2,0,0,8,0
85,4,1,1,2,6,0,7,0
223,12,0,1,0,1,0,6,0
175,7,1,0,1,4,0,9,0
156,13,0,0,2,3,0,6,0
191,2,0,1,0,2,0,7,0
368,4,0,0,0,4,0,11,0
23,5,0,1,0,7,0,12,0
161,2,1,0,2,6,0,5,1
296,5,0,0,1,7,0,9,0
134,8,0,0,0,4,0,3,1
37,2,1,0,0,6,0,10,0
155,3,0,0,1,7,0,9,0
43,2,1,0,2,11,0,12,0
368,16,1,1,1,4,0,3,0
112,13,1,0,0,1,0,3,0
463,18,0,0,0,5,0,10,1
478,14,0,1,2,7,0,4,0
196,3,0,0,0,1,0,9,0
70,5,0,0,0,2,0,11,0
17,7,0,1,2,1,0,7,0
247,8,0,0,2,3,0,5,1
178,11,0,1,1,6,0,8,0
150,15,1,1,1,6,0,7,0
196,2,1,0,0,5,0,6,1
185,5,0,1,0,2,0,3,0
207,14,1,0,0,6,0,9,0
15,7,1,0,1,5,0,4,1
479,15,1,1,0,2,0,4,0
27,4,0,0,2,5,0,8,0
120,4,0,1,0,1,0,10,0
143,11,0,1,0,6,0,5,0
32,9,0,1,0,5,0,3,0
201,12,0,0,1,5,0,8,0
270,5,0,0,0,7,1,12,0
77,2,1,0,2,2,0,5,0
240,9,0,0,0,6,0,6,0
25,13,1,1,1,1,0,4,0
268,13,0,0,1,6,0,5,0
177,8,1,0,0,3,0,9,0
208,10,0,1,1,4,0,4,0
484,6,1,0,1,2,0,2,0
242,4,0,1,2,5,0,5,0
207,8,0,0,2,0,0,7,0
97,9,0,1,0,6,0,6,0
34,8,1,0,0,4,0,4,0
222,7,1,1,0,2,0,5,1
183,7,1,0,2,9,0,12,0
183,3,1,0,0,5,0,12,0
281,5,0,1,1,3,0,9,1
63,6,0,0,1,1,0,11,1
10,13,0,1,1,1,0,2,0
10,11,0,0,0,4,0,10,0
267,10,0,1,0,0,0,8,0
57,9,1,1,0,11,1,12,1
108,8,0,1,0,4,0,9,0
53,12,0,0,0,7,0,10,0
116,6,0,1,0,4,1,7,0
283,11,0,0,1,11,0,12,0
82,6,0,0,0,2,0,12,1
104,3,1,0,0,9,0,10,0
156,5,0,0,0,3,0,9,0
217,9,1,1,0,4,0,7,0
238,8,1,0,0,5,0,7,0
79,9,1,1,0,3,1,8,0
208,6,1,0,1,2,0,9,0
79,4,0,0,0,2,0,6,0
193,12,0,1,2,3,0,9,0
30,15,0,1,0,11,0,10,0
126,18,1,0,2,9,0,9,0
173,18,1,1,2,5,0,4,0
165,12,0,0,1,6,0,6,0
183,10,1,0,2,3,0,6,0
436,1,1,0,0,4,0,8,0
431,3,1,1,0,0,0,8,1
10,2,0,0,0,2,0,6,0
172,3,0,0,0,9,0,10,0
232,7,0,1,0,2,0,5,0
153,9,0,0,1,1,0,4,0
123,20,0,0,0,6,1,10,1
364,9,1,1,0,3,1,5,0
116,7,0,0,0,3,0,8,0
280,15,0,0,1,1,1,4,0
513,7,0,0,2,0,0,5,0
537,5,1,0,0,1,0,6,0
242,7,1,0,0,1,0,6,0
115,2,0,1,0,2,0,7,1
28,5,1,0,1,4,1,10,0
313,4,1,1,0,3,0,5,0
500,7,1,1,2,5,0,9,1
13,8,0,1,0,4,0,3,0
554,15,1,1,0,1,0,5,0
47,13,0,0,2,11,0,12,1
59,8,0,0,2,5,0,4,0
227,18,1,1,1,5,1,7,0
82,3,1,1,0,2,0,6,1
105,6,1,0,1,1,0,4,0
349,9,0,1,0,1,0,6,0
181,3,0,0,0,1,0,7,0
14,5,0,0,0,6,0,8,0
82,1,0,1,0,7,1,9,1
261,3,0,1,1,1,0,9,0
68,10,1,0,0,0,0,4,0
346,8,1,0,2,4,0,8,0
328,14,0,1,0,2,0,3,0
130,6,1,0,0,7,0,4,0
179,15,0,0,1,5,0,7,0
191,10,1,0,2,2,1,4,0
343,4,1,1,2,8,0,11,0
152,6,0,0,1,1,1,5,1
282,3,0,0,0,0,1,7,0
419,18,0,1,2,3,0,7,0
50,9,0,0,2,12,0,10,0
121,8,0,0,0,10,0,12,0
250,6,1,1,1,5,1,5,0
132,19,1,1,1,14,0,12,0
155,11,1,0,0,6,0,6,0
82,4,1,1,2,9,0,12,1
216,10,1,1,0,5,0,11,0
451,2,1,0,1,2,0,5,0
44,4,1,0,0,6,0,6,0
47,4,0,1,0,1,0,3,0
139,2,0,1,1,5,0,12,0
244,12,0,1,0,4,0,7,0
118,11,0,0,0,9,0,9,0
118,13,0,1,2,9,0,9,0
346,12,1,0,1,2,0,4,0
88,6,0,1,1,3,0,5,0
103,15,0,1,0,10,0,10,0
84,4,0,1,0,0,0,5,0
10,14,0,1,1,7,0,7,0
144,11,0,0,2,6,1,4,0
143,1,0,1,0,5,0,9,0
208,10,0,0,1,2,0,7,0
48,15,1,1,0,7,0,12,0
65,5,0,0,0,2,0,1,0
377,24,1,0,0,4,0,3,0
88,3,0,1,0,3,0,6,1
74,5,0,0,0,2,0,11,1
418,13,1,1,1,8,0,8,0
138,3,1,0,0,2,0,7,0
249,11,0,0,1,9,0,7,1
205,1,1,0,1,2,0,7,0
359,3,0,0,1,5,0,5,0
205,2,1,0,0,1,0,3,0
66,8,1,0,0,4,0,6,0
23,8,0,0,1,3,0,4,0
174,3,1,0,0,2,0,8,0
236,11,1,0,2,3,0,7,1
260,13,0,1,0,8,0,10,0
179,12,0,1,0,1,0,8,0
25,11,0,0,1,4,0,4,0
502,7,0,0,2,5,1,8,0
216,10,1,1,0,9,1,12,0
136,16,1,0,0,1,0,5,0
489,7,1,1,2,5,0,10,1
201,12,0,0,0,0,0,9,0
230,10,0,0,0,5,0,4,0
39,8,1,0,0,6,0,5,0
130,9,0,1,0,8,0,2,0
52,13,1,1,1,6,0,3,0
141,2,1,0,0,5,0,6,0
37,9,1,1,2,6,0,8,0
21,11,0,1,1,4,1,3,0
26,10,1,0,2,4,0,10,0
633,13,0,1,0,3,0,5,0
69,11,0,0,0,11,0,7,0
41,11,1,0,2,5,0,8,0
97,5,1,0,0,3,1,9,0
84,9,1,1,1,2,1,7,0
277,14,0,1,0,5,0,3,0
253,11,0,0,1,2,0,3,0
73,11,1,0,2,8,0,10,0
54,8,0,1,0,2,0,12,1
107,5,1,1,0,6,0,9,0
159,5,0,0,0,4,0,5,0
84,11,0,0,0,4,0,7,0
109,12,1,0,0,4,0,10,0
257,6,1,0,1,12,0,12,0
42,14,0,0,0,5,1,5,0
159,20,1,0,0,1,0,5,1
312,11,0,0,0,10,0,12,0
185,9,0,1,0,1,1,8,0
378,3,1,1,0,3,0,8,0
295,12,1,1,1,1,0,5,0
196,7,0,0,2,4,0,5,0
25,4,0,1,0,3,0,4,1
50,8,0,0,0,4,0,4,0
238,10,1,1,1,8,0,12,0
189,6,1,0,0,4,0,6,0
518,8,1,1,0,7,0,8,0
186,3,0,0,1,0,0,1,0
94,18,1,0,0,3,0,5,0
204,7,1,1,0,5,0,6,0
24,16,0,1,2,6,0,7,0
142,7,1,0,0,4,0,6,0
473,10,0,1,2,5,0,9,0
467,12,1,1,0,1,0,8,0
188,9,1,1,2,0,0,11,0
35,19,0,1,0,1,0,4,0
461,9,1,0,0,6,0,11,0
370,8,0,0,1,3,1,9,0
70,3,1,0,2,8,0,11,0
231,13,0,0,0,3,0,6,0
69,9,0,1,1,3,0,8,0
181,10,0,1,0,2,0,6,0
161,14,0,0,1,0,0,6,0
172,3,0,1,1,7,0,7,0
28,2,1,1,0,10,0,2,1
45,6,0,0,0,9,0,5,0
79,4,1,0,0,1,0,9,1
295,6,1,1,2,9,0,12,1
203,11,1,1,0,5,1,8,0
248,2,1,1,1,1,0,5,0
229,9,0,0,0,2,0,2,0
289,3,1,0,1,0,1,7,0
480,11,0,0,1,12,0,12,0
126,12,1,0,1,1,0,10,0
328,4,1,0,2,5,0,8,0
12,5,1,1,0,4,0,7,0
162,3,0,1,0,3,0,8,0
69,2,0,1,2,4,0,9,0
317,6,0,1,0,2,0,7,0
206,8,1,0,1,2,0,5,0
259,7,1,0,1,3,0,8,0
379,14,1,0,1,0,0,5,0
62,5,0,0,0,9,0,8,1
166,1,0,1,0,3,0,12,0
70,13,0,0,1,5,0,7,0
10,8,0,0,0,4,0,2,0
345,5,1,0,1,5,0,5,0
193,5,0,0,0,3,0,12,0
406,14,0,0,0,9,0,9,1
202,1,0,0,0,8,0,10,0
111,7,1,0,2,4,0,8,0
150,10,1,1,0,4,0,5,0
114,4,0,0,1,1,0,5,1
340,7,0,0,2,11,0,11,0
174,23,1,0,1,12,0,12,1
73,8,0,0,2,5,1,9,0
23,1,0,0,0,0,0,10,0
247,10,1,1,2,7,0,11,0
149,10,0,1,0,2,0,9,0
182,17,0,0,2,7,0,1,0
56,3,1,0,2,1,0,7,0
37,7,0,0,0,4,0,10,0
140,11,0,1,0,3,0,5,0
87,1,1,1,1,2,0,6,0
82,10,1,0,0,12,0,7,0
396,18,1,1,1,2,0,12,0
170,6,0,1,0,3,0,9,0
169,8,1,0,2,5,0,6,0
130,8,0,0,0,6,0,6,0
171,7,0,0,1,2,0,4,0
137,2,0,1,0,7,0,7,1
46,2,1,0,0,5,0,12,0
355,5,1,0,0,6,0,9,0
382,9,1,1,0,1,0,6,1
153,9,0,0,0,7,0,8,0
191,3,1,0,2,5,0,4,0
145,9,1,0,0,14,0,7,0
154,2,0,1,1,6,0,8,0
163,6,1,0,0,4,0,10,0
151,13,0,0,0,15,0,2,0
332,3,0,0,0,5,0,5,0
42,6,0,1,1,4,0,7,0
126,5,0,0,0,2,0,7,0
142,15,1,1,0,7,0,12,0
206,1,1,1,0,3,0,7,0
343,5,1,1,0,3,0,9,0
264,11,0,1,0,2,0,7,0
103,3,0,0,0,3,0,3,1
160,19,0,1,0,0,1,9,0
204,8,0,1,1,2,0,4,0
161,10,0,0,0,1,0,4,0
163,6,0,0,0,3,0,4,0
268,2,1,1,0,4,0,6,0
187,2,0,0,1,6,1,9,0
269,21,1,1,0,11,0,10,0
92,4,1,0,1,12,1,12,0
281,8,0,1,1,5,0,8,0
60,13,0,0,1,4,1,3,0
71,4,1,1,0,1,0,7,0
83,6,1,0,0,3,0,6,0
454,18,0,0,0,15,0,3,0
111,6,0,1,2,3,0,4,0
10,5,1,0,1,5,0,6,0
371,8,1,0,0,3,1,5,0
295,9,0,0,2,0,0,2,0
132,9,0,0,0,5,0,12,0
243,9,0,0,0,6,0,5,0
104,5,1,0,0,7,0,4,0
223,4,1,0,0,3,0,6,1
72,13,0,1,2,1,0,8,0
63,7,0,0,2,9,0,8,0
82,3,1,0,1,5,0,2,1
403,6,1,1,0,7,0,11,1
279,10,0,1,1,0,0,10,0
25,7,0,1,1,4,1,4,1
36,5,1,1,0,10,0,12,0
168,13,1,0,0,3,0,3,0
353,9,0,0,1,13,0,10,0
84,8,1,1,2,5,0,9,0
191,2,0,0,1,3,1,4,0
180,5,1,1,0,4,1,9,0
18,9,1,1,0,1,0,7,0
156,7,1,1,2,3,0,6,0
405,12,0,1,2,2,0,5,1
308,3,1,0,0,5,0,9,0
212,16,1,0,1,7,0,9,0
330,11,0,1,2,8,0,10,0
124,1,0,0,2,10,0,12,0
229,9,1,0,1,7,0,11,0
120,9,1,0,0,1,0,6,0
165,8,0,0,1,5,0,7,0
140,5,1,1,0,4,0,6,0
514,4,0,0,2,3,0,6,0
242,12,0,0,0,3,0,9,0
114,4,0,0,1,2,1,3,0
67,1,0,1,1,2,0,7,1
33,9,1,0,1,8,0,7,0
299,7,0,0,1,5,0,2,1
221,12,0,1,0,4,0,4,0
209,8,0,1,1,3,0,4,0
163,14,0,1,0,4,0,6,1
287,1,1,1,0,6,1,8,0
191,2,1,1,2,8,0,11,0
440,8,1,0,1,8,0,10,0
114,13,0,0,1,3,0,5,0
337,5,1,1,0,0,0,8,0
51,9,1,1,1,12,0,12,0
152,9,0,0,1,11,0,11,0
384,2,0,1,1,5,0,9,0
459,9,1,1,2,4,0,3,0
175,9,1,1,0,1,0,4,0
61,15,1,1,1,7,1,8,0
139,6,1,1,1,2,0,6,0
42,12,0,1,0,6,0,9,0
186,6,1,0,0,0,0,5,0
96,8,0,1,2,6,1,9,0
35,12,0,0,0,9,0,10,0
129,7,1,0,0,4,0,3,0
252,2,0,0,0,10,1,6,0
293,6,1,1,0,6,0,12,0
120,8,0,0,2,3,0,6,0
372,12,0,0,0,6,0,5,0
135,15,0,1,0,2,0,3,1
328,2,0,0,2,3,0,6,0
117,14,0,1,0,3,0,9,0
286,13,1,1,1,13,0,7,0
20,9,0,1,2,3,0,5,0
311,16,1,0,1,1,0,10,0
121,4,1,0,1,0,0,4,0
204,18,1,0,0,4,0,3,0
267,9,1,1,0,1,0,8,0
393,2,1,0,0,3,0,8,0
82,9,0,0,0,8,0,6,0
92,7,0,0,0,3,0,10,0
193,7,0,1,0,5,1,9,0
284,8,0,1,1,5,0,7,0
310,19,0,0,0,8,0,3,0
193,9,0,0,0,3,1,2,0
138,3,1,0,0,4,0,5,0
369,16,0,0,0,7,0,7,0
135,7,0,1,1,8,0,9,1
36,8,1,1,1,4,0,3,0
20,5,1,0,2,6,0,6,1
161,6,0,1,2,4,0,10,0
94,2,0,1,1,4,0,6,1
369,11,1,0,1,1,0,7,0
382,7,1,0,0,10,0,12,0
310,8,0,0,0,2,0,10,0
15,4,1,1,2,3,0,7,0
58,11,1,1,0,2,0,5,0
275,5,1,0,0,5,0,9,0
110,5,0,0,0,7,1,6,0
372,4,0,1,0,2,0,3,0
142,8,0,0,1,4,0,11,0
110,3,0,1,0,8,0,10,0
42,16,1,1,0,6,0,3,1
133,9,0,1,0,6,0,8,0
211,13,0,0,1,2,0,3,1
94,5,1,0,1,4,0,10,1
150,3,1,1,0,1,0,7,0
138,3,1,1,1,1,0,7,0
194,8,0,0,0,12,0,7,0
398,1,1,0,1,3,0,10,0
93,10,0,1,1,1,0,3,0
73,6,0,1,2,1,0,2,1
165,12,1,1,0,4,0,7,1
150,16,0,0,0,3,0,6,0
10,8,0,0,0,5,0,8,0
176,11,1,0,0,4,0,7,0
134,5,0,0,0,4,0,9,0
117,5,1,0,0,4,0,9,0
86,11,0,1,0,9,0,7,0
71,1,1,1,2,6,0,8,1
296,8,0,0,0,7,0,12,0
179,11,1,1,2,6,0,8,0
202,6,0,1,2,13,1,12,0
203,6,1,0,2,3,0,8,0
346,11,0,0,2,5,1,2,0
740,17,0,0,1,10,0,8,0
376,15,1,1,1,8,0,5,0
188,4,1,0,0,5,0,2,0
292,16,0,0,0,2,0,9,0
71,7,0,0,2,2,0,10,0
49,1,0,1,0,5,1,6,0
86,3,1,1,0,7,0,4,0
294,2,1,0,1,1,0,6,0
31,8,1,1,1,0,0,2,0
10,3,0,0,2,2,0,4,0
200,4,1,0,0,3,0,6,0
224,12,1,0,1,11,0,4,0
305,12,1,0,0,5,0,11,0
297,12,0,1,2,2,0,2,0
120,9,1,1,0,8,0,8,0
42,11,0,1,2,5,0,10,0
308,1,1,1,0,3,0,8,0
123,8,0,1,0,3,0,5,0
237,2,1,0,0,2,1,6,0
94,11,1,0,0,3,0,10,0
43,5,1,1,1,1,0,6,0
119,1,0,1,0,8,0,11,0
342,1,0,0,0,3,0,6,0
146,2,1,0,0,4,0,12,0
71,14,0,1,2,4,0,8,0
299,13,0,0,0,5,0,4,0
72,15,1,0,0,10,1,6,0
166,3,1,0,1,1,0,10,0
163,5,1,1,2,4,0,4,0
221,7,0,1,2,2,1,3,0
595,19,1,1,2,1,0,3,0
88,3,1,1,0,3,0,7,0
287,6,1,1,2,5,0,7,0
80,1,1,0,1,2,1,7,0
330,7,0,0,2,7,0,9,0
151,3,0,0,0,7,0,7,0
186,2,1,1,2,3,0,9,0
82,4,1,0,0,3,0,8,0
114,8,0,1,1,3,1,6,0
225,5,1,0,0,3,0,12,0
209,14,0,1,0,8,0,7,0
247,2,1,0,0,4,0,6,0
285,2,1,1,0,1,0,3,0
82,9,0,1,1,3,0,7,0
179,6,0,0,1,8,0,4,0
46,16,1,0,1,10,0,6,0
13,8,1,1,0,1,1,5,0
175,17,1,1,2,2,0,4,0
89,3,1,0,1,5,0,6,0
201,4,0,0,0,3,0,8,0
172,3,0,0,1,3,0,2,1
177,4,0,0,0,6,0,8,0
194,4,0,1,0,5,0,7,1
405,2,1,0,0,1,1,9,0
449,4,0,0,1,5,1,7,0
89,6,0,1,0,4,0,6,0
87,5,1,0,0,2,0,7,0
276,3,1,1,2,7,1,4,0
303,5,1,1,0,7,0,12,0
177,2,1,0,0,1,0,8,0
83,16,1,1,2,8,0,12,0
94,3,1,0,0,10,0,11,0
241,10,0,0,1,12,0,5,0
501,10,1,1,0,3,0,6,0
28,6,1,0,1,8,1,9,0
335,4,0,0,0,6,0,5,0
181,20,0,0,2,5,0,6,0
366,4,0,0,0,3,1,2,0
153,16,1,1,1,0,0,6,0
228,19,1,0,2,8,0,6,0
106,22,0,0,2,10,0,5,0
23,18,0,1,0,7,0,11,1
177,18,0,1,2,5,0,3,0
131,3,1,0,0,1,0,8,1
355,11,0,0,1,0,1,1,0
183,4,0,0,0,1,1,2,0
28,23,1,0,0,10,0,6,0
54,13,1,0,0,3,0,9,0
202,7,0,1,1,7,0,6,1
174,16,1,0,0,8,0,12,1
209,6,0,0,0,5,0,5,0
255,17,1,0,0,9,0,9,0
174,12,0,0,2,5,0,7,0
221,3,0,0,1,2,0,7,0
508,13,1,0,0,8,1,8,0
301,12,0,0,2,3,0,9,0
107,6,0,1,1,3,0,7,0
258,8,1,0,0,2,0,3,0
328,7,0,0,0,0,0,5,0
182,6,1,0,0,3,0,4,0
204,5,1,1,1,1,0,3,0
24,16,0,1,2,9,0,10,0
159,13,0,0,0,7,0,12,0
37,19,1,0,0,11,0,12,0
74,10,0,1,0,4,0,5,0
137,4,0,1,0,2,0,5,0
318,4,0,0,1,7,0,8,0
292,6,0,0,1,7,0,10,0
309,16,1,0,0,5,0,6,0
79,5,0,1,2,0,0,4,0
566,4,0,0,0,7,1,6,0
124,8,1,0,2,7,1,6,0
237,9,0,1,0,3,0,8,0
164,5,0,0,1,4,0,7,0
376,8,0,1,0,3,0,4,0
155,9,0,1,0,10,0,12,0
80,9,1,0,2,8,0,10,0
322,7,0,0,0,10,0,11,0
226,4,1,0,2,5,0,10,0
307,8,1,1,1,6,0,8,0
290,18,0,1,2,4,0,5,0
84,7,0,0,2,2,1,4,1
206,2,0,0,0,5,0,7,0
348,10,1,0,1,3,0,3,0
249,7,0,0,2,5,1,3,0
399,6,0,0,0,4,0,3,1
296,13,1,0,2,2,0,3,0
237,8,0,0,1,6,0,6,1
140,4,0,0,1,2,0,9,0
213,11,0,0,0,0,0,3,0
152,4,1,1,1,6,0,6,0
108,5,1,1,0,3,0,10,0
200,8,0,1,2,7,0,12,0
336,13,0,0,0,6,0,5,0
318,9,0,0,0,5,0,8,0
274,15,1,0,2,1,0,7,0
35,2,0,1,1,5,0,2,1
217,9,1,1,2,9,0,11,0
407,8,0,0,0,2,0,7,0
21,14,0,0,1,2,0,5,0
108,4,0,0,1,9,0,6,0
110,1,1,1,1,0,0,2,0
539,5,0,1,0,1,0,10,0
73,10,1,0,0,9,0,11,0
238,9,0,0,2,1,0,8,0
49,1,1,0,0,8,1,2,0
48,15,1,1,2,6,0,6,0
208,2,1,0,0,1,0,10,0
659,7,0,0,2,13,0,12,0
206,2,0,0,1,6,1,5,0
55,3,0,0,1,2,0,3,0
53,19,0,0,0,9,0,4,0
248,3,0,0,2,4,0,10,0
120,11,0,0,0,1,0,5,0
90,5,0,1,1,4,0,7,1
207,16,1,1,0,2,0,5,0
182,1,0,0,1,4,0,7,1
171,13,1,0,2,5,0,8,0
229,7,1,0,0,8,0,12,0
200,9,0,0,1,1,0,3,0
156,11,0,1,0,1,0,5,0
205,11,1,0,2,1,0,6,1
20,6,0,0,2,1,0,8,0
221,9,1,0,0,5,0,7,0
245,9,1,1,0,5,0,5,0
183,7,1,1,1,5,0,7,0
277,3,0,0,0,2,0,7,0
158,9,0,1,0,7,0,10,1
124,1,0,0,0,1,1,6,0
311,5,1,1,0,3,0,11,0
76,4,1,1,0,2,0,2,0
236,1,0,0,0,1,0,11,1
325,7,0,1,0,2,0,5,0
63,9,1,1,1,4,0,2,0
241,7,0,0,1,10,0,10,0
99,4,1,0,0,6,0,9,0
163,17,1,1,1,6,0,6,0
203,7,1,0,2,7,0,2,0
176,14,1,1,0,10,1,12,0
29,7,0,1,2,2,0,6,0
310,7,0,0,1,7,0,4,0
117,7,0,1,0,14,0,10,0
195,4,1,1,0,7,0,12,0
212,3,0,0,0,1,0,4,0
69,7,1,0,1,1,0,10,0
42,4,0,0,0,2,0,7,0
96,11,1,1,2,2,0,5,0
259,3,1,1,1,6,0,7,0
123,9,0,0,0,2,0,5,0
185,10,1,0,0,2,0,7,0
315,2,0,0,0,3,1,11,0
325,15,1,0,0,9,0,7,0
142,8,0,0,0,5,0,4,0
151,8,0,0,1,7,0,6,0
294,10,1,0,1,4,0,9,0
336,19,1,0,0,6,0,9,0
131,2,1,0,1,9,0,8,0
108,9,1,0,0,6,0,9,0
67,18,1,1,0,5,0,9,1
149,11,1,0,1,8,0,9,0
31,10,1,1,0,10,0,12,0
504,14,1,1,2,8,0,9,0
74,6,1,0,2,7,0,11,0
415,16,1,0,1,12,0,11,0
147,3,1,0,0,1,0,4,0
156,5,1,0,0,0,0,6,0
50,4,0,0,0,8,0,4,0
59,10,1,1,1,3,0,11,0
152,2,1,0,2,3,1,4,0
263,7,1,1,1,4,0,4,0
77,8,0,1,1,2,0,5,0
195,9,1,0,1,2,0,8,0
81,4,1,0,2,2,0,7,0
102,16,0,0,0,9,0,12,0
192,6,1,1,2,2,0,7,0
100,14,0,0,1,3,0,6,0
96,8,1,0,0,3,0,9,0
148,13,1,0,2,9,0,6,0
302,4,1,0,2,8,0,12,0
143,3,1,0,1,4,1,7,0
440,7,1,0,2,5,0,4,0
202,4,0,0,0,3,0,12,0
95,6,1,1,0,7,0,8,0
292,7,1,1,0,10,0,10,0
253,8,0,0,0,0,0,2,0
453,4,0,0,0,8,1,8,0
105,5,1,1,0,1,0,1,0
213,5,0,1,1,2,1,5,0
65,9,0,1,0,2,0,7,0
187,3,0,0,0,0,0,2,1
284,7,1,1,0,6,0,8,0
207,6,0,1,0,5,0,5,0
33,16,0,1,0,3,0,4,0
219,6,0,0,0,2,0,8,0
227,8,0,0,0,4,1,4,0
203,11,1,0,0,2,0,4,0
424,3,1,1,0,3,0,3,1
152,4,0,0,2,1,0,4,1
245,12,0,0,0,10,0,10,0
130,13,1,1,1,5,0,9,0
188,6,1,1,0,2,0,2,1
73,6,0,1,0,3,0,5,0
56,9,1,0,0,8,0,9,0
419,4,1,0,2,6,0,7,0
367,7,0,1,0,0,0,6,0
120,4,0,1,1,11,0,8,0
102,9,1,1,1,9,0,10,0
70,6,0,0,0,0,0,6,0
161,3,1,1,2,2,0,5,0
187,4,0,0,0,7,0,12,0
12,11,1,0,0,3,0,6,0
196,9,0,1,0,3,0,8,0
35,8,0,1,0,1,0,6,0
271,14,1,1,0,8,0,9,0
175,3,1,1,1,0,0,12,0
51,7,0,1,0,7,0,7,0
200,3,1,0,1,4,0,8,0
225,9,0,0,0,5,1,3,0
146,6,0,0,2,10,1,8,0
131,13,1,1,0,11,0,12,0
22,6,0,1,1,8,0,12,0
362,24,1,0,1,5,0,3,0
47,5,0,0,0,2,0,8,0
138,9,1,1,0,1,1,4,0
181,12,0,1,0,0,0,8,0
29,1,1,0,0,5,0,4,0
294,10,0,0,0,4,1,11,0
32,2,1,1,1,1,0,12,0
232,2,1,0,0,3,0,7,0
184,16,0,0,0,8,0,8,1
245,6,0,0,0,8,0,5,0
61,8,0,0,2,2,0,8,0
31,7,1,0,0,3,0,6,0
237,2,1,0,0,2,0,6,0
51,12,0,1,0,14,0,12,0
542,7,1,0,0,3,0,4,0
47,12,1,0,1,11,0,11,0
280,20,0,1,1,11,0,12,0
270,3,0,0,1,5,0,4,0
77,7,1,0,1,3,0,7,0
299,10,0,1,2,3,0,4,1
358,8,0,0,0,3,0,6,0
505,13,1,0,0,4,0,6,0
123,14,1,1,0,1,0,3,0
36,4,1,0,0,5,0,5,0
197,10,0,0,0,5,0,9,0
185,5,1,1,0,9,0,12,0
46,6,0,1,0,0,0,3,1
335,18,0,1,0,1,0,5,0
256,12,0,0,2,6,1,4,0
258,15,1,1,2,6,0,7,0
95,12,1,0,0,3,0,9,0
162,26,1,0,2,14,0,12,0
113,6,1,0,2,5,0,10,0
193,7,0,0,2,9,0,5,0
26,1,0,1,0,5,1,8,0
175,3,1,0,1,1,0,5,0
99,10,0,1,0,2,0,9,1
154,6,0,1,1,7,0,12,0
300,9,1,0,1,2,1,6,0
107,9,0,1,1,4,0,8,0
289,9,0,0,0,3,0,10,0
45,9,1,1,2,4,0,7,1
311,4,1,1,0,7,0,9,0
35,12,1,0,0,5,1,3,0
117,3,0,0,0,2,0,3,0
28,2,1,0,2,8,0,8,0
569,16,0,0,2,6,0,6,0
26,9,1,0,1,3,0,5,0
324,6,0,1,0,2,1,5,0
489,10,1,0,0,9,0,11,0
259,6,1,0,0,4,0,12,0
256,3,1,0,0,3,0,9,0
123,7,0,0,0,11,0,12,0
124,5,1,1,0,1,0,5,0
279,4,0,0,0,4,0,3,0
413,4,0,1,2,6,0,6,0
535,8,1,0,1,7,1,2,0
54,5,0,0,1,4,0,11,0
231,9,0,0,0,10,0,5,0
66,9,1,1,0,2,0,6,0
120,5,1,1,0,3,0,1,0
145,3,1,1,0,3,0,10,0
96,8,1,0,1,6,0,5,0
221,11,1,0,0,0,0,7,0
255,7,0,1,2,2,0,8,0
139,7,1,0,2,8,0,4,0
123,2,0,0,0,2,0,5,1
37,11,0,1,0,4,0,7,0
154,8,0,0,2,1,0,9,0
156,8,1,1,1,6,0,3,0
110,18,0,1,1,7,1,5,0
201,19,1,1,1,10,0,9,0
127,13,0,0,0,4,0,4,0
134,11,1,0,0,7,0,9,1
65,3,1,1,0,7,0,9,1
519,11,1,1,0,7,0,10,0
264,13,0,0,0,4,1,3,0
93,13,1,1,0,6,0,8,0
114,7,0,0,2,5,0,4,1
236,3,1,1,1,5,1,10,0
247,16,0,0,0,1,0,8,0
141,4,0,0,0,4,0,3,0
466,6,1,0,1,2,0,10,0
191,3,0,1,0,9,0,7,1
166,22,1,1,1,6,0,5,0
498,16,1,1,2,6,0,8,0
190,10,1,1,0,11,0,12,0
180,2,0,0,0,5,1,7,0
265,12,1,1,1,1,1,12,0
147,9,0,0,0,1,0,5,0
288,5,0,1,0,5,0,9,0
230,3,0,0,0,1,0,8,0
349,4,0,0,2,3,0,4,0
129,6,0,1,0,4,0,4,0
70,21,0,1,2,1,1,5,0
181,1,0,1,0,4,0,6,0
166,3,1,1,0,1,0,3,0
107,4,1,1,1,2,0,3,0
73,13,0,0,0,7,0,5,0
273,5,0,0,0,3,0,5,0
10,11,0,1,0,7,1,5,0
161,6,0,1,0,0,0,8,0
22,5,1,1,0,3,0,12,1
202,2,0,0,1,2,0,7,0
118,12,0,1,1,0,1,3,0
219,11,0,1,2,8,0,10,0
579,17,0,1,1,4,0,10,0
295,15,1,0,1,2,0,11,0
74,7,0,1,1,1,0,8,0
206,8,1,0,2,3,1,8,0
144,3,1,0,0,2,0,4,0
46,1,1,0,0,2,0,5,0
163,9,1,1,1,2,0,9,1
158,12,0,1,0,8,0,12,0
191,11,1,1,2,1,0,9,1
151,9,1,0,0,6,1,5,0
230,6,1,0,0,3,0,7,0
231,7,0,0,1,1,0,8,0
274,1,1,1,0,7,0,11,0
116,4,1,0,2,6,0,8,0
140,13,0,0,2,1,0,6,0
116,3,1,1,1,4,0,8,0
218,12,0,0,0,3,0,4,0
285,8,0,1,0,1,0,5,0
289,10,1,0,0,4,0,9,0
163,2,0,1,2,3,0,7,0
182,13,1,1,0,11,0,5,0
128,14,1,0,0,2,0,11,0
310,10,0,1,0,1,0,3,0
252,12,0,1,0,9,0,12,1
33,18,1,0,2,12,0,12,0
21,12,1,1,0,4,0,4,0
78,7,0,1,0,5,1,9,0
190,5,0,0,1,4,0,10,0
97,7,1,0,2,3,0,11,0
101,18,0,0,2,7,0,7,0
342,3,0,0,1,8,0,7,0
95,6,1,1,0,3,0,10,0
10,6,1,1,0,5,0,11,0
185,11,0,0,2,11,1,5,1
365,8,1,1,2,2,0,5,0
178,15,0,0,1,3,0,3,0
33,10,1,0,1,8,0,12,1
69,2,1,0,2,0,0,7,0
199,10,0,0,0,4,0,7,1
509,10,1,1,0,0,0,7,0
172,11,0,1,1,13,0,12,0
157,10,1,0,2,7,0,4,0
145,3,0,0,1,2,0,8,1
251,13,0,0,2,7,0,8,0
79,4,0,0,0,6,0,6,0
89,7,1,0,0,1,0,12,0
48,18,1,0,0,4,0,7,0
389,10,0,1,2,4,0,3,0
310,5,1,1,0,1,0,4,0
107,6,1,1,0,2,0,6,0
269,3,1,0,2,0,0,7,0
214,9,1,0,0,5,0,3,0
48,5,0,1,2,4,0,9,0
82,8,0,0,0,8,1,11,1
217,14,1,0,0,7,0,4,0
194,8,1,0,1,6,0,6,0
140,4,0,1,2,2,0,7,1
48,12,0,0,0,12,1,5,0
27,13,1,0,2,8,0,5,0
178,4,0,0,0,4,0,5,0
109,12,1,0,0,4,0,8,0
187,4,1,0,0,15,0,5,1
148,11,0,0,2,3,0,11,0
71,15,0,1,0,0,0,7,0
222,20,1,1,0,0,0,9,0
28,4,1,0,2,8,0,6,0
240,5,1,1,0,6,0,6,0
207,5,1,1,0,4,0,8,0
145,5,0,1,0,5,0,6,1
576,5,1,1,1,2,0,8,0
164,9,0,0,0,1,0,4,0
285,10,0,0,2,8,1,6,0
217,3,0,1,0,8,0,5,0
75,4,1,0,0,4,0,9,1
140,7,0,0,2,2,0,8,0
53,8,1,1,0,2,0,9,0
106,5,1,1,2,5,0,5,0
408,7,1,1,0,9,0,5,0
72,8,1,1,0,14,0,6,0
101,2,0,1,0,7,0,10,1
115,3,1,0,0,2,0,10,0
400,2,1,0,0,3,1,7,0
337,3,0,1,0,1,0,7,0
40,10,1,0,0,7,0,9,1
155,7,0,1,0,5,0,5,0
65,2,0,0,0,1,0,6,0
71,8,1,1,0,5,0,12,1
76,3,0,0,0,7,0,5,0
159,6,1,1,0,3,0,4,0
76,5,1,0,1,7,0,11,0
114,13,1,0,1,1,0,5,0
290,2,1,0,1,11,0,7,0
112,12,1,0,0,7,0,9,0
320,18,0,0,0,5,0,7,0
248,3,0,0,0,3,0,8,1
228,11,0,1,2,1,0,7,0
205,2,0,0,0,1,0,8,0
56,9,0,1,0,6,0,7,0
65,6,0,0,0,6,0,7,0
267,5,1,0,2,7,0,1,0
251,7,0,1,1,4,0,7,0
83,8,0,1,0,2,1,11,0
277,7,0,0,0,3,1,3,0
55,8,0,0,2,10,0,6,0
236,9,1,1,0,14,0,12,0
267,6,0,1,0,4,0,2,0
52,7,0,1,1,3,0,10,1
260,10,1,0,0,1,0,3,0
194,12,1,0,0,9,0,7,0
192,6,0,1,0,3,0,6,0
385,5,0,0,2,7,0,8,0
299,18,1,1,0,9,0,12,0
110,11,0,1,2,3,0,6,0
143,3,0,0,1,1,0,10,0
112,4,0,1,2,3,0,6,1
133,10,1,1,2,0,0,3,0
285,5,0,1,0,10,0,12,0
172,2,1,0,0,5,0,3,0
172,21,0,0,1,3,0,6,0
78,5,1,0,1,5,0,8,0
185,2,0,1,0,5,0,7,0
187,11,1,1,2,1,0,10,0
103,4,1,0,0,3,0,5,1
342,8,1,1,0,4,0,8,1
190,24,1,0,1,9,0,10,1
502,17,0,0,0,2,0,6,0
364,21,0,1,0,6,0,7,0
914,5,1,0,2,11,0,12,0
12,3,1,0,1,9,0,10,0
102,18,1,0,2,8,0,12,0
293,1,0,0,1,7,0,6,0
108,10,1,0,1,7,1,7,0
143,17,0,1,1,4,0,2,1
150,3,0,1,0,2,0,8,0
116,8,0,1,0,5,0,9,1
396,7,1,1,0,7,0,12,0
64,9,0,1,2,2,0,4,0
30,5,1,0,0,4,0,4,0
223,9,0,1,0,3,0,10,0
78,11,1,0,1,7,0,9,0
460,7,0,1,0,6,0,12,0
148,2,1,0,0,5,0,4,1
67,4,1,0,0,10,0,4,1
356,2,0,0,2,2,0,10,0
82,6,1,0,0,1,0,6,0
150,5,0,0,0,2,0,11,0
199,16,0,1,0,8,0,6,0
264,10,0,0,0,8,0,6,0
406,1,1,1,0,6,0,10,0
103,1,1,0,2,8,0,8,1
141,10,0,1,0,7,0,8,0
115,5,0,1,0,0,0,7,1
237,10,1,0,2,8,0,10,1
93,3,1,0,1,3,0,5,0
344,7,0,1,0,3,0,10,0
192,3,0,0,0,4,0,10,0
45,18,0,1,2,7,0,6,0
34,2,1,0,0,4,0,4,0
66,4,1,1,1,1,0,6,0
261,13,1,0,0,1,0,6,1
45,5,0,0,0,5,0,7,0
196,10,1,0,1,7,0,9,0
394,16,0,1,0,11,0,4,0
108,6,0,0,0,1,0,10,1
183,14,0,0,2,6,0,6,0
157,9,1,0,0,5,0,11,0
326,3,1,0,0,1,0,5,0
279,9,1,0,1,3,0,2,0
149,13,1,1,1,12,1,12,0
281,8,0,0,0,6,0,12,0
407,4,1,0,1,8,0,8,0
10,10,1,1,0,4,0,10,0
217,10,1,1,1,7,0,12,0
114,9,1,0,2,3,0,9,0
504,10,0,0,2,6,0,6,1
334,20,0,0,1,12,0,12,0
131,7,1,0,0,6,0,12,0
107,6,0,0,0,3,0,7,0
212,10,0,0,0,3,0,4,0
206,4,1,0,0,4,0,3,0
198,23,1,0,0,9,0,4,0
138,5,1,0,2,5,0,10,0
120,3,1,1,2,3,0,8,1
44,10,1,0,0,2,0,9,0
49,13,1,1,1,4,0,10,0
100,10,1,0,1,5,0,3,0
108,19,0,1,0,2,0,4,1
221,4,0,1,0,3,1,7,0
86,9,0,0,0,1,0,5,1
175,1,1,0,0,4,0,4,0
33,8,1,1,1,4,0,5,0
146,7,0,0,2,3,0,8,0
82,2,0,1,0,0,0,6,0
224,10,1,1,1,2,0,7,0
332,12,0,0,0,4,0,4,0
33,5,0,0,2,1,0,12,0
255,17,0,0,2,3,0,4,0
282,11,0,0,0,2,0,2,0
219,5,1,0,2,4,0,8,0
92,1,1,1,0,6,0,8,0
60,7,1,1,0,4,0,3,1
395,5,1,0,1,1,0,3,0
54,7,1,0,0,3,0,5,0
485,5,0,0,0,5,0,6,0
321,12,0,0,1,4,0,4,0
247,1,1,0,0,3,0,7,0
184,5,0,0,0,0,0,8,0
91,1,1,0,0,7,0,12,0
11,20,0,1,0,15,0,12,0
135,5,1,1,0,3,1,5,1
265,13,1,0,0,2,0,1,0
194,3,1,1,2,1,0,3,0
405,8,0,0,2,3,1,7,0
33,8,0,1,0,6,0,5,0
257,8,0,0,0,0,0,5,0
494,6,1,0,1,3,0,10,0
408,4,0,0,2,3,1,3,0
239,12,1,0,0,6,0,4,0
214,5,1,1,2,7,0,12,0
232,10,1,1,0,4,0,7,0
23,10,0,0,2,5,0,4,0
216,8,0,0,0,7,0,7,0
215,5,0,1,2,2,0,10,0
190,10,0,1,0,11,0,12,0
84,19,0,1,2,8,0,11,0
264,8,0,0,0,3,0,5,0
299,13,0,0,0,1,0,4,0
383,11,0,1,2,7,0,6,0
189,10,0,0,1,3,0,4,0
564,13,0,1,1,1,0,7,0
83,8,1,1,0,3,1,7,0
178,6,1,1,1,9,0,12,0
67,3,0,1,2,4,0,4,0
47,17,1,1,0,9,0,7,0
83,10,0,0,1,6,0,8,0
98,9,0,1,2,4,0,12,0
281,14,0,1,1,9,0,6,0
141,7,1,1,2,3,0,8,0
229,9,0,1,2,9,0,7,1
98,3,0,1,1,1,0,7,1
98,14,0,0,1,11,0,12,1
416,6,1,0,2,1,0,5,0
318,3,0,0,2,7,0,9,0
101,6,0,1,2,8,0,11,0
135,15,0,1,0,9,0,7,0
81,22,1,1,0,4,1,7,0
381,11,0,0,1,4,0,5,1
653,8,0,1,1,2,0,6,1
199,8,0,1,0,4,0,8,0
231,7,0,1,0,8,0,10,0
193,4,1,1,0,7,0,7,0
183,8,1,0,1,5,1,6,0
221,5,1,0,2,3,0,10,0
250,8,1,1,2,9,0,6,1
370,6,0,0,0,6,0,6,0
206,12,1,0,0,5,0,5,0
104,5,1,1,0,1,0,6,0
63,1,1,0,0,6,0,8,0
200,1,0,0,1,2,0,10,0
96,3,0,0,0,2,0,8,0
294,1,1,1,0,4,0,6,0
425,12,0,1,0,2,0,7,0
353,22,0,1,0,11,0,11,0
171,9,1,1,0,2,0,10,1
160,12,0,0,0,4,0,3,0
304,12,0,0,0,9,0,5,0
60,10,1,0,0,6,0,4,0
128,3,0,0,0,2,0,3,0
59,19,0,1,1,9,1,1,0
407,14,1,1,2,6,0,8,0
357,2,1,1,0,1,0,8,0
161,2,1,1,1,4,0,9,0
296,10,0,1,2,9,0,12,1
297,22,1,1,0,9,0,9,0
53,9,0,1,0,1,0,5,0
123,3,1,0,0,7,0,7,0
133,16,1,1,0,12,0,12,1
181,3,1,0,1,4,0,3,0
321,9,1,0,0,3,0,6,0
114,8,0,1,2,1,0,4,1
229,12,0,0,0,8,0,8,0
51,8,1,0,2,2,0,4,0
130,9,0,1,2,2,0,7,0
74,15,0,0,2,2,0,5,0
235,8,1,0,2,9,0,10,1
95,9,0,0,0,4,0,8,0
227,4,0,1,1,3,0,10,0
419,6,0,1,0,1,0,4,1
264,8,0,1,2,6,0,8,0
354,12,1,0,0,8,0,9,0
207,8,1,1,0,1,0,3,0
19,17,0,1,2,9,1,1,0
254,7,1,0,0,2,0,6,0
356,15,0,0,0,1,0,3,0
337,14,0,1,0,3,0,12,1
409,7,0,1,1,8,0,7,0
64,9,0,0,1,1,0,4,0
352,7,0,0,1,1,0,7,0
260,17,0,0,2,9,0,2,0
266,6,0,1,0,3,0,2,0
189,21,0,0,0,6,0,7,0
144,10,1,0,1,5,0,7,0
260,2,1,0,1,2,0,7,0
111,19,0,1,0,0,0,6,0
323,20,1,0,0,15,0,12,0
327,15,1,0,0,4,0,5,0
135,10,1,0,0,2,0,6,0
103,4,0,1,0,8,0,12,0
92,8,1,1,0,3,0,3,0
205,19,1,1,0,4,0,5,0
125,4,1,0,0,3,0,10,0
158,17,0,0,1,11,0,12,0
252,2,1,0,2,3,0,8,0
413,7,0,1,0,4,0,2,0
30,17,0,0,0,4,0,2,0
39,2,0,0,2,5,0,9,1
400,1,0,0,0,10,0,9,0
272,5,0,1,2,2,0,11,0
103,13,0,0,0,10,0,3,0
21,11,0,1,2,8,0,10,0
275,5,0,1,0,6,0,5,0
136,3,1,0,0,5,0,7,0
271,11,1,0,2,7,0,9,0
254,12,0,1,2,2,0,7,0
340,4,1,0,0,6,0,10,0
80,11,1,1,2,7,1,8,0
80,4,0,0,0,5,0,4,0
238,4,1,0,1,2,0,10,0
91,8,0,1,0,4,0,6,0
96,16,1,0,0,7,1,9,1
289,12,0,0,1,3,0,8,0
245,4,1,0,0,6,0,7,0
310,5,0,0,0,0,0,12,1
39,18,0,0,0,7,0,2,0
63,7,1,0,0,4,1,12,0
179,1,0,1,1,8,0,12,0
197,1,0,0,0,4,0,7,0
112,9,1,0,2,8,0,12,1
253,2,1,0,0,1,0,3,0
273,3,0,0,0,3,0,8,0
127,3,1,1,0,2,0,6,1
106,20,1,1,1,5,0,6,0
234,11,1,1,0,2,1,5,0
115,17,1,0,0,0,0,9,0
216,10,0,0,0,1,0,6,0
262,9,0,0,2,4,0,12,0
200,5,1,0,0,0,0,10,0
180,7,1,0,2,7,0,6,0
151,7,0,0,0,4,0,1,0
254,5,1,0,0,2,1,4,0
28,11,1,0,0,5,0,6,1
173,1,0,0,0,3,0,3,0
86,10,1,1,0,4,0,7,1
355,3,0,1,2,4,0,11,0
72,21,1,0,0,7,0,8,0
341,18,1,1,0,9,0,12,1
227,7,1,0,0,4,0,5,0
191,8,0,0,0,4,0,2,0
141,5,0,0,0,1,0,10,0
40,6,1,0,2,3,1,6,0
358,2,0,1,0,5,0,12,0
109,5,1,1,1,0,0,8,0
77,10,0,1,0,1,0,6,0
192,4,1,0,0,5,0,2,0
33,5,1,1,0,2,0,3,0
227,4,1,0,0,5,0,9,0
350,8,1,1,0,5,0,3,1
147,10,1,0,0,6,0,9,1
223,2,0,1,0,4,0,5,0
69,6,0,1,2,5,0,6,0
301,4,0,0,0,3,0,12,1
186,6,0,1,1,5,0,9,0
171,6,1,0,0,13,0,12,0
147,13,1,1,2,0,0,5,0
33,11,0,1,0,5,0,8,0
330,10,0,0,0,3,0,9,0
102,16,0,0,2,6,0,10,0
440,4,1,1,0,4,0,12,0
396,6,0,0,1,5,1,12,0
110,10,0,0,1,3,0,8,0
223,14,0,0,0,6,0,2,0
309,11,0,0,2,9,0,8,1
38,7,0,0,2,3,0,3,0
79,20,0,0,2,1,0,4,0
85,14,1,0,2,4,0,4,0
355,2,0,0,0,1,0,3,0
290,3,0,1,0,6,0,3,1
290,4,1,0,1,6,0,7,0
381,8,0,0,0,3,1,1,0
237,6,1,0,0,5,0,9,0
349,6,1,0,0,0,0,4,0
162,8,1,0,2,4,0,7,0
217,6,1,1,0,4,0,9,1
255,3,0,0,2,0,0,3,0
30,8,0,0,0,3,1,12,0
206,13,0,1,0,10,0,6,0
231,7,1,1,2,7,0,11,0
180,11,0,0,2,6,0,3,0
31,9,1,1,0,5,0,12,0
100,8,0,1,0,1,0,5,0
15,5,1,1,0,0,0,7,0
133,12,0,0,2,3,0,9,0
10,4,0,0,0,6,0,5,0
51,12,0,0,0,4,0,7,0
121,5,1,0,1,7,0,6,0
310,6,1,0,0,6,0,12,0
437,7,1,0,0,0,0,3,1
56,10,0,0,2,4,0,7,0
299,15,1,0,2,4,0,6,0
233,9,0,1,2,2,0,5,0
316,13,0,1,0,5,0,3,0
301,7,1,1,2,0,0,5,0
130,15,1,1,1,6,0,3,0
218,16,0,1,0,4,1,4,0
550,2,0,0,1,5,0,9,0
112,4,0,0,0,1,0,11,0
121,16,1,1,1,7,1,6,0
57,4,1,0,1,6,0,6,1
185,3,1,1,1,2,0,8,0
188,11,0,0,0,2,0,4,0
41,8,1,1,1,5,0,2,1
528,11,0,0,0,2,0,3,0
159,13,0,1,2,8,0,6,0
465,4,1,0,1,7,0,10,0
367,6,1,0,0,12,1,4,0
290,7,0,1,0,2,0,5,0
188,10,0,1,1,0,0,7,0
331,5,1,1,0,6,0,12,0
278,11,1,1,1,2,0,7,0
45,7,1,0,0,12,1,12,0
81,1,0,0,1,6,0,6,0
31,5,0,1,0,0,0,9,0
59,6,0,1,0,2,0,7,0
211,9,1,1,2,6,0,8,0
329,7,1,0,1,3,0,9,0
32,4,1,0,0,3,0,8,0
213,17,1,0,2,6,0,3,0
323,9,0,0,0,1,0,1,0
39,13,0,0,1,5,0,8,0
164,4,1,0,0,4,0,7,0
185,9,0,0,0,6,0,3,0
377,2,1,0,0,2,1,6,0
32,12,0,1,0,4,1,7,0
201,13,0,0,2,10,0,6,0
52,17,1,1,2,4,0,7,0
332,4,1,0,0,7,0,6,0
371,4,0,1,0,1,0,8,0
117,11,0,0,2,0,0,9,0
439,7,0,0,0,5,0,8,1
10,9,1,1,0,6,0,8,0
134,11,0,1,0,1,0,6,0
208,3,1,0,0,4,0,2,0
355,15,0,0,0,1,0,4,0
197,5,0,1,1,1,0,4,0
232,10,0,0,0,5,1,4,0
230,15,1,1,2,1,0,4,1
75,1,1,0,0,7,0,9,0
178,9,0,0,1,4,0,7,0
38,11,0,0,0,4,0,8,0
222,3,0,0,1,7,0,8,1
289,19,0,0,0,1,0,2,0
88,2,1,1,0,3,0,8,0
517,14,0,1,2,5,0,8,0
290,3,1,1,0,7,0,9,0
42,3,1,0,1,1,1,7,0
216,6,0,1,2,2,0,5,0
568,2,1,0,0,4,0,5,0
156,7,1,0,0,10,0,8,1
313,17,0,0,0,7,0,7,0
197,9,0,1,2,1,0,4,1
10,5,1,1,0,2,0,8,0
29,6,0,0,1,4,0,4,0
317,12,1,0,1,14,0,12,0
80,7,1,1,0,4,0,7,0
132,2,1,1,1,3,0,8,0
26,13,0,0,0,5,0,7,0
140,8,0,1,0,1,0,8,0
213,5,1,1,1,7,0,11,0
244,5,1,1,0,2,0,5,0
302,7,0,0,0,0,1,5,0
63,5,1,1,1,4,1,11,0
43,4,0,0,1,3,0,7,0
316,12,0,0,0,15,0,12,0
258,12,1,1,1,2,0,6,0
156,6,0,1,0,5,0,2,0
125,14,0,1,2,3,0,5,0
13,9,0,0,1,4,0,4,0
306,13,0,0,0,6,0,8,0
25,5,1,1,0,9,1,7,1
118,4,0,1,1,7,0,11,0
176,10,0,1,2,4,0,4,0
230,7,1,1,0,5,0,12,0
38,9,0,0,0,0,1,7,0
175,9,1,1,0,2,0,5,0
528,8,1,0,0,5,0,8,0
156,12,0,0,1,3,0,8,0
158,4,1,1,0,4,0,8,0
111,3,1,0,1,2,1,7,1
99,11,1,1,2,5,1,7,0
73,5,1,0,2,7,0,8,0
169,11,0,1,0,2,0,7,0
17,5,0,0,1,2,0,5,0
192,9,0,1,2,4,1,6,0
166,1,0,0,0,3,0,7,0
170,3,0,0,0,1,0,4,0
252,4,0,0,2,0,0,6,0
153,12,1,1,0,1,0,10,0
203,15,0,0,2,1,0,9,1
126,8,0,0,0,7,0,6,0
361,19,0,1,0,2,0,4,0
231,4,1,0,0,3,0,10,0
169,11,0,1,0,6,0,7,1
73,1,1,0,0,4,0,12,0
27,3,0,0,0,4,0,8,0
47,4,0,0,0,3,0,7,0
10,5,1,1,0,4,0,11,0
61,1,0,0,0,6,0,8,0
220,6,1,1,2,2,0,4,0
265,1,0,1,0,4,0,5,1
48,4,0,1,2,5,0,2,1
116,9,0,1,2,4,0,7,0
198,1,1,1,0,2,0,8,0
332,27,0,1,0,5,0,6,0
356,10,1,0,2,1,1,12,0
29,3,0,0,1,9,0,8,0
155,5,0,0,0,1,0,7,0
104,11,0,0,1,6,0,6,0
277,10,0,0,0,7,0,4,1
300,4,0,0,0,5,0,9,0
309,6,1,0,0,2,0,6,0
66,19,0,0,0,3,0,3,1
625,7,0,1,2,9,1,12,0
100,5,1,0,2,3,0,6,0
687,5,0,0,1,3,0,5,0
104,10,0,0,0,4,0,10,0
186,6,0,1,0,1,0,4,0
212,3,0,0,0,3,0,8,0
491,1,1,0,0,4,1,9,0
288,4,0,1,0,4,0,2,0
85,6,1,1,1,3,0,6,0
69,6,0,1,0,7,0,4,0
114,11,1,0,2,9,0,6,0
128,17,0,0,2,2,0,3,0
40,9,0,1,1,6,0,11,0
86,9,1,1,1,4,0,7,0
114,19,1,0,0,2,0,7,0
83,13,1,1,0,7,0,11,1
220,6,1,1,2,2,0,4,0
263,3,1,0,1,2,0,8,0
265,5,1,0,0,4,0,10,0
302,7,1,0,1,6,0,7,1
164,9,0,0,2,7,0,5,0
164,16,0,1,0,15,0,12,0
121,11,0,1,0,4,1,4,0
262,11,1,1,2,5,0,7,0
269,5,1,0,0,2,0,10,0
34,15,0,1,0,10,0,6,0
166,12,0,1,0,2,0,5,0
208,14,1,0,2,6,1,8,0
137,4,1,1,2,7,0,7,0
95,1,0,1,0,5,0,9,1
312,10,0,0,0,0,0,6,1
87,3,0,0,0,2,0,6,0
34,1,1,0,0,2,0,7,0
131,15,0,0,0,10,0,9,1
51,5,0,1,0,2,0,6,0
154,4,0,1,0,1,0,5,0
79,3,1,0,2,6,0,9,0
182,2,1,1,0,2,0,7,0
294,2,0,0,0,8,0,12,0
282,1,1,0,0,3,0,8,0
93,8,1,1,1,7,0,10,0
76,19,0,1,0,11,0,9,0
49,21,0,1,0,2,0,6,0
53,9,1,1,1,6,0,9,0
139,1,1,0,2,2,0,10,0
104,10,1,1,1,7,0,7,1
519,19,1,0,0,12,0,12,0
345,24,0,0,0,8,0,11,0
295,13,1,1,1,3,0,5,0
90,9,1,1,0,11,0,12,0
183,9,0,1,0,8,0,9,0
30,8,0,0,2,6,0,7,0
41,3,1,0,2,1,0,6,0
241,12,1,0,2,6,0,9,0
31,8,0,1,2,4,0,8,0
230,5,1,0,1,1,0,9,1
212,9,0,1,1,4,0,8,0
130,7,1,1,0,3,0,5,0
137,10,0,0,2,10,0,11,0
10,10,1,0,0,6,0,5,0
237,10,0,0,1,8,1,7,0
146,12,0,1,0,2,0,7,0
89,19,0,1,0,2,0,4,0
175,12,0,0,1,9,0,12,0
183,5,1,1,0,2,0,4,0
221,4,0,1,1,3,0,8,0
354,7,0,1,1,4,0,8,0
475,18,0,0,0,10,0,4,0
166,7,0,0,0,6,0,9,0
195,2,0,0,0,1,0,8,0
194,11,0,1,2,2,0,5,0
47,1,0,0,0,3,0,5,0
93,9,1,0,0,8,0,11,0
234,7,0,1,0,2,0,7,0
85,9,0,0,2,2,0,3,0
263,2,0,1,1,1,0,3,0
110,7,0,1,0,6,0,9,1
136,2,1,0,2,3,0,4,0
40,15,1,1,2,7,0,12,0
134,15,1,1,1,6,0,8,0
16,8,0,1,0,4,0,5,0
308,7,0,1,1,2,0,9,1
311,1,0,1,0,7,1,12,0
67,17,1,0,1,3,0,2,0
29,5,1,1,2,6,0,4,0
100,19,0,1,2,5,0,5,0
91,10,0,0,0,5,0,7,0
272,5,1,0,2,5,0,9,1
188,7,0,1,0,5,0,8,0
262,7,0,0,0,3,0,2,0
340,8,0,0,0,7,1,8,1
195,8,0,0,1,6,0,2,0
218,7,0,0,0,6,0,7,0
233,13,1,0,0,0,0,7,0
38,6,0,1,0,3,1,6,0
97,13,0,1,1,2,0,5,0
263,18,0,0,2,4,0,4,0
183,4,1,0,1,1,0,12,0
49,3,1,0,0,13,0,8,0
126,10,1,1,2,4,0,8,1
48,6,0,0,1,5,0,12,0
48,6,0,0,2,5,0,7,0
114,8,0,0,1,2,0,6,0
186,14,1,0,2,5,0,6,0
53,6,1,1,2,4,0,8,1
68,1,1,0,0,1,0,4,1
106,6,1,1,0,3,0,5,0
127,5,0,0,1,5,0,5,0
31,3,0,0,1,10,0,11,0
39,13,1,0,1,6,0,9,0
207,13,0,0,0,1,0,2,0
79,3,1,1,0,8,0,12,0
117,13,0,0,1,8,0,8,0
214,6,0,0,2,4,0,9,0
175,10,1,1,1,3,0,6,0
51,4,0,0,0,13,0,11,0
72,6,0,0,0,1,0,5,0
73,10,1,1,0,3,1,7,0
402,5,1,1,0,1,0,5,0
185,17,0,1,0,10,0,8,0
193,3,1,0,1,6,0,5,0
704,6,0,0,2,3,1,10,0
285,12,1,0,0,0,0,8,0
43,9,0,0,1,3,1,6,1
59,3,1,0,1,1,0,6,0
122,7,1,0,2,3,0,4,0
156,9,0,0,2,2,0,5,0
203,10,0,1,0,14,0,12,0
59,5,0,1,0,2,0,5,0
486,7,0,1,0,3,0,2,0
161,3,0,0,1,6,0,6,0
320,9,1,0,1,7,1,10,0
102,1,0,0,0,0,0,6,0
698,6,1,0,2,8,0,7,0
79,6,1,0,0,3,0,5,0
336,10,1,1,2,2,0,2,1
41,14,0,1,0,8,0,7,0
122,12,0,1,0,6,0,6,0
205,7,1,0,0,2,0,6,0
110,2,1,1,0,5,0,2,1
259,8,0,0,1,7,0,8,0
76,14,1,1,0,10,0,12,0
370,8,0,1,1,0,0,7,0
76,17,0,0,0,4,0,5,0
106,6,0,1,0,0,0,9,1
51,11,1,1,2,5,0,10,1
100,8,1,0,2,1,0,6,0
395,7,1,0,0,7,1,10,0
94,15,0,1,2,8,0,3,0
118,17,0,1,1,7,0,3,0
105,11,0,0,0,4,0,9,0
276,13,1,0,2,4,0,4,0
240,16,0,1,0,9,1,9,0
76,4,1,0,0,2,0,7,0
206,17,1,1,1,8,0,8,0
189,10,1,1,0,5,0,9,1
253,15,1,1,0,9,0,7,0
267,9,0,0,0,6,0,7,0
378,4,0,1,1,3,0,4,0
49,6,1,1,1,5,0,7,1
145,2,1,0,0,4,0,7,0
190,19,1,0,2,11,0,7,0
35,4,1,0,0,5,0,12,0
91,16,1,1,1,9,0,7,0
144,6,0,0,2,4,1,5,0
255,6,0,0,2,1,0,11,0
145,8,0,1,0,8,1,10,0
205,11,1,0,1,8,0,6,0
97,3,1,1,0,7,0,7,1
127,9,0,1,1,2,0,5,0
317,3,1,1,0,7,0,7,1
105,14,1,0,0,5,0,4,0
471,12,1,1,0,5,0,5,0
116,5,1,0,0,2,0,3,0
264,20,1,1,1,2,0,6,0
40,9,1,1,2,10,0,9,0
96,5,1,1,0,5,0,6,0
103,17,1,1,0,6,1,7,0
108,4,1,0,0,3,0,8,0
10,1,0,0,1,13,0,8,0
278,1,0,0,0,5,0,7,0
83,7,0,1,0,3,0,7,0
208,1,1,1,0,3,0,6,0
27,1,0,0,2,6,0,12,0
54,6,0,1,0,0,0,7,0
289,12,1,0,0,1,0,5,0
10,10,1,1,1,5,0,7,0
144,9,1,0,0,6,0,3,0
26,8,0,0,0,2,0,6,0
298,4,1,0,0,0,0,11,0
114,5,1,0,2,3,0,6,0
217,10,1,0,0,2,0,7,0
272,6,1,0,0,3,0,12,0
67,13,0,0,0,6,0,4,0
165,12,1,1,2,10,0,12,0
234,5,0,1,0,3,0,10,0
96,1,1,1,1,2,0,10,0
157,9,1,1,2,6,0,7,0
80,10,0,0,2,0,0,5,0
80,7,0,0,1,6,1,7,0
151,15,0,1,0,1,0,10,0
106,12,1,0,0,1,0,11,0
331,11,0,0,0,1,0,5,0
140,14,1,0,1,3,0,8,1
272,5,1,1,1,1,0,6,0
102,24,1,1,2,10,0,9,0
231,3,0,1,0,7,1,7,0
75,12,0,1,1,5,0,9,0
308,2,0,0,2,9,1,12,1
195,14,0,1,2,5,0,5,0
403,6,1,0,1,3,0,4,0
318,5,1,0,1,1,1,4,0
116,5,1,0,0,2,0,7,0
113,26,0,1,0,9,0,4,0
318,3,0,0,0,1,0,7,0
191,6,0,0,0,4,0,6,1
100,6,1,1,0,8,0,7,0
232,13,1,1,1,9,0,12,0
150,5,0,1,1,3,0,4,0
263,2,1,1,0,3,0,3,0
195,11,0,0,0,6,0,6,0
61,7,0,0,0,10,0,5,0
265,4,1,1,0,1,0,7,1
256,9,1,1,0,2,0,1,0
145,7,0,0,2,4,0,3,0
421,7,0,0,0,3,0,6,0
355,17,1,1,0,10,0,12,0
24,9,0,1,0,8,0,3,0
124,8,1,1,1,1,0,7,1
142,13,0,1,1,8,0,6,0
121,12,0,0,0,10,0,12,0
173,8,0,0,2,3,0,8,0
163,16,1,1,2,5,0,7,0
56,5,0,1,0,5,0,9,0
26,3,1,0,0,3,0,4,1
192,19,1,0,0,1,1,7,0
249,15,0,0,0,3,0,3,0
332,9,0,1,2,7,0,7,0
460,3,1,1,0,3,0,6,0
279,17,0,1,0,6,0,9,1
120,14,1,0,0,9,0,5,0
74,10,0,1,0,8,0,9,0
145,3,0,0,2,4,0,8,0
183,3,1,0,0,7,0,7,0
284,17,0,0,0,9,0,11,0
387,9,0,0,1,4,0,2,0
277,9,1,0,0,8,0,10,0
238,13,1,0,0,4,0,3,0
248,12,0,1,0,3,1,5,0
227,4,1,1,0,1,0,8,0
197,4,1,1,0,10,0,8,1
166,2,0,0,0,2,0,4,0
255,24,1,0,0,11,0,11,0
150,2,0,0,1,1,0,3,0
90,6,1,0,0,1,0,7,0
30,4,0,0,2,2,1,1,0
65,10,1,0,0,1,0,6,0
129,12,1,1,1,4,1,2,0
388,18,1,1,2,11,0,12,1
267,10,0,1,0,3,0,4,0
333,11,1,0,1,6,1,4,0
341,12,0,1,2,4,0,6,0
119,7,1,0,0,8,0,12,1
358,10,1,0,2,6,0,9,0
236,18,0,0,0,9,1,8,0
314,3,0,1,0,8,0,9,0
245,9,1,1,1,3,0,4,0
50,18,0,0,0,1,0,7,0
122,16,1,1,1,5,0,12,1
46,9,0,1,2,3,0,5,0
110,17,0,0,2,7,1,6,0
236,3,0,0,0,1,0,5,1
147,7,0,0,2,3,0,3,0
110,17,0,1,0,10,0,11,0
16,4,1,0,0,1,0,7,0
384,7,0,0,0,1,0,5,1
347,4,0,1,1,2,0,2,1
224,17,0,1,0,4,0,11,0
205,9,0,0,1,4,0,8,0
255,18,1,1,0,12,1,10,0
132,3,1,0,0,5,0,7,0
62,29,1,0,2,8,0,10,0
176,12,1,1,0,6,0,7,0
47,1,0,0,0,15,0,7,0
322,3,1,0,1,5,0,11,0
294,6,1,0,0,4,0,5,0
40,11,0,1,2,0,0,6,0
167,4,0,0,0,4,0,6,0
189,16,0,0,0,5,0,3,0
230,5,1,0,0,8,0,8,0
186,8,0,0,0,2,0,5,1
456,3,1,0,1,3,0,10,1
163,1,0,0,0,2,0,6,0
412,9,1,0,2,8,0,10,0
187,3,1,0,0,1,1,8,0
279,5,1,0,0,2,0,9,0
86,1,0,1,1,2,0,5,0
585,1,0,1,1,0,0,10,0
374,8,0,0,1,1,0,8,0
196,5,0,0,1,3,0,12,1
45,2,0,0,0,0,0,6,0
71,4,0,0,1,8,0,5,0
266,13,1,1,0,5,0,8,0
540,6,1,1,0,5,0,2,1
191,2,0,1,2,6,0,11,0
104,6,1,1,0,1,0,11,0
96,6,0,1,1,1,0,10,0
83,1,1,1,0,1,1,7,0
49,7,0,0,0,9,0,6,0
669,5,1,0,0,4,0,6,0
184,8,1,1,1,1,0,9,0
40,15,0,1,0,0,0,4,0
141,6,0,0,0,6,0,8,0
63,2,1,0,2,3,0,6,0
396,4,0,0,0,9,0,4,0
250,2,0,0,0,6,1,6,0
111,8,1,0,2,8,0,11,0
136,6,1,1,2,1,1,7,0
61,3,1,1,0,0,0,3,0
115,3,1,0,2,10,0,3,0
154,17,0,1,0,6,0,12,1
257,9,0,0,0,3,0,2,0
248,4,1,0,2,8,0,10,1
137,15,0,0,2,2,0,4,0
235,5,1,0,0,4,0,9,0
17,1,1,0,0,1,0,9,0
38,5,1,0,0,6,0,12,0
522,3,1,0,0,11,0,8,0
103,3,0,0,1,5,0,7,0
203,5,1,1,0,2,0,6,0
21,5,1,0,0,6,1,5,0
17,10,0,1,1,8,0,8,0
24,9,0,1,2,4,0,11,0
330,4,0,0,0,1,0,4,1
167,2,0,0,1,2,0,10,0
148,3,1,0,2,8,0,7,0
93,6,1,1,0,9,1,8,0
238,8,1,1,2,11,0,12,0
158,3,0,0,1,2,0,7,0
203,11,1,0,0,9,0,8,0
130,14,0,1,0,6,0,6,0
303,9,1,0,1,3,0,7,0
349,8,0,1,0,8,0,7,0
237,8,1,0,0,6,0,7,0
191,7,1,1,0,3,0,1,0
92,15,1,0,1,11,1,12,0
373,6,1,0,0,5,0,7,0
296,6,0,0,0,6,0,6,0
220,6,0,0,0,3,0,4,0
261,3,0,0,1,0,0,4,0
249,4,0,0,0,7,0,7,0
220,14,0,1,0,7,0,6,0
415,1,0,1,0,5,0,6,0
268,5,0,1,0,1,0,7,0
67,9,0,0,0,4,0,3,0
34,8,1,0,1,11,0,5,0
287,12,1,1,1,11,1,12,0
323,1,1,0,1,8,0,4,0
30,6,1,0,0,4,0,12,0
74,8,0,1,0,5,0,7,0
97,15,0,0,2,8,0,7,0
116,5,0,0,0,1,0,6,0
357,8,1,0,1,3,0,6,1
249,6,0,1,2,8,0,9,0
95,9,0,1,1,2,0,6,0
57,3,0,0,0,6,0,5,0
91,4,1,0,0,5,0,9,0
110,9,1,1,0,1,1,6,0
75,9,0,0,1,5,0,12,1
252,4,0,1,1,3,0,4,0
236,3,0,0,1,7,0,7,0
221,1,1,0,0,3,0,6,0
274,8,0,0,2,3,0,2,1
37,10,1,0,1,1,0,5,0
177,3,0,0,0,1,0,8,0
198,11,1,1,0,6,0,6,0
194,6,0,1,1,5,0,8,0
116,7,0,0,0,3,0,11,0
37,2,1,1,0,4,1,4,0
216,20,1,0,0,1,0,7,0
541,4,0,0,1,8,1,6,1
187,7,0,0,0,2,0,4,0
245,16,0,0,0,5,0,4,0
110,25,0,1,2,15,0,12,0
104,4,1,0,1,3,0,7,0
204,10,1,1,1,5,0,8,0
220,11,0,1,0,4,0,12,0
322,2,0,0,1,3,1,10,0
233,7,1,0,1,9,0,12,0
385,11,0,1,2,6,0,11,0
369,16,0,0,0,10,0,12,1
82,13,1,0,0,4,0,9,0
432,7,1,0,0,2,0,11,0
284,9,1,1,1,4,0,5,0
113,8,0,1,0,6,0,11,1
180,12,0,0,0,5,1,5,0
40,8,0,0,0,2,0,7,0
374,8,0,0,0,3,0,6,0
326,8,1,0,0,4,0,5,0
131,9,1,0,2,3,0,3,1
124,2,0,0,1,3,0,6,0
254,4,0,1,0,2,0,8,0
145,5,0,1,0,5,0,8,0
37,12,0,1,0,7,0,11,0
39,1,0,1,1,5,0,8,0
303,2,0,1,0,9,0,11,0
152,7,1,1,2,1,0,7,0
447,5,0,0,1,5,0,6,0
265,2,0,1,0,0,0,12,0
63,15,1,0,2,7,0,10,0
338,7,0,0,1,1,0,7,0
121,20,0,1,0,3,0,4,0
292,4,1,0,0,4,0,10,0
106,2,0,0,1,1,0,7,0
200,16,1,0,0,5,0,6,0
187,9,1,0,0,7,0,9,0
45,11,1,0,0,8,0,12,1
254,15,1,1,0,5,0,10,0
222,15,0,0,0,1,0,7,0
314,16,0,0,2,7,0,7,0
110,6,1,0,1,1,0,9,1
121,15,1,0,1,11,0,12,0
104,12,1,0,1,5,0,8,0
60,9,1,1,1,4,0,7,0
61,1,1,0,2,1,0,5,0
52,9,0,0,0,6,0,12,1
187,2,0,0,1,4,1,11,1
38,16,1,0,0,7,0,2,0
127,8,0,0,2,2,0,4,0
229,15,0,1,2,0,0,7,0
534,8,0,0,2,8,0,3,0
68,4,1,0,0,7,0,7,0
314,7,0,0,0,4,0,2,0
234,3,0,1,0,2,0,8,0
292,17,1,0,0,8,0,12,0
255,10,0,1,0,6,0,10,1
250,10,1,0,0,2,0,11,0
317,13,1,1,1,5,0,4,0
157,12,0,1,0,1,0,10,1
220,1,1,0,2,1,0,7,0
58,16,0,0,0,5,0,9,0
400,12,0,0,0,2,0,9,0
73,1,1,0,1,5,0,10,0
204,20,0,1,1,5,0,7,0
41,7,0,1,0,5,0,11,0
61,16,0,1,2,4,0,7,1
47,6,0,1,1,1,0,4,0
250,6,0,1,2,2,0,8,0
108,4,1,0,2,2,0,12,0
305,8,0,1,0,9,0,6,0
282,9,1,0,2,2,0,8,0
132,6,0,0,2,4,0,8,0
224,7,1,0,2,6,0,3,0
74,8,1,0,2,1,0,7,0
111,8,0,0,2,1,0,7,0
72,8,1,1,0,1,0,7,0
493,1,1,0,0,2,0,4,0
120,3,0,0,2,10,0,6,0
381,1,0,0,1,12,0,6,0
25,1,1,0,0,5,1,7,0
418,3,0,1,0,8,0,7,0
125,7,1,0,1,4,0,6,1
316,13,0,0,0,7,0,6,0
152,8,0,0,0,2,0,3,1
65,3,1,1,0,8,1,10,0
93,3,1,1,1,5,0,10,0
256,20,1,1,0,1,0,8,0
85,3,0,0,0,3,0,2,0
94,3,1,0,1,10,0,6,0
88,10,0,0,1,8,0,12,1
133,3,0,0,0,4,0,2,1
140,2,0,1,0,4,0,6,0
421,4,1,0,1,3,0,6,0
381,2,1,0,1,2,0,12,0
70,11,0,1,0,2,0,8,0
192,7,0,1,0,3,0,10,0
85,6,0,0,2,8,0,5,0
319,28,1,1,2,13,0,12,0
311,5,0,1,0,3,0,7,0
358,14,0,1,0,9,0,11,0
366,10,0,0,0,2,1,9,0
26,5,0,1,0,9,0,9,0
153,5,1,0,0,5,0,5,0
167,15,0,1,0,9,0,8,0
230,18,0,1,1,7,0,12,1
261,7,1,0,0,2,1,4,0
574,13,1,0,2,2,0,10,0
70,14,0,0,1,5,0,4,0
208,18,1,1,1,2,0,4,0
451,2,1,0,2,2,0,5,0
91,8,0,1,1,8,0,5,0
101,11,1,0,2,8,0,9,1
122,6,0,0,0,4,0,10,0
159,12,0,1,0,2,1,5,0
15,6,1,1,0,8,0,11,0
189,16,0,0,0,8,0,8,0
129,6,1,0,0,2,0,7,0
122,21,0,0,1,6,0,7,0
144,7,1,0,0,6,0,12,0
170,7,1,1,1,9,0,12,1
147,1,0,1,0,1,0,4,0
198,8,1,0,1,9,0,11,0
23,1,1,0,0,2,0,7,0
97,7,0,0,2,3,0,12,0
47,7,0,0,0,9,0,7,0
363,8,1,1,2,1,0,10,0
29,7,0,0,0,8,0,8,0
66,14,0,0,1,6,0,3,0
264,16,1,0,0,6,0,7,0
39,3,0,0,2,1,0,5,0
36,3,1,0,1,5,0,12,0
262,4,1,0,2,7,0,8,0
113,4,1,0,0,4,0,7,0
325,10,0,1,2,6,0,6,0
119,5,1,0,0,5,0,6,0
129,9,0,1,0,0,0,3,0
165,1,0,1,0,5,0,6,0
196,4,1,1,0,2,0,10,0
96,10,0,0,1,3,0,9,0
164,3,1,0,0,4,0,10,0
171,4,1,1,0,6,0,7,0
206,13,0,1,1,2,0,4,0
38,13,1,0,2,7,0,11,0
117,14,0,1,1,7,0,8,0
406,5,0,0,1,6,1,4,0
59,13,1,1,1,3,0,7,0
103,11,0,0,1,2,0,5,0
347,16,1,1,2,3,0,4,0
183,9,1,1,0,9,0,12,0
163,3,0,0,0,3,0,7,0
302,8,0,1,2,9,0,5,1
231,14,1,0,2,6,1,7,0
61,3,1,0,0,0,0,3,0
121,3,1,0,1,10,0,11,0
68,13,0,1,1,1,0,9,0
20,7,1,1,0,2,0,5,0
224,9,1,0,0,7,0,12,1
23,2,1,0,1,3,0,3,0
514,8,1,0,0,5,0,7,0
161,5,0,1,0,4,0,12,0
94,1,1,1,2,4,0,5,0
365,2,1,0,1,1,0,7,0
163,6,1,0,2,8,0,11,0
25,7,0,0,2,1,0,1,0
141,3,0,0,1,8,0,12,0
184,17,0,0,2,3,0,4,0
265,12,1,0,0,9,1,11,0
378,13,1,0,1,3,0,9,0
40,14,1,0,1,9,0,10,0
59,11,0,0,1,10,0,7,0
41,8,1,0,0,3,0,9,0
24,1,1,0,0,2,0,10,0
289,9,0,1,0,8,0,10,0
446,1,0,0,1,2,0,10,1
126,17,0,0,2,0,0,6,0
196,11,1,0,2,11,0,10,0
181,8,0,0,0,5,0,10,0
162,22,0,0,0,9,0,5,0
26,7,0,0,0,2,0,6,0
162,13,1,0,0,6,0,7,1
185,1,0,0,2,4,1,6,0
95,6,1,0,2,2,0,7,0
117,7,1,1,0,1,1,4,0
455,2,1,0,0,9,0,12,0
277,2,0,0,0,0,0,10,0
93,7,1,0,0,2,0,10,0
11,11,0,1,2,2,0,3,0
205,19,1,1,1,9,0,9,0
47,7,1,1,1,7,1,7,0
173,9,1,1,1,4,0,8,0
205,7,0,0,0,8,0,7,0
138,9,0,0,0,3,0,10,0
47,20,0,0,0,5,0,7,0
186,9,1,0,1,2,1,8,0
71,13,1,1,2,1,0,1,0
68,10,0,1,1,4,0,5,0
59,4,1,1,0,4,0,9,0
217,8,0,0,1,2,0,4,0
59,6,0,1,0,9,0,4,0
177,7,0,1,0,2,0,8,0
72,12,0,0,0,1,0,8,0
317,5,0,0,0,9,0,9,0
166,1,1,0,2,4,0,8,0
360,6,0,1,1,2,0,6,0
130,5,1,0,0,0,0,6,0
108,4,1,0,0,7,0,10,1
441,2,0,0,0,1,0,9,0
116,3,1,1,0,5,0,11,0
36,12,0,1,0,4,0,9,0
180,11,1,1,1,7,1,8,0
291,12,0,1,0,5,0,1,0
175,10,0,0,2,1,0,12,0
82,3,1,0,0,3,0,3,0
160,2,1,1,0,5,0,8,0
500,7,1,0,0,2,0,7,0
63,1,0,0,1,0,0,9,1
239,11,1,0,0,11,0,9,0
115,8,0,1,0,4,1,3,0
32,5,1,0,2,3,0,6,0
378,12,0,0,0,1,0,10,1
147,6,1,0,2,5,0,8,0
391,5,0,0,0,2,0,1,0
506,16,0,1,1,5,0,2,0
37,9,0,0,0,1,1,7,0
427,16,0,0,0,6,0,3,0
142,10,0,1,0,1,1,4,0
101,9,1,0,0,5,0,4,0
128,8,0,1,1,1,0,6,0
23,3,1,1,2,2,0,5,0
370,7,0,1,0,9,0,8,0
329,9,1,0,0,2,0,5,0
127,2,1,1,0,3,0,9,0
198,2,0,1,1,3,0,7,0
147,4,0,0,0,0,0,10,0
82,7,0,1,0,1,0,6,0
226,16,0,0,1,3,0,2,0
226,9,1,0,0,9,0,7,0
119,7,1,0,0,3,0,6,0
255,5,1,1,0,4,0,9,0
117,1,0,1,1,5,1,6,0
81,9,0,1,0,6,1,6,0
147,3,1,1,2,3,0,6,0
25,11,0,0,0,2,0,5,0
250,5,0,0,0,4,0,8,0
89,7,0,0,1,4,0,12,0
396,14,1,1,0,4,0,10,0
240,8,1,0,0,3,0,4,0
50,14,1,1,0,8,0,7,0
212,5,1,1,0,4,0,6,0
253,6,0,0,1,3,0,10,0
90,8,1,1,0,10,0,8,0
132,16,1,1,1,3,1,5,0
145,11,0,0,1,6,1,12,0
256,15,0,1,1,2,1,6,0
50,15,1,0,1,6,0,6,0
199,9,1,1,1,7,0,10,0
320,8,0,1,0,1,0,8,0
207,11,1,1,0,8,0,12,0
37,4,1,0,0,7,0,12,0
335,8,1,1,1,4,0,12,0
96,4,1,0,1,1,0,6,0
398,5,0,1,0,7,0,10,1
223,2,1,0,2,3,0,3,0
560,3,0,1,1,0,1,6,1
150,6,1,0,0,3,0,5,0
55,8,0,1,0,2,0,5,0
403,5,0,1,0,1,0,6,1
429,11,1,1,1,5,0,12,0
179,5,1,0,0,14,1,10,0
157,8,0,0,0,1,1,6,0
388,10,0,0,2,5,0,4,0
37,5,0,1,1,6,0,7,0
305,15,0,1,0,5,0,8,0
82,18,0,0,0,9,0,6,0
156,12,1,0,0,6,1,6,0
118,11,0,1,2,8,0,10,1
295,7,1,0,2,2,0,9,0
172,6,0,0,1,3,0,5,0
71,4,1,0,0,3,0,11,0
431,12,0,1,0,5,0,6,0
161,13,0,1,0,2,0,2,0
114,1,0,1,0,2,0,4,0
287,2,0,0,0,4,0,6,0
69,3,1,0,1,5,0,2,0
20,15,1,1,0,4,0,10,0
353,3,0,1,0,8,0,9,0
171,17,0,0,1,1,0,6,0
67,9,0,0,0,6,0,4,0
73,4,1,1,2,1,1,8,0
149,7,0,0,0,2,0,10,1
222,4,1,0,0,4,0,6,0
102,14,1,0,0,3,0,4,0
255,4,0,1,2,4,0,9,1
293,11,0,0,1,4,1,8,0
82,9,0,1,0,5,0,10,0
223,4,1,0,0,8,0,11,0
99,1,1,0,1,1,0,4,1
282,13,1,1,0,7,0,8,1
106,11,0,1,2,4,0,5,0
222,12,0,0,2,7,0,8,0
10,10,1,0,1,5,0,7,1
134,2,1,0,2,7,0,12,0
28,12,1,0,0,10,0,10,0
133,10,1,1,0,12,0,9,0
208,21,1,0,0,2,1,12,0
416,3,1,1,0,4,0,4,1
250,11,1,0,2,6,1,7,0
32,4,1,1,0,6,0,10,1
221,5,0,1,2,3,0,2,0
110,9,1,1,1,2,0,7,0
155,1,0,0,0,0,0,4,0
198,9,0,0,0,13,0,11,0
85,4,1,1,0,5,0,8,0
382,9,1,0,0,7,0,7,0
334,10,0,1,0,5,1,8,0
217,11,0,0,0,8,0,5,0
29,3,1,0,1,1,0,9,0
137,2,1,1,1,1,0,5,0
195,6,0,0,0,5,1,5,0
111,18,0,1,0,0,1,6,0
163,14,1,0,2,3,0,6,0
225,15,1,1,0,0,0,8,1
286,1,0,0,0,9,0,7,0
148,10,1,1,1,2,0,2,0
287,12,0,0,2,3,0,4,0
124,6,0,1,2,9,0,4,0
120,6,0,0,0,2,0,7,0
65,22,1,0,0,12,0,12,0
48,8,1,0,0,5,0,7,0
104,12,1,1,2,7,0,10,0
164,16,1,0,0,15,0,12,0
124,7,1,0,0,9,0,12,0
12,8,0,0,2,3,0,7,0
69,4,1,0,2,8,1,9,0
189,9,0,1,1,2,0,10,0
101,8,0,1,0,6,0,10,0
153,12,0,0,0,3,0,6,0
143,4,1,0,2,4,1,6,0
443,2,0,0,1,5,0,11,0
338,6,0,0,0,2,1,10,0
57,10,1,0,0,10,0,3,1
157,2,0,0,2,0,0,6,0
189,9,0,0,0,5,0,8,0
84,4,0,0,1,2,0,4,0
56,20,1,0,0,2,0,6,0
335,5,1,1,0,0,0,8,0
202,8,1,1,2,4,0,4,0
203,5,1,0,0,5,0,6,0
148,21,1,0,1,5,0,6,0
393,5,1,0,0,11,0,12,0
96,10,1,0,0,5,0,5,0
50,2,1,1,1,5,1,3,0
81,13,0,0,2,14,0,5,0
209,4,1,0,1,5,0,6,0
464,7,1,1,0,2,0,7,0
139,5,0,0,0,5,0,8,0
345,5,1,1,2,4,0,12,0
341,2,1,0,0,3,0,6,0
217,9,0,0,2,4,0,7,0
215,27,1,1,0,12,0,11,0
130,3,1,1,2,2,0,4,1
139,4,1,1,2,6,0,8,0
41,11,0,1,0,7,1,11,1
57,6,0,1,1,3,0,3,1
142,6,1,0,0,2,0,7,0
142,1,0,0,0,1,1,6,0
200,10,0,0,0,10,1,7,0
128,2,0,0,1,0,0,8,0
425,12,0,1,0,2,0,9,1
264,1,0,0,1,2,0,11,0
42,16,0,1,0,7,0,12,0
159,6,1,1,0,2,0,8,0
235,11,1,0,1,5,1,5,0
154,22,0,0,0,15,0,12,1
330,19,1,1,1,11,0,8,0
287,3,1,1,1,0,0,5,0
219,12,0,0,2,0,0,3,1
148,2,1,1,0,9,0,12,0
267,11,1,1,0,9,0,10,0
176,16,1,0,1,10,0,10,0
411,13,0,0,1,4,0,7,0
217,11,0,1,0,7,0,6,1
114,16,1,0,1,1,0,7,0
371,5,0,1,0,8,0,8,0
48,7,1,1,0,8,1,4,0
574,6,0,0,1,2,0,5,0
69,11,1,0,0,4,0,11,0
25,6,1,0,0,0,0,8,0
105,6,1,1,0,2,0,7,0
150,15,0,1,0,3,0,8,0
172,14,1,0,1,4,0,5,0
148,8,1,0,0,3,0,5,0
125,19,1,1,2,5,0,8,0
189,8,1,1,1,2,0,6,0
158,4,1,1,0,5,0,4,0
329,9,1,0,0,5,0,4,1
401,12,1,1,0,1,0,5,0
657,12,1,0,1,15,0,4,0
258,7,1,0,0,2,1,9,0
105,4,0,0,0,6,0,12,0
97,4,0,1,0,10,0,12,1
196,19,0,1,1,14,0,12,0
296,5,1,0,1,6,0,3,0
125,10,0,0,1,6,0,5,0
291,11,0,1,2,3,1,2,0
595,2,0,0,0,1,0,5,0
63,13,0,1,1,3,0,4,0
144,4,0,0,0,3,0,7,1
43,4,0,0,0,0,0,5,0
322,9,0,0,1,6,0,9,0
78,9,1,0,0,1,0,7,0
216,6,0,1,0,1,0,3,0
109,1,0,0,2,5,0,7,0
200,5,1,1,0,7,0,11,0
404,14,1,1,0,8,0,9,0
492,16,0,1,2,5,0,3,0
136,9,1,0,0,6,0,7,0
67,11,0,1,1,8,0,6,0
123,4,1,0,2,2,0,12,0
46,11,1,0,0,12,0,3,0
333,2,0,1,0,8,1,7,1
180,4,1,0,1,1,0,6,0
361,9,0,0,1,5,0,10,0
74,4,1,0,0,6,0,12,0
162,15,1,0,0,10,0,11,1
53,3,1,1,0,4,0,5,0
141,15,1,1,2,7,0,8,0
167,8,0,0,0,3,0,10,0
96,9,1,1,2,6,0,5,0
97,8,1,0,2,7,0,7,0
189,13,0,1,1,7,0,12,0
408,7,0,0,1,2,0,4,0
256,4,0,0,0,0,0,6,0
242,9,1,0,0,6,0,10,0
296,19,0,0,1,6,0,6,0
72,1,1,0,0,4,0,11,0
53,6,1,0,0,9,0,6,0
167,12,0,1,1,0,0,8,1
359,14,1,1,0,2,0,6,0
10,9,0,0,1,10,0,12,0
326,5,0,0,0,3,0,5,0
163,8,0,0,0,3,0,11,0
268,6,1,0,0,1,0,8,0
95,12,0,1,2,2,1,10,0
52,2,1,0,2,6,0,6,0
164,13,0,0,0,6,0,7,0
75,3,1,1,0,7,0,11,1
151,12,0,0,2,11,0,9,0
72,10,0,0,0,0,1,2,0
69,3,0,1,0,3,0,4,0
24,11,0,0,0,3,0,10,0
58,15,0,1,1,2,0,2,0
94,15,1,1,0,3,0,4,0
257,9,1,0,0,8,0,12,0
169,9,1,1,1,4,0,10,0
54,2,1,0,0,2,0,3,0
69,10,1,1,1,3,0,8,0
78,6,1,1,0,7,0,11,0
118,9,1,0,0,6,0,12,1
37,14,1,1,0,5,0,11,0
270,3,0,1,1,4,0,5,0
247,8,1,1,0,1,0,6,0
122,7,1,0,0,10,0,12,0
129,16,0,0,1,9,0,5,0
48,8,1,0,1,2,0,12,0
84,5,1,1,0,1,0,7,0
230,4,1,1,0,10,0,6,0
79,4,1,1,0,3,0,8,0
392,3,1,0,1,2,0,7,0
112,13,0,0,1,2,0,2,0
452,11,1,1,1,7,0,8,0
278,5,0,0,1,5,0,11,0
125,5,0,0,2,5,0,2,1
106,6,1,0,0,2,0,8,0
180,10,1,1,0,4,0,7,0
10,4,0,0,2,0,0,5,0
177,3,0,1,0,12,0,7,0
227,14,0,1,0,2,0,4,0
493,11,0,1,0,2,0,6,1
561,1,0,0,2,0,0,7,1
84,1,0,0,0,1,0,7,0
107,25,1,1,0,11,0,7,0
422,5,1,1,1,4,0,3,1
160,8,1,1,0,4,0,5,0
96,11,0,0,2,5,0,4,0
221,11,1,1,0,1,0,9,0
268,9,1,1,1,2,0,9,1
117,1,0,0,0,0,1,7,0
439,5,0,0,2,1,0,9,0
436,10,0,0,2,9,1,12,0
53,19,0,0,1,8,0,7,1
108,5,1,0,2,6,0,6,0
438,8,0,1,0,1,1,3,0
347,15,0,0,2,12,1,12,1
259,10,0,0,1,2,0,11,0
350,6,1,0,2,7,0,11,0
235,15,0,1,1,14,0,1,1
122,4,0,0,0,1,0,10,0
150,7,1,1,1,0,0,6,1
135,8,0,1,0,4,0,3,0
423,6,1,0,1,4,0,5,0
10,14,0,0,0,7,0,9,0
333,10,1,0,0,5,0,11,0
355,1,1,1,2,5,0,12,0
159,11,0,0,2,4,0,4,0
109,7,1,1,2,5,0,9,0
44,9,1,1,1,3,0,7,1
433,4,0,0,1,6,0,10,0
322,10,0,0,1,6,0,8,0
160,6,1,0,0,5,0,5,0
65,1,1,0,2,4,0,10,0
79,9,0,1,2,4,1,10,0
201,8,1,1,1,8,0,6,1
160,4,0,0,2,6,0,6,1
209,5,1,1,1,4,0,9,0
213,8,0,1,0,8,0,4,1
158,9,0,1,2,4,0,12,0
154,6,1,0,0,0,1,8,0
138,16,0,1,1,2,0,10,1
187,11,0,0,0,2,0,9,0
97,12,0,0,1,3,0,6,1
48,8,0,0,1,2,0,2,0
73,3,1,0,1,2,0,10,0
94,13,0,1,0,4,0,6,0
162,6,0,1,0,1,0,7,0
103,10,0,0,1,2,0,5,0
43,15,0,0,2,6,1,11,1
250,19,1,1,0,2,0,5,0
227,11,1,1,0,3,0,10,1
152,2,0,0,0,4,1,3,1
366,11,0,0,2,9,0,10,0
234,11,1,0,1,4,0,7,0
130,10,0,0,2,7,1,9,0
272,2,1,1,1,0,1,4,0
238,5,0,0,0,8,0,7,0
93,2,0,0,1,4,0,11,0
213,15,1,0,0,7,0,7,0
250,10,1,1,0,1,0,7,0
59,12,0,0,0,11,0,9,0
202,5,1,1,0,11,0,12,0
171,6,0,1,0,2,0,6,1
106,3,1,0,0,7,0,12,0
259,3,1,0,0,1,0,5,0
97,6,1,1,0,8,0,11,0
118,8,1,1,1,5,0,11,0
363,10,0,0,0,3,0,3,0
334,8,1,1,0,5,0,5,0
17,14,0,0,0,8,0,6,0
139,6,1,0,1,10,0,12,0
166,15,1,1,1,5,0,2,0
197,3,1,1,2,1,0,12,0
104,7,1,0,2,6,0,12,0
89,7,0,0,0,2,0,4,0
310,16,0,1,0,3,1,4,0
243,11,1,1,0,1,0,10,0
144,2,0,0,2,4,0,3,0
320,13,0,0,1,2,0,7,0
225,5,1,1,0,3,0,9,0
197,6,0,0,0,3,0,8,0
185,11,1,1,0,2,1,7,0
117,2,0,1,0,2,0,8,0
190,12,0,0,2,4,0,6,0
80,13,0,0,1,9,0,12,1
106,11,0,0,1,1,0,7,0
349,7,1,0,0,5,0,7,0
457,12,1,1,0,6,0,8,0
108,8,0,0,1,5,0,9,0
485,11,1,0,1,13,0,9,0
99,7,0,1,0,2,0,4,1
197,9,0,0,0,10,0,6,0
214,9,0,0,2,7,0,5,0
100,9,0,0,0,5,0,8,0
236,7,0,0,0,2,0,10,0
54,4,0,0,0,0,0,6,1
166,5,0,0,1,12,0,4,0
33,8,0,0,0,0,0,3,0
88,6,0,0,1,5,0,5,0
419,1,0,0,0,4,0,12,0
86,9,1,1,0,8,0,9,0
155,5,0,1,1,9,0,12,0
68,7,0,0,1,7,0,9,0
105,2,0,0,2,0,0,12,0
107,8,1,0,0,1,1,2,0
233,1,0,0,0,2,0,6,0
382,20,1,1,1,8,0,12,0
39,8,0,0,0,7,0,2,0
175,13,1,0,0,3,0,6,0
254,1,0,0,0,9,0,12,0
197,4,1,1,0,3,0,8,0
309,11,0,0,0,1,0,3,1
186,5,0,0,2,5,0,6,0
177,5,1,1,2,3,0,11,0
415,1,0,0,2,5,0,5,0
244,8,0,0,2,8,0,12,0
142,19,1,0,0,14,0,12,0
203,10,0,1,0,5,0,5,1
83,3,0,0,1,6,0,8,0
196,12,0,1,2,9,0,11,1
314,4,1,1,0,3,0,7,0
540,10,1,0,0,7,0,9,0
451,8,0,0,0,4,0,11,0
152,9,1,1,0,4,0,4,0
282,14,0,0,0,4,0,7,0
199,4,0,1,0,3,0,6,0
155,12,0,0,2,6,0,6,0
117,20,0,1,0,10,1,12,0
87,4,1,0,2,4,0,8,0
98,7,1,1,0,3,0,1,0
419,5,0,1,2,6,0,9,0
90,13,0,1,0,7,0,12,0
90,3,0,1,1,2,1,8,0
105,4,0,1,0,2,0,7,0
253,8,0,0,1,2,0,5,0
10,11,1,0,2,3,0,3,0
251,5,0,0,0,4,0,8,0
112,15,1,0,0,8,0,12,1
338,2,0,1,0,7,0,11,0
144,9,0,1,0,6,0,6,0
27,12,0,0,0,1,0,10,0
110,14,0,0,1,1,0,4,0
359,10,0,0,0,2,0,10,0
478,22,0,1,1,6,0,8,0
260,12,0,1,2,4,1,10,0
108,6,0,1,1,3,0,5,0
372,8,0,1,0,0,0,8,0
207,20,0,1,1,10,0,11,0
266,5,0,0,0,1,0,7,0
106,6,0,0,0,0,0,4,0
53,7,1,0,0,4,0,4,0
332,1,0,1,2,8,0,11,1
189,1,1,0,1,4,0,10,0
464,6,1,1,0,5,0,3,0
79,11,1,1,0,2,0,4,0
89,5,0,0,0,4,0,5,0
46,18,0,0,2,8,0,8,0
158,3,1,0,2,5,0,9,0
193,7,0,1,0,2,0,6,0
264,11,1,1,0,4,0,11,0
331,3,0,0,1,3,0,5,0
181,14,0,0,0,1,0,4,0
217,7,1,1,0,4,0,3,0
368,2,1,0,1,1,0,11,1
34,3,0,1,0,6,0,9,0
240,8,1,1,1,2,0,2,0
297,4,1,1,0,6,0,9,0
300,4,1,0,1,7,0,6,0
10,5,1,1,1,1,1,4,0
302,7,1,0,0,3,0,9,0
343,9,1,1,1,0,0,8,0
10,10,0,1,0,8,0,9,0
223,18,0,0,0,5,0,5,0
89,7,0,0,0,3,0,4,1
118,9,0,0,0,2,0,2,0
24,11,0,1,0,11,0,12,1
72,18,1,0,1,9,0,11,1
197,8,1,0,0,5,0,9,0
342,13,0,1,0,7,0,5,0
183,9,1,0,2,3,0,4,0
42,9,1,0,1,6,0,6,0
86,20,0,0,0,4,0,3,0
313,17,1,1,0,2,0,5,0
186,8,0,1,0,8,0,5,0
405,5,1,1,0,7,0,12,0
144,24,0,1,2,9,0,7,0
135,13,1,1,0,9,0,12,0
391,5,0,1,1,3,0,2,0
552,5,1,1,2,11,0,12,0
129,4,0,0,1,2,0,4,0
363,19,1,1,0,11,0,9,0
238,21,1,1,1,6,0,5,1
99,6,0,0,2,3,0,9,0
398,4,0,1,1,4,0,5,1
80,5,1,0,2,0,0,3,0
398,3,1,0,0,13,0,12,0
373,16,0,1,2,5,0,8,1
273,19,0,0,2,6,0,4,0
152,5,0,0,0,7,0,6,1
40,3,0,0,1,4,0,8,0
155,3,1,0,1,2,0,5,0
107,9,0,0,1,7,1,8,0
109,9,0,1,2,3,1,5,0
111,3,1,1,0,2,0,10,0
133,7,0,0,1,2,1,7,0
218,5,0,0,1,2,0,8,0
221,2,0,0,1,2,0,4,0
16,14,0,0,1,6,0,5,0
138,10,0,1,0,6,0,9,0
294,3,1,1,0,2,0,10,0
210,9,1,1,2,2,0,11,0
57,3,0,0,2,1,1,11,0
70,3,1,1,0,2,0,8,0
25,5,0,0,1,3,0,3,1
297,1,0,0,2,4,0,9,0
432,5,1,0,1,1,0,10,0
99,8,1,1,1,3,0,9,0
124,12,0,0,0,5,0,8,0
64,12,1,1,1,6,1,7,0
98,2,1,0,1,1,1,5,0
45,8,0,1,1,3,0,8,0
309,4,1,1,1,4,0,3,0
98,3,0,1,0,6,0,9,0
319,12,1,1,2,1,0,12,1
110,6,1,1,1,6,0,4,1
331,8,0,0,1,4,0,5,0
81,8,0,1,2,8,0,3,0
438,5,1,0,2,5,0,7,0
222,18,0,1,2,13,0,5,0
171,3,0,0,1,0,0,4,0
232,1,1,0,0,2,0,5,1
100,5,0,0,0,1,0,4,0
60,14,1,0,0,2,0,7,1
107,12,1,0,0,2,0,7,0
216,16,0,0,1,14,0,12,0
122,18,1,1,0,12,0,7,0
138,5,1,0,2,6,0,12,0
386,7,0,1,1,0,0,10,0
179,3,0,1,0,4,0,8,0
173,4,0,0,0,3,0,4,0
105,4,0,1,0,5,0,3,1
85,5,0,0,2,1,0,2,1
118,11,0,0,0,3,0,3,0
242,9,0,0,1,3,0,5,0
272,4,1,1,1,4,0,6,0
167,6,1,0,1,1,0,8,0
74,12,1,0,0,1,0,9,0
108,9,1,0,0,1,0,3,0
49,8,1,1,0,4,0,5,0
202,8,1,1,0,0,0,4,0
418,5,0,0,1,6,0,9,0
326,3,0,0,0,3,0,4,1
116,4,0,0,0,2,0,5,0
123,13,1,0,0,9,0,6,0
85,17,0,1,1,4,0,6,0
113,10,1,1,0,3,0,2,0
215,3,0,0,0,4,0,8,0
216,6,0,0,1,1,0,1,0
140,10,0,0,0,3,0,5,0
267,4,0,0,0,11,0,9,0
47,10,0,1,0,3,0,5,0
86,3,1,0,2,5,0,10,0
153,3,1,0,0,6,1,10,0
98,8,0,1,0,3,0,10,0
91,6,1,1,2,7,1,9,0
79,17,1,1,0,7,0,7,0
202,6,0,1,1,4,0,9,1
150,11,1,1,0,10,0,12,1
289,12,0,1,0,4,0,3,0
177,7,1,1,1,4,0,8,1
24,5,1,0,2,0,0,10,0
236,4,1,0,0,5,0,9,0
410,9,1,1,1,7,0,4,0
272,7,0,0,1,3,0,8,0
297,3,1,0,0,4,1,6,0
149,4,0,0,1,5,1,5,0
285,7,1,0,0,2,0,5,0
263,7,0,0,0,2,0,5,1
22,18,0,1,0,10,0,9,0
88,24,1,1,2,2,0,7,0
141,13,0,1,0,13,0,7,0
366,3,1,0,1,3,0,9,0
113,17,0,1,0,4,0,2,0
238,7,1,1,0,1,0,7,0
306,13,1,1,1,8,0,6,0
134,17,0,1,1,6,0,10,0
22,11,0,1,0,0,0,4,0
101,1,1,1,0,4,0,9,0
163,23,1,0,2,9,0,6,0
124,5,0,1,0,8,0,7,0
112,3,0,0,1,7,0,6,0
54,15,1,0,1,1,0,6,0
284,2,1,1,1,5,0,12,0
120,5,1,0,2,4,0,10,0
117,6,0,1,1,5,0,9,0
160,11,0,0,0,3,0,3,0
300,12,0,0,0,2,0,6,0
244,2,1,1,0,0,0,5,0
145,8,0,0,0,5,0,10,0
146,4,1,0,2,10,0,6,0
468,2,0,0,0,4,0,3,0
110,6,0,0,1,3,0,12,0
152,4,1,0,1,1,0,10,0
372,11,1,0,2,5,1,11,0
122,4,1,0,1,4,0,3,0
192,6,1,1,1,3,0,6,0
130,6,0,0,0,12,1,8,0
17,6,0,0,1,7,0,7,0
413,9,0,0,0,1,0,5,0
186,14,0,0,2,2,0,9,0
141,3,1,1,0,1,0,5,1
50,13,1,1,0,6,0,9,1
282,11,0,1,0,3,0,6,1
54,12,0,0,1,2,0,6,1
69,6,1,1,1,3,0,5,1
30,8,0,0,0,5,0,4,0
318,7,0,1,0,8,0,8,0
157,13,0,1,0,2,0,3,0
77,7,0,0,0,6,0,7,0
136,13,1,1,0,5,0,7,0
506,9,1,0,0,7,0,5,0
378,11,0,0,1,0,0,4,0
204,7,0,0,0,6,0,7,0
284,12,0,0,2,2,0,7,0
164,15,1,1,0,10,0,12,0
182,16,0,0,1,10,0,7,0
263,3,0,0,1,2,0,8,0
232,6,0,1,0,6,0,8,0
90,12,1,0,0,4,0,10,1
256,3,0,0,0,7,0,8,0
319,13,0,0,0,2,0,5,0
275,9,0,1,0,4,0,7,0
205,1,0,1,0,0,0,3,1
300,13,1,0,0,6,0,9,0
405,19,0,1,0,5,0,8,0
99,8,0,0,0,12,1,8,0
184,4,1,1,0,3,0,3,0
395,8,0,1,0,1,0,5,0
337,9,0,1,1,0,0,2,0
187,12,0,0,1,6,0,12,0
204,2,0,0,2,3,0,10,0
395,8,0,1,0,4,0,5,0
35,3,1,0,0,3,0,9,0
135,16,1,1,0,15,1,12,0
704,4,0,0,0,4,0,3,0
143,14,1,1,1,15,1,12,0
86,8,1,0,0,4,0,3,0
172,10,1,1,1,5,0,11,0
60,3,1,0,1,6,0,8,0
291,14,0,0,2,3,0,11,0
166,4,1,0,0,9,0,12,0
125,6,1,1,0,1,0,6,0
68,10,0,1,0,2,0,5,0
39,9,1,1,0,9,1,8,1
465,4,1,0,2,5,0,12,0
291,6,0,0,0,8,0,9,0
25,6,1,0,1,3,0,4,0
85,4,1,0,0,2,1,7,0
603,3,1,1,0,5,1,7,0
310,1,0,1,0,2,0,5,0
71,1,0,0,0,3,0,5,0
163,7,1,1,1,5,0,6,0
37,24,1,0,2,9,0,12,0
34,21,0,1,1,5,0,8,0
100,14,0,0,0,2,0,6,0
80,5,0,1,0,4,0,12,0
210,7,1,0,2,9,0,9,0
191,8,1,0,0,7,0,6,0
145,2,1,0,2,4,0,7,0
277,3,1,0,0,8,1,12,0
77,25,1,1,0,9,0,3,0
46,6,1,0,0,8,0,7,1
265,11,1,1,2,6,0,10,0
104,4,0,1,0,4,0,8,0
19,16,1,0,0,3,0,12,1
76,11,1,1,0,6,1,5,0
219,13,0,0,1,8,0,7,0
187,10,1,0,0,10,1,8,0
373,9,0,0,1,2,0,6,1
99,7,0,1,2,5,0,12,0
174,9,0,1,2,0,0,5,0
57,1,1,0,0,7,0,11,0
29,14,1,1,1,4,0,2,0
136,9,1,1,0,0,0,5,0
279,4,1,1,1,3,0,6,0
272,6,0,1,2,0,0,7,1
103,4,1,0,0,1,0,8,0
108,5,0,0,2,1,1,11,0
219,6,1,0,2,10,0,8,0
33,3,0,0,0,1,0,7,0
166,3,1,0,1,5,0,10,0
250,4,1,0,0,10,0,12,0
160,6,1,1,0,4,0,10,0
480,14,0,1,0,5,0,3,0
81,7,1,0,2,0,0,4,0
59,20,1,0,0,2,0,3,0
131,2,1,1,1,6,0,3,1
281,3,1,0,1,2,0,6,0
309,4,0,1,1,4,0,8,0
231,6,1,1,1,7,0,9,0
112,1,1,1,0,5,0,7,0
265,4,1,1,1,10,0,9,1
221,6,1,0,0,0,0,12,1
217,7,0,0,1,6,0,3,0
13,9,0,1,0,7,0,5,0
132,1,1,0,0,3,0,2,0
89,7,0,1,2,3,0,6,0
28,4,0,1,0,10,0,12,0
352,1,0,0,0,2,0,9,1
275,16,0,1,0,8,0,10,0
115,7,0,1,0,1,0,4,1
160,5,1,0,0,4,0,9,0
428,4,1,0,1,5,1,4,0
160,20,0,1,2,5,0,5,0
78,8,0,1,0,5,1,6,0
346,1,1,1,0,1,0,5,0
108,9,0,0,1,3,0,5,0
239,7,1,1,0,4,0,7,1
224,4,1,0,2,4,0,7,0
377,17,0,1,0,5,0,9,0
176,12,0,1,0,1,0,4,0
267,4,1,0,0,9,0,5,0
60,18,0,1,1,4,0,10,0
447,14,0,0,1,9,0,8,0
220,1,0,0,0,2,0,9,0
232,4,0,0,0,1,0,6,0
98,13,0,0,2,2,0,2,0
40,3,1,0,2,1,0,2,0
69,2,0,0,0,5,0,8,0
146,1,0,1,2,2,0,7,0
227,4,0,0,1,2,0,3,0
183,8,1,1,0,8,0,5,0
119,10,0,1,0,4,1,3,0
138,4,0,1,1,5,0,6,0
330,21,0,0,0,3,0,7,0
11,3,0,0,1,3,0,8,0
45,4,0,0,0,4,0,7,0
11,21,1,1,1,5,0,2,0
468,8,1,1,0,0,0,2,0
413,8,1,0,0,7,0,10,0
171,11,1,1,0,1,0,8,0
63,14,1,0,0,8,0,10,1
173,7,1,1,0,9,0,12,1
354,12,1,1,0,4,0,6,0
31,17,0,1,2,4,0,7,1
102,9,0,0,1,0,0,8,0
76,12,0,0,1,2,0,7,0
118,5,1,1,0,4,1,8,0
223,7,1,1,0,3,0,11,0
104,1,0,1,0,7,0,12,0
53,8,1,1,1,4,0,5,0
248,2,1,1,0,2,0,11,0
100,2,1,1,1,4,0,6,0
160,2,0,0,0,7,0,8,0
345,8,1,1,2,8,0,10,0
379,12,1,1,0,9,0,11,0
237,13,0,1,0,2,0,6,0
231,3,0,1,1,8,1,12,0
164,13,0,0,2,3,0,8,0
219,2,0,0,1,14,0,8,1
121,7,1,1,0,4,0,4,0
98,4,1,0,0,1,0,8,0
105,21,0,0,2,1,1,2,0
152,14,1,1,0,5,0,6,0
379,3,1,1,0,1,0,6,0
451,6,1,1,2,5,0,7,0
211,1,0,1,2,0,0,5,0
84,7,1,0,1,1,0,6,0
127,6,0,0,2,1,1,4,0
653,15,0,1,0,7,1,8,0
243,15,0,1,0,3,0,5,0
438,8,1,0,1,1,0,8,0
224,3,1,1,1,3,0,3,0
319,6,1,1,1,1,0,9,1
152,8,0,1,2,3,1,6,0
288,13,0,0,0,5,0,4,0
31,3,0,0,0,5,0,8,1
424,7,1,1,0,6,0,11,0
67,14,0,1,1,1,0,7,0
173,19,1,1,0,4,0,12,0
121,6,1,1,2,5,0,9,0
90,8,1,1,0,4,0,7,0
355,7,1,1,0,7,0,9,0
143,8,1,0,0,3,0,7,0
142,5,0,0,1,2,0,8,0
348,1,1,0,0,7,0,10,0
223,13,1,0,1,4,0,7,0
277,11,1,0,0,2,0,6,0
10,12,0,1,0,3,0,6,0
135,9,0,0,0,6,1,3,0
155,6,1,0,1,1,0,9,0
191,2,1,0,0,4,0,7,0
74,9,1,0,2,4,1,11,0
127,4,0,0,0,0,0,4,0
374,10,1,1,0,2,0,10,0
180,9,1,1,0,5,0,9,0
58,4,0,0,0,4,0,7,0
217,8,1,0,1,3,0,9,0
254,6,0,1,1,7,0,11,0
60,6,0,0,1,4,0,11,0
185,6,1,1,0,1,0,2,0
171,1,0,0,0,7,1,5,0
344,7,1,0,0,8,0,9,0
181,9,0,1,0,2,0,3,0
159,14,1,0,0,2,0,6,0
234,2,1,1,2,6,0,8,0
299,15,0,0,1,8,0,6,0
70,3,1,1,1,7,0,9,1
129,16,1,1,0,6,0,5,0
153,8,0,1,0,6,1,9,0
290,9,1,1,0,3,1,5,0
155,22,0,1,0,5,0,2,0
281,1,0,0,1,2,1,2,0
92,8,0,0,0,3,0,3,0
431,12,0,1,2,12,0,12,0
71,2,0,0,2,5,0,8,0
75,15,0,1,0,1,0,1,0
41,3,0,0,1,3,0,6,0
430,5,0,0,1,4,0,5,0
345,15,0,1,0,8,1,7,0
294,8,1,1,2,2,0,7,0
125,8,1,0,0,6,1,12,0
252,16,0,0,1,4,0,3,0
349,8,0,0,0,3,0,9,0
192,16,0,0,0,10,1,5,0
224,2,0,0,0,6,0,3,0
417,17,0,0,2,14,0,6,0
53,10,0,0,0,6,0,1,0
315,12,1,1,0,0,0,8,0
21,5,1,0,0,7,0,5,0
339,23,0,1,0,11,0,6,0
55,11,0,0,1,2,0,9,0
215,4,1,0,1,7,0,5,0
174,1,1,0,2,1,1,4,0
153,4,1,1,1,5,0,10,0
88,8,1,0,2,2,0,6,0
436,5,0,1,1,5,0,6,1
83,5,0,0,2,10,0,10,0
137,10,0,0,0,3,0,12,1
26,16,1,0,0,0,0,4,0
240,14,1,1,2,3,0,5,0
214,7,1,0,1,11,0,5,0
155,13,1,0,2,5,0,12,0
113,5,0,0,0,6,0,9,0
435,4,1,0,2,2,0,3,0
35,10,0,0,1,2,0,4,0
321,1,0,0,0,11,0,8,0
128,10,1,1,0,7,0,4,0
121,5,1,1,0,8,0,5,0
108,5,1,0,2,9,0,8,0
424,14,1,1,1,12,0,10,0
285,17,1,0,2,4,0,3,0
251,12,1,0,0,2,0,7,0
272,9,0,1,2,5,0,7,0
224,5,0,1,0,2,0,4,1
192,7,0,1,0,0,0,5,0
344,8,1,1,0,1,0,5,0
42,5,0,0,2,9,0,7,0
170,16,0,1,0,0,0,6,0
223,19,0,0,0,3,0,2,0
311,11,1,0,0,8,0,11,0
317,7,0,0,0,4,0,5,0
116,5,0,1,2,5,0,12,0
171,6,0,0,0,4,1,11,0
136,9,0,1,1,4,0,8,0
297,14,0,1,2,10,0,12,0
312,18,1,1,0,3,0,3,0
89,6,1,0,2,9,0,11,0
75,12,0,0,0,1,0,5,0
229,15,1,1,2,7,0,12,0
237,4,0,0,0,1,0,3,0
176,18,1,1,1,5,0,6,0
55,3,1,1,1,1,0,4,0
66,15,0,0,0,4,0,3,0
46,3,0,1,0,2,0,5,0
19,8,0,0,0,1,0,8,0
453,3,0,1,0,2,0,4,0
56,7,0,0,1,7,0,4,0
25,5,1,0,2,2,0,9,0
216,13,0,0,1,5,0,4,0
233,6,0,0,0,3,0,2,0
265,1,1,1,0,2,0,5,0
68,5,0,0,0,11,0,3,0
206,16,0,1,0,5,0,7,1
317,3,0,0,2,6,0,5,0
396,20,1,1,2,12,0,11,0
115,6,0,0,0,5,0,10,0
142,5,0,1,0,2,0,5,0
156,11,1,1,1,5,0,6,0
528,12,1,1,1,4,1,10,0
173,8,0,0,1,5,0,7,0
66,3,0,0,1,8,0,6,0
403,14,1,1,0,8,0,6,0
313,20,0,1,2,11,0,12,0
222,9,1,0,0,5,0,7,0
107,3,0,0,0,7,0,5,0
276,5,0,0,2,5,0,9,0
150,5,1,0,0,1,0,5,0
110,10,1,0,0,2,0,4,0
290,1,1,1,0,3,0,11,0
337,16,0,0,1,6,0,4,1
250,8,1,1,0,2,0,7,0
385,10,0,0,0,6,0,11,0
343,8,0,0,0,1,0,6,0
66,11,0,0,2,11,0,8,0
96,6,1,0,0,1,0,3,0
408,18,0,0,1,1,0,3,0
17,14,0,1,0,6,0,6,0
133,3,1,1,1,9,0,12,0
83,10,1,0,0,8,0,4,1
65,2,0,0,1,2,0,5,0
250,10,0,0,1,7,0,4,0
133,17,1,1,0,9,1,11,0
347,5,0,1,2,5,0,9,0
10,7,0,1,2,5,0,7,0
120,5,1,1,0,3,0,6,0
111,6,0,0,1,4,0,6,0
124,6,0,0,1,1,0,7,0
218,2,0,0,0,2,0,7,0
96,10,0,0,0,1,0,8,0
30,6,1,0,2,5,0,10,1
207,4,0,1,1,6,0,8,0
54,8,1,0,2,9,0,3,0
138,13,1,0,1,10,0,12,0
267,3,1,0,0,10,0,11,0
256,9,1,0,0,3,1,12,0
387,4,1,0,1,0,0,3,0
455,8,1,1,1,11,0,9,0
99,10,0,0,0,1,0,5,0
91,7,0,1,1,0,0,2,0
108,10,1,0,2,3,0,3,0
46,7,1,1,1,3,0,7,0
256,10,0,0,0,8,0,10,0
90,8,0,0,0,8,0,8,0
40,9,0,0,2,4,0,8,1
118,2,1,1,2,5,0,8,0
428,16,0,0,0,2,0,3,0
454,10,1,1,2,11,0,12,0
250,9,1,0,0,4,0,4,0
299,17,0,0,0,7,0,6,0
50,13,1,1,0,13,0,12,0
98,5,1,1,0,6,0,4,1
189,11,0,0,2,4,0,6,0
316,13,0,0,1,2,0,7,0
30,1,0,0,0,4,0,6,0
12,13,0,0,2,1,0,4,0
112,6,0,0,2,4,0,5,0
34,14,1,1,0,6,0,6,0
155,2,0,1,1,7,0,12,1
411,10,1,1,1,3,0,1,0
86,19,1,1,1,12,0,12,0
203,7,1,0,1,6,0,10,1
313,4,1,0,0,9,0,7,0
76,12,1,0,0,9,0,6,0
102,7,1,1,2,3,0,9,0
64,8,0,0,2,7,0,9,0
198,8,0,0,0,5,0,3,0
219,21,1,1,0,5,0,5,0
44,13,0,0,2,6,0,3,0
315,6,1,1,0,3,0,7,1
59,3,1,1,0,3,0,2,0
46,8,1,1,0,1,1,6,0
429,15,0,1,0,6,0,2,0
158,11,1,1,0,2,0,5,0
145,1,1,0,1,1,0,4,0
250,6,0,1,0,2,0,8,0
30,17,0,1,2,10,0,8,0
90,5,1,1,2,5,0,12,0
34,3,0,0,2,7,0,11,0
381,12,0,0,2,1,0,9,0
208,11,1,1,1,2,1,8,0
191,13,0,0,0,4,0,8,0
408,11,0,0,0,12,0,12,0
397,3,1,1,0,5,0,9,1
76,15,1,0,0,3,0,6,0
310,5,0,1,0,8,0,6,0
180,3,0,1,2,1,0,7,0
154,4,1,0,0,2,1,5,1
90,10,1,0,0,3,0,12,0
71,9,0,1,1,3,0,2,0
185,2,0,1,0,5,0,7,1
109,10,1,1,2,4,0,4,0
301,5,1,0,0,0,0,5,0
345,3,0,0,0,1,0,6,0
142,14,1,0,2,1,0,5,0
226,7,0,0,1,8,0,4,0
42,10,0,1,0,3,0,8,0
142,11,1,1,1,5,0,11,1
227,13,1,0,1,4,0,8,1
167,15,1,1,0,1,0,3,1
191,15,1,1,2,2,0,4,1
296,3,0,1,2,1,0,7,0
192,5,1,1,1,0,0,10,0
48,8,1,0,1,4,1,9,0
138,11,0,1,2,5,0,11,1
341,6,0,0,0,7,0,7,0
86,1,0,1,2,5,0,7,1
224,5,1,1,1,8,0,11,1
39,11,0,0,0,6,0,9,0
186,7,1,1,1,5,0,7,0
180,13,1,0,0,4,0,5,0
190,5,0,0,0,1,0,7,0
134,2,1,0,1,3,0,12,1
189,1,0,1,1,1,0,12,0
181,9,0,0,1,12,1,6,0
22,4,0,0,0,6,0,5,1
310,1,0,1,0,10,1,5,0
611,20,1,1,1,1,0,6,0
71,13,1,0,2,6,0,10,1
83,14,0,1,2,3,0,8,0
145,3,0,0,2,0,0,6,0
285,12,1,1,0,2,0,4,0
496,2,0,0,2,7,1,10,0
318,1,0,0,0,3,0,5,0
147,3,1,0,0,2,0,10,0
257,4,0,1,0,7,0,9,0
34,2,0,0,2,4,0,8,0
107,3,1,0,0,3,1,4,0
27,13,0,1,0,10,0,6,0
370,12,0,1,0,3,0,10,0
333,10,0,1,1,0,0,4,0
293,7,1,1,2,6,1,12,0
172,13,0,0,0,6,0,6,0
78,14,0,0,0,4,0,3,0
476,8,1,1,0,2,0,6,0
87,4,0,0,0,2,1,6,0
209,9,1,1,0,2,0,3,0
320,10,1,1,0,8,0,3,0
158,5,1,0,1,5,0,8,0
26,12,0,1,0,2,0,9,0
33,20,0,0,2,2,0,4,0
80,11,0,0,2,5,0,7,0
152,4,1,0,0,2,0,7,0
38,15,0,0,0,7,0,6,1
75,5,0,0,1,5,0,9,0
285,4,1,1,0,4,1,11,0
10,9,1,0,0,5,0,11,0
212,3,0,0,0,4,0,7,0
121,5,1,0,2,2,0,4,0
397,5,1,1,1,3,0,8,0
14,8,1,1,0,3,0,7,0
101,10,0,0,0,11,0,6,0
127,16,1,1,0,8,0,3,0
70,2,0,0,0,2,0,9,1
160,10,1,1,0,7,0,8,0
408,19,0,1,2,1,0,5,0
154,8,1,0,0,4,0,3,0
128,6,0,0,0,2,0,8,0
293,9,0,1,0,10,1,6,0
155,1,1,1,0,0,0,3,0
194,12,0,1,2,1,0,4,0
157,7,1,0,0,6,0,3,0
191,1,0,1,0,14,0,12,1
26,6,0,1,0,5,0,6,0
426,5,1,0,0,3,0,12,0
133,15,1,0,2,5,0,10,0
146,5,0,0,0,3,0,6,0
332,5,0,1,0,2,0,12,0
427,10,1,1,0,11,0,9,0
100,6,1,0,1,7,0,7,0
417,7,0,0,1,1,0,3,0
139,5,0,1,1,2,0,4,0
115,7,1,1,0,6,0,9,0
81,1,1,1,2,4,0,8,0
47,25,0,1,0,1,0,4,0
47,9,0,1,0,1,0,9,0
46,8,0,0,1,9,0,8,1
307,8,1,1,0,4,0,7,0
34,7,1,0,0,0,0,7,0
52,8,1,0,0,4,0,5,0
77,16,1,1,0,6,0,6,0
136,2,0,0,0,2,1,7,1
418,6,0,0,1,8,1,5,0
98,15,0,0,0,7,0,4,0
279,6,1,1,1,0,0,5,0
223,19,1,1,2,7,0,12,1
80,8,0,0,0,3,0,7,1
450,16,1,1,0,13,0,12,1
190,8,0,1,2,1,0,7,0
79,4,1,0,1,2,0,7,0
285,9,0,0,0,2,0,7,0
115,20,1,0,0,9,0,11,0
83,13,0,1,1,2,0,5,1
269,7,1,1,1,6,0,8,0
335,7,0,0,1,4,0,8,0
257,10,0,0,1,2,0,3,0
99,9,1,1,1,9,0,11,0
13,11,0,1,0,1,0,3,1
176,2,0,1,1,4,0,6,1
64,3,1,0,2,6,0,5,0
228,10,1,1,0,2,0,5,0
432,6,1,1,1,5,0,4,0
227,4,1,0,0,5,0,9,1
326,3,1,0,0,7,0,12,0
98,9,1,0,2,5,0,5,0
313,9,1,1,0,4,0,8,0
53,7,0,0,0,6,0,7,0
102,3,0,0,0,5,0,3,0
283,9,0,1,0,8,1,7,0
114,3,0,1,1,4,0,2,1
183,18,0,1,0,6,0,8,0
35,4,1,0,0,7,0,7,0
162,11,1,0,0,9,0,9,0
353,7,0,1,0,5,0,12,0
306,3,1,0,1,3,0,6,0
208,15,0,1,1,10,0,7,0
101,12,0,1,0,12,0,12,0
15,7,0,0,0,9,0,10,0
89,1,1,1,1,2,0,7,0
329,4,0,1,0,0,0,3,0
515,11,1,1,0,2,0,10,0
135,2,0,1,1,0,0,3,0
480,8,1,1,0,0,0,5,0
305,3,0,0,0,4,0,6,0
139,8,0,1,0,3,0,1,0
15,6,1,0,0,6,0,8,0
235,6,1,0,0,8,0,11,0
68,13,1,0,2,5,0,12,0
70,7,1,0,0,2,0,5,0
263,6,1,0,1,3,0,4,0
240,10,1,0,2,3,0,2,0
445,8,1,0,1,12,0,9,0
75,8,0,0,1,7,1,5,0
438,8,1,1,1,2,0,7,0
464,4,0,1,0,3,0,2,0
74,6,0,0,2,3,0,5,0
334,25,1,1,0,4,0,5,0
450,1,0,0,2,6,1,11,0
117,3,1,1,1,3,1,10,0
281,9,1,1,2,10,1,12,0
271,8,1,0,0,0,0,6,0
220,8,0,0,2,2,0,7,0
89,7,0,0,0,4,0,6,0
188,10,1,0,1,12,0,6,0
120,2,0,0,0,0,0,2,1
176,5,1,1,1,3,0,8,0
250,14,1,0,1,2,0,7,0
275,20,0,0,0,6,0,8,0
282,5,0,0,0,4,0,2,0
199,6,0,1,0,0,1,4,0
89,3,0,0,1,10,0,12,0
31,9,1,1,1,5,0,3,0
171,22,0,0,0,2,0,7,0
203,10,0,1,0,5,0,6,1
629,2,1,0,1,3,0,9,0
475,8,1,0,0,4,0,12,0
140,2,0,0,2,1,0,4,0
105,11,0,0,0,3,0,6,0
209,16,0,0,0,4,0,4,0
26,5,1,0,0,2,0,8,0
68,4,0,0,0,5,0,9,0
165,25,1,1,0,10,0,11,0
339,13,1,0,0,9,0,8,0
10,19,1,1,0,5,0,4,0
191,10,0,1,1,10,0,12,0
401,12,0,0,1,5,0,12,1
260,9,1,0,0,1,0,2,0
253,7,1,0,1,6,0,6,1
426,4,1,1,2,1,0,9,0
155,6,0,0,2,7,0,9,0
294,6,0,1,2,2,0,2,0
358,6,1,1,2,5,0,10,0
259,8,1,0,0,5,0,1,0
17,13,1,0,0,4,0,7,0
21,3,1,0,0,7,0,10,0
54,2,0,0,1,2,0,7,0
199,13,0,0,2,0,0,12,1
197,6,0,1,0,1,0,3,1
157,13,1,1,0,6,0,10,1
153,2,0,0,1,1,0,6,0
340,6,0,1,0,1,0,6,0
45,1,0,1,0,5,0,11,0
269,7,1,0,0,2,0,9,1
299,9,1,0,2,10,0,12,0
176,2,1,0,0,4,0,1,0
290,5,1,1,0,0,0,8,0
138,3,0,1,0,3,0,7,0
40,6,0,0,0,3,0,9,1
57,12,1,0,0,8,0,9,0
112,7,0,1,0,6,0,6,0
92,12,1,0,0,8,0,6,0
246,4,0,1,0,2,0,8,0
313,6,1,1,1,3,0,8,0
557,13,1,1,0,0,0,10,0
404,4,0,0,2,9,0,7,1
271,7,0,0,0,2,0,6,0
274,16,1,0,0,7,0,6,1
120,4,1,0,2,6,0,12,0
137,3,0,1,0,1,0,4,0
293,7,1,0,0,1,0,1,1
157,2,1,1,0,4,1,7,1
155,12,1,0,2,4,0,10,0
229,14,0,1,2,1,0,6,0
189,3,1,0,0,2,0,8,0
220,2,1,1,1,0,0,8,0
49,9,0,0,0,9,1,12,0
243,10,1,1,2,3,0,7,0
439,8,1,0,0,8,0,12,0
104,10,1,1,2,6,0,8,0
211,8,0,0,0,3,0,5,0
106,6,0,1,0,5,0,8,0
30,5,1,0,0,0,0,5,0
203,7,1,1,1,2,0,4,0
337,15,1,0,1,7,0,4,0
315,7,0,1,0,2,0,8,0
25,4,0,1,1,2,0,10,0
44,7,1,1,1,2,0,7,0
200,14,1,0,1,7,0,12,0
107,10,1,1,0,1,0,2,0
134,9,1,0,0,5,0,5,0
88,7,1,1,0,6,0,6,0
70,5,1,0,0,2,0,4,0
283,25,1,0,1,15,1,12,0
103,2,1,1,1,5,0,6,0
99,5,0,0,1,4,0,7,0
39,4,1,0,0,0,0,6,0
384,5,1,0,1,0,0,5,0
595,5,0,0,0,3,0,6,0
45,11,1,0,2,5,0,12,0
106,10,0,0,0,4,0,9,1
47,1,1,1,1,2,0,5,1
196,13,1,1,1,10,0,7,1
233,2,1,0,2,4,0,5,1
194,9,0,1,0,0,0,4,1
230,8,1,0,0,6,0,2,0
177,2,1,1,0,4,0,11,0
314,2,1,0,0,3,0,6,0
248,11,1,1,1,6,0,12,0
196,6,0,0,2,2,0,9,0
534,3,0,1,0,2,0,8,1
121,9,1,0,1,6,0,8,0
15,4,0,0,2,7,0,12,0
248,7,1,0,0,4,0,5,1
72,1,0,1,0,5,0,9,0
351,15,0,0,2,13,1,6,1
259,5,1,1,2,10,1,10,0
155,3,0,0,0,5,0,8,0
86,5,0,0,0,3,0,11,1
173,5,0,1,0,2,0,3,1
80,6,0,1,1,10,0,9,0
236,11,0,1,0,15,1,9,0
233,11,0,1,0,3,0,5,0
312,3,1,0,1,0,0,11,0
235,9,0,0,1,10,1,9,0
69,3,0,0,2,3,0,8,0
182,8,0,0,0,5,0,4,0
237,13,0,0,0,2,0,5,1
165,9,1,0,2,2,0,5,0
597,10,0,1,1,1,0,5,0
182,4,1,1,2,2,1,4,1
98,6,1,0,2,3,0,9,0
269,3,1,0,2,8,0,11,0
263,13,0,0,0,10,0,8,1
180,14,0,0,0,3,0,8,0
45,13,0,0,1,8,0,7,0
318,9,0,0,1,0,0,5,0
288,14,0,0,0,6,0,7,0
393,9,0,1,1,5,1,11,0
150,5,1,1,0,2,1,7,0
141,8,0,1,1,7,0,8,0
242,12,0,0,0,5,0,6,0
58,11,0,0,0,5,0,11,0
224,10,1,0,2,4,0,8,0
135,7,0,1,0,4,0,5,0
188,20,0,1,0,8,0,4,0
216,5,1,0,0,4,0,9,0
384,12,1,0,2,7,0,6,0
450,10,0,0,2,8,0,6,0
147,3,1,0,2,1,1,9,0
95,2,0,0,2,6,0,8,1
117,9,0,1,1,0,0,3,0
92,4,1,0,0,7,0,12,0
120,7,1,1,0,0,0,6,0
226,4,0,0,0,0,0,4,0
196,2,0,1,1,5,0,7,0
262,9,1,0,1,4,0,12,1
257,7,0,1,0,4,0,6,0
55,15,1,1,0,0,0,5,0
170,12,1,1,0,5,0,2,0
247,1,0,1,0,6,0,7,1
76,2,1,0,1,8,0,12,0
250,3,1,0,1,3,0,11,0
111,6,0,0,1,4,0,5,0
238,7,1,0,0,3,0,9,0
408,5,1,1,2,9,1,12,0
110,6,1,0,0,1,0,6,0
406,8,0,0,0,7,0,5,0
106,7,1,1,1,2,0,11,0
255,10,1,0,0,9,0,12,0
134,14,0,0,0,3,0,4,0
335,15,0,0,0,4,0,10,1
252,2,0,1,1,6,0,3,1
404,5,1,0,2,10,0,6,0
182,2,0,0,1,9,0,12,0
58,16,1,0,1,13,0,7,0
317,2,1,0,0,7,0,8,0
84,8,1,1,0,10,0,4,0
44,1,1,1,0,1,0,8,0
315,12,1,1,2,1,0,8,0
399,13,1,1,0,3,0,6,0
270,7,0,0,2,2,0,4,0
315,6,0,0,0,5,0,7,0
378,4,0,1,1,7,0,4,0
178,4,1,0,2,2,1,3,0
131,6,1,0,0,4,0,6,0
404,19,1,0,1,9,0,11,0
90,2,1,0,0,8,0,1,0
219,13,0,1,0,6,1,10,0
270,5,0,0,0,2,0,7,0
301,8,1,1,2,3,0,6,0
116,9,0,0,0,5,0,6,0
385,4,0,0,0,2,0,5,0
311,4,0,0,2,3,0,5,0
312,6,1,1,0,7,0,9,0
518,9,1,0,0,2,0,5,0
243,21,0,1,2,6,1,9,1
173,7,0,1,0,4,0,4,1
331,14,0,1,0,1,1,8,1
60,9,0,0,2,6,0,4,0
78,8,1,0,0,6,0,7,0
180,1,1,0,0,1,0,7,0
279,7,0,0,0,6,0,8,0
316,7,1,0,1,1,0,3,0
402,9,0,0,0,10,0,9,0
84,6,0,1,0,2,1,4,0
77,12,0,1,0,11,0,11,0
363,8,1,1,0,8,0,12,0
90,11,1,1,1,4,0,7,0
150,8,0,0,0,3,0,9,0
118,7,1,0,1,7,0,9,0
89,15,1,1,0,5,0,4,0
321,14,0,1,0,5,0,5,0
185,6,0,1,0,5,0,6,0
425,2,0,0,0,3,0,11,0
138,18,0,0,0,1,0,6,0
63,26,1,0,1,5,0,8,0
246,13,0,0,1,4,0,8,0
134,4,1,0,0,1,0,2,0
131,3,0,1,1,7,0,6,0
265,6,0,0,2,7,0,3,0
212,7,1,1,0,5,1,7,0
243,6,0,0,0,3,0,1,0
364,9,0,1,1,3,0,5,0
38,6,1,1,0,6,0,9,0
144,6,0,0,1,1,0,5,0
57,11,0,1,2,4,0,7,0
298,8,1,1,0,6,0,7,0
180,9,0,0,2,7,0,7,0
694,4,1,0,0,1,0,8,1
244,12,1,0,0,2,0,9,0
83,5,1,0,0,6,1,12,0
48,6,0,0,0,6,0,6,0
106,1,1,0,0,3,0,5,0
348,3,1,0,0,4,0,8,0
70,9,1,0,1,5,0,4,0
200,10,1,1,0,2,0,10,0
410,1,1,0,0,4,0,9,0
201,3,1,0,0,6,0,7,0
304,5,0,0,0,4,0,9,0
384,16,0,1,0,5,0,5,0
457,11,1,0,1,2,0,5,0
244,14,1,0,0,5,0,6,0
352,13,1,0,1,3,0,8,1
266,7,1,0,0,1,0,4,0
157,8,1,0,1,4,0,6,0
235,9,1,1,0,3,0,9,0
180,3,1,1,0,4,0,4,0
235,10,1,0,1,2,0,12,0
326,12,0,1,0,3,0,6,0
450,5,1,0,2,3,0,3,0
420,1,1,1,1,4,0,10,0
138,14,1,1,0,1,0,7,1
313,4,0,1,2,3,0,8,0
167,8,1,1,2,2,0,4,0
195,19,0,0,0,13,1,12,0
62,9,1,1,0,4,0,4,0
211,10,0,0,1,2,0,4,1
43,16,0,1,0,5,1,10,0
208,11,0,0,0,2,0,7,0
124,5,0,0,1,9,0,6,0
59,2,0,1,1,1,0,8,0
50,9,0,0,1,5,0,8,0
158,5,0,0,1,4,0,2,0
145,6,1,0,0,1,0,6,0
310,10,1,0,0,4,1,3,0
147,16,0,1,1,6,0,4,0
227,9,0,0,0,6,0,6,0
274,2,1,0,1,2,0,4,0
131,15,0,1,0,4,0,12,0
197,4,0,0,0,4,0,7,0
67,14,1,1,1,1,0,7,0
88,2,0,0,0,5,0,4,0
202,6,1,1,0,4,0,10,0
459,1,1,0,0,1,0,7,0
56,6,0,0,0,3,0,6,0
477,1,0,0,0,3,1,5,0
170,4,0,1,0,5,0,9,1
43,7,1,0,1,4,0,4,0
105,18,0,1,2,3,0,6,0
209,17,1,1,0,3,1,6,0
109,6,0,0,0,3,0,6,0
328,5,0,1,1,7,0,10,1
240,3,0,0,2,4,0,7,0
238,15,0,0,0,1,0,4,0
31,16,1,1,0,7,0,6,0
70,6,1,0,0,4,0,6,0
273,9,1,0,0,12,0,6,0
256,2,0,1,1,8,1,8,1
103,5,0,0,2,5,0,8,0
321,11,1,1,1,2,0,3,0
258,5,1,1,2,7,0,12,0
57,4,1,0,0,1,0,9,0
50,5,0,1,2,8,0,12,0
144,15,1,1,0,2,0,2,0
25,4,1,0,0,12,1,9,0
33,5,0,0,1,4,0,10,0
140,6,0,0,0,0,0,4,1
515,10,0,0,0,3,0,8,0
484,1,1,0,1,0,0,9,0
174,6,1,0,0,3,0,3,0
286,12,0,0,1,0,0,3,0
21,2,0,0,0,4,0,5,0
236,14,0,1,1,1,0,5,0
263,17,0,1,0,7,0,10,0
154,14,0,0,0,2,0,4,0
324,17,1,1,0,14,0,12,0
166,10,1,1,1,0,0,4,0
110,9,1,0,1,7,0,12,0
192,5,0,1,0,2,0,5,0
55,14,0,0,0,4,0,7,0
296,5,0,0,0,1,0,7,1
231,4,1,0,1,4,1,2,0
448,4,1,0,0,1,0,6,0
166,14,0,0,0,9,0,12,0
133,5,1,0,1,6,0,5,0
72,18,1,1,2,7,0,10,0
73,16,0,0,0,1,0,5,0
136,10,0,1,0,1,0,4,0
50,3,0,0,1,6,0,4,0
155,4,0,0,1,5,0,9,1
265,4,0,0,0,5,0,7,0
292,10,0,0,0,1,0,8,0
150,3,0,0,0,4,0,3,0
39,3,1,0,1,0,0,10,0
324,10,0,1,1,5,1,7,0
420,6,1,1,0,6,0,5,0
180,3,1,1,0,6,1,7,0
38,5,0,0,0,3,0,2,0
171,8,1,0,2,1,0,7,0
262,4,0,1,0,2,0,9,0
116,2,0,0,0,1,0,7,0
73,5,0,0,1,3,0,9,0
160,7,1,1,2,4,1,7,0
328,3,1,0,1,5,1,6,0
35,6,1,1,0,1,0,7,1
189,16,0,1,2,5,0,9,0
111,10,0,0,1,3,0,7,0
54,10,1,1,1,8,0,12,0
67,9,0,0,0,2,0,4,0
316,5,0,1,0,1,0,5,0
82,7,0,0,1,2,0,10,0
24,6,1,1,2,4,0,2,0
58,3,1,1,1,7,0,9,0
275,1,1,1,2,5,0,9,0
128,18,0,0,0,5,0,4,0
264,15,1,0,0,7,0,8,0
192,6,0,1,1,3,0,8,0
120,6,1,0,1,6,0,7,0
183,6,1,0,1,1,0,7,0
250,19,0,1,2,15,0,12,0
134,13,0,1,0,2,0,4,1
36,3,1,0,0,2,0,8,0
395,9,1,1,2,3,0,9,0
179,4,0,0,0,4,0,8,0
305,8,1,1,1,4,0,12,1
92,2,1,0,2,2,0,6,0
457,10,1,1,0,5,0,8,0
91,15,1,1,2,7,0,12,0
63,7,0,0,0,0,0,3,0
36,9,1,1,1,3,0,9,0
67,1,1,0,0,3,0,4,0
301,5,1,1,1,0,0,5,0
40,8,0,0,1,2,1,8,0
122,13,1,0,0,2,0,5,1
135,3,1,0,1,6,0,6,0
370,4,1,1,2,7,0,10,0
303,5,0,0,1,1,0,3,0
112,27,1,0,2,15,0,12,0
245,2,1,0,0,6,0,3,0
21,13,1,1,0,5,0,8,1
196,2,0,0,0,8,0,7,0
167,24,0,0,2,5,0,3,0
23,3,1,0,0,4,0,3,0
121,7,1,0,0,8,0,8,0
142,13,1,1,0,6,0,12,0
85,4,0,0,0,4,0,4,0
115,2,0,0,2,8,0,8,1
399,5,1,0,0,0,0,8,0
403,11,1,0,2,1,0,4,0
153,6,0,0,0,2,0,10,0
56,8,0,1,2,3,0,6,0
208,6,1,0,0,5,0,8,0
217,9,1,1,0,7,0,8,0
129,4,0,0,0,14,0,9,0
89,12,0,1,0,4,0,11,1
247,14,0,1,0,0,0,6,0
82,5,1,0,0,4,0,6,0
188,16,0,1,0,3,1,4,0
177,8,0,0,0,1,0,3,0
280,10,0,1,1,4,1,9,0
262,4,1,0,0,4,0,9,0
205,8,1,1,1,6,0,2,1
242,11,0,0,2,1,0,4,0
101,8,0,1,0,5,0,10,0
146,6,0,0,0,7,0,6,0
134,12,0,0,0,6,0,4,1
91,19,0,1,0,5,0,3,0
88,12,0,1,1,6,1,10,0
36,9,0,0,0,7,1,10,0
288,15,0,0,0,5,0,5,0
367,12,0,0,0,8,0,10,1
200,7,0,0,2,3,0,5,0
60,8,1,1,1,1,0,10,0
197,6,1,0,2,3,1,3,1
172,13,1,0,2,5,0,3,0
184,9,1,0,0,1,0,9,0
56,9,1,1,0,0,0,7,0
352,2,0,0,0,3,0,5,0
72,12,1,0,0,4,0,7,0
34,3,1,0,0,3,0,9,0
285,5,1,0,0,1,0,5,0
256,6,1,0,0,2,0,7,0
385,14,0,1,0,6,0,8,0
596,1,1,0,2,1,0,6,0
55,4,0,0,2,4,0,9,0
160,11,1,1,0,6,0,10,0
175,11,0,0,0,3,0,6,0
114,7,0,0,0,7,0,10,0
122,12,0,0,2,15,0,9,0
277,14,1,1,2,10,0,12,0
48,8,0,0,0,2,0,7,0
225,11,0,1,0,8,0,10,0
214,5,0,1,0,3,0,8,0
90,4,1,0,0,2,0,7,0
42,4,1,0,1,5,0,9,0
350,8,0,0,0,0,0,6,0
477,11,0,1,2,5,0,5,0
431,17,0,1,0,5,0,9,0
412,1,0,0,1,11,0,5,0
463,20,0,1,0,2,0,3,0
12,9,1,0,0,10,0,10,0
100,5,1,1,1,2,0,7,1
226,9,0,0,2,4,0,10,0
265,7,1,0,1,5,0,9,1
23,16,1,0,1,11,0,6,0
84,12,0,0,1,4,0,9,0
204,4,1,1,0,5,0,9,0
52,11,0,0,1,2,0,3,0
117,2,0,1,1,1,0,7,0
208,14,0,1,0,5,0,12,0
192,6,0,1,0,3,1,9,1
56,12,0,0,1,4,0,5,1
71,5,0,1,2,2,0,8,0
361,8,1,0,0,9,0,8,0
53,7,1,0,2,6,0,5,0
167,16,0,1,2,8,0,12,0
239,9,0,0,0,6,0,2,0
380,4,1,0,1,3,0,9,0
364,17,1,0,0,0,0,9,1
433,10,1,0,0,4,0,9,0
130,1,0,0,1,4,0,8,0
227,8,1,1,2,6,0,10,0
89,11,1,1,0,1,0,6,1
198,13,1,0,2,4,0,5,0
399,9,1,1,0,2,0,5,0
94,2,0,0,2,1,0,8,0
446,10,0,0,2,5,0,12,0
152,11,0,0,2,9,0,6,0
363,3,1,1,1,4,0,8,1
160,7,0,0,2,4,0,8,0
626,5,0,0,0,13,1,8,0
57,15,0,1,0,11,0,12,0
146,2,0,0,0,2,1,9,0
33,10,1,0,1,0,0,6,0
249,12,1,1,0,2,1,2,0
335,12,0,0,0,3,0,4,0
309,22,0,0,2,7,0,11,0
145,5,1,0,1,5,0,9,0
234,9,1,1,2,3,1,5,0
27,7,0,0,0,1,0,11,0
122,8,0,0,0,7,0,8,0
232,3,1,0,0,2,0,4,0
119,6,1,0,0,7,0,10,0
281,27,1,1,0,3,0,4,0
123,4,0,0,0,6,0,9,0
49,20,0,1,0,2,0,3,0
111,6,1,0,1,1,0,1,0
247,1,1,0,0,1,0,10,0
106,7,0,0,0,4,0,2,0
115,14,1,0,1,4,0,6,1
32,5,1,0,1,4,0,5,0
137,3,1,1,2,0,0,7,1
111,6,1,1,0,3,0,9,0
144,11,0,1,2,3,0,12,0
247,13,1,1,2,8,1,9,0
26,19,1,1,1,4,0,6,0
138,9,1,1,0,1,0,10,0
64,10,1,0,0,4,0,2,0
39,1,1,1,1,6,0,5,0
349,2,0,0,1,6,0,6,0
106,14,1,1,2,10,0,12,0
48,12,1,0,1,1,0,5,0
508,7,1,0,2,3,0,5,0
60,7,1,0,2,1,0,7,0
16,1,0,0,2,7,0,9,0
35,7,1,1,0,4,0,9,0
164,2,1,1,0,7,0,12,0
104,14,0,1,1,4,0,10,1
232,4,1,0,1,4,0,7,0
248,2,1,0,0,3,0,11,0
107,10,0,0,1,1,0,9,0
117,16,0,1,1,2,0,12,1
122,10,0,1,0,4,0,6,0
71,9,1,0,0,6,0,7,0
133,14,1,1,2,4,0,3,0
170,6,1,1,0,4,0,12,0
455,7,0,1,1,14,0,4,0
50,4,1,0,0,3,1,9,0
33,20,0,1,1,4,0,4,0
253,13,0,0,2,3,0,2,0
147,2,0,0,0,6,0,7,0
417,2,1,1,0,3,0,7,0
36,9,1,1,1,8,0,10,0
168,1,0,0,2,3,0,6,0
220,6,0,1,0,1,0,4,0
52,7,1,1,0,1,0,3,0
12,8,1,1,0,1,0,7,0
327,8,1,0,0,1,0,7,0
282,4,1,1,0,4,0,6,0
104,1,0,0,2,1,0,5,0
180,7,1,1,0,7,0,12,0
138,4,0,1,1,12,0,5,0
286,8,1,1,2,0,0,2,0
164,19,0,1,0,9,0,4,0
376,18,0,0,1,1,0,11,1
84,3,0,1,1,3,1,6,0
180,19,0,1,0,10,1,12,1
185,20,1,1,0,4,0,5,0
109,10,0,1,0,6,0,8,0
162,11,0,1,0,3,0,4,0
239,4,1,1,0,5,0,12,0
41,4,1,1,2,3,1,3,0
176,3,0,1,0,2,0,5,0
252,10,1,0,2,8,0,7,0
333,13,0,1,0,13,1,12,0
33,13,1,0,2,8,0,6,0
90,20,1,1,1,2,0,7,0
205,17,1,1,2,3,0,2,0
100,3,1,1,0,8,1,8,0
115,3,0,0,0,10,0,12,0
215,5,0,0,1,3,1,7,1
358,9,1,1,1,1,1,6,0
23,5,0,0,2,2,0,8,0
357,7,1,1,0,0,0,9,0
217,6,0,0,2,3,0,9,0
289,1,0,0,2,1,0,5,0
144,11,1,0,1,0,0,7,0
91,20,1,1,0,6,0,7,0
71,9,0,1,2,2,0,9,0
73,12,1,0,0,5,0,8,0
129,14,1,0,2,2,0,5,0
211,2,1,0,2,2,0,8,0
451,12,0,1,0,2,0,12,1
418,9,1,1,1,13,0,12,0
156,6,0,0,0,6,0,7,0
237,8,1,0,2,0,0,6,0
202,15,0,1,0,3,0,2,1
34,17,1,0,0,7,0,7,0
69,8,0,0,2,5,0,6,0
219,6,1,1,0,1,0,8,0
23,5,0,0,1,3,1,11,0
111,7,0,1,0,1,0,1,1
253,16,1,0,1,6,0,8,0
286,3,0,0,1,3,0,3,0
383,1,0,0,0,2,1,3,0
48,11,0,1,2,1,1,4,0
63,3,0,0,0,8,0,7,0
173,5,1,1,0,1,0,4,1
257,7,0,1,0,6,0,9,0
216,8,0,0,1,1,0,5,0
96,6,0,0,0,6,0,5,0
413,6,1,1,0,2,0,6,0
170,4,0,0,2,8,0,10,1
154,11,1,0,0,10,0,12,1
306,5,0,0,0,0,0,8,0
351,9,1,1,0,8,0,6,0
397,4,1,1,0,3,0,7,1
311,7,0,1,0,8,1,10,0
101,10,0,0,0,4,0,3,0
270,2,1,1,0,4,1,3,0
71,4,1,0,0,9,0,4,1
550,11,0,1,0,8,0,4,0
142,9,1,1,1,1,0,7,0
132,4,1,0,1,2,0,7,0
34,18,1,0,0,11,0,11,0
303,1,0,1,2,5,0,11,0
518,4,1,0,2,3,0,6,0
127,7,1,1,2,5,0,6,0
145,10,1,0,0,4,0,6,0
134,4,1,0,1,0,0,5,0
265,2,1,0,0,1,0,2,0
553,17,1,1,2,9,0,11,0
225,9,1,0,0,4,0,7,0
68,15,1,0,0,2,0,5,0
180,11,1,1,0,10,1,12,0
192,12,0,0,1,2,0,6,0
337,2,1,0,1,1,0,9,0
318,10,0,0,0,6,0,12,0
76,4,1,1,0,3,0,7,0
107,4,0,1,2,1,0,1,0
484,2,1,1,2,0,0,4,0
221,9,1,0,1,9,0,6,1
204,3,1,0,1,4,0,9,0
180,18,1,1,0,1,0,11,0
230,13,1,1,0,11,0,12,0
519,22,0,1,0,10,0,12,0
273,7,0,0,0,2,0,10,1
106,10,0,0,1,4,0,10,0
324,9,0,0,0,0,0,3,0
412,13,1,1,0,12,0,12,0
120,18,1,1,0,3,0,3,0
332,3,0,0,0,8,0,9,0
216,1,0,0,1,5,0,4,1
211,4,0,0,0,3,0,8,0
60,6,0,1,0,1,0,8,0
367,3,1,0,1,1,0,8,0
208,6,0,0,0,3,0,5,1
155,1,1,0,0,6,0,6,0
151,11,0,0,1,5,0,1,0
80,5,1,0,0,3,0,5,0
293,6,0,0,1,3,0,10,0
203,11,1,0,1,2,0,4,0
208,8,1,0,0,1,0,10,1
313,14,1,1,0,0,0,5,0
270,6,0,1,2,6,0,10,0
109,9,1,1,0,1,0,5,1
271,4,0,0,2,9,0,11,0
102,12,1,0,0,7,0,2,1
75,14,0,0,1,5,0,2,0
202,10,1,0,1,4,0,3,0
206,8,1,0,2,1,0,8,0
355,3,1,1,0,6,0,11,0
139,6,1,1,0,6,1,8,0
107,6,1,1,0,3,0,9,1
66,5,1,0,2,0,0,6,0
201,2,0,1,0,8,0,8,0
383,14,1,1,2,5,0,7,0
243,13,1,1,0,3,0,6,0
21,7,0,0,0,5,0,8,0
142,5,0,0,0,4,0,5,0
413,18,1,0,1,9,0,8,0
161,19,0,1,2,8,0,10,0
72,8,0,1,0,4,0,9,0
154,10,1,1,2,5,0,12,0
370,16,0,1,0,10,0,9,0
437,13,0,0,1,10,0,5,0
113,8,0,0,1,3,0,5,1
158,9,0,0,0,10,0,3,0
46,6,1,1,0,9,1,8,0
57,12,1,1,0,2,1,7,0
17,4,1,1,0,3,0,9,0
38,3,0,0,2,4,0,10,0
171,7,1,1,2,1,0,9,0
183,7,0,1,1,6,0,8,0
105,7,0,0,1,5,0,7,0
498,4,0,0,0,5,0,7,0
221,6,1,0,0,1,0,9,1
34,11,1,1,2,2,0,4,0
82,7,0,0,1,7,0,9,0
125,5,0,1,1,3,0,6,0
50,8,1,0,1,2,0,1,0
49,5,1,1,0,3,0,7,1
93,15,0,1,0,14,0,12,0
37,1,0,0,1,1,0,6,0
164,17,1,1,0,8,1,9,0
385,10,0,1,2,1,0,4,0
227,6,0,0,0,1,1,7,0
10,6,1,1,0,5,0,11,0
524,10,1,0,0,2,1,5,0
78,10,0,0,1,11,0,12,0
58,9,1,1,1,3,0,5,1
199,1,1,1,0,7,0,11,0
238,3,1,0,0,1,0,8,0
96,16,1,1,0,4,0,5,0
110,6,0,0,0,3,0,7,0
376,10,0,1,0,6,0,8,1
60,14,1,1,0,7,0,10,0
157,3,0,1,0,1,0,6,0
253,5,0,0,0,5,0,9,0
519,11,0,1,0,1,0,7,0
238,5,0,0,0,8,0,8,0
22,7,1,0,0,6,0,12,0
249,5,1,0,0,3,0,6,0
210,7,1,1,2,4,1,12,0
276,18,0,1,0,7,0,5,0
188,13,1,0,1,7,0,11,0
93,5,0,1,0,5,0,11,0
218,10,1,1,2,7,0,10,0
324,7,0,0,2,4,0,8,0
142,11,0,0,0,3,0,4,0
127,12,1,1,2,5,0,6,0
108,10,1,1,0,7,0,10,0
371,9,1,1,0,1,0,6,0
146,2,0,1,0,3,1,8,0
117,10,0,0,0,4,0,8,0
368,1,0,1,0,2,0,7,0
89,8,1,0,0,3,0,6,0
333,3,1,0,0,1,0,4,0
200,6,0,0,1,2,0,8,0
492,8,0,1,0,12,0,12,0
275,4,1,0,0,6,0,7,0
109,7,1,1,0,2,0,3,0
42,15,0,1,0,3,0,5,0
160,15,0,1,0,2,0,6,0
514,20,1,1,0,6,0,9,1
240,6,0,1,0,1,0,12,0
228,7,0,1,0,5,0,3,0
52,4,1,0,2,2,0,8,0
247,9,0,0,0,6,0,8,0
98,7,0,1,0,2,0,5,0
25,10,1,1,0,0,1,3,0
31,7,1,1,2,8,0,8,0
209,10,1,1,1,5,0,12,0
268,4,0,0,0,5,0,11,1
200,16,0,0,0,5,0,8,0
103,4,1,1,0,5,0,5,0
47,11,0,0,0,3,0,2,0
21,7,0,0,1,8,0,6,0
281,3,1,0,1,2,0,5,0
82,12,0,0,0,7,0,12,1
138,10,1,1,0,6,0,10,0
263,6,0,1,1,6,0,3,0
160,2,1,0,1,3,0,8,0
229,23,1,1,2,8,0,9,0
136,12,1,0,0,5,0,9,0
63,17,1,0,1,4,0,10,0
143,4,1,0,0,1,0,8,0
77,13,1,0,0,5,0,11,1
82,7,1,0,1,4,0,6,0
133,11,1,0,2,3,0,6,0
217,8,0,0,0,3,0,9,0
206,3,0,1,1,8,1,6,0
12,6,0,1,1,9,0,5,0
183,8,1,0,0,2,0,11,0
46,9,0,0,2,3,0,7,0
130,17,1,1,0,13,0,12,0
518,6,0,0,1,6,0,5,0
350,3,0,0,0,11,0,12,0
152,11,0,1,0,1,0,2,1
400,5,0,0,2,1,0,4,0
111,4,0,1,0,1,0,6,0
98,16,1,0,0,8,0,3,0
346,10,0,0,2,2,0,8,0
95,17,1,1,2,4,0,9,0
250,11,1,0,0,5,0,6,0
199,3,1,0,0,1,0,5,0
311,11,1,0,1,9,0,12,0
35,11,1,0,0,4,0,2,0
230,4,1,1,0,1,0,3,1
326,10,0,0,0,7,0,8,0
145,17,1,0,1,10,0,7,1
414,11,1,1,0,2,0,7,0
522,8,1,1,1,12,0,9,0
205,20,1,0,1,6,0,8,0
36,10,1,1,0,13,0,12,0
199,6,0,1,0,7,0,7,0
115,5,1,1,0,6,0,11,0
348,10,1,1,0,8,0,9,0
185,9,0,0,0,4,1,12,0
52,7,1,0,1,1,0,3,0
26,7,1,0,0,1,0,10,0
146,11,1,1,1,10,0,12,0
255,4,1,1,1,2,0,9,0
465,4,0,0,0,7,0,12,0
129,7,0,1,0,9,1,12,0
184,8,1,0,2,3,0,10,0
299,14,0,0,1,0,0,8,0
37,15,0,0,2,11,0,7,0
243,3,1,1,0,9,0,6,0
250,14,1,0,2,6,0,6,0
322,4,1,1,0,4,0,10,0
187,7,0,1,0,3,0,7,0
168,9,0,0,0,3,0,1,0
79,7,0,0,0,5,0,5,1
286,8,0,1,1,1,0,5,0
149,8,0,0,0,1,0,6,0
270,3,1,0,2,9,0,10,0
138,2,0,0,1,1,0,5,1
295,20,0,0,2,10,0,12,0
209,7,0,1,0,4,0,11,0
188,7,0,0,1,5,0,2,1
90,8,1,1,0,3,0,9,0
219,6,1,1,0,8,0,11,1
258,13,0,1,1,0,0,6,0
187,5,1,1,0,3,0,3,1
416,4,1,0,0,4,0,10,0
219,9,1,0,1,3,0,10,0
102,12,0,0,0,9,0,11,0
152,8,1,0,0,1,0,10,0
70,3,1,0,0,10,0,12,0
97,4,1,0,0,1,0,10,0
222,8,0,1,1,8,0,8,0
197,3,0,0,0,2,0,4,0
192,1,1,0,1,7,0,9,0
339,4,0,0,1,6,0,8,0
109,10,1,1,1,1,1,3,0
209,4,1,0,2,1,0,4,0
150,14,1,0,0,5,0,12,1
96,6,1,0,0,7,1,7,0
134,8,1,0,0,2,0,4,0
42,6,1,0,0,12,0,10,0
242,1,0,0,0,1,0,9,0
195,5,1,1,2,3,0,2,0
127,3,0,0,2,3,1,7,0
142,11,1,1,0,5,0,8,1
135,9,1,1,0,4,0,5,0
238,9,1,0,0,5,0,5,0
170,4,0,0,2,4,0,3,0
223,11,1,0,2,7,0,8,0
46,11,0,0,0,3,0,12,1
204,6,0,0,1,3,0,4,0
454,9,1,0,0,1,0,1,0
377,2,1,0,0,5,0,7,0
231,9,0,1,0,0,0,9,0
506,14,1,1,1,6,0,6,0
53,17,0,0,0,1,0,7,0
265,2,0,0,0,4,0,12,0
241,2,1,0,0,3,0,4,0
240,10,0,0,0,2,0,5,1
158,9,1,0,1,1,0,7,0
179,2,0,0,0,5,0,8,0
92,23,1,1,2,5,0,5,0
132,11,0,1,0,5,0,2,0
23,9,1,0,0,8,0,7,0
359,15,0,1,0,10,0,12,0
130,11,0,1,0,9,0,9,0
267,13,1,0,0,3,0,8,0
140,8,0,1,0,6,0,10,0
116,2,0,1,2,2,0,5,0
88,7,1,1,1,2,0,9,1
224,5,0,0,2,4,0,9,0
228,9,0,0,0,0,0,4,0
335,21,0,0,0,13,0,5,0
48,5,0,1,0,4,0,11,1
161,2,1,0,1,4,0,7,0
323,15,0,1,2,2,1,3,0
301,5,1,0,2,4,0,8,0
29,11,1,1,0,4,0,1,0
38,10,0,1,0,6,1,11,0
412,11,1,1,0,1,0,5,0
232,20,0,1,0,1,0,3,0
227,12,0,0,0,4,0,9,0
221,6,0,0,0,7,0,9,0
170,17,1,0,0,1,0,5,0
39,8,0,1,0,5,0,4,0
141,14,0,1,0,4,0,4,0
102,3,0,1,1,6,0,8,0
392,6,0,1,0,6,0,3,1
189,9,1,1,0,5,1,8,0
93,6,1,0,1,5,0,4,0
216,11,1,1,1,10,0,12,0
100,6,0,1,0,8,1,9,0
148,7,0,0,2,2,0,9,0
131,9,1,0,0,1,0,4,0
134,11,0,0,0,8,0,9,0
427,12,1,1,0,13,0,12,0
93,9,0,0,0,2,0,5,0
85,5,0,1,1,1,0,9,0
169,9,1,1,0,3,1,4,0
409,2,1,0,0,0,0,7,0
81,6,1,0,2,6,0,6,1
279,8,1,0,0,7,0,6,0
45,1,1,1,1,7,0,2,1
161,10,0,0,0,3,0,6,0
58,8,1,0,0,11,0,12,0
94,5,1,1,0,3,0,6,0
51,1,0,0,1,4,0,8,0
23,10,1,0,1,2,0,9,0
92,6,0,0,0,4,0,7,0
82,9,0,0,0,7,0,10,0
292,1,1,0,2,3,0,8,0
38,2,1,0,2,3,0,8,0
53,6,1,0,0,2,1,11,0
178,17,1,1,0,15,0,12,0
103,7,1,1,2,2,0,6,0
85,1,0,0,0,6,0,5,0
44,19,1,1,1,10,0,12,0
259,3,0,0,0,4,0,9,0
118,11,0,0,1,7,0,8,0
28,13,0,1,0,5,0,7,0
68,7,0,0,1,8,0,6,0
89,5,1,1,1,9,0,12,0
257,16,1,0,2,7,0,9,0
247,3,0,0,1,2,0,4,0
74,8,1,0,2,3,0,8,0
322,13,0,0,2,3,0,1,1
573,17,0,1,0,6,0,7,0
227,8,0,0,0,5,1,5,0
206,4,0,0,1,4,0,5,0
128,1,0,0,2,1,0,9,0
52,16,1,1,0,5,0,4,0
245,10,0,1,1,2,0,5,0
321,19,0,1,0,1,0,2,0
133,12,0,0,0,7,0,6,0
136,12,1,0,1,6,0,12,1
71,4,0,0,1,0,0,6,0
195,1,1,0,1,5,0,10,0
182,7,0,0,2,1,0,5,0
37,2,0,1,0,7,0,10,0
41,20,0,0,0,4,0,8,0
179,6,0,0,2,5,0,6,0
396,10,0,0,0,3,0,9,0
67,3,0,1,0,4,0,4,1
273,2,1,1,1,3,0,4,0
20,7,0,1,2,10,1,7,0
175,1,0,1,1,5,1,7,0
56,5,1,0,1,7,0,10,0
109,4,0,0,0,0,0,9,0
52,5,0,1,0,4,0,6,0
408,10,0,1,2,2,0,4,0
223,3,0,0,1,6,0,12,0
234,4,0,1,0,6,0,10,1
74,5,1,0,0,8,0,10,0
306,2,0,0,1,5,0,10,0
46,12,1,0,0,5,0,4,0
308,16,1,1,1,9,0,5,1
244,8,0,0,0,6,0,10,0
158,16,0,0,0,12,0,7,0
184,9,1,0,1,9,0,5,0
166,5,1,0,0,5,0,9,0
545,13,1,1,0,4,1,5,0
146,2,0,0,2,3,0,6,0
72,13,0,0,1,4,0,5,0
265,2,1,1,0,5,0,8,1
59,8,0,0,0,5,0,3,0
93,7,1,0,0,2,0,7,0
247,4,0,1,1,4,0,6,0
88,5,1,0,0,4,1,9,0
302,10,1,0,0,6,0,5,0
70,14,1,0,0,8,0,8,0
222,9,0,0,0,6,0,8,0
248,5,1,1,0,5,0,10,0
181,8,1,1,0,10,0,11,0
167,8,1,1,2,8,0,11,0
213,6,0,0,2,0,0,6,0
171,13,0,0,0,5,0,6,0
260,6,0,1,1,4,0,7,0
306,4,0,1,1,4,0,8,1
334,14,0,1,0,2,0,9,0
256,10,0,1,0,15,1,6,0
191,7,0,1,0,6,0,7,0
102,2,0,1,1,5,0,12,0
404,11,0,0,1,11,1,12,0
19,7,1,0,2,5,1,4,0
133,2,0,0,1,7,0,12,1
331,7,1,0,2,2,0,8,0
258,8,0,0,2,6,0,7,0
261,16,0,0,2,4,0,9,1
106,1,1,0,0,1,0,6,0
458,4,0,0,0,11,0,7,0
130,9,0,0,1,2,0,7,0
221,20,0,0,1,6,0,5,0
24,1,0,1,0,5,0,8,0
201,2,1,0,2,7,0,10,0
10,1,1,0,2,0,0,7,0
23,9,1,1,1,2,0,7,0
126,3,0,0,0,5,0,11,0
187,1,0,0,2,7,0,5,1
80,2,0,0,0,6,0,7,0
174,10,1,0,0,9,0,6,1
56,13,1,0,2,5,0,9,0
159,4,0,1,1,3,0,12,0
117,8,0,0,0,3,1,6,0
258,4,0,1,2,4,0,7,0
259,13,0,1,0,2,0,8,0
359,10,1,0,1,8,1,11,0
398,14,1,1,1,3,0,4,0
216,3,1,1,0,5,0,9,0
219,13,0,0,0,4,0,8,0
202,11,0,0,2,5,0,6,0
103,6,0,1,0,2,0,12,0
74,22,0,1,0,6,0,4,0
199,3,0,0,0,3,0,10,0
37,18,1,1,0,7,0,5,0
195,2,0,0,2,2,0,7,0
151,2,0,0,0,7,0,7,0
97,8,0,0,1,8,0,12,0
222,11,0,0,0,4,0,4,0
59,6,0,1,2,2,0,8,1
51,8,0,1,1,1,0,3,0
87,15,1,0,0,1,0,7,0
194,7,0,1,2,5,0,8,0
228,13,0,1,0,8,0,9,0
307,6,1,1,1,5,0,7,0
97,5,0,1,2,2,0,4,1
521,8,1,1,1,8,0,5,0
454,14,0,0,1,7,0,3,0
273,21,1,0,0,7,0,4,0
240,10,0,1,0,9,0,10,0
121,8,0,1,0,4,0,5,0
306,8,1,0,2,2,0,2,0
260,10,0,1,2,3,0,6,1
359,18,0,1,0,6,0,9,0
129,15,0,0,0,15,0,7,0
227,6,0,1,0,2,0,3,0
49,16,1,0,0,12,0,12,1
19,16,1,0,0,8,0,10,0
271,12,0,0,1,9,0,4,0
42,14,1,1,2,7,0,9,0
497,18,0,0,1,9,1,7,0
372,2,0,1,1,4,0,9,1
97,6,1,0,1,0,0,9,0
166,3,0,0,1,1,0,9,0
82,7,0,0,0,6,0,8,0
111,9,1,1,0,8,0,8,0
108,10,0,0,0,3,0,4,0
297,12,0,1,1,4,0,5,0
202,14,1,1,2,3,0,7,1
46,10,0,0,1,10,0,6,0
191,4,1,0,2,5,1,9,0
82,8,0,1,0,3,0,7,0
384,7,1,1,1,2,0,9,0
84,6,0,0,2,4,0,4,0
38,6,0,0,1,4,0,10,0
298,3,0,0,2,5,0,11,1
33,11,0,1,1,5,0,4,0
57,10,1,0,0,6,0,4,0
235,10,1,1,0,2,1,4,0
158,2,1,0,1,2,0,8,0
412,5,1,0,2,1,0,6,0
117,3,1,1,0,3,0,7,0
148,11,0,1,1,5,0,2,0
174,10,1,0,1,2,0,6,0
54,21,1,1,0,9,0,6,0
201,8,0,0,0,6,0,11,0
102,10,0,0,0,2,1,3,0
20,12,1,0,0,2,0,12,0
79,12,1,1,0,6,0,9,0
94,13,1,1,0,10,0,6,0
235,5,1,1,0,8,0,9,0
59,8,0,0,1,1,0,1,0
231,7,0,0,1,1,0,8,0
139,13,1,0,1,4,0,8,0
112,8,0,1,0,4,0,3,0
245,6,0,1,2,3,0,9,0
237,9,1,1,2,7,0,9,0
55,5,0,1,2,4,0,7,0
127,11,1,0,0,1,0,11,1
335,11,0,0,2,11,0,7,0
144,16,0,0,1,4,1,4,0
160,12,0,0,0,3,0,8,0
362,2,0,1,0,3,0,6,0
395,2,0,1,1,1,0,6,0
244,9,0,0,0,1,0,6,0
45,4,1,0,0,5,0,11,0
93,8,0,0,0,1,0,7,0
182,16,1,0,1,3,0,2,0
173,19,1,0,2,6,0,12,1
303,13,1,0,1,6,0,4,0
65,9,0,1,1,5,0,7,0
88,1,1,1,0,3,0,9,0
277,14,0,0,1,6,0,6,0
277,12,0,0,0,2,0,3,0
70,5,0,0,2,5,0,11,0
239,9,1,1,0,4,0,12,1
89,7,1,1,0,4,1,8,0
437,9,1,1,0,8,0,9,0
128,9,1,0,2,5,0,7,1
57,11,0,0,2,5,0,4,0
89,16,1,1,0,10,0,12,0
88,2,0,1,0,1,0,10,0
234,20,1,1,1,9,0,12,0
82,21,1,0,2,12,0,3,0
35,1,1,1,0,4,1,5,0
135,12,0,0,0,7,0,5,0
98,7,1,1,0,11,0,12,0
376,13,0,1,1,3,0,1,0
212,12,1,0,0,5,0,7,0
246,13,1,0,0,8,0,11,0
249,8,1,0,0,5,1,7,0
491,12,1,0,1,0,0,3,0
211,6,1,0,2,7,1,8,1
50,17,0,0,2,6,0,6,0
24,5,1,0,1,2,0,10,0
68,17,1,0,2,11,0,8,0
135,1,1,1,0,3,0,7,1
320,14,1,1,1,12,0,12,0
242,12,0,1,0,4,1,2,0
276,7,0,0,1,3,1,9,0
193,12,1,1,2,12,0,12,0
324,8,1,1,2,2,0,6,0
265,5,1,1,0,0,0,3,1
190,4,0,1,1,3,1,9,0
211,12,1,1,2,0,0,10,0
456,1,0,1,0,2,0,2,0
78,9,0,1,1,6,0,12,0
189,4,1,0,0,1,0,7,0
254,4,0,0,2,4,0,5,0
108,4,1,0,0,2,0,6,0
160,20,0,1,0,4,0,8,0
109,9,1,0,1,11,0,11,0
232,6,0,1,0,3,0,7,0
385,4,0,0,0,12,0,11,0
47,4,1,1,1,0,0,7,1
378,8,1,1,2,3,0,6,1
282,3,0,0,0,4,0,8,0
132,9,0,0,2,4,0,4,0
192,5,0,0,2,2,0,5,0
233,10,1,0,1,7,0,8,0
362,7,1,1,1,11,0,12,0
370,1,1,0,0,6,0,8,0
261,11,0,0,0,2,0,6,1
355,5,0,1,0,7,0,8,0
108,17,0,1,0,3,0,8,0
474,1,0,0,0,9,0,5,1
112,13,0,0,0,5,0,1,0
357,4,0,1,1,5,0,7,0
153,6,1,1,1,5,1,6,0
323,14,1,0,2,4,1,6,0
171,13,0,0,0,6,0,10,0
128,12,0,1,0,6,0,11,0
152,13,0,1,0,7,0,5,0
488,2,0,1,0,5,0,7,0
292,5,1,1,1,8,0,12,0
431,4,1,1,0,1,0,3,0
143,4,0,0,0,6,0,8,0
316,9,0,0,0,5,0,5,0
91,5,0,0,0,6,0,10,0
128,12,1,0,0,11,1,8,0
226,13,1,1,0,7,0,9,0
214,8,1,1,0,2,0,4,0
375,6,0,1,0,1,0,3,0
201,6,1,1,0,7,0,12,0
160,6,1,1,1,3,0,5,0
228,6,0,0,0,6,0,6,1
160,18,0,0,0,0,0,7,0
206,5,0,1,0,6,0,8,0
158,2,1,0,0,1,0,3,0
17,3,0,0,0,0,0,6,0
352,15,1,0,0,4,0,7,0
259,19,1,0,0,6,0,4,0
131,10,0,0,0,3,1,1,0
234,10,0,0,2,2,0,5,1
138,6,0,0,2,2,0,8,0
164,11,0,0,0,5,1,8,0
315,8,0,0,0,2,0,8,0
227,6,0,0,1,2,1,4,0
122,9,0,1,2,3,0,11,0
276,6,1,0,2,7,0,8,0
157,7,0,1,0,6,0,11,0
80,15,1,0,0,7,0,5,1
90,14,1,1,1,10,0,8,1
100,9,0,0,2,3,0,4,0
354,5,0,0,0,10,0,9,0
194,9,1,0,1,6,1,10,0
106,12,0,1,0,11,0,12,0
10,2,0,0,0,2,0,2,0
84,3,0,1,0,0,0,3,0
367,15,1,1,0,3,0,4,0
184,7,1,0,1,5,0,6,0
269,7,0,0,1,3,0,6,0
144,10,1,1,2,1,0,9,1
18,13,0,1,0,5,0,7,0
197,10,0,1,0,9,0,9,1
239,3,1,0,0,2,0,3,1
45,6,1,1,0,9,0,9,0
166,4,0,0,1,5,0,8,0
217,13,0,0,0,7,0,3,0
293,9,1,1,0,8,0,12,0
34,8,0,0,0,5,0,9,0
190,6,0,0,0,4,0,6,0
356,8,0,0,1,1,0,9,0
212,11,0,0,0,7,0,7,0
249,15,0,0,2,9,1,12,0
177,4,1,0,1,4,0,9,1
289,12,0,0,0,4,0,3,0
137,8,0,1,0,1,0,5,0
20,8,0,1,1,1,0,8,1
149,3,1,0,0,3,0,11,0
318,15,0,0,1,3,0,5,0
303,1,1,0,0,5,0,8,0
81,6,0,0,0,5,0,10,0
266,9,1,1,2,5,0,4,0
312,4,0,0,1,7,0,12,0
155,3,0,0,0,3,0,1,0
34,16,0,1,0,1,0,1,0
341,2,1,1,0,2,0,4,1
534,7,0,0,1,3,0,8,0
45,1,0,0,0,5,0,6,0
392,4,1,0,0,5,0,8,0
13,14,1,0,2,5,0,9,0
272,3,1,0,0,3,0,6,0
156,6,0,0,0,5,0,5,0
59,15,0,0,1,7,0,5,0
107,6,0,1,0,5,0,6,0
262,4,1,1,0,4,0,9,1
255,2,0,0,0,2,0,5,0
193,7,0,1,2,6,0,8,1
113,8,1,0,0,4,0,6,0
119,2,1,0,0,3,0,7,0
124,10,1,1,1,1,0,5,1
68,7,1,1,0,2,0,10,0
80,7,0,0,1,12,0,10,0
528,4,0,0,0,4,0,3,0
118,8,0,0,1,0,0,8,0
179,9,0,1,1,3,0,6,0
583,7,0,1,2,4,0,7,0
97,19,0,1,0,4,0,9,0
254,3,0,1,2,0,0,4,0
259,6,1,0,0,3,0,11,0
277,11,1,1,1,9,0,12,0
76,12,1,0,0,7,0,12,0
135,9,1,0,0,3,0,7,1
409,8,0,0,0,4,0,7,0
155,5,0,0,0,0,0,7,0
264,2,0,0,0,3,0,7,0
143,12,0,0,1,3,1,10,0
219,1,0,0,0,8,0,5,0
97,3,1,0,1,3,0,8,0
249,7,0,0,0,7,0,9,0
214,7,1,1,0,3,0,5,0
349,1,1,0,0,1,0,6,0
483,16,0,0,0,8,0,4,0
61,5,1,0,0,9,0,10,0
174,7,0,0,2,3,0,8,0
210,10,0,1,0,1,0,5,0
297,8,0,0,1,0,0,5,1
266,20,0,1,0,4,0,7,0
20,21,1,1,2,10,0,9,0
34,6,0,0,0,0,0,3,0
278,3,1,0,2,2,0,8,0
325,2,0,0,0,1,0,12,1
137,12,0,0,0,5,1,5,0
328,2,1,1,0,6,0,8,0
178,3,1,0,0,2,0,11,0
185,6,1,0,0,2,0,9,0
116,4,0,0,0,2,0,7,1
238,4,1,0,1,1,0,2,0
27,6,1,1,0,7,0,8,1
193,8,0,1,0,3,0,9,0
244,9,1,1,0,2,0,7,0
407,6,0,0,1,0,1,9,0
90,2,1,1,0,0,0,1,0
273,4,0,1,1,4,0,4,0
331,16,1,0,0,6,0,11,1
16,7,1,1,0,7,0,4,0
187,5,0,1,0,2,0,6,0
138,5,0,0,2,2,0,10,0
184,19,0,0,0,4,0,8,1
88,9,1,0,0,6,1,7,1
161,4,0,1,1,3,1,4,0
103,7,1,1,0,6,1,2,0
171,20,0,1,1,13,0,12,0
73,16,0,1,2,2,0,7,0
167,16,0,0,2,4,1,7,0
94,3,1,0,0,7,0,12,0
275,8,1,1,0,3,0,10,0
93,11,1,1,2,0,0,3,0
257,3,0,0,0,6,1,10,0
247,18,1,1,0,5,0,7,1
26,25,0,1,0,8,0,5,0
447,6,1,1,0,5,0,5,0
307,7,1,0,2,2,0,11,0
217,1,1,0,1,10,0,8,0
342,1,1,0,0,4,0,8,0
158,17,0,0,2,4,0,3,0
429,3,1,0,0,2,0,4,0
64,9,1,1,2,7,0,10,0
178,5,0,0,0,5,0,5,0
210,21,1,0,0,8,0,8,0
47,11,0,0,0,2,0,2,0
173,11,0,0,0,4,0,7,1
237,18,0,0,0,6,0,4,0
131,14,0,1,0,1,0,6,0
10,16,0,1,2,5,1,5,1
299,5,1,1,2,4,0,5,0
58,12,1,1,1,7,0,11,0
191,2,0,0,2,10,1,7,0
260,8,1,0,2,1,0,6,0
413,9,0,0,1,6,0,4,0
195,6,1,0,0,3,0,8,0
118,2,1,0,2,4,0,9,0
55,9,0,0,1,9,0,12,1
58,6,0,0,0,1,0,8,0
243,6,1,0,0,0,0,4,0
14,18,0,1,0,8,0,5,0
10,12,0,1,2,2,0,10,0
177,5,1,0,1,0,0,3,0
356,9,0,0,2,5,0,8,1
302,5,0,0,1,10,0,7,0
51,10,0,0,0,1,0,9,0
176,5,0,1,1,3,0,5,0
50,13,0,1,0,9,0,9,0
440,7,0,0,0,1,0,7,0
160,6,1,1,2,7,1,9,1
451,5,0,1,1,5,0,8,0
250,11,1,1,2,3,0,6,0
232,8,1,0,0,4,0,10,0
105,5,1,0,1,1,0,9,0
266,12,0,1,0,2,0,6,0
326,3,0,1,0,3,0,7,0
225,9,1,1,0,12,1,4,0
373,6,1,0,1,1,0,10,0
11,7,0,1,0,4,0,3,1
221,16,1,1,0,11,1,11,0
120,6,0,0,1,2,0,8,0
266,2,1,1,1,7,0,8,0
135,13,1,0,0,1,0,4,0
203,10,0,1,0,7,0,9,0
275,4,1,1,2,7,0,9,0
328,7,1,1,2,8,1,12,0
433,3,1,1,0,4,0,4,0
41,5,1,1,0,5,0,11,1
192,9,0,0,1,4,0,6,1
134,13,1,0,0,2,1,8,1
439,3,1,1,0,2,0,6,1
195,20,1,0,0,8,0,7,0
362,1,1,0,0,2,0,11,0
350,2,0,1,1,1,0,11,0
114,8,1,0,0,1,0,4,0
125,4,1,0,0,4,0,7,0
347,9,0,0,2,7,0,4,0
107,8,0,0,2,4,0,7,1
74,2,1,0,2,1,0,4,1
346,10,1,0,0,4,0,7,0
204,4,0,0,0,1,0,9,1
263,6,0,0,0,1,0,4,0
88,6,1,1,0,5,0,7,0
396,6,1,1,0,6,0,6,0
328,10,1,0,2,5,0,7,1
148,9,0,0,2,6,0,6,0
264,7,1,1,2,1,1,1,0
186,4,1,1,1,2,0,1,1
128,4,0,1,1,1,0,1,0
42,18,0,1,1,0,0,4,0
20,2,1,1,2,8,0,12,0
46,4,1,0,1,1,1,8,0
423,13,0,0,0,2,0,6,0
433,4,0,0,0,3,0,4,0
126,12,0,0,1,9,0,6,0
77,6,0,0,0,1,0,9,0
36,5,1,1,2,4,0,3,0
124,6,1,0,1,5,1,9,0
28,3,1,0,1,1,0,4,0
138,10,0,0,0,8,0,5,0
39,5,1,1,0,4,0,6,0
185,13,0,0,0,4,0,6,0
97,10,1,1,1,2,1,7,1
182,9,1,0,0,3,1,8,0
144,7,1,0,2,15,0,9,1
130,4,1,0,1,3,0,5,0
90,10,1,0,1,3,0,7,0
151,11,1,0,2,2,0,9,0
332,12,0,0,2,6,0,6,0
49,12,0,1,0,4,0,12,1
115,12,0,1,2,1,0,3,0
29,8,0,1,0,2,0,5,1
255,11,0,0,0,8,0,5,0
66,5,1,1,0,7,0,8,1
377,3,0,0,1,8,0,8,0
525,13,1,1,0,6,0,6,0
156,9,1,0,1,5,0,10,0
156,8,0,0,1,0,0,4,0
110,7,0,0,1,0,0,10,0
98,10,1,0,0,2,0,9,0
313,3,0,0,2,5,0,9,0
115,5,1,0,1,7,0,9,0
56,22,0,1,0,12,1,9,0
121,13,0,1,2,2,0,7,0
213,10,0,1,0,15,0,12,0
369,6,0,1,0,3,1,1,0
189,5,0,0,1,3,0,1,0
138,5,0,1,0,0,0,10,0
243,5,1,0,0,2,1,7,0
148,1,1,0,2,7,0,6,0
177,8,1,0,0,4,0,11,0
554,10,1,0,0,8,1,6,0
21,5,1,1,1,0,0,7,0
179,3,1,0,1,3,0,5,0
259,12,1,1,1,2,0,7,1
77,18,0,0,2,12,0,11,0
282,11,1,0,0,11,0,10,1
205,3,1,0,1,2,1,6,1
206,4,1,1,1,3,0,5,1
170,14,0,1,0,2,0,11,0
311,8,1,1,2,5,0,7,0
214,9,0,0,2,4,0,9,0
146,1,1,1,0,1,0,9,0
247,8,1,1,1,8,0,8,0
163,3,1,1,1,6,0,12,0
75,17,0,1,0,13,0,12,1
90,6,1,1,2,7,0,9,0
87,5,1,1,1,5,0,9,0
303,7,0,0,1,4,0,4,0
34,6,0,1,0,1,0,4,0
28,3,0,0,0,3,0,4,0
261,10,1,0,0,8,0,5,0
227,8,0,1,1,10,0,5,0
299,6,1,1,1,3,0,8,0
292,6,1,0,0,3,1,8,0
70,10,1,0,0,9,0,9,0
181,7,1,1,0,1,0,12,1
193,8,1,0,1,7,0,12,0
124,5,1,0,1,0,0,2,0
155,27,1,0,0,15,0,12,0
225,8,0,0,0,5,0,2,0
452,9,0,0,0,0,0,7,0
77,20,0,1,0,13,0,12,0
125,2,1,0,1,14,0,7,0
38,15,1,1,0,6,0,6,0
132,7,0,1,0,1,0,8,1
320,8,1,0,1,4,0,9,0
104,9,0,1,2,5,0,11,0
523,17,0,0,2,1,0,8,0
291,18,0,1,2,1,0,3,0
92,3,0,0,1,2,0,8,0
40,13,1,0,1,4,0,3,0
179,6,1,1,1,4,0,8,0
275,2,1,0,2,0,0,7,0
49,7,1,0,2,3,0,6,0
80,8,1,1,0,4,1,12,0
145,14,1,0,0,3,0,6,0
280,8,0,1,0,3,0,5,0
418,10,1,0,1,5,0,6,0
580,8,0,0,1,0,0,7,0
569,14,0,1,2,0,0,5,0
328,7,1,0,0,4,0,10,0
283,11,1,0,0,7,0,9,0
307,12,0,0,2,6,0,10,1
129,16,1,0,0,2,0,5,0
215,18,1,1,0,2,0,2,0
249,11,0,0,1,9,0,5,0
237,18,1,0,0,1,0,6,0
149,9,1,1,0,10,0,12,0
73,10,0,0,0,2,0,4,0
206,5,0,0,0,5,1,9,0
115,16,0,0,1,6,0,4,0
96,6,1,0,0,12,0,9,1
81,6,0,1,0,4,0,10,0
109,14,1,1,0,2,0,4,0
152,10,0,0,1,1,1,4,0
96,14,1,1,0,6,1,6,0
232,11,1,0,0,1,0,6,0
166,3,1,0,0,6,0,6,0
215,17,1,0,0,6,0,7,0
355,22,0,0,0,4,0,5,1
67,14,0,1,0,7,0,12,0
290,8,0,0,2,3,0,9,0
241,6,1,1,2,1,0,9,0
175,6,1,0,1,6,0,11,0
219,1,1,1,0,0,0,5,1
289,2,0,1,1,7,1,9,0
275,9,1,0,0,9,0,8,0
216,7,1,1,1,6,0,8,0
546,4,1,0,0,2,0,9,0
135,10,1,1,2,4,0,10,0
333,7,1,1,2,0,0,5,0
55,6,1,0,0,2,0,4,0
65,17,0,0,0,7,0,4,0
421,16,1,0,1,4,0,10,1
82,5,1,0,0,3,0,7,0
94,10,0,1,2,8,1,6,0
72,15,0,0,0,10,0,5,0
98,10,1,1,0,6,0,8,0
46,5,1,1,1,4,0,10,0
53,11,1,0,0,6,0,3,0
176,14,1,1,0,11,0,12,0
102,1,1,0,1,3,0,9,0
10,24,1,1,1,11,0,6,0
137,1,1,1,1,3,1,5,0
397,14,1,1,1,11,0,10,0
170,3,0,0,0,9,0,9,0
264,8,1,0,0,4,0,9,0
342,11,0,0,0,1,0,2,0
119,3,0,0,2,3,0,8,0
313,3,1,0,0,1,0,8,0
150,13,0,0,0,6,0,7,0
128,3,1,0,2,1,0,3,0
222,12,1,1,2,5,1,4,0
74,8,1,0,2,1,1,6,0
153,4,0,1,0,4,1,7,0
31,3,0,1,1,0,0,11,0
264,10,1,0,0,6,0,11,0
242,16,0,0,2,1,0,7,0
196,2,1,1,0,1,0,6,0
31,14,1,0,0,4,0,2,0
117,4,1,1,0,10,0,12,0
358,11,0,1,0,2,0,3,0
116,6,0,0,1,4,0,7,0
128,1,1,1,2,3,0,5,0
317,16,0,1,1,3,0,8,0
74,9,1,1,0,1,0,4,0
458,12,1,1,2,9,0,11,0
164,2,1,0,0,4,1,8,0
522,12,1,0,0,6,0,4,0
299,2,1,0,0,4,0,10,0
116,10,1,0,0,3,1,5,0
332,1,0,0,0,2,0,12,1
134,10,0,0,0,2,1,9,0
206,11,0,0,2,11,0,12,0
169,9,1,0,2,6,0,12,0
185,8,1,1,0,11,0,9,0
331,4,1,1,0,4,0,9,0
294,2,0,0,0,4,0,9,0
110,3,1,0,0,2,0,9,0
244,10,0,0,0,4,0,10,0
51,13,1,1,0,11,0,12,0
