carbon_pct,manganese_pct,silicon_pct,sulfur_pct,phosphorus_pct,chromium_pct,nickel_pct,copper_pct,aluminum_pct,vanadium_pct,titanium_pct,niobium_pct,nitrogen_pct,uct_amplitude1,uct_amplitude2,uct_amplitude3,uct_defect_depth1,uct_defect_depth2,uct_defect_depth3,thickness_mm,width_mm,length_mm,temp_finish_rolling,temp_coiling,cooling_rate,tension_rolling,rolling_speed,elongation_pct,impact_strength_m40,yield_ratio,category
0.2397051800520682,0.20269167186796888,0.3359466403816195,0.007353834229938832,0.01162536721940776,-0.015150738423150845,0.034039980215146426,0.039824704501689276,0.04291233993653783,-0.004543303722402518,0.014751405396755655,0.012504475514912645,0.006307298258593238,10.382853971393036,26.703613057628388,18.602284475380348,4.232308225962315,2.779095258730582,2.384795607343527,10.77498995806295,2082.4706339246663,11123.637761605301,799.687163245835,578.7375314947085,26.528643493058006,26.764682709223404,5.753518594603796,18.212056629858104,77.74223699513465,0.7155779997636853,1
0.18684675668979242,1.1362551071416374,0.25272064769825175,0.015648107514172997,0.013659592238539436,0.11119226108611469,0.02521453705696297,0.015033489478717533,0.019994589544464234,0.019764722769997536,0.013700299681443102,0.052339588552802574,0.004392350703514509,16.56619124500356,10.442862812310182,16.64383425720529,-0.6436685057499689,4.316043313809713,1.151702300530343,13.498502390906712,2388.5588530702307,11272.258403073374,854.4058962836924,638.0338934292854,36.575279558563665,33.311833348052424,6.505862192254812,28.4135697908511,81.86454314769428,0.7167847054975203,1
0.1882973100072382,0.9141277292038272,0.29150969443520974,0.011353429767743839,0.003446983227817429,0.1225646588351963,0.014973090607932591,0.011858467434023965,0.05943860686881268,0.00990830966683145,0.004507975548521616,0.028554146805710282,0.007085008459329032,8.027202433369624,16.25796403630869,25.111062814860432,1.0605509813947078,2.747181126144663,0.4671116990588895,14.38363439463994,1884.811939389548,8652.204143302424,845.1606183167938,628.5295534665728,31.431585135780395,16.416531330172823,3.3012662639513084,22.379195014239812,72.07479261567299,0.7272523355407507,1
0.15648810788750295,1.055984292497207,0.3685568614749229,0.009780886558644699,0.016165788833147173,0.16233627899647948,0.0761189317193548,0.019480452290992222,0.06808632563989905,0.005590907505072903,0.01599942566117474,0.05889700574519616,0.007241866791227983,19.30075397936273,7.643941278604235,13.116122651310723,4.072225032720109,5.27906727442793,4.758189464384074,9.039262118990052,2030.2109642101932,11657.23465145265,838.7023337554747,563.8439566645517,38.7341019934748,22.74690425106755,7.014372265851923,23.526045210422588,70.25318329772679,0.6000356571075856,1
0.21075863836825104,1.0387696043739876,0.2451139462918099,0.007905696046373669,0.01150845076272812,0.08584604661783818,0.050128220800531094,0.010926734406277344,0.04355816782823309,-0.00013288888299717826,0.012798460229784333,0.038364301565323944,0.004871394108378748,18.83525109246355,14.524247439716104,8.895247145005648,3.899161522959388,2.3862523961790876,2.5520019141304524,12.34473817911444,2022.7703068653104,10940.739774596594,869.3949389678799,600.136569741973,41.111440243118516,27.147025400451554,9.64060109333237,15.50160723834817,57.19150327663939,0.8338780087715578,0
0.18190688398882615,1.676682998842826,0.3189149220506244,0.011438955900507154,0.008735249220839597,0.037922625752507,0.03847015748044075,0.02283911058736381,0.02940464588153919,0.0044792727166804045,0.030387270594421832,0.0581886884810182,0.008341357577413,11.332874165913806,13.465841278057027,10.322822972706465,2.5481712839202264,3.046821884504347,3.467443235587095,17.201649415135826,1695.6735130149245,8624.517183751272,843.9425919915677,608.2760912250768,21.554598972039713,34.458434495892526,5.348717316426667,14.136604657092173,77.35343166762044,0.690684533570945,1
0.2080673994025038,0.866270781803367,0.19662487321779956,0.011311244294296493,0.013867668417058844,0.14610427170717255,0.02320939686668027,0.021849625873420868,0.0659974248706121,0.006306306373475363,0.018782627462163744,0.017343848015556357,0.005120635982163101,13.467034626608088,7.781408152024727,22.4226038292435,0.4811878649193235,0.6038186725063164,0.07384900894274748,15.24421963317745,1908.787670254005,12514.512094058673,862.8804901147608,600.8991929237651,20.376945303977152,24.27699230938909,3.741652222358092,30.06135060816814,70.09463674869312,0.768158127914342,1
0.17490088412892604,0.5009453960686953,0.17515229609900593,0.011035079220975687,0.010469930228212956,0.05211396656529634,0.03959250639103146,0.017503444617810806,0.011758487873687395,0.003027357810672617,0.02838177219599438,0.036769462106242226,0.004989965458509648,8.17983417580343,15.39928417884652,17.61580016701081,2.8192224384312095,0.5803049716279669,3.421608337526429,14.357539239468451,2026.5734388250205,12232.828455781348,804.1295492675563,650.9767413152001,37.95451183704546,35.130979885969836,6.1503929412932985,20.968506853706707,60.86719755342202,0.7086487309146259,1
0.18388215261906715,1.1218438595291904,0.23867793973064413,0.007474251890067267,0.016492558522757824,0.11267494404761769,-0.006297676589628119,0.040540924414359754,0.029323107123701633,0.01014160131838882,0.005999434628366201,0.030933634683239224,0.005968444622200659,14.967692029604802,18.35496326044462,17.714926011955527,2.522149997908751,2.5352216629642528,2.987999927585578,10.037339216016722,1973.7129361237307,12115.9658931777,878.5806026472451,539.5909628379147,30.387371256735307,30.418816551304868,6.61402129537329,20.539729848750554,71.72769056447677,0.7610015951867494,1
0.18203712590523974,1.580619908229617,0.24552636411822296,0.011918030192006435,0.01744952479545415,0.04084830240700129,0.011829949769756178,0.018069179259933874,0.016132484629133696,0.005203225196759385,0.019571437523396622,0.021729374823813395,0.0068845632766606196,12.31296810548093,12.201729095874189,18.29410122344732,1.9392169810598094,2.2707952997267515,3.4777512794972596,11.755347614730663,2142.975244095018,13115.726059775228,867.6257587019198,637.972364914747,27.338020876610155,28.273341125359646,5.2433053746794,17.272966804024144,63.231705839619146,0.6426926452390388,0
0.16728884317191192,1.3680766171579966,0.09687519435300262,0.015767769607810404,0.004831349875948857,0.06931860259616969,0.03661567613076472,0.012980427017048782,0.04452608415490269,0.003743860423111621,0.01696907280308274,0.03110906670315398,0.007367236623872665,23.73529572276757,21.04543199007002,20.639624927584137,3.2919428668761164,6.588447575504637,1.1464409639668143,10.87768641730824,1879.779260415095,10175.61345758776,852.168037293067,565.6020534074702,13.37823277974074,27.935096198975952,9.139285386128194,10.346682609813039,90.9877685198719,0.7990659779520173,1
0.1923154229954228,1.5100621976139132,0.22095066710755468,0.010165149822349758,0.005608236855988378,0.12804211685273462,0.028346045099632025,0.016642140610202503,0.02686329062611139,0.00723537991881883,0.01989060948039914,0.03802276522528459,0.005132976357592934,6.514519283552723,18.345376272481825,18.661740398252622,1.7940924349092546,4.842172940671393,4.99078683420268,12.245584023245266,1892.7837006010304,9181.286286326958,843.3393954885993,567.0279245871919,13.84008881135479,17.72051939230007,3.4425773658665375,24.288670212848533,57.356145581085656,0.6030920910456694,0
0.18381271182530048,1.0643510882919844,0.29185785485896265,0.018338851684924065,0.013912166578462677,0.014143341063456397,0.05549367699358973,0.019237609826794025,0.024137306727721266,0.009752667143383742,0.03035916209432034,0.019256714752233596,0.007255404789103843,25.05451517706717,24.9163632796038,17.71903326944059,3.664129981963657,2.9550680308102053,4.890644098834888,8.119123391753117,1836.6376457134854,12433.40398221908,852.5742129977017,564.9810955119025,37.61166401724507,19.438339131655063,7.757101860318928,30.403928264321017,72.16746707663764,0.8213682293354785,1
0.21974551998461617,1.2346790797657585,0.08312816978133303,0.0013850777048341548,0.01782030076292969,0.049363490042145235,0.05657292823089287,0.026037814695529588,0.049863913769797576,0.00593915264136835,0.022315410688138058,0.017136991797546894,0.0054176724591473175,28.743912079550324,10.017357916907201,22.450717979417384,2.2265489488795094,1.4914305293662182,4.003878846189243,12.905437458227606,2333.412826696777,13105.988315342736,815.7317603823918,588.1663824096818,27.99447252951885,18.892122546692384,5.453638015643586,29.03034639884821,93.66874267444524,0.7508812916837518,1
0.1472103167494913,1.0602242691132175,0.3286146514215953,0.014978260641421024,0.009851825107362457,0.16972749471457743,0.039528603334342494,0.007370370631326773,-0.009847793031661348,0.006794441729236152,-0.0001823411143119652,0.05416646571894465,0.0045038563913566655,11.362671468831639,13.061415667542162,20.23850784438805,4.932315706599125,2.734015818164942,1.4089025640666994,13.149571156131982,1915.808756205963,11269.164557799557,881.092970672355,653.9055883210278,26.109563410079403,31.051260099567024,7.415527454705832,21.701625875582206,62.96617560644845,0.7794584970982951,1
0.18574657808806017,1.3518558593543861,0.29830324162223154,0.014367221356298584,0.004627486564758822,0.05085927532549718,0.04246684601349657,0.029466183083304367,0.03251219933586172,0.015185857362660022,0.027854825898295764,0.008639512482176447,0.004254810947187694,9.780395098755083,22.404962020587465,13.495823565224839,2.5774675188163054,3.8937477967658207,0.9569554769984987,11.527314133338669,2285.754427578769,8299.244630236317,835.10910611512,674.7218236862177,30.05663506825131,22.612350735006483,6.571363250462404,20.873643459411007,92.37816311973462,0.7105863432617162,1
0.14548386542418806,0.8553187718974966,0.4174558345767956,0.007435674933846578,0.012567280200282763,0.03350223055616092,0.02366640908131501,0.031435660449286126,0.04691240689302892,0.020676605619879787,0.04056585820707596,0.021416354195446914,0.002831344844303206,16.41612479305359,8.81323154980416,16.22764086028084,-0.48222801311636765,5.067344770005224,1.8495881064254058,13.30039102258058,2250.86929292326,7510.221412083146,848.5919702249319,566.8179248801815,33.64496967163335,22.07817234603515,4.362622270234198,18.05559232332223,56.777010009332535,0.6156209521796899,0
0.18915373172107103,0.8438728607920511,0.2880292488553608,0.0039980938033479935,0.01105492851158763,0.07657632251413064,0.02226141106800105,0.02447696266395012,0.04485205626109883,0.010401811629815152,0.02170415417593112,0.0694504954609381,0.006706787594917914,20.46027705719401,14.782271639605597,17.21837863444058,0.9955021661768324,5.212040978018523,2.413872345143074,12.611076835429378,1963.9404969237692,9983.46448426731,814.0918621999568,610.6890185459833,13.265524276856866,17.462349869042768,6.1319251429127215,21.820691733308497,74.74244978319238,0.7136571046197997,1
0.16391368480680013,1.195563198420559,0.30350721044369744,0.01206657778374387,0.011022636782070131,0.12279597504779255,0.004094827586657582,0.011425575704527834,0.04866904883398961,0.014089960496286684,0.03361760913340223,0.036817291984964425,0.006869785925354677,13.505313014900848,22.3099641543416,15.046450341533474,3.50929492239549,4.228362459520926,3.858116431507415,12.53795550347941,1694.171979867322,11865.211493612414,872.5576299888374,565.258728921164,17.440349833762003,29.324910925331118,4.101060264299502,19.762114105552232,79.404746439382,0.7545603234847447,1
0.1579969153405661,2.128016288806904,0.22307579280974613,0.012161151776142782,0.011469546823292898,-0.028556062875295482,0.020141634501014954,0.009018136162218502,0.08120845396889398,0.006012572513281057,0.017546925138121977,0.012869960857611544,0.008775691940691947,14.73758658844643,22.495060341167743,5.039072168253933,1.227159038442016,3.5144744510494776,5.215368444465403,10.680844921867129,1921.8053450315233,9232.342392150797,878.5321105521673,581.9265476454877,31.597522801686935,27.6691884987402,8.330695419659943,14.53538786842445,65.65480375065351,0.640769228370929,0
0.2217688554573985,1.1856697685174147,0.23151444180338557,0.01531222755594787,0.014908908853141813,0.18078484293329175,0.023766482284695314,-0.0005348654865588859,0.054250088841843215,0.00526234629513944,0.031586670233413015,0.04528316599863789,0.005033032183192368,13.898952351829614,20.055485027934953,9.807503311928869,3.3233184525149277,3.4443778978349475,1.632303177508984,7.173220351663188,2118.4913845071396,13028.531184829719,855.8078446984279,600.512782546329,22.98920576286646,18.80414058443091,6.828267832586045,27.250589329106855,62.36959844637266,0.8328054812488471,1
0.16329714196739953,0.79911319242931,0.23596972352810475,0.012198732745161039,0.013687410373631996,0.16247667605459326,0.02058489801750436,0.031049972018044145,0.026777257756180554,0.013305764643306734,0.0006762791250419127,0.04308711381192435,0.00282354580258436,26.01654907628879,17.54750691412203,10.984787994678776,2.568439416675785,1.5046993578646946,3.3443810954635524,10.585072264094524,1629.223347947242,11821.998926783059,846.0405730380795,566.2995036800219,31.537652139980384,24.465736949585253,5.422676440798935,31.777707086446036,40.924883052821784,0.7969225413681664,0
0.16903425407018796,0.7218824945603021,0.2063166560946623,0.005497651543872124,0.011060702994956402,0.08349276362510338,0.01168489917732879,0.01950089766958838,0.03552666856393112,0.001020086327079884,0.01804275020916117,0.017450776670485967,0.004462466342878614,22.73655491543839,15.77425224155192,19.654366445328456,2.001699199486981,3.2690970587706687,4.810539770141528,12.291121881733467,1980.0890482369837,11297.024469592605,859.305496543248,570.4148847686995,18.901999733413575,29.2625063797752,6.235948608240285,16.66463391964589,47.01702755461546,0.6871047381826758,0
0.19213701186431342,2.027162535265421,0.3111088281306738,0.010052173497507809,0.011793313975954149,0.05579721524187905,0.03423758357657768,0.024417606496494795,0.021068709629443703,0.01196995286087504,0.03333210561380044,0.042502210924978946,0.007109934329997226,12.404871405409256,10.601968454180051,20.01289907135797,3.09461651314386,5.5549063890260175,5.588277835131707,11.923765892035215,1848.1407570072147,9810.908049762,851.1954791245098,520.5881927287156,25.686606720104063,23.077025807924212,8.094979748901512,21.413518138850506,83.75698018345672,0.7572018796030957,1
0.15499184532060564,1.6733974667559712,0.22949274573020062,0.010428679661038385,0.016919261718030734,0.2220448618416273,0.042458880608266164,0.005487737010988416,0.03378057067027855,0.014977633458370571,0.006140733340297536,0.048299106660204476,0.005704022504954293,19.681686904146652,22.150151944606847,10.82811844122631,-0.7292498515820345,3.263120462739617,3.539648556249029,8.786345330967873,2262.5844279905527,12233.753939837134,824.887750377659,589.3887093136863,18.732077266599603,26.921187181356782,5.440172730935004,28.23910386575119,57.11017467202618,0.7664248401572183,0
0.1946152823813305,1.2757919284884323,0.15564322683937756,0.018272904166023295,0.01684684651204027,0.157182928219732,0.04576583313272008,0.006875326965514501,0.04292828583685207,0.010907305317403193,0.01448262148167707,0.047291695835035424,0.007451642296077594,15.970105022528996,7.5509846731741295,12.041770923287771,5.526255609510949,5.073574118534911,3.056467597645724,10.502128227583317,1832.516721137584,8933.99684279314,868.6276467066749,586.7303640941836,15.931433431620357,19.926041556546345,4.846252504456916,26.572516086759162,59.72597482413043,0.6030213634938046,0
0.16195896891284978,1.5422222636082847,0.1876930365743652,0.012006740180675154,0.013153054243831072,0.07235558765660242,0.01642039307073736,0.030219631550600035,0.04401477081516779,0.005043328038828749,0.010813835414769674,0.0009077050284567768,0.005157794455676336,7.898491099646527,18.53448145459256,14.855492382510695,1.9119899387778647,2.6493129486004245,1.8145029274522984,11.213894334475686,1819.5465455690423,9666.573454537916,808.4086278335265,569.75784838419,24.300786322470575,28.97624583683639,6.133367036947349,27.275639081849125,45.77834675822375,0.7824925851488911,0
0.17754582132808552,1.4212596625516836,0.23231660291703596,0.006811545735100077,0.004988153582880876,0.09323784825842979,0.016433307413290132,0.016285379789123144,0.07330504467889391,0.010386818651420484,0.0117169746042311,0.03220670866318751,0.008286608548660028,10.744426065828067,15.929389418111331,20.52656950746644,3.1961157885273748,1.343062538859011,3.660993835218071,13.674372039250185,2181.6538760707517,13182.865198642136,903.1264662298132,655.4842393181298,22.670992970454176,26.34173333718518,4.545691931646037,20.029763573014264,73.53427115757474,0.6648980560240181,1
0.16860334143522482,1.8676278103305324,0.16780771587791912,0.009392130470735845,0.0141121748645072,0.1033291346158228,0.010467593682728878,0.008826729910687654,0.00971171875203759,-0.0013453863647620076,0.034801830768818647,0.029065010921945952,0.004996706642407085,20.433794885132826,14.966980447583177,9.840867246357824,3.8294147837971586,0.22148624533518557,4.429632082488741,16.762742738527102,1735.169456498326,13700.491038737771,892.4975147003407,554.1264129165829,17.561218295878323,28.27406602182411,5.918883226049259,28.593804874195698,80.05243699718183,0.8211422492797799,1
0.12017728058198553,1.3712744991242305,0.1432311514471814,0.014663666081020892,0.016490586620611737,0.1283344821683704,0.03369654067243308,0.01385961838450589,0.055865249919100614,0.002745435357029937,0.01025832571827778,0.04390332035236512,0.005336812442136909,17.22698386057143,13.278270475331457,12.845280997573862,2.944173212004339,3.3471095269161233,2.709335519676453,11.922798615482257,1999.7530433408294,11777.067834441168,842.4482697817745,520.4025540058972,27.039550731389994,32.67183507099143,4.501260084822036,24.323954695545183,70.60120213672644,0.7851818411253055,1
0.1704232508798319,1.0862461401573962,0.24621034379644513,0.008900790780989248,0.009838524104463349,0.03067006359863559,0.02247154890823609,0.023308670284063512,0.057756078711576966,0.008634238767400491,0.022078532381376463,0.029701492551140796,0.004632279593307127,13.7909104373551,15.008279278109756,11.913504651209772,1.0397679882582773,4.66840243955266,1.1480318737772022,11.072819224269091,2130.687463852156,10375.950250892345,820.6952762237406,558.2532902449869,23.687573415289513,23.436706349927036,2.945132551746985,25.533548008930186,57.89168643907818,0.775942470451882,0
0.1506494946849512,1.0929435636404825,0.2503383887195321,0.00736384290044542,0.016779013725562404,0.16118414960998445,0.03692625420449773,0.027963400197488324,0.014079026143521432,0.009085492162880366,0.0299006123071636,0.02711024317111141,0.006693920593768963,21.479988353198948,13.47967370967121,23.3832540138068,5.400595948333941,6.587810084185926,2.5429815561094045,10.24912324363605,1640.113714507796,11180.612220094608,846.1549248920052,578.0464243549571,19.783887009147385,25.63289653361465,4.779103334104022,14.525069511973113,42.04921227936384,0.6359480251447436,0
0.19578113374751038,1.3405919601408807,0.3880981236508506,0.0028824042779711173,0.012963257663240123,0.04972197546264593,0.04385630420601845,0.014901060471343673,0.04895861465545894,0.016627501098606286,0.01971510875489607,0.03668550932153042,0.010464692066371477,11.273033339811352,16.034412648783952,16.26115739959649,2.9445882202987526,5.981101323790745,5.899444763202801,15.595721012598757,1999.3708047851167,12695.765062404467,859.483133593192,558.0417983487556,24.948710261025273,33.469786132201676,7.47814770880393,18.018595998072716,70.9061254520526,0.8212218183336228,1
0.18680102589137781,1.0573307463280515,0.15446484791261683,0.01639788376045516,0.010209602769103406,0.06922281671566201,0.05128341404682088,0.03665142382543782,0.04270982744633524,0.007829833228382,0.008422870760587307,0.025946934743557012,0.007352207276594299,14.22122345708395,20.125673022787907,17.178415559622515,2.8704225234727523,5.354528521466635,1.2946639614012763,8.795015486638285,2106.214552576264,12187.665890771137,872.363843642365,579.502745912728,32.71922207003388,20.803240208536835,7.431051058084331,31.090531039459954,60.72582781356159,0.6553058413116131,0
0.17688203644126665,1.1690226157096024,0.11062226458917798,0.005031013865803084,0.010705306017108047,0.0925312125520599,0.022279544042586037,0.004941675946693796,0.024514601551918907,0.006175753858459485,0.022948306892096947,0.025501595381289564,0.004546010348565887,8.257862436095095,19.146368432832336,12.833579131860727,1.118398410408748,3.1948783566169197,3.183138144676627,18.5723565426321,2166.756935465557,14671.402789909429,856.1523273995139,563.7502850839267,27.20264448905449,21.654730326419855,4.628375396831685,22.516800993312803,53.2305277250595,0.6336577198908439,0
0.1671702618191138,1.0510723788248308,0.009389412824499427,0.006614262794164086,0.01050589955485398,0.18652945095440288,0.07412937959769345,-0.004874567587061295,0.06582937778130726,0.012419205625132308,0.011516221961178618,0.04571948197730921,0.006201525645803198,23.428720959869807,12.229778079559601,18.977163534037164,2.017523267086921,3.7230596958294737,-0.5174584042818076,14.64078961680215,1709.6111481614612,11796.247289925896,802.6674031659941,527.9469886390061,23.51991298001157,27.115481219967123,4.903360751107398,19.119051464469017,64.240270192069,0.7308344709795349,0
0.14928855753585787,1.305910124391192,0.17399492020270982,0.008009309906283842,0.0073730387117852195,0.11258193675737914,0.0576027787773703,0.004764021893318333,0.0348080655638146,-0.003999821512967929,0.018598220701746562,0.0518048856731613,0.004788688732978735,16.468736758369992,17.585001512569676,10.377957158850009,2.8816099863381663,2.485160896942986,1.6068249450248753,13.61651611061129,1849.773674392789,13461.870868203156,852.0962915078945,589.7868139628383,15.754839125655616,31.30419908267328,7.742299351817456,20.340899737546124,79.27171087343127,0.7365220110001786,1
0.20192938467621768,1.2285014999643569,0.23493909319309547,0.014670039291945785,0.01997088978102006,0.11975216200391678,0.02468159851608896,0.031494873640103685,0.023158026205572228,0.0127769943032587,0.013007559357709248,0.044404480338108156,0.0040331004730440575,8.275066656957954,8.922283939744716,13.05432452011718,5.0017235261152555,7.178867870991083,1.0399155461820642,12.336996205161615,1880.134083200975,13337.25951626518,857.418821604605,566.4241273853353,29.20160772812544,25.93833337570969,6.483688436707501,24.52989007520187,71.91506397106812,0.7729161271338932,1
0.17151527333203911,1.147975882578552,0.16857885527384375,-8.911166995180173e-05,0.012275014680166873,0.0124888338961303,0.034283378822635,0.023699256130043905,0.029329127483538366,0.0037856420696843265,0.018999721410586642,0.02547649424638478,0.006532430520305815,15.713106963344414,13.904707059876957,13.036626732369578,3.5557530162421376,2.167999688117898,2.4364231364194247,12.819958933535782,2227.516613903343,13430.446536163505,787.9168222235725,597.3664495511562,19.172026125068317,25.037693152288004,7.937256608451067,20.212830787513276,74.00624977046228,0.7821991651516371,1
0.1838717982273509,1.0417277152974944,0.23103904239898979,0.00830443983071059,0.014990495775237332,0.12121739792592064,0.010169459177907354,0.031516655830474756,0.011207837384023454,0.01407662083404507,0.022839278876047215,0.03834658603320879,0.003990590278586408,10.312931057818435,10.314711617669332,10.836963901305758,3.2037626221621687,2.122189654644598,-0.19288531324039626,8.552449897789003,2141.5435218518433,10496.512870625624,858.6766582274986,578.7415110201854,19.83001409674116,23.177865741944686,3.002067712119092,26.815661810325995,50.79015519179737,0.6837325839374458,0
0.19391075515131553,0.7631345469127641,0.3859548786406968,0.01190235374371433,0.018960193757935458,-0.002538045327181701,0.031130212969311125,0.02225269722015047,0.05032326045852939,0.006016093836654124,0.016342192546979935,0.031107938235666682,0.008667871279775897,15.19932103745793,13.595653771011708,28.32307246000717,4.747066177859866,4.679349175471639,5.153610091402323,4.94652536066349,1815.6753559216363,15927.998471976869,857.7344411576497,509.07045686950346,28.378716817050826,28.096586547997948,7.87896751096957,21.935541082208,50.798131829041424,0.6940847120629442,0
0.19340961234482423,1.6166898656235404,0.2976392718111406,0.013556615299151224,0.006283305044580696,0.24264765794243198,0.053070056995630874,0.007371352462718221,0.05346267384465937,0.003464508278004338,0.033451171736117884,0.06116768023761564,0.00737355097809533,14.519278560377552,15.154243335267536,18.534877322352997,3.859087978994733,5.040442489424866,1.5477198739183593,10.086587797567395,2205.0251693716673,12064.85223564486,862.148865927735,590.680413337207,25.967247320688436,35.99595074197346,6.066034099118521,17.831413607356346,52.30125064706629,0.7371492556603119,0
0.18460141518382803,2.0344188198148454,0.2895764523020026,0.006779619275877965,0.005802059937374859,0.09343561243679638,0.034841413405759344,0.03078125395794772,0.028663733643953214,0.005755476718147677,0.011614193405184978,0.04292090686857463,0.005258973286812261,22.285509131137026,5.014762816910125,18.605809110420775,5.068366864502524,0.7463631035346725,3.233877879076668,9.186640000976519,1654.2666595673397,10145.714028928913,872.87531838078,581.1868729990978,20.118762886379614,27.994563595227877,4.672346461919421,25.463661877318597,69.46977884353733,0.7967332376953254,0
0.19822725444349443,1.3422675794252916,0.13223703415785668,0.011787926868039408,0.018745895244443526,0.08479491582440225,0.04634934253396745,0.03515318094323802,0.020633282734928822,0.006683308382438491,0.031464718774879025,0.0352303719345166,0.008110109097885104,15.332944134514609,8.441397835446551,14.257222925497087,5.052935134047766,1.4032553682405706,2.899843773433881,16.902823457929593,2422.163306443519,11458.098653246114,839.3763629296794,577.0900560619286,24.136005987794775,36.03006230835508,5.519264902442013,12.61791076296741,96.44967713501283,0.7029061012150656,1
0.14993839396480363,1.6549258169458918,0.18659812423078298,0.011115199249541843,0.00907103638275655,0.1472899527109957,0.05065315033244024,0.00936963727146282,0.04891519702434258,0.007765112235969796,0.026440649229572226,-4.5305046805624305e-05,0.010823280383577138,15.849133362918437,18.532603867103138,22.738203867976356,4.353488641695579,1.9936284334728434,4.409044596107359,11.09620594627729,2290.587135711751,14653.243278999882,836.6251155707339,629.4852283115479,21.90196756720838,26.960921550208408,5.6208425105131505,25.677682779039444,55.297561394957455,0.7012786989203165,0
0.15702411929682686,1.253718598899117,0.17267296872117477,0.004948920897205744,0.011082359139214236,0.07596618156823212,0.04562994478921264,0.023976375017762792,0.04783102350520188,0.01005684954399247,0.022681669498219738,0.025173701925105426,0.003846366052745888,4.063095425119785,13.201536671495882,8.43363856373876,2.878518135896749,1.7046474604351611,1.9927537290787707,13.269970144545372,2372.8089437820104,12668.138724322775,848.5480284811426,624.383129660038,23.921599102398535,28.999517957505756,5.723751723292531,24.90838442607687,52.52481364448495,0.6977777921770952,0
0.18183504968896744,1.0949361918735327,0.285791514965518,0.0029904916194360134,0.0018382311785080773,0.060910489902924275,0.007629530315767352,0.02046637366565966,0.04070742834177278,0.007515619363292359,0.024448582205983223,0.07296478403915281,0.005928484711252972,20.9091414697102,16.414140800593515,8.867197100490174,3.0843680063597683,4.5169431719593796,3.9577748688725456,16.04841931578487,1832.95557270288,12061.009629000855,847.9745797741513,602.2747326731594,25.087544918267792,29.73865056367054,7.0557392303096,19.47668312917596,86.45375949585147,0.687311448358738,1
0.19239422891932273,0.9123562194203256,0.32499819940055397,0.009585652586376878,0.01229224740352825,0.049454371681305835,0.01475733102971804,0.032687138945765706,0.02669908163993776,0.012431436523704474,0.018770310533656305,0.03111260247531577,0.009775717975917277,11.126579711680776,13.916039841560353,13.926527263065815,2.416882059492748,2.1842976068079505,2.378419925836447,9.516321397902573,2132.015198208072,10094.06348133519,867.8788992649328,593.1957038952484,32.52319655156904,20.974945043426416,5.9324346985003364,28.06387930851785,75.79354677234642,0.5762246773083787,1
0.1478684579852264,1.3170861928567412,0.2900114426491107,0.009759849833245742,0.014639196749577936,0.11785253621576933,0.04021201380820627,0.01895990772275305,0.02681351730445665,0.010091154985685587,0.026729702060319174,0.02135197625444077,0.0037291353819388627,23.273341579333533,18.579585702427828,7.936544237536843,4.655440365667181,0.5226904298547139,1.5147374421443238,10.311587006106326,2019.5505023249605,9646.073589881351,849.6235316615157,607.1833259754259,25.878695433632597,26.2719023981318,6.57226867650162,25.705408327451206,49.359213692632714,0.7058789892082536,0
0.21251917830724126,1.3519070544163583,0.18929877936517,0.015777648780220352,0.0031475943111196093,0.07533071383181161,0.0030070065955971857,0.031685803642733816,0.026300076997472145,0.011717772885199679,0.014006972113762745,0.028587320406960517,0.005127419618011686,24.6532912952813,11.577071904293348,16.394615485837218,5.280416983324249,5.241007871561319,1.4556531116592408,13.108184583059826,2490.8543903171294,12856.909363120654,810.7563526908255,698.267665329062,25.216887625111294,11.60928807073427,4.89203246286308,29.470979757245814,76.78614158347007,0.7318518188107123,1
0.18076475989920057,1.0810071196504598,0.20228708736248963,0.009988855557332395,0.011334984180349682,0.014855137353107034,0.01559089858649882,0.01624016420648134,0.003037797752229267,0.014968701314339788,0.009298415364931397,0.02411753639247661,0.005558874931182021,3.502722381650507,16.831637417705387,25.304132819513292,2.197253599248543,3.0555215662442134,4.320706658142591,12.175381370502077,2421.4372525879276,10400.519703700063,885.7001371934304,517.9210795100735,29.142452695817145,20.72059246811184,6.201133028374996,34.55371735273836,83.61395605508415,0.747184765267249,1
0.1762534196318725,1.1214877394448253,0.32742608192201633,0.011285165883029552,0.003863441360263422,0.10394264843879157,0.01703061599961725,0.03712711411276273,0.02228663631987168,0.006882015598336804,0.028435502912221203,0.01975013218238196,0.005047601679202026,19.499147480664785,16.00533495015696,10.089537965998922,0.8272035869494498,1.4961870569926061,3.9920099462134386,10.01950774015932,1836.818069908522,9785.600404282004,877.9246037511195,632.2923647588631,28.030896661938687,33.89724296135057,6.5167466797550535,25.89965172305767,71.91701714644849,0.8595605828128161,1
0.18808589509923396,1.2184010989013097,0.22705646114093847,0.006883922313920057,0.015866199933328797,0.08071282607106751,0.06436727991527752,0.03493709759005534,0.057898601231311214,0.007131484278536743,0.01910664134528954,0.028342260322502692,0.005837440903972828,20.226037910161253,19.286610959530886,20.987472582821816,2.758308769970998,2.707058130305702,5.101604033440756,10.039202144454986,1651.5057843088575,13016.385878343808,882.8780844282272,628.2445835677813,27.305323095569335,26.64133522728575,3.044991965330952,19.48113926711972,56.220098146453616,0.7445276494643135,0
0.18561272808980273,0.8738497486735515,0.20468843270282214,0.004607291818290039,0.013268686483874166,0.046284193168524425,-0.015115826621894951,0.009179822149580638,0.04777294492066621,0.016080032694557385,0.007536065014608377,-0.006792757451246065,0.0073605743314355135,15.538017181114753,22.277491460394714,9.679770363772137,5.036012243574425,4.39856286247078,5.3049837431099665,11.836059165706589,2029.6959461120753,10560.372898013458,880.3410477157054,600.2569798778939,38.93017644975296,22.1081830650629,6.816639558728234,27.940595283282498,80.91760776535503,0.8400455874380587,1
0.15382359201761775,1.6615602937022989,0.31268717318388856,0.0036024209512227554,0.010624392858724767,0.08195833020145228,0.010986186131694897,0.028810588920574334,0.041295827002467624,0.014612405851165546,0.03157519605809958,0.07688107557665252,0.008055767782866818,9.292921038863904,13.782594651835499,18.579323147855735,3.292161008442101,3.7595452065930943,2.4955194422557185,14.395704380245299,2169.576516877396,12501.089256646726,868.7861668489674,566.6259269474419,23.1073273279692,29.46164826698585,7.156763708001195,15.983656051779768,60.70598668593159,0.6424336457965911,0
0.1961424519327462,0.2046690586348041,0.31897788095095814,0.0050554568158781505,0.0038303852047035635,-0.0018463596291014989,0.02170167443759345,0.019879759710868118,0.05646846369124622,0.006983515756109226,0.024312838168862986,0.04020197462414546,0.008235264883207916,10.20133832583533,18.165332737486136,15.408223545091268,4.269067513334111,6.287655498076216,2.369641387702534,12.443906641898288,1481.9491555939544,16085.889722270062,796.8412088729789,517.0108250663163,21.88465173374063,26.338418472669257,8.20908411206358,27.918884932420507,61.38592458777374,0.7084531748146722,0
0.18163991112827121,1.086337960828481,0.02299948468820967,0.008695950016732604,0.023827038859999868,0.16970181858415023,0.044530232446721205,0.008281686995274748,0.03474848681368756,0.014515290833684665,0.02560761268005573,0.005552743859914916,0.009071061546743765,19.452040025934206,25.43636080896814,19.695145787495726,3.5113061870194215,1.3958964191467549,3.1935041370206756,15.126384925843329,1680.4947352356078,15592.08841653237,841.6549427933838,588.4601704935274,34.45788175217329,22.26724659072771,6.20609806012932,16.242403215627835,68.31321962380468,0.7465428721779849,1
0.14784880271262052,1.1625455245043317,0.25181046821414954,0.016393287230564133,0.011706397864476857,0.09748273908895676,0.02423874403297443,0.023417539207135393,0.05843872756015234,0.011033388142695581,0.013884841979616454,0.05156852388945893,0.004955931420316488,13.349736323779997,22.576983746317964,12.891115678061848,4.351715445793838,0.7416429884704745,4.204424889779243,12.673771899749976,1759.7477251511632,11829.647815457996,842.7780351476778,557.3947451283037,33.03865005608749,23.684718310552242,4.102970947364568,17.540704648092913,57.704568257798385,0.6314986531519896,0
0.16704916388729682,1.5029980597349941,0.317581950062536,0.010053801458477172,0.011838615529486911,-0.05647726187237197,0.04933913290689633,0.01811405170852512,0.03602861626238079,0.008652531221480068,0.01827373646991522,0.058721786923640315,0.007843873202570711,21.42879518255283,14.16431957918582,20.04495738465824,4.339260831478945,3.2643190584579345,2.6406758146727425,14.111422146754725,2053.08777492195,12215.616656622471,817.7701608141479,615.5980038430434,18.702827235760772,29.64734280649796,5.351280640130431,23.280836084306557,37.89831607343375,0.6844271993449649,0
0.17442233211698485,1.040040375147545,0.2373355617592269,0.010134876219604213,0.021960183179796547,0.11593978050105584,0.03761652836690507,0.02295195368158836,0.020185261625174315,0.007269169478909902,0.03431588905214111,0.035753640873514445,0.0030190142685262134,14.314175445629417,8.538483125357743,13.660802837158444,1.9015763843546962,1.6135437472779952,2.3955853970857435,13.759227029909706,2420.1940060572215,13133.57278117641,777.3934758562089,565.083543836216,22.112653015925943,18.509039924734886,3.7581074973404247,13.60050379255644,80.96995964992718,0.7533989954938264,1
0.18836796441777368,1.8705572108832813,0.1655928505458644,0.010318294139768664,0.007354318297451209,0.030523279414098686,0.06948157375490047,0.012401978680122248,-0.007114069802547161,0.005981381695526574,0.01655365162991844,0.041335207622353154,0.005306053093789766,11.850663254313124,14.139843189421653,23.789134497509753,2.5941948942581,3.69470771996256,4.670399626779764,10.28191154682506,1785.843751912096,12082.99217244572,866.5713157902803,600.5454955600081,24.508731593070745,19.43522374970331,6.782687812363737,13.864641423772703,54.60444846143345,0.6808567638600028,0
0.1530825815305357,1.8939746303347234,0.16842437442329145,0.005133676783457162,0.013706079212460167,0.088579438088553,0.019240429423560898,0.00255467111393946,0.017910963442900076,0.014132265554293812,0.01831662365762809,0.012041160287195391,0.005844183907337363,13.99456032199816,16.895618165346185,18.117085793005792,3.686507416790379,3.582252050150913,3.8601506875319727,3.6744346166756934,2211.215368990116,10878.750231249598,865.160018316221,588.3290744861425,36.75475434652967,17.504101410496247,7.2335414086723215,27.45906766827228,58.37602662075202,0.6864112664859083,0
0.1756596589915126,1.5517668164549612,0.10431311445644029,0.014895795012584019,0.0032451221279738603,0.12769538683253354,0.01632302199000847,0.027831556560131747,0.041381703854485426,0.011376981170716043,0.016763172459588124,0.017122559777832946,0.0060777890324724875,15.494120225082158,16.129209170186535,23.757045368744556,2.1149149897079136,4.273255193969282,3.529125337888308,8.907554167649801,1607.3468473991004,10717.775144911095,831.5103403267342,570.6186962992767,33.28995484001119,18.1102991172058,5.363980603121762,20.595127576996404,78.8435171761176,0.8147208500058778,1
0.17998582810846708,1.3804901277274033,0.15991568312711596,0.010249325398476491,0.008701256793730171,0.1492816260030032,0.036863171083948335,0.028865794927576495,0.026226111331095307,0.018386197964872286,0.00912521831887632,0.055137560633498436,0.0071890180052629395,14.619071650240405,10.646786045166667,14.637854651788585,5.210606367114254,4.614996977253407,0.7058884151525535,6.720144221783611,2179.2388573644057,8555.542878573611,842.1271721292305,591.8916651082162,29.783588911941905,24.854268242547146,6.434171722046074,25.40050341671465,71.96456368290038,0.6415282417197614,0
0.16751309220573551,1.5128520006125836,0.16262867252570135,0.011675039840509986,0.011701728440039041,0.09833993411855575,0.04226531089322287,0.028571583884232886,0.04365829127240512,0.00727862783537731,0.02858373231972127,0.048175269562487175,0.001733631144743712,11.290896791491209,25.18021416420056,1.866576220006941,0.2690107602010441,2.8047067007928574,2.23849822618544,13.306074381144443,2124.462469726732,15693.206144162106,847.0794701712821,560.1748930475709,28.38769993281136,29.971566908540623,5.431380525769086,27.611949711102966,78.3871428833399,0.816490969004251,1
0.17921385424744737,1.6872778847017025,0.3261044995439587,0.01132659066850305,0.010810964812870302,0.16958018626659221,0.040607383779975983,0.0453036966864169,0.06137099116910599,0.017419450768838808,0.016468798199975536,0.06599476583454196,0.003858491247322995,13.778000822312448,15.306718321204318,20.814904401959208,4.163648077924087,3.6265221075258713,3.1037546895539747,19.510909926864997,2187.751597260713,13855.947074840087,793.0786800843155,556.1978917483641,32.27375136866031,27.810703114853915,7.143272374798389,14.644183086216982,82.14093744130204,0.7139179413629272,1
0.19194456436506768,1.3493394238845593,0.20475389057008075,0.010029450725694269,0.016321241923493185,0.039625680079435906,0.04592860733284221,0.016550168380429327,0.05899282997233068,0.01774004110409346,0.010976828454054574,0.06117256034140171,0.00542015769394997,16.081527056241583,16.22227224802775,10.011218604465329,1.9397198977284846,3.3415636777139373,3.8412649289646312,15.957303082337964,2252.8408073781598,14327.742091088623,819.0197341294604,587.0705479988883,24.013055156984787,21.123104979317226,7.785602982638023,21.145568691080232,91.58595579007404,0.6666256519941842,1
0.16322828403105538,1.327809868313182,0.26527332193149683,0.007371460150887768,0.017473992511136627,0.1316109583037094,0.035559648804378445,0.02321584540372756,0.043553960915804796,0.009666994864890132,0.023270752180533077,0.044369805946342586,0.008047404673180197,16.03252812572915,27.244061528701135,7.485991443474651,4.437499072027712,2.8242164489031922,3.5127454827691587,15.738788342996042,2244.5950655623715,12794.867947711504,837.5061179361751,587.9082976283518,25.6589636052307,25.290808558520908,3.0623019518949937,13.298867093998386,82.24092481810416,0.7483617276294041,1
0.19930794969182342,0.6922678013813203,0.29576050226403783,0.005284306034806699,0.014882256725612114,0.15234910524296258,0.04895023817151134,0.02922977565140431,0.03118195622778289,0.006512290287624427,0.02704789442438987,0.03563868606410324,0.0057772911952289775,7.029118373661982,10.295113693586416,19.81306787355816,4.81548577491233,1.278506058078377,4.115744451873186,9.055172206667827,1706.482117961794,13053.85706208213,838.8966518973244,612.5994014161697,19.391283988991084,17.047927316195892,4.184477023504339,23.069743247454426,55.184183791895514,0.7476558807773096,0
0.1738303442308836,0.7690495692060966,0.20218658533961142,0.009209518128816138,0.011112540581128585,0.16094810630680578,0.029816819229306894,0.014311230248026309,-0.01621256633236167,0.014568558261712956,0.017334526957192526,0.052222904304089254,0.00642276130929193,11.061208711897804,8.242262728678831,14.57664551250168,0.7802026417367793,3.594407345379129,3.643632605416398,10.983770964685768,1984.7246808982347,9010.659559611542,854.9931519211246,658.6946444436597,27.82806415413192,18.494079337357174,6.131745195889108,20.295902039707453,76.98896304410711,0.7476894918299576,1
0.19276783851216767,1.4289561244702702,0.3585266708662386,0.010184316886532605,0.007696215991490902,0.07103831026102153,0.04637531941697632,0.024480783410128916,0.037851102364115013,0.007283992498118315,0.0401780644879303,0.04637097432879997,0.006935149824964315,13.718221785734269,18.924443437470927,13.819829049219795,1.665056165164288,4.053754528595037,3.771211486141084,8.328992183817688,1544.8689898450673,9625.559180514221,873.7158869027606,532.1673425238372,33.61869509822696,21.122332778622997,5.360490273502023,21.98478756283596,42.55345296688583,0.7974807075081736,0
0.20887264006937628,0.9858733149729364,0.21330890911191325,0.01833064128843919,0.015317728092492175,0.08010698246627654,0.018894538239736566,0.023924560184705203,0.02631515638969513,0.016489582528303813,0.005654191390956511,0.02839834003501815,0.007304160474709816,5.557382936422968,12.955519125052522,10.046512452318838,1.0454971172777932,3.240216247373062,2.7711825785443227,16.12287274072013,2172.9339477809017,12233.301300031215,795.7395829417428,546.6958235203906,33.30539581355388,20.148249543038414,4.08194779384349,13.417579197005013,48.180157520022014,0.7424982308320638,0
0.20474876269368278,1.6273517334776066,0.20091299157097645,0.00778729101861092,0.010921064368358902,0.029210131827865568,0.05909652348293301,0.028766058798421795,0.03441299505886157,0.012822491020237485,0.008369971422165558,0.01158833548327045,0.0033287866667072786,10.782016937341435,7.985354637934446,20.5158696939682,6.312522396509806,3.0712719521419327,1.328239097858896,12.917580812256112,1965.853902144925,11806.308678096431,845.0259994569097,581.5727742711133,9.079066102008518,21.162983639161013,6.690041251655404,17.890877706861147,80.9707754934804,0.7457039244351562,1
0.1892657706023621,1.4085119620055258,0.28966440168220564,0.006029687973084709,0.010034548996492693,0.0715667908698541,0.060401834819822024,0.008347980000347114,0.04286857874074649,0.009412948498275652,0.035042129006852295,0.01017611564750891,0.008517522479520137,15.50337751549467,12.560654559631024,17.6327388957684,1.4741319460697377,3.587829943413168,4.176804356294751,13.519231024137412,2038.5017081608814,10023.257875171797,804.4145998527674,532.7175170449418,10.239959488541077,25.864186633837917,6.07575733572943,25.297692627957108,78.85263558533102,0.7377851783938583,1
0.18170636285130048,1.710786154435275,0.13127546680605318,0.004015364747341401,0.01452778926607504,0.04244503893892388,0.04609866781464651,0.004330406288326472,0.02240565277230887,0.015886043937084576,0.0312643371674603,0.0409505306087124,0.004299983490479229,12.737878675954793,14.457067615860284,17.258501004879697,4.030766212647973,2.8367191789009483,4.553347601666115,12.738353188351212,1561.9549213800803,12880.959594774435,866.6445614451676,545.3741382168673,26.977976531034436,30.471973924731046,6.462527431149239,28.996356876166523,57.715788371953735,0.6903920322660015,0
0.20844739723397016,1.0847844504311694,0.29844849861050504,0.01364167399874228,0.010424590360455383,0.07906621466778237,-0.008124732401787613,0.028917005810695753,0.024976655607522425,0.019744815557238095,0.013874490976459382,0.03798009518487705,0.008556970414903345,17.817021802240262,23.51863577348619,8.50629156694754,5.618855448278429,3.8870119817590583,1.3696294576249315,13.673813344573121,2710.5180404706116,14160.711602547288,827.4509118694214,529.6214894034257,27.89025684960316,32.00457388084648,7.457228997402153,20.18322952446021,38.39039066484008,0.7804270267613886,0
0.1902158417705519,1.377909523132638,0.25364511049135186,0.009476296779495495,0.008252920065215134,0.07619660887791135,0.04125708960914261,0.021928618431501908,0.0322483821748886,0.011334878915637801,0.035092400198275,0.056859126632624525,0.0012036738094982043,17.521595077822802,15.965254014790574,21.15242178179176,1.9864327047619614,3.717450588382034,2.7875112034466896,12.54484564438326,1887.6635255895862,13133.633864124122,825.2149013683247,586.7467104007717,20.501606520840948,28.029033247007686,2.4280614079267906,22.456604615209677,73.1997527842151,0.7116622951386299,1
0.14461848190221763,1.1173554881215813,0.19488915659396755,0.011532672759035602,0.016086531018691633,0.03304451824711201,0.07508076217842238,0.019925192032592534,0.07971352822029679,0.0062867041711381095,0.009295317569799288,0.05677039017162544,0.007071713884977276,15.078923866803251,14.528780782376241,18.12303322447139,2.342882027844695,4.693359893815835,0.7166920426112187,12.252065282799279,1852.2675848236213,11148.46025444928,814.2611768234495,557.7171922551073,28.413558738434993,31.267214115388064,4.811032508729038,23.840324688734707,49.23108130476851,0.527664267203101,0
0.1787295085076929,1.041508128759296,0.16361260417748102,0.016161295919279544,0.0133459046012758,0.09018486607823971,0.025812487733761734,0.0279850133790722,0.03259955068325512,0.0051612383022645,0.02505389011732137,0.03409714600435382,0.006330050524877423,7.63427061676735,24.07838727540158,20.043812535665676,3.198463531032802,2.6784166020348326,3.749689013218497,8.334790890922472,2368.9344580918146,10470.079293782728,841.2304856269274,592.5449084193708,26.811001622720536,15.971833541887277,6.115788050340057,18.699621334496783,85.13267433113356,0.7382190090549013,1
0.17633606762559223,1.3446644244988066,0.30855644020078765,0.006593351302662427,0.01628487768491393,0.16618208205462523,0.06823212134126644,0.02372842248655825,0.047723329959967774,0.004351662703447315,0.03041732852654597,-0.0027260357019891907,0.005439951534156461,18.97387019230168,7.329095196563893,21.39807059588874,2.076911511367684,4.5642981143394135,-0.04994866656019026,8.885679040616898,1578.1572674051297,15798.37064167374,839.7285743398413,560.5321860468194,32.38411855386414,19.158956318973917,5.465744386046996,23.698627110951495,50.212513783365225,0.730523501393796,0
0.17473103567835502,1.166512816060315,0.27010533185904817,0.008005464416846195,0.009251053201809833,0.027451110521222406,-0.002094100195956246,0.019929370954491703,0.0560971187636016,0.00521036080252366,0.02201529605782502,0.030384377044345406,0.0038979160994266127,14.944968391857962,15.025715702709247,14.062005893615801,2.4916085529762855,6.176059224630514,4.041599013220855,15.832122115539667,1840.9966087875841,11517.730111224195,856.6425118517278,610.2616314874962,34.14367789534624,29.20389686170907,4.7190822648248325,22.232146300321986,107.20169166589619,0.6837846409670537,1
0.1312236568344714,1.9019732286588966,0.2651462645833899,0.010125583462131106,0.007821554974899819,0.056936757404424734,0.05328823481070541,0.011034144593528085,0.034473294099115655,0.008510253175933884,0.023467240162419505,0.07796898571176139,0.0073397360758096445,18.32276207197091,19.61991339560075,15.601865644777805,4.189442408168213,1.5969041100265597,3.9503591161225757,17.368123347285472,1896.7432844510681,12424.724107616155,899.9400409080288,628.2254643547764,29.15607910486642,33.159955035563144,5.645895255577449,14.709211043211937,34.61875464822146,0.7040194430334923,0
0.15828349742229628,1.7421771204421983,0.24189754250387738,0.013133434842096125,0.012422634918921623,0.037765020475067336,0.037560925208557666,0.0013329941319605819,0.05141881987884397,0.013878376498078446,0.030270703006441392,0.0010556444148408298,0.00702283051004376,0.31899528110942477,12.968215743147882,11.192722216180746,2.7037059937962473,-0.14054617519515045,0.9762418437847256,12.204501301159759,2058.088475275479,12121.09564072842,850.4626891266695,559.3441006135691,13.527418693318111,32.904074531466165,8.846828756526273,25.724804054747025,39.297752801095434,0.6207986493267577,0
0.1773144167562739,1.2073606523133753,0.2737795418704099,0.016430313225598042,0.017486100958032193,0.06765398037936968,0.048513535154277386,0.02573447493355399,0.048674993719219246,0.012266109511414486,0.016629736253186235,0.040621702619518994,0.004112029969304223,18.873866950371784,12.247558698661852,16.074922681663757,3.8535443058896384,4.260851546687507,3.731679026266347,10.80301156733311,1362.3639206167572,11434.775219982723,784.240514057794,563.1965598026313,24.27567008201299,21.54789482318271,7.113412849810523,19.05876299341617,44.91913689082596,0.7309563530622459,0
0.16883396492107938,1.6487431424921883,0.2623594932476201,0.009225178480780152,0.016786524112967657,0.10132029173540821,0.013494160783382711,0.015361455704940543,0.0626585277460207,0.009650740659081785,0.031687227942312365,0.027175163578629362,0.007143061393801484,12.807955559816465,10.25199877967498,20.193271436598675,1.8127985362307195,3.2108346048101244,1.2106557095448243,11.697417230762925,2015.417590692452,12988.932976704746,879.1074554400446,604.6015051104417,22.20073735620631,31.898676055432855,6.758279048849585,15.66885235465388,55.82283989275424,0.6873321856703383,0
0.20042766590858796,0.7553679001945794,0.2828440068262093,0.008032172380522068,0.01395604663618697,0.12439664308275897,0.021298455168473677,0.013724599972559273,0.03225017370189132,0.017259633161573612,0.016837034636351556,0.07211712688726654,0.007132114917664134,10.580050505389993,22.3868628031543,24.84828342475548,1.8715667673577976,0.5030010224617305,2.7923732214900383,13.976072441716855,1726.9920660368402,12754.189454884689,828.9442482927324,552.8060826138619,12.933263504954423,28.10241761963644,5.150146043864865,18.934089357990853,83.43618289568461,0.8385924209835538,1
0.18668352834489793,1.8573512623218136,0.3146428951521657,0.011871801688527406,0.011974466839863876,0.17917478307382528,0.016300256417125045,0.024957655730155105,0.05582280008711767,0.009496520635914114,0.03542888105539119,0.03381847463510212,0.004231781717940157,18.273442465040723,18.75638852571305,9.253477113049192,3.4217477143419255,5.570294594010419,3.3126858255785496,11.470778839115017,1971.4550550203508,12411.309331859435,868.7107963052857,515.8830434723604,25.956281042439223,16.499675265410154,8.783903870300946,12.538215877468634,71.24381746615242,0.8114437515486878,1
0.18735298585982843,1.6050549638576288,0.2565022737644959,0.011578319941936878,0.0021835542608051282,0.15794898923286005,0.052154421919648974,0.024547043964167743,0.035096551562972284,0.012927607664284338,0.021593931977762222,0.02368072097294603,0.00476080003979262,19.53805905523384,10.60423400453227,13.367911869259524,3.1770742000346615,4.2902761803271146,2.762654795233671,10.380174255841975,1936.7868558271484,7888.600452087567,812.9799963778022,578.80226211769,15.16287928183315,17.75958395928005,4.570880106046603,25.561554663352354,76.84730755359655,0.7323030193024783,1
0.1769832457686661,1.02071015347994,0.21744918043965003,0.004576118620560145,0.013828799930464578,0.03650833497199687,0.022489820387210008,0.02336583045459035,0.01749807345953942,0.008691096388286466,0.02220129187487776,0.031800831677339166,0.0029898562514923933,16.827159214123547,11.905082745569384,18.535294292006018,2.9210821899654364,4.745242499546072,1.9197584706422417,14.087883765910814,2226.4081250925738,13697.321904344446,851.6291170997899,600.1153874047509,16.264955426119492,24.423776089741295,4.235312764301769,25.36839798222971,90.32465260551147,0.7724433941908543,1
0.17225800595051197,0.9642913392842775,0.32204264618652734,0.010871209358994905,0.015095164732942663,0.10448815476670138,0.025131793948641838,0.03074529790229931,0.04996223991289083,0.013378322266284883,-0.004301223757273563,0.0555774752940075,0.0007657737651375783,7.49081537685081,14.047571510974471,13.563205629251827,3.9108825266323826,2.0362017467906446,4.677704117165016,8.193382222182663,1570.3941106337363,9259.724514480215,845.1969275892385,639.9715103390274,24.83348728537647,30.229017256839956,4.268254159660321,27.61424047524681,49.771399728467316,0.7846559427847761,0
0.1868757576309977,1.285029612252886,0.1966521026438749,0.006364921316768107,0.009424145504539912,0.06123936982080344,0.03185255175897847,0.007409350885518067,0.021563526873595727,0.0028513787848481447,0.013170648936848137,0.040518883612496004,0.009326084519192234,6.027782074555493,10.520264982056105,21.845571838373754,3.869371871977206,2.832124972201193,-0.4913988493955235,18.01730488352891,2565.7006355165913,13620.102793450033,829.7110026629589,606.8591068572835,17.081799937043506,23.194616173746763,7.113603101766294,19.57662017530698,50.10560557481778,0.6259390676872046,0
0.16336355583539108,0.697945851210642,0.21019420013526288,0.010443545531313672,0.016850875412839295,0.10852009552564948,0.03907810458882694,0.02415802725720445,0.024135576055859313,0.005722361560296881,0.0340904596641209,0.03280933951469713,0.006299990179815479,17.110718460976315,24.606187085448063,18.84058476215347,4.128654301226219,3.616381490822657,3.394552772726856,15.611624225380785,2429.6029014105875,16950.129278338605,832.2765826787731,615.1938369582756,24.616043747205328,14.903572414606941,6.196173165287304,19.961038114947034,58.520553965142966,0.7757152900428395,0
0.1873496333094861,0.8137340785907168,0.2897120094187153,0.013013677854009724,0.010156903171071503,0.09058905101977717,0.020100708982185987,0.029537602558113538,0.002159328550286596,0.0038862486063091254,0.010500042964803048,0.05555753042083944,0.006638241683737083,3.5916896378971135,16.76005795545432,10.70706887185007,1.3862121572432,2.5657750962182257,4.229998703875888,16.328820203513793,2436.3992874155138,9239.303292532124,857.5105782535317,541.7607233555502,44.01779434008614,21.03493336604922,7.312864826365078,16.502565589620218,80.67528204687923,0.748538724464341,1
0.2219944357833303,0.905878615727219,0.27595668834820136,0.007944397493404629,0.010672197437407294,0.013128061099516294,0.025585424860832668,0.010998397721263372,0.06374854303364,0.013209395307388846,0.020520206504396198,0.027589978835533505,0.007532911919699417,16.061900430117447,10.982952701037814,13.987784129083321,2.744111002814897,4.17655070365582,2.9085907323210045,9.069204536728309,1984.7361045068058,12482.646406598782,850.3744211645782,556.1804003004286,27.692736311216493,28.804672887068122,6.92756538076005,14.829770696734489,51.36387787786144,0.7425671090283423,0
0.15407766671500212,0.8459005255503109,0.19794721381052932,0.0177689823790252,0.006339254296419967,0.04173147842840385,0.024018618295398902,0.03676454961914663,0.03838368853672885,0.015558157370705258,-0.0003435586788436279,0.019378816592426483,0.005163502169440338,17.755300621079662,21.08774010975358,16.61010239827607,5.494059024005245,0.789238654785426,2.150985407219965,10.221768811764155,2132.3313453101064,14137.836830476068,845.4336714698319,616.9238778825011,31.00648191081286,22.925961864145638,8.428524368996445,23.705661106305538,85.88317206484577,0.7804794796147526,1
0.17737054808656663,1.4294977684017653,0.3438753821305956,0.009771835332588233,0.005273322562923793,0.03364747328946585,0.03315269116881888,0.021144760588187792,0.009666749074281573,0.009064172260680696,0.023092783851266944,-0.026403376444813817,0.006492695905896998,14.589284772135676,18.342813081685634,30.483477568860266,3.280652305833409,6.698890997192047,2.1432449753442087,10.626631941422943,2126.6742496275065,12500.79739455861,839.2239973670004,614.7271709221288,31.031197098189086,24.854867969197066,5.583269247735805,26.48873523812311,44.787671828692865,0.7152243796896743,0
0.1850633047607596,1.2903046092447017,0.17044571825601662,0.010428831848160534,0.0013800359093718226,0.1680710266998386,0.02871324705241667,0.02148547903592639,0.07112832071143534,0.009649767781360176,0.021834542264722326,0.03079813389039522,0.009593506930852983,22.54773431306316,14.599314660600955,19.544445181846434,4.411884595003379,2.933609819582135,4.0337843980472226,9.576014492655382,1502.0793915855288,9714.065602709099,880.0840820296025,610.2253393072826,26.7339207029198,27.99751924025991,4.56121805685613,23.07383245800396,77.4743184860684,0.7601616494421647,1
0.17093503181953973,0.41955925438455,0.3411644428820375,0.01033807390326131,0.013321273818036695,0.08318355877595715,0.03880707987755827,0.018688886613195173,0.05540100217835172,-0.004734521096420072,0.03235943202228103,0.013945565675501672,0.004664116659080991,12.22437422098194,6.502852401962409,20.642970337392903,3.020479368112585,0.4125218488030993,2.7187441744068406,16.137334209505703,2205.387498893567,13435.061032801357,869.6493938174151,543.9480116951875,23.177909690301036,29.85302088309185,5.642990713904324,14.773108314693605,63.303358165442454,0.6503445867610768,0
0.17793556494135007,0.9882671550206517,0.27548168038390997,0.004635741146793725,0.02393983852762366,0.08702745296899109,0.049913875087407245,0.012119237460963288,0.07563369572933704,0.015035589117061866,0.022192041876335885,0.05300273607359232,0.004510487686431223,12.556001008245342,4.900369130288624,9.789125964507779,4.270083508156265,1.8296742777935378,3.840621948313058,9.811316765557226,2265.5709840949935,9889.724906135276,885.5012741749917,570.4548114051271,30.081048311841855,18.55629052190161,8.234471763437373,22.915506959414397,51.73976467832159,0.7530427237816629,0
0.20493783431069437,0.7295306653780878,0.256760411655429,0.009563906320146144,0.004522292317508981,0.07647002875210868,0.008371732385214256,0.003119656748023218,0.032558713493373484,0.01840382856694095,0.021632556262921654,0.05306339396909689,0.0068971617585036945,9.323418593806135,9.008192265004515,12.230326580788788,4.339583890066555,1.1981807716601056,5.013380289455416,10.811595838903306,1921.3315588298503,14203.835661282765,819.4989714174415,561.0715524619842,28.570028079657956,32.01516713763433,4.948816346240695,25.666018361201825,91.58110873500068,0.6936398763708748,1
0.19251016033662072,2.4972371878378934,0.4410697594296351,0.01180198289511214,0.017241999439067707,0.03715609292106928,0.042886210002164006,0.02258887515712706,0.040924232073418346,0.011855268691076816,0.018864181317692113,0.048931027228469474,0.005574620531389763,18.968196471650515,19.00819858451846,20.80476345371281,2.6202772499355826,2.5454372685793873,-0.8243090171050209,11.201687834261348,2283.5780233682412,14350.881289911731,831.248735961998,672.4183709892148,21.119854615789777,22.848427376245052,4.490381245411684,29.42577781854581,72.27174785462428,0.7095905625453679,1
0.19234011899153394,1.063636849061568,0.25379947746013143,0.011501823430509012,0.0068100432250538506,0.0875875531436414,0.01886564204285674,0.024799397411482786,0.009500301197118807,0.012692515783195218,0.016699931313751137,0.03932133496557207,0.007763492801520024,10.555375954701146,7.900873432712152,17.01585083317195,2.5665341126007624,2.629765004285164,3.6838539497514704,6.557075635831149,2047.308265988843,9246.422350085686,896.0895272145414,560.2218158871818,25.74709576120754,14.846085009375544,5.9634482362562355,20.483671447114958,49.44522880839745,0.8065186535565707,0
0.1679203874806154,1.6998019602824634,0.25025181815250613,0.01490813838819549,0.019232816456256838,-0.05311419795706597,0.01022941984268199,0.023120621317267383,0.05373654990905677,0.013958726370043611,0.02965264384380448,0.009253476033973144,0.006412270759245208,8.70352224059981,12.803911175890937,22.438442232017568,4.317308348154968,0.7525772860130204,2.519223414501046,9.01307277826752,1590.9604951443614,9172.061733185772,890.7155274092281,581.9262221687803,28.839462486391565,29.10704161550137,5.277133550428557,23.66561028471102,96.28615545571292,0.7350785324289871,1
0.197737747801946,0.847572665335483,0.183115027831998,0.008350083952448253,0.01894882066973178,0.07501464033540901,0.052433782847758376,0.011641297443816942,0.053717809128758405,-0.00364702192461867,0.02816081044113939,0.06710237146070692,0.007682163077212832,19.601980806272422,9.22251978935618,10.569803058070462,2.756208052985615,2.825674105122919,3.530965327595513,12.18796843480739,1815.5778151646346,13661.010377266983,849.5338552379044,489.2976662716279,20.581804076618845,21.792165482252337,7.092275569634294,30.07314917193286,59.93317900880889,0.6917530891223385,0
0.2014308630446977,1.3067273585181607,0.016859520814644702,0.01282812943844314,0.01003194208983495,0.05493301924918287,0.006644851682001577,0.0059328056744044205,0.017695655440581617,0.010898476905531035,0.033869598902732806,0.03751493763439317,0.005897210145614953,18.62037525372152,10.845586680724349,16.55093258414352,2.233203302157923,5.514032188139895,3.624594388115845,7.909392408815902,2234.149256206358,11748.24134521182,803.2684865041109,542.0365588685952,18.17503224739345,28.047779844979015,4.379749835827296,17.175463722952966,95.4993440501754,0.8078452300973015,1
0.15820733925315222,0.875599654548462,0.3009859746418458,0.013042024478336571,0.007108460250887511,0.13671870627415192,0.035043897084685735,0.017831729497778566,0.024245551334689617,0.012549436239605975,0.023093904424598202,0.05569833569750167,0.006193732064951751,17.326920384095878,23.066794645397422,16.09935071186973,2.353350015711461,5.3522995357912295,4.758377269477261,15.998405191428297,2270.2747285355927,11915.64778700672,798.8525475781311,585.9508139699766,28.900858940488973,20.779311381529162,6.9075527112176545,30.881430346639583,82.59882794248423,0.7396156905429678,1
0.16263414536247267,0.4639689021976988,0.24364892604754376,0.009745705843255514,0.010597489732941914,0.13131209046489575,0.04885877239794467,0.015695723011992842,0.06019171935782387,0.012150714871576856,0.015652650318758086,-0.00012165820804136904,0.004984614459639818,19.59593076838477,16.67563066536832,9.318318884220046,5.837182672903831,0.9335615159046595,2.6505674798271994,10.867185140826184,1862.9997230285821,11562.83959182415,872.0344496793381,617.3376163267419,11.511156300226563,20.496801260109397,6.1337872654628685,23.16494333740712,90.30999522495951,0.7169816907692748,1
0.15787412975176732,1.2745664678976185,0.2902472294898997,0.018215274760346383,0.012485778935431239,0.05717264575001893,0.024002450510067753,0.024259109671014113,0.04266998838122743,0.01532981859865913,0.00728715750885898,0.030795989082320323,0.006564705327959305,11.656108806094387,19.163328789401803,7.304725392147658,1.539200769460115,3.833596978654503,3.72079449378294,8.852355692978506,1397.0212206594279,14179.008919126112,891.5571213882441,536.940718004204,38.920458153573875,28.70336957167862,5.340196556386771,23.325570026907055,68.02122107411151,0.7903908810761975,1
0.17531960281786035,1.161350531994044,0.328910120472475,0.006935516677557317,0.011190225915293363,0.14511333581969788,0.014935924368180583,0.022726335143194144,0.019377878934114735,0.009460081569936949,0.019241012149203394,0.018315418136158293,0.005098431013813069,18.584397674097257,23.44411096151338,25.485636061865137,5.469425075375966,3.4123961716051308,3.087658042325381,15.540953517532875,2008.399863558369,13266.602472511297,868.9602496857957,581.0302140369305,26.25975393867629,23.89408486076617,8.723936544348291,22.479895816182157,28.490301916069882,0.7504372015902732,0
0.19337309609515813,1.4193278510217995,0.21994930673875715,0.0025062347841815335,0.02480251479677842,0.05256688764084824,0.019845664617005723,0.014612151621526114,0.029458677635204517,0.014205206384808097,0.017403131365589315,0.001107174938631713,0.009715181753299332,14.91315996245451,15.712024333140661,15.93080977790867,2.971270364397988,1.8116188608378654,1.417221083053241,11.007529431827386,1981.483636795573,14486.38403828971,780.4180558031069,580.8598762275981,29.946815438463346,28.353528826995884,5.486959199627916,25.678965269898573,81.15674634292859,0.7661155367317954,1
0.22113087129659081,0.46732710111758946,0.24575145586424715,0.009282995898572352,0.012097998082888141,-0.009111169761995927,0.050207586265665266,0.021756035498043703,0.06261053239074622,0.012980407470662435,0.027520463836188298,0.06562799433201716,0.008687093013244104,10.545072790232847,16.974100102060884,16.819202171463065,0.45531276833029377,1.388305850465997,3.2117493740819882,16.40764031918097,2240.7874280235433,11121.68933210638,845.1334255293534,551.0153044580125,25.82306140909418,30.779972268361576,4.675113690911926,24.493959367021883,73.99361310081196,0.786811078363825,1
0.15189620306392848,1.2730004122396854,0.24887208272746628,0.01478764379504541,0.01478568809201741,0.0970306740381642,0.017020029590536848,0.015407796020107594,0.04744162957334773,0.016188690528746125,0.026422782566710316,0.04513454005706856,0.006963803264080678,8.090186075064977,12.254727844205672,10.614330307762877,5.709423444573898,3.832300860321732,2.654015746697927,12.144576531779489,2223.805878420761,10979.50042054294,818.2895048783392,637.8981932938482,30.682739850819882,23.417394929981576,4.58422986663202,20.867178621610336,100.9238727568546,0.7791900986295721,1
0.16079907409441072,0.367160518724405,0.3808638244908652,0.0077234072053098644,0.009224916492279453,0.0295536866060825,0.06333326518455046,0.016072737615741826,0.04390324094283636,0.013603196156786335,0.0009737376356855794,0.01690870116808539,0.006019627480792809,19.3963195258328,15.754338142557813,20.664211058564476,0.8649948076779199,1.6212620122889965,3.1257035394170107,15.4997316167202,1786.6824930198525,10124.78444070538,885.2479972788412,629.4022294203033,11.603608886037561,36.10175897063246,7.269941041801529,20.282308872852177,65.77746290402325,0.8059554499123854,1
0.18964133454670773,1.0468731241548124,0.3556331207827067,0.006740975988705808,0.0021773198094853768,0.04526289455906462,0.024632624017252382,0.021143087530592478,0.041920185359941,0.014449284758927473,0.02096377123114036,0.031680203818487025,0.0022769732786815993,24.805521456457335,11.982810827556962,12.602702945247707,5.344002757846025,3.3154268458428424,5.087993547169004,10.726070013252269,2047.570008640583,9281.421897159671,849.2297421893654,584.8025558292591,13.752378691314618,26.69423548220805,7.185630254644533,17.603015883931505,86.81952971294965,0.6860931802154776,1
0.16983719604705377,1.1773646044400417,0.3187667897874845,0.009931975702064676,0.010448045043112173,0.08828470450505281,-0.009693758828918202,0.040355314567195946,0.02063032706076209,0.011104208851451762,0.027903910765354697,0.05416549481304278,0.008745499332497747,3.8521221294406143,15.56760748238971,14.707888447400693,4.015332306721073,3.210638801167251,1.400019946621839,10.404469131566318,1766.597326290034,13519.71301011892,847.8727567875773,568.1022098142307,31.102908489491615,20.885903672378056,7.1534578378477764,20.770576188833626,50.40639100459756,0.7105864933166335,0
0.17952895698251523,1.4089002544071114,0.26813473987956776,0.010428229811969187,0.00459209614224316,0.10767632505906988,0.017263095714592207,0.017181551506029,0.046310458818405065,-0.0008989433069512276,0.0038997832709100344,0.036947796834171105,0.008893645680223067,11.155200436626039,12.175242366723898,24.58924000803333,5.640942051936738,4.4253624775756455,1.2923061132685436,9.416930680535224,1467.1103115302662,13076.16957262328,878.8514788153966,601.4086059043879,31.12504270537293,19.966334687408057,9.081302750386559,16.29225466287795,40.51986099583756,0.6720813725931968,0
0.13576276177340985,0.8879203483530149,0.2116993142782649,0.014161723570579356,0.01169451245997066,0.08258185839927688,0.031077946940664125,0.018288206302036005,0.02741532473225161,0.00766886304141444,0.025135213692547353,0.021357579137411604,0.006622779875392854,13.594029939012854,16.83073262982841,23.992074895824096,2.592000041537796,1.9920357699697564,3.232458027834709,15.565797541603304,2050.105393435088,13312.087134405921,858.5489474548809,590.7048421025066,26.547030010730346,32.01902366420176,9.180214701244267,24.03252172996875,42.778721911080545,0.6292576125304118,0
0.19086958757340186,1.4272412820514584,0.281168361927359,0.010959430983397188,0.019801277647654655,0.08513079977837594,0.04251169187350001,0.009873144366315072,0.06178544493862198,0.011783338036249235,0.025247925755013216,0.023694436250957122,0.003790663287795787,6.463870027147237,12.71343546721648,20.956175975903708,1.7454922505030583,4.07060282949204,4.350308480175741,11.042506550345493,2371.656810217512,15586.929849754357,840.8021642607324,520.6692403820622,23.585966544521494,25.67913417286911,4.686872243332359,16.568783566051902,110.78880808455239,0.696750469331874,1
0.1716526637278983,2.0383374007236634,0.3093967130874096,0.009358322472098609,0.008571625412049349,0.04826009514781238,0.05532660535912577,0.028201435941230597,0.007540500759928716,0.014856721422707407,0.012968435377441863,0.03879339444546047,0.0055382717776041295,13.241628785781144,9.120945098304011,9.577646882106082,2.859071451551573,1.4173475545999734,1.7645353052165342,13.009070212411844,1853.2002873613383,10103.29178675665,866.4966304570605,592.1361868238902,16.59299640278783,33.55650257655232,7.007234573560159,19.673863618390822,88.22544912103189,0.7210088122620376,1
0.16339111186886868,0.7171913408571138,0.34652865238911323,0.015290977867540544,0.006045417470131366,0.08733458027282398,0.047647941795799606,0.03953059695539897,0.04206235164891274,0.0011428872427807803,0.02978002975998409,0.05879908082857262,0.006134940050514446,4.280165841890028,7.765585166196484,14.014460060313024,2.896170888087723,1.8685130421803897,2.6600330646505363,12.66859198863088,1964.2742472718044,11663.986387100866,809.2652798010012,571.9929745280596,24.16634469107977,21.190732279947873,6.233527885436443,22.549742691666395,44.189434595917376,0.7127917976942613,0
0.19536414433263474,0.8800237973192262,0.20444401804063117,0.004403686287262098,0.005777567750555671,0.008348800915289348,0.011283375404188688,0.016368244412671838,0.03940392436297119,0.005436606196520664,0.006693509169793737,0.02803937857440424,0.007142566106328593,18.210538794993067,16.72543093007541,13.866196016749276,1.5809399726226703,1.8995880808700405,5.215130594773392,10.355511363179554,1869.8861279926932,14005.449100163249,831.5205597074545,503.7112371596832,8.901211925433113,22.81965340976818,5.949595804108192,11.752807541757132,66.79766792979358,0.8708032348515974,1
0.19028509512035668,1.6255763950243425,0.1593772038985804,0.01262356855115033,0.01454844615612328,0.11238587076970052,0.02934992213884621,0.02023104346000731,0.05013831440272622,0.008149816937159016,0.013924790900792896,0.04817874993777199,0.010005894168152573,11.121070053437,20.144245768047973,7.125600062686327,3.1450360543302294,3.086063330710472,6.508234412292367,12.251944732484263,1884.6595661901736,12407.320845452356,850.3059304602135,522.2245794200692,32.84223192887502,30.320416363627682,3.9251839053999635,23.499782343779295,39.76813095216225,0.6448369245048146,0
0.15201387650396117,0.34696174953806547,0.2785578207413541,0.01159219286603705,0.013423772966927842,0.09999383209940131,0.02343249481166395,0.016689756657919195,0.001535674275804956,0.011465044036293275,0.028671568891001864,0.0182615478910981,0.008770875563312765,11.717115183265392,11.019342472285226,9.840010543173804,5.981301241535052,0.4983248091787833,3.83565367040421,11.363867062899027,2244.152380778167,11858.33218494949,864.6373825638366,632.6502086502061,24.14654092405582,28.91297563342613,5.456454066153977,14.844512537081501,86.51391251305797,0.8036954626166665,1
0.18873477103467018,1.1047558254751784,0.3298105661536196,0.015010162924116922,0.019082058958501465,0.19901801914616116,0.01962724005030848,0.0007443263966712271,0.040806153986604955,0.007233794990801004,0.0005266012733807675,0.04225252754674225,0.004603052483573708,11.36555308397644,22.988374983524913,11.62480494290266,3.349931372336069,1.2914150007904346,3.2271506402410775,8.715058145663152,2145.9907868434434,15857.267601787928,822.4391691723981,521.4472566339583,25.760441789869674,20.964040679820428,3.8638895359993723,19.649169602190806,49.24362173762226,0.7983978717622835,0
0.1609212116120671,0.6980309327990829,0.22221581688337255,0.01481030602090091,0.012262631841076581,0.0966531508096119,0.010259076421273692,0.0032885283520465124,0.03630246487509469,0.010197848620668241,0.012368936465545242,0.0484210625609585,0.0054577697032761815,15.80352275639231,20.709482684840047,17.662982438070326,5.645106068877783,4.311254807844749,5.970231527297089,13.771356902354174,1553.8466556349902,10234.642355678807,813.5633007303193,644.8943263505346,20.531089814950974,29.952527122112627,6.987056086788644,27.565073309837338,64.82690983945514,0.6359318247052483,0
0.1984854027907566,0.6803134546216703,0.302432306388019,0.013100460486356345,0.01901004662959561,0.06718440546769745,0.05326001939410608,0.01664221382259578,0.067272145903994,0.004419679119640525,0.005487807837400644,0.040107867524409264,0.005348973174010127,14.243185482121287,9.51687477926341,9.199898090283558,3.202360674507192,2.000280109554778,3.270841407296205,12.173924089846992,1910.7072392010512,11216.246945774881,857.0829188264522,568.0269210681646,23.115150053088943,27.34560177432377,7.053171208765129,15.63958822848079,89.75545127122359,0.7277631400748337,1
0.20447137764837253,0.7108419921777744,0.31272022234485986,0.011564511507730905,0.004282745284071265,0.161859574650252,0.04259479028817476,0.02269306189562338,-0.004352181603040295,0.012321602804133327,0.036127802326970396,0.05699092627667487,0.005398371739250315,7.611139461233415,19.414624027933762,16.074323547319324,2.7037070935631777,4.414145587728465,1.6096727515707299,19.171944403007547,2096.614161297708,12089.89791404142,864.5173582713842,574.2069002375945,14.863984191029818,29.320785561420266,9.573551038142279,19.828364896528733,74.81729781726352,0.8746048790136505,1
0.1852697443066212,0.7435965960989046,0.18909157841528473,0.009112446914830926,0.007509863868377708,0.1701640595783353,0.012976390351050297,0.002605747557677219,0.04394626824580533,0.012965270251415107,0.03962068361898528,0.056888678161660086,0.004110494295982221,17.35285729700149,6.386387592173223,21.111726282339873,4.794391482460313,4.008679163079234,3.227728639115638,13.862626247720241,1848.6947438179227,12260.173872523475,875.5616134543008,614.1266727873675,16.280496801149162,33.573924668329795,7.555913070959731,23.943107401004976,44.29915233673847,0.677823379837382,0
0.16226638155433085,1.861446907396914,0.24709355135661265,0.007209124384407021,0.007970041344702923,0.12861560266252003,0.013050522188698708,0.021165080524758708,0.02410681631708392,-0.001121920543044344,0.02154648543236625,0.03581826803184664,0.009075709902652964,15.446141434373745,13.29639614233959,13.999327228859311,1.0761649604920684,-0.037554471764615904,4.341986177538008,11.255708851104568,2061.9979095483473,10010.697140057588,850.2857913165941,606.9799679373829,25.69238118094382,24.13586022161792,6.438910862258405,17.645282246676302,80.12592400781794,0.6940039224556083,1
0.1836766903264501,0.6445829784675156,0.29056162177082856,0.011180930300162413,0.007255235861156609,0.029984103022015623,0.01368180929702894,0.029338104260749967,0.02864384315631789,0.009997606409657472,0.03594761989043864,0.032221349463912655,0.005600140153763166,7.618847598453008,25.70485148165177,20.8438445850556,2.575060560873432,5.863164410066604,1.1144203880348362,10.52901466697218,2002.2295407319,11606.436333234527,857.2300941298708,580.288685843516,13.980506800936833,28.66206773807125,4.188016765783241,26.272033900728825,71.71004989077927,0.7099145727814171,1
0.1701619510498759,1.1090094960186367,0.3548153526464718,0.011835976006697163,0.020704707432984956,0.09528386824281257,0.03690828363287707,0.01675823138959359,0.04717696145357837,0.009397512930503202,0.024423362599761973,0.036262860462670646,0.006899425214993017,7.452241887650226,11.57032748025191,18.74791285686815,1.3051678681458734,3.8204527096908,3.164005355396019,8.011519283421244,1726.0852448009805,11396.30821169449,812.96733483801,614.3669104269595,24.84944257310928,27.03403093815445,5.808487433379128,17.618554827195354,77.65412866624852,0.7707893085538795,1
0.16921754593702043,0.6267392741901151,0.2883488762743538,0.007738428118858394,0.0070320349803427605,0.06040114620868331,0.04338170420535048,0.02685656392513711,0.02738272978633182,0.008932836514560378,0.008799148674744654,0.05274117720091044,0.006093757086606623,24.408106446788857,18.674824078759926,7.5519519382449865,2.625122272740707,2.945158586056244,3.776960064435248,11.234934783656394,2198.928206402103,15162.751938342866,849.7970621903053,597.8468377777299,34.060730471374974,26.06522811037193,6.111469335673439,30.065403917383932,77.86552848288153,0.736514075886439,1
0.2038501502495595,1.9764869745854996,0.28948481634674333,0.0067255798933596855,0.012698268447826754,0.04060255575201772,0.02609130306954472,0.026734727961582307,0.048014745073832264,0.01683107392602894,0.021462147963775595,0.052524763768727674,0.005240184066918846,24.172156665700438,19.834417083778717,20.587602743873035,2.0312265175589723,4.777043696821504,3.5072104880368977,13.978375573318065,1960.0746716237938,15876.380941554078,834.6017758961597,604.7048325736281,19.902305401127883,34.043315141634,7.484406814136018,21.2413837354799,47.96823574874112,0.6494052042810284,0
0.18154961037037726,1.2113830324732635,0.24608279753132398,0.010685877270361565,0.010510665975215694,0.21259133994490786,0.03203260107066849,0.03301102063024093,0.04482818232740094,0.00409403230285251,0.014557117068445143,0.04236578606621416,0.0041806959483339234,17.351963710045784,15.694319946002741,19.924750515029256,2.9286041323222394,3.581741013013438,2.3388124559821293,15.301175472166399,1622.338833088924,14329.466084226631,831.8299485472446,570.1839042965097,30.901274038908742,25.59272945795868,6.988241665710604,19.11356074698665,85.38910043684659,0.8703655732895473,1
0.15738223129348167,0.7794760353442621,0.20592145571694004,0.009559978005195794,0.007987849800675816,-0.04296846914018085,0.02108485080406302,0.01848048876528014,0.040616142699959,0.005249477154271753,0.020205017293676686,0.04133215665670178,0.004752567930167215,18.284029142547404,12.369173144699062,16.73017205455401,1.051794668922208,3.8897564864970446,0.5284596978456118,14.332526001797694,1829.5719345226923,9644.714660250975,904.8672889731154,587.235344982634,17.25113203637026,26.988084170265964,5.320564365692887,19.436347217993784,77.08306250206724,0.6886324460880957,1
0.16361484280557004,0.8572911624692828,0.26650894170603606,0.005513879410299891,0.01950137304500494,-0.023560637120005987,0.03932889193680522,0.013097237667627954,0.048670832209450586,0.0062751061625747236,0.02239466988780435,0.029606384913434612,0.007887403268799683,8.815233707785772,12.336494562225111,24.69731774785062,4.747735685841782,6.075594976667265,4.313960756868869,17.377352469415776,1471.2418665964958,11794.336987361417,822.4240669786665,567.3611045854275,25.982658556770694,20.989077803909698,6.1374751164017125,33.33114143209859,50.881230338775325,0.7220419304089707,0
0.2282523084322583,1.0065754064613852,0.20138829237012218,0.004477605176401395,0.011427638141005685,0.05385261622258185,0.0528050110534241,-0.0019197865627988073,0.09006343581811421,0.012066860145651979,0.029454973046593946,0.03629525122910327,0.0006400310280710621,9.84952461755255,19.745830351190804,14.115499547545786,4.034073814463438,5.35280090806399,1.7584029154551253,15.33149183727473,2470.604575652407,9182.673464482818,841.7847510906212,525.4761538567873,18.407458660715385,27.179052784232617,8.084412830653239,14.553778744505456,47.09525544554688,0.7067962246322658,0
0.18531756459304097,1.912719563508424,0.29466691385693644,0.01201715141353709,0.0037930994219895157,0.11382727250041488,0.0347974550456945,0.03202249003361171,0.020699088388476408,0.015559766804302044,0.015666494449154737,0.0403442043231792,0.005213527181674309,23.346234711882502,21.378859103791612,20.962387012537857,4.925833174905403,2.4024920659668707,1.7656446135352883,14.74147996843665,2395.6339055440367,10826.611837574685,840.2941281531639,607.4982559151211,40.418133821935,22.96573463868387,5.343230731330979,27.584048221766743,66.03301882016521,0.6945680030617503,0
0.1836769908950739,1.0445916899267962,0.2245409977805904,0.005061952006310416,0.01258289256006232,0.1039681623561311,0.02726020844612115,0.026946691241185847,0.0695544059060415,0.017990554478758795,0.024912740207262828,0.05123569533916642,0.00923471739489011,8.758485990653408,10.125578476804794,16.495917304068993,3.4204369379488604,3.1351252163101604,5.062768586410866,11.973631433631667,1894.3685017566713,9355.457042817647,900.9402905465876,575.9706294827987,27.743960912570447,24.348032238980817,5.792591000228548,20.97231167541416,36.95117899335481,0.7653249171822512,0
0.18177315181922873,1.2809315185691208,0.12699321628406596,0.012438104180834405,0.012924852875365782,-0.002324751236176842,0.0176326995991174,0.0040238027083154375,0.05975723164813018,0.004424368686682562,0.02294016399306631,0.04396850268768744,0.00409964907586041,20.411893556617215,8.407993087632669,19.5361733002881,3.5549688208211205,4.160012541967063,3.1279567725711814,16.088278686888767,2430.3275949334407,9657.46357968277,804.645857659648,597.1054530220947,30.701796555274452,24.758231723814976,4.886201859295324,29.94049666180209,58.269273737641626,0.7176134759299977,0
0.16355160135235597,1.4858439162546473,0.3245947896763734,0.013312235259573237,0.01254785790038929,0.1278785152749143,0.049063525086587075,0.01698473704230653,0.023434124793032023,0.00997868531178062,0.03671262460303634,0.003177399346885785,0.006249735220390958,15.96904504165559,15.224115659661424,12.753573260320959,2.664496088703126,3.1476564358868755,1.7796011184618206,8.489988940680412,1579.8432826907863,14021.81913068549,871.7879181278604,530.7246301779801,19.678491674133234,23.941114353660613,6.44684576319071,18.116072337917444,30.283554998727105,0.6638672763782931,0
0.1533937274852202,0.9067375211560014,0.42569785137222393,0.0037648520199046335,0.01521150617505588,0.08090166501722582,0.02200346531426947,0.010089088646683864,0.05262837212544813,0.009518076818425515,0.01336907826174612,0.026624561211241807,0.0054740501719685915,8.375693480748804,10.848826831663576,14.63263472717891,1.8477086474917765,4.0409748604905555,4.311140104147423,12.597063338288196,2361.322386839194,11369.683387369452,861.3008454602916,596.8993848773708,23.320371457516565,22.38563593313028,3.246002454037436,24.069158692419578,47.44617067646678,0.7300656501963907,0
0.16988506591476127,1.881269043967215,0.29143958211131615,0.01688862039123278,0.01743190355602919,0.1662901520687421,0.033840084739373534,0.022377317279059863,0.000432301668538318,0.004983490845122517,0.017871401172436328,0.016674732272784175,0.00798059909419905,17.987364669483807,6.949151010032828,23.037022749117146,2.2939902825267295,3.243923435373401,0.29309563591616516,12.077114646083722,2202.183317105093,12317.294902424557,844.4192301038136,561.2030800150316,25.044692966938786,25.97387735945457,3.6613555183777073,21.599100415633735,61.32734807408252,0.7685892426136216,1
0.1664487069532869,1.2120125916656328,0.1290493264349429,0.01263621737565368,0.012929188144513765,0.16208565420889387,0.05748969962855119,0.021064939802900917,0.03875822603571425,0.008317275393954444,0.015291501698777162,0.031599917104871644,0.008848566828547715,10.205358661426919,12.336033934597765,17.79279076640786,2.9613459661841146,4.5799307009286,2.2110708903085587,14.002183314173505,2143.031765900781,11516.083576904366,803.4664882420261,554.0284535455595,31.2299182828764,20.713059500504368,6.155364782662602,11.832742860257994,41.64655641289899,0.6950136656422783,0
0.18430793010912574,0.43679914515067686,0.24007828900880024,0.003918852831037562,0.01424913606863255,0.01924133351341463,0.008482123425514805,0.017835812883616287,0.0504916936609523,0.008606718330603454,0.012290009871812713,0.028378585179839502,0.0027570947508955574,8.563107034323274,10.340044373582302,18.363064455449212,6.245212280550213,1.9117225433371268,1.9175667131559524,9.998071183587124,1894.2033539407776,11090.983401395459,861.8074195100714,585.5580229222038,40.0177643981321,26.10197853562983,6.950455607974025,31.882883336618086,98.31458765854353,0.7581921198649643,1
0.19371015477580408,0.6003936158166394,0.14824647991098217,0.009060302913916102,0.01734396160697146,0.059727333471571595,0.026942900163715488,0.026543881340607634,0.023994134367852468,0.004481207186988418,0.017214152762432853,0.031847629179979395,0.008077455799829825,16.00462853282623,16.2275922166368,11.649547130909832,3.2156061567312855,3.813389086872826,3.333065322219108,9.793408002277253,2193.3353473740144,10604.617711907591,858.0795171353924,557.1269685710221,50.2715342767093,22.53973493994901,4.26836407464014,26.03627713967684,83.32314011979592,0.7113889061771914,1
0.17766468168409505,0.8024549300660586,0.31051906834528786,0.014412870288214634,0.014208312820930304,0.11462433103010838,0.0328850704456408,0.014367902659573797,0.025736153912677345,0.0059513226630509425,0.034295196585259924,0.06887168174755126,0.004578616015065979,6.014281661854477,16.027066352288756,19.265302280258055,3.6592650282286776,5.973769595546814,-0.9008038911435357,9.77522208271783,2297.240856836855,8473.49813601613,881.8248606095765,626.689883737828,7.649121234379592,18.753127577625428,2.881792480437523,14.296664344043531,77.82318796772779,0.7484983824752913,1
0.21234425149937247,1.130879305041414,0.25201686940320656,0.013888227862958888,0.008975466180359127,0.12193718430304526,0.015897789596680787,0.01700306504067111,0.07243747495570102,0.01648648766962773,0.03562265110655069,0.02994169697170411,0.0073768730397493374,17.67827025676237,12.763185254193921,16.792772299449105,1.9484047035312195,3.4596844809743534,1.8001790017299801,10.292490666957633,2170.6893154509003,9457.092601144364,831.9868997059839,584.5196707031198,27.10146766357469,30.32709019575879,6.141826432833866,18.552013269400497,60.17659020469123,0.6443588119485655,0
0.17902205633051788,1.1820427879509852,0.18234615164047097,0.005540711250590343,0.007660387686244232,0.05034859861598524,0.035303278454931745,0.011934903709744179,0.008527419557660308,0.013614984673121616,0.021936700183481688,0.029245641004688176,0.007650448838363252,19.671370088182734,4.951333165656413,8.317987883208684,6.226746062138655,4.231801724627735,1.6969846267785405,10.567200145879045,2242.0322107137167,9707.864115783343,856.9309097722853,556.6135248530303,17.92025898165749,22.969188682582185,3.3678455555682296,25.431574025221153,71.81779316766527,0.7457700733164545,1
0.19557873007024226,0.8383726841055998,0.24141881873512466,0.005206431500191819,0.011961555021393153,0.0729399618684288,0.0035209783156087415,0.015938896429765967,0.051981683705896446,0.013453504446743186,0.02823356829477173,0.013484618090636835,0.005053633787385773,16.736817017580623,8.768352611257876,21.915286992908026,4.313257574766616,2.815137091723299,4.274072366066417,12.505352309797484,2387.599287837817,11633.93103001262,871.6928766146044,506.2313318453104,39.28680712950617,20.91387418013925,5.6701815528625135,29.202871489538083,69.0934744018558,0.7046111129775261,0
0.16695822222813878,1.1859969559975057,0.36112194903702094,0.0154367579766561,0.008652815431832548,0.08046367359054107,0.033697173081207295,0.02063702359765771,0.03583589484020068,-0.004833765343703653,0.03048794439671241,0.00390902200831781,0.004959581973091838,18.893413728628946,9.548039005962806,22.111292542881635,3.3302177855269126,3.5244458125044416,4.864425304563094,16.27773099696408,1694.9316457287196,12636.284629392745,831.8009630133217,510.89755849454656,34.0869401311642,21.47253733958425,8.721525864584663,21.040867728066267,81.84633858532304,0.7575345872082926,1
0.20563287590007537,1.7314563312992926,0.1980138491602051,0.009263416737267192,0.012461883958199622,0.028730392235716745,0.03871895259430945,0.03397844307031499,0.05005092492908364,0.013277771791442263,0.013405045631615722,-0.0008919945381124679,0.00849111362936725,9.709245037646568,15.759237748207854,14.321021798714925,4.388706962394089,0.6790821731296215,2.709681376248617,10.693773088145742,2067.1039089486667,13335.072189588263,833.2515282096921,593.4960428129865,26.164207025655795,25.277960732758736,7.725127892606289,23.953156102256354,56.98084760767855,0.6396074460832215,0
0.16307368045068527,1.7789222797567226,0.2592659669781557,0.012492349391556381,0.017011180833514626,0.12338227637479182,0.02897528328935617,0.010990788814458472,0.02823782802151381,0.002945988574545204,0.008508203977832198,0.036661168701340945,0.006730792416472386,15.205404320473772,14.604674902563138,9.061994413113265,5.027935958097688,1.4504567324475843,3.39008177319117,10.776303226369055,1960.7642844492677,14204.5530531707,869.5181486089423,512.5620319572299,41.56366652283258,21.15342949572698,7.159899322145401,15.294767427074055,83.11250154543536,0.7751719466344217,1
0.1733184553804012,1.640529183094305,0.21137379273544654,0.0029041215355514825,0.009667129643986118,-0.013417065202388667,0.01933991836347331,0.04026817116042393,0.014995679482103976,0.01281836827135078,0.017268678562807477,0.029465073976541495,0.00808755391280351,20.94237483251762,8.54096273166442,19.2546846388789,2.7298460979729633,0.3781731080072168,2.6864040274912373,11.305775995040229,1963.6875523797385,13377.324590292832,844.586843939479,610.5133056669794,21.770455044274932,13.68595018654604,6.503230114748965,27.779744682643006,54.34249738927012,0.8175008472532356,0
0.17067009241543604,1.692088870260315,0.2335497717085402,0.013085607179615067,0.016823849471512227,0.09728170209832936,0.06683631218773214,0.03801528407832186,0.01904450107721802,0.013953361593453641,0.023920445038685057,0.012022523782453404,0.0062254978761534996,20.34352490067309,14.256898082842724,10.634737201613863,2.3498525435397832,3.734943464179074,3.933996323877237,15.695082901302019,1945.1930699956038,14084.279785270355,867.0590375068884,577.3258856979394,21.23157143692084,24.948188789794997,3.696064052336901,28.957761698808078,79.67305251905907,0.8204084314491195,1
0.18964497905361313,1.2626774912986098,0.3174484265858592,0.014360733884081787,0.011158497884141787,0.009141650980136876,0.03916778019914137,0.019037877379594212,0.026267909363035982,0.007113289921458332,0.01034332086152769,0.04394365241585706,0.006282957905869347,17.93917560932895,17.465587636080024,11.199038391295506,2.224904343717219,3.668465256735149,3.658755636648489,9.09624503992785,2137.5760339845747,14283.075320470227,856.0430963175186,567.0169304086143,20.106856894360714,27.25711909398115,6.118554666920748,11.85223904399765,56.9652116970147,0.7312673457027603,0
0.1977531085174767,1.19987453095529,0.21283351375075055,0.006085036654760936,0.012143877820404993,0.021662105315909917,0.02469870006222841,0.03032389398126397,0.05427754888180275,0.004345063057572068,0.038968887478720814,0.002815974626733539,0.006025308928297309,12.763878201612382,8.18297876331243,14.434146758549682,3.222304452941847,1.1213832232716832,4.515196071522375,9.068145503871094,1728.506602429757,8536.684952054691,810.440322723464,524.5211820827683,35.0282724622364,27.59732220306753,5.67781924729966,16.83257266371962,46.05392697780496,0.7537022988445669,0
0.15375561613137187,1.333043004129679,0.3518056130342856,0.007019328918730599,0.017636750446777427,-0.004535146161431469,0.0019985753119652234,0.026149612320467745,0.08297412587874103,0.003837054679155424,0.018666096778883774,0.0482350024794453,0.004454053131666759,10.821993796561273,14.922264231782126,14.464363914146618,4.243110680528362,1.8294350929037244,4.900773197608325,13.463600501088028,1824.0748164534325,13955.930025999842,835.9201545604734,558.9822803426324,39.05543246559527,21.87230819867665,5.488817585693959,25.968342728128565,81.53725105945527,0.7831493972650289,1
0.19701795924335944,1.32698130450007,0.30999201915389685,0.008779244618076993,0.012246640828974219,0.1721636709025717,0.03210557247819356,0.018978969411085612,0.04279642717036422,0.0040939941342556,0.01422995560272797,0.0404846035990406,0.00816709704665574,22.930570657106557,13.505080013140795,19.408482134788713,3.2090268118483927,3.217723044255533,3.6756179398941997,17.4786614353834,1818.6259737037562,11922.765732902571,927.6232368633238,592.0114756635002,16.882714503243292,22.01937110476582,8.502466679346773,17.01562940423554,57.89774856896413,0.6987179623390938,0
0.1250499031454953,1.1743688943405133,0.3005963373313841,0.004084891504614857,0.012901474402517222,0.08849574720439297,0.0647596997024704,0.02544459869527462,0.0573134930233474,0.01020261471158505,0.021355180027917954,0.05764866681810865,0.00719928728145007,12.537779437938916,15.864458423938462,16.692972165579313,0.09180013592763325,2.5578538886617013,-0.5070130751873272,14.771923002502787,1922.3558988521236,10595.559027848842,837.7468719618203,599.4795255534825,26.124556401206608,29.012956822090825,5.816698570326053,23.971570718853986,72.40867338446301,0.7945257223205584,1
0.13506221332030788,1.658576348160291,0.26264713802585476,0.003028912104475836,0.018640830269786662,0.040349945851391254,0.02603880473562187,0.015485546096750664,0.05000225659241733,0.01433697246498988,0.012033874303720214,0.020210660093160183,0.002406016705441198,24.244693092809293,12.099181389377401,7.055051987611122,3.5728825050045145,1.5092620667140932,1.4347507573578637,16.291873190995183,2263.140385813355,13785.3288378711,849.373475511253,594.6332222826351,26.56292460518886,16.99503777662305,5.995544531516766,23.982665396397543,65.36485051867882,0.745157005193485,1
0.18909481824282268,1.7214031727739036,0.22977893959230516,0.0096803661893498,0.013410171096046712,-0.023443708652082118,0.033749187641778214,0.020635419045609376,0.0715789018543595,0.00480632782918665,0.021902109593428424,-0.0056988793838371535,0.009970453071342714,10.56099309831173,12.175642528965442,15.31553560746012,4.445926876582067,6.3673476212230895,3.1695310654482425,10.411187853593121,1927.9229480496733,9501.406148529706,849.6101896394923,579.2364499905624,28.909561165979827,26.207348985675775,6.535044145908084,27.00928597026901,65.69858622039368,0.6957655415121127,1
0.19804554347573294,1.0275497721699602,0.23164941345156262,0.01375456009071578,0.013003493471444392,0.016457772679274146,0.007496043445245532,0.02214982817454548,0.00945077287762592,0.014929741916573607,0.03385575233941481,0.042196250397495055,0.0059376792703970446,16.178935320990167,15.986842311173456,16.554191987693947,2.972749677891818,2.1492072734773484,2.9082063883381446,12.13334375632652,2412.772525789692,10938.923363414635,815.5824402647604,589.4220884515236,35.347414999703595,18.979244620386943,6.149312372843622,31.268941296695484,82.96984673233186,0.6991823191009003,1
0.16184487639706158,1.3632211387347022,0.2301107316986658,0.009295550264160549,0.013286267105557508,0.14622320082335577,0.008226131790473157,0.03123427287095762,0.0356117535805586,0.0174558320214009,0.033593852232307445,0.03755423520227667,0.00849265962214989,15.131706443737176,20.64001313100754,12.277994902105437,7.407282100733655,3.9648531278288397,5.163867258378664,9.657074121467138,2377.3215402510978,13778.941892903498,845.0877175812635,493.7854931576833,17.206741265775676,21.698447971694073,5.135982470642428,23.54393179913198,82.50492850345877,0.6905164590326216,1
0.1738438305772223,0.9086153513278628,0.11522659382188905,0.007600714424331754,0.017153299041207798,0.01894491336719746,0.05543799090847887,0.019702335116635983,0.0694341779672378,0.004354677890838491,0.02291374456238584,0.060326949315983945,0.005740418341590613,11.776889344607635,17.97578661942364,14.426055891827248,3.4091900794289693,4.0860033825000235,0.5698584912074143,19.033258163291386,1790.745028809164,13172.857003318031,810.5884196562051,589.0394984041722,35.44065273710733,27.29249238121466,7.2749143292230425,19.781403985349776,75.98779528114164,0.7404882256183818,1
0.19104599875359046,1.1431413852237815,0.18150641274705998,0.00307894907806262,0.013928749840908474,0.0797556297727139,0.037699328320952685,0.010750741842807261,0.04131569378949499,0.009512030549227928,0.02502234720351974,0.03065671618202613,0.0051243557542766955,20.970740740065633,15.427386251741487,15.62389289838706,4.923162587139768,1.8750457080410154,0.9344397158444124,11.776259309689458,2166.5515306935986,13337.449010544957,864.5905961747409,532.7016821101867,25.807032516908766,18.507500747733392,6.8637512403067245,21.197730684431193,77.5461188399713,0.7856852604999172,1
0.19300900185072278,0.7386597957616161,0.17122761721221902,0.012785291448321294,0.01026614211616644,0.03706922087088628,0.026255453569862395,0.021299982258015954,0.061729602457807634,0.008497153047073755,0.012214129531882886,0.00836697807471878,0.009372013899540888,3.503211518814693,6.999053566189202,9.412069786883379,2.8158428614697844,3.862039490561399,3.202583557175536,19.37101332975154,1840.2932989201477,9592.684748176154,863.2583315142514,581.6128484295836,21.348227872395913,27.892962674576946,5.490591745212239,24.372773811789813,55.28318376130461,0.7645604283159159,0
0.19224937588027205,1.1393142265691083,0.21136721284315857,0.009326963462049835,0.008524253209615638,0.06823440735938373,0.03294153654891948,0.02293284429004852,0.029891055806929457,0.01653567711575357,0.019067393344582354,0.04607972991781005,0.004900891208280828,12.433434554971695,17.604328462807864,11.02412493793083,2.756627190062257,3.2843397907630134,4.384730025757566,5.2674553734956335,2169.036056480372,14401.259321959446,862.7287339796338,579.3509516518282,18.78041794136975,17.92873441985679,5.424405682072605,24.32808752639377,64.85152775314135,0.6918993327081819,1
0.19331848504108923,1.0554148933224057,0.2172553220723423,0.007373242617490347,0.01750665082444775,0.012924343517795617,0.04727847099924892,0.018703269479713992,0.02692515940386065,0.00923249652215108,0.016126182549852854,0.04364978418521273,0.007619692122238854,11.894203782773856,15.871837938841516,21.817729733198064,3.8894262141376945,3.9001746828667594,3.8916997223298413,18.01831529225221,1885.7907723150129,12457.854805405508,865.6070468747638,632.9711105251869,38.33769280681404,17.685358963044933,7.180075657063446,23.395592123753698,65.31844539468635,0.68388816112565,0
0.17358664748885616,0.7272503498316795,0.25354870380124855,0.008910359933585252,0.011074511752893907,0.05298479673330372,0.011946912800243605,0.03923513487603454,0.041980288989745145,0.009370903242258335,0.03635007165731419,0.01823319885384628,0.006054354335344928,14.886779349318129,15.907295034712694,12.746659112159962,1.9459094018590606,1.4244238389752906,0.6241566133682257,7.654932246125089,2276.225140449161,11439.123437667717,844.1843453110815,540.5019812510579,21.47352374921138,27.214267469192432,6.680214606966102,26.759110265258087,53.13128355838641,0.6710163368989935,0
0.1529465942831293,0.5250622611557157,0.18403101996521912,0.01045640596890608,0.017623883599929065,0.11981878082197048,0.03513994891171661,0.03413769648291259,0.025383737487824937,0.007052882942565545,0.029684988026248763,0.0050731941275825206,0.006435026991877571,15.347390581105394,12.124709019063149,19.755106680890773,2.4948854549281565,2.6528216775185185,1.570546749738892,10.35993653478835,1787.5453811302964,8603.847704160871,838.8821070467395,576.0915644053883,30.7172318438423,24.70694289199228,6.114200330759667,26.060982212534416,39.84255885002768,0.7486484963895869,0
0.19385837246063223,1.7545397589051372,0.33431132418367066,0.01439593342976786,0.013473596264511507,0.058804151873710506,0.0030458153938119313,0.0304402512944238,0.04786590276332962,0.003870538682800271,0.0022179727243415263,0.03402067007433141,0.007513284930213875,6.572538035657113,19.818689385865536,11.919499233803581,4.16237183237098,3.0329599439448245,1.2898760984648348,16.382710278433603,1441.4542221434838,14743.904101358312,818.0644608075088,579.5532553088187,27.46745904743681,23.526062483759603,7.981488282823979,27.534895489838505,62.604146561442974,0.7244231372274721,0
0.16911771995771613,0.7352864624350544,0.3416824115313652,0.008077408234047035,0.017204770868988948,0.021241986183041885,0.01073207317602862,0.03848109104105553,0.02607077820426623,0.005741913799066459,0.024917396407562208,0.055416912421510964,0.0044248971187425875,24.091393518714106,14.116624536458787,12.504958677851054,3.1815508177541134,2.8629281093580854,0.5823224047691977,12.81226957064953,2354.095495095833,13475.213528953926,860.3391681841463,618.0625970023242,24.893228281840152,25.372176152545308,5.655426240882348,15.345060392154515,61.54365656354058,0.6824913238650673,0
0.22823353351156841,0.8901540119925672,0.4413687708219194,0.008424053275027519,0.011710247291186412,0.11483406122213688,0.021101072182094942,0.012291863693859106,0.056098851472746944,0.018561523437187998,0.024551756698688244,0.0034118979334983625,0.005365543223557049,14.085383507937046,8.496324648063322,15.956811270558056,0.9024643883096664,2.3808838586676764,3.8440647563588417,14.28095794727827,1786.1244769271398,12598.823876034974,912.3038975598864,575.8796849692543,16.67972377702236,21.929578424387348,3.277857319308226,30.01482173460833,88.81639756949451,0.8257550462056309,1
0.1722573870042097,1.8120780795453406,0.2836559704814783,0.010536665663983374,0.010859971365951411,0.15373139301203356,0.038341906488464916,0.01837937897963176,0.035152490837897774,-0.0019138117603653242,0.022931572253229685,0.04131477008907902,0.006010170792256468,7.276894156962932,12.619949999895743,13.24063101856742,-0.017236988192729896,2.107769534318886,2.6230787080128835,10.862371410220325,1393.1371528312732,15483.321327944574,856.9278029211897,560.761890812463,4.979128875140624,40.66163075404231,3.9626058218096594,23.504733024295795,70.0339830176715,0.7435057472108798,0
0.2022537674997985,0.6578209987550843,0.3456384520660383,0.006289786676753088,0.015416062020005344,0.04668317018568024,0.02128197061819134,0.0213931963072956,0.015149983261612255,0.010487444695118484,0.015071150876162818,0.012660530871348954,0.003123146562449192,19.831393696173357,2.893101240613607,16.885304548142,7.495797437578708,1.4905379916103696,2.509008839217846,15.76179539152644,1715.2647115160034,7730.156218477977,876.5191552803558,572.4637673539701,27.826451518618956,27.386056228276985,5.998467146695958,23.57464234222211,72.95877673095522,0.5950880816057091,0
0.1549521311117376,1.3470479360838843,0.2687078420631679,0.006729270413579465,0.010068387622764123,0.12315011998132623,0.03229883543518263,0.022190715625376688,0.04098189462611343,0.00847666083122172,0.0031599598220383544,0.025640981875129226,0.009731454711936914,11.965873291068005,10.262885524907706,11.413585134921655,2.4438053493007104,6.618564980885768,1.730092736417614,7.315971050700334,1959.7853700493426,13007.341546924345,851.2540435025654,601.9150094797881,20.39605251925751,24.678037792801966,7.218514425677037,24.582926789895836,45.50601111168057,0.7306721559714988,0
0.18397896293592989,1.7745341622823914,0.17897843907691674,0.018090360922277927,0.010343238504560754,0.22714219477212344,0.03537624712824308,0.017484480998158636,0.039342510296951315,0.00468370656734361,0.02713025850432949,0.04079309548690141,0.006251117044947156,7.3453618374367675,14.981257330990742,17.314563897465565,4.386866798794276,2.217174879442433,3.8742421041842086,8.965289172886827,1658.5213595125704,10619.85081211293,882.7750241276793,648.0115456919197,11.205250556828123,23.220854362982436,7.1478551306690985,22.486539087216542,62.003098794089915,0.7788948672150428,0
0.18699600049135814,0.7130869231118082,0.13836411961959424,0.00835792606908108,0.00024772073687819376,0.032241777568970106,0.03993269229959791,0.0430563683736719,0.04580175799270865,0.007435128780160941,0.01772115711618094,0.07883577170659542,0.0018594529109732102,18.210605019382918,15.244241966047424,13.25845802477997,1.1527506341676008,3.9432207424991423,5.365990945575709,8.883079548855708,1514.700858610083,12031.967533444396,835.9815813949534,611.6611094691109,30.86311848823931,21.311161346729495,6.568682856704059,19.923936784339777,87.47293605123262,0.7395024145982755,1
0.14870394457275887,1.139902804480696,0.338466645303577,0.015380590481809658,0.007513734969193716,-0.13606510626757107,0.03891355814163848,0.035894412835616986,0.04355659599410869,0.008174335311021078,0.024935372942037667,0.031706795515897876,0.004402296911965408,10.20542954997006,12.53450269511853,16.63335460771084,1.9147423364069887,3.8838424273299554,2.5696236360934868,8.419225307897946,2028.0636378158438,12468.627977223108,851.5465665229829,569.2636950370015,24.423174721837217,28.454111573436847,6.332999391943967,25.482969906773448,94.53534077157317,0.744099622392315,1
0.15486986211441486,1.4045998301447447,0.31853619841940445,0.01172344967606015,0.006869595779021878,0.016447297497625885,0.010249540751460104,0.010738367365167917,0.02588488875545604,0.016312887034820752,0.021065054014191866,0.03559643191888554,0.00767845028933758,9.648722799927919,16.04963026206499,12.277135340881042,0.7900797406594622,1.5306520280481735,5.076150046335155,12.537062742688558,903.4740454687683,14312.835542994877,787.6123564212269,558.9611176238407,33.446977130848474,32.17994562084535,4.835225363730212,19.85294333208818,44.983799901050844,0.7210868924524949,0
0.1660645636314085,1.611782992639343,0.3021844921288184,0.019989660505679414,0.013204383786002038,0.12498472852630085,0.05241873024812492,0.02187107100125092,0.055593923643589886,0.0019331588189753016,0.018866452058927004,0.06566229039985012,0.006836182855013203,12.589378578392653,6.567148784592822,9.031440728778612,4.09982375643239,0.7768224443489804,5.852076998379474,13.510236636599737,1988.644792756965,10922.175666778785,825.3865459968375,614.2697270337549,19.32871420007529,24.410378102255677,3.945846582567857,29.935046399380397,71.10485570374476,0.7955357153872059,1
0.15347904627835923,0.8141848820359234,0.4133655722342304,0.001002270183196945,0.01232252986431286,0.11654813114321082,0.011434683226880082,0.032218046849767014,0.05582994871945915,0.01487918445811909,0.0017438482143535376,0.020268286605986934,0.009894656973808567,20.747385304142647,14.015944384511865,8.246012886946577,2.251531885416172,2.9759625143795723,0.5145503163919081,11.067482555175006,1793.7570120789424,14681.939226818691,822.921406258863,603.7209390885232,21.239213813250228,26.01620936939221,5.99937119408146,20.260974176800822,57.237879516388986,0.6874466875753283,0
0.18840188980903683,1.1208249084061273,0.13897051596353582,0.014474529336616847,0.010303444064309206,0.14095623341381336,0.02352182293568156,0.008110588819466514,0.028738378458952527,0.011450189015269509,0.00928805142131014,0.002392941291736294,0.006082653663754006,14.484359688243122,10.042788578019216,14.77407235787419,0.6404871860257493,4.90344753814745,6.497229138835255,14.478870373866828,2142.317319546817,14718.275366604037,863.5532615762407,634.7010301566173,14.26327276187986,31.408055557629265,7.57733427571562,26.547116482034316,68.49006422577698,0.752280208690092,1
0.1580539494473431,1.531291876073849,0.29247805295712725,0.007819255021094713,0.01418563389865526,0.16791263020888286,0.0151700350017455,0.017613944682853724,0.035856766218119195,0.009455756874654192,0.02036603656563079,0.02262233794125952,0.004083841240717279,19.305489945033365,16.632815079315275,19.383799945771322,3.4118042813749225,2.116942749664845,4.192900818723306,14.584255079628772,1932.3539988193643,12047.2412048293,844.3534724794298,535.3969184636074,26.50273925816933,27.38557363908766,3.919551786642228,18.509827956590467,82.32049937357637,0.6609061218930058,1
0.21098040302990373,0.7915350169758799,0.27703660225856946,0.012915764778281802,0.009144080129579069,0.043329370878840374,0.04208214910878088,0.03050319552276355,0.0033365909660254475,0.004090022390510877,0.020742736901901447,0.012948548225070008,0.004269401449730297,18.873128176375754,14.099321977950744,13.855599184210291,3.1120224591813583,3.6420881214767484,5.344123177579517,8.10836538250118,2272.202883818305,7549.244086188572,876.1165215160154,578.6864659737621,26.09476806390284,20.241735881913943,5.567925791992401,27.3439777757882,55.73317967188404,0.7254159439356076,0
0.1852250106246771,1.1337474358729471,0.30726981957527677,0.013579642224107302,0.010823630450137806,0.13184419892833682,0.04911407942227734,0.02482533709821185,0.09145504778488947,0.01711211477642911,0.025672179054338724,0.027329485290950233,0.00971570030258133,12.961697107170325,14.728295794816752,7.18035367549673,5.758131751368171,3.364832359878339,0.3678623725856123,13.767069238925766,1818.5894434708753,18273.372096644547,919.0009205543336,517.2979851323585,26.232231445859764,24.920206850677506,6.042155855853155,13.599000538393161,49.29253706250524,0.6597627874554013,0
0.21067455419832998,1.9813036550106273,0.4178351471305945,0.004010213325577006,0.020936732072149127,0.12585279220033133,0.03703324709948118,0.0049919798473782515,0.05291595283207423,0.013245738605352102,0.003131230486269468,0.051349357021413716,0.008392267434182215,12.289582224760606,19.67358872914246,12.874035233635578,2.051027622839971,2.8948287838829536,2.76234503380915,11.410292897349922,1661.860224895447,11356.599376132803,875.373251907531,596.4390466005667,21.055580028237326,18.050621335978175,5.062331073193438,18.947326162135877,51.122984400640156,0.6002504807178595,0
0.19280959590401647,0.9612102853115704,0.256626605641448,0.010004439778749173,0.01849993686131067,-0.0066355328244254025,0.027093011553722294,0.040221741000873786,0.05375804165784796,0.01393638146561457,0.011351038875715773,-0.02907646970801249,0.004503233638617933,13.13840823214758,11.092619670993729,12.542947916552187,2.418358615775664,4.440091312052283,2.506193155006626,10.73469273670228,2354.568935831581,12448.358969707584,858.2700422810857,550.2804838931164,35.532366180981505,25.529861391297842,5.897189945509177,12.76201221491219,59.325578999601234,0.7608612935222224,1
0.17591057558027756,0.6103471471831576,0.2578250634474646,0.00609439980534481,0.011102427125637599,0.16351525326079513,0.02379206392488062,0.03152348638961926,0.03679922652841311,0.0017218031991495884,0.015718546690071954,0.042124743869925776,0.003910149930755497,12.203871010223946,15.208406036084543,17.434474055809822,4.690921685148104,3.7168184041440773,4.614268100407372,15.983093588795,1860.7812409614032,14187.81390326493,824.3296310042259,557.1298299056934,18.28029703702241,23.000306364478664,6.178650852746561,23.12949010374352,84.04981710960955,0.6566462612277824,1
0.1762620768367603,1.088002679250208,0.21914618952177214,0.0033329463728432093,0.010161077367144724,0.1385494002373138,0.036655209572740204,0.0180192636985064,0.024890783972142363,0.005875196567043796,0.03983373599422574,0.08471920318766976,0.007508171610076997,10.337203057766473,12.242362999491851,11.514842653175691,1.983956656917346,3.697442468259146,2.3711529316516278,12.142738251458363,1527.9370329829305,13570.094045825623,902.8952478811801,576.2952469925144,26.403522756642694,11.292914695854137,6.560526215205153,26.579676235743747,74.86133082663306,0.8242969842860182,1
0.17266985959263895,1.3923632370995582,0.16595013425377592,0.015448529614740317,0.009821177515146905,0.011017551626155656,0.0050989755299200995,0.013468626100700591,0.028093886046120356,0.010615093367633778,0.008998575837289642,0.003634474159401161,0.004316985082176938,13.458716851233067,15.520232405195427,14.196675758126393,3.430650956101889,2.16985313103717,1.6955834476452192,12.75728627164734,2514.9620947632416,12357.1771976673,849.9607739723473,544.5700775249633,5.371555426796597,30.450603105887563,5.204074841827271,19.520469046070417,86.2834550926428,0.7859957237997722,1
0.15816132199209373,1.2028713867631768,0.22477626757711006,0.014041098347344063,0.0056535444737844795,0.17119712035485796,0.022881301658260585,0.02606942608386638,0.06868002007460922,0.017329179893014815,0.033446851732306146,0.07109619637277298,0.006429065837772832,7.978417916519152,11.957814793044289,16.41634975073299,1.370383569966573,2.0470401984476947,2.4953466335819905,11.04478927783772,2294.3448558202354,11008.001489329374,846.603481071257,572.8028338827174,33.704310686093706,22.908932438974503,4.5849289720563435,24.494171641391475,98.65774511144757,0.7087109792893366,1
0.18975744569742148,1.3749252748155842,0.2956943524975367,0.013702688838010887,0.01020877811046246,-0.008751761101465985,0.031592991652278496,0.01541776970743499,0.04614006120010723,0.009788340521698937,0.02017428952958102,0.041776639030838954,0.0056246121371564695,21.163641710341423,15.891198719525278,15.145872133840479,0.7979675268489728,4.08614130375914,2.2324591921324317,11.761298853041588,1712.6649929291098,10157.948143546942,826.547785833264,571.2986888650667,6.083877041153297,23.7417974265761,5.914628754884736,15.297228527296674,53.15097863557011,0.7107749069163758,0
0.1709581933433384,1.8092954486849033,0.10125305826719538,0.011597270406876524,0.005477052780997637,0.055581538017597736,0.010434687014675197,0.0253289172022704,0.037757471127773105,0.01288758477303606,0.03230645804178012,-8.297061895957969e-05,0.005693838991037195,19.696599451162278,24.50882854350772,18.265039691549518,3.685156166550689,3.635187497745585,2.447134639889795,12.558143136453635,1603.364617566878,15333.178686751085,797.2089220404861,521.8557421956191,15.19308982956937,24.169247198503168,6.34941265818033,23.717273210140384,58.991361143520706,0.7508453006290252,0
0.19622793108983183,1.1110100412886939,0.29327268148487917,0.009178863922014995,0.009811313387978377,-0.03250044324831618,0.017458143504554078,0.016105964384746235,0.06309995121083235,0.008426992762789756,0.01163661463503712,0.07108191165847286,0.0042921421708572854,14.258584310362984,16.282886979246538,2.397807646904674,0.6483414786153374,3.988538928031644,5.511029141155856,15.830949177189158,2284.081154586562,11560.75631853679,849.8276921345225,621.788449670584,18.988959012907536,29.94592441988018,5.660006695505833,22.611242765980016,61.45484181141075,0.6283644996160567,0
0.1496425250663838,1.8359355912722735,0.31037866384542473,0.011024682422777113,0.009783682675910486,0.2221572380486898,0.03300271307912406,0.014255132945837244,0.0779101469198271,0.012538059114716237,0.025063867472328947,0.039776917796259754,0.003423297161591917,22.579725731471168,6.8539548045997325,15.585205177906316,1.7158487588441542,4.405837760499922,1.6512058559279712,14.327904482689213,1589.9182524253672,12204.857328156017,854.414254578961,566.9814987303032,33.11072928854513,21.377555693083956,4.099960895125243,29.964891824409285,44.95859233247932,0.7571881980347946,0
0.1737388393895369,1.5601594353580255,0.18145185078977605,0.005896527576122095,0.01168363020051542,0.0037782772204948273,0.008445585084167966,0.02247271452108756,0.04020042303481138,0.012434210344837455,0.03298334489775417,0.032839789011511855,0.0043360577838429375,28.504332347747976,23.314568274937216,10.38440407881735,2.605726400759441,2.4304033124492412,-0.11954555271901057,14.674735370085351,1860.2739820767613,11281.44193009257,842.9366662637947,556.0098304736475,19.857537598096737,31.854253777497107,7.362419339674482,29.003282872840998,34.18070592116278,0.6920419752170456,0
0.17986957369541084,1.3583279124383691,0.2090100607458645,0.010372633350798969,0.02298323027489477,0.05650580135863764,0.026663705186032133,0.0012675988818084821,0.0263969526849636,0.005413691789113563,0.03557186632376758,0.015594428468241363,0.006086408097371008,17.13918930268022,15.799176759540487,25.07056861679872,5.180095658722014,3.6331771723566932,2.281000434052678,13.712674759104916,2005.8482069830568,10510.670195170173,877.3210291307389,583.0982325918455,33.961515683254774,15.100893171996574,6.364617442556947,16.38528178331975,104.63242112485287,0.7797409132783563,1
0.17721107448638002,1.293609781741259,0.21893224493590732,0.011337754059394085,0.0053171574984254,0.11352343021666912,0.03718110186960733,0.009343173021804334,0.04717835167481319,0.004114841842734644,0.03676423417844074,0.0503985721085551,0.00488236741652641,6.018617166112323,14.647632130612722,13.523993734486519,0.9779486226824559,2.357357347866635,2.6254905482876065,16.53637842712996,2489.6735776696596,9610.744793607622,892.6118929329557,620.8545293959869,13.553131328540937,30.09462294567847,5.914788904926812,22.501126147847835,40.214137542201584,0.655924505392117,0
0.17016727628735906,1.2137764046823365,0.3141702766894495,0.010058035997050617,0.009064423646899262,0.09935027961739429,0.0316582370634408,0.013205550150822507,0.03833732948557012,0.011224486508563647,0.029492631742823093,0.03663927857133107,0.008970433168294234,17.75563302043478,22.331559014589295,17.355402020484433,1.5599842167182576,3.5169139808911654,2.325200548934748,15.87153299288398,1963.382091389293,12208.010846297138,864.8401455834407,559.2639209898089,32.327964505222724,24.732271738537865,4.9653506627877935,17.627257379254743,45.956833748955916,0.6328229540026593,0
0.17409820171524187,1.8377769566996787,0.1989929966339229,0.020003601991737126,0.016101491872544824,0.015455801093503321,0.04419865496294475,0.01532261316141418,0.01573073279694154,0.01697550953251149,0.004666079110812696,0.04807782801272002,0.00298278109124058,24.736521144448375,14.24708225812536,14.973347133369376,3.599376829811639,2.3781542051269597,1.927641229425628,6.715252718236055,2639.979404468557,10381.44816122552,830.3260806559063,593.2430356396196,27.314178016034443,14.930008392077465,5.4984213661545365,20.764417995477917,67.79156350028978,0.844439205797402,1
0.20862733563662367,1.0739653075223565,0.2341443458896224,0.012095842048306939,0.006602335739169805,0.16733602875543788,0.048114352009947306,0.012030133311861226,0.018460909182441074,0.004931970788227657,0.031086744199557242,0.03592400886709676,0.002027418776259158,13.966227982853644,20.276827733753535,11.412506989577892,4.523014179406495,3.0060018903548933,1.1719333488459518,6.093953585749839,2717.435798855628,11105.5577410723,853.5527363797419,591.7879344330252,34.89810068130582,24.195416366725897,3.4525502524343166,24.64686784857618,83.85317379728836,0.7764284842776239,1
0.18006751013194322,1.2492312806624724,0.2788131347156614,0.014195456567501449,0.017560503096106694,0.07907170155639563,0.07296593727573919,0.027339504783642384,0.03468151611855134,-6.91237814053891e-05,0.01992291348517756,0.01592687245369834,0.008632198903700962,20.77866356060446,6.331164549958759,14.879142868208957,2.7153726641104754,4.003567113705798,3.469835986509846,15.021343286944905,2057.8352233172895,11986.080234175284,860.4918904622909,606.7455428204432,18.073045864657516,29.00697161891691,5.862076563490452,24.32084767197076,76.90787624148786,0.8203637411555619,1
0.21808273179146015,1.6950615030047993,0.21252031093117474,0.0023813012261381453,0.016640453054955408,0.12220952889350148,0.01908076145770144,0.03024774112281728,0.026214467536952245,0.009888457305437845,0.009850834292009163,0.04803529375880568,0.006530514047160804,15.354324985275682,17.599145013355134,17.225213499470932,0.18628636072855276,2.8636187953143066,2.946134394542355,10.836318525197338,2206.8520484987175,13888.99970724832,854.2644403759012,473.15752138520975,41.06225374250416,25.275179095152726,4.280645539351363,25.387639134501836,71.74502803207488,0.7131958401875436,1
0.16786599410469405,0.8106484647891861,0.22779645949475588,0.011637754122569009,0.009478509920936884,-0.01437935542437166,0.021274739356399425,0.01027172107417043,0.04999117816498406,0.0018159906784460424,0.020200138050016105,0.033340058433914764,0.006324171385293551,17.022040770357087,18.739976993136,11.974681546390148,1.9229503767415888,3.460805918846808,4.722307176984735,11.290360261077195,2176.785029887279,14939.287773316848,881.0582969854077,483.74887447879286,26.35520064474839,32.2965540667688,3.6657972292890855,23.87913552253651,82.96120277064576,0.7547181114189654,1
0.15969811616344262,0.49926847729931223,0.31350547737150525,0.013894488997711387,0.008941201802477075,0.07304017566070799,0.08985621140121283,0.019361221671686534,0.05002180018617544,0.010942267982146413,0.026623061423683023,0.013684245496628555,0.006406495462610801,11.163262570309177,1.0814188810095064,14.084546076943578,4.2249371148933434,5.21653930954823,1.9319390168729653,8.449147010410812,2296.676875142622,13588.23186914709,843.986382599412,617.8061894266732,23.03240172363516,28.095094900736864,5.454897025155864,28.51153355392365,56.064302276918966,0.698627916262067,0
0.18196135079077888,1.5798378285457952,0.3580891271989372,0.01258356168110357,0.02075462970963572,0.038653292136692594,-0.00430359941406841,0.018129424835263374,0.019526805077385714,0.012871931755669381,0.011679295322672034,0.04549872214216948,0.005879438501944037,12.066921322201239,12.489460875851513,15.421705160991056,0.15599715762316624,3.091879065510581,2.9402318658288213,14.679013104599136,1948.122025099578,9214.03676464962,836.4874334029704,521.494603850723,32.8154312225078,27.921151034368656,8.045752320304656,14.062216261608626,91.79297184063826,0.841708105584752,1
0.19626410373495953,1.9740616160240916,0.38419016702443914,0.0048972693600170735,0.01390712808767171,0.04998433900479947,0.044826396338158284,0.007905646710409412,0.034787833353320835,0.009712485156025418,0.014573031260973864,0.03530576689567616,0.001583443960239815,18.974630088369725,11.837804809619126,17.465432010239688,3.729929220192167,1.7973163380734243,2.3428276090426245,9.705876811236113,1854.08246936274,10499.812685023388,870.1950944446075,539.8822878763967,42.61772115745738,17.720174787826892,4.2464644661709485,13.321055347807418,52.18899707114045,0.7642090142989856,0
0.1789519109884506,0.9319539198183068,0.24498814223025428,0.007612420861072115,0.015746412784397257,0.1377501555171979,0.04767213571988338,0.018238658022892217,0.01769506927246372,0.004408840303219843,0.014543858436712475,0.07103018928171162,0.008713456981424242,23.74883252940415,22.553658257696068,20.48362103814642,4.119417584903091,1.6564672324563414,3.0927475080271796,15.898293645211364,1334.5293409062751,13693.739469368506,879.8196147071599,574.7694532558767,21.414739049718257,21.865296822244645,5.243111091485859,16.634103063135168,69.93982618500299,0.7538684648886073,1
0.16834482684776836,1.3286372845356953,0.19936957800921665,0.009180493344541131,0.010635333398872435,0.023650665813759103,0.0318061959841287,0.01632925353981817,0.03895052287873901,0.008364632845681067,0.021617915406027203,0.0635611120090519,0.007159944342067221,18.25244819994218,16.25073858017678,19.932570019021004,4.175735108619987,3.220978288547093,0.3733370911915199,16.11094950041794,2304.057840527296,12493.456422572544,830.4905381538077,536.5484330558579,25.72339942372338,18.35239520840913,5.4620981771522885,20.215208988868376,50.91924626978449,0.6831203465729071,0
0.18101775403712037,0.3491090318594018,0.38106877858167526,0.012145655599565375,0.011770355856299198,0.10373593008577654,0.015316762677579717,0.01822831884885238,0.0550578216298757,0.017353309953261446,0.008912351045950048,0.051787596723092154,0.004866658814077119,9.957592863568419,14.733831662182839,26.701501079284895,2.199681993923919,1.6032632247650982,2.657522360962246,13.112116701346752,1781.4022576898653,13454.227526677485,873.3292131392783,624.9670714044942,38.57161583920592,19.256628738311186,6.27801465505037,22.906618356184545,71.69021525289392,0.7847332333249257,0
0.18504480792853353,1.0654452218355455,0.209901271376783,0.006557083346418646,0.005392221067444745,0.1160439809087355,0.04285710987925895,0.014791070960962367,0.018265783772305456,0.01036943468062277,0.019617387175358443,0.018263146409516276,0.005431720890622065,12.525449022548491,14.206794869784494,14.070971949501109,0.8944990409242091,4.120027284142019,2.7370375197539567,9.13059856878117,1739.261227250621,10924.3418630934,854.5910379120287,519.2235249586477,14.900395159930682,22.494357448503358,7.4839110678513245,35.0091709391908,93.68631557532349,0.6320186046374399,1
0.17875991981267936,1.3950241188346875,0.3138395639689789,0.01013750123610584,0.011938507753459712,0.06674409650362324,0.03671694529440138,0.013992520693614324,0.04561782253202343,0.009988768991214396,0.0053208182236119915,0.02386623568959,0.009115358543644484,13.691061631879519,20.08573837189656,18.646848975648755,2.6420744572340924,1.7433874884767135,2.504747906239754,9.199097350231671,1660.1065715926197,13030.223908863558,841.0586747741054,528.7604830505022,34.199526644872684,33.312493828918335,6.188322586993727,25.258011274744273,87.91662693962935,0.7413547466567031,1
0.1970905045413323,1.3456561184218645,0.42239429419065133,0.006776801380463181,0.021083778147875522,0.059992358409093685,0.0065159540855970685,0.03304962688790419,0.06909076921775516,0.006549937000927075,0.03614783254247327,0.02366793114193852,0.010224178654505818,15.243340215813761,17.779937168450694,16.823558866042426,2.56289045797666,2.8208183981154975,0.5824523370942076,8.922619245222776,1715.350438512997,11596.000005882765,816.6346780481113,577.2759770263128,10.60018743664756,18.524886370207124,8.596795352459042,24.12820256443411,72.85648581973632,0.8105890253605581,1
0.17856801496283867,0.5817080853237067,0.15770461749281134,0.008980212118385643,0.0052091253926120325,0.12346946362290365,0.052867962142991054,0.016902891881934275,0.02934786486653007,0.011710497407786909,0.021430849370279944,0.01489751203102963,0.005548036909311876,10.963099718579443,15.361801949541922,11.959232241897952,4.2440158878394225,2.0241870059376454,1.0428093395687374,11.070954653889816,1886.8817548453867,11259.571938784178,861.3655368770492,605.6298552399462,18.39254116326981,23.620261385979955,4.980463006112058,18.024739550952646,45.81348053515802,0.71399296787581,0
0.18926412584198246,1.6770940661665659,0.30747339387773126,0.00804946631618015,0.008400052333890304,0.1335913008324351,0.023502841470029075,0.014081239336569077,0.05355274203849776,0.01050711482119829,0.01633366121331067,0.039224565229975965,0.007655550428743835,18.731387968052047,15.53272338217187,10.272658300026709,1.2415762546455706,4.496008838638616,2.602156871662947,7.478059255554414,1596.430264370051,9531.188684476509,856.8571625898257,502.96128216371267,15.138699652529947,21.001992125269194,4.34313505684852,18.40046797659616,89.63376129244321,0.8113542259205784,1
0.19843300223848917,0.45683941944068507,0.24539857975956295,0.011695557929775944,0.01703303270516314,-0.008267584322411078,0.0435301495287995,0.0032441955037590536,0.04012262900870454,0.008711377192068524,0.017337870495935083,-0.0013819804938644958,0.0075854803526115445,11.371912717183564,20.23439516161644,20.14438720839472,2.2441039800579907,6.2004684070228455,2.240396372588499,12.909048877424889,1763.837093664481,9985.938270294948,838.1362270988641,577.5107577211,29.422495833544005,28.864440891359962,4.572612606520174,23.54661749360109,40.93338903151778,0.7600627655540284,0
0.15739861321919285,0.6372739962009847,0.15772060592121728,-0.0015980555194739267,0.01021004782793332,0.06329762194352637,-0.0007541561706000503,0.04322609225262766,0.04673202855124334,0.0009620517540927121,0.00787259385125195,0.021379977883341214,0.007585810743674403,13.983508777115976,15.473692379164532,16.070071948504186,0.6143546122210539,3.378494960057514,3.103396578462709,16.032317081263365,1871.1608031417175,8695.231887091488,838.0424900709742,555.7252793582218,25.265099697520892,20.694460609644924,7.86488258032062,20.858306066533295,78.57620514978707,0.8400800191173292,1
0.17297171528572533,1.3696267446073804,0.32642153897657644,0.00690617662386628,0.019311273020173644,0.03639355172996942,0.05829681325651109,0.006550722129348277,0.03634830243175116,0.015631967248610327,0.05284118201287884,0.00646603628458187,0.0077484803384664834,8.878874958222097,17.212812145114036,15.749360989676372,1.3728653487617792,3.2797593253251,1.7893679103936275,7.761953798979265,1987.0880203290233,10523.170590394244,883.3092152724437,591.5124198770548,35.55647041248171,29.812941069921123,5.810265814616171,20.74864387497646,85.15047686306048,0.6658436836920184,1
0.24219837112010723,1.6245483859492533,0.12217022924041299,0.014328449251972564,0.01689228902833275,-0.10267939235458971,0.04596182097323123,0.029373674142536797,0.014523253497315914,0.007253806733437123,0.013190911708643054,0.019304554878843923,0.0046077658973073966,10.109628686682239,14.497034473108963,19.2845263525255,3.5044827144325295,3.588821722856109,4.818736416122968,8.273539947625169,2094.3658387572154,14158.555385493051,827.1826338013262,567.3717779109217,31.559206214070795,23.46507379037503,5.502100214654898,28.08956332529214,51.908278765313604,0.6049518434196706,0
0.21974122223398881,1.517270275287471,0.27327578914715883,0.007703669691650922,0.01507472319515689,0.08706244510765748,-0.0013877919074936768,0.03357619633050139,0.02031173907649576,0.006135831345555181,0.01595484915358305,0.05042916208030753,0.006095345789244592,22.865680110214512,17.05253395743191,16.720668524140326,1.4427910724828439,4.783759174657504,4.6573049320480635,14.341186783755553,1943.1671667421463,14127.911690091696,873.5133835092689,583.3200420821139,22.621267639075818,22.06882212800135,5.498029262049077,29.213283844258893,101.43944089325325,0.7017795259218161,1
0.1821150758254296,1.2766309584776359,0.1400932140081072,0.00744565669941988,0.012122159200890171,0.09925580371553945,0.011730828407355544,0.014582267639883982,0.04496610951471969,0.0031242530397984844,0.027906862100258403,0.023383789609554558,0.005331586003867102,15.308941351148242,17.459390752894443,15.650755309927924,1.9582452579227851,3.988602043203728,4.078775071423931,11.102414549492035,2174.6938656573448,14323.566402711578,859.1809984709053,535.5948823607081,8.595750195469567,19.73413702756122,3.6791640100827365,10.291012780654558,77.50963960443622,0.7888968260306315,1
0.18310381367717957,1.6788987694580912,0.2814645640004259,0.00925328415074622,0.007694751639172123,0.010814940095613068,0.03167745003521867,0.028967973320332352,0.04867495218697071,0.020855964305312474,0.01537083620513673,0.021229509887900358,0.004079106092032237,16.970632552170738,7.4102544252664835,17.05230110951039,2.443873524288529,3.8683695356593493,0.5731340313149182,8.518881066997604,1611.964843181039,9880.823032595832,838.3047083674722,574.5176473834518,37.96746228266493,20.672185868017937,5.432397708056863,8.710183697733791,48.960148132841795,0.7736159934330584,0
0.1383177412100282,1.7573818110097725,0.11491958495451998,0.0037153905955284675,0.00839893989496605,0.15982594066272898,0.0406068580334116,0.015565705817649643,0.009789078992610074,0.008343803455608026,0.01957732001565207,0.05352451413517058,0.007443842504816744,26.20306060087141,19.577648958623715,18.961975197078672,4.975588016951047,3.339986039473491,0.7772317483780578,9.177439411253456,2244.4962364388794,12178.008221106964,855.7529689930748,595.1262374242785,17.869122553983495,22.59870856237917,3.6444763026827918,27.8054634999587,62.868654709091224,0.6691724226282182,1
0.16415160158000078,1.0345577866313422,0.2514413497635557,0.00281742730947994,0.007289699082128775,0.12288473899333671,0.02655250085092676,0.024986899121355446,0.028052378779097144,0.01555376586207321,0.016722049441225368,-0.0022200553577033516,0.01047085486951392,15.321474392937908,10.43837242966821,21.798859466641566,4.037034571620788,2.4927199245262974,1.5952202312917632,11.062298825936018,2346.13056172657,11532.820535444002,892.762177971188,562.7537973433055,24.042354135674408,28.914387765943857,7.0114488690556565,38.772866945831886,41.01432426180859,0.6509080669946615,0
0.22853432972691046,1.7505985800078152,0.2796169511953393,0.008539036090040614,0.012412208833174213,0.1434902056294461,0.031215707450026057,0.03408619493445919,0.03465365953664382,0.010930465104379677,0.0134920634493154,0.03780385221210805,0.00836578987775585,11.080791304576579,9.014167036548848,7.301871528970198,3.4176881841711153,4.122180048377812,4.322042229909183,14.094796609476287,2066.9090772755403,9264.256446109139,838.429822086344,547.2300994908533,24.04567755443409,20.534428841923,7.7919898651873005,24.15387088098798,65.21478009632573,0.7396423620035508,1
0.20119872768093244,0.9922414512695493,0.08710235977152506,0.012455083423159635,0.02589981812111778,0.02507137825458245,-0.00014451640767877,0.023247815941101146,0.04282228993411186,0.0032937013638163117,0.013523472436219545,0.010550987246259896,0.008391883814870615,13.043661425462297,2.1620744103312095,8.20015893163863,2.63801791809322,2.8043777597743325,1.851173897519069,12.178985681090934,1571.3430158319695,15544.873086591804,845.0453763091488,585.9776461045487,30.836723367875635,23.53196420501187,5.457996919962682,18.116318958764257,48.76859473575236,0.6612263614093717,0
0.1496565260665664,1.8459115162839406,0.3015614793316233,0.006425015923665143,0.01016398032894126,0.14675805831219813,0.021523329235870334,0.0297048845961338,0.03834972962177211,0.008786667692864387,0.003717459522848257,0.0002542041358514248,0.0030705866367648662,8.098050766379663,12.403043389547285,17.171884610141838,1.8508793157796055,3.795734697794809,3.645116472551228,11.332433759225815,1737.510494995949,14598.971996363523,854.5909525834345,543.0194850500412,31.158831662171785,25.716931316149104,5.163438777527284,13.907261675958155,75.49934528520757,0.809762861148349,1
0.19951633438689417,1.471578795104893,0.2673346495171429,0.005777442040805615,0.007245233084527642,0.05411266132640691,0.04277086634535198,0.01201793923641846,0.06194969942706327,0.017785804448493297,0.02703218254856744,0.012281301490697786,0.006492367888591935,20.609752459576125,12.303435381945107,19.179849621361384,1.2442276048066367,1.805663815839271,2.6944820481414666,15.07030036669353,1589.3986794439827,8440.353649353132,847.270415858823,521.2115054130497,29.31093459335383,23.22624090185575,6.092023147996855,36.257038226424726,82.08863595004756,0.6764540602198595,1
0.1369331416025751,0.814117829699714,0.19768812893395388,0.008682042799128056,0.012158797282907254,0.05292182813938012,-0.009798925396422499,0.020310634263989314,0.05234857261854649,0.010559909663106288,0.010795112122604218,0.032635002194945834,0.003568124364048197,12.721687509931696,10.968343905601948,13.466136576681848,0.33410430196552987,4.504705504958348,4.089772378102175,10.382205866317905,1641.884365319382,10837.48810004893,843.0291436943108,654.5154759817927,26.213993127804002,21.960769346060736,5.084882633979044,18.291530005554428,56.66452208213056,0.709591383519844,0
0.16096163079955528,0.37396678149747165,0.19741019568042206,0.013454112970086085,0.008845772246045719,0.03755362731126873,0.029613633914563287,0.03194214483013992,0.013750226193273752,0.012256737739323164,0.03236871893518225,0.024042093105129385,0.005392154704769255,13.543339969375268,12.022878073784922,8.45610847757022,2.5078360674596385,4.4288857619280675,1.8701512850030704,11.145207544070466,2474.5262472732447,12622.787002156145,865.7844647537004,549.9116126273201,16.707006710506146,25.609734867358107,3.9818794884250037,15.693958721931626,95.23124077269657,0.8425265971540725,1
0.21438755812414592,0.15874516486908052,0.27286426294357863,0.011802452197725553,0.0018616136416457572,0.09773070149542032,0.029350379283158107,0.015647518029948317,0.03508303365112033,0.011681614846606405,0.01865802310714547,0.017503775909282215,0.00383568372834401,13.669916522198266,16.552396385029667,10.666336646698435,5.706673457980687,2.6009045163569953,1.7759037172623564,10.66054924321672,2205.2809866982325,13389.091103916366,839.2494720293334,577.9120997814856,16.92934974039499,23.84617147441695,6.373094779948725,20.8075834783367,59.254575617849646,0.6172229101126642,0
0.15776065948451673,1.3147823417206834,0.23227707219330096,0.0021706456434640413,0.017780033347255635,-0.003953695553477868,0.03811648173347629,0.011544478236453862,0.048661278934826385,0.011643411747482416,0.008878136987214416,0.027106284785153135,0.006365175608428673,17.868838805722923,16.000470295641968,11.092200703877076,2.8840657497759263,3.6395517284603356,3.1977265988950783,11.991875019454952,2597.0443321454827,11795.531580233976,842.0695174340871,658.037159882725,31.10186436905596,26.986041550658232,6.355762500029483,15.038146088448514,88.21902504375224,0.7203746050103212,1
0.19010940318333253,0.8070823862981281,0.02287370724116583,0.01215373982886581,0.007546255682238682,0.021060543663393452,0.04570691206020566,0.008202232506254913,0.029174018100755206,0.014952834137213947,0.019212471137553595,0.05472409956519192,0.002567004845712268,23.720051170378664,21.278387628705502,6.979394937648376,0.8944524228821362,-0.4773644705287481,3.699704536404459,8.207437212024885,2041.0919268796004,12764.014410905525,785.2129996707203,567.7672214669481,26.008525742723982,28.46693351899509,5.412602222081606,24.447513020203342,42.889838002375434,0.6911438448220798,0
0.16052907600591063,0.9367006350664606,0.13670183553658835,0.015017353443029359,0.009875843262371807,0.048087334982640284,0.060039059303771916,0.017604441410629005,0.05891266855135259,0.012867794184387125,0.008258576275188854,0.018548279037469452,0.007003704098719782,6.681550109018085,9.105019135215521,16.972720171583372,0.3877625150788564,6.841946665156659,4.778862383144793,9.36294934150575,2479.871036621177,11304.82475411036,834.2301904826844,535.2579616183258,36.98649234999744,31.834503450086466,6.821295341239841,27.18114063426533,38.3847993773104,0.5938936380662289,0
0.19581251198325536,0.3896768507554491,0.35844583485682785,0.01202463062184285,0.010182133525424854,0.18125288331420764,-0.006965170601568302,0.02653478981951741,0.016049353774696757,0.00705419806005529,0.02543339596999048,0.03338806149824139,0.005596107862493963,13.475093500758348,11.606479339441943,21.593039140890227,4.365738197915544,2.1913340089475266,1.0534289630774423,8.912610965765085,1903.0229140854178,10283.825901308843,877.9683506447913,579.2295697570654,33.35637262514547,26.478345674973816,4.911473527724143,20.624932638724758,45.21627222384968,0.6790409922329081,0
0.15886884714479493,1.5075358703875588,0.27472379544261233,0.004497956441725029,0.010289256744363807,0.12411615859849925,0.02543054912380919,0.01765492464854109,0.04583317866378092,0.005049931430484303,0.0359864759359111,0.031622876636992404,0.005924170643734461,15.760078889188897,12.665722948000402,18.476346135443737,0.48054675344005515,1.9072066856677736,4.107912099140123,9.28423152067067,1919.3994150772876,11567.586164433349,845.7062080758598,606.5557250438454,22.80696642327993,24.2121369938848,5.418372128210807,21.93910750671455,82.13979910734221,0.698968772747442,1
0.22048619246573703,2.1126607346155373,0.3527276635158494,0.012224088387369164,0.008631049471702618,0.07508633722565042,0.028583263041678193,0.026180684939300418,0.06154587346031386,0.008597141467007238,0.02260866174721976,0.019640654015669806,0.005354955761785887,15.565800056963916,8.210883964672789,17.133950966293224,3.0730258273523154,2.304304095525181,2.6371183093015658,16.293059340375766,2090.681153886355,13492.348107400096,814.139423239011,577.5866911031974,23.08790231050497,19.38271496420294,6.303932393783924,22.669539345224752,44.189366724001026,0.7522778378474346,0
0.1728594159838678,1.4296284883576005,0.2659539188789414,0.014773244023708504,0.010557124414229494,0.16372604493195111,0.04424963528867609,0.028717025855988135,0.036993432524725804,0.015501964461393646,0.02670687170726233,0.0776919560066294,0.00385898373072916,7.8675842168941745,16.72000053152518,16.219134633083822,1.567935249460616,2.016373109041291,4.656321781229616,5.626664570719925,2001.7163843297367,13054.709493504726,862.8877390994227,629.8638525715461,20.602332782746316,30.950548228098704,6.907799400452732,22.03642486120737,47.32202434895871,0.7172274499121094,0
0.17384076940721918,1.9550750629360762,0.28781042766747245,0.008679639233194252,0.009260020906294311,0.06597655652889647,0.044294634550354,0.0005750230903822998,0.04220836093892239,0.013775924869019717,0.019583399766186654,0.011602036591076927,0.007618621807862602,19.7343073082309,12.687504234000153,14.776456216202073,2.114457462292004,2.1359622442849986,3.8693763326456074,10.432920222437655,2020.5954371222851,13953.965615323914,905.9324099157999,579.8989335660885,26.18396487632022,24.893635751844528,4.653859987576973,16.61434589884057,60.62969236690571,0.6997975325553428,0
0.1608712724636398,0.8190734477044812,0.2588428253979152,0.019526854126930185,0.006189670898718585,-0.024620356143792155,0.022031094500212664,0.008791030262318407,0.03998783035355421,0.016827801852160887,0.034812365916235946,0.044941176556482464,0.00874827164830022,16.881629788232875,15.392866104805629,8.325865912057534,2.283890652603276,3.2617734923186927,4.010188313590834,9.893108360426293,1747.4379947248733,12033.8395983335,828.6025261574808,599.8234457003883,27.755827526776194,28.87176847510106,7.576225591255055,20.43793218084444,39.433708264760966,0.7245891194157107,0
0.177490914799942,1.3739080258227565,0.23576656993564815,0.014782125552346839,0.012727136087028797,0.00936641495292738,0.021353976283809178,0.02207542294888742,0.04330983128266281,0.009799813962394504,0.01842763607971448,0.0329777320790754,0.005672148046488968,16.791172970072264,15.05666189183867,9.869659586294212,2.76415992466332,4.024593872262397,1.674833841357225,8.776504831023576,2163.9514860825243,11720.259282454574,863.0907278023336,640.0294553063177,33.33368158834104,25.880138183387547,6.222903108821493,24.78735531186845,62.75082167486967,0.8541578281899149,1
0.18602214678383483,0.7936484692040087,0.3091344395761254,0.007402540721544476,0.01815351452492235,-0.030022346057766075,0.0537542676827691,0.008169144847502348,0.06445615844266817,0.002544600381942632,0.036070190082492806,-0.022111535113770654,0.00528310762138665,22.38057437282882,9.144794801690919,11.470074172505447,5.014192973132558,2.9529060944009635,1.6639978001314484,12.050742651529811,1704.8155802352337,11986.670999219477,886.9163501562565,534.4739741966785,26.639243109540153,17.396518063114314,6.860465689704877,20.979747764379603,86.29628841923612,0.7693018683717608,1
0.19213446118272365,1.4128024795287772,0.19959800163728844,0.009483863539480865,0.007947356850891868,0.14129811282965649,0.001516647996248014,0.028301613723463043,0.040293881910887334,0.008764602815961402,0.026819932992541456,0.0203008891024477,0.0036809288990990226,15.361877578074463,11.652238368120948,12.126033863923414,1.9227935118559052,3.357876281895907,1.772798667543488,16.77931866450878,1799.3737644435455,11897.891174479884,897.4564337427475,583.7323975224386,21.154556720187866,29.822882473349935,7.53135882528733,29.886521492353864,57.22133771633713,0.7160275990606889,0
0.19206374862164685,0.45207346418713423,0.2685473673707878,0.010324330171603295,0.008366290475589903,0.10122623785348336,0.03829568924158482,0.024205367059040694,0.06626946322650473,0.003302410382174814,0.016726744249276043,0.010242838527355181,0.0015481291640838443,13.353017720187285,15.096296545156061,4.203655323401161,1.3670584189895625,1.133345928376957,2.315648993087258,13.563086067994211,2365.1501404689934,14205.05391291203,883.5004849822674,603.9267253581103,34.91755624051394,21.092545663824396,6.886600404502591,12.861679355420563,69.96044311489183,0.6848587898724227,0
0.191292118517872,1.3866181245800506,0.10750732684274933,0.00725580097185928,0.008856648764845699,0.08238282930317808,0.014672947814699678,0.02862754591952687,0.03155008209135132,0.008656610612375217,0.03349323927810739,0.01684203022850518,0.00269579533661413,11.728290644724483,17.389070764603275,17.68412341977838,2.9886530104880262,5.891923770363125,1.858899229834484,14.790875127868855,1513.711985163908,14379.839432095334,866.4330932805876,573.6766148816836,38.24121808311926,18.709266359090044,2.9697728262333545,13.645936192873654,49.44800473306802,0.6262270243328549,0
0.2040776887433763,1.4212160343409432,0.08940345114039921,0.014148635594632973,0.007522860195374791,0.20359070010424413,0.052723827492850844,0.008453656612711557,0.018433698667415444,0.004709267843527942,0.024398428864728282,0.06709974714961313,0.007119323140648738,20.208333665416752,12.89533217708117,18.98782811342977,4.196777738217451,4.688895495951085,2.5101950949355074,12.97789081598398,2193.359806193914,11807.889827659848,835.2880224231274,583.0199203599761,39.312711863464486,24.62672964014288,3.6274482394126517,19.287120445370796,62.708651938869664,0.7698843612674302,0
0.1689892630101683,1.125661699122901,0.35489339982421,0.013825180008365384,0.01152444176149617,0.06146239912412556,0.0008248321493861295,0.03375596964304209,0.05198179518527618,0.01661670461244969,0.011952481862808622,0.02749426754461124,0.004822616601061452,2.9231836896073524,10.916934850895068,11.727771332243464,3.643091989941102,1.8701036823942871,5.692033420743824,13.012818667418916,1908.3878791719055,12262.305410754943,869.6786686665639,585.9398122320442,15.22583129221541,22.568516947477264,9.380903874441362,22.08778918791641,56.81866255058495,0.7257289900198344,0
0.1956678101856519,1.06795196241342,0.2133893400529908,0.0051324131586393314,0.006799006445222635,0.14451329247091496,0.03303314544290035,0.024283529137714487,0.03812781953267267,0.007381478585552374,0.02245819221816389,0.053685988623134506,0.007186673199262727,14.999341568865312,11.58729976923227,11.823693077206956,5.086088893712146,2.8048937380747008,3.926757328318833,10.727770219899064,1778.0228814453474,8323.460531205223,915.2786248550647,554.9206490491345,26.768201849208374,30.413548867714578,6.265256422927968,19.129888280251667,63.33922154548904,0.6814474553770081,0
0.15112290367732917,0.413172118565139,0.3842939738698053,0.01033786714555979,0.01810647472842574,0.033237480484392984,0.019421672417906898,0.01858337368127757,0.04547320238425004,0.012699754503775515,0.011927843225155603,0.019834697078333588,0.006689549945184589,15.1790130001792,16.952421469371675,12.432558181129732,2.3384642692145867,3.669670174957166,-1.3412775863573758,16.574030228542703,2275.4728464305003,8917.284689977043,785.2754851243786,534.8857501541697,22.001729649494145,27.502135895444468,3.5807437109885463,19.47142569220013,61.32781866106285,0.6390506908612962,0
0.19204236640784966,1.0114945037189922,0.3046578411831046,0.011225557928293656,0.016811725846332847,0.07854281025979845,0.047836811591896254,0.021914507159573528,0.05557548615955565,0.002744480067666307,0.014102407593328647,0.006586749395996218,0.007826782181604366,18.18476269997435,21.35959151711183,20.121758949299828,5.543045241269903,2.297009235780303,2.379598928512099,13.176817579951646,2281.7029635565514,13048.674571152093,825.593722818834,551.6323490994511,19.662409612047103,24.578861187932084,7.929426654550172,31.124445759616187,94.79944138890026,0.9034919571400951,1
0.18362853240227942,1.7213112149264256,0.23637934025632756,0.010378484178677433,0.015437133775632522,0.14766728162669873,0.015797267863252355,0.013991128241461873,0.030895588382345893,0.013396906865059531,0.029753357348887597,0.024118113832227325,0.0060513446304152245,9.233699136623706,11.007636016001838,6.620799177240762,1.6692561174557181,3.1142886321730834,2.6703843779672787,13.584782281993313,2058.9360138704405,12184.124591093125,852.9186618561788,594.706221871551,32.80399647409846,33.29948550463691,3.794949619783611,10.017252588140112,73.77300480179406,0.620826564422851,1
0.19016537279349177,1.0427788971754395,0.1648623994546121,0.011803850539105907,0.008462238573529469,-0.03612579758282837,0.0075360989824924465,0.01863577849722384,0.03327866606988519,0.008062556683651549,0.0165153380863802,0.03928527486471586,0.004499482384616527,11.09978420925024,21.056327482465065,0.023665546001918614,2.188058266292357,4.780690878612038,3.100004633120678,7.1844886726754025,1768.6312116646948,11479.68644074665,881.0397210960463,608.6165616497617,30.53999771443668,25.24398689190315,3.237240638138581,20.700641177886162,91.79440120721287,0.7280807069212735,1
0.18414534658797888,2.1085798981691184,0.3364044847311448,0.0024289512896397926,0.016400329814786712,0.10288117007481709,0.04352714095349817,0.014670062805740462,0.03456539920260583,0.009809327155876799,0.006724925094625694,0.018298736572068007,0.006523250527161542,10.38987837411409,19.542071195430808,9.860029633912806,1.9442501128958054,0.9387398214426854,5.239247837047737,18.510284975628778,1866.475014313021,15012.334261768923,829.3531521508321,613.5156037998511,27.096159809917296,19.02634133121154,5.40629424875755,17.273664602633588,67.06508966508358,0.7336551668764743,0
0.21348984866695075,1.3031903924884722,0.16386566980231893,0.010841212160887981,0.018530361019358146,0.09469742559032024,0.0628285725544463,0.0038525013770866895,0.034490353696419555,0.01801850927733465,0.015865611976234897,0.03035939830032941,0.005485366998821465,17.269679442018873,15.720261157632484,22.73054280215705,1.420190405936006,2.328277494192351,1.2826376135415352,12.389543491400582,2466.4520721278773,13919.750922569778,816.5857334495741,571.2869674067305,33.986420248910854,22.176182805996756,6.113050860060395,15.877948911449641,51.37161439560341,0.6609998451505924,0
0.1629718713147937,0.3132724642583742,0.17817359468594965,0.003988517565270443,0.013696779063781101,0.12020298030893142,0.052576949750987784,0.015953041431366735,0.08234648288741907,0.008581568895364136,0.019113938936513905,0.018612776158182635,0.007877222157250986,15.957210236723045,24.11679481018233,15.847702051091431,3.5179057644184333,3.0802714114703402,0.6170337471050154,9.69736049630954,2351.781187622902,15402.650212913308,798.8850599450135,536.2404317619455,11.423841493411874,24.554260060898294,4.982041510998621,20.07754225254173,65.87696298664709,0.775449956784115,1
0.17648872109001568,1.1650258684891275,0.3350125832630021,0.013191402805528555,0.006557943821635772,0.06352137503802216,0.06525959305074798,0.03316007419718499,0.03929159718616981,0.013869385867214111,0.020974173430643128,-0.028236078894345318,0.00799277685128602,7.04904338372851,12.30136600924115,24.899741841452993,3.8878678593668825,4.934390429437139,2.4757931431239353,11.37452210693916,2119.660437239343,10901.248462786545,868.7473026540653,580.3176209209295,24.02573645591545,29.881135429982855,6.823659757312197,22.617479655000363,95.51151975522524,0.753420787493825,1
0.17610605407766636,1.0614293975972402,0.29699133598448096,0.012576495071400434,0.0141617635710017,0.00460607984327388,0.008245026492926636,0.002810695870461531,0.07384626038209752,0.010669709414760066,0.014803255217963647,0.02957335236737825,0.005924226597956317,21.91068997423337,19.40506673582601,19.895179127337585,0.8914847884439974,0.32246124139544685,1.6158771546534456,9.651170762182847,1875.0217863043522,12358.255627557912,872.7408213628141,549.9242548038671,18.871292602058197,27.58514281595436,4.576711789345331,19.32003634316232,77.51035851520926,0.7281028362274269,1
0.18426587414745876,0.6658073723600434,0.2974053819077864,0.004903071523692819,0.016185772431656923,0.1266159015412897,0.04140974661727147,0.008442924250830848,0.024579156857175908,0.008940552344008788,0.021804960560780812,0.012266699306312502,0.005006073734158997,10.7682650424367,24.092321891907964,6.901550672416867,2.5888327869289176,5.195851179261484,2.0187235113595072,13.159747767512789,1822.3657635994991,6962.338090163631,829.9301670268089,574.9535148408464,25.617264205053363,24.958009913328283,8.065077141903433,26.07961142916277,50.12874616235304,0.6728063170403634,0
0.21370028557417017,0.868721490813906,0.2460095876697506,0.010172163483401551,0.007580655524296353,0.09460850462820622,0.027383988125460886,0.031565816515942396,0.04673424590841223,0.02222884784556842,0.025705847001198597,0.02896163282447878,0.005520951366177863,8.018854348819046,13.922152693201156,3.7030687104790694,1.6434073155680693,3.0310388742813896,3.2124571922034755,17.148227839195552,1641.6982506142176,10646.378528907371,844.3049461580961,631.2207454734798,25.67114095476873,20.735464664295492,4.050172627541877,19.356627030140043,82.16458589581976,0.6678118212252553,1
0.19774581674533484,0.6653098244496277,0.15748673466049146,0.009915020882895031,0.016045563953656895,0.028366075771166788,0.022377246066531624,0.007504350880759949,0.02582443594557004,0.009294251638285973,0.0171134183932077,0.056350816380348,0.0041063998116373365,22.664891237655425,10.972991649672096,9.097507565011806,2.58134121546008,5.730870402397449,1.531229345583601,13.855825642830851,2080.5607790733725,10116.83406706515,852.7841363816929,541.2415177874581,15.217892614208994,22.888394709448985,5.904385023998691,20.232395025594144,69.40117215449473,0.7053748408753149,0
0.1585628553391969,1.433417721204755,0.20280841948296874,0.0055129955885764486,0.012437368768403697,0.07617528286976204,0.0532514733637568,0.0077047374878261386,0.04610170809413506,0.010930342162352735,0.013981028390673864,0.016415561255637992,0.007838816857507295,18.770939805162016,27.38464566861706,16.248627435267984,1.303365382246737,1.671044876288807,5.757655349292493,16.00515560038241,1991.1565654934188,11534.453246613655,893.808632835244,651.5974594522513,26.84564925166155,25.684549953766975,4.885373741720593,21.415649980233315,45.21236284217693,0.8234497281827019,0
0.14442824831986967,0.8486707691281044,0.2732717646072005,0.014368427135929705,0.012366683723890683,0.13243938506041295,0.04672968275929882,0.017530816725105453,0.03146800727427926,0.011404642484739132,0.013952811333645218,0.025192030486231774,0.007110759312299537,17.07655738620167,16.613353153710058,20.60064703165522,0.409795195939866,2.5203896785987436,0.3195486516735415,16.94523782308346,1790.043032102673,12958.37506157392,803.6258897102315,566.9196934939238,29.21202494486485,22.039681638587588,5.542142591621398,36.31038946561407,54.65011509503038,0.8302565630498688,0
0.182867769346845,0.34850636223407505,0.22407454598328239,0.006380208668247735,0.004275320389232997,0.06613642778954609,0.012191284941146765,0.027475461257864594,0.00017719702090666922,0.013140514849168524,0.02046936298415228,0.015057944926658674,0.006603863370237408,13.242433116205506,11.542192986531132,11.345825501511646,1.6870146486134319,2.3441460867624384,6.207082817451007,13.741265820288723,2369.2736272646407,13851.333895815722,831.0399818618706,557.1995400570298,28.550889845843304,14.484752415650131,4.415491700131732,25.927743345682007,59.71415556386404,0.6849972091240628,0
0.1906963467269182,1.255954893135651,0.261754823870935,0.007386148417100771,0.00936722433431649,0.010672892370940434,0.030891043311423026,0.023796996774171124,0.025773601789068637,0.01168451631988308,0.024945224920487726,0.04333085063965261,0.007709889302112299,15.315088294496142,17.2791883919407,8.757091554501176,4.215892459722888,4.430392425993776,4.194465124280304,4.742612585772732,1773.354981938925,10126.46513483398,857.0174474912017,595.6583799173413,27.63188223123677,18.909690772802755,5.832179851396228,25.31376728877107,80.97676098548831,0.7234030649285094,1
0.17280740655095075,0.8026565201672197,0.08597140341726398,0.0120404974450003,0.010589371115330443,0.08865860116610473,0.05512394878827365,0.01884811671223521,0.04087420793983968,0.01864650433022378,-0.0025672510528941886,0.05966517769713182,0.0025232048429564276,11.23640379048466,18.555230512726517,14.777006640023883,0.5028164978508558,4.0052508931956945,2.0038309280554296,14.362660220415144,2193.6154015270645,8823.831769911252,855.3198508942343,571.5194843066183,11.310367767904088,23.409900469971923,7.164353982724253,28.908598620655688,88.1286211883896,0.7660435388443142,1
0.16072482147578776,2.066022427122641,0.2625702335192753,0.007654339404444906,0.02228905588548881,0.13589995801208568,0.03203576667414655,0.019977618835258188,0.08698217116050065,0.012394237866088675,0.019227147625337046,0.04653892121885599,0.005788950122458092,16.56561708596496,10.309100743893788,30.35668350803001,3.0864341447393935,4.57491539928752,1.255351222423419,11.615846463810966,2052.7991756382185,10477.162064245156,886.9390161487205,559.6554042364537,12.91736184468559,26.674001455697205,5.250964751767891,22.565837297143684,80.26932425873622,0.7578910979858474,0
0.1892636959053517,0.9462856609242387,0.20685559884293836,0.013459297753964046,0.01428606531846257,0.02879603155765332,0.024229341986364075,0.01902688849298409,0.04211540767048247,0.00834670668811834,0.018972325385124004,-0.005698770657442093,0.0036165617327653136,12.362013287104745,16.390397977867636,26.093716787654245,2.033695502520092,5.920232943519172,2.3191746017263917,9.689059386327312,1572.80589985371,11580.09443271776,878.6213023438993,575.9368164510865,30.65269156233809,29.286282683308656,4.606325092797452,27.943093579144577,80.68562974806028,0.7753152452541171,1
0.16085698170209914,1.6762194377374384,0.2640951858002154,0.007520911486984489,0.004807944166027204,0.10372242087113995,0.036126950678640454,0.009325660670395006,0.058997781364985846,0.009863929338110715,0.043744662832839926,0.05452209170668137,0.005463934825344779,18.33792480238304,16.785812928506353,4.113819655516322,2.630169588636015,3.074492033562326,-0.10128498029761301,7.277371063193641,2006.0003966452773,11042.989239352159,871.1787222192237,606.1438673578388,16.291862227728,31.51680451464829,7.341361306979895,32.57026662675969,49.69131227079679,0.7969349694128939,0
0.17972324507811524,1.0691930729560915,0.28163367883104307,0.008355900253987308,0.012540070604897504,0.06413865000779198,0.05533322506396825,0.02209348857334689,0.01983786986479144,0.005930931790355354,0.027005953972771272,0.013484257494909863,0.006910151151440741,9.510368184664769,21.982989231115887,5.887328281566992,0.7756304382331303,7.395480428238765,4.209713332503398,10.468504323709212,2004.2101201645553,11925.437563960819,901.0232436262278,604.8993333824625,23.470651771462116,24.98831051092713,8.747855739412735,25.41564622530011,57.08382807947552,0.7480245715136609,0
0.1287533268240938,1.6194828505666254,0.21361642260978458,0.0036702881039054405,0.014759821296659138,0.029570420869598518,0.025354529944010544,0.019168282280653804,0.024937653387588403,0.015464795554483341,0.012408164538324957,-0.0030902078982549194,0.0044233814704500735,11.70912362931448,11.940855916300485,17.273363704712903,5.583941491056824,1.2278381076340352,3.730065795488248,8.954237179961154,2014.649337442523,10136.466582307527,875.2955265773503,592.6578703432886,6.082174615238852,15.10529913101587,7.176836801083804,27.11880405068652,59.810092317367136,0.6744185442276673,0
0.17908975509397515,0.9775525012956877,0.2186498587690507,0.009719118553929535,0.01673403783255935,-0.009271702209437377,0.027668573070933424,0.029346547073366237,0.021469734904405038,0.013162913998210988,0.013480478459766142,0.028981154418731937,0.004903206424377635,17.799058809653804,16.888197858933204,11.91925935553686,2.587751432914159,3.181865597730569,3.111846093090745,12.72530066965293,2114.9588453625224,10869.225581759765,866.0691276539549,559.858485467368,30.347146964726296,28.918409745181833,6.253859345139587,21.73201950523548,64.05572341205632,0.6871853410390836,1
0.1774490175924493,1.4412990002285575,0.3360274721565518,0.006136869468544163,0.009151505185371344,0.10017667335485375,0.021813188495627512,0.011934801675434387,0.028837334806850988,0.016416772886441028,0.029259661298522296,0.0193982082799026,0.010685714016574817,16.78735092924362,15.056040765979496,5.95828972987883,4.9674030445858826,3.1712536252321923,2.991882998020938,14.029646281208851,2060.5819710006444,10232.553403626316,833.328386135519,622.2873815420437,17.93970352682274,17.59866271550609,4.984813437253691,23.7570403295789,45.76766753889096,0.5378060624200457,0
0.17372940627655203,1.851666545960378,0.41600520314788336,0.00754184486523562,0.016035232083033438,0.10707356096816592,0.00968009137663942,0.04171802667396602,0.03875727867061383,0.005421838518207702,0.01447249212933678,0.022544484110704935,0.008374102301332764,9.440746466679855,13.931614147058921,23.477579096249283,2.382815235350277,5.56616366654158,1.3187260982825673,11.784387642567678,1788.0134732131105,11169.97239640686,814.789035677388,617.1125471428815,27.548388895535524,30.371689388385143,8.941443935132572,20.600419786996177,65.75251813786544,0.8785362215167118,1
0.19875140275253117,1.0115501392728485,0.3006661460856991,0.00943388145064861,0.007814549331924802,0.1666202191499743,0.05061838676733814,0.03148090866397433,0.05637189236686427,0.009607046020155902,0.015924106553403046,0.02314564446243711,0.009803826297325003,12.57435028950065,15.552343779430679,20.130070628536487,5.052283535622867,3.271906739271083,6.250326052224468,18.09163716967261,1644.3211976676623,11612.68343941242,876.8980388455917,550.627179869041,29.421757957198935,26.767829189454062,8.694221067475137,20.667157818481396,46.69049883588962,0.7886518048633157,0
0.18851774412386071,1.4850848115445325,0.3377840150034967,0.014117762223708162,0.0048458439918766414,0.10700933803679885,0.04287337506044982,0.035373967306842904,0.04545035980459186,0.00043574323326085393,0.01341526404738744,0.05691750006355434,0.006275516810348074,17.322510826071063,13.958886451936236,20.80605701205807,4.270666811159103,4.348562299255686,3.2590566248654307,6.935934466209374,2424.962105297943,13989.786669776759,854.4311746228902,563.8930976023119,30.651252869225793,14.545726013434425,4.816735127099232,22.700139111129438,58.26133022242118,0.6399801205236655,0
0.15620666681819276,1.200273127582993,0.3549354759418129,0.013881264807153126,0.014108584665015486,0.029053708940586592,0.0383810146950692,0.01620375503323166,0.016281568016262883,0.010508278807830146,0.016531360120753895,0.05695356171025248,0.007013605189104949,22.197989637150677,13.93351712183961,14.777275678776057,3.480759618897957,2.173978730014856,3.5322848103866664,10.622930248517054,2011.621582757512,12417.254560971296,879.6197720635922,623.9548315137595,26.828382158975383,30.307598931282143,6.19010765098631,19.863825575919243,71.9772273077838,0.7416246223106896,1
0.19202413497858228,1.2561439479392187,0.19414402603111602,0.010543698268873393,0.013601082889744145,0.15460814770075781,0.05276300661935237,0.036056779580824545,0.01384714837813119,0.018652589759139793,0.0209468138947073,0.02257871942198295,0.009664239215154602,14.652724310744903,10.16372631009467,14.47613994159233,0.28380063252047893,2.2972835239021316,2.128399049909964,11.324662317944652,2186.6194714970597,15005.654170499161,798.7069657801101,599.4412640914834,8.445453193218512,24.351950273581572,6.6456640557136035,24.294694774822904,50.847120860991986,0.7689182409657229,0
0.15915911175513794,0.7311064986253439,0.17172003633067148,0.018392885898186988,0.010672036833687943,0.23641154978898615,0.006706733029752103,0.02323247187533562,0.05615479111968302,0.007794116546031198,0.013192335534209731,0.028966041212495366,0.007013622795326099,10.9163103406755,18.104149726449332,20.69349473347324,2.446499716122702,1.8464248386199404,3.850862560210356,11.03021322183753,1198.949619988536,13627.681141301378,851.8534546958057,625.4642354613267,29.06757683038221,27.540740463079317,6.910690955774515,24.69525164381032,67.62184501173151,0.807402139007675,1
0.17594038725208686,0.8327492066333699,0.32351318837266635,-0.0009565608245498906,0.010699818749097777,0.1290788926672317,-0.012828617606394102,0.02580999539961692,0.04643305319183172,0.005286123798847627,0.022705134754664003,0.03855353542019859,0.005047964504802114,17.923626735179703,7.722632621913421,16.05463080981965,1.8826908220855891,1.8490911414600264,5.055208357206835,11.701415017056739,2471.1175521013447,11920.358847769801,853.431392821079,614.2140482800435,11.759996802185238,24.966411669808483,4.875813040707255,23.965681917611125,83.28751109659684,0.7643273495415908,1
0.14428267016131777,1.28483734122967,0.09405025957420612,0.008967299447874263,0.019861991051351634,0.06081042332667463,0.047953115432994874,0.023753596961444735,0.030342445614177302,0.006198577806892032,0.013663601340894227,0.044903737637876556,0.00600032101481417,16.158349695093634,12.500187513956822,24.483020342869644,2.471674021653815,2.56994051729452,3.700996694468474,10.847332155504786,1602.921682395969,13158.089795875674,868.3456500771955,564.6652470308775,29.337431792813156,26.771882235744084,4.987686960125151,20.73861435292185,83.07299520876609,0.7325835273486809,1
0.19372636913913402,1.575166215004262,0.24374154727531858,0.013351322140917924,0.013802208381463866,0.020184102415872394,0.010702133996272314,0.007873428673766862,0.05679889079484055,0.010644248106779572,0.01607198983118858,0.03511888754156693,0.006131696995131837,28.353376874315323,15.554402514464186,23.948953851542,2.4307811159823838,3.53404870069071,3.795677779633726,11.755194226958821,1671.1113230941246,15278.264255859067,906.4540549792044,644.7728830529322,25.507573829322695,17.11033465215861,7.624315191827993,24.02936962851292,65.1437006501813,0.8026368023549155,0
0.21477799327595157,1.7674125380592147,0.29068866985867536,0.016294936866220425,0.010792847176375034,-0.09725493647452187,0.02823253424947208,0.013276064156734978,0.020028592270351208,0.013678275718206843,0.01538254958653873,0.06415097778643522,0.0032322819620083086,11.350016642099618,11.565598826059361,23.611336954935126,3.7811646671010104,-0.7889419226540682,1.5684304150460568,8.6759508180577,2093.975377940511,15639.273143223138,839.4961548544732,539.9044942153406,17.954279751144337,25.916840016659318,4.4321119652315195,20.558263661211676,59.296182191325855,0.5874896518212553,0
0.19209030652710732,0.7287836530494476,0.2069561793207889,0.005685949034541612,0.012629432652883289,0.05733410674865137,0.042830832898720236,0.010757315974049284,0.04805032419470643,0.009592720061110603,0.01993665859534744,0.030761560387929182,0.009419526503329147,12.645050948679984,16.005238321408473,14.68743115911395,4.680084956849674,3.5205994083004155,3.0476545690464523,7.131880287768394,1942.1253886725851,11589.14134101359,825.610160217702,563.3191126968655,17.85607586335816,20.480748769781698,5.271819567921461,29.24669878230419,54.032868881296075,0.6927771301627841,0
0.1977046296597798,2.123166500246444,0.34474053161569385,0.008952966839115622,0.011594664472822914,0.1507051590538232,0.032929512233066366,0.009341972886512418,0.05497872227611854,0.00632512449371367,0.0055261866653691025,0.046418170423382143,0.005424594223741767,10.637443616971819,18.218670005960547,14.273856770805402,1.1946496556567512,2.1816693293827094,1.741352666143428,7.520241206905205,2046.3919875879042,9150.50818130764,794.4592387603025,534.3935544253641,27.719082478015046,36.14521862261906,7.302456473141159,21.971035553823874,77.63181393259991,0.7667396497334281,1
0.18817305622961342,0.8081115101132772,0.3044176288381353,0.008900618797320832,0.004504093990211509,0.19661173286733183,0.01814594354085787,0.023090468350240347,0.04244981850748909,0.01146132728077856,0.021487607333356962,0.049837074010157155,0.00413766947844608,10.329972489686428,20.046474778899046,9.720776812830795,5.566212816171474,3.0098219499549517,1.8185076122843893,8.856401082033084,2347.0285947392936,9627.555476977916,884.2154900453866,505.2435437411739,31.51792020654883,23.324558503883278,4.773286804283469,20.321430218058037,61.32931817755511,0.7156193103262732,0
0.1661891789536748,1.034553733748143,0.3697368325956785,0.0043722263979473226,0.013679840867202883,0.06473143540127951,0.036647446664479694,0.027401256641052443,0.0354855473677573,0.001634579937471299,0.0188963524070814,0.013737518123072268,0.008264193761669378,20.474670278209643,20.438034925994767,15.904553376125126,1.8815692992417397,2.762715930266701,3.4814036314813013,11.095459066383915,1761.8886261493285,14276.194188220896,877.2738805779866,586.5184668342539,16.255385986570076,23.950224616339714,4.326848619706836,25.27069187975654,57.43339449322692,0.6969163765846907,0
0.16799152868522588,1.6998475621186666,0.2835764486685813,0.011663347345144242,0.013969366090823717,0.07695195268282799,0.07371461233445148,0.013729513853022592,0.041735221509252934,0.017509395668981596,0.019078341891785235,0.0037652661550975075,0.005532240793373264,14.86298854566748,14.893188137792615,16.21810010744912,4.343190335512248,1.3593473996617371,2.540850910003373,12.073877965670391,1272.8758045166069,13578.997519300085,802.3374895081593,569.8552608421219,25.694788152443174,33.19710274253202,5.538447569199095,13.798922056871103,58.47581705361671,0.7484834678968687,0
0.2041198903309363,1.406117728649787,0.26921646751569783,0.01054638958235501,0.005337758260527171,-0.0049314440148223865,0.034752853125999184,0.028678054595424458,0.0261408599093757,0.016370317917580746,0.02653892610271024,0.017402275248545696,0.00973606584991822,16.297394115432382,21.652258357811583,20.70481466182704,2.1759249240750744,1.0733774595673635,5.867841246746166,11.443489412891427,1956.2907800835337,8255.509875509484,832.8008523330581,535.2430289209593,28.589317640352125,23.56347243221562,5.0388842014265665,25.141230338271278,79.37320902726829,0.7685299807559378,1
0.181704188992678,1.415051961179952,0.1908183068821626,0.007595493789324613,0.002807406883639646,0.14725802141686267,0.0260187489248026,-0.0034303910165184096,0.027101430793554045,0.012886311836004596,0.028206074759086715,0.09571447427363684,0.006164405852525593,20.800242144532042,9.444173505500071,16.248680339319062,1.911498595675469,2.6056762904469357,5.0424351874632265,14.336796541561533,1960.4848751687762,13951.222552923644,845.2350291825427,593.1027670740506,24.070292982755202,17.84529505689145,7.150546191726856,20.223844865723617,83.66598246096848,0.7182829990950146,1
0.191462556264824,1.1342659176458434,0.2888947833249551,0.02239319773628503,0.019695711729053253,-0.00042931848198619893,0.019718223912642042,0.01948490806246072,0.0019248118871081285,0.0006687703257520529,0.010373314655909746,0.0219590139945042,0.008003740827082176,13.427498033249,7.9578830789699575,11.224830020447508,1.743926873475638,2.2021863106465966,0.024636482828028772,10.623699511001423,2259.088973173671,13103.69516128502,849.910558004839,626.3259822263818,24.516816600074094,30.040226463664254,4.852088800070599,24.433861457610806,88.9959987543325,0.8051445889792661,1
0.19936369321065722,0.9490746216194788,0.1417993048447422,0.01213282927159725,0.005949197485095575,0.08731066784794723,0.02096717821646106,0.033227032199889796,0.06667996371753851,0.012101549087426021,0.009820505538648496,0.03473084387229726,0.006034137650399452,20.454895138097324,19.66414352046099,16.599115313070328,1.6244579568888144,3.15260580875989,4.0882373583945215,15.206667826632597,2323.3619229694405,9862.546091587348,854.9975949746757,649.4529523539956,24.377762951923476,32.32863206494717,5.592144449526613,21.49992871806547,78.61735698828815,0.8054780209747662,1
0.19738312128778546,1.2701147115735696,0.20359869338770523,0.002130699743096022,0.005961203037283239,0.20667778004597503,0.04977217586998349,0.025368074692249037,0.03464202531683003,0.026438805936943692,0.02258202734701137,0.03521312309410405,0.009644926685987583,15.691126182509201,10.951197292000337,18.467479103023,5.171786649227046,1.6827973903910343,0.3028824600856801,11.560445162965378,2606.8598355100376,11846.07092711913,851.6417927533006,599.6664469942403,40.87981505996172,31.10149891502543,5.772154162428368,20.69431332289686,54.102643057127736,0.7333362679602069,0
0.14955281627564218,0.48244300085284375,0.27212806124089445,0.010247533411548541,0.009437056015107456,0.14357393435740384,0.0035270085831564206,0.019708273007734395,0.044905834852738705,0.005692782852678568,0.02520794305692753,0.013470172485795306,0.004421295268194845,12.156471467014732,11.343695133364776,17.312739613988747,4.22150972185181,4.202677776492729,6.004967820573069,11.59615370081031,1697.847579287705,13230.878502582438,794.5318636788624,569.3821448709799,22.049633080830713,29.446473927178552,5.876766210764467,18.589426703437447,70.47505201330061,0.7476093232331328,0
0.19366657985622138,1.0181809125026222,0.2585955499472714,0.008693307009963824,0.01465341561505024,0.054718591533773495,0.005822822707585561,0.01315187890261104,0.0644758724502633,0.008786357053444858,0.03526215958796279,0.04279475013397789,0.0023288590462582507,12.054104751511765,13.651296966941711,7.723555120493923,4.05832284719398,4.8051900853505956,3.7794562024028857,12.843429758074683,1846.9885476456993,13997.935670633242,872.8223428490608,552.4950112375461,22.538736470392685,23.577479476742955,6.300016859916701,25.067680886416124,54.59842049355657,0.6883055031788391,0
0.20945341351501964,1.3553248021693798,0.2934712662297448,0.01176698694551023,0.014403042966736737,0.13097507186279703,0.029024686963137692,0.02123754642524277,0.01859358902696325,0.011305922706398144,0.006751669442973654,0.022028159221724818,0.004973206638447877,20.503999027113586,9.499916789626687,10.642447028334214,3.251475233079984,1.1405897829292164,3.212664841199234,14.951780727618672,1956.4596250935974,10369.439341217756,893.6598680464659,634.0816947466055,21.85909814332461,26.44447571782697,6.726527552209179,23.797594407666192,80.74094780419775,0.766954797029298,1
0.20248706719741005,1.3776793309162687,0.2581987713726566,0.006915198801802838,0.018764002674483627,0.09214300223592171,-0.005588778508468617,0.00020981306510287762,0.062129235416241435,0.009590629114045806,0.017605449062344163,0.021776532088933674,0.004474837141005905,14.224689776507608,8.91250336892067,22.083306541489783,2.7940633981344503,-0.010955849512954252,2.5251814451853867,13.29511735596444,2319.3368624421905,12474.469751262033,787.2067555804091,573.6365334252555,19.948804637833323,28.457573532160843,6.578204443667731,15.3658643056649,70.65524029234341,0.7660575780999143,0
0.16365822737863617,0.5810784044246537,0.19960923581089518,0.011951099284337352,0.004071871466152037,0.16120721885727218,0.05996023540608855,0.02980004236133894,0.02436655855306225,0.006315493238841005,0.01964592560954649,0.02300274673847125,0.0033357484694467054,12.686776290593508,19.023937217636995,16.236440628138695,1.5263756392785945,4.987963495901608,5.337939775444222,9.22181350695296,2254.662149085514,11210.801066521772,866.0055997942719,546.5332488630781,41.09624022057477,21.00249170772153,5.287855137277685,19.684745216341252,46.36009230320184,0.7573183125142307,0
0.16767277183921045,0.5474896738156217,0.2326295140043038,0.009956531451860111,0.0142424272709822,-0.04428263076028943,0.022279948487011213,0.015371437142856203,0.061113884977663,0.015563990978064532,0.01049847469948128,0.045685695065275034,0.005303144099416812,15.108133152967824,11.129871748186972,14.551372118361106,0.32867753987954806,6.106756953799666,4.670282030187509,14.071597386453554,2042.0615378513735,9674.365994678004,846.2986326896948,582.5475982170756,44.7900732569005,17.902621406985983,2.832839554316631,27.618803151596072,55.59218434014488,0.6822759153916582,0
0.1548299017864933,1.7804005752525343,0.4056156059421546,0.016679691125618557,-0.0013728356407707032,0.07760441219759817,0.0027591325829048503,0.014261800860898812,0.043682387966563395,0.01555338842027046,0.01275467730965751,0.03802859318734924,0.008722074721865614,3.453979892955756,22.756888605047465,11.653168804406233,3.5789351043879494,5.488905996328786,3.2182837383155425,10.459867537456052,1850.6764573156483,11657.10851308645,830.0876066020317,529.2480834988444,15.487330341238804,39.806418484756755,3.7873661677960557,34.425159879982644,81.7136828118997,0.7224669442278636,1
0.2149916780841084,1.2582084791072963,0.141445154424034,0.0075922222322592926,0.0025016485957055946,0.18589482833304627,0.014086897323483848,0.00241791123344565,0.03363397971791332,0.00990234805266449,0.0229457680054032,0.05545820434494848,0.008511874080031394,16.10161645845459,0.3311467638526153,15.623819314386926,-0.7887475287069128,5.960600164103778,2.791583473701998,10.117567546856538,2310.400430525881,14275.820349609166,829.8390677005876,617.1086367500034,23.637702994065595,21.810423307954945,4.7724146179095195,27.224393713269862,42.19695601329106,0.7184830323702461,0
0.21985030706336237,1.0554757752130837,0.18238768332590727,0.010331091615141704,0.007569798765108115,0.04647225086690256,0.06825376268713591,0.0059103925320796065,0.013246516278246318,0.008126885903369727,0.010796413836930748,0.05880220240138347,0.0036426177364074904,7.996650725567261,15.733737361026128,15.769238301083206,2.8523320287348772,-0.7286923684292752,2.369467010135211,16.147255890021462,1722.144237072796,14390.81299784588,846.0958279935962,567.5689128484929,19.65564873721191,38.82174258058568,6.865188731888934,17.386710959992243,45.33023856870787,0.662396966524602,0
0.17541218511863943,1.3703374634519316,0.3504322887567917,0.013703900402858467,0.01851295198393116,0.01194973128333257,0.018034413316043045,0.022921688282073263,0.0402684097077692,0.00884065746687105,0.007787026153947748,0.01752319502625479,0.00547686555354693,21.969622652705365,7.462074326180312,14.695570115466488,5.0675358321338235,2.9596502212659233,3.7186155832461782,14.385095381355104,2529.4621131357526,10470.804258889171,868.9752092818542,669.4273872570207,28.51227067756242,29.460510202234996,4.177749429093923,23.470205435820088,56.32969674146876,0.6356354184556116,0
0.17876471600279742,0.3697647963685866,0.16237835849257562,0.01011676201574227,0.01612051448427853,0.06633374125258193,0.0531448909546205,0.028369911546336737,0.04779891198766874,0.008262498501470449,-0.007829604323432205,0.017265388817838855,0.005753376801867679,10.12489307530743,15.280919591961602,13.344178670720893,2.6631674376140206,2.3953615653689857,2.1167976500707493,12.386291209045298,2208.8126940223674,11671.689133012367,837.6245485202929,678.5510279331972,33.59960510963141,26.34728196099029,5.384756665753205,21.923221312421216,80.69802084990019,0.7615229469894019,1
0.1473905351256972,0.6883877055120854,0.2847602116873045,0.004020975414201424,0.015512666569669278,0.08053146222013373,0.041196568976561196,0.03300625401055959,0.08466231834264354,0.003995905000824798,0.022315284802175192,0.041375393906788974,0.005683360774809243,24.294013177902578,15.264697341174006,16.42419847677725,3.314031495281422,3.341920893093914,5.082132354960454,9.039679145479418,2371.8613235702724,12217.907434541614,864.3258373333355,621.2047140036185,23.960843112390336,35.755121864262485,8.202740106543192,13.252684158344469,69.40786478111049,0.7512762946041637,1
0.19780766327039573,1.7598378580583174,0.2878430625728172,0.006913036741612871,0.011427202862637402,0.09450812429334492,0.05062761050554662,0.02509513563929686,0.04400067574624656,0.0028751441409229396,-0.0035591892493232226,0.05006626625629803,0.004129834327144906,4.660908117613493,18.490417324588343,8.78320631195323,2.600141572606522,5.525122267114003,3.8405429260001025,8.975141796107017,2071.223584703282,11975.608866812212,836.7604298679971,597.8744046558404,27.6257626558479,26.587713785095048,5.053882699854702,19.991028785200506,54.65315112613219,0.6632537575215737,0
0.20928354477504874,0.8672180330022194,0.15584303097840255,0.007327427806688933,0.00895753048134399,-0.04917481094545094,0.030327484838625872,0.003897368812081997,0.03627127168356892,0.007313187053433002,0.03559182290482352,0.06344083546084642,0.005575082549931461,15.390388569479947,7.88683265392798,12.54368486169339,2.717284771658263,4.787580453602544,5.326720622097028,7.1679171152482635,1744.4582005451991,11081.07921924958,865.4921784517345,560.9443441545782,15.846280358908876,20.359071853109477,6.81207805588541,28.124273806812653,80.87047068238171,0.6566050860804149,1
0.19752093585059588,1.2240343978460655,0.2132188307335619,0.016693767542491942,0.016394819865353256,0.06861839039285555,0.04253754127058044,0.020599097740795037,0.04495692563803649,0.008120358772643218,0.03133688498098509,0.034156767667281415,0.00820835031308735,18.325530257607397,12.865098142466188,17.42796960022001,2.4292971958239984,4.842776409622369,2.764582792084232,13.951832688318406,1648.2765176498772,11036.685097890851,873.45551072749,613.7896444449367,45.414720756578845,22.96646492316894,6.578533747292249,19.792323354148884,95.02357052096028,0.7399726971728153,1
0.19302272483647315,1.6297272050862246,0.15166531217596668,0.012766474300485553,0.011032861857093972,0.006500006680396964,0.04054961666055461,0.02516825265824451,0.053128131309799445,0.008760419871284956,0.016500299196487114,0.012789853469893787,0.006881639597811432,22.326897137492594,18.93149115450139,12.704977698885452,1.2443074360670643,2.8565804648821196,3.0230301776339656,7.350002464511977,2822.838981311006,11575.185152363589,831.8138776886423,594.7371923373908,15.80599584647774,28.885196331841527,3.6366348762300174,19.725889741679538,90.03532897892023,0.8196496072427112,1
0.1969686176441057,1.7036932959147195,0.24935094387105997,0.014499730181212964,0.002798668076022158,0.16681664878321878,0.028079986765322834,0.021031179257172048,0.04672150825010693,0.01006287884800157,0.034673759883276783,0.030778316560346606,0.0022410660721076674,15.897616507687308,13.04866234534191,3.6392917221469645,3.050474937803297,1.8380979781720326,3.0045954561610113,15.581946819536533,2468.1100452514643,12197.024442159382,838.6796145076021,634.7470797342714,29.393736677321183,24.795965600680333,4.824173696609554,4.862124491223554,76.07891846867842,0.7939584046329348,1
0.18947264153622909,1.7989726732718505,0.26344122724260227,0.015168241337306092,0.014894643242856175,0.15565097119995858,0.012360784714656518,0.028092586281232988,0.07081504753033545,0.003909119665963405,0.020003186114650684,0.042757966325198495,0.005363166292563393,21.791785832153025,15.934635262772488,17.771272380132604,4.134891177759648,2.3523517665099405,2.916863907026367,8.85261381033644,1530.5252227519786,9322.401576841108,854.3750879872591,592.5009926329304,15.506035084573082,29.259718891981315,7.013134907761893,14.226894381120632,73.98293387770603,0.7345574077545993,1
0.18778318391335858,1.7325356247953612,0.17123727596144256,0.014092226221008957,0.01322519332157703,0.12003470884575451,0.01763649915799662,0.005907842019754866,0.09602745979269958,0.012306653565177109,0.016087001101016223,0.011403041032146986,-0.0006590075950162581,16.36797286630839,17.75286796850799,17.141271987584318,4.0090807317902115,1.7855333104445323,1.4333457047883307,12.260362278822123,2418.3017156164065,10250.317445533563,843.8404706559373,603.0766872161475,33.125173863997716,30.315237419914155,3.4689657372334315,32.16435322091384,83.57112571511746,0.7290445377408943,1
0.1804780608656991,1.7408810715468577,0.2112705204332146,0.011195191121287048,0.012161981068417893,0.07713204497691262,0.03818281845551988,0.029926281029794298,0.0221233355872182,0.013111895592365594,0.00666782946049004,0.03703922148416111,0.008719436426001792,11.730514528840178,10.854205387573,8.855275467640539,0.47020491046449475,4.50408212276597,2.3996655714006483,13.064520466710892,2189.199622966302,10943.838719793308,838.2807905434163,655.1216814179752,8.090852684920382,33.86046375412624,7.066828909024299,17.61127353609902,85.1378595091221,0.7102259449469431,1
0.16432468668827205,1.0449200334365756,0.2884595663814387,0.011279860764580651,0.0007360330263433048,0.15423084801734055,0.014268558168842996,0.016183689045867887,0.03319319034234194,0.014805467286160418,0.023199278618447734,0.032871796509589844,0.00632991375081805,19.679865796328087,15.160577277161604,14.182963846343439,4.189838576715148,4.7466970387683185,3.798558016945085,12.897493701565436,1859.4440212219845,12647.88556143654,884.9901913468376,517.4503564931448,24.776916142867137,28.262678481760975,6.212401518870198,25.520542714832217,54.54413983644502,0.7675630150463301,0
0.16568480021778495,0.9757569452610759,0.2737261550824244,0.005567550166964523,0.008904385258750341,0.14129748586399687,0.01750330763131035,0.022299243454179375,0.06372831181035218,0.004837333618952947,0.014700070682965246,0.031622491668370056,0.007605455144875395,19.17494713689293,11.543937811044414,10.929643887539086,5.168452569987131,0.6651945986975627,2.006717178485009,12.054220420270992,1601.5774901735863,11800.760100439053,818.1108880906561,526.6431382912921,34.958315088796766,37.834706187647384,4.3971178955348025,24.600011403375966,69.4376460407326,0.6607740196810707,0
0.14266920097278768,1.511739601562133,0.2721265204472839,0.01240085186297711,0.01614661886291431,0.089638996421187,0.02506857891480851,0.002319432808256028,0.02934327462440152,0.008694956379138433,0.02966917401075468,0.01827429900895696,0.005258604169567636,13.299901046882715,12.394555189345418,14.16184237255818,4.255814230093022,4.075754961919934,2.1290470803709405,8.46649093477109,2228.753174229199,9891.789126008629,852.5351741727037,557.3204834462929,25.77827732101007,16.113932712095988,4.251959850234868,17.442829307060588,49.60240319690639,0.7220372388040804,0
0.19367138646400955,1.371326676950095,0.23007425242775675,0.010670280423203962,0.005231226626451207,0.049827874779742654,0.038575225177615274,0.009928050124730217,0.037324412549575206,0.01777141220805513,-0.003690243115812515,0.048185747933873875,0.007113435953266838,12.416454452850573,17.085402490043222,17.110071797053468,3.7876694143287235,1.1990344015183572,3.455538890881795,10.719711513484295,1864.9629580118326,14591.015164234917,806.2427077646205,538.2160084248633,26.61060774097291,28.00442224420702,9.268807667863154,27.86431761504357,48.62612872693482,0.6283817900946111,0
0.1651503153492323,0.7201209886538766,0.37741359986263073,0.010543437696326628,0.006775818430484644,0.10235889118880331,0.038262949519052444,0.015374670336866212,-0.005825856137681301,0.007499236593926354,0.02049591827661586,0.03564001085109022,0.006718971879547716,11.106302423154236,15.54392452930398,15.20692881153557,4.204974064106744,3.161969719327564,6.057962887572399,14.957555337004518,2129.2442212092246,11262.2379140679,857.3032214272039,578.4314474430269,22.469326454081347,29.955356582987122,6.728192584386852,23.23228313474434,72.84696290740033,0.8078327470076946,1
0.19764666124646818,1.8668896446204548,0.31382750239166135,0.009298821880383949,0.009617242883903794,0.002543466830406557,0.014259274421334019,0.0321317918839159,0.053388767430849374,0.013377454236327349,-0.0016116210357171,0.032602588761960836,0.008325979191354676,18.95320791943836,21.45526116351217,20.205539082622813,4.186730475546339,0.814042846521696,2.6847545286659886,12.621363831212621,1876.6379568287553,15942.701298002581,871.1081160423621,569.2235752666933,24.457619697760634,33.41686671503767,3.6498030637725245,10.250601012835094,49.550809131910505,0.5696398272391578,0
0.17099621470297177,1.1005885527702202,0.22555047111453497,0.015912287593425778,0.018683286788794915,0.07061135743261049,0.05668458388345381,0.003162674323859513,0.019204135509435307,0.01781177254686615,0.027260359992293336,0.04069407899272396,0.007337928963436365,13.296979611281166,12.442812356087302,18.07273618825434,3.1488444350716094,1.075371845435336,2.7574663379624083,9.161539256610958,1911.2085488341404,12005.646399066194,895.4033492616745,616.448524151815,30.46450169119236,34.06836541897602,6.745992645547832,24.210799944258866,66.43754043206928,0.6513848537791371,0
0.17793490479701904,1.1557338525770682,0.20881738600682065,0.01298644545840863,0.004611937965402777,0.1619833647112663,0.03527511169645151,0.014840190106509204,0.00535010810065345,0.00361314433224691,0.016887917108263185,0.018417423259862474,0.007445553547865546,22.538538496566822,12.103473457104784,15.439821387371378,4.916450024711714,0.7768900867763606,3.0453507040760033,16.59759927182783,2075.1717467224616,9571.912254853212,873.4189202305448,589.0806294782362,16.08285224517484,23.52415701017112,3.642355540159177,25.282978902991346,52.69065469791322,0.771243163093885,0
0.17232057456095295,1.2866499901618476,0.17207025230269052,0.013431595301165371,0.016794081532338363,0.05259814309860522,0.015568618353199414,0.025343472134537845,0.0777525024125201,0.006385826024108752,0.032951485441953435,0.019121798929734847,0.008950908262084589,17.609456170675422,10.495941294943181,13.765710537445736,1.0212420632518144,3.4452406628188204,1.2531798328348254,16.788267876582722,2274.166922457786,14731.664577579748,865.5709822327456,528.5110727798362,42.64626155798529,28.872373974628363,7.432520235168089,16.68832737831126,55.96120776940983,0.6574955939853722,0
0.17113911957743036,0.5828793939161415,0.33768559259819186,0.006756424255199001,0.00904490772133284,-0.016375407304117476,0.042938090465131314,0.01136810287833172,0.05861774765583675,0.022541531365282814,0.022197580839401432,0.038846043122706814,0.004517489264981034,5.349565653382838,22.19014360936631,18.518979418754093,1.9014258816073801,1.6782704064806104,3.886980240860765,8.79538850563705,1766.6282827476305,10530.17969873414,868.4032979995045,574.3249309446795,46.01031404156183,25.926985441882564,7.231683389412759,25.953403791389796,80.99651365087641,0.7461516992044205,1
0.1751700510825844,0.708622467493695,0.3461960998386458,0.00857610366245667,0.013620182213532667,0.018867802575995893,0.05284414785771116,0.02165859026798673,0.033850781999697155,0.009649851115959777,0.03268807656316957,0.019184732900455557,0.0039347146037558844,14.357244828074352,17.682438635606644,14.145449732626284,4.453116931750877,3.50636060015852,-1.2130868885364956,10.497026190808748,2079.4507989553945,12900.299520119464,864.4668808016548,457.78728214721957,35.051543790371056,22.454277252815498,6.917504262147884,21.517808894203153,73.99783122841205,0.7735990703636623,1
0.2389818885061745,1.3291898014470673,0.305237814889721,0.005795119880869989,0.018342916178237346,0.09232734122217817,0.05096407935350552,0.018789789689904357,0.03216658780991935,0.015497318856978266,0.019949591297764715,0.04767249097941944,0.006344117844732518,16.387623422381477,17.44006743188005,16.319330104514727,3.2336278617469207,4.439363838577703,4.885852441011417,12.703710059809602,1905.1170370427249,11444.00575650961,834.0488213801392,507.44470118121956,32.504874871764784,21.372623415405496,5.435543364728956,22.14174103729419,95.79212815507391,0.803711593201664,1
0.18984037695985598,0.7894523169336432,0.40586741158318507,0.0031923910799266583,0.01128170235051441,0.13109546275359185,0.08167147320333135,0.03396760177398491,0.026974250700336364,0.007599188584034778,0.012716707315782592,0.018792936878803138,0.006984874678308333,18.875447058728202,12.768007505922423,11.548314687758273,4.661248860177235,2.884509503792493,4.402122194312021,18.219770120048672,2234.912272185933,13874.41254116337,836.6590156076517,530.5242724971714,27.0428562505347,18.92319508696497,7.060338259680162,18.115942354978827,43.772779784377015,0.6670765055355423,0
0.19719175773959602,0.9939126424767029,0.1224195233469334,0.01298060345713927,0.024492152418607475,0.04235475593441761,0.04514353642204045,0.03295207072669644,0.041433371077604884,0.00988303019878027,0.01864126951636204,0.045984929150344904,0.004631907939241917,13.606605485802215,9.415402440439205,11.618177484821972,4.103164929306239,3.6708998373766035,2.5606637546955047,8.846604792671496,1697.296930674542,13638.69381276509,856.8709888179442,625.3577021455669,23.812965932017846,22.73932705452507,4.59261074445263,25.509110151403377,43.416353108074574,0.7307851252058375,0
0.2106473544935623,0.6736736734289971,0.29740242458542093,0.005855425712099213,0.019143800810183853,1.1119491367464485e-05,0.020946197029809332,0.026779699708965286,0.0823202411366199,0.010220323174564689,0.028690312755308398,0.008973419639534422,0.004872893637502598,17.713873369562812,14.28857153777426,18.43144270865907,4.165382782140288,5.953288276807314,2.112938664912093,13.073563203313965,1696.755898664805,12558.475508550702,816.2581708174017,545.7556863842432,34.27817569902155,32.702144758437306,5.653933658787345,12.167684688473736,91.35565640180599,0.7084256881322456,1
0.19183628267482755,1.7979752909812943,0.3517513937550925,0.011814342094036874,0.012174037702499162,0.08595882889708098,0.06665122480712024,0.02273911086847179,0.03452744779213464,0.015813240293430963,0.02369052048589968,0.029969709941039077,0.003960062562464623,15.166116192584797,4.565757353420313,13.46355080662641,4.617977918939589,0.10374959891387547,2.251972464095431,13.470772333285558,1609.786459822405,13907.390265271548,852.537719012426,549.090447881999,23.235211830553585,11.828408759955353,6.010521275771249,22.397225496363898,50.7311893005258,0.7617976490548696,0
0.2004741909221396,0.8652317184814879,0.2962382818911646,0.007584564275052181,0.005001592476336569,0.1396734941444973,0.04276373997697147,0.020065486578045393,0.06544397108500195,0.017749093031641697,0.012308376813578494,0.014981992680883634,0.007525916513427943,15.365521271903717,18.007900227010897,19.6840283856653,4.120779885187639,3.2952778897122306,3.5763478747786346,17.232504408441883,1697.7467433100262,15139.269009155429,876.2797114773787,562.0126350681072,35.25072019355447,24.45621953870709,4.223004694833594,20.730674360244663,90.53802052034902,0.7825978817421833,1
0.21590422711824644,1.3797895651329228,0.11034340537122783,0.014934897113344774,0.018060646021167432,0.034639758832603715,0.08396657671874175,0.010469595366351501,0.029551705432449817,0.004634543358186923,0.02441035834850763,0.04815959515610267,0.004757336552956041,14.018531911271166,6.139860857879789,26.298010138712392,3.0264627131025295,1.829608911781803,1.2346201618026238,11.122873940718941,2153.9190029040706,13578.444998120945,865.9671321055455,599.9305882878353,15.21813396689804,26.8439815397915,3.59006142193078,21.634091487294985,50.60268941725825,0.708807580719133,0
0.15882184825886797,0.5447883770255932,0.2520963802219229,0.006931730178398798,0.013666849256304391,0.08991440300389551,0.035550317177637805,0.02103078221530848,0.04052370298371597,0.008204341859455627,0.010385281864894933,0.020932930997988236,0.0068914182802707336,9.751629421216027,13.164282144763844,10.604319534461576,2.07691903535623,3.4050744201677943,4.096666259534212,12.704769151491632,2259.6209810006717,12809.408225320882,889.3577972599376,530.7453229562466,21.36995105910793,24.09920516676718,5.880463048531665,15.504554825372653,86.86260190374513,0.7880266128559259,1
0.17041014065201512,0.9468979880459842,0.28402570466640886,0.011467256173141769,0.014200299645115724,0.10369747821939843,0.016311191958276346,0.04040133885996919,0.07621044956841987,0.01903429442073256,0.005664360770345593,-0.005780903084926445,0.00907653128182407,17.15998281684805,15.344373197568846,13.16068353151758,1.6387554288960122,3.4220348063075554,1.5778140803511862,13.618642600083055,2022.360200066673,13099.053348859288,838.4338270776321,542.3973017843259,24.256732241213737,25.340487436015465,6.237070682777426,14.110566884868492,74.965243458838,0.7697257446182089,1
0.16649643450051235,0.4368769768490435,0.18092051160280528,0.008304961271909187,0.006429593208834562,0.12711110493862257,0.02933949472560879,0.027654021560133496,0.026430105390255566,0.004109101563328615,0.03174814057585692,0.030234727394438717,0.005551518088903628,14.282883917705355,19.396536463544884,13.300894158458513,3.4827527850341555,3.397660641768365,3.5224293715002277,19.533397643070025,1592.710266515328,16397.67407652257,829.8587944162034,586.8349411498792,23.869254356202365,21.081199153149154,8.648389040738252,24.973990981305356,64.26177547531641,0.7467016645699982,0
0.19677881000939224,1.1784380603977043,0.1598003120837569,0.003959835152058991,0.02362349457161709,0.024306801959118933,0.02624545952840232,0.01715210590484605,0.06445423585663862,0.014533921333377147,0.03826647079311938,0.07666071124222934,0.007649403481572194,22.551433256365726,16.99773420507853,12.471897070404058,4.5396290657019005,2.1988175375806565,2.5125321087469983,14.794408558661967,2301.913482441134,12613.385399226827,836.6111466545705,565.5363813654375,27.75729843715186,26.42373280276872,5.6854512686801755,23.123123489114466,57.67050265869259,0.5708910759202417,0
0.1828977566619378,0.9901731944931795,0.3625547796713401,0.013894904923409472,0.009932881146817793,0.17455254857011815,0.03409595754563834,0.03557905432318357,0.04064529621542506,0.006206673992286139,0.013784059548293159,0.000535867402494665,0.007050289317576543,9.306085315118935,20.25560873878999,16.663063794749874,6.31017408692265,3.1106111793098172,3.539281593210708,15.17431685398811,1636.913265730886,10089.964592921042,807.9399812971567,528.1748664211211,29.686068481297788,29.152855067107037,8.108891855209592,26.058591996407873,85.1503526720866,0.7078804987315946,1
0.16870451991658114,1.786616343711441,0.24540874375987662,0.011875912312593872,0.007910540789307472,0.021152719495186455,0.05357686888051287,0.027460239529828165,0.058070413676070035,0.002580104702662912,0.021676915348595612,0.050767720743192656,0.005976820431362358,14.954586029521568,10.28518313775118,15.699126356630266,5.353861771927063,3.8504703949006513,3.0877156027022092,14.297341618440825,2098.887659352422,10001.656314308011,855.9580885054135,581.8186610493277,41.14852569906341,21.241686228474872,5.685509980953406,27.18632194637843,90.57122226218915,0.6554164705809451,1
0.1382594596279586,0.7610526724115734,0.15043659999322218,0.011441474863619445,0.005250371810693636,0.25191272138515775,-0.005363138235064638,0.01680092721997086,0.05377425489109539,0.012042426690732352,0.02231672684195061,0.05918321988377383,0.006178721477192479,12.801919234914969,4.587640116486643,20.40790364182391,2.6857074277244166,5.307592476657417,3.9583845335618273,9.447828028360213,2146.1026903424467,12605.981713331457,800.4326929917706,590.7919629823195,16.607437123274135,25.472216627493278,4.935974942547505,24.267574245486866,94.51143607795042,0.6676859314241186,1
0.19111025292684497,1.1586275102838863,0.29006652728033694,0.015262033163760416,0.019702206198883368,0.08527841282775014,0.03960127235808208,0.004743375907131579,0.03130410613255566,0.006848839631767805,0.022700844113477642,0.06419416057351038,0.007799197475958813,18.030748498792345,14.560958241825732,13.3558458670638,4.928230424563478,5.244004754333289,1.088569165423614,12.678678844273827,1669.0822207606957,12733.224488588043,854.2876637706987,614.686125161624,25.519463828581546,26.07150116026874,4.5685019805198195,25.401891884926094,79.86502775262066,0.7739533873563168,1
0.2090652132664207,0.35774122326387015,0.3105251739930512,0.009920822621917168,0.0074475664823423935,0.09172419327699921,-0.0010307484193625358,0.03590795742171253,0.0630582651240962,0.010537625002153994,0.015944966334459125,0.01007621508808006,0.0038874591845037875,19.41991580234834,14.604388888077457,13.99446102355287,3.831948300961022,2.314508942165311,3.9196837488437763,11.29043845378279,1516.289564572855,13512.622581378817,805.398445902843,524.247822164014,34.59597960580121,20.152213283418888,6.1229538069957545,22.9031288470254,30.761206733710434,0.7568515877273714,0
0.21346904180597073,1.3743901558000182,0.23998604572934687,0.006593840080882724,0.014607246995297645,0.03366845673173725,0.057047250918523015,0.026235257988258587,0.031568353771194144,0.01190033720286916,-0.002731722025468321,0.012299427354744024,0.004648862942817567,16.543376470278083,19.94263052323721,13.486127274372308,4.012746601482441,2.9707853020479815,1.441009051682889,10.102667423808064,2453.736717754164,10026.161233535338,896.6996970296373,534.5444259707067,25.627711147587316,23.398595247469537,5.403794790421489,18.79943617113824,56.910990680199035,0.6935618713597462,0
0.1736030495349031,0.673147232021366,0.21126608390010104,0.008341492397712548,0.010092552925879536,0.06989481727826713,0.035250057817036676,0.02631224356971783,0.05280053236768659,0.004070925444925274,-0.00035902570104776044,0.018280984625723758,0.008430131211183278,9.330268320160979,11.697763159962085,9.108269375965772,1.7088930172903452,1.2674552393879726,2.8013329204506414,13.52898932313037,2042.108872016253,13100.760940306043,816.4016418826836,572.6037353193204,27.087870800128563,28.733711214054377,6.738187576469511,26.230358149573185,51.573124059196516,0.6764945110573707,0
0.1909423823035042,1.4958612606898685,0.162358448892355,0.00726546287085445,0.00810952607083643,-0.03604526472757462,0.04770512641731921,0.020644075224319422,0.037456012320351145,0.014497806883691539,0.013921900199703423,-0.019413265657588018,0.005486810328420953,13.796487140763452,15.086097913652802,16.97055965185429,4.162846093256631,0.9924872620170908,5.125615550014716,15.976567708062177,2188.2118010562267,7893.690980304989,842.4947011225926,545.0923225634397,12.132790504555352,13.000756432721566,5.114934943083954,20.248170777920976,49.88784323568815,0.7648028839428789,0
0.17833124060419278,1.9890168707159233,0.3171731091544951,0.004355772675735673,0.007485955365186001,0.08264375404439596,0.013252384206350661,0.021699745397492694,0.054345270875664306,0.005828309067086686,0.013041903893738344,0.0372003293047645,0.00659226717977121,15.08876273086643,17.122925480235725,13.940447032612594,1.859606400444781,1.7546067739199225,1.976967277703923,8.942488136094287,2192.7201267641344,10496.286512060133,862.7794936535511,610.0296717065537,17.650340190814976,13.696998515362102,4.149492516736126,27.49850018985161,68.82158991037527,0.6946982224476799,0
0.20094635413242895,0.9570582267151154,0.3595760886123348,0.01013561089472935,0.006314835584262563,0.05430090453213467,0.03574545028054854,0.02292148842118799,0.06112576967492246,0.010921086147650468,0.010451309184159237,0.011764354246627164,0.006272622591127336,18.612478847214685,15.173846240472283,16.591276232917135,1.912988682476543,1.1034940473564645,1.4609072536614112,12.749121483667617,1958.7834201749672,15995.68954725429,881.1303862219078,550.0263479951983,21.417670327408207,18.840840294361172,6.030781004362414,24.25851976697971,65.73631749859771,0.5812420113774527,0
0.21741930350743563,1.338683991041968,0.3198259480804508,0.009309483462836662,0.013986985117296171,-0.011534302483665021,0.04053962782727506,0.025558260275751275,0.01404543248637535,0.015880054925988533,0.025237277654138534,0.019506624388692714,0.009298382646668924,0.7186229332942133,7.374471794928197,12.536725733932983,2.5533965266781533,3.189383809070899,3.6032468348591924,11.450991361128288,2236.2125414671978,8506.541266967815,877.4595490081646,553.647886945129,13.022632513388688,23.477784645803396,11.537436751796708,26.274159737443473,73.23077999694041,0.7796418111769643,1
0.18659017471146017,0.8229767976832494,0.22013854032469488,0.01424057527468508,0.009669056940268886,0.009567600421638275,0.033205377148351534,0.01958508895422621,0.050974009527898004,0.005114639269292994,0.025087633310493046,0.014005142237789363,0.005511569919648662,18.35629833038677,14.880781159319417,10.55373918764541,2.0351273531811493,3.370628483531108,1.1732950420161221,10.273243638464125,1436.6825408269378,11057.773952817399,859.1017712559334,488.9654723991721,26.56164195482005,19.92841476634606,6.50773170315641,21.61586149494267,80.46980593764742,0.793137198639904,1
0.1865348952920464,0.472808309845138,0.16211036598577502,0.0027169588887919352,0.01572680362038938,0.051387412361369865,0.008991247424880652,0.02697238046390313,0.03122300019043657,0.012455019729788767,0.025881379513426596,0.020972495378373125,0.005968624066486124,10.928976613073122,15.72058181389841,5.079359666211955,4.390499443101254,0.8436813278333877,3.0819591624675566,8.28310216558549,1915.0935183383215,10734.005935407415,783.4936696799333,538.7320672092667,30.204740959709945,22.37427638990891,7.971519170574785,22.32452757796393,55.715662372193925,0.6356716592808636,0
0.17215057787878255,0.8909725004975036,0.13799434214535927,0.018925995644110995,0.005494453668043273,0.06292246974477927,0.02693478893201389,0.0008884067473951228,0.053196992242091304,0.01829434847227665,0.03322617841260772,0.034895692392069994,0.005851495785013835,8.897928945944576,13.374517642645372,16.82580316237585,4.257220345345741,3.3793391935354644,5.211690489910254,10.79959181009232,1260.8947628283313,8793.921031129044,857.4631348014158,590.7187519684295,30.22600756273033,23.924653680919963,5.902680400544585,26.303712126184703,79.44452301103381,0.7940926671629891,1
0.17285109154379144,1.4088570183735742,0.20926293099206925,0.008214717939062621,0.01047277648779159,0.058462496889235174,0.03594320047616443,0.01611520093228519,0.04447989937802098,0.007751749030785931,0.02302962307498731,0.00756063760101169,0.00918445014729755,5.204091956320115,17.52932179058078,13.41658256018295,4.8747316455805185,0.6884503963493058,3.981446090211413,12.974229961053286,1909.9533199331704,12243.183079148024,881.4356354113766,608.0131668242481,33.071089094134095,23.05340138507343,3.7189585900249233,29.952321361448682,43.70948228782771,0.698548263616545,0
0.15825508122274395,0.83349035977451,0.08825610880304421,0.008360795024825868,0.009983561040445307,0.166185771173532,0.007522431897488115,0.013485574501363187,0.02478798671149722,0.013541331098286999,0.021937987137670922,0.03270565017104636,0.009016165700288042,17.043423811377043,17.236931482367137,14.360015123933024,2.795855311977526,3.588192188231524,2.4230548018931493,11.342678512999118,1955.0973877960218,9436.43160977078,876.1876594707161,585.3393798165805,14.993346348124764,22.143189120441104,6.470764547856851,24.931598544574555,61.21809962217196,0.6554517648581171,0
0.25852475412872655,1.6006527300834241,0.24921241530796936,0.014026920284908258,0.009306048477116446,0.04705046349417342,0.07091309095354309,0.012216914469934967,0.045376098688784616,0.008764141938778003,0.029940027883688467,0.041359890790484834,0.007176473589030117,11.976624091840405,18.992524523078345,14.859378380290828,2.657842973322725,1.3292334338984746,-0.936616749065827,9.264180159565006,2337.7182288120703,11700.939270913463,864.5949705019609,590.0785441651226,25.822426280159437,29.524110595596976,5.196890611882544,26.824499345136925,75.30824347895295,0.7610808183518945,1
0.19852430804483184,1.4770891020467438,0.3343188616946301,0.011156734692474902,0.009513228142929535,-0.0448444315234587,0.02275001994235863,0.02724829373485832,0.032949075145267605,0.012043053737819586,0.03482832866385907,0.01902389954445663,0.004166722613272906,12.598201637543225,17.922443943237308,7.682484483477969,2.7369304735185294,4.429228165835182,1.6801298929152948,12.24571623781222,1962.4295855854089,11140.37615433724,885.1504659166843,644.7183873752363,14.035510126366916,22.064715307594966,4.197939384727815,28.155289516777827,51.48486515958692,0.6682568393592223,0
0.1995771610156359,0.20487653738596812,0.21557525440362862,0.011826752042921596,0.01933391278449488,0.04149637138087224,0.07421379452031529,0.02336499788820901,0.012160334264058478,0.01462952088363859,0.006959968221633622,0.04833412945178037,0.00480645504726477,19.434213297442923,9.869823762223799,22.43075662571672,3.0066577839147217,3.191982545515896,3.6233069907555038,12.074333239490283,1756.656795574861,13815.451039417398,868.11792786041,567.9396264119949,29.230995084181227,25.145674452100366,6.43944794079464,18.713223291693435,57.076876871631114,0.706901564748845,0
0.18039233315387979,1.1849717420082075,0.2501830348914803,0.013375358038566949,0.009262962386165636,0.06892691346884329,0.04170042664575596,0.040135542946486996,0.01927341606323674,0.011973786945539966,0.023132416936936163,0.05432331553564508,0.0074488563524708245,9.267249181462711,9.206034667876978,23.947193555386868,2.564425512523805,0.3876455246233128,5.661359427060272,11.693885397544605,1620.6058183140462,12232.903955414698,878.8506415578812,586.841762756966,14.644632227306444,25.574486067410792,4.867505222810326,16.223548284703934,70.29550319460614,0.6492186007005476,0
0.20103895235445837,1.3354211505143656,0.21611211346174583,0.009165326515118137,0.010892001528074804,0.040338496722350355,0.05907680474243769,0.024212473786909803,0.07814981345106536,0.01109654456566027,0.022270630531441498,0.0331419730128766,0.00628657334376405,2.84439418014186,14.144144023792325,6.064307062077743,3.5754825358001834,5.123865960739015,3.5150555246932127,11.446636588036295,1532.493066583844,14010.822030964862,825.1888730489563,546.9962810665993,29.816420185680997,28.804146057612584,7.669433007316005,23.397037731278758,64.38283805975998,0.8140714411451804,0
0.14937784994888556,0.4895952983806391,0.17795277179711505,0.009289616020965044,0.009247064664996467,-0.027648610671916013,0.04226920331343674,0.028687983383055494,0.020911227474180734,0.004232587345556782,0.016793755236931884,0.05049547601330022,0.005144331568564255,15.846887349713535,15.49040225139897,18.8229979881779,3.1866563968604162,3.491458855082131,4.452044410794522,11.879267175923443,1680.069957480447,12657.356484696165,775.0951002633723,511.70776233037304,23.313237258193542,23.095741143617737,6.8301705258762295,18.379991384983136,66.95046628924842,0.8244449601849984,0
0.1581659824772137,1.1990384636324585,0.20235720518529127,0.007928970211111122,0.009415765584130858,0.15069517085288014,0.026798510267833902,0.012025618829299011,0.04277270057060902,0.010667827077679892,0.00803484951849067,-0.0171692828441493,0.0062698790603265,13.036205237915954,19.158665691740886,12.157303475554997,2.389452259580911,3.776227354320662,2.9897190076477638,10.994149576447988,2181.896460009895,9149.86644971135,777.1212109697954,543.7668494873171,19.107614219673636,30.640683735609674,4.71793402108941,19.2469418680644,70.79572145730712,0.6345760553534292,0
0.1755359549073039,1.372905180253662,0.12848713399279457,0.013631849254508195,0.014953721677551629,0.09858360674816014,0.051690010605818515,0.015709627519073344,0.04452476177334843,0.015925815157196703,0.01647406902935593,0.01800700977098136,0.003361609894464401,12.357745010498046,21.713884822115016,11.046631800387026,6.884084576083573,4.593858008600044,4.031059863356257,14.542913445208281,2033.0322757268987,12899.050176320423,866.5329094992951,538.4227614839732,24.330962521288622,27.436246793825724,5.9316588651368845,12.540947316458997,52.54256935914056,0.6362563883111871,0
0.17913046100372274,1.3672823023551888,0.32566957149473164,0.009635696558587892,0.01268830970434023,0.14175082616767803,0.012624649108541806,0.02114845090277753,0.039734338220819614,0.008289913270976125,0.02864391497406665,0.024460818115456688,0.005310466840252687,10.90762456934916,19.54222582822886,15.951550626985284,2.450820465936979,3.253039117214088,1.2417404294603427,15.354508244685622,1980.4469699233243,12278.026362117951,869.6836136910593,537.1806839650637,12.71698981139448,29.381855949170117,4.906842706985581,26.269117876678273,47.99879185060827,0.7143548118466689,0
0.18744210945213724,2.0499085612067844,0.2667576066918218,0.017601073697243858,0.010560469615660399,0.15135358767534712,0.033478944168256225,0.0346644239118858,0.018227303138819227,0.009347122713524144,0.02348095291787345,0.031104160179846664,0.005871204918750584,14.766876173926654,15.312234883315647,22.01104794751635,3.8060481374022372,1.5957743308876813,2.785250499546702,10.359488262718607,1802.9380153119819,16110.385485181429,874.306834969073,559.5294417306541,33.89084947338475,32.3497387809542,5.2138958958358685,20.861354962329298,77.80328112162488,0.7290808719355284,1
0.16852796454206198,1.37720085217895,0.2189405557182769,0.010200910796662722,0.006264202444941443,0.11096864237518278,0.02755128020505205,0.014685885988615751,0.030489311065292905,0.0032839530470804967,0.024340684871831768,0.03965425521112276,0.007127633118773008,23.90226375646203,15.344118288523246,16.773864343140044,0.8095711409117818,0.3002406969173439,2.7259503421171694,12.171161510476091,1805.5179337482011,12139.813308917648,855.3874266795741,631.067767973586,17.873418655998044,28.723165232994987,5.2638452639954405,24.640727348520024,38.451433281342304,0.6757810922054801,0
0.16167616169037513,1.0089417669583978,0.21040276157055415,0.008232604291036704,0.010635777268299347,0.05251848901912661,-0.0051101117740925545,0.018264555824386124,0.0491129382017719,0.007092096183863909,0.018044067631507746,0.046442216945656256,0.005663720707901666,24.18971014996138,18.81031936931299,14.809152065167858,2.0705643679660652,3.777769250403983,3.6758974969186986,8.128894852261082,1855.014981710724,12896.105597209851,886.4888165529185,533.0258815073074,21.897163809525015,27.23910938249002,6.025904289008474,25.616587894445097,52.5876394214367,0.5936180519075871,0
0.21161081373136748,0.7382549327068062,0.2153780893129289,0.013178401531780846,0.019897189458474296,0.03545681777415593,-0.00536262065413437,0.02938969468704792,-0.00953584133754174,0.021344958058297267,0.03558349960141978,0.011911989953382607,0.003914449886487162,17.75278466413116,12.606539055304044,12.27136979681903,1.2282135891064243,-0.341699336004873,2.489407264926204,10.24951921959071,1698.9570317647413,14165.91365808135,819.7698080563672,558.7013842397125,26.274175777336062,23.31097940518873,5.74318318223143,33.04029538754544,47.871542173228356,0.7778196727936665,0
0.1841931883054925,0.9960773227236469,0.3778830489677073,0.015152302899409512,0.0021722205426174743,0.010583516166231724,-0.002502425177650494,0.022952247583452427,0.005907560836457687,0.011825845005241606,0.005963837889281898,0.01826058027959073,0.0074795185813945385,13.927487165878905,23.368718769917123,13.38969301760834,2.652183037408151,3.1186107869439197,2.8757424323630976,10.365911138640863,1598.1523511089893,9785.14990879858,883.1366357497358,578.2690724415553,30.976498000725428,24.559749373425294,5.339197106272632,14.620731386317944,57.59722501721482,0.6706690346928235,0
0.14902763402272506,0.8961187530078851,0.25155049901584203,0.006655633319121494,0.006159110860748999,0.10664871026523544,0.043138581326841764,0.01787548297286944,0.06697386397291025,0.012335454719967873,0.027230703241355785,0.041268199016442644,0.004267986582034748,17.92995884489391,7.648099326621414,15.151343355543096,2.1302172278050073,2.677406945908705,1.0151139648471788,12.075736887244899,1958.8324470324392,12615.105835456896,825.9166697539421,562.3793222256076,26.43165129029154,20.442631749381384,6.139427714535554,22.059638578239113,80.10233061019586,0.7310154930183119,1
0.1527365199081438,0.9529433292265213,0.05588863435718333,0.007634860844792422,0.016787685816398838,0.13947146677559996,0.031822497345067535,0.023465270183130004,0.03964275690224533,0.00691986228141022,0.027998872897059837,-0.00571482563892526,0.00823633709674795,18.973206017868293,13.151416576203536,11.5726357365579,3.695190533499326,3.6075444066662894,0.18496450299318656,15.497660218405251,1840.7490782855953,12131.726132639515,868.6585672743679,607.5397819992837,29.610011136176926,17.782057752936176,8.04016801576022,17.913981981686394,61.15935606944264,0.619241219185195,0
0.19780396822249574,1.5446544497991777,0.2616669176172307,0.004677179474676296,0.01621256948227502,0.10634900802202506,0.018214925384098645,0.03027151035893151,0.07623111546387826,0.013025665078794747,0.014534517037635246,0.048552910636065996,0.006205930484929221,15.476516995768089,17.588789078544202,23.609821440660877,1.7935981178258742,1.0332842673195357,3.81978662408027,10.443599872885883,2206.330749139012,13348.735571296775,875.4399260188854,524.6225758437465,22.65123236469386,31.609868387609232,4.777519673534835,27.653373989272556,60.90654830692309,0.671569639175745,0
0.15790274413874958,1.7184252247125584,0.2924820875915368,0.012449328856010048,0.012160715734822804,0.10161356222464572,-0.0033025059260808898,0.02686774070503355,0.035905855329554245,0.01616102118706956,0.01217820546047366,0.05968868076880457,0.007471361527519467,9.450802553650464,15.320244225088508,13.893008709074525,1.193536601190735,-2.0023390659387443,4.156787857994609,11.74826730364799,2153.177801241317,12926.560683580776,817.0921572501547,559.5912733436655,42.99461433583046,24.781832651309923,8.386173976565036,21.483486081802955,88.5765962320202,0.7824877636922872,1
0.1893271674889267,1.0336132288210564,0.1930421418192862,0.0054877497807692245,0.014192063497483226,0.08231331012705906,0.027728156765960705,0.023422255794243455,0.029737455072714337,0.009435094384466948,0.02080319572625212,0.09081373908318882,0.010172528201616163,5.539575372075372,12.072774895400158,16.51306762973127,1.3498545561332909,3.306667755784761,3.1281580278298646,8.25596823331902,1681.7347232901247,12228.53046012664,833.4557826616154,561.1600231698809,17.952379332187277,24.360664815918945,5.83119440370811,21.28853278495164,65.91506851922462,0.7328040140920827,0
0.20090176948169505,1.3230450672756786,0.23970724429183554,0.0016568302443799848,0.006184786748576991,0.06201823660014115,0.04327195737121525,0.011910361070741997,0.025870489984684067,0.013748490107224346,0.02938908832039558,0.05304427326137337,0.009303828673734756,21.95521237527973,16.257939589994223,18.601787491967542,4.976075876909732,2.087057568800902,0.40303978549086983,10.208203880179482,2351.2989479612797,10600.434511590807,838.2014759015857,531.1485197733808,19.17458522562712,19.293165133590673,4.691896838298787,15.518275079316368,70.62174960084877,0.7524355014722329,1
0.18329521682473032,1.5387083100865975,0.2995109038418523,0.007703597298865607,0.00957870824034585,-0.1132609813591428,0.017399031373033176,0.019983782830366198,0.03642638224784033,0.004172792368894716,0.008438726328489679,0.03067135296138012,0.005695000643380161,17.88114359797813,9.390855997937079,20.031253997163574,5.115468459885967,4.6303734266835015,3.2614665052898655,7.957970342521687,1730.9674266478544,14443.669812011038,848.9834847155824,544.6777951356656,14.332963231716938,10.466129756020926,7.149910366746315,29.669225525181474,51.64215300709872,0.7014531674003655,0
0.1830351598449748,1.5104111655373902,0.17270029441973966,0.006019304160403051,0.005397532782974843,0.11621874433764431,0.01431672283280334,0.008487733424928558,0.04712825167068752,0.00837629032459013,0.01457201028283035,0.04018090289594288,0.00980177757920737,15.401925193818276,11.102718993738838,9.519939760644732,5.031316387867625,4.139869264764726,4.506896800686723,13.43522905003133,1998.0823039820639,8631.550404939688,858.1355261513163,561.5777770738154,27.57496305906446,26.874720042798472,2.5178726120757755,17.8305065746661,51.28559134004209,0.6446553889300898,0
0.18002410950724448,1.3944145157670547,0.03364866947177797,0.014193930604202369,0.010394204806471487,0.17647490366714946,0.032034464169435395,0.017973942270819263,0.060016409955368284,0.007666905159121773,0.02610439819809493,0.013688164575617001,0.005830066806223705,21.183098710714876,12.579901884018607,17.565239337051253,0.41842931155550556,3.8329412850204236,0.0013682806532884229,14.851883619379537,1757.0249429632454,11994.528887817773,884.2756845851244,596.790705209211,17.952404720019555,27.435046295867693,4.734614965656649,20.998680703990683,49.07606075761131,0.7417832468474028,0
0.17406785081860401,1.127398735145733,0.22719245943663888,0.011466985631569029,0.007389055472841863,0.031406594054635514,0.01612391164196355,0.026509656787794416,0.03854061136237444,0.013044922232462175,0.019850559205789257,0.018067526120331016,0.006202654353720936,19.68703141234748,14.96691877923256,9.812791517958372,1.9758857327936477,1.8935724561398417,1.1004620177303859,9.953283015677,2007.0296381442215,12024.809966293173,834.6461195904405,598.4255249181529,9.563922483666625,19.56115688851215,7.571382633376407,24.661311999578487,76.65498764159051,0.6765635839942646,1
0.15322788400553503,1.66143613732677,0.13844039449125906,0.008070745716254789,0.01077985823914433,0.19511638003257248,0.07428659885113192,0.021206347608934542,0.07801298083444175,0.003606320725903718,0.02533980797418664,0.03699299514294947,0.0045883918897687,23.046716878049384,20.582153743911036,17.0614029907175,2.810210925707026,2.6218152618418853,-0.029774779145760988,13.792983003833987,2043.0269562603753,10986.225300265554,844.5654736980617,539.0888703604899,35.95482694062214,26.989222077603543,8.140265729423554,23.555932483521772,39.16097176514277,0.6536273399305834,0
0.1839463141481119,1.8527427596356436,0.2384076336734855,0.0037785050646350305,0.014263781760383473,0.15079652780230784,0.01410212705996619,0.03490137522099841,0.04918408363199059,0.010366097251562326,0.0049684493040039815,0.039203953624600815,0.006539207388126488,23.079908399589648,18.00456891207667,13.070334367422179,1.7939805030686302,2.3649337646463953,1.234018438095343,12.567347549133103,1658.7979398169537,12507.449006208386,816.6369431815598,570.5684672695719,26.748060688368966,25.279428188460273,5.171973773517283,19.0820468312191,52.80899471191136,0.6186050917225957,0
0.16929329825967554,0.633893123230325,0.2085397888911038,0.012022941729891197,0.0014508087968717921,0.10010326111473028,0.012407126488975184,0.022183387504421608,0.03850814645983847,0.011268417771490485,0.02165384769023863,0.012811236264093782,0.005283211033943953,10.161717858557394,9.341379057001703,6.29141690066948,4.3065679397178265,2.138902929647943,3.0654791014544416,12.532982989406968,1582.0903094873522,9571.870953854843,873.6509440233207,583.761415948604,34.75384110073631,22.145298002536702,4.538859668272085,19.984835176827115,87.11614878088889,0.8296916485109435,1
0.17357514467764176,1.2390681506993342,0.18568412682180152,0.006632713472527391,0.001465554426869596,0.05610301798744709,0.04371238748436966,0.031206857064225955,0.04429851929553411,0.01783895754897832,0.02726870523744936,0.024656168686894235,0.004194179985904146,12.986213550467914,9.989454476831126,17.497073039695348,2.381921595322617,3.102637966811855,2.887043368888748,13.759874647850465,1323.8730753917848,9451.605039118394,849.7577039056489,574.5262730056761,16.938324177838503,22.136333226284798,6.970505958540883,20.51927439598071,88.13509636000639,0.7834686183811117,1
0.17185927374146437,1.2738841899124334,0.3662620380834036,0.010719657478185667,0.008220246466540397,0.024013635368773448,0.06231744980244627,0.011616381199991923,0.00988504398871667,0.010817238733087386,0.030049302940678833,0.044110267721204924,0.007988004079012557,12.24571264835669,20.642728887655934,12.263907798670136,2.457803506254807,7.259434372211869,3.862359061372555,15.419569813085108,1935.7826688103949,13869.603325391308,791.5652880069716,574.6536106695031,39.224623014013126,25.717087764763477,5.209816692864566,27.049379368953982,71.65474444462576,0.7570184555184145,0
0.20979726877204163,1.3880176749472808,0.039541589053674914,0.010493919236658378,0.010899431343725858,0.10854511950989192,0.02949622632941041,0.002952140942098856,0.062358676454543044,0.014491512748445177,0.027009723227039657,0.03861479867963702,0.002137095421807557,10.098431270247014,13.647473479519126,16.76783073370232,3.2170291957875548,3.8840544109043575,5.1563201263989695,9.149283836564305,1659.3445864433015,8905.516805093564,867.8981684077617,581.599277369205,23.687796461918897,26.53668157240628,5.686303342902534,30.376012120438887,52.27276430252329,0.7256984258324589,0
0.17174004355713132,1.302879588142371,0.2408287331594886,0.011189848212471267,0.0164502886623773,0.024494922771281895,0.03126464293026202,0.02180305051337503,0.04109389730749252,0.017878602251868825,0.03682647594013297,0.04812686470794304,0.006038406841931095,3.4177757153625485,16.47284256287582,11.360250662628435,5.29921969848513,4.532488092296907,3.969121406456594,11.08304971473276,1673.922855049834,9954.374711854607,823.8877139484059,584.4644342897864,40.83843682535566,27.677770694056534,4.521129688109838,27.06585648823729,74.10635243055789,0.7496357453076063,1
0.15577656141438437,0.6878177715990133,0.12495725547429973,0.01123132949005554,0.010891092981419322,0.04231103601466145,0.051122025033399784,0.03177000636790337,0.010195049534019066,0.00952863641384517,0.018434961697907898,0.056203897121086005,0.00710287307635109,19.283325599347034,8.959037708209806,20.570412180677195,2.608693798131165,3.2297897108371165,2.2582610971767774,12.7406607045968,2004.1616216527927,15708.861801033283,829.0590548607711,586.1202149271465,36.313765381522614,20.0724990820983,4.17590022161039,20.1959140893318,65.29155637325644,0.747996514116523,0
0.17283319695957555,0.7799437041591417,0.0586435036549581,0.017139100156740382,0.017996497864607927,0.14640262545723903,-0.0030448535470697993,0.022863867439553903,0.06632352163060044,0.0053846380184221125,0.025582321068783033,0.051134608615513555,0.007597296414382287,15.897147606474666,15.165079384674298,21.528882891437604,3.959142063288825,3.812374397999118,5.193795574037167,13.77726302216192,1436.3429258770552,14123.590676907294,792.8580634412801,502.7575403186395,34.397449060224254,23.897953083919976,5.509325765564075,26.574726312641555,58.07801768892059,0.730786347890565,0
0.17871623645783002,0.5553730563588688,0.36313498306648717,0.010327955255298877,0.008414090496387642,0.1573521830844124,0.02752215273529598,0.030469545344282093,0.034805576578469354,0.006941534391491009,-0.005782928501405302,0.06365325829296228,0.007641934278625992,20.9403093812553,20.429592057533597,11.784230013994442,0.6953104446808172,2.6576736983482037,2.9965389819022876,13.154551694046607,2034.0483038677228,10703.107729167503,812.5483656361885,671.1243449354205,34.299895604637115,19.17844112801395,5.297226426921729,21.462576411721862,89.71570950954356,0.6996474199596596,1
0.19141225994439062,1.672256364980858,0.173297723505058,0.012812570168880016,0.018136369110406315,0.18354162756888626,0.08010897810713788,0.017322344812751553,0.07082642289602642,0.01276813704679116,0.025107355496072736,0.03861692010339493,0.008345788557262958,14.567269196596985,10.477043931434629,21.20482799369266,2.9184730883996965,3.498931177171558,1.351127163650228,15.116268868843509,2078.4097226340723,12041.417367370806,851.7047218644792,585.3261811268646,8.525165761798586,21.50894958831486,5.288285743884286,23.081007042639943,84.96714153011233,0.8339613261951602,1
0.19345722471933638,0.5075194786220297,0.3356292128183944,0.011570536462603873,0.021343016095815015,0.11553977282080061,0.03562384035820551,0.022440984435023865,0.022890346081488374,0.011812715455464806,0.009570717381912624,0.03875904525959511,0.00871858284867302,11.664202249668367,9.737384725013108,15.064506477841528,7.233000374757598,4.006308291752897,2.3710304535232853,13.724479453385587,2277.2890796924335,8034.747343600984,845.0580931372311,558.9193205046677,16.676119214033342,25.76720476546,7.879216418075477,25.808142320731935,53.419921014210104,0.6613870100609522,0
0.21032788110507145,0.5243267848130952,0.08205149884647794,0.012151072761473935,0.01494038337583916,0.15255383883343626,0.06202148612328785,0.03433625019820946,0.038053080622145345,0.007387395352951815,0.01757711901821612,0.004170888710260712,0.008702177892674004,8.78163442905579,22.2350230879253,19.71115008783918,4.97437094574191,4.849300187080072,1.0613562560998306,10.244442442202146,2130.815322432782,15702.30812403823,839.9589559607091,557.3333757836415,28.97348495443584,27.598398502579887,3.904360910408952,20.907308729988923,79.92027358683383,0.7168885112464531,1
0.1701769250571579,0.49157257876476346,0.06437475214156613,0.011232039608869364,0.00651562460308007,0.12894526919912416,0.05867665677319689,0.016979029589753943,0.0798824748146888,0.016514642109729055,0.018461912221189647,0.026741756132475293,0.0079959086442851,21.531402378641015,21.807691014240557,8.931439005133749,1.382453754307702,4.389101389849268,0.8702136981225408,17.26525081728461,2086.836484657741,10482.9534780416,870.2563729124051,532.4888723280563,25.507030950922594,25.820017468197786,4.127886071115274,17.070400171248476,70.18491348952048,0.822785861998751,1
0.2106686740259265,1.732229961615616,0.27875806380377005,0.0021798049187268694,0.008256001019899732,0.12121147466073537,0.003474756761016856,0.01933887606047993,0.09828218431536723,0.004792735241125908,0.03922224560269453,0.07881847930913069,0.0069391929665888015,13.704579704596846,12.466479118948808,10.736160687150347,2.066902747582568,4.38178355673684,4.150836941179933,16.98723779346677,2237.6180306238025,9539.61576660705,823.3127054513493,572.6087666942883,24.13165334781922,22.541382678713752,3.7889274123856076,20.547684121693674,62.12998430172388,0.7712607633076938,0
0.17181435123773792,1.2627891843873735,0.3112702623584492,0.0032309166734266854,0.018092401074358434,0.05516630346350859,0.02633509513581436,0.022956655514819995,0.03566536421687077,0.00433478826311269,0.01898592170278136,0.02028819775909981,0.004826083580047431,8.435435116208804,20.162694491505608,15.856220238424978,-0.4276267420040254,0.9201599118285024,2.892280285723448,10.041791143309464,2243.100388537234,12767.13426341413,875.1356138430342,555.8776068240817,24.07691406670268,22.545580211696205,6.050105802312505,21.03075432788731,43.702931453423815,0.8063350958001846,0
0.20163533455345656,0.9713015832175754,0.2908125975132147,0.008400400039562734,0.016985296782268205,0.1418992264745105,0.07691248323792882,0.021239068165210713,0.06755948667850828,0.006852028840681012,0.03423264921065661,0.044318208322576186,0.006554842222474686,14.311070694038598,14.888998882823376,10.172124968950804,2.4709488074945893,1.9284201604439701,-0.07520856383302998,17.269479845025955,1614.5093761094138,9469.828803803532,877.1397244572952,557.2612199450232,18.15284957015063,22.931111359907415,6.095462989069752,30.62350027083255,71.16142563798867,0.7488217320643992,1
0.1734276304850203,1.3802413651450154,0.23397179377646687,0.00570524536432899,0.014671039311873375,-0.062048659202396675,0.052135490372486576,0.035323803825876215,0.03846269185992676,0.009035969563462937,0.02111223334840858,0.019063230896104344,0.008277821222960096,18.052199996584246,12.047796148983625,20.394247832544817,2.585801870278252,5.931993815193734,4.877369074024045,12.542813481011999,1720.3516835403914,11014.79425779536,837.5979130512967,676.1849796828988,18.67657028520426,25.92379323426835,6.823533130682874,31.536322121699897,37.212797510957216,0.7193847563869618,0
0.16399922871204706,1.6958336025766245,0.21322745821816025,0.014744581896169196,0.007599940091546181,0.10378201738804106,0.01600798382595272,-0.0005916048369232034,0.047974256035806885,0.00846211305218128,0.003933972646419943,0.015912793515582366,0.00411037101951656,9.539400451388019,22.38963368079768,15.575127831714036,1.2307238150392323,6.417775973933998,4.869088387380347,12.445642583133877,2033.3662746450284,11131.099600703106,826.369681107271,637.9071996188447,27.942303112524826,26.168921481682794,6.874662401119782,22.441835410518255,74.70239796232961,0.7344574712507578,1
0.1704755825291068,0.9777812882052533,0.36697567509741097,0.012837410057821269,0.012372547969133863,0.06377799819432982,0.031580956043005586,0.018164596779835344,0.035548501455502944,0.005801958139796639,0.006291579551709944,0.022538826646721688,0.009013057272624534,12.900629188578211,15.100148744121737,18.949538734269467,2.4168468743556275,2.3077302971176374,4.183296323778188,14.052251936328348,1849.935240921873,14159.966339268403,848.1910445339688,532.1897280246543,13.992477412677752,19.653955374652845,8.20438705115059,23.21076203661255,50.123937759275066,0.7548150775739949,0
0.20680922103580696,0.1871015659121258,0.3177505683107931,0.010025092624737674,0.0186848453677798,0.17993619282119164,-0.017297107455830248,0.038054168464197805,0.06090112290462412,0.012855513142956842,0.021038292350326976,0.0321015194241659,0.007414974414410724,17.332279864847063,15.319106125168194,18.302444911728486,-1.4640487110142866,0.10577660606087669,1.2987083653270959,12.559844478220707,1768.0171744666407,10197.695314731825,854.553878466175,642.7887834968343,29.305060394827475,24.507527969352306,4.4919053042934385,18.141567708585523,55.46436548156149,0.7268630155486167,0
0.15415474609788762,1.256393079844824,0.2941508777457723,0.00659754698819221,0.005083296115141948,0.08547008879998635,0.025269252332629295,0.01027837782056675,0.038259695533637256,0.007280082933136582,0.013708003930296763,0.031248634066548858,0.008248828299941778,22.696782613003467,16.768396879455242,14.45624488583191,2.3097194266531815,4.116343679342396,3.976784654363076,12.088298101259978,1612.137880338641,13870.699638549464,839.8942495213157,590.7317287582614,21.073406536181132,28.55707484602319,4.671192578414248,15.005192828415927,61.50201177958661,0.7161476164747064,0
0.16483435862224818,2.0168304160574975,0.3524751661333382,0.008674274514873988,0.014460071402834493,0.21905820732043269,0.03588164077586428,0.015042940534251002,0.03756622628625461,0.01864164690283167,0.011752660204976373,0.0002569152858045813,0.004373954295662355,19.933808087414114,16.67149981875504,14.994644332312928,1.2912268136043754,4.747988398834922,2.830286195053536,13.302874383947193,2246.294627725073,13545.245971936067,860.5878502987039,611.5622987233281,25.438222135898986,24.84964691480131,5.860088124274647,23.069964465618817,72.92330534381219,0.7751411405619627,1
0.1551647884903675,1.0718808781853433,0.49903281608350725,0.005130384826012193,0.0093630546918019,0.029892529761665898,0.061768943524802236,0.012946832760841518,0.06358526317158458,0.014190070272681553,0.014726366622798914,0.022288820400750295,0.008624415987203064,13.586033949453375,25.650521331604793,18.92627679785774,3.032972328965404,3.567530954029092,4.742862929442067,8.248714364878218,2249.1967073886226,12420.127225914855,879.0333658499488,618.2566882637078,18.79154090525747,28.21274922340295,5.74385059626845,19.493163422172316,78.09661321916391,0.8225019738355885,1
0.1196097568835835,0.45210332012183163,0.19570855509647173,0.01910834599221322,0.010411195529913021,0.14824286585773483,-0.0327702933246808,0.020472987431287278,0.05530874988750032,0.010621880611504647,0.02966147012409296,0.032675211481084585,0.00234367014414572,17.5011917534912,10.921469759503278,12.478173998096967,4.359972578713925,1.7158385210153546,1.5982719775357466,8.732326524380213,1587.133633878702,11073.134172038406,821.8969419798132,574.6214937791863,35.54449031869913,22.79970613480039,6.377918427544048,20.832015321705086,47.367408434574834,0.6776675934357368,0
0.18075875670895203,1.2527711867087827,0.28341446017915206,0.010997670750740167,0.009585080369635797,0.057965779952042856,0.05803000693104316,0.0014033695945020151,0.06316943992946655,0.010566672319526509,0.024218272861608773,0.031155082933344555,0.00606356780974128,11.964614043121502,7.338891063798442,10.473319162425739,2.3598202936148622,4.428974015538662,2.784795404543403,11.927856524700521,1910.6377630141508,16183.330870540158,892.5519060554459,601.4205017946126,17.978229757426206,18.846016968717866,5.552826513557309,26.497855069425714,73.00940432910815,0.6909236029807893,0
0.18109868221999698,1.1358559675820676,0.3112994380032408,0.013809847882144679,0.006883733883122078,0.06134374901893437,0.04292259352048343,0.01698420192208895,0.07737054376146182,0.016849341116809555,0.01266608629085882,0.022659551627367464,0.003472256878532567,16.815492163305194,7.784423554110944,13.033037810221321,0.5860693699688491,5.596222789567115,2.1964280505006757,9.972364906943065,2251.3238676665455,15326.062756423695,801.7149362832481,598.3420343514042,29.758728169858067,34.61972972964959,5.25440309005772,11.23574549078895,81.96861235869123,0.8128258981567292,1
0.16147237740036924,1.943080937415093,0.3256169227689187,0.007003313093587033,0.014300211619302332,0.1169998385882671,0.001145704279945748,0.03232328605214664,0.029470352904101542,0.011981598410039315,0.014427186903854465,0.04740120433814968,0.006032073326026957,20.317178609337297,21.40989181188343,19.045271445438892,2.6928221135913963,0.5049199329607008,2.4197385630202417,10.345701562810794,2411.709183579551,10744.362508093363,874.1707442176674,624.1399000508931,21.147434537858132,20.81622154448707,5.80195198437792,22.008456606428265,98.52278184508938,0.6498849555673446,1
0.18914560809230482,1.6779051447507751,0.2486711726139273,0.011561464777581503,0.004806399494715652,0.0012218882031636291,0.04387412225072371,0.030270604268730177,0.0656276679624727,0.011087367415071122,0.024003682894625608,-0.006875059175852599,0.008597082659538168,27.635052091643026,15.643643403698242,18.104987829363676,0.6415863304131322,2.596333796204549,-0.15077147435069937,13.419023864902215,1717.9003437471297,9339.620968892992,833.8813296732283,545.5268459425417,23.025814948232817,33.55424328123185,7.968093515674221,22.350988957622516,91.4282281451502,0.7620659428028981,1
0.1866771993313707,1.548878800029191,0.23473022243574562,0.01684411523676315,0.014603447482113344,0.1171016339755799,0.029308715203123933,0.017692138478972778,0.05369429708099784,0.007484182404768216,0.013166189634798705,0.012960575099000515,0.007120561787357907,13.562079262039514,16.2270487088567,18.535530800532815,2.5213228654531448,2.0108596691755283,2.03985052242464,14.252496328040447,2008.6186077413913,14278.372626701545,806.5425685951914,554.0860618979777,6.267756724871415,30.09818245334659,4.165413624162914,30.719161320920016,81.73180925851182,0.6544203759880999,1
0.17767541913756082,1.584121918512588,0.2141165730777711,0.01268955735044553,0.012105463739252937,0.02562708007716734,0.00297419194603131,0.011656263877048784,0.024574611666450384,0.022199372334927508,0.03346673001401146,-0.009999731206205821,0.007055136232224066,10.187505825403388,11.138734645584023,14.696572833990396,0.49705586024882153,2.0031217680771096,1.9076737127916827,13.349726666493684,2227.9312577377536,10281.227737858499,850.594814612961,546.1920754365777,14.41969654706234,24.028645976820172,6.331818500684047,24.56137670788865,70.35076539419896,0.8733724277964193,1
0.18014126317256351,1.4011137707580776,0.08492774780164364,0.00861125401955095,0.012695143434765629,0.08108283514809346,0.0329756126961461,0.020327736375557813,0.029445971761587884,0.026888841206446808,0.024892340135500356,0.01438390096842013,0.004130782174819538,13.196477497752133,13.895728599352243,19.13291982568624,6.257989814241437,2.1125345396047175,5.86201627646868,13.380716829683754,1754.9777401631263,9866.280316675391,831.2763933139918,600.2277000518981,28.806723014751732,35.110874294143024,5.59777697408522,20.950155468709177,64.84322398476584,0.6980062005613323,0
0.162657395685782,0.9162235990289813,0.264500093008164,0.011404661870508336,0.01710018253451045,0.10393952945010174,0.006451669895014226,0.008713654856207929,0.052737403167908065,0.0016379773709382373,0.03110499865647384,0.061596139148031,0.004310525182417648,19.640360033303445,14.22036951258546,8.980571828135076,2.895800922581138,2.7789356622032724,2.4576115498959803,10.118227611415291,2076.362193919862,9752.23445573559,845.980645779736,592.6740935493316,45.154662329948934,12.753163771267694,7.425473486727967,19.441129057518815,53.44322764607921,0.687779574989382,0
0.20489359161473572,1.1755984112578466,0.2712493594538027,-0.0001270772650032552,0.014457063781777635,0.03346360372385653,0.013236470353369369,0.027271712595339493,0.0023495849706507213,0.008241699080828925,0.015567813075723042,0.026790275593428746,0.0048232768713864435,13.701610182462355,15.10402011886272,13.026601456697483,2.8499305333445,4.544637246463548,5.614299705077641,13.803248214323293,1912.9090193794427,15447.769752845532,817.2778582682996,663.3123996083406,40.71861553327932,21.032634654506992,3.2150455325198353,28.560616045878312,87.67434729152909,0.7881103081009182,1
0.1817178601258666,0.881777172823647,0.2166055694408454,0.01201832725790956,0.020461732862316024,0.18697433600390864,0.011452539886081328,0.03847866995702103,0.017433168594684342,0.008450775493179635,0.024857471474554596,0.039065480842663515,0.007898514603705819,12.615120700229705,13.9226164191783,15.358320698754257,3.695167407174093,3.8407939273057687,4.962507550581492,16.0608363286403,2107.5643141637684,14399.07567729582,908.100392868573,618.7493829368716,25.43603537419164,23.379454585004485,5.05332243930985,22.381201652113642,69.87168879665576,0.7109149197831331,1
0.16562335224782537,1.9422013259177051,0.38309862657147786,0.01500913464782656,0.013286865532086748,0.1586363547688078,0.06366629151855059,0.009703890289105994,0.0725066061815039,0.01357274880731753,0.008644027344744757,0.04805356285398497,0.005722407198108928,15.663423095665385,20.571171733713022,5.670801223982821,3.00867767223998,0.09220974459036935,4.156174721971883,13.166875608120868,1647.2060588698673,14421.515479235182,839.6515205435658,592.8617855727199,34.31477996032205,39.43274030857661,4.594660457307519,20.647915532689634,100.60747924881987,0.782297764742978,1
0.16700469546303465,1.0693215147254542,0.2733250941345578,0.007262033077548812,0.01204394221316036,0.1409132535088583,0.049118716446615245,0.0307147593025456,0.00737864749610042,0.006941974268977077,0.006361320663706585,0.015126001661896331,0.004954437566867658,14.591316619842528,15.7299795715632,11.13882489329229,2.3837142012952883,3.208835097695424,2.236358024139739,8.862848178113016,2020.9579390945285,12787.269753149132,848.8191812556955,646.8644677064146,34.52914698198428,20.311616416375646,3.48240893678527,13.176844531127747,86.62130674521046,0.7408518098171674,1
0.193604322109009,1.4661667294767113,0.24521390851760771,0.014764343419093908,0.008998071535644471,0.07117162971115358,-0.014316448500413366,0.010668809113138583,0.055273362994379904,0.011581368901298569,0.004930777008619864,0.053136078978269455,0.0066678900959980785,16.536546768681692,17.83088695385086,22.645505033366238,2.337464843357279,2.191784461654324,1.4191037282171668,9.801560516688902,1683.9432139051905,9358.413192761001,866.193722001133,599.1436443947897,21.511358263238243,32.551645849068635,4.926079890923434,30.07386317781113,66.49273326285676,0.6852362507122031,0
0.18737466294635038,1.1505084214900654,0.18004514813280653,0.010704601807550769,0.004594271376891421,0.026217947130489153,0.03162582850084962,0.020018035063564144,0.04404149012322625,0.012103832812592932,0.025475398201690536,0.014215068102276057,0.0044704634202949334,6.699659252971518,22.643894178551538,9.859660937679447,3.717335910243935,3.8070522587316926,4.245825435495201,13.236662080696341,1816.8625202816672,15301.041806175946,811.6626068033058,551.5702408044766,37.33468595872619,23.015599275611063,4.316007649500279,30.954280067229604,76.89733243406543,0.73168651773872,1
0.16363142668115996,0.6256361904525889,0.20133193882565298,0.010348065921569546,0.017362708997863796,0.09996315977511128,0.02776305791827374,0.009530782498930938,0.06349523600466077,0.020009612296241805,0.017329962382329686,0.01754538837992504,0.0034316035781776786,22.956076454411466,9.64490218734256,22.28718974685218,3.7695643850487226,1.942007503585999,-0.6622928563777055,19.008438298798872,1433.4142430846841,12156.869014395199,803.4088921146265,541.6056157938694,34.58533334498463,24.748851577050317,8.178065392798775,17.36363290802244,85.70890510693167,0.6753682058765229,1
0.17341104427305817,1.2714778867241903,0.3676827752653683,0.005972290556219424,0.015575871950640292,0.0670931719897706,-0.0037455815928233716,0.029877285159245995,0.03640739254548969,0.01975964544758712,0.026875507195924943,0.016074128418952102,0.007876822847746583,18.408303256987196,9.851723721537903,21.54494704864556,2.4483966250860503,1.946904656467032,3.4010869511961093,13.432903173029654,1821.8901719038229,9022.910721936098,861.818560269818,555.722734905781,25.322420795988656,26.00759835574372,5.935617017458518,22.538888280788242,69.29107501938887,0.8050989963601388,1
0.21125777537016394,1.6144350604185025,0.2970284710510188,0.005587262475067626,0.006240012262104285,0.11851682776662206,0.020266473542368064,0.015446575768546874,0.02877898295955464,0.012165920336357713,0.01838714566338855,0.030467702503123622,0.0070083091019005565,13.498409287172636,18.41326253646294,14.510537974139318,2.624388009647989,5.648341766440891,2.698220744773624,7.218262419947978,1626.270150765913,11715.022296546884,824.4121503311248,588.4406812088913,23.045604757887876,24.062376485498252,7.1387309609207765,15.423406981772999,80.75804558193727,0.7371934277441875,1
0.17540400738849612,1.7118074679040634,0.27786733913969014,0.005041750855679042,-0.0015167402355367853,-0.06273976244519346,0.017314505663653723,0.017993147816246703,0.00879658349740112,0.014219757002594657,0.028884469303585545,0.08380630014577387,0.008670209234537249,18.478728962363213,14.277066163367762,18.186665206360964,2.9461480535998383,1.2073941547274156,1.4477922548319335,12.182208376743914,1908.8935430969486,12056.152362232342,891.1182514447031,574.4996502227689,28.68317951700325,28.588475850933182,6.784848678314066,17.495353907668978,70.91975924478788,0.7307791615083408,1
0.17531184399367356,0.8780134076589756,0.25799095635273706,0.017072677172239134,0.009693664747508464,0.05096399330292602,0.07419211152084755,0.01447307046216503,0.01898117667622079,0.014127785374347827,0.008066211875561802,0.0117439102679761,0.0042544778584229235,5.05482901914352,14.58704837291744,14.32434996462149,3.852528222813964,1.5143604569408762,-0.0025882218514299282,11.465342962296432,2051.1726744431066,12839.749245583535,844.8547252332628,679.6499332002907,19.195012650902864,38.546383242355176,6.7268956537628775,18.591746047153595,48.080919301187556,0.6982442311789012,0
0.19270836060418453,1.0195364566364005,0.20858459417046282,0.010621299996797607,0.011263298866892469,0.15742764448258098,0.0724198713169022,0.018055085151352238,0.02570385482017059,0.00334043444804457,0.02638184040728213,0.023173909706798813,0.005167369485311945,10.050423434882255,18.51746761355586,15.860793348032205,2.9778784229747366,1.881182240345716,1.5619444062846242,17.014978309945835,1561.1847993718102,14341.86557224072,856.2012674803257,618.8767477528098,29.742780786079965,23.222955472097638,5.12734394250703,18.15077048213165,55.99332305429226,0.6385487905402477,0
0.1379994698469675,1.136738462251072,0.24696855346265353,0.008296977581393639,0.014304124327019326,0.12005288482219975,0.04133204296785451,0.019338340654535654,0.009631686023426348,0.0016433386618261384,0.020912718981675734,-0.014399781751127529,0.0003633914275956423,10.878887803162735,14.324776990686129,17.146753568306355,1.1745561347347204,2.827774440527361,3.958303310518322,12.081793522903425,2245.095542942985,12290.012634722732,797.0250551147622,522.101343309042,38.98433001368838,33.42018813715664,8.600961672700745,16.23248213728937,87.58969220493267,0.824864524360424,1
0.16466686824433305,1.1743263354844722,0.2942711186459541,0.01014713133269694,0.010337103100750625,0.061275684076836034,0.003503084381345195,0.02275002298291811,0.05224343237237168,0.00759915207896383,0.030570590113565773,0.03704845828768629,0.006704077225916241,12.574449903479692,16.649793939202173,12.389640477508202,5.014512125604197,2.121717657156391,4.498724391925779,13.39114163782634,2198.341404001411,14230.248630989936,837.6683257816458,566.9575871019192,31.12651051136314,34.490585079092526,6.043095044831777,15.959848059407577,54.5228864385802,0.7517436083429655,0
0.1971690223331333,1.289735862711233,0.36616941593460484,0.011092473737174577,0.013091944937720871,0.1505919952272659,0.03891677750458493,0.04156349631729299,0.030409500107364318,0.012849381879897615,0.003280275282074481,0.01790638299745178,0.004703735132224445,6.021933896788417,18.200280405164587,8.092254705602809,3.1993926972412514,3.005660784832809,0.9175432375297596,9.1538953960105,1901.7893927168743,10292.943383793012,796.51374951186,584.0991392813213,29.852726892342893,10.92094752761353,6.925453259184874,18.95388259868219,83.61636025047635,0.7219379279212865,1
0.17651291484194329,1.1608339014228384,0.20507538029354996,0.008619412475447891,0.005302651125211219,0.024538559982177473,0.04482033902672898,0.013631235257935668,0.039042821446944855,0.009715815738965251,0.02327592731142958,0.03812170219748858,0.006487972375995294,15.563426000801869,18.145676491288917,14.354600059765739,1.7393478559954398,2.481444141559386,0.16545332010314961,7.392405987403469,1536.2135666230877,8882.600389212184,865.1986650985524,562.7729443215914,21.1765738497823,35.19601022361224,5.101257123681101,22.948357719946678,33.01194043379918,0.6936430987417518,0
0.14585284084814104,1.2711000425072125,0.2525925610672109,0.008785495708407996,0.0004926414116500667,0.05183921201439733,0.03765843420114526,0.033355704555367564,0.050764232109845146,0.018592198078013572,0.0258371141982395,-0.015050670295672988,0.005322182908648333,10.301952414510753,10.646168117796305,19.048896362807124,3.369828143245977,3.3114410970238626,5.351475539681255,11.189964037646394,1687.8859547468269,10503.255407159035,868.2145312233791,549.7036537608235,29.09659855328928,23.464287453810282,6.661628422501122,17.823190266911787,58.34456789987025,0.7676023082096549,0
0.1340763809372552,0.7531254153171989,0.09706875594785944,0.0057229820249796795,0.012669791902901177,0.040886685048117155,0.04555192123584544,0.023023229003482748,0.07133709414427572,0.007850042956925804,0.01942133840785659,0.01504429791268036,0.004759954101846577,15.690737781837875,20.375603744908783,21.71373801658383,3.3835493070722142,2.8424977456438176,4.789153502470645,11.984320207611539,1961.6878378554095,13950.94591134227,857.1787034434107,598.0165664526282,32.19599969981728,32.466207797360525,3.6820446885478377,24.631225221197994,77.70692857804396,0.7037007909908782,0
0.17725256423201205,1.0668558382469955,0.27234142705732206,0.014187647177952558,0.015612234926104897,0.11585226235368369,0.033012049856892677,0.02037553076660563,0.04476997851346108,0.006886930500203406,0.006731224406329773,0.07340904357889112,0.004556607091969115,15.190422528597463,22.0742006822963,17.831353540293442,2.0500051177046457,1.5826792483139769,2.205587700645662,9.277026875275606,2259.1526280916346,10630.638214974691,814.7242068823826,568.6793788918235,23.338966907792994,22.928974994210506,6.717756711226289,25.112136897638813,75.75400798645438,0.6551672992511306,0
0.1593495219294492,1.1505069279600972,0.0886128961502071,0.008640963969409905,0.010014423342160735,0.1661342595898174,0.040185906472840156,0.013889149375232824,0.0307921533468669,0.008951800032904189,0.025463989516672718,0.06355931673937394,0.004669785257962389,10.718559381698597,10.588053484606895,11.929047909372537,2.877086276412253,3.0633744066402526,1.6172119801086327,14.1985254209929,1748.913188090351,11204.17485276393,805.3303749208623,543.510309920617,22.78495660379133,30.809588356064467,5.083160594781914,26.915701138972935,88.1351721736967,0.7858440041909914,1
0.16648583841676776,1.5525630115694284,0.14131407877940205,0.005201098939639146,0.011540157668984767,0.134297722489652,0.019357122196537957,0.009989904555171859,0.07937514618867918,0.0064075800741944175,0.018390950617234014,0.0568266013909936,0.0032339643825110525,15.5206669401067,8.992323026303566,16.281804918692327,0.2525231569295605,4.301369216259408,4.237961275860471,12.422732635160841,1846.3685304954306,10092.472668256405,923.9976402802467,650.1617220130746,30.12122753885713,17.866024835879116,5.244662811880941,16.472229028010968,61.32407739055521,0.6626410382959328,0
0.18924121786503792,1.8013679313715996,0.2662588763668825,0.011663306517821373,0.008919282709755283,0.0166101757624844,0.048887704456707794,-0.005216048014620431,0.04628045204972229,0.0063528147557617536,0.02606795025059635,0.03154748565521667,0.0019695561891352473,7.669808992755639,9.311998975178824,16.515769141881368,2.5034217468744635,3.5189155019701,2.887757185021203,11.817391290206826,2179.7682891993168,12905.883186275638,817.5874679251489,652.6947331912739,27.416904458371402,20.896016738612424,4.910786345479023,25.99453836395898,65.80780725554622,0.6125469100321042,0
0.15941256983635857,0.7386670387177019,0.2745922855775751,0.00981495513093463,0.016491797841734927,0.0344196189348468,0.04310467257027521,0.03423953845541167,0.04174714850520528,0.01664767121985262,0.03540107823744032,0.02650577924140051,0.006954592017618846,6.934915932115155,10.207753093725962,10.095145407369623,4.849377880016224,4.281299472919224,1.3770811812315529,6.445029108959831,1977.904392122673,12720.380368730443,823.9775701228277,625.1587680560834,22.319063457648348,25.11861813316238,3.733581348989894,27.008767168920983,57.029230208513,0.6919414755117671,0
0.204238879707728,0.9624754367725179,0.28233702922218656,0.007841635117051474,0.0016144007311306302,0.158669737796217,0.07386899100576771,-0.0016130388630236185,0.05388652762298598,0.013672129264048335,0.02924357368026006,0.0451390547225564,0.004769372235852585,18.60006765918126,12.347098221763954,24.336156435904044,1.2776890620424353,4.226799637424454,2.9374803328058783,13.537749458065674,1777.9454226181165,15133.957694739986,873.9273118979268,576.7099965338671,16.58046458708462,20.045861750700613,4.599637122449416,30.402499800886368,69.20504247989855,0.7600349390825787,0
0.16839893517259913,1.6355078616866687,0.15743067050293832,0.0074853827797017195,0.006090090019658905,0.025418612695499943,0.05014608714946525,0.027813581198065148,0.029361369834158154,0.01958643984302877,0.02874739621580257,0.012818453672694869,0.006941737718750762,14.77686188466779,20.079282594964887,7.8916547597048385,6.148874278882635,1.7527819906477642,2.248156488834819,9.067574000541853,1932.9996891697692,12462.118242165909,832.7247936340597,556.1811444535354,23.528763355643807,24.47330938604237,6.530775002382571,23.63887094962706,58.42725346377704,0.5718595471612782,0
0.19332625001818424,1.2318391449504145,0.24455012598656375,0.0068965007073340644,0.0059540064438019695,0.07504444547892257,0.012714294761189283,0.015372633520036622,0.04274682649130209,0.012130782798230925,0.02273311249585164,0.013417130291131896,0.007475056126933076,15.876826203276671,22.60300450881606,22.294095679282346,1.110655906695388,1.8267198839968517,1.3694545079980873,11.514512210956932,1445.779981743327,15351.951742136009,808.2120208723414,573.8620059549246,20.20622564375321,31.975165700603444,6.358236488905562,22.644499567081695,54.25566570899954,0.6742418665289643,0
0.16461715300425403,0.6851345725663,0.1712005499346388,0.010035134619592592,0.012998052092013913,0.13236902499070008,0.02772874870419097,-0.005208470065727347,0.013684051835637177,0.009331861351366145,0.013534715205234854,0.004961554790530946,0.003513275478640219,19.624131061883688,8.793503636295217,14.916679333510283,5.480452824044788,2.4974431619724724,2.120658458578501,9.175146703248895,1722.633434159205,13469.058436848974,857.5657645209427,609.0415517244144,35.29040708417564,29.205654708834043,5.784319865366746,23.876440040139304,52.6105195313359,0.6569906607638316,0
0.17639216636475183,0.7585320685878523,0.18229122240904216,0.009197442804698273,0.0033540855524828994,0.12378637622205173,0.02996342482311799,0.017839985784268868,0.05473526690335794,0.013819514542878223,0.018954486114314738,0.024282554900417586,0.005629468170139284,13.0434844802977,19.8666872480671,17.605019483024517,2.247158827503495,5.107583378404341,4.347185748871889,12.357186234729229,1875.581635596102,8961.176218251387,878.7178922853749,542.9390493463626,28.98250213130647,20.889616525191645,6.928053932860695,21.120129726916897,49.75479733720226,0.6457778883561923,0
0.15766951120102682,1.3601925546025315,0.1962011523194931,0.008044455523825236,0.007895605387951567,0.0028481589632171067,0.06252861469217719,0.029752005416847662,0.012610724506878838,0.0035516195101947213,0.027404212140477516,0.026216393296821596,0.008900680517518125,13.81733373951938,8.741509757399287,8.275566096094003,2.2131948914998527,5.619116277441293,1.4782837634755455,14.431625996840815,2097.0181565197063,8202.947179554856,799.8198884582799,555.694852619,27.961357078562695,32.310359408343835,4.564880885134072,22.720464416472563,61.5854427267283,0.6345420141870881,0
0.13758599694729867,1.270214491831439,0.359913150816916,0.01556982376593227,0.011778633400776756,0.06567484387619395,0.02257485258659212,0.017574169637102063,0.025424196072452332,0.008333099721961671,-0.0013311921771811085,0.012387870804367013,0.007992925230825967,12.222998002788305,12.052414337517446,15.424441207633336,1.4059495867081513,4.0375576704119815,3.764896862035193,16.91789140562183,2084.508774148206,15820.871264266829,923.180028361578,600.6842550803764,16.718153257441504,25.151224138373244,5.659700359499054,24.006906953901893,74.00607354555977,0.7207253155112578,1
0.1933668097743616,1.493855018183732,0.22522802288095511,-0.0002141983842235927,0.011991429231654681,0.015199843497072082,0.010439539529548635,0.024068476351397833,0.04588837955368096,0.010157945030762892,0.02488989530660045,0.03272249268151688,0.008953487341576583,18.24186388854895,6.601273367405021,10.914522706798838,2.87855786289484,4.95741030601205,2.28142503969426,9.892375111345121,2253.80358152623,10854.783448789787,810.9263174802385,566.1529420162316,10.69228840218548,32.172225848172445,5.520734359300687,18.760690315030217,83.01547342333612,0.7718976601479736,1
0.17637551653563793,1.4780811600335997,0.34428101518387383,0.006284831674190165,0.02139937274710504,0.26706086775248283,0.03898867031894524,0.004702259198906638,0.04860725283012996,0.0016920950541100405,0.024459477771253034,0.02672732658285017,0.00710251184466942,9.297107552557229,17.956447946467364,16.36967868465669,3.3793908063196887,4.302263219333841,3.545837043225081,13.466359421347198,2381.243668897074,10799.687009982345,865.4244072290292,662.4773982401446,25.911948715133544,20.19510469576383,7.405230065361387,32.763295451809455,62.43264094022715,0.7369220490407832,0
0.17400646703986425,1.3283142903730736,0.31471354155141756,0.008623744173183094,0.02271503527292455,0.041590732589923296,0.03820766553573784,0.015105857655055796,0.015830355914618476,0.007900765020843855,0.023188374033804252,0.03158405857379287,0.00640863976797664,16.661731857360017,22.00049905913907,14.071316182907507,1.7443405098796325,3.514572796041065,-0.3303844722594209,8.217075723274188,1940.5918341207794,10552.422421772239,846.7811816969836,563.0034584556562,32.839816322874626,28.071084577419146,5.493100026596589,21.86521816321298,79.64173960890048,0.7546093134636154,1
0.14175490049160444,1.0411218735416048,0.37229982804327266,0.013902853510677,0.0066698391418615974,0.1758438375932974,0.022179506662688468,0.010874118018223734,0.04755109465675821,0.011313209939358453,0.018129257300772795,0.02491251165946876,0.0068760472106561945,25.301707719184158,10.171751801963499,15.578103952107167,5.295258082830782,4.627783374201542,-1.0354134470303027,7.79926431374647,2061.658099464938,13232.088794025633,834.3537046561729,528.0739929745025,17.15832590342285,18.574067850721253,7.201892319053724,25.31136123845404,77.24948302848355,0.8217978891987391,1
0.20061161171248115,0.8697385268791431,0.29987257106239323,0.014512959133075352,0.013688830495273007,0.10896740744361907,0.02724517879224146,0.035184220306521796,0.006692307235180009,0.018392869821743787,0.023821171705925178,0.025385780550303536,0.0031831370192632784,16.929107432161114,7.410244340783741,8.308346865897683,4.041145120217635,3.050402561030334,3.356454604516117,11.36549397944938,1860.5260773331931,9501.528960854735,862.7622588825575,563.7031520718185,30.950595685065064,21.560824033288608,4.354090604812513,24.187394946405625,82.32253697161003,0.6706146123955501,1
0.1886591965072139,1.325252856005262,0.29674513331482477,0.0033153209100237396,0.010153406149209055,0.10823059084271341,0.06852571709710786,0.018742537025042274,0.04896826498958219,0.01648128354874001,0.012418361805000718,0.052481917894032504,0.0029110901818328915,13.22659820034621,23.364948514224764,9.02658265991724,6.316864425423843,3.0204834957561864,3.3996691134279633,12.131442578495284,1858.4466136533485,10755.718090855731,862.5276514492837,626.9571298941923,12.4315823613222,25.606223476479528,5.531111467799203,18.008517958274457,72.80155791605291,0.8030195962492004,1
0.1789375869396491,1.9681470008577044,0.24952362326298164,0.016574166036482117,0.01065024051587418,0.07830692726376622,-0.002383461130317302,0.0046740176540223805,0.03025665633941711,0.007820713225092965,0.01903346090381859,-0.029367368604717045,0.006494666603365048,15.552745597760653,12.70262284023678,15.652711462141792,2.0575522619733704,3.4798319517816174,1.9739348324398573,13.529453725340879,2285.083785046484,12787.92644746921,907.7778196150679,647.7085373232501,33.597930001766706,17.54844488922921,3.9148568801257846,23.697993042910745,94.77894044741517,0.7307018969269571,1
0.1862261734688577,1.4976742841260138,0.31702113772372714,0.01119380725592576,0.008187910246985428,0.12226017259124473,0.052929743174660766,0.013079348013353084,0.009428174074814274,0.011841760019204856,0.010346037898670777,0.029505291583951977,0.004936448598076726,14.806741155863374,11.94889653731073,10.759665365572912,2.695919955844994,3.4267679737824674,3.9153663866842794,16.313690980105296,1885.4198410605807,11808.79170686899,857.5593643271814,598.2987474435204,16.313869413903173,26.971278463905065,7.032500900761576,22.420067740608648,84.73592430635182,0.7772120580908388,1
0.14784677945763883,0.6132859237537291,0.24925691507457473,0.004793648068786675,0.011214875857776462,0.15122466072450533,0.062001956936409565,0.03257613112576651,0.038441545286429686,0.011310082871792379,0.00012689770273571419,0.025994923463744483,0.008983886118323282,15.629619102427275,7.713631709002735,13.73559967110813,6.16741982762696,3.973202724227363,2.821261095073149,15.708954539119215,1589.6193841725972,12504.731848366147,899.5370191512058,591.3223818603565,38.7513725897841,28.7843763273166,6.4330985200705415,24.74082779475616,43.894241545341714,0.7730295112495298,0
0.15265724387079507,0.6968527376364448,0.23738024134148117,0.004254984540287529,0.007379685963294674,0.11851364737151829,0.04719261573709692,0.0327427225873437,0.03984651872630993,0.0062314617756912705,0.013646946303783354,0.019691302706372298,0.007604665555768932,19.50395587014151,18.17481436806275,23.050380615948246,0.37693044387191676,2.8210360322954626,5.162098665482639,8.245431617086407,2484.927667247012,8853.130322018973,826.7238550166127,589.7323290115501,19.05825150202429,32.65047231836574,6.419308753414216,13.125776321511351,84.12780926936499,0.8963851443803563,1
0.16922316287614522,1.5280632747021938,0.16559138596156403,0.021297322364012185,0.012621428474254254,0.06260111873380161,0.05387223510345176,0.0039881880118842715,0.021596955370846285,0.02052543319667251,0.018276073001907686,0.029373176946605548,0.00433398348832112,5.2581074663392435,13.754394982556406,17.836528126461303,2.4747134544689975,1.9316984627240588,5.044111240498443,9.446329825010622,1679.6371319205025,13297.695081249301,834.526477974403,603.6926920850984,33.46381625654507,21.81859825137398,5.574379228413133,25.73932934362991,83.41151974816644,0.7462444123260287,1
0.16748645425007574,0.6825969499183616,0.3454490356680822,0.00710414107812885,0.012517690769745878,0.03062864590889406,0.04113749444736291,0.00425658282268037,0.014654466232545398,0.015416308881471521,0.020599628576957067,0.04041953746983543,0.006631438844593048,20.414207169581957,2.284534052626107,24.980761598774627,1.3242035013893325,4.472732916657906,5.048784937997011,16.533423480038017,2319.282761553341,13393.585920992144,827.1717105829908,570.1294984455965,23.747211472665093,31.117300697580728,5.631474777913002,26.8619795086393,74.98242956415463,0.7758024988314641,1
0.168307645386856,0.6092300289872393,0.26862944699415187,0.006357419651270041,0.009724005475919204,0.025880441033408155,0.023986512791126346,0.03390833548176644,0.052194754466734106,0.0056935594880704946,0.02072345217319182,0.025852864626119906,0.007969139691914397,15.999910999318436,21.767175314538754,22.94723468052354,2.114961046363768,2.8119495210037373,3.326130963654444,12.477495780964166,2027.7594175223232,14015.06280497708,843.0207568995356,557.4452038997866,18.607431545328897,26.106062649586228,5.215824790504621,27.48240778599643,89.59270826085206,0.6531863161273955,1
0.16699952131186202,1.1697337582696679,0.2073819601426477,0.010597367644239523,0.008676744512489688,0.0592937541908486,0.023081854386663443,0.01968738585845754,0.03281429391387167,-0.0019426573123884298,0.012246209703273937,0.009623150612506962,0.006276385495582641,13.243325322721441,15.055840047531639,11.72698489535506,2.885926638454436,5.706178637946605,3.903803048380299,10.202176565204567,1861.4903853237247,11815.557683745174,824.2757096037103,522.2429388049985,3.971830876816341,32.430818224825785,7.169828031498122,22.366510146765926,66.69295590445672,0.6934234117644501,0
0.20280298077042533,0.9221598523347421,0.1030912172983682,0.010064101129180643,0.004337408615851681,-0.00036936199171952455,0.02955939854966119,0.030679977780589722,0.03795887218742304,0.02179807129550052,0.020565076744292674,0.042638006783156254,0.009270095341238916,25.460492858089545,18.828215532413477,10.771857560052979,-0.2731519413014434,1.9810645205585917,3.397992082499849,9.312090098289886,1925.8740509890138,14288.410317315864,879.1365523957752,576.9296394894908,17.43719941354211,28.045714621052888,3.7581331934561457,20.97011860684977,49.56575228866235,0.663530680774334,0
0.17621759218445932,1.291598556983736,0.28943891668115673,0.013277493072557626,0.003528720520024611,-0.03504093316061793,0.09754765838165291,0.03329794365205076,0.05598136146284599,0.016186848967817996,0.024528743267948912,0.055875063117319206,0.006974626326106632,14.128185817937329,17.31126164646524,10.111765814225972,0.9408131253803864,1.5413943905840681,2.7856279620102264,7.762250452367818,1851.6418746643162,12769.941962639394,893.5292896884995,543.7048445933401,8.348502705867155,26.777012682639334,5.018061878681934,23.009476080321257,48.884821970080516,0.7113748969959246,0
0.2139991474915276,1.3686184334146245,0.1956615477445636,0.006869605610325643,0.008198181793919347,0.1911224026888202,0.007753450606588386,0.01931797469667331,0.04621079275828408,0.014886316851515612,0.020239463824492612,-0.014566848798995606,0.007192599570922425,15.08591925192764,18.441425542441163,13.984218168331093,1.2000066298595353,2.599590469290561,5.411426080236669,13.071013275898686,2216.0784570657825,13057.554317817525,833.5487314109689,550.2888011706697,28.864428573211562,24.633729431238294,7.333947178940189,16.673692478696054,70.80575765766197,0.7353506018825611,1
0.17000539647696739,1.414516363806876,0.21206574599168282,0.01668906361639011,0.00792565925545328,0.1085155162830387,0.03857935897097034,0.009055056391651037,0.06162633915537073,0.013805870195258193,0.01777251786847979,0.003113079903388962,0.008543393583045115,17.30022695441778,24.4778738661428,15.968276583157463,1.2968337084943151,1.5191261519516797,3.7216055542661586,13.636831990142484,1977.783039006778,9603.638494077455,849.3164309548667,577.8204762456878,18.102889740370625,25.581313387070864,4.1686687202789825,18.89195386768899,81.50393786476208,0.7679575548243895,1
0.19251261867292002,1.3354749271686759,0.2528452859226395,0.015335542982002293,0.015513299992496529,0.07752442084099638,0.0459713334622118,0.022687757891486415,0.027983407218081707,0.001583089334785872,0.003776793867062346,0.060712619576220636,0.0042002840567294634,22.63654112097299,14.054710395738127,16.289308086474797,2.1790681751919405,1.7290950836705576,1.2027623812874841,10.16179747495573,1628.0988681942558,9337.560022985737,819.8278228354891,637.3312869088078,44.861422097394566,26.932473874068563,4.604025653163395,18.25435183548997,72.4626383564251,0.8012049335268184,1
0.2089699845978585,0.7903885636454482,0.3016804949691641,0.012958701872471334,0.017492424380259095,0.198340668744932,0.02588320280157312,0.009742766050253926,0.05150713449040251,0.0015931155414236793,0.020617346764602966,0.03825282722885931,0.00756676944830848,16.793706940541515,13.90014956663485,16.57748404161746,-0.017972048558554832,3.019445912207639,3.0992682477976548,14.037576425772537,2193.9842905966802,13518.278397840219,866.053630263986,589.2307415465843,29.256991930799664,23.342767701958195,5.890938655895568,23.78140024870804,72.94557863517788,0.7837410286473974,0
0.15754910387511173,1.9966213208818937,0.16532474930866778,0.006943252853448614,0.002981247579537518,0.06638345203172454,0.00884326762779531,0.02558695282921819,0.018586632571668062,0.012010989124561756,0.022410432778621116,0.04134660953973259,0.0042830482176547165,12.83076238323714,25.504935949065555,8.323387306222475,4.648609593830949,2.185536439841982,1.2897042033658226,16.900754497227176,1971.4873988921238,10295.893724715,827.3361783939685,538.3639254210844,26.49717989501867,26.593706230786264,4.8294021323934775,31.052630437835884,57.49383683710755,0.7382830660864453,0
0.167646962091313,0.9067868017904042,0.2143245028911072,0.010803380372462838,0.020536649047796115,0.12391388415406286,-0.011447103633919965,0.0405451488940476,0.058355363955902746,0.006723362383996028,0.009553334693687568,0.03013969832511877,0.010525137616670637,16.52586317290254,15.697262330145985,13.815910784815708,2.011051444724324,1.1114959095477732,2.36212748140574,16.745628280496963,2140.4927526863635,7082.516153456899,834.0508548961908,552.2928128288161,42.146927861939346,24.796369606274077,6.951747226091857,16.32156754095498,63.294055811834895,0.7279857989460116,0
0.15995625088437054,0.7162092258324778,0.12756308722052984,0.0043830417349536455,0.007635055165553237,0.023075078283919997,0.00462034845491003,0.01676485053215543,0.04178396393225143,0.008086107991452207,0.025025747743714372,0.02667515855358339,0.005020111958052075,12.298572360521584,14.451725754412703,12.637495534575478,5.095415184349232,3.247649327239839,1.0490494428773292,12.364650248355463,1840.7121058537223,10778.323995443629,849.4641789707524,509.33741969919004,31.47636607600624,35.2547018989905,8.20704855487975,25.059742836232715,43.74510952701623,0.6953297681792319,0
0.20400157912853722,1.3344579852104914,0.28374240594006966,0.010453577567866757,0.0031730620648501295,0.1396579296012574,0.00862958491835122,0.025697589197041792,0.045763000830805096,0.007048926938997552,0.027836604742267075,0.05733493473388794,0.0027647570827477,20.280208032292773,14.505636871702588,9.00358789017934,2.7773660292612004,4.248165325831691,2.6601012539781035,14.953087408746084,2088.56892233163,12414.651668387283,870.3513159893388,529.1077994695207,33.963603932084254,28.260513092835993,6.203286446293803,17.838018958333688,80.05113456642461,0.8049796604821489,1
0.167828205535206,1.956176274062313,0.1676150521166524,0.01842118971783325,0.013160473189642686,0.17822494447956455,0.027209159141441928,0.012156790296997443,0.01468727109820378,0.010187834293536261,0.03044980495133194,0.037202619025551255,0.005745674407411737,17.90686529669462,17.26002684291224,11.814871950635697,0.8928521674994987,1.9991651446700278,2.5777401578688464,10.942641889386428,1963.134187406926,11981.25688295847,839.1020938258985,550.6945527180955,17.353486539267593,22.273631372093906,8.899938770718052,14.236475996276187,80.35263551971728,0.6765421058226381,1
0.14307624275523811,0.569201407123601,0.2911906876861098,0.0072023418395068504,0.00229070670310297,0.15696769813033884,0.03791828441916091,0.018803410975268497,-0.009823228163029205,0.003096739149449302,0.03228572082061998,0.03745588317058412,0.003785077182744619,11.827393382830293,11.102277623203118,10.173089896477528,3.2378244797394644,6.369282020337398,2.8738056252761455,15.23224949655652,1900.099108404107,15177.53044645964,851.0517525361334,667.2907123878197,26.862739605893115,28.933992960586227,4.86012900916108,22.45719951605113,63.204821811973645,0.7327770548802219,0
0.15621176214265342,0.9081590120770362,0.24498883381382122,0.011600943422107102,0.007523228131704,0.11799351860690561,0.0068516841956913245,0.010093767766227424,0.022835679364567464,0.013392748273105258,0.024637230575571146,0.037166681423938426,0.004525476647216078,18.006183940758365,20.59456135853587,21.004004097142257,4.43200022404408,2.023235559162337,2.1806693767692273,17.77533937181076,1953.3881035346003,10173.880523879385,855.8254271678326,467.1893398628306,26.478663106872744,27.79049686203354,4.236179693093111,26.203982619163465,59.13434903223701,0.671035388669078,0
0.1948164869084025,1.3555914917408733,0.3803713704890239,0.009463279157292302,0.010965077054508157,0.14367537551072707,0.012222806039286504,0.020142872118839892,0.03437592809194466,0.009417558236844826,0.016711105033291908,0.08359257387800006,0.0008999474169673069,10.335257649134897,22.668114228664617,15.398470336913562,4.226227471155479,2.413500837714542,3.4465033729691914,9.135107893070991,1768.1289008773397,12102.487023306041,897.8831954593877,621.531936470784,21.34735956409134,23.197573866463976,5.6622008562251915,17.812555465290266,79.45751979616827,0.6891712051845624,0
0.18681178432800993,1.2831210029413254,0.09403506257965064,0.0020961468004335217,0.01937939575251983,0.025302961870765847,0.03185871305365956,0.023842092216494623,0.04434811705454007,0.007443702710652363,0.021730676485705536,0.008873837390484935,0.008280026572801571,13.37510277869337,13.991128118504207,16.111939070673486,3.959044265229945,2.164898231512846,3.9047941095880274,16.624405187334617,2112.9969776321836,14433.673582848878,823.7713912839885,577.1540575123586,15.397086354859246,22.84341574709254,6.1496432531510985,22.234700581188356,56.86609123156358,0.662749144104933,0
0.18965375774418425,0.7304480142364109,0.3415434454847951,0.007553465053221764,0.01341526581129327,0.03255374485487878,0.008893516828150809,0.011806131695012094,0.03827675791801011,0.011681314755929477,0.026533683837958854,0.04413910019841085,0.008669893456767287,20.487113437113535,7.785557129711532,22.277047410860146,1.3006757799685902,5.956017587199737,0.9942716837382126,12.766063026336012,2703.5913690415487,13194.400741262853,856.0830280487014,592.343608757995,24.495740607717657,28.126631316477525,5.578312156397323,22.954463717547345,81.10922589709867,0.776179420180442,1
0.18478809001070753,1.0494797100300015,0.14334973161777548,0.008889945524559066,0.01697986839423223,0.12557000225096732,0.030467704293170153,0.020523727687275686,0.09264772409354996,0.014145492200091678,0.016918523705468626,0.030549752667216254,0.007975668842615987,14.172105137162028,7.664830242806406,5.146393590772151,1.9406649688978852,3.6435102720245816,1.4688896846875523,13.008459510342075,2130.3735502896257,12562.421059911756,839.1455803574643,556.5823494960363,31.631001186052245,29.37614314581532,5.730922790524429,18.965188880012665,59.567532191537836,0.8882649120195996,0
0.15703473422494763,2.0187448782878232,0.3200935333752986,0.014474199777021305,0.012909949413113988,0.1507993117813872,0.02918164929609862,0.033558053394315016,0.04387323529033599,0.017650928118982806,0.0013355184723652484,0.03918950117938018,0.008276562889779158,20.0889798451798,18.54514887659152,15.083536923689875,3.1514204554343714,0.6584361366198328,3.3245348018869314,10.662969780295771,1946.0604942484113,13315.973659549947,852.1331157195203,541.2823914290807,39.276086141796085,21.87952474805527,4.00870751104568,15.193520331901475,76.6325472330546,0.7085765856858224,0
0.19244414288086803,1.1622165142231988,0.2409215483294287,0.004432166476193075,0.011186481492154541,-0.007630053965109268,0.02793074420306153,0.008434447829326636,-0.009163388610980372,0.009691119688647196,0.01992744301534339,0.03902645649486823,0.0030175443372190743,20.953498087775024,11.643097781775237,17.635355993390576,2.2697671912225537,3.864534026420713,1.0223858241629264,8.764965622691935,1738.94705896238,14970.801047140843,820.889549517592,603.0315990900713,28.322363850031355,28.080806152573974,6.788870701931702,18.900381690927098,59.78979825746392,0.72619358824946,0
0.19738309184993794,1.4686124686916213,0.3377237694584203,0.006133192437189361,0.008088230387490031,0.11649602998065137,0.022673166457244844,0.01294462052721539,0.031859682163864575,0.0075411669367189856,0.012805276156620627,0.03366483820917437,0.010871970248458488,9.121327766665193,16.73391277297098,9.231703242867155,1.9443945649125558,2.006642882001565,2.688078601688927,10.937032979252704,1864.0526318942195,12629.027487605392,848.3228790054628,585.9967081223141,22.367520000446884,30.03117337635245,3.0418323821404236,22.187802337099058,68.16741487334225,0.768444401868546,1
0.2090493506894149,1.257435174602064,0.2190110428357751,0.0071456613203712965,0.011798330448929781,0.13191738536811498,0.019580628975378083,0.014224657359807873,0.07012294481549894,0.018023675061474266,-0.0002005641452322536,0.06885154357661263,0.004876678886149148,4.214816373883249,5.963688452171329,1.2107318522631605,3.3774808034798305,-0.6363973060459287,4.493277865744439,5.057508051982595,1926.8291154197475,10015.46057374401,900.3455613669673,618.8620684387384,37.616598578617314,18.545696967261016,5.9974840242996,18.816703767150358,46.43916174091133,0.7051686329827824,0
0.19001331442762417,0.6536703378338243,0.11711332675462618,0.0079498635574138,0.015454554786960964,0.07780519760738926,0.01059457348183522,0.03391457966955942,0.023566383473899555,0.011147863205371266,0.016953773516452643,0.026159974594771603,0.0057049236237996966,7.2978364143785175,16.259347241590127,21.61202162405865,1.794987037064287,0.9815581225077796,2.9833461140657485,11.393099969738655,2582.0762880445736,10207.830604239902,860.830058385313,589.0224806840968,37.781594607687325,22.911288164792104,6.748924411269066,26.696430801055232,70.50500492814076,0.6313764275607603,0
0.1573959255065215,1.9693783179299813,0.26540775349850443,0.011739764153471595,0.011887819740097132,0.09948549437201251,0.06049034362231806,0.010190532729866305,0.052496356461077504,0.02273027267971396,0.015373707234071093,0.01125986037507785,0.0077026842443462746,16.372569937466416,16.287908746052185,11.419027431933367,4.4778302592136505,6.05487353500812,2.2858522958357312,17.569246553479005,1732.941628033297,13421.028174243724,826.3424286421603,539.4810161672017,23.650490713835516,18.207853774463857,6.066478024608673,27.221458989749742,96.87141635072564,0.6584606211257943,1
0.1949001062575456,1.2896938978141166,0.27441945012250823,0.01064519817065078,0.008845767985264057,0.15026611830017356,0.03785536726102249,0.022269319438002477,0.012766499390727382,0.01154527219052144,0.024052400255491456,0.03647264945025955,0.0015464769500855473,12.247740636553939,18.38515234900403,15.142344702192052,3.1351656438466295,3.894500375798211,4.009090466635034,13.9858187522124,1793.7428504285099,12988.352578847507,795.1926908810206,633.3426728879338,15.448230535792641,30.25626105137111,5.822491475588386,16.913425555064478,97.55340842443204,0.8143504402385882,1
0.19910601116475504,1.504338661724591,0.33978993749625275,0.0007438237359995784,0.011951677893433264,0.16161008784968078,0.01026681944551779,0.012776525953849706,0.04205381033497175,0.014534352673051424,0.019911290677104267,0.024090383721984354,0.009883492244103405,18.441735185190097,22.158747421205394,15.087071244991154,3.106045532497259,3.8574130662106736,4.991331976063854,14.120786955408507,1818.877672050121,11490.562420028216,854.1262548841659,540.4893165290213,34.79136161293534,24.676167715201466,7.430566883114358,17.117831654056346,87.17542255795962,0.7150153536858637,1
0.176309492846883,0.8836402473329787,0.2297059137966095,0.010882334150949443,0.003491670708562919,0.03612472587122259,0.05275553561337325,0.03524638596482756,0.002925355175617532,0.004611280325348283,0.02365181040302646,0.045913740402447736,0.01019950509599198,14.363211659394441,12.915501819403055,14.185218445970795,2.6563648449252697,3.0246613929290724,2.5886347372853296,13.65091102202727,1974.8870428582934,13944.104025847782,839.0949926690348,611.7371863880992,20.635454797649217,19.03252206955424,6.1516976780422645,24.476738725918526,84.04050856814538,0.6876056443724682,1
0.1811604546961679,0.6082223107441104,0.07627428761916419,0.011530614205909966,0.00888864888553002,0.07388080072437932,0.032717118031325806,0.03136455574324845,0.05670666870729671,0.016479639307868756,0.04969509507745665,0.05464567659021662,0.006124358459624575,21.46966761552857,7.151116576405618,16.64267376956974,3.7143975258848334,3.750499810980938,3.937680684509886,12.329529279401433,2658.1775455413335,14213.707248945137,845.9418837788721,570.1152702964854,19.189157584616744,22.247534418439407,4.7656933902905365,20.882913759351695,76.72337853402232,0.753116753148438,1
0.15724628659150366,1.244549040736021,0.08840581342750908,0.017066047201310535,0.01681251442900051,-0.14130191748570664,0.041634467299410116,0.0263572652644055,0.062444066665867375,0.023012399374371564,0.03668808081300705,0.013648368264446178,0.006250817358951689,14.977591018116044,13.23760527206676,10.93765083853833,1.0190375107052903,3.3633872349304292,3.5249633034385335,17.086829580387718,2101.9636943944724,9895.148079514656,745.1486433253418,539.8431192919401,31.307768320105524,28.28322262268589,6.166313698322928,22.564393818262918,79.73486124550783,0.7630459723907834,1
0.20078223574840537,0.8544468157640934,0.3487801531235836,0.009539561224307044,0.012360766184108807,0.12050822338441525,0.030837918423085527,0.0321644738727708,0.0377268631500192,0.007013605320768761,0.02661736612096948,0.054709675390061385,0.005800898633630063,16.7222247217529,18.67467987127158,15.739110451516225,2.5017034257871,5.38927809655798,3.8992668617463746,15.773030933559612,2389.4581735089832,6425.42214928844,816.1007238764676,560.1870235782518,33.909565427080196,29.242198232270333,7.188997600260127,16.35370817589403,65.375399442579,0.5582240538674896,0
0.16474550442867572,1.730318659016876,0.13755495569149706,0.012934191254023463,0.014232682534703557,0.08193110522221038,0.03862045916021786,0.007016740603310975,0.05702819873525308,0.00935351271482246,0.027875433243268653,0.010044844346812902,0.009838562600288918,22.774813638628824,18.821462907102166,14.326779540876023,5.435792118483213,2.60675411981229,3.6721473200265367,11.48242688001976,2469.3743723172242,10273.574481077836,859.8990977497056,631.4872418682437,26.956873374483816,22.56110984245729,4.494433845413135,25.631050773809907,54.49761890550863,0.6883804324432169,0
0.16156280373749374,1.40223569673435,0.1779462893990016,0.010958510072955991,0.012584150870860919,0.16331987120614894,0.048505637854336627,0.026369080790029854,0.030594885674672855,0.010591751005617182,0.03784558888853586,0.03564899528111201,0.00890159893261748,23.258194743429396,7.281847390631576,15.18546170968228,4.130868097788199,3.985299094964253,6.519601985990098,5.951909341457183,1863.4973762836585,12639.001532831038,890.096655152567,579.9905806034087,25.403579542195683,19.59809831717279,5.7032400986594824,22.677706568262213,53.328819196831454,0.6844722362399738,0
0.1616262697702781,0.704378918989343,0.17972209589263521,0.010841985195686014,0.018276748901442375,0.05358352178895179,0.05766389030658686,0.014030279720988845,0.056311884891923264,0.0021476247731601478,0.03088092463208589,0.05419787920038209,0.007830344301437246,7.6219362680853,25.39578349233402,20.17399565263118,1.1927784885938175,2.5594612114415565,3.4365144408711634,7.0014322859201785,2735.5137874991874,13542.788869780632,817.0637113523595,583.8773450292296,21.339566548948333,17.95959344987748,6.811042241843092,15.378059371961712,69.422890710441,0.7888317563821645,1
0.18304709744067443,1.2896865617163171,0.27397181502698786,0.00674870563865374,0.010219539756904724,-0.01134005909690465,0.04891859170540756,0.0017434200433539201,0.04248769533815429,0.015375106072554549,0.02809861984870875,0.010498022884261202,0.004449034702631173,10.76640336036747,13.685915787369424,14.969690871132025,4.9386133957030935,2.8416105610669824,1.3710708996321976,10.900881458200608,1965.7268257693622,9926.97473848282,844.0425602982452,565.9299679276533,45.8899784704823,32.84073352785879,2.7970578748804678,23.058921635227684,69.41568620657901,0.6725742246048236,0
0.16951823204130814,0.9653874921744258,0.12072905700716219,0.009318456938447217,0.02301006962329808,0.10764783461695805,0.0011617928777638148,0.02403299604166824,0.03481556373991815,0.008876600491850649,0.0190199903321666,0.064758095236705,0.008587635381629452,6.529803593872975,10.571321996831227,13.592699600558522,1.0191055653800993,1.7750907192906247,-1.0083110767070238,10.339130057623073,2083.2118854673645,14079.264658602231,841.3078873944291,605.554667841154,34.66748800777152,27.407270529065705,3.838745431843529,30.24500216104751,60.298041779152825,0.7996755528728722,0
0.19698204221486287,1.533900530529953,0.21785639784466931,0.003012417234617781,0.01255564687648256,0.051581272540928536,0.02750156809352869,0.026067621502064073,0.06130849447195161,0.007708008183936031,0.01928414307106121,0.03870096743280889,0.004572575072268796,18.917340531044587,22.49479231333766,24.37212223466622,3.3603459386556715,2.2826510882123574,1.2254540020232243,9.182810250180903,1949.2595117984106,14223.70673759325,846.5478758535066,537.8320388886891,13.37092881025364,25.221208876969254,4.711118244032882,20.13062960188106,52.18215391139493,0.7011309773766908,0
0.15484844282170768,1.2632213959680527,0.23028932779883615,0.009397543941480268,0.011230011674010842,0.07317124769517452,0.04445349649776597,0.010010636237544087,0.04233323502339007,0.014816132669469696,0.01914136099202238,-0.004146859072991997,0.00704000876160162,12.521756235603299,11.292143705532462,9.105292989463106,3.691437962785953,1.3255647445482912,1.7746481222586459,15.60959207442713,2584.1770215992847,9511.275031700425,863.5686149735043,590.7384759946693,17.373596236524527,21.673789211251787,2.4090884004838804,23.33843701163644,70.0399298858269,0.6697135047263069,0
0.1744047966300833,1.180764597067691,0.3361478515726144,0.007393299511374338,0.01790945021279447,0.20747337378974084,0.05418020397801994,0.027271679888921006,0.04174409984074534,0.006680834485871549,0.027458565180985776,0.055725041729097174,0.01063503246239371,16.835827025215224,18.60243054127144,19.11421036608179,3.2854243648836325,2.2126611515452725,2.5403222999832167,12.636978422003697,1760.0606186839075,12337.36171882102,886.2332947532678,591.9932185651097,18.832367924217074,13.91939676524056,5.983739490412139,17.724409215666448,61.4084286126701,0.6470875209263369,0
0.16126987250420807,1.5800063314678583,0.1427942343100852,0.003528797544738652,0.014755085301131498,0.04445207267716914,0.02448208557119652,0.03896123276254347,0.053344378786090565,0.009026051893583822,-0.002142681858845516,-0.016277189912137502,0.007791701760205612,13.593531736652153,9.109360523249727,13.48456961443993,2.200722688709723,2.012666634374717,2.614665024112667,16.550234392601453,2221.196784702662,13211.372422258386,833.2203406757295,587.3294239614037,26.281862620450216,20.767778125920387,6.236069166535592,28.717673268042304,88.72320636720679,0.709855635680405,1
0.18422567384558944,1.602853334589264,0.3533019071212703,0.008893312913123418,0.00896088053692188,0.016847168487793385,0.050962335185383095,0.01962436490633809,0.05768884874763476,0.02261686665699779,0.027536442816334637,0.04466696014356362,0.007724781151835376,2.9372459104009447,8.85610324547493,12.192006618115656,2.1004172311029286,3.066309262320679,5.526574992272307,12.467151958591323,1847.9153929221122,11645.941088170366,911.5718647636362,615.3397370842077,16.68201512854894,30.568708661165605,4.128857077466861,12.667161585848023,82.6105527217989,0.6301079589280736,1
0.18390049968056252,1.2413752517232426,0.13021938838570843,0.012281684693443182,0.013730586643988614,0.022636486898996333,0.020053657072846606,0.027735577062068133,0.037099326169431554,0.010475139426360365,0.024219688214334574,0.06365776777895663,0.007113895764681006,14.589316682229768,20.438633756694266,15.886486065736541,4.6640573541889285,2.2567744783510375,2.630760263522218,11.649646422670806,1446.3817024331288,10393.615409745888,870.8790982984399,507.95735581128065,22.564068367397393,21.735619407078307,3.9982363918318082,25.33747749356678,92.66911149186623,0.8503543432102622,1
0.18752819052195033,0.9172429728050604,0.1299822510842451,0.014115075965693922,0.00906071847546,0.06679891834041957,-0.017921645766608325,0.01658907067858392,0.06811295195015928,0.011854338962355123,0.003647097299284474,0.03527776988700043,0.0016778880053014578,22.364917888149147,13.386277236383288,17.46627088096516,1.6402383286008444,4.226529469581831,0.1356258492046476,9.946110608467347,1738.6373062900961,13677.741721356055,842.8549137287208,591.3894222827735,21.987162048467752,22.654143715003357,5.939791491019568,18.407264824250536,62.56988616645352,0.6890262135337095,0
0.19144114883428287,1.3010275383986494,0.2780296173109071,0.013855627736303451,0.00792800906276838,0.06040784884792573,0.046609962679719036,0.010220611644473613,0.03919590530927242,-0.006605572777945693,0.012840327768160577,0.010058793452734749,0.005119348630647619,17.104863912657333,12.841244124844362,13.778414806801756,3.059245141803284,3.9121389359506034,4.252253606376994,12.22091667882072,1608.6062004156597,15629.346895425575,796.1062383648998,616.2486347682241,15.03464904527994,34.529522772647226,6.200594585585309,19.23609641266096,49.410781527284115,0.5481827486352202,0
0.2204721243845928,1.5901249833911915,0.3950726158812339,0.00950045245859973,0.01995700183881402,0.05512216947115817,0.045140641301079545,0.009733745171158211,0.07017837788533807,0.008191415060913677,0.004792784703658801,0.01821326870829639,0.0027870821979191726,12.995673324951488,17.897493688003223,21.050329665877967,4.387935824528247,5.3786618520695075,3.4196515615923246,8.255175731910821,1983.6220201661858,11448.108447813389,800.9968776580417,605.188748964757,32.0372879789515,24.893598099213605,6.0921373408149195,24.00704312992281,64.35678393147461,0.7598986538888776,0
0.16994050458897314,1.4781609898201196,0.09505978379980282,0.01302266335497726,0.015920732081767492,-0.02683754037444934,0.03376146713983546,0.034341770365203264,0.049734830043161204,0.0030731974077775285,0.011460797024792817,0.0937314982362211,0.005171578438144935,11.786392030586432,12.936403604026179,18.08810332542325,1.6552958433746994,2.305754214854444,1.0877226434815461,16.69746178228234,2636.9961539843057,16254.009077785991,827.8980703744933,600.007336861397,12.947068287101533,15.871824564915002,5.656077926913883,19.113994070513957,73.46636996047665,0.737294313391363,0
0.19102952550479047,1.5362937928518197,0.27096534472693806,0.008470190409322838,0.005578064819637429,0.12692164325444766,0.028704554804042468,0.03734041954422619,0.06544856765633192,0.009827138872570905,0.014605702062215814,-0.010768930497643457,0.0025164717752333954,10.831263796404421,5.463890001555985,18.321376021285626,5.576370307566477,1.901836837967444,3.7798243976519217,12.399886651543122,2123.676192210405,12198.856916458068,820.2694799168336,612.5514697968839,26.067381076074316,25.88987417093627,6.504349629600579,22.6402212150626,61.078965097165394,0.6527329748855056,0
0.1672538450594241,0.6439112299386148,0.4961488296144403,0.007457835604737773,0.014045324691670285,0.17160875981463591,0.05115921427677585,0.020586089173717927,0.06597386581986847,0.01837818146922781,0.0219737260543966,0.011445714154312631,0.006653664418967041,8.937390264581607,10.130164778754496,11.602902195285546,4.643810182465239,3.5192487315821714,1.7834921408041686,13.086890410939661,2188.724785772372,13319.147914813315,814.8313554278599,598.5847984138054,22.353276271350456,24.60427486864601,6.624931779106133,23.879101628692208,80.24510174258943,0.7396232364045946,1
0.16786269644285648,0.4624825666077016,0.18180905871407171,0.01268917363216161,0.00835520374983419,0.15713493406170076,0.049622994311407057,0.008007956749043569,0.03036565898128948,0.00834250305850243,0.00973289508214734,0.045283752322711285,0.007777880011186075,11.450404335239677,11.172593897789572,16.888092032100467,2.3768242754418756,5.030564759964767,5.76281700313686,14.605962175309884,2637.9325482579156,10021.991123427975,900.7495122519299,583.8123613270262,18.442329590185977,26.36456592583018,6.23335553520037,28.425387944984053,58.76104275690193,0.8794384927959302,1
0.1935828555087639,0.7521815486467325,0.23149592456562404,0.006195262518448176,0.01042366833041872,0.11196699255935746,0.007517562822784533,0.01602451303454222,0.023350467565532225,0.005046729612503808,0.024786811806509372,-0.003900355859506155,0.004614113539705864,11.148865084449291,16.96689172234856,17.464749052334845,3.2123389003436915,4.49543622228393,2.2372746389721945,6.27060699102322,1721.0220170392518,15033.810706671764,831.557891591022,602.8894690777823,24.82163902997016,24.68208302539224,4.204263868961968,31.96978827478206,86.25667347765007,0.7607936490692087,1
0.18369481157791448,0.9994391412457453,0.274558485814899,0.002587926068409724,0.005949195282929211,0.022112615742218872,0.06056663126972491,0.014665475542240996,0.05099148632128888,0.014667114772379322,0.01128409528931572,0.06977769277509707,0.002245921690739382,17.533182274545013,23.629990010471687,2.791465065487566,3.7841501135500772,4.80593844751535,2.9117603862479244,12.984626905286293,2176.7905417832517,11168.903457114713,941.1484484086549,531.6355484404579,16.55528005910104,20.368312663431745,3.5447383609098635,15.841401486655933,72.52270443423623,0.7912789631153471,0
0.1510070956060294,0.6456048230404007,0.14139859681264522,0.013212618970456088,0.016046323491209928,-0.0301461253706254,0.04791592436471857,0.02701823040543344,0.022812015783655985,0.00654472811303052,0.01840671422490649,0.025436973014235312,0.004823693749358863,11.757391852476733,13.392061577871464,11.45078670277638,4.304643087264438,0.213642832249624,4.808054333676736,12.448764856712057,1497.5250806245335,12012.237328283605,822.3822716659123,478.6265523277154,29.492615071328444,24.018975515884474,6.409435994260052,23.458111253315924,61.48709887589643,0.6777993382070723,0
0.1871690723641924,1.2874136169643782,0.356022087234963,0.009653195455407165,0.0186966329474,0.11388734635445888,0.013593430777350653,0.0296793194876499,0.04687195070356433,0.003426255698447885,0.012932568183576468,0.058336681642776056,0.002210331264835578,13.48369611166647,10.774807441418622,10.728451747928187,-0.5729869097049876,0.24526674214436017,2.8007905468849574,11.482190257149533,2064.2101513433095,7481.44765712893,839.199060276749,551.3416593455488,14.205957921563641,18.642298748608884,7.712442260140419,20.62617353830903,68.75357908162131,0.7833738005640396,1
0.16146603382305377,1.1037339301879148,0.27114146173165093,0.010557991184589836,0.008963692929569578,0.0529878865000494,0.024483200802070868,0.010438642970414608,0.04882839519785901,0.010093952556539705,0.016577548698532084,0.03421270890430117,0.0029654922788557893,18.11430742480748,24.449069519469216,13.225393231503832,4.482143975365031,3.0894818475106263,3.724981017938834,8.437781535438955,2544.0391571895652,10248.437449894489,845.0011867583681,542.8494799819662,24.2741417416711,28.628541834987082,5.850430923906294,22.78991888886417,88.49602097021025,0.8003094464670986,1
0.16350971676944653,0.9073473044365887,0.22450013478030934,0.006749816919512057,0.01758340637533761,0.04217249274887135,0.03920831299685648,0.009293335938098217,-0.019466123425851148,0.010089161272648788,0.030904721690569938,0.016652318912797434,0.007257878219392947,7.915049301595046,7.039957714406749,21.141638552722306,2.7195427307740774,2.8248538180405425,2.2669470446518143,11.474325100108363,2214.64352953491,12507.136456275692,848.6146236202219,564.5957849262219,10.66510607781828,27.620535015916694,5.17828791971186,27.14562722478184,99.6472513291639,0.7416926409609735,1
0.18670116058168235,1.4412378739795333,0.1670347141144003,0.007743215280558054,0.012080623939502362,0.1396610911889254,0.04743111932576284,0.012201933242623997,0.008455432581609988,0.01591450244693762,0.011064190320219892,0.04392379431652491,0.004505556335559031,20.628399660617312,27.98718603687612,20.61385620116671,3.022224014895758,0.7861933543478825,4.131698743402678,11.605217753510022,1828.208444172739,10738.61534864485,882.6796406988447,578.4274424600067,0.9252708585346099,24.53176357330893,6.254279636604914,20.022618597869002,77.7653721467415,0.6906223118057797,1
0.17902695296859097,1.610794505327893,0.26583333338736603,0.016738099338413807,0.011367405515230248,0.03224066539947476,0.05485725125716629,0.009946848740027645,0.04199976327531103,0.002895530073882784,0.016389128366131305,0.04856777358272342,0.007079447359476614,9.393602042591077,16.35517126430622,13.029209517369631,1.6936517692980986,4.426585293722198,4.155720655031255,15.78908420945071,1448.9050516324564,8996.346962171763,774.4901334336545,552.8551752985247,10.629469081396037,25.57577401918888,9.067919876499076,28.13729515577425,65.44160877069072,0.6644521444508263,0
0.19864383128520768,1.1628223173545646,0.23434411750824788,0.00950745425859093,0.012472637837942342,0.07752511226124782,0.0067412202629417405,0.023918812622455845,-0.0030717622588910393,0.01692435546897022,0.013810111971523174,0.0014146624065770955,0.005886987750681584,12.462343282371158,24.790658076508876,21.982328502278666,3.392106753820816,1.296913014190153,2.61108603843187,13.874761392307072,1868.6834444102285,13343.975480272991,798.1307319938563,652.8829146215417,14.950559786225709,31.54459154678093,8.815348913065021,29.14980593394839,78.92969640045442,0.795200497266272,1
0.21146039450429713,1.3316427114840517,0.2294975340598742,0.00506759477994058,0.008168387376092868,0.09901712041904692,0.04081179083624482,0.02143417630681476,0.061991689286553395,0.01737248683785257,0.04191638255054987,0.028905072086475688,0.005705689389566279,15.728793196638286,20.674621407995993,14.122707824791185,2.828744598359279,2.6721624924923755,0.5271486005806842,10.821720233747417,2600.4727235389246,9581.754057207721,822.9658782780515,574.7330487017872,42.687673690183,23.51588805416082,5.880448310340996,13.350011043415341,89.17861947054776,0.8000117376965354,1
0.17158476412637894,0.9151116945403795,0.3639596656997558,0.007045210006681749,0.005273951645956987,0.11893291555423034,0.034581896632927586,0.009041291892012826,0.03475532861234288,0.010026026309474733,0.03176344056171455,0.037564525708630205,0.00845745611045784,20.339283386471998,2.1492622570982363,14.88807671751595,3.5028275193260576,2.193257445202466,5.838980562505671,13.346902666710642,2382.184018842484,10092.950548326724,902.8945634394994,593.2341151305098,22.705016168811174,12.47482705259239,7.409436474303251,24.883247899895352,56.84836123694874,0.7571724728321763,0
0.1550856524710723,1.1803882636647853,0.23249069986114995,0.005070275043343999,0.009416929006199462,0.035836180791889154,0.036641629228336206,0.0071049993027602,0.0036189796939490454,0.013129660479864514,0.008798011985588206,0.009888880576325046,0.003020127590719555,14.722047384003643,3.8010418481693957,17.303944241307004,3.766018324749058,2.667594914726026,6.117234925665044,13.514344082745213,2149.917881895395,10535.722196058523,791.7574579934007,589.9389287198837,20.496138288984532,28.37350207601119,4.357143861132041,12.472132105681114,66.71813951101569,0.7634671091135983,1
0.19150410032213133,0.6631489006059539,0.19835423423716841,0.008008152612728633,0.012420471941250982,0.09808442418686705,0.037763715913094666,0.01812669690178699,0.03865979916549558,0.0051277372619485196,0.006857149021918798,0.055310458428370804,0.008171343818367276,9.235490281763088,1.2273918580081364,15.4002063460763,2.262180817778299,1.5060043395579146,2.1824586406163524,7.936531147912949,1698.7671778381643,10507.727958608191,877.8843718628061,589.3064036789767,19.399837656515388,21.57971179709304,6.63813845885834,24.934246173978057,57.342147325365204,0.721690211512366,0
0.1761234772245439,1.6153515404077265,0.20367007122914027,0.007952945768230787,0.00769345210151446,0.10428940452849608,0.056897080623613885,0.010230542606181179,0.040830836811277894,0.010382590311218557,0.014787451931438704,0.003781759858556801,0.005872500156641644,19.73121835807657,15.709390213142477,20.757575729665007,2.3830801135041924,3.7390790198505375,2.892728986090527,14.623762937429422,1999.0472429698607,9205.889953706053,887.13132088449,564.3767074940572,30.08182783032963,23.07715116512838,7.778615271044977,17.425466975297184,62.55391225825756,0.692695149497003,0
0.17988807962341907,1.6415509373265031,0.18899846086827216,0.010793574068709948,0.00954219030490535,0.10847800913400753,0.03131577297297925,0.005544818522546766,0.043645604470757396,0.01229818659037408,0.0294970038427787,0.0413049424794946,0.000369752620188301,12.673772854154596,13.271731716971654,22.073719096799064,2.8371237573294152,5.996922306769349,2.2546514292711026,9.881010879911123,2058.8327876395506,9685.110095268088,866.2137041436753,584.6264407044168,31.658479090032916,26.465250944092208,9.756475203175214,19.98563082298813,50.54497478599228,0.7101192803180036,0
0.15738769330124946,1.3109433847858702,0.19676621614964315,0.007925333121515159,0.022321100674262052,-0.004437606609544148,0.033266693613550766,0.018733359726523367,0.04816192117139889,0.012068771014736938,0.025868018507356552,0.044366630863884926,0.0044527203101237395,12.792620973435453,17.58860382013536,7.400659813122454,2.538944520454153,4.938440620327061,5.018806587563457,17.173255081829716,1674.9361422654442,11861.437759341736,818.5406156171782,531.1759957109268,40.39230275070999,27.22186482208899,5.150304526226816,19.20358760775388,84.43819428146229,0.7076992886544955,1
0.19488383942999873,1.7482144575986853,0.24955517650815434,0.009100587776820592,0.01156457636928425,0.06775221386763704,0.040892491489986776,0.029389571782348516,-0.0012281084804580955,0.009618609241302086,0.029431933034777938,0.047964891457124584,0.00784606687447146,11.691550645168403,15.731176395111804,13.794728927030178,4.2237802651177745,3.8260189839375562,4.198804078863214,10.582763567674974,2705.101736046291,11798.31730491085,847.2463045956163,638.1553795419254,29.35610577942754,26.726580972876906,4.719527930078695,15.98675867431928,41.518145778942866,0.7443286288532501,0
0.18013599689119994,1.4062512353775825,0.22256969107539487,0.010062791183831033,0.01638357093193058,0.03654184794754,0.024947502623947262,0.015418630101582804,0.06236676273586256,0.01089334887609536,0.023841601779674777,0.0346844082719912,0.005023384426577016,21.4981564265172,13.678953575028174,13.468093179188212,5.032339397282758,4.583697357699858,1.5610188521715451,10.631874977142086,1886.4792482247656,12918.067809813409,879.5171846599877,576.3830359729883,30.975279898050584,24.7302977853196,4.771886511207743,23.409890007822327,67.71555094994159,0.674102781236917,0
0.18577447325650046,0.7506023867041607,0.2382235777051522,0.011571654042192866,0.008641396053709614,0.19335672773023976,0.04652844648383533,0.02243890941620451,0.05074359629083472,0.008495323535149334,0.027906177188399772,0.028590793190680083,0.011648334018805459,13.217287856786072,9.654478544170184,12.085352522003664,1.9133403598450862,3.1141536247028814,1.7573878391418478,15.753446739056708,2261.863684975636,11609.080685227143,830.0399258969968,642.2810860884125,23.250555078235884,30.72324722109532,4.16749277432435,20.833295651514963,82.03463635867223,0.7260218288631238,1
0.20721317191677302,1.0354293571535989,0.10185258147402731,0.009256302076204917,0.024460919993003434,0.046593273629398024,-0.006239786751241087,0.009643959439546058,0.06722013409539547,0.013815711503548284,0.02546589725688639,0.02640940332048159,0.004224074126796757,21.557404094801477,19.120761817278193,17.401146309528514,2.2359823555039373,2.7153325506480286,3.2234141943619328,12.890317521252705,1518.1637357395625,14749.967272423644,889.979365560878,611.033757882797,35.38985551530594,30.433844822685973,5.103817393783159,11.936623430054643,48.37376241054153,0.6864109540690101,0
0.17261445721507593,1.2314308118876598,0.2681627583091911,0.0034719404598943307,0.022729124625382444,0.09836807318616532,0.028864228082274457,0.026603430545626815,0.04999643271947619,0.010266921362395109,0.015037941242584927,0.019560888690482066,0.006086250861906098,10.880693446884568,10.859299311935516,3.9135814487321596,5.408535161731265,4.352997567315139,3.970305697345167,13.192212098660537,2498.861329569217,14862.90604157571,835.2120105265993,496.9941213532885,34.659568351703506,29.032386149615625,6.498655366732411,20.25683739618847,46.67644426895771,0.7835479180038597,0
0.19696348425333335,1.492552101029997,0.1986666543895694,0.012775692932765034,0.005732469938141192,0.018218225622016374,0.010359610055781902,0.018864118863789497,0.05703858141581685,0.014213870150495135,0.021367465026484633,0.06512755975255985,0.00620147161624269,18.4701630548397,14.859165457752235,20.946417267198214,2.5381560524423294,5.362401470683588,2.0782059912396997,13.76636663166946,1461.1506022494254,12725.459133131939,886.9713760005187,567.61694905681,14.591132743948041,19.405614929451115,6.144309149850655,26.915685506528284,88.2206015999449,0.8330563691106311,1
0.18967753302376078,0.8842645977121302,0.18391104066283664,0.01491212083843254,0.02123197960299624,0.08886924434219162,0.03270857669439914,0.024726397629900115,0.013260440837188914,0.00492353812875092,0.014966432619505268,0.060829143896645066,0.005255486959748591,22.44067313620101,19.49313933365243,13.779522189207292,4.604537522609412,5.114174224653251,3.1327552107268226,15.090950086421014,1827.6191235397955,13801.728881097988,858.2093796240937,533.4704068499884,29.74215588418604,17.47382890822726,6.896980599887781,24.17697124239956,95.32738913002578,0.7847574899760653,1
0.1939765684040507,1.4824315655260527,0.3252945493135976,0.005784658018542618,0.007370550480544251,0.044021600310727785,0.031747828578402436,0.010654061051015289,0.030985194453944966,0.009608345755349215,0.016165820580310682,-0.011055648663410508,0.008928402545047174,20.764670884873865,14.25905354798179,12.19721327452816,3.137578424622548,2.516638269246419,-0.988921776071098,11.23668981694301,2017.9828668191506,12787.144022309185,834.9584173276813,572.2042875330931,20.925338796121192,25.788856556268343,4.616180507327876,22.506058059499985,54.50536290347567,0.6922877493136641,0
0.1596067132261577,1.7384903024810994,0.07156255847004328,0.007531151013408154,-0.0010906659934613993,-0.0053726144686932625,0.028424231998394,0.011699295048707632,0.06055437497559067,0.011738367711224997,0.035380162818616334,0.05081284885599335,0.00447475416712896,17.93257578809,22.3846101110735,23.273173742010442,4.4152752272290625,3.0001078005882946,3.378597309978074,11.65911919644231,2306.4952505173032,13873.798388608211,816.4672615505107,588.1658641803223,11.796086531639933,25.4556051466676,4.767130835373155,30.96526342608304,73.8115706944059,0.7298019533941913,0
0.1424015122972191,0.5728562298538176,0.3171479291385282,0.011626488136890696,0.017784168905184944,0.19503554890556737,0.015153439742468564,0.020722883471248694,0.0117906516717445,0.00954878559279839,0.004091541431413041,0.0333919535278987,0.006281017808571211,16.55519532684039,10.249790598670916,9.702892964589717,2.9873795010429527,2.566498172098174,3.3619010628983004,8.8068827686974,1790.0057299389887,15870.304536530635,832.9675535165741,545.6358407923876,27.563814315292436,23.00730623504964,1.9341500676310943,22.60889563730269,76.14917719583684,0.7737482120062446,1
0.1745201383634139,0.6308100298953307,0.2995791027762295,0.013282214011551588,0.01254541485174916,0.06378394373816666,0.04887195552545892,0.016461410371798962,0.03498332656377538,0.0019813526248505225,0.03372278913446575,0.0505438957648572,0.006953227014039629,9.10781643534662,10.98310646416855,8.83772804584887,2.252515540586381,2.6292219519683786,4.991250368183131,9.821987690261995,2021.533347871308,13696.17431760185,883.2459368927765,552.5488637752759,22.381798768486426,35.78377244311844,5.998404171787527,18.24207959717705,73.22838288487888,0.8394435682109971,1
0.15413454084257672,1.711546325325357,0.17242050242922605,0.01308300083847515,0.021337310020806754,0.029368767354506047,0.013970321563379861,0.01717240672370632,0.04110341275742928,0.00939462283804723,0.024815076309913055,0.032133393107340896,0.006331230250193444,18.314968510263,28.766147554016037,15.123236891052715,4.568704373549274,3.1737911382629997,5.170702197667267,10.007157076577037,2037.2475811541647,6823.281672897103,838.1457967412135,558.35323612858,28.001612599331732,15.331033598491276,3.5357841288200715,19.78959507098119,40.91538703636441,0.7665819905173733,0
0.18593151090281523,1.4385764550327012,0.12640501226585932,0.007038039574671366,0.004159278432899748,0.1443757768704408,0.003444026530411381,0.04004423303675171,0.06429888213709939,0.01746964071821099,0.039292699966212825,0.015039810267989298,0.004599764816369173,20.710272961761234,16.449055977833098,9.95398423781305,2.946542158602497,2.9105852319171985,5.055039564564341,12.95758933392636,2064.510743641169,12782.163018833435,810.9437844438164,633.8485106445048,19.530461283125668,29.84010137361572,7.0895041113590604,18.718038061987304,64.49336568933867,0.7692814329270163,1
0.15722333764438462,1.3678439888096472,0.26772467788993687,0.01681640831223647,0.007644034849961847,0.15147564089790994,0.020208587059386565,0.032812386535229804,0.020384703126749247,0.010817139101930655,0.016882924075327856,0.007266137621583697,0.005200354632809065,15.983188708751225,23.350469502915445,11.812100710612322,1.996655262406178,-0.5133703056109473,4.2984512772295105,16.52993883124647,2465.9741560066263,11929.936201694301,805.2860201783844,582.1990348624914,19.517893532236418,30.179730701574275,5.74851759732375,33.92322489185936,58.33662105286948,0.7542360904651717,0
0.1865564234568617,1.1547487789937039,0.20698833937761468,0.009883134376584059,0.01542645042355484,0.02792147464830009,0.028121928625739055,0.014253981418166091,0.037947028530987366,0.010591651094491011,0.008783537634668053,0.042840901837871224,0.004089835423728345,-1.5394997624869404,19.298475256488828,17.59718311595869,6.779561468468062,-0.735422562564493,2.668307658128817,7.197950672952043,2158.4864997424,11548.944345356542,886.4079268690675,573.1005246330426,31.678537269340698,32.14362233563294,6.50425699846746,15.544097329143433,83.31263431403563,0.782616009275666,1
0.2084549627219988,1.2901056468990197,0.15486140279382965,0.009917757770597972,0.016335937064138696,0.17633718995390707,0.03068666777137671,0.03491673858801808,0.04431337541867237,0.01737241003689128,0.024962485662454282,0.01014681969096837,0.004020681424977463,13.158336449804118,6.15868245249257,10.885256870688213,3.1972840951172348,3.269499058307381,3.2050989838072654,13.134776946953767,2174.6500990212044,11896.749151781662,829.5019990834652,550.3406109815986,33.74578317656699,10.291857641181185,4.961039662348676,26.58569330760256,36.29208078974145,0.6062472485868073,0
0.1816765325585872,0.4087099002500758,0.1790136432915383,0.006240128683399734,0.013826971209625704,0.031813349962801135,0.024325865432705363,0.021821706277121017,0.049144496238986875,0.00916757207859227,0.012844872338772514,0.04197190182888784,0.005649513274071377,14.438681164043512,21.65401957819931,22.744589767091014,-1.1122341442160657,3.9754667962445143,1.2125271916519376,14.800026912621759,1631.2045937562489,8691.707938853406,885.8214095098773,627.2990626579874,25.29814087671479,23.23207593485895,7.636707949794726,27.128131389041354,94.02794310936099,0.788323813321751,1
0.17071191475381225,0.5754027110232561,0.18767258084986396,0.016475150558643473,0.009028945638091666,0.1549826252110591,0.009918407340899448,0.021976755669542453,0.04242957158658116,0.006775520706778311,0.018604048728842484,0.022025964350336213,0.005244020508029565,8.724254663974211,14.792710188351071,19.12043290272132,5.632966605949957,2.5085887108618325,6.467414062950952,15.321931601818026,1697.9622322020189,15058.661307383403,806.4483712595934,531.7788558155705,26.441378843975592,26.19632087805279,7.609090545149042,15.554274949108905,60.5979044793104,0.7049463851760701,0
0.18433551127525258,1.8435123422937494,0.34330964365354016,0.012883987811622543,0.02420610861235957,0.17557784576164287,0.038704230565792044,0.01569003799780187,0.03237525425454253,0.010357104162905466,0.04157215887447738,0.06564048225402945,0.0064016485793489475,20.093122550169056,16.6650106472452,4.7811564923675185,3.8496982261643016,2.0055150580934287,5.407797022814288,12.441839567302438,2481.904111859093,10864.27370549717,790.0348740220234,610.128601439958,28.089802989959896,26.02432154042844,6.967204228794765,19.988797756354533,75.28961694381677,0.8069732481264794,1
0.18450615844081883,2.1089738881787525,0.20575281464686943,0.012751731888205713,0.01267595170493693,0.05294035897824144,0.024236994751549674,0.03542547211374117,0.04502007086300293,0.0016024860354329831,0.012231379013786077,0.004669223421100564,0.0063838440100722265,9.022123358882773,7.382789709321901,10.1528377835584,2.4120095628184277,2.9129773584091043,3.329402522720323,6.407805524832863,1946.4984837515844,11023.724551883148,861.4247408751373,573.3473176028126,20.778688118834662,27.989398436482766,7.896714314320602,13.854034066515975,59.40014450053332,0.858660600821022,0
0.18461401811437367,1.0500711773512774,0.1902461371943866,0.007883195960753948,0.007646361141781293,0.11962759714109303,-0.0003978559923796983,0.025755619258303653,0.011835464633851,-0.002387530593145084,0.00875834015238066,0.05613108135469001,0.0050188085161931364,18.674056717552087,19.540451491310694,24.698457213641923,3.228200578296174,5.272764590165334,1.8460032684743934,8.4078069410991,2269.4890613618145,14753.867463177325,859.0536649239156,573.6714075672917,25.651577875702685,23.295304097216174,5.083831653537456,26.710506582097874,43.934740912583294,0.6788100224313587,0
0.173678542879459,1.92722476902313,0.25905123656424184,0.010403164290579225,0.008145905986356554,0.1552711221428714,0.033080636833671746,0.03542806773769682,0.033792077270489725,0.010974838529953793,0.024548758006638433,0.017276031175957426,0.004990569076329697,11.167601135457154,18.912330109373368,18.56649088310316,2.6457681482141604,2.9375887569444092,4.256750516286664,15.636320138153414,2065.387452691221,12827.718399355572,862.5219783260959,598.9876489794002,18.553712824208855,23.136448476901254,4.9515818876476505,25.482414839583917,32.88864690992115,0.697861511062151,0
0.2046174902630947,1.543205678120858,0.15488292643720303,0.009420485752208453,0.020407462287090075,0.17256418203678656,0.020975623461122465,0.007225633961546574,0.008593483714939669,0.00484956972547785,0.002422125760579274,0.035438811818810804,0.0012337756378281535,0.7802816761411613,13.259463273993514,7.275453152034422,4.829299403922388,2.4438836695587387,1.8068451244015515,12.764457655040994,2420.2942549079153,11160.460575266374,831.3947312945573,591.7254442489556,27.117742944907747,26.711875448137537,5.475481342820411,24.363842341932877,72.69633368282864,0.71655049289953,1
0.18588448258026988,1.1553964691428225,0.17973893977412267,0.004600907722475076,0.008169773987998001,0.12657371028344636,0.0433066906901775,0.011997772646000963,0.055470952302140365,0.008057464664405736,0.012079964259047556,0.04402262401425836,0.0058965737773839086,13.537026250461949,17.670314781584757,13.080281889682706,4.369920927060426,2.0937925698725737,0.9370189769114687,16.348241306990605,1797.6138426929929,10718.97155128804,814.8338014643316,582.2598536567393,21.585668836811795,23.936635716552413,6.131012184037572,24.74014306043963,39.74474829075261,0.7226260236341311,0
0.17141511159402675,1.5571815480435076,0.216669975550763,0.006328095581557057,0.01188474721957267,0.06301088690720746,0.04364677564119318,0.01910796702308332,0.044671901625231526,0.014127072989115426,0.00571932823894555,0.04712919626297573,0.002089827772163701,16.316327437876982,14.96660713473664,7.289035529063885,2.2631633780743305,2.227703006394327,1.7106887679868297,10.9238812777015,2297.327862979412,11463.540129320427,842.984703545976,608.1381817767726,22.45417948199072,30.47802168614374,5.129242984172988,19.726330565212635,62.10959968203491,0.7169972722927684,0
0.17025542871772895,0.8508155638185197,0.20810149577828627,0.02035163589412274,0.015709111471950633,0.09416854459274607,0.051156020150838366,0.03278434957965715,0.032191816271567336,0.007503990008620349,0.02169944711051483,0.02636709722187533,0.007895641552824934,15.17377239145924,16.02592445368092,16.51371896252521,6.359947788347172,5.438966940009598,2.5663193592497597,10.986611210828015,1949.5273389408442,9354.434050547527,840.08243984625,612.4973960329569,35.30504420663325,32.755498995984674,6.171189111538651,27.319001754393593,49.37533224105732,0.8017030624258451,0
0.18028546135672868,1.6029775892780793,0.3648069919377788,0.004408778086302812,0.008842987222167208,0.06457685547121612,0.04828154328448067,0.025363892188475762,0.06323006096963951,0.003432361008230028,0.04301674852050775,-0.013253580210290591,0.0066985855447084155,26.28376236084383,15.243583396969036,7.392835095428463,0.7178368619017723,2.0001656531504315,2.7957962266995393,14.360580206205471,2030.0968867268439,10087.663879498661,856.3591280694995,571.316077506933,29.83430713087025,26.562274280758622,8.532610776366688,25.647269449089205,57.56029734313876,0.6367790548512187,0
0.17909177564135523,1.4659708649206964,0.20376633785338316,0.0117133682026429,0.004965112689480056,0.10766468193778611,0.01030732625964089,0.031951774115114163,0.05924421157162196,0.0044933668561514505,0.03353451561476119,0.030716865897160984,0.009054264768310262,29.370413490049568,14.511025014578985,19.728445187485775,4.393784342321567,3.0611973273357185,1.9418494139140703,11.496493702858707,2094.930705027936,13027.202467949392,854.8186547524436,677.5359738068262,21.516207615694633,19.605745193357052,6.739386454536006,18.562387887521197,63.77362290575671,0.7309706972268974,0
0.16011301250782975,0.8976833999366547,0.09879918630536458,0.007642190400245126,0.007815098227802065,0.0580908432081072,0.036779517873365225,0.02729236949310753,0.048676704801777534,0.009624864998015997,0.024819678270528923,0.028772679198001742,0.009203797583179962,12.5618046325071,12.41986734139136,18.09828345881574,3.665063973153563,3.0625071332090337,1.6583336997192295,19.351367202394503,2075.734566486099,11952.392583808534,842.845274288476,600.2060428181861,9.598785498989828,30.03977950901004,4.350916158406015,16.027051764890643,62.25766623898692,0.6548925369942888,0
0.17618993788004378,0.24387825301222477,0.19174624792241476,0.0038222646070070233,0.01680152584043334,0.10669121225344928,0.03694794972869524,0.03831177135565887,0.033056770351631,0.012297877441555327,0.032752470129219724,0.01953791386231007,0.003446763599510678,22.82727329979556,15.716065416030652,21.73240297778015,1.6833340403462844,3.4496942573593947,1.037671203155444,11.836727098886083,2064.6595939382246,11096.326543592959,863.0191624103907,549.376648290525,26.613329979894207,24.589849663617954,2.982000047840836,25.28405511987878,79.10879960487212,0.6721900831226492,1
0.19097767670634727,1.884816113607157,0.20287102937750984,0.012550423248924834,0.0081920606748189,0.09303247625170405,0.034756590815166716,0.029792597442869627,0.038097502448930606,0.006658209180045557,0.016457813840833595,-0.004734536355288789,0.004112589137139848,13.352794476375827,14.605870602632725,20.43265278949411,3.603586753542308,2.047806776843637,4.414560962341559,11.010770523390397,1878.3401924712625,12173.719551627222,858.564608295975,607.0744854933765,20.11149828347946,26.074591435706978,5.9830251249212925,19.19479676818207,82.41962271566034,0.8745156523575159,1
0.21408211032510982,1.668687165886464,0.26929921987253835,0.0033021221581870193,0.009012605709877983,0.14993569370864768,0.002676033246621648,0.004658753065511485,0.03443379488246848,0.014109607412079502,0.024816138456880944,0.05613234138590095,0.006904579985141836,7.206188734309292,16.324121212323888,18.440540122021346,1.559080235380761,4.134829351053724,2.872639014696969,16.233315027336406,1996.5341963070327,12575.988624854,885.7301964925208,532.7539843559327,15.779227190256918,22.63591302222958,6.770333419078168,12.806850506779593,67.85811387212269,0.6314720060187677,1
0.17085396689826418,1.4416483558354072,0.26569927525333764,0.00898419317441106,0.00611119271004321,0.11647685402034524,-0.0027280603841296977,0.016882144267439753,0.032581377927846635,0.004191243499117944,0.03406807528732965,0.06032576901112029,0.004679237258928922,13.887174646142935,21.4585780376062,14.839905977564646,0.13355109661169262,1.5593746193861566,0.6267373328351891,6.023804805535883,2021.4599546122834,9430.82233716464,851.6776198276965,596.9577615628253,17.91663715124018,26.86667769351636,5.495385196059215,14.985918567142065,89.68644990532889,0.7477666658094095,1
0.1563837436938231,0.4362575649970828,0.17953967283178157,0.008905082991332958,0.017859050716369226,0.08138483953702524,0.04758028309114015,0.02570945694603873,0.049456301398556654,0.004908730492911358,0.01864398760099117,0.05106242905047606,0.0062939845685771115,17.257737456197532,21.668192809299136,16.54569093667399,2.4432120731077105,3.208752692598931,8.40424820371631,12.477108794195205,2045.8347101300706,13339.175381796356,832.176291701033,580.2619156687349,16.30494154724516,35.24753659091768,6.529212000499698,22.350494794711988,45.10395179741419,0.6731606862604749,0
0.1754280016931996,1.1222923472085922,0.23058410017397746,0.016693455784610095,0.01611175235447877,0.1851916881239351,0.00971671563746063,0.03612978170593054,0.04889183990146258,0.01220247248081669,0.021696931579712836,0.06488991098719776,0.007087308256561214,13.246633031707018,19.234268715899503,11.244883043047379,0.05092738054812296,2.8699587696219333,3.4597683097046916,13.81999954046964,1545.9037476613048,11726.88578159373,849.9516198281648,558.7473672269634,23.723637760923168,30.07913072367174,5.472677286293426,30.722369626927442,56.09394794604893,0.7179251745019412,0
0.1523791079369245,0.7757579734413595,0.2935376281872278,0.007999208731616017,9.63044723825135e-05,0.1564664136709342,0.018109926081019856,0.014923058716102895,0.02093684990489816,0.009191781027606946,0.021552460520582795,0.05009658298966474,0.005670970936407661,21.614866541727714,20.82237923525003,11.29030273121762,1.7530178863115757,3.6226087645486262,1.4048372006073655,11.516191498206064,2146.598461178143,11215.920262605754,894.9982027760893,609.6462329633966,27.528625537228915,20.606659524141786,5.956655568526987,27.539201500134695,48.47376020697609,0.7116841716831265,0
0.17731006431196533,1.62294732215129,0.2921518338932635,0.005811369725238942,0.014332156437061585,0.07039219162412377,0.027608824867472077,0.01772107441234166,0.0382285786546242,0.007654346419362688,0.020308494927569393,0.01901299817597339,0.007932185710712641,17.779292296587034,13.439343162293564,11.90064464687724,1.3751974752230978,3.140047789397392,3.3133789102166316,5.378440446197056,2136.9924581923838,11697.308530701439,864.8076545762258,581.7233496880848,14.788139786668067,29.408282302562302,3.9733406936792974,25.387064923662397,67.54261221288012,0.7691869160485523,1
0.19748778361425454,1.2817556126411906,0.2858908611611622,0.010077833022075532,0.01712816056936291,0.07835694077577536,0.024236879389777644,0.018850490685081576,0.006360624320291788,0.006619646423531952,0.03594920208086015,0.008297169136753341,0.0045481638280124425,4.625201595523485,18.70039182852643,13.497785955862243,1.1071838349622722,3.577125800650205,4.663164990460849,9.696989537085575,1618.1020003306185,9615.48518201242,851.0845758377748,561.5976303111934,22.471496226900406,27.347401089961515,5.89115690211559,18.45426705019239,50.67441812180379,0.6518092629591793,0
0.19362719020885896,1.113756168572791,0.14195552285256136,0.0028243155472321476,0.013283753993308937,0.04143341702600312,-0.0031428717026460926,0.009268097259329507,0.0334335811461888,0.01818560895000853,0.005454385947552756,0.032225370383349786,0.0055466134602025615,4.953923279872193,9.800159241914743,12.898679844205857,3.9950745732710784,0.9968020598278216,1.9095105110723745,8.721894410258741,2142.094933224042,12715.642125039796,853.9906221427179,557.9942040660641,18.15047916326305,23.56864383066149,3.9953686094938727,27.656435531793633,84.01711722098942,0.6916158635471067,1
0.16538087448569053,1.6037887154383874,0.31616923428526145,0.01503047622543744,0.008567306234231156,0.06727461980477446,0.025539486374671953,0.012821467856459646,0.011272950859216788,0.009325048860114694,0.03741383655286706,0.06247687488538514,0.012280845820204476,10.15975102225152,8.097144912765017,13.843120212549806,2.632402369435109,5.065895855719851,2.4653751989658854,15.536172259756865,2259.192283523558,11208.567778249713,843.2972958177504,619.6941892498716,16.055906335715214,25.657387112483345,6.869263973455518,22.703712469176224,64.65885829264377,0.7773532663248964,1
0.20471623240013875,1.2524260744863394,0.2678616668736209,0.01635576131377633,0.009865979025323712,0.04967061467332934,0.0347208612764874,0.023692637776499048,0.07529651767583473,0.016268673931098675,0.02669884490215741,0.026876121998056085,0.0037556988770271705,8.920780085873158,15.108027737958423,4.286400768007269,3.6624376017213254,0.9784728000787761,4.77096484749067,17.938000855151635,2015.0270445712392,14469.390558388524,851.7412090619272,530.9016514715082,28.411541730087542,25.8719781868895,3.0739546583698387,15.75111341790246,75.1020453876635,0.6753511427227249,0
0.16991640337984656,1.2925783690102288,0.16030050079244867,0.004656550383325546,0.01683589061219475,0.09097966697871562,0.014985593310143742,0.03787239964604669,0.03703554222313758,0.015472812273068978,0.011146735677819396,0.02610830673920664,0.006759220112828961,19.99363285041549,13.516656316627643,18.96967560455255,-0.5221025956512397,2.306826054300216,1.9502775845130387,15.917583258560438,1369.308382596518,8468.957422168396,866.1712777318783,606.7141565315129,32.25343225362245,26.78020221994043,5.696869640343106,23.250944599901672,48.730329422122324,0.7073922884070691,0
0.18000414129836392,1.663629625982359,0.30605604896964667,0.0017020545959347544,0.012009884223779054,0.08073018093697432,0.017415586543052752,0.032782809474594866,0.049016246726636,0.01727700668863096,0.026550780176305258,0.05393526449960877,0.005372095626168279,12.493810212499609,10.457678312386115,17.368658303843286,1.9517007293370094,3.651310766792829,1.9397349805280992,11.84310858728698,1801.5637670147687,10984.421018386787,792.0727539843954,653.3600167312163,22.194182971457074,17.179082988305566,6.646593194094679,27.09065742092358,60.7707212718054,0.6400968736487025,0
0.1721597472016174,1.1452018042230168,0.20513912744161117,0.010136118345386724,0.00839514945765052,0.16516734084787033,0.05568209390357795,0.01668135138178021,0.03569223422279847,0.011260169899674386,0.006444581388358737,0.018493827831964134,0.00460834010721545,6.772438774373269,18.208126162206042,14.677889002114057,1.7649756924560458,3.593707411095312,4.598122167357527,8.11507807771174,2142.2125869684974,11580.595787408894,803.851511736081,541.2352262280677,24.474556217544094,19.12433461957015,5.7921638753535305,16.438534221017946,49.690030449981826,0.7256316617123011,0
0.1667603564440678,0.4479959864368944,0.21032974623918804,0.008285381892333868,0.011252721534175057,0.09787257146143072,0.04996435311943459,0.004702510449959086,0.0513126580377344,0.01424822391353326,0.025065343913859176,0.00035046969272714557,0.005549303732573984,12.325728386066498,10.742040837491988,15.188236860846802,2.455126226620754,4.265983878178795,2.588931016671397,7.706439702459338,1882.6921046703335,9860.181713667582,805.9818280542366,557.4478614278249,10.121478590901383,21.02077520238266,3.5768745835970064,22.53209661372356,51.904535606860094,0.8163357399434971,0
0.176894819023505,1.344259156574318,0.1821547521575593,0.0053188771744129,0.013993818822124072,0.20466665511190668,0.04602363527976365,0.026443884535381823,0.03430408886705134,0.005268430886261018,0.007690215031947405,0.032142906594751365,0.005692429669707616,17.826001085422995,16.47467367555068,20.157079532170037,2.8638798639913157,0.5701202952173499,-0.35496772983107316,13.061038786517113,2371.484963256694,13076.458623660832,850.4675371770898,567.8719565468583,20.142826330181926,25.92119040298842,4.118720048521977,20.855578955561448,66.17200269035663,0.785551616952071,1
0.17513232041249963,0.8119502958481425,0.09709464866699968,0.010737236256312415,0.01392985046284438,0.09306309206523,0.04413010927094505,0.04165521452206557,0.0729070990454149,0.0027803553875388647,0.024963816465288453,0.0058445035515120695,0.003233065375088028,12.913825823808427,18.136992428106705,16.835233964649838,2.948614771343988,2.816696773438885,3.4388976686112454,10.128257394465262,1902.3136150550013,12474.082447726052,868.1779628297377,588.8703098573355,17.13794645727333,22.821892106236728,5.136669466638014,28.306252906997745,89.7511973341775,0.7589200474321267,1
0.17329724437657096,1.0168606455270042,0.18672945666443477,0.012317387039027104,0.01605852785806633,0.2426198986600936,0.03414278873557137,0.024185145591570548,0.07016621497495101,0.008300081388242404,0.012302929007621446,0.043967982426588025,0.006860178312343505,17.165231893019733,13.456191044033085,22.9185877281977,3.53097289900651,6.54132325771945,4.316864696629503,17.50147418699992,1808.581097205161,8038.292305009385,814.8943877367293,544.2110800224543,17.650186919956433,24.272692053650385,3.5808894464232317,28.066895662995545,59.74857413342393,0.8506620488445864,1
0.158578926407019,1.6691027381069778,0.22665930941931703,0.01166986035928518,0.013541460318194105,0.16155785596188835,0.028273242835065462,0.012335335689802123,0.036871814424143945,0.003163367693575221,0.014484842698970195,0.033336321190365545,0.007816445048183459,10.376440597994142,14.584096699477957,18.71497705469576,2.8503595870286,2.1116334335639797,-0.4404930335559918,8.595077505302228,2037.0064376621492,12732.471506367478,805.012117103219,499.3084409088408,33.702333691496875,19.31377735559353,4.489426428581487,17.18164853776222,54.0394010027535,0.6038820512861699,0
0.1937941561049039,1.8354507712174384,0.30441841667341035,0.007835972536868402,0.01650864348570137,0.1272922484478312,0.0037690172420263637,0.020795795465565606,0.02833754337351404,0.012136880227353986,0.0056029470338196455,0.03679057574808432,0.008425967857098742,17.185088110367094,18.583638238586715,5.249524199906205,3.6906334019765836,4.283995935459819,0.9463010064274551,17.66265405076754,1949.0808538143435,11917.558513263764,838.241562784172,557.4276042343931,32.16352712758659,25.024906519697943,5.20152278780645,21.931483068986026,54.00824136220617,0.6794084634701554,0
0.14074748616654842,1.229149639206206,0.1729879190464819,0.010080425867476393,0.015884683514657584,0.035450793333824025,0.04804182623176536,0.03484641861876508,0.029794176808738734,0.00599912350667948,0.02356477104669492,0.047317451771686864,0.00978168084007833,12.299304802681949,13.383231652806423,11.97018508026245,3.105278778634117,4.611409946130182,4.381131847885857,11.336601625150735,2193.2768542432377,9828.127359192315,903.5508937484033,653.7354865628744,16.090467879293826,23.07335612173387,7.155625870198814,24.02844763529044,88.27183249036024,0.7331594953879935,1
0.21991334979567928,1.640328559369042,0.1454104174215229,0.008970799997528842,0.002263287629295929,0.10737496931171198,0.04662997733863324,0.02995167665158606,0.044774758505827135,0.005035656473106509,0.011613423624794153,-0.007257271729024718,0.005330453350590345,17.813599300410395,12.56709376822631,20.560745314032992,2.2136573278431184,4.278613316697296,3.593204160068376,9.003554195431423,1530.2430846036864,10443.016869763303,865.2748804023001,523.7934456024087,25.199387889233606,14.610193709139313,6.822454501343638,34.13236144620634,50.65503772567684,0.5918116194246432,0
0.1884194588877878,1.1029274892751866,0.2653518188698429,0.011711257580611614,0.011431666554592823,0.10471717994370858,0.029678919215028274,0.02077585389486391,-3.4120034510670694e-05,0.007422653634580704,0.01672366562690039,0.01550161314216796,0.008369487797413361,11.543325694186118,21.959957880906657,23.470878790955283,2.7182357699043136,1.0310875992709647,3.4459306421399596,16.094608121565216,1921.8534401559941,11809.68129702877,858.4790156877967,573.4381124740719,26.649493629476037,28.606095239309703,2.3188646234037993,18.943099895131525,61.74819492166604,0.5870890572701416,0
0.1870500993671376,1.324443996457278,0.17484294064112138,0.013404496393520952,0.009107701355618343,0.14181498163817402,0.022733759832229097,0.015133688118107308,0.052704910732079134,0.010389428634903374,0.024790026240919888,0.049919098564528114,0.006035945158736617,13.035780546163963,13.255740014044,8.735001214158032,4.176255260586714,3.9634379904049526,2.8380247998820947,11.478559461324839,1984.3809376402253,10300.248149765195,911.9348316953102,546.8773122709605,39.84907039524109,12.859409715238003,7.4788488494238665,19.14065580622673,86.14166700043425,0.8501942702610844,1
0.14713622377691665,0.8413431090739167,0.26948241633490755,0.011302311267148282,0.013288004286990647,0.03573579771890955,0.018824008558753186,0.024168730625900404,0.0321359799263562,0.014554535175168746,0.009089532828059256,0.020843660608196285,0.006377224683950024,12.956638271469792,9.444381167921122,19.552305512259206,3.76609809920384,3.235558755295152,-0.11339259731675533,7.922800509333654,1752.4188364411395,14755.154671690834,832.7744479595087,556.38292183761,18.617800975773015,21.402931252494056,5.8026567211361355,20.323044734921552,61.96206364813418,0.8553738185211168,0
0.1804493178562409,1.1442411197347062,0.2746141322720891,0.012756657828297343,0.019651672821772055,0.16053080787469123,0.023330274380606093,0.026055136511241653,0.034407745601906466,0.015304000359029738,0.028987267740136442,0.03699495630495963,0.010286889637087297,14.70696462108764,19.117730599209867,4.116101495140757,5.564558850910996,1.928080781813555,4.615788756401685,14.954030084473638,1999.600976592103,13537.983072689834,890.4678251835725,632.5974818136118,19.797608380262762,20.307060634584076,6.4062229245743945,23.682587832258513,70.93186626639397,0.8123978665730527,0
0.16460007867605084,1.326543328614458,0.3084767181100973,0.00957211412056608,0.016882156885990342,0.08637097516641298,0.04258721266857784,0.021929896417729296,0.06114854574228272,0.0067198262087967255,0.0219805692588515,-0.017417707466128765,0.006422249553689334,7.81674103910377,11.362675967728602,16.426409755837472,3.7624009821950235,4.842699735635314,2.6484509674208434,10.178019268746908,1927.6707653036328,10053.285161131807,816.8840742936358,648.2287104551255,21.944349699773376,27.689435547952993,6.590019774039662,17.57705756991261,78.48214904964416,0.6398276776138022,1
0.19650196529335268,0.6513305211078135,0.19095543330708867,0.012916254580009457,0.018885904682522808,0.13806766814020555,0.008391853414429964,0.02422324797449875,0.004562066355071129,0.01722171705989973,0.030753905544164142,0.03563897747618102,0.006572546673554885,14.393456643052097,21.424898573810843,12.065936421984592,3.2683975934072413,1.7214994823203353,-0.106866101165358,17.807742152167236,2375.6826432591847,14047.361698325212,893.7361170385443,592.1560720838033,31.13374626096224,25.061709753191284,8.627881215409957,23.22336017173469,55.865897874729,0.6939907554112028,0
0.15268088577598932,1.2308625984870867,0.11616848789507406,0.014649038390022667,0.015672383725006088,0.15073195622221636,0.04540927191374453,0.021682305411836945,0.022791230638663337,0.016848905509811895,0.018026448446653357,0.04877142134119879,0.0072257681435263675,13.9023670877643,4.782308230518822,13.916424943067863,4.5628689062662176,-0.1220120829640674,5.379295897618695,12.934186072236056,2152.1899956889256,13475.573512579835,853.581767511826,599.5936305895157,21.938781213507863,26.564790627181246,7.1278563399797,19.261415705501665,66.89016531107552,0.7551492504166001,0
0.1842942636634105,1.3849934496267415,0.2690843963018991,0.010666623269439377,0.0063446638224870615,0.08851879483244032,0.023997424263436,0.017654209703808123,0.029941806999239616,0.01150621240045695,0.023731223970910095,-0.011963749265424033,0.007208049693899105,15.410149646940578,13.044109181821394,10.456738590422708,2.3322892310529877,0.6172452953877414,1.3613947079328064,9.511596796259138,2111.1841915843565,9839.88504939652,885.0703277759145,636.8399665686727,18.512473557242362,16.596103619703584,4.874887685115702,32.00511369429668,86.8605145999844,0.683807498056699,1
0.18346683328740815,1.1603622799034923,0.28050476898118276,0.014135524219696834,0.0119171579508874,0.08205630885201333,0.0010700359291862527,0.022488939691332564,0.027701117949679138,0.0033735931402377947,0.023673603491474866,0.02772246784528518,0.007527890727430932,6.384769853543844,10.507547566135775,11.716148208241417,5.675877909911227,1.2044174927603841,0.12899125797976918,10.164809890744365,1431.4979319206677,8745.996154436905,873.2800857980418,645.3548111311281,30.042447331659407,33.80080537577655,5.7714936801897,26.335955628806577,52.40408648636395,0.6952215165252571,0
0.20145956095532022,1.1634401769963543,0.2758548385966565,0.016061779233408992,0.012187874296679328,0.13688857702832297,0.02848657854685873,0.024123559690859483,0.050479979111686564,0.016434736430582096,0.03478513878573543,0.04507202218319628,0.007918992153198882,17.756416663877935,23.92317803474886,12.400873889132306,1.4948492838626564,1.4590298654235414,4.897154290162447,16.266425434644265,1265.751457295102,13925.369834105139,836.5883669210181,583.4583636016977,27.545311547784184,25.43980779308971,4.743772912034357,22.824607189625358,56.28104414910789,0.7356134033368517,0
0.181386886740725,1.0382410307264154,0.32542308113120605,0.01124596343519116,0.0048309708803579285,0.16193158775157596,0.02924625758515524,0.026399029571520845,0.002605366760900181,0.00894732529823504,0.014988228630469648,0.05347684040733405,0.006492235412753167,11.420870430626248,18.55387012587597,17.39559563891386,4.328205874410143,2.8827450957963103,4.081090857444103,13.85306816479002,1365.3315757643963,9393.055142436839,852.4178747208925,548.0292110167835,23.9221034940695,25.086187675015353,5.371110078943513,6.204559932273785,46.83064329012764,0.6822711809182503,0
0.16277824179652858,0.8208429130924054,0.3509215402028413,0.009609898465017506,0.001752427419058374,0.13066735232429993,0.03422418798448913,0.013200941032531686,0.03428916749385553,0.0008751112651944164,0.024290395675675487,0.05775931167946735,0.010489364510860511,27.31506844387512,7.823155864765554,14.983211899800095,0.2563583791181747,3.549083873191187,3.619838174529053,11.160482772471182,1799.346112139367,12627.87014462033,866.9114416728679,601.2151476735115,29.692097751734586,21.44071922810442,6.757396431917715,21.52428859600628,101.90455625809979,0.6812192764188787,1
0.18879002461240452,1.2784525836095628,0.24841010917053508,0.010893123653021482,0.018167030381763347,0.11811975171297237,-0.010204333091321259,0.015510916126869938,0.04504007522403857,0.011902601526581515,0.026227691252275503,0.015115132660888573,0.0037612182405081804,18.18117914215162,19.64425623025112,13.559846302803894,3.2633133657527225,4.73135220734964,1.3988745211669666,12.74680383558335,1467.9937896177585,14596.326302887808,817.6896189745369,575.6733901386161,42.50865113593214,18.09825839511271,5.0211706440710895,24.129322888194494,49.82711549899628,0.6921245819744617,0
0.15521483210293055,1.420696319964368,0.24295270047767414,0.011592589060490148,0.016819627115277853,0.08331195455180536,0.049556951293086626,0.0266587782370639,0.07589049696784425,0.01653982096274672,0.02212726121191785,0.024925805298672027,0.005733368386963787,13.947559847314833,19.972051406088152,15.768819147723532,1.0716516094333342,4.741833409731245,5.731450837899346,15.212646876514407,2025.8999056361488,9541.610095242935,841.4600634869419,525.4454740133144,29.132894868614397,30.35291334837882,8.459918923130877,15.572224164040726,62.51387123371789,0.8112455539800513,0
0.1690091945080893,1.524319458236684,0.21644521978731596,0.009077353333441167,0.005475915547835253,-0.035366306323740174,0.04534614725204973,0.017950675257583922,0.05016024582109199,0.014347862593267105,0.022227160626009646,0.049118761203566216,0.005183160299737366,15.173706167695121,8.047854971050953,16.772032837371693,3.0509068277024447,3.4359070458926877,6.1927016527524,14.565004904130667,1972.573891409264,11871.46974314078,843.4868275893468,562.9531236973726,26.803140656090164,23.046301128207798,6.730539663912979,19.679821196265923,77.97807347566106,0.7784818939727972,1
0.19190058931671128,1.4344663201571133,0.22875163517711158,0.0034978238657517556,0.011557278927084937,0.08683824008766634,-0.012293871981474712,0.02822682426574144,0.034824711762552425,0.0022448690900834,0.024489427181929976,0.013583220822994173,0.006499184952148767,20.963031024886583,16.5988902056341,12.056537376540039,4.484926281600162,4.340209341638985,2.556108689686855,14.711155083149759,2476.307890467843,9892.726771907226,878.6125077818541,603.9640653231072,35.43977952679809,38.82224498892693,0.8199688752183505,20.784642243924978,77.91877749642725,0.7733147162718579,1
0.19830780551120322,1.4619902336886759,0.3641844291431373,0.020812110257620337,0.0101218316964133,0.17835539100450512,0.03974436389260854,-0.0007213511609648685,0.027197069898126005,0.015366832912224862,0.01611588759011225,0.06171358346201518,0.004540854133559219,19.43654481229873,19.92148222598523,15.053466558982402,3.3176886302786763,4.559162088345888,3.99351947962993,6.828943864322965,1881.1294069792493,7557.532998449751,889.2110629586464,573.1202005827242,9.360652083495014,27.749464432083116,5.695673374484941,11.615132388028098,85.47097381170038,0.8151537339498947,1
0.19659464835758347,1.2504711614647868,0.2192045689271935,0.014601069583593185,0.013532254314816704,0.12196785481374212,-0.004119181897814704,0.015734287471694267,0.02499954636868566,0.01760320048008522,0.011671367248454648,0.00984075530172724,0.0034387757092777835,15.096294836755627,15.778291488358706,15.423988645130716,3.1966682942676514,0.9834892917826625,1.4947918670354068,8.859426124624987,1789.166850202399,12046.809021488261,886.7417356572927,623.4927351463451,28.350613485636075,20.743731512179185,5.498289872352593,23.664180715763138,62.46253566027221,0.6323939518654116,0
0.19836908887884827,0.875039060425032,0.22573199460182927,0.008585256961731976,0.015479660504704248,-0.047205232907210445,0.06395247559418682,0.030185374276503946,0.016561321415536106,0.010935038607373602,0.023243659742438007,0.04552587181494644,0.004163367725343198,7.3124839088263744,19.68253303028504,19.975087898079448,4.547642856749437,1.959453048574999,2.137636756941445,14.721821054375125,2307.6480758798757,12428.704416553992,859.1620804568028,573.7449809058015,25.97038167377788,20.341457029001887,5.135140396580821,23.11685597359946,60.403298761202244,0.6621375071874108,1
0.19409013079649445,0.6508562194075743,0.21370908899266539,0.008718459762252823,0.00010784170063335777,0.03186368996392878,0.014199658063695837,0.023624498815945267,0.03157739530397832,0.008427781048511853,0.015165218650056232,0.05876391170417496,0.009657949512508706,19.008025798631856,11.908015735196738,11.423312154526666,5.268352365998398,5.545281110568423,2.565001673479561,22.83405018844701,2442.163787152024,11044.592568051143,818.6000182410494,624.6439466309021,34.11432414127316,24.671156382213702,6.224599101762074,20.42302793262473,87.91031947043047,0.8163315559774791,1
0.1794885137561601,0.814906973886155,0.24821597730255576,0.01649553997124461,0.01610116199152992,-0.05714663466969698,0.028324338002218705,0.027740227740710527,0.05237112713955849,0.010819620317967148,0.03734762793123578,0.044037645041185874,0.007690813113564111,9.342473493239186,11.485835935322795,9.02265141667244,4.393151302613662,3.0879059092885788,4.825694881734169,10.51165806064987,2169.0902976329357,10205.41363715156,850.223915173751,615.5221141618102,46.482442470687076,23.80567804410181,5.954622944532643,16.485427651173634,65.0629280921444,0.6298049898573826,0
0.22179077443389547,0.8990259050587859,0.2893204517797427,0.01720572039706595,0.01068346096561042,0.10158085086117927,0.05242376285139809,0.016224688514401748,0.03598857638688463,0.012551261112025093,0.016702017429541603,0.05257913470365895,0.004262337024220579,18.160758148453866,9.797663460552169,23.27256640432517,2.424370528630486,2.091645517044852,2.642633547152319,12.66032947138099,1893.0632640332294,10884.215480192688,854.8733171561223,488.0834986885707,13.771533244213897,20.2435060175174,7.271641817015518,29.61001624617777,47.22183312409125,0.6806607718473195,0
0.18208711875046424,1.50876806193467,0.12655054176457037,0.00994678145848546,0.014488941547088886,0.042257728327783343,0.003007894885761437,0.012365346966908884,0.029603317085495476,0.009603119299898438,0.049452462899351,0.014043557571144404,0.006679566044278461,9.489577176119674,19.26007517454247,12.957502409218968,3.730328925450858,2.610378924902536,0.28781556908756434,10.655138207264033,1576.0466474402597,11756.139172836003,807.2185287491286,542.7147513954587,20.914146543868693,18.988954761900224,7.04896481027454,20.369853417212656,47.742561868465344,0.7143021389640871,0
0.19902898554116172,1.6727564371839847,0.3238806892837895,0.01064235773268704,0.011135771625929446,0.09146745403018353,0.04032793335573157,0.0252252076644239,0.0289441816490964,0.005909989076291269,0.024591613159785582,0.034592861111355934,0.008202439161455417,24.62470256593528,21.156521317843428,19.438114816901983,-0.22951415796618235,2.826814024216216,1.6018703796639646,8.815507076381438,2137.8878111647605,15616.448018298295,879.8407945396441,545.7612619214458,29.29497730111876,33.97489318072304,4.969157793287651,23.21660345709614,86.24119817052156,0.6774183154295336,1
0.1553495337046298,1.4361688245005855,0.3832281534098825,0.012866357359038606,0.010925225809605244,0.050958972582674913,0.016265352088652967,0.016174161572775667,0.058297355961956995,0.0073063685982677935,0.01676019149299423,0.06092797374379658,0.010355108377361547,4.469968993084333,14.839070245278586,21.667195830164825,4.041030130591113,1.528369105057978,4.591697635423198,11.32705357433214,2159.091854674881,10478.636520228196,806.1284280439783,577.570373724516,32.64705020544571,13.243880293258403,5.915514155260005,16.32814198340248,98.96792982653947,0.7838345472031416,1
0.17852104868783214,0.9230998682936413,0.20721946633245414,0.009216858916125675,0.002292160996898893,0.08324309977076005,0.016878055279887172,0.015423154383209223,0.028385178188870992,0.007003221474735016,0.0025929939361966463,0.029259838118535327,0.008033661778025704,14.392564472797945,19.782747308936344,10.483981955522744,4.047649173094463,1.9427227339139146,-0.7973746927518683,16.96032032647753,2215.6741511610044,10086.99942065196,878.3700234365473,571.690570106034,39.108154662541594,18.272474267977447,7.303656282310512,23.348921994195457,64.80630034045987,0.8236601395483976,1
0.2035945041672142,0.9104038673029563,0.2604552019571506,0.008796078750427112,0.008909197756581864,-0.09100180655903094,-0.0020643369322819252,0.025557421780428927,0.05989737387575877,0.008039761086664427,0.020104879826738756,0.032252733636512806,0.0042692209899095465,24.52339941040819,13.537419032253291,19.29331719538787,0.889183350743715,-0.1177796233357844,2.7400820275598594,8.470854436453461,2063.9241187914663,10707.26465930806,878.8665310419846,606.9868614243065,20.4413659392716,27.797455646044472,5.15085948705337,21.886166643903852,83.22718560338089,0.6612653058735523,1
0.15479670469654838,0.784582471662411,0.32921329911674313,0.006522852052045424,0.015622958893615613,0.05687040554525851,0.048525149821687846,0.01704943810194358,0.04154157222762987,0.00480729571482122,0.027002098475187655,-0.003969011368005017,0.007153840821368586,9.526539779863143,21.04219994568044,20.00663067399796,1.3360387012530077,2.8122376195577066,5.47925127950854,14.139219696859605,2103.9599440457737,11017.967726901607,841.1158126049887,542.5143790527583,36.14291751801102,28.697656433418757,5.824861566997926,12.043765099846892,80.7335980324986,0.7203090306077015,0
0.17496922227911008,1.1153332072275293,0.2648550864334991,0.01545350605415336,0.01549407835140238,0.14283658451356776,0.009524881045842985,0.023918287077161017,0.04018453985990938,0.003171020359745277,0.00582360242772594,0.03513438345591481,0.006523714414491451,23.958911368066794,12.416162162268552,11.25166524527043,2.5258255790543838,4.33397686099403,0.08745892876058203,11.209501581221884,2076.536926437035,12219.164500876717,790.6580757439348,617.1036608469685,24.999510034979572,22.149437918909307,5.206641638424596,26.574052681748498,59.59180079228437,0.654870615664565,0
0.1672927522234874,2.0199248383143704,0.38080531156220154,0.009144499329781444,0.0165631016127022,0.1091215944531914,0.08171950351367792,0.021902232218448937,0.02288514840096986,0.004468279214614456,0.01633282331423967,0.06633586473324746,0.006662445519719753,25.71355517232093,12.323771480298024,8.719223627463066,2.294932222267697,2.760086777551749,3.7656599670014907,11.484524865969844,1411.7464575595425,13686.300745192983,864.4987148928707,601.7472359550677,17.069234018459692,20.434192218366707,9.77842531033232,21.255612259665817,76.57285483473231,0.8753024822868436,1
0.17530758860085172,1.5616070219045257,0.2511319411972607,0.006007150965954379,0.018444317126031513,0.04497667198624393,-0.004445138679150383,0.016193053762049076,0.07258637034883225,0.006619728167255976,0.015273077222764284,-0.011741384914190328,0.0021767155781619143,8.854144832408414,23.440785264513956,6.941414671905729,3.7222429808506865,3.366361579290858,2.2189663567212836,6.933294994308813,2393.950936127404,15047.891618326566,852.1719879827336,515.5127059736529,17.622203829328917,24.76449146053227,3.884793037473778,26.576436627466407,73.54880245394875,0.770790232903843,1
0.19116279029037012,1.267223922386728,0.28318183126310326,0.00413730457063162,0.004537688649970036,0.11596704117930223,0.047696851656023165,0.021879417764327565,0.032155407773119524,0.009419645949397582,0.017187875377117117,0.005151606523351761,0.007264046447234043,16.448349060690703,17.28804870970186,9.144161660993817,3.901579402611155,3.048038015052326,3.685818954317979,11.066204357086939,1818.6140838448378,15087.90120952229,863.7541770759665,597.2123825802647,19.429196391138596,24.181714447150636,6.605017451517811,22.46487078545502,88.65755194170121,0.689114596158428,1
0.13992275271186494,0.06713776075577238,0.3056934397727431,0.018168711642138922,0.012971667316691166,0.028764025492396643,0.015195354949025831,0.012652567865272909,0.049166358782508836,0.0062628537337539765,0.012725460752768817,0.05150206907617878,0.006901540834372532,14.006989223232578,10.905237775131395,17.442600692370043,0.23775793599531259,1.248904529898582,0.7247123752375222,13.083756850090609,1369.7056368501203,11942.688677929473,854.577077462228,520.5704213710998,37.09638892231446,16.9472339937698,6.190660447462631,20.199460913728124,45.22444755201449,0.7378487010732866,0
0.20228643389337744,1.7273209299410677,0.39389800146810494,0.009942918588202445,0.01949048816743892,0.11749421567924258,0.011070184080231436,0.011855971790068094,-0.014449082819838782,0.004570184146291468,0.027859928127031315,0.020110040523700447,0.0032737938388368126,16.332608249891003,20.707272891606355,15.310754530428635,1.5847952633877656,1.9345769442733831,3.062383601337651,9.474797793017697,2480.5702354309615,9414.381420143676,797.1784206025407,641.4131093350645,21.428362182776706,20.156663611466428,6.202461432826296,23.207262125201442,53.74213079900352,0.7768609817041068,0
0.1891554573230377,0.5804157899786099,0.34762263171341734,0.01433679297617417,0.010060621090687652,0.052671976625015576,0.06615261611341372,0.020967549184388003,0.06074010648738318,0.010713442061008152,0.00020405724147471924,0.05742197627823844,0.00952659760059914,28.239421067785436,15.189818641053176,12.440657994532412,2.862915491924608,6.090321108937021,2.4405622346803115,10.293583748504076,1865.871020640303,13527.045335809646,869.5115107418753,614.6013792252837,34.10381290084667,22.1797397912691,5.488847025863913,30.46372308400541,77.9889812361925,0.6865086410915152,0
0.18727263765249935,1.2592357679193105,0.3328354733133556,0.0054646785727745836,0.0009735281362204702,0.18918630723875585,0.05854657303189539,0.015246077577854577,0.012965849359507068,0.013102504495495815,0.012909710976850279,0.02532184029110211,0.005354902579546757,13.694982553241601,13.729227345628065,18.301293533532746,6.342231650024475,1.6731165797857555,2.0720550738799215,11.156271280989989,2028.328167306059,13516.16002059468,837.7159582426583,620.7117194881636,29.622293045054718,18.92107779608386,3.161829771141216,27.64816768317543,81.32382064837391,0.7824195127097774,0
0.19780495001673018,0.36540893665156604,0.17471818394668967,0.009822554177953753,0.01968078386427473,-0.04814799092408832,0.06295755211567347,0.0015808092106845695,0.02226721661590804,0.015462689168041516,0.02651330951995204,0.05298029392104799,0.004150711963103937,12.081396771552871,17.032710691333474,20.033123157982573,3.7373368791038803,1.5547514092259227,5.399556301572154,14.181838127811478,2151.16636141382,12285.503174692854,870.6112327566592,663.5885985250384,21.444909719155504,17.0992220655428,6.274272982463908,25.877071817469375,84.73832920911788,0.8851461483206585,1
0.2044616613419065,0.9567093970220962,0.1975449824430845,0.015472317401954405,0.01297538462711301,0.046450169896447506,0.04334130945456708,0.03589147301636457,0.045786778112859694,0.005874513500272378,0.00543142371751962,0.033574302486719054,0.006197052049810776,12.763774476063464,13.181077351950645,16.820850315712054,4.119474783838689,4.0737995057461145,4.3775446724008065,15.016485960919134,2004.2239395393754,10975.94097148144,797.8801581230742,614.5806346307472,21.511832814554108,23.891632639374496,8.424266209762237,24.88522041283167,78.8767195030917,0.7151685930117166,1
0.14803751296232504,1.036125362948201,0.28166390789677975,0.007458360479085052,0.017414999692584344,0.08948563391460716,0.042081032898432465,0.010604348327460418,0.023276102985916584,0.00919774978367183,0.02453039656572059,0.01269581892295506,0.008840542170534925,9.705709955710027,17.43543279557797,17.3163478457376,2.587226343920481,4.1791808213973685,2.417146129871594,11.530964479502442,1667.9248840954233,14486.207155696586,880.1900670731538,537.1879033714142,27.096465460459477,25.799237097943433,4.371386518549604,25.17616510927267,51.3903383418092,0.7352016280885164,0
0.1697357286705683,1.3005894435762049,0.22018595328384202,0.012077434982551552,0.006844873624263465,0.053996625998830816,0.026805030040168265,0.02910944403839475,0.04246838267001922,0.012446059123321506,0.027193276018294382,0.017909722788804098,0.006772049237417119,11.861225066212551,22.650237207808146,11.975628004954082,3.733859663118534,2.357771620368128,2.680329368860816,6.43424838134201,1891.327490672786,11698.82332118273,857.3631286773636,547.206235257604,22.029923372847865,15.327834561914049,4.735010470161049,22.709810887045883,56.292211819752275,0.8915864540706916,0
0.1653165240244301,0.8056784765328693,0.3416822060010732,0.00932646031010859,0.017447682915383202,0.08976779708599475,5.535211031653525e-05,0.030153923286752232,0.04747306811242297,0.008252875246821462,0.036759187876093766,0.037238156727219765,0.004755745039287222,13.065075805609201,16.379929247102698,15.943352237549993,4.515556275285498,3.42822924403208,3.0088256667755604,13.453731578382685,2542.379851685741,13713.383740650475,848.2339043427304,574.6379425521195,13.76082641966286,23.73106962125416,2.8286291254007923,23.899620891458536,79.65288230294756,0.8942049351142964,1
0.16790510670923575,0.8880588215113444,0.2223868235640163,0.00491619311563087,0.007951375821163582,0.026140436883496765,0.0015730010936290534,-0.008019115694878915,0.049243081921193546,0.005978192491186914,0.022912836656902566,0.043989001812130835,0.004849019573807758,16.222990348246086,9.794973908581065,15.31591834403878,6.476030648422292,1.6531036599299145,2.3291838951831725,14.673236032192191,2107.4146516569713,10537.574020927264,902.5727201174811,626.5209321182815,30.218987046078208,22.343200592115668,7.529932563765495,13.295108710117255,98.8618590121053,0.7867664343037541,1
0.1761992192999701,1.591368844811214,0.27226789077157354,0.010874637227029192,0.016820779420859893,0.09886667545249116,-0.03483027650658241,0.019048518769226797,0.011612312884079188,-0.006877895500888001,0.020005393626288788,0.03490553864435215,0.006383987577244535,13.00334988549894,14.98261395149032,5.7529599706079715,2.0242890008111747,2.513891724297327,0.8019894248325494,15.627838616666981,1613.566780979742,11135.723772862448,845.3125668196706,584.2048438612176,17.782669107961915,23.964524286913587,4.641871123239843,24.565776381092483,62.21672064043235,0.7242238054201965,0
0.16003878745371172,0.8248297693854404,0.14075060766478803,0.008749326217070572,0.0047950918273754065,0.04910367761400365,0.02040070714575582,0.02846839945469165,0.02045271765032579,0.01017647695372608,0.019227782884015745,0.03137361419301077,0.004486439265958266,20.43970126634276,15.853527413772534,9.957345958736768,1.6827955228718896,4.501597263856145,4.1332573596983835,14.033520293153654,2203.064846045965,9256.477169424263,850.1188654336322,649.0534124182634,22.345812850042048,31.408027207479712,6.210064607567838,12.586526624608407,49.83955271782626,0.6963603511711227,0
0.19245422447800536,1.1910884083265145,0.3077522788350513,0.013412806180206217,0.01279047437933405,0.0021137657787705377,0.05923434032514237,0.014488837599593712,0.021934137784417815,0.011212250903179097,0.017309589081119174,0.02797604745364936,0.006447198908891811,19.46673631304073,13.716330982599734,14.723032372588321,4.865912887449187,0.9061646483045713,3.1324635199265356,12.599328665505285,1500.7451136286918,11358.308211329806,817.9338973678523,591.1753797360243,32.3012731004138,34.71278794517696,3.5976112282125494,25.144045700541295,87.74634053429337,0.7466538553405376,1
0.18999728247480743,1.3124037001127224,0.2827708894947195,0.013426949685881834,0.01917154834676038,0.06515984216621491,0.006642693854165795,0.007152722335825328,0.011376233335284959,0.015703929002262373,0.01875543370285578,0.0459932903069515,0.009179126665725155,15.70146712850272,16.504841883212055,21.20191717302711,2.139366674393436,2.0274654445162485,1.9435581457736935,14.999338738552566,2212.433642055377,10318.374396880436,887.5945420255684,555.6280242197448,24.326597397271016,19.131501786112537,5.384152016814285,20.084766611512464,89.54001763493203,0.7068955640658482,1
0.20963326804925198,0.48544981385812525,0.2257148539787268,0.007584646810027254,-0.0004640524969767683,0.08075131185978718,0.03640375709843746,0.02023980019015593,0.04142574521098923,0.0034977488553904314,0.01948287209439729,0.07624088112719063,0.002398458596154728,12.766365671385856,20.61484685792868,5.407052882203484,0.1346187280784239,5.097936915839121,2.0412911733224393,12.939150146456159,1591.3506284236335,12129.647797510881,872.4726357490028,541.3323956429989,24.28450512605332,22.992165182072036,5.2664397525892435,22.436341693984044,63.87284128810349,0.7748279458470899,1
0.18632311914365557,0.8597858885011824,0.3032295148026264,0.004023848826840998,0.012716531525000019,0.13413628399660715,0.036543411057555805,0.029919263098869546,0.022996045083706885,0.012534881729140709,0.03586899657033091,0.05942800696333044,0.00719201734597224,16.21551529164207,9.350924848677185,18.305927374080024,4.403241593817668,3.286319903878062,0.7397975327470636,13.27989535793039,1902.949199172508,16280.617559673123,885.564415571249,573.5291446144465,17.946318462798942,23.95450461550375,5.708342809146533,23.57245336182435,87.14000494092092,0.8064462712792929,1
0.18399620867437427,0.7801378004360235,0.07236631928518991,0.011945239973400886,0.002241985435585566,-0.02294249911828776,0.025534568231333807,0.0024004111785074986,0.047640674114320214,0.02118485538530815,0.011215012090304953,0.03463037544092923,0.007071280450033218,20.661436874194692,15.778376938441934,20.354287989562412,4.243835378455668,3.4919555857083493,0.7884256960227778,10.020137960560206,1550.711640179148,11517.397956597377,869.9173098270057,575.7206891218208,17.816383585067168,20.489095183159122,6.139472793307482,20.56192844062538,91.19574911434577,0.7237525019805954,1
0.1356139925450493,1.3697575751444049,0.2775243137250773,0.01250615345334777,0.012721632358630185,0.0651595767784906,0.055768672450067766,0.03190529643717677,0.06544966661697518,0.013925632927300273,0.04106940182263186,0.02003616158597122,0.005072431257243784,18.434234885318595,17.81489590952428,18.483157506088734,3.10903419455315,1.5683939241372857,2.776269016549134,12.00091489278687,2010.3984296171557,13691.687689369375,803.6199236734096,564.636363271568,14.956659484933684,20.457649828493054,7.2309963404350395,20.05068919968468,83.14247332595274,0.7209668499567408,1
0.14690225127543408,1.29715280526011,0.2951873886880098,0.016361614274294556,0.005729195065021981,0.0942902783683777,0.025492970299116003,0.008070266289808632,0.05888429680503629,0.013213585763157419,0.02814535459695324,0.038539673677241995,0.0026920808807673713,11.53151753767798,10.77384947281573,20.472866456102835,3.434176609275988,3.187699486154516,2.737372274589441,17.689748767458923,2113.044521312233,9274.799440501074,890.4661141164621,621.404886630863,24.360711218628005,24.828090348520686,7.185579144232667,23.399206524535508,72.43649254715697,0.7634810835451131,1
0.20242061334648942,0.3800234885690087,0.21679197688293045,0.01428432200161122,0.009917807833759873,0.04669344632429901,0.0457815040279982,0.005155609318065737,0.042403971174921104,0.014297071273797266,0.022514936699419917,0.060559631472790226,0.00443491742734711,14.96799623698431,18.313391788430824,10.15958205423086,0.20668001032672834,2.661025194971627,4.422308992235024,14.033889868798003,2449.4150853609785,13235.371225622595,843.9801057066458,569.2418772840223,24.224986182485328,12.18616069069401,4.7557893016834445,16.56635724063164,47.03104744529523,0.7281264553645014,0
0.20514298433725145,0.9052919456209512,0.18411720234993204,0.0063944972804113025,0.007547155947044928,0.12698959326662065,0.04368972267105992,0.03414029135561988,0.02606117079723807,0.009733937818635085,0.020422630649649793,0.05645096925663322,0.0043495742489085675,14.251595260423414,29.899272583685736,19.391069990774973,4.407893704762667,1.514029034861911,3.7167177694040765,15.698728122185639,2248.9459302475066,11253.992549477853,787.7015196340425,537.4267714958505,30.364479929541353,31.223472635119258,6.196842184694299,18.727616638481557,85.14438834058748,0.7349500190126972,1
0.17364569806487531,1.243763388733188,0.21180714350457597,0.02167269422024037,0.007409904691805175,0.03349730221902562,0.009280761427867209,0.02573767109901901,0.02754656466895234,0.009153355714424764,0.02707791614155018,0.06771577032971055,0.007484577015156608,19.465387172828457,18.563310160635034,12.464858686044881,4.893416836007509,2.2168047206613783,1.3920605447308838,10.425220437658803,2381.0258443040284,13322.361981185437,848.905021676615,557.6362171158024,26.178441711747563,21.311387061215786,7.064510610377103,27.047044120167502,54.758749128899964,0.7790558521364775,0
0.19666667823560613,1.3974619390572602,0.4539207766974178,0.008119186644858755,0.008225669017140395,0.06154571497305205,0.014914037347857144,0.01843723663294957,0.053855515394164756,0.0107613468790375,0.03756101589693534,0.025894149567429716,0.0025997582623434766,7.60455355951239,16.170970757491027,10.75430176743504,8.913496516210028,3.853952501834073,2.5644422339761,15.377496537035253,2314.425099371566,11659.047702036607,819.1850662093622,532.0735619701245,30.526732558858683,15.628830006514354,5.149986615095083,26.48139279186639,94.75356216949552,0.6418811737451988,1
0.17848097952714953,1.4432984766739874,0.23714951043796045,0.0049056578056136035,0.012662485717478227,0.06519653455313357,0.055277118781927766,0.020445696108892717,0.058199250817211175,0.011671873734366494,0.02370851892710997,0.052956055835195054,0.008917770777264938,23.853209362313365,17.53966334981008,19.08301785178856,3.8084446089835833,3.2227965234622573,5.649363614507781,16.301250102642708,1616.718552783182,13614.838364764857,880.953962637982,610.9304488568058,35.71516897951326,22.847453552038207,5.9096441434626135,24.22948992403326,34.2660976759185,0.6779905352911187,0
0.17470970317378778,0.5922615698092629,0.21153329683904165,0.001581001977123941,0.02289281086995831,0.07789421199292433,0.015341479237829298,0.0029937275034862196,0.018526143076050716,0.009127780328573589,0.026184072157441347,-0.0048410788354366074,0.00784617458490026,11.55958936709841,9.255799401920683,9.287590509407886,1.9927340920483851,3.4867564835562193,0.9910945267720486,11.22359740917325,2088.3777862830116,12040.006439654928,839.9760028346991,552.7046165811374,37.61086037032739,28.8460232444458,3.842044475646376,25.62548427557671,60.009171876243805,0.7908069845945278,0
0.19094529594755932,0.849290487515262,0.33462513446566367,0.012914074574058146,0.01641143246299608,0.22429025253523838,0.041692459049734815,0.009801986663054063,0.04000447895991576,0.01047034920595762,0.021175176191580967,0.020537851732789554,0.005435375916150141,23.429350761107614,8.786899275275424,24.11196416275699,4.227263288207212,1.2032193820111337,2.586055355317499,11.887383595883275,2880.081711851382,15262.305030056008,814.9383726529502,602.0161191331971,32.593320501522875,28.88656443642926,3.1251124969213535,18.159674812843463,75.34270246429743,0.761855976281544,1
0.17344210566974164,1.370195973296092,0.24165257656104866,0.014487446019177008,0.005274927580346656,0.003707088746462972,0.004137554991900591,0.018066590503203774,0.04915083868009563,0.009067133734723176,0.030175314239306264,0.02908578490708345,0.004434266979405017,20.20013359931344,18.36982575855025,15.819757404474053,2.7510574027906127,5.584064566081092,4.226228670984288,8.668937517174967,2052.7260955064257,12232.465434585136,825.6022203778448,599.4613321111746,34.7791475012046,17.62601986609116,6.1997786587425106,25.38023689084741,58.71145873371309,0.7459648167030813,0
0.17862731907829063,0.7590921038176577,0.2435163228222605,0.010003022029818382,0.011742288956961743,0.118681388197054,0.059589635237217456,0.027013898938094992,0.03635919137828689,0.0027499182191623363,0.0283240053859056,0.04473674248210358,0.005474366353405881,9.659764308168798,14.052502118039355,10.170641828724516,5.153515655699695,2.4231263344196807,2.5916667423409563,9.121178063364479,2322.5723920883956,10592.406560027912,825.9796677136244,535.1816407024614,28.89271984997282,29.823156275960187,7.837864811675166,24.137981597202867,56.980788352644154,0.7134130257408371,1
0.19993141021158894,1.3516612474904497,0.29698099307713416,0.00471648657849073,0.009855096413137901,-0.038325341598629076,0.05830409053403647,0.014325527187716484,0.017661182317952724,0.014922964474478984,0.020934584917663528,0.04224313613911103,0.005440067734386942,12.85698881525645,14.03947659685162,19.12442018864392,3.3578362973127067,1.9621037390735414,3.5944063814176666,13.394385808331897,2159.190549123353,9235.42819172794,883.5168999320174,572.9879273427222,28.83056951183862,20.098605323519745,6.262004333597361,20.71478486960731,83.84065448939307,0.7897728761200448,1
0.18655759048318715,1.3901722730106494,0.17697512645627894,0.003924120876746742,0.008481448003342834,0.10811240969276414,0.03463461884060785,0.0065321433788456534,0.059322793217220976,0.017665062711245915,0.019410736454769484,-0.0003022987249896164,0.006804524689328755,24.419055155924013,18.380508068249565,14.101337429949396,4.405221475384,3.5917854077428135,3.0873665409890716,15.061145622533038,1669.4300081033862,12393.023852002429,846.7748733862585,547.5626710144471,36.77161042054398,29.959133571690604,10.520689924076994,15.763185136549772,74.37712470759027,0.7618746470077589,1
0.18933341963932163,2.0736386933521826,0.3131935777744682,0.007133706046303579,0.0046751262694755555,0.06377771605185253,0.0112306578851783,0.011101552290588583,0.05687580051763151,0.007988449886236388,0.04117730003008565,0.06561277198955416,0.0074009941263163265,10.72233665047192,14.559225655648046,13.402437750404825,1.980049957601962,2.438739622794844,1.8708637547143407,12.00246401033838,2221.9167459462283,12671.111709279196,881.6877536034385,505.81562756406356,29.77234709218446,24.6999188051318,6.434759935585633,27.626448871492766,70.14273953664457,0.764445190769314,1
0.16788278358482212,1.0791277652069513,0.1544381648187172,0.017839349018978698,0.015466088008293521,0.06647039459992184,0.023564945920195833,0.02583837081539059,0.062129143045892885,0.010075616307922768,0.017631479508778216,0.07220685304192756,0.004282311443402082,13.409096412366585,7.609431428061554,19.24760993497062,3.4294173346228263,0.24001162587955127,1.469062439244269,8.760203154309483,2336.2455946492387,11861.332583701396,862.915888350311,581.4240787162014,34.36903820407915,29.121220273766276,5.495614569062666,12.237683733533467,62.85800158650832,0.6417005959275228,0
0.16037668937720637,1.5505822582011741,0.32784812488120574,0.012398310164981424,0.017094616200449494,0.07765135838189949,-0.028862831309434664,0.027020303236673267,0.04466570082175744,0.008266250544958786,0.027692152772290497,0.01088491284354711,0.005207832067841462,18.581312482342646,18.00968118551621,7.955078500241326,4.524431914134953,2.53225942068817,2.5102760643306654,8.76783310830319,1757.526352103593,11828.12105500634,821.0871687726541,576.938562429264,30.10308845941124,18.497601894830108,5.592702124916407,27.077102074885033,61.10585745283823,0.7456033578213761,0
0.16815288088695893,1.1274203723009932,0.30782615159884097,0.012223765806583369,0.02072291935037624,0.062029097747151346,0.040466475654571774,0.025948543733972446,0.0698828379453365,0.005768008471111562,0.039380948993931394,0.03010915688562628,0.0055004547759192335,11.77746149062164,10.692936354068289,14.587770204254232,5.386412037831158,5.807571936473757,3.8339955773571663,8.990023627637905,1783.2999128449387,12966.856461294923,845.3249652997899,556.3665876030453,27.032362263638227,33.64031899320915,7.035814696363244,22.295870972971148,75.14636452170896,0.6998791768044146,1
0.16664440887062226,1.2972018888217598,0.2845773352607403,0.011523112285460206,0.008332589666608603,0.09962434249267071,0.0055119558590545625,0.006391650216989208,0.05967472087807128,0.008473454232407175,0.02817534509845298,0.030411803544693583,0.006182960011955137,14.407328829855679,10.578098923188978,17.301639091907415,1.3004901513279044,4.221484277111665,2.4002740033880996,13.973737894778283,1823.7646175432878,11900.79097768244,804.769574855314,589.9870011195114,23.925123382048376,24.309839012656862,4.675448119158949,30.40043324669733,81.83342005738352,0.8123942812437646,1
0.20642608064546022,0.8048506636397003,0.2915921711623002,0.005706687871108418,0.010360967700617386,0.012753940958225032,0.020405622064677276,0.021808711114824325,0.058494436110268416,-0.003836627113011991,0.03335112667804098,0.09857820956016428,0.009401943038833,14.614098619431518,20.470834178075656,19.2317571310301,1.3638694262666302,3.4487934332701347,3.306382413985539,8.870167217667849,2073.6808451173747,12634.517162557964,866.8136275884942,584.692939873371,26.920398627935533,25.744133645158172,6.551851468990897,25.887050578788433,53.16016663647321,0.7651589269705019,0
0.21601022363021707,1.276169555970023,0.18750748974951087,0.005872134864611282,0.017357579677905195,0.09862836525084509,0.007161163616773769,0.015634851367344563,0.04490997363588625,0.011083598210614415,0.008724090487912369,0.046104797158088136,0.005314011548795536,15.470882345868212,16.677106602401846,13.74606196394684,3.4387262819134436,3.253083866018816,5.810364590845704,11.208902802380765,1680.6866707286108,9539.047883645499,855.0430438378479,592.1028133974313,30.207452979999598,29.52381950864507,4.814207146419037,20.782288748146748,38.72457562116837,0.8130751783560765,0
0.16102166958350325,0.9677406789784195,0.276148432048835,0.012123577256863798,0.007009526861154824,0.16112236195845955,0.024355188161535424,0.022541276870714354,0.026589136771666338,0.00584356052259055,0.030248864327659303,0.018493252639138417,0.007006178506673325,17.586377136806533,19.3810299583583,13.200119132095494,2.8548758920044675,3.0487230821298654,2.6189691507439887,12.622584833590267,1871.2177331380465,15888.096587603797,805.5391695456697,612.3064355071219,14.615441989942967,24.998683993665786,4.77150213978972,34.22649482560604,74.69742381627559,0.7839305787378926,1
0.1965209434288301,0.6894782333846655,0.22819642229105527,0.014735949772787558,0.010594179787677214,0.07652216001990185,0.03389910184824375,0.01891472157435152,0.03301476229304077,0.016381319939367773,0.017872800830690806,0.04668110903698738,0.004583627677280835,24.07324583661539,7.759376123615658,7.153218286374029,2.1924758137335347,3.3798636335462136,1.07595506608445,13.015722570244947,1980.158134386058,13652.257267645904,854.5575659127043,548.305229432774,23.46876306972787,19.98395990068174,6.7733802680302775,27.140811557347355,62.08356447299353,0.728061590305926,0
0.19554814705529022,0.86628727598615,0.3502506259814595,0.010101541111889087,0.017855838163530733,0.13867233633266826,0.005785147467416707,0.022274050789916205,0.06052174881920008,-0.002762700760103749,0.004728792046642442,0.03695832156241767,0.0059921749814098434,15.093980959927459,14.255586019895585,17.25831236642097,1.890734143058921,3.468772749293342,3.014020764548595,15.28978136754637,1698.2808348956055,12190.920935117658,841.6774770571107,580.6610565653821,18.240000727267,24.0521613167425,3.679420617416014,19.711744072212216,89.55142320501238,0.8521328966781143,1
0.16741473212614422,0.9163916169478037,0.20226967531106158,0.009239036622347138,0.01895127663755995,0.14228075163895773,0.047550951069028416,0.03110911144734433,0.02110182554629866,0.008866688981380003,0.027499383929448385,0.030860489700302536,0.003460153825344906,7.763019539705297,15.708558951587543,18.90714459732764,3.157739972776818,2.757829300245199,2.0060349092579584,11.69819497453144,1796.0192165724754,14304.466771129231,884.7477484233408,534.4867139682813,20.852021307005227,28.483174202855295,4.853033073505818,25.518066420384226,48.87211309515614,0.7782604145726891,0
0.20015027379673844,1.1843921922489824,0.250684486465948,0.013831728220862736,0.00884174237743178,0.11973577892957718,0.044702642261081824,0.020195458447981818,0.02361467071621256,0.010047131802818866,0.012769268950878553,0.04250952000608102,0.0072248233058307505,14.625312141381382,18.06768064592594,20.565003495693404,4.085699124666632,2.1534593629739502,4.352065074643379,10.725766830386977,1826.1978291272553,7882.638627589416,813.1194028535765,505.3592930582204,18.0177325771706,25.128299245493604,4.505800266471121,26.115056784621363,47.216952745976876,0.8102910206077073,0
0.16982072748585003,1.2681855083986284,0.2322789389638301,0.007253138627986819,0.0035251328074169374,0.02405772540908077,0.0019288274087267444,0.033469412443889957,0.03374142065619972,0.012164864640218178,-0.003360696050212629,0.017412515775870885,0.0052330439621522265,8.32154239153462,15.258589424065937,12.03135403157129,3.8689479676194547,3.4273288495729757,3.221477760806175,11.525260882675152,2039.5175864195455,11671.656762092713,858.1193465877989,551.8717247948721,18.570139016613744,32.09242516301737,6.962705177763759,16.3986642467652,51.154444557701744,0.6680379496202853,0
0.17482291199260336,1.3452462510978094,0.23114310041146652,0.010503605553579836,0.014687393523032144,0.05238159424553822,-0.0009011281481287083,0.025011292760645766,0.03659552416057642,0.010232306365770948,0.013752274172223846,0.02652370299061258,0.00559911003464555,21.093326053944605,11.149404463841233,10.00406548519171,4.149755650508368,4.413261455390803,3.8366082433985564,14.502082706178992,2196.03121120162,13143.991274785369,838.9174848614091,595.9574877666979,21.15394794618373,23.755434412835328,6.865014467308952,22.0548767866949,77.79030400466777,0.7853147042652365,1
0.2023479763180492,0.5269365223509256,0.32955579004071256,0.01172652651855039,0.011141631730376083,0.1082289797677464,0.02631421996334576,0.011906533152051198,0.04286811922142609,0.004451953160484847,0.0115532273670675,0.029503393717467057,0.007503126450804342,6.518418824418889,11.304317203846484,4.918528447884174,4.354751387992165,5.526669509116254,2.5274045856012517,11.550113931311188,1698.5932163375255,12576.979688532492,791.1271146181434,576.8595318095298,18.69410027863534,23.257551486154124,5.116259341604006,25.99906700162861,54.66873027126203,0.7786185247671764,0
0.17581372360841277,1.1125386890259856,0.2809897184506392,0.010499008398655738,0.00868281921390256,0.11728080439814614,0.018681257382151886,0.019057309292350992,0.05898592996750632,0.010613644538527419,0.027675090818172977,0.03904992912205365,0.0056415946913617185,10.601630932926817,16.264383287578337,19.350890873733853,3.2332875563754846,3.8012039133989766,2.7882947677254513,9.031258788812565,1862.3284507629521,13101.485383065095,850.5514609831306,537.8996435677584,30.95873868163587,21.81628188530596,7.377926408084614,16.288089874802797,40.69224897881952,0.7680262058120239,0
0.16859297267172638,0.44414028316153875,0.3395395934051277,0.014895423674170374,0.01161252850053506,0.05719778922263878,0.03593145353388616,0.019897943996090673,0.019475152493942,0.017720463317620228,0.011464337152973935,0.04472454890330254,0.011396080913634853,20.53636486001902,20.162808601802762,14.062592562543589,3.0433087202617015,3.237587933628703,3.210270046502389,10.564899850236186,1591.5090355460563,13129.301443007114,869.914107361191,593.2292014038985,15.407397458899615,22.366503335326993,4.640830690466413,16.434383743140607,87.57507710047305,0.7736802917893789,1
0.16903462410149844,0.9901350371732788,0.04001463549007106,0.010972538620553956,0.006397910405318054,0.20014564805868784,0.06738133007356521,0.01360806466249842,0.022711393726529243,0.01234265628452562,0.03189129781453466,0.011774398861940826,0.0023674669997320085,24.165570741992248,23.667206696921316,10.919884640268986,4.743391665856736,3.8280124654736682,0.9881852821994292,12.260655419633435,2290.9303334010474,7936.352887355718,833.8868075375985,519.7205126149559,31.12021756123614,28.003637226440745,5.743733994304829,25.653013895562122,83.10907565598005,0.6797932184364385,1
0.18498617191283456,1.1438499764378653,0.29618908200853294,0.00862717629262785,0.010753151874137595,0.03429437775904126,0.06488622229486223,0.025424239695321017,0.051763145288717304,0.01256804647207611,0.025106761378588076,0.040431903207050146,0.0029631560279814216,10.45183913627649,10.571738011233673,21.099715996164157,1.5000794598099265,3.1770415709157285,3.4399070631651454,17.44477773025954,2402.737966822013,13337.463461710568,864.0507376889119,525.6128364925564,25.890867965584786,22.829011910280848,4.949179776251247,23.12806733729277,66.22330632042909,0.7529316042195423,1
0.14966714901158418,0.9160844031065859,0.2560555952004075,0.005213768285533254,0.009174697632244037,0.053127341304082504,0.04439198995249783,0.033345061333378376,0.01751599806106044,0.005122335321926841,0.00832790514385641,0.03203215437380021,0.006449198953416519,10.733909409290602,19.991522842891918,13.01129857877234,2.8374977289460586,4.369090219679713,4.422225017703166,6.137549279013477,2167.758930223502,13686.766905981463,877.9025741437409,520.2340081942976,24.5031728015257,31.16525502242707,5.650033722176672,18.770559727829937,82.43687211491913,0.7501827612092049,1
0.1837941233522079,0.585983900987056,0.05904561038434619,0.0026137078087823317,-0.0015630628190521894,0.12484669828562336,0.03215398898213237,0.009915669794688543,0.033307922909394085,0.008269478641099923,0.02707678244027243,0.009930691484014188,0.003739766735262103,14.458330583777053,24.143126312209127,9.971524563409034,3.5847714740661294,1.546081202483452,5.582538918202713,13.615408161763483,1838.392195559562,10446.575818281177,838.8283844373207,516.6604239554754,30.404077403940136,16.130125351779498,7.658007507015174,13.57402734596046,60.93101257968384,0.7075827747727846,0
0.20435918304611117,1.0537976252058936,0.3445254173135317,0.004473633126145676,0.01211169619659304,0.019962237651005563,0.026990637170100355,0.014306485764188625,0.023726708497248946,0.007180758340700701,0.008310190897875002,0.02697401920460585,0.006873535502220995,10.280296783337814,17.179731619496685,23.005593428196345,2.1434301331884873,0.880817133313085,2.618676524567902,11.899243785698431,2238.3280067752544,12638.254686138076,865.3963315126256,524.7827167102741,30.519310132439088,21.726534631271274,8.26671760791647,17.521476997007184,79.80983792097311,0.7154093759563969,1
0.18817214615403535,1.0512568470885337,0.24393028394519814,0.007733179567779789,0.011942424559616775,0.052467389298500186,0.039427825255299816,0.02115596738679908,0.038998388022870666,0.00913593324053297,0.018094748103799626,0.043484966168495315,0.007844346913014173,13.910158075196353,11.940434736790897,8.95017485666412,3.0281665850819204,4.889102704488185,1.8793256084510697,12.833528428415544,2045.2057573651582,11373.262737429852,868.1291283910475,586.5570381373349,25.206932082306395,39.513251312468604,4.790446984931377,22.188902998987494,86.90143991711112,0.8217942900998695,1
0.167755265309845,1.2204791607524341,0.2830399129710238,0.0044719297252302495,0.005149866863177854,0.08598957890598607,0.024736774558803465,0.009752492499236098,0.041493716852737714,0.016296418557180843,0.010205842617848456,0.04075967344301882,0.007436124087674405,21.50548346732811,10.295320236785573,19.556311415189118,5.781993200789377,4.1214153679080745,3.0396433593007393,9.579233742570652,2172.4240787376516,11303.18834099117,827.3115474681267,616.9003518641929,25.79074806711605,31.46203450455777,5.837271657241276,19.476999391756124,95.23029856408026,0.7111837933376656,1
0.18540114716782843,1.7162577843690188,0.36622044361009465,0.007631036620748741,0.01613201658665262,0.14796828183048844,0.059859052455076556,0.012716096867582901,0.049494842096797824,-0.0035378284683605394,0.022410760788032953,0.009788187936828105,0.007290593916862086,19.999955025298057,17.725704397552704,9.692635135381861,1.7994890519460756,2.5071941668671895,4.393967380811408,11.069565014967962,2149.570907301268,11475.294891679963,870.9437081621907,632.9203707483216,27.708809970565873,24.887943785481184,4.44042246348156,25.336359960994173,74.2418175935532,0.7766761600932084,1
0.1459225682634656,1.1189903091740678,0.3195018000472617,0.009054204653056563,0.014211584340822427,0.06838342933786952,0.022343650380265,0.009811948024092866,0.06871712928171796,0.007247330158996494,0.029392028516620473,0.039978288019288294,0.007266390357343831,14.840330549745946,25.17374579076295,8.07810927893155,1.737130438748917,4.334789232976402,3.9826504074337965,18.91135292765248,1198.0989068347803,12443.622296661924,808.1656426570294,503.8478453007493,16.080083980823886,27.33135629886619,7.875992261679223,16.434549861850975,79.87753227153085,0.8418450499406218,1
0.21517240968390267,0.7735060272403099,0.3165293428944323,0.010062728945886498,0.0030346180104380525,-0.005734276390703605,0.038620193842601534,0.016613309461162424,0.03462756752123872,0.006403391565959132,0.008580139293073186,0.004702223117945829,0.0036841326005373877,11.957040972153607,25.819881666507904,14.107088652428873,2.745160197498606,3.257881273361168,2.1577319678332625,11.530486054197434,1967.768073548912,12803.45127545232,871.6894153929347,602.5316758308479,20.137262348588127,36.33244827490846,6.655864826397815,26.066437280084504,60.124310853991076,0.8010133045268095,1
0.14358793398902964,2.006110044184256,0.22644353939295728,0.011351822216580102,0.01170784940501256,0.055712277234782406,0.04067390496012386,0.02063383392637718,0.052204700113879926,0.011925275839689171,0.02263819085679341,0.010337937057117014,0.00662326859761485,12.428952778184868,11.430235439202233,8.979565249144017,1.680194392934862,4.955811218897068,4.346582352689137,10.261927519964402,2172.65483646322,10322.028874540687,843.7060551893641,503.49286394137374,24.182497762263115,28.565866210628005,5.204730475236396,25.363225560235126,74.69498852389472,0.678247016277889,1
0.1899644349699357,1.0163638759124032,0.22850833973522058,0.009632172869582937,0.005744004316831611,0.11288401548243022,0.045815186244650585,0.0267101780491777,0.045662616446390504,0.0002871471428129678,0.022353171684846372,0.03370793312935522,0.0062200696478656985,-3.17600113770051,7.175727875222697,15.99689960327004,0.12325100730296512,3.400239256620581,4.119592310283305,17.351742594549446,2346.3770742827573,15349.60335587146,864.3682056679789,633.0851422200149,26.923244895328953,19.645848698926226,8.21895666662769,17.896652402782184,54.672467297840015,0.5726887060594843,0
0.1709997428400837,1.4343616804658597,0.2714274910293067,0.016685390301749904,0.00770193243060773,0.1263708703126234,0.04129552528628301,0.030618166459897317,0.029139561072284208,0.00655172247549528,0.026485467476329978,0.016481246703923456,0.008580850649233725,20.937959090090065,16.941371274632168,18.52169300573798,3.4457507208373612,3.508712529311805,2.6223313887860735,13.423751459081833,2682.7567645630597,14436.515845239453,874.222895508868,559.4363464328014,24.99433084933611,22.277614541120705,7.05848354885738,25.362748372839683,81.20295631711899,0.7306392096694718,1
0.18041772976591922,0.037204712271343254,0.2568888694607182,0.012072406808119903,0.008134851451986485,0.027398174862842427,0.01991154633405661,0.029954151904494745,0.030860163323495372,0.003881275766718654,0.03178087368562175,0.011875637476146107,0.00833439196671819,8.553089554483035,12.549045468856558,8.077016876363256,1.7757237421858274,2.192210319647282,5.053591949763698,11.296431221757043,1865.4528707400707,10114.258329220616,886.6171087703526,610.8721200109671,27.662457002005972,22.290884693643388,7.151499835275425,21.837793855603348,52.31111309445169,0.7116630580946401,0
0.2338606732796099,0.559891558198516,0.24540837079407712,0.009047065299777531,0.007465485626389695,0.03920668761582882,0.006925873527392719,0.025032323845324965,0.050250872567988034,0.010170719466701061,0.00984492561186679,-0.004714678738952545,0.007485806610867198,17.224374583385615,15.072082813177744,15.276152182405557,4.93699609359744,4.040738119284027,2.5870162078692696,11.652003821518242,1977.2856789176726,8935.635167837088,825.0822843898817,610.4030444955365,17.299013779139376,26.064291576130522,4.392397910449487,16.6119051773792,74.3981895980303,0.8095225409721913,1
0.17575582060197695,1.500439781802924,0.29534173809473435,0.012075172069806885,0.01736810971953786,0.13448135975217146,-0.006265869440343172,0.005013645028507881,0.031548631619575634,0.005265086171913259,-0.003048571725962887,0.0018828062826906876,0.0064811615154531845,13.20122491697184,16.663526471870913,16.57686448063695,1.4429271278630091,4.35373748333677,4.036893736513207,9.015848177892241,2163.3324001007036,12803.769326255093,820.5492785152877,567.5318314316902,14.849209755621766,20.91753122142903,7.887274662377544,15.839957730134119,71.38715798671737,0.7610730781918222,1
0.17096681047680753,0.41243074303356664,0.2735977164567057,0.005830913647811006,7.547245524708833e-05,0.0875329151990689,0.05538511343797241,0.030467127137757635,0.039930383028535965,0.016177158878784004,0.01600929460756907,0.01317903139203411,0.007254656240547619,10.699987624388491,9.944814349771347,6.405450219855593,0.5189467496089466,2.097521356666314,3.8491814204248618,10.08841584822133,1645.992825770448,10840.480246551955,882.6810486687511,521.0797416516182,12.508541922812942,27.858990617075573,6.876528837413043,23.313747750754384,75.15765927133748,0.6774215388785276,1
0.1767441418785541,1.0867444413024931,0.18781028121232746,0.020157526491131447,0.005673707954573925,0.08980162129494804,-0.00864130317039919,0.025400178017231406,0.077283990517747,0.014830626627651557,0.0276339307958197,0.0365525243465683,0.005060084253653697,15.96096124729348,18.98467962829298,6.196817783312481,2.6915221322199203,4.32072195137117,3.23545294057314,8.518879646796,2112.2939268639493,15960.39268337918,843.7900938854615,576.7788140085428,9.0137065876981,23.638471245047946,8.301430462955487,25.76262831580422,54.44415329089545,0.6062085514782005,0
0.20839206009027272,0.861259613549854,0.39950542724350824,0.008284608297575706,0.0048699094143977405,0.07655615217279238,0.021347249673329433,0.015084555861930955,0.026746170330239294,0.023574084697431608,0.00641743013877513,0.03230304628880951,0.00960882165339685,17.7143186017911,24.100174063837198,7.684493743751506,1.8734597897714667,2.725024736965044,1.9679867777327436,8.652645865843546,2107.8569480840965,8501.674396283835,817.6188246207804,632.9127307660168,32.028260467798795,29.537289511938138,6.5377051951401945,28.42514413673829,55.184339330653934,0.6678421932931571,0
0.19513577359973963,1.7101562951996059,0.13451165902641882,0.00492745278009875,0.00322281051344645,0.06596613197278436,0.07074421279436716,0.019818657564919184,0.0642285500726486,0.008477709894258853,0.03172274959608068,0.01661806479724573,0.00840642556458457,16.63297979958178,16.804303047828405,4.5985869137877415,2.4383993280016396,3.530270976672638,3.85213113091751,9.920010286194355,1599.8100107036325,11313.848138517204,760.2819565538639,587.9209120231228,29.6019722569123,24.747732553913412,2.309072066665903,9.546241308495896,71.53206281931595,0.7830031259414731,1
0.20250869568829538,1.6282442239916746,0.32089529508678366,0.010312470940944066,0.013749618576246963,0.062132230626562396,-0.007497841280950664,0.03378142680497613,0.026529207042055143,0.011183585605131966,0.03112292449891728,0.001470721771525095,0.005153126833641445,7.414634815471837,13.068814556443163,25.98166117261261,2.07993655729022,4.6532929781568,4.247046381713984,8.78067775770397,1771.3684419836982,15100.157647922184,867.4167717521949,622.8140734145504,32.379422004946484,30.494849979095687,5.6544906913492445,16.9851367151839,68.55637858804951,0.6520484796009848,0
0.20339179984855546,1.1691115819107818,0.16311563343055313,0.0052383690573020395,0.00789092585789327,0.07937209225683624,0.04887431011512089,0.022802359460024943,0.04795055513146308,0.013049756936659888,0.004592421916846376,0.03518839982526318,0.004195523594570467,13.416711176316781,20.59270704667975,13.357167418735209,2.7857600421072743,3.372338261115513,3.6021989513767925,2.3611391684549314,2159.118291777426,15019.403638375292,865.2622215942163,569.9032111303851,21.075609236758627,24.80365775701522,6.297999379055968,16.41780234249873,44.7348470058894,0.744874615367052,0
0.15347055743377833,0.9871325747491242,0.07253217919591351,0.005283567142548608,0.010854594845391452,0.06512719285528022,0.019798720998078348,0.01750106264187954,0.04018790709151699,0.014208161278825376,0.018298274685992162,0.03659267065615583,0.003453489096386281,13.230243061631159,14.192860509835915,15.416473187734038,2.2985856998741587,1.292128899398426,2.999386221152595,5.07009419868468,2416.4270097137833,10927.591438919673,874.6131443249062,516.7204942118585,21.053516936352732,23.991014484991954,4.6820910398599755,25.706869462386667,56.94089992898308,0.6716745653381723,0
0.21510951396630978,0.9656289306728978,0.3383146837361526,0.009818982792142654,0.016471163872504677,0.08131332926989009,0.04762124374761331,0.015153714353999186,0.046509702246492354,0.013231600815679128,0.005669595953821459,0.02594152086931544,0.008325805145088279,20.379670613503997,26.056665143007663,15.59297211528437,1.9241041412334792,4.196265460317186,4.590606316617979,11.412624896579834,1902.6702254754541,13728.614117703082,879.1025795853194,590.8128498337347,36.16689357961678,33.90545997643104,4.75297778954803,30.232757103115212,67.39116045664954,0.7698528139328674,1
0.15361505610802464,0.9217220491211744,0.3317212314225491,0.007422638931912064,0.019155760588808704,0.017646790160554038,0.06728097060823517,0.02407689736837177,0.05652291232081032,0.0069700497695754406,0.034198444873730534,0.017853539090581697,0.008345395154370135,13.46502977058299,11.046446902557166,10.939214347329663,6.191877112135884,1.244346363753747,-0.13794044253963333,13.07326525028063,1860.6594101667304,12410.825394437321,847.0878453955434,644.8044642002575,33.707974860232895,26.611975475634697,7.894990888676864,22.47380537930998,89.15402117702074,0.8118170072419105,1
0.19749034148265043,1.139871815891251,0.2723267086676148,0.005069838755118879,0.018009658347697716,0.0568332334348315,0.01530657812646281,0.01542323007011567,0.015068760676811472,0.00960075423256102,0.031408959771502744,0.07615376455470901,0.008112060743131429,12.76772760872476,20.222632149090703,15.041372471711602,2.643279176777369,3.708145036582644,4.473658246093361,15.020650736046738,2584.3672939405283,11571.343867710173,855.5700867713346,556.9363629805677,32.88321453525552,18.657704395386144,5.741688385267067,13.2139262066925,81.13517345251248,0.758012454286937,1
0.1852088452666711,0.7427922751705085,0.288420840112474,0.007435542959101421,0.013845082189125836,0.1000596232732102,0.028651068828896356,0.009727481124948712,0.02254430092944715,0.00337421422401119,0.016893707601631194,0.07943867544863714,0.006991033048289791,10.54584159934609,16.22387420555849,16.899167275185427,4.827912261501744,3.1548243896488763,2.1922501695084886,11.440160334814186,1146.087705101956,12869.221431097847,829.7235869167628,625.8791720312381,37.27007814684263,27.508723083554834,5.4175821619528515,20.44771768558967,79.22898290585896,0.7562520662371126,1
0.1761794447479966,1.862162845235318,0.16681547751784925,0.013267348045723925,0.010279509858688335,0.1212343070237173,0.030210914234820512,0.033773350295283416,0.017541706451048588,0.014852313184533332,0.011787136159271407,0.03965697491496217,0.004259673684440196,25.4942061517622,10.938093226549807,17.75699171389121,-1.5157837744702753,2.900967021080957,1.0243527048675323,12.511341151238899,1719.9736199869199,12564.435509941286,871.2374001716051,583.384801935742,35.41300510504311,21.495501893959663,3.5958465328870854,25.398533983160434,57.23884024279131,0.7689067425518052,0
0.1739254794244667,0.8864985915502286,0.26558738722161107,0.008914740087726811,0.0162720100056036,0.0994794941301511,0.020216876496315678,0.016648330267736152,0.018083216739920843,0.010002799961698478,0.01339852132663524,0.07333918534493931,0.004121893712596058,13.875402302223241,12.597898902982529,12.36114062027287,3.6368228995795038,3.7719603599717386,0.8854810580105266,12.48790340970053,1945.2773897792244,11838.767270369835,865.2900182639079,597.6377607969047,18.323675580538367,19.175957210698655,6.036071653678599,21.686588285257873,57.54420843301213,0.6503871787576083,0
0.21322940331456036,1.0523171198210215,0.3402224200507119,0.0065911014280107035,0.007581404296544686,0.12446442684093717,0.01911407707371416,0.022321945046423278,0.022907507164898686,0.007953398927066573,0.017371595005376068,0.03504426006725727,0.0055052141201051286,14.488668248912038,20.766638816984447,23.346917297738237,3.771199049989679,1.6437917353477798,0.3959369106729098,16.015139711291873,1590.6678323446217,10417.54564670603,891.3706972291387,548.0845271401644,17.962434564238766,31.49612212173147,6.95336580518356,29.969762962527223,66.26565029547757,0.7195477789949299,0
0.17456689779347892,1.1604619195042776,0.2778876095888784,0.010364374425023653,0.01452135374019192,0.06895478797904483,0.026614511233347505,0.017926839039917555,0.040286728443515205,0.004598664701096536,0.026834146735600306,0.014562192496280907,0.007487021340669193,24.238300014712244,23.100793424783536,13.697847067524435,2.949787784509641,2.6647394095552346,2.2146693860588234,14.992051969654577,1476.8649059763818,12862.664372706095,870.8867104768855,562.6671112257346,28.964040784761774,23.376308226395285,5.462175750542382,12.241463518072834,67.78451862607298,0.7221785315318856,0
0.15704617220368663,1.5653894928069625,0.3332049455922061,0.013334412819349394,0.017415726063303674,0.023515809859878514,0.02705614498463977,0.002178849180151713,0.06420332190730638,0.010219541509385784,0.02832092018373946,0.03698024537256159,0.00943023643635756,13.029547605097115,16.571446577393537,9.264672001404616,4.046081218067902,2.5098831150883623,3.467112526783996,6.639032970567623,2357.011625962113,8703.500562573943,858.8299913540953,573.4420071140286,44.54562019077921,29.026509903620195,6.095273336590349,18.62716721374225,86.69672548830039,0.7109185863724903,1
0.1871122669757132,1.532076724745044,0.02162986696764871,0.007976135204048579,0.012645937366658552,0.16937596456685894,-0.0011887155825245112,0.001570630937523243,0.009848941107331585,0.007052105020319362,0.02587694901867812,0.03057131525555172,0.005746024373590039,17.263812939240328,12.654646910280908,19.114296113916758,3.4619423281204433,2.437057245429869,0.9009404307817483,7.356478616164015,1656.1724118640714,17885.505292010872,857.8044573033533,547.6644465108293,25.09596855150869,30.01288200287339,5.929705782205763,17.64438217683095,72.54794181984364,0.8139929160937129,0
0.1834367867958706,1.264195849589392,0.2696866892253127,0.015513869421815232,0.011443405756010997,0.12558723421718462,0.03136644259879635,0.033048347633193295,0.05345513574398844,0.012612226054633472,0.02473217065811983,0.03339370181715502,0.006905248059960242,15.252355268417308,7.444532257737383,12.165118044978605,3.7563858667262275,-0.5775131969564677,1.8753361874522838,11.951778341513776,2081.926657558967,13538.412694995097,876.021986244678,565.1655188877996,16.451938942784505,34.71189838574334,7.647573494095975,13.108609493724664,68.08696502797352,0.8089059292194957,1
0.1566444089746413,0.6513027482945977,0.23866811311918984,0.001504209669197341,0.007745579554805507,0.05628298711902916,0.02425780990275314,0.007486438177607132,0.05183142036906195,0.0073680456744466116,0.018181399342098382,0.030362369552517424,0.006946393166450453,37.39542125512878,15.53593232391208,21.691248153810378,3.4041351780823517,0.13353243218211297,5.029161263631372,11.525717889422426,2244.1069901122187,8119.139548983279,889.4284552908857,640.0775419519387,12.884084335726019,18.072178680503153,6.715166537158093,22.18503340133657,74.9305682462887,0.8214387764871804,1
0.197907108615252,0.874794251095948,0.3037555686251598,0.006074696253930141,0.013486136107925432,0.018442110951153334,0.006248936664499195,0.0219821732772082,0.033603354717438416,0.0013115690087732827,0.014132552392699883,0.022801889256335035,0.001678174794466556,21.944000518097884,13.766313597232624,18.62961805824201,1.229060932057334,5.330392215674742,4.588307769863343,7.72490247928898,1768.2447572946817,10864.823290030501,852.1998978475191,658.2667382886136,33.01754123042603,29.34361628086984,5.9123553698358045,25.451803122889558,47.58732659930927,0.7823253595467822,1
0.1931849133686481,1.6330764215548292,0.21093809260387641,0.007063066712115849,0.0177003392324758,0.16079429975661777,0.023743270538969553,0.023051508358749726,0.023047455750062316,0.009720517666932023,0.016319417178563195,0.04299162663292346,0.004380866395820856,8.684823232114669,13.3597177466162,11.770459133688517,2.3543779369690734,4.197692008466824,2.6526757590820567,11.062515365576216,2110.779660396857,12793.411383027833,870.2928431596276,555.8442539541718,31.633014172972786,29.312523666843216,7.881984067390032,26.787557441615828,55.48521627944827,0.7053044131775108,0
0.16333887885998483,0.4125983146247785,0.3021864270541344,0.008555963106989722,0.015475826241650703,0.18338448305877497,0.02940622419428043,0.029765065890631645,0.03976198353811544,0.01107515971471728,0.016789205705407532,0.011558939056451462,0.004745926981700311,11.966680296247166,21.586756523260057,9.945015199619965,4.660967504011161,1.6255604294931596,-0.17895205153231153,13.722492625091554,2543.867065982278,13851.524900913955,878.527663555635,612.4799572886692,23.08735435502957,29.21775204584447,3.335595548521725,20.167599367863495,74.0842861116417,0.7494528602013478,1
0.18784831934357532,1.0629803196568939,0.2913557212598697,0.018740379580144448,0.016312717423075853,-0.014285199900298015,-0.0010607055567964131,0.020330233071930333,0.033913102578920974,0.009430876138462616,0.01738054993575646,0.06725519372760565,0.00844927746243035,15.217117044082055,17.373019615173806,16.2129796857673,1.1521969678003796,4.59156278877537,4.339601740480159,16.16932588596236,2065.8714068423233,14807.23933705667,814.4952435287253,511.2141143963859,15.648603985424522,23.888566631550486,6.505858368751466,22.164641833784746,46.39586634716048,0.730816006394183,0
0.1786564341990129,1.148938127392724,0.3419737615102998,0.016818368373189507,0.006507953910187237,0.016198730010180892,0.0122857240040062,0.013742269562682237,0.05831307608516688,0.0009363601746342851,0.025491266755583653,0.0075095664077220944,0.005812308767553267,13.756382879587337,15.769271144367496,21.16519566725473,1.848406285847082,3.9568979400829334,2.9020339324914075,13.595096201969582,1959.0143925567284,11777.191729195456,873.5286437718312,516.7409828783127,30.191523329663767,30.13071201617983,7.139884832011961,25.899610824142876,42.48460575809556,0.6456560619482428,0
0.21038567847283537,1.4203190289094652,0.3001290909810457,0.01033194967525004,0.010277613956237736,0.05693065273750893,0.04122945259652266,0.026769940973750544,0.04469856250176231,0.00849732007410616,0.0063378840909777395,0.06506750397448631,0.003689983005200195,15.942394955447432,20.801240659148093,20.23924528444875,2.0000710837579163,3.584797737098576,5.344334729517264,9.374372397663763,1784.4204792957403,14211.870923915418,857.2123364100597,597.1178976235411,19.902194415632785,13.94216211442718,5.5359762419976235,23.95507917421792,83.46448209496975,0.6207965931837771,1
0.1797582210430789,1.62324733003486,0.1626699862272718,0.004068062272070327,0.013509366903605059,0.13800842625503268,0.009495618285251337,0.006851213355955881,0.024631289661930143,0.013396865852870605,0.02856048094775513,0.021555986303905112,0.007695857506710564,16.436482863745436,18.807153120304466,16.710597100548284,3.2908829197223035,2.5827984925652743,3.8105611963965567,12.05286393293056,1862.19946278423,11954.372611904155,858.2344872288527,636.3995004646456,39.18249379296872,15.726067742695824,6.661327202162471,27.041847169173057,65.5364179660784,0.5901620261886126,0
0.18500400412503387,0.789698926543889,0.3062742333429847,0.012214278124271174,0.017638431472582147,0.10033961082856518,0.032777120648617604,0.002315845743619274,0.020695718464989042,-0.000877743884937849,0.02404941353815343,0.046517053396554195,0.0031064857873430696,13.606676142877062,13.404519828744881,7.197832660974845,2.764232250104748,2.6800673799210792,2.2677955797868137,10.366415649195913,2286.948942752461,11383.371261580305,859.277508086573,611.2604690248969,29.531559894232213,29.31729738152629,6.832036572734818,24.082959332520844,50.377247112949576,0.6091771364432303,0
0.18482643869833562,0.32917398142285803,0.26109161469680675,0.008464501034676868,0.0072269094902496995,0.16514213668203584,0.02801371324415936,0.018820189053926222,0.036365329247681884,0.012094558056863932,0.03972579904446932,-0.017551396598542053,0.007393861269925516,22.412220143773183,20.953643244899226,24.269170787511104,3.4448757557262044,1.6848716527931522,1.257979693924129,10.485065294978103,2262.0274459841976,13159.953153914517,832.4417983038657,591.3322071752194,15.410366146576397,24.659912560471085,3.584936100936105,25.278586105357995,75.25054688839043,0.7520450080955535,1
0.1510281717073291,1.7247934954295787,0.22606545820580523,0.007867638391936667,0.005395538587469195,0.08178776990728547,0.03822715262302878,0.014389108690190028,0.029564666854018568,0.008734565794929447,0.022671362964617307,0.008243249045727603,0.003286909895426922,24.005225982696672,17.60338883540037,12.354876746806111,5.535679004378759,2.359334176901052,2.3509583090875905,14.68893055733598,2283.5642936751146,11258.038581069319,897.7392643355403,581.9539386761709,40.42264618373706,32.506812524101164,7.400961483027933,27.58101820871774,95.38036566465969,0.7786224496333873,1
0.20820918290407006,1.218773960824148,0.3117436941788529,0.01190660416320223,0.011804189422786203,0.03608856149504685,0.05380949970386964,0.028918776345702744,0.06705518061229526,0.005144050654310042,0.01955433100574518,0.044771320784041224,0.004382411763167138,15.147811434360506,13.303320777919696,22.43079618509266,3.5823224873866097,4.287688263958546,1.6990282368685026,10.941107307773388,1937.414829008638,13048.070034689712,861.4432457595711,604.2925032267318,18.050166137666167,21.72986195327567,7.919701758413747,19.54498012437837,65.98148937207719,0.681419705236171,1
0.19125761720348708,0.3926048542445447,0.16631031319499967,0.014091365886203057,0.012736490001945421,0.05575057043124183,0.035856576871733666,0.03269613262599843,0.029637318866662855,0.014681900673083111,0.0054270071241616855,0.060225662482214844,0.005924214336410621,18.126447562710343,8.244627707742513,15.981361692204317,1.3450608857630604,2.802449619210135,2.459703137272597,11.70263844253013,2232.3689913147377,12398.544425496892,821.5235955772995,573.4883327300173,32.32125070003798,26.02700386300955,5.74374296157528,16.675401235330202,80.45571839903813,0.7447030770989247,1
0.137388670403856,1.433028527523522,0.1524572426782245,0.012861972387077942,0.02964527593785242,0.14359701018574259,0.040617343241342974,0.029158237815976044,0.04946673351109934,0.020155793565366155,0.01569228391319616,0.04918506752898076,0.0024076044893308972,14.915993420111297,17.95181104057473,9.60419091547754,3.5137964845943896,-0.3089027698715672,2.5480022078949265,11.23762253042969,2733.4943901999204,11888.451324640373,899.3147779026727,637.4627340690735,35.12402791520239,22.43032049518473,3.4417598342326587,32.2627876658805,84.91919171506505,0.7093370778148737,1
0.20471564383644308,0.8381542500024934,0.31076119099888866,0.01108968558661444,0.011210812450798701,0.10319517379431153,0.026216196374498398,0.026110709051105706,0.05182181062650443,0.009760071025747094,0.03112046842103206,0.023585072570423075,0.006917200907755262,21.074420150915174,13.228951191672756,15.43347285742767,6.036042804568885,2.5509092350016354,4.192017484567685,10.326673912443711,1639.903864340805,12926.631440770034,869.1706142640695,645.7752114280498,19.63198603751089,19.788448836563752,7.989477325289368,26.510585816557676,80.60084538268795,0.7045260183340956,0
0.1930304398267901,1.2136109644288928,0.255427081113355,0.012638125878356554,0.015408717044075709,0.09412734770666686,0.02081936653642199,0.021279272023745792,0.03593363429164986,0.01331636690632239,0.02218568888873716,0.031380070014741225,0.010416092095087096,11.412206803999736,26.15748167601233,9.792843650677288,2.095563286677873,2.4725888575771977,2.8884757277881166,7.426922789408469,2000.171499693733,11027.332245513959,805.1171352581666,541.5404320375414,29.18838126297044,19.204767287353217,5.564376634736034,32.14777394210566,60.812287847009586,0.7385590559541992,1
0.20803197185892858,0.8217972480229074,0.26010141889872546,0.013035297664654437,0.006329899070325209,0.016471991105130812,0.03754526518684453,0.012899845571084478,0.07149172715524685,0.007651351017552012,0.013637431650139635,0.051372844391801696,0.0042452885296902125,15.482151897642522,11.328399988433132,12.148016302016284,3.934883135187709,2.465548023401907,6.106883181232293,9.174591803025134,2089.2057628482657,12730.58065491781,841.4509147363543,590.5608979598542,30.791037492804357,17.677739724375925,4.02758142803566,15.857706107244837,61.81500697372624,0.6522384485917906,0
0.20035322933687005,0.9799538868253844,0.2660367705130983,0.007162275370686097,0.013822807386777285,0.21732743965281737,0.01843575803560492,0.007756127266420457,0.040071652036655664,0.010171968976537915,0.03512067949141453,0.02745687941086539,0.005111040940244591,10.980398278802895,17.096709362308125,12.255730701838736,2.378992147292393,1.700948332164912,1.6380123867328187,8.74572359546865,2543.6421761923298,12066.90824040297,844.7341581220885,539.0812846052772,36.07312099237171,28.774909720553733,5.862279924393614,17.73850500450201,54.047044676130476,0.5919365359508356,0
0.17648291191135856,1.5367934781808508,0.24516770166424734,0.01910330171059055,0.02146095880416534,0.12119406480519057,0.0393450443036558,0.0265863195279051,0.04068409369076151,0.009630076092318656,-0.002075475656713552,0.04584274798290938,0.00563667814562839,17.95135155537661,14.737229190399033,11.44864550844046,2.788289520834246,3.1068470961885217,2.3325446955193088,10.455541012807876,1394.5219540012918,8974.742451744949,849.3789699064941,608.0331639930001,21.363468619665902,23.24878332546068,3.7412709009888525,23.131147738077583,73.48956094945345,0.7347779903928144,0
0.17087758345051623,1.272425097108433,0.08277576809174747,0.003011113332138978,0.006505418726359031,0.07652980325734438,0.043585876399646985,0.004350261065582207,0.005158350845880719,0.01801933033633933,0.010235744602684017,0.04636627472639924,0.0053006025092825,8.972088244881224,12.974745235272236,9.13091001450788,4.888567506095857,-0.5504534362595424,1.0029758379371794,14.825246566093112,1953.967289805346,11690.882360224521,857.9484580359061,616.8000393806017,21.03342210534839,25.574247290409584,6.3024494060102185,13.004853609805409,82.80991867735032,0.6837980036295676,1
0.2161861269946622,1.0012271899528087,0.3151184688158193,0.013145624847983267,0.006504803877340704,-0.04410254292586192,0.06234089849043365,0.002988595257327583,0.04547229162331411,0.01183599899387694,0.005498368329632981,0.024131371953733747,0.010089877596062053,15.990393085157997,15.398942157161619,20.19881144802391,4.096556288078303,3.0547593335782803,0.7147942360446788,15.395035611003653,1760.2591397430606,12552.15801109631,827.0869149643596,575.446887421504,32.22630496878555,24.365067828600427,6.874817662181909,21.303558188852488,82.2745993460413,0.7321461897984005,1
0.18765977969481856,1.5398447954064851,0.300877420056939,0.008596887177593784,0.011516199484065553,0.0639116516454942,0.02473152729760992,0.008807497577793562,0.05293487870837289,0.0064266794157950375,0.013609346671679838,0.02076048804057432,0.004940443495938564,23.35677042046564,19.73274263858391,22.721667434856172,5.920047693548343,2.4875020745703624,4.1791444801565625,14.575654410310136,2150.400988154259,9253.351440478356,817.538453626228,525.8282829469225,32.430324786534555,29.191119781949688,5.826643737290098,20.88206813429623,74.23096344337597,0.704794927779229,1
0.14828033375524083,0.9874181794563139,0.36145450063479245,0.006108941932959997,0.011918884412020294,0.1005263623790251,0.003419847255531034,0.02360755754663835,0.026213418638398565,0.01626529105121957,0.025080877144207866,0.045806980173845775,0.004364125419147036,6.212883147986224,21.37029821633398,15.197310996519654,4.157283796314179,4.175959714488923,2.908697433869698,11.144524409534165,1919.8363928916062,11082.735205396544,883.1526726050633,587.7996116839798,24.86931390117104,19.33401993514949,5.493142010456657,18.1950660484466,83.24083969394795,0.7124662379094282,1
0.16947504286965157,0.3215488715600213,0.18825824340857,0.007050480386008166,0.004618687279991103,0.1502396977590596,0.03677516324560732,0.018597244144495716,0.023243538776644364,0.009396784829350826,0.023689172029082467,0.04709254621101405,0.005700067417658278,24.87852550615037,5.4184961700114656,15.278698866631839,3.963711669858928,2.521891650633781,3.2502890848390136,13.188832619660616,1972.3477759840089,12030.61314969102,847.433204972989,666.079302680172,21.037416144129033,25.970797978474984,4.397057954030187,21.176999211631205,83.4175597577716,0.8281044773639279,1
0.1805077684108482,0.83017435424876,0.32049173766506955,0.007154151223665181,0.014011340386006491,0.09503769392619812,0.04142282484076147,0.015197855658676006,0.020285339331450512,0.006864745772763248,0.019894435651191467,0.03532590712881247,0.004051879686163557,16.330889326020902,20.924922238001578,9.859806704535682,2.80873803163627,1.3875156493043916,3.133781545857816,9.426315727971078,1761.7154458594896,10540.70719587684,867.1747264135641,658.4276574296126,15.607569757613875,24.724882260408254,4.223471524314384,21.27264200228141,52.79035826170336,0.6615111042866229,0
0.16343005950439507,0.9151304543295825,0.24241406149753023,0.009154463080728124,0.010141104942382559,-0.07910968378269694,0.0632928364393255,0.015200318538512735,0.03699704335965122,0.011712254395884508,0.02814684437294069,0.048015502635811155,0.010786024589533573,15.804877487935778,22.158179934689848,12.446114040477639,5.099855161754338,3.4102823512125258,1.2610764011537356,6.568731354808916,1789.601569958551,14069.652227711711,832.565514667843,534.6472322498419,10.322493196382036,21.296663816754418,6.664739978771889,24.456759470817733,54.45705133482188,0.7591437997407917,0
0.14798192043046968,0.9169496420711896,0.2810700583384135,0.009502856891350255,0.012318245307482588,0.115378353881444,0.04255360835748949,0.017520457926721106,0.016613694698270624,0.006531166962516248,0.030733401768635454,0.036996558253601756,0.0037420734697336693,8.662111477334612,23.854787766738724,18.662382646190498,3.864289125492633,3.1122777183234267,1.26807214869341,12.276363846218915,2436.702457237507,12111.506206985547,836.6129989964666,618.24514422964,28.9252774458031,15.249146077378006,6.775657258061218,21.967865939105256,28.031133570584284,0.6887713440997271,0
0.21908314867500572,1.5982326056008118,0.33057257604773355,0.008264506148083243,0.014841366885763922,0.06967751844407165,0.023809802281455412,0.016753803256020588,0.03613689550300842,0.008931148759688257,0.006399764236894055,0.054187383566695266,0.007752425158643326,19.319136720778836,10.820301119167457,9.370645864274378,3.7387252271169333,3.824626832467627,4.268190799461551,10.857927932692768,2146.095412297659,13605.002307386738,802.0913177290248,596.6059853043627,11.042599807014355,21.402973134447947,8.715067655496675,22.724313144252616,103.14658566673509,0.6787440948582293,1
0.17088920947952257,1.8112125437551332,0.07469969190677753,0.0068157434491174645,0.016265826532065958,0.16075610047029892,0.03353524206500528,0.011539603273723656,0.07701562284871467,0.02088646723774533,0.013748925793063475,-0.005813019859134266,0.0033299675087039523,14.792410153659642,18.483789313571506,14.531893404646942,3.020753584833592,1.7950307123893252,4.149206376790016,18.62888595657259,2018.919508846436,12303.346371602807,868.3886825249882,533.4155890509611,28.07999351391615,28.424522098975174,6.174718162546376,19.825876894627115,59.607678222398995,0.7989442327523578,1
0.19707951953104447,0.6607811552239331,0.30611958255397714,0.010395735148115535,0.006860381174946305,0.11690983905671481,0.00035206426008462313,0.02406094018848667,0.01090215669421379,0.010674007116451018,0.029403696886232976,-0.007379481516537535,0.0043316819065668385,1.7245899106025497,10.810103926603407,10.907375971749675,3.0654601986986068,2.663750505763606,1.5931162610953735,7.013917865968395,1619.233540894034,12831.343948193153,880.331500469585,581.1472278279547,15.295761368335626,28.04579805874196,6.046619277355893,23.479059677042315,88.52433334796224,0.8477037973877123,1
0.19106502439969567,2.085012415758897,0.1858175978288365,0.007313951172077817,0.01349542867010553,0.029628346518940564,0.032526250291739986,0.021351762413426692,0.016428544304596525,0.0077570156344543995,0.02616394290530359,0.034007895697527026,0.006378668072360332,11.320732120438198,20.276765337355222,19.77082257095462,2.527211910114833,2.7283356563932357,6.171815193451952,11.783807368498458,1599.4560165017424,11082.894679737603,898.3717186647268,586.7725489541543,18.96113157437968,13.076276914155072,5.219677461157869,22.010044650728627,86.5655360863383,0.7305101169894826,1
0.19386957823827985,1.4715725160237114,0.17476808668125174,0.002004444372555,0.006152596853984917,0.025973092317318397,0.041677660445680026,0.02609238830889753,0.05562350672575198,0.016922524813255173,0.013432896002235333,-0.00926717286531041,0.00811408683833073,7.142554062118634,15.035766280487438,19.244027288657247,3.6603720453155972,2.5118185066424905,2.5182717193047655,18.092860852047448,2049.3915594349214,10763.09121924117,830.7713756094581,528.1424649766002,26.56288317407106,12.516009414404564,8.473178948594928,13.268045398925322,48.62260015748684,0.7581674320316042,0
0.15524675155345402,1.6094122576741379,0.34302708620279887,0.0070076157415134115,0.014995516659317974,0.0108991334579394,0.007904506527169664,0.0225893042822569,0.023086213771069553,0.0024500341471039655,0.018381352346422693,0.00785633460236479,0.0057484147446833405,17.92535101229186,19.7793030326249,10.665373803277827,2.6502961011824224,3.931884141305294,3.965869515444234,7.162927107223879,1578.2761172328835,14713.599370982958,854.9133061357857,663.8804764485445,22.804543784220385,26.641177830801276,4.170277981245986,26.55333543893221,62.09003757588512,0.7387129351570034,0
0.19337483311185025,1.3900670985981527,0.3329042313657984,0.009963270586459445,0.004936371205497219,0.12245550931847718,0.06325862894379675,0.023619142707305266,0.013716009407537814,0.014568036087840172,0.02274468335636565,0.06028495199961774,0.005594063313704229,12.193216312380265,18.859252429033972,14.672354422555243,3.897138409166182,1.5378972271313691,3.817393782268491,11.48562620807748,2607.5852625864336,13764.515019216153,818.5136062155458,550.0574711962449,24.62167483433172,20.118241244708692,6.046216672795969,14.603923727775452,69.533844771177,0.7265164389741645,0
0.1515208569509971,0.7212845414294753,0.4379260629360606,0.008524242243874151,0.01408400787241557,-0.043918166502436615,0.04114817113702371,0.002907736007974039,0.014458308753377624,0.015016829463645728,0.02409212578606547,0.013227526528009383,0.006882479644340542,20.98711599902454,14.055093777436879,15.233600601324861,4.233234648985745,2.501733309103892,4.070143539025714,15.7895673690541,1854.6270369484814,14491.450155205994,877.8294846612886,542.8725519694585,20.881899776654365,24.359439524412654,7.1510582418397135,33.99688603353206,52.59674601841865,0.6721229621620963,0
0.17474218341583464,1.0567882481012054,0.2666082681120501,0.009721466186799567,0.013051835567704435,0.07732360806901992,0.029720535430478534,0.020141083562531248,0.007847173789536067,0.011571337109005916,0.016936045729134805,0.029506047138300153,0.004776464275614562,18.150539977918662,9.594453260879435,17.505810350342262,4.201692875867931,2.7728758980203603,4.177238052822741,9.419523662215795,1853.7980221882503,7480.893374688817,844.4751238137342,558.7005161560082,37.53756251415791,25.08912689466642,6.036338791590702,22.455470049568646,68.45420046154977,0.6599113548676603,0
0.18441082854027732,0.7571372732790193,0.2619101443134153,0.006085646440045382,0.0033711443759371334,0.1124792776404967,-0.010034803349525237,0.013581785960556586,0.032270102193544196,0.012186863370898342,0.015394339702404424,0.01647320568472909,0.004859612804603694,9.981060922681818,10.466355173249529,10.979311559196557,3.6346199404865294,2.030463694275955,5.12005938702781,11.90936181964715,2073.7466980025897,13560.427944400482,874.2118168662556,605.7455883013246,41.351670100065505,23.322087280308875,6.055253713301812,24.556178661305715,78.40061470036574,0.7955493096181588,1
0.19794132393774264,0.6601695153793871,0.30490828440116263,0.013594676641356697,0.008064129650065019,0.05747555321096229,-0.02017914356990152,0.005733507891896528,0.06269279399642114,0.003592545135655878,-0.000510524078538549,0.020867424285561896,0.005489587731120751,15.145759561625063,14.282376652885217,7.1794911826036,4.92825074472662,2.4443584282954944,3.63485220377719,12.51496130990669,1767.2407083319224,11389.848921795488,819.4997687193666,535.7687885576119,24.190586301780602,27.05833664107952,7.027092537954369,23.60981043566973,82.57550390722764,0.7125738623582517,1
0.18487906395817,0.9588717376864153,0.2749322284803823,0.008370159570833594,0.015416622557580459,-0.020852227554287214,0.02069848107597988,0.016088436277471575,0.023496682005089243,0.016730517119312404,0.03602844247177969,0.03030067851083581,0.005910160923691134,16.556308498337525,13.646067515104685,23.380947537510075,2.993621854920087,7.060031911463252,2.1298085359515904,12.683261763776507,2338.2433576195785,14525.251704698097,885.0469779705838,539.1759210887473,33.0458532244859,32.225336644368845,6.00393422597265,17.742640606233163,39.96857046881894,0.727142307774984,0
0.2027124029436589,1.6467335102119818,0.2458781657180283,0.008217398787880022,0.025334526111600045,0.08547888371668098,0.04906018996428099,0.02650667628792086,0.046992306620567706,0.005834292383355168,0.030275527136751572,0.061067093981117884,0.004723939668695251,19.55906796785401,5.067364290112389,18.986261492700166,4.689776840528555,5.620855992764836,1.9507657424239506,9.181153256162922,1875.153560866115,13381.235044291236,814.5740218059757,601.223826595573,15.1486706474705,20.205980728146194,4.89387038997688,17.90666631399935,74.46350694652818,0.8273851652449647,1
0.18038295554831504,0.44673991677656644,0.1247481574715523,0.008652419492859446,0.009617230992832376,0.07373849303371481,0.07154686879139907,0.03414110390606782,0.06060877571273583,0.018886473840152268,0.021739235119751524,0.04236924784776437,0.005117244993410742,14.583338996878265,12.31826986521739,23.040385677267736,2.6664087733805157,6.59553587730178,4.866823486144588,12.72138823440511,1999.1965737325604,10804.109070751732,825.0058665943131,576.6711368238788,23.027408695028065,30.394149768700558,7.949460561464206,24.635597957789273,42.488864236146966,0.6593353017685089,0
0.20549750082557444,1.0339144928378914,0.1828885860779411,0.010150786292495691,0.013016797299993839,0.0770702098439778,0.014624671799229588,0.024991105067989412,0.02656165379070019,0.006255941644882115,0.023100688238751506,0.0028982786844998776,0.009023346828370863,9.875525503095666,7.923830345667637,16.124083683457375,3.081984181369048,1.737173474571985,0.048694371946316206,17.562071401315805,2310.4814489491796,14433.719418258002,894.2540097109876,596.3406425995107,23.942792878921107,28.93580759009086,6.594068946603325,17.330549329939835,79.25554084233833,0.8648418812320071,1
0.189251825857079,1.4216231084463629,0.27911765046821907,0.010315856182672339,0.012283708416484098,0.12619812388011337,0.052712411709829515,0.016929516590748987,0.06379285290970471,0.0050980587425826255,0.007956701728210397,0.03043330823407127,0.006550497375136729,16.202438247338804,21.308805801975,13.842909693975038,3.5357893184924087,3.2344877159331653,3.3196358623034565,12.166616222674998,1932.0226644418312,11740.992572745325,832.1352877957944,626.0281309866691,23.943342787688866,31.94976908840505,7.44665346647208,17.41138321069235,61.206720975506784,0.6584547412075686,0
0.16383468556718148,1.3352093924406832,0.23332254315676737,0.006327151333960834,0.014181178524005276,0.02130470371637136,0.07380834002376846,0.02407090383398832,0.03651465931066149,0.019170672821811955,0.03601992654613413,0.04451180350964643,0.005442410040456894,11.162464816630948,20.158694902570296,13.883007918289545,3.411322552695251,3.252038402639297,3.5169457569517664,13.18880374969651,1917.2441856086764,13352.376543156694,829.5791074251463,649.0582548751476,29.89130775132079,29.357882511490786,4.722300724442064,26.492634965407394,42.232514241796906,0.7402804045870279,0
0.16556524893325492,1.3965717810880798,0.2889844189635996,0.005248939040329892,0.013650568952354718,0.04219143019145919,0.03467730202018494,0.027152365838912326,0.038733935544373266,0.00920425264231136,0.02757056001819417,0.00896904883319678,0.005891490794271704,15.633853005710566,14.090272808287907,18.143652741298187,0.7048036068850023,4.09132106068593,2.198606965991718,12.363027729596435,2383.7527332044574,12675.520639870621,824.3864085991588,621.5636168790694,22.581692455251968,21.373264353967773,6.232171806014658,28.170583999709358,58.686733088729014,0.7418172642706441,0
0.1796147924053121,1.3964830661647984,0.32662332915783243,0.008969518057956025,0.008190876641705758,0.051329608957772534,0.03837409156584737,0.02681634223668389,0.053984248773439734,0.013286605475597697,0.022850347420993615,0.011555614457305702,0.007802223562124343,17.96260504880436,18.384188270555036,14.405737589896146,1.7253074954655832,1.1441175256880585,5.6127276224395715,10.560129692744926,2207.552541202657,11762.242473720366,822.9409558486494,618.4224541393291,35.963214409111316,24.976381182736397,7.254980057768932,22.36403064431303,73.82024496475034,0.7551537360745122,0
0.2074569694935306,1.067684310268977,0.20320738772657843,0.011470041642162409,0.021764586912447554,0.024139897302053515,0.03279964192642707,0.023339651496761905,0.05237720660289271,0.008048027664414287,0.006057022497955821,0.03323026998476815,0.004783521703870921,10.166327350616482,11.22012354342494,17.02024583266485,2.1830649159925537,5.056043983357464,4.118453749204204,10.3379534002599,2095.3180103628792,10335.197046479883,892.2923442159449,594.7699377340383,40.119829155218056,16.915317813149606,7.669521665903453,32.23913289827872,59.89374561227918,0.7194615569032962,0
0.19439515884296363,1.2889159423203416,0.17115683194232562,0.010597824358653238,0.023459556334093433,0.12879682436387557,0.01919247322025891,0.015093877659733475,0.04978261113298575,0.006676495474244931,0.006902680256323679,0.017784746885365254,0.003343296416974265,8.549162927742715,10.982345192864539,9.870283301502859,3.316308537765772,2.4301631869686244,2.7397701139290707,8.374944151513203,2145.194048589857,12776.364585448304,810.2234776913893,575.2812966332526,12.748316587818344,20.900094723177226,3.130877691222918,18.666943438962143,47.95656309457241,0.7380832881137062,0
0.17126471525523565,0.6846769530145849,0.22275210344721108,0.011367300855819867,0.014526685738236744,-0.01082983007469121,0.02951741779090053,0.028268386307091144,0.07233043309027498,0.011856033817350294,0.022304598806276332,0.04868623475341542,0.005435845886247303,15.50401935229887,13.980582655100728,12.647304302352914,3.359695250612983,2.197713141740704,3.4346160403710524,17.349689675233556,2528.013129540457,15774.332123342496,850.301547167026,459.1769631268088,22.45864468964278,22.405948589125597,6.151039523991014,23.196794661838233,57.43800713771199,0.7651471794963608,0
0.16202431903353742,1.3765228606796982,0.26314358122964554,0.007600711906720603,0.014687060014101904,0.07294070410387016,0.030399909724128385,0.02383455014854216,0.013351004380035902,0.011072316337337757,0.02250514203755597,0.08250611160537824,0.009041328345962373,16.83764523780706,22.81980668429852,11.029581466972765,1.647651757044726,1.673945438692679,1.0862201929780073,9.948928544627243,2533.360142083642,11777.774571854568,806.799683910399,541.3803123600786,31.066459410199737,22.92878672049023,6.022606828923318,18.72087027628612,56.86766764477078,0.7585118577869457,0
0.18542990621651295,1.14118983062766,0.29871242850037055,0.012578381729660706,0.008599132618260246,-0.0257942019342091,0.03590281958674833,0.011072266927238493,0.0361067260995064,0.0067888376077800535,0.018461022260143647,0.049529954055457785,0.004308073934741497,21.082641162747684,11.00739803907986,12.567536922272573,1.6129616542147018,3.418118631195096,3.5212882410400663,9.282913226987073,1560.9819114484312,9153.67944570287,787.0925746232447,644.2583347191456,27.40949566462214,27.688351699192022,8.40565438921966,12.117028400021347,57.790215257703395,0.6674395720159586,0
0.1622151834354335,1.5550015869656237,0.37275856814356123,0.010411669562092949,0.013237402738200524,0.06952112325910233,0.030447011099327313,0.026568987063196475,0.01668051628639078,0.008003716770270189,0.029431592010001666,0.014936221744230671,0.005829162334333867,12.979652748737633,9.198315719499242,19.539303188522457,1.919755644480271,2.212647055696502,-1.4478157948280117,15.319875927411854,2292.51321641686,12881.837655616719,891.8048589114258,632.8577096094136,21.50346810645108,28.254094983714744,5.714715302401003,21.19088620356834,77.30593165555442,0.8016284093015847,1
0.19640688025224912,1.207045300773463,0.26996385516784616,0.008724614578021076,0.014068081287858403,0.07818421654418085,0.02089656432092472,0.016982669460413644,0.058657907103876174,0.013627094135788831,0.026193492954346986,0.007144186100071982,0.0068789716559915295,17.170634907704862,15.965110663589714,11.392796250848972,2.1162846817734153,4.717825029857488,2.7816485253856733,15.038671722112117,1623.1141875779224,12355.812519012401,828.2214429910225,591.3926486135923,14.041788085927074,33.217180756459456,5.4121754555685735,30.585595769972787,67.5221681803515,0.6651771301857012,1
0.17167611190229493,1.7301728436380315,0.21027746116144247,0.009295465985796086,0.006179746837970872,0.08513568223667153,0.04468212671614497,0.026365532068732645,0.02330340178906654,0.012716284824871367,0.01935689549880754,0.02737639691470319,0.007020133186342131,21.826643741379108,16.48147682751834,17.457932537952367,0.8981189787003476,1.149458753507176,3.334557037239713,15.409604567324305,2633.3173935904674,9324.307256368105,811.4017262380079,623.6627015689796,36.85187397508134,18.8981317346189,7.25214365203513,14.1079998665156,69.32379570617405,0.6646913599954893,1
0.17400323607450238,1.0409768938033115,0.25743833972235275,0.00831988909082335,0.006116775280499735,0.030520979582558755,0.02961755640292585,0.030546206284873183,0.03529670243497806,0.010096454401869714,0.009205260804254546,0.06269725702320694,0.005756308777377929,21.853959169028887,16.083956388022468,16.399059271511778,2.876504174974192,4.815573913592645,2.8880919163218683,9.533992439655275,1818.2968361728465,13576.360018290288,840.5872916420311,546.5807842543176,13.755327335380482,32.57072237386137,4.173715751384823,12.745821184342905,78.52942618497862,0.7297748417329176,1
0.20776675556416896,1.1351504098080565,0.37876165326207784,0.006663260605069506,0.021027872163434075,-0.019313482731365975,0.027432034681647822,0.01664484167966934,0.023105940025940346,0.008250573254384984,0.020116517076852455,0.016736752483814198,0.0037691599929395875,14.625907898247073,14.825938426210238,18.323815448621815,1.0926838918098492,1.2277038700047667,1.9013191860430203,14.941689776974606,1767.9047264396827,14177.821025330477,852.0859998968867,558.1526654623273,23.979274554969088,20.412235408290325,3.9329290158692247,24.16858084938182,98.76170839215887,0.8436906718036111,1
0.19436371451415868,1.035402742175128,0.3824966601645836,0.01039130869883169,0.00472472697454724,0.15859191016601204,0.035624233651681304,0.029944145282075847,0.017005170892642144,0.014880693450334607,0.014762407089733167,0.048821331029038614,0.00204136041029461,7.190607141377846,22.304093591445564,2.169403070337932,4.309753938572382,3.2301410705780835,4.518952881602912,10.108504457259741,1848.6318403291668,13038.261293898859,867.0708443794438,622.1594193350829,21.196594487006664,24.20576002170332,4.556249995600113,14.364194833109593,65.94191518470949,0.7511664205073332,0
0.19882621161534966,1.348024446107582,0.15237434480448192,0.005968353218287176,0.0054391839940224115,0.05830231343764726,0.0072872819048434186,0.03496880273850857,0.01618508398526657,0.008741106630368103,0.02854437751140556,0.0003238828993335323,0.0054179570538294124,13.099731746998467,10.998044478516551,10.501906712271051,3.0628770603579385,3.4975109424529167,5.514953010955446,10.915464082648592,2184.24430821132,13149.445882150525,809.5314896584608,553.384089427277,28.95603703801922,13.255169640728454,5.525757635039396,25.596353207881943,76.77938483794324,0.6763435310917805,1
0.16906639830825468,1.2781926926213163,0.17965737740704096,0.012137459594545534,0.0101716145873474,0.07340815261388386,0.04250636668043006,0.004128119303215459,0.06396737138746919,0.006805074729666612,0.017997833335083438,0.02896837485568844,0.007741635103726928,8.320865774247391,19.468808986939152,21.83825651967986,1.0861935001471141,1.819758553897444,6.019981419146163,12.43902277124754,2260.819152523637,12860.026760047169,898.6862795341362,573.4361099555041,37.27957019225209,23.93077076029335,4.487966907499985,19.998013276321092,55.28744822934817,0.7703874782551985,0
0.17025594157610144,1.3857479454186297,0.47041741949759214,0.009447670661354074,0.01542225238818214,0.09160438203138302,0.005921727020672396,0.00452430205863689,0.0716067954164594,0.004318124166480713,0.016311967348111314,0.01625291131283413,0.007090516966052239,18.61998516200952,11.91101863259486,13.072995117515209,2.585684428199511,2.350535602136676,4.402903132866299,14.053479074090689,2465.6848728130144,10362.629913577603,853.8973501801614,556.5023022630392,28.95201333842414,29.435513310231762,6.347533231432875,23.44462430720972,101.33033374656267,0.702840632369523,1
0.17588281138239317,1.600729941472775,0.25121463540323463,0.017553747758457028,0.011839762529181433,0.1334806340963148,0.02249782010112871,-0.019224002516183423,0.06474929183467076,0.0003736889370625721,0.03297940193535133,0.03600350098569042,0.005197653656505222,8.708518073745473,10.570187160000554,24.28336168958857,3.0643609892515373,1.238843429435743,5.06681946272771,17.10632380230492,2452.998297329579,11587.201885118915,885.5426651023317,658.0794572675441,29.437966465942253,28.846458803580063,8.403835786022466,19.67599835341953,94.41273289066116,0.8154786072356561,1
0.1693805820437607,1.151177147151489,0.3266271704886614,0.008875498060447655,0.014548415386211645,-0.020305676399690012,0.01726235222122085,0.018564184112878655,-0.024651308650248678,0.009430017235801868,0.018151248228054088,0.04644684597375103,0.0027069772267961176,22.726132229424095,15.04755919970497,18.117997635260068,1.939333378060186,0.8816120588732996,2.7166797949298163,8.92359046680522,1918.9519680163478,11170.088241734375,868.8894404028969,624.7281943903756,23.1640049297472,25.59493210697503,5.324303250190718,26.779832631033734,86.33919022318011,0.848347008326644,1
0.19515843699847238,0.8620234245626014,0.2626379449801161,0.011624224489712323,0.01781688027581775,0.11253218041454291,0.03564072420924441,0.027958638123412264,0.05100256962435759,0.006411804311947296,0.048425937280104595,-0.00901800933578762,0.005700829369365248,12.172236187987881,13.837003807822569,14.886612372563295,1.3468620666111615,1.0501883889473216,3.116397584618005,13.462853025701392,1272.355130434194,12809.501717992722,857.6077882507242,592.0815729235665,22.493908498047695,25.145903303388373,9.037317913994169,24.58041389317762,92.7767682189851,0.879900140694065,1
0.17505948598508006,1.4885917295029372,0.10569097659501081,0.005204194408024497,0.018850509268051853,-0.024352309130367997,0.0033464311794959255,0.015865512965282047,0.050424599812890825,0.008084525394201032,0.021271739191942855,0.002254269731382673,0.008865976553419155,19.40403426742111,17.518183180889306,9.36247876456752,3.611127051977963,4.069207207432293,4.764956322925116,12.384322805980489,1724.0568160547277,8883.54030286426,860.2895302407732,566.6181588430551,21.143179856248608,26.76979069989441,7.3224954726135705,20.48662544510599,54.43054376278933,0.6738708177658094,0
0.1756390820921525,1.1269724102481835,0.2602893960323973,0.007761814858842125,0.020983326008375085,0.0853637167358968,0.014591504017242421,0.023740620881310435,0.027989867291720733,0.00984264314898158,0.01798961228133365,0.022011504380279656,0.006450341864453871,17.39677129409251,16.634262031304672,13.29190766614842,4.278661897232014,0.05704972398252606,3.6373537976795776,7.528950577617607,2105.824882587654,14378.78275722586,860.3592866849431,630.0911978206357,26.487690028486387,30.37279304222993,4.7297717283639935,18.542016460480514,93.07142754282428,0.8325424087986971,1
0.21697217666592822,1.163262094266018,0.26691172539765273,0.00642593962992288,0.0055700014674175315,0.08013389732974412,0.038671249203837584,0.022899111740376628,0.03964144063500403,0.011297978233494769,0.02353039248415001,0.022006070183280185,0.0035236777113290827,17.558025451845104,12.673387408294612,19.56011835494153,2.373264721785928,2.9475589557699293,1.5162868798790683,14.992262814373053,2351.8163539469338,9893.509679732257,828.627142301902,614.0093220734808,22.908251499672545,24.193882670769366,7.29384975187107,33.277584914682606,72.51513463443446,0.8056704076848742,1
0.17068388861763673,1.7011370537709936,0.2311266776550301,0.015563889432005602,0.01067727050647639,0.12860163431036697,0.0423816633877602,0.009243495164251126,-0.004969930689993109,0.005368804437057246,0.008184334208975876,0.02158028263973648,0.006061896176535661,17.557777642610024,11.913577153723907,24.453649242970148,2.0847753816297825,3.078559259587494,1.960149994924579,6.5535542600420635,1941.0592326345425,12719.384208634094,853.668533870866,555.4121270796933,32.49611149455586,24.3560523807321,5.424501089528908,17.151601693910962,101.22156197012633,0.6303758614457127,1
0.17838800501406477,1.2138854995010246,0.19087770735814136,0.0007831522562241327,0.00744837829035858,0.1056777575931581,0.012662308302330665,0.021573465676730776,0.028496271007129672,0.0028897075141603445,0.017896423962230883,0.013938308385618808,0.0061492560196336945,10.045696229916425,25.824462945507285,14.432015361826258,5.440677078239636,3.4235666267992726,3.259218419656926,14.45364590012241,1947.3211596011142,10901.358939433494,850.320916213757,611.8161789296373,33.851250531129246,26.498205937219026,7.483967147850337,20.336777767771103,92.77664895788425,0.7516908694421477,1
0.20591743563726028,1.1762339274910023,0.3534196231614566,0.005603820993780509,0.01184240743335948,0.10806140623153312,0.04651847166061306,0.020954620413582967,0.03428626903815473,0.007513152334298686,0.00915032012519523,0.07038398505422529,0.003978237006820797,11.757925955205938,16.55087913591419,19.247281275521654,1.549371190800689,0.4523596361439748,2.111501692718958,11.73350357746526,1930.6033016924534,10716.597939154966,854.6104528953072,577.1565546885874,26.358280931638046,19.08160607739885,6.603517722636822,20.10408507217233,80.67518481410109,0.7804701453773775,1
0.18819525591918995,1.9591068066983908,0.2785002230964867,0.016863630524530777,0.00872733214500845,0.2433147288743896,0.050439255533562835,0.007729859227114642,0.06396450786402574,0.020886601905211105,-0.0033593069705509654,0.018173012404034444,0.0022714603254870556,14.031581699778098,19.133258987162158,5.2496103673780965,2.702315340683946,3.3764147898549886,2.6956365321251083,10.124502635132881,1691.0203759064623,7989.375206367875,887.2335511748612,518.0987589804425,27.959956057820165,29.07754112068544,3.197619252981745,21.28271402540149,85.8685709380027,0.8480058919380657,1
0.17937882134258196,0.9042514370163854,0.2013595085650141,0.015084261304028134,0.005263730412093254,0.2494532255837122,0.03926603020468462,0.02318808339628256,0.06838128826715043,0.008217864397374607,0.007267872260866025,0.03258893285094888,0.007228211610579368,19.78704922616095,3.8493487354269327,2.3599770548975485,4.234942491532996,2.977329614871078,5.61646687863491,9.173216418318118,2307.745859990569,8774.298130471663,836.7587915890921,535.6295008837087,19.630807135395017,16.30372177041239,6.870094571055942,13.121208550968733,101.53182457511556,0.8382702196496166,1
0.1925905916844362,1.3288329243067942,0.14840011220848992,0.010117722366710208,0.016098698586290476,0.15885359454221476,0.049428247153447194,0.005805668034549903,0.05868282884467389,0.010341033913014181,0.03160082512398613,0.0680166363013149,0.004611003179503898,18.68535335308836,11.85087597876795,12.130326834628999,3.492014576975108,4.509361120967455,2.353904302550973,12.586289748079556,2307.8486644532595,9436.660166694024,824.6292754070515,582.1980757451261,21.28993844160384,18.411149777268783,3.877770813786022,22.10443581499539,70.73069528421917,0.7834996147513034,1
0.17539198571588466,0.8735131021832141,0.19509766913959325,0.015404063009948002,0.011878007163819216,0.061035022332621605,0.06260259929748821,0.012042823364793885,0.015410096845838241,0.014254913392533826,0.01671275187033709,0.02634563076371345,0.004303266927153819,7.257084831893038,16.53309893490961,16.38739620668733,3.1238857753131195,3.9644897321000006,3.7322313968082352,13.187694320830106,1468.8043070233177,10362.78819118422,838.7601307278347,599.2422289656718,27.74488530745093,23.327785540010886,4.643023036334715,15.421545547682635,60.839281853259635,0.6514237888047012,0
0.15263369922334377,1.3390246455214208,0.169324101396212,0.012743431274433677,0.021560027345263487,0.04071381346256305,0.01681952346680659,0.028452732970420957,0.07661487649662524,0.005170145376942318,0.01771639207342361,0.03296114827781629,0.008587978426583336,16.46017860865454,16.61919633163725,17.132696450132713,3.183832735426157,1.6782880366833566,2.663611812840772,14.580361175954899,2009.1136029238876,13301.072977955204,901.1238888859853,584.6116907828077,21.80151604357354,23.506999202283023,5.100338446227731,26.72349435919735,64.84808937801448,0.741958969999625,1
0.1535508408651286,0.9865598774243332,0.24443741710061845,0.009432969783889847,0.019123138660386216,0.050060764641253294,0.04187078864586381,0.02829149035059542,0.017378627401300577,0.015307545785879222,0.02552124584729843,0.0633559586600903,0.003663018215801466,19.102884058344735,15.6821345903364,20.561634121951315,2.386473228277591,2.3866266976200206,0.5101982246133145,10.054660039884237,2316.8492131430107,13115.573447772327,855.4677533074613,555.3299462339227,47.461206266231045,26.678769969256372,4.9708765658335174,21.260634261101185,85.42560043585965,0.7178858873063659,1
0.18639303651837955,1.048796840392713,0.0903574575638609,0.00780837878317226,0.016843849478406767,0.08470635476502021,0.008645548459229095,0.0007402218155489887,0.037505636835270285,0.014044943046145045,0.02629558366065836,0.04535687389336222,0.007720170135485641,22.107516426165468,20.52796572644742,15.96339964924736,4.232423628355745,1.298808506282351,1.6536164928647068,14.26638514161289,1741.500888988178,13446.320225309904,853.8932719698286,560.3962215973484,12.658544080219768,30.336773549580897,5.729751939406377,18.534422865851916,72.7080063563551,0.6894468512540598,0
0.1414465484130878,0.7263877767109761,0.22763940293627732,0.008939049838119191,0.009281965519534738,0.09405555586740594,0.035349507777961225,0.03108444601722893,0.07410724713026168,0.01331153448323984,0.03263539010796508,0.03340020437960419,0.0066475101344629865,18.715048470250384,18.279595698294184,6.46568718903475,1.802721159154551,1.7633650670049799,4.740316152160642,17.41606337737777,1682.711320929558,10950.341757122049,849.3706012775665,528.3999680705267,7.153858774820819,21.312195129210938,7.365575774716474,28.43215231530742,78.69856945632316,0.7387817218208732,1
0.20762908157380972,0.9543509739966735,0.26785224437981575,0.007467074413140092,0.011358682597580846,0.2475325320745977,0.05798835853307766,0.01748882165357559,0.02916758473381625,0.0064318555339776635,0.013531636958323765,0.028738048940913072,0.007149123435073431,13.064578777625304,21.677265308508712,8.986544855525661,3.7376698344010366,2.755082422157545,5.647457781189667,11.603514742934028,2236.0863692284092,11339.273075012738,812.7240365583189,588.0013664852069,8.994496961971805,28.355959958636,4.295594715796865,18.57911568100343,63.724573282801444,0.6765010859546925,0
0.17442074139336383,1.526200408977705,0.1855862598605699,0.009485814826992173,0.016986327838294363,0.04903300148771392,0.04070917494819267,0.03242826893326828,0.010252511071920462,0.007622576294052786,0.029192610916812918,0.0014134705805187026,0.004694804181337024,24.720088250002206,17.886028262639755,12.104069294265349,4.307557696592065,3.543276483157041,4.708862727544933,15.832857039695165,1584.773302396273,8988.580675241385,866.5410309784792,584.8720528925348,31.417534261464873,25.297329636877382,3.5192784340173997,32.33534843693057,72.97686526849523,0.6984087244450563,0
0.1808183835079144,1.0796561011436694,0.37470313475975153,0.009840422464993153,0.014402933792138563,0.15884449889147625,-0.00513737398803004,0.030621674475886602,0.02657384817257828,0.010164316869901066,0.015438316525199409,0.04744180391067568,0.005528039802266108,13.39915245889637,21.02337967878463,13.574522420858308,3.540870023829452,3.0471262101998255,2.3138537437374076,15.226500063391912,2082.699074520569,12341.568295200415,856.362791325283,610.3485529932764,30.841257312251535,24.238883726600882,4.912387594490248,18.7883930019402,57.799686263198204,0.7529865866288294,0
0.17511839052651595,1.5357874018073618,0.2694473382128559,0.0030141330976838658,0.008485442809802162,0.04418038469474406,0.03403477309592088,0.016982015066037474,0.057434488483682725,0.01881236582434806,0.021294216768153004,0.016227001827264654,0.006311158938461277,8.009509926590624,16.192790353197736,14.719571368606628,1.67610407078473,3.208463478544926,2.597809454058225,14.92744396080759,2098.5978494516944,14153.150630488519,842.6117676574738,650.5415000976941,15.133442109053481,20.72081915696736,6.357844009394164,20.118692959719347,88.56398794323472,0.6699584703049077,1
0.1405979236457633,0.7716590325262245,0.20113138881559472,0.0057758768001333295,0.011079838004004987,0.09470685706235707,-0.010892580076025365,0.02068906133120972,0.02212367138836775,0.010963095737934681,0.01139476132018761,0.03760673300631766,0.0034999486888247916,13.98433976838286,19.99690473196395,9.410528306398962,1.258133321279463,1.8016516528603042,1.914844165255368,10.48706389948705,1892.8986531646956,10555.681676956608,855.6729867030056,550.8263256414775,21.715526490508026,30.046635525168547,5.384456520377475,21.6112967358435,59.082527557144715,0.698834823646736,0
0.20457961004978123,1.5984472859644516,0.20822947439840062,0.008453833536408962,0.0053882628265835225,0.12350486266685048,0.0026777183813262995,0.016885328051007984,0.05190262371827537,0.012261371888242894,0.008694795439670389,0.043475376686725194,0.007068937070137022,17.618423706895822,12.219737212602983,16.03408180895702,2.146642720365863,2.111750505024931,2.606254709308868,12.244928203263477,1983.0015372760286,11944.462539317297,841.641888903255,611.3459651948215,28.67350818313287,27.819407764772986,7.274372801208539,20.489348074396485,72.26990216144533,0.696911837158386,1
0.1358886788580186,1.632793923699977,0.2891403628061062,0.008485681027147383,0.01293900169021261,0.0417507539104993,0.06504583818244064,0.024342636499220714,0.03781613810998895,0.011128940170427606,0.02795234249257182,0.0531750966901974,0.004133057683149918,19.317070357808053,17.917167845779826,16.209574921607494,1.3708354705115626,3.9460197931468204,2.5823029294224225,13.044596485393345,1597.4833269931057,13680.684360453542,851.7601181010891,650.4033039015392,28.816985365036537,33.44546565538695,5.9255574159338025,18.916881804160486,81.74577812831839,0.6867950662095806,1
0.19164053134169454,1.5489261520113802,0.11949319116663415,0.010184025546945363,0.008671532675532266,-0.04089407395039649,0.06139257173878986,0.023884246136775065,0.038796910011897445,0.010038365966607532,0.021315516401774957,0.03148813343852294,0.004650124286173004,16.18323456336425,11.158382531516859,19.97891755078745,3.954813057113501,1.5944329722123562,2.9822442806395135,11.097246860263953,1508.9516473541412,9338.862300959703,866.1733619575609,637.2282399056253,18.129118030835045,28.760664539910582,5.249837837956912,21.601776427456425,71.84189715034562,0.7668714854381625,1
0.1900356547233509,1.9228786574551542,0.26082706783138326,0.009728514473202072,0.018372142133437908,-0.034551847538634564,-0.018814080295501683,0.023310389028172136,0.028693000949978113,0.008726960069930583,0.010471389594136996,0.03132282230298004,0.00998676700116483,15.668394191188117,20.709154638681166,19.286457520615077,0.36769372268662304,1.7799600953266632,3.1271964508696426,16.73656836112045,2148.332277048082,11218.217159579192,849.7589918932218,582.2061822936635,32.94223440073816,20.891991636797602,4.935524692234769,14.067012193394516,47.69069960058081,0.7467796319361604,0
0.20544707000213536,1.856245825395315,0.32096638211570294,0.016493026762112215,0.01854722050701324,0.049752279580900186,0.05738189165525703,0.014962776631705463,0.045993439546758524,0.00857744847830389,0.019282936537150318,0.018607398469072448,0.005361983939054293,12.916041744308291,16.214512703556256,21.458739253663154,2.9407251866526583,3.7688992669091976,4.786328899299779,12.087312201445235,1897.1105490659768,10724.86414935425,842.7096360812251,628.905011051037,40.12306322293977,27.611012723357046,5.783998633306698,20.092066513461813,70.44459559399574,0.727630010874494,1
0.20953868852236548,1.5915558234227116,0.3048471797038733,0.0040259608869874265,0.02135537241154057,0.11948858216015379,0.028595527588507485,0.014528082111175091,0.023413592512772603,0.013839688317582685,0.022815834050858342,0.032880618039584524,0.008766848157111951,11.657834846756149,7.488055091552414,12.077503921890248,5.188469725247758,4.4269989091658175,3.138840925757152,8.82808623740606,2483.1454205969612,14847.262363637026,856.9603926522409,646.1796771821962,16.036433127404543,16.660862427914566,5.874014665016543,10.759345669683396,82.44966571108722,0.776216290184781,1
0.19785194676598616,1.9645676348558894,0.29035866051064135,0.008972219499512874,-0.00043911028781165595,0.12360764278410823,0.0184203156012019,0.018673959217595033,0.01791948733055229,0.009280000111491694,0.01927522280405965,0.060702434796253035,0.006611402381499555,12.982033315065449,14.379358125911478,11.079442329718805,4.616039714793409,4.542718513785165,-1.7988969678182674,12.214893830328508,1784.7093224085013,14269.076662016148,832.9556528423376,591.3542915931544,24.005692324136035,28.27766988245751,4.298414196943185,15.612973056850413,37.9741639576216,0.6818092130299435,0
0.17296157364366982,0.9797792273166048,0.22555115086769573,0.01236454447169573,0.009894005916935435,0.08358151283478418,0.03450513363967199,0.02203943857515995,0.05833135227555403,0.011158240358054614,0.029459409606394378,0.05196471607046853,0.007773905214946343,13.568492985529064,12.514329880650319,15.83521552084572,5.117320058238653,6.387691194231967,2.20029409839036,8.219976307043233,1782.234901483759,8460.217328218843,851.8072609403112,527.0481822161256,18.20026706660559,31.839152135882802,5.302618663362333,21.917823205844293,60.47912200477498,0.6701260227865333,1
0.18699300094599386,1.2292787964006777,0.30542152254790883,0.010718489090527694,0.012152382069603144,0.06712774012892218,0.03414977595704363,0.009736463776101038,0.062053840921487566,0.010083504336337753,0.026476059825670705,0.02292418537715372,0.005188825286504642,13.225746343240923,10.68200803634091,14.369292250613409,1.4793093885454154,0.47385940597889187,2.145153120881841,13.823640999359279,2020.222425518246,10508.472511778667,831.4754106675997,542.8945939644996,38.959970141823476,34.42173041748326,6.799859803733144,20.112902691840823,80.13001891877907,0.6484225911482768,1
0.16765493626906153,0.8070785678490742,0.34023271946028555,0.009117847083373851,0.009355266186376505,0.1546056966861755,0.04681213425566766,0.010027350420315845,0.0066257227530774,0.012029251333464495,0.024174470344108,0.03807880832136609,0.007171625967109311,13.768549286956,14.250946406271044,15.400798802437768,6.477153390695703,4.689686635693738,4.792778103604647,14.473978688547758,2207.23469794419,11318.753897543646,830.1477877530098,559.7737488728611,25.075124864148794,17.751257745722732,6.797295544602389,27.000382787726153,63.89630795623437,0.6568508008454548,0
0.18031236667899206,1.513149493979429,0.12066293000415887,0.015791185673831466,0.017531157794299843,0.02016630275367344,0.034938121268332234,0.02314971871555332,0.03274288745252786,0.011039600336919787,0.0020487080338013157,0.0036381592840898855,0.010836711507144901,2.851223511587275,17.082617723575858,21.230824989389724,3.240916953232752,4.176790890713458,3.0926563070648183,15.12823989852403,1737.4865916716087,14210.59650574973,840.1286711427284,593.2823648379635,18.41710867393489,26.448575116180677,6.169211081882194,27.2831159876024,85.21941565616898,0.8456703037934983,1
0.1963755528750972,0.930026392483779,0.19653238441225587,0.007893873251615828,0.01419743024004256,0.14313266935742353,0.02707038658543677,0.019650584995413674,0.040058519333588755,0.006789364130841984,0.035898955948106936,0.015068732954601776,0.006618832370284101,14.960357062733149,21.76945929661713,5.864020312643699,4.63878812201763,4.519038306826404,4.457589464640755,15.052265009426703,2144.522309776288,13463.436951724263,878.009698042867,628.6450899068641,26.96966582203215,23.08236691826907,9.10745378191818,15.510794500463337,51.92221765046999,0.8039508999691055,0
0.1742510496119929,1.3717363291206937,0.30367289986215,0.010150167365947286,0.011793543191076693,-0.0004074937392871403,0.008849706594131368,0.036128683707071285,0.026459776464193133,0.0014491244930410277,0.007513365752373727,0.030400546796080598,0.00573169334601519,10.862616243690852,17.088375503259797,11.513351707512706,3.0718331740128226,4.564563790254573,4.841981714378401,16.68673263191487,1729.340573908117,10890.711783907982,823.2079433048509,536.2300869455363,29.87480716462433,26.796930386602515,4.648512153643615,18.360190676351046,78.85460154747382,0.8220248344766655,1
0.21126826717664215,1.2157788192962957,0.24690056840083655,0.017594939925420956,0.010547730418861055,0.027342958588225698,0.012516014599717,0.009248969518832443,0.028908135191348966,0.009506958004976614,0.027833042370887136,0.04258170818028001,0.005976779771089913,8.21150636566224,19.356768378655087,17.983968886654072,4.159697795704837,3.3398758935409623,2.499864437576381,9.91131485888346,1818.0253942642807,12474.696238979062,853.8988561470735,556.6813512295242,35.72351308772073,21.39905994161978,8.560831777430788,23.652799465175825,118.52731490654722,0.8549746045912163,1
0.1444752953420336,1.3832672459154796,0.2973153721401484,0.002771834420272735,0.002090177571306433,0.00848751774852502,0.018714202945619617,0.016049531478304326,0.03277539614171254,0.006596122168374099,0.014438354305780002,-0.0001499783320350126,0.004701847332866722,11.154273600966912,16.357911000767963,18.552122670457248,3.109202691543464,1.930833172758609,4.068575017299684,12.13721738700799,1011.3316460098075,9375.007296749965,814.999234121822,516.4693942623389,18.460048470281667,18.632554918826717,7.138704933513839,26.23602626183217,49.477769557190285,0.7173216177567914,0
0.1279157228674573,1.6746938480709324,0.24266351806838993,0.003491980316533005,0.006982805482502482,0.044935941404238136,0.023536646685950305,0.04768373605625943,0.03128578335230526,0.007701973506212599,0.007277623727680368,0.039590211258826065,0.008034131087940308,9.266084506867253,20.135022058938283,18.259207859901778,4.415653177198983,3.7488877283724964,5.144662289272311,11.22770842766746,1551.458102454835,10445.979539590193,868.1359883230286,613.6863134551958,20.153796680811578,31.963670593775134,2.6403792184690755,22.518841248359994,46.41642219818787,0.7967366954793187,0
0.12940879844611392,0.8019406072586481,0.37834712866468767,0.0029237987850424052,0.006993426729010165,0.10314265043188714,0.07102493886538927,0.025724714117797358,0.07356359844249741,0.014365330331660498,0.023066969420298376,0.02045310283112331,0.006946090545676002,10.537675161421712,8.14871705396057,21.265318634644565,5.080170985927817,2.8183209028160294,2.7255494391502486,9.037025011204674,1838.6670332586357,9854.219768570165,857.320181894284,542.5817974242483,27.87920446142601,17.1829326362918,7.293428575202389,22.361357388098426,67.99703592944223,0.7110433472960396,1
0.19395806545078054,1.5056119126291438,0.19136248807009928,0.013809912627811222,0.019277172419576626,0.10951960921018977,0.049218643572165224,0.04401583661030352,0.025719165124450903,0.006864860740848027,0.016637962633332358,0.05812464718525106,0.008270073714203479,17.93425769392434,12.585996556575251,29.453214951995687,4.462660714933213,2.8891014521146348,1.7563499218258398,9.028186988772516,1721.2026235275118,12382.015268590934,861.0050460649644,596.9171443404514,17.623828973553067,18.404206991439004,4.502501795141293,26.451542936956997,74.33702270397228,0.7047434489988386,1
0.18394584531262412,1.1056120051156113,0.28091061230784486,0.01060561219180693,0.010033088511276714,0.13791960002966758,0.060308276306964184,0.017018474738001,0.03336442456455756,0.022130890019208878,0.018541555670278105,0.05326564265588417,0.0055829871380924994,2.4488892947979366,20.546039912933654,18.643707932328795,3.1500729416666178,4.374941533084262,1.6509401979871552,8.726389264754326,2118.9145167528013,13343.700614350388,884.852269015173,544.6637535865852,24.593647718176864,27.75759004234791,8.210404665244315,16.14534592289175,69.37696286273895,0.8468226761435188,1
0.20388218806094743,0.33904658215632777,0.3427504834640418,0.014107578473031658,0.016599357579772153,0.19801501775049524,0.046133528043287256,0.011567016887150476,0.06084381153966035,0.00845892035919585,0.02656116201860271,0.03243006019637869,0.006317366647237458,18.370720025599944,19.250021339847965,17.953440224220955,2.0994649586046403,4.359421680264031,3.3876902614786033,7.443014510228393,1707.5493270414208,14386.788872795743,865.1914761546418,596.8319555531007,28.508049245670836,24.593939951244323,2.2382609459173994,30.58722213898789,58.801978510059634,0.6097167775581398,0
0.1728046270842183,1.0880758630491976,0.06026725113128861,0.020287981269979875,0.013788306833155448,0.10785507428738021,0.00271058292765438,-0.0006486527768364142,0.05921226465006971,0.009958196063642717,0.021731976427087473,0.02140334353704293,0.004839289994294537,20.787109729969128,23.173027558806005,18.26932252321189,0.40301313168552744,1.3693987305976227,2.8578439919923024,8.594519610942525,1650.2239991129118,13110.169849147747,852.9282442338324,617.7238814768638,31.999929482943816,31.137305461397688,7.176941869437523,27.437052768183495,49.823887009638284,0.6662699184053018,0
0.18065593990823173,1.6423601697429235,0.20140221699037542,0.01336918930805561,0.014197263452289954,0.06506158068315948,0.03246858363407298,0.01276831561170607,0.03329713722443615,0.008984157355076607,0.01604933093872791,-0.001586903241405209,0.008902750922140764,19.440786608717207,11.319673907296751,6.914241427799782,3.2091227390196093,4.4982932404923215,2.071533647389357,12.564298698458245,1688.4867071898348,14211.614606825593,872.940375263057,604.4633570312697,33.679518193499845,18.183468718811966,6.9158464475838795,24.398424702738065,61.81891489626312,0.6984156545824644,0
0.16701253923357148,1.3135004094646003,0.14012776888242007,0.021742631609311114,0.014603780601793556,0.07927738682240411,0.04842051679461987,0.005057364709337613,0.06549306248076683,0.014301662797083602,0.013930365541273644,0.050887721037531586,0.003721427681579464,16.540641682682523,18.341240619706763,21.204695936924033,3.6238839885863863,1.911168624252009,3.011155708214872,9.200916087476205,2334.9692807341394,10412.767000693246,855.474979333381,538.1646468992906,19.58990791509272,20.053943080953097,6.046493654483861,25.24769319745784,56.708654381279416,0.6438736778773242,0
0.2104201245431876,1.4282028833418063,0.32756552206023254,0.013238377743887544,0.008657725445734111,-0.0033868085915601392,0.019071847610726538,0.010392204417551098,0.046321756442178674,-0.0049685330133031145,0.007754430597749103,0.06659125192642479,0.004490791235213454,20.89769133803869,23.888224094097147,17.5743058996758,3.75499316076835,2.1285344788880316,4.215796144184324,12.087551274166238,1346.0656424107244,7616.029402951172,827.9143986973414,527.7815191090731,10.933167772860562,26.926027164200903,4.212004490195561,12.803623930919114,85.04046515517844,0.9061009868508236,1
0.21665114086958404,0.6942006372180137,0.2745876493366376,0.000258750672868447,0.004880209439011966,0.08705531779323214,0.03625731302981822,0.018667212847708444,0.030805172098739217,0.013227990394797728,0.025541429265127487,0.024258355937699816,0.009535857333679067,16.278921261631826,11.749531223456724,17.462617231031782,5.941076748058054,1.580903231811647,4.485579354917029,13.33643752406258,1719.0505059851716,9152.56436259213,831.4327562613535,538.09868875852,20.639593564669717,27.534541001464298,4.552457688652618,20.77523208520334,93.05478807154329,0.7506211571906029,1
0.16428027934730036,1.2209033961989932,0.35359884678535647,0.008506526299987662,0.012646840033519093,0.005811302804459073,0.016832345641191092,0.0014170851177489271,0.030059386186681827,0.004186447803361193,0.023173626332553612,-0.0010691226732653068,0.00305044291752321,20.416960717916762,18.126142354365513,7.459620600994949,0.0020916501667396226,0.5234199074071268,1.5254505199203694,11.696220934630468,1958.0363958182863,9694.26759690576,862.5286454911524,639.1651155382177,19.801597397882976,30.660668462284875,8.645805348085917,22.890052629629533,63.406435489887244,0.7393540465917856,0
0.16274448471913758,1.8362328290471401,0.12342585893230981,0.0011950261061963261,0.018363573669856324,0.002743682980816342,0.036321357394599026,0.02749766628489185,0.06796967986138643,0.01672142287617298,0.019549555215448464,0.01837113827314486,0.0023489757820305806,19.620490644203947,16.760124143946403,18.4928774043101,5.6374082368129175,1.410722122958735,1.670642349954806,12.245690025602373,1923.7673865204924,10683.744548886629,855.7867003565524,581.2016545808514,25.25307212943132,30.188200073815928,6.077615022313458,15.793941720290253,79.55300139910895,0.6480295091071299,0
0.1634917894004209,0.6510137808463596,0.2803524318084088,0.013367123099136052,0.010709772421944192,-0.05451495607053476,0.023887351151864085,0.029907108466240853,0.0552759954472652,0.010623316967037784,0.031701923340705616,0.057019878114550324,0.005355976058765191,14.66520554842377,21.079367810994903,21.465740375106357,0.9112311492922824,2.3729863070498705,3.065706834910822,13.833873441714733,2386.0396558177704,12758.650728061228,889.9564091282606,515.376452061277,27.235324276829058,28.030425914401658,6.64554729425177,23.756263148111344,77.6586304305082,0.7736091231253049,1
0.18795854099893616,1.383122243970314,0.023413926001268737,0.010926429896672368,0.011792641110004262,-0.02970435285051777,0.017678575693273524,0.017592756960109493,0.03944061171026036,0.013042458243390394,0.016414574724373902,0.032145717321931576,0.004832878904207853,9.165410993142784,17.748349067440248,6.7353271881352015,5.906076361769077,2.393769141439016,4.40758700108938,13.785026406324839,2397.128618850587,9532.32682749161,849.3780541595293,612.2564704904704,25.874776144176906,28.37080231123957,6.938195310068492,25.918707400818896,67.69135683566044,0.7920703645386539,1
0.18186744748553302,0.9807198807332909,0.25554958421264556,0.010163698994915692,0.022455471363662386,0.058874735152767144,0.017717129375056304,0.002240177530381072,0.036425862308730086,0.014446317123794879,0.005402133280820011,0.052156465648336016,0.00807277181717405,8.88887140204023,18.18090244342018,15.222510411596183,3.811576476092495,1.9789175863234432,5.250991274190046,14.285309178791323,1952.4751295995345,10972.701969102323,855.2216811802906,583.2491169638306,38.71953510039396,27.83387340618606,5.675724803709409,23.289978983958232,69.18451996385605,0.6443514712811534,1
0.2115623611512437,0.728252351346953,0.1467550862443025,0.01472395962122269,0.011663612675432328,0.09882339097381443,0.009913243474121869,0.026882597107724136,0.019086100582441756,0.00694405748874857,0.0052132640368970275,0.056437619843196035,0.002680188874989635,14.248258168568665,12.381572336615527,25.480806380254755,2.267330862992024,3.764242292483293,4.281401342367543,15.064193051521194,1838.23113896313,13568.191192744996,848.4021232001894,629.7291657184958,25.01700433726333,18.792584570297453,6.5724126305930355,29.463255894170025,90.58424486849587,0.7367247825848536,1
0.1950115833504353,1.0711887382031766,0.32425965530754597,0.008448140124370191,0.013437819525836642,0.07573278255017984,0.014687776859396243,0.007417353706327122,0.0058958478444796625,0.022901459493453874,0.002304897636475279,-0.01188875053429806,0.008265912329612275,10.963611149948147,23.159444241851105,15.658076866363709,2.0862958667136553,0.6376985812880207,2.0194639695056145,11.68140188467745,2206.330019003368,11942.59185659929,801.0846136707682,522.0957323089945,25.02547879603887,21.50368396308042,4.3454030231571315,18.83493088843118,86.22849932347499,0.7045922946858324,1
0.2091164464429353,1.5578588750295488,0.24153449940018418,0.00938437909210125,0.010873686787543232,0.10363851355186414,0.06168988750314117,0.013521277103534787,0.0022059303275690917,0.014539261924549352,0.022422911858023184,0.01361894713762388,0.0072280725279144165,13.205868145282253,8.8233301034826,28.71556436231873,3.1483308237827754,1.4935224234254878,3.9793205572084323,10.373652639951352,2132.2639694712448,14527.026085666299,892.3620829242784,551.0772061993628,26.31340658237979,24.02608315442696,3.987891347799219,18.820570510582694,87.51933032686775,0.8130392637604568,1
0.16973607270973207,1.139480311906991,0.43749232422501,0.00280714104236357,0.02046773566706836,0.028694271535447714,0.016736708197476344,0.02591668049693131,0.024606671819772233,-0.001627100770698402,0.0018836015288161284,0.035133704617829574,0.006228465289004712,16.617261821301952,18.33691551570284,23.98508258248977,6.071477855845274,3.600459139732229,2.0250835570384647,15.893321441373505,1411.1024277041836,15522.80509987223,848.0027965200892,572.9861434022324,29.521577646700237,27.493885258763363,6.008440807866615,25.33129270125153,69.97470635362191,0.5945374624713053,1
0.15991890806315978,1.2637850027216517,0.19336712474607398,0.0172755941288013,0.02036434100949265,0.09151337270129885,0.042702000231958505,0.009844186203494549,0.04087801066246777,0.007782392000814425,0.020956075441125776,0.020637509324076188,0.00608235903389787,11.20174119583311,11.66677403521011,15.961844635187555,4.623937381503316,2.9257430309023977,2.2418257179667282,15.07621971225386,1756.156853131464,11499.145565126477,868.1136721219527,601.8070470252374,23.40707009240784,19.350398675026863,7.578753548153283,21.579782940362666,86.10370265433465,0.7046552904304293,1
0.1643047618374459,0.7543814199352026,0.37930400341775333,0.0030282098780533397,0.02099240043569059,0.046845839232868856,-0.009406171627028025,0.017072420812275453,0.044525845344868725,0.013588693533294897,0.036123115279035486,0.020522342604285617,0.009690799362500759,15.216158448224451,19.467711029445546,14.43514762025466,4.166324648286192,3.522331656216253,3.854675025801604,13.076729944238057,1815.7604573399626,13478.237305546401,824.4133562250893,654.2391568722567,17.504113011932127,27.838109875579423,6.645605134097533,15.318217844852352,87.81822871777311,0.750934742854888,1
0.16822266346522607,1.6363446682414793,0.07574309442148558,0.02170908036989332,0.01246027568655996,0.026507390608729718,0.0231248696097978,0.022684132736945622,0.06540176050509794,0.015164871174570155,0.03814252827700275,0.029409848027618573,0.007342052022777698,11.88409842345968,13.584604632008748,11.897295622771697,3.3471923737481593,1.7383179486594114,4.837472112083827,12.129552528650319,1817.1276680680614,10241.451075838644,899.3434493864917,640.3989595190804,32.50624718767766,31.78289434296139,5.576887935385033,21.899594855604935,65.51915658502676,0.5967647319058828,1
0.12728504521966244,1.4562171740299092,0.16955188994484274,0.010302305490680152,0.011459305048042916,0.15882693059430847,0.022950925367245162,0.005276459384892223,0.04548077681298607,0.01211314308596283,0.02008066759411136,-0.005421136046743644,0.002635865432604429,18.582151018287,22.39091967819501,16.964536795071957,2.2259097352044788,0.6943980193967048,2.169530273173812,13.425749787017502,2412.2934861962717,10604.67430797388,848.9976723970622,577.2346574044778,19.78081664792334,27.908350581395034,3.803146101057582,25.098530900895557,71.60782476777362,0.7484667557405132,1
0.17526889425562106,1.1041992311913,0.33480717919269326,0.012410321071913363,0.021030445589184807,0.2095472692761975,0.022851699036586,0.009654020403933452,0.04448840076764501,0.011983139696107287,0.027887540438854472,0.046493372493828594,0.004996484477660559,19.170502859550343,17.449056273970065,4.614201703495862,2.378225673798524,-0.9232034400057745,5.34602102731772,8.234405655252509,1784.6234147154255,9668.941220847377,811.0355542520663,597.2977244169725,9.320329183705114,27.82798039875425,4.498964825487772,21.654076901335834,69.64757677580626,0.7728695030929666,1
0.19993717546931616,0.9446869093886023,0.39564351263534525,0.010773517807696637,0.006960660433889349,0.07815280985519509,0.010261145269968863,0.02753189949732549,0.030412921146878314,0.01234261801409418,0.01951223735499383,0.039944359609063874,0.00650086056600209,16.35460671353721,27.26969336462695,16.4976020970808,0.8567007743255068,4.058841294156829,4.154185966204356,13.15863466398751,1923.8297111777374,11433.048016891376,847.437947467952,656.4880168243574,23.132136779403087,24.50137326157117,7.591063299474779,25.848410093716026,77.00992649534132,0.7243130903420453,1
0.1630314273161837,1.0697555791405986,0.1488795065642109,0.009575223639840988,0.018996139750355797,0.15161519212857572,-0.006312979517576353,0.03245041008223257,0.03443760271267332,0.007241624309766609,0.02024479669851911,0.03912406638303487,0.00636222457777886,13.911724394309418,15.135052771509532,5.772880575977322,2.5460084344866756,4.134172764262773,1.8478944668034478,6.48567730482348,2576.671692594039,12890.19451568429,849.8695454011845,596.4381332283212,27.56530438210112,30.81926951171312,4.678636523705103,19.2589246565227,73.07090404739346,0.7440666208085315,1
0.15558575148171683,1.323999593266222,0.23205448232975162,0.019298693223411274,0.010334811904731192,-0.04627496792591994,0.03470270598732377,0.015959046881676004,0.043513474249835586,0.00983465999319116,0.03558294956772448,0.021559882065818395,0.00497240049458393,15.073279549350634,21.406348227006713,18.147382485572386,2.693539187099751,4.6563946008910015,2.0814002105914313,11.897074930282622,1334.7060437840719,11098.665694350751,851.8899335673564,595.1591744945372,29.608757825158648,28.46325658475169,7.84917640820502,19.640947392318232,57.48220586300336,0.7415863364357886,0
0.2195288116903097,0.5325602964487218,0.20280861457955138,0.013003491117605329,0.01866275733832564,0.028770614749737376,0.026522523593708273,0.01986496755407023,0.030428914665645637,0.008231737225592244,0.02649093384387501,0.006663544609318672,0.0025080619350500363,17.960514916012457,14.307161883012945,13.153780541921215,2.8915064980465397,0.8668870088612599,2.2700057890144567,12.921082553788088,1518.8007155735127,10581.931776942596,895.3207879701453,575.4690098688737,15.011770541405857,23.256774545414338,9.31759552559432,18.864764163730197,48.75181422304321,0.7042031297867908,0
0.19244139980612096,1.5732512289364278,0.26010513595865603,0.009580129169745504,0.006350750713907201,0.10669375370059306,0.02792375031194066,0.0320357805453346,0.0504243158237745,0.012144055902165028,0.006135105793087568,0.01076475158453596,0.008194150612825257,20.86950465787104,20.340805174379923,11.675167443400017,2.1134314189097374,2.495774995923372,3.744549365452449,9.14421345697124,2290.20030940345,11829.514141721082,886.4815517568533,521.6190650377749,29.51673520966456,21.387219557697517,5.58201790441261,25.534254928388464,80.58208718446,0.7634348480438797,1
0.19115382121450247,1.3252737895459918,0.2567334584148557,0.005479285082061266,0.004176889363320979,0.05581604791779668,0.014761175237298323,0.03191173044940096,0.06424181438645472,0.019028344390581327,0.02170484680696914,0.05304501303745497,0.004831180450623523,16.954349539009797,11.569692367281606,14.757520692255868,2.877131556411588,1.1858663191622485,2.8430300636126953,11.378928117941907,1964.174699032352,11457.32166954798,886.4732426922392,509.1298088387242,24.8864154418827,23.275189662531673,8.22981621050565,21.52039661963061,53.556395880760576,0.7683927136677426,0
0.19843603003954505,0.9672871866431784,0.3444102538993222,0.006574605926875185,0.017598438892766907,0.07561356187946369,-0.004895207752106029,0.01077648670938082,0.04456964355436384,0.005901424885663051,0.012278510362880576,0.015501716924690065,0.008447159319518548,13.048479254441503,10.502760118701627,4.764165574182645,3.916659143169036,3.6390375176894674,5.330627828594453,8.033481130079974,1910.9342051923104,12826.697557100506,809.5500548415839,568.7568702591951,26.116299752664315,20.644050231076662,6.22619833595115,10.601050885180335,74.55617275474818,0.8536525902060427,1
0.23519320077822153,1.3787490003210792,0.3265362549108527,0.019577447602329802,0.01234668580857674,0.1534361806542734,0.06970760790520586,0.02395307252649331,0.0300956980399053,0.005075269374414838,0.012866890997197886,0.047087386406988424,0.004177659879950311,21.110970900533978,20.61070866959762,15.317689775784086,2.4692737106817284,3.2793786898518995,2.786773239597271,14.973178272667692,2044.2267324267837,15439.969060658806,854.7393811811578,523.7708742232782,45.70264398208399,23.625832967258717,5.627134998973332,16.396026312539497,55.47398671316414,0.6043178159639923,0
0.16580840290501653,1.332340521846231,0.16678450241472817,0.016756755734606717,0.013400226713487022,0.11659280283142513,0.023584322762960016,0.023286440258048085,0.012123647042515891,0.006792921049882829,0.011408957259498594,-0.03165124350286475,0.006652762015691121,11.1892076848689,14.463265887745186,19.483538891843516,2.943387305687099,2.0005241751830614,3.6613215170917135,12.510608473840616,2290.4068120028783,12819.61759929919,877.2837751749269,543.0254623974337,23.47570168218415,28.274575493437627,6.11089852526386,25.65249415131875,87.3846657999541,0.8510356614874721,1
0.19974669033178202,0.8217015757212875,0.12657574254056803,0.011239579117522538,0.007580005716267797,0.05098048175374589,0.01913159140446966,0.009013206265656151,0.07539826135311187,0.014472294215525646,0.045245092766074954,0.010639740708214381,0.0034101362293194794,14.292077903528309,9.511783182106946,10.834334331598267,3.717749597693835,2.5159853025000523,3.392560925214509,13.49937519149088,1630.4394337530168,14526.728169901839,805.2174647228193,591.7658353555643,26.285564869255346,28.77184362966105,7.374141603025718,16.986112216812604,67.4608519249763,0.6856640740498183,0
0.16684330892295726,1.2597453929084754,0.3062752106511115,0.00649663037401956,0.009274563850022049,0.14501498618659975,0.0456040344237215,0.024202685290565615,0.022988692209931324,-0.0006201353793942547,0.02160685498125653,0.039459071294265416,-0.0005006669523914117,14.448084096769824,23.898309435438446,22.663919423840525,2.1072465013872312,3.5754665774544616,3.1224828371591618,6.694242990259556,1599.9703563651294,12054.309818444995,809.1592638625689,574.5288453176372,18.560509062633816,19.50359374929423,7.382739437260935,25.865775811788136,82.93072473298682,0.8485209096081822,1
0.18282514280174925,1.4771430336949747,0.1842339190537658,0.009089121540656988,0.017054198675101568,0.08999827371871032,0.02395461215834947,0.03251947454513157,0.041657296837379926,0.008200444532166642,0.0298201098612159,0.04412133899710861,0.004619323753312191,20.13595780020207,16.774090590891966,3.9775897455983795,2.926238804959364,4.0912353062351485,1.580085134682679,12.484161148903528,2316.4702152792092,12583.722626029308,828.5940659135711,612.5446614580582,24.562332229968206,25.63648941862967,5.922370141060931,25.804368404734017,71.01585328651642,0.777598328576347,1
0.17538950749639498,1.4365396967033601,0.3259050477177296,0.007927723922099773,0.010536572705123615,0.02684175596613339,0.03265195344052202,0.016152079763959295,0.01369123468225476,0.015139795011288992,0.022230203029621632,0.021723797627562057,0.0058072774288235535,25.362992703812594,17.723062520920184,17.72161352382868,3.9374092354738197,3.023081346751903,1.3896848347141662,17.327540684373588,2015.7434171511352,14623.985580784194,854.2735527715619,611.7095875731031,20.32836984263703,27.084397560018246,5.134167736609529,16.890082324928372,77.11341361079862,0.7735082403241528,1
0.163254751379006,1.0148241951898966,0.20764264291943935,0.006022579737476506,0.01438120176693833,0.08418225616575681,0.032429221283990915,0.022509510207120432,0.06590014299876837,0.0034501172281250023,0.0082961640189566,0.05926871308521989,0.006660299898783877,22.847920331405394,16.356057376399868,11.249809111784394,3.464594254630513,5.612883797840907,1.5139297179178586,12.152121761591022,2034.6307722203937,10354.960711636635,878.6852030668193,597.9913047177741,30.88288661313621,28.194622333742803,7.841106026021882,22.311847401023275,65.92536225623445,0.8060591946743564,1
0.1864811405644312,1.0351117019902119,0.3898509655296668,0.01197153588740748,0.003029040667252819,0.10469394314985692,0.010239943639941181,0.018070186322393104,0.05835544301103,0.020088879065875323,0.008141476707611301,0.012668588911490065,0.005917438453215258,17.744392577601666,20.37797454099165,22.79870973641982,3.006793936577337,5.611287115521652,4.395766148304152,9.538244112438166,2220.6825710946646,16543.14891780912,857.6571386811679,597.6962705530282,21.921596641357095,31.403277804411307,5.225782695962615,24.441855561236785,66.95530499495146,0.7739812771051585,1
0.16240371292995892,1.2580254983837527,0.2878725932569973,0.009238215256283133,0.008597529761179761,0.08010769237268643,-0.007608710881261631,0.007548494240399144,0.029235257398504216,0.00903696780619597,0.04040346598906489,0.003746788784014434,0.008562990798506824,15.15141818276482,10.807758745512125,21.56274597170113,3.3726936316969374,2.1127676143936247,6.0436347899235985,13.450484105892874,2035.3850512677625,12111.579257233107,856.7597553862151,572.708531742821,23.792799442220055,28.96382571822188,6.225176951039734,18.455657357809308,73.48399652394183,0.9047825602592591,1
0.1784847142692908,1.7117859726631004,0.1674435806324452,0.008616322683811318,0.01569118615408081,-0.02296199489864134,0.08273338283891177,0.02155511603763561,0.07198246481673468,0.013082896761536355,0.022281872889609554,0.04274238080822455,0.0047438043298404335,20.906108171103007,10.458293741460075,2.342849771109975,5.139351387119647,3.2558490401551894,4.590839817137728,13.776095428183847,2485.4320349143063,11601.90143478309,861.3901856705321,585.6453956298119,33.90608051681711,23.29448236041647,6.45348412114691,20.080930436747852,49.89983601145253,0.6394161577174037,0
0.18510767511348633,1.6778368882054924,0.2675441869760349,0.012987923360418839,0.01935792541284947,0.13236724486817658,0.03416983941151161,0.033906435959499576,0.03695962188734604,0.01802467250876951,0.019165892652534388,0.0225487543885817,0.005492719092214996,2.587280070445807,11.950486465253988,27.115530653067772,3.545376410769285,3.605832142110928,3.049815269828059,10.94554909151649,1911.2097280855219,11195.807791006939,869.2101133278901,572.1519335968367,15.333938067031802,23.626162028122607,5.849666475932692,26.10098622688151,68.0379337591933,0.645617173273314,1
0.18211788906230467,1.2049997287629002,0.1026481781633714,0.009592021133456273,0.010917384012319132,0.12129231838717297,0.03425648797339938,0.027819425354519183,0.07371403508069943,0.008920846222819228,0.009133638111147183,-0.004604442522909716,0.005070153971270559,17.068131888571678,25.044547095480638,16.480922769942318,3.292258228478395,4.292473293484729,0.535096448144583,10.461543571630969,1807.56520445064,9839.494876843843,813.3256232404733,602.5646770560079,35.08302814512034,19.764142923418635,5.77155169005533,23.6333924915485,36.59125768668355,0.6937330468877516,0
0.1808702933728693,1.3286714165506,0.2501295225085553,0.010081668668851672,0.0041600586721986625,0.04212553182555797,0.032622386493502936,0.005396975647907774,0.023472694294682628,0.009456916725308288,0.031932422751414315,0.015362815802838721,0.006965859890355174,18.080128543738358,15.181396463191676,10.281991420403346,4.487469567391203,1.5159325938904198,4.362886642781327,16.87257398316619,2269.3415844335977,11275.331083450274,843.405918831768,600.8818214497883,32.88231386488818,24.22493285537715,5.990821493118377,20.554158773845163,85.04987278980457,0.7150991451630814,1
0.23241586182059948,0.6919755645151872,0.19005138484617778,0.006080297700871022,0.012793780254687715,0.03591134614794855,0.02710266489707811,0.024050353858557128,0.01773871797625645,0.007044265850371947,0.027590129705821892,0.03209084491098432,0.005023974393655828,16.505006169592377,7.558708935884837,19.741696396645942,4.2724758295569085,1.8522979993355695,1.3614955530734842,14.535813088337601,1617.6469372085219,12049.283133275892,865.5859129754787,570.5370824522153,19.247961782199745,22.840335153294877,8.876829488390257,30.56451325155402,53.80254895910255,0.8097760091668283,1
0.15966633742847006,1.4133436978821798,0.24338279808828053,0.010273486263870635,0.014365727266338935,0.10458112062479298,0.04021070756902473,0.02484734647968924,0.029786321236086988,0.0071413208862533325,0.015949889285493027,0.0693690257872058,0.00655640919204196,18.91865698376439,12.786414652339122,20.235883275014984,1.8247678074811886,3.6861011141876165,3.1523339784153666,14.946345936495183,2079.7548945524854,9733.080721899083,838.2600878431341,595.2690658715154,28.82740960667565,27.408813545368226,2.4713438315557834,32.66563038260052,75.53485047932979,0.7563225303687576,1
0.18151910535832175,1.878289151124346,0.34508774584696067,0.009853640102628276,0.010096182980690978,0.04365920000385212,0.014991797444906875,0.02381244655162099,0.014667360097867808,0.012942180901201536,0.0046297399887207085,0.022182234656552224,0.003729975803627862,7.258691658845824,13.798955644987398,11.38849906023204,4.426916083314797,2.4911928521851747,3.303897786714111,11.686031805662696,2437.7988954804596,10236.66974383529,875.6924051801738,639.497975532741,14.011787027379716,35.70895912107764,5.311791635208737,23.78653838017724,61.42722759867544,0.6967063599630228,0
0.18779228354741806,2.2046226206337693,0.17270746213036664,0.012554708559521205,0.008262721730208939,0.010750196913227525,0.030151203607882666,0.01773472527617162,0.010757790896091707,0.015673843074333824,0.026055439825855828,0.04522384745403017,0.007721820209082925,13.552549597831902,15.665832446813528,23.41986015034669,4.089191282025561,2.0807130079883898,3.2704271594853545,9.92017162823053,1766.9026364919366,12116.327797944527,848.4531904503206,598.1431940858132,26.393410051236803,30.05007858610658,6.213544937386395,27.35175475535936,86.11676288840867,0.7656404259494344,1
0.1722995637657427,1.2572195079515809,0.2681996700585643,0.0009357916234028693,0.008833636476448636,0.11507144311024609,0.028634275844714185,0.022559771464187712,0.06631643680032445,0.009095962774563869,0.021207704655513616,0.018354658749824455,0.008602259704357145,20.560303400165786,13.422161537327389,3.8033866671788736,2.489595483068745,2.673920700875242,3.5958995034322467,13.551082934474273,1655.3455195499969,10779.015347455934,922.2277426464268,638.1782782683335,33.35196153064548,27.064433216906743,6.83106835625963,18.51690337477116,89.5042383818605,0.751920248943946,1
0.20968232057071928,0.8909362218916703,0.28952511351804155,0.014639359865553377,0.010002672547635736,0.09687382953311625,0.04224539620210785,0.03052547310734749,0.07032232360710086,0.012250273355925732,0.028329454428250415,0.09193177792285098,0.0036570337400580275,17.463047434065263,22.060481873387946,23.180525552981596,3.1046710533228277,3.09441764481299,3.070680407716386,10.734864444469492,2220.1723645593875,14804.725306900451,867.8061695919495,583.5933648851382,22.522489845672975,25.07847806637912,5.564083372912628,18.533945862335834,42.19570647503717,0.7403544220721638,0
0.15006941489819842,1.1704108545622487,0.27594721680118944,0.010411434311729336,0.004049290846598511,0.0015334060911403602,0.061482935720648176,0.01781994368878876,0.06179259045818322,0.012625846566310842,0.03335473897850655,0.039086628663044576,0.004910259858352976,19.219143872428123,22.595097862654903,16.95642478560437,0.5915498954058185,4.650642663385296,1.7704029653417106,5.221887348504907,1761.0423274518957,10843.672753876273,870.3981961850424,672.0179990687304,33.02803889933132,25.154259742552316,4.410373177700457,25.882267165782434,65.66674689589154,0.6738168465684058,0
0.17937121659250446,1.2031520738778911,0.2379906438996955,0.008860652249031195,0.010998993728498151,0.08443180606465282,0.006827934726810293,0.014091816519085709,0.05706030376486995,0.01661463080167766,0.045032378050694884,0.013975592803742332,0.007334710568909357,13.480682852594349,19.565354029644297,25.63648706874784,4.451284492363763,2.7554080804095378,4.043579551267614,8.45710914645894,2158.0292651014033,11195.03263435224,840.6599003965844,524.4423792374778,26.417608591752504,25.118964229096814,4.786383565479901,30.253676549999255,83.57015485965047,0.7549097615128539,1
0.15992085255837002,1.795645243331316,0.1728639942861404,0.012932217125863994,0.005572044996219862,0.08854267475062798,0.03337302735220391,0.015248747215553967,0.06997092721339708,0.0059831978361715304,0.018345759478181067,0.015512296697556603,0.0037657164775907743,14.39864030337117,19.83714709577029,11.3517105885294,3.7618197676029315,2.6285826953378235,3.9845779512619837,5.863131327163192,2326.045409020667,12968.96847825948,865.963857147257,605.2486951060529,31.01627327357494,15.192897954334812,6.15270965583939,18.50393576252941,56.46713686433323,0.795918830230283,0
0.17932774870592574,0.8098535890887,0.15535550522124886,0.012505738689815776,0.022677933650386832,0.23592937400447495,0.050312557679889416,0.029330666057209853,-0.02037113541135585,0.009061491970629816,0.020143819962442657,0.014662609497641765,0.006333587329061986,14.920670407732432,9.845874366402757,16.844575644145973,2.2576321900502263,4.0483556872526485,2.877213380460506,10.993928788362021,1862.0905572578238,11122.098459002358,850.9622298267157,570.7384230753007,29.554062841793602,21.17514395393779,7.121302457768216,28.634133673851423,96.32411303931636,0.743326436319078,1
0.16784249478648364,1.1400237123683563,0.20505263205186408,0.006314195906284315,0.024649638746259764,0.04096060271982831,0.02001097614229573,0.011718194361264919,0.034357501137245304,-0.0014161931730751979,0.004267870604382929,0.03294021667225727,0.008567478867402816,20.497078008964685,17.35483534892581,16.307887420327035,0.1008987861465922,2.982348243264549,1.2762015979679062,12.713392089417178,1900.8340437899335,12949.83974758761,889.7611677637058,606.1969779340614,18.531902458002634,19.031854553174785,4.025820069420068,18.822213513164733,72.81555778747564,0.6679872780950747,1
0.17867734770748356,0.9902207454949392,0.211458722312522,0.007971965362919777,0.006016672038578021,0.1733119120488405,-0.010948743715415009,0.022690526930157072,-0.014808528440698625,0.009364207015625578,0.019276525248493288,0.05442331500008174,0.005277131607299376,12.56389529165889,9.764078223758858,18.385749870666466,2.23846203242492,-0.4338408962760978,3.002869404031491,12.865828953895479,2115.933855055414,12530.012718136608,807.2496404973294,516.1987113217514,13.907239947542678,25.997969615415947,4.6492037200598535,16.729251218181453,56.50301761461878,0.7114299807867439,0
0.14212770666092428,1.4226212498135031,0.1406513309375339,0.01293131632728698,0.010929248446444056,0.12244746265186286,0.05555713310061028,0.018445775674722404,0.06394357062923825,0.015422387624286438,0.020159086583996313,0.027036429330035416,0.010961301835024286,11.263913457566282,16.71426732890824,10.569436743261749,4.124332556167692,5.875889301756107,0.7648759866350727,13.129101111597326,2281.726683089339,13684.137720755803,822.133526247695,599.6336650197178,29.150676362247925,25.721686686248518,8.65359307972929,18.870076032482817,48.49357430878173,0.6897889226485042,0
0.16967140712224857,1.465881098133244,0.33235304807642607,0.01082030135693852,0.02025286481616424,0.12162940723154614,0.031049147737788878,0.027032538280959473,0.05589517044943869,0.010036753374598495,0.017565935252048807,0.011540462032518121,0.0013280927623971284,14.558698849324793,11.909839630469712,8.339355226845495,1.4251296819457089,4.438061767442742,1.8703185743510073,10.358476187568696,1731.876415364704,9345.431924243707,840.1663693112736,638.3417106264194,15.067039506734627,27.024006819698926,7.5028032114328544,34.83182786404374,75.59955513303017,0.705868203444614,1
0.1630473214276183,0.8040168829791944,0.23194748954301986,-0.0013321211605709597,0.007732522599693292,0.05344464243355063,0.052867230604116563,0.02264481684951374,0.06138567412790366,0.01754761996349427,0.01764128535466323,-0.000265589383155445,0.0020324755810939114,12.271723028187077,16.13656897746159,17.33160824591646,2.7510473883076125,0.678440398138219,2.8930231642277713,12.67154006933897,1943.717256606716,12598.301945914893,845.2211319231437,545.8196208908025,41.97687565786839,21.342512915267363,9.08445151528878,19.989548702912533,63.92516765438772,0.7409966647780484,1
0.19970899371230436,1.268901754564415,0.23853928677086458,0.011613098252148688,0.006626694802835685,-0.009076287515179166,0.03253649370269924,0.025477389787375605,0.03582164085258257,0.005838052775152786,-0.0022967664072998106,0.029058829184512268,0.006177645924557577,11.955884187883175,18.65836163310456,12.606518094960272,1.6823992839910482,5.013385174290271,4.354069722427455,15.035716751249314,2151.883541446276,11879.187735567728,862.8236621409083,580.72373926242,28.73903655781431,27.192732494135676,7.085099456936455,18.80376933274807,62.41260513576886,0.7333912020066647,1
0.17597016932104964,1.1283626859935374,0.36535560046415116,0.014154424276835267,0.005869103210936583,0.031540966535194115,0.03437436532282975,0.015007523855053448,0.06766271293556306,0.012387944097765025,0.004714120177363329,0.008899584892456309,0.00799616834520731,21.172284893823456,13.110652730193245,18.589656929113325,3.209522947927848,3.1245572997199553,2.144272971538384,11.13053427339481,1836.0436517874264,10408.48984587718,873.0816027411272,594.3611108962392,25.503199339253122,17.902292271145598,8.398383171288113,18.233118302112373,80.60230209941027,0.8022040638413253,1
0.21108320841429548,1.0517668950396868,0.14079825636586918,0.007487425043323287,0.02667703103194234,0.09260049848135535,0.05956242452198968,0.029230448272267617,0.03175159860300186,0.0038723263889254888,0.0427409356914324,0.02814801209463214,0.0035664287178371647,15.329655542894502,22.884249127946084,14.386724498461902,5.463628868892483,0.33303669794647384,3.375392606468209,13.558508442580278,2003.7838503056728,8747.138482166847,829.6806241524944,596.8488895774095,34.117030036926096,29.257740676322623,3.113318104705571,19.66840971413399,73.38213535231613,0.7841389847511165,1
0.15244764998491525,1.4748263183435664,0.24196194235426358,0.01814349414072717,0.004102818506412007,0.08071176075084706,0.03162554335182137,0.026712701367053535,0.04708618763037721,0.011117618812707685,0.017712156560806186,0.008328069106549242,0.007040352843200543,14.33162042672594,11.894326006018796,15.218218184397937,2.4195238512634645,4.9290751557951396,3.33734369232948,16.35212977240327,2083.2661910479587,10602.19423595139,848.4663463380086,643.3895857218048,19.041117766918305,19.86538812358375,4.131146474836167,9.279226897856635,75.39361229040213,0.7891393727048052,1
0.18007391343695694,1.4330950332695458,-0.003634058870244483,0.005140775456445427,0.01798584013623927,-0.00588129082326562,0.022451531977393406,0.01700450588800808,0.025830237969418177,0.006521596279167425,0.02995302900529223,0.04484419924853,0.010608179567098381,10.753595190449541,14.992140963134029,23.492293511877826,4.948771878943775,0.8145936817189052,4.486570570391178,8.703912554794403,1430.413596293654,12694.820955390205,845.6095398949541,580.281271913982,26.79955320429618,22.427232081727066,6.530348796562752,20.916060910523203,90.88950596967366,0.7422107580159945,1
0.1946374140857659,1.6916859137188203,0.19404038238658855,0.010191301279138733,0.011744406534923112,0.1725365976596781,0.046624222063995115,0.01224393638562397,0.05558261251176705,0.010389686482791049,0.004227703638678779,0.047305423145890924,0.008440952782162149,26.901938730822447,8.009589800406083,7.44537719091503,3.593546259912007,5.254091521198928,4.93015463456288,8.040814031552987,2022.3537155289002,10785.18150464773,824.1097858599103,681.3813027442454,18.74920958743389,24.695654138918847,4.267523699726,22.103182701787528,84.82472415243186,0.6557699637826093,1
0.1489248246796787,1.1481931012546236,0.23942645154845024,0.00693254384798179,0.01316521475764742,0.027350958670662104,0.03871092637984728,0.02107229288419153,0.03199760677397738,0.012807867352855523,0.02709114389633284,0.0319825158495232,0.005843226600541214,18.41930556965996,8.787179986001473,14.771785733331022,2.099329551616988,3.755789901258736,0.3844582394141445,7.235610222013367,2484.4187909020657,12672.677123331063,850.2634464143638,545.1063885879881,17.009624999954617,9.721455254278997,5.829642386847551,17.9254082843251,50.55706739923888,0.7012476224605244,0
0.17809071505821852,0.8428849938032463,0.22898026018507966,0.014708739852737355,0.007680100754619609,0.07036642342989216,0.03800339210400995,0.028225729212004808,0.05861066638649183,0.010361245671181013,0.010396469478578862,0.04492746483650745,0.007027350431586612,9.88132777361091,17.48368878387859,11.70945595308617,2.2576790127310207,4.312132015064409,1.3652954337495995,9.642253311571475,2661.55619004773,13023.051344235775,801.5749520648294,555.2627533122186,30.580915797726448,28.30716424691626,7.555712039871189,28.317087699814003,79.79098406035853,0.7821905906142242,1
0.2068295183106176,1.6279085819935402,0.21092191359117124,0.00907765440590555,0.010882637473815304,-0.016950788258009927,0.048135745458647974,0.006249147668329151,0.010439954893916314,0.016780533571051626,0.016943679452143198,0.037803443857601704,0.00673563913688773,2.9902652802472716,13.051189319417844,18.755452715018166,0.6821563275019931,3.745052418363588,4.552049544130923,14.265083380558943,1936.3065656058752,12197.430104642008,841.9703268998334,574.0538148547463,28.56262529740462,27.75823853212618,7.859219165619679,19.642728934208993,69.22255222070694,0.7411798799022907,1
0.1789959076591651,1.2776207774423496,0.20324357665196494,0.008501863396998996,0.009651177678314317,0.1690246346122224,0.05429333560265805,-0.007452995536723846,0.04824166929742921,0.010108565092424214,0.0034122537491396918,0.010977839065150707,0.0036257393354333515,18.297008949242475,11.861686519866518,9.436179608394728,3.4252149060284736,3.699220695742431,2.952895474613244,12.773189223633159,2086.005445962303,10518.836919590194,851.3076299182535,655.6632135357436,36.13147460120519,26.1711770540528,8.534879751760233,28.29753879978062,95.64643655814007,0.6730204665486859,1
0.15400837526144803,1.4728277960250524,0.2407820613958242,0.0038738587390254276,0.011588731501642734,0.05746999759546575,0.0710414662284387,0.00802042037659338,0.042415804650022204,0.006146910249373306,0.028606854213686302,-0.00010131713807409737,0.006749815372601551,14.514052280882819,8.458733722878142,14.337872075283316,4.984114247819679,2.78583757024396,2.6737059242496763,12.682263803813147,1847.1683167339306,13023.28612693915,872.9053770152439,581.9207126863231,31.614677742983265,22.907607325286236,7.386322039371997,18.026134563846128,41.40143859020081,0.60574743087589,0
0.17337383233633355,1.218089083599993,0.1233129288169936,0.010661614641198818,0.014192896454605027,0.12520504840526556,0.0679029722421794,0.02175574084925822,0.05555470094495709,0.012959005955725078,0.012415360770691351,0.04534125378979404,0.007593368320183241,23.313886445897346,11.52177274939902,22.694236452346722,0.6596370336694242,0.47883056263402235,4.322727420300997,12.869301433069607,2190.9795132526,11722.165726050154,868.7686868604883,604.8020747055633,7.631004979548415,24.79704081869051,6.533515867687133,15.388173719724588,86.47688538100692,0.7535778221952104,1
0.17981399357722772,1.065498104527571,0.47517235555780424,0.00991186054398292,0.01966436677818156,0.07442752991641684,0.015865864632539882,0.019391504799970722,0.044193721271489766,0.007059907404815165,0.02328891536727041,0.038642404879675386,0.005907676112060056,16.009435971457414,8.417151035563926,11.984399558869399,1.614899291212379,4.49415718397565,1.7728815190410345,11.07486459229906,2296.171171525777,9826.57620864598,864.6080967219979,651.5953726220341,30.862919814554225,26.489807780822282,4.836572536704098,22.642295578699077,52.96954613957007,0.718107513989168,0
0.1895271553871244,1.381403485021787,0.15790770107577046,0.012924002507141926,0.014512498480646452,0.11005503974515145,0.0582271372349125,0.024891783506377937,0.0500873013143682,0.0016616736690456893,0.01875699061121501,0.033326777319013116,0.008173726979443671,17.785148112439014,11.638905637237976,14.912413185521258,4.456632507573303,2.0411757888199173,1.0320576819508174,14.75238646078116,2120.3847248531615,10077.111112051241,858.3729201166464,608.7391895472258,30.565493688609,30.33783060328978,6.9654584278608045,24.889758911720257,54.33920201352684,0.7193900628510869,0
0.18958883036172128,1.1655721228836426,-0.0041363050556800784,0.01279189612052039,0.01117925293639113,0.02359904407257476,0.026570087992235213,0.023684975868390388,0.04149775168743115,0.005788521416149657,0.019128516076645747,0.033476470504896966,0.005019665369246879,18.788773901040916,14.62609351674346,13.938828491922266,1.4123242658684432,3.1314377327549456,5.11064893374167,14.06472285247602,2463.439203915278,12751.242463406083,859.5295624354953,557.1759544604674,15.545114580249146,27.178986381850965,10.100835641283952,19.819805787900844,76.14686403138239,0.73145301214785,1
0.17681909579199898,1.0758769178460386,0.19770566874900647,0.007634887962521177,0.010709957319011955,0.05829656983439681,0.04184227800569837,0.007776353850127609,0.028110045551465554,0.010522570180379106,0.023582998149327683,0.03961222430497188,0.007611795554002138,11.775955318032583,10.91569249892521,14.103359860634843,1.5714024223042904,-0.5291797048280387,2.707227490628134,15.275290472749932,1778.1112854594237,9979.340424806933,896.5983756307747,556.4394784274094,25.05000938867047,31.331273480891557,6.905264454234602,23.99106439213242,74.36275447196026,0.7602249733425293,1
0.21608696219573487,1.2740702147319656,0.26949257789621717,0.008676900415907789,0.009238693739436957,0.0883791004529538,-0.04673311096918739,0.03664192054783899,0.04583465450756618,0.01453417073186463,0.02330863531066912,0.033339352466683264,0.00320131390442825,19.797540285116646,22.00388638097826,16.34891964699968,4.474767721498532,2.2937544352443275,2.4193240896302934,17.744713514935214,1924.7347461252891,10503.684125402819,819.1667824625844,567.5806574274964,36.948569300463035,30.54691990380395,3.442066598078872,17.17337765126326,49.772769794809605,0.7210378059564135,0
0.1729191857811795,1.2165302529082473,0.241134995177673,0.0036711073330140892,0.007989002959824104,0.05657547570317174,-0.0006055827185957527,0.004768275358261522,0.018953410607936094,0.010901693453319438,0.016170007855165425,0.026945401100396876,0.006321124236594838,16.79368071998308,9.581670832859533,15.084530977950562,4.725193017590448,1.534983457038968,3.479648270222792,11.975302906291468,2191.575399817565,11536.163190281963,894.6580582585598,632.184108133893,27.850292386482412,20.833304637288734,4.831992978540177,15.594218286006512,44.87895624739832,0.6799134800736075,0
0.20477892705878875,1.3796874885140138,0.229215988738599,0.008238963182454399,0.0044673298490480046,0.012364172446751184,0.031198105135928765,0.0307168037389059,0.034896256569714325,0.0029158823602540504,0.04448586988174057,0.029271053594839246,0.0044549827872156795,18.701667112782395,12.556114775432967,14.336591101400522,2.45639634946788,3.3452712093438297,1.6598713712410718,12.312858966696597,2570.7289641413595,12828.533799582783,828.3115744829485,580.5201905593324,36.05559457227196,29.69734743641949,6.484643131976839,20.086219442162193,55.48084946661382,0.7925946116963313,0
0.13523537533350055,1.3206800035606943,0.32950257716243514,0.0003853255955978789,0.012934951048623322,0.0007953687357619005,-0.013128907540100654,0.02045960936048934,0.02298434502743693,0.01041672675487546,0.02306789962461452,0.006907261022305437,0.0063320376957491445,11.398058205997643,10.173019204091498,15.65178601328555,1.0417313436255426,3.001741480081309,2.841771949263335,11.937638448327297,2586.097024393017,10357.426408559659,887.8438241196642,593.4512332302943,22.680185760137025,16.497527806868042,3.506510125606969,29.148949100027075,71.60278157819224,0.7906755522803561,1
0.16630740348479991,1.0328361816936438,0.12432948342992703,0.017230434031077053,0.013456013775690162,0.017653329897935652,0.0301276308192663,0.019472448919992343,0.05910777142359702,0.011514859367936416,0.023095556467671516,-0.002096086217961257,0.00710162567036701,15.144244473965925,9.278725918676898,20.155213693913307,2.2283748575152087,0.7532119878307992,2.8571983266884065,14.708749654241874,1789.4817960212338,15643.790631852042,824.0403302185659,625.3048983108699,34.15363838323309,27.44823831087498,7.691828298971177,17.946308359892615,56.958452550976816,0.6865920410576888,0
0.14160653687604685,0.5609603321618271,0.25010605509875256,0.008462172484091634,0.01860497894770355,0.128514260413407,0.015530267551603999,0.02268850786400992,0.024524388422186846,0.0160375159747596,0.029361535941282105,0.018060259379089366,0.002096514781979101,15.558470650533375,24.086554098628035,15.343750283817862,2.3341102583476623,2.99648489527572,3.303781324100905,6.976291122978279,2328.490870908824,13166.10146192777,842.1408443543103,633.1702251832032,28.948274490492018,25.112244598527138,6.288627106226145,26.64948222314808,55.26885838994531,0.7259153526804364,0
0.17646451673768435,0.8871986029955852,0.3016470169739355,0.012790347881356797,0.0009120446032061455,0.06257351107933104,0.01423904753533984,0.005752343462785105,0.05757309700360758,0.012895307863473354,0.02701255639443369,0.027255765939115988,0.007751312726456473,10.980984099514572,5.164527185469229,7.029086601372997,2.222346552183744,0.8460675329579761,5.38829687105727,9.641107783875425,2175.5506232627563,12539.647264754363,850.394343656793,544.9225173719701,21.970570457998956,27.567180931740012,5.266623864987914,20.736828510028595,91.63163752154959,0.6844612341196452,1
0.17173069677753447,1.4023862213823461,0.27362239524966947,0.012434942356497669,0.01653272078554982,0.1143467183693061,0.046193150602964826,0.016002294885569424,0.03656379072394652,0.01292476746543222,0.024551463809495185,0.057602465791707996,0.006535392508717324,18.341666148030804,8.663315170167145,19.310287952732725,3.4302957642290255,2.53025771567983,5.32872056067761,15.468343849935922,1891.5825078296255,13037.76135141067,802.9180773659017,618.1835936204134,22.631714486045183,28.63391239280086,6.092905532276476,27.66923683440499,54.83577103927248,0.5989937084667429,0
0.16804979610616716,0.9489064375661977,0.37073048107236406,0.007579375057576011,0.019244100541688576,0.13180623681139272,0.017328209690123747,0.0202012112958086,0.028266108224762547,0.006073410398683809,0.016677272987499117,0.016761296401651443,0.00561183973533381,23.49871371099321,16.384971655595503,13.329734589715773,1.550810215306365,4.24517649674284,1.7090263021279049,11.208884083270338,2079.2904242227864,12594.002588529458,863.0836926630938,613.6742651758593,31.026991070650254,16.2887051525999,4.7108967033994755,19.519632154204587,54.29834288541353,0.7191504706251508,0
0.18781391841856288,0.6829498611390948,0.22193204559388202,0.007718743728854135,0.01445722755447201,0.07880489622201613,0.019001503350713086,0.02107760055452543,0.057098078452728046,0.008488252168341247,0.032840802765422866,0.03327742803472911,0.007941267345222887,13.425197937726276,7.714136507895217,5.494627855910071,7.270514383436462,3.608031253993703,0.7669909743272143,16.779280854495752,2346.3068858457277,11293.080459427432,832.9407306717962,630.5921447286873,30.281742441086624,22.966346547392956,2.2510956905721273,23.58458493494199,50.535663854494715,0.6899113708849126,0
0.15982890631847582,1.1741245579869926,0.3158226224667202,0.004724126006789957,0.01668028083968008,0.02968996301696287,0.02315390313101702,0.026255913025065598,0.010456711673752367,-0.0003076155605612474,0.004147539892701425,0.02570958099328182,0.005199515434136229,11.30642367228807,14.220954589090468,23.44155905726441,0.3022492572229889,-2.784562993860895,4.868732332445257,14.765073894428308,1815.012517321401,12677.2503152732,825.6352490934529,534.3086996509423,28.078120174168177,22.554582531022266,7.903568567030815,32.78237083804093,82.7669079933002,0.7047621246679994,1
0.16140978279615179,0.878870222419663,0.3155940202108187,0.010646794106819011,0.011980979331646003,0.08468044510873145,0.027656559900512488,0.03514280735720484,0.06433446984995894,0.01206035568533012,0.04202243273372913,0.033353626668984795,0.00840283406357405,18.225917482404512,17.007334292407727,20.650823461330585,4.7631810185087025,3.835193920241671,0.6408743914627664,15.645977911429371,1483.2335516359153,9473.848698948157,851.5290315279905,588.1112145121998,25.01466400475585,25.934181187657384,6.52373757568092,22.719408813105616,60.07274031107298,0.7003853361886562,0
0.17914353237376848,2.1214555008419156,0.29366293708258845,0.006984551545236154,0.019348921293937477,0.034670067011963054,0.06871722051361209,0.03252346362298009,0.03837613631729061,0.021665082091263443,0.011771323950020222,-0.001404733081636897,0.008444804323301004,11.674298503577939,19.756924917503852,16.453332465565246,2.788476422265462,5.347655108361366,2.1773944781046533,9.412000926334404,2367.6263184376,10812.288019765063,797.1187902987518,622.8063413765016,10.358782295065192,30.696941792032913,4.552958539064429,29.590100170233725,72.97946906122648,0.7936577726182188,1
0.19580743792103422,1.1267398115786822,0.07642580658194384,0.0012224701207199026,0.01166775512345272,-0.086428896396035,-0.005597502164163347,0.0206589160860224,0.06494607301329355,0.008794683887671096,0.018153890055629503,0.032423643038013567,0.007166809831596382,20.515416391466836,17.681450312827344,16.078313937430323,4.726251974526544,4.3562243922773725,3.262385201162946,14.885516497282191,1956.5802803244392,12760.354775210893,818.3008535588343,588.0335935472443,17.896829186466107,14.22808146829638,7.0576508241248455,27.544904276566086,49.28821010217203,0.6902159821633741,0
0.155217858486922,1.3893887596140915,0.32130429494958046,0.007230596903064823,0.012219143997302142,0.04832035869406319,-0.00234343780091089,0.01388998875910371,0.060359141048587195,0.0073102801683342985,0.010884066234138541,0.042198182453092876,0.0012160362208877198,16.529800122189183,17.463577097307006,17.12459801196842,1.4982936631722756,3.168506923098565,2.2827799159405826,12.480404690948617,2046.0263586511755,12013.073695470392,869.2879399726793,621.5122776610842,25.375086872147126,17.109857086394392,4.387005892920601,18.44582580749378,42.10039100258946,0.8237514951545887,0
0.1878092969985778,1.1626452564400207,0.17392714162502143,0.008659023672527893,0.010173595708980576,0.037321806383031245,-6.093718714961574e-05,0.024006416383398368,0.057711541633900895,0.0010549380474927945,0.01395970114525229,0.03928934939447119,0.004258153460259979,17.824320660779794,23.42532172666592,12.427870908691284,2.074717000344634,3.1231303494411473,1.8788636310143458,10.430748009916021,1743.0162069349967,8463.83751522677,879.4027486059387,537.6160997995751,16.483732637106307,19.459064460307687,6.816385275062613,23.46840594979809,63.711247034316926,0.5545455843836234,0
0.2272774498923872,1.1676486008538154,0.3527053487882849,0.011526936675850037,0.010426545856059538,0.061642734108104474,0.06075102638068687,0.03576172527741378,0.041854861315591047,0.00937725760156788,0.009533808919064982,-0.01047863221965889,0.005269889934390059,9.999305393800217,17.013590946349108,15.942200402103785,1.5467638289475085,2.79154090266734,2.518245901434477,10.842853892884776,1970.6102803709734,15081.133222682625,846.4353747181276,565.5911291477586,23.199741848307287,23.419601252981092,8.063610580314249,25.53057165340235,48.18948342525119,0.5235766819201432,0
0.15188865961642714,1.2850959103430641,0.24723595008368293,0.016272729718109304,0.007317039968781789,0.20266889343199665,0.02558868119465372,0.019711833984113768,0.046703211330702356,0.009675642794733194,0.015435043904959044,-0.010886609524021491,0.0041565643270361705,12.590678422576385,12.35834555444788,15.315968019251134,3.3335666233958348,0.8357193688989968,3.7625530150829265,13.82785534924758,1135.395991049591,11092.202437746277,813.2407697945512,708.6149678485133,28.830999760419623,21.165191966089793,3.675005060971993,17.43518316847309,66.79543386915724,0.6635969470443424,1
0.19430762630882487,1.2290722097317366,0.19118391721894026,0.010598391830075153,0.00791922505485978,0.09160691449950777,0.026356788322841516,0.02570486086079691,0.04332281226156661,0.006493752277979619,0.03172967699164266,0.0033650503120364744,0.006574440690350559,13.705205826162434,22.17532706001056,14.253432890641625,3.2169414506843155,2.0629287497200877,5.130601384694783,10.671627186216456,1938.8637291749747,11190.162618593002,895.4062430680689,552.7440034920156,6.01416213719488,25.88252845032241,3.8131333977460082,25.730289694427643,55.557249122886944,0.7040713306316442,0
0.20527413355309337,1.4024963957223704,0.36027757019692036,0.01661323854871412,0.013604987818430116,0.020728045391613693,0.03614078474503644,0.036742707660711305,0.05504966754148437,0.011017410017261439,0.027860172908142085,0.04760972920448263,0.004080054961711918,18.942494736755098,20.615401996703195,25.090483664177434,3.3432738121438614,1.8858816433543821,1.3820088434541717,10.915460318679397,1775.6199134366188,12155.568683954229,821.9129738272766,625.3339197441317,35.44878970212593,29.39745755642855,4.98926688336052,30.589736799398224,85.76556963055766,0.7427431110835331,1
0.18350422837817024,1.4010979229963259,0.21098357016410044,0.007016231494097595,0.010259213015913433,0.13912398268700296,0.02532786078034269,0.03029604361419693,0.031774791390330334,0.016581724187597596,0.020031979906152884,0.021296133356044133,0.007008187663887884,15.034623605218572,15.403568633632233,15.601749576885856,2.2974769671608257,3.096153847425338,1.8417529697030224,10.3720173030778,1728.8753846268032,13745.971282685137,810.1836917678049,512.2770858467436,22.310513571024384,29.160215229648102,7.208504104771395,10.39298368474889,94.65648768921554,0.78137012928213,1
0.22437560466896267,0.8127816965959018,0.3580681864559204,0.005089280142175771,0.009109432706421783,0.06344291289823172,0.058403698775638974,0.010011791306659506,0.02901747038020845,0.019376126942416944,0.02394644083356666,0.027025408243652127,0.00662941988478152,18.689674631310776,15.640494421794934,18.649215175574916,1.5249349155769802,3.811242315576737,1.7142979343481883,14.045943507967941,2798.3955955273505,13003.432648468393,827.3866762432716,587.5839950670824,30.136974310939344,28.202427818344816,5.7749183891682865,26.081298596913268,84.12931454275625,0.7267093908875263,1
0.16942044583871968,1.219723332608089,0.24013247487631117,0.010139551788357635,0.014494415973841063,0.0331913671167337,0.03513566514649446,0.026884959745615666,0.025038180343026746,0.00398664246114004,0.010620465911551077,0.03834918062726332,0.006574535858241585,7.133265251971301,6.4312821293538,8.91164311196758,2.479688412164859,-1.3140484230696252,2.381916517859135,11.996324885075236,1918.3026170015714,10212.823750203166,806.6976081094427,537.3823304179766,13.334460125464105,28.960692131810806,5.20414825546832,25.507944246435045,73.00274492007415,0.7374586045628385,1
0.18530724698799256,0.5942118763276931,0.17066426692477515,0.012974607102160692,0.012900355188479908,0.09417341877585399,0.012371325895460087,0.024563559731326963,0.012706473481989167,0.016355150497155704,0.026734288127536934,0.031321884925979517,0.005895104600701762,16.039648459808372,20.455139545957387,8.393831311681542,4.476983697206416,4.570201355237019,0.4045567801563723,12.24113820062751,2392.927149762211,15275.510037076223,864.7835192177058,539.1017639700259,9.449561224857229,16.772227735533313,3.522397584411067,14.159407050596037,67.01213922163944,0.744210633825546,0
0.21477702703706664,0.8574007050363204,0.3027560992890889,0.010875855663423901,0.007812971373422545,0.08930932057192138,0.03169730916722208,0.023852126522593543,0.03799654462426487,0.008579060589226107,0.021704429987213628,0.03575839242492,0.004530096246329244,12.34994620610017,17.965526996788697,12.971317491838741,1.8115860687427932,4.144979177149722,-1.2727906329774097,12.561060323081811,1776.0437781942496,13049.627406018699,804.0575505327031,609.8372889809513,17.93642776801144,31.002615459767103,7.990042774464923,20.688435857523384,88.2541634898803,0.8334124529410388,1
0.19658949683863497,0.966560269461598,0.2436746126508355,0.01030643628180664,0.014395015716963794,0.06145602579570439,0.0224522696507558,0.017860735336488347,0.056459771840066425,0.014708095067757453,0.02018999082259871,0.016840837446689773,0.005317537557953158,19.09986821173393,21.281106722206793,16.179325328747854,2.717269710361756,0.7707565880900757,3.784457360845418,15.093054651127332,1856.5439908298902,10304.65610156993,859.4527282964712,597.4999318563382,25.013979682193472,21.505534520850812,6.028567740314135,20.198492406199893,49.23228669431667,0.695039158849438,0
0.17249607239352124,0.705029344710971,0.2921229346937846,0.010549409917628145,0.011207311537917717,0.15006451553166672,0.03364196491631724,0.023128222367668465,0.018057122604590727,0.00798583285762598,0.021060725763868384,0.0046957592800360645,0.009880313263670126,13.292397924973475,11.619744558557064,12.986658943816343,3.0756401462091647,0.38898084526892474,2.030524053453875,10.100440981904299,1396.9917131765355,12890.421757828124,876.0298042316684,502.4810674204659,14.897198078812536,20.79897710580577,7.4591847211380395,14.389978509970131,55.13929291912946,0.7101076585761769,0
0.16610573737821882,1.444086467835689,0.26638071059214274,0.011996383264550999,0.01677042551078314,0.12598330859434398,0.02595322186259825,0.022166890974976733,0.042470584036821864,0.007469553544040558,0.02326910864239175,0.012073333340560079,0.004275386127672638,12.977688560379482,15.948239774374489,13.631967217329155,4.080915823018399,4.903170882620763,2.476837108489696,11.746689640933406,1935.7138077910004,11408.668775829143,877.5868164058847,596.0194210096579,26.526957429052544,22.14650664734458,7.140855685539823,26.733752195679376,63.35692112065142,0.6983491056969617,0
0.17013754355200456,1.3984796749453265,0.20285342148581104,0.008484960653587626,0.016789969707400095,0.04384254172312656,0.027736830110878317,0.01567340486603408,0.018242139757814836,0.01113271375465498,0.009104865917265446,0.02552121151373452,0.004579949826369797,14.178931079792529,9.97829868850205,16.910656379454018,3.050327395227364,3.0789331950258916,-0.453177076603577,12.177520396681489,2539.3516199271417,12923.996047406185,798.2224465549106,568.3953854000237,46.14328386099443,27.483012048379702,3.2438750295990317,18.91251812168011,52.52822617479403,0.7713348022884785,0
0.1852056101316577,0.9086911190373548,0.18788006876055996,0.007771477709711075,0.01236126024118958,0.10382280019294399,0.03461423498149925,0.021571457837025347,0.037067364519127954,0.010283533244196327,0.027727283779193933,0.04118710819430872,0.0077062205288994795,9.35257211202298,11.653219518748525,14.442405517471036,4.987895404691082,7.174852713370994,3.3686775260717856,9.845413098637131,2202.3214403170846,12056.16923407719,896.2006655777308,546.0906308069508,29.272907265694286,22.533641394349587,5.662709454175769,22.19639822697418,66.88393273448084,0.6516477960102286,0
0.1746669534153117,1.5574790757556443,0.19271652509793277,0.010855235175764253,0.017835603940016487,0.20729787843981218,0.042644326280637,0.023916980160104725,0.018336231066679,0.012742316367702854,0.015740754006824342,0.05358848936280855,0.00564402758409731,18.476463633321927,15.803464337324524,11.502153607107891,3.4008159827175835,5.251915325267593,4.181444038432432,16.327774864336117,1441.8765493410517,13948.798710602641,853.539927284322,603.8095345622065,11.053157829190614,24.328863080330297,7.249757055631362,26.14945950010045,51.251791924504026,0.7120695793523704,0
0.16736844541669338,1.5293119662710821,0.2807361657604717,0.004380732224289973,0.020336284208747668,0.11643734090610157,0.041578196361382685,0.02325259498229582,0.07201815983777832,0.01042671977760255,0.02076732859392957,0.025045856031310054,0.005024910887186815,13.22226664404647,12.94532461713069,22.463049737320176,1.4338710962642387,3.5776620481895693,3.444701349073838,7.659628038510406,2592.3119465267887,12486.679130528324,876.0597172220669,587.1869607384178,20.73312834223716,21.808926136103633,5.313070499694965,25.25516929141,69.7561235866571,0.694759584415238,1
0.17126560527918808,0.5373507169288904,0.3985317949249564,0.011163858920549772,0.012061117742075848,0.04451631620971716,0.05970954738545099,0.03206535723454303,0.057929993404003316,0.015522388519187334,0.016292294033394904,0.03887785678085773,0.006067913770330336,10.578619818197913,7.955480477872976,16.020001905388458,1.4603488340461723,6.127544514391037,4.391729184174088,16.3249385500266,2769.5462175799075,13355.533132361606,867.9739630412467,606.0579220348443,21.371279316625476,30.99624499206878,4.497277806656417,18.292643983787194,56.142276486620396,0.7199188198341409,0
0.16885153893783356,1.0350344727134078,0.21800974090653027,-2.6286282146867e-05,0.009730542919234359,0.03239241620699172,0.02152197855334808,0.02335317256397308,0.030058950263286355,0.0175259799943952,0.037481355725242846,0.03881513508877528,0.005705656704303127,9.01830050394894,14.514164468137484,16.978557662084768,5.287954938111888,2.220087243866689,1.1090338260170165,16.016033922699165,1884.7339863962086,12131.107450300557,868.6025976849836,530.7136790100783,34.149374735843764,27.315481828711796,6.576839340957578,19.269743099514855,75.06999065341168,0.8995799710459674,1
0.16683767021849485,1.084580521649718,0.2868217299985843,0.011366640927810506,0.01018434176591461,0.1430029424932056,0.02152618566178648,0.019290946374726312,0.02657970308675093,0.011935741580304533,0.030825370086829097,0.03477132252284152,0.004378684888602655,10.200748488918524,7.262344588627768,27.130428069265264,5.0396088825555285,2.8869716381106647,0.8284398478824668,13.831585182627979,2400.603607021113,13095.412386326288,850.0520480762162,578.4045299053159,20.401976134340696,23.101371053372727,8.020945350281746,15.031202320415678,66.67782061659807,0.6473210447946063,0
0.18584385456652747,0.5869197760440276,0.1954895811944341,0.006730367462342641,0.010495870219838506,0.045076319954419256,0.04133081974163312,0.008905444445537803,0.013225525877288532,0.01149599883044448,0.028276575097351986,0.03603583861305745,0.005787735984775368,12.428655142146795,21.88261329869334,6.748227479227353,4.041316564417839,2.702076415682304,0.6586834402787893,12.26913170735795,1682.5814848128448,11670.607905084149,839.0097003823146,622.2409898056108,30.526159916682296,31.429524603326445,6.286252946710885,19.4825046457102,101.89802933217672,0.7136630676157881,1
0.18099547374361918,1.1404122760930813,0.2902601651799604,0.0067938896395818345,0.009775965809147549,-0.024268276950789966,0.0029426822207192227,0.017877556901600696,0.07247058421783613,0.006378181840982697,0.025721731310374633,0.017995915508287434,0.004956268966896507,16.93113032052291,12.916540066021323,6.003216593917633,5.7457027124981614,4.42732811711863,5.106458257748908,19.26586644160573,2019.0539783841377,12427.724465657899,859.4551511167747,598.6095286885798,11.393944507723315,21.31786008117366,6.819397867518703,29.979876200746293,45.016459592612094,0.7065135823465913,0
0.1877264663562312,1.7715430831254269,0.1805391230721334,0.0099284200919666,0.00946905469457332,0.12378916173605783,-0.009091860089665511,0.01317925201976217,0.0021083769905539396,0.01149897437081582,0.02146010609775727,0.07440643716009765,0.006222176702609666,19.947996647952355,14.349930133724344,22.112975988949884,4.042901250378355,0.4551261899361094,2.6494900624126143,15.87048007129798,2151.6063892975235,13555.58950344282,838.1575113899409,614.5127022092133,19.39273453293776,22.047377150802884,9.016411326840082,22.61995392032904,97.65454240281096,0.7640271547074449,1
0.18247095391911164,1.157465198987474,0.2589439326562711,0.0023802221839574443,0.01629916780733729,0.00585781867703547,0.01398819315303789,0.013867881075240035,0.044027891174305625,0.018720515922329893,0.010584660797322567,-0.0005516188271151821,0.007057078403662803,18.791411930589604,18.260839425578432,18.435701530014892,2.0095031057998254,3.531885417907024,2.5367030541402675,14.123653543236692,2132.316233844693,10777.971296478874,923.5487611550891,632.4057755053552,14.276646547166747,24.46784745209306,5.542701032664651,12.096843357276681,80.81874139386322,0.8787089476664033,1
0.2192517438106159,0.9511860777782474,0.24352661298698494,0.008208154646200099,0.009504305242648172,0.17823269868217118,0.02723329435967244,0.012493731780232444,0.05277913628425491,0.01716942234098135,0.026877638485617687,0.015927271117815403,0.005317600534613409,15.784493705992567,18.27980276070687,15.050335042612902,3.897261904485851,2.6237180081584572,1.8957043734259886,15.43973718394611,1847.0212263902774,14656.663612768705,845.5377785560258,543.7401552369414,33.52332504162586,16.709433727108514,7.440889725406279,20.01038494596288,75.28068134210567,0.7388827404673375,1
0.19045028210531514,0.7698750427803047,0.1278265714728282,0.009323509257428735,0.015393640346397095,0.05486219326872592,0.05054958686705383,0.010051436475324589,0.034574068737047194,0.0038505844235672973,0.03270529224147143,0.051512535880353205,0.00686002704762271,15.511910991738265,22.268170754374736,18.79032853086984,1.0103477590380052,1.0128211344011622,2.053717441931371,13.547718690942085,1336.7901417828334,9074.244326385142,868.6642292110191,615.5899617125627,31.493922510137264,22.751091969869197,4.597578243798035,27.122840819929053,65.53152853332904,0.6548818400956709,0
0.20181960850371933,1.7810466981944717,0.13438357884702196,0.009131364771452573,0.011265732393723495,0.013202309953122132,0.01824524061360203,0.024467036108091443,0.05225650643338643,0.013140393484501243,0.025055388769032082,0.00022155487858846468,0.006724049101976931,17.068239491411866,6.218848827602116,15.532177082156444,4.969086103908992,4.3745682410449955,1.1167979854613748,12.901248298653806,2050.9269288610612,10555.491855207407,810.8564274562442,654.4190541276918,25.901434769992555,20.873480920889172,7.697811035844055,21.852645216411116,85.60784526368235,0.7242356675324848,1
0.21022309860494695,1.3192633863962102,0.26685347721624886,0.007845705306813503,0.010210860332793666,0.03577823833083817,0.008877768616258268,0.036772005099660963,0.05988757461984093,0.009482060526764678,0.007028357036342784,0.03193795752068629,0.006289530982235281,16.67063123669117,3.583597712363849,14.302429858334646,1.7310995398455473,1.1650394283202448,4.751086018051726,10.257362585468107,1565.7613228918522,12875.74428989871,870.9244327243356,592.1588071157734,22.10722094658785,24.97231820416865,8.690507148959167,27.978319688922664,41.48315394383666,0.7406725191718544,0
0.20022926070816713,1.3987494362030388,0.2668480671438113,0.0011668768950869914,0.00796204329950852,0.0028640531568336625,0.09315542566088596,0.02002183590837036,0.03129894799528281,0.012646499669718347,0.02814730721621682,0.04124184524165235,0.006748433469604957,21.854813800646465,12.916472582044712,17.93226565166805,1.6260486279522726,4.302081981341665,4.7428516949347586,13.710758170630873,2224.0988115066043,10589.152571995097,815.3227065272627,587.6424726912521,31.068180326117847,19.447604391218803,3.4090572320002615,22.12940881097023,80.64280019095463,0.7526286883187466,1
0.19485364836719443,1.9589154779092446,0.39794897131091045,0.012638599992329483,0.005652673669935935,0.07807745775917078,-0.01324064599854878,0.0195939376832147,0.02020698067671273,0.012187531017365182,0.04184230601754902,0.034065524421149254,0.0069889950635606424,18.880436864312824,19.655059274345522,12.106744729397725,2.5082770346409626,3.4379487936868607,-0.2094413453303403,9.952593692948668,1804.3210448768737,11249.652550328887,844.5264999137719,607.4364447867587,25.72723085766105,25.852162384423313,5.582038736762131,30.350109941601122,68.29152530132431,0.7171332444914593,0
0.20974492310671855,2.021188809800665,0.2730982402407869,0.015597945707889372,0.006978547182528734,0.016996712610608825,0.04464302452109471,0.012677004502629116,0.030182542102128687,0.0130475494810622,0.01497413486094315,0.03302432442675094,0.001607107476713802,23.19140591568211,17.078316862693033,19.508097244623723,3.752841584790933,2.5132872637553625,5.294825232607726,7.481355387280475,2662.041479616341,12171.336676708353,844.5473256765943,590.633286794216,40.1044819299666,23.56295495087146,6.264395722755746,30.388942815442633,66.17295831588127,0.782466285590249,0
0.18515505080285502,0.36887527205752124,0.3069128463572396,0.014610592413046769,0.015845158277211377,0.09961967079620586,0.05334435466608746,1.6550328553740362e-05,0.04650503351708688,0.00963588783704829,0.019218909898872105,0.03833318121097187,0.008474301950957433,20.95180709876033,20.26655139820935,11.083456216374682,3.405695263095835,5.066049868171727,5.190834953375319,6.529521794851242,2106.700961851587,13337.59493173053,841.3754749028539,601.9591385681482,25.9269342352087,19.097824900573805,5.533045338734497,29.22301991679863,69.62753845673544,0.8736902145981839,1
0.19628303524236532,0.4827574189861692,0.23017980654082326,0.012736652834435818,0.01289264584860239,0.08908444376432112,0.03131475320094575,0.022054864275600203,0.03321823410946346,0.013519823383971168,0.01385576475552158,0.009162261350452634,0.007921480023648071,18.125383985020363,12.740319309970047,16.63909357907992,7.008235113942021,4.357124704888236,3.1582511246944187,11.850545007281992,1716.191676203116,16763.889966831248,877.5469264143322,644.4924856009482,16.663457411751153,32.90757559365905,5.897844563134301,23.264291229491757,80.21003841632759,0.6712898260589905,1
0.15795415700327153,1.197182005807778,0.19503887202404022,0.008660788050221992,0.021666798738571788,-0.004976131560436442,0.021483640032668973,0.025308015836727295,0.03975268123515271,0.013116179483194088,0.025336264248164757,0.01287830255998177,0.005352701910581678,12.746467204113706,15.589221630706504,11.258626726111522,1.3842497607622082,4.07829512931105,1.7482277166417872,7.789502949004536,2338.857028836089,11759.114274717647,799.9339974941776,623.68957767603,26.25465733228952,26.39451803669506,6.565017430431864,29.89858733724111,78.91239851543142,0.7571748221048492,1
0.17836954653796708,1.4585958150903082,0.32435279878326523,0.01289654623725799,0.014469886911028225,0.029943719415922075,0.04585422035467329,0.01566009537784043,0.05010522686348404,0.016182447560920885,0.012273631103468997,0.030677410988704884,0.00432762577092335,10.449006468860446,10.014282266071568,16.06798287282158,2.991415738642619,3.081503489198089,2.6157511406312492,14.922355404701094,2041.8689458464012,13559.287704723036,854.5482420593369,555.4007298635747,21.7826467408451,17.930843541448255,6.521398156462178,20.240753648757906,73.12448557996929,0.733089122562428,0
0.17618192416545403,1.370177945673669,0.16278332745604562,0.007959356745399132,0.00651428175185593,0.0839014778713268,0.05473664932254533,0.01523937442222133,0.044282219645722674,0.002740826274157825,0.03678783807386855,0.05921360664258274,0.006362955763758112,18.78867057104952,17.279841999402947,15.057969296626856,3.018585114291011,3.812069058952858,2.495534931824033,8.752676868658693,2071.357380208402,11746.141599857056,830.5993944080983,538.4963251404138,26.41439108009036,19.644219612983626,7.729550123269422,27.278168784199124,65.49009225836889,0.7293512278088597,0
0.1849300955686401,1.382361678068281,0.28838616282934665,0.0017014398498145268,0.016357621930439672,0.07656377535067387,0.047556520624782515,0.018979937198727384,0.03662430525168101,0.00513832498091906,0.02705148658938177,0.02266794860322512,0.005374845149210618,12.444473938356074,14.647402236362904,24.84327050192292,2.1464079137301395,3.4729644401558866,1.8351850657047315,11.455728416645702,2374.2490170704823,10699.533827541429,832.6823253702476,486.42530720747334,17.662420434859598,21.675730064487524,7.332066302457663,20.736344533213327,49.53141058759608,0.6929158883805352,0
0.1906925817224487,1.1870877555802117,0.2259627241023437,0.0041962884355551035,0.004985669213960727,0.09585741260919506,0.033625078966901006,0.040084730109816995,0.00970852981882887,0.012542676588135654,0.005048024126968444,0.02164489750158367,0.0033180559280374406,9.703296563625868,16.82300901852416,17.93521212033917,3.450880386958697,0.67443469360314,2.9143801452061533,15.183488197121552,2021.6152550559968,10898.598236065487,853.8631395505934,567.0883919473845,25.77943036956409,21.398600079395514,3.687885042004452,22.916195478995,89.31280119116198,0.7097025979237169,1
0.17029388329264264,0.2735424548124492,0.2515475256649403,0.009789979725845391,0.020919612976008847,0.08998958762690747,0.02533583003587212,0.023876798790328464,0.017830058184064336,0.01266011216136393,0.02407879050897491,0.03752777123778399,0.00683075924501198,12.452167485650842,9.657812570770856,14.238112513644115,0.5306379763406235,3.7061298623216796,4.900205412665001,7.761247201755383,1557.2963755429525,12324.799813039179,883.1534062982228,537.9710721922272,16.98557466245549,28.703420019617983,4.446762207055604,21.567222588245183,86.79597748934675,0.882631380095481,1
0.18353641744278795,1.4279041428794588,0.3357543892169438,0.008410706989794552,0.00792994665354222,0.1144425158530418,0.05329981765127846,0.016066488751771274,0.03842823214171286,0.00641802853149627,0.02689940276896087,0.01044491197915903,0.003406174773456035,18.76665585889106,17.985280498692703,14.06201499954194,0.39703394461084285,2.7765425028534603,3.300227497211137,13.091017943516947,2220.4690827615,10706.114360823667,895.1233851310238,558.6514095982122,43.60044012700469,29.483067949125743,4.496792432865222,21.26696472388837,51.06661187672639,0.6799708306146394,0
0.22024540891401528,0.833471632370632,0.3033015737634819,0.010233481163271583,0.0009011102627407459,0.04057788577896057,0.0011359841242841173,0.025870575345945356,0.031570340056672745,0.0016939779740803868,0.00991986776829322,0.011425273689344304,0.006108680588283751,10.256890493955165,19.52559591584695,21.341793057480338,1.2946932275483767,2.252303876188735,0.3965536862174721,12.617882148627253,2412.2169653479946,11713.24099032005,880.9339130404157,598.7800992475939,25.992443342708313,19.281076230985477,6.408511020197441,21.68132139716674,90.83051243175277,0.757337850181937,1
0.1753826725231046,1.59112621987448,0.2131064214372305,0.009266797161895211,0.017185907028245254,-0.05473515385390977,0.03305051765795233,0.022716835845000307,0.020121581416492135,0.015855595323687854,0.01779210850207946,0.022959006879354166,0.0075467996321352225,15.083104906812068,27.12706295901946,5.118919678048442,4.028337544825776,4.806001695128477,3.9505738510877926,9.133443694742287,1997.6675166641076,12320.221781279195,883.801709103359,630.6851257089896,40.29331108366218,29.970840231506596,7.193446309152222,22.933587803841185,50.47693680750923,0.7674467631991607,0
0.1969031594236864,1.3077179010322935,0.23529168854726323,0.011074374324177192,0.021169482730121876,0.1312009386404088,0.05685443722702371,0.023948814900025775,0.03871592410094573,0.0029276849431683957,0.012772197445555062,0.06350259879380452,0.008317130985644645,18.93636847408111,10.19374256274466,2.231844921757009,2.170098511969859,2.64536109244398,3.10008968435226,9.229753125028935,2065.925886538265,14673.188151088998,834.4550413051629,657.0051553413437,16.002151535779568,29.0616059557299,6.498637066530683,17.82735174954063,85.95157025436913,0.7817815652614039,1
0.16506843306919522,1.000971664645917,0.17201547392617264,0.009343032059871872,0.012167623511942938,0.0677386564012611,0.061370379709451084,0.022837880278380802,0.07156685354994571,0.013635612407427465,0.026460832412118544,-0.00958659389992804,0.00771670246601078,13.911922886411665,6.2211607112097305,15.16213302093502,2.9959714112051365,2.1286242342088224,6.011934143793482,11.546407842908636,2078.8958372314146,12241.990868727,851.5591518014651,588.8656837189153,30.920194022240782,25.83152414126087,6.522119825547738,26.301815496516795,65.6413784882056,0.7865482872544306,1
0.21285345906511927,1.344566926909241,0.26944987668103143,0.010806611620517019,0.017314268465166083,0.05674221004020522,-0.00961672941845268,0.01656808431313288,0.029074719816450705,0.0006256717224914447,0.008324991761192857,-0.012572982490370394,0.010555377852061863,24.309574390750864,26.106016971359804,8.57527669022586,4.882984784296408,3.3633663487344747,2.2217444357674676,14.36668389235346,1519.443411834567,10172.800348793875,867.6269678630599,556.0820261992875,34.524311874982295,19.9995476926497,6.747958988275042,17.208666919849435,73.76795812558066,0.6428002835044773,0
0.17183798321679558,1.220664390740432,0.20434876558399098,0.01276029470534645,0.015536156869021383,-0.023264651257628152,0.03036504921712226,0.02103381996212095,0.011173165085692608,0.009979287075279227,0.01565179387133886,0.016818806189709185,0.005505298145702174,16.430079038173126,15.202144699167336,17.0021599692814,2.4049557300521895,4.698608311063904,2.6755495073047357,11.423165061565664,1888.0501284493575,11782.756404220983,846.3203898323598,647.3597335007628,25.131692979504376,29.46707978344667,4.106142413831573,16.987866592145153,93.56240028570824,0.6828198063224313,1
0.20070498669447503,1.255624159461367,0.29682395492130703,0.0012881290712212484,0.015774793830709823,0.12999076587621092,0.004931965634099627,0.028083595496657086,0.05158152601751006,0.008598586434614097,0.01902379304225924,0.017391096184136402,0.004746999567913347,18.90504477303576,11.635063904173716,22.109465443521714,3.247560954806609,4.3203212094362655,3.1428960965650727,14.196802859784697,1822.5057804452745,11970.717292393363,855.2828646469255,562.6370471296237,19.65305900215004,20.809964898792437,7.214605029783106,30.671997634184784,66.08703580582907,0.6991328637473032,0
0.17710962658568963,0.8558459956881992,0.24750372088487327,0.008186343566464584,0.00884534583131105,-0.026660857742212066,0.01992699479248807,0.030734127024104455,0.033890010738926946,0.01216425201259987,0.001210190552461729,0.040548773037199934,0.0055783305626908395,14.83672048129845,15.196545993717326,15.910674355055882,1.8279634565745806,2.3092148682580294,3.4249853888034996,11.940205315028265,1961.9632245002176,12686.710696772607,828.586016015839,580.4902172252616,15.539839822178944,30.82017198624153,7.020825806728624,24.76744831778911,74.0941664047013,0.6669288570202879,0
0.17540902689279306,0.6668890410081401,0.34839922947509466,0.0036775842367633245,0.009700703688424298,0.22512666675880783,0.07481853112411585,0.028582704301818716,0.03203345974236744,0.00714048575095038,0.027209891534309194,0.014308660147949539,0.005995776640030353,17.005291538468164,27.41882996293754,17.808555139592215,4.258871768085893,6.509994482898672,5.093561222801259,12.583822795383073,1916.7654471947073,9755.933658754167,838.4413178916636,618.704454644888,28.1872865932009,25.024311274667955,6.002477575698654,23.267018326081335,66.19898541785109,0.8464407345611995,1
0.19464984205559605,2.4608226938048343,0.2729419289906069,0.01796548167366762,0.010615553221155982,0.0756285386695367,0.02802558211088654,0.025259372802546504,0.031879416911745694,-0.002617286812562349,0.010957048133484103,0.03805313963294322,0.003136540606950517,21.037128745783242,2.358774498431428,16.402874829793095,1.5098496013003264,1.8703326297040324,3.0020299536984627,10.470256494485183,1740.4368198938798,9934.371180983604,901.3197601777296,532.8714145834834,23.64963670728002,27.026452725672,5.155018268120989,17.259473279386675,63.93553679742428,0.8536178310740044,1
0.1817137432280672,0.8972944091936295,0.3875232490273457,0.009894956826920591,0.01873049897257129,0.012284559614177931,0.04419198958767133,0.011965657258287429,0.05223203123099367,0.004285287268083923,0.01766922807949178,0.03340801988124021,0.002772197089042017,14.40895777214527,12.625216477393113,24.624227475617605,1.28239812527619,2.576760696018803,1.9359616355363705,16.518887744661466,1985.3368299441217,8763.776364379002,838.945452592699,549.0926150650388,29.05461529102254,27.87519203373077,4.221086695247799,25.832540004198233,78.14341023336183,0.5790874427621955,1
0.18001055917713193,1.680212663389549,0.3006928819819247,0.006025641937623855,0.019743196475120184,0.10057558263928056,0.016052715441676583,0.018926213815899547,0.076973261379331,0.014444938745918217,0.03258886205742822,0.05059133847645503,0.00456291458644192,13.878465860281771,13.948361135672545,20.545497327383593,3.198762145263272,2.3532304194756413,3.412339513366458,17.02107209196402,1927.0457155768697,13156.557038552444,837.5686070287734,557.9962683257569,17.170639663824247,23.81004336346997,5.6966321342243695,23.01839420525908,58.38496407494414,0.7120341518338565,0
0.18944812555760754,0.9292019446165873,0.19989477790535945,0.013308944430629693,0.019910583756517837,0.0894093809658916,0.02106713906370787,0.002952242557719559,0.06393254241654485,0.00976751709436721,0.027588477658387966,0.0035758153628774186,0.005437953605447891,18.032123641955817,12.113895218089432,14.379613869484801,0.9384011272888073,2.4715426899762445,4.437052902943244,13.578857606045938,1872.8176101317652,10507.757974829929,861.2684163143697,544.5868975598264,34.78035322346391,20.948293568453632,8.880092519349835,18.903619153566048,61.06009951345639,0.6855245407228874,0
0.2012041981499776,1.223593688635839,0.18524953431337968,0.012862936964683363,0.004865867116093288,0.17632135774170837,0.023467724386775746,0.019706482978843056,0.0004635686210481896,0.005609391481972737,0.03305582715810523,0.07139895478139358,0.004956338917023704,10.01977529915054,12.18466900102449,15.156842080498542,4.443910911114978,3.8932429510829603,4.092357160958798,15.853483132605398,2442.2938817875174,9548.416518436545,852.5521025616218,553.4396088911008,33.808595095144824,19.606653619680543,5.721032479375043,26.523779540327457,48.48163892197841,0.6720378098879054,0
0.17430249013260657,1.3886169521672822,0.31261038610532144,0.0047886209459010185,0.016110330390162637,0.1161484061769418,0.0024540902145580024,0.03587400602415537,0.04433109476756412,0.006674840548480374,0.023188270435795303,0.01732422708444399,0.005193370465356585,8.865421618523797,15.081032997420259,19.318027534431437,3.7239975390619597,2.994493367279227,1.2139358520822585,10.491525843193152,2279.870498332877,14116.80581619035,819.8467749748595,610.6817651550111,23.814636761966156,22.618293671597428,5.540722295628346,25.033297288565638,84.6210347426327,0.7585030148183943,1
0.15297851267583956,1.4000961877746279,0.3026210540920299,0.009091575968876296,0.0058838988496903505,0.031979875630081776,0.017993226819870256,0.015962965660020933,0.0498400810820592,0.01592503491791508,0.004743850699547558,0.007541976878463343,0.00602562860913299,16.939287717077978,16.550769130507536,16.391928476604413,2.589011290255435,2.300238708974824,2.5249381015111285,15.036737722958716,1428.327994108241,11462.184647569982,847.3628751458592,558.7271089907512,23.85169250190393,15.895749305410527,8.24854740822299,25.48145274227858,75.30525614065049,0.8129731629191601,1
0.17875617966001378,1.7538128190375626,0.18245407702535432,0.009919604992921393,0.019504215151401893,0.009744506371552789,0.011884055732577045,0.013875771090991317,0.02996016079637591,0.007048890168471825,0.02085045860200182,0.00885497075959793,0.004383472349866151,14.92025136511615,8.338777066182773,22.541680490288645,2.021402309306283,3.1461544304679876,2.755748940673343,9.64667424377626,2111.5450432984167,12174.45978483884,865.2741842701462,556.2323091784457,26.38303168747668,23.418962323685864,7.856930297233583,31.980848604706146,58.772118750645205,0.6828397466871933,0
0.1936410413142524,0.028220523999092695,0.3514121208950379,0.013904162877423788,0.004467373709804424,0.0166406112843894,0.007974270203203439,0.02777797630877715,0.020222553047288323,0.0222062792263267,0.015755240824082202,0.013011650605673889,0.00466443521142342,19.249101826594533,14.057915765456368,13.453357536128516,2.5146133930784527,2.1220642030254453,3.7742024491319146,11.992596452063474,1546.4760385735508,10792.227899893891,841.7237813255038,554.6725223780318,22.907622769172484,14.553832630783106,2.939383702277459,25.200923223782805,54.178488216074314,0.6642603223573904,0
0.16928397073895404,0.9896481296419184,0.20794952528116925,0.015452915900529003,0.01076832359410076,0.1836778301229059,0.04137289232025541,0.016769242573229756,0.01968673538240348,0.007733702370264788,0.017476465180091095,0.023040209008088335,0.004773492370699857,24.064536103293744,20.08321603657941,13.105079629709044,3.2586297781370988,4.83958491588288,2.524639427091447,13.156581380525338,1593.6201016782074,12253.193890940378,801.8402415593885,574.7719869306984,12.469877063234083,25.7241192739969,7.692669990553666,30.471627251345815,57.85865390724905,0.7619527722604994,0
0.18600948719221655,1.5038849181936673,0.36364034298168507,0.0071769060676185395,0.01246761748219305,0.18062695221121225,0.04692236938591868,0.01652475057481142,0.01721876984767298,0.011649115304342551,0.006893542156956273,0.03307056914500702,0.005457780614706411,12.14962330407673,18.948660623160038,17.636650397403358,1.9864229963767022,2.2791848615898367,1.8110657544432252,9.823584871925693,1997.2831209131057,13887.2001055892,847.6749643363686,600.1737669851728,22.908060283391837,29.773915483475008,6.604174149667638,15.24504482305574,50.223425532348834,0.5247189709903235,0
0.16679357721053106,1.9185443291707855,0.2246119606205972,0.013083208879951885,0.011774385548379743,0.15264047315253182,0.026574873903501307,0.020212226508342583,0.0174542895258614,0.01257859809585068,0.02471869947876676,0.02023452550606624,0.008392300443052253,13.9015647748808,10.463095236183396,21.873989850273897,2.4694424366166268,2.9891440298256966,3.389076500164203,17.08683759983426,1511.1382100104347,9810.273015266295,803.0700902065272,667.8389221158383,14.781938652480541,25.02049218725262,7.029275334757061,27.430282613468584,52.86011155774491,0.6875129885636476,0
0.21449393299522218,1.4842196409191142,0.16039620620241024,0.014326056345198965,0.006371725160997076,0.07276476869159183,0.036089844033602894,0.01729729632325391,0.02624431410349138,0.011396200506104999,0.01813851781034351,0.0043125604898160246,0.004696591703563533,10.937077428723665,21.320250852535825,19.972590580142384,2.727398632719572,2.807807378370328,3.2362762459992,10.477964412047893,1736.919625437642,11214.87664528482,878.1583230908195,585.4489264950665,21.495461070956285,18.908096986295874,5.369576887905169,29.822483869702737,93.53872374165412,0.6917031576893609,1
0.1620930735527395,1.583354327936817,0.3133487448310454,0.010125966249047984,0.011890716262789381,0.1017802570883646,-0.017089658453932045,0.024700136612466617,0.08599938248772948,0.01534723694062095,0.00897223626179681,0.0163729678712958,0.0037028333695225224,24.624191810399328,7.771948996117187,13.004860342250398,3.9819629892367554,1.0902579087601516,6.031790399371133,15.102680022014288,2401.9999656428627,11605.926279446345,852.3312538007502,634.602332860489,32.35212530015805,16.129448438606232,5.199037994086308,24.018552867272454,88.12525822394198,0.7282535435158121,1
0.20194305423507392,1.8513874219089286,0.2521850703881151,0.01669943869165626,0.01237836770306693,0.01892531057137046,0.036647536670392195,0.01838232718834331,0.02653171520880255,0.007716504276532435,0.0285003639518957,0.03724901737251221,0.005508361746577885,18.68511427778157,18.793780963280195,13.465018214186982,3.7140162000984382,3.3476891439388874,3.5355980616905764,8.046567189029542,2501.215488853274,12847.106792070943,862.9173845387957,619.3794000973862,19.865245905012458,34.150081430575746,3.7932708570374323,27.57853310880042,59.92451264008149,0.6383394915444425,0
0.17487640495009238,0.46754204866465987,0.24806137329042463,0.011808271353038684,0.016360765528420276,0.14240347344760335,0.023133296482951014,0.023999965529436063,0.00855538911843741,0.002844429286143725,0.009148263216642553,0.021756777099035722,0.008423279251298333,23.561538641834613,17.506245434036014,17.624324958625643,1.997776212724896,4.532587903140109,3.2015811628192212,8.456984974707165,1701.1102956363995,11115.548947983694,863.6471658653404,556.5633473569101,26.364026225326768,18.85085547422956,6.644961345339912,14.64496377231195,81.9905969557347,0.8891597723989016,1
0.19168825960944968,2.3473612222667075,0.32136540797853763,0.006630269479494695,0.007303792296589966,0.05338359018755685,0.029792954201845266,0.019345897664046062,0.027075153517068108,0.015689288879846858,0.02102814243155069,0.01446452181625879,0.0056386932359085585,19.950623934464083,14.475898170297686,15.801296433208329,1.9543816307989548,4.040276496338109,2.453036918824301,9.952103933963635,2043.0196529100592,14829.49067593644,865.8308950990037,594.0468057104692,18.909381212310972,28.45757927932665,8.031510070487757,23.26665380053309,42.204230332642986,0.6898706966085993,0
0.1612019379778227,0.6411527259548034,0.26589440076379256,0.009049266732156063,0.017470897737607377,0.12392485708598135,0.02888295634694378,0.021488087616795902,0.030680980438558984,0.00611652973513928,0.028467711090082445,0.06852690811442268,0.0038930619318534466,20.73760308316121,12.137624880942045,13.24523628930956,2.1978737931136276,1.3003872403617647,1.43047494646887,13.517802917462255,2280.2986240177993,15310.084442937463,824.2452519926362,536.9230752526262,25.454975602286115,24.24756841924947,2.7433589558362272,20.43576702197012,45.92436337958402,0.5880078029756164,0
0.1884317322122891,1.366578415240581,0.33047396094371334,0.00895876383491425,0.015581700402702053,0.17235183201049445,0.04538271558620066,0.004634693096179617,0.05830805940969874,0.005667761150238008,0.02753213446416157,0.03579568957316444,0.005703141197871629,5.420654868457758,21.30749495401192,16.509653175015107,1.8716481952088362,2.967872557571495,1.1569098593316314,13.274688312517208,1978.2784558046308,9072.625579664968,858.3073958739911,531.2027640003914,42.560096233021994,27.534777677017466,8.509293955518743,21.56135941850689,40.14439626963028,0.6465284664750827,0
0.1424689458791625,0.8704258052112002,0.23272315837198143,0.009247190244908715,0.005552597063951562,0.07226735727867478,0.022316366685860487,-0.0019750100526202997,0.06377612482386313,0.0007203335640578162,0.032521590369661096,0.012186078294754453,0.008660687014979438,16.152668336056696,17.366705916925717,15.010592105087362,2.9329703978397155,2.603279476847066,0.7367269745557561,13.214242515946511,2112.7346401054324,10374.788479048788,839.6377914450239,616.0607199295266,25.269630498060067,32.76274532573399,6.285347301385048,18.288661546038618,65.84629257949585,0.8098806065915791,1
0.1615153371146339,1.2312572251878589,0.13538629682082778,0.003949884138804498,0.004888851752468964,0.09886032098788583,0.037406805346576914,0.03746490631594622,0.03176153531228094,0.013786521118873737,0.0059318945539512825,0.06355368181799619,0.004833314134243025,18.97510729634586,15.742318407734444,20.187333347825216,2.805245511225895,3.04194981596794,2.225927765847332,16.15293525909236,1784.1441461341917,9802.551646437065,883.7441892009363,578.9481519653743,31.49346715804176,19.695803455241396,7.429417891067425,16.83457474772255,51.40707909212941,0.7254436626678453,0
0.18068304834976048,1.4884541450182327,0.16362109429793215,0.012795678740323155,0.006590428156434336,0.06645159505543749,0.02222863559017594,0.030331898643631477,0.058794709634942086,0.013917328241623674,0.008116153292599291,0.03184842294678472,0.001813643955217682,19.581644767192856,8.31638957926689,17.918646807609097,1.6483450695234645,5.1452591154281695,2.6021642018241984,10.738141972631935,1938.0475823900351,9470.211583093267,814.5229183441406,601.5193709016808,18.504213658173512,36.40499669037429,6.527729384819043,18.619627465128826,64.7255444962673,0.7116764473142345,0
0.16378284977579322,1.0440305173762219,0.2262099136605515,0.007985721524369131,0.01767973922971911,0.19387323755952235,0.06491717940546271,0.007459773475714835,0.07038672702181288,0.0036475587720908916,0.01309648133873711,0.04299209730225771,0.006876010517037454,9.376721558335031,14.880645158452737,9.849389473516123,2.0477959747989205,2.5713529259454657,2.722672525351971,13.836485779186061,1590.483667078875,13039.466611990003,842.5994989723476,563.8220127012355,26.133263224970257,19.441863347594264,7.283192796287247,17.64498410738783,52.450227825791444,0.6400418660623053,0
0.1859124897749419,0.9542707423614822,0.18548984567055601,0.011433378044304013,0.008818881436740351,0.07622636798600851,0.01586661791853719,0.008931297084659433,0.01440704303301514,0.012990860751673973,0.011568976953371309,0.06041702464127559,0.005938813871538489,15.255381522325392,4.264339500169839,16.00892553685477,2.507170122314554,4.766355621224196,3.4069095451639395,13.572607719141534,1453.7373344545792,10899.292824360358,851.60543957739,502.64340753290264,25.370789589103918,24.75502015679728,5.549641110116457,19.68213576914438,71.77779604433569,0.7596344388629919,1
0.1814407372256749,0.4098048915131449,0.2408158200992749,0.006006772898835781,0.0167294407827732,0.17833763165598998,0.026907005868783328,0.026621687539474997,0.028106540256756626,0.007969242917130982,0.033001765268131394,0.041906465757853284,0.006424599235320953,17.322438027886168,8.709013549865372,12.851619364627025,3.615227351570391,4.333258229309988,3.5650752718040377,13.878732798189953,1853.9695301135641,14228.436140558628,844.3063976228556,586.0341374722733,24.468383010656584,25.93841567517318,4.402309655246144,26.383534173806233,80.77368307647619,0.7161451440805566,1
0.1725898380281994,1.3034644591421551,0.1385811622266403,0.0075697248328817765,0.014764526142997409,-0.03238034985583722,-0.014058267064114373,0.02501900233700672,0.07927105667087632,0.015734814341275848,0.03197488540038175,0.03044135401873727,0.008057397431779799,10.487926396279374,21.79474975633558,15.969607384419671,2.834400143851435,1.9194467176550192,3.447641849224228,19.044055525961628,1489.9783505065081,11628.129167724126,825.5159052984673,601.23947317448,23.82489516878407,17.085209613926235,6.494679339390444,19.23169275690603,67.63049289121918,0.6842234947862879,1
0.18787594596432503,1.0409281225541585,0.30020850380494646,0.005000718641642543,0.01198815541933596,0.05307825904283095,0.03969182757678549,0.009106573622878937,0.03991596169217688,0.010603042738067893,0.008716486624892224,0.03883817844328405,0.0064849259434454215,19.129761044629728,5.394934305883719,17.5100094453328,2.4933764509470975,5.5946810811843655,5.553220985253265,11.644836487967316,2647.4057032571586,11655.59567084148,805.0085556727432,524.3677732889919,19.574843628864834,30.20426770031579,5.729288653142974,21.833529959342485,83.24166352488442,0.713429267870443,1
0.16900885728182838,0.7957607120284346,0.24728598192576728,0.00046277284485701786,0.015515700986180247,0.05973109434851582,0.06967408270957502,0.0050789798285463626,0.051385786465401276,0.007036003834106765,0.009377596826567159,0.016779562369145753,0.006618315439034929,17.138844721753056,11.229437601044701,21.097155414773862,4.31117112272679,4.282783580089241,4.797723528575849,14.013514077154825,2033.4542672761643,12721.656816803594,871.6049029830481,595.3703254728651,27.36676044179053,23.423949097971537,3.9136941136435794,21.638505002185536,54.963974609094315,0.7571875027225652,0
0.1852804016266734,1.7450251410849806,0.15416268566261906,0.006006236588493127,0.005422793464750772,0.02426441105235618,0.023855075486765367,0.01554204686173183,-0.006849566753306939,0.003353204705329681,0.007185850202219736,0.05630096119048403,0.0036116826878173666,4.985257930674036,15.277399593826903,19.271586695868915,3.780841193765805,4.443887974268703,6.770465202313354,12.8129646440616,1882.4138995464173,13289.909968054793,867.5795253925155,529.4306407262245,37.048101769405505,18.803479093631708,4.037971538303765,13.730142106434489,78.72082408519233,0.7933428814696663,1
0.15829698946884402,0.9992863228753872,0.2328745841817711,0.008065531441778254,0.017326881361298015,0.03995999712701118,0.00255180524877386,0.0384804019177085,0.04045000776490879,0.019314345607000884,0.018614989780600465,0.044356924579925336,0.007078082993505518,9.668184623075906,17.660580670931907,12.382737850827716,4.69694857537462,1.2844930476914125,1.158713636042413,11.861973513862164,2060.4476969399825,14145.41748153488,927.6174740621346,587.6315974674715,31.832562005695628,23.101067026616615,7.215910164143703,30.01982523934513,77.65846625276664,0.7918933988168154,1
0.16151068023740892,0.9886811813348083,0.15509308583121165,0.009521521502524916,0.008246351964972006,0.1246751839083878,0.017878323355606823,0.011853143467623298,0.04569133580949053,0.006916349450217992,0.013287889248661113,0.03548920355227683,0.0046714642700828365,22.160393019522818,19.10782062312307,13.960438449669429,1.7879198563649443,3.429567724501642,0.8952923878665002,13.617282312765306,1839.6590972474837,12643.442744031598,845.7003679430694,640.511842752589,25.37958824508964,17.838572040334434,4.274657732636642,21.73509230051649,71.02745628514168,0.823125711101839,1
0.14871516776577898,1.6234914119535515,0.30589510508136347,0.012617724108422485,0.016644660067661077,0.04140899947837818,0.056771842765912135,0.00893267012270549,0.050313212601667885,0.011136629534115951,0.029205095750656787,-0.010300168790141812,0.005635516351642922,18.115055146488743,2.1628204513050004,22.954176669634858,1.8935606020937183,3.8787259462011763,1.820878201787988,10.86853265156618,1753.277786818359,12672.245805891145,854.4279270649947,618.9582677418368,23.125924342391105,25.58978651601644,7.542242608899286,16.85027638139693,55.26091050210834,0.7697126981564913,0
0.1600836921041954,1.291629875282281,0.31819749147463605,0.014350841704631464,0.01937556182154928,0.058495785469226694,0.054609200955199506,0.010135595009007535,0.0657826367087489,0.01092384325124512,0.025333250306143477,0.041991572556275066,0.004554806437197045,10.754882839589824,11.136633046697714,22.159445318872567,2.977544372953569,2.0673514686167516,4.0427468747266,9.268746977490828,1487.8276594383897,10954.995316234365,879.3372480781933,572.6567084202736,21.97500335704325,26.057294725258735,7.242087336158439,21.398887832326107,79.27989878419666,0.6723191114567456,1
0.16180633166036332,1.6767597337654292,0.1688416218634069,0.006079750792637543,0.007506000948780812,0.058747616689472704,0.02333904758048955,0.01979078962616923,0.0010081965454793451,0.0023740728166890103,0.006822002478910263,0.02514967100947956,0.005280319078439224,8.878001133894852,13.680858847996836,10.829029530631086,4.891427528221391,5.367923085717945,2.960361717949406,17.617345982426173,2371.338951143483,16025.911698867965,845.9720297968174,568.406404292908,28.758101517072866,29.185115031854657,2.546679480667133,23.857819531783996,72.3265243711195,0.737440579370888,1
0.16149150747880825,0.32403131800857854,0.17829338731263505,0.00750195817964569,0.011033478867760151,0.1383466398750806,0.048560313183033735,0.025712242102362396,0.04075126702762223,0.004075240293869626,0.015827346346776065,-0.007717292357284189,0.008984529018950117,14.964143945093365,10.930141020547442,15.235523488796566,0.26114835883109144,0.215352675095696,3.8950430713657265,7.355734830922521,2087.9918708051073,11422.96704960887,897.1265942198507,686.7553103289302,35.15962791164082,23.662935970557264,2.243300086379927,20.021351131444998,68.93665025993971,0.8189259420223262,1
0.18938535179617053,2.194075966671557,0.1863090557450804,0.015020583153499616,0.0094204734343383,0.0500076541753489,0.0075773197448415555,0.0011701655332827347,0.007235086818109332,0.015569311989911103,-0.004604358220962054,0.048150646015853935,0.005067783600911641,11.898678516661606,12.406874993678086,12.155857062217045,2.717112223340525,2.803319305125492,2.6795545372719216,11.44582226406155,2208.474443273417,15331.35816102779,868.1947787847622,551.4577403624498,20.778115433057195,14.737686462118889,5.404052382685196,25.876365058301516,84.73237624573545,0.6910507563877014,1
0.1917710653954144,1.9318480806864349,0.24495015895110014,0.0169246785270692,0.01839287583969687,-0.041502394820570374,0.04893154007146773,0.03610292980482871,0.08233606109927707,0.001368930190210553,0.010919330292400347,0.029722757309914572,0.004164768021787336,14.985272943337025,18.677834491512858,19.427636861529773,4.011757549732232,5.967976931322755,1.3545723042680535,10.49949270787829,1719.1902460855458,17997.46821100493,835.7132835788511,584.5440810391153,22.792812845928985,34.6659711075882,4.623632421886004,22.421082944732213,59.4426331148604,0.6844657015777553,0
0.1559359828922171,0.7829689221317695,0.11474626979148383,0.011829297124347063,0.012289320237133783,0.08647903524351373,0.05367098205163209,0.008902498721117258,0.025176746627303417,0.0008199735832158436,0.02399779917616851,0.023637147346771463,0.005915102941976488,12.978608778939606,21.99548739631707,8.061234594992815,4.513655117592079,3.226026343277871,2.3499668382440433,9.14746399662279,2341.5916849061405,11985.222260239352,850.3883194043569,531.6699419680994,23.79057861318107,28.623281398466105,7.819900788012747,18.269137966641,95.86016816145352,0.7924865206013154,1
0.20657866639070818,1.1109117196893572,0.2124695316631673,0.01245116296633316,0.007880815651794229,0.13104316366763882,0.006390790295358356,0.00510715735559782,-0.0016866324268560093,0.002719767533267833,0.014761568296866048,0.038690801945085805,0.0031092003264384838,9.909811640385925,19.806801799094067,7.285889254813938,1.4232545904747091,2.8208652588962364,3.543766517016259,14.340667423804307,2042.7758876286723,13203.561206597335,827.5902886537846,583.9117913127869,31.322106547050026,24.913849678945414,5.448042540771178,19.409996586289438,68.57029702169376,0.8318484257984307,1
0.19443125010252285,0.6861662937200123,0.2911250041939821,0.01654695984732256,0.015079835030234192,0.1838193088914301,0.01845542548578858,0.020316219739102477,0.01652739214906404,0.017119494686234256,0.03376231970635572,0.0380307727143841,0.006983628802175925,14.072257327035732,14.174586688145071,27.93635727922655,4.985640807018402,2.9392164247096026,3.0444317129353746,15.026256215052133,1768.6891057576931,13174.228794141967,869.7932427592533,597.0375244379436,17.78918445901101,18.213580901442214,8.440679136585583,10.728211634477628,36.10459269054469,0.6766888928146668,0
0.1739590900102027,1.0425880576121085,0.20388643389321248,0.008632712719015457,0.013340252137948767,0.03166839904936877,0.03205082879635045,0.006154819805750033,0.041907005486655574,0.008566391525899686,0.021560907384568524,0.03734638775698393,0.007153122241017989,17.71762166275014,14.097248545571304,13.372893643135844,4.054734474629426,2.2430931067725384,3.256105665931045,9.594187574808855,1632.5077978910576,11640.08890163925,843.9754829637506,563.9884607468364,15.674639314944939,19.903192565071677,4.958239724293987,22.78873698342886,71.42842443583717,0.833520137180676,1
0.18963732123436983,1.6883285195252191,0.15504052893554043,0.010542253665658837,0.019756226332138648,0.18469168439740963,0.030061202334771456,-0.003910785652839595,0.020757175436192307,0.015042079849714958,0.012195953940713725,0.025245532533057745,0.004418752017454095,20.014048759775704,9.37024551932303,17.275225471211108,3.571903720451968,1.9510216901149922,4.260545399332168,8.534773137119583,1976.9222732662536,11666.157332821436,881.9684577912493,589.82652965509,26.701359649361237,26.310417073500748,6.53633796859539,23.081279178367986,75.36582307187538,0.8290436439380595,1
0.18525122658003848,0.7191401895695644,0.3269589751257473,0.009445951021571102,0.025210059552463103,0.19718643189635443,0.03366025856622964,0.0051776857632269135,0.04956075630384567,0.007140357269007836,0.019877234664978243,0.02693832533980689,0.010300621586662423,24.56089023831477,13.989048323061901,14.664418062324444,4.810455486948374,6.532067096616138,4.8617014800222025,11.914900486711215,1887.5648449884825,11175.686889616367,858.1608068988648,611.9807539629438,27.045269232778193,30.98263393341442,3.9037659894588095,18.152487217407664,58.944521423782966,0.7895613141375712,0
0.1860763719120975,0.9131935403488254,0.3176642298050343,0.009320590569289078,0.0028515909239595853,0.07427953452819905,0.03956281151111617,-0.0012683348779926537,0.04725991406865375,0.007677991092950446,0.023510912916767348,-0.00010558352322881381,0.004285655252216589,10.604918655247744,10.176712055524717,18.78043940347503,4.190918705448258,2.74617951275168,4.103202763922534,6.687676732226832,1843.0568760675421,10942.556734326368,808.8085736600486,554.3689890365367,38.66149373722696,16.343420320944936,5.190860907810929,20.549807280554088,50.538165667852205,0.6988774746132461,0
0.15972208095414925,1.2931146971760654,0.16438467496845346,0.0058178820573037875,0.010485573781005035,-0.011961038255424036,0.021975815869106446,0.016828971674260344,0.031231452655694533,0.010855935718728315,0.019124464535465607,0.03101827391070945,0.008642422252155153,0.6211328618586247,19.278676604304206,23.281612539017786,2.1083794521330406,1.8515200721319334,4.501204565073829,14.900114944189802,1976.4531126870977,9402.56073002125,864.355924927252,549.786367210911,28.78968643926057,25.651820299809135,6.35615648597739,11.454704484895602,75.2082576215471,0.7963019226389006,1
0.16564162218504797,0.6416843191230058,0.3196597315670723,0.0011057033282512122,0.012757036953123888,0.007638657715512878,0.03415721002134161,0.011422668233949806,0.046401163829864894,0.008813438829023908,0.0271841169777663,0.010216909640140263,0.005666320664612159,12.165982739520912,14.038484078591864,4.8900323862596835,0.9693258588127778,2.566661378498929,3.480692432267374,8.675840019511673,2063.1712257001827,12057.813186651589,865.2457196455504,572.935619593478,33.653241454157445,19.25159236721038,6.690383833976598,20.977986963431302,79.8148686400761,0.717225333104851,1
0.15697971832760985,1.2713906655541558,0.1631098960654872,0.010809121630484878,0.014591094752227057,0.097601122179379,0.02455146198138257,0.008430035443356361,0.021172370277214695,-0.005169946810726345,0.012037098110079096,0.04400443822564579,0.0011624490658611588,19.6899480014567,23.807509467460015,1.2176860145464445,3.6398518676755165,4.378206970053536,1.546080030391804,8.643460445605879,1589.3736393211911,14968.121106441395,820.3748680535105,572.8504752124027,28.749623737995275,30.571778890952306,5.9126909203003795,22.468355161701002,73.46670767426288,0.7038016061364815,1
0.1509764861989688,1.455464067457241,0.26676273842102355,0.008132964752194239,0.025189408761301,0.14340349467682512,-0.007605768211375694,0.015648612520379655,0.050560720090959285,0.005702701382759916,0.04368334542400437,0.01183692102784659,0.003911625642271953,17.405729453825934,16.23644999787126,18.050667725439673,1.9025501022191382,2.229005582507492,3.0063157813136785,17.76611081881964,1399.3571825502702,14684.070661951457,829.4215823828577,551.1146051868501,37.425049628314845,29.346645520231057,7.683224614281988,21.9571355380645,45.241267470226674,0.6607554590123546,0
0.18554753875916383,1.0147354551658403,0.13610538904928615,0.007059532797101649,0.013996140964696636,-0.01752953621198995,0.018694825215791924,0.03608067247172729,0.052081948527111344,0.0018804107871501635,0.025286348153345593,0.05025885769339562,0.004170692529348541,15.672916424061235,27.376569004680512,15.246487126085793,6.173656214344477,3.2561983559007035,3.307483720963365,4.361984806135592,2298.974388582387,7704.593521466294,829.5980310623504,542.1475501710053,32.88496730669278,26.364083661389206,8.278489631622875,19.457085105435013,60.43360192379935,0.734925862208117,0
0.18995486178182788,0.7940962027256591,0.28067480251229154,0.010753903044072411,0.015039201693675043,-0.036791517181531855,0.012980498386368701,0.019137829019925473,0.056218275452313934,0.003456579345054305,0.006900124882682324,0.007836506070305067,0.005538302064192579,9.380494375385577,15.489132459261338,16.281623264844267,3.440680032412084,2.905877211646273,2.826043120857804,9.925114723730061,1782.7336058507212,9339.799234400241,896.8582221156034,552.3788789671397,22.746955872218024,25.903719474641097,4.154117339733967,22.153431764404676,56.965547765115744,0.7538103589519318,0
0.1894400454183855,0.7313382610729753,0.30296414678067785,0.009186155435678781,0.012620878423723067,-0.0008797470620301312,0.061790460722077244,0.017985800999230264,0.0735525088431227,0.008091144016629786,0.019516803212656558,0.028938960161497877,0.004719539009063972,17.68731043362601,23.047708285191845,17.48173205535246,4.581274746955961,5.017776983019447,1.6999046499994237,11.34686087634753,2096.295790781425,10780.357566545403,820.5281856669492,570.3103936375397,26.11446727388748,26.914410612977825,7.318158567874207,27.63968079996911,59.47708560017315,0.7133943348477495,0
0.15777084086125936,0.9573986447137041,0.2510262914834948,0.011092042869977543,0.012717132834287466,0.09633420351964328,0.027165825565963513,0.01458526993492831,0.010136203755821374,0.016625023274728194,0.015849086632746714,0.02836731279977512,0.008116272225134844,10.801012963256495,13.239097759402064,21.276131233172908,5.620484547263245,1.7576914415110543,3.519220415928602,6.32108676923458,2339.7269329966684,12509.068602073896,855.4480041738784,477.1545258757835,16.321403432275986,23.43329545326433,4.1638360605348375,21.502058893960353,49.26337993119763,0.7790269040403919,0
0.19358746565913007,1.6680794836786415,0.20212499355351626,0.004118041795074997,0.016551078918323726,0.01671773270204481,0.0791974397005876,0.015754018339778575,0.042367001313103544,0.01944641227125126,0.017844320565810503,0.023815121847345407,0.007213460005040213,8.43579863453637,14.17079547168999,18.282530415876135,2.175683113784933,5.30300057495777,4.536519302978737,14.14069845473708,1781.6722095525672,11226.474422536698,824.366004811989,539.5759983739578,33.82328561361049,23.472181026785815,5.428123575489447,15.040572893862397,47.728628241751316,0.6632938545456828,0
0.21494726395831115,0.9554459010445486,0.13885610158312078,0.013432556283736064,0.0032285757358875046,0.20596445123015056,0.05101548580944226,0.026970509788397268,0.03697205016117182,0.007545255251340668,0.010052282820683047,0.03506367391398598,0.006550186953887508,18.146190901476203,17.870406410532674,17.06057150365301,2.3573674049999465,1.5577159690061786,3.8988942381011977,8.290853614780632,2272.4933123635524,12622.415188345545,807.7465257819387,567.628628267482,39.60579637734812,24.333024055813663,7.385005412553729,17.569300334929512,72.07127167737656,0.644354234450651,1
0.18924345332163886,1.4849288638320648,0.2710840649563828,0.00983482925197087,0.006618094062989709,0.08200660807838905,0.02179941176922178,0.001917046715004856,0.03468343268706015,0.00859944496124997,0.03073118026799375,0.014634893592164598,0.0063741378759532,4.094123811671613,7.459153953139111,16.418392248494264,2.507894444452985,5.69631726702898,2.973923835686017,12.115719725928761,1987.0650364658743,10101.44098658853,898.1010847602213,558.9020386829818,13.615175112940275,24.21498665771541,5.208970134809677,21.24569486607329,66.59329803364248,0.6715057806026485,0
0.1648300933059986,0.9744210047767027,0.21765104058479817,0.010092783914229499,0.018339802435515445,0.09884776978703996,0.0008357377236249894,0.023666062470138048,0.037293315321537804,0.009196733568169628,0.019238123887089825,0.03408307743992054,0.006510656343490089,19.380228883359642,4.38310730800886,12.36522428217504,1.2008306130669602,-1.3673248789809733,2.3176489978423,13.522538616246985,1675.6434565883026,11437.712547970934,861.0006032156523,542.2587153341624,9.094945486466663,21.172209550449864,5.252378517288806,19.140475538772584,73.46707325736034,0.7168096695291764,0
0.14447507333067094,1.4054457856924385,0.12232848251407094,0.010546986589596923,0.0113673371012647,0.04668283384393783,-0.010281265484755268,0.006884560339629989,0.026783176064948386,0.0071891882903263645,0.002448979687288383,0.029293662808102083,0.004677024229436961,20.085871070850782,9.20999096738884,9.912544685559608,1.0734458875362387,2.5160883407975305,3.9779001015450426,8.580206184192313,2071.513221452349,12162.494152479605,809.6235875571987,553.994838262914,23.23378717119096,16.993818391915177,4.495636738829653,11.014065294959806,81.17327383308782,0.6960919210925378,1
0.1616499435797147,0.8671754780600573,0.050155118600564846,0.013504695726772303,0.013657354481654477,0.10400000033681399,0.035215336349661265,0.015953614799590538,0.029446924476433253,0.011242725525594936,0.026039170414833744,0.049888288401804766,0.0049692124037691585,15.978202641561579,6.203564899797113,9.78708423233087,0.9506300559043335,3.441681895952958,1.0359090818500842,8.875862734435428,1715.964780876141,9476.162046324716,784.395118861856,597.9540332536602,23.03477318299573,20.53280968826975,7.839129571753647,29.463613143458147,70.77453279763475,0.7300506684966673,0
0.16620544451871652,1.1146172882598246,0.17339448359878307,0.014086491936292155,0.007466757274228536,0.03354777089882597,0.010578759417845338,0.01954955881989076,0.04169945925271654,0.010902340709156032,0.021234575561691425,0.04518884347645166,0.005779197672196823,16.303530809856376,19.300926053909222,9.560332706854627,2.9916192990477253,5.768701980557897,4.19765808897383,16.06286459875329,1790.125191050805,7303.997731191312,812.9561574634445,660.3195242588063,19.973595646667963,16.306441397347367,8.14165527736822,19.23614993386685,34.58265131575709,0.7452574797888144,0
0.16947930314664839,1.6920002290876601,0.33200873220654187,0.007754648014231176,0.01117459717498477,0.02541917364125148,0.0033954748871732367,0.02444968315376176,0.020637428042953467,0.010150703306575887,0.02768194128105848,0.026492836512103178,0.006579660083741423,22.556613996016015,19.82786779396592,17.205413309302017,4.958468342760071,4.897373842458453,3.336948473784113,11.671892800768624,1956.9889205084096,11150.177179834316,858.7518150120211,577.9241045271593,26.834134728763303,30.482736331431116,6.248385757256204,16.51508278183498,58.82409746184051,0.7055706940684668,0
0.17607066833143806,0.9788316650530792,0.31373615416565936,0.0035064698802350263,0.008853939252352788,0.1499917001732602,0.04559657281510099,0.002262248677974813,0.08012817275425874,0.004585797355658283,0.021152398669720185,0.031878129633209,0.004369377770423785,13.981202432527898,19.22640152303424,16.99116392346136,3.403852699329387,3.230321964635873,2.147907578445599,11.587029364581968,1652.403470803125,9645.959223954611,833.9547143642586,623.5242117040171,33.252984902973125,27.67089427476775,5.657530702921127,21.26768299001142,81.30740577286092,0.8241655905126263,1
0.190690112969611,1.9044752499469495,0.23424625536024885,0.006964117204386621,0.011657767536667921,0.016988807758299834,0.01717670141206299,0.02220189314205133,0.03690619337730891,0.007545967667517899,0.025516802322559696,0.05989462014538608,0.00427165584165207,-0.47144624545694747,28.642498726483034,22.24646214201913,4.579604576392368,5.13980423160996,2.252603360338126,11.9173321904533,1875.8396825078876,10294.223912226498,846.4325304557022,572.7332172153243,32.16188173330826,25.45835691418882,3.405261780104839,23.662454903946887,67.55756125573521,0.605128557878072,0
0.1620986031544679,0.9087691608578714,0.2273425568843814,0.006310348060624187,0.008848753524977819,0.08852266872983272,0.0020131566830245834,0.02281348347489577,0.04490471695788473,0.007043921903788131,0.01944898550267679,0.04159155694227694,0.008419062802272538,11.706839595224848,13.895827539814587,7.625246601448309,0.21281247939961245,4.095120138806396,3.6022472258193132,12.069498240186297,1308.8465091535936,11517.882132336024,846.1749604396508,611.3372474657552,19.743650421816714,25.534534646456276,5.94931545662976,24.080740902596457,87.87084603742451,0.8874565543554445,1
0.18876951477619452,1.1643063383114205,0.23055510408953067,0.01174402310089032,0.013509804500858823,0.07553928021448855,0.02453986503954831,0.032205506039312326,0.04648691422389848,0.002118455016143772,0.03959683981955883,0.029527640411630873,0.00738739591002629,12.660381388333763,15.718154169940988,12.80073368449797,2.4194204606494085,0.700238106956498,4.494048754961288,9.068193415130981,2190.275862941428,16396.279038958965,873.8802991001758,658.9860944888724,23.386575779911112,29.48598776136773,5.188631833485291,28.454429482455524,38.07535370285181,0.7290839690376685,0
0.16103303991551599,1.3249512841866287,0.21229474230791057,0.0040858122520048045,-0.001537719276905887,0.11977046558129795,0.06327972559616199,0.02227028860388945,0.005698133056349225,0.006857786554223269,0.016669602242610812,-0.013872958525177469,0.004240321387798026,15.58282828407668,20.19419855991047,17.835109164516133,2.745031220683604,1.8989925085662736,1.6241899554974617,12.46672533827567,2077.5724702211423,11485.798764378827,812.3870100402693,568.8035770731807,21.424653101711872,26.060658686465576,4.076323890497065,22.80375749898576,71.7931768164829,0.6512760751825865,1
0.1891677340710297,1.2631045757175077,0.35880927201442503,0.010833290034502369,0.015333139417284454,0.1941534923137736,0.031636886690590775,0.007721714339430079,0.045638360415021,0.009030026037166876,0.021137576834802774,0.033855975850125376,0.00773071741810014,17.056801387848537,11.618420682113188,16.452901739372688,3.5018364518068203,3.1025907909549937,4.116471963544034,10.85191457675159,2165.4720616459476,15725.791106227694,848.3797839424223,529.4217896429662,27.802088383736383,24.608431582852827,5.004029580437307,11.848624243263318,84.9799829124545,0.8527025088085406,1
0.19635779316050056,1.4319429141180529,0.25578231723074313,0.010272289076994484,0.008409676081908679,-0.004425231687041009,0.03332970545154294,0.015001289654949679,0.028336685654880872,0.009006654330885485,0.02162223216898832,0.030787115099883907,0.006461083173701459,8.567652532152938,17.641349694575528,15.10420741068886,3.559150836414603,3.127793894956181,4.064401532102219,18.425947920443807,1795.7099492261061,11046.180144805356,797.2533511039127,557.7634601474399,14.183708583457365,23.588268138113502,4.380700944330067,20.783784383537835,58.77300493044852,0.6563198235262518,0
0.18320036451705574,1.7803710193116848,0.16263030397211464,0.0056151187005257395,0.017594472989653345,0.05639372622352698,0.034992189164194235,0.01410084603750067,0.04661226522180812,0.011189375781744337,0.02537975969826489,0.03434878161451685,0.00923613696233208,15.855197463185736,16.446523179368807,16.277798494934018,4.137367164232197,3.930139796380301,5.3739285656010765,13.010677094086343,1607.9962008065625,13323.859129468015,866.039095979124,562.7086668348014,32.72719411594864,27.81648897932324,5.052102422468337,20.529354293353688,41.20680771985473,0.6815179429488555,0
0.17704439362365057,1.6875883159174654,0.25638411872469863,0.012020084353095067,0.0042609922184548435,-0.03316772223706156,0.024657250281164906,0.03992094407497453,0.012364616228645924,0.009785878104622406,0.025205124966282796,0.02049353164635622,0.0034624979847974334,18.661090365454974,16.205394882029065,5.792171917577198,2.836025614145939,3.6531234790964113,2.7943492164146666,11.189835305567064,1658.206498379735,11528.150297829587,825.8637215591775,663.3628509460996,14.826478867845568,26.649244951327514,5.010412993898341,21.51049082037791,46.50155630535208,0.6779783296550006,0
0.18999370220605866,1.2075276198962392,0.12587902007528567,0.005854763010504919,0.00850869075624304,0.04299347830881754,0.012711465893285607,0.030454602404822527,0.03140199789584227,0.006290784194957623,0.0020684649754584943,0.0450093972387019,0.006892748489517072,11.422277901207362,15.042688075895844,16.131579764492393,3.103142626267174,4.780339616393846,1.2973208708831414,10.412661998176482,1768.5868320981172,12134.375350987999,835.1987221750794,572.7643818029566,40.45206187781423,35.52987837082768,6.042031351090187,16.44772734500268,60.69767280232204,0.7633634085439631,0
0.17412066104671634,1.5655086485542342,0.30450898612602445,0.007844956650615617,0.018590985336170127,0.2565829001161173,0.02569607352879639,0.03410692320420895,0.02450395643728942,0.0117468177674119,0.011160770501716545,0.013431935565034976,0.006657126230375031,11.933181996883821,19.664194461811185,15.626954859033692,2.958078343082561,3.4363067859661287,1.1155962826344825,17.412313993758904,1737.865133867503,16147.32835086751,936.0132045156392,639.2196861067632,23.77639416507033,29.687237575757685,6.995380438798643,24.72542878205605,41.555494889657226,0.7424928653953934,0
0.17059915704480996,1.4942487988982986,0.2536393181064602,0.01144157358007232,0.007532024931404398,0.08084029804228285,0.019867303324241612,0.01382714293121113,0.0017331933055439452,0.012532938358486378,0.03220715195495441,0.018870684443000475,0.007431218135946181,16.82213038567674,9.336963547393731,27.42072040372668,-2.0038523242036446,3.795635195962857,6.01758236316412,17.74936296304906,2157.6919768181283,13730.74994119313,847.5782518506118,636.110572423228,37.81704974831388,25.4014247593406,5.862124766895786,19.069106830508407,54.62365297575152,0.6678803088427646,0
0.16473427791642836,1.035270652414537,0.31800634659340427,0.011174150119874562,0.007751395392611518,0.06061745787361959,0.04207426481088392,0.03433633608817878,0.02361316814530853,0.0083713055340869,0.017099695985338073,0.0414731392655343,0.00955007404225493,19.359967327134317,15.101359460611441,13.672385692833256,3.1171735387251975,4.389780276519667,3.1195214697681206,7.069097573340149,1876.1618466943123,11837.652779366417,840.8374833990694,590.2605495996738,27.40373457844687,29.091433793807546,8.455563321480412,18.175960799257044,48.2360769794073,0.6881596947815604,0
0.19569208575796046,0.9551332331380716,0.23901512273688963,0.00825537823397006,0.012738779537000642,0.029513029152259493,0.006395365315992597,0.005777654984931265,0.03032031320798894,0.010273058914550352,0.019206036186145064,0.008973563715215405,0.0054128663268182275,15.733162938230874,8.941158962553178,12.141307088874054,2.7609621378653038,2.371299309616643,2.6356286533690834,8.191043201696097,2182.0741130861143,10566.346784183772,815.3307545613158,583.9925467528657,39.84211287661091,27.621016306085334,4.59619919738031,24.794502618708865,59.714683571359956,0.613703321300958,0
0.1919758877912382,1.4771423023271246,0.25446911518755977,0.007956043319217091,0.015837396722770652,0.17030372231649982,0.029760053107445523,0.01549631808743332,0.043635624651743206,0.008164429149638445,0.02075409128924666,0.07970627849067372,0.003924409053963632,11.13292536692492,23.650583846044196,15.2567937940134,2.4161832822048543,4.347519187613294,2.3244083387768257,11.023020958219197,1309.3963459594404,10319.496470762671,862.4203882583407,625.8000591408794,30.268207699444666,28.63411980090434,4.520968463743395,26.637637940178514,78.07639035218878,0.7590251343086146,1
0.18119865260532655,1.6801046998955318,0.4235949270464434,0.009768369000492366,0.013247254729650361,0.20292249546193103,-0.017702273973860733,0.0218863108156798,0.07089682924836517,0.012773193540659037,0.014036753109080792,0.026815965768267207,0.0053618741604306,18.420524954673706,15.089276507410872,19.359222849370454,2.948742177698509,1.6834552297251593,6.319916877016956,9.64751177342004,1782.7077308648359,10924.089649951806,870.3070371308307,577.9214728796051,30.568339288771888,24.158916139483708,5.145312206800424,23.96077178954418,38.305947188786284,0.7732620217315211,0
0.18773617041378404,1.6260687862857546,0.17057071991315637,0.009898023485659201,0.01795545341573096,0.13351178132964492,0.06184049797152167,0.01754004661644299,0.028835394752044316,0.013018665080951109,0.01816011339897036,0.016288908570329896,0.0052870460627409115,16.590796637049426,22.919682204817416,14.088426496415034,0.6077612176487688,3.052837959521716,4.897798331929424,10.340864976849193,2227.3769102033716,15641.773183118812,868.01299230193,597.1907848761991,33.36378000372858,23.9532846880413,4.539601403448092,23.427034453766083,83.57787360348283,0.7575134701588744,1
0.20472261443612436,1.8810058632518423,0.1936217251511293,0.00912132219059616,0.004457220158935718,0.023792285902437038,0.043493899556172395,0.01479369393437701,0.01767098289631905,0.0019058871400677978,0.0280954188825294,0.039129960705012914,0.005579688791618251,17.616095055884685,8.058537842575738,15.210195184986153,2.4394186942643494,3.553236618372992,4.020454338090714,19.267666723787833,1833.116280538877,12201.617708518746,897.8939357440056,565.1396309799264,22.359722829992883,25.297424699985815,7.724127114408031,19.148297437830074,71.76437312275283,0.624742634609845,0
0.1619875853070426,0.6827433824965409,0.22646059954908337,0.0058801109008922575,0.0236891387269415,-0.036097847034428254,0.02923352328605255,0.027589816954601127,0.0512582132057017,0.012610103175553833,0.018596837719528404,-0.0070317366858117306,0.00963815438039161,13.935106717248944,15.331373686721173,13.274313847617048,1.8998068632465535,0.16820664416647757,3.150933166253163,15.646411626239363,2144.329299628473,12821.390627555056,839.2752145818481,510.30523094995004,17.452110569484773,24.298133321942874,6.955739615326492,14.179599055441745,47.26210800896427,0.7073602189596877,0
0.18695352967076673,1.113732944980947,0.2394290728878762,0.015163033696489712,0.010188262212269488,-0.023060328901803775,0.00046685552963893207,0.034955717364824265,0.032659547705567164,0.019350693464106526,-0.00021002320876243458,0.020529532368916054,0.00563718793056562,14.05009288251461,14.67595373219435,8.953377661107933,2.6927090485929224,0.9955955451729688,2.5688546876606884,14.499390985195033,1625.8430023661213,11287.575099744747,846.7258424546274,571.3100268632761,32.91428861115272,20.359340530751076,5.660498375413986,18.03457954228364,62.07751935455475,0.7026161467823472,0
0.16937571410784802,1.0192202512352488,0.2119363644796079,0.014973623188748647,0.007870836133809761,0.2032516304753642,0.03591866480692191,0.026054045047627466,0.03700728111496415,0.012106801271533543,0.036399566818286606,0.05560704041674271,0.004831013134411203,24.77663108074895,19.563011570148717,11.709432534541527,2.9485300038752866,4.672695377749223,2.9580240109938076,14.234214809145959,2129.556648038485,9574.569848402298,818.0237769854547,637.8674467794921,18.148191286979422,19.382903686036975,6.641546186450387,33.61534663610458,85.19346514241172,0.7490814090496203,1
0.17260946142333283,1.5556148489119568,0.30566910712750284,0.007548066914917242,0.010368831477793203,0.09763696327658973,0.03300948997547802,0.005801228357290711,0.04358828342097683,0.0039584824217033365,0.017517488861389065,0.0533458143476756,0.010264292920287403,11.687414268466298,15.901606245886494,13.648538411877524,1.7624821523907201,2.3199530185937345,3.0318495986637317,15.937528031863305,2075.53557370265,13638.842414410541,870.940047625316,589.6782160928404,16.107501260093862,29.829158234290652,5.083738665965576,15.250094414891446,49.97945775647389,0.6098217802962907,0
0.1626067383745061,1.8597923577295683,0.35808583139305117,0.010993300570063529,0.006332894908536885,0.08615873171237987,0.020388511735950507,0.02733179317422558,-0.0020520138384204425,0.00517086614552018,0.01850121966477832,0.032216727573844445,0.008009643383515825,19.58683324738924,21.33636823159191,5.6297224863438995,5.017439499261223,3.7098228135113827,5.341534395671939,10.711968448515858,2156.8613800742896,14473.697414708282,813.7961234073398,575.998358490776,33.50101997910391,22.744073424009347,2.3932224230905295,22.408185188597734,63.6960592010566,0.6612421492525279,0
