copper_thickness,dielectric_thickness,dielectric_const,loss_tangent,solder_mask_thickness,solder_mask_viscosity,exposure_time,lamination_temp,lamination_pressure,etching_speed,etching_temp,etching_concentration,drill_speed,drill_diameter,drill_temperature,electroless_time,electroless_temp,plating_ph,plating_current,surface_roughness,surface_gloss,pore_count,mask_peeling,contour_deviation,etching_uniformity,press_time,press_temperature,trace_width_min,layer_alignment,impedance_deviation,pcb_class
34.60949356998218,0.19341858917145652,4.314432579558333,0.0038853231198043847,35.71122970393935,3.3419934536084575,31.80857359350038,159.03862309444904,2.5801141195553923,2.178659675716889,52.849921583632295,177.5626036081861,26.75649900100054,0.4006559143486961,101.90690929444182,6.405489377850337,39.789556328665356,4.159643943369073,2.7598073018340465,2.1384335100057816,90.72700586360276,3.389508091565363,0.9805966362627861,0.2636578152252522,91.70786929642735,23.347714270777946,197.43894490065975,180.02580905809435,105.0715823223203,3.7700464495880857,0
28.489510698386592,0.18656228470543282,4.44208153890643,0.011333042700002975,28.632469551442934,2.8761984139005126,37.06953214604399,163.09280480022963,2.961799087757251,2.231623348271128,39.319577330916886,135.63019118463055,8.87860551542316,0.3407947785801776,126.49831035510294,13.961783060046749,39.51290071006433,4.900089574889161,2.664468076715983,2.2551868602905234,87.95723102092086,1.175448800432148,0.9794521628776978,0.3427402075053627,81.90752245597652,23.182241377496425,159.34704997214382,174.2487941202617,76.47339929752964,4.1430544905916395,1
35.382827619866376,0.1686580070305051,3.4464642823924097,0.007294578993370621,30.81634652299553,2.480812498315886,29.741619902785153,150.14126009782711,2.885361754773173,2.2574896037895327,48.317356887410256,147.23079504053044,12.94290642411421,0.203928715411519,116.71081669555902,23.442559266589964,48.28654037665913,4.323524610293533,2.601895764256536,1.9517299291266155,90.86543570078588,2.025417036816824,1.1227908831786162,0.10260628381489705,80.92926128291279,18.589156086051894,149.6534070263696,184.86763037169163,105.87270999827781,5.140971964280234,0
33.60593683139722,0.1783948012090164,3.033384210182171,0.0043168661158814285,23.64236216458044,3.8130673846158425,26.724638581933508,167.22723037864,2.1960738152743833,3.0158343555990568,42.07358351779755,162.28595623803108,19.06595144516884,0.6033925055171517,154.14894707429602,17.58970244635687,46.66657951697411,4.659645490047308,3.0393205343306247,1.8918899389821036,85.86236597104079,2.7743296730246088,0.7772888739925496,0.23020356346243664,89.93377509264346,19.105061419068917,165.35276061584818,167.65233958398298,131.41633713807573,3.391059136775495,0
30.396842878940717,0.19833009982231026,3.970997194660844,0.002332693475363843,18.26482998967246,3.425525238685218,26.71642777224379,112.1752990694233,1.7242892576024804,1.837104065276826,51.388669564871584,127.99230355117794,24.30124047545576,0.3041972200208015,121.54182755884382,14.363705753092903,48.71378960734043,6.620294189401977,1.6603687560080609,1.9264380969734305,83.53658885925228,1.607912571890849,0.6490512020924755,0.27095320959377117,84.94400550809378,13.411430318253624,167.46441176961224,171.74584831236626,109.7650343149848,0.6199560195281624,0
38.20137254923447,0.1825691453963888,3.7483351148865123,0.003063702503493959,28.465306457655736,3.962710447435384,36.7461456747845,139.92880561314328,1.838057825177399,2.1404947281119324,50.81756171305,163.4116122343425,20.607714040039852,0.4834336042218179,103.9721494830543,18.298889577917137,39.3411788930523,6.142574351799312,3.4794269251407655,1.7726712920380754,96.89954154720692,1.3655724180272686,0.6751189829431554,0.24110941160532093,58.58247555540658,21.80270792008461,167.78526978180756,167.79943571256922,130.89204434832084,1.5471133083224764,0
36.7676485695759,0.2011092887571092,3.546252365211987,0.007493165315610032,32.077062958277374,0.861478269724258,32.50856772416697,154.446429541536,3.4082589158334406,1.8723301490365194,37.81626922423275,178.40064133191092,15.607729832523756,0.25415247045024825,124.74724399022791,8.578099701323438,39.6111265049637,5.004139819114172,2.709697284105353,1.8676161696428084,88.26171822883616,1.7432901530631697,0.3938636602623322,0.0962785661061773,100.04465602033706,20.412638413296758,172.46717740997147,175.89532657214454,121.0090036614561,4.139292607579834,0
31.863034634979748,0.24652059227805698,3.520646913257849,0.012224703120546972,36.30543895377902,4.810887660104925,27.368576182122425,178.07256438531934,1.557060264710663,1.7515366194594852,38.851928339733746,126.01577015398317,21.928951615539862,0.479308323936915,118.5728412835859,20.233681408444646,51.584791449905694,5.56799911962999,2.5241723075549394,1.7823939267762259,91.31773179622235,1.7873584899925437,-0.12380544084057621,0.2768094491471883,83.72541400817643,24.62916062574167,166.340307025471,177.4996993945553,88.64253852823546,4.445836760137178,1
37.24984038805237,0.13944849220519817,3.1543773877985446,0.011368722712824334,35.685934468726664,1.9468646458510157,26.619067861701843,152.4239235717345,3.351380501270233,2.0046879812949503,42.28644826165107,139.01956528139777,22.15938521306512,0.2328636627383632,153.0770596265286,10.11012853581298,31.656240991807707,4.761177289019104,2.1879544280095597,1.9058553049821545,95.1774081891028,1.9862695104255113,1.043875854157772,0.2833345642801828,102.2292411310817,7.7705938524822376,196.07841062743725,180.2544423644028,95.65569657874464,6.080375034645111,0
37.386764048346144,0.26217165469791354,3.170694471999727,0.0024748379589654233,25.083451569389595,3.034915775414627,36.00396986184271,176.87944936993318,2.701551882596263,2.2586696642565163,41.544037742473016,160.31947135631282,28.419142474456496,0.20200894702438849,132.0268994440263,14.450861474909019,38.58029004188355,3.3440426013272244,2.8017404400631016,1.6720818484440072,95.02226223253867,1.1528591895986025,1.3407646941766507,0.2784924214901867,96.13421696203166,17.516790204803193,166.97837663273114,173.05657273272365,73.63450581793025,1.3820852494560543,1
29.915560915925226,0.1835382523387411,2.953914820813641,0.006651428969166596,24.419007424673662,3.495958457339087,31.152833696801796,148.40806912219168,1.0254037754805534,1.8895079321844583,48.68048726784279,147.6582723502218,22.64733392945493,0.28877340757990755,131.3917555151737,15.526333719850484,34.04663868997268,4.74661640561057,3.0116499226748448,1.8329567568023752,85.73138430042428,1.1946568474896804,1.5521048437513305,0.22105782486928194,85.33480716922097,30.87692777623129,159.76547153549637,160.83654714700225,121.67888427835297,6.161489243581489,0
24.772398369601962,0.1503842892770847,3.177466684946968,0.009287246430002012,35.548322277418144,2.2473304164616428,19.82116811801238,197.91076793360776,2.142034237975156,1.87997877780259,44.72268572037697,150.90038064396325,24.88615578565286,0.1199703393661177,131.69822810456128,18.145893203958735,44.57857076224023,3.2927730720493162,3.831954844668619,2.2019310057847266,90.08450991276054,1.1011581840676103,0.7977364752514682,0.15207361287963345,99.83757781524892,15.095936597900508,145.70942494050948,158.38449353419495,113.9212776705086,5.57354175474834,0
40.17004927990027,0.13918472232832355,4.102067621942528,0.010517359071666727,28.126669935731677,1.8333971370442672,25.35479989024819,206.2616192715373,1.549252182151064,2.0493292780785484,45.26830360189436,147.13016235225712,22.425545707161074,0.29921860581497045,126.66340826610899,9.310165926171845,39.38895623641951,6.038324543733592,3.187141751935552,0.982248126472273,79.2630653356447,2.5394605606817,1.6691564810505322,0.18317547639207224,91.67362657429571,23.450428120733896,171.6124157571957,165.47341880907132,99.80941973151981,4.208430252319824,0
30.879003937842803,0.2376406888499561,4.259893396061022,0.013398614760093618,31.69654250697174,3.0260752623845786,30.65234831806749,163.84062300584833,1.5866266074746482,2.119984337930999,42.4968901041289,150.40363208370061,18.806669473003332,0.5100793309450858,100.7581542278201,19.9328161031613,40.91918424046603,5.613984120892324,3.260758522399146,1.2047793332411885,93.67360275391505,0.6839583779916023,0.6014429925010193,0.07962111474573597,95.1714157932265,11.481521091797335,181.98415650847514,164.14097598873133,86.60206079444811,4.707218060951133,1
33.384483552871,0.28088593338576623,4.252945092098989,0.005959537562478123,22.348199595297185,3.5684886475158883,34.2310794396827,149.35060993445484,1.934319727300656,2.0399657897258665,50.18958259581636,108.46213674591056,14.726439055295435,0.1836342221160077,111.78055128470827,9.46732675412901,33.25724681828494,5.980466773459052,3.7730696755724744,0.3382744757455751,90.23480235199803,2.465124576629262,0.8898921710539773,-0.12875063192436137,104.65895646798455,8.793964918215094,166.04218139288093,170.49642595800384,123.88738263839649,5.138105397080652,0
35.54804063400221,0.11903583653813465,3.5585739314712335,0.009576075281479522,22.52511765116754,4.354293231119754,26.223064558715564,163.38003418360606,2.1651728000405166,1.5864569920412044,41.06348033195581,153.65355499514564,25.84880972035579,0.2999092805243809,103.86093046693247,8.964163040778041,37.40484903295839,4.828128711203704,2.2845281915532727,2.2225641290589984,97.47618294313465,1.5108538225539492,1.4555315648612646,0.16705392184685722,80.31554410150787,10.37860588722862,170.15750637398068,173.00929646665128,109.48649867572952,7.217465501910995,0
36.34633923046181,0.197776175742709,2.9468428169975995,0.008333774932021061,23.674138372073045,3.9649543803663043,32.54261720401747,167.00181023447865,1.6351623662214751,1.8960829762926266,40.313895126236105,175.71524854554443,6.376748426157654,0.3675094162799979,154.05168490265487,8.304704439660679,39.14693877634307,3.6862195147125707,2.8548675584172893,1.1531064911726054,93.95188586206864,1.5939292746940779,1.031791124863876,-0.02161715935756106,79.65964518304253,11.456824952681387,158.84505988790892,169.513578718138,93.62385844448768,3.8469996354671037,1
36.29118400906162,0.300935697979408,3.2866824188984194,0.005724338341318149,23.793363570636032,2.1121242456327374,33.27928766706352,185.4936930797657,1.3660936525993752,1.8421847228487347,35.04400964864335,124.6822694511057,20.843112112594756,0.32408454919069,124.32067168528957,22.245897838940746,42.63391179901624,6.112062867750701,3.2533106825502305,1.415858377975591,92.98794778269288,2.3519864534236534,1.929599102997172,0.18935633175036903,91.9203206183643,19.148495991802434,163.62475918409407,171.2082356542745,96.84915381031273,3.154406682304862,1
39.429205558588926,0.16125732752752234,3.552621630529041,0.007342599154649958,19.62817882690455,3.347406886080841,20.058455746529248,141.55624012727475,2.2799696780529,2.0084792906276,52.480095141831974,139.1021572549335,7.736108833340554,0.24426861848173964,116.33313883506413,17.757293725624763,36.83114495383907,5.4231834591040675,2.5511507955581814,0.4229298234203316,92.12036561638064,2.0450049759289364,1.0114261140249188,0.29374378433333326,80.13004862429221,20.991778565571277,175.9246880747411,181.01907651016927,124.90207079512447,5.180923801528884,0
31.53181691677538,0.17390565227602342,4.372970270415034,0.010627447548540767,29.099403532749612,3.0339976258601657,33.43047817150982,156.91385293686145,2.3679733025851046,2.18849382627999,38.91326860430013,130.71263505706003,18.89683191654604,0.3216708978413453,146.4747249308029,16.521887586508036,40.71708145673577,4.814844885671251,3.4221819195002157,0.41534765756798,90.4238957187734,2.1197823250179573,0.4797831052434678,0.09920770544360911,76.19011602040344,21.032684896615187,188.97541794554326,182.44819312395117,90.93344912781353,2.7231743065067064,1
36.60416790249303,0.17541644381594584,3.279952018727733,0.014467292086810267,37.67645210667294,1.8417335222551428,26.784476364408064,152.24826205291828,2.513725364873005,1.1751034300593086,45.750035085847934,152.66525505109158,26.375926288908815,0.35603636785040677,114.22669756436115,13.215563692071354,45.69101597373669,5.970882050190507,3.3543886574757926,0.7720999716773637,85.94674289513169,0.8177933146099223,0.6340595613906179,0.42161823335235965,86.33579218316814,29.11451644915333,201.35386715553312,171.083801892804,122.24558762147953,2.7253472796999048,1
30.588562966562797,0.19745662969189046,3.9433678004116786,-0.0014647431749396037,17.381859378126258,4.181212600271591,25.387415425603358,139.74351548293828,2.513723967577742,2.2380235657365395,38.87194787112534,167.79389358521408,25.929748245290735,0.08001437056389496,108.43002467124715,24.054938937400955,34.334270787722616,6.242167193343718,3.2100615078102974,2.0772766151359225,89.03091041071555,1.154866548572309,1.6518651911052529,0.11673039868528429,77.20175902473798,25.303494574796375,161.72580265125126,161.5174188116062,118.12737341032567,4.185677730258721,0
38.00026270086043,0.22104407423664968,3.8470380248060665,0.013848046755621235,21.69084768306337,2.9231814230179327,22.924258517250124,141.55710914461122,1.8045018658938243,1.675642365215222,52.473029594218765,165.7928675539468,15.988309671549269,0.30838639774251675,146.3957526215629,18.3663566508088,55.053888558797155,4.526886577906055,3.9992640547298253,1.939335133243054,86.43036000100543,1.150695423848145,0.42819823556596015,0.2737043448963487,91.41364861889058,22.685100006214995,181.62780081989052,162.90026264115806,115.2643111491339,2.623604394713414,0
32.453025031750336,0.2846175150097244,3.81448015713939,0.007989574170598746,26.119128467656505,4.635976808279326,33.67362803866761,137.13738888404703,1.9040132386885587,2.0134917866837294,53.06385704308741,98.38643434188523,25.46295018112188,0.2639253701315517,130.70264872435553,21.67155084283661,33.78479158359024,5.64266755087338,2.9439198752270364,1.3619777377035227,93.97513638197294,1.3081721482611188,0.671688997585867,0.14018741654132905,78.98674142508176,17.06485331955339,174.72641390252338,149.96541600750606,127.95722120522275,2.529326445558283,0
44.68899624342721,0.21404552502513918,3.0741900482798594,0.0045249928928100085,24.768178433906428,2.00490016530538,30.294692438660434,174.31440735254589,1.9228409060041771,2.312583981286535,43.18675573209864,148.0181874031342,17.101536521115243,0.29934066934324366,123.63517301626683,12.265221353028185,33.29471007332122,4.4426815006774305,2.7442710144113143,2.4897330916488647,83.32963430961073,0.8712916811615596,0.9109063713691914,0.15547834703141922,78.83777103516695,23.209958786279962,161.37844009725853,188.749906314942,83.22551682312763,3.697663674342105,1
31.86281712459419,0.1903192109649063,3.5563329401723855,0.013854938166396788,19.110153123902844,2.9643394033194896,35.17463065794477,148.2687498934272,2.716815856544403,2.199621345611609,41.59973083327692,160.52587345423115,20.4443884548291,0.3827981881488121,97.1141319188637,9.070105962479344,43.08574125588712,5.4673512077987025,2.9777827324507404,2.073298503615367,90.69340546992306,3.3692449227273165,1.1392529835662757,0.14327550329372105,83.37964738508282,20.18677794876936,164.2527722061856,166.61456363407635,104.70656810206486,3.534358245043655,0
32.88702943269533,0.12836994126833318,3.828898868311529,0.016585557314322336,27.397818732536628,4.77039853534101,30.67300734504469,154.66468266303374,2.3770608771873416,2.0524592596255675,43.1646901084685,153.90832220190003,21.704618128098954,0.3651604256849699,121.82595021080762,17.048466807576048,43.621813638076304,5.1910742615145535,2.6932541170267945,2.43689817286469,94.59300485822789,1.2897346615261824,0.7186030584265456,0.21677259517054248,66.60897416588945,23.73631568877343,133.0704370920868,167.64783043899922,90.02831121736929,2.4810467536677305,1
27.559293253921965,0.19372751226121826,3.279906559807135,0.011642312409894254,19.10771455828783,4.375188154570667,37.11665479954334,140.78939497355773,1.5032365837617876,2.1924416247511265,52.49304721665038,114.88549062091674,21.499355259931093,0.43374042245207345,114.09258242366602,3.0567128929451712,37.13078273820291,5.3278153815157445,1.8769397098770555,0.9955644833967737,86.28468360478158,1.136563171973453,1.1947265677496044,0.08320666732757594,92.3665271426437,28.04615094255376,152.80830309051936,172.52033668267282,97.73507531939043,4.117160746095262,0
42.22122531245694,0.12206733271159587,3.814138512192468,0.020175700201680115,28.771250782679523,3.4677375428849957,31.23949676766427,132.30599269668284,2.3026642980311554,2.187561128227633,49.41185065857077,112.6849603773843,21.919572966383843,0.2510746546300798,115.42807562066061,8.59315366436579,33.36320504489336,4.946496200296415,2.7053823426905774,1.729115397435812,90.17690462021787,3.1669266183264355,1.0778167441315767,0.21810027687531286,79.21050970751426,15.27672147436448,158.76335186777152,140.61539435954975,118.52863048170836,5.268315663975107,0
33.99124440700592,0.13391724571946223,3.380372164219508,0.004871926437837753,29.963844037342657,4.137412133384943,24.374666167652066,157.43695300034986,2.9588004138104482,1.758771453445956,47.84361083569443,166.29269171751093,18.71950944493541,0.5507709112066946,122.48692627345002,10.527334592123164,45.78255136382297,3.630969545305473,2.8068967532146454,1.0667845017228468,89.83833828812328,-0.15127817866929405,0.6374730599166974,0.3736590761950623,94.90715920850158,23.20564458857806,180.9780805968531,166.34567728484845,114.1414956996775,3.0273640439814837,1
33.00558340352297,0.16216153392796906,4.144545839274135,0.008935516104674166,20.175690372329093,3.801540208451325,28.858010136548785,204.0399283901122,1.336200624803304,1.6227819197114401,40.506959779141376,168.9131183966396,15.977736550631612,0.47310609885506183,85.24912813724589,13.819407258846887,45.16712189942195,3.7739525292218286,2.9123886244197594,1.844862125143427,91.76127185027555,2.337184322308635,0.6415964366136586,0.24723178110577265,76.51007471197039,23.794059168316984,156.65515083627716,167.14586074704235,130.1312442752751,2.786215736578157,0
33.826682540876,0.18028162384295499,3.429115600809378,0.0155249598462163,19.454027344425775,2.062490227098178,27.441749417653277,116.86456201048831,1.7679478047078674,1.8118841615788284,51.93564478364689,148.51528755708907,28.74299410739744,0.1566399814294886,120.03681235137807,14.894380702418987,34.59178941926987,5.805596807756883,3.0857205387858184,1.5453544069121932,83.12426887303059,1.076037062526591,1.6082660001731122,0.18792858309953242,62.92843887924472,9.545346851055957,144.22271124649683,158.9498734392701,117.15926718400955,5.008247515458425,0
35.1873239476792,0.26442872201643725,3.1447376685535535,0.005473531075682889,31.480934256640985,1.7360546402821677,34.050700462499165,132.0144306686085,1.8706585461866427,1.8878890561689707,38.19662805182168,125.05823095967955,22.980484295901288,0.22389707391564234,100.8208978925776,12.54968166845873,32.716306544039455,5.480866209347731,2.589527173689612,0.6281555586488126,94.75558933563187,2.33453195275444,0.987334148419672,0.15569390533574645,81.00582491507592,16.934407481670352,173.53847393646285,197.38143338497952,102.02455164985442,1.7443375395293341,1
34.13997419553083,0.15992244943483805,3.841885938423727,0.011098403860809718,17.861118900609597,3.095798963884149,29.88122133540877,150.36332056689793,2.520580454432794,2.189350915916031,38.499466675218756,167.4018352871095,11.36117183843771,0.49480705526706104,96.577821664935,15.258182066845842,47.407320794468916,4.215992598408606,2.7979478182052993,1.7653669260904497,93.40183825134534,0.17726901960587016,1.1147481635903294,0.15745235836624213,89.98396536040619,22.74162131289036,149.36461889897487,176.20747363097138,114.39745674990596,1.1083063260610546,1
32.54400598833222,0.18531946996523063,3.5419380192613352,0.011617339218235219,16.27472729421951,3.4512344568732902,28.126714477349765,138.2380741761106,2.4043526451742476,1.7839937193146405,44.78668125970533,135.75058256028518,16.15208402321939,0.3164497656386562,150.08442299493538,7.636121170208071,40.94228979578349,4.694303991670128,2.9186734843176025,0.9774380536858398,95.73985427146614,3.157489507105856,1.7365942976579931,0.3767502621624813,101.17516794850789,25.19320970493452,175.80434444039585,165.94152885522212,132.01803578859858,5.6170516278198255,0
32.74700656220543,0.06782875181752931,2.180215971993804,0.0036178283009656075,19.699941895650227,4.117848942130123,32.45404926096599,164.29932444774937,2.048923816303994,1.586692504994979,50.687451703349154,138.4033224205842,23.164855899221696,0.3722689174134217,138.20883420646126,19.53782087994585,48.0059556467903,4.193417730520922,3.2731276347877722,2.0427592180106844,89.88158360285357,2.048507157077492,1.2073006606363519,-0.06829793645099724,98.82598125288412,16.99323114008226,149.30711475968602,182.0331011780673,88.76758801645822,2.139721123472962,1
32.73328547400841,0.17255344119540744,3.8860647576428913,0.0073139833052818255,37.00630706203668,3.162495604018479,22.142710593556632,190.9915419923097,2.1881027688601282,1.6042508844549481,42.58177173254274,159.31472093690806,20.879798901155397,0.21314214911657836,104.66294869810194,21.683775759859675,41.82631158381584,6.2378794524287136,2.284867076769532,1.502291007967916,87.1785895657311,3.1559610633440744,0.9239467352895908,0.26889100794147747,81.29638499162654,17.273293326613395,188.56980546585288,181.29534194510768,111.5449603326743,6.924565980154359,0
37.809603115720776,0.25215729651041485,3.6357881548213595,0.012786612566288222,25.554339547357984,2.601465649999081,33.05711532710063,135.48559318300278,1.9783350399247712,1.8927813294795934,51.80573683088484,122.93342589677832,27.974701162323285,0.16653125194457494,135.07050253121537,15.023564944934215,37.04875180565779,5.101286646593718,2.893051223700018,2.122923949722635,94.76686566538227,3.680209242449327,1.9079533985684631,0.11262891608807944,83.8147550336725,21.60248137524892,172.71051524323323,143.95071570421038,139.29002016219272,7.534896065900896,0
38.25266878580565,0.21168292226836366,3.916998803950907,0.005850082788522158,20.006752845204954,3.231647712843653,31.292807728827217,131.45427800348682,2.59193775515895,2.0405447302320083,46.5452730064879,140.06825578821943,6.466399616075726,0.29375167850463757,95.3628999099487,10.117576653519102,37.80123477273993,6.671400931085783,2.6908726926045246,1.4043483141261677,83.73059055132505,1.4901761488040504,0.7030023447250855,0.3008356955084969,87.78812004537465,18.886308786045163,157.31301627102792,181.75963393002976,99.45538937801598,3.4733740535873796,1
36.66355969916496,0.1393541227574237,2.5402090541131273,0.011771800506915422,26.4291003903367,3.1680304406707,25.66674272527078,166.25085024112798,1.6773339194240124,2.3838893714954974,46.29087652697504,145.9347119897061,22.45822176536824,0.3666825043642886,157.6055202859469,16.029712277108434,31.789711135334677,5.455386505553702,2.009789074616632,0.9640722053754099,97.26608616218822,1.3667542480248156,2.065129609925002,0.23292574869471652,98.14622801960505,20.301440104782156,193.75647457307429,178.79400612078138,115.3585825748881,0.43806279899120915,1
32.791153531263674,0.17107518385771894,3.851454110586885,0.006975990867018906,32.16778283029026,5.305166335177653,28.607660458820845,180.0802184485675,2.8439647252376403,1.2166841771412658,37.658115763606204,136.7575068358991,7.934074453781221,0.34296233146852945,120.55447500363807,12.7886528487333,53.09212758162623,4.763546284439208,3.0626895885889613,1.6344580784611884,86.533741566423,2.192606518359234,0.3141267295867368,0.06285743075761371,85.10478622852317,18.285115609778618,183.94611728657384,183.96058313409947,132.37255299375366,1.5528933642683698,1
38.34694534691913,0.1790972440527912,4.125426023852151,0.008481064660695464,18.768101580524615,3.158378598249916,33.79017335104394,169.52947562629922,2.4120676396617613,1.4256553878012737,43.41539905328926,157.8173918881115,21.2926710443513,0.3610966960401719,131.75770527684665,20.27917522922933,33.6092539359213,5.570792672203532,2.9448920412331328,1.1464331212223002,84.94706744061627,1.0581804001583484,1.1147935413581043,0.18829507353389566,80.55386207532563,12.287097802748765,177.16741423438998,175.42335368440993,114.72889899954751,5.174887830004739,0
37.44360489471975,0.1933416053892332,3.2352234331565084,0.020390727814454696,25.65606125093249,4.0060621648601344,19.219876984006063,140.58795267821955,2.392473538554927,2.3911926796130114,55.385892948932494,137.40994150397626,22.21627938680697,0.2329097297928968,162.48883029056543,13.941193742495042,39.49086919586395,5.737339037375537,3.609539011380085,0.9318312254649194,88.59035880236921,2.1860755704773642,0.338896626369941,0.14872929199842227,96.98821159577321,24.368046532083227,179.21417463500643,161.79397420210347,93.9436069916281,1.493064753971625,1
43.574905118323485,0.15554185971141393,2.8507417262328256,0.015379117329115339,19.62588796962201,2.636204562968135,24.154848114196085,178.40619762239308,1.9547077558849386,1.920842290734672,38.20891092465308,155.81197699956505,15.444771042728672,0.33119946348982676,138.03254618240555,16.030869029191432,33.70899711631125,4.517164729493843,2.9046689893155455,1.6744907361254533,89.87331161809591,1.0313772533552807,1.5826920449688324,0.15441912104413444,54.87153713614498,22.165658332633644,156.6193979400664,160.02839853311136,125.48305344955862,4.707677364368536,0
26.974965094472857,0.21663695195846738,3.3345239545283882,0.004951947611987878,24.44844303588123,3.6158741815870896,32.22755447573388,172.97111928241912,1.9857350738314554,2.3542391546177344,47.76696175011253,189.21577288104208,20.84013243309273,0.3120723429829793,183.06792124735404,13.067799003807393,42.03188181107884,4.861146333693793,2.693943696860935,1.1067721297289208,92.00695663330963,0.5330252344128603,0.5787700357463637,0.2764918379541851,81.66066914718056,30.054479590088068,183.93082031163692,165.38166312002008,125.06675806474065,4.629757547030827,0
39.423841254991544,0.2544737864557844,3.2883980493578533,0.009811254357907135,27.52426676193667,3.664532999098678,29.090419142220643,158.8527675373724,1.9130176670222603,2.256208836446335,42.7427064830878,163.52745916780384,18.67639817590206,0.2803072622188067,110.88889596846018,14.182813856716685,40.945349783406854,3.9920808550364506,3.5532510098231045,1.517697613782781,89.44313842371162,2.1822868744034536,0.22925457028260887,0.18708850299249574,85.8976256591688,21.049296490813795,177.23998639077058,174.60880075213845,96.84834136661289,5.709177534082512,0
35.104255082285064,0.16412905186488125,3.9233193915832483,0.01515404043379662,14.0371425282936,2.9771462234969728,28.585013191179502,184.65618283785076,1.773595502605559,1.9431475695519125,44.42463202714061,202.45783872779583,15.055981135378788,0.07788814893160254,108.11907053387688,18.14986747178861,33.83074301007122,4.52410805070466,3.4693605293965653,0.5784801936754528,80.99402384533704,1.0622180734167808,0.9470786307219679,0.17197082308475944,76.85061461589515,13.945712059779023,160.15468336765085,162.6764260350726,117.0205958924056,3.965539753313844,0
30.643594012854788,0.23109330504602046,3.8501788589392127,0.008907399944559356,23.546102121333803,4.781820385328952,27.233328047364257,156.45412552626144,2.254297058568975,1.624464992889953,42.13731183238293,170.33547058911566,27.718392222449175,0.14150123600447026,146.95208679104132,10.812286336579636,42.39887109931514,5.83959367901127,2.9408432796337647,1.431644354127905,91.78964875720638,2.155520173062318,1.2179007704317748,0.08243112387682286,80.9818579646892,21.31567149127556,158.21268193003002,166.0406073501028,122.39422069967591,4.951928850242832,0
30.628870345507526,0.22282575165296176,2.672356162289409,0.009373870726799897,22.15397557259671,2.3724710231638197,25.98980978389175,125.49648458770156,2.3603860770788314,1.6278310901115138,52.54724983942975,127.94386346260464,21.407940607289344,0.24043107023793678,118.63632400802976,21.093484455436474,37.0713922653589,4.133757069697769,3.302541359237253,1.1005889288008681,93.39440898700768,1.7382767919961553,1.3568282119683641,0.24061867479702187,92.88115737050356,10.342136852823103,193.22372089450377,174.9387003895442,119.98299825842358,3.5440666105965404,1
35.7656570019711,0.1954358474732166,3.777182220967143,-0.004805321476673063,27.14301504150958,4.037263945139322,29.50846510805534,143.35578267900377,1.5714933708709202,1.7307172724968067,39.012922235249896,143.98647741600752,18.00902195906166,0.06400709890742917,112.92597796007749,17.752771822970956,48.17561009567441,6.2825112501234965,2.7516756491830834,1.8996863561808492,82.54451571728757,2.1349186218136937,0.023363125124639006,0.1779673992394709,97.71934649565553,17.797248447886794,178.60296838201845,172.54796658314805,95.58406449715534,2.4959090241542423,1
36.51438457436722,0.1938633551522295,4.049882996645753,0.01337792358835521,17.88987720763667,1.8662201087090275,21.9648266617396,156.13567249647323,1.4209440351420808,1.9188236754122054,43.90771447440979,102.24408825699379,26.85061583154341,0.44501447704400154,130.62310670542422,20.24087051313462,43.92003264918015,3.5623068056093645,3.344556295861385,0.9800430881474272,87.53243442636662,0.597160183054869,0.8611272496162368,0.1796257240869147,82.90381344036965,28.495840625391576,214.13572391959602,177.4537940725969,95.9512314822241,2.068843940921796,1
32.215832802137754,0.24780242832415342,3.799241993186207,0.01054060749266299,32.76771554865024,3.805572646971971,24.64423190440771,159.46808184393592,1.7533702027330687,1.8326916047172364,43.26718924798317,159.00741695506827,21.93401621281274,0.20675449622059902,97.02260117825924,10.169258284229254,41.19205574891634,3.504867736113047,2.984139794786196,1.0825200757848084,94.11485645355182,2.982768377055385,1.4626549614102786,0.2582077365610886,84.28869934629074,19.021481380094347,173.80610111402876,166.22386413372345,70.8680175112263,1.7405596499892104,1
37.25868285126479,0.19785970390877258,4.005904492514295,0.012617525297197604,22.335725201544342,1.499897994274469,24.737275257414595,136.45177199712106,2.4089016949574744,2.6552840691854955,35.92166704132071,164.96636516178506,13.108141094269605,0.274410191962747,110.92794030405884,14.415586823688422,42.06082772786258,3.527832788626995,3.319401058989257,1.79181183268587,95.41202022545197,-0.023109406197240112,1.4523253015687536,0.1723265763371332,89.9049345365101,15.139407006610533,164.96751038854399,191.6095248814794,76.44207098408185,0.8353149960074873,1
29.453355360751292,0.0984520563916401,3.065749450502379,0.003045865279423024,21.173994360806955,4.251687460797484,32.6574446387284,149.8161363396133,1.900754730191149,2.1470275534905294,44.327885527100136,137.2637071905131,27.313952215294886,0.2627763257473103,113.81598280681015,20.934521086382603,36.56056106490568,5.299184284016624,2.6583868821671763,1.4859294889425998,87.3567688345161,3.769781962618553,0.6003419341611298,0.07895280720129093,77.83258478528936,13.031988781841404,184.81522278069556,162.5440233405123,119.07774481897191,5.184786159760015,0
35.031959406013115,0.20314998731463568,4.308408257749942,0.006796694801338564,28.84576466094801,2.781492413638937,33.21304608706841,158.86634025609817,2.380018203349442,2.2628834256834534,40.53051112847934,138.8665700300156,26.78284242428341,0.3082819007635217,95.77474675492373,13.332906124195521,40.19195800319628,4.6162394715018475,2.9115045865785403,0.5361903016782436,96.04339772188803,1.566220818193896,0.20276713816310166,0.24292655116341275,86.3758120248483,22.867411557319535,145.6147139309128,182.16040322112133,153.2136305465381,3.218850107791785,0
36.576890710609504,0.17113415982040062,3.301444813209673,0.0032999296542455545,29.102485121996096,2.5419116160330466,36.27887486649098,111.96514181032512,2.0788763972443713,1.4940559307970243,45.5421156755435,146.86184332434027,14.298681805507886,0.3192216222717329,94.20175273022426,13.596545688118471,44.40867762769424,5.003006202799121,2.5178015395208098,1.2841418381349643,94.83639055207888,1.6490364228152374,0.26713405473915286,0.20057625664776133,91.18186668629798,20.7768775165406,159.73475758036727,181.8620068605291,105.18851123553907,3.511182660742195,1
32.806089093537295,0.23079877067734852,3.3461406423728763,0.011429141632234957,30.39064403101252,3.7934366652358245,40.215982096117976,147.67298602167332,2.1068096526305164,2.0853103216509883,56.971545720937996,148.47522398634663,15.49276919539592,0.3326466027729786,112.98964618734232,5.506853642814942,39.651582356295414,5.791810427953802,2.9436602109651213,0.7266206546462718,92.65366488728655,0.8320078955920858,0.5578806349086065,0.33620185687899984,94.81054722146192,31.845473433997537,175.09218464444194,172.53184223058923,105.39530589349594,2.3985645872403096,1
35.409830898477544,0.14864089347837545,3.4347642409696824,0.01159381751499067,23.87960522743755,3.4351229538913928,28.239904940493638,147.50296718138347,2.5657692317341216,2.083361118403053,45.34181695907659,153.64268645677822,10.664688268126127,0.28521558376491385,98.2506899235062,6.447282808153808,43.081024408007956,4.7776185672384885,2.5640633374230224,1.8268952533650955,89.96069654976748,1.8877728386310004,1.1319701129591169,0.2796190446452278,89.17366057071811,16.263158120348987,153.87698053851375,176.40656242947463,134.8114267463636,5.555722092467966,0
36.0995335034206,0.1536442433561522,3.143374589532081,0.018364176319493532,25.338956499149006,4.134409228766492,32.770534973835446,162.05705337574184,1.2409976304409633,2.365177574965148,53.46241025660716,132.91647956313236,29.07758575508334,0.4940318028824601,97.55387060190228,8.576850886333943,42.38324836629614,4.235216291853606,3.1365782324867904,0.9342973587185704,87.43958654397284,0.21910272454024726,0.91922770188609,0.29962654421077917,77.96908078830081,16.54886798920666,167.4597123200684,168.80921433772227,116.32252397251476,5.360728622230447,0
30.701124651619704,0.2526968197033573,4.193536180073818,0.005489216950242071,17.524454894374713,3.319244147088965,33.09545458000494,148.98027331673705,1.0619532776440628,2.5771975608365634,42.566091713882564,175.5483146763216,8.72810997293759,0.38398945865568906,114.34886551436215,16.218552112047707,37.748499634165825,3.7972131012585493,2.1712683985342762,2.0647693282279356,95.85111930494337,1.4641571472829207,0.6695931048524231,0.13151001625949474,99.17844026700882,20.78286686747001,163.2713932508664,160.71319299774032,116.33748073687576,1.9401111616481168,1
34.64575820710595,0.15691751874686166,3.8903941472690313,0.013665174801328487,24.247145308408115,2.239721140862185,28.872501336495215,165.7379977984551,3.152840198962979,2.0014403321565664,51.199523662006655,174.8506320159436,17.62089114842325,0.3257711624205052,144.1513600549704,22.254868588245518,44.56463117009004,4.543556902573915,3.1241696588936927,0.9163560541794162,102.39883639462973,1.5995882246484665,1.4802155473988654,0.09130009101577247,87.59363617801668,23.91976037274643,178.44637743009736,187.65936258705534,96.69561302049904,4.219888156695699,1
43.89984282873281,0.1653579723144035,3.6296291561726384,0.004018163417211987,27.127730068086997,2.5229919220203176,29.239700521324696,179.62031306727596,1.6198050622499456,1.8527089062466813,51.99579564077282,162.33298150127257,10.179400362695747,0.3112342540993031,109.82477751067289,10.639563719527985,41.7604229682177,4.173313218414011,2.7274398277061476,1.8396060733686113,94.32208285046865,1.5072595180583839,0.10948223951669755,0.27277264356590175,91.10541349820207,26.058378626423252,176.74900372931617,150.73320756606927,107.42771333178979,3.133770368023576,1
35.7556455297421,0.13905733856651525,3.298145672458283,0.005614603489561557,32.4916118454653,4.843423482634346,34.031133831569704,112.52684611099744,1.936912092227272,1.8695110428989339,41.97165220916851,149.08388112366038,16.502497967876405,0.19712049977329618,111.30364054491068,16.442593926179384,36.41774509578882,5.175457782685914,3.055740226624006,2.231711266089146,83.92538554562029,1.127071210963287,0.7804341791884306,0.34472353195752814,86.4328701393122,19.67643441183064,155.52686488110868,187.18985862132428,118.89604814307451,2.826954319737531,1
30.987769662020334,0.1973747889001261,3.159464666198573,0.010772980267514783,22.093995259912663,3.2162550035754536,28.60236568339452,144.66026457620353,2.088242167656239,2.1610254296998472,46.65937689998563,155.43740571508667,17.68952389307714,0.2933790176678362,118.56455310157916,12.712330380045032,38.820060004648404,2.9863628521988437,2.7991937201406887,1.2664671045831777,83.11134706840002,2.919120028544108,-0.0043522674290013,0.2787792719493638,87.40167214702039,24.05321648734365,161.62467385853355,164.91339533258414,110.74544219958577,2.7194493140502205,0
32.48001574137129,0.18378699874941687,3.0342445684243127,0.017284259959669958,23.515438961513986,3.8987985590396543,24.311404227524694,158.894176625309,1.678017936148386,1.7363907605729372,39.11164128309312,157.7700471602431,20.040553679908548,0.43838153671174684,131.186255271664,11.701746222760605,37.773463008182766,4.121498472866703,2.947546823296033,2.3304234277246447,89.3897776245095,1.1388237705931834,0.8047734930786329,0.259871243094011,71.26853401877717,20.85554487286883,171.62001948887178,176.99987648582612,133.74061890983833,5.235909842605785,0
30.85823518160459,0.2345260523014027,4.208605119264439,0.016346087633044074,27.6199663339353,1.6320189999662558,29.669613919122362,142.60728415485636,1.6847232763126256,2.5313949525176067,43.17492567314166,170.88898729841713,3.0594194475067447,0.15221145989584597,164.21556730425874,11.822414721424288,42.68502159855388,6.2732478940485406,3.1351024002417196,0.6500963793268189,87.62724672998864,1.1371818094672426,0.3218345165998072,0.04403385502491963,98.71183757479429,19.3005417353942,156.28530124951644,181.4218277204502,130.23355525204292,3.5096897154378714,0
33.33265089878812,0.2622532402975618,3.7399471807039606,0.010862962418845242,29.736181641011946,4.033803425084007,32.419213764899595,183.4388440439464,2.09129629364463,1.815073773540224,42.87857718939062,125.76562236465902,27.527655222377604,0.15634676232417452,136.63729627157815,12.111744258002997,49.56291862310882,6.374422143551088,2.327541725786185,1.8567919530039765,100.27805244606489,2.363060424520829,0.8524366655005111,0.052597406556944726,84.46471354244404,22.429327486163224,164.09776992203757,159.49106794882857,109.86998646683985,5.966147981199898,0
43.37913548489656,0.25313484864566516,3.5746304126335566,0.01669079124071656,24.33474556816738,2.7760234179191228,22.919523959219745,168.53365786622308,1.702728108031328,1.7601170567237185,45.09433297708979,149.66497165125676,34.293217028502845,0.2947018090092511,98.26774721714492,15.318988058908372,36.185126641886086,5.1541914538278695,2.828287552530525,1.7077340163009789,85.37268336564618,4.536188150298873,1.3348708132340001,0.2915512337322569,91.16241605283784,18.567247361530043,161.08905023287213,174.86396114324648,74.97878029135917,-0.5037932140843249,1
34.502835691049285,0.09899918812545971,3.832098422898454,0.010791570483927084,26.406356042379404,2.585244683083965,32.166158998837275,169.37464835919226,2.584329481752575,2.2324056770529013,48.572552955830275,143.60519522566346,19.268657505785786,0.31625633852078583,156.2853943935307,21.722751703941384,49.18553725469588,3.231114047047949,3.1584513803241676,1.027008148542564,92.90767237986233,2.5067442764135373,1.3713096921611618,0.2815671549358919,76.34253201413162,15.230532711501525,166.92264503135033,164.98125308274228,139.66385544755786,6.641165150198026,0
38.49078390485316,0.26954850826098375,3.4891833425606924,0.004065072686325896,29.923816911174843,3.834141391532423,25.45313690585076,142.20103169104365,1.7894878674665526,1.6177417596162995,47.74919255102925,148.51221702597059,23.00128297683628,0.3069321296735583,127.3558718165055,14.445673076793494,41.78292311942482,4.230988896874446,2.988823285850627,2.129918762798262,85.27827013296694,2.4668700541919484,0.42119048335262055,0.30331713063688504,99.90864005311883,23.60769823762918,172.97327561396102,149.1279357321237,108.15643088590289,5.794792816410646,0
38.36252858099916,0.22555214572982718,3.5166093175186095,0.004912278460424707,29.43401826793411,2.560191792563648,23.758848326247307,152.1411458809139,2.7084540646377873,1.6869757862072898,44.429375898563215,151.74189353102506,20.379309265768274,0.3661142927524659,107.02030768222936,12.756859994718267,35.47649927420004,5.360993745079204,2.6800639819590564,1.9599835727696842,88.59800483238084,1.026517885627869,1.5777335191049402,0.040117992995740426,90.25566377851494,13.557772895961152,186.54120623945192,173.87766068573464,133.11157949693055,7.5908523518743545,0
32.475486049395634,0.15630054780818053,3.5279561013351066,0.01210563391342745,31.445848507303314,3.741521279581084,31.313033074216886,91.8445649197052,1.9428831216108022,2.321376485071855,44.488641839063185,184.36018491130812,20.110838897889632,0.5277350578192652,124.7938665876598,13.411778389122292,36.075067925164184,5.865689093335602,2.8195911416109816,0.8765205409652173,85.93941788174833,0.6648605870533122,1.5930962314417436,0.1884690382664932,90.55354405275762,10.486813274032624,158.6199202704126,154.42944222660398,104.22044364950844,7.225581037498427,0
38.72664711200348,0.16706205692555448,3.8563647153317886,0.003250625887818186,33.03598001712427,3.430783629859273,33.128548717812215,167.33044825323168,2.147188198667344,1.567118534695652,43.1948315334602,159.09271522228875,19.19060672188127,0.2525111229929831,126.44787806431907,22.949110572752392,44.099821569666844,5.845763150003711,3.128835454425602,0.7990379976347696,95.40034152811968,2.5729415639300983,0.7810552617419282,0.30650319191645553,92.95632381955909,26.60299530930009,172.3805929190651,173.00887617242748,110.66932510044292,2.8648748677777442,1
43.248048649972084,0.2248234700359323,3.5539251820283595,0.015105677636863596,25.965573167319967,3.5344260181718594,31.719825631585675,126.57539169665536,1.918997745741704,2.082729921925563,44.932196136443494,145.44987558789853,18.160310158407174,0.14150939516038102,132.66229921638163,16.821002342520348,37.323189039564625,6.4478035159443365,3.3377736921741357,1.6572439495515983,91.52749948767796,2.5862944324525525,1.6985328616804514,0.25008321814453466,84.83729028882841,20.78161670459132,170.60835486132402,159.18149790183128,120.67263294321513,4.727206903704809,0
28.680476304974988,0.1673167478111663,3.3037206646612933,0.014474016657586453,15.221556534954342,3.7505247881846695,28.377185300185392,148.14388911544253,1.4343308862680777,1.800792114806245,49.25705600527027,141.33017640734374,22.12861853379458,0.46516126546034664,91.87398532992479,15.931855977736772,46.2177894357888,5.838833591387653,3.0904712167951836,2.1439285846114124,74.75116010020828,0.5566122132611928,1.1775865594764388,0.24065798033827224,97.28163664861832,24.40938572642764,207.2186140700042,163.3299972564284,109.2355247336758,4.827847314232221,0
35.13443134728628,0.14109972165824114,3.271190991371715,0.020759183941612944,28.255147092469883,3.8153979025561044,27.03266320516485,132.05846139350086,1.9609034705529331,1.7009304054804169,45.37890391267107,174.72391119071074,15.14499807608723,0.16761102601520625,117.57203561406496,11.44624489494541,35.924457315941474,5.135919270883529,2.678866330566536,1.4277495621963363,88.92797295987405,2.2024058834494786,1.19775846276223,0.24852566194211712,92.01119928198206,25.43682181004444,142.00926124140977,165.20418758785576,125.27175774840703,4.856882155195518,0
33.732401983984346,0.2343730752498703,2.948586797685653,0.00590144020499514,17.255505800298792,1.559636603691224,39.79034739467594,135.00548320982483,2.039390945328004,2.1631971800336527,42.466539876496206,135.39267804911603,16.952370683742863,0.32969758178688524,128.4851867519047,8.765014192891098,43.505427297467534,6.375191083726603,4.483125419682517,1.118986066428838,94.74054613436182,2.301422487440135,0.5372257674584164,0.10203764904880545,91.42229587378013,15.693086322873572,157.61788183985325,156.23131344126105,109.75232351450504,0.2199249668355443,1
31.091470493279026,0.22651302126861397,2.907786210711934,0.00893876414496473,24.788600247031912,4.611626237638209,32.42211192080748,165.32161885943026,2.856416443136964,2.1233613494998775,50.355057681126596,135.98559206202864,26.839795887079138,0.46451398892628054,114.48149880516796,12.762116493345154,47.93333027189598,5.481141722636798,2.4979793004052295,0.9740344953287958,90.2668599759268,3.0651268391019837,2.0489148787550744,0.194139125281393,96.92517653280244,13.054822300577793,162.39728372714472,165.2569215037908,89.79605796215729,3.898310009398871,1
38.64263965028971,0.3140841429933805,3.289851135343252,0.016854585804568296,33.69289728885306,2.0454361379347117,37.92222122422007,164.08491159425174,1.246425853771548,1.5880290367205512,47.004696102418144,147.561916585442,22.398546606200174,0.15483609888084043,102.00333906052234,9.996927654606647,35.92167541733027,4.939051651504091,1.9155262060037908,1.20616868059585,89.20743447597717,1.2070739155054255,0.7516208545905002,0.26385613474836134,98.6662565688565,22.255281996665815,184.52645398408845,192.44041087010834,127.05378871919635,1.7451852943759563,1
33.55573044832465,0.18208177377928836,3.9741742724672116,0.014246693108063143,24.47158473785139,3.8288284574397324,31.052844590463636,125.9675152383,2.0048161398954103,1.915332976735654,42.43296802372416,170.98721771252937,23.506274092288756,0.35513737021590047,105.51684630849968,16.444836044069426,40.42382970032521,4.836736432717255,2.1739609099052046,2.119415092418286,94.66727950545209,2.0301382743998606,0.7852541442523159,0.2844779412316992,99.14337605643668,23.7867550458094,178.6046893381621,178.91584242350112,97.71408252975358,2.6030765852713476,1
36.40515342267299,0.10296342934063617,3.711835259211733,0.014045923545703227,31.870541049310617,4.032684643903098,28.25752064347298,138.615000920294,2.5705303953784155,2.0827083271774898,50.6385790039107,153.07212610968827,21.83717795987126,0.2199008975746391,118.02259937166038,16.151945053018874,47.456474068599796,4.546346524754429,2.1813803006491894,1.3058971604228078,84.64447052228446,1.5389685690231927,1.2880263088261168,0.11745341192494835,73.35890904491937,14.518239517726041,163.14582714567405,180.53856166003212,104.44537984079356,2.533734119519469,1
44.33500315756837,0.2300177375655802,3.7718045784716385,0.002489908130079879,20.540613414559463,2.652854661541454,34.56339618276224,137.09332668180068,2.2573191845871547,2.288275675343693,49.43255844656753,180.91275597742182,24.494539005717794,0.32086526078821187,110.59927884553592,20.225807946527112,39.17759644796614,4.460291985194221,2.566780442044545,2.2543661337867915,80.30005722846096,-0.058184388556016486,0.7996005654620212,0.08703480931217217,81.18245987312116,11.786164872448502,164.21740180963653,162.664960068699,125.68661742814959,3.61179954035359,0
36.370159724190685,0.2521755289236701,3.8411032347465803,0.009040139754884699,26.61170845628097,3.0978114920241926,30.218782943759827,162.35255649100336,1.4985595177253113,1.7938390225046912,51.84265500291672,141.79123989254433,32.21516865373595,0.38940365721701,132.88649440082673,24.163293368150665,44.95467007917291,4.658439249767606,2.155693059303267,1.7598632245219887,90.22504192782462,0.9574680176259778,0.8995446935937635,0.10381834085517705,67.8830667906425,19.713488482608216,165.84827530824242,164.72541623310428,134.96834948579675,5.947181924543658,0
41.73629740460706,0.15550739571962235,2.9739240030090506,0.015795426955432134,15.029180562386834,3.3083934538614583,38.30442696940795,144.80362740483415,1.492132495245077,1.948356044253537,42.047862010689954,146.31338087113457,18.806567817234736,0.39246227295075126,110.28238490373087,17.84497817497528,34.53310111676826,4.029714794877641,3.0309947012601492,1.1042768349745873,98.19463917961521,1.0188774784861505,-0.07309772601488795,0.12282883706976215,87.89755113095933,17.115975789190294,156.98307566927264,181.88222711102284,113.38300127706756,2.5832837380327085,1
34.90087378574445,0.25355999360312226,2.803861781889232,0.004092813327989938,24.898946663807532,3.3089080738029306,24.187881294242338,135.03211070132508,2.1969491021541767,1.7292258548921826,46.138145851043205,148.27042875199052,29.380002439577446,0.37226402857453533,127.06200066930018,14.634585773232546,40.46022031492606,5.480160692885742,1.9394742367271374,1.7081776750290256,92.36862531675999,0.9992504963662432,0.7908793817596372,0.22221221111924683,81.77017123767848,12.086027486862706,172.10373444756092,168.25463628182132,117.88513785688929,6.798001857418869,0
35.60648662689165,0.21719564541431371,4.280918995239034,0.018993125344648636,13.342522722713424,3.2011107239060315,39.19645404342944,156.13113357883842,1.9601535993393209,1.5950879601836048,51.67704462738513,195.65474656764906,21.79172186769108,0.44149588522387234,77.00816797174042,10.877542979635601,29.316598687679512,4.391847152091603,3.113637294470853,1.6581513144671822,86.97644692784155,2.8423110957164424,0.5582119354975453,0.2815795490542531,70.48325181779882,21.935134822743077,165.40371515308576,168.6224849754659,82.31594568949862,1.8294115704404237,1
24.431473019677423,0.1610240376351215,3.666203248947496,0.005347409266868274,16.9108648907444,3.239368824019903,39.32678253828053,117.16691458104495,2.0811032498934954,1.7691014983422941,44.1244595687006,150.38312461396242,20.74049261060039,0.29971131989409927,118.79034857580785,12.267614769271049,42.72197178814517,3.0262602667823417,2.12169350938468,1.4636745797001096,88.21693342784899,2.037859615634759,0.9413114091817387,0.11033523920902227,78.54409300582499,15.701280484259064,162.69502404096357,164.04973542573083,92.65330329379887,2.9584943435921582,1
40.900919177788055,0.2587389271793319,2.812079368759631,0.010755779984162618,15.897461254892583,2.933777756796329,31.903471259366178,154.44905275530428,1.952525080328023,1.7802017200905147,38.08846338919983,142.1749212881188,25.47350112039905,0.31521007439571413,78.3475116488194,22.05676668841187,39.86853600482543,3.364577690264837,2.82076602825224,1.2694534206680734,91.55482610410411,1.3466509283649724,0.05622568490459989,0.24590236622843997,76.77936749186603,13.88838591678268,177.69071173815868,173.69555311015375,99.52880270220307,-0.18068630275315067,1
35.721460128862915,0.2221369853801106,3.634876525683552,0.01956316164087364,25.76882305718685,3.5852165797657864,32.43203747554079,131.22530233111442,2.982666647864889,1.4200210149990027,36.79779329667623,159.66171732332745,15.58160532594641,0.3691768865107748,111.65138113255404,18.950703856362896,42.29207417103947,5.140635308834674,2.6549136549064873,1.528342574549062,93.0511648857276,1.365317684914482,1.2925164574304735,0.23179076582212893,89.34785381801548,19.639754070779066,167.3613977461349,184.29832433999022,132.56902840790283,6.06918539611804,0
44.890021905918985,0.1734085244026831,3.4557509293945983,0.006075261547741108,22.207219907704964,3.6255296388875613,30.344141951152967,126.88838152740269,2.8975241161537086,1.8337529083986734,50.537085190194816,152.70799115100434,21.56309062796739,0.3410126133943023,135.35617991228244,12.830361697274734,42.337126661564355,5.415501711633617,3.303685802968941,0.6515589312115615,95.61097685478995,1.3667008819110453,0.444070860888245,0.19577128695267734,76.60852255874406,16.314069606893714,173.1982641663268,163.72437837990068,103.60966087533879,2.8389890089513194,0
39.19455056190571,0.24526712584543056,3.7300012817892254,0.014994420097780027,27.904100887851506,2.2191930245058837,28.602322301961554,130.55507524362014,2.8415414372632717,1.840503679563499,46.98796934603634,182.31181839302326,13.703118156067715,0.19461801276018625,101.24917546997452,22.848546042237917,37.37427105539225,5.563254472401148,2.5967767070313474,0.61876248533508,99.37844481738912,2.342917323074817,1.4069248007321926,0.27521735176002976,79.9434903650421,13.443510873202825,168.54018764612798,183.35058746811237,103.67898062344699,1.4510244156779315,1
37.55141501680782,0.19499204103135434,4.12426500786189,0.01090701007607394,30.1612011534352,2.6742416257953376,33.02961812413576,120.09646484278001,1.6086595235417023,2.033735172863856,48.51994351633999,156.8385432113948,18.550312881025732,0.3477758342682993,112.94953226634065,17.475972728831152,38.65042992748962,4.404928626482393,2.5914630496348674,0.8543168189055999,93.94963372484926,1.6049689123525814,1.323155839990446,0.35468653900503044,85.15123209825292,29.524575112366946,131.27012079594206,165.68997996125276,112.2114771036492,3.4924870096641603,1
35.20170186291665,0.15917953360750642,4.000868439076278,0.005482226227062003,26.65291026704519,1.6126629426122867,33.400746004372536,149.18512609540264,2.4097670854788813,1.507982319389177,45.597587622964056,123.70517552625613,15.776707574837978,0.14892497641349198,121.94964958011816,21.542423765319416,39.771553104432314,3.729032540178822,3.6071558232906478,1.404572282524782,97.05546154421751,2.265880250606424,1.6724885781637064,0.26574481527445265,86.68829211424571,20.396873430408707,182.21192264306958,173.90916750478692,115.1529850076595,5.145445454998836,0
40.81902356626823,0.2653366210944738,3.617530834222783,0.013822017770545966,23.25973466355958,3.1046094433770723,31.45545519610563,126.6037962253285,1.368015579651795,1.7395421148353478,46.8649295981814,131.3707983875246,11.5245263587928,0.16752883936533502,133.97609470416745,17.260290817985904,47.15634649828166,5.346471280140794,3.597407580799518,1.8849376065571968,85.20936563340356,2.292242725310643,1.1485671131659296,0.35975959062989504,102.66213616564185,17.19311523938555,157.58535029824122,178.30630776360647,118.05984298288794,5.657646354236682,0
40.616164421892336,0.2553242242211825,3.667427724884581,0.015144902168485047,20.102479038929808,1.8234638699898411,32.134206784903135,139.1131614511357,1.967746569513379,1.7541463413789866,45.02971667946478,164.18526022616996,22.20543532503407,0.2857897523332851,121.0332582000912,25.162570474806724,41.10326546366139,6.47487946448625,2.5541088568031483,2.01507366357505,90.54659674778635,0.4266811142714786,0.7942561417316656,0.38458315319577285,87.95050246333331,19.108339407661376,178.53294603865217,176.77192329198988,93.19646235718707,3.2128482457424603,1
34.457463975015486,0.33997619733748385,2.757135959818447,0.01890522477952144,19.034945110571613,2.86210225780241,35.552917494019596,131.69529043495143,2.405172166421715,2.4198710348316146,52.57779401339941,160.4540075692577,17.57388344328255,0.4069285781043242,157.0935747758117,12.435732740444536,46.84718860371042,5.388976848361122,3.0042806080902973,1.119467678699542,88.74336777639675,2.594761860101457,1.1247701003173112,0.21239823235094804,103.68888321987859,23.853709565255688,161.6753689916543,160.3488377794505,92.53646825426506,1.328106682506682,1
46.776177707017155,0.2381178225293596,2.9358232859249513,0.0017989176800652321,32.10648036482956,3.060915514656424,32.10683412747854,166.92793522452715,1.6135643273534481,2.483632844999736,36.063987854875066,140.9013677469147,23.93455136472456,0.29956036928245255,149.90866575005555,18.226429582619474,40.32828315076348,3.4277877337595557,2.0190563698325907,1.638716982678626,95.09162386045757,2.461016780822259,0.2177939952374517,0.12224869443270123,91.03683684984824,25.065019207538,169.3362982090647,161.92225677855438,120.93539682953255,7.172312827842295,0
38.33953198006161,0.24149005084727196,3.080019432256253,0.012521525615047185,24.351294232601806,3.303645901922447,23.1599006743381,115.02004044706085,2.0995941243650753,2.120868151960095,30.271150503939037,158.98669960826766,15.746384762771967,0.42621724043357045,119.85615732585192,8.674164230990145,46.161304737094746,4.796116959328319,2.567568766107481,1.23248601165623,100.2198764666017,1.5712579476672313,0.7864150660256027,0.39168580332406083,53.69086011814557,11.931440696592526,171.8291947203618,149.69487102644376,108.08621461695584,5.017861807827033,0
36.606271377546946,0.2593057235519779,4.12570764998187,0.016529387717191334,23.601526654551034,2.5212184602488317,19.34007074709898,103.11175278490401,2.232439611360484,2.3115462485666494,43.23597440190657,109.83428185283138,15.126052489753727,0.2003697226292931,134.22278032395704,16.83771746373684,46.23971768014422,4.318858463303406,3.203911745252657,1.4554035521314808,95.47007609791794,2.069190996594674,0.5330243747700756,0.1717169427805761,81.59248750123376,18.486090827861904,184.30293603465412,169.81874257018714,124.59809842970365,5.538931205633405,0
41.82684172416004,0.20989496122853316,4.695037528008799,0.010460999090413868,26.424649881963372,2.501222165678657,31.84339850899281,186.5434183894645,2.1105906770954492,2.0299805953977694,49.51279265176012,148.49470732323974,29.069160735955073,0.2622470776613529,128.95669758341538,11.241461611866647,44.251548109678986,4.97760819420211,3.5392023162652206,1.0670938643839982,91.36514088406734,2.9933159901413307,1.0944746240566656,0.19106885781239558,87.76264786680784,27.997335591543468,182.83557595342265,181.2220848785015,98.22256197232339,5.131113511425785,0
36.01369092568649,0.18713652220643584,3.6059423966334756,0.003346521030285019,26.515676081996386,2.3388498436051,31.183107792686954,201.86644932128786,1.6307893346783617,1.6704412663235417,39.989951883935014,116.36581087156758,24.952008851822495,0.16010082183405058,111.77768310592157,21.38576207580893,42.33902848949236,5.059056822276015,3.988055118797427,1.2753680562422738,95.53201052285934,2.929727524605419,1.0886514305027266,0.2542677630687265,83.53182068729461,13.830401652717454,176.69405604076098,185.6931596942435,83.36153585125591,2.135344072667425,1
37.887405438419336,0.3355129792436424,2.7814739676665483,0.006560729845959116,16.6901871281806,3.2234706628381384,39.48195369038543,179.29186081782836,2.09213815631761,2.482671705586685,45.97636376502059,116.4456870784989,15.72126230432543,0.2196861879972869,138.10555871075334,12.200819259988425,45.11545154843345,5.526892896120465,2.9147059992388606,1.1615029418661653,87.09853563742459,1.8139104461745037,1.1444758794416496,0.2437065181055584,78.91556485706298,13.79237789676154,176.04492978110957,150.82105511970332,124.34693398268419,5.9560714783184,0
38.20830228992331,0.23751835642026478,4.465493449704885,0.013543318974518952,22.756774802607566,3.468778085973801,24.358701502008984,124.8433140575419,2.0277445115063637,2.4655919445569063,40.21183883896279,119.43148827617478,30.86352382851229,0.4844290023636032,127.5500597409585,12.361954090355274,38.91350996188314,3.772654910916899,2.9253433338071746,1.9853848189440022,94.92902770587003,2.7344250262462513,1.1674764207006418,0.08445028771303656,97.86350049043959,17.866516585462506,167.43813019367633,198.92365265937727,91.88967493941246,3.271424686217159,1
33.06876694868824,0.21297927504885825,3.6806934844162145,0.005065950767598043,32.112387694123754,2.2625929986273947,28.878966233548322,111.71264903724385,2.3447225918912222,1.7021578325093238,47.06874552169227,169.91832348199287,16.98111206189213,0.2144601361124644,109.05507649992215,17.773528930293924,44.3588739829493,5.319857356361531,3.596038375437411,1.905511567350069,86.84099790478157,2.1794536162670144,1.5264268274694897,0.07671784231120965,85.71594057659642,22.842251958506445,169.36773477340978,190.1886562363154,95.08353632918218,2.732306807133498,1
34.867078787933,0.262041942648513,4.477295259867247,0.010259335924257946,22.536301751225228,2.3874147735805997,36.99360741545443,173.37338531926025,1.7783368174196037,1.9888981100842804,42.3391362846391,120.61137857147617,16.883368694977865,0.18985506680057776,107.54596064862936,14.849530911700692,40.45700437093811,5.587080787940958,2.61997231817667,1.6447774474950398,95.39686871898664,2.50249035903611,1.1863495800113752,0.27849983069258766,99.72263866814244,16.538313009621803,168.02924594843995,161.73482353381277,117.31061480172804,5.052769741135948,0
34.89097905073505,0.21317235712010807,3.7724207813361517,0.010206212764988726,18.151091184372202,4.891700511072045,26.65497002876561,125.7936350148837,2.2621334162394646,1.9476466226896305,40.36393448991504,127.71608160531284,23.945693369748668,0.0780637870769964,121.22389032459603,16.413416916227824,39.00497530847105,5.151465569414803,2.307048654145623,1.5586804262073561,89.05619305266481,1.2201383027731076,0.8557718946724391,0.22420318404718093,68.82353360422753,21.748207380308727,156.28693971331603,152.28253050469914,123.48055457308361,5.828806020950484,0
30.906691854778966,0.1696288671056656,3.434710089050962,0.014342314153655854,27.264660593563637,3.6940892433783907,19.91878000969674,139.07134945494124,1.936620887247718,1.7226661708066675,47.10314439021973,137.1350743418236,23.009502715115747,0.2603397510684618,120.32485295544167,14.938393442957931,39.19716291769126,5.757349765642854,2.879594111316126,1.4627549195575336,92.77282152314196,-1.0022091918753882,1.3457594128499286,0.3933597765724408,70.53978259998566,16.507724954946497,182.60672752998923,169.47891928511893,89.37516273379677,4.932698435063685,1
39.41949782558657,0.21918215947485134,3.431448776217957,0.010937061818352542,26.646035854443436,3.3185610862572315,25.004733711208026,145.43895391984884,1.7550875699257291,1.9677745635912793,44.56335047936374,126.70144788025075,17.50533337941804,0.30482438075574403,141.63646144376176,16.96178953073613,40.07243842673368,4.268602523042659,3.7094395779436926,1.7168135752061873,82.35174092784628,1.778890267813262,1.078455357513018,0.2098012520935064,92.87597155588684,25.23006429443912,176.7059368791471,159.71959449118168,112.3415229867889,4.955617677357355,0
26.551045526556884,0.2597873293949238,3.4703043269324994,0.01030461997751548,27.38740650461407,5.6991457733206285,31.077402537933573,167.10999272406826,2.568755985403368,2.676169366653721,43.17058802886764,165.06939961235724,17.7545013981319,0.4500478109728555,87.27429914909347,21.657423319132572,47.18176508012965,4.88905423388279,3.072339197343598,2.492951480315391,85.82768008902106,6.064629897147788,1.177465781661233,0.20588989129512208,101.59887370197308,19.26786157233449,165.39223484890397,164.73077409431727,139.05037315236578,3.7652119422926345,0
34.0335011855166,0.11902520318226564,3.5593219934143607,0.017505651755853315,21.807271617135214,3.725014149032571,26.232910646762765,169.33225600088153,2.1958811767133453,2.391878028824964,49.71915667793042,171.31754593626542,19.56636545408648,0.24261894480731222,106.31101017697313,21.722639656299165,45.87231015437967,4.892049283657779,2.3075860053993233,1.7560038077160747,81.34628965518031,2.8193454586332463,0.2530670983753107,0.2324546018402321,95.76108001009398,26.558199713779793,140.84780471512232,185.32479715753377,110.29519322306875,4.573585613537791,1
32.03696236213836,0.15844799329997997,4.247875755495535,0.005371475694331897,26.20386394601281,4.190551402900668,36.84673555268522,172.5910524434482,1.6537459330414415,2.2911838588259594,45.762490286381365,145.8418541072113,13.84730255243381,0.38688587172532635,119.39884653613588,12.112239832933234,36.30352177756802,5.896329955607725,2.4069975337415395,1.4617314666695993,79.71116643644149,2.6950831055029294,1.3887082874677952,0.28153206975102135,104.95970523991717,25.192993653498768,160.81921852100646,164.99924473389385,101.76506903497494,5.364817565982274,0
26.40163048088957,0.20144356270856062,3.5287056725668866,0.019796435747954963,26.719396419075927,1.4080961862956374,25.990052797567003,162.06591785274492,2.0593838773403577,1.8162029954098273,38.06754340942185,135.48105705100912,16.01335749305993,0.3141114642379149,104.81601147182644,18.643550465349364,39.72038679293164,3.3646342783519807,2.7743847459745856,2.6316383270196555,86.0909987057431,0.23301344795208334,1.1854843045691468,0.18652304105345413,84.9511037129658,24.431944247051977,167.52761341112011,166.10453109290566,114.10153927640867,2.9760867733757888,0
28.28901284181,0.21708579620286317,3.13549071981974,0.0047126281149757485,32.902736396155845,2.6828165929056422,26.694689712104918,171.12963747138105,1.6869133248947155,1.489060575215567,50.072959232147724,156.741369436662,26.594917364463782,0.4649823542590772,136.515992653847,18.861109550956233,48.86359581630292,4.235137811209715,2.973247609445343,1.559964823747335,86.12599051455345,2.2912736378691103,0.7793513481384586,0.2369565030342389,84.14003009765841,18.992143037739428,163.53165010803633,183.1234132997682,101.2598928419746,4.258547201488483,1
38.9301349852465,0.22721649084702247,4.259182815886495,0.016551033272582047,19.218957395044928,3.1046470681596614,30.12985000234472,172.9850207921914,2.4324424002534846,2.6791512004205646,45.81753282241904,136.007252861199,8.153098889886541,0.26365212489589107,84.55189870630787,20.54989504522207,46.11565056100409,5.944446711885705,3.2786660883239294,2.464226707558944,83.56627001725323,2.9563774194213375,1.4355692721197124,0.1352110617680708,84.3692474027433,18.238630136061435,138.30865919981673,150.27022390888425,108.05054768906429,3.8577071190624994,0
30.88113224188863,0.26305654610822277,3.402493944655404,0.003918558967787943,26.922281613728188,2.9426772026877246,31.182264903936428,182.80967319656554,2.0646380588136437,1.7130196009671816,49.50654985320297,153.76700825516545,17.626195140249738,0.10612692918102298,92.16815543872907,17.53367683618236,41.792044322986634,5.83563251888743,2.4395855655325733,1.2559080028374423,90.40733825774676,1.2590936141225186,1.8189735642415439,0.12337964382141685,77.30894300390995,20.188515360656876,173.18168949752746,161.2531202897778,103.04566732613065,4.158608157044861,1
34.15601205971079,0.18883476030147184,4.671268489967524,0.005476673236820575,15.282402750327773,2.824603006203024,17.393192969244723,145.65304414614621,1.8209353354539857,2.107247354920692,50.545283668350756,148.78219647054723,20.404804466081632,0.038669348706491025,138.84839106406972,14.772375582505491,44.85808344875272,5.666422343485108,2.8495471896706253,1.6848298020118124,85.28309108457674,1.355521229388284,0.9325726855915264,0.3069038394853483,84.81436132242509,19.71169394834463,178.08775462347342,159.46595671198435,145.27472243436404,5.005749629438764,0
34.48034620043919,0.14051528183739267,3.280473273989644,0.009562957147564605,28.03511203931142,5.121601890126592,35.60764886861894,131.54362815278841,1.9536273182273727,2.6103174227641808,50.26306077615989,172.30401018600233,24.462660694298908,0.20580933940434148,112.50982645115221,24.242139315836013,42.179238022133674,5.055201750750965,2.190029453111459,1.608858659349636,91.419405467568,1.9649381980379252,0.9606683379608186,0.17436573130710503,96.1021896181797,21.255030229761203,178.66078948379973,157.82514162692772,125.31982914646409,7.164138660486207,0
46.72106361375388,0.27147793759586947,3.724071304376373,6.643205854557632e-05,25.28883101374637,2.0383151823031875,26.712834313201398,167.0215708556476,1.9268651190821462,2.5542714523032655,47.56059129064591,111.49082411479574,21.829402532833655,0.19546875484111395,123.93377751285266,16.79229896782214,34.07074225337347,4.557807960569121,2.6973266078361195,0.24597282061163406,84.79231605799953,1.0321256197983404,1.7619847437374645,0.22638506845761658,88.28491721116418,22.192208271449438,154.56981511091152,176.6054442147972,110.4381949257631,3.5824077475819274,1
38.58562973480576,0.19415143626637776,3.3749780018464817,0.013078516624459392,28.265556012803046,4.791801876865675,35.86428008053942,176.5195928902029,2.181369774274225,2.0084215447519185,48.3385389173658,156.5789076780994,17.850273513450553,0.25775568797803694,136.3587913413594,22.892014541840084,35.394696787554,4.9779094483255175,3.5932483258179047,1.6597945188686918,96.29596502284204,1.809273441080275,1.3135193570713053,0.33987716506880855,72.05426406867366,16.199353440466396,181.13925845815353,174.6631076845906,92.10603977168957,1.2160632873098691,1
37.191982023986434,0.29839923194300083,3.9945301684048697,0.011108885477657818,26.885545818027733,2.377193589555862,34.637171708128996,123.58125001506055,1.1497825691834893,1.6554564579487747,46.097844494002366,119.7852582285415,5.186175783496921,0.12547244345659483,137.92902931108222,4.5465104799547795,42.512334791438875,4.48445491832382,3.037023019663236,0.8198289577498123,93.30769799187547,2.4847796227638588,0.9610970007616843,0.23594886586506073,80.60342946275013,16.557533655622162,162.8978543526959,175.4585732803337,103.51177064112446,4.141656878634481,0
25.59891213735626,0.14309854561176533,2.7446251598815925,0.00706637549718922,31.62458515197077,2.218663425017363,30.483511872776557,135.78943364308037,1.7717304178763893,1.8583200760684462,39.146652188507105,170.13289545606213,20.018354838557066,0.32398210280310785,134.43896003027328,20.76622567015872,38.213250506409906,3.462413257364252,3.32518724379859,1.8328252778641838,90.14710982368727,1.6874003713750958,0.5699415976244881,0.14777448046613198,81.45172379735314,22.044409989939535,159.35813684531556,151.2550312089689,137.2853404623649,5.947638378596994,0
29.8039699341865,0.28954277906880366,3.7410079576938697,0.006482918621613281,17.295638613031123,4.926006656945002,30.017556825029864,137.25672013806616,1.69055159078858,1.4390574337821047,38.60684331074419,147.00728234909369,23.87503119812316,0.369428360294113,87.23872631499668,16.134060228308705,47.157659033279096,5.699595359663272,2.9810596398318685,1.5682155524433565,92.55423343194246,1.2205599197608126,1.2874916875213347,0.21268053202664275,64.50106576727248,17.372258490466862,186.8169013247229,185.1273905395637,87.9764232879637,2.257183336050687,1
32.463663093256585,0.21370040633731524,3.5123502902754353,0.013089045332894945,27.88333026087669,2.975927025015372,31.559826369139913,122.80384770417777,1.5704634085372113,2.3379336545843583,48.410312957947966,196.1761271095246,27.00552678185234,0.2048250993870785,109.33318774985068,11.215561243663654,37.35343106106245,2.820134744483719,2.6781587049471907,1.35184036859132,84.56485968536754,2.872902287515008,0.8019126926611664,0.23422224166276734,95.97790010815478,19.32532039019351,167.9345161723665,187.53335946855995,96.1098754856094,2.425212789770156,1
38.05424225774326,0.22363556899054204,3.744823165731607,-0.0010195708420318566,27.295204959710695,4.354107620188648,22.538565340501854,178.04911474080953,2.75054044670564,2.17235241482782,36.20769019514041,153.44241270268907,20.759143331237503,0.3730595491250207,136.52332936077522,14.554619994528023,32.74578689113784,4.741559485900688,2.4406108275977,1.5170266574517397,88.46391578323978,2.4872639155076546,0.2071378913331312,0.23216466326215443,73.10692048602628,23.472467374613306,144.4239643640581,158.24530566213568,129.14110977752352,4.499099882995702,0
31.174924964596155,0.176506767234635,4.015757103575997,0.013881568120552383,20.791040096184368,2.834047706931611,36.41106088955488,133.38700788232032,0.9867368095081581,2.4954435554043575,40.144128455252975,138.90117167310825,15.124421800029006,0.4111210579368786,119.45058502340537,19.781990855827065,45.89804727729452,5.133079168477789,3.457418925971131,1.467902500472511,82.47442301202247,1.5469914302090815,0.8548869267201201,0.1265494709577791,97.34385335078282,19.561842172317228,189.13928206584245,144.47601595023394,118.10420729318662,4.7007577585255165,0
35.657133153094215,0.20378860031621787,3.9482773619725573,0.015735318615673902,21.34710522168139,3.230819393834021,27.46574165462471,134.38019971287596,1.7186944028334126,1.5785075529761399,47.79359147628774,173.2572540124399,17.706766433257126,0.4258679750124561,136.0201352672455,11.753425270536372,42.938728902897886,3.5750657823973397,3.8055234964352262,1.3025447020481251,88.33789395430439,-0.36960212144869686,0.8146045985131792,0.262626813642036,87.27919219368309,20.73235155808551,177.37788231490387,162.34554375104227,112.86542160712413,4.4874500277624145,0
33.35161594756221,0.12744635859996528,3.557603891785498,0.015389596274621633,26.810052191655448,3.421057269430473,43.58984394821601,169.66067691449715,1.7455300355854644,1.8732984963334358,41.04250580519401,126.92039485588309,18.593787589634083,0.3100837281774059,131.70517639735326,9.02071185623706,43.51824316618267,3.377784906136658,3.300213022316849,1.3695698926780864,91.42027687821962,1.1308110365374242,0.6645362227064278,0.1276218696979387,82.94234093044264,20.887199456677664,157.81214791444444,174.7681298246961,102.19669950149468,4.328839754232376,0
33.51334306172545,0.18837949997229783,2.7773630861064293,0.014955952738052017,17.368530382737404,2.3945966420051628,29.049623133738397,155.8483239019083,1.9089532216552065,2.0799203479596335,50.67825936022203,163.45693409975084,26.18184318119974,0.1514698540457345,113.23464878439606,6.852980750306935,45.66715216828485,5.023390825869702,3.1077829936320214,0.9714769992538069,89.56728720398347,3.6985306043355672,1.3207662104293425,0.3411457667802742,92.40557593458875,19.49304363392465,168.3731093152683,170.88685554710813,123.90561987786451,4.744873360949342,0
31.621974361785256,0.07076277717484403,2.883699397332497,0.010605630090240018,25.169028293660972,4.749969825479386,28.29739803888816,134.99761874017767,1.7279592245838702,1.9903270207880048,46.910532083611734,125.68674895190398,19.185541244323552,0.15835467442758056,95.52641610353567,16.543168804369287,48.49704180977888,4.11282187714829,3.364611115013584,1.3368878524394405,88.3578226708107,3.1483079786271544,0.9135819109455698,0.2568944420462738,91.28227100454318,19.257253819921484,153.85421624073962,174.19416777957048,68.61847344618673,3.1333363745831524,1
33.003398006505265,0.20104964751479434,3.408908441013271,0.00059758312084,13.769986335062383,3.7467065725864908,22.79125302659886,146.15888991537838,1.5891800945981802,2.193779463141094,45.989296492546515,187.70191935217431,21.53383631897841,0.3611293908661108,146.8546086868073,10.621128884574143,25.52096476804583,5.71252092247903,2.7947756705928626,1.8452180802434426,83.707803728489,2.74462722842269,0.8261639088043086,0.1592771547611752,98.1690911125348,23.318447702089284,173.78644158032185,159.65552791958302,101.85558390621574,2.980549986134387,0
34.588724121485356,0.16660385889613333,3.3095159462490207,0.009461410083848988,19.92211253475609,3.9924705007195707,34.175793416954576,147.4314899541131,1.5899832583585316,1.8104228948198915,52.701366894054715,184.29775844588062,23.924950839479013,0.2616301331632941,153.40969992464753,10.30896950918978,41.352189305241666,3.7853570840676687,2.986769496291724,1.9558175198228764,90.39689492513722,1.3315490887938868,1.2668500583914653,0.20025997476765997,82.88178206834537,13.101785317674524,178.2388396076776,156.4679848421944,132.7100798711856,4.61744479619544,0
24.848644734076828,0.15907848727117302,3.41616708546328,0.013190369234194062,33.54896535693792,3.255382931686103,33.292409439152365,115.19098809759123,2.1857793484882775,1.580620472649263,38.98193226832869,159.73425975198018,18.99685655261355,0.14303881784719974,143.14620370540018,13.495954004847015,40.28870765147931,4.244352992586519,2.6690806922421766,2.0483006168498727,81.32897196607178,1.4517205029405984,0.9943873070528653,-0.005052206883103871,82.91438369309593,25.01739719191992,147.64804449290216,174.11460609582315,144.62106277103277,5.342556650396838,0
36.79275596675356,0.14400267151666846,3.010848577376291,0.004698634217018613,39.98098847799602,3.1665112529938395,28.568844013873864,135.57646033292926,2.4555907561205164,1.9519413534364682,44.69904556285681,114.89007160828342,33.98220301668367,0.17102472980260533,129.09078778854717,17.766403243314794,34.96703048079863,4.557816836509777,4.066170008800175,2.13549438343798,90.03420092995968,2.0166697947385255,0.97063558450039,0.08881579002721603,72.71340973373044,23.224143026887376,169.08349033279927,167.2741626762756,83.23349185915569,2.2415074130153787,1
37.25962579064982,0.17459832356117905,4.534462896467247,0.008734845976984446,18.489130397573355,1.6569690271364113,34.78807705321816,167.33338200825273,1.8550523177536526,2.454999074168391,43.1025736191669,172.52668072255918,11.699534327790063,0.19970239033779913,95.90372267754876,16.157583364401123,36.9218574433012,4.138073957025887,2.7674923614117914,2.0931173899407485,92.64377435218778,2.9705912784687296,1.0836052604331523,0.30697406296781676,78.12124877290461,18.890682722554654,157.2376378126518,161.73734540059544,72.54000456733293,2.282574372439813,1
45.57139112599583,0.17661123521879746,2.903093404908353,0.020133882645754837,27.84634185310444,3.203906527449772,30.489582163232196,169.78294099513406,1.7631387679879855,1.850944394891831,46.705311891098155,124.59363961741715,16.55321150826159,0.2145183752270178,105.70569532276605,17.406036598521325,42.3856772024331,5.004867201557929,3.503150058677148,1.7257430196170749,88.17842184956767,2.0682595128271495,0.9784355352829099,0.18151260207356978,96.014189845133,24.977652451844527,172.93196324240003,165.9999143019084,107.16177527057329,2.72702676991523,1
32.07499961349393,0.0866530427978791,2.8370414911793014,0.005120088909726645,28.334173484089398,1.925042839219925,28.86232983932836,158.81530887499508,2.7636530949370224,2.451028628222545,49.99069909634458,129.6037816648024,28.867525952339633,0.17197396974697263,105.40156510593283,9.946212063337608,42.58233636465735,5.768599888673233,3.0312852268904797,1.628072240783653,90.97866032753456,1.9336368924167868,1.1549347451466692,0.25376551474552445,95.63390665885338,16.37958596145249,182.28898786472374,168.9128919673556,111.0673808855936,3.1874113827649113,1
37.35793471803958,0.2650168089606205,3.253581236053629,0.007612938899938923,22.91472013719794,3.297199697244639,25.70839176774927,131.75971380438088,2.2373219645293716,2.4246081423915995,50.011611808438424,116.19576121296811,16.183151011578424,0.31958889074883234,100.8708088070752,12.805441057994114,36.91425406263239,4.162519355803344,3.7108791500068214,1.7077489870381646,88.08281667915824,1.9373312652699843,1.5080482602437861,0.3071795707543215,93.511616055394,26.060340237882066,179.7272849101474,172.24213986133825,106.40052698762827,0.151962097092063,1
29.192037421853097,0.2737208545554736,2.97808317262658,0.007465382228943781,28.018242925952478,2.9104884515767497,23.99468749185484,136.6545374054628,2.1544860841112,2.3557027445548964,45.68515701798101,124.46679073721378,15.95494705856124,0.33629682602567973,125.6120816175566,13.634802701716694,31.90967107589319,3.4650124569000273,2.8377215999261423,1.4361063964403413,81.3058988833717,2.602202751380596,0.9153360244709228,0.16891187061346502,79.998979521771,14.71013360130257,163.2833737028955,173.78551324595978,103.16374444333016,2.633362238644714,1
28.555870738726398,0.1766223147386631,3.8090126008870744,0.006808932850238061,17.73745151889421,2.0190825901009353,27.783297951991216,147.6400862242982,2.4162816993368974,1.5114844507983318,42.13316330955464,120.8022993361497,20.098287380069987,0.31522914757369364,103.1477599200726,12.868168982444828,37.71608137803995,5.402245280044878,3.0767331315592297,1.2399558863224094,94.71804633265268,1.2864504527167209,1.42297276938155,0.10105456982285357,79.4968794525848,16.954427822139028,141.74350320356322,182.1546859216999,114.55276892256695,4.789357653869381,0
31.323262285555174,0.180639613166208,5.018939235776459,0.015270763946449595,24.881649840013683,2.0118626196049902,31.302143202165514,144.570009576304,2.1716228569358536,2.09314843033026,40.66790309725953,134.99646567145282,20.959647340666397,0.4283434379342077,147.7478835501055,10.090212605380001,38.37188556615091,5.129421900741493,3.1048220846889434,1.9901445820554409,97.22283991755307,1.5310383275960142,1.2292981410598942,0.3467228716151447,81.7420353913894,18.504705753689024,160.83896469223077,193.6872645683981,85.453035947397,3.8104812477888386,1
34.185080030285086,0.1083838052755902,2.5795551376941646,0.009759836470977933,27.27754148395496,2.1074478343372225,25.288091603797138,191.60735752023936,2.8376533676959443,1.9671372243267815,47.77102346169543,154.00764708542343,20.007267749213174,0.3617134028986638,121.11681613299302,15.169236178034671,41.17209396244135,5.771002835428861,3.2554680199837507,0.5364477812113331,87.06206131931553,2.5775335604382206,1.4979563618413005,0.23223727837521504,87.95020638904089,20.484842238833693,166.36424738635833,190.23663776478529,94.88190903068991,3.2489613457534103,1
28.94540556618267,0.2040216592426249,2.474944985664304,0.00974424703101253,25.71723055551167,2.4425014093679485,33.66450974167295,166.86748952199713,1.815401158512266,1.7800426943122205,47.31893825692262,145.0533760043223,16.024840428900216,0.16826207019565292,129.96233864364385,16.57142677727543,47.80027173970514,3.0464262796724544,3.3806024236727437,1.2861497165650748,95.32057383205112,2.9772549149218794,0.8725141750977152,0.21572572104600735,96.14650645168396,19.30283660481755,165.34932403034085,161.7092117082784,114.67838617210765,2.3607995362372316,1
36.597443765020046,0.2195236704357414,3.1826210341049825,0.00820818501201966,17.61737933999973,2.4271853621015387,25.96989818669033,153.27219712230152,2.7348934176158544,1.6390312823154967,38.715437425257676,178.52918978347049,14.408906153255288,0.12440780126012291,119.68198072801192,10.275450734652246,41.28854248329586,6.637279290106399,3.034313108480217,1.1557174040636746,91.45609535115636,0.8592533770635209,1.6259093505601334,0.36584304698445763,93.11925680706922,21.697701667590007,177.76156547376635,170.733102300062,87.99593978436181,2.736136111241733,1
45.702103885831036,0.2914158082970352,4.1045710983385275,0.006708286920477414,22.362170418281945,2.9457333911590684,30.54364488664872,145.19406166936284,1.371192249893749,2.2850015339357537,45.95293804251265,149.14094120750343,27.6124652020854,0.18372980562104724,99.91951646544787,11.250213430030772,32.92016774677278,4.992087473772818,2.7090845427601646,0.9435982952141062,93.78981024941291,0.016900144735500833,0.3285257667666641,0.18052443626768858,82.96532610211315,24.89882124436405,193.7596188912572,168.17461845796694,103.6140529610577,3.7139391320715767,1
38.01426299679224,0.19534665181037916,4.252556319110652,0.003559121018015798,19.961775282815772,4.554249247892528,26.96643703056493,117.66609168000345,1.870049221255155,1.4306145037913822,42.76092221349385,123.26565159453195,24.28421876037418,0.39748762552225114,136.3517574974031,22.78476773968815,39.80866474514175,4.236438694572456,3.0960967720050943,1.0922315451198201,85.10230438120169,1.028359278507608,1.0283978820904014,0.26313299272366736,93.86287313588947,26.950760337826143,185.0341840368563,196.86786088973787,97.1814409183484,3.7384962133029527,1
35.2454230415501,0.2577444256837312,3.8337346367943965,0.0019443768634188601,24.37164548014822,1.255054259102708,35.09485504338443,147.23637875643755,1.365405980974761,2.0324813498696526,31.04973966889074,154.27540764343172,21.483313551649292,0.28384320428105403,126.32377525589199,9.360106993510703,40.72754997543714,4.351421055398407,2.4665481006697063,1.2489590356823377,83.7643277995567,1.8433945319391403,0.47719833004977885,0.15185431126249627,95.77820261586673,15.48788813424429,180.20552827214314,179.20179596988362,97.53006666735072,3.6014607353849692,1
29.341729043433794,0.15460238982584246,3.591330473856619,0.015704248562108915,29.058055864698293,3.652148687524088,33.79272435234574,153.34860915935843,3.1127442419457925,2.5016739052364643,46.34347402557629,132.4229799704328,21.792602546774187,0.28418074466561954,156.19926043865186,13.260001416057445,41.087190162746204,5.903392709128994,2.9485810470153035,1.5959221539209671,92.44874351133426,1.0527457084614218,0.5412357944963432,0.1869947273820286,82.33098314015285,23.123961336541388,182.61784471015116,170.9248740760853,120.18653770172509,3.5148414905457686,1
41.82896179359553,0.1636322939977919,4.015709780389167,0.010802119615601239,18.932974387494646,3.5480518822430263,37.72415502684341,144.94093095581462,1.6343586483182984,1.8524977318110778,44.614127849714016,161.99770895042124,19.40696415669075,0.2393019649577968,109.97161304543523,6.22348592121898,36.93660622925209,3.2809249929256454,3.524032561742951,1.310057996205579,91.87568011844641,1.7697466454312498,0.795663942218571,0.16308776019033022,85.89653574202869,21.731361476593545,176.97187439030597,155.14976417301926,123.9899875076832,6.626011243915422,0
35.52986500471157,0.18116299967120086,3.234394351826471,0.009818686085510972,24.380975498925956,2.37881346497797,25.729912003193704,167.2983150126319,1.108970246537005,1.989890174054224,54.885121636907414,147.1473969620428,29.97384223416734,0.3709907476749962,133.35612704521117,6.06429477978142,30.11317754698087,5.879915215498452,2.496383039453287,2.118753785289599,87.20719099270003,1.3174809605174045,0.4581118728182043,0.30834347862114325,78.13598011161001,16.511609375836695,179.8856423687246,156.79624479865262,99.90837937731649,5.057257795312209,0
27.1108610610868,0.2048967639008599,2.9654318392770467,0.0017550556969806713,28.85115786137817,0.7619226204882068,29.80724102389054,153.35054882152374,2.1026930205603094,1.0657210073905983,41.38054080463141,120.76379644112686,18.82014106838409,0.08036611622272771,115.15616216370907,9.42392889072474,32.29820695575247,3.635528701649288,2.832179151867493,1.6594177043820788,89.68178247978041,1.2512207483487703,0.4917626215773929,0.13796118543412741,85.85945338639124,20.46970181279779,186.80017692938395,151.92821811695714,103.45425208475883,4.5967230989778844,0
32.86628315104078,0.19856458002238392,4.371605852297998,0.002817835943670922,21.586157351764207,2.8400655110608177,27.499512404177235,161.4806152215929,2.441551931050657,1.9054038698951858,39.630602990497025,142.2731775433888,19.594989909312584,0.3702042248803687,162.5091660048352,6.161388518319557,34.68833570222457,5.502593500705067,2.7249068739087097,1.1883092018178452,88.80073264298304,4.864734244265534,2.5389704234105954,0.19224430705600806,93.0073740323756,23.065964875444394,148.21407105899777,168.05201784894498,89.00734029621186,2.556687536478901,1
32.578075985401,0.1728142376789408,3.0622780624347277,0.02166577325202355,25.3682086282203,3.114889121991886,29.04491684867849,131.44928390373317,2.239339157873073,2.0502037597464553,44.40956440006364,189.24078226716006,16.865456673841575,0.059445082377396374,113.86188874512952,7.6099135440784895,38.88575882243142,4.832849088718358,3.4228081148830674,2.5687033459307127,83.79525036097115,2.1752010665453225,0.7970337504118684,0.2771048475954614,89.50931433896935,22.08157639334025,163.0597504757565,156.11507619613184,97.27858805459844,2.413527882150842,1
30.35938928119733,0.13915424501557727,3.5759348845683956,0.014630316932638228,32.50990772445383,2.105317792793879,35.51823802118787,151.6449841365826,2.555466706282503,2.028136412307016,45.300877869709225,195.88631885228807,13.620617178399161,0.5140105607298396,83.61418836314459,12.692803069496431,26.470194989672372,5.859997350144209,2.7365943947766196,1.927469939971954,85.61241714121645,1.2613505346552056,0.8902761270129014,0.21176531436203264,78.76310029818293,13.784924853380959,185.4100167613135,166.29385523776483,137.63102871443147,4.407867621765231,0
32.50347959913606,0.2433421819240327,4.2771738518307,0.011939567343654964,18.800459186423627,4.088594361966116,27.007882658971887,155.0503794863869,2.0457630250635175,2.0936964362490498,46.95010424201914,126.43959963188301,17.180205381111787,0.40673707274103177,135.61593031602519,16.98052067779409,35.08872049106071,5.88560349552181,3.2723140825202397,1.3571770138976151,83.28331369818001,1.1122973255825837,1.046829237081866,0.3610331523214386,90.30342186094798,17.293081211175682,178.10446158210544,158.94590255984036,104.4982759981866,0.35327852169889296,1
31.01735792925058,0.22037967306448902,3.293527345112119,0.0035759157853418174,23.401784327063613,1.5517916368237867,16.30709119708678,157.96644606035443,2.2627073656659635,1.9696524568553317,44.38221950284499,139.11187419271818,24.182035553631867,0.19684758710241915,149.5410468116563,12.986058766397075,33.37534532352109,4.55863839613224,2.5445802273656843,1.4119719233145807,92.99035650870195,1.7748470215208578,1.1729323184477602,0.1810933791081507,69.22091874415032,26.768920141211645,175.02654796081558,165.52805675407726,135.1860036421782,4.462109074889602,0
43.472337012232686,0.22339047721807095,2.828954095400595,0.018880560771598116,25.307995995054224,2.950833464610588,29.95908435825472,163.76558561241777,1.9373393352967876,1.6474584664172442,56.050892760492346,133.7692110468866,21.145143001469293,0.14620621720631416,142.90596502394337,1.9709735425826853,36.74286179486084,4.387902424621742,2.4920992863167335,0.9824657684741176,83.47424974041739,2.8851787879364874,0.5440875434181083,0.1360852331602277,89.22626333753777,15.194439313225207,158.94788483237002,173.55986652519707,103.07290478569855,3.9249009792275356,1
28.9096702240224,0.18274377878596532,3.361785344185388,0.01268842909289526,18.221409543119563,2.6834723373570717,35.72237593363949,155.39577950290666,2.153979136484451,2.031843582261238,49.310268026317246,156.18714608227387,17.41694168011044,0.3359253404834822,128.129445368548,11.8559353133796,35.65323951068426,3.927101888612559,3.450345469374191,1.7241197715941912,84.83221738451648,1.0176804304620997,0.08282013067541882,0.0262632036443754,83.98033055850959,19.176913107328332,140.98323605776432,158.77336511119105,128.3303490787206,2.6666594890732878,0
27.892605775205862,0.1461077422364938,3.3416522430962243,0.012834743186272335,22.408210156435448,2.385572467587834,31.298184244148917,140.3603303334952,1.646627901480643,1.4878787524493489,57.785192613451315,136.26176676423944,24.33521352711481,-0.00808408538522537,135.81812844550763,16.883789893709363,42.90921003517159,3.716842431005552,3.223968926755492,1.03970113161511,84.192020172062,2.2609548278619633,1.2822899945222452,0.2961017040879447,77.93955252732036,10.525508453653407,170.19035567296612,164.30376901279908,120.86563210135476,5.205876377841155,0
30.403843546055825,0.1977066047027639,2.6761533700677482,0.010701273788698342,23.348013327327607,2.9454940308554987,38.29603689411769,150.2377791154465,1.7538496833979405,2.057255589322277,47.023377012152565,150.44117629621735,17.052574975560603,0.19191668985109192,119.96347948285107,19.92460184412024,42.95456382682736,5.795366231126404,3.455604460165796,1.0989003380660662,93.1049074624979,2.503170593019628,1.1843252240390365,0.14617730997716227,88.85510151013169,11.910446736362253,178.33365925619063,162.65681275441233,138.11295398775542,5.593382934213103,0
40.95450050461657,0.20884861546748884,4.294680343290424,0.006429690878545431,22.319153563483486,3.3959728331167485,26.06782023636785,155.50256778510737,0.8796864437519758,1.9662128562788996,45.8215070571922,153.3833077135381,17.222616884935686,0.2829880207712456,95.62828012540393,16.113309221105126,35.3414164405583,5.623812347521785,3.298763155594362,1.0278230435411007,83.49449623482771,1.4099933096183732,1.4204538625336762,0.04370985096151411,65.70216608012274,27.22024683862103,163.80868562451732,164.4253387299917,131.670145952775,4.043424184829792,0
25.691201231317265,0.14962436563150552,4.841393970146342,0.020140607377819135,26.903046402644478,4.186370009516487,39.07311322502953,132.3425275511862,2.526983390836355,2.2949461976631853,44.101459203034516,158.23942555963265,26.596908018002487,0.11381152504673231,99.99864520672476,20.983735120676407,44.40210355395625,5.491753161027487,3.0486851318511414,0.9734962317524871,89.40790383814448,2.1857259685867594,0.6151399655099918,0.5405191819504038,85.75884386616197,15.710044229543765,160.22377836122166,184.84582398458565,119.03613319666181,5.1728592946298955,0
38.241990375940524,0.16489237632916137,3.819880583999953,0.007107144107217375,25.387201749032517,3.604261249653211,19.366164614288532,169.73318631279014,2.6601172499126746,1.8184483998675456,42.263250570523084,126.65792104734894,23.293377581015147,0.3603021816394907,123.82433843849455,14.317025152375566,49.31774251317093,5.311228345570498,3.632238959135522,1.7873012098606256,86.05726804122945,0.32353557585638515,1.3263750377987464,0.0791068869402659,105.7154242417285,16.22397358984422,168.58338945286766,177.78033712022872,98.08488138125504,3.7161915390433347,1
39.74610624908533,0.12163126571440579,2.428424096030218,0.0077085950620291,25.476537793812334,3.5678173395771173,26.224179555339806,154.7838320247255,1.6707074369420742,1.7271059081934645,49.2700228118786,130.13196780707207,17.716213170131894,0.27894865593046636,120.00550527124904,17.350638608215693,47.24048453829382,2.883059888100516,2.449578219393128,1.9478574849942953,86.81991894751235,4.057387945422372,2.128232372807015,-0.005047051581133305,59.02306351013453,22.85275439476841,165.09341112772591,169.40582300289,113.94430341985297,5.767406084139813,0
40.753289977180785,0.20779987930464464,3.6979195152218898,0.008856693285152973,23.49559117309513,4.157475538594912,32.635442645777154,138.86536315390634,1.1659660598832888,1.7614800749260227,42.226410177950285,131.0013177759186,34.79746696383813,0.5083659908471045,122.33293583585771,9.666992334249711,35.449689590486706,5.417063034894264,3.6162414284082147,1.9771387012527477,88.89755895060907,1.915865328619929,0.9450241949705983,0.22647138921383808,88.27443412188329,19.638229400881254,151.0202477283847,181.1112355005591,104.26704335094325,4.07470624422596,1
37.15365090950716,0.2045607892620907,2.7212596402276277,0.004975505664235401,16.324508861176852,3.158636689207063,25.828357431364996,164.85914180090055,1.7915817762622432,1.925432992298653,42.67379863495057,149.56873314111357,18.506633287811646,0.24197301418432796,125.08940065491004,21.089297281994632,41.25520793229711,5.727987795243747,3.683180856300771,1.6315237678856112,87.17472464476853,2.006176113066994,1.1144589714945479,0.09650233812091465,80.90537413102889,21.502498197430974,182.66127349870268,173.50102883524437,109.03272093507888,5.390014523245762,0
31.822517177409775,0.1409325498962984,3.2726738174785415,0.013971669850626043,25.105579925753265,3.0946796984178038,29.50575326290121,128.38671654481857,1.4196739122996556,2.4557894466720884,42.54705943396626,123.68306440812214,19.85947810553184,0.4031279406827076,149.36878594374633,19.001186730406467,42.734173725583105,5.924069039329862,2.8119094089249113,0.9530475973656214,83.4672330261961,1.8738236940910205,0.9525361089080662,0.25025088670196466,104.56371870487777,9.751723645599917,187.3678968993517,158.46302161032358,109.30416034176545,5.050979949530548,1
32.72947117173087,0.15434958241870791,4.374037686503807,0.017138503508453574,23.203573348884223,2.806534957071733,34.83632434343457,128.55836807370164,2.414119698443045,1.9658478165211524,47.225435013194584,161.3086919050483,15.524048731866039,0.3176388985547747,131.44660596070244,16.29283630106009,41.19561114492178,6.1328801661951164,3.4237602806615266,2.405027731373018,87.57104145759045,1.7784179258305888,1.8866868282730547,0.305436473679328,81.52602915181133,15.601250728974815,186.00455920329557,167.87214280903368,95.79403349186369,5.285321853307521,0
28.377222751310583,0.18744337842032285,2.7636935227284214,0.011457015766645972,31.260951605609513,4.030233547584607,35.229354615334955,141.55967828905852,2.3933475534313913,1.3955200507379932,46.03665181185602,161.91034868412444,26.87705186637529,0.2571147225373858,139.63812638153848,15.181799237794255,37.94113233692966,5.169178527328092,2.720904578251572,2.1669374532565744,94.20520207708007,0.6295176160291511,1.0829141733105776,0.2182952084773879,94.57687538114803,19.945676778143866,154.45917738318985,162.32647950989772,110.57469220559658,2.6742336176436448,1
40.205484609579024,0.28656028517755033,3.3571658271757014,0.011592170648659098,35.24532026915621,4.368787595862301,30.88348978576053,175.50687632103558,2.717940053445358,1.9427150083442235,48.3976929400947,150.73438211346811,16.923022440993,0.2488543007021509,119.39847270888436,7.710773817505508,35.05553045471158,6.400867239520487,4.017149367134822,2.011608120172858,92.10760183024685,2.916118934842431,1.4652068507607714,0.2580725329457785,99.69557296139205,20.551751270431495,186.33264215449725,138.68561963191667,114.49782924521324,5.404209025040594,0
32.67586133343297,0.21172023588323252,3.704187040741505,0.011934240543501364,36.56253402234985,4.451269337821307,24.7876218269737,149.84294071293573,1.841640699403707,1.8326682902133902,45.2096945035215,125.00786305591419,23.58411860734435,0.37191563450559517,128.80294182360225,16.143657668885393,40.457264079791656,4.383450403882554,3.3810080177976687,2.1540220976356874,89.22624458742334,1.177003942372978,1.7750149456420106,0.16593641934084238,78.48241600323087,16.142768150117757,168.56243875032663,174.83033396259242,132.35844663913866,4.653062084744823,0
28.633568948979594,0.1986207701492992,2.9238900019873166,0.004875658957645722,24.72718621783715,2.8011083129961953,34.88326999890957,144.98273790062026,3.2820628436080663,1.6023109797032582,43.11530948248752,138.2765527665608,26.41745415188,0.34005021355021814,119.13159139213971,3.875286845100254,40.97923028802975,4.391952963225285,2.834277893934577,1.636069258995927,88.64346452202975,3.37144937419699,0.2688611441548425,0.2618833419464751,97.19691755883349,21.43652948805377,158.10548997924317,176.99524073558632,98.58751672119084,3.26796230979729,1
28.898739755073077,0.19592831362547614,3.707161104127405,0.0024682234795461565,18.000139134162616,3.2086330315712863,32.50582051528691,113.2151515807388,1.9417200084681723,1.6745947349385095,47.021478692899834,146.26180590598844,26.1322619280446,0.25526602296979223,133.89137549308094,13.428785311850781,43.17334308515806,5.113232782186672,2.858593368490077,1.8919826452846582,90.69614397061126,-0.20525671343901974,0.42298308688157393,0.2681191569127972,84.65789591869034,15.852333595252903,184.10291680662303,181.30488030489917,88.21420901848734,2.4539460755771385,1
37.12324287533884,0.2827645248213023,3.844495080726525,0.0056175922661596605,21.284579272278854,2.9943319099338552,30.046518793912583,169.50650479499862,1.2663383910357922,2.2815651507779817,44.37177222533443,175.86045478720268,28.752837135926143,0.512357385793103,87.7476490089183,7.994280101198699,33.98841877775623,4.08930260796785,2.2477542692265278,0.684636868098321,91.86842117569917,2.0152523345686735,0.44505697345881434,0.12974879978299658,80.64784318489833,24.340218992906713,200.10038127376652,174.46185896745388,113.2937453362911,2.477327126424562,0
33.98932223330526,0.15073576692362908,4.315422154758135,0.014775430156190133,19.332507056822337,4.703863805310121,25.9865679238307,181.94963852164113,2.295102375437805,2.2791004633262943,48.74506945695553,134.59216545037904,27.646639058272832,0.28930434973781505,133.62594557321145,12.898183142121725,40.22108681783454,3.730579725882164,3.233899245901236,2.2247816822176905,92.27199909934026,3.8806873624822664,1.9485280301026338,0.13794084438569343,79.4024217685879,22.44329526002568,178.17481680569884,178.14271994506868,94.11536211806369,0.6780084234408785,1
35.667456246336016,0.31586848829238384,3.7976206165230533,0.01122005289815637,21.450951767460257,3.2680429837441514,23.07721076551589,160.1556539388513,2.33189121421551,1.7125879425167119,39.988702287617016,150.09842040745832,21.68306906576463,0.30846615677122946,128.5180691826387,12.45726687400727,35.85047604337517,3.9708482292749876,2.9614221884337883,1.249103164627376,90.47275962830389,0.573746074101237,1.4932694717593151,0.1215998508230295,91.94586351748204,16.517585454157828,170.0789077038411,172.93337696802433,71.97250280124175,-0.04949034169267463,1
31.783803821206938,0.1863768554528244,3.428916753325078,0.011211222774358175,26.627930005261224,4.068812721624497,32.735659338073006,161.7993873922022,1.7710723996327058,2.4877874695184117,38.248449626206586,145.8979216488622,16.769297721886392,0.19012924756962712,99.35295785992513,10.646628952562143,35.380734679839435,5.247930670526676,3.036574285926835,1.2499291254841758,90.86430099434156,2.1267690706616094,0.7975701737573265,0.02961285627738544,94.86993161832474,9.756578942186922,193.6934645010311,167.43765760530874,116.83615653340209,5.802854661507367,0
34.648098264473944,0.15238230634097177,3.224837283144398,0.011179124023083136,20.45458697763536,2.404783573857263,30.910725192210982,167.33206886971362,1.3072025323028684,1.8047653284578469,43.253110728298736,155.23048654505362,12.045571088834349,0.34703149922616344,90.44518296196333,9.222351709008192,42.22505408804745,4.847262235615809,3.491218974044835,0.760592528470787,98.19868047257162,2.608012440689303,1.0851128620286068,0.18818700588373546,78.32387397427202,21.65856248561023,158.90215203854567,160.8127408596455,117.73497470130978,2.7317129538745024,1
38.386070830507784,0.23449233313090326,2.9956664077551594,0.015567662549092687,23.36444102338884,4.477011242589539,29.77536372328497,147.74120697280313,2.619982845586593,2.1792164398710123,45.56974398647185,186.32246449403917,17.710547928816577,0.25495689127016447,115.2957907662618,11.722462123144425,40.65417165600047,5.717435440411431,2.8517379551586064,1.8361504864088394,89.72456792249065,0.8782947950465576,0.7011064580403662,0.2190225032556599,74.01971410988791,22.478399153778067,174.90288879187747,178.385890509998,94.03954762284404,2.314739192881118,1
35.70127801173402,0.16344955739941452,4.22300067050277,0.01321229953192828,31.827654572457675,2.720794633849285,28.437105966713364,140.85985538833518,1.7290011216212084,2.438864746990112,38.55139428768392,165.75422479639354,24.962501341951054,0.3611257096689294,156.630397556969,18.733829126997176,45.580003917781646,5.421394841187535,3.438770161417918,1.5929783163213622,86.71530495456119,0.9644446701369074,0.9430880916410835,0.00015360547277709635,85.34252058827363,25.741401836237415,154.19402809758168,161.27728268641715,126.6499561947725,4.424982295109004,0
34.34031384802588,0.2176593147601261,3.25093341951189,0.007891695925295308,25.177861924815367,3.2752953244639533,21.41809020458362,153.39908234604238,1.777192557631448,1.9293289129683842,41.721642981399654,160.47624173309634,14.420240617839383,0.2823186332394564,134.87918041104123,12.471955128833454,44.53131878571976,4.271648902989495,2.536534546250453,1.8942304126268843,87.10494070877186,1.3597259797189376,0.7046103467494391,0.13233361101957714,90.99419799084801,16.830589828292243,141.51729786710118,177.90874387424924,86.6921286249209,2.516271430347606,1
40.97740902986286,0.1558526261247279,4.193133218268602,0.006938133993884888,23.402746037492186,2.3113220291375796,39.755535753786184,122.67908189055754,1.742700338547304,2.5574111648888294,55.12281297969835,103.99826788762027,15.400979686570116,0.4223030661325723,136.86795005415166,10.404225026449348,38.458719407984866,4.7803517552674295,2.2150402863330534,1.1461457279519638,88.98016525036383,1.6197956644662272,1.4243619501792883,0.13883133257877245,82.16540189822585,24.732353159473224,197.0664042652268,157.40164911407336,135.7643800881278,6.531809318764234,0
45.731922759555445,0.17460313371957273,3.1081586918343094,0.0012607144433855102,29.66339892361065,2.9296155490306397,31.394322806526013,151.40273884226664,2.0990213370733133,2.2493699314946074,46.41519411927478,138.4105372330397,24.971322718311804,0.24048688714917843,108.68689439567592,21.066646594798804,32.998151716816224,4.871611732190929,3.459773236630526,1.0978526046026338,90.12137616465623,2.2619144520445222,1.4445588791333044,0.18563913382954028,73.58819212556014,23.517352005909405,169.71076257455536,171.45091168259916,64.55703837321629,2.154658763726656,1
42.69945287552635,0.19143681700316345,2.811452128849973,0.002931084803894971,29.19455050821677,5.24399400932068,29.069823811801523,166.78474577517346,1.795416818081644,1.7534276832329305,36.47734702942141,136.25905933616187,23.649410353490573,0.4175903183299814,143.1966393435278,20.157274468980766,43.05094689412201,4.712179019164447,3.6261505870836666,1.694194116382575,93.8742990662033,1.3928487057340213,1.68328467921615,0.3622450571090826,86.43319229481341,25.388927707277134,162.8170407368584,174.52830861811657,146.2936440876519,6.206271502116143,0
36.15539051142089,0.2369465101813052,3.816116392555899,0.014613194069235768,29.43700831966923,2.6666940402832213,32.673676449880524,126.68039548962018,1.2934499167570919,1.523785205156629,47.934286690668266,121.24262533939773,26.67025991334951,0.3414710793601726,81.05008463084121,6.615741810895251,45.40533443787298,5.475127351995261,4.397789357786597,0.9407937796275323,87.3054639268204,0.5793000831558779,1.3207838245314347,0.25087555638700876,82.17037527338134,14.5233572983384,168.16551360064582,175.72907243276052,83.31206034632852,4.02370701458223,1
31.497045619980952,0.11067455850650337,3.395221083984227,0.016951053785734953,21.41779516219417,3.2085492150547643,41.87571360984995,179.1939429344437,1.4062306190944547,1.5111060678960408,43.62452963599377,167.60347073630084,13.172678412834243,0.28462615110727607,131.25389022907487,17.09187719545294,36.31585397737896,5.487318707876165,3.5098180417041047,2.824290622805542,77.03657650753483,2.3705965008097487,0.6624045213808893,0.2026174012082547,68.46230532454621,19.831188997442144,208.0342055619921,157.73885972482654,137.61567227314043,5.770721183696088,0
29.583185335990674,0.2096526102952948,4.137643576758155,0.008494287672980504,18.444001086763308,2.4077050335871943,32.48117544023668,187.4571644613097,1.789194485923257,2.118880421265872,46.5903135260982,143.6165705423645,25.407096114798684,0.26492453843796016,105.6453055082238,15.58850648865972,35.19403119769885,4.392239755291096,3.5102643819519126,1.0166995264919503,93.70412916413302,1.6309655115243975,1.0468004946554237,0.21004117243896483,70.49651146074238,22.633228788093877,166.60256223983646,159.47747050315073,106.18074454916186,3.6782405377606366,0
25.709507903207736,0.25645418593703784,3.504923202251021,0.002261357847234244,26.449900805537787,2.5257330722374536,29.7646249961187,108.535702115212,1.7998275707896474,1.792422383772146,44.66747816731684,156.20953015480217,10.667373815212928,0.3368361504096051,131.3534829734514,6.0905275276956985,45.585044064220874,6.812996388775369,3.7460678447846147,1.6254209247514984,95.96511515188503,2.2487091774506225,1.2794551783130972,0.21348008953634334,79.71452406221705,25.77019509420249,187.60230867994937,167.26261647068702,108.05630911758055,6.244320716478359,0
34.02134118854213,0.22512751805134582,3.21710427654934,0.006939672138765838,27.034221298170205,3.9734265538196136,31.187252534267756,144.38243340699964,2.5835982027141924,2.0718966166256836,46.41283592776574,143.9383599055548,21.684540638577026,0.49121170186299473,121.76655194133379,6.300207144534243,32.92527352463509,3.7805388699330997,2.6518809674473403,1.6908525122491036,89.69573591003046,0.9398367622253194,0.9782667904781261,0.285307510435851,115.33001808977504,16.414299090507352,167.24519999134162,170.05685851337924,109.28846105440621,5.01465675941292,0
40.93068297750521,0.1596568087352265,3.8024356177687983,0.014023510703361719,28.25226131048183,2.7307966602620626,27.921135567257878,176.0255351076401,1.7073514262400307,2.2544397868525006,42.154455800352956,107.84311531871197,13.757140906986987,0.3355241189075663,97.85007812255387,18.21218613998621,40.65404674239155,5.015485805543077,3.194106542982161,1.7573474095459176,92.34540373105774,0.12052831194728686,-0.10205908524243257,0.3232860055610843,107.95266661986062,24.310576036910682,141.34871929456222,154.05726580824012,95.54255233888418,6.308621655585505,0
31.924675810203027,0.27751043385643437,2.0198389447608958,0.010489407212280007,24.209425313889835,3.3672475070816206,24.933715774665977,146.77649148703247,1.200332114818977,2.012716282434277,46.358838599583216,156.84093997083536,9.577835462709546,0.24728707184698964,107.4702494544158,12.91243938692311,42.3729020102227,4.082877147634756,3.101121161650934,0.7769410271304139,92.44150726248871,1.6894921104599416,1.530026567741515,0.2707051892981552,76.08602099249502,26.80639562733236,166.45464190532982,179.3587577054744,78.74875619208649,0.7514799368570373,1
38.3376593440993,0.20923761000553892,4.6505558006255585,0.01177090783176397,19.51276548921189,3.456854599374629,33.10585898441632,136.78021913438135,2.9831076406804606,1.7994640655143654,39.826601751243125,147.08874914725664,15.867102071697815,0.23818126705419904,129.56274221447558,18.63104015902103,35.82910568353143,6.16544173063394,2.420274988911158,1.2935384491695723,88.89012434667463,2.0759327990883416,0.45665861855973733,0.05665005636078743,86.96348388520138,17.007566410507305,174.3703108917743,165.38447076647694,143.36360574189186,4.871496719071642,0
30.026541512787816,0.26142118130123115,3.15792314630183,0.006909603641366601,25.492226090248536,2.905153261438253,26.690084473980846,143.84454465302892,2.1092253533691463,1.3435063891752623,44.1741151476223,143.7259907635431,23.955915773246016,0.44558275929432967,156.22151324508445,13.428913255342612,32.58666462034728,5.346327040105333,3.0995964170885815,1.0496507287536285,89.75488183014575,2.1334039886074105,0.5947617782812333,0.2851338045043133,99.9761064739646,22.838942656932698,170.08898402578265,164.043472555067,108.05555303564242,5.618167435891196,0
31.53549606808118,0.1770477805725118,3.8566746194362462,0.016252131842656625,31.975691502954945,1.179004344350493,29.257130379761954,136.17829890333343,2.613086963375297,2.041028988628518,42.83943654640228,191.56192364390037,18.973082082939957,0.3762661128470312,100.56386130192857,15.212873291541557,33.65202436797426,4.359406846641061,3.153353124132417,0.9944023368043245,93.21444879847522,1.3426400894052022,0.9487655331800774,0.42359107334578067,86.30766134274462,26.410282859598034,189.63597895854465,174.74132435257758,112.1083610531835,2.931501562389064,0
30.52334547555879,0.1505798673499817,3.2074873936286115,0.01651856696651513,22.883325295575382,3.0688406862186044,21.32078153825312,146.8578507904411,2.0704012532132907,1.9204848306969906,42.20835453386151,138.25547141052314,16.2210438147083,0.29402844413612605,130.88044966054022,14.058352664260012,40.71101542433855,5.488728432411332,3.2827024293780482,3.145303310594583,88.33018678320876,1.7814090770222317,0.6191120793105093,0.20860017515664944,72.5026606106299,22.347306769901127,167.36471256382194,184.071051958003,82.2677066300941,1.7960196300957199,1
37.60568757219692,0.19438134812778773,3.4215806528407704,0.006066093538460529,24.30579625182859,2.8289851915409963,30.195406241633624,157.8606391428309,1.7484414475917118,2.5387005510306953,43.37445236675746,112.04528475856964,18.25857837211798,0.1783054569688246,113.05389901777302,14.906208591915142,42.292621099345716,6.615871398514451,3.1517776281812178,1.5858247142225128,84.01183891635439,1.2797722413165498,1.3754828536845924,0.07838409928266783,95.42106684411156,19.106672300187814,170.81118390265772,175.6442268841091,124.46644334625694,3.54071749209771,0
30.095041441135827,0.31395737604593654,3.7476394573532934,0.00809221915643194,22.59766602109739,1.3312897614584096,25.749997450340516,143.0932745221547,2.2995584223089747,1.786665966974165,38.62250929294707,171.84673800243866,22.16462271137143,0.412807010242786,114.83401665316596,8.197672991804067,42.845342437309064,5.438478054530838,3.1256237147214474,1.0012850317837465,94.04199697194768,2.487499271927661,1.5918890543888795,0.12402174661124135,78.53376615634487,19.7052667664995,184.62086454839584,168.88774659695176,99.26482451808309,2.102917425275783,1
35.99213002681953,0.23027949185716656,2.8001916859290388,0.004388647711279825,17.83405414070655,3.580448037503505,34.607952411299294,176.11518654766502,2.2531245875251478,1.8271668046456593,51.9970285463275,176.48952450552633,18.178139271748275,0.21025636952811316,93.32731700200476,22.329685298173676,41.36873597975123,6.657290228153297,2.956445958185227,1.4139374627886323,86.56936079969002,3.1024872072353373,0.17204102776204555,0.14981908391594156,92.3228926984831,17.375558471674584,162.25523419566167,167.75341863079922,154.0655065118504,5.779515662091161,0
39.79095570149103,0.2512319148705433,3.6413110286458643,0.01368813022428461,32.859119745519024,1.8470122035335657,34.72232925614644,156.1540082117224,2.53638711085531,2.1032843089697377,44.0661352775336,165.72507267332315,20.331020030343367,0.4461797279964138,86.66689679330416,5.497889892415433,39.413356684735305,4.559101915473796,3.2477238679797598,1.5237160418664157,92.21290806032218,2.917039634388288,1.3716917525693537,0.02551578055991971,91.12751739661428,13.108342957437316,154.47182890117608,176.70454297361454,139.5862109926385,5.759800141430032,0
43.26862946002764,0.2892509125185833,3.525814290178481,0.009527711108562277,22.09127306233566,3.868419898897698,32.13459824129093,190.6250343088097,1.3223255587623135,2.159361910066992,40.21874106634283,155.74848621619003,19.612887079777828,0.2502297041377412,128.2365179885708,19.411726296608432,41.701000068863735,3.252340232143014,3.6176522020678847,1.049267899577764,92.51675286037631,3.3822541933851835,0.490438710434865,0.13670638215024283,101.13810742742596,21.90780135993267,165.62217958290893,155.76284270302875,94.95112413886586,2.5092563887050328,1
38.614234056929796,0.16521822453899512,3.76406468578601,0.01448908638705254,22.94539399832255,2.7638611254831162,34.17510850343387,168.39281164503572,1.7758787107893181,2.420663895457281,50.324991713223994,128.4383886534691,13.381385985772688,0.3264398979880636,121.46435121768137,15.71594948526251,36.12313406493934,4.815674456677994,2.3599786927407926,1.637874697970942,89.72703114705347,0.3254793886472169,1.4014814056724871,0.13844759351346175,76.29218249094794,20.913405234885527,178.042933316711,175.88220476449345,135.26419207097993,6.28814272285785,0
40.377669244103714,0.17385529340835476,3.0540564555301524,0.01434221088152897,24.54504826866862,0.33797945964180487,31.022759673283954,145.5390964979321,2.124968428254425,1.6120038304788111,39.11813778004566,159.98190907917157,15.749800337258218,0.41404456291224345,133.7620028524356,15.739072592595077,41.28452227752005,5.13566351079868,2.7205700204981778,1.5240151277069012,85.68868384237706,3.494447211813564,0.7150086709437733,0.09819151103631558,89.15578418511548,17.78975905165838,159.76222987684991,149.38969488562637,125.51558241556616,5.200887416579047,0
28.181806755357663,0.09888552142768295,3.2855578723175154,0.00329247592924473,24.594341837031294,2.443405026999895,33.388296408802965,160.647891285672,1.4360658908265638,2.1673785080591985,45.457799844379565,180.17770473838232,24.308299885201087,0.16031061636445262,94.82856666727552,16.334602808896268,35.057059021285504,5.347174976485314,2.9460709976135413,1.7407418712209812,88.41626882904582,1.9379492979257675,1.0950576899288444,0.13835578821208272,91.00719101607464,21.797639275294465,152.0868577429949,166.62483277174948,114.60466569698738,1.7067328408874212,1
27.559744913828297,0.2507065476713401,3.5966917305035717,0.01716259423023084,21.704573771222478,1.6309622806229644,25.696167069027467,119.73593947992254,1.5280094469442367,1.5053773862848445,52.27309424894729,126.12748263240206,27.391216090354533,0.3688467712783206,143.8882528130483,16.660792939567266,41.59906729986183,5.192356469550594,2.820979462950848,1.8543398997176657,93.02597770695571,1.7103511248380205,0.508001619859805,0.1378959415844784,93.68429816815605,15.694783056480947,165.05118071506374,192.5488618198111,102.27411390470715,5.920849284541107,1
36.75059133933386,0.17655285410761679,3.9105743948434313,0.012193723807386158,27.412145467736735,2.077347324725892,33.546307990152854,144.80299297606928,1.9581143683319697,2.2051954280650112,50.573585053458615,147.24883298330568,19.19908435258139,0.46148919101136016,147.53577560626374,10.94041089220174,41.88438343341008,5.005701757958806,3.800377083086792,0.9166093528393886,82.47364034783068,2.1612938686337078,0.9813900142482657,0.14675999780320792,82.45793967393348,17.397839556211096,166.98631110839344,169.36076068473528,107.3051394065028,0.35106423432972367,1
39.520766425857886,0.18833221633378855,3.638925009741552,0.010713891653684617,23.474697629069144,2.1579101261867075,21.88159325338342,152.33732024719527,2.5612886975211806,1.7659633797853789,46.273218769983515,133.0707117700088,24.10808829257188,0.4612262939778074,128.50157024218834,16.18337572163424,49.68280201845871,5.4017337716299725,2.4388313665777597,1.3952220973705474,89.18273106810709,1.4816282524804514,0.898230788128551,0.1361009486130504,103.36376080286666,18.378857473370477,195.5937154327268,168.1754906580002,105.8467152391554,1.5266826540028582,1
29.009780761072772,0.24550843105523582,3.236593618684951,0.010021792583769186,21.61100669099801,-0.5702427675765711,32.91043438488771,175.80047689290058,2.507042324825447,1.921455651208679,48.859685074373644,150.13967287013128,25.88511784693597,0.21633881920347486,133.7581042192545,12.475337149637546,45.784196009561164,5.558107777392961,3.2614869034691782,2.10313990058222,92.50123167207323,3.854702026492862,1.18433123135432,0.3164983031080139,82.4888827404546,23.517602064951678,152.4429444383754,183.9070639129317,94.3666282154264,2.3070424035075066,1
38.96404529933288,0.1756685986515501,3.177989166715692,0.010869890755773479,24.892444517787116,0.6146770828942412,19.735628316969585,162.19727673845543,1.6004356080676163,1.8206247278435113,45.020040725067204,139.25691534334737,25.584857791823055,0.24962070204127362,119.0371211769025,21.675646863281955,38.531716138394074,4.864341516410709,2.981538341188914,1.3212706356058932,98.05668095085089,1.0793781830863207,1.0803715938581682,0.23144579210809643,93.73277074922375,13.388617156514961,163.97622311172418,156.5435557160477,115.7316993689869,2.891058598940738,0
37.682788575783256,0.2226048155510048,3.506609135510181,0.010146940200479862,20.825935244033563,1.0187026723152546,34.475475721756325,123.34519851986153,1.263150993966406,2.1838158065568094,48.83421761962873,167.43997984816343,28.14715499989181,0.34196530623367727,120.51614226931879,19.270371159696708,37.42036605455313,6.535504792077002,1.6913198555495175,1.778650333972884,95.03378205972123,2.719295144794665,1.1184307135833922,0.19739752204704167,92.8874127891367,18.282764710860086,187.3346537461976,160.51608361539058,110.87737109353401,5.345747841535509,0
44.52361711168392,0.16778790768893503,2.7859765192442882,0.007830521930299924,17.189850198088262,1.2591875004991298,35.354240600579,196.39435479984127,2.46428783104455,1.8113446203271006,55.29823257078422,154.4386713359177,24.70261031711221,0.36254135290506756,156.12689519906272,15.278765102094654,35.841373457725645,5.672919430151914,3.0731714653642745,2.126528429587059,97.09790427096047,2.0232501673370997,0.7330991225529764,0.21694726527704072,80.25040269268018,27.492650139387134,180.35656528969392,174.93692749086128,107.12347484405477,3.740653841825341,1
29.650246899197462,0.1426502024144868,3.3225725062316607,0.002852781017433588,21.673547365492066,2.5152978596753837,25.443294612907703,149.21437066035864,2.092001517845571,1.4537600679876206,37.313403358175606,168.6455873297297,15.891405529600164,0.27490402442477785,164.13396824115523,26.30863082391442,46.437514344976464,4.885077293024655,3.2211273617917042,0.8958742695096606,92.19885620669511,0.10409983366588627,0.8143964423777375,0.2719470014499602,84.89770717915333,19.317160270305227,165.56065526109074,186.3115190530599,85.53699947931408,2.6951984925862877,1
30.098408870659846,0.23917757133147233,3.7895433678812087,0.015397265792852732,23.97315143260393,4.265908807751282,22.735259242150693,129.86820145150278,1.182226236777929,1.8590347029303347,43.13997646027549,131.6248361409701,16.128459315334908,0.14972311109494404,112.9073074651797,12.30288160918234,39.40638567941793,3.123177803357275,3.1060927218506564,1.2258792616978913,87.82560821619613,3.0094871061057495,-0.5938744673542486,0.16854964124330152,96.28441237757221,22.969523810639974,158.62919559158306,184.5660193105601,101.86341246939597,0.3099660097948851,1
41.546167448726464,0.17162831209419765,3.0079936704288017,0.01565481435484811,27.750735209532266,2.415037460304715,31.349046257784938,123.27660415403341,2.1543127451131086,1.7589212200834738,39.561352086122646,172.17660555565402,13.30597695032522,0.30143637413972574,120.31687486619427,21.131372232723574,34.52421701294793,4.455852044779944,3.3003100025359298,1.4513483177204076,96.32452439496454,1.2298320345253124,0.849130143631445,0.22707307212072841,75.77929698330614,19.345198677148787,178.989774321774,172.4712841167684,142.51383932485098,4.528498521750585,0
41.321238460951,0.22217576092136462,3.575489797887749,0.008756951175798432,20.86321110757109,1.713793342417997,29.41945140702071,180.86022486796162,1.7323345669324717,1.7681333460893955,51.13352372770762,151.17801349543663,26.231315387958357,0.3997159882568101,117.834094120527,18.517126840412473,39.57612596562296,5.011585083014904,2.455660865761763,0.9331672792419337,93.58255975805601,1.3033790847211448,0.8817318249607479,0.25357846470376844,101.92009482146636,16.192763893491687,168.44062720700134,176.79751565771315,92.224701920964,3.4310138250277102,1
27.30748215050296,0.2664009320041545,3.118345960064908,0.013535277148901277,32.41259111729593,2.88088522013635,32.185392704475476,144.0429165794567,1.712793334712263,2.6364198773623158,43.689905180144905,129.7324152421856,20.638815363073885,0.2300048528047347,129.31419498153105,21.227935498292965,42.52907474046486,4.270347694582998,2.0282849943604564,1.5014682437154585,92.65650491273898,3.381676499264513,1.6120871116319413,0.16774453689577404,80.73306852567006,16.530111913461614,149.11318689457988,173.1718828011741,109.40795340905396,4.790138972087439,0
24.791755454376627,0.16784780013128786,3.5909579923959245,0.02182262649955096,24.809605375070657,3.80265473187505,25.18028560953386,120.43565258830978,2.0716363061879957,1.5355327616112877,49.27029069558192,151.9579968025841,28.08031275835104,0.30444177288274765,134.59262396497707,20.98444537942646,36.32624691568948,5.357845939307791,3.528835019967164,1.1604783147102555,87.08351668503538,3.2402446690127595,1.632662527533629,0.19001573790878218,93.5186344665687,16.78576714119007,159.86310101197373,172.82440404104443,155.57082681037875,5.600756562462094,0
34.26664344289225,0.15928323826784427,3.0059758352690125,0.00850139061960268,17.914895631613142,4.063500087227201,36.371444505567126,157.30751868242677,2.224260404235106,2.040632895454195,42.19944684832544,165.20821401684137,17.745619203444043,0.16716675038729775,91.32894838265159,14.995030315473958,45.509257855141115,4.2873094188755925,2.436075521560292,1.1310025952205744,83.75741965683494,1.7675696989511844,0.9447808670835625,0.1966061554654119,93.4589051873104,21.840674996866817,201.88840861813802,180.79541615573228,108.30439593008478,3.69471401439979,1
40.2386708607979,0.19682521185834634,3.7212380597360064,0.020593463140939752,20.99641331707903,3.0439814632514075,37.64695339562778,153.57447090654335,2.80513050917739,2.2515891637872696,44.78029638325463,159.61747699072666,21.644712538357044,0.2710798012402968,169.39168352669208,15.487286317819377,32.471800928927394,5.928928078496137,2.771058323294331,1.8380093256140242,84.38363005568395,1.2498158155293213,1.5274889032367316,0.13732336347536983,81.72717024438425,16.493710295613834,180.3181524440411,174.04306220134643,136.4479924261552,4.692779747683449,0
36.26809218851726,0.31967850854449437,2.938109327867569,0.0038612158517407824,16.99848151761912,4.432168772492874,40.62538025007887,161.33739985068107,1.4128670885082124,2.1971453155538017,48.91193736593414,122.47281484823817,25.3592231319151,0.40333022763240295,116.7773302628727,18.715900416006043,28.976906043867316,6.101694260121289,1.7116546100714691,2.2603466150142872,93.0657207504109,2.856063749972606,0.8549698702242801,0.2733711410320925,95.4799568024189,25.080225572002544,162.76884000599588,158.45618914179508,123.0007347737482,5.683562950372904,0
33.73202641668814,0.1757259874879757,3.2999482570265295,0.010863152167516219,25.91630519301697,1.1503753110833763,31.03230354313775,130.7126844923058,2.3300886352171934,1.5524334274791454,44.36854200149289,139.16782258991338,19.379763663014412,0.455370844692385,100.77257878986572,15.561848651500652,40.051667416425055,4.015528652699568,2.2222569461987565,1.0997504035350127,94.87155582292125,1.9385183912168122,1.4525023277690328,0.23346768335365642,78.50334341647977,19.133725906950094,172.5021224179906,176.3021495415797,89.29016502962156,1.933729923576782,1
38.431213121944104,0.2855830451607331,2.5605901549541357,0.0047265782187679295,20.270729338287943,2.708789095003959,21.105406380358243,153.47016153052522,2.058625849099705,1.843461815449567,34.62770899500266,174.8508352724798,18.49213016976153,0.3632434534346018,113.28476142230247,14.54197307166334,43.93521708650202,4.0661029304057275,2.893435353224053,2.1760517048402503,86.32583339207032,3.671224901232189,0.7606620187811977,0.03612054986845886,103.81065033988835,12.82733948537427,183.50543831798106,174.37601451417694,120.89599360874489,3.2523795236485356,1
47.76115081701439,0.19639785459179931,4.071098254624049,0.004664399117199287,20.120317252243787,3.961191954989071,34.254202047874614,109.1736378315974,2.297298550177752,1.9831994426222561,50.95545471181395,140.01660074002683,21.268689466983464,0.3900097372169215,93.03677337043698,14.098645849136009,41.09011011684029,4.1728362326959925,2.0703285613437346,1.3159209495978967,92.35992107814742,1.1671059282839833,1.4823212042146983,0.08440049299366487,81.37557056399159,17.834343287564742,157.14848194102063,168.30897373766555,103.91908829703063,2.418603897042316,1
42.08364846163867,0.2510058342991747,3.90050863587919,0.013084278397453712,34.30081683742064,1.4460801427668895,27.05804458176526,149.1764004539241,2.9297103097622617,2.1195826216001805,35.749057587538914,162.69402877182875,22.479628777983624,0.2341680130281651,86.57924207800784,13.143167278624416,37.11515506030129,4.602451637103223,2.381747082356335,1.5615483841469502,95.44981129330088,2.959242267154395,0.6498395568166923,0.11496850402633856,104.69108664646052,21.17187386912138,176.86233614456182,165.06029327171035,112.0228152473167,5.56655684572438,0
30.825571314512793,0.2344752497006138,3.1271199215979477,0.014161135620881449,30.040776770143665,3.526139915036235,23.88030617171817,151.0592002814039,2.3138385783875064,2.2520737648305693,43.59450384135489,155.15130468972163,17.33493158356771,0.299110665106766,104.39061473293054,14.974113668199873,47.39625691187395,5.215936664421446,3.0353289035728426,1.6066589177156878,90.15440255118149,1.043769334419319,1.0382400469449986,0.1504138844071185,89.21419774372515,21.28862902703797,175.63900916364048,178.6344556213503,103.82766282095035,3.633784374232883,1
40.07958486610042,0.2948201953420174,3.446093110584473,0.008727142039859777,29.521025850515663,3.4534999856725466,27.288123334399383,158.6024145240574,1.6709661841019945,2.089416152050573,42.542763184133506,136.10740717253134,22.202283151587423,0.2740989404547196,136.72533589525173,19.870895480114566,43.20513065373767,4.162880399977138,3.3233220585030647,1.011250208187001,100.67545810261707,1.8698719901250351,2.024457541344572,0.20968892030108024,94.42321535869709,14.468303755703923,171.2276613789855,171.58738283793414,107.0539562139428,3.8922111364064547,1
32.633105252334744,0.20122000528709055,4.44350056553326,0.008032445676850929,24.78736573280194,2.080545280199671,29.774193199384747,184.82913226557994,2.1541976586907206,1.902095631084085,41.58451623367142,148.3446079561516,6.489046613241447,0.36845469360928534,95.76091270701917,18.533737748961396,46.482942525584534,7.595257250942311,2.3960198216442423,0.3467366072843765,83.27969195423191,2.7123610976306396,1.4090647765201267,0.23500175259134548,84.54758961495469,21.77409031930736,175.15177613153844,180.20166442206533,107.28478395001953,3.3554697422350337,0
35.775360411778315,0.21457442306945396,3.8857738123462395,0.010672296596402541,28.333061890579202,2.739668962596613,24.867177294286616,181.64474799272097,1.2942424499453655,1.8758137016793004,54.62749704031399,155.2351228416528,23.369084511122214,0.20073871188180042,124.814046834653,12.70113455346559,43.575620411498555,5.501927595609888,3.6949187240485095,2.1082721386268495,95.15668117866068,2.5924369605024005,0.5551844732393683,0.19213193288073227,78.36327589911332,26.344096818465186,156.5952230544522,166.60293721096272,116.04556951990358,4.335122077031579,0
46.65231753930122,0.19091907822363263,3.6345794372324765,0.010445715094125355,21.52817934272908,1.6713708630540351,28.464547393560284,169.224125846571,2.372677722465488,2.260581925498806,49.15889874859636,143.40826120060564,17.365819518386385,0.31803572660666085,116.41972604991689,21.667511074535454,35.21543290543654,4.857166526115966,4.0152868601205585,1.0207515906545737,90.0356983724332,2.878032815232248,0.7396218458585202,0.42858469609328664,64.38850510482776,20.894604863726006,150.690406314709,171.43336938926657,106.05104814352768,2.6060594900873317,1
30.455451788387922,0.21035846915048553,3.675410256774708,0.015172002272517289,23.9963621113628,5.077878473494463,27.993016846818396,153.14324671347535,1.8195064713422853,1.978053226673668,51.72321696792834,142.5299973479097,12.765432049850048,0.34863855086678175,133.23080257581208,20.388899398734843,44.53389481406156,5.04923016397581,3.4107934163717024,2.214010031297256,83.67258669827694,2.6949978417219,1.1967223528784199,0.17963046554159368,96.36455592426901,17.292052146314735,203.33525268154295,174.70031992952457,114.98879204570805,1.5708007283961671,1
34.6086247515191,0.1924273898268563,2.8521992738068187,0.0011004771839847778,29.780429430943858,4.24962828015461,24.528341519563682,166.2940071149309,1.328435803362844,1.9357328702574494,48.812946973614196,138.7073356781064,17.557018848832232,0.19813407428519042,131.44893327019736,18.567227765251257,39.42147194008035,5.780925100400835,2.9843364503479926,1.0587133916572324,83.48340720410877,0.9039239949647275,1.331624701265288,0.14162881619588455,72.46647589976307,18.172289677137645,178.8549753601557,172.87919877724374,112.43755598537274,1.390695762920223,1
39.36072887515475,0.18853196404261424,4.601236483941205,0.014086854267412203,25.505694331334283,2.237367948263629,32.01736848455328,132.86229593086787,1.451664823964967,2.213805303013585,43.84767175933215,146.92186035979856,11.38985342455186,0.2632068240261484,116.12071445391155,18.43480078754063,35.51131502035784,5.5164741712313825,3.677710819759385,1.7993107423442674,83.2914205520191,2.923696216466369,0.7939073588771027,0.17151776151202322,80.10503093415802,21.289936699624803,179.41853344440514,170.65648724381484,97.77391918660193,2.015248078084683,1
36.681429035273446,0.24771696153884762,3.821924227006888,0.015638984084540848,31.62168915810374,3.1539765912490183,24.0206593578354,139.66843688788816,2.177399308647826,2.1295251121527663,47.428371435093574,136.55536127897403,20.836984465711346,0.16765670200120258,137.8837378102451,17.12715832901334,38.930507543484204,4.770633681821094,3.287020457675427,1.1106365851365299,86.39345213420152,1.3145489485592123,1.5954268940029117,0.1513188509710091,88.69888541831868,25.61719701233327,180.97631887180836,176.99582111088515,80.22934264786817,2.043650683465983,1
37.46042832875482,0.12396158925080633,3.1289245563108152,0.006136404281827317,24.86927976147184,3.2387044957031748,31.458184453385226,140.8743632555444,1.7305762363797812,1.8221986705288218,50.60428247810701,156.96311187467663,21.00758662990619,0.020363876544759463,104.99954145942068,18.418797255580607,36.998890930395504,6.65730657023118,3.625177277456659,2.1771440888222644,91.88670792008539,3.2320903284463505,0.5404174571472292,0.21098536817301855,77.30548788612997,26.989527336821823,177.18793680794948,166.38245104140316,115.12976434462655,-0.3228300934122217,1
33.49091272922892,0.21810512325342563,4.198565082216211,0.013191272295924827,29.922086410742633,3.1274753878304047,36.12841739318084,147.85764753899016,1.0705629545787965,1.7400783869410137,45.72594180985067,145.07013800092597,12.02804185672224,0.2697465925846683,142.78495589450424,19.87243892113869,32.72880134105459,4.920142118586433,3.3970184483983066,0.8290920599853056,101.30998718629104,1.1153131130028955,1.9923587209446993,0.1128034267845589,82.54805257284534,23.516769357047934,153.37797203536815,174.2958446994271,123.52265636517437,5.756207832656699,0
37.28563387349432,0.18641813795112594,3.633326810436129,0.0051308958174068695,26.956834450995387,1.4407379535317453,29.163930288139994,110.72225330159321,1.5320156179882587,2.6553138249840957,44.03022486475943,162.37247586653487,23.206810517657388,0.3028177026595025,117.0915908848231,14.522590493235839,42.64536712189549,4.6843621588315205,2.718223704106455,1.5667550741302323,96.59707040815401,1.6516015165650069,1.2319358157160294,0.1311270429556262,96.12842995867526,21.354973604894557,189.70869116839063,157.44598155449194,98.20770835286868,1.1031857459566206,1
31.914523468862114,0.19510577732503728,3.6182313380735223,0.01838654795592056,32.963939201404166,4.326492795469525,28.339336699638608,175.62031578986284,1.932841059864374,2.3998899855981426,44.149502579550585,137.96620115859312,18.138297600573246,0.25979955339206434,88.98367373100785,9.582819296934229,40.187464822101155,6.337151062369074,2.93076295262017,0.6895380569754473,90.86256749331564,0.5604239200520209,1.092003351673181,0.29109392669068895,86.85020006313752,21.925478599584924,170.55203051050174,171.76140216214654,124.43635437072099,-0.9090168269639305,1
29.016930555913262,0.2549699410587807,4.261569754191014,0.012617985757206197,24.46182548439226,2.5901217522334745,28.747010520850658,180.53704140657555,2.46364301161535,2.2333842444115346,46.29299391183573,145.52457959057884,28.00825256532931,0.36644361891832916,108.50939893076131,17.87434642028156,35.609383358601576,5.348276208435787,2.4716890328230807,0.8738704779145362,88.93149101274328,2.9237018116629394,0.8670706746382008,0.29963929847136145,70.63274538858467,26.089558916785514,165.02532709631438,172.6033121852229,101.52200338678627,1.6263065628684004,1
26.899093369522493,0.25710595514101153,3.255736958674557,0.007536931414009391,29.331302846173422,1.2771902459524938,30.801494726535232,139.41071713338107,1.4997320561256628,2.0518415205329417,39.45296967343612,167.45791192237004,28.083056754320385,0.19869136383506283,112.92676342207328,16.649476667724393,42.41469869116549,6.426503775163555,3.314584355886355,1.797574902167387,94.42702209080963,1.5640721359570848,0.6230118077421669,0.2623001933283486,75.69856634586048,31.874551055612667,196.1186363728107,189.9564413703347,74.03515825266771,3.0863852307975415,1
37.73061691286728,0.1900495365349567,3.8275409624185306,0.002906810681549037,23.14944810563949,2.4698910549598283,29.23786000614069,158.98026856197896,2.5672395786438025,2.045096782092817,44.31195599386657,156.68868726071906,24.09869035323075,0.32297282738432403,94.45662601786822,11.85826173347289,28.87790608347593,5.120966546830954,2.6746517067316713,1.0021623579938508,100.0357393334123,1.8842801747027527,1.324220542959067,0.0506502587145424,93.53598279774576,25.8131518498433,147.94832667537892,158.69381608569424,117.0878356046555,2.635064145639644,0
34.406509049215714,0.133555583224262,3.6297856164548756,0.016063635735832762,33.70279698243003,4.00710066284682,28.862494268575904,111.67251617679759,1.77172401462036,2.373574294633155,56.17249732413079,147.1717678652944,22.939059266974528,0.2103787394989764,133.41663440014182,10.77622820743922,45.3883857667964,5.0593858233423745,3.3172758919213177,1.2870099477743535,93.73043035327319,1.2399555822162411,0.39530961056169767,0.18040533397570785,70.1465054997797,29.483524209175954,158.28668574855595,177.20078514238278,128.05867291580796,4.752993207214114,0
33.52306644353369,0.20592465564958742,3.070672176673221,0.00955061528221245,16.884857631362078,1.8916697552393098,34.151412595870625,162.0773689483708,2.3688313416892166,2.2508191597670897,42.91972008034485,145.8079232213737,17.732569403504456,0.1648657258290916,122.22108970546721,12.724832209825594,34.0425933734932,6.249558770261546,3.3040367139043654,1.169406073845891,85.59492618576704,3.0478477607539434,1.8380791989802125,0.12077732408358484,76.62005456824582,23.348593467434164,169.9746942951768,143.77701116957408,114.25094800644548,5.199992738292951,0
38.2236466074444,0.23062090163500246,3.911215181469857,0.016507712231265053,30.811326808705406,4.649773410291923,13.992980197993688,125.66552291916639,1.2859669988436417,1.4243651090293319,49.623881037965624,172.7510512458383,20.91988382196851,0.461610424176757,126.98357052124112,18.018479925560936,31.29576199075097,5.286892223903461,3.49352336595184,0.9186312324557401,84.44865221787977,1.3884791515451977,0.2617567634551484,0.1974452581825687,80.94996225927304,19.08770905995521,176.77451185925776,163.30256182200873,114.315509121316,4.8622166325037695,0
23.13939311180676,0.10235806097957684,3.676563107744963,0.01213227342629924,17.10414046766565,1.4164096623518934,25.038265222798273,132.92030378706988,1.5166119308935833,2.01877945694679,47.56138532340926,147.88400672828294,17.045185892311576,0.45039206581293006,137.5211408263977,17.150913814469,37.396585387448596,6.415449122314415,3.0676451126041737,1.032960687175737,90.44458572135109,2.11950171374909,1.5740617849196923,0.01860151443450181,92.34791959951588,24.74611028553646,178.9247089151625,153.68359073248848,118.98747254357588,4.7978960799047545,0
36.59514334269641,0.10918564744988468,3.8076464704112043,0.01499237937057457,25.269637631426843,2.1414899208288145,24.876908010676246,117.67547617472451,2.5579607177678247,1.8749906121694049,45.90731804257427,169.61016172248344,8.479613738190999,0.18915816244492833,117.12715580315582,21.06883299080131,45.63669776564434,4.521334847321475,3.5036684440517254,1.285228030244143,84.43380690041927,2.9779646154092205,1.3353808270836343,0.29108053848796867,81.30366373893396,11.318476328361449,160.58251854473636,163.45794688514118,130.37615805280365,3.9276788380837764,0
38.38250630898724,0.12693037811044994,3.1408553085262185,0.008306445503309653,24.55100382609381,2.392588475626568,29.222516260946207,144.01328484190662,2.972506909047847,2.05961299560554,49.434337451524954,179.94424676635606,17.07990961666676,0.021633290787074044,119.86985264311954,19.58460032622398,35.79287340023067,5.56724472073882,1.8146131362683984,1.2611356839866206,89.6899364401494,3.0622458719093197,0.4732198565971776,0.25194906762682845,80.52339670449572,21.36830953782033,175.7804107855852,178.32764977254118,81.18724734122618,2.723950863472703,1
38.04795162039913,0.17755045326618324,3.400094815932751,0.010272539941977734,23.719907336051733,2.9942734469314303,29.234346237724935,136.1192110420687,2.3672022986798793,2.2646378510350345,46.68578502756145,128.54095934564313,17.03498833620185,0.24118840427320823,117.73772567074349,23.42608592396852,51.23572036115168,5.545907924102738,2.6294945403082184,1.5921478892756915,88.05074734380798,1.4731935067913708,0.3002309068719061,0.2486390688389137,76.15158454607653,15.086665592909434,178.31362530920262,169.01894668659173,108.51392089041647,1.7412870661181734,1
37.94103204014853,0.19901113930231534,2.925152760881022,0.006461810895904346,22.10911273379339,3.508892181073737,26.074879398526722,122.30532735809558,1.4089750794429656,1.49241989365553,46.48898284562492,138.4454719643388,19.85362343091565,0.2181961954988178,112.35860484384291,11.740752345392472,34.30492652467808,6.608593626211571,2.939102388305305,1.855581935263929,102.53639664380682,1.2431082054716724,1.226749116373932,0.10419231693582862,64.16442389979997,29.66472586522272,175.44933904636716,155.3674631412121,106.38957761616729,3.926093906847555,0
34.59899993022704,0.24917363016694472,2.99423727419286,0.017407883879849984,17.379003329980453,3.7878386563012865,32.90790888546226,148.62246225153834,2.0021853889232943,2.4700261015035716,49.94814608443959,127.89392499946698,18.842524131929835,0.3101879362541827,89.14107300674847,10.612019128479764,41.018470350576585,4.271756709403891,3.484504558640604,1.4455482214041573,84.23526332201584,2.3467048971410702,1.6038483828311596,0.3760689549896092,85.07203840471114,17.392850226080625,186.55440082714404,177.56820831848364,106.14877205068319,5.718050008538002,0
32.412953654852444,0.17718479694445513,4.0904214006200466,0.013221496154460699,19.18335636450402,2.726242245490713,29.568962829674252,137.23937792163127,1.441635895880471,1.7977195649393074,46.677080863745914,116.75278216432162,27.289228342325835,0.3267012801250283,117.32138848360978,19.820266032498033,44.15364418741467,4.33437521718866,2.8657712644572975,0.6950064443900772,95.91256999898317,1.9192504010809663,1.0363674783984964,0.34614968201682117,71.71990915561344,28.795668719095133,188.647839970195,177.7966267015796,88.52528325664478,1.4683744127869833,1
37.331184655461094,0.19354914863387845,4.013733098672988,0.012082175048270657,32.087907481507884,3.514566496996377,36.279226249535796,164.40737070413408,2.119909910743148,1.7806459490142597,56.23160581003587,136.015508308198,23.27995783520339,0.27160014889359996,89.26167657037696,13.898886933914023,35.93962875611766,6.088447009593555,2.4945638937996923,1.674825758157815,94.97150691733019,3.661984458217967,0.49400560018978446,0.213666250611206,85.32165366980415,22.26407444024291,149.7237587956223,161.038440775903,127.79285041124979,4.2472743455665185,0
43.952040923069625,0.17422229206344872,3.342183788772943,0.008919798673915628,20.334014243765417,3.5059445035115218,33.07069838791529,137.33975850717167,1.4674981908573232,1.765680981187254,40.49341787152542,158.74794619099734,18.892324550725334,0.2899950082679814,93.21120894596919,15.59725694334886,50.55586408189444,4.270198245294842,3.5143768376241664,0.6901899539299892,89.53631849577889,0.6732214643086787,0.9193862052395593,0.14153467563840735,83.01472115785809,21.319683136573456,158.52964994270675,168.52271582071472,143.24582581898423,6.119356898080918,0
34.86647332474858,0.14529921293763826,2.1064736721063513,0.00825562056772853,24.094575720510356,2.354568969095836,27.04499369482053,109.42522594013026,1.6785898521112108,2.241788023082062,46.81366260487991,154.64995056596328,24.04319358377473,0.24874449110466057,134.27881366197929,21.09101360966751,44.076406373637866,6.234849208610199,2.6064170089678633,0.2986204315165675,90.18016758255008,1.875844196920837,1.138886528554336,0.2683253724626393,80.21120445911987,16.876696755823005,169.33803166723473,166.0157705939041,82.19611920205885,3.1591458707563214,1
38.40369242398296,0.2306168540411104,3.9732363645760813,0.012902488609453722,24.126085665837095,2.1839366555198674,22.999766344976287,160.77569723723164,2.0969776177609423,1.8313067885803462,51.81373530953462,177.83398672195844,16.845701654955135,0.4124247219865012,147.40604615274174,23.108459131992497,36.35647910912171,5.925305659875918,2.769515840554798,1.5655862411714028,91.40995235312435,2.8294433696875214,-0.16762007389570144,0.3308287455607335,93.28277034850379,20.215137132282326,176.1008141657637,168.43257980977566,124.84133282094,5.851792247507771,0
42.0387326812019,0.18254893006219858,3.953637188375751,0.013844894293166049,17.02187650248418,1.9378130632095416,32.94537558204192,147.30586570804314,1.7466317750454037,1.8877991422996299,37.66869661388749,159.61701075209578,15.567497613405457,0.36404279014368546,114.56017721491483,9.859746337651691,41.64532746774174,3.533675645062374,3.73230708578384,1.1913991218277769,93.11529213645653,1.5054902305687483,1.741252768206874,0.1607741947340128,83.78344717554356,28.623750082848467,169.5683838827343,204.58625445893176,112.62445934959983,0.8992008797802911,1
33.5342811206116,0.16126843938766577,2.642786859804533,0.0004490818910570134,21.260136173406835,1.6701986168584264,27.362559793279146,169.4838877184436,1.8685549092788318,2.20114580692863,48.63362248693476,156.14687008275484,22.69156126923403,0.39992100361912963,92.87014143857219,13.943371372064352,43.43156416542066,4.531148100465911,2.9495024638000595,1.6944394487483458,89.6505204380949,-0.0553786852917697,0.5452244628056051,0.08536054644396503,92.26017095805669,15.593084508006896,190.1666304294684,167.32649658210548,123.15506295200714,5.089078726567788,0
35.56550813357006,0.23727360490285188,3.866650847750193,0.015220529416091484,24.369772563407217,4.346897875532402,20.296549373520477,154.53449215181502,1.334043050312194,1.8158068209171878,40.31754849460369,200.4363299444983,24.011844422516607,0.3396010964224797,144.94373646215195,10.643706605584848,43.783015177205975,4.446915061104606,3.2548810741929635,1.0227219122052185,88.836225702473,1.9587758259331949,1.0465402201252307,0.16540783590601865,80.25787012460341,9.719039041508841,175.26009665608535,158.11451467536446,123.31072186201888,5.865724585202871,0
36.2872496880309,0.12294459935515534,2.9896417006309286,0.014371793625460684,24.286469859714625,2.773858926951633,38.447484426161466,154.79560804366025,2.12536352672375,1.9098081286091428,47.286067644560944,131.6920829951093,20.902749418351338,0.16133610391225864,97.88596108806877,7.75204893762719,48.652212532289546,3.5356963458008916,4.358246973072248,1.2634692216201855,92.09820116023704,1.8384534789897362,1.220262000426861,0.21659228899531824,77.31905680721357,27.268412250271993,146.9678734145723,152.99956722014977,116.85110488163947,5.905863904509173,0
38.187918578808265,0.20572969720262915,4.248409192630208,0.014383602720031967,23.916347821222722,4.43213391369725,26.828052925261353,100.2874913301235,1.4962743433945773,2.708338502664051,41.907482989447814,185.94438341779409,18.16310125231202,0.3502785735254643,102.8454645000425,16.33642508507881,47.71849524149225,5.550210683921389,3.822245106296346,0.5460749987413592,96.77310528391976,1.581864043202191,1.19500913671985,0.08060582801114634,80.60554279807823,13.996507654537837,196.67263644044962,171.2832010285517,116.73910239192287,4.451987645145991,0
27.3932466401142,0.27960102445331286,3.2371774989452433,0.006890099201511412,25.574204167214813,3.0762271237074406,21.134104537174963,127.33614336662939,1.2112805968998512,2.1860122088646676,45.10312519827495,158.78040684249763,17.68038610736044,0.35809759210248543,95.43950285259696,12.925415986255718,41.236537635870995,5.364626130954085,2.225560432756786,1.6148027825104063,93.24138818812547,2.3656372909336953,0.9649934617381255,0.3094350949796667,78.23645834425675,25.306918704351762,172.00330274947711,164.59837119020517,118.03774880004555,1.3472770353136971,1
39.11077462923673,0.19803881960366648,3.4392902379284003,0.017505800538360268,28.02710600549448,2.1848249723884825,26.965520290318683,177.46330459087784,2.5277109993577365,1.8621270026626724,57.39891961315615,108.98737360998028,16.983034207057916,0.27612409746903627,94.99635024132789,4.223997295654616,35.498448509982474,5.169685035707231,2.888380085210774,1.7086922003669198,94.77614913942534,1.2972434500598857,1.2612984805283098,0.3409752853814513,94.94139404148157,24.849658300420977,173.8477841052573,169.5107958667778,82.23013760840965,2.2399758423607343,1
37.01425899783046,0.146551218806321,3.3025505479839423,0.004768567561984649,22.60474759155869,2.8677662664850367,32.91401307659886,156.09591180907503,2.4935249487160873,2.216174470000111,44.782537059963104,143.13606972088579,20.40917836401078,0.4158274560972106,93.5168173211797,10.509480250904545,40.99309733228612,4.911957016784823,3.0338594980869247,1.2137512502121925,87.65590551457097,0.8802283486780555,0.29212238172341765,0.2828838799862422,85.71053918069916,10.886629603644206,162.61566949823924,159.09675082047136,125.62011529237449,3.972768457460729,0
40.40418841833079,0.2868491112201499,3.763481789241048,0.015342957610771618,22.39295363596792,3.5086925641142344,28.403917006589435,185.65602499549556,2.469399139938193,1.6017018354001509,45.44041235190348,153.2624739210077,22.28155556429968,0.2591685256957754,152.05492285059887,14.865520093960233,32.91106908951854,5.063108123497356,3.2156339072225455,1.1171049293353688,100.92845312689724,2.0699921926211915,0.7105249764919627,0.12191708198841805,90.61575170679743,16.487958209428363,171.25652457903178,166.17171012277964,71.807871341344,2.5186861396190543,1
33.2188131445591,0.23051408432942516,2.8625102239501103,0.005541887307709418,28.162404246831475,3.6862735985971122,32.425109385007275,140.84742737095274,1.3271032903842301,2.2500705810472335,35.0386210129959,120.20070503970595,12.480917890572886,0.16134002048184676,100.44774293413545,10.19902648902871,39.61735061919986,4.774645205039881,2.687888779215159,1.6877495020058983,97.24333554277496,0.6081031467458311,0.7549033741639286,0.368447768499027,105.30796380505042,22.40527126478724,151.9023319460638,200.71579218026312,130.07509616524024,4.76614972891421,0
35.462332313306206,0.2678404997305441,2.4700490455596933,0.016789579504652596,28.59719433099541,1.8335991198897779,26.947697998702324,142.36602591467656,1.4497687572709217,2.50029359458432,47.1972515133731,127.36269857019727,23.30908168811564,0.21669057238499295,125.59170813958774,12.34086204217379,42.201320822773944,5.727999533994745,3.82297775590052,2.2904368640848336,91.64473129094401,1.840953602871919,1.875324302647599,-0.010609320201756173,76.13058511400536,17.36879059181581,161.10410698128675,170.85318030092287,131.1264266687208,5.508843296023118,0
31.063946031119414,0.19267258954323307,3.7301619613149133,0.014280955717052377,20.64669091228466,3.7769324170567735,34.01855568630156,160.10181078728937,1.5728428447161793,1.9649402371908211,49.71428843389162,146.38263019589368,15.875776136295782,0.3557798940644601,120.82677905535611,16.39428585470596,41.41479244886603,5.543571495972844,2.702711334550125,0.9830994390663803,92.66830339849854,-0.8768912171181098,0.12027286014477201,0.25921481943904356,92.76660345474045,20.97034392927844,188.95633941246976,174.31529613387966,121.0007296383609,4.5050063417384525,0
40.113387289740174,0.20430758571737506,3.6609273556053483,0.004796718102781188,18.060051589621374,3.4212270584937867,36.158186442646716,144.14453422721357,1.1999953051746834,1.8285261480687907,46.155841452437485,149.92306953641176,23.188590553433066,0.22059125293023546,154.37017981161716,19.622970832522086,29.1723390980691,4.443731890469932,3.4715336881429417,1.6795020119677937,89.47634865950774,0.020963629966855413,1.055725963626868,0.3015846568076766,81.34759212520197,24.690509814300412,178.7674998532606,190.59850230632472,100.2279490224742,8.392680280678741,0
35.73008576862439,0.14551664849655388,3.2444981884524826,0.010631093901314233,27.15401321071367,3.672820137522688,29.26543376769349,132.46823854713062,2.984414828250329,2.1070814624025282,42.59442075191947,148.31407658193552,16.72573659992574,0.2754094503180376,99.88967191422554,23.264837467620914,56.818086467650666,5.34743550249963,3.225524227036016,2.2233870891713092,93.66208129879428,2.1172111750441713,0.6321526955601535,0.3244729326559207,98.73856969408872,13.192680115739075,168.7869548600789,171.00175236329594,94.79798776583053,2.278951102152697,0
23.243356964444853,0.20014359586369124,4.532331321733423,0.01692075005667006,26.83964772421262,2.7274272272530755,18.99551859786184,140.27839730238688,2.0737484845680902,1.67058551162828,46.369866124111766,130.43552227017605,23.941414029197723,0.23808383698963342,145.59836850162836,13.560265216081191,34.91332925421053,4.09254064306694,3.7565404123938064,1.8945801512494262,84.39647669653519,-0.5148777328085012,0.797012673295993,0.31950552226868273,87.65981786099854,10.100462390219946,184.85981203151414,158.75975149760134,112.18041591575808,6.86437684562367,0
38.19064316962577,0.19398295965874474,3.2419582247633283,0.0009753797615822159,22.040118639915036,2.5689369602174685,34.50993860480388,177.79825873386545,1.6021241727387792,1.9556060018881791,46.17914046542732,79.61149401716627,12.10709356281345,0.16096704157213515,121.618773334219,10.51528263429161,46.53446810125813,4.958210294312495,3.102058150645179,0.8804375851240395,88.82916142645979,4.142990287497546,0.48445405191649116,0.044784493683551335,95.7998453471569,25.280817803160794,179.97932616497715,158.1723528016263,126.81426702217613,4.102416994486777,0
35.768087549353076,0.19971999303169194,3.44880222222239,0.016651234372954765,24.01824514545508,1.2310790604569863,20.525198336865017,149.51627842523357,2.2246378774653994,2.3852945918286075,38.20738730326739,122.18458339387392,17.24554138821233,0.3642306579779072,102.25043055261115,12.256417601758045,38.3012368350368,3.8744238739124865,3.044560814184179,0.7975060935042435,90.39074585791082,1.1737200461350668,0.5205134636304793,0.42101250172381477,69.1859417389441,15.115801896094027,174.90303571036827,188.16605595863552,101.67441037975009,2.6748602254933336,1
34.54448543653545,0.24097413856171934,3.5172558620253938,0.012048067618427248,22.131750949445657,3.0971965876295617,27.682084151104938,186.740818227877,1.7537287308234246,2.224784226897971,42.525072584465626,171.98084652941776,21.23599968298143,0.370913993963617,103.62722669239444,12.95088155439803,38.7352642875639,6.330105129781147,2.8959960899244948,0.5661374080422308,93.16302905082827,1.2437914580279466,1.696111204631218,0.08229629572834679,84.95283464295055,22.722578247190526,177.9946885819978,161.7351221494606,87.66999366712722,2.8273899304783177,1
34.96601681224637,0.25521891025981075,3.675395093186673,0.004996583579218823,29.281700727573707,1.7465992831691013,33.0991496587929,169.7477877837856,1.5075012658582172,1.6980245219872907,53.686549501324876,179.62392385852573,16.868218346627994,0.07124407266779287,140.3444121732359,16.965404810975528,34.6645380621438,4.735905869956601,3.8895388442520256,1.1524964644520308,94.29843333944555,3.650808163284669,0.3813729739100038,0.1755646837973127,72.87331124069632,16.64009886504462,186.42008673484023,167.72734737162796,94.68169904952498,6.804789278094976,0
38.408984288476674,0.21807728190388706,3.7566507028005374,0.015191151070794539,20.994919133155207,3.5246832420395986,33.47538702631731,131.79461359834107,1.5697462805596651,1.7703512716566543,44.1374695947671,153.9494804118481,18.28595695730872,0.13133272865935913,102.17586842462815,14.066750730818095,40.15949545921156,6.423248389111624,2.265452056012376,3.108564122220906,86.70828849410489,1.419697134192233,0.9075340735332544,0.1325546456984148,65.01908459862032,26.69228335778333,180.7603648545957,165.69640749485356,134.7937585918474,4.926366763124031,0
35.4995390507568,0.17422729822600763,3.8902514473730716,-0.0018701145211584436,22.88102895782132,2.010695433277819,32.68405277585234,136.27840480756606,2.691149579992109,2.121655833853702,35.773301784805845,174.0377258572103,13.511165147633042,0.38416499094650836,107.31050230504616,17.283783909643986,44.938012765959726,5.014394698421246,3.6499816624645107,1.287863658335495,79.16317070485226,0.9738280705774116,1.8776837695657194,0.275331309793892,63.2750723036649,13.597568799231206,177.35488814593924,179.56270895202232,88.36344969384668,4.189812489238343,1
44.77632488699758,0.12680784972056547,2.415358314530298,-0.0007913137491062146,27.592904169978155,2.9963102329436926,30.031382038731866,172.28464729953023,2.1089205075900974,1.8758416223753394,40.94023226149247,157.47070358951657,25.380414208994306,0.26750249065731563,134.65813074258722,15.675166702787331,48.96315139104034,5.452310372999433,2.0792244870366012,1.335475274742918,91.37964306047428,1.7951767482547079,0.826506247385608,0.19940871457803505,87.43309500310322,20.944171775385914,166.09422407833608,168.01290483982575,123.43081109903154,5.115020705722861,0
32.97638314023088,0.19695875020077636,3.7230313285738297,0.0067938928485979655,31.938525611387504,1.7233867855235794,29.067548930831567,118.35452580981375,2.2429413361416475,2.17596372845736,45.936805497783276,172.62060811697052,23.055448760121934,0.3271311611633145,107.8481174961249,22.741337554213292,41.06974362992713,4.02025411430603,2.8548260005016,0.9856620275361171,100.65466591865176,1.4399372534707933,0.5216118292125347,0.24050896876691844,93.06726288318981,22.540923968018006,170.31805216141538,184.78736005937347,89.61921097418717,4.699487118753181,1
34.78678979622184,0.09932849738462884,3.4114308181313775,0.010755803314413826,22.128398226396772,3.3370178955700687,27.403452036167593,124.71632864600582,1.5071256166930205,1.7872026113897608,40.699259773727384,160.07493626449323,20.327864279953324,0.2732651398381033,125.7127870226804,10.244425904108953,38.644291186900205,6.47189126321132,3.027298049502586,0.928154615659497,88.71558054850932,0.8036006781026934,1.6579839714208844,0.21992596740033446,83.77833256515008,30.117515244415554,167.3369697013455,177.51464184043596,121.26950242655049,1.936539984539329,1
28.890301715612985,0.23856411094523877,3.7920808683210487,0.009365936739292806,22.083755336341802,3.8349698738103477,37.31327333272455,174.28351812305414,1.4495571241000191,2.209047783441731,42.715880920839496,154.65537651589509,27.16388500479553,0.20175824498593997,113.74626200612605,13.118854984283248,39.185211846855005,5.656198214160289,3.275952829179125,0.6488554113889139,96.6209805076845,2.6543054651240316,0.35721413415902536,0.2606004445476523,89.42737551053469,7.283754700707208,181.72772476955578,179.68439119445645,104.9622515691363,0.4409182120544428,1
32.77775891555584,0.20146221088272495,3.4631780912750987,0.006442534444459157,21.5400667943239,1.8191917957400103,27.736088980877426,166.67639001442842,1.360439942680674,2.0326829097069217,41.015824178310496,164.3245222937602,19.627392950302486,0.32277238920951207,63.06187754737263,20.323172454084776,35.74731804258914,3.323372440521977,1.5898933015408419,1.4409320322600183,89.4837416652692,2.367546712416523,1.5245518548366455,0.29924568558313375,64.99058645177283,17.038890152218364,171.4392319369161,159.81892024736342,105.13308105993788,1.2860274961925116,1
40.187543176753024,0.14409581086018394,4.132398032510312,0.006126585758643591,29.549323586831843,2.3524429935579367,27.655368345165144,149.68654460776486,2.3670034809056735,2.024850504651721,40.44757033313543,161.95738982073806,24.572531066675296,0.19541397181083386,107.05134423903903,3.2931459970938803,34.585999662552766,4.04204269300075,2.491647979533081,0.9154383350745621,94.91242674907781,0.7532584685329751,1.4944763151500062,0.043086269105457264,94.8226416865944,15.509368212965715,217.20386192454743,157.63736065730328,112.85097663627083,4.177331982242655,0
32.06543237104115,0.22215263344756375,3.66711122911619,0.018617158136379916,24.12228722282847,3.312567994002454,29.038874811096534,135.58915821541007,2.0702387759111662,1.9832312149685474,40.17064248783949,149.1110656291644,18.902738748978607,0.19385185992097326,100.4183217881144,12.778579599514574,37.81036036153809,5.755252471007191,3.1246381306822917,1.8390111230589128,88.27705804245153,1.131860400806112,1.271859242083298,0.09695389588861157,79.42853743651001,22.975530453677067,160.95304424624752,163.4167286295078,124.26671241035154,7.248973950353738,0
36.83339301515245,0.11250877503350754,4.094613956951186,0.009324538441328365,21.669735709518577,2.3978505050669296,30.40393230445961,153.30698219461252,1.933444017590825,1.8243374441750615,53.34758916567255,142.9358614066748,23.275305690473175,0.3257840292617295,107.52320326061398,18.07264329703932,42.10411728693621,4.998160000895719,3.4842053556808255,2.0579753738500544,88.36687283850293,2.088041960989407,-0.29746955403660036,0.3705560499867885,74.36609356505943,16.28979475628292,162.88543289769748,188.32061996209657,122.51957341617765,5.3020016573372395,0
34.392830286034275,0.12171232411474996,3.733504090871567,0.012604930470632754,18.752216287724337,1.544375291250529,24.586619862535734,154.18831904363645,1.4244593698578418,2.08963129577173,47.34894287143502,151.95353862616514,21.279278520823336,0.13058197314688688,85.16913919835957,6.12929332153292,36.147490200444125,6.969922021758476,3.352048687742427,1.6689866063406766,87.70225094981394,2.9716465089028525,0.7134247538833106,0.21109776358197355,83.86411899871523,21.469677913974614,154.84345631598796,190.4454445145614,117.6708550593994,3.2424601721045487,1
24.949806262424097,0.2940131553026511,4.280804050547993,0.010525853075199654,28.13686880715292,2.046959634584656,30.706830441177654,157.5855452554231,1.55516945491516,2.598780628187674,41.337855566112964,130.10218112783159,18.154888191338504,0.35371200927713886,106.84210246926457,10.321710189469915,48.35165034206841,5.981302111648693,2.482671906237698,1.6067507138207964,78.91403994439976,2.2036827060196527,0.17442833507533728,0.3263723803247553,77.0191163373884,20.37142417572638,174.06535627784513,195.5646734122522,105.4272302047335,1.943158895679812,1
44.70624647782042,0.1897908561811617,3.073259311923954,0.0194842760793631,26.286292776514788,1.6728202866148922,35.38724760052751,179.54065867428375,1.8239372321327163,1.647569830104685,45.94693891159895,167.5063098965333,24.738605327408333,0.29872830619796126,128.32508064608487,17.156826579829527,35.54252443442807,4.529390425385712,3.271120936424813,1.76232028017973,96.6132393256575,1.594287966293313,0.7501639770253977,0.25732098686198446,74.51135491807904,17.52741287088196,166.93542693147882,160.27469407975002,133.0155937908026,4.087909712432223,0
34.783980609241446,0.22391014126912667,4.447868741636627,0.008480139074677782,30.315295501565448,2.907119569132895,34.19558494111405,137.86794577350165,1.738348462839725,1.8396628102961898,53.32489462214316,154.20235652408203,25.29233091567935,0.1590466264564394,134.3071600199325,2.9974645515278233,41.857156845904555,2.9743023930488324,3.4593488454862173,1.579565974117563,95.07557445079473,1.135554142197687,1.5671234063342534,0.19347025318499383,76.96593427437183,13.528647986595985,195.05337486519838,172.47392961546316,89.30066689400252,4.854360378141698,0
39.12838845270489,0.18062224122013054,3.5733829850947374,0.012574028007501153,19.49201913169112,2.0512798255948406,22.512636886530984,134.44293850521237,2.63895339160725,2.40905835234321,45.37128745460276,152.89767876287746,24.592421028977306,0.2781311229475667,131.8816037068882,25.429948378929318,51.97425175064929,4.751919865361879,3.356387111433842,1.5071297908957138,97.08367687643346,1.485484450931438,1.1965448297985326,0.1953324540373226,98.96627038175532,20.490569042796302,159.8107838013327,178.08518452326018,139.28387583621,4.982146293164505,0
27.51259899153912,0.22211178399272796,4.061172847136931,0.007446558100175088,19.535008991367924,3.3876111139140583,29.523111274273028,133.0731165533935,2.448406728737371,1.9530347751310304,52.3394360358203,151.99163096091795,22.357956260665006,0.5130561873775704,121.89272311348877,16.651912131640902,41.23848165046124,6.3636546822138484,2.637065768317102,0.8582539915512526,79.61836278175039,0.9529261400944586,0.8099281525469193,0.310460972237642,88.52425937308793,26.911181249351454,155.5855866774493,166.42990028167162,103.81654630965456,5.25242305670729,0
35.47416183716204,0.1712294004836339,3.61683496323147,0.0151098851550872,16.70322637934947,3.063701202157044,24.93716269248493,168.12856119335368,1.850486325730857,1.8046102688365337,44.49156723197117,133.2754482766451,14.185106526807147,0.48626012784983064,134.85451732113037,16.000890552382888,33.747831009642816,5.111608887003339,3.680962206770932,0.425825701436785,95.92196715942532,2.6684357058444053,0.9201707212521048,0.29392551364739594,72.53868951834104,18.510166502249337,148.84480211564943,189.907320281508,72.88568084136142,2.7411170794002806,1
38.56057912634399,0.15596360507517873,4.055733600864578,0.00836569022502944,24.0838080271177,1.1232253065553177,29.00080705406364,191.10667126482036,1.498540878513205,1.8744795605412006,55.771738792178645,160.83548704669872,25.018373868995056,0.1344239444080548,137.65752476856102,17.80557834193867,36.00150893092163,4.815346136440132,3.444801778492994,2.0159952952305096,85.16144520448194,0.2049870155266722,0.7139087066519998,0.2507925681964722,80.77400383384618,14.797861385291743,189.93601956811824,148.79248019680142,114.50147887849582,4.907103577131194,0
28.985454482581122,0.205145018992714,3.8163524132964137,0.014475222450120222,24.22768474689023,2.411874533096646,23.949377065721073,169.99712792657402,1.7293573030695977,1.6935917471085011,48.26779748126646,180.46432116301662,21.16032404046209,0.34813831996670114,116.50974236704586,11.25376218716221,36.126787923248415,3.068755981379732,3.4704928970433193,1.731718962819788,90.44336078838639,1.3250505137347204,1.3341508936007478,0.23330498620605516,90.39411450104063,18.981377512211505,180.0346234436599,188.77257482867307,89.96191591803327,2.7235419254728974,1
30.88607033190216,0.22196754203001956,3.2723576262404706,0.014402104446513912,22.760709970092044,3.983507354254127,23.12040180764734,130.68019896734583,2.6976529723202485,1.74531596247545,44.426579031802405,134.6721703061092,25.113796853895472,0.4127713773329793,104.07944158249182,17.36926790191894,31.584905155982018,6.095474974485981,3.5051918972742104,1.624262439245693,79.75718091405895,0.6204490032143832,1.8493352717834757,0.32510290629514826,79.21555670041201,21.135832051151745,170.01207874472814,177.82978498051992,86.19030186079951,1.871293110253937,1
28.193355705995316,0.2352242504567044,3.8553405874675866,0.007326034307729214,27.098206260032995,3.58469807573357,35.3872106102099,168.13231137411208,2.7315238070441676,1.945173766294724,41.06574773117414,118.75068910062527,23.325663186278067,0.4284974456538594,115.27888661442077,18.849725166227675,38.781867103021305,5.012417471377116,2.6680545519330194,2.167176502319097,87.83950196370903,0.7630685713555234,0.029676117087253262,0.15919361528075482,86.8823083707473,14.735682298694394,176.75145207864338,166.24358632618916,115.51003922685494,5.635915420389489,0
25.150050669298153,0.2681178983824751,2.71297422323353,0.009269624207564067,26.57388056182064,2.1070238086516913,40.16031018836283,106.98376029884622,2.3492477029003243,2.36647604147586,52.40757528324566,168.3299266849943,6.20170747976222,0.2569651445959337,127.89551501013743,7.555342888714458,45.45459594266744,5.26946742679627,2.9152758563211836,2.2928097556468288,89.87131195594702,0.3618890155033849,1.6477936724752305,0.18977827274909082,80.97810961914928,18.082836525664728,147.14093240799562,181.48817861485807,144.3763223713002,6.241757719218007,0
28.130264210742904,0.12852272163037073,2.705165700263898,0.016471788687399604,20.958901075824897,3.40445673392148,36.679522459902856,168.9430040750059,2.5457295382512917,2.029594949026303,43.33823112505152,136.35535776760284,25.469805402303294,0.1231452400119682,148.12846938160777,16.207143587479163,35.321129857867156,4.741179503749148,3.3213059365588475,1.5278859433816583,93.80907611814692,3.6230825832782116,0.6280620923461475,0.024486881777152497,85.61697516687937,19.68835192763359,180.64352711417587,159.0126823332157,141.52330197812313,5.746333912951311,0
29.83281150316496,0.2569004894764822,3.0766567563593115,0.00660026847017736,24.884817089292884,2.904447439955655,21.688257288266364,144.06526344304842,1.854338171718925,1.9615027777336558,54.7737188281188,175.07647332063777,20.661034741411765,0.32461288483631856,114.0623026254074,5.896022769922837,36.370927801921084,6.471132021750567,3.611812206883643,2.298485996257007,89.38517967646207,0.9330140095959853,1.3660537466225162,0.08279525627948431,83.0587900278731,18.01516306875814,174.29162456625517,176.97018932543477,93.70538887584839,4.087928451585544,1
32.34347383153787,0.07337227374924024,3.8937438850168204,0.01098855138078663,22.408760314456238,3.673914170610311,41.228681551695516,178.36190016953634,1.9498958406981757,2.8478593675220694,53.34056498745373,183.44471767089163,21.035221895565176,0.3478532238851928,145.37209855937445,18.736531565180467,30.482684767983248,3.4879898240846643,1.7029549742208994,1.0078860835433954,95.57604830608386,3.166345657056474,1.484203953116101,0.2547362577451558,97.56344764480939,18.63576939181487,182.80255861452505,176.91232457065098,119.52248973579673,3.470889302191107,0
33.38922013606339,0.13978081521916774,3.480557670332267,0.011854415298234904,25.322926241451995,3.3741746387111586,38.826152215874735,130.14668676757594,2.3549153311998134,2.2515302821985856,44.33527688874652,179.83209079306232,20.267810979073168,0.4383180495519532,115.08336545835681,17.137833588836966,28.881661847549612,5.8035884508677205,2.8252423780182054,1.5155288884831857,88.37466842684535,3.8522506237570973,0.462650699566147,0.25174697796764856,76.99602243490509,13.549154322248476,155.31840406447193,170.20877054685647,97.62912736349115,4.4255369496074985,1
37.75615858606781,0.17931833781838646,3.8584586066717153,0.005656019759833936,22.032091134390193,3.7396241085352906,37.25099825234216,162.59059921730068,1.8120255338989666,2.204465542110702,46.437573439114004,178.89547220435827,25.42421954309641,0.3737385713630837,115.06614179856416,-0.1655849620224199,39.14091747179682,5.21583138809752,3.537831202462184,1.3372011369463148,93.26509567165795,2.0891236714254027,0.47915509859525396,0.4309994632430015,69.86708894755562,25.989450222887555,184.17414997465397,154.1818087670938,127.32713936836231,4.386137574886971,0
31.0048857683104,0.13546727025564126,3.969963286741044,0.001428336066650977,22.43324332855185,0.27694878767740017,38.30713393908256,157.74034252854668,1.904089276218537,1.8487363265090144,45.18624313116439,157.09034801661318,16.314760554221227,0.41421721940371264,117.65096262869824,16.57968441692436,43.445597244630235,6.549446561350537,3.3361495976573203,1.5918281198712565,88.3941746082604,1.7740729286325227,1.0011488950161915,0.255087132171174,84.73393994645298,18.310802553549433,156.42416749908037,188.40098703536435,86.42049602137706,3.303056603698945,1
33.4237479103023,0.17931734629550364,3.155270493126533,0.006898972779539924,20.94284075893694,0.7242961959582792,33.11956602225733,126.07459802412596,2.9677094252132967,1.613686482664899,45.14366849983409,129.0054362767647,13.025620852026924,0.24780801328138885,129.4497165185643,13.677003628530828,34.6504514419947,4.425061008307278,2.3627095994156218,0.8305301776226294,93.1907873677079,2.4151205809674803,0.559620417214775,0.1020309066041669,69.34300883980343,15.233633695465198,180.5252098503006,173.81416919759258,103.63823356772787,5.512631852228023,0
34.65751861775064,0.16035087309396628,3.8866250577392116,0.005124771439280524,18.9063939861556,3.078095935733749,27.82848183704841,125.15346616684789,1.860270709590697,1.906031827563423,43.10339462202358,147.74533658449192,24.47822174133222,0.40022697972757304,120.35446052577959,12.699280968755069,45.268976664459174,4.737558615961124,2.8085815354960966,1.1609829484145244,95.33633518272646,0.40307873860223387,0.988411211274231,0.27696446963209115,89.99781375371136,18.857650811055407,160.84314420609223,168.03787930786189,124.63865114077522,5.723866148333732,0
33.613342219550105,0.17772371394405623,4.2660597247044985,0.011052796250495264,27.013546990293854,2.1554293600248293,38.197659104096175,190.59749631884995,1.8527412675046868,2.272974030211871,51.77927582472581,136.05107812572618,17.376043236690865,0.5707602431997522,149.09197721268532,17.166823271198773,47.87272627700916,6.702795901311592,2.5348136226434557,2.7426860966530944,93.09250995137475,1.4288897635080529,0.9887211289551796,0.01615726376615831,79.34596696147977,23.148310761733818,146.03906091045283,147.91008223450797,101.4965744541716,5.999666690477268,0
37.07855377169936,0.2706527616684382,3.2576105082398885,0.017876753608083336,20.57308630927045,3.2060318892154975,37.993270277927195,194.68091008494838,1.8739369409720794,2.223548914204383,45.15010332156999,156.27643082094045,26.161746471141893,0.25493982859709585,155.17874029807214,19.02079085398728,48.33143322557983,4.5607568882579965,2.473176067174966,1.4756496019285597,99.85337145428933,1.60700979587432,1.776820483301766,0.26135896599301395,94.03182954179843,18.116823673519587,150.24269267291373,164.6439451539017,123.80514975817762,5.103397543152113,0
45.187259711876905,0.16397653769627366,3.9623804611834856,0.009153668800097998,29.4426887252058,2.217443798575568,21.96877725717806,149.8873116151642,1.1946401502092385,1.4808389788116356,51.95258402538172,174.24377840023783,16.896413553724308,0.1045155989984507,86.01127418014143,15.933378077045141,37.38993763826944,6.652277072015442,2.5776850329405616,1.7645263476945061,90.7627968087291,2.133690369615994,1.3143765783218444,0.14525695931514185,87.82048144854814,13.197450193243586,196.72899671239873,161.013760752661,122.34479131651234,0.3995185506130001,0
42.85535138982404,0.15661359127643087,3.6645702759002123,0.009403192810700633,18.049284250014242,2.9158566303828737,24.031764732849684,160.0882683615005,2.0657845586519206,2.195692380754183,46.593510871623884,145.8745432661122,24.057143076548257,0.3046364975059129,146.64638697424482,17.36310230994986,51.0987426523143,6.299539113365896,2.6718735295410445,1.9982405836306536,92.5499908739675,1.568623967847437,1.745552760304419,0.2758780444114002,84.4297963981661,25.37366555903499,162.90574249864264,144.57903584504578,135.52893844369123,6.249179522283823,0
34.97063021236361,0.182178823943074,3.1050908855369155,0.0073101266703973645,19.33917035047923,4.557434003222461,34.96596599400419,136.89337451610248,2.0646494152145594,2.0949697775053835,45.27348258389849,160.08503650121432,21.42520355656632,0.2326437036294653,131.10305919800226,13.15135230612657,43.74600289732402,5.600015797702085,2.5571921116944907,1.8423827325958595,87.64346008136205,3.283677353215378,1.0311159801238052,0.22993348910650366,86.85098261908144,21.10954044976843,141.66067366016946,177.55464321946314,131.15198542910758,3.919413029615493,0
32.39401035392197,0.2291937352347529,2.894773760108364,0.00758256625983574,21.98926847730004,2.7804003790469043,23.172213287025983,154.07420843020367,2.153312168983674,2.128764182994831,45.07677230601109,144.63491374356062,24.048100252372816,0.24647406845671382,112.5136732673332,14.156251434516689,42.48140896851358,4.12471602162081,3.252708352551072,1.2873228174635318,92.6998128250463,0.615233129268614,1.0496549761338205,0.23536264049589678,106.37603747524645,16.120041148068385,177.66409634626157,153.83435165764521,114.6687834614898,7.097376247940797,0
42.384676923806666,0.21438711976078617,2.510999950704671,0.007521928295891107,16.460106276258227,0.8170198479062383,34.169628026127185,164.66032566692718,1.3785441685679625,2.450542171409079,51.4036714663665,167.33477579077837,16.893057210172387,0.33070587441824767,126.4238605410624,13.857428609192985,50.139770963258584,6.318770907223219,2.7041282580929824,1.724416879101936,89.65737131849427,-0.10820740336944912,0.9877745743364849,0.2733075471392393,91.48013307492882,19.424941085269236,163.7575077729435,161.5364243926276,107.21930589118126,4.042841265219082,1
36.124767486343835,0.19109576220700533,4.00558209436516,0.016087938021323113,22.728269382110096,5.770650413858068,31.73205224852565,171.8995307185402,2.3784023483060386,2.5988659018490186,45.71204180633386,153.7530771267105,17.31707176638524,0.24154235349835967,99.51952975310331,9.313738689063122,34.97951109389039,5.75631795616379,3.5217915049794346,1.9384397269098312,96.67848970362253,0.8715331330184137,1.6869011303862393,0.09470617128675313,79.28989358452361,20.61821467106335,160.11564116411074,165.21942293915717,102.18968837520272,2.956413747573226,1
25.568017010017883,0.19159885315894934,3.797624957311468,0.016887278606963887,15.425156215597777,3.6582808307633994,24.732978251241935,114.6825677049768,2.396753264618597,1.9955675304859088,43.75591086210852,139.52713696462337,14.667232782141951,0.1292873009726366,99.00497698211751,3.3180530102872385,36.96984160699647,4.73954160315685,2.7484981006124407,0.9406484583796157,85.37188328860726,2.3760942332103485,0.9301525620901089,0.16943616323819555,82.31819561798628,11.337776411168704,177.80658583335529,162.43154638975554,113.73166911871634,6.776178121393934,0
31.017444019548197,0.25221574795930773,3.2049992937790077,0.0031560876251837027,29.442707026272235,3.329745571830039,30.97525908696094,138.02814450953701,1.1709798590264349,1.9694566132060543,47.037006865261645,157.3521982441252,19.767392390926606,0.260140196162022,78.33528953941656,17.836898033004793,33.32396159792022,6.1180350988087975,3.0129222205695245,1.1263737768051476,93.14260761744741,2.5999307274109733,1.1809763634563395,0.09598813447519433,101.72461657492556,13.61714896199586,145.76314692116412,145.74413109235647,97.27479728774576,4.972306748821618,0
33.9851481387193,0.24177058173918092,2.3592418222202345,-0.0009652407098340813,24.658354380875014,2.7837592174325634,27.019273911125328,152.3722992776984,3.2017791171278915,2.1648687183742177,42.941959520423175,158.62827375363256,16.014943763152207,0.43982356953960267,105.28464845629948,13.757458980898974,42.28785236295887,4.522590886262036,3.1534892563202384,1.8555092673433196,93.24402798667184,1.7419455855806967,1.3503634959509605,0.17507645402718433,82.96202314904006,15.02659402771339,191.71771623406923,162.8747686890483,100.87806632042536,0.7079178224044955,1
43.20398556617156,0.22874303874190074,3.9949442827078183,0.011264223192442566,21.963872053568483,2.318181330172232,37.92863168500121,167.53612867864382,2.525707979087857,2.161725674153937,35.940785041546974,101.43616049470111,20.028789716641267,0.26723750241463595,90.49356641962402,19.21364838178593,43.61559365852912,6.1809365255178905,3.1670679908994037,1.2064609733785998,86.31356692556508,2.4229129447267868,1.0936890189971118,0.06847440216111375,65.94084378522912,34.532362502308004,147.41954933071983,153.41584089134207,138.78230818047695,5.4932937128252,0
43.285259906725294,0.16231250972165479,3.3820762465559406,0.01206096069668215,19.823703112497835,2.3279806318705276,30.774518148945965,131.94471927866198,1.4686826922641065,2.3587707815803602,51.728239712847575,156.6843242810786,16.878104550990102,0.33938755834231626,119.00069330704717,9.49631819756211,42.600254682016505,4.322761462495753,3.3019081847455785,0.664588312839677,95.14866638864623,2.8105659798158706,1.1999079416691794,0.30538881847246035,80.75120292226521,22.00010913472721,171.8352476440827,147.37102265598926,110.11737083313324,4.805116756906816,0
37.65574456679728,0.20000583170306344,3.8921871292937515,0.005618064108458673,25.53339861862478,3.3213307705251482,36.65124592278428,192.41135492815653,2.1813535063695326,2.1056099604400007,39.143394753603,132.83490981879785,28.276201833899883,0.3384871936405802,106.68241092522845,18.241965415232666,42.35967643536301,5.6557461082392795,2.557453659291805,1.3551088304585452,96.70728788602648,4.490385353947685,1.209280302008259,0.32688540972932334,88.6928927473732,23.997322608757038,185.02288926313562,166.4993382849816,138.79327112962383,5.4532319366326565,0
31.77510751569749,0.1839033434919938,3.691943808620012,0.006802985042504554,31.582578709588788,2.7032861428787736,33.34321979060595,167.25954240487445,2.457520851630967,2.220996911692753,48.53746025593029,156.1908166334725,18.50151225026035,0.24601028232697325,162.65128715865592,15.360824417800222,35.19599673620992,2.9357484674645513,2.9719485272070507,1.533276033239327,93.80259163600039,3.519024591790578,1.369322550788601,0.286447385940664,79.9623658912702,18.030961208570034,169.56821542262003,167.43562790600876,97.23101234240724,2.1236859414005673,1
33.86155422896633,0.19484287712197712,3.9413642184390727,0.005010887302206604,25.305729176762238,1.639099855940042,36.44281938858538,147.67156355375292,2.4464933939983293,2.384099355127661,42.80511777779599,134.87840285618876,25.1008804754601,0.39405803529003397,138.26568794344578,15.401032656094305,40.85279178416976,2.859346090634848,2.540161484859712,1.5362732728145765,97.03342376292952,2.908596629952947,0.2086984980260288,0.11721234932051788,67.71404995600867,30.018920495577145,178.49697473425923,183.88992917594857,87.19082771156104,1.203504394027607,1
41.61422598372798,0.3327473647523934,3.171787505812188,0.012756232970628457,29.006648857801423,1.3483464101434897,27.211158970473072,205.87104446380295,2.181467918850057,1.9481004537935072,52.21829061410603,123.90805682203215,7.83914258803107,0.3991478997564154,114.59120885339317,16.8315940141295,42.66108420310437,4.2804422938173925,2.9106785334608385,1.557671957203813,97.57552273259583,1.6028680967378035,1.683393502703542,0.32879476026522336,79.49311330443413,27.566548393264984,165.624256137033,169.25335856928785,110.08753100084859,4.880436741367618,0
44.49102982090135,0.2231638581196841,3.02166249478169,0.010075027399943167,26.762416478159,3.8098382698615083,31.20721547361186,145.75666708992932,2.1405523782873597,2.4387440236769535,42.164978877002035,150.77762799860548,24.793320276314507,0.45196418893354384,121.86432302773265,14.37806281043048,35.965761176547005,4.094558454570219,3.760830813854647,1.1449887990388417,92.93360687380046,2.6370589397545063,0.7307792123962223,0.14379025423111605,77.15222250638755,14.973025740105129,170.29549828879436,187.64625286968007,99.99533924303275,3.4723907169814305,1
32.779289700585096,0.1988422241516497,4.087812420290141,0.013152143576612851,23.508882438037958,2.8032795429664485,33.67246170428369,168.05782982256585,1.6824557987415072,1.9163512458110021,39.436929803753685,127.58361694113812,11.545655714497432,0.3062401017391175,113.76118920006833,15.729647377418218,34.2157173408333,5.22793614367775,3.174062380298995,1.6384219322969003,88.40418464836503,1.9441546245709473,0.6588228330806403,0.23354874082046506,73.86988590105958,22.190471213872744,151.49442982702345,159.70011135785487,152.48552074939602,6.813444230011064,0
39.321046354455284,0.23600353480221148,3.8180421922317613,0.008696991123679988,19.74130722033285,2.2207499144404634,38.275119939144595,133.78129822200935,2.5321726321669056,1.5520961576468348,39.456845159307875,152.77934421296916,28.962363102598616,0.222113841732164,126.00202398882085,17.69640958906303,44.9683098450093,6.938620950630868,2.525792217119015,1.2555297770643272,91.32961008069086,2.531167280499095,0.7808610360680199,0.21818025834123356,103.37756990586374,14.677286825878372,165.08028001800386,154.1523122874692,111.46971381658487,6.211245856477456,0
27.29472337390628,0.27140390818493926,3.9476670449653906,0.011790286548228978,19.645783234241446,3.0044344009845396,22.69806470127089,149.95966035156397,1.562159015558166,1.9468406369309366,49.67768431239574,138.13511103010282,16.13924091331625,0.31881830736946637,75.74538848878743,19.20298012077747,34.98447852973615,2.495004086093374,2.829226093620409,1.7852586634317233,88.01515952795437,0.537669743433933,1.2108221348866433,0.28203899996270476,94.37716662134586,22.482272068655213,174.23499725256315,148.9556359948735,147.55302755589895,8.276470553663804,0
28.436575766485184,0.19937654281466585,3.96705866356344,0.021859395230734505,29.16508021734755,4.215389314139142,25.478985785710673,187.94080753160426,2.1321952680473464,1.9367242572762111,38.34483716744548,157.4285197646431,16.530464978581026,0.2299932645263717,122.58098451748285,20.739478266213087,34.684364733268254,2.493287311823055,2.8443788070914886,1.4114578681746814,92.49090934496583,2.2162857992536504,0.07681600876122274,0.2373014034130558,93.1112160662929,23.04547317507699,156.53424532716537,153.52762858759763,107.7403652783883,5.692408089846152,0
26.798134399644567,0.18765402354083668,3.9704827989594214,0.010194087826822056,15.349726553534602,1.785613135315751,25.589307367766278,180.65369271169794,2.549901258083021,2.126884212597429,45.83119967865108,146.4292891007904,18.662269220631565,0.33584210443153145,100.15383823671561,21.61751169603975,35.004380007001714,5.385811329323253,2.661742078355342,2.2532128930595707,87.88429424978709,1.718740448594308,1.2371060312877429,0.16063911475255677,74.55206461378172,12.27298511725593,201.98531006823427,171.41064073757738,109.14685759058918,1.5500053160337268,1
30.22264316579417,0.254845030357727,3.2643622403120247,0.010788746946162052,21.74557871764057,3.1889340093953713,25.29154656675828,143.5415998511536,3.2599050545883754,2.475905068769943,49.59974553727566,132.3035825455163,13.180741716435882,0.40516958113312973,121.12664472390057,8.914850015556931,32.41616651906955,5.291712303944689,3.479846738170964,1.8559702070761852,93.61004031158326,-0.07068291619015943,1.515796740336135,0.21851599676963662,85.58585209660986,16.118849313452635,177.21011158398557,180.34090289303865,136.6755261765571,2.338664675919087,0
35.43092716467362,0.16371240386796582,3.2230429124754814,0.011541476580474204,28.78263417307729,1.6540434193045044,26.190474379200047,130.40060493275743,2.0300442927395,1.693399871980802,44.56129008387733,158.92002279659022,10.454291722522832,0.34086863286365326,156.43606267992715,9.867569954505267,40.23057629823336,5.59073141123634,2.4046079789292354,1.6773875863689476,93.11980350714448,2.252314777876723,0.6369438188810026,0.22960889712586258,92.07298645209308,17.632867070728196,187.14541590500127,174.8647401870094,121.61744823402917,6.621372698696426,0
25.97863347456672,0.21335293107659786,2.7545859791084815,0.01827224789713229,28.293634652228576,2.7963199951468685,25.522967062292096,128.4039826792087,1.0944812927605305,2.127086049287109,52.390823614460565,125.33908840896765,17.050129497269673,0.1266661477606257,170.0588509224254,12.526087676142255,43.079022445743284,5.132240868722137,3.0954229201402583,1.12298272413128,87.68227382447647,1.0767603759970963,0.6301043496203433,0.2653758551112785,84.83163935416918,26.215761240027263,169.59676671088891,162.86615219052354,113.84596856948424,2.3425116167972058,1
32.86940260483553,0.21000022536591195,3.8299783055214895,0.00787971010841545,30.535143069969592,1.1831104508416588,36.19835245802769,136.71851397812037,0.9123128763171728,1.8076785713070938,49.54746848726087,125.19605828239375,16.459868663721256,0.33325009274326406,121.59997379793104,8.189055978405488,33.20309315166895,3.790992881987388,3.029720157025857,1.1380918852098842,93.14724961943712,2.453860874235337,2.013924223362205,0.2960981700367542,88.3401468945875,20.619839915326132,183.42894393512273,192.19034681084503,76.55264940776186,1.6335091409230174,1
27.13330811584256,0.2008508204562661,4.122929496987892,0.008148168836057726,22.8676896813755,1.4693403212277394,32.952995817095804,136.22263235711324,2.182448295888075,1.6962208375614825,43.93053006759766,153.190404949564,21.39704915541556,0.16294855425996377,67.79622710927265,17.856305583488375,35.766090922464464,5.150475079912732,3.4110344284876644,1.5856612115804127,81.34983729299431,2.045967387785769,0.9870208676329334,0.04485879083668218,91.82960626464254,21.59129789238686,161.5273755129453,163.32122773453722,101.73094840018801,6.4779238485637425,0
39.31276761064617,0.2465393258263705,3.742868888142491,0.004898938757238419,18.663075964347804,2.64376147115078,34.83529415508997,142.53581858452534,2.062165795560319,2.443945505541854,47.632770183601146,140.06005785917444,15.903901717023105,0.5931494126447858,108.86666091271724,14.098623581357765,39.34499258023751,2.6839174504346164,3.321961963760215,1.1225422471901003,94.58207348944431,2.0726452689700876,0.4338864415392334,0.10357565821742462,92.63674755948095,22.203673051517676,179.36536644715468,180.73805862405058,112.62909359536864,1.2440469269674599,1
31.620938520463636,0.16536623908108897,2.657132139075566,0.00910714865269979,23.793039335121474,3.331573757187934,29.632133994728964,146.33243894161177,1.7652339907581902,1.907872977060686,41.51931215224503,175.09017287463092,26.75690071848407,0.39543311408284687,131.1308172100524,7.97113340249896,38.191727355380735,4.193362738797536,2.2223015259656815,1.8898904459388417,95.50372160106888,1.8704829978897577,1.7766007118799219,0.32683847804804467,81.85225246401762,21.751573257101974,198.17397066551064,170.68504206667876,125.52627513431177,5.218789192075614,0
27.542294699288924,0.1659263990996622,2.938819205464095,0.011134893906148104,21.726222588356045,1.6028954049433504,28.670469212878753,118.54296265884987,2.150985361995438,1.7071870601802446,48.98787378535793,146.62830104128642,15.529545089297525,0.20896942645464203,89.32550126980965,16.148487220407954,37.9073661833302,6.168000731590499,2.1372706221119513,1.6792075860911972,90.42081915746975,1.6878551169600238,1.107161218065788,0.15571018244867743,90.53344201803439,17.74000161710106,167.03007095227025,184.43160170724707,103.4786659527754,5.680471969130913,0
34.31578545617216,0.20081043713510122,3.464806296490073,0.014305388115119827,27.78991033429804,4.200849065074281,22.550133504502092,157.62195636194977,0.6254029677366351,1.8386881807796824,41.73235461738057,185.60245315533908,21.978830591278438,0.3402654913700275,135.92494686206382,11.849248345530619,41.174424708845336,6.042522334862679,1.9367713936586035,2.4212128006266402,88.28153876303267,2.287681823603087,0.3085342792827497,-0.011386418574284018,95.31042038488391,26.646776660025864,158.80046607021373,166.26516505970235,136.8582431514457,2.5524506443151456,0
39.37100845809488,0.1652682096468012,3.8541949917078853,0.010383014572590445,22.01218210001833,4.362658132069611,39.59767462572214,114.68732404861194,2.6012182230879457,2.576752009249935,48.178222934647735,122.80511396918331,20.27073707932732,0.12180418629841283,123.75377095192444,23.33519544769602,38.48793907639596,6.538141843691817,3.4284843935485725,1.204578219838061,80.21037530960524,1.7286771715550393,1.21946804519676,0.1590855850540352,86.90404533297261,25.937544175397427,192.84866316777638,175.20315998234625,72.04173551048879,1.5886298777322079,1
45.202159972703804,0.22223106689874622,3.0256728655719707,2.4607078043024574e-05,28.932381839759113,3.875113086331302,33.53045628842386,179.8895270537707,1.6547816716877728,1.7504827259141804,43.14962117775663,141.37006615566187,22.917827330638968,0.2883424025382104,101.1714063512954,5.853267912908851,37.90415768739607,5.1467785833120026,3.7590585544332145,1.4986884168929027,84.32318401787182,2.015549512259948,1.093925211673195,0.320449943147605,83.38669428762074,17.666623272193785,163.99178634602396,173.89149278946994,86.36009475160085,2.324301070558658,1
29.97870100592423,0.16562803064988152,3.024736245518136,0.01923945167714365,22.610132651403212,3.52061516286539,27.835720932955496,127.19742406343977,1.6438455021268934,1.8931632217653267,52.64068557790942,179.5181527281345,22.56401862994745,0.22812409678914958,119.55769538035436,21.715113600415545,39.21855264424559,5.060468344408724,1.9143525936276613,2.0985390202502905,82.07012114715798,2.888442557200482,0.8393610132880367,0.07430550985211201,72.90328741857714,25.458938740607532,165.3735169100998,187.67298645054353,83.3145359374422,0.7102255901069257,1
32.275856723254265,0.14232456048907735,2.368791528953637,0.009678096701832839,21.648788995493952,3.7845689860607243,29.795191894462896,151.40508650190202,2.045761209201444,2.0559892522902015,46.000293866361076,159.62273495303396,17.52051309326004,0.4020559081885975,84.32035660099686,5.433667427898978,34.875768683131895,5.618890667331774,3.3859097666223863,0.8544497822109184,91.4388738240622,2.4483514562485253,0.575792684967136,0.37448619653770276,85.78715667006607,21.39950123702426,157.79248882546915,187.42869549603736,88.00991268704301,2.305232160357043,1
31.86124901949602,0.30438493822289986,4.095657820775152,0.005866200631909521,24.255835072571692,2.5828847674196695,26.61488764160628,117.55487872715516,1.9123454866234666,2.363756310646119,54.60300395575425,171.50882597815956,18.40913576432317,0.3352032270522169,113.26482085540695,18.29156549941594,37.37208264159322,4.4328883716347445,2.953467931771016,0.8136768939863989,96.03528407319236,1.2566394488347785,0.2535497865184442,0.16380590975211248,80.72874484328285,24.036093975396238,158.12946407008928,160.43574043856407,129.19912486584758,5.885067283024036,0
37.559392074618934,0.18548280199517195,3.727686308511612,0.009547620293851306,29.95585717942305,3.938196148116969,22.796802584764784,135.99597385241668,2.025678199646164,2.0999227340761695,36.19123625078163,152.4482266231079,20.104460115820444,0.254700927108819,168.88759890382929,19.781843377239255,35.1334830354963,4.798430262807881,3.512658937104341,1.2658783101792286,95.14815139193021,0.05497032897447496,1.1723041213499943,0.10843016039043726,92.47005408298251,21.24891245218037,149.13169591014042,178.21686575866227,66.45746736974334,1.5881548228204807,1
39.527189669910186,0.23978838385583834,3.9448958428718384,0.002894801805778613,29.588177655389362,2.7878485900322403,22.92823993528922,134.54187082898488,2.2131234462203007,2.426964136959458,41.509500415504796,150.62607425890977,16.74128848218192,0.31471419394311073,106.07310025471833,16.464211509672307,35.80407450389849,5.500866279224303,3.3652440046331114,0.6800201206137498,93.81091257304055,1.527832154195733,1.2897258554311113,-0.003350498463321777,89.4716698102589,13.292787437028059,185.6657189664432,168.92078046551669,124.54366944833444,5.174904148568877,0
38.63467287518186,0.22432258693841756,3.713353348507596,0.003230801151453742,26.31514784744285,5.052561951028755,35.144773727992266,155.55351674786448,1.9449172205175542,2.092091114952968,43.23812768414749,181.85251149064857,23.081037227559168,0.3543050830000084,97.51319278417367,15.164559102082501,43.232873982424614,6.216543463845421,3.3403870226178,1.403238205635403,96.6925958900233,2.456938482918073,0.6116247281842428,0.06684267332390284,85.66469484637842,25.85246455944199,186.10668637573175,152.26429763187755,121.30818505902532,5.09118990022811,0
40.66262631277555,0.2429723784567408,3.6232837123931647,0.007232170084859054,22.165923278299577,1.5021070249539499,36.5478928457668,160.079238080556,2.1310750575311603,2.120834570101964,52.551356984520496,173.68159419692097,14.59429505259017,0.4498762303815575,130.00140947018326,12.662557487209098,36.098040809646434,6.2491770768607,3.8982467373315184,0.9449908741799474,84.37851407972431,2.3120599341371464,1.0004810157093253,0.141520964445447,71.45251583864312,21.083318107349275,157.8189662113956,168.00846402206582,119.36020545230733,2.85623658344738,0
31.299612079336836,0.15689366959094003,2.862453443594693,0.013229210778676798,15.868718661988199,2.9075123992599154,25.91228601283055,132.10228803284073,3.1036686995375753,2.052971716665721,42.879043394381036,151.06861728165876,20.57226331723772,0.2632909175820467,135.72860270922166,9.594178279886425,36.919963168745824,5.9390252479526335,3.2364938541358566,1.4451049721913705,97.68303376254923,1.7350829628246607,1.4494043085033599,0.31119909819436214,86.35095656001688,23.731360192131476,156.79208511657112,173.740798091602,115.40346928571029,6.058306586976164,0
33.932948036804305,0.2944433560598444,3.4027687907690614,0.015351469388895665,23.865531866403128,1.8553710960263807,30.253362010488228,158.70962763344298,2.1633699239949182,1.8342528422471296,51.339594242277194,141.66086068748584,10.90245390069307,0.13574368573691115,117.09290224843431,15.93827604069623,51.91574284817169,5.544213154105533,2.2383721139459434,2.3641748020516484,94.49622896414787,1.654859747747334,-0.19763757856377073,0.18848025241851651,104.80767954633002,22.086574728792296,154.66395533112265,157.67551118888224,112.79849067200772,5.825866013822717,0
38.459049385264436,0.1579571834728416,4.029863698384615,0.007635766202589019,31.32364760018589,1.5704785563126675,16.138732279586304,139.86010205464277,1.7775839002333418,2.2110289886681214,45.21346228435386,151.2048033376183,17.41694905628984,0.3501290332778019,79.98767397522636,17.21981913856323,40.637492109012534,7.183798420187193,3.020652669977511,1.6866895321225412,86.85174627697445,0.8605001219959578,1.1921930179095832,0.17206029463502068,93.2549305774236,18.120075039942233,187.87135628158654,165.48108563136617,97.57336995990299,7.004622756133928,0
42.81290610264571,0.19390510944445832,3.606819796235656,0.007676287454120092,29.677848204054882,3.2986691218613906,25.787584800802364,116.59497557648385,1.6770620122063387,2.178854463850478,41.004049171229795,158.1327354303158,23.137859606893496,0.28549535375876867,149.0415078556427,12.727937700785981,41.003324483052864,6.374882618684515,3.0124111564540557,2.8229613147905215,88.28390150230584,3.231598121909157,0.6714661875996184,0.31689969251379563,79.77946685200862,12.870189781705282,164.2600648018024,172.29767607990843,120.07330797895882,1.7650537023377746,1
35.56337599100894,0.23275843335842453,3.0207262446005143,0.009226055273111194,25.017188690937232,3.589997370085439,30.87788811634261,166.20323002502246,2.1612448511508258,2.0149043937907534,49.05228561106962,152.74033074176884,27.10942286864462,0.1701854366134796,131.1364247070357,16.396935862331983,29.263683412532416,4.86707937787936,2.79066304377529,1.7645786382050002,98.62444441362398,3.655419637098994,0.9822793801495998,0.23768939395896355,82.33980212102027,19.908508494027824,148.05594052088813,167.01937264758936,74.98466157778148,4.313881984530608,1
31.748720608622897,0.20724026971417792,3.132224386415584,0.01352892162031426,20.852781784783133,2.72697612100737,30.971127148251675,133.98813711133846,2.3812752009148554,1.9656646325953022,46.05495812086226,146.29506221704298,15.927187202262047,0.22641194000773013,154.45601035415228,10.557704450935502,40.059451124435064,5.668179450839165,1.5261755323108759,1.404655114990743,96.15819468624639,2.1726577354295538,0.9447355689361223,0.19755841004812083,78.86178061229268,16.344000268485726,145.65737498731107,170.52228574647756,109.6306322408087,2.472126169554655,1
39.886185179724244,0.3137351689351696,3.5449375470736757,0.012921473963819846,20.356451681329414,3.1508980602292906,31.78732766083679,156.6244594692835,2.362428052888635,1.2783904928799412,41.94946365071119,160.84472485426207,16.722968735097535,0.10403115921628098,119.55987291443155,17.37746244085341,41.36348517978835,6.29443114366916,3.6438433820416947,1.7996431335173677,90.73710460870595,3.086984705080683,1.8990973247072596,0.2595931008257153,89.9011280277523,21.204300296424936,183.183976674135,159.50746411271936,102.22684566105835,5.432260743847091,0
29.39998642362589,0.1404111934003216,3.201665854581038,0.014313464725075931,31.73427989262251,1.6234261490192057,25.403984676490584,167.32194362763673,1.1869979329636697,2.1616020616103357,54.76424565858417,149.45678764839235,23.824357789473353,0.3734196923995825,114.836554613397,15.03622192727993,48.167988185064274,6.0806120635901015,2.4416282124706576,0.9817410381148407,89.11780231803525,2.5025020964181657,1.1349984843856722,0.2581346411121407,80.96427848513366,24.237660160098294,173.8273992802485,171.24250089018074,95.34658669927938,2.291689845369246,1
38.25704371170097,0.2195572322148835,3.1262421791236705,0.00888927850007501,28.720635461030458,3.612046761440234,20.701791139724364,151.3984440108308,1.57108464100224,2.0049694025172324,43.96773826910271,153.46105568278927,19.618299814695053,0.42246985190746716,119.36902940006469,17.89604442540319,42.15057675618786,5.7457059297836,2.8779952935010087,1.1460627308918123,84.23849297542196,2.8216334633503797,0.4618354585105201,0.25230101848063075,84.70516344593139,25.016989567251407,163.27063285295705,176.35077672484698,80.18778528742527,1.6297918602456782,1
31.414578702700137,0.19437788283020432,3.833288731769988,0.006475592404909945,20.840177494865397,5.338744783487664,26.494104634677164,95.52849326146871,2.7552381178306335,2.024925362892701,42.845736605117395,135.10032479339998,28.430524991033952,0.2101979333479358,98.18799087956782,14.085930088570507,38.511872670192545,4.180262884275967,2.587510644630242,1.2586280926407718,87.9232694589809,3.510068539939288,1.3985586279448914,0.07737200609014577,63.5298939266108,24.920187185140662,137.55935980880398,164.91097174987698,120.89914789121427,3.4611498975407304,0
32.04070262546212,0.21139042781300527,3.156508613304416,0.010803926848672334,20.31905364553277,1.8554270877109802,31.5914330544202,143.78994674013842,2.3190725772611676,1.872135047034331,43.797543859757226,154.90107402804747,28.479898624346866,0.3007884860028333,108.19609468227112,24.13544324689126,49.13358476462566,4.1882043497364405,2.5240764546456047,1.8061183088273132,87.86262412062608,2.3869131026681814,1.0698655774506396,0.34729881092868575,89.89483421221021,16.447334083170574,194.56360371526267,181.40218680419846,65.7737136054028,2.748898293374644,1
31.10992165442048,0.1553339070359013,2.7270025459755263,0.010239885967711658,21.2476459911149,1.0552773145443903,23.330550921595137,123.31712854134838,1.756476112422857,1.724003427857712,50.00426757137271,130.59248431346387,17.191257449685196,0.37072806717745127,99.05919632276346,9.507863663872834,28.369689247211234,5.101978806164475,3.489027438476167,1.2779666844696587,102.7564982524166,0.22649384223625812,-0.03557591345106159,0.3138769215925058,96.80728263981754,18.603308106364615,124.40400337557574,181.3594270564459,105.17406003540096,0.9063193227974973,1
26.831059157412145,0.2118790280454352,2.805487815728146,0.0020356182728684096,16.674622870032003,1.4368949942431921,32.04710264037722,166.47282695244812,1.94349098589401,1.5289072129563424,43.89253992891731,121.21664495169934,24.754645997408392,0.30893419697869356,144.29552422339654,11.533367476689111,44.79532603584982,6.277069702895499,2.4859564864553008,0.9658158471911099,90.52220746345364,2.1693623553407546,1.4088208176064438,0.24798811298082346,94.55956177120889,17.1214806991281,161.28207378550314,172.82053737897058,83.32854328356468,1.7301851970022533,1
40.46984933832817,0.19709567868019523,3.4511351417342837,0.017456349669288922,28.306443257000275,2.805491604335616,16.946034031268738,119.65760324597287,2.0198141406675103,1.981271689665775,46.31855109166406,149.47475660689213,19.91132048763033,0.1894920688255214,107.34403146438441,13.07577593954296,43.35451830890435,5.236732186748813,2.8010125348783883,1.8137218219921034,81.17791109915643,2.906481011496392,0.19225913545050788,0.016513567194289425,87.36267385588219,21.923517472850143,176.88647290669203,171.91422545256788,109.54514992813134,5.338721638919155,0
36.78222366073624,0.08626439536994626,3.589697316256367,0.011221238207141597,28.603452142663134,3.8926504185888864,40.93448640443063,143.71209538105992,2.040121250988978,2.230224796850683,48.777865913226094,143.61758660273532,16.134270547387523,0.38323278742096417,98.97294716007988,8.868027346065896,32.68374112827939,3.954021070913763,3.1061575238085886,1.1587681505630791,89.50585140454723,3.398211492039215,0.8447511312075003,0.26938244821688684,66.36465320110423,25.96496151546968,181.6982697264401,175.74465140535509,123.23702543299311,2.8732823509710914,0
30.968006769682844,0.18107381914094778,3.8330434843830146,0.01294929689365767,25.012605258928563,3.0695374487516616,33.666123778213596,155.9897315408019,2.610835822765081,1.9852079887899627,39.55905499494418,152.11762394900668,30.098943081507283,0.2544933977673606,147.71789189898774,17.19242163701964,32.449193122515055,3.9573699822146313,2.951338231219153,1.6460174122214308,87.67749169810935,2.296278379407699,1.0613820628908366,0.18388900982769196,83.8714091417775,16.43621707053085,138.84200980299943,179.15694539892434,119.64026461049636,1.4581123745596327,1
31.86730672678251,0.17855714794877578,3.3980615388279194,0.01397966792661547,25.16219647563854,1.718714266073322,29.98398424353989,150.68814734274514,2.812310944971366,2.363331019599998,47.35348798937284,145.1668593845595,15.575173012295906,0.3402660938664949,137.62073838188655,13.638996928598623,40.29708013617125,5.424112505730907,2.312980589568279,0.9961180873805656,84.94513526067269,2.901806550693254,0.998074388319224,0.26803773501140266,88.6010233374192,16.315990428967517,201.87385216299256,162.44331314337518,94.42329978054367,2.9872854341758135,1
38.356920758521355,0.19558097613504594,4.1241160270695545,0.008993145359296182,27.067644208495643,5.5411565377985035,32.618797957429166,173.4681629536393,1.5856761792574938,2.3234635518156677,45.621967903150605,167.99010800168054,22.078466969570126,0.27011355391111913,113.67215664276513,6.7241368165990405,33.07252209148032,4.0001431153847795,2.442734069697732,1.3412324556428377,90.06560054128278,1.9118698600307125,0.46869041624248997,0.108537519397248,94.41417950369735,15.765966056879702,153.82144335044703,166.16828115569078,122.15972019346516,3.5404822977271495,0
39.13992763436591,0.27661365379602604,3.74719118822378,0.008300704882524317,27.30644175647018,2.678662799656683,29.211929310857514,128.29891758062763,1.6065631837837533,1.3622584426862785,39.79416353841361,168.3335776480334,26.086462984640058,0.5034626823813579,101.78038998937947,14.301985887520162,41.84103853139029,5.822045413285237,3.0698380116361634,2.09409547471961,88.95954982919861,0.22691885621808416,1.3741140825801255,0.29958125453692613,99.69506167559771,17.017830841176977,172.640307382299,183.19760609610188,104.80462319119405,3.336988185505529,1
46.746778472839395,0.3023243643391212,2.770737810554395,0.005439798894542001,21.033585203504646,1.69696253748503,32.78183915355768,110.3118764805067,2.658799873786968,1.8902693186270065,47.286607798865084,116.83461612779969,22.523389396017777,0.2824015405125739,111.91406832645553,7.1036662434274636,26.058548410674128,5.872312782482999,2.384498282660498,1.7833360145523516,90.11043736821595,1.99999729890802,1.4027591299926572,0.252567149476381,90.93290367769933,22.397673744199054,160.4582594420213,163.763112671443,107.725869480596,2.819586513278642,0
35.23249271593153,0.19428524752537288,3.159641748243689,-0.004139823423071785,18.867022033404425,4.524763000947959,29.068213620784434,162.5463550645218,1.6435018889287407,1.9936115814876938,51.82840823322401,169.91676846932543,20.888837966816688,0.4512248809828317,86.3707104119555,7.865373573260271,41.81879528426101,4.976915568486598,3.1898823570232593,1.5289866222216366,88.32251538784429,3.8380292427819054,1.2861896279589262,0.11963173987367305,80.7803506524805,18.975721036830752,173.7029589780467,176.81035129597004,110.23052165250115,2.777473751029744,1
37.97657887381947,0.1301796672228031,4.037537187603195,0.012226257897470621,28.44529730245759,2.825831182955278,27.33935530409632,173.25098840149033,2.5715923223304156,2.1265378211363957,44.393190842921406,162.98411205870119,24.421190114070583,0.3064920307400872,103.40291731327315,20.596430907593916,36.84662397293094,4.1631947285345445,3.3712581396985932,0.8944254382337602,90.61100665864443,2.3162969241561306,0.3083338073990466,0.2978397095273233,80.27249963115176,21.67778385133406,198.4950386948209,159.30743872605535,98.67212041671114,2.329798617029754,1
36.22491023070094,0.17917030675231532,3.215488428010419,0.008857284065273212,20.30658642034812,2.6732711282152195,31.694613018278044,146.7097126917898,2.35872896515952,2.0664399632197137,48.13952642205731,151.8653187335701,23.823515852103586,0.4089609048330779,129.54542165172023,15.71857517147234,44.9591605918216,5.924173293957178,3.4264230426778806,1.3006135591331252,95.53582698769057,1.3473828283341236,2.2473332848884344,0.4120789349814887,74.08196146101841,19.880056523978208,160.45261906601365,178.37453825641214,127.76829945774367,5.798231813544428,0
36.27327149303068,0.22559197018400068,3.5412242656239945,0.016383960853063977,28.653342636460156,2.7360443915537207,31.611312070206033,164.72244357280533,2.3804524318634517,1.8935196226010795,44.70817189962946,128.83051090560892,16.903100072285632,0.25253998407772843,82.75019080335458,22.454149019478326,37.00920293004556,6.9225904795249384,3.621529465882541,1.5357981595662789,92.14819556300314,2.8429588425586796,1.0813037831323797,-0.011619568101466415,100.55054465427455,21.574170740625625,157.33890388068878,175.87730463866578,115.1159235504945,3.3711097735832514,1
42.1641878333632,0.25789286150985524,2.9151951044257913,0.001217795302732647,22.83865601256331,2.796212822238631,31.44140133991136,132.93188248855665,2.8081701666278795,2.1809581801796334,49.777510475550045,189.6232182790642,21.73932603905442,0.2065840495619144,118.50756066814938,8.871104554881672,36.45376688153396,6.632171834195571,2.5054755427406348,2.253081793492064,85.5643618200002,2.557333336841425,0.5925314120704661,0.028022239132308224,77.29360232472727,21.399684705819478,141.53310974627706,154.1149144451107,150.87139402012443,6.048381852773588,0
40.44274520779354,0.20387353430691985,3.5352271990015534,0.019162210718292987,27.901044173574242,3.5440456620832457,30.892112917138704,124.46640401858534,1.9191645897392278,2.445249761380795,47.374883174462965,144.46817812302987,19.253400629722634,0.28073730706025113,93.45457568009252,7.791522232930779,29.51241075263318,4.793612599418444,3.7888602269854905,2.007120530596224,87.58113941003559,1.9276721682158509,1.5923328520442155,0.33121904914004674,101.19224456119076,21.086596776021377,170.70414274342005,149.22551206172994,129.38145489315752,5.271668954931157,0
38.214323373135585,0.19314147101937273,2.993513755913728,0.003634147031468249,34.0035128025012,1.8858347313111699,34.966699536060304,161.27994035136507,1.4501099734791203,1.9032917999480259,49.86776508585013,167.4414629041774,18.94124954325662,0.31603215151002273,131.18594302896867,13.946744657278051,42.75835988597902,5.59217226625838,3.665025552946426,0.8496454460195573,97.10666019389491,0.01863230901230173,0.7835637854063904,0.20527098695254511,100.6091234206162,11.743565121920694,176.45651996302524,182.94862667793217,80.54349970500023,3.7445944392163173,1
31.325388525252226,0.2438065394260214,3.325310513898631,0.01006114843914804,31.00716911692846,3.957185728152479,31.41304324947599,161.0373417215584,2.2219992603049246,1.9144738683983298,46.14540329035805,171.45473106194734,20.292565569858617,0.35690331616651016,113.66124243962675,7.696353466400435,39.28671120230944,5.245535183320835,3.4765913560465123,1.4841504472339433,87.41013914410726,2.4754329212991144,1.3805096431222765,0.09419331878190842,65.79997748754309,24.442506353295517,179.54817540540935,173.26364317209783,99.73913166654704,2.9154562881672494,1
43.49013283346616,0.21527255686078894,3.6583294768789894,0.013017172557342287,25.794577269137516,4.66170391921309,23.312050704537754,137.33344872655266,2.0416886115513355,1.8908193566443303,56.2556401362956,125.77090207050185,18.61597800346768,0.29555024310307915,131.92733697106576,12.464620176937501,39.5724651488315,3.484433420408978,2.4600727646209766,2.0313287229035066,93.19118646088249,2.5531231019943568,0.6464238971382644,0.1667138308963645,78.99495442361321,10.34724910527079,173.34881998980313,177.83725355771037,88.32592410305361,2.6981147414005493,1
30.45614880537459,0.21153912634158056,3.666499168740682,0.014703010152136374,27.375161188103576,5.278389830409155,37.18675065263915,142.3899087529897,2.817496770033621,1.9415411864341634,43.29857956865358,137.87282240577522,24.308878318574564,0.4311366861963867,128.22722023286659,16.336069783211034,45.594196713833085,5.0269205295586366,2.693801729564257,0.9462116718930278,87.47827998437553,2.8286457043960187,2.015786063719376,0.0736887851709068,99.6032289274916,12.901263614802485,152.70832285521504,165.6580628246283,143.21884898449144,5.486044249384104,0
34.37596792141984,0.25728658583235176,3.280349719541766,0.01642893871584484,19.930433668148662,1.4737737958085608,27.32764678116745,136.08104427795152,1.5732412011140435,2.2560358870492423,51.350328480626175,132.1106652002583,19.713301741769634,0.18645067851242897,103.89381285689176,12.909462991026183,39.14699190192296,3.6272601691653135,3.360014542562415,1.2707645792428812,84.89700268302936,2.0561441185696827,0.7972120896335303,0.3406226046445334,87.24943375539358,14.9538010034376,181.00081712120794,183.044363234026,132.71276054743356,6.776265692521762,0
34.93695232771461,0.2506735518647643,3.477841664265835,0.00510526507250731,33.35469651426261,5.922048386992886,26.715738968189367,151.45258485695402,2.080684796717297,1.7354402374217917,44.87379886842858,149.74612149878965,19.282064649746342,0.31672576600374813,113.10360007621094,20.06161247204243,39.05275853802307,5.038507558333741,2.743566158271292,0.6257200598925576,88.30990640233904,3.3839195987650217,0.3913356629108954,0.2664871762285229,80.90531556866148,14.240749612619283,167.2903870814012,181.13381535261024,112.09362087191936,3.651795402153808,0
39.68514676407544,0.15046985300957513,4.315182345199436,0.0073085362325538295,20.833678997439257,3.6427590428839673,26.502305234766414,162.27374679613047,1.5485281149907986,1.9639720031585506,44.3727692092118,144.35512579125756,23.413887329121444,0.24784660657261096,122.53349361120975,13.080569776891066,35.980971663687605,5.0114330897280155,2.976735694383911,1.1583980695736154,86.99947802070822,1.1731287740841587,1.4149649286274157,0.1125649731199754,72.8202140469524,25.738064500073232,175.19116972170815,173.74962329103306,137.02417041428902,6.099959791828274,0
35.87755127452679,0.17677865278120264,2.4639986227451454,0.006380305990955428,22.751897726281964,1.3640868127490844,27.10368585859702,136.04171155252996,2.6221092815893363,2.209967976697125,41.356131670234824,129.77711735838324,10.115822502533451,0.3380732698273051,105.81827550151078,23.3822450523625,39.73316056287983,5.723985577027602,3.4699081032617647,0.40753460263116215,91.52355244928567,2.1864823868360856,0.6682968397996746,0.1605389334570421,106.34321805497606,19.28743032876073,161.77314838056003,166.91482325439912,131.1029771907983,5.351106359324342,0
41.136858206890174,0.19875131217640155,3.7109243419557325,0.01755551936905905,26.69419886069819,2.2265071513543666,27.276104130910824,133.25117848051667,1.8392448804095345,2.0564936719963796,45.2535111873859,150.1282145877297,28.58967184470906,0.18642903950511613,162.52763446665213,9.339021943883175,43.164212304261,3.704690271600209,2.9688567490379474,2.006171420986799,89.65430386940096,3.685894386142456,1.8511560976303874,0.3185957807434091,68.02936070707324,17.059202656775344,184.93875263213715,157.11834441112342,124.16173202823214,5.420005872488454,0
29.44260635165654,0.1661792404307546,3.00461075740284,0.003915342996997349,24.032159911335594,1.5432660920003582,27.17685424828117,174.03434744949342,2.0120996692466164,1.891633548986484,56.252649733485214,168.4791771704603,20.76217586496435,0.4374827362262925,152.48450746359043,18.41465721166914,37.69779318326948,6.116780084786608,3.232241304811138,1.6847454575554834,84.8656733636577,1.0910527651882722,0.9027824984235595,0.18473853237564078,99.56918907398558,20.092511518232076,170.7796337025891,164.2947658203765,103.79306857126687,4.672778729490272,0
32.29926609099827,0.2011065650661887,3.5125243528548364,0.01258043663631227,29.258178361870577,4.455286609483508,26.301246556180548,161.423743513452,3.30027918167254,2.2597484297340835,39.167019695048396,135.33373255275268,24.881555961887027,0.20482688814150327,145.15469613161534,10.588892087531114,41.51977555857901,4.733217407620964,2.827968226623039,2.528779521143677,84.99051512244725,2.4669912247136105,1.0978822305390608,0.2034747977446315,81.76134730837,21.782443846645748,146.43413699272614,162.04170932094362,106.70993266266419,4.98069480792818,0
28.73837465334126,0.1654608275532588,3.226153048440978,0.0124731502374802,21.087203476961797,3.3285564841955226,29.413729082483155,182.59617075621716,2.180965966787021,2.0753032017379547,45.106477911386825,141.97254424489554,22.31575952658091,0.28408291094399407,153.70174185863152,9.079469842963809,38.04624077729685,3.4529011357076542,3.602529556949704,1.1406457565163273,90.45710110685899,0.5390130961173678,-0.19494218406224673,0.29217284451094794,73.38067755230433,22.78481373622087,181.126191832392,173.5463645684579,95.43870561176485,3.6362898929950322,1
35.23393674757144,0.22169333057943647,4.130416807378511,0.0070484226969633615,24.00085497261278,1.4117411590676368,28.482096112529163,148.35824858661084,1.46848065966276,2.0165263672338978,48.64391274846393,122.72076765944277,19.149727313378257,0.24248311358873728,107.50837712791707,9.447559345991028,37.456049182683614,7.480767848755813,2.9216379793791445,0.8525427262784835,93.10685578688815,2.0012058973774867,1.0611462572551218,0.18855962997127174,79.84979529530096,19.327338373564867,165.64545511811437,175.68788332525978,94.53464199750672,2.835149060990518,1
37.83714396435028,0.2630550088326383,3.9544314434684673,0.006667286758211629,32.28732652526065,0.4080323065893672,32.92244085285816,171.94759233910725,1.7544008354395726,2.0284872190669665,46.61284923379138,211.0676641089847,26.22848278254148,0.24608539790457645,109.6057097157351,14.673843186281102,48.1231912178112,4.4922847103416315,3.273719917315085,0.7743547128146794,82.83456796019863,2.002489094780133,1.2154334129031268,0.17884749726513585,91.98835845937298,14.593783016461185,176.5319740213167,181.90777272915642,105.25013704910819,4.37923992739303,1
48.764321412870075,0.1263881766085393,3.449669863262303,-0.00025876171504917236,15.324318069458226,3.300930372018081,30.825037334856695,153.3015187560804,2.472432943959497,2.0343422143785497,41.62887328648172,136.2397356546502,21.73850493057886,0.3098217207071256,114.24640352085024,10.91769579023186,46.86853864870176,4.610372637169927,3.155011209623403,2.501719099863502,90.31157304511514,2.2675798203060142,1.0321156980392368,-0.019659638558358505,81.3991730631563,24.16735659876136,166.86973644279473,165.42418161243367,115.86793820758153,3.6817929844958748,1
35.13680629629204,0.2002952989963458,3.8416900069674034,0.012593540823560987,21.485504678539588,2.8732678923708725,28.280453048231507,136.32694154324366,1.9933637354015732,2.351206176781139,51.616134638004766,182.77683119402332,25.28042595776356,0.2146221972664698,118.44904514928096,27.06848114166157,37.77611189140683,6.186452766738068,3.103777531107128,1.2827293762008194,93.01647332917264,0.5739085749401631,0.44429148523077255,0.3124295352107055,77.98348072333737,26.422717642526273,184.5196188771842,178.42637981369228,122.87874901005131,2.845144855645283,1
26.246800440742817,0.24329561106777717,3.911363633964059,0.0004075895124743649,24.08844411880698,4.103668353187433,34.737954761181655,162.1827997996758,2.5234270449105605,1.866358019547394,46.726212570829745,202.88192174907294,21.793345412023292,0.19741796705133977,131.52342578648614,4.124332036731143,37.47696340790537,6.227154434985716,3.051339081999867,0.9522685330640895,85.68993546990387,2.8348979241835526,1.24796202303471,0.2943458846601604,91.91123975569917,21.199084293107905,152.2258195785655,173.05982111622154,127.29099604264894,4.929483118269951,0
31.799351630455742,0.20562299211042664,3.241967259606129,0.011264800823507509,23.57070967715871,2.2684365234136012,32.45135239575134,124.14174406207911,2.533758198171984,1.8762857011430498,49.5123795143296,123.05047683717058,25.742352536088525,0.22452466148710326,123.47627998027266,12.578624701246376,38.718000817635094,4.310832599276377,4.077069559144825,0.7558064663980132,92.96204641190894,3.5819340414545087,-0.051582061316080896,0.24410674175464667,58.47599481307683,22.688938283957636,154.3287895673289,193.62927585105228,84.84074445892074,2.979874625722608,1
30.229294537190547,0.24823229960970247,3.684804124641665,0.017535907419966808,26.452855503823166,2.699943111519146,24.766356417673464,120.89154375490752,1.3557804410516177,2.1136612266962183,47.44960163803576,142.06726137931147,16.345375629985075,0.23855978450462717,109.95282653760918,15.04160578707036,46.13177548125486,5.746495982491828,2.580551741483498,1.9587128486819598,91.81636049867583,2.1770524440698766,0.6440471086233597,0.1590381258641953,97.89357207649243,16.976868052666777,171.01205943629668,169.1102945352932,93.84234305764538,3.7410359204333927,1
39.02376589456753,0.21518599776039127,3.3618757768525835,0.005145213374528957,28.54891911320413,2.0436636767723564,30.642839134848813,102.14661672591589,2.72826594328031,1.991976635760863,45.750993548754984,131.82728200391705,16.59044910206402,0.37581633499385503,128.30461685738248,16.019784376781534,39.06852014147397,5.952870155301345,2.205343385293989,2.4711419543494735,89.0342541665873,0.7359185003607778,1.4078918197740233,0.38096340262062234,78.81407305971688,9.508373185682695,153.03625432943124,156.76714835385508,119.36989022143148,4.081211971824217,0
34.684643585997655,0.26459183718769663,3.035408611883125,0.002681923083114733,21.671821929919894,3.6106208910803357,33.61377051015085,155.2360954044751,1.9444209768122611,2.148746732176958,43.53484358766422,171.33363393831056,18.13625134961967,0.16754326979587428,114.69248756444586,10.656426933185125,34.29134931901697,7.5556652239899265,3.1051835764767497,0.9103521242848922,98.34455210744515,3.803838371760577,0.9583376794773529,0.11357889127022637,83.21175973369196,20.607974246880637,155.48172169830235,180.23852017199803,122.67411325646485,5.14014318822052,0
38.02217199777564,0.17753880919483145,3.1550966960855282,0.015681884691002228,27.722371797030764,4.14993121902287,31.962617173496994,128.8147444060938,1.5969705094427127,1.773300148411571,41.0917021177364,112.77790430738011,21.030975122128034,0.43050860961897963,109.39021416435665,23.1670975454065,41.35340043530385,6.22871152941475,2.949160290711054,1.2197551347901108,98.75697783211764,1.9543279578185768,0.6127753579446624,0.14792362377808413,87.71587692443926,12.20253027473794,141.00545522232125,166.8904344241411,109.06870432062937,3.6835725848751144,0
32.39898414871505,0.17201313788424233,3.8521841503618752,0.009352693807417193,23.391388710260152,2.968493834088295,37.993924648337945,150.3020174522985,2.1313514694786035,2.0588580183873266,52.25890419483736,159.07349001036482,27.019049839909236,0.2729532516752008,106.0683225659539,11.592379527406756,39.34979697871698,5.75573793307824,3.85059568800559,2.0644617895849597,93.51957099445042,3.2771214216339413,0.7876030730555933,0.35614186356942806,94.06362989193443,12.716990037018455,163.75691287710407,172.44380629469404,92.76452027337263,2.2503373885241436,1
26.50379396351886,0.1941899859100414,3.7043209549474643,0.011202684148916942,30.9252246710911,3.2566503845422385,33.90417727110268,179.64977325570746,1.3270301385329883,1.594766006136861,47.46881416664996,135.07712665049715,16.948933809044313,0.2645046610078672,127.60172292718472,13.995014377152653,32.25134420249449,5.4444601086371955,3.6989728328119327,1.4845804577396091,92.33006463404647,1.4968486776271184,1.244431533244005,0.06657191675002183,72.18800995795185,21.648529319727245,182.23478997707713,158.07416884028643,101.468720312695,6.551965557719914,0
36.3512808518035,0.09594151801790651,4.0252160440473475,0.00436059127492037,21.313130963561264,4.472847551062451,30.973428299787194,129.31563591168617,1.2433071173963304,2.213302517010912,46.872961962940224,166.0155653714376,7.694762838834075,0.3991567797083114,138.56186740099963,17.336360225200394,40.439610489617095,4.854516422812976,3.1212622536459316,1.6457979053283418,87.17066989645232,-0.4157047271377987,1.9376824128411059,0.31963692714192604,81.37113297967169,19.252040902735235,162.30352657677875,176.7460023795734,129.67955647235462,5.009091070972493,0
46.735329327547745,0.2412761134429914,4.143983463639478,0.010544199261978226,27.78396762656342,3.466603612367928,26.895595576535513,142.92495592687757,1.5384219181986087,2.1718906360130568,43.4012214499747,156.9269247689226,23.13264366894727,0.3242300785320826,118.70120522810222,17.472642088233865,42.85633565863124,4.881833763591209,2.431099883360212,1.1593105372896146,89.32788584579636,1.9286143507125701,0.9896266924524773,0.27714949018482565,80.91255901554848,19.141884419246043,197.769558987063,169.12818761687691,114.82437402857344,7.88526947385131,0
39.94819660109026,0.22925461749500123,2.911011165646373,0.014214137190556793,31.12868320375508,2.902083067079535,38.33095542668769,155.34114650346572,2.511695812553888,1.8441059495717151,43.56681779583881,154.69625963830853,17.9793073222362,0.3200127978152706,117.44980783720902,9.895223853045373,36.903893550321754,4.076927234776091,3.6299912014074414,0.374047212847719,96.15380045789878,3.3181267139796122,0.6885165056133502,0.2381653496926374,97.18605881709814,16.616552412099466,153.65475604558,174.74386203344494,107.23927430397741,7.370155411881372,0
31.13622872624296,0.1983055611663783,3.966972640287364,0.013483152048209757,30.557505103013945,3.8778125605301663,26.45993989102047,139.0155222656949,0.8655223753318044,1.4381031427457227,30.740090533894488,136.64036404369995,12.440972025428401,0.28894514419645867,132.6386570051602,13.164701721034827,48.65723345992714,4.84689040538955,3.334018955607639,1.571325074361676,86.53198540278889,2.609044078446429,1.1637323652901232,0.11415123474412961,57.29238727703027,20.101009211238633,158.5517348297714,149.42945395932142,73.37135738344645,3.2822959603249893,1
32.880550162576164,0.16944873240686342,3.6596274413822445,0.005811204115853978,33.13489210835286,4.665816719517062,32.61945316806047,153.69877524929666,2.1597854392117135,1.5908185100009666,43.12751331420914,134.71588263143738,19.34038742167847,0.28389887867667674,89.17896381202279,12.663898010709776,49.372386011740424,6.145197290370991,2.866843681011226,2.2162479589686743,95.04812549458258,1.6785468177406502,0.7213851556145059,0.164443661587921,95.37855444784398,24.68748915384002,198.68105760735537,169.5104490380426,107.28212839117138,0.8969248590422501,1
37.93961230453432,0.25392603568920474,4.632397148172411,0.012059092640656213,24.74961873483675,1.5516650348104348,25.85556163125595,133.1328039896822,2.532241834955122,2.2634653324010103,37.95684101949325,176.8663564797264,21.79787563056491,0.24117856732947876,124.76057341695703,10.692821684520522,37.738222726563535,5.968374725921496,3.6997112288721676,1.223457854226405,85.08977263103691,3.4187188977054266,1.2056757935430902,0.2559883362094198,74.1603161614537,20.237617304244505,162.323149852047,155.9341047783564,151.19308020536516,6.299650222685882,0
36.06420717641945,0.2443995701063883,2.806043595496158,0.007785778685698018,23.688587848119745,4.548166322104633,37.77750748379218,125.92250783946984,2.184549790286024,2.11041449294749,46.91265154818635,158.95998157979565,22.067442853442458,0.12948477771968245,159.80978912979984,20.843556671486425,38.654889706409406,4.765505668433172,3.4994105753359954,1.1828084175183398,88.79752805824153,1.9085178945191963,0.4562094321669954,0.16895058532656876,90.3278515722947,36.05464367071533,187.14039319325525,169.16123814477626,123.50110967743154,4.719300397256556,0
39.527264179842156,0.2429472843300774,3.7462410834871736,0.00885009090203901,26.58936988135592,4.021088125700345,31.97419682917904,160.3064554282473,1.7406992754503559,2.4925337888767305,31.393705158170064,129.77375138052705,17.66751987136565,0.24713052807277147,125.75376878282202,7.145862503315151,40.032230177278215,5.935412658913244,2.9706909465128932,1.4747167710827356,98.57131407023881,2.2326324557854185,1.395402372961818,0.08581200386938058,91.51346077830726,16.877101373641466,172.98241584340866,170.67880067453996,122.07752195559371,7.631468387621363,0
30.34793875386329,0.23616409215932277,3.91139721242086,0.00023729462290647367,32.74273633083862,1.8149505158020367,39.90067820517513,140.32336015856836,2.641227799746718,1.7924919771381476,48.6465925655537,191.5702292360971,26.277387945836217,0.3494000184998985,138.95916402363434,11.336891078462692,49.60400772430361,4.179217386827156,2.728489264495439,1.0411887338706105,87.85488996972643,2.345958380413606,0.8558092765753629,0.24383067969508643,80.7556162686104,13.61375390597031,211.02736225237584,162.87731037103936,93.32944331724953,3.0870441922704437,1
42.47596016899969,0.2656671681558057,4.538504539574097,0.0028473739803330286,32.62599901946078,2.933086579118166,32.80446304859356,160.91621348441984,2.1475463942421427,2.187122915108659,46.706462861968454,143.1268192745822,18.020995302463383,0.4883946529564579,119.04197544581187,8.379765279485934,44.93554962454333,3.6808535521184034,2.7599357649691463,0.8849189949128222,93.71883849889602,2.406183889561664,0.9114027202767642,0.24924922754818407,91.8301068241361,23.105883013700698,177.10747719091128,151.19648676345702,104.00080886932906,7.375684416435709,0
43.781028993901714,0.28489325143419775,3.465119488346738,0.005210555210927944,25.083915134784924,3.363236035634441,35.534670423951354,142.19263766432806,1.7767441991303925,2.2642994566448102,45.41065557319674,166.82207586135547,23.863750978132742,0.2767793345958941,120.58079270771599,14.863455097300974,30.74144154004446,4.4176229126329245,2.657815455936085,1.665120153638853,85.51690105336212,1.1073455071244858,0.509252404379456,0.12728042124495054,96.88047583409016,14.676002366779649,146.26151598292194,170.38812586863278,104.28475294164812,3.5132015273030537,1
36.94576103273272,0.13785225383578104,3.2777247095215962,0.011846121522947426,25.072166924150817,1.7859767913784277,23.19951278247905,149.62211952470858,2.264699148562544,1.7873390980075514,36.16598673236051,154.73838092358858,14.530144865927669,0.33499105901473963,107.02566569245124,19.19866061048536,41.36086909773456,4.801178198707813,3.176784534265641,1.8440278834501054,89.87608230792836,2.9676000557014435,1.247318636235995,0.1964612710823623,91.02091873940063,23.39400610193113,131.97665051696444,176.15298722210792,89.3625573758989,1.7372201165674297,1
38.610545111022056,0.2084467076951384,3.993599600954321,0.014169142472160272,20.044097028215067,2.1252720477550056,31.515682200011536,134.590297608956,1.4060903307671646,1.7994136031309436,51.82676605107686,148.86485223922364,22.04634307969983,0.388079644140755,158.6244726502223,18.98087646802005,45.930088350179446,5.418728178806986,3.1701786807797103,1.4109947613570544,85.0755300053703,2.3152789533216893,0.7157044509520666,0.29830395413328026,95.15214838189794,26.149230824384837,159.38463438666943,159.13384049147786,94.35508646759573,5.310665830145644,0
22.233483436894307,0.20993436791310788,4.017196458638851,0.006980563624181834,35.13733815728291,2.5691136735358824,28.638955876737178,97.74039952905432,1.8038261180040585,1.9472067399408328,44.50006717619213,155.69789539996157,26.49885514507691,0.2712669685068667,93.66532119590181,19.031377601391192,29.382090503764964,4.2162770937981024,2.8825639076377993,1.0081815842756752,89.47819623323187,1.3381314868458123,1.5387950143760551,0.257307188318045,99.58859040566588,21.51009026011689,185.90046528760666,181.29121205332498,109.22395266366806,5.474292388352291,0
37.835614210009396,0.25087804891844573,2.628207121180405,0.011997211373468165,24.951622068829156,1.0502055062911462,25.628535623295768,107.91247125401551,1.1348836265717575,2.7075116897370317,40.183393871318145,177.8610857837921,18.29012431440669,0.36551883244922,118.39698864318996,6.465025116505425,44.52893669718407,6.455627358898812,3.153846635607292,1.6423483402952244,86.3208615080844,0.596668627457406,0.43202164422990574,0.35507376206117314,73.7939113875165,20.39567965949515,134.31704187700984,182.4268622116162,129.51653634085986,1.8849927452315405,1
30.0484752662176,0.24319709301603604,3.0848847789054283,0.007918894127081345,19.005353531798363,4.050377600009025,18.805835296949706,180.2701217045563,2.4130497566305054,2.3192759903352274,40.64011238597163,150.62157093194628,20.454673372991042,0.17167965055362852,128.80670061730837,10.172829548687961,41.47750376139638,6.004490569430947,4.092779987748627,1.8014028683604004,91.15200353250022,2.9006101281976218,1.106469701906976,0.2387130715881568,70.75549763646099,18.429619994088974,146.95129109325163,157.60857725644217,118.88154460745818,6.870424641766368,0
35.48495691416104,0.20720731896336816,2.9614185453328394,0.015034449221190637,30.130011824660713,2.905700202722591,23.63488131798872,165.2526219134185,2.346780516828219,1.477393004111025,51.42350764048609,148.34094531661574,26.108595098100604,0.4019802292990733,123.89655250688624,9.54789673963776,40.324330319205565,5.452139836433283,2.4909806931837,1.1782605749957762,89.66612902445351,1.8935585397257817,1.0706933674390036,0.12321582459559866,95.51185761749187,21.677561470366022,195.98533030373312,197.05930082725456,91.75452896186823,1.895698517860593,1
34.280607268350565,0.2786100715489538,1.8780609791427396,0.002440182150930028,27.284618326993638,2.3117535851401962,28.19132762830439,144.3522348070061,2.954616202819747,1.6230266472456003,43.821684246551065,133.03707144528272,21.310474841900355,0.2062858201998717,117.92422210276992,25.830232749296563,45.08746963755425,4.974642662148335,3.059613502007001,1.8815971774266373,88.50184584400334,2.0379218233829555,1.0488808516223516,0.3296505254001085,78.85374418427801,18.91803067635063,167.0897119736085,168.71524681799767,121.20621140328997,6.916494014309171,0
26.983606803689405,0.19555413662957277,3.7778622339251666,0.005519658269477175,24.49395262943045,2.004538424160407,28.305624113351683,152.54612362251223,2.26988341197319,1.797731385004958,46.480147243185606,158.69275844547548,25.0523602293747,0.20122616353216605,127.79303771895816,16.548845825733938,42.051587898415946,6.3596883009216665,3.8861976083415612,1.6173322997176145,95.15451193734464,2.7949399399486827,0.998914605865234,0.20898175057484608,77.95907819195021,21.599865575282905,157.7832695381589,157.07908049471015,131.53732146080296,4.633636021198516,0
27.652648563076312,0.2531296169258833,3.2926387255124365,0.011742845131592712,22.74618603323851,3.110929318708408,29.822988484877047,145.824434918076,1.9302228070173248,2.1745893095805418,50.88992171591811,156.4781314743887,28.776546569994537,0.39526693513443445,114.83965715019733,24.566544574071806,37.07601848967924,4.627430929180294,3.5186938631091618,0.8954622279850722,89.16416232198567,0.544997144244104,1.0298493606754793,0.26977253183270966,81.26675213517576,23.320331398355194,179.4165561650939,159.5293435498259,110.97286301825766,6.520498640010549,0
41.167601463056265,0.22045361152002166,2.9640441204946555,0.004189975193875597,25.714689965859975,4.160138358923105,29.68949279755253,162.21034981548644,2.5843906882978374,1.7581624554286717,52.10797751902551,115.42351236512019,17.200496157128153,0.3681649326017919,138.84556753766884,9.121104195623992,41.11218078136041,5.378811516259957,2.947765883410724,2.5235907970534655,102.29341205778374,0.20592812141911332,1.0614744576331583,0.5098343848331668,79.61569441594055,17.30916115425712,167.29722000099198,163.01698855299213,116.97165412098653,3.227164285816047,1
41.409219195231685,0.30918602209641777,3.59403799663503,0.01410854949672958,29.141297010303262,3.460980942712665,30.871344720364764,160.1014767031089,1.9477649901200806,1.6715850549034663,46.89891478948703,165.53145771344597,22.207681434944114,0.11639868675310233,119.199850105843,12.955895280393676,39.8188310205176,4.853596616688644,2.457078048197143,0.6572323034419176,88.95845488161446,1.84320656761807,0.5850638839984835,0.2926265935580575,82.18816966064362,23.815118572231327,185.87921005550513,174.13477713617866,96.9601163925167,3.1665866989144424,1
43.3097376350665,0.16843828471448308,3.4222115197709932,0.003513013523129026,27.641199570788803,2.517126398259123,25.62198992926972,149.54140435212864,1.288957678550983,2.2115548803264833,48.911609743915456,164.17804454735952,31.849091986802982,0.2850559019823765,98.59574679304146,16.79285283680449,31.818058167655483,3.9206159516210706,3.290884715031227,1.4845093325930863,85.89138517778301,1.9215771570413234,0.8209566925886389,0.45969972058993136,93.46834229988666,19.22921619628538,168.42689747495396,180.95921171610448,134.97038025333313,2.7186376155321246,0
41.62693970010228,0.20399312491905333,3.2983309022349316,0.01103430173310722,23.935940245564726,4.156888922995012,23.04380381548675,174.9586037222251,2.178060460411263,2.0411326580863087,41.46092904733423,168.58520872980355,24.410237904502544,0.29183606191562084,97.86781855364559,12.607237407992075,41.319686475832235,5.063856924051393,3.753381659394647,1.1443497749704408,84.95116560774595,-0.021913249310091754,0.7328782369737623,0.27103958490208274,87.63126717453335,12.320043385129553,152.01254936079704,189.59589268228422,100.3631704134294,-0.6655069847460542,1
48.95985583182021,0.09160960784002377,4.04409954028382,0.010636806161452657,20.786850026772008,4.445335732682947,39.0333197520512,183.36044072173684,2.4920400744678983,1.8330659787070887,50.87901360276437,127.67358513866662,21.61336506692398,0.41605666722173923,156.73938815694726,19.968616755730416,48.61586807363264,5.108559739642296,2.5726405383436237,2.053236245940988,91.76281017645019,2.429796495314471,1.235838437521895,0.09689487188474655,78.35855315847647,12.815421050699932,176.1524447393585,159.2904191314257,113.92654538379142,5.604502748579274,0
45.597593550256526,0.15557351871982497,2.3570772706443504,0.016038250897816107,28.136825625253223,3.537996000445648,27.97956601433843,155.5307853876839,1.7105926222633454,2.1972501872125743,46.82142985146791,148.36510461928887,13.41949011308731,0.3362921774226954,106.33868102005975,13.713608483589308,33.7011919694906,5.05033438511878,2.9294379311038163,0.799260941351475,101.05988124311912,2.196445964075304,1.2632273487741355,0.20358760695375647,104.15059052727071,16.331783352199555,176.42001007625308,169.21399748031465,80.20162660960135,1.8209438569273928,1
42.203715257312155,0.19261319588373615,3.4116687540922013,0.009778825661296734,25.556836099626626,4.594890883746432,36.54160208483756,140.85141702219187,1.018717593941216,2.419208458522794,39.69496283551364,124.41564630622369,22.47024090462429,0.3338710100736127,110.90197678156888,17.31284847536141,45.73714956188749,5.935965598282083,2.941753845253881,2.261991961928888,84.40740626571369,0.34018646278633846,1.1344985742038658,0.22510871652140585,65.03982893361103,25.091641066451086,178.05989395709008,148.94819204212942,149.47334108008937,7.5321158613374415,0
31.95438360295424,0.10867419162640492,3.889910893279339,0.009792867224026,27.14803802307231,3.46556159772327,32.63410844072779,133.5965324757209,2.351195930596268,2.431867507885417,34.598479854039084,154.1121192039285,21.911892796124924,0.5272314276006271,97.55237739097706,11.702121604523436,46.32383641635434,5.855274842073093,2.970465448594955,1.6585385062812317,92.40345943110174,1.662343893739377,1.192574723500463,0.2719309778039365,95.40215561831837,13.70720056716392,175.56575883466084,163.50709058252554,147.57285220139568,3.2248284478819222,0
47.10116635276872,0.17667213416862054,2.3615614404939036,0.014769242714479979,18.034598875239666,2.8555832255471447,35.10834109769628,162.36932573432676,1.6968449132649153,2.26681861134272,46.05311430091382,146.7233291627517,25.53376284883437,0.258911442857337,119.10474800634265,10.662168444276151,46.453650030956894,5.140114733774731,3.130076847405447,1.4208423750623087,97.67782508059311,0.8083986879516258,1.1404707596539656,0.3117508730797961,78.70661351609918,17.48486653131478,177.8500144809218,165.34902564062006,127.78072322910963,6.688160349527546,0
24.989004428292077,0.11452661098975828,3.642513856831723,-0.0003416828757885678,23.05915495654623,1.9477735568250039,28.548199188599185,135.2527988057946,1.7658652579732377,1.625988162887769,39.45327990952675,172.48848816244546,24.47320103090196,0.40347577729900386,106.74133513794193,8.517474168490619,36.99364690834646,4.203496537497148,2.2880324117455206,1.2094301511058818,88.42527149731174,0.6314751125840294,1.4448917550694438,0.19717963762839505,93.03406231282942,12.499574568773395,161.5929576804535,179.12912160308778,103.46525901015058,2.030315584229672,1
34.26648028122968,0.2519018758085528,4.5882955578106355,0.010256976321251292,23.54447069537197,1.5628346976107461,32.637850191611534,153.1757835612146,1.5576650340061238,2.056777323560633,50.28850604635268,135.23673283090235,15.714515217188497,0.2182813912585697,123.91160989911084,14.35836640530854,35.96446874058042,3.105351472798579,3.4551537328146478,2.157829196788697,99.20238485658378,3.3617541365405685,1.0176298058576179,0.16392906918253006,70.58653662042028,24.212950092804533,190.5794255188875,173.97089385737328,95.24950069144967,0.6489560633374349,1
41.574562565562495,0.2125098979220179,3.9265884401844486,0.006283638876718935,26.062296648987996,3.4960953596748388,26.0615945822552,145.8046803403756,1.9850351880139347,2.413369115831112,39.652708134768616,129.49840081103767,26.729697129689036,0.18563621660444063,118.10160923022399,9.21456111142434,43.582469833081625,4.4603298505298445,2.6714352074684014,1.9135275513844978,96.68508893890846,3.1168789496416305,0.5550095422545159,0.2550698060966497,118.4414920837844,20.136743135350365,173.60653515696495,171.38360068134787,87.09359859861642,1.8945000764650464,1
40.436293810651584,0.16566966301083066,3.546486682788666,0.019021370599750058,19.045030213711115,1.050798185192409,26.929569503796827,132.9541560967396,1.7549751507489717,1.792604606718144,41.6477807418506,136.81131342955842,15.064324579719301,0.3168636228200062,117.69489109539356,16.132176574889034,34.74068552134285,3.407863455471272,2.0896185558024616,1.3760240948455091,88.61817784741515,3.3733720464246932,1.1420419629570617,0.1780395467753793,84.16563615923127,13.344405716201976,188.97021120634417,163.99956887379304,115.17909484551853,0.5214445063369064,1
30.725821670918222,0.13230901893940444,4.2103932240739095,0.006405507456497121,24.68169377921024,1.95223984343253,23.214621657373872,125.26719160212036,2.198354255293544,1.7526340913393794,43.658608439814245,138.6928896977347,21.37312792511153,0.28209039165799543,117.86587923123672,17.437195242290922,38.16755599064038,5.754479008048876,2.9536357782162534,1.1111945505038605,103.17633736070499,0.9796988912492735,1.3370890823111,0.007907701170315612,100.40075144131043,24.730599775166212,160.94188317608993,164.25233406881125,111.50498143720614,3.7766860333476306,1
44.285745803358964,0.2170243068888428,3.427480131688888,0.009677629555402236,19.282806105610316,3.661237067614261,29.922782359056985,119.2469698157479,1.3593892718021674,2.1008151284894696,42.7800480560971,151.0683729245932,22.790975511488025,0.3432181263853674,142.87698639156682,17.899766482488705,36.60030396779278,7.163406994365262,3.263123714559144,1.7529391181628762,86.35695285015883,2.8646142938710315,0.7254987095217564,0.18893074661272785,87.57154567058689,25.812081655482494,135.70248676296362,177.53816476549628,89.60615805441344,2.3971876142549093,1
31.981133163983948,0.24656657846798133,4.12331538825549,0.002556695730270793,32.1859990284807,4.948520557817264,29.93865802329571,167.5616802722359,2.1925255407653235,1.9015365218935092,42.9591441325824,147.16934537443606,11.554721679118366,0.049242978267938275,153.68214302815244,15.604756608759546,39.74430217343712,4.736723573401136,4.117451667795189,0.8311550580778707,83.24805192719658,0.9595114132462303,0.7987488238964512,0.03285637793949464,75.16395937491423,23.538815767918408,179.86010896356117,181.6831686674153,134.0965766059323,4.541929801735294,1
36.2649957592487,0.2528885232363339,3.7385425468098545,0.00967774433122454,34.522842086680434,2.563060600190571,38.49873919749511,155.95730981109435,1.4733063558942754,1.8709364391349574,47.29351839031945,115.13654199990819,24.523315718990162,0.30103706317270384,114.60544223279474,11.89983093155754,52.18744620585623,5.520914149062088,2.228723920138945,2.1730514035441724,90.78705847930365,1.272109833963035,0.8102561383496442,0.3812798133216906,87.30429699761338,19.87929213763001,153.0494022361334,169.8965712619388,103.94438582753719,3.5167123799754116,1
26.956104318150643,0.23597704753591925,3.5879742808032997,0.008720170523329048,27.0509827695956,2.104998085756707,28.299249445755436,133.64991271399947,2.603352846842041,2.107334424792076,47.751037728274845,153.8600199093528,13.644779857084732,0.2623958651697803,113.06042471866664,18.99002307684995,39.95384649355591,4.4894854108016125,3.3655657641081724,2.0035814654730197,86.82317266381402,0.42496261303788674,0.3330703798375416,0.1187387957373254,80.31736111725509,19.108008986165387,150.637328551371,180.16973678246612,138.90385180788718,4.182116888348148,0
46.912206930014364,0.1891987915532839,2.8662429977797332,0.010056603947519371,28.395288282610235,2.1255155946059796,44.17860224473518,113.32691390959533,1.9544421260555083,2.432768238180225,44.17092563792969,147.6950417271942,24.6455827123006,0.46492210020882874,112.3919210413481,14.34291282700832,35.67514574966381,5.21676346982137,3.1997973424832535,1.6874725491382427,88.48648699791036,2.352824755400751,0.5044061248854761,0.16668784209401372,76.72776690000431,14.47069927320702,168.36226149251726,192.4371222512293,93.48992892552027,1.713595688000224,1
31.48101240270306,0.18565258069848883,3.993202992730945,0.010251924713658352,20.288285183742925,1.8374070233725657,23.38905773608626,170.6492840241131,2.4420714101277476,1.609671087347207,42.02390792833886,99.36008501860908,26.493935459510485,0.2196984262251125,109.19902527508118,10.41968532065182,42.295119523201905,4.693609837146543,3.0578780514606594,1.3065858872473612,90.14896540999928,-0.03777849210006767,0.9523830588867969,0.21826442498870227,91.07709661891717,22.293082924319744,138.02430614728192,160.2664502992921,132.55653320851562,3.6934621338153186,0
32.39615982103111,0.2084845722836126,3.7595766397841768,0.01390842969688695,23.859463612437807,5.1971647138768855,36.58889723196782,173.19794456837894,2.4583625460779808,1.552198041485246,54.739266052192434,147.3093824179846,18.18113445846752,0.12168243735042161,137.2874245013966,19.253902383251663,45.77732497981746,5.679152059393038,2.1985823334177645,2.2125689573899576,77.57477760025938,2.5400820343036132,0.8392916997300777,0.2030274367039309,78.04015193690837,22.421593422456706,154.2477455021615,160.60327794574007,103.67025178595777,2.809373736321685,0
37.200991962031495,0.19943446706602264,3.8572457772689703,0.013311438738330114,28.907037547402872,2.03153886415818,26.87540653364033,159.99809211609423,1.75903213277066,2.1965813052325287,51.57423515824906,140.95354816807486,26.272649061389885,0.4272926882696143,101.21191635653244,6.5942180863579765,39.43513480231851,5.834343088757242,2.3463046563216046,1.7125825878652523,94.83463565212975,1.831675537973474,1.3541840471532443,0.19999824692359403,83.06659555775589,20.40621711457735,170.23717650121674,178.33190702843234,104.46707373868574,5.277394720100933,0
39.02818326561018,0.18313552992389476,4.120254833908609,0.011798467694836539,19.533673880392662,2.9546011525828697,34.83978295578483,176.57205737743507,1.3925380174220194,1.6139443173287225,46.92967769237948,138.24150860779184,23.071789632680076,0.2926658958177986,73.68083360941704,14.065040956689081,39.90184708343683,4.429747878294915,3.1753756600037146,0.8621155706465558,84.08735651408831,2.2405507000585745,0.7930596236707284,0.2489637361335272,93.79856875350454,23.022242942705365,180.38862212742455,175.29642925120496,71.1241199063326,0.5109886902700915,1
36.16750406148127,0.21246935407458484,3.143037133823536,0.019810182641626498,24.46570846402051,3.7676553883977615,25.81648706614301,105.7077529769353,2.331833050120563,1.614476385761206,46.320395888936865,159.25956177574864,18.19128064537039,0.4186451195472392,115.8335001516112,21.35841935201228,38.37252498419475,5.510875486373404,2.4950581656747914,1.2690895259169173,86.06659515122382,3.1373390389111044,1.0045002920109198,0.21330473205450645,90.67799349320865,19.332816229729126,185.28313420164744,172.74000002075786,115.1002244674871,6.077771759595383,0
29.80864243659348,0.2623264933251374,3.5283685863608243,0.009361947368267703,29.59936328491674,4.539739617882283,31.33876850374042,126.15286283151352,1.1593325961955254,2.1222886897969198,47.33549059053094,139.45295444082183,19.48601087193349,0.28088810703529227,129.85881852742617,15.749574518704694,36.25894465368753,4.969664823876065,3.4911668623902288,1.1068827116822182,92.13839530044918,2.144080264090065,0.9074001633455262,0.08753191115074331,85.04087990828447,22.125844300596057,172.71556879361165,171.67524724648587,113.43056269910765,3.6772082266836983,1
44.42273738402622,0.2125678639081734,2.5159254188581595,0.006659071475778904,28.553605909429923,2.3345018695115747,23.781525623271712,155.23548838902965,1.9643674752354678,2.173164557961075,39.127456633883135,157.04755999328808,18.00780123689046,0.35010124167568785,128.15825722960858,17.85727189392818,38.94865672030108,5.106482086673256,2.619515900146652,1.8311218567219067,88.63622826938888,2.464933777464851,1.0501185848104428,0.26470218697141046,95.38899813338406,26.48246222628937,186.3645334493964,171.73648933813752,114.26870171647548,6.179084912149233,0
35.27086618254091,0.19658583962303944,3.6646124010864707,0.0070425603915147735,26.41953332550349,3.6243260275855045,28.83709562804478,231.36193829668167,1.8241839945728675,2.3685462303918396,48.30092380934761,164.00981154113234,19.064114802604898,0.12707206359452175,96.6894281956933,14.541422781425558,37.08802537078568,5.397247228086047,3.490022008416432,1.4058856293096165,87.05668755482775,2.8268623602628478,1.3328816777009633,0.3373035594320285,62.5606777782471,23.04547190225195,159.2791383082296,175.831988026882,141.65327646527618,3.1405653943301517,0
38.04566830821209,0.21003519797685374,2.920514889871647,0.001636174958246292,27.851684919260148,3.097351316603595,28.257616450656595,117.50915454041754,1.962206016009487,1.6618652262995943,42.5157846479093,161.84568211754913,16.14561471791002,0.30765011245907464,84.94128342577284,14.642932093652254,45.96238344984188,5.728127963307198,3.062666765102119,2.3833624092281918,90.81022686717712,1.170765091036951,0.6321425582347244,-0.03601622894333065,78.27436408653625,17.62458500749505,173.74298742589545,177.84603029813556,105.18654894190239,3.159636722937667,1
22.885778856827056,0.23987451246156533,4.279901771747183,0.017008179021707055,17.655466354121636,4.240239334235891,34.654515111504935,130.07239148939934,1.9821817962350916,2.3467253627031393,37.27191944320843,171.50332928098484,23.51082569295063,0.24868440563771058,158.74007699790204,18.774388769102018,40.38359680956112,5.2869176614263615,3.1224494828359406,1.1049805149317657,88.79504650582791,2.4876075609407424,0.6777486181009604,0.11269171277466454,84.80205087053487,17.095943741819386,166.04894688748806,178.69619586304174,87.3868207429021,2.7367229980472914,1
35.42323125205972,0.1872536594281389,3.2812659032321236,0.009634208905446483,21.902884911815054,2.662394076412449,27.95900871239267,155.59599226153702,1.7619634251626075,2.322451572760033,37.42974401932549,136.0551994730155,21.094832674270734,0.4303213565503007,104.98739496817342,16.89686878396294,54.576277102540686,4.328957670664104,2.8553781318755846,1.2700417421341612,83.81106859900014,2.423136160646942,1.2024086985886862,0.2256572585151928,76.93049024357074,15.282107182399933,176.95655036952223,164.8034492907816,103.57751818281864,1.3283797899932879,1
27.152839801134103,0.2034008472686772,3.0397409824278405,0.011183320772467583,28.295224175622035,3.557930643204755,29.68296812610371,157.88055708425105,2.6230589511420153,1.8061162696678796,47.744356816205844,154.08225958001574,28.360563495133224,0.26780582024861443,121.32150107648545,7.756056413986933,46.009128311097285,4.571513880537362,3.172617140808411,1.0620321449882506,83.61935680630161,3.19430649174532,1.0392806606976714,0.2445007952202861,86.31605629566117,20.98965680852082,174.53419756973753,181.98058992247252,118.85789320563438,4.195817249474288,0
39.96155546364479,0.17809539064890464,3.2532581063610357,0.017446658792618384,23.8444255153546,3.073651360656532,30.424517323322668,117.93224183252175,1.453217715998156,1.8772527128312608,49.24263883524097,134.1513055042018,20.241667443057544,0.25171021626202256,82.50647032376426,18.66175026535105,44.950393752538176,5.4336892486974815,2.9193630464999956,1.489825047057753,92.85241626286377,2.1681414041739258,0.8560285827879445,0.1803914307961106,75.97966177083869,12.160016305311846,152.8889386112839,163.81304398854428,105.26074387582446,2.8718361441070415,1
30.980736605751417,0.1770225226246636,3.7081630752793617,0.011562740230947522,24.81822158394251,3.693653350588249,41.62685577824848,148.4266734692815,1.866760023370135,2.137647391761424,46.26157057793064,153.22550448313046,12.752847744431609,0.215982968287956,128.4080744671126,8.337822859103717,31.60678058721473,6.086618167353298,3.4803010084282553,1.7949533079081381,92.9537740550422,1.3617415971487787,1.109166031321696,0.3849333309531128,82.3652714713794,22.58009489287962,158.39863322373256,171.53909966136806,90.13800836588138,1.7157895684826918,1
32.05230124688933,0.285489587923154,3.6422397327909475,0.012826846711818262,24.28969689145971,3.224003549587363,23.615482182965945,152.13969561830507,1.3074577592341603,1.4507456667118221,45.09427908917256,137.44062080081838,24.08076931661406,0.34861877479236797,96.44560396525102,23.494825389790904,50.686502142000265,6.276675030410533,2.8016262031154087,1.4889935722975631,91.5434485605013,0.21243656463456229,1.5304185615581767,0.32671338112900955,80.61334193657257,14.855103162087001,172.29761083300025,162.0591467683875,141.49904606652808,1.8084601562001228,1
43.65027639898956,0.2713640818636369,3.9405631663344245,0.0054608821639808135,25.878627349944665,4.866309584184872,23.781788362453476,182.28741794200013,2.053363796090026,2.204075765406535,42.25031188435901,189.70706532935182,13.040826134668063,0.22542087600849503,116.60744266695876,20.144710620074786,39.37710833085317,7.191032034117953,3.153890395602859,0.9597207981145424,98.11833426906982,3.2175161508390295,0.6736892949900841,0.2900381712416255,81.81272729468081,11.40278935728367,202.07764851811152,179.2614663969031,90.36085237800143,3.727829173336009,1
29.56179160529485,0.20652815505686595,3.7487769029526024,0.01412265885318149,13.032138634907383,3.4600120395585674,21.71185800529462,148.92086889875688,1.1468084999912012,1.8092036079974352,40.43693149602777,144.72293815156888,17.400934162409456,0.2742607367750379,134.88652971671166,7.506104311710507,41.66955308478424,4.1631936240564125,3.682955928375139,1.978120467474331,98.89530460712592,1.6540209411712086,0.9605966199940948,0.13880940785412582,93.53592239038028,7.3585881679712895,164.01064224516315,142.63582649675354,116.6068461765528,4.814165754556066,0
30.288557544241645,0.28458542377638346,3.436086883521616,0.006611902609809917,21.476553252620953,3.738717009045565,31.58348195998567,159.37676528324297,1.8792013017478792,1.6387781787293707,58.083911607708096,140.1589435433376,25.66629586338629,0.2303388474259854,133.19925395803963,19.169872567337716,38.63377152501031,5.484105974682785,3.57240120994655,1.0105976183885583,85.34545742038088,3.570357472325303,0.9102674691431072,0.11425932562753932,87.77440899525001,17.30544776418548,192.29784387968556,176.06266657594722,129.0157063987583,3.0902926320864244,0
33.57151292323849,0.22357637607245825,3.377355340986671,0.011298540611307513,22.091101868950812,3.993713041115887,28.349138078281293,119.12472070686299,1.6923287043329691,2.327099592160408,49.04206762514251,149.87272086095274,17.3439447882652,0.3324344955482699,90.4094827876615,24.31827497274174,42.66422259764233,5.4255874334450205,3.20340872966823,1.4879136286887482,87.50362415910213,1.2793534656920285,0.4857935254864233,0.15497560472048835,73.93662275247647,23.444938508365237,179.43453344121025,181.65653437912331,105.27519057624403,3.460265058146777,1
38.01904179039485,0.2738916261079792,3.0062379410124547,0.012827692739604827,26.266827206948243,1.8497219056311074,30.560854136981163,115.81811203037391,1.4861813150627197,1.6875228582322739,38.846424128615425,136.17579023339187,20.75900216911035,0.1922832715421638,107.89261043339059,11.224020382304454,41.25674961018595,3.053648091670352,3.7259274788204357,2.3072727667185666,95.75806725797831,-0.2692781722602029,1.1697041601722837,0.3056869864630967,97.39374476868295,22.787241296436935,173.11033806291294,161.20269672419863,127.98986091920082,4.534150646779967,0
26.11799238336104,0.2725003204027224,3.7653493311598085,0.01266570285428661,26.66260191823984,2.229344141898358,33.91709581523832,181.66759979952994,1.1862664486264725,2.4490751003990017,48.418478688802466,154.52896603079645,17.1151958452897,0.15019399335984665,142.32151204849595,12.540045008202592,34.23550434466636,5.649651805353663,3.8319425973382644,1.5499847936171927,87.05235531750218,1.1894940475218254,0.6050236084912447,0.280157088878092,93.22420199359765,21.901069153441885,179.16620784743714,171.00571094310507,131.13558881464013,5.470058101623656,0
32.18323858135635,0.11949453402051727,3.7511982677059956,0.008368898699536085,25.301360934421616,1.044965607675956,31.590249275501456,152.36990771878257,2.2989832367648084,1.8907402453549018,41.000415360837145,142.6184495758152,22.75107101517342,0.13179094407241157,115.43964374021458,12.771336655016128,48.56476079442173,3.441282111421203,1.9330491992364023,2.372095286596768,79.57425586796516,0.7708883111808593,1.3368718459290574,0.1008865126785096,82.89708529114938,19.477423488739944,140.31533211928303,162.65585088082128,92.44102706154538,1.963543586803571,0
31.683024317777857,0.19606620001339428,3.490637562033763,0.005407986697485464,24.789862792673436,2.0603016075647016,17.920206026332156,196.76417107362352,1.5840569895490018,1.4750548875029552,39.20673576882203,157.8045175767391,20.524480028274805,0.21996349015157557,120.6445849574369,28.826053805873446,44.06048039427393,5.6304774767927075,3.1854669137468132,2.042138091673828,88.80579464493937,1.215262251311977,0.8804902995152905,0.19258459629258082,73.198793538119,25.979719070559796,169.78983665851274,170.96633961897894,101.37142462771085,1.3794982174117072,1
31.16486193028214,0.3208916129082263,2.6519931286190683,0.01666810350788777,20.283796618901384,2.5619336032183635,39.23045536547784,134.84521910332842,0.9957108127144751,1.920445180648591,54.48200211270395,166.77863970653462,12.021364411790723,0.4663388742189927,141.8093426813518,17.42818365820044,51.89307040594937,5.301325696244714,2.742557965194646,0.8025559788906226,90.27211569743287,3.5061701733899295,0.7115236383244647,0.2741157807090473,89.76961584700726,19.04717343947305,147.0124867695354,170.56018040353933,115.78601603310968,2.52918057383751,1
33.963517338267835,0.182438796438781,3.409847610210282,0.00799462923948244,28.922191660998216,2.414413541156725,38.02373864628245,120.46171154692502,1.9494304450737037,2.2399376924222985,33.95042037350041,167.4054946380494,19.640358390787156,0.2542399686305278,117.94380057372288,14.665443514892782,41.91233251737906,4.188284915467974,3.033955160370565,2.101285441950412,94.58979991939545,2.096978527795426,0.9149708007818913,0.09574603349525655,92.15106055866637,17.59170833771214,182.64532750045365,167.00660008719197,109.42919366063092,6.543966457534421,0
36.899373480855814,0.1841354140884384,3.032209306246429,0.017854475552628552,28.983927034981352,0.9224255702337412,24.0002271479378,180.21272531266638,2.1495637680606676,1.8701893339766553,42.10399803509438,131.2031432351749,17.824036943004913,0.13366533405190734,154.33264336384036,17.80808677025964,46.257396871968965,5.81264013795413,3.362971096243021,1.4432097030920956,86.13792881371866,2.392209084378379,0.667603901180531,0.08245326095626049,82.78292932801234,13.816986770592635,188.3456023982119,169.16463283292342,99.03884889755264,0.38421095943748274,1
29.277820252568866,0.14456789677179394,3.412625329810739,0.010077609434507195,29.145116886417327,3.0851336302106294,28.742328478797713,135.9978212020024,1.955695903842729,1.8750532209636737,52.3788417108457,142.70845101503377,14.133011007176764,0.31539335811385344,119.35989169336432,16.21256654856525,37.927772171422276,5.621845536618297,3.505235481680613,0.9574772184700981,97.4024165427249,2.8360541347307713,1.4625390452108982,0.24344275054788087,83.92171184283976,21.58664873281203,185.79022301130445,194.59411342388285,115.24586902811615,1.0532716622383678,1
35.431057736074635,0.19324117775887142,3.2710843088579664,0.010320735901683191,24.477150609345546,2.8196428885150655,30.583417771404374,148.78943942337116,2.280641239877242,1.584985508979515,37.309838009866255,142.7607049412143,25.03421046051219,0.6180927169285743,129.6226844636061,21.094746139331882,42.107378083299295,3.3029884637120572,2.5759037569753835,1.33252671181046,82.6868436925126,2.200416036634379,1.3620891221783036,0.2647518582840081,89.33156518906928,13.830963973326996,171.84589838804857,163.93325509441758,113.17555214378172,3.0148456012981035,0
39.502343703511514,0.19707868307742957,2.7701035231451874,0.011685343869787063,24.41559683303529,4.35821846421798,33.037418255820164,127.24321219631615,2.7129940340443053,2.5515201883782512,45.09931673037261,146.38449522278574,23.060818422880565,0.27657682357244473,148.29525461752561,11.295454065471125,36.8680554267026,5.305367942526049,3.4017287600535115,1.424006985888681,85.71798885516961,2.4484213113203634,0.8894218703497071,0.1873276016015458,79.84777765319436,20.878786464257495,173.57413501423198,173.06036129447338,81.55046407480341,0.9756686512426886,1
31.881496712044676,0.17255229877152503,2.7735321137992983,0.007455863565760562,24.730119950183735,2.7523673500175607,30.033524943764384,118.69957370329566,2.200323192516506,1.9655903128179757,45.79888802854841,134.86128679804963,15.5335464211173,0.49490498216271295,102.99535804177873,23.303237361904195,45.211361377710894,5.673858887618944,3.6542466967176592,2.7517683652873624,84.24225472628672,2.6746026838217176,1.1439356031199257,0.12655012146065991,86.95598927151433,16.049727523732834,193.8791352469046,143.30592041587963,108.4550630351437,5.293230432172399,0
36.211484066843006,0.1315444800423464,2.97769923990906,0.010533966985575802,19.06141909064449,3.7336123901832177,33.90242958409277,130.9649352293377,2.627631702969975,2.023642635208979,49.77811195073019,164.07514357023166,17.408801015054706,0.33264541713560203,172.83795373566738,7.347492729028384,32.83371532676971,5.6391513612464985,3.4593859671491174,2.3032441351105897,98.23850382047578,1.5799719168325888,1.1166310898091378,0.14883286085293612,89.1362335687631,22.37601425560143,176.37260319114657,173.8744231844659,120.29941655856499,4.9989812530887745,0
35.42204016554904,0.23034638377190714,3.962658976280295,0.010218506949323735,23.39317579227757,1.7484644647928342,28.155308246050684,141.33877630375076,2.323632952506975,2.4899807844056414,56.245281295268796,141.90451053105951,17.12592974857926,0.30364305296289607,145.74460881054532,10.841973716832602,42.32582165416133,4.598167367110884,3.5083654707734615,1.7030717809527383,89.30292725081239,2.205503253816919,0.9905504664609845,0.185748935224763,93.97651428602761,21.336580036030423,140.1431246266655,152.4846501401213,110.1325567135866,0.6414819982610378,1
42.276371790081676,0.17636649852588754,3.23091909706031,0.007155191635999796,26.936444867247122,2.386780718903408,28.412136114193046,156.03862679874214,2.3656758232152106,2.1838531256430604,48.947233453688455,120.28859438769526,21.158404100990555,0.4076100871215882,123.61658341533125,6.225696779556451,49.498756812185555,6.601202400894882,3.012685815347135,1.697715045706564,85.13092101257423,0.6635527245427166,1.4040489932873863,0.3277960861116599,89.30770836869775,27.021344811873384,167.56346759696297,171.4624566621865,113.20803623385396,4.803431686685223,1
29.51579689781743,0.109955564303303,3.18442695632576,0.010935382523608686,27.33086952875069,1.5600966187847276,24.529634018126366,156.22167207466407,1.790319309037246,1.910553200334538,56.48787571747583,113.68854785127164,16.948286733958625,0.40854854652097333,119.14727403954154,22.103016948355098,41.26075426659335,3.2523596100839915,2.7313649537169464,2.1512509205607264,90.16262016167227,3.279514408612674,1.1069159546872405,0.29790074905843344,79.09494168954384,22.064791905783714,164.74824137841233,158.94037239282596,114.9693607851574,3.6490021549802103,1
27.429320760578698,0.11712169530455639,3.2885796375046015,0.018913161798158332,16.204310024585787,3.6830439470991556,31.46078455073077,161.28575334509216,2.244686507436384,1.6559963167906555,42.37721693717285,156.66237146903163,17.525904093934848,0.3138154916724183,104.84748985103853,14.869089807692307,30.931907604057166,6.040018409125871,2.5866011802369333,1.1881598290594702,87.40078793238388,1.962791409500892,0.42808484761112986,0.1625735686569918,78.44293807124087,24.76067753485556,183.18754780408008,143.12914069361779,94.59818928732692,7.944766514810858,0
37.10536726361393,0.18202637803242205,4.050633632638493,0.011948359064196484,15.917678720949924,2.8742547147298074,17.91973104267607,160.76655929075667,2.16120324159877,1.930866883536147,40.29790310545302,186.40925865680495,19.183725963031403,0.24316096679594482,115.22628666653773,18.64096657830542,42.86299453732875,5.112460132594192,2.8569785335152345,0.6311635261957197,87.63004528535946,2.5687600534989943,0.8489516441875155,0.04347367686927153,90.2358402150785,12.79737622777203,186.19191301317372,175.7922701409061,107.92015710968812,0.3899083856794494,1
37.30154606990821,0.12038119026922343,3.958373350521787,0.013163461204795265,22.107840812092693,2.7252287189896744,29.980665837602338,134.30701877728416,2.7694895022786428,2.008909858871359,40.981310143609676,184.6073357318405,28.65999762556313,0.24575887984093336,103.39300462458533,12.436710678764207,33.565621043373255,3.398534620362187,3.074449796119453,0.29165605249134896,91.7115062412194,0.9619956815739463,-0.18037223673757108,0.26746596449824234,99.70934688022305,20.61240899146893,151.78073279039612,150.97010912277162,122.59399941314257,5.102319934875893,0
34.78103463825636,0.1948639479515457,3.7437692344873015,0.008995442534284793,28.416558269246725,2.6140403420384977,22.41173682116468,121.78500140302152,2.030417282097674,1.9694412866507802,35.88664445888472,141.35690126780025,19.244317510055804,0.29881701004458017,144.64287212423707,17.986005317411824,45.40136971637657,5.43032419766888,2.812305983128693,0.5381371854222383,84.54692591260917,1.1609478595376719,1.5289021005503065,0.2130939902347149,75.47574450728142,26.315177638166197,159.74481052442815,175.3414212890984,98.24602389779875,0.9958743922747728,1
34.15935393836138,0.2704273779842037,3.2537832645939,0.015989254634470755,25.84783231719334,1.6534664052684078,26.632401833031718,118.23208172922685,1.8353931900604499,2.0809325437787973,37.332605243488764,165.57960975386595,13.589243134714945,0.4208831861647374,126.38574355939336,9.991371626870277,35.78630494635545,5.093084916092827,2.6851852670567125,2.2885944015786963,88.9192812948255,1.105285853266012,0.770226487172162,0.2585138070395926,80.14695552550988,21.022025692645304,160.1899809332546,160.83917747478068,105.63373459665398,1.3679392763311835,1
39.491774534540355,0.3223906443570279,4.151402270904288,0.014803293459072652,18.189863293057364,2.7925964345975225,25.848752122445216,114.13542888413815,2.847536514455755,2.3181652768471603,38.656076191710376,166.47917185302842,13.662349527276366,0.22105091184835168,100.48831015150684,12.775315646945389,42.96737735680959,5.316945808965206,2.5389031604966137,0.9267926993219598,84.80062016277095,1.1144584563801652,1.2647907839555128,0.18975949473001377,79.11113966750159,13.068612425117863,187.52630070187985,154.4978100974191,129.76236433097375,3.9326409934453848,0
35.160120211911,0.15781004928594106,4.0530711881890635,-0.0005230420183970057,25.12312504709779,3.548318287282911,32.57901448304579,165.1498724600103,2.7506947464302733,2.3777121236520053,36.37869354029165,162.1841651658315,13.057453529167026,0.48145973413741805,137.111182997631,16.697956895975786,42.41662976230203,4.089446790741077,3.3877048434464463,1.7690118054422799,87.50898246616212,1.0507435578260058,0.2640314548194216,0.060190573938637776,86.27142101806105,19.115970349493928,186.99481202234057,183.0730818621073,73.09166618610644,3.9705437778448687,1
41.816315266826145,0.12421470699170535,3.083582565683341,0.01026485512514003,26.256818585426718,3.944682835541608,38.04494441337388,167.93334370151135,1.8446793707476443,2.1940458329621735,46.67240880261133,145.7473179061543,18.83659505886438,0.33798122071374387,135.9461093002758,7.190933409183158,43.53777693837081,2.6545791066963984,3.877020764840883,1.866768595343791,88.60118775571075,2.5212988684883535,1.2893481003672864,0.2958661317333888,95.15218698420544,15.413385418660308,147.62136823602668,164.95032846617897,105.6237780036014,3.4285052310863326,1
36.12704011923121,0.20912386757843507,3.7414120236176003,0.011915019999810648,28.887771171595084,2.4539246245944044,35.30983445721836,125.18125115052514,1.8104881232271683,2.0767033473728302,39.72408069466326,142.94705026150615,18.96021465574324,0.4034440682100362,99.72722718383608,6.558773839755826,33.55370846121382,5.814727141692515,2.749370977897973,1.5550043651060699,86.04664832379876,-1.3783345753797223,0.39744645961393377,0.24126030362976225,88.33807179260695,19.92389440532805,193.84555615739734,175.59291133894706,104.85391941938651,2.476649492352013,1
31.976991990224057,0.16031673570661775,3.61015511054631,0.004621171822500654,19.720308027840606,1.558697487433321,35.314729143147964,136.84229707058637,2.55059911822367,1.4945126056718658,46.960078513792475,167.02210651330495,20.003986933228116,0.3881215204623761,132.5427265611811,6.325965495362361,37.20757980082799,5.719134258631369,4.227807914811347,1.556714830120806,102.65640183738165,3.353589809855253,1.3304419875796392,0.3453879987457965,98.48380844573309,22.61610501417199,175.235689908362,177.6082126922676,110.54286900000413,7.351087877700838,0
40.211540174613916,0.1710109480698286,3.513367686873918,0.014029847691342988,28.643913390880833,3.0841324413749986,36.40455291528679,122.50949653699199,1.64418422585649,2.1701248313828025,41.803290944979246,166.8682353439605,29.579293159967563,0.27671114567334604,125.80072780098645,16.655539588982634,42.51429344590411,4.138022833109009,3.0282173065625986,1.3072419884464843,81.02175072279982,4.067465812926512,1.3967891532250947,0.3955341731806323,91.06266631848632,17.60727019420428,171.76683897517927,165.13196110709677,84.21581527883592,0.9882739446880076,1
39.84319438346805,0.1605893555220438,3.5713759246264214,0.010204789431642124,28.4710783655023,3.2236869373485657,29.142955300136276,144.75879700474073,2.2967452884146717,1.8359247533551233,47.41406443096077,156.63061074285292,34.28357035873722,0.18804989087275772,84.0829349448669,27.949827819661536,37.57362077765048,5.4096669912018704,2.5399840948210937,0.8168378413537527,87.74636455967652,0.8633809518912838,0.3432060713303171,0.4151554256880092,91.99946936096538,11.274232919092693,167.24903306103715,172.25122453434065,89.63199332000833,3.5013987207508794,1
36.033272957620255,0.11873390371395412,3.2575766749289405,0.009864700843289165,23.783847357019035,0.155179591296966,35.04795450852303,132.0636404755567,2.512395198141873,2.3858610853608146,47.47374823668774,159.52420183766623,10.257638143544135,0.13517532295948947,111.85388795272488,15.154769305698288,46.074614331024414,6.460417386300705,2.6656425028758424,1.6480513845853466,85.6601437214474,2.370575449110578,0.7708568538356964,0.16546586354470383,73.11068981691436,22.57523324816871,161.24158400520986,158.1677405700021,142.88998375294003,5.573479338489071,0
29.979143807337657,0.20827812014334648,2.9325847394535334,0.016940514843321163,38.85593668443342,4.407505933484066,18.85592141422986,97.1939570212374,2.26063095954561,1.4067360694744444,45.857202257582756,156.42006590054822,22.675715631977027,0.30206538185869863,127.16655620481039,13.546424586221127,42.60892962221935,6.679089657119276,3.1460179796935965,2.049299216194276,86.24407172083652,3.555262205426207,1.6642550704647228,0.17978092906232168,106.16227996906022,21.95299745931121,172.45747540976984,176.4242558501294,97.33150991530192,4.2627026751085335,1
36.07098897240326,0.17500516111604658,3.942931761396746,0.007914805855764349,30.179891992099765,2.7435279899506853,28.445001468550643,107.09611409368804,1.9987273064158646,2.1512975926391653,50.19639219660685,155.78228939200113,16.62543346327788,0.4857296431911276,125.22684622190557,6.350365106660501,38.81415595013183,4.212783508820436,3.1722340774095694,2.112104160724944,98.96357334841056,1.5548990740258546,1.4804950029791273,0.08273686234901656,79.48217801523742,20.571549377825097,177.69641111583584,182.898280347343,115.99813670454184,2.910907091295984,1
35.653808474544306,0.18761926882014784,2.8680049508862515,0.010804113726831412,32.0741825701088,3.7370798268284178,33.43302320204101,221.17962600074992,2.444209856689261,1.8674699201745264,36.51526056998175,140.1818683574496,19.552539901741184,0.5307245463117576,84.70702742352621,17.871385567764037,34.0116820057072,5.330749593383575,2.8242490316997184,1.6190584681206142,85.92219641427904,2.1439933304453027,1.3433857571006667,0.2548335118040116,91.87522295388031,21.957473246808377,175.35919457823718,191.08690968022054,100.34578312389205,1.5293210336255014,1
34.10278901623784,0.07241131090346384,3.072173885630205,0.011059113986367703,24.05334502166015,3.010389386028327,32.92175929305854,114.97630800560253,2.679640063378855,2.3747279404165367,42.65882174644756,179.88593714300518,11.386252774043383,0.19121406187914297,136.36840062649412,10.338186561558937,40.82135392191571,4.283115442406688,3.186318523861652,1.7856716935137884,87.26215139169742,1.4102617460326843,1.5653369397707957,0.15831449841325274,98.2547796066069,17.895782913759295,176.63782112545854,182.60949393128328,94.62969846154986,2.5699257965997147,1
35.35366337678298,0.25649210332475014,2.6384171789125235,0.00946537061530897,24.096508862454247,0.6557982589875588,23.49953792592716,163.130237526857,2.765136780008891,1.9045515036037912,47.345114575068266,170.92757561088587,27.306416096697923,0.3661725126387707,131.9556083515756,13.198262873184868,49.57183184139757,4.78409577701417,3.2917151393665014,1.8644497557727557,95.65964460577494,0.8766807001999211,0.958858908931247,0.1975121057195423,87.27907912952159,10.443821628639585,165.89774437394576,155.79906891510387,122.44005938853226,3.990821395757133,0
39.52174154590971,0.19084567151979537,2.8196893018952536,0.02163048975913185,25.792962595963566,2.7161770318338205,12.092630276170155,162.59872385585209,1.990400850479149,1.7774657743910103,46.882632833957054,119.58687165517269,16.614827706133628,0.2890328229045978,83.73763942004436,16.132493169109637,52.989321556599485,4.293160370852898,3.1778191362462422,1.7334948232320153,92.14769149171185,2.397994023050483,1.6395132879378946,0.22510164720214948,80.99037119531383,15.790085550505431,185.18284599421386,164.61678782256848,129.41616144503735,5.5567812576342845,0
40.678953305834135,0.2405921453945764,4.517913468269185,0.018440586020089602,19.190047046456634,3.4672870933604543,29.548950346166016,159.22217956343957,1.8083072991784905,1.672385209251304,41.35565418034698,147.58403492714405,13.633126413499557,0.20834758383537286,127.1769703992505,12.738794759595397,39.17793305068417,4.439780246470269,2.846124656668641,1.2245557971262881,81.93737988298979,2.83384287049772,0.9652022227923744,0.12502393704869666,93.21634653608012,30.716822354425666,189.9823643750533,179.9245538715155,128.06884586585667,6.442952983725799,0
37.79070747401597,0.19508847361142403,3.773771140106921,0.010288531811702598,27.36213940000663,4.039296927991549,30.18083802251422,119.23376236272829,1.7291232698606587,2.057929612516168,42.14153752389543,160.02492087920177,20.63714432776135,0.3192902127318795,129.49515117574487,16.537592277558076,40.002323859537746,4.807147705849426,3.893730310081968,2.144056134030942,86.8537480574454,1.1339088709165512,-0.045326946815128055,0.15910056538726955,88.9041100744473,19.40582466356808,176.79014633807492,153.7689964995756,87.63249137869569,2.3368211174882614,1
36.34817177484716,0.22375645373377143,3.8328181067531037,0.00958389845305926,32.52092670379819,4.021953563930017,24.878119607851072,158.5992695876529,2.4089494847772834,2.0869896530523677,46.56006738875052,185.85239204444122,8.426488937171495,0.3514043243758771,120.76640887310448,11.974166960013788,38.83317718788769,5.672116890343766,2.364913767035451,1.4374066186073502,84.43997058555715,1.458869893633561,1.971296857877212,0.04121976649543618,80.87772180492128,20.64930496669278,163.9452174006278,163.80481219569924,121.97233884591928,6.471184209595933,0
34.93410677938847,0.20054368831527578,3.4912126505099916,0.0035193288397025284,28.815715549172953,1.7306976143118964,30.858263308651264,184.80460073896316,1.2164426979442295,2.0686941703686705,42.69686175328484,168.59627435379397,16.3617014498284,0.3171864120599031,115.58380830608479,6.750013192181235,41.76931272083114,4.036809396030939,2.9634089765635303,1.2966264814695778,90.77546708538478,2.5102628325683067,1.7445308249287321,0.24130187466786546,86.26092243606475,20.907916085281933,152.8637524188912,147.4892965080763,126.19004374405374,5.695230882386607,0
37.483114297071424,0.23043975079097773,3.7688292161564214,0.013161486071594933,24.221786816133143,1.8574934807941137,23.733248517051507,121.72566838901395,1.6222613787347835,1.4784900101287985,44.05315719780458,136.9807544728466,12.049690754456215,0.25094234909302093,100.3724352951011,8.775986326103311,34.065644126550474,5.084112629144565,2.814906195117604,2.0319065967367793,88.79074531231059,2.797658593880283,0.5525846208953995,0.22642132247739943,83.84883350978563,20.34201675117929,155.35361717583575,182.4821561718723,95.28624120220854,0.23748201295392057,1
29.39746149168675,0.16359239094021932,3.565274395038194,0.008160392630422115,25.9869221257908,2.5197725782761347,35.04106225287461,158.36239632664024,2.065310539527356,2.7133857783878383,45.75550310673907,143.8250637612294,17.75761670374014,0.3297310615753374,112.30653790249384,14.369223637515242,35.37998326378394,4.99315959137759,3.861675936417227,1.674687719794154,95.98264256322251,2.142835824456072,0.9934419674126954,0.2937774247175514,75.75885442948174,27.417574621192045,174.49763037197962,159.93705286081908,102.52351513635148,3.1551855821998007,1
46.943606398030425,0.2179127525837211,3.2945199008429107,0.014524004603866741,26.61510374881371,3.8946164646592094,30.02512304087252,164.08521621933622,2.2375742722164054,2.2347129750557655,44.27271931269031,168.43425850506142,21.397354514045812,0.5007203257227577,120.72805191224641,17.565332427856298,38.17791511601597,6.305966508382182,3.1727985563824976,2.227722498710978,86.55773450920879,1.0745937008269606,0.3668741660051197,0.29850325577534276,74.61620801284973,17.97077933395847,145.15606268474227,158.07947584622045,112.41391877797943,2.034972275663681,1
36.42871940013273,0.2650460472661619,3.4919489047619794,0.01972941959092387,24.28353547248262,2.474076508239076,24.28614792243895,138.5077499521069,2.0938584041123733,1.7544157051132985,44.03991160432323,171.10326702645202,19.518632385243386,0.32119376711119263,108.14529609334292,17.749183283954896,35.94934668514239,5.825892912101877,2.655882346189313,0.7772261239553858,81.18134273952293,0.7620247314276489,0.9307914246139758,0.3439848779954552,96.51470763250484,15.865248570978387,185.2403713096351,181.4205468927183,108.26953327104633,2.9940625969063204,1
27.21615412204317,0.2087365904363918,3.6867882798882987,0.008278281775285772,22.237759687522654,2.1947058294404886,27.920730122643082,181.2734518945798,1.6021020840777116,2.1015418265858776,47.714974023042615,155.14893305035167,18.106224859038537,0.2203246013669299,103.5814030281153,20.504954665304453,40.92787253157029,4.754347424724239,3.654036200358133,1.858456636628216,93.06003402840811,3.601451372874589,1.115829131947679,0.1859323716124536,84.72759245874788,27.64954664429552,189.7533265108225,179.99740144865171,103.70926045356428,1.9421209293096375,1
38.61414538878229,0.11866591455922328,4.095973409636041,0.012786590123400629,21.39487047759699,3.690477032754678,32.6623856889634,138.05222766032486,1.8248755292614098,2.317573683951185,45.11026328612066,153.03341516195601,15.747228204343834,0.47492322907348306,95.79056546291089,12.77111539003433,41.53638897998611,5.660670191184329,3.78652074576481,0.7576825466781245,96.66240876191168,1.3351575319033446,1.4661659193596162,0.15133949532085939,71.13065934603775,22.830214922330736,183.91507273060535,179.743472978718,78.80830771005117,2.850123136851251,1
33.256032262192164,0.1916764106076019,3.996644349547516,0.01712996367504867,35.88922645322706,4.578084367954427,32.56429612073845,173.82189896298962,0.6435946819633755,2.0782064590815343,54.99779202361568,154.58957198494392,12.706200928702511,0.40257875510323937,98.06951349029623,18.49564142102679,44.89779117639573,4.584359981446212,2.413849251053845,1.3532177855877996,84.7915654172408,2.272551533917522,0.8930181747784087,0.2817530501683691,80.51135467835273,17.633773991561466,185.73222083484663,170.98585571542986,107.604647264804,1.9605823950163677,1
27.362153668731892,0.2708473804352832,3.5823836553767783,0.020408141831177604,25.219499665961976,2.4507473418078627,32.80059079057454,159.36175647571548,2.790954137259849,2.044703607941871,52.31066794717528,167.79536697359367,25.70154265882079,0.34067030006703214,109.27931701417499,15.362185989732868,36.01577645470744,3.8374758689525468,2.5616375838937744,1.090465660845033,91.02959308783616,2.26277499266811,1.3963174468946487,0.31085597572695867,92.26532180479676,12.097096580421306,173.32341977013004,179.4890361162576,99.04861236097537,5.956238903389609,0
39.35907294636776,0.20665970053441027,4.263114098689414,0.007549119108891538,28.147891571550474,2.266466525107681,31.473360826937743,172.3717554724457,1.676259863030959,1.8729861017407614,47.510885862149415,157.31203337970447,20.94021295348053,0.3754751679595921,104.53854901718054,15.767868634656047,38.33238214984754,5.023622619263346,4.038651716372576,0.524410362391016,87.6953124535843,1.8481497652786407,0.9101744830982633,0.32625360293281225,84.40483243867172,8.989490121734185,155.74208989429633,181.88296930222089,85.00928876089722,2.756434722805323,1
35.11508801320903,0.2790633133693399,3.959088611152409,0.017156131840718798,28.14647092150252,3.061432083773245,26.19329733087875,149.96820378908106,2.4128969044429844,1.8397004735450568,35.55827443519017,147.29033539649637,27.579888431014222,0.1263807578498106,122.79567329842074,22.511271689270224,39.885393445596016,5.258076856151,2.6466529312424263,1.9127473149796237,90.34582005465116,1.788717046719014,1.8959234272826477,0.2279100905310516,106.67410259299012,20.627881583325827,163.75561743303572,174.8816950552118,93.65458382270032,0.9548857878641772,1
40.308394159404855,0.20928090287921658,3.1304443107592714,0.00967654866461167,28.56961122042177,4.844618943180929,31.65050878816203,129.2602038351994,3.141456711210637,2.035418408852805,42.86330495034802,157.69378655205796,26.33601935574211,0.2879560435447756,155.30186517278298,5.485129437156971,33.71668767272843,6.560005976837555,3.2173300754623715,1.281441399285304,99.55127674359375,1.4693689355380872,1.3900013271544605,0.11710275980479302,79.7064742062376,19.48663350513306,171.1928222916088,146.29602521252798,113.7486349748955,8.175700094748517,0
42.72695159971276,0.20235055030206597,3.5098641593470314,0.011611593894254117,20.587999619481145,4.114347990743768,26.951573071974334,138.7952581771604,1.8489477520715336,2.1500847845285,38.05383421317795,174.88854259624165,23.407301607861395,0.37455334263960055,106.82183659363982,15.294768670402062,48.956152611720086,4.4569146379104385,2.9928033279446207,1.8309997080727145,100.85388531275554,3.1107197905343,1.0108773360941676,0.1536648466782706,94.88763013391254,17.517779491142143,166.71743490436478,147.01410894539276,116.19694525451403,3.5208648089409573,1
36.65440698110803,0.19166364455795037,3.9535211311029257,0.003309255119228192,22.11728117116558,1.8658688088000701,19.666015632864962,140.08730176586357,3.385538646795724,2.0097611540124514,41.880530885536466,134.21814116781775,23.21063765347425,0.3238331235075277,150.0324618928023,11.520971801385821,40.16305026611241,4.662890845784952,2.4832184620681454,1.0654506874356395,90.99530797963934,2.2215051459352,1.296806752621679,0.3655165482479801,85.01099600032808,13.080085918120346,141.2257773733458,148.60603032459224,118.38873152145189,6.192433751159436,0
37.583180995371805,0.24212697137460795,3.9061294945351666,0.016620044624119777,33.2843017021778,4.076218911584407,30.211660488594298,125.0802881286544,1.2842292003351852,1.1954444008871037,42.52792799805331,140.5886164688732,19.906293647064132,0.33893383525897935,109.3193231064562,15.311428992128356,39.096758120886996,3.61333888099637,3.393056119884886,1.987829761117191,88.35254309981532,3.0105724519005346,0.2629940026734511,0.23824401784118576,87.25122573834747,18.383485335942,187.99548383369216,160.79787001051488,82.27285886843876,3.9015887097095336,1
43.86055669672929,0.24809202027464053,3.884544817392473,0.007612164617718365,23.90339884307886,1.4928648651040504,31.056460038197457,173.40415290678678,1.6338951589556185,2.3635105570691635,49.09794358605325,179.30991033404976,19.918046981094836,0.24093368721567202,140.62200343373618,24.32499097521695,41.29477844100108,5.7076876633208515,2.2877023803133127,1.2533599215836948,98.64545390790732,2.615272721793093,0.6557625380872818,0.11037266805142491,87.80281747422701,7.547330856514051,172.9378969710093,176.2405589644665,102.79644400599204,0.8263497623087575,1
29.933010536253526,0.18039671390320938,3.897852799637884,0.007453219700639333,27.060207599005174,3.4171860820145636,27.431614095940624,143.16639153285325,1.9299839586945569,1.7830064115270912,46.02621261343716,135.3147335956012,21.291212892378358,0.34226282524976925,101.72092770731254,11.700138282258738,40.58009830000244,4.98054942177388,4.19367478390133,2.1403964194942495,97.39853759679087,3.0255512605696118,2.032515666765002,0.26123568432153127,98.91117605860613,22.251238022960543,143.3628241892321,184.90132894715313,106.51296502139795,2.976471802795605,1
30.059022351840024,0.14907259585578309,3.471439645568005,0.01692630041630478,22.83800958519003,3.3972679922460345,41.9220272183741,157.96065916841548,1.3962744775935834,2.379502774704773,38.56304479792371,141.74328801477378,28.099388320127225,0.28115240474755643,112.02056993709351,18.010939151209026,36.81345531421255,3.8416508278674764,1.8295355555058865,2.0678160851492033,88.06862467446167,2.8015603066436254,1.0077076704723682,0.13506257876543679,79.43270814090937,23.76577865829336,167.72541648514365,171.86804406794678,139.89252089387998,4.669664207298106,0
33.84569827990489,0.20629109840661305,3.4190522013376237,0.00517661355596678,31.96579486955155,2.9935813268504203,20.909300256702153,150.71190099606403,1.8062367878012222,2.1009416049937197,46.16538711606345,165.453069632247,17.392683418000786,0.497003124467239,104.15308671119443,11.690338405870595,44.182610452847875,4.628505624514869,3.684440340546404,2.5448840509253365,77.55513213430076,2.196074061751038,0.6902425429970482,0.2204574065791573,79.36435791861535,10.870140436790933,171.94464845154033,176.09403156441263,110.94406179273642,3.3017047847644596,1
40.479274436207085,0.19589788550667322,2.6842611682212265,0.0034301434159665313,17.051366665848903,2.5731101581579763,30.728741682997015,131.00737911426654,1.9664780429809827,2.1173767072964136,50.08491740410313,144.86851341513022,20.418101479508888,0.29370169765741816,150.69222479122553,8.262336610367779,42.59876990368771,5.605556750044169,3.389718487340772,1.0375351700956492,78.41282061482033,2.2656523873921084,1.7306036274775236,0.09287643274701099,69.68771321697855,26.99583835294716,137.17020776009448,182.04474074043603,95.35373283975841,3.009092062987575,1
33.42017743685358,0.23507143829740934,3.8854792102575355,0.012782114523710456,31.66756920894537,1.4174086046282477,32.482060406667856,145.91639062777207,1.8006265529816554,1.9358027051839224,33.168753622217785,152.38874357886698,23.094123589273103,0.34604787369766193,98.78239993636583,9.394714567265272,42.30595326538948,5.8821518332170495,2.251195847978405,0.46049927901009835,91.00070095194961,-0.8371870280415932,0.27147949560194085,0.22258438720243984,79.24870107114023,16.93485211094447,185.28570952483219,178.08193563988715,106.6639138681418,5.716598560637625,0
38.27245894846516,0.18587933158651404,4.500653458698642,0.004218302636382234,37.01294805792577,3.800616677844244,21.675472337249232,151.28180726852855,1.39287598789082,2.3078928248438184,45.965565877993754,150.09718466216347,18.170181131590866,0.4684159980155795,116.45446809047975,20.02316294565338,35.83055604564958,6.447751813827418,3.49800611960012,1.8207173170447497,96.90429691742763,0.5042517608968713,1.3801144264588625,0.15116432752978093,76.96850687581353,25.818887295398618,175.39817389425122,176.43307732507873,93.67473848837271,2.4775461575900115,1
32.38259235934097,0.24117112484318537,3.5813175778908373,-0.0008038170836041584,20.146467708873352,1.4744569065528177,34.817140960573894,118.71500627696918,1.9752171980899276,1.5144450310602704,43.460774098848,144.83097342846855,17.244988868531753,0.33237326699661573,100.96837544774525,22.75437578115429,32.15748601611973,5.824193895393614,3.397190972473464,1.7222997950728907,88.95062388100703,2.7075847320673105,0.9208595143467937,0.1129221744521478,71.88555624862059,13.424704013069864,179.2542148035047,158.34143032980612,110.51239673488175,5.5887398870160405,0
37.33977958230292,0.26142088974865957,3.1016631125515777,0.014686042665964882,13.558216645129022,1.7702945954892324,37.4986586032222,147.57820095730494,1.511882457105078,2.1789662855836394,54.65172651984955,181.4366936112618,19.686255731163566,0.4555873913425972,167.32175051265995,24.15587871694032,44.50459467318309,4.978792070056674,2.355310709622214,1.6944359703131624,88.94005761901482,2.6656017475689753,0.48635101529816227,0.2832186848834179,82.06443121738107,18.244419638395968,174.68813181721217,173.73562436290365,102.28509629310915,1.7343256751003255,1
40.000477808338836,0.24529264970984224,3.8863750195157403,0.01271560082901474,29.747501351944504,3.011235709735545,28.68132065586847,173.31896206922846,1.6486449504902185,1.5159035430978096,38.128832602187465,176.72079501762104,16.33427971073976,0.5627735199650786,139.91532822579615,15.738150037878327,37.293525274903,4.894827627249471,2.5596873666324216,0.7293505299503846,87.1802750345675,2.74952429957623,0.6163439487333702,0.11002660088054178,82.20816963573279,19.485917126914142,162.21344322752546,182.85168813516475,126.78397820212236,2.213653513595023,0
32.52193920538754,0.18701704689165463,3.6746986589469453,0.006498482219731854,27.66029763291042,2.981231382633515,33.07506790085575,165.37557481996814,1.889142024489106,1.6330638384347256,56.83066268355956,124.91556022354825,17.99177303320198,0.2349663236275734,116.38408987297342,10.584273884668345,43.71490688710812,5.503999201116397,3.026261066374399,0.9473697156472761,92.47504661566602,3.3290340810196297,1.1331908002540778,0.12796920892245892,102.70869803019234,22.56825110098272,174.12530696977996,169.48063124303926,102.3911800613722,2.176577313743913,1
28.50559689108463,0.1816290512685247,3.5954593593252366,0.010725972491705503,26.134533627233306,3.5616232749772756,37.83362782824448,169.04855156435144,1.749185874037014,1.627709098337015,44.88421124525492,124.19115928720159,24.3711666550522,0.4002554449184321,122.02320183539246,14.465148459810198,43.615435048290045,6.91417808999133,4.193969797872889,2.54268602772846,99.07696781764665,1.4541663531733855,0.8614211097244463,0.24397458204664993,73.3273560678002,12.495877661783812,175.15654457858034,164.1436939669944,98.18249795067686,1.841897988674599,1
31.946253378817428,0.18913836909252107,4.325326709922922,0.009675256980302997,21.89767883320405,3.98194109946547,28.14707919832197,153.26898661469826,1.9837242401466573,2.3950614149119707,37.92363573757712,151.78676123299368,31.26614992732219,0.40325701522671514,93.02636527432337,17.17705300173558,38.746375766760174,5.717377584688925,2.211370508886678,0.8838046333483738,90.1300753862609,3.6155652624668435,1.3770459444528307,0.1626549546169499,78.7572694537086,20.19691913368028,183.51004934450182,166.7101116623899,123.63474618949716,2.5306918561071288,1
27.304670750609,0.15856930579674589,3.3496716251543375,0.011649564696458501,16.17261325728827,4.087296963226038,32.58231872045755,153.48972988129802,2.092589720867224,1.8147206215926537,41.084086328318676,155.3125478488104,29.513401199821324,0.29133618982488263,134.89438972794574,17.72125156804787,34.826332998292166,6.672868968351877,2.6453919068615983,2.1268556926031668,93.9066234529555,3.9707133752192494,0.8202536800067933,0.37478768457839945,97.19845419345499,27.804951173073253,159.88011976520133,162.756872140291,134.01150930611976,4.699730341023444,0
36.96413800303731,0.26772833822920183,3.7651473199969407,0.008069397185759383,28.285180392379868,4.142734347513818,38.81727441714436,195.20609636328388,2.6387707847418262,1.6911377500390643,36.513610688530704,138.58725965869613,20.184612910477973,0.26087664134028393,109.2903494677928,23.867867149586793,45.10615344370713,5.009752937032163,2.5430665866053297,1.295140436458172,94.1521831566894,2.8370636921868693,1.5926888619123678,0.21269198905747655,76.54646800305856,19.53345994132881,161.46431669740124,157.26228646743647,111.531037904779,4.7169441022054315,1
33.04472417376969,0.20962468427476938,4.037695976141835,0.018437888187495047,23.65545887989471,2.3989046655667696,29.128905481470152,146.28675221920466,2.2923977659969794,2.0234921649217856,46.8971046895906,146.49099698741423,22.858135005693974,0.32523526042807555,93.43173386800959,14.940732570340499,39.65228236083251,4.9272542849004894,2.5665177267135637,1.5475582513930937,87.20513599142424,0.7017760247491287,1.1004206741196378,0.18686137143391113,92.37665976879205,15.383392712094883,172.86938411694544,175.0364515497378,94.26419456056662,2.2658698357448936,1
34.251788171507094,0.24301561224735904,3.040102872989765,0.0011250709224854341,20.080585884079504,3.176732493308344,30.28529490718272,155.28465275071528,0.6550780097970905,2.1696511605858815,49.13262683885607,174.34109465840942,18.733527682544047,0.24361062062054872,115.09548546681759,15.605624981486745,43.87237093411505,4.323426777452037,3.4292502096081026,2.3764566001491043,86.03835019174923,2.3165243614691313,1.3065259406760468,0.13360091922239892,82.58249696050017,18.195957923615122,174.99643866723002,177.83627323807292,93.25498597505539,1.1473933541162393,1
32.80467801622072,0.22102181639638355,3.804457845205767,0.005354139358165632,22.49921653508627,4.650694722733669,23.157379232569937,165.6268722620657,2.939753234352014,1.7502494796571608,40.61522745004716,150.31569761667646,14.5492608487188,0.5126441788460596,131.45086892637684,7.916074801031713,43.19403851791547,4.5521939595591325,3.2108717528245805,1.081325494729475,94.85023838236556,1.1616429097681724,0.46229351696574905,0.20975731070399403,102.2201782258557,18.354022476229627,203.93089596032502,168.61203059771674,128.2188593737756,5.009533813525578,0
34.29391400162948,0.16549418894337004,4.436954039361591,0.014755841517745137,18.406186742826407,1.6849354056462016,26.967764745407482,140.94667676644127,2.4475444111094484,2.2604210221322334,52.95227662398653,170.44614059279183,16.011634314461364,0.2585452220353647,97.6261694948904,17.7127134915858,41.43039366339833,5.738755974710229,4.838102269071593,0.9490514155995815,87.90821612027506,3.519259794233656,1.4336151227911311,0.24199774460452567,91.70498024754446,15.523843823099835,206.6169354074857,161.6887170171753,116.600803880061,6.045863666863751,0
39.150381494519166,0.19637381980481136,3.841700054576298,0.009855991629848683,20.958729240061935,4.712590373176555,27.392422017022014,164.25845851388868,1.0117036027953903,1.4641700342102233,46.39237397349189,144.69235602851828,17.569588941874148,0.35256953883132164,109.02150382235799,4.536800069480378,40.585717306853184,4.305812175247776,3.471593953159108,1.5285484239022344,89.64134790379683,2.760437308602406,1.1598001387677817,0.230494792221409,82.35829938554127,19.185400187437235,147.49621477773303,164.51008322681514,125.81380479715112,0.7811410458917221,1
26.988032023533197,0.21464100659024554,2.529256770133755,0.0060648151133707254,28.504859618591233,3.4542912185653405,31.77248758235899,154.45968765301077,1.8425762756199764,1.4813274858257197,50.30028444334335,111.61040322266896,21.866058602177972,0.36188175683296714,149.85363183535935,5.099536797163031,40.33838638600389,5.664009852004151,2.771446895201647,1.818884657864725,93.54660373759498,3.0124395642657325,-0.3771452610892114,0.1622861196259912,94.54155395986156,16.477281634052495,174.15885694869655,168.61098003315348,124.44416977968937,2.2171776549586397,1
36.389059699865754,0.18681564616993956,4.158825884684248,0.015705134206724827,21.65188508200728,2.5099590937842007,34.73386226455541,169.0444326214108,2.0985376276840233,2.0604492127518816,57.46412564626233,167.58270062917705,12.089942029805954,0.07576282292247055,139.81758324599917,1.1841445329733435,35.95218695674335,4.849650063180786,2.598366821034238,2.115727045791588,90.5812387189527,3.75795829672579,1.5172615797696185,0.21824296271811708,67.44900790771197,22.792729299011796,156.713332612619,167.38705755239877,100.21457636069705,2.0569895532666393,1
30.69703724230287,0.12713247293059543,2.861217740030473,0.018306654755667187,20.698488028570694,4.056521270369015,31.30364079817762,116.71008436595467,2.2868525117631777,2.1199128302575283,46.610185240273,147.68941449650123,24.6797999338306,0.4081957912027562,145.96883899271796,18.421515638521573,47.09083395434353,4.124871903856503,2.0976698238661813,1.9244061146853912,79.20947629054521,3.5094648135378943,0.8661253253104598,0.08220359467313627,79.39326315726355,16.0853725928964,179.16408820904022,175.9346082946215,95.91018307693325,1.2617038924008375,1
32.716625915333445,0.19484471266115638,3.708906320158734,0.00777379281773446,30.07056840056153,1.620513611533041,26.50859264237994,153.35454333930687,2.6562355308145897,2.1592067431463553,41.69530648513211,168.83864962335292,15.337335428032786,0.39379403695019755,113.73863418774776,18.863142327251726,36.89901144236546,6.324606384653236,2.1360150201417483,1.1467660347750948,96.57942372270266,2.6669663944423974,0.16709118594663852,0.16562212865880577,75.61476886311438,25.150756175442325,167.67921523558678,173.73970414686985,92.46503067595489,1.9356769282243547,1
35.104612321316125,0.2691657901549642,3.8119640628922085,0.014034900468651301,18.469027723895728,1.2283500140806547,34.746958762705525,151.76868022050698,1.6629614200101626,2.1489424059784,45.8166433714299,184.03953365684012,19.955963118770363,0.3064313347483436,134.69463864350638,15.759298838401618,43.81101947467141,3.934440362598167,2.1237920514528845,1.9275572034447723,89.53428693332023,2.7581298337035416,1.0096869763877454,0.20168439916409503,87.88831604569835,29.47619265693946,139.47488795001215,157.54852778141407,117.6533079275279,6.130217701081833,0
36.871832103718056,0.12357684231510276,3.256993130310069,0.01348379580016471,26.001978076197673,2.6124646715854563,29.908044845094885,155.23140467056726,1.9179864518406482,1.9009924735060995,39.64484489578584,154.81297863977466,25.74804574005752,0.4020690836139549,137.0985642492309,14.042953630605286,40.39943434008078,5.95835494685898,3.328489663940945,1.7834802359012363,85.06297449867417,1.340600969729993,1.5230944561983355,0.2555989212877976,97.97615320118616,21.072522653690623,178.21754423268095,162.52378621306383,117.5782329257377,3.8384757741143414,0
39.23173385925472,0.16566386294406066,4.114478256091544,0.009357202849470156,24.24286113395575,3.7722970072045903,26.711466213632555,123.49810220533223,2.561833786216,1.8935404080995066,44.06129360278765,185.66407928829543,11.402737475915446,0.3869841153599655,125.42479911668724,18.71493497394764,35.31416182184945,4.31738232048689,2.848397601002374,1.414464073939439,92.06907644925502,1.732681901590391,1.5290787269717405,0.17060953929841016,91.64382071254441,24.392353550604916,174.97177800490843,150.92731436604234,94.62373247830736,3.918860647669662,0
33.74460941301801,0.2535569352974682,3.4687436619638836,0.011315350450345575,25.00362375422904,4.144556662730104,26.82768060600251,137.52902013190865,1.8054875178730954,1.7123276152761264,49.79995626382304,141.14670144352698,15.465070010381913,0.3985430206358569,128.99927483592424,16.091810193811728,37.38613606167065,4.336860731637228,2.8170848730971905,0.9037544295417194,85.81592192698595,-0.08517371400699014,0.8013577771748668,0.32672931251967025,89.2440097335501,24.446927771525765,171.3350373478602,165.8259541953627,129.72844347816724,3.1308830491999333,0
37.76751920595712,0.18347151227710146,4.04203621373085,0.013756878473250364,35.39786649189649,2.5980493608464483,35.19322315907587,160.0232038789099,2.663804137474154,2.2396138397249725,46.63224491876269,136.40448299937395,17.026185918922227,0.5085351381185454,104.19889646466517,10.834759930606497,39.17067210389392,5.260095255107732,2.841367738132037,1.0038006985948749,87.50417637990579,2.7365943202842193,1.6659724416891706,0.3924942624029911,86.69732985624849,14.273465540193436,167.3594189124635,159.70085901366323,122.71435718612831,3.1979340414433213,0
35.209740723523765,0.22794462375863395,3.8038919300575262,0.0001786295674399488,27.254111979243838,3.5737169081854523,22.304008180709985,174.65248043791283,2.050492669611854,2.1694046196956767,38.55468453157708,180.83713453811805,17.64404356506842,0.3450511685019047,117.17479890230672,8.86960865116377,42.751278652908134,6.2352590554502445,2.0538501958236477,1.51753541990068,98.55530474654336,3.130148015269689,1.0635385599729357,0.01098407292022524,85.21705981683338,15.526959410768622,171.36225148028254,173.7388222676901,71.02346531648517,2.8751122237015867,1
34.76521026225028,0.20863654396799877,3.575234521303914,0.009877207774131064,26.45895291737621,1.7736053219106025,34.844695077283205,148.1022753598024,1.3438191131090549,1.581525492815752,40.99748600339107,145.0944481773913,25.49201579626674,0.29030678351880435,137.2865034784266,24.25938384156671,42.080884564909056,6.226830548504375,3.2259940549426385,1.465191664230664,88.8652276200756,1.1485041597283674,0.696016173998266,0.23127791518613938,84.36233385213346,23.653936299022277,168.55876977305948,140.56924214120684,130.11429170343558,7.753340971860174,0
33.364281999228396,0.19188781189036394,3.268426493842219,0.012872421158364062,21.024409193476252,2.8713283686818665,30.850752168561026,159.56063799863358,2.6084064375526363,2.2809194450829393,51.188909776817724,125.06961646335425,22.85707657214503,0.18176736447685055,127.78373589910285,14.478573747606616,43.01898237618835,4.852677318640584,3.418374417878616,1.3462294043238372,91.769498250223,1.025436255215896,0.8568927532375834,0.23775614525161512,88.09127275361207,27.294444257833064,179.21978572820154,166.5429005055187,105.5729198732296,6.270180051949795,0
39.536329336394445,0.1550840810811269,3.1117983025561906,0.005925754273233223,23.869543894169063,1.2842896061070816,35.6593786036875,135.28585376754066,2.0752892483714906,1.6979242831785912,53.95698109183372,160.769108979108,17.927256733850065,0.19109562736697305,130.3542380605949,17.27767815435181,42.80262205616677,4.322317885803516,2.980307980949561,1.2582340356232276,90.48889374923121,3.672552696467621,0.7732475254852826,0.0014433302750439247,91.6210651752538,24.195861578134444,168.25459235153258,140.7516367454475,105.46582868066217,5.787542081190609,0
36.666396998137834,0.1534673983483815,3.8735049198413085,0.005943214349395541,30.789515568204134,3.2295789780060193,29.868219807266534,144.06621113067814,1.6772115034597594,2.030493124201631,50.070484070709334,125.02645281360091,11.879739966696205,0.16946173945884213,120.92176976628726,16.19162504132485,46.55309672100192,5.510045116441673,3.719524340184906,1.2910061052955628,86.98187898711545,1.8299939758955328,0.11042442086263038,0.23903333180927433,103.14055969937611,17.505758253931635,183.38595324914888,155.22112068479552,106.29383717797093,1.9934623236872968,1
31.775610541679768,0.17795700106148435,3.600541509697776,0.007744904307057382,20.33284139306553,1.8700838543720382,37.055674540105656,139.47503198593333,2.3095494856670467,2.1185957751803888,48.47004784129162,128.60354820255833,22.807992201984995,0.11596099121671458,99.98925608767334,16.911967676512255,36.98789700000817,5.993195844352019,3.6036995314124,1.159062795095381,97.65237329564637,4.187483401950072,0.5667707612635594,0.3417419283808768,93.9022380929054,22.425189648351164,173.0256567668929,179.19567675895394,77.85401056222362,3.0922954563336154,1
29.430786058923353,0.15864575544641427,2.7835253010061685,0.0148322258344112,16.8453159405678,2.8717764132114523,25.109702646980036,131.08405364631273,2.5194965374332883,1.8613624576641181,42.8514667285365,145.5875473799257,28.891092495686685,0.1430768558236883,152.896467039655,16.067197369300814,39.770662509914196,5.59227896068456,2.244566471058446,1.0895459298672088,96.54958553959239,0.338665626258686,1.4746887146484087,0.3068900678998721,99.52794133874704,27.131037805952857,163.0368573926869,176.31644509195888,137.51910842307868,5.560764057609477,0
30.837955871563747,0.2311174166612946,3.6758577028549144,0.002749119797528854,23.016767240967816,3.7784793786815123,32.566758723528146,196.41912939847825,1.9302436801423424,2.5263767230967544,42.613077891371205,136.16808746301132,19.098901765783467,0.3901976190374579,133.15756819594108,10.848847135200936,41.23843999013799,7.157368666882956,2.477101751389494,1.2794218393063412,85.72170762785134,1.4518357522564993,2.0229041964402956,0.21606224060486778,80.77014489822498,13.955713938298684,198.77519301468234,177.58721302589333,144.86643494820976,3.501682625097362,0
30.516408311743902,0.12190668440631547,3.859995706763411,0.006164186249281875,24.9419984756173,4.558220498257521,27.275899267033243,132.39114324166334,2.0629472648312164,2.118031417343829,39.89069810240915,144.88283347599096,22.091076596583743,0.13877334548093517,121.06179112562803,19.588271471478176,40.16119899563509,3.8588118502693796,2.848360661590152,0.9931849786573989,93.31300000862151,2.5824562249738303,1.1251477617623533,0.2871272025770236,104.96681291679234,25.70419378162938,172.07185195236818,185.31114458921743,103.58141007594558,3.8786433701335543,1
32.39917058967715,0.19498867086871022,3.0401458559129786,0.005159512890668184,25.653706586340466,1.6453970927918582,26.24979302735476,134.2850918164301,2.2865148768279657,1.991927664509907,51.14680427236205,155.34435319227626,28.21415067449143,0.24619493423683375,119.381579139873,9.925120641631054,33.56161509919822,6.568426074690792,2.86196043654739,1.7540616893686687,100.52625156175267,3.4232613799955742,0.8056583861143987,0.3573290295902023,108.95760281692752,24.375704354181227,180.23862951189872,162.69095948471826,133.6544949666805,5.3609467862460045,0
34.05777733810905,0.21802489306595918,3.7892312151210517,0.015470298758885039,28.989824192743583,1.8581488090222222,31.66005536521777,141.66465305587332,2.35608491000785,1.8047705790642743,48.81835016290835,191.8430619398994,21.37009716552501,0.4365629766345055,125.94236629307603,18.22568963417811,43.10220818065366,4.069662707336625,3.294579638491656,0.854119167124474,98.07158280390594,3.7955020179859966,0.7309899455556622,0.2000777611276016,80.85063466942616,23.23659262574316,159.18150890430184,158.62307861186758,96.08345972834402,6.888050661152006,0
39.11504594255991,0.1839745243254539,3.489336563248972,0.018458224798297285,32.250921054125136,2.8397381642713984,35.72160146383567,150.7776930671887,1.6517845902736839,1.8265480344499287,40.0391448614084,120.53476670471008,21.393110496345663,0.3231889717969769,97.80488075933012,13.728464545378701,38.637668017547504,5.031532702201978,3.2587696153212584,1.0979182447282694,95.90129024030037,2.369281117762128,0.4322594201933443,0.008113528712838325,83.06591506598684,24.694313834199946,167.40052510414483,177.44026938140496,78.62183558618403,2.516284074270372,1
35.59682409543503,0.1222188541801099,2.75131911527676,0.0037019247639280125,26.79372967266956,2.184339990661633,31.922028638538578,204.46222557016338,1.915053364474314,2.186105506716042,51.01218248842344,143.1258666326365,21.612843385536507,0.29796893918653605,98.63726936428093,13.103810020370103,42.5143807242389,3.4870798005553403,3.2850073915795983,1.768607449055208,88.35340678556919,3.2801428505578283,1.0913417071483744,0.2740959084390343,90.66005139136283,17.362990387120256,183.0729690501108,167.1639656827201,127.54402419974654,4.147791060932383,0
31.778235171978142,0.20859042997639823,3.5685570137366804,0.0029321473237145183,24.135319277349627,5.480451729077945,30.2185067870949,169.7080096058616,1.8249571648270395,1.9045220535973026,42.25804898217575,119.42870190021264,16.226867790809198,0.32412736223327254,141.53628534209975,9.886092488339742,32.302362981671614,4.938471932174946,3.5977878141209017,1.2307834351219376,88.4069599059919,1.7050223837544076,0.7051811944376305,0.19816168885126312,90.81953598296745,23.603693274551524,171.74860681374102,175.0284591589681,121.72864877986677,2.681244028300864,1
35.39572658042391,0.23482258205646753,3.8214912885983456,0.0006242258380712677,24.574552619698572,3.295464573831659,30.42674151563918,147.70747414383234,3.4971884057373552,2.266735368235326,41.80819634189709,120.20117992274552,25.202717638238646,0.29016914341917527,110.40611664820457,15.973295779150725,29.397624265219502,6.583996516094192,3.466789403448761,1.7764642119944725,104.6397496436179,2.164199865051445,1.1933577128207278,0.2599915749478101,78.181593590505,17.289782025092872,172.18226131360268,195.87113359588184,70.8677568512326,4.041064753448605,1
33.24583044551668,0.20683534215303545,3.455064914484095,0.005036401351640238,36.467065688198275,1.7564077128623168,23.40794283038204,148.08743323131594,2.4965219997116512,2.0049410166234556,45.13878409591299,121.24571438187411,19.7607318393222,0.27613555884728413,98.22160975587065,10.681695401746694,34.34137413338083,6.7974260621324065,2.973077876103509,1.6987752087337065,81.55352758743001,1.8758666839789235,0.5377132862772396,0.2753032917080068,92.18554671562921,20.14290655018672,158.14969087710972,168.3319249120348,121.76753234200713,1.1416521592464617,1
35.623174328049586,0.24137701353280416,3.6407505512982308,0.014796378285248261,22.89087572925203,3.0037671170147675,35.112060143186106,129.26693072830355,2.4381269880068075,2.0147945665339755,50.674043754171365,151.38340852197288,19.685113899716455,0.19612672505099626,152.15922570806754,15.472319350028323,36.102109095023756,4.978625676269387,2.9672073897483937,1.0828628100198001,88.78571495548591,2.1724608404098924,-0.15946491320938594,0.24635775512030306,80.49722310461233,14.625236438429981,143.61557395834473,169.81296148461,117.83725727083217,2.0824492321540293,1
34.704649872728005,0.3105019101451106,3.4871847060798586,0.008206486274918245,26.6629454679324,1.5172785906301902,29.472828804571176,160.47547824164522,1.8132220332735343,2.1376432035589494,47.79852935954014,116.89366725555581,20.820543623693982,0.3446048932670984,116.15176309630506,16.375818288718,37.216804054599265,5.522367324128736,2.662243573619301,1.2592263951613272,99.34153598235896,1.8351482716723737,0.8787672383655185,0.14190345636588925,81.10537539255242,31.025964626456656,165.67478850239993,175.45490080631097,97.30617248531347,3.5175121754928327,1
31.771582407363546,0.17475753745599776,4.469667396147394,0.009018777618593697,23.58836310806091,2.6036169439393455,40.878530458400846,119.05251025218776,1.5820521383953023,2.74642894105305,48.857529508085854,143.94042242581156,25.84640870071806,0.3407162386540433,80.92447509250319,12.037082516905917,37.19388061934651,4.315907957762374,2.944857900538592,1.8250978181796764,87.1688443590601,2.909955679578853,1.5867998043285394,0.324214036714899,79.55478150947158,22.26925849177343,198.2530800772141,173.11703141506334,138.33841688841738,2.3126998579099634,1
36.926963823762534,0.2215788955740342,3.444081180898978,0.006865963578129824,25.639412449793028,2.5944547576801376,32.67368463683279,132.53969723153483,3.252156406205156,1.950035169823234,37.15321136984879,165.18254709882274,20.47342586053736,0.4334199843112646,157.59129555556484,11.650279115539556,38.358781126449664,4.297836872421793,2.191505634392346,1.158903991605965,93.50272258464291,2.0926418075092874,1.738751910612899,0.0791428311208555,81.16408057107067,19.63082566531213,181.04514491768873,166.3350479624039,104.4945190476962,3.0948746986284097,1
41.77488885953968,0.20256200107472985,4.075157114321657,0.006791541154598412,26.667057031972334,2.163714400704727,31.688684861105962,144.10114573119876,2.6326492478733736,1.945251714669654,51.39779898221475,141.09447160567169,21.964592252708243,0.3043216255208789,115.59282416209602,16.177623671018928,33.73094730908437,4.897908787984785,3.466304403698108,1.657986755336819,88.49129532506879,1.6749017708588723,1.2359737751313982,-0.02923969318554795,92.15129617110753,14.603744597772888,142.337600623331,186.75829044782103,101.70633959319755,4.078872952956509,1
42.05014796016049,0.22938234198268326,4.2324972005909345,0.00047099369071780875,31.84422817226818,2.628044000952578,35.62010289164895,154.11139362004775,2.5786637973451976,2.4288133580223246,42.10712957452357,138.4155383696659,18.639912539798065,0.49441425444379494,162.6271013293761,15.4007229903928,41.62684715673349,4.287733642955468,3.390861706968447,1.409783009866214,87.89233836904268,1.7681064875469632,1.8430474811639024,0.22495979400379126,81.07817333961276,14.920247947010111,170.69014720399628,164.92491198764824,86.09617041948262,3.990419947172354,1
37.82916774430701,0.19960272547262176,2.9653643158216934,-0.00197231131048577,18.821929245979184,1.6120113987602114,38.19613008689254,167.7176000699443,1.5199008440868906,1.9944692077951034,38.38647817026754,140.76932208615227,21.96051776058422,0.3354514832130906,94.73205118098991,13.124821181428965,49.016544746891114,4.5684216514502545,2.126969114444517,1.0287592770181058,97.78464694675087,2.7018152804280184,0.6358184221960779,0.13575318055717434,81.82232400074702,22.631703495968317,157.25558824517861,173.88194541340874,110.18035235935959,6.173096366290247,0
34.654442683560625,0.23724190955274468,3.2686641080079957,0.015255629256505438,24.004599838833354,2.7042265668423857,20.57730317069468,180.9602044638425,2.3728559468821615,2.1428051716218186,44.602501515046356,150.80021454630537,16.88258318951702,0.36963919533171696,114.77265165024014,17.04519960427213,43.49355796402938,5.8717641848985425,3.016835831644197,1.8543031669278829,92.93946149983987,2.732679301995381,1.1242007691116889,0.19901661688618885,84.22953680036271,18.685339988278308,177.36058923536802,161.29051529905394,91.90914820782199,2.2608068981671328,1
40.90422086785923,0.16214873508081354,2.922147535489776,0.0075930240051604175,24.760593654712885,3.11524085046607,35.096348455471826,179.8859512345924,2.2104211644058336,1.8343659405557236,45.1285612904103,135.59628539964837,22.14463138000517,0.24176088728192344,125.73231848407072,8.700477973579295,40.91411394721255,5.042235138397072,3.034587663815089,1.3885831842266214,77.64957246847169,1.561380074309543,0.2175592720808135,0.27911851134047083,91.63626333063468,19.95429000300578,198.55496960761957,158.9766001697377,128.90596681874294,2.1011789545261017,0
36.90360273059416,0.1977120325786037,3.9374529350648446,0.006317318008930612,29.801812420332336,3.2358453678284307,32.41936919381792,161.42855259559786,1.839361286549043,1.9806567605640426,38.0959220952997,168.09120776314285,29.705942976983124,0.3954342989247413,125.09934151976002,18.93099056679092,39.71062270393626,5.276116677901605,3.4551068819436037,1.6925005760877379,90.47325721787385,1.7113489030899731,2.0206607545732433,0.18513066707497924,99.31563433259862,20.321509291757156,186.01034147844686,171.64989238066985,107.85013945651815,-1.8049925974573489,1
28.366344466303328,0.22876126601140964,3.8857210042906165,0.014106052908503686,27.19044247492575,3.1585891734564804,32.06066715681196,145.85444452285427,1.9697364570019917,1.643352371515211,42.55902037018209,162.6002279250301,19.857594400898186,0.16345143060960216,147.4145561283866,15.219385447434615,40.563267443908316,6.110060917433136,3.1073631040682312,1.1823009361252836,91.1667465406858,1.794240664396165,0.6497678233040862,0.17549707456268054,82.48765073477362,15.561456646970543,173.09962062115304,189.17299046476853,123.63251403763608,-0.9003889472162032,1
35.27762764657811,0.1576107482777766,3.6547957501055808,0.022856362611578345,25.91839663481024,2.96361214871975,25.01547346758192,173.75626792011988,2.5935973062960036,1.5833180361500587,48.82661738079326,145.18838036247715,28.220839330168022,0.23933070305640924,144.19217720273576,19.45943091463044,42.56453848391502,4.274487401106896,3.420119610003857,1.537805787054265,86.05856166787751,1.7046301008295661,0.8947440191969629,0.2422425878038287,80.68702750010932,22.203751905986177,167.9733276343753,177.20568913714527,128.54760771678727,2.946172107654485,0
27.2247935339193,0.21279041741593685,3.9272465751208134,0.005921943630763154,33.66075330942913,3.1314823656267845,33.69562967251115,175.3245982014403,1.7795347094736775,1.890268958483488,41.66007272222362,151.50657337015917,22.268822537118012,0.3808687587455445,105.46856042580391,18.49814070199535,42.94783259562865,6.0585932787669154,3.0175409104707582,1.7631884116107104,98.42910924597034,1.6911344814785632,0.45346155762372187,0.40681590478472324,72.5730342282572,24.07272143595486,160.81989947309384,171.00882508692018,151.0123572446859,5.793486266194442,0
30.30787132291726,0.3278484851157142,3.1411678651189616,0.019315434765835263,24.125520447727855,1.4945178166074293,23.677161276383792,156.54576604538107,2.1230929403922394,1.7548002559221765,51.45811204395711,164.49804220810674,28.764191979926217,0.2364933353957077,142.66029223728248,18.52786643565816,44.737889899945,4.8437625965554485,3.5064067651770525,1.960411656023268,90.07388645473588,0.6924837546040241,0.46057618465856265,0.07193754085620149,78.56370168724773,20.098915040989546,176.97804764198372,163.78258504742908,102.96467944822454,7.286069899698216,0
24.862042165995497,0.21171694056127702,3.887746373221481,0.014173338785407854,31.85305376180267,1.2608245179946682,32.57117708443882,164.21103853664692,2.1338501604831017,1.743630231181784,46.47059539360742,140.74092589890046,16.666082135977746,0.2509248266829701,108.39534073575742,14.211612135569473,32.63039317272055,3.430218435140733,3.401171415600791,1.8865435040648932,94.5004028594847,2.829280176533419,0.9782392211280898,0.2509651825752337,87.61438827536345,20.070816929296477,156.82455909530913,165.9592041239524,116.18549719304713,5.778839275825064,0
31.124843186379596,0.20507996547960747,3.764630795079754,0.018337538499572634,27.538458669318928,1.948851700018769,31.819768185560108,152.9319529228765,2.2811165708342047,1.5878553872934986,46.57069763827566,126.35362775682606,27.567135137577203,0.06504786334920809,95.40882391176733,15.026352397614028,35.96446744891792,3.6740652033220735,2.7175327754677583,2.0955658010678975,92.02466785295243,1.8246496989855716,0.8898487610930229,0.23107843159597452,86.51544710906462,15.619411231293771,164.23260347284187,178.23468847856896,96.57948192571124,3.2612904473663566,1
32.15034564302108,0.20271589921124597,3.0774979363771324,0.006967985166408283,30.670330874828423,2.9276454158890646,33.374656480880816,180.09468974177173,1.433513765465566,1.7271839158740874,42.25044813362089,163.33628720075453,13.488943961908342,0.4047682420064105,138.16299832985834,12.844724683543276,45.09938500409784,4.101118302871914,3.122065284787601,1.317028751044286,85.05498603249063,0.5457426912157322,1.4440699336751455,0.29575561230585806,70.56999946814942,20.05396922018632,177.85364386463138,168.4084868930335,111.29914317998978,2.2642684981826493,1
32.399089721284334,0.19490819995386244,3.3610964148055817,0.0017657705916456212,10.621627884335084,1.0965713422742966,23.54860502112726,111.17992568774837,2.642865272701318,1.836702534061851,48.98825026126439,178.9082164106523,25.530645064295996,0.37953004990166345,128.88172934448127,11.10578098020239,36.9609687454881,4.226026354634927,3.507204008956319,2.1059636006828875,89.32903251894044,2.2718852569002532,1.346987992275075,0.10149045046891665,57.31676489921906,22.621404357764987,173.91220881762595,155.27443676432534,145.8182369720909,6.581582058763134,0
33.962301245888966,0.22423228133699197,2.98662003239535,0.005563119861099981,22.765414046857394,2.8452697002156864,30.190456189092952,132.31750732092368,1.9780373277977774,2.3636672619882058,44.034031063236405,156.21195078653278,24.98298589872795,0.4068228257277855,97.65913113028572,7.885741496050284,41.60991197761772,4.4287045902298985,2.5474229566633473,0.7876009249683082,95.07105131642157,1.6874506859335763,0.5322711257619417,0.1559865393711694,79.15730022935995,19.738785937560223,146.7329856598969,147.98503905252306,107.79642861768693,6.166944697877539,0
27.43363499370526,0.21004361122158807,3.726336514762273,0.008153330103080439,35.13624294239725,3.167344800329839,28.203737621576433,125.05403106299251,2.2213174539107374,2.4436728660755076,50.401040196807735,182.02683679348954,23.319520965530938,0.18545541646437272,144.8087032052627,13.429058881570201,37.17815273180947,4.452674477845703,2.7153425160571976,1.0887490540027793,92.90183433439698,1.0764337625927274,0.33889964346727264,0.14628524120932213,85.66984525222763,18.79814329269484,187.64448874808645,175.57695101428214,132.19217805745302,3.628735127922577,0
30.758369005221038,0.27669845553344957,3.8052621773537467,0.012928517800175949,33.743550427196105,3.2489325123790573,27.824109559560007,120.48350089017063,1.4223936587111377,1.5608661016990815,36.8677696173179,144.31110413821216,22.349781853051148,0.5829342598658679,155.69706797980578,18.613783825867674,33.65401439296321,5.428650378922798,3.098881779618333,0.6948845395369492,87.68327924273221,0.75010049021301,1.0676531722078848,0.18249361335655617,91.38794479663628,27.917987150172856,181.19027907244075,164.39205893988358,134.20948802658157,4.010877421255967,0
32.10657566445862,0.31535432650407214,3.6295500216888184,0.009815047936249552,25.006575634018752,3.9845074940212295,27.38162330812392,145.35858659063518,2.2932697188610813,1.4336713066902647,35.30365211415727,152.77266531480066,16.157541655725375,0.3608177841065792,143.65421807690515,11.225332839832191,36.7979562561005,5.47511180621716,3.8740391619620596,1.5866492953167817,84.2576710087158,2.784946926673408,0.8640789480273194,0.41801348248806625,78.92433884418905,23.052550451790022,178.9039752482559,178.60050728080836,90.83600367605263,3.4866618451079265,1
42.67417438439643,0.2150669148439547,3.221704128406138,0.005866554089689975,21.443418558791134,2.100843407878776,30.81884278054373,174.81006155959028,2.340898124637185,1.9825076092579754,47.745720752119055,150.4836448470812,28.79186074614573,0.24925582437828403,121.53713780495889,17.56224087213474,39.60066762156606,3.866096141555527,3.248856956568047,1.2227655477490171,84.37413369473357,1.3795841797525583,0.5663566417569554,0.09421914715098706,90.61626505551128,13.270391582320762,160.2460980329148,176.1340167803588,123.76612528634284,4.470955973889468,0
42.0961197300948,0.19664471485331514,4.680104035412596,0.008926947354207867,30.52714478711809,3.1351238066025426,23.896376761279257,155.3789622959401,2.275579966899698,2.063926067578712,50.310247494182875,112.07112189507532,28.377665946385907,0.20858682006120768,114.60806620227801,13.568105521940863,43.592570485503394,5.5708380642748025,2.9400973204296195,1.198998363319613,87.5277464257911,1.8585457017600984,0.9591609160508832,0.15210831494762989,79.40930095264147,17.590413879222996,148.6651351851444,191.51436537097152,118.99643947998769,2.9117969884281325,1
26.412285262720587,0.2087424417485891,3.008528578842914,0.011891050628759614,22.712838870065692,2.8850220071546198,36.62427463226692,157.25231615060008,1.7319434752093863,2.2451080172539966,37.040840650635225,114.38174920911032,28.401635714840907,0.2829401304759108,84.12043664528157,16.23321997604632,39.58137113032407,6.273272386629774,1.921768377554508,1.169804087204228,89.89362656159646,2.053099012685742,1.373331284797745,0.1178619315890757,85.22137399598637,18.82882655749119,149.56648630258155,178.22576737997204,96.95870875850693,2.076303833814743,1
37.565041423785694,0.23403207564862286,3.8313294664089077,0.008701363719047542,29.24753527279836,1.6547958304950066,24.42857407624377,149.70850679268966,1.9168985384492392,1.8821914533911832,45.81233483552158,170.59352614282463,19.097889296808386,0.3776970228574551,107.88822101974569,15.310567589053768,53.1966051409367,4.506250922370527,2.0150669187586976,1.0297687762509757,88.38047887635132,2.2513170330482404,2.080220796277416,0.20492050257120215,71.24463542544594,21.583458694735562,174.4272615982786,176.7954948463868,98.46413387344465,3.691590604061494,1
43.381439455843065,0.17381981651029138,2.943224714893624,0.012674946058081825,26.433715569938897,3.512119212185769,28.517816642963087,161.1611971502484,2.735269888587152,1.872736926718991,36.12764785361617,145.18123641097284,22.613466871032887,0.33832761055517874,134.62566081147008,15.773266573801001,38.61959720212269,4.031186731636321,3.436671639498099,1.9868540692413368,82.689031363824,1.4702469808649758,0.784138418993743,0.18461935440023813,84.45050639288452,29.305251884243887,175.74767313229586,161.16583688884216,115.31033966162873,2.4986399786289413,0
36.10652023373653,0.15361031443082077,3.093107678828647,0.01176489552908354,35.9621400494473,2.6624404621837434,25.042102499760347,153.93188980520478,1.5577070920230929,2.0069208693387632,43.31043055710541,141.7259896159976,19.73355664004819,0.23846878296115717,148.20710934004717,15.346126431523436,38.93335120948494,4.039206669790651,3.061541475933743,2.0713887422726094,88.12768858598996,1.7205100348696591,1.218779304303645,0.1625393566026444,105.62836199055502,22.450823249322625,147.65205926329278,186.75910771834606,109.0008167570875,3.0711206468513463,1
31.930890338324915,0.2505704911375449,3.4851642941874057,0.006357517381296859,29.722759819036874,2.1344846096187577,30.242986701640813,141.15950828793396,1.520034434773784,1.664760238248368,40.48388052455331,139.29124907680492,23.51104424488287,0.24318373241456692,94.84933868283672,10.536021921808857,44.88721253697612,3.455493859263826,2.4166257252954297,2.0481897147674744,89.13254387115617,1.45201400875253,1.370684808250555,0.1357699349769688,91.07242394147922,20.348136749951742,180.4214078020632,167.4797988474754,112.4102532632202,7.323023358166961,0
38.99651686629553,0.1566656819557014,3.769625788375396,0.020135611649859476,20.613573920733607,3.157659462166545,24.77357373980233,157.34653259384663,2.200395725236883,2.1687607758664083,44.78604055028373,132.04739386002862,27.501589247801597,0.3837587294272506,124.36839621293448,16.047339633762533,38.480051481551044,5.276721252939457,2.8701036390478167,1.7839125807761733,84.35077848229673,0.3123824517587439,0.7706927357899206,0.1998399214539849,89.08356211403434,26.965207142113826,167.72927546781298,166.12644172239928,124.09609782169039,3.7443749182520607,0
41.5795572053091,0.2082694802486659,3.18148654248144,0.007162474052036046,26.864067598085285,3.1160492459231186,28.71132474862477,171.5662590417033,1.9494528872603334,1.5758528781405832,39.860825641531385,157.26877238248682,12.98531478512148,0.19062402110771062,98.93318338543101,15.376729768319079,41.55963729447542,5.655813305902547,3.3360615746670925,2.2311969650333268,88.89573993716205,2.3748106517288745,1.2272573503443864,0.30767810133979934,88.5120707071778,13.122323925489122,181.55963004934912,165.64166131597608,95.28888438636588,2.0389221148719954,1
32.595007376207484,0.22536230469387655,3.146121928700725,0.008788165906753711,22.13483862689612,2.784791775418493,25.08961881455365,167.94584696103135,2.591415125932734,2.250904745392655,56.6474388036835,173.0332182448496,16.592578295995782,0.3275770425944814,117.6842824916005,22.799922146890914,44.10801702180589,4.735312260753309,2.8765222687999943,1.5386523056371744,97.65364652167636,2.2728325226289714,0.4462200000665483,0.1822679678626236,74.69855326997555,21.285915749696308,160.41216049208037,165.3240725440387,126.10091754395543,6.338580137531199,0
30.846956062069253,0.22741976422500837,3.4281380533801755,0.010087429404022737,29.144086232672176,2.2691944311739594,33.960121703220466,164.74044196387825,1.623177057977735,2.5259323564787155,46.044533468334215,109.06461975404852,18.797540043424096,0.31325126686461274,113.4662886414911,10.254871665901446,24.32729811477676,4.085891068147562,3.38377695245279,1.3662564260010155,88.15084751816089,2.3639639624583517,1.4286253361297059,0.14885179283493324,82.54926743028625,19.610826516407304,186.49684092354093,153.3987033846647,122.87156864299372,4.777933956453121,0
37.05670801298016,0.17955448093816373,3.0961126402588777,0.0026042701173593684,31.698954540018843,3.9777030067201125,31.092573137978064,160.7039049874952,1.3850305240069947,2.14741887848221,34.529350888155534,182.4953029910278,19.327463143218875,0.6123606513247557,104.53498396770078,16.53053702755279,36.955089679146894,5.197250273631453,2.1239771838299117,0.8032752684776633,89.32826025188453,3.8193256457525973,0.47292273434623966,0.025734268494700285,80.1586062663861,23.614576002449475,165.29406805550678,175.2968323030333,100.75332887146104,3.0794979307267094,1
36.84981571565199,0.1279713719258786,3.4727096338818075,0.007989071836040505,20.36357543194334,3.3574098017048177,27.98795705200186,173.27546270007048,1.2558294547351085,1.7248498495339801,47.610969499622094,171.0085988389024,21.13479065191125,0.20917739877110753,131.78801855365376,16.762991367664117,42.42974761897047,5.153264660687905,2.8161844394978695,1.5680974996830137,99.64583531861685,2.7650385675976636,0.530442612512471,0.15337125698461054,91.87880246992538,23.424879114101294,158.11650783365872,154.7495423700253,114.0037764159201,1.2751978002322453,1
48.58714366434149,0.17011581991720623,3.2584158493405355,0.001903835424984594,20.287636020880058,2.2589854667417426,32.28434043516901,159.14130275328296,2.10591661910054,2.236885617351769,38.5209517532347,163.56640967449775,22.06162625412381,0.263731052727219,137.10767417903787,24.810454500728493,43.44587431959496,5.861934713159497,2.5943255697106,1.2722952655679796,84.50821983014326,2.664695711479915,2.019701351289275,0.1602203335540952,71.49447730462222,20.705472813282483,176.58421423281575,168.3038140013024,68.281777793655,2.730938513661392,1
37.28387697798373,0.09344301414588776,4.131003984365205,0.009702457515887232,26.926606321610514,4.520035833336571,28.083516531884822,182.2960725459693,1.4762528880774153,1.7496540089018295,50.22291094138888,166.90636669286638,15.19008403443006,0.26299401589547,137.1299052201837,20.154922154310988,41.21263645320617,3.484498449343001,2.400405965051918,0.9005599299771198,95.0960092011992,2.8633511438487176,0.3932044123048153,0.23795548920869655,82.78529647896295,14.468012223813815,160.8303522837702,176.39978106114563,110.81484087555863,4.278596148050058,1
37.401688254608956,0.21815339834426428,4.401583830761338,0.018568005262352735,22.115080113733942,3.1874842553975897,29.178224389337025,156.67699427684147,1.733751190112693,1.9802721673282102,40.12447803350428,149.43326997343866,22.16615949629016,0.2916322382802832,109.03217269187402,13.788786626584628,39.1981645252519,3.9717524793330723,2.8588521428673648,1.3106926465125632,93.32646690881322,4.180514753169038,1.9074237196853276,0.1838154363052724,87.71921083133583,23.134960759124223,178.06218123478288,176.01525986153172,121.62462897573532,4.948891056771845,0
31.05870591594455,0.1032567195531395,2.8650538498903595,0.004679203823994749,19.126913203459814,1.8725461335247988,25.281623651848008,138.88910097129084,1.0546176637488562,1.7712463991629712,53.29985339012908,164.55347575631782,26.155474283329333,0.26210663095679576,120.47270625708484,15.892041767446102,44.39707997985974,6.222367565859635,3.2969304491485047,1.9072453758552117,91.32707883943573,0.6936327807951539,1.928096385433156,0.19470946129674138,92.07370180722191,26.592254775332748,187.76113291431238,181.8007153286743,93.4964908349586,2.035965355156287,1
39.17266365487603,0.1314744165651821,3.8625643880146234,0.009929332467813332,24.725982535877154,3.842957900255895,38.346710870744076,141.8442064124167,2.976908009574938,2.0492855214050985,46.09116051540951,126.40914243452599,23.887020951307406,0.33872598444584956,103.51399370062447,21.29853383676914,39.9203987552355,4.424808933699561,3.777375538887775,1.8206332993326595,83.67622746647383,2.4384517249768054,2.137217113237962,0.2812249208696882,84.64362358918751,14.349592848100048,165.78178890468465,180.88067885594262,131.80354832867468,6.195001802158206,0
25.7166915802297,0.19074166398906411,3.41427940786585,0.0036980183202219054,18.619168058301074,3.2861607410661815,35.0903855879232,159.329790576881,2.3238727149517575,1.230854922249614,49.44301891717246,158.67917890539158,14.538650274837867,0.28504713446160285,149.59934581400162,16.397376021924533,35.83242081954497,6.7178298213211,2.6061413637705306,0.9579415977691771,90.53848914607121,2.4094028977471833,1.0605905273446747,0.21262235288342002,96.34715286053687,7.099438448703667,180.82274244270454,174.01315303190486,129.32100344732942,1.7769097309268216,1
37.21487371883764,0.24641003463669064,3.6370474105435218,0.014172926864588025,21.281179612116805,3.127601129905078,32.300795537957654,139.75008267573364,2.2678391287228252,1.9614142094983664,43.70964372190194,115.17846807574257,21.35600031938328,0.34267078624814684,97.31326735940374,17.100714382426595,46.95664148442703,4.384177110154924,3.171413128035081,1.835633832565378,95.69884657896074,2.109197878445327,1.4483645189622396,0.4289466957871167,93.20260366506025,11.645343613837458,154.4920957204794,163.15672661488335,97.32981078513214,2.9903506730087317,1
40.86872190347299,0.18205464163239177,3.3386512656323677,0.0068248033575823396,23.1485943766598,4.518393725622801,31.904572717750515,172.81443047622827,1.907119666629093,2.0722394328088107,48.50810093532397,167.54032718909446,25.654119828915825,0.26106874365357546,141.14878129483284,9.418453498416515,37.74988891762992,4.778085082451242,3.240763085812732,1.2040319561563446,77.43428455723271,0.9606739486848019,1.6540979074617423,0.33681833775526326,72.56793963020259,18.98208932453832,160.13920896499963,197.00702099217128,110.77225813827766,2.254820158267308,1
35.44824551557102,0.23470059813248492,3.422571012086452,0.0165303951709172,22.18488132327274,4.5625908848796115,22.79001503423794,134.1327594589232,1.757626043164774,2.49703607475537,43.25428094419964,188.0069882323222,23.703107063699427,0.23811604067331635,115.72491901270591,8.193934808525729,50.46215754204363,4.278327995175151,3.4005136605487722,1.7361472754529022,91.40847813067258,1.549161757232409,1.2222433802636776,0.3881544739656193,69.92178732187581,17.34172554932961,156.99781838104929,179.49135613359718,101.3126501528307,2.335148115322704,1
37.62946410578219,0.24817020825318445,3.762261626677131,0.013885694710078897,27.859106013416994,1.8062402940663032,34.31406781405062,140.67521990039705,1.7732355922331902,1.9299364283624096,45.05902295558702,151.4732721090873,22.259823217786444,0.17699159055417468,143.5202544857658,14.650519191605662,30.772656954987703,3.9799813173901697,2.516490614314132,2.124849602945975,94.19776398172017,1.3815658570475098,0.7284679166656429,0.08870211739854605,81.35802392667384,14.19482755111878,168.8977029395663,193.75800546713634,109.16856739660595,2.787771644114451,1
33.115369219297726,0.2263034853676858,3.8503023438187247,0.003314576829763185,26.170142395786822,3.289706801390162,20.31088735871365,210.2194164104924,1.7738050549229016,1.9856961359840888,40.85065676567378,143.02970602675,15.381368164310476,0.2750526386168548,137.90902752938038,17.933881209120756,40.05560171643168,5.417722192011043,2.456793815028509,2.121704140472945,81.24681316378151,-0.45722968287669374,2.2874831666489053,0.44300053066385214,82.90579457639076,13.749880634750747,153.05687283517736,180.2321844128263,110.09883233158966,3.9602869649665333,1
39.14707805546119,0.24702290692819115,4.350670390849416,0.013100487037991682,20.105304294851656,3.712332894962625,31.36541678059303,158.41758268898,2.102434403984174,1.7520813215628226,48.187622577192926,160.233654744335,23.184270354318116,0.30922964777805345,101.0124216025586,13.480990009782058,46.28534329018028,4.492303674726036,2.5722553379282016,1.3913082162842028,75.36114690319386,1.7450851433306567,0.792435015724529,0.1108995628866438,90.85382551414514,15.937415745437335,180.31525013225576,164.019084172064,145.29055246944367,4.737123418047291,0
40.57899874053908,0.2514165344235192,3.048691589401419,0.004238536635052801,26.431871165930094,1.6090158400736148,24.248819844787196,172.67521532071132,1.9206307356926562,1.964451555378892,48.97502257805249,129.83408656978457,25.474138959780785,0.3734490065048145,100.94601660100614,9.862928400138333,31.994335357753588,4.117337359822866,3.627514926967933,1.1647601081945584,82.92426279247884,0.8905968725576476,0.7269612078334285,0.2970263418753378,77.36698627067716,13.56445604604779,182.45458972604294,162.77263040251214,77.65627439350985,4.073051211638415,1
33.32837344218312,0.24035062918985672,3.8244234726886766,0.0029814766871592013,32.64667697905902,1.6530176958361622,34.17765251112792,175.6058668633353,2.551807530012945,2.1454431960088867,45.329288781495976,135.17348590153148,19.379025823094572,0.33707185261747025,96.00207068358796,17.72092284731081,39.15690925760934,4.0299185768119035,3.047484072545421,2.535516210733621,89.44040895955183,1.4297185061852555,0.5812742387419733,0.28513634819259476,70.72116733065604,21.83591876454803,153.33602123744578,168.82870239026866,107.08162120204088,4.088221053763148,0
32.79877860261792,0.24371634623817515,2.5310475756718325,0.0183191205913728,29.576473224510146,3.990129461296419,31.255684634072864,83.67979166753418,2.3267311495530576,1.8230101081150127,45.196686439894336,160.05395729503448,19.499989038092643,0.4624700600825319,131.8411551508806,12.309809233981436,37.402604033877914,6.174969021750732,3.5388861434977295,1.3954032166733306,85.77899809930774,1.8920665822524667,0.8170252138141316,-0.0790934944901458,81.54863147104207,23.19747484983192,176.12181424769,165.32255604300522,125.97943195279288,3.8151061333823035,1
35.7771433841972,0.2233587599828155,3.0511438400883604,0.012801230057568213,19.340597145136467,2.7429293942612474,22.18832970965412,167.3955397181173,2.214785445269934,1.998464860892145,49.799312352986576,125.2144580455253,13.903160390831495,0.28967737071548694,147.04051022594027,13.748557854471418,30.66979946947366,5.11525149893197,2.7110343071191414,1.8340959583658436,87.04515896648653,0.6291534442721456,1.044423582818483,0.15621768671992523,82.85230329817641,15.6724136665286,167.90579562504217,166.76568594014333,52.49417007020641,4.200850234113755,1
33.930136032969024,0.18928718216464696,2.972103502089757,0.01429034107631304,28.506276748123728,2.809210626992174,42.90593861194922,133.8337629723606,3.359213450844849,2.0944194003279475,49.21215056796611,121.64707618790902,24.76242176131395,0.18678367987281286,140.47331662738992,7.393109229329796,53.509567980000455,6.026121347313673,2.2741301141349375,1.237348720555476,91.14720425598149,2.4666554818549056,1.495370761313891,0.06253192323296047,87.6344196706925,25.790506426679173,174.8937887822358,153.25729697174654,116.68581044447349,5.910047634558152,0
29.81698058676523,0.14216025978478541,2.767335581992163,0.006330200260317848,21.184678254417094,3.6867713841875482,34.06986734327592,130.90683152504178,2.4050265750869304,2.000438247303059,43.72005038202446,117.12513241079327,20.08420146825264,0.23692967413142432,92.51816551171086,14.709107923804922,37.613047963011894,5.90056378585065,2.6318751337185207,1.6372470336942548,94.32911030153427,2.346020152907692,1.113103482785265,0.26172159041711224,98.89824058414627,16.75036443495857,168.57097551120788,154.16322320640418,115.93446760199116,7.824323464625128,0
32.393370535071334,0.09512203647645856,2.339159706422525,0.009742894275314192,32.288863904335855,1.3495269125585978,30.27288440843837,153.6537162948235,2.3636047859498936,2.5732798245573267,43.805132241549586,168.93820970587672,16.564609403364692,0.41229088069858055,123.29494530403045,13.36973861503549,37.63819920070654,5.901419183342927,3.909108376064262,1.1213367744042946,96.90508104153788,1.5552891120922547,0.39053374884203673,0.2848735887204547,93.1333011427071,22.46401636823142,185.2713002763171,178.20268318932102,109.47374220553718,5.453244430808001,0
34.53205410865561,0.23235091818424694,3.9312312903475632,0.010218258382933177,20.175488360471725,4.274000368222892,41.4989393385081,119.13400494379542,1.8788504205983039,1.769734235897355,46.59194995470715,192.18777488913602,32.43114529814935,0.3531838787896592,120.96042232771441,20.94688378719912,41.2467602695739,5.519874841337074,3.6222769347619557,1.8456858452767586,86.61403024281469,4.249966663143692,1.0456911216524036,0.20584725643246277,72.0738855223927,24.858064207220316,171.1618066916065,171.13067728028844,96.29910656979364,4.9744524357535855,0
35.19294567770156,0.14244736143724507,3.4605422023845587,0.00471030401281361,23.000106671782206,2.223347158817419,26.634581084118956,176.60698391539154,1.8508206752053502,2.537830576260068,50.582150291132486,117.55195689489648,34.042748976754325,0.07486300471623958,115.40909648268989,10.609377823665202,37.89727428069935,5.6216793890583,2.5022672801809667,2.1181646097061826,95.45259202907006,2.6541682625397263,1.5757065241643624,-0.05353473566104533,61.49432603661706,17.93085330337408,173.81305754225207,166.6872226693648,115.46856486346039,4.045443463401302,0
40.30086841655368,0.10572249684034812,2.992974630880444,0.01177616569291949,27.254781868377037,2.7554008397602825,23.61329410902118,135.43275978365213,1.5304159757981968,2.0214415004253317,47.70092827531271,160.92761848481103,22.502636303908236,0.44412911443561204,125.83996826746456,8.64412351686724,43.63819761553776,5.882721027816271,2.540793835923727,2.4021159383525537,82.43558818021909,1.2333185605871135,2.0401381923755246,0.19303050134803976,79.09363369512725,19.34229951697551,147.34327784990202,167.591862267076,99.27978712374313,2.4831835303522993,1
29.20406613121208,0.11855142891993539,4.034518633266114,0.005253950388270844,29.597136741880483,4.953340854994779,27.42395084416287,165.43030081799455,1.533641225313414,1.507013581715572,50.267557209046196,148.63181295901197,22.175550190779216,0.25913377755645417,115.49205540093686,14.668041462666116,42.981106171501054,4.556184127536154,3.2251341715632815,2.042385394303794,86.58956259750565,2.2203371599409683,0.023668327323326466,0.15711516376609327,78.97483283456596,14.555670139928985,158.13278456345842,165.84692930056022,82.98627960582488,1.4300921411198215,1
41.91289395887205,0.18838643986805467,3.1840486027725303,0.012452353970482525,25.90498435763407,5.466012867778163,26.24147166643769,176.16019706234906,1.5366823832164809,1.899789429585181,38.85992690193045,140.5618592170394,22.236470932165986,0.4702735291884219,109.36080166732651,14.678431783627799,52.12196678948665,3.912513103207921,3.0732224204295457,1.6340787504286247,101.80255203594629,2.0298814933724767,1.7715593995218721,0.150154208543281,89.70843668054187,16.818999909524305,203.8743001231881,184.30850867048304,114.5087745765204,6.216838190222484,0
37.60333992442036,0.25362554274034643,3.6973114607733844,0.014101710376268312,18.9523789500072,2.435548060505411,26.394577159280008,115.52663715937993,2.051657357942411,3.0707838980516398,47.817870234000885,135.6572129241252,24.632043722140185,0.28551146260063354,98.2758813729908,12.026213211842046,37.75895215767324,4.727901970744326,2.8883033064595787,0.7440908554358557,89.44328996678175,1.5521396873508124,1.3467421713161773,0.20855104188761617,80.0268049065105,20.40435165379141,169.15904631765594,183.48379950883447,131.15838124297724,8.08067041184573,0
45.65162433000398,0.15461665638512245,3.24957320170135,0.012553052706104567,23.667858500174948,2.719834277598422,35.53579582769062,123.52567938969558,1.4106387328424053,2.5520448988193305,47.63882513577638,144.55504437408266,20.992083423185186,0.4638440676531702,109.30659996464664,11.212615985853796,38.42119483789724,6.104273986896492,3.1309013849531793,1.0403959379252234,97.52322395952308,0.2433171947167232,1.4542805151868945,0.14633372372625886,79.40940578072797,22.95173999740521,163.46509047022408,159.02144919407795,124.63525229681449,5.820603697134705,0
37.36736954528447,0.28730601725046473,3.820670452544478,0.0074737851851652045,19.794288078003017,2.4189654894317805,23.111022511100323,145.07241245691276,2.4825531083590513,2.6924398148903395,41.581117115659914,144.17059705562153,18.389688807936732,0.34337331622295303,118.83358004462788,17.132044426774137,43.39303308491837,5.635835320935964,2.9288654367396636,1.031615706519091,86.52750631676388,2.0925792175507048,0.6419220803643257,0.2688372056232738,78.94806089403129,21.803473583472183,181.71083775772541,157.28466895490152,93.68382241892479,3.676141007210032,1
37.659033533290525,0.15743433637804224,3.3710791087770327,0.013947294256448414,30.475891073644974,2.4399129248400517,28.537195061614586,159.03543461491822,1.1591226041692435,2.174313593112848,37.51218985438635,187.70861728591123,27.454173763056396,0.27965736461663665,99.78625107556964,14.103878106299096,49.09750519665073,4.049717450001071,2.850693769003618,1.6712376319083897,88.11558198017482,1.8004152219947718,0.7959287855009194,0.30614141319923466,76.93253268014391,18.11965755410343,184.62021182589135,182.12264635470518,127.23478095878662,1.5714329138695866,1
36.4844122333264,0.23239997495281267,3.331889065710662,0.007236628871961087,28.506711230996004,-0.6854992064512015,36.53064847734779,158.5528363867044,2.2508517985524765,1.307632247755655,40.82171289197115,134.73903499380793,11.92336017579542,0.13054166407839934,101.59440270174986,10.33545881359119,39.61650498987559,4.683804392831825,4.661975947930538,1.4328326499793929,86.67681071459755,1.652658982919861,0.6748913110170858,0.31486356245294245,89.0427930784698,23.127149182554433,182.52332188264006,164.56958224219352,99.76666631691921,5.41256022684811,0
41.90295616160379,0.17942207190138643,3.7246382525615265,0.013676883259782098,28.027731057182994,3.240283955660598,22.98897084647703,140.2515102337275,1.5585873454517338,1.759483532983093,41.13295619904612,201.57089369490672,26.857286982187535,0.21901186532472366,148.18627317564858,20.45379827035291,34.925293521860695,4.38575859050295,3.126818808778814,1.3987692515765426,86.08135317374584,2.0265126353133978,0.9545955913937098,0.09273435240693612,79.74602687534566,27.69381893471949,153.44057651255358,180.79689779144334,108.30811705647801,2.6895505361907133,1
40.2187250528967,0.19167192275657466,3.5869734965968525,0.008029473582107389,28.681415276364675,4.393398281175813,31.885568589269592,136.39381810933136,1.659661475618611,2.4585975982758304,39.31963712991559,196.14155742269514,22.242959075082002,0.5215955838869988,110.16251736122933,6.3686539217556195,50.57076175289053,3.263152443188491,2.8669726510638878,1.8968745290876265,88.92791425933899,0.2649601518215958,0.35879314586606614,0.07774468152225347,81.82145856913982,21.550997955175117,153.90698996123896,182.5060991686848,90.80009231407594,1.0877820169724657,1
37.55799112231692,0.1902291600962003,3.358740117068217,0.008440346639602667,27.90456157918554,3.0930775201060725,25.409261223085128,175.95204151106464,1.622397374999795,1.7037790820773766,41.1404073620824,170.20473489850548,20.058509617573137,0.32612403389704364,127.91312803357714,20.609846885777145,50.84574716132496,4.1211909457114775,3.347421602786094,1.6398202393361685,85.79906287746017,0.9334960607898237,1.6395458318542167,0.18895308159609422,72.10827948239336,20.72524757014129,184.04563094463234,156.38024289208212,65.91073433568548,1.1893595842814833,1
31.332023503163636,0.21482758059109966,3.1460875823639554,0.019475632592978635,18.15976027385854,2.4812288559531943,25.97787565762312,150.38114275225354,1.5359658954225008,2.389758405986067,45.37323441900998,130.9568242897127,19.559444112109222,0.39586805813439935,131.12620979188057,12.115394845199337,33.176355097088084,4.029357523647109,2.6688375362279393,1.9872862113691585,87.70027452645309,2.956426718089897,-0.344997049432179,0.21783614110367916,90.47719522075899,27.0014475591039,153.8814292166152,157.72330505879393,102.85315026788784,3.2716118343508427,1
38.43237960016343,0.16996025256946318,3.198722956356706,0.010880175653247493,20.517433242405417,3.167396058607326,27.78441470671117,122.48892280573156,1.2418641192110225,2.0137552733469963,46.339057038162224,202.63924210342498,14.263805830588035,0.24578828208084097,153.29728386347847,16.315427911693227,38.41214801402569,4.55477930931738,3.1229504744768684,1.5250348506799838,91.98058970618943,3.349410246080766,1.632858879292935,0.17350148625461362,89.7100181065152,21.106003892611323,163.79960258518233,170.56952539327347,137.48770438938163,5.791436941025898,0
43.39200717627216,0.1934549067296128,3.628461355807782,0.010594329413710152,19.697198865231055,3.322272975416952,23.37765124462468,159.43424094959934,1.8485207833355666,1.6755468814670802,41.42773763560668,191.02989922409583,19.35902889990151,0.24883724354251063,101.18387389511106,24.03746462406435,31.321739470198413,6.263450973575905,2.760536786023398,0.8657217048449461,93.37532692441349,0.805492479591648,0.8218120337833694,0.09197342223338748,78.15004556366128,26.68563612670894,144.72160310194135,170.71087371143824,92.28639413933394,3.6829998947014557,1
38.01268782212564,0.2552911254493301,3.2413436604298265,0.015101069045848684,22.666833471549857,3.003541991007086,21.691699098229975,187.4480154324183,1.8988140092981245,1.3531081466011963,39.005624812845525,181.96963101009513,17.73492171798151,0.1772839479069882,108.8666373981904,13.692320817625063,42.32332517195624,5.990386656073581,3.2008339331879827,1.0597958914445482,87.08881443970765,1.8644942334040249,1.2490551432140418,0.12021167667311541,91.29519306513676,26.281852031378016,174.304088547049,148.39524929237044,93.78556246017345,5.9988160957418755,0
39.92907459404773,0.17590785965638372,3.1499259410368525,0.008879850307497642,18.053923821767427,2.7539439216962025,32.550111669558206,145.14891518622667,2.632561533396868,2.605421705216556,39.445921845665985,161.4069818199998,15.081507531676557,0.411864323093239,125.77951585880126,10.890927866872957,33.78312294436398,6.455397819379451,3.245704552398209,0.5830705825425757,96.03433553572316,2.2412323673850576,1.5838620601307212,0.15727576566553003,99.14091685952867,19.287708745626347,146.61756214061077,171.09100206244898,86.77377209902286,0.7710883543971141,1
26.68213054324117,0.27393797494026606,2.8790751297647437,0.009516242937402237,28.020048221374,2.6528513703094956,29.524011853860404,150.02018250264692,1.4572917814147819,2.3742597797470473,47.37067083946897,124.30467023884972,22.42669428830217,0.47494862924718595,102.27333694150363,13.09987604299138,43.80631742757105,5.2344203791194595,2.34868736698993,1.0055591303463012,86.68461090725553,0.5265053425644557,0.8512929264809743,0.31791576735951277,86.32719011235142,25.138964022331947,177.39736280566092,171.5139248526149,110.36797908577121,3.5956054408982565,1
36.4053694966062,0.22523894457600172,4.048715498093158,0.007094680757803775,22.908016561248417,4.573432512555259,29.24989012165186,199.00665247127165,2.6784383669805143,2.110579668575309,54.85699543310996,142.0814568809671,24.172784142786707,0.11098267870143047,147.2311478356527,16.98779616594952,39.38383994056244,7.350947511919534,2.341170545851085,2.085675545576766,87.61502687971536,3.0502046461023054,0.8635240106701871,0.1968702481491872,95.58039763992358,11.189054743551987,147.286011772754,185.69392669705738,102.36194128597688,2.6805724191297156,1
29.239987692578715,0.26060435014755257,3.1534005566531644,0.01587403091272953,23.212021608621015,4.033901917395401,36.6371716136302,145.12622688178433,2.593157156202103,1.9126823148372325,52.23975197673513,117.75675819859255,17.198120487888975,0.37596926952864007,143.34604952579332,16.13434183729644,43.24077945389029,3.4144421791060817,2.8216587658773395,1.2085907049498315,87.97771155383016,1.2266486893923385,0.929148265997563,0.1809315943634685,81.18363045898697,16.670235056590794,159.80039417859604,156.7500794615284,117.30906580865745,7.517103063937729,0
30.361804360993077,0.1293436125462607,4.218926908662654,0.003180381085734937,32.336126327939546,1.6467622293408763,27.65631713218186,141.80212499928746,2.1894054086519836,2.0036058281690594,48.67969007182822,151.28500768216375,11.473693646210174,0.16719112411184228,122.47867535036876,25.128450789364887,33.713927237803865,3.445796249739376,3.1520500175771016,1.2810691088110084,84.53322467483936,0.5809309179588056,1.0117018977898309,0.13251070597851852,85.43140380060504,17.489736699496916,176.2276181727509,168.21113848377945,114.03982676314476,1.8637941889926755,1
38.04194666632675,0.1886657965157792,4.126370819112904,0.002787846974311071,24.155219279549957,3.1324208647681413,35.273562138739415,170.3507467398514,1.3792028682692437,2.126473571883341,42.08574278489481,156.47200029535978,24.340215039917513,0.33504199375946114,74.91167630813186,7.835110981656195,35.457982147431096,3.6327729900431116,3.2427326559031044,1.7173064788118757,93.25906481285872,1.097980981238937,1.019141483660809,0.15413672007172405,92.35119454171853,23.844465347324117,170.5083083568766,179.03085961219367,99.0288257277064,1.263613249859217,1
26.59223166453696,0.15367292028816631,2.666682785304026,0.019732639379083358,26.962530921202998,3.594788268976499,28.92170403459926,167.45596703846007,2.0196916176817012,2.3696333851758395,52.05103583411287,168.0743014378681,20.426370481482664,0.3389243694647075,92.53588509206767,6.194210934055089,41.27882062900052,6.653109249073753,3.495187866534127,2.2315212084953506,91.7859948166957,1.1732228809395033,0.982837727690626,0.18241720550764992,81.75012871739261,21.593343485440183,144.74729492532495,161.9421413365836,106.72643446223086,2.3021497851761494,1
33.2261715644384,0.20682921123400988,3.7808109341645952,0.0073582212160078425,36.45200324035514,4.115388816276102,25.90476358600892,182.44639547269338,1.7735063342360458,2.3756456950597404,49.25226409611335,144.70277390985893,15.3519122013926,0.30214308896501657,99.2196518755953,14.290265267040017,34.13934067869733,4.2066847299837855,2.974629079164885,0.9651805164381548,96.12012702794131,2.345857658274836,0.5268503910508149,0.2562263661800142,78.64672338327587,17.420345144174156,147.7528931680106,200.98303927269313,96.2087454895036,2.0515059667466766,1
47.60685556253877,0.25383962828957335,2.8805141996871733,0.010039768083856539,21.61399316920673,2.392594872658906,30.18385751697045,142.50729956715776,2.3630677703518503,1.9294891631670392,50.66695310018089,166.6303927309814,14.99969948893977,0.3747431431420189,120.8596856706665,21.32209395320265,43.67457725884604,5.733930779834793,2.8497997666352477,2.623576855052802,101.47384172404037,2.5921570954523414,1.1769536846903286,0.2769859809279369,77.56625448930508,21.692491908921877,152.2307746927214,185.397270908927,121.42995751658948,1.5333256163707818,1
36.81815221998206,0.21649213134557424,2.739492068097458,0.015102328878750609,14.770582172259406,2.181859758960046,31.710166371516276,153.72796691345533,1.633242860832569,2.2075171526320734,48.15323088731703,115.27194193048882,22.42369984838124,0.23439152622596776,117.44016899559371,15.915666940016331,40.48129287215099,3.5256411243918997,3.1589009034803777,1.3329732732443003,80.46652719225216,1.776977379479007,1.178921132896475,0.20113211005992357,113.07839274582653,28.924861510736285,179.34341346461127,161.20275021341251,91.71783874250822,3.9284253268634552,1
36.872441359381256,0.26133609367039456,2.7218963248427834,0.007803415064869294,25.50020183053187,3.5207559371739547,31.178532083180457,158.97631504966472,2.2515549101691166,2.0105268289826577,40.59294668435724,156.8314293778911,14.471772993447788,0.36316288977858713,79.38456852981054,14.579696378005192,43.54977602781071,4.050564121253217,2.2687143391347466,1.6088909378330924,90.52093865925751,0.2464073355216465,1.1629779753112188,0.34176719979003956,89.86786088436017,15.491588052140063,148.26558055702063,169.69325440226376,108.48094846058208,1.2012467653838201,1
31.444199991458145,0.23208608003518547,4.0451314540823695,0.015641106128765236,25.48180163777298,4.420301110359784,29.795311321200355,158.24376240112795,2.8442261736327685,2.1492210784002546,41.3769608677469,135.60904236695745,17.239967077239644,0.3131103998102871,126.0204710026419,8.978671817072389,43.174762085482804,2.6269540516473846,3.363666652172119,1.5748575743407107,89.33447163852085,1.0090642016503855,0.4921473041846576,0.15314376325028112,96.79263706646145,19.074329194944585,163.35110640462608,169.65770066038218,132.02316257322423,4.854108020986186,0
33.85960261831236,0.25726786535935553,3.51473845031533,0.009730290838334743,24.18663092014623,3.313583155701869,36.54714906137785,154.19427022304714,3.5681123604287284,1.825344491735651,40.61166535181873,134.5542757471898,11.673583290756921,0.41718172323773395,112.95790083529015,12.808643271061754,37.280241793045676,6.296611866924848,2.5987119002469714,1.3944515644097486,92.24364235636065,2.5614599920058705,-0.13020919284349186,0.2780958383883506,82.4876336899558,19.230647285241492,166.94044380559072,173.0738501420591,95.38181460135549,1.3318756056577956,1
28.708472246366725,0.23191785293774433,3.632403505071628,0.01170928040370902,28.581340645183,2.7975176187292066,25.09589903832726,156.41235585929303,2.266786572911177,2.4447037200897053,43.21685912329655,149.09182075276627,21.769844444417686,0.4475431679735836,132.51278082034162,20.251714289158762,41.83462882443539,5.1286831195217015,3.5313266846408817,1.6615518708808739,89.21931709319432,3.125431592588095,1.8532961772809533,0.17498261258085845,78.65221185534108,15.812380580603516,184.43735084648915,176.34026792746664,95.13646977639209,3.035789699669737,1
33.95182328381649,0.25290440699249556,3.8026688447595136,0.011465796378460626,28.04079150716374,3.4610097290919426,27.35849088222619,159.60168355076001,1.7011820707374337,2.375726596932089,40.96767929248839,140.01619368474562,17.41498118713546,0.27603164271502545,136.54943219672742,15.351480232967115,51.049487964870565,7.119461829046507,2.8086050335897306,1.3702513182237812,85.19843004599127,2.4193128930210115,1.3768876432781474,0.18158794121676775,87.9851525443174,22.263547229871833,160.75707029525643,177.78683516727054,80.85883971783475,3.9875619871614454,1
39.06276753851098,0.18354509117733334,3.245057898447246,0.0007014242575938481,23.578242125984744,2.293525556041211,23.678501794562138,133.34779919759248,1.6730110208561575,1.4796131555228291,48.88607648265281,188.73054345879223,7.982158155201123,0.3678227438906852,103.03910304274665,9.423055344355639,48.79143289733338,5.534275772926905,3.296317591240655,2.4009262482103013,96.05386349565208,1.7828785180004365,1.1621382544332537,0.21788532762486898,80.38813622687081,18.99302872195185,161.13865352492024,151.0562488728681,116.98175957583615,5.597492007536314,0
32.3198091172553,0.18262714937680072,3.46431452385041,0.006053747055710695,19.61515790962875,3.5111383743701263,24.820048981385867,144.55337092951896,1.6756253810078519,2.2742156365334685,42.05327297833651,139.41727000705828,26.994976964367993,0.37241632958564036,147.2293876356427,13.656491593081846,41.252194920336,3.8071394756241386,3.8946435007124642,2.146563471533993,84.90145871857173,1.4897368668453073,0.8448224989448896,0.06123113089381002,77.36548943583726,6.241108578778004,168.12916017673408,160.84380623844248,108.35131998084363,2.7691380983906746,0
30.102245607836853,0.2810517842953724,4.318647065260066,0.007312956831837981,30.25036817232015,4.329421205205758,23.365650472818025,139.27693173872788,0.9755747757482525,2.1894011286415376,46.077020926829114,184.3099833669865,18.240002943373582,0.4734067059125482,114.79095924772396,12.477588167926335,43.17581185535216,4.82173431973733,2.8804801649517304,0.3574980380427166,91.32892524418224,2.5089408471085344,1.1058475960936032,0.23616407724931746,86.5867904590125,26.64715966721738,183.06564316204373,189.08369146076902,124.10627420075053,2.718368953779363,1
33.92643469938014,0.22520384106123356,3.5932148540769924,0.015515608853947085,25.782014502897866,3.197811934476686,26.697108381771635,163.74971517568883,1.9600358020239523,2.0216611912160363,36.11343589680814,159.33340171923254,22.68306112462714,0.41980054189146565,144.82245697088462,12.967117088085775,27.82670959829041,3.8838712500288155,3.7856631013657855,1.5014903512269533,89.33437514558292,2.478726444260986,1.4865435971899847,-0.016740191928574705,98.84207417570641,12.335832575525238,168.42989331178708,172.8501695503611,96.40495079058822,3.3391942653138913,1
35.96850425413275,0.32430425103753624,3.661868386243209,0.01309569755120928,35.12627157372445,4.2604696636078545,32.743485568376094,152.92397669317472,2.825572474910885,1.7012395423764182,43.62301942579025,142.1171314000601,21.8717186858215,0.3444002011115831,100.87230505355123,21.134069730913975,37.31841397855119,6.603166862348418,2.3824694398928106,1.9150664244939117,84.62544978266617,3.952179852978481,2.4159865435262544,0.26196032931814417,89.18890468414291,22.078606328939916,181.03264829334262,172.51344149615028,80.16290334914999,2.2275397050101606,1
32.4844796704152,0.23767447357091004,4.152712221224412,0.012695155906634337,27.179077127485414,3.2673811013350638,29.57456259701144,141.06975690990237,1.3781914593687274,2.0278586623153734,40.28098192329536,163.09957127611546,15.080998056154435,0.2952270675990801,140.0927447372585,15.158221232005952,40.26260347950553,3.745855502153371,2.3046761521012136,1.9459279592236554,92.10085994670526,1.0986798868215937,1.4871573490065602,0.2350369056255138,86.64161277141797,19.177822415005444,152.9235655491552,168.11131016153078,85.42094744371825,3.722660591732221,1
31.414969283507922,0.14229455308169223,3.5908529909095077,0.018385418936911986,24.185633486524512,2.7252283583340713,30.48135986289146,152.10033798439213,1.2580954060852587,2.03096587829709,51.121249387244916,125.40486360750043,20.749895751057267,0.23560814196180013,130.77064296920503,16.288815267013007,42.381032019549856,4.263004485270178,3.491685315751076,0.8390648735852516,90.06048550101507,1.4675501243486162,0.7192430572877468,0.31737954948991387,67.66623397702402,13.936029035149343,188.11350410215087,189.71929368973272,106.34378919423924,2.389756940928779,1
29.01163014709853,0.28331594007464833,2.9066058652511897,0.009956677347501023,28.771597746834296,2.387220555896231,34.279813407333386,160.05978395963277,2.556565631625358,2.0351298728915097,44.37087472202142,125.492942945909,11.631670809122486,0.29284049471626206,140.82360913501847,16.426206427299192,41.55475515166343,5.732113183861313,2.608826917295961,1.3337146029303384,85.92974765252255,0.945931287268772,1.8043893300594873,0.21366959225089008,74.71499005364112,19.57839964257381,168.0187442556811,166.68845015756722,122.77944340548243,1.6859514263260804,1
33.10197498104991,0.3525377467361529,3.869999060736573,0.016137165207010126,24.11775233033925,3.499990006909723,25.50957660057506,159.42443587714132,2.1981989416224206,1.7007607443922788,37.67736343259258,119.02918936439656,12.51817608040794,0.41544660889828167,86.07216482368744,10.027587123223258,44.751978012713046,4.129107787754327,2.5129401578823662,1.219583184179353,80.70900837811946,2.6073331220762146,0.8640249399571799,0.27253088890802946,75.14667521230291,13.573858206570817,153.32870874236752,166.94633481934383,100.35058514930873,1.4641323245817917,1
31.394271092891053,0.1339560898678491,4.297807999905226,0.002114219480112773,31.26642440214809,2.4014442865513614,20.538594528889917,131.59393262120514,2.290187339103201,1.581990881670146,39.4613387403482,143.03847986170035,30.36589529360976,0.2380944527228842,104.24355587171867,6.230624345025408,41.028138837753886,3.653126844775424,2.7158293257911534,1.6664415827824013,94.57151047615548,2.4593443402461257,1.4406025794216022,0.15196156142718134,78.12754406413337,11.553825351271996,173.09819137009328,180.90704217894384,104.80471501559705,2.954484391700572,1
31.045188818971113,0.10161458947314546,3.531726225338621,0.016433624192293002,29.3051362387873,2.70271827638306,27.087776705649034,183.79617329547284,1.6819684100834784,2.2852660800453455,42.26091021918292,162.9845275607571,16.982131275901956,0.38671056234673884,124.49379299491434,18.795771287758335,36.99110072539125,4.566588858714128,1.7866833555431363,2.2101795906464843,97.09344828096913,1.8666250504501871,0.7237426980563453,0.3678601093168999,84.77697627276694,25.214686422973443,160.44449647390906,163.41394793041502,115.11312586273763,6.096873103474559,0
32.1171972431881,0.1895452921608443,3.1537998704738337,-0.000185382379339169,15.259705151681692,1.7928138511271459,31.507891041392966,146.31029789369654,2.379812100655983,1.9023576407617864,48.71681231362024,125.61717478781821,13.09511325019277,0.39057685617242033,119.6234493429989,16.72878575211837,46.70406966304858,4.758716190163068,3.135607994814434,0.8916214858383164,90.54740416813752,0.602240352732311,0.6405945531930536,0.302745351976658,83.69027513144533,16.52695974010113,156.774896562616,173.59931279811335,81.63206360775564,3.6490944981965665,1
35.451022137108794,0.23215972668566282,3.1919505711943,0.01604054673695925,16.97955876720239,3.805761885812203,37.03227533155174,187.87278112560998,1.4857016326263939,1.6837375251098123,43.65722628351877,158.36154519592222,24.382887517754796,0.2027392248171144,129.4432751099908,5.161512171797707,38.15138503849181,6.722762406848664,2.5695410755021477,2.1979378776555425,90.98210318776653,3.9642201712211413,1.7715570787219708,0.24423614149288958,85.59607197067456,26.51073922619666,173.44289794798618,170.8624311861994,99.56581082534892,2.835060058256785,1
38.18680592341796,0.2193611618058949,3.8047956504063847,0.008186138047501526,25.847576693057956,4.178289458644279,26.443516653081762,106.43270857470378,1.751854381327659,2.477393391997596,46.659832062764835,144.831106827575,19.00815440065557,0.2907412382105757,133.91078746176913,8.113854234838785,36.441271011345854,5.210034441893189,3.6812427831765744,1.8611914322505319,90.76602316494755,0.8788594389685513,0.7507984069744982,0.25394177998351264,68.28520356250245,21.714571529975412,196.5126253787388,161.36528455381415,105.50098297213711,4.811497489505031,1
34.69911003556653,0.15752471980192087,3.760537431968263,0.006019081181539604,22.33133461722298,4.154235771868523,21.07226269450036,188.68929644861555,1.6566183671573522,2.2946794152261747,44.095541051644325,181.49113132163515,33.6805080855952,0.29818662249866407,128.29843222678315,21.149150470417645,31.674912658247315,5.766355538285204,3.284513691053769,0.6760316560775996,92.5153217094264,1.4647348985422886,0.666633848578442,0.13901178121253008,80.25110730517987,17.052746776884227,179.07300950285088,170.6583347974841,111.58068891007757,4.743770696897405,1
39.966881802463405,0.32306473924567003,3.3893367057817807,0.007429478623607979,15.50779876501155,3.8995215537370918,30.736332306839017,140.57049251474842,2.519539107141969,2.074651428916942,47.759929079344396,163.7768313193621,12.374633645563401,0.3917391053155464,94.35413208260583,17.71465235257313,37.310608674052645,3.938610551946403,2.4886005092590784,1.9920303040537297,90.48041000056044,2.162918613582163,0.6354002226456088,0.39143998101862776,86.35775690294214,14.571114565845598,166.80571462225953,186.50205542546632,102.42565464126393,-0.08253809560026726,1
24.803185949658378,0.1495331463337181,3.410128233320928,0.004542316102910936,20.788710893255523,2.693043720195694,27.876704023082336,102.84649069443584,2.1506053367665747,1.6636741151315069,52.08728908391413,146.8821407165034,16.05460211706609,0.3619782152349814,112.45615553323043,15.826585390493872,40.70668332745041,4.753535031197361,2.773712213280941,1.7633207345555753,91.10377386349376,2.3398881405484393,0.7294705436873341,0.01709774356996535,74.01493310856482,23.55850683064521,164.16443403842968,167.2729128575281,104.56772763139067,2.3409078937799355,1
45.86025456791404,0.16040599306905093,3.328803126504741,0.004891227647922357,21.723051882814577,2.4684155320945296,33.70435822275073,151.88030125408412,2.1667882033042587,2.291090042519843,60.0609835296885,117.18936265342263,17.911271756060117,0.34616542614540896,116.99881005874205,11.850525079009335,40.48860701024212,5.322014785806305,3.4630964854975708,1.4479450397465994,80.45058237291428,2.1815093046516614,0.5017079695294501,0.27579195144201274,90.36417814706348,19.996943454076913,151.43276839335164,158.40439911727702,139.91227431023455,5.246720437965206,0
35.527691343537754,0.131354768840978,3.532474528267653,0.008450263795733624,18.640979962475868,3.1463082599463292,31.792088724380424,128.94501664900827,2.6842880466418544,2.043451602810942,52.47125322320585,125.38491645422812,24.160744021200657,0.3304901208160989,131.46174287344607,19.928392200037354,44.04613844795987,4.23172670024674,2.661790123720969,1.268513456449127,86.62640224049292,1.990368812945506,0.617601158037686,0.2418459140757558,69.41309854238045,14.667634726277061,185.20411952711768,160.88111123928772,107.09162286174302,2.0128724639705124,1
29.906245014635587,0.22859614160798603,3.4532818829669067,0.011506123018216779,24.014060247880213,2.1106548209987523,27.03121382772543,163.15125756104106,2.588479851463541,2.1842251392141416,44.05973877414981,131.20231788005745,19.69959844820466,0.2837929772983217,141.30507706197932,13.070107955702328,40.613091837192314,5.957661547237448,2.766275456774802,0.8611776303741818,83.19675271295394,1.8351047028160057,0.410006993239576,0.3221499041966987,104.59261665283886,18.545256055486313,187.54241827584778,182.65054845997017,90.32611813712863,2.6668399647012007,1
34.28389462204331,0.1856807309716394,3.6271884195029633,0.010401902842243887,26.451443177029685,3.168012325756686,38.617278822037676,132.71233936480056,2.0586828791324066,1.8318918091871104,44.40920208338234,127.9677728648015,18.646522767670916,0.3193044112485094,129.94372411261563,14.987658323364728,43.3265092882898,6.065219980669953,2.833082634024308,1.9883998170160078,84.27294889963844,1.6739697273525747,0.9421955705952859,0.26983149337491386,73.19650257966799,28.716781362627344,174.01047854574318,167.9565785287124,106.78324635939116,1.4720201474728056,1
40.346267177371715,0.31072485506461134,4.047375957439734,0.010502010614233094,18.65928596490022,3.978475555802873,27.196671221998557,131.9159169030163,1.5419290442216427,2.160477895743957,50.52369612078592,140.34686589384637,23.63987107787062,0.41369965610046916,143.3000927624445,14.248721430497085,31.631112774163164,6.586643045333982,3.8091790967658903,2.0774065654067355,83.65826195908438,3.338988227283462,1.0056757568441386,0.025123549488455577,91.16911826223091,16.073452730625615,176.9356939011877,163.28403994743283,127.41351748597711,3.581244978754574,0
31.5060722275247,0.19123379072071917,3.413759554798802,0.014756961417585276,22.81483795169248,3.035583915983787,32.55028325265917,159.6855937817136,2.0798640953670895,1.7751822164800717,56.71838814255732,158.02716188774022,21.395630413016864,0.37072760871555893,77.35250503058955,13.923816487578359,38.53447536829442,6.096027130284643,2.593293756924508,0.5660296226564694,89.79083297309343,3.5086196622333237,0.6673677586303783,0.0994089655618037,95.31576906490311,19.098161651049153,165.99312430381198,172.17371615592975,96.01635761982126,1.9331429184767082,1
34.97948246515637,0.244943700531906,4.4666166060052905,0.005152389063147706,25.00368293331232,4.670271846171049,31.184188710072245,137.52262415966987,1.1789045173977533,1.766669772379867,39.943236408778596,172.96217460644257,25.984653931322022,0.29806310524622665,88.98787546889801,14.286487619996816,42.146578314328465,6.3326735798551175,2.5514387064732125,1.3488743079447962,91.76151707686816,2.1373416909186886,0.9665515251841404,0.278688793235344,70.74181328329229,16.213775668981874,166.75724488149837,184.59095352507143,123.33791665903655,6.203854175754942,0
38.53166420242302,0.22066113221837372,3.551430770102635,0.012980204672247036,18.87812266394539,2.7601233345880476,30.656349346836127,144.40500460138213,2.0008052437602295,1.3761498256224058,43.568237992197844,154.46582250724873,23.049298414908662,0.41472260153610635,132.16617416708894,16.44397416099146,35.85177869973234,4.533801750859823,3.7348699962808993,1.3071809859836996,87.36090699292426,0.3471001492668271,1.178991287931829,0.12493393905429542,66.57631350957679,25.325207520354756,181.74977426729492,165.3594050250392,125.65033711501083,2.559249204187425,0
31.900839829817052,0.20191973718336653,2.4986730517022497,0.004561406563493956,20.310729994889957,2.995199681087029,33.701470285943834,139.34180341260935,2.8040690640165713,1.8306644920724746,43.30189133380442,147.14619603524375,17.87281033064932,0.2124977123884504,101.6766220169316,14.260830312048903,32.68100176086376,6.9234165570136454,4.593466537959295,2.066020914599114,92.6495653374344,2.9010135104121577,1.2059054939564504,0.17381266118169603,84.58363651402628,21.94540187491114,184.29151313571901,172.5094459718968,136.98563667686201,6.122812293140175,0
30.562151914713517,0.2000488694619934,2.9781032757269594,0.011809951398748637,21.080235904052717,0.25878034041802156,29.63713860204188,151.4745623771686,1.199751375358126,2.344946768966142,39.24671882702547,159.4513292043803,34.44137123311844,0.38140826347687096,117.39483984116137,8.967850602712648,45.312124035324075,2.879608876856016,2.125884751860811,1.3436327457713015,87.9409749752806,3.986254738872639,1.06003924606755,0.17445097392353442,70.66076548778256,12.46474555424373,158.1325345947418,184.55832355167163,98.55413306460292,2.735883543179404,1
30.46204002263341,0.2308513202029121,3.4556692363150923,0.015830996913315756,26.27723941849902,1.986274981517793,30.76987202990482,164.67994907534788,3.08119083554846,2.2849809216106434,47.052180198920084,129.59711157622576,21.969428388405642,0.3196677043947223,102.86695304995264,12.124213616084159,44.879655572708614,4.974958509969604,3.1577494457763318,1.1086652158698265,98.19756384117258,1.6384823031422067,0.192308152561512,0.26142566830126174,112.09011225810802,11.887766846270921,182.92368014628272,165.5868743844991,126.49335088163329,4.650220138048315,0
33.448337432575165,0.2084852637968038,4.410238344421619,0.011440992270137604,23.53238450791609,2.269425041841474,19.509796792044067,139.48846104381897,2.0675541977788883,1.6715457500340138,47.742106603312095,125.83320740208558,18.77600534543221,0.1470941955333686,84.24609202085051,24.60766427803101,33.364666698806474,6.304252531419257,2.480353246580573,2.122150156069078,100.03191136592923,2.9098024809773686,0.9911507625588603,0.39212026605001987,83.2485567866346,17.496200369267456,170.94109697913333,186.6220404909953,94.80749277996703,4.269286019094547,1
33.51840966231184,0.14242180212980862,3.223755855906732,0.015160228989410655,18.661129551150843,3.577898287254716,31.69032050129124,158.83370740663014,1.6572140469525323,2.419164466754591,41.81913412943396,125.62543944301444,17.963912579705337,0.35132280433499585,134.90119112264802,22.454344639957945,41.67137450362943,4.684229798099798,3.10957793808846,0.949555451130934,93.0411286285493,2.1509377075320617,0.3160789557565763,0.23232248551865348,89.05049660981027,22.064164333553776,183.63837732168912,162.46119332250987,101.55352055984993,0.33725110399196767,1
42.13085138418457,0.2296091588615995,3.724215868451348,0.008250508456939374,19.11350232515544,1.8967959973901198,33.46596930070306,145.06095503872038,1.7947946470524592,1.5741801349033038,53.15882378307118,170.22946749464012,19.19752017492362,0.46708746304551446,110.35483736449837,23.613161499203972,53.45651922391672,4.815968623053129,3.831291523917229,1.581043712257722,91.07441698637584,3.0166622339090488,1.155248439501263,0.29008127930971467,84.06379537699614,21.822615854515874,175.60972919816166,166.2618068088062,142.57512284024526,4.296582031911734,0
40.60332952247874,0.19394232967967126,3.3651415974143934,0.005569653859333239,24.096940749863347,5.113892757493939,17.23457037849733,143.83827042650685,1.9676351084315364,1.7315156903236293,45.718517721145076,144.28943716095458,16.14464901163391,0.29061747567095514,106.97733165431816,23.55114044107965,33.90197133780646,5.588829705414595,2.6546868070589027,1.5967382657950766,83.40219658864011,1.8842142257638104,0.7611864950140727,0.17593802351119076,89.77157579918533,12.566253390486821,180.29948992404124,187.5523737472422,92.86528348140342,2.758443517467153,1
39.062852905006245,0.16160903322334025,2.920234581449404,0.014876337843517492,25.22211338985942,2.465106087340777,30.274173436835177,151.44834984281832,3.0802079790101313,2.3251014255183735,50.19896553063652,127.1724140941588,7.5979934962585975,0.32111923541897613,82.58475337108503,21.006769139201456,35.814226107952294,3.52596860321335,3.36167092831004,0.9630606556205644,92.70153949600619,1.6111576382999488,0.2162971922626965,0.07513975452076552,75.32027540225384,14.556489694522128,176.34015423016146,164.15432087994233,83.40421141051844,1.9304838943096398,1
35.35556986168195,0.18141303512232804,3.1939372771951215,0.0176526469108302,12.782462263139095,2.3111278754587996,26.307454679975024,191.51163139006115,2.582476229974482,2.09950643226257,41.420038486822015,163.5917706097596,14.297913809275215,0.37902931343934254,77.1291389330811,4.600501686708569,33.68246243778107,4.808641480177426,2.6905028964062403,1.5594970079139197,87.76869941469883,2.645876239263231,1.187772339728154,0.09022573952957613,102.77546089282745,17.86451976422006,188.25911818710173,182.53868778837636,117.86783893490481,3.1484708144070783,1
30.568997459511053,0.18291414434481168,3.8970912295558993,0.0027510486126276065,36.35062744273861,2.895821415350447,29.974895035446906,138.18211462230406,2.1643834608929113,1.8585587732307935,47.35488060556857,142.51488880581746,13.575481872543293,0.4383511941537589,133.44279364022546,11.503526311737058,33.8201827344506,3.5962202378686268,3.025263285734809,1.927196234905034,87.58807732723054,2.1615477088844024,1.6135230501872893,0.01097660053254404,64.42492124279741,17.19263796824121,165.56349173992345,177.0692751928326,108.55946829815106,4.310446137310427,1
30.65899600598888,0.1012350548653376,3.3711743085280053,0.011328778836529869,21.275250122018143,2.2595173315011987,36.02103520931247,143.25472676788118,2.2833339240360413,2.1254054540774208,48.70107330437071,121.01768417097199,14.167433397316628,0.3325813878824095,96.75457071795663,18.646033749638377,39.940487939793336,4.060005242230273,2.295164222371859,1.6022438421664666,86.05946878390856,2.3004386898483804,0.7321108696974998,0.2703309922927427,83.80012074469477,17.39981294686418,169.83147835841433,166.5491185973371,126.96473196183665,1.4662911308988802,0
29.19995116710773,0.21390871915471615,3.9659329823919327,0.014103184309099064,27.539617952709786,2.024256915834199,27.93405933025826,135.87959967275205,1.762219542345131,1.8212648558893405,44.27340850021685,152.36140140867118,24.64698576816925,0.3167317868107241,130.42442561705533,14.759887477645673,30.72361359002561,3.098226724146937,2.522735930376683,2.822181109119986,93.96498878799332,0.6983674461036296,0.4862734366455381,0.18978914387582477,82.88658452178316,21.636130772641614,160.06435058915278,137.0552770169242,107.83095249546342,4.296268848652133,0
29.998703605139077,0.21457153088132652,3.091987033828592,0.009483966590454985,24.499611483652345,2.637346190296586,36.73489584119958,189.74443601291128,1.7163313893477647,1.9468857329061964,39.030845348737984,172.18945670390556,13.752331728379463,0.3634501868880307,126.34568176672248,18.915108435255515,31.874172420786152,4.960859448985646,2.8627645371559534,1.7214560765350408,86.30400169335714,3.2726239003749233,1.5583801970297044,0.15709621474874708,96.35234111204916,25.660253246061057,156.61670448700968,189.91389626124288,78.76721844348586,1.0917698857499831,1
44.66410290935748,0.24110242686674394,4.374536118821737,0.008538001733734216,22.638364481888495,2.4559937463992676,19.085077296240264,157.58196999750626,1.7832540676923097,2.0727249076721312,39.759537967148766,179.27668919347315,21.981919539677257,0.3738926978018826,136.27486798483312,21.253175179573844,47.42715029383616,4.844694163922001,2.1823319947242994,1.496382713360904,86.02898862184355,1.849591772924173,0.20535898083559467,0.14592943414682008,102.05288194164329,22.93667926033037,174.39431164356986,150.49316858395198,125.32559293662,7.628649431837111,0
35.97256541294614,0.1953548177331747,3.7427758702760827,0.00678683234594748,31.260241408232567,3.5467186056045423,42.77115297986542,186.10349761861391,2.2716271891249544,2.0505224121648977,52.14753059124857,124.05801127876832,14.213397799696805,0.3992191461831896,120.62944503639838,16.65108835741513,50.60733922827525,4.365903267115259,2.855476201280575,0.8414347321143798,89.02441146701186,0.11364092660207636,1.2088835014770525,0.1823026538742532,76.40761716803779,24.63493362579637,170.4982867859945,187.50676031030866,125.73397249338016,4.973168239127008,0
37.216142956814245,0.2021266435425829,3.0602832692918662,0.012727425629265337,31.113369117552754,3.0626141518284062,29.77880054213942,128.9263091554385,1.7393858994248879,1.3815338367875705,45.6649420171417,175.04908822786248,22.41845918924005,0.19993154969764665,124.85640243868414,13.178749259960618,45.79609413088906,3.794765216545005,2.8088865895154345,0.6682956144102813,91.03663536608552,4.567316289944264,1.2874320906183725,0.32749718502894176,80.91420870780773,17.231164582195778,163.22353369326558,153.47506555587697,98.94424245863065,1.7826513111485927,1
30.41328285758857,0.14494020792777323,2.5617782879505757,0.0005877746637353645,26.889048206668626,2.7562895371850114,32.43898406018981,180.39396758733784,1.6242725393641488,1.7087590455533064,46.43915657000628,142.30780532221618,18.521594958661712,0.32811924777190465,96.948350336215,14.506975758158116,41.97946699613695,4.984795878344355,2.6710279009399303,1.4957212480773892,85.73176965089982,-0.9453754552928735,1.004744582635369,0.09964881027633615,85.4780354964048,25.564095215888642,164.72414043629593,153.570479604585,110.99122701751594,5.786516529839087,0
36.34186537754785,0.16981821901929905,3.389016921862496,0.001989275588785963,18.719618592484174,2.3833091175741994,29.89203378276077,155.89359820035617,1.097383557517873,1.9076516045707466,41.566090681347035,136.25682811249155,21.362669709419343,0.2817159837408818,123.3591251693623,19.566681486601937,28.595959931279864,4.282473313899673,3.193539429726137,2.175927427626556,93.56669707414349,1.4377088211192661,1.41372722980642,0.2805692670211529,72.29538819911168,16.443397911674545,174.1366719727977,169.0935502492564,116.73114741627897,2.7825718463612543,0
32.69276568422703,0.09108449561480587,3.4005565815841385,0.014033050593795247,18.484672533115397,4.192739825249487,27.561750666967733,123.23454526459552,2.4000074054658005,2.129330054990004,37.83102156307724,170.3788749163139,25.565507607560498,0.21890608539641898,152.4165952072376,16.66983820779345,44.16931736657703,4.143387178100538,3.372585494831535,0.5166851798118169,84.40578585742377,2.131114614546321,1.8652149394100164,0.3398717047082771,83.27224558852687,16.701498469053803,145.85403883329326,164.60670665355084,124.03501784508192,7.293521463675718,0
25.624140358812028,0.148898444201665,3.9059224564879527,0.010538497736506088,24.148116553327142,1.8179382862301272,28.685141752664922,180.00362459603642,1.2799371600779286,1.9042145138281823,40.61201894636661,140.456718475698,13.597803896824425,0.3501047963419536,88.90317066834459,20.519994795522038,41.67633456503097,5.209909862916237,2.8900197871567292,1.2816860928608436,94.1894707784004,-0.6091953392047604,0.8829825116169775,0.044624410443461215,70.27926169546704,22.799602682711328,185.6999036044101,167.67538013279542,127.87711614709278,2.4366686339672214,1
35.47129647280498,0.15426886444002313,3.2545606656783184,0.004442565841686029,24.81568236203836,1.4222901389918947,24.916245570770364,141.32269886556531,1.056236510263224,1.4997326574053882,47.018993525386676,140.55880337997652,22.75418994043351,0.4907732870167081,97.97475130451724,17.594483958787684,40.246396709740125,5.55795620630481,2.599180040699742,1.320097816252909,93.08992376538697,0.34289762037987614,1.3503802131768003,0.2749215833034768,71.39877665529362,26.90210477931037,146.71314292035285,155.70288365557585,112.9585676240495,5.935389383402891,0
30.406428655912386,0.25036769363866657,4.148447475377639,0.007583979634721599,24.662843279199073,2.162555878186853,31.23318430979671,129.58059624155317,1.0846279471668923,2.0576171469093545,45.47941725573814,158.0686476012181,8.152413217461024,0.2941893513921919,115.50158277223409,18.422362212356816,45.61316022524514,5.201109202082802,3.1442088863789275,1.1366096375785588,86.32704227412391,3.436673333601991,1.1768656538341933,0.20287326930299035,76.40069959666552,30.479219135553045,160.3939590287751,178.86186399174855,92.93821663438989,2.978946457422454,1
33.65726725736336,0.24337769432507558,4.894743370641737,0.0157297286585431,26.527528121733816,3.653109271656607,22.391570678612467,139.63077751217853,2.058675440420192,2.2040588410056685,53.2915481708782,152.6258201491163,21.863772793612686,0.35102289676944404,87.02250616173642,13.078573197671078,41.67184265105114,3.8819791163777166,2.8919245371464637,0.7271511796483943,87.50783332524576,1.113248973526849,1.1998778349759904,0.31900670876709425,97.10193364515123,20.30160190311543,156.74087096176305,168.00122765402082,82.50293019075542,1.841106567351921,1
35.50229053522576,0.2667265670486759,3.669529623025475,0.012370371763660102,20.29120506021486,3.0489170537005594,26.278588888983432,129.9843581492233,2.469251824875829,1.3526715371641416,30.101086591130795,174.5816260504218,28.322365224951927,0.23271630690499207,110.66798869806598,13.608421559892697,40.61538741457311,4.861937343526753,2.9017603509589778,1.7542551848281671,85.23009319339066,3.6829547708607073,0.45786122772107474,0.04129967176772273,77.85151850268602,18.51317584711401,186.81338229966855,155.51501373805922,144.63747512344833,7.979364443349703,0
39.543127860564624,0.1797294991286798,3.5937940249869804,0.00579637449328866,28.882317316593944,2.408701332179435,23.586929850848154,157.70934180840948,1.3322181390076167,1.6648452608394548,44.97630440858507,128.6859586255123,21.354108429079,0.2798800100281922,130.13755135447587,14.203872849570256,37.585967673054824,5.371624589783151,3.1917582403964397,2.8427678284813145,88.40736113758088,1.9814016194500004,0.47658579334527673,0.08823669015125941,72.07362912218275,27.022952412176323,155.90644046136669,178.7692011443763,81.2626505297365,1.3100743770149463,1
33.66812174035624,0.26218029263941917,3.9057003678276385,0.011246370127096032,24.745392393085076,2.6815192198137447,32.19049316810593,114.02654038281423,1.7288144026575902,1.8828243698221108,45.059494504354895,178.8200648942639,16.05083141109596,0.2662755375373634,119.11385310528323,13.404034119578688,47.7723011195421,4.681093078511439,3.2985180488953567,1.1136683173402993,91.3848671486795,1.7863929468613764,0.5853786408906908,0.3749238644612098,81.7077201642909,19.37273078628313,174.89775851734828,175.7262974623378,98.40396438480974,6.018596445279959,0
41.139644997493306,0.18996712726153872,2.8746430646444203,0.012496621981898597,17.619624820987703,3.1629597067571296,29.35960692121603,138.3778997246609,2.259395407680511,2.0680771723892537,44.58754539247113,134.11844150232804,17.014789113960745,0.38857590334304315,138.38465062495303,11.460160273914886,42.174681243263926,4.884112416340155,2.6268267757658585,0.6740267361164874,94.99872765216833,1.9605596521561384,0.8058453748123973,0.2079290088793806,88.845310077617,18.24503062667753,150.0539387377749,168.0079543936705,109.0398677937986,4.608204768696862,0
38.76183391322907,0.18287218955830867,3.588159823657577,0.008423726920565202,31.11035258252821,2.719886529827021,33.27291367300618,165.3566553302938,1.802636896211635,2.4618664315743253,40.36113694471783,148.78376044295842,22.693984117569975,0.292801971646874,105.88639209185364,15.712631811122758,38.12326485612689,2.5419729504053135,3.404973557685421,0.25020911490549347,91.2105579959772,2.373412251982988,1.1143142166586995,0.18098657832526752,84.49909389178114,25.0837196289806,188.36357198576349,156.04824406920682,105.18770142878626,1.569375632725841,1
41.11586680164406,0.22563613523562545,2.9642335168870617,0.013708973159058732,19.29927294937353,4.1206078593040525,28.306906812167586,129.0300581735553,1.5098149934565654,2.1602537494253844,48.71931809821268,186.7172351571004,12.085586178025668,0.3082537390164907,129.07430196669344,17.989294428425445,38.95505353904647,2.7781040150506366,3.1698496344619045,1.3902388869821438,93.7450046242372,2.456290021123403,1.3791713412086883,0.247719834593649,97.45674094542237,32.51243607054535,166.99870218002314,152.43166187466318,106.06593418563638,4.8779128968720595,0
31.84967390846375,0.18754992403793594,2.7300810927533563,0.005662982758912588,28.372869463134776,3.8871092909744496,29.19891564603373,123.12393109639137,1.4454144994012135,2.156496044245668,40.86087834545968,159.892648522748,21.667032333558836,0.32287690293331517,147.88377947014283,20.465071300255186,47.18864444315147,6.83122149268079,2.736910404017753,1.3534302999097325,91.34527655565242,1.2656224938769978,0.9590335856814433,0.19179988523816438,73.952333848743,24.878586900497826,167.95289345476542,175.6221446892278,104.00660268902648,6.743944876455123,0
40.55811243607968,0.23354854692942217,3.4000366429606474,0.017133904255084362,26.99902072696637,4.339630613559945,23.350644303345295,150.67792295752213,3.347335948696494,1.7115577302035365,45.605991370527406,173.2265385981383,19.031649597291356,0.3555604242260342,123.57973331482216,13.41541971644325,39.927027190986216,5.1244012669957995,3.0984406643217004,0.4902239147857663,82.03636608530205,1.4352980486070144,0.34372570390625223,0.0976322932122042,81.34387079086778,24.398443833999455,152.89399095516876,162.61434981796393,95.04407380002431,3.165579276576337,0
30.91244529800526,0.20550890963854937,3.6062756536748637,0.01323718825819473,19.91202476870918,3.6221135337468633,32.061617403047464,159.5262065765275,3.094199682325577,2.2392833062432174,57.07278540497467,139.04868348380572,15.250259220763052,0.3080503048561154,119.1581219682608,17.621003321710177,37.70739664169417,4.749717387885572,3.5993476850583996,0.12417633665309769,89.14277096184395,1.790902515980115,0.3746533332956732,0.20316374129752346,58.67348116059077,22.509737609408546,167.52859698594904,177.3187178862397,117.3978954803801,5.11279630548717,0
34.38436284605142,0.20651283543510346,3.82606571204903,0.002246240545736588,22.318135659749252,3.375502823186469,25.240879097442,132.46535352752284,1.898915470754883,2.789463328750108,48.97069799868659,138.69499620199645,27.604591076657755,0.22421306785464815,153.8296950929015,21.995450544996643,38.8526348481315,3.848204335093947,3.4315554234473438,1.5994056329482582,81.02481597187223,-0.5200356366684997,0.44964064733437104,0.27092901833920946,100.41503109105408,24.52869973714359,165.7028876222049,171.81043010900405,104.6963789432792,4.160189569911184,1
32.6932776813482,0.236287529418372,3.2601286104296867,0.011478938203523487,34.46732501551743,3.468981832146901,38.16727244495294,149.84102097199082,1.4955750840225688,2.3371254981025116,42.56793889252046,135.95703129278638,30.434671212645565,0.542307097578851,102.3491779402955,12.328814858036456,48.0143069713873,4.651918438303616,2.8865800320647783,1.7102207097215394,100.9970150912848,2.7544261936942966,0.08974618501508114,0.17424149339031006,71.79050765973618,9.309487937046306,183.64330531046735,172.28535400835133,104.14384287701553,3.847895868485427,0
29.980917221607957,0.27227484598457496,3.333397542466233,0.012390053173916041,22.68415793171135,1.620060857286182,30.94127709434068,129.8933888125504,2.152378072455849,1.6736101961551153,48.36378790932792,146.0047697472351,23.04039634585982,0.23990505556316977,109.64523905549487,16.474584669858704,44.41263339295014,3.7149174243094096,2.7522565768675835,1.665948063984651,88.01285013677503,1.4726630638808325,0.8059300552071882,0.02922847369559961,92.6308234098558,23.347273484347365,179.13659552100412,186.7786193880858,104.44834850929809,3.7913352919943426,1
31.78134309645815,0.24277961926164854,2.852959800500382,0.013892239178035786,19.248707525319304,3.745521841451658,22.542656613810294,154.77961754097907,1.6361165254465986,1.7589198137255746,40.11974415506535,142.7034277516514,29.354696969018015,0.4145095397510724,110.59186791516224,21.123549406062967,44.62684879405337,6.808021424568908,3.175865362573621,2.0522327111266607,81.97730227020494,0.6749907517581311,0.1967500539392154,0.13085957381436458,99.53801899526243,21.562903992274883,169.26910957833113,181.06596805234804,113.3493376552799,8.880513242844515,0
39.57250920024408,0.30310316935501963,4.110360541540052,0.014803505897586097,28.88683903129044,3.910316051098868,30.31483741800864,110.34367753972188,2.21101552181568,1.818730318140065,42.07714119375077,149.17850006034203,21.90315415333857,0.2863713204512708,104.27998305657546,11.249961713248243,30.435378156174785,4.707918261547234,3.470761957618385,0.928430459479666,89.7473445480033,2.256555682931181,1.429909379343021,0.06024958829285085,90.9347206354515,21.238785561711705,178.00175617452047,181.73491278098325,95.6035644836945,1.4321067317404796,1
36.406478925223404,0.30201583460610926,3.3124631366695985,0.004172940174233929,28.557078339642423,4.27269634425031,24.653134435690088,142.72385744920717,2.0163181696814436,2.0592247497466065,57.03835004044504,159.9721509239082,20.070305190850892,0.22847444922783594,142.82879632697006,18.409478319141478,40.81184653511369,4.360340700570309,3.733095237745704,2.488162040514082,96.56134563880816,1.6103776136909005,0.1996700177545795,0.3035719849573093,96.38728225684609,18.14986012622631,171.9908184723987,162.62646787312147,88.96904779301606,2.3417614442355554,1
31.177109949739485,0.22876362974090964,2.940804908053072,0.013305296332011992,13.0072321125046,3.571205991867222,37.77550584685546,121.18517342039212,2.0239846987656405,1.9061159644897328,49.08579007829969,123.18971976915087,22.97933053490481,0.2924234962971383,132.4554565800799,9.490182444197782,34.40142333248693,4.516225926398801,2.3550563482330817,1.655645567132628,91.08563414918802,1.3010634252518865,0.21440886979186746,0.2382663491783516,99.66776505876985,17.668607184333904,161.85949885834833,184.97345446583586,69.87121797444061,3.778459535723794,1
42.541287021951405,0.16026149863177658,3.2769640568344487,0.011119121336707246,19.66089179028555,3.320692162799166,36.31628015934136,198.7445978880741,2.0235932564808468,1.887024034111768,46.384640718233435,163.07759106852936,18.85876483388422,0.2717780830445582,121.79736295431539,13.343662976233658,39.592817675576654,5.527252035851793,3.2346549775686886,2.295302186856576,96.5544449136527,0.868501348954076,2.1780709499030317,0.2905684712601661,85.67772718124795,13.922802223277046,164.47804784144913,171.45999887249826,115.19302292280811,3.324742852962993,1
28.46693876162011,0.2206516668315345,2.6730812581894723,0.009779639879155703,21.47019177171839,2.432184083199302,23.74803792864487,159.02296343014706,1.2834304024121277,2.351758465613744,32.54480328854579,154.74298346989409,17.856790105121846,0.2892196736724801,117.45688917087297,10.093895256691045,38.251110106332085,5.200228681626536,2.922635485803124,1.521937318232294,88.10947645796469,3.454179997697304,1.7878865742127568,0.25312165236653794,85.11269235594014,18.31150811780989,167.46515749871384,166.20463656990947,96.55860056584305,-2.061653836233189,1
42.20481442289837,0.210875878300591,2.8658440771833296,0.003899691411830937,29.034099046192516,1.666202699724561,22.81316945068319,165.24370839862917,2.0977642519877806,1.519256525068213,40.08094976832881,217.71904108290636,23.838248332584403,0.10403707421523983,128.5656934209092,9.41244538302454,45.53369180816713,5.866366150524454,2.4897223868177587,0.9757340653235532,86.7664768242015,1.316085017852748,1.5589485480987653,0.20025347753130202,94.81425983170718,29.278635194146524,183.14655871966488,153.8496004658056,117.76291223023266,7.982411500052134,0
33.588036155521536,0.21676785727410794,4.27311300361916,0.014569110964695455,26.86943932339915,3.17126885869299,30.053245885515427,139.89770709750596,2.007948233362109,1.874969446711603,45.67422022156136,161.43417936292872,19.62060958503995,0.4575831645291081,112.992942292393,22.311538807864096,44.40954868630873,3.624059506799866,3.2459553463149184,1.7725279657198496,96.6139569663562,1.8548160634163144,0.22627694505159546,0.20637629587035194,91.24401787232442,27.099136487793842,162.97232814315433,174.12687935819855,129.78457918732116,4.832884535881526,0
25.533173648253275,0.2131786847130008,3.722358832610311,0.017520643372030242,23.35850009644551,1.9918515013471043,27.895915044866655,144.994146969743,2.5439278667637124,2.422099576600982,49.69010254331363,151.04503244597532,13.62435017936824,0.3195032213417256,99.17296010389555,22.63179762205401,34.56410484607126,4.373190965786686,3.441002595361171,2.1506143071908816,97.0677753973749,1.826462529939497,0.7158549461676023,0.17011659617964375,67.72821217325122,27.79863022063724,199.87412263784773,172.66907939015587,97.54846254015756,4.158677006626261,1
28.030966783124704,0.1621788929208633,3.7976947782650816,0.003162266816835748,29.090753864955502,3.9825567465339655,24.350177782438717,140.67877950878824,1.401007823796681,1.7069376079258907,45.81149694110728,139.8380726448163,24.083930957012733,0.27420870199405856,151.8033305573577,22.3604178856569,41.746609165705244,5.98638963371384,3.981842720197177,1.1087979850414955,85.66826342889833,2.465531298390695,0.7890322324117562,0.20676604265616946,95.92771372770181,17.19209684110526,176.938090236982,175.1430388353346,137.67562723007674,4.836319088778339,0
34.91498208663009,0.1716199694057914,3.3369777916894194,0.0022506789181046824,33.7425419885463,5.3012773198824785,35.85148884175003,183.59536579504808,1.8797173862260685,2.344573595674036,55.93240031959098,141.73531429873694,21.63244117069023,0.4434797553384653,142.31304500819454,12.918279182662465,34.25038067340083,6.306955375589218,3.849316599436302,1.8156521495648756,88.86799707729598,2.6463735447739887,1.1310383948241827,0.14580254404904186,84.02959965101913,18.678659567320047,168.66769817298848,175.30379331152028,121.75202803369577,5.9927164259522065,0
48.019278392196554,0.20077785906001644,3.2106811866029314,0.009059880253165127,28.61469517181395,4.043991837395918,30.852792378634668,140.30931342963052,2.0768249446441334,2.1538596990284655,46.871120736017886,138.62122644324438,22.55857946988091,0.3101312180378235,128.40466873940989,10.629298414447225,42.37346335134278,6.363523450173969,3.126143352002685,2.4530882751562144,87.02806477988592,1.0570343060463454,0.6250483738409909,0.011323865943847572,73.88385536188896,23.879569620814205,196.57628174104366,170.77793954224381,124.91010549612447,5.072256235246426,0
33.206413446987,0.29703915167727196,4.20809893843547,0.004348826922448921,36.25821136671458,5.17762617038054,35.419432064206916,153.51656855373835,2.293351226242793,2.1865130447278744,40.17160986708249,156.61920815965638,20.73025921233016,0.35587786640329966,115.35268566714603,16.0546336415497,37.30428053059042,5.3990556410321995,3.6366341964290076,1.811205843697984,91.00555658181007,2.264739303285894,0.7443011902163501,0.2223170543046072,95.30430741425748,14.09373382093884,174.12699688371052,158.20172107600212,127.3793569169485,7.106692644436933,0
35.882319152093565,0.21400966104541438,4.039755416652499,0.006027299462461081,23.21021690719087,3.008148721932857,36.53800603053421,171.76207523901388,2.697842337245093,1.878625728917641,42.38986124389283,170.00621722438908,16.997842769027294,0.39054429237502436,124.123317977533,12.438516100875514,45.91311120158593,6.423390431401365,3.6668126697630448,1.2257267902082178,94.14384628700797,1.1079709339745134,0.9350660519193622,-0.014245487330945661,83.95992735264115,9.81818821429795,189.6169194776874,170.81589802861188,131.40249349451315,4.160539920798999,0
34.81584665470658,0.24146767469251068,2.5198939005249015,0.013945437998322072,20.462135233780085,2.041582137776615,36.21798548264169,127.44479267041467,0.7666620821983272,2.220986846367085,48.824384936410496,164.58739245658796,19.526731452138687,0.2973513550386335,98.31467066971095,16.627770954215165,45.535087066606216,4.38226661032093,2.528200743012661,1.643500856086176,92.98664639477617,1.7683410899598146,0.37372353113886136,0.04943556149599568,79.60394247971257,25.922043415921962,174.77939705487157,165.47002445368645,116.05269930182716,6.53092536809694,0
33.68800712989672,0.1290339305305414,3.3188630578408373,-0.00047619032724552195,21.659732085657353,2.7248403681236932,21.897486255481752,157.94027303317966,2.0884656715084735,2.0257435941363395,37.58561335959831,151.39741442678334,14.512334534476782,0.20414091719319405,131.32088699413887,11.393204514341821,38.17467985258056,5.767875457612378,2.6741111972774987,1.5885659951379838,93.51340691187993,2.4848675831313582,1.4587843726223197,0.24241553811227937,90.03626424859382,22.8115337563731,154.65573901787917,151.9083468569742,134.83387974524555,6.291555281669497,0
37.723238577059,0.2788219028084075,3.5652709931336517,0.012498584266563695,15.190388591812074,3.6558658100534522,36.303377817802954,133.17790938640786,2.486445367956099,1.7913348214611822,46.46731849349843,121.72637419860072,24.514964563516088,0.3449082886514261,128.37467051587504,7.643535945547978,35.67226745162329,5.983248653722293,3.7826490309047265,1.6220834026328168,85.6921796108952,3.5754092218545632,0.390491088396801,0.2018800459637711,84.92149343228684,17.05268063002698,195.69895525635064,146.57968161594923,115.78177420215906,2.1137057226166354,0
33.47999541896262,0.27488742932665206,3.7254350741146975,0.013974704716851534,28.807688600418825,2.7010226765641336,26.16851853389711,147.45731393267187,2.496400448271302,2.584070398941444,36.62989345021671,171.85837137069416,26.080797099988576,0.36472533416498776,118.03570670235109,19.264616690497967,44.68854906814242,5.0897424419913895,3.077394467208662,0.4787349072152629,89.92781796375952,0.512108461120464,0.7715716068586591,0.2756387477311404,80.30337429090396,26.074813270563496,171.88741280017481,176.64441230229824,121.28093913265093,2.3362141142517614,1
41.2941484939031,0.26276257364620936,3.5677553222181824,0.022462525424425846,15.06969874706748,2.97634845173966,24.966196200500534,147.2610594825375,1.8063464339985809,2.016637608798613,48.95154045106924,123.6198409231933,14.003031782275205,0.35777527410787807,134.67837870370957,12.47698638455218,42.45705879848971,5.548534192210119,3.2115359508074963,1.3871184811214858,96.33395199709503,1.188397664248377,0.5019030157171414,0.1655216433192954,86.69546650550359,26.239464757950607,170.8395654914765,191.12193042812387,98.07322368499835,4.323365316017184,1
37.93617239631842,0.2762066722570056,3.1074846731778005,0.00940547533714929,25.523887873406515,2.580271067578178,35.59702243798773,166.9194650866439,2.2161379818906672,2.2670604420721254,43.09432048356979,135.58207019702851,12.62167302832768,0.3379679320859118,138.8822476456751,5.7743099825949535,39.852235211476746,4.307987944354516,3.290774332584588,1.7860647546932178,89.22742016369467,2.3405022264729,0.41801706716214804,0.14264101042912197,100.0620992723257,19.212337927301725,182.47339706761187,164.02796953516966,83.61047013239902,1.8713679874190436,1
35.50489800819323,0.23360498851548434,3.887229741818298,0.011641475842681555,28.220613421208377,2.5297319379239234,32.170692701800775,148.2239049791738,1.8526167492717196,2.0683474950878544,41.968103899258594,165.37519884203687,20.331488554004885,0.3046496815998324,105.88824506912522,16.076215842348017,45.56904805776575,4.736872371039731,3.805347125166051,1.9334376288948851,81.20695723492011,2.0479252970740403,1.0171610546957996,0.16551607629525544,98.9737302053335,12.737111154711323,160.24427868614455,173.40754790746735,94.12558434251113,1.3062274317508356,1
40.01768281323474,0.19372185843540082,4.045334530988249,0.004552274285287512,33.38080413356,3.3029853859255187,25.519499759428868,169.92278298320875,2.168593500294579,2.193006536288696,53.5733796128274,154.25204703430734,28.09746056119043,0.21072464246377992,107.80202963937037,10.318377496780759,43.39833354812155,5.44311243162419,3.082210594934277,1.5922295545551834,90.33340998186152,1.8578147291100762,0.4444842926566859,0.23468102919897474,89.02222270194657,24.795491909391977,188.03282669755535,171.31948284009331,118.97849317959647,4.7498037630646355,0
39.71276711910204,0.19192206437509943,3.647607972144279,0.013440300111380116,27.93034121642974,3.5045227849506477,29.256132984566218,131.15851542411804,0.7936654248346839,1.866658427123384,44.10639544777296,148.02363559002657,22.04088952187323,0.5308803835572006,116.88048398163032,12.742313663420793,48.372941372861106,5.884066590181869,3.004254826379724,1.1046184478454841,90.06674336479647,1.3541832618188516,2.5112735888749027,0.17008297364157512,82.50449079166366,18.392252555900534,173.70828715809654,168.8506610277727,129.89162093618492,3.2705855723764685,0
34.31814224427974,0.26078804441121645,3.1017179043166303,0.010619703374304403,29.37495219079765,3.2198619176101064,36.46887476323814,137.33424502214072,1.7029483732732336,1.743503491672535,48.099354379868075,139.48604412058265,24.000753837466654,0.19682409102102505,100.52293655512428,14.768193111953408,42.888019202748204,3.9629557579709833,3.158476055784067,2.0099150639835166,91.33410147127023,1.997337822693198,1.4318076970212803,0.25974356278028127,78.6082282153696,10.798773976560042,179.4271077114614,177.78740856096,92.30424084334899,1.9504847076595606,1
26.74303635276064,0.21090708425533108,4.071655754145257,0.004502258054742239,33.57788380710563,3.624769587875962,32.45798888492234,141.4181657429407,1.0913372947465025,1.9551779138547296,51.98200470432072,159.81115657963892,26.94527803706863,0.303716816131872,116.47834068154496,13.420721969499258,38.87512070774547,4.123785257688519,3.1178449758094917,1.4709428828559403,91.04631395347917,3.1851166810717277,2.0849568677188897,-0.09322585363594638,67.76226519697424,31.807774481747117,161.13965615522392,164.47198517346152,136.36016156831369,4.738484477899652,0
34.33716276505366,0.1468100655354017,2.8081294942019888,0.010970578843896439,25.486567657104857,2.8595285798141434,29.279336753608533,160.40173952735188,2.0195164958415313,1.9898486805594842,37.771705338177085,151.88281890146777,21.727182119759888,0.30028672391494005,111.69743105972192,7.832732798489008,42.50874817431035,4.767344554493869,2.977615179852572,1.4272621015985134,87.84362309009904,2.4925634321841685,1.920545523318677,0.14917250897977433,86.2150212543668,15.115465447174323,174.58043407406979,166.65956974474176,137.18526320101836,5.09942359196731,0
39.06811500985672,0.16025803909981043,3.367446474809614,0.01819444719260929,33.15392683859967,4.0374187686745024,30.034166238283113,201.35003795918757,2.2705256436145116,1.8654773295617655,42.053323489467694,175.47821151203408,30.89016170972755,0.3967395518964799,133.835657227072,18.81236623147083,43.62999829568714,4.343813074057264,3.305193393430767,1.9819776825611546,89.85010072187582,1.8679676893307229,1.3257643505043066,0.07432640121610803,97.28768140075991,18.55055903590594,149.03706452086823,162.48962544787958,95.03541862617095,5.619984745219012,0
38.40877978310624,0.2208509070470272,3.0999822004560618,0.019800823887128907,24.251147352399144,2.452007707090888,33.89411665579855,138.0518074862492,2.1982844211572985,2.300413602730383,46.05343930859942,153.83214042054632,17.62476086255056,0.3855032723121467,123.9663414530424,22.040718533025377,30.873209390643172,2.9891839183963396,2.4908534311866535,1.2968640814493049,93.52074946434685,2.5531337223752115,0.8949413530961138,0.22583455930549753,76.12106555120361,16.78822352608962,159.59336919217526,152.3745625721618,116.81025493929086,3.5186427044915574,0
30.975214596510547,0.19907274088942686,3.5110465433298508,0.01414609010958124,29.67103055328623,3.2614156105581515,28.21149429096885,155.129211975735,1.6677301523082937,2.301530858335664,39.51436504218764,130.14361433037692,19.904033948077647,0.175261504864698,145.51144280821998,15.642740247760079,38.73550292435569,5.45216582528458,3.699667769567086,1.524320022383145,95.71875079262425,1.790146687599115,0.23738497595578012,0.05530999981507162,91.06645901180829,21.36247294060135,150.79211193043724,180.012489895674,94.66580307554561,3.64755505561517,1
42.76330212492375,0.20829425437524884,3.731732163746736,0.0007940709458914876,22.601422809846078,2.165048446043226,35.172418141278825,166.71375560804194,1.714601477446767,2.4815960135303454,53.62787087868968,157.89854402681587,24.501324000635492,0.2500545857569698,106.16086796795548,10.879952979681294,39.103874757033545,4.663394234957302,2.8505507662607927,0.7049578873441011,77.19916177841915,3.258434168018833,1.2199632051766451,0.12927964718692575,78.6717629628016,20.54453205903378,163.52627142116404,183.07236534578567,104.95844914823267,1.8599108489059994,1
32.259780084783095,0.23622287063325415,3.170840363913158,0.0019901865426997876,22.15550027441212,2.4110177865575624,33.16276033050855,133.76443405174143,1.499547160889483,1.7266401330087522,49.66242619328412,162.52383954082381,17.96763783399684,0.39904907070064544,106.5782828744938,24.539366291388625,39.225292734710735,5.208791208781484,3.2651513855523424,1.63838025136974,84.92975864910302,0.6850289632826738,0.5050258565882868,0.1967630813520905,83.60225040070844,12.821695812853267,154.96227374188976,165.026785312241,85.29990029046279,2.7495801901380075,1
37.31474798558241,0.22244396476230724,3.870299327099656,0.0056799803281314155,31.916866948158606,3.326811501393392,29.773937385422418,157.561704607521,2.345593460312747,2.52026999459626,47.349038808800245,151.91157876139195,13.445683548327043,0.489990774044605,93.58958312493894,8.275549626198687,38.835927322773806,3.944928097022445,3.6680420403205414,1.388275049850991,90.67823699489871,0.3321253309697192,0.6667076987686911,0.2542964031771491,82.91821638523476,20.42662196148117,163.4191496587915,172.72845395672908,109.27266737371532,3.4715408295247,0
40.07893857992307,0.20463272105345942,3.039134630410297,0.01288159098763959,25.768631075449917,2.9870421675808876,27.28535810258461,142.7008435283113,2.347036836752958,2.1473502311717856,40.232708873606775,141.4549664030574,20.96794736294943,0.28774525653283417,95.2886302272081,17.046335210596638,38.198343597322534,5.980841112276062,3.2808201679437157,2.1777039272389,93.90631559806404,0.9472119579908453,1.5080255563502385,0.08344707818458402,81.13082638630813,20.408621628798606,161.7444000121066,184.27462431758582,112.84832284590193,1.6842662207894956,1
40.8576254246308,0.22928767194832428,3.0220051974343716,0.005935254414923456,21.203524020435026,3.5324008624001335,25.97762596537878,156.95321569113563,2.023146709002514,1.8045326572907692,48.67468638966344,125.63466144772877,19.769283413938467,0.4078745981517876,98.1041540668235,14.566910225176812,38.73962929764061,6.472449629641211,2.532427644603051,0.9214912387549247,84.67259605720356,0.7748650437776556,0.8886604425817703,0.1545555097863381,83.37053243685303,12.61954211016653,167.68353248959568,193.05970109932474,110.0576858597075,1.136297886133091,1
22.66666465947508,0.2338578087814025,3.190079810191884,0.011501554765728752,28.357891206503858,2.692376769313293,20.614166992030057,108.56540287659584,2.140683981198398,1.6836582616362108,45.347601901147634,158.9148353646428,19.5580029784187,0.3924084923387196,131.18238001595526,14.24633706755297,44.054901823858536,4.745321419839477,3.0614611037014643,2.054276698875855,88.5778509310115,3.723605403408786,0.5702008484079845,0.20688152171139504,83.23998370953295,11.094688925364672,186.95618268303622,181.9578731913961,74.11164992814895,1.7516449682562838,1
31.738444806598793,0.19197576343569253,4.196449390087955,0.013995831870455222,31.63345020982492,2.5638108140322573,17.837877711305246,135.2604391470649,1.5523920640478566,1.7718763100804922,46.515944913197046,162.3411799227479,23.37494934922315,0.29629273203336576,116.26191015478433,9.610424975649966,32.790238723659655,3.076858026793248,2.1644846536913778,1.706381587851552,99.10205457175725,2.802241800881249,1.2497948478875975,0.1714363899182101,91.22094335005845,20.893743662113312,166.52907107563107,174.76921564574982,102.64936667064417,4.279528232988431,0
33.78072448258105,0.21644646497628242,3.9051336642038272,0.013689763463738618,22.728697401155458,3.818286233607911,28.16144330667053,157.49790123951408,1.5925258782010923,1.989440672205099,47.83529548394659,156.04466093994048,16.198675549791496,0.38342481784489796,110.52425716615608,10.503830872421652,41.26080206726336,6.051837359762544,3.6275415755547624,0.8260765298330427,97.29726304647664,2.034530728483817,2.1778840709145295,0.1596005954705737,71.95176214563317,15.891644580928176,192.3396391998214,166.59748695055922,120.74506859955514,4.841149152745603,0
31.893030887950083,0.1898730902545899,4.884199027702195,0.019969143923796187,29.20502235581984,1.735175867699935,25.140537026040164,171.43668244562397,1.4276834653651544,2.615649223582107,38.01179316218966,142.9225154401943,27.47315842171732,0.2792091258646422,118.76037552158309,20.274341657793965,44.040746070384536,6.065407287244506,3.1197456929615495,1.6763300397959755,82.30819052690644,3.4020039998125498,0.8128621355879337,0.1801738076739513,98.41249692496804,18.64196663517159,176.87148969594827,176.67942295401667,69.24673483925355,1.861604097694249,1
38.71648399591377,0.08869011311554605,3.0103440452935306,0.005577683474437595,25.398018394403678,3.0118039811129766,31.3386406411641,138.35383029328003,2.194463836342258,2.02504078422749,51.236264070248836,171.7875329164698,15.068200083188014,0.3677864602397246,113.93404278180361,14.238863412802253,42.30807046589846,4.884538822906869,3.0302089963706385,1.6245742650870396,98.24708743356017,1.028524567797406,1.1229784904684414,0.17538262638369911,80.35246429698411,22.63780293587624,166.21845771435508,170.85768138667072,112.19622432998881,6.116248263120408,0
29.98792014498977,0.2978983603459047,3.5160846615534296,0.003916835675903518,22.536312674128048,2.199061579641304,33.39906898217064,164.01604878025597,2.3141566630994994,1.8992995591649706,54.82201448565769,155.0379759984768,13.782303594913612,0.14341541168705574,150.78401267290815,13.653320621702845,46.679819320618954,3.48377637386203,3.00166429232032,1.0439803013035924,95.81820911352882,2.129938256672992,1.1869116330802074,0.26612929278792824,80.7125678438396,12.273938260415918,179.52779630873744,152.38229988252957,130.64539710243554,2.9224474154139912,0
33.7135677056256,0.23642483971434258,3.794545683733875,0.008898685583386266,14.161787694467801,4.647013392815595,31.107178795928235,147.38145679733597,0.9403694728213943,1.8270612382817502,46.1478265712674,144.08973238855705,18.61753606347126,0.3768363130235842,113.7188271656246,11.459732222381582,41.209791145939995,4.00590548793678,3.307214453501249,1.4292504654194762,89.02153114209035,2.132597913135996,0.7705141655477796,0.16470924049531943,75.50294394821525,24.637904418637532,173.2024105115791,164.749398554184,112.07398867598351,0.6919120861015768,0
30.822749816151322,0.12746302728168857,3.9023923295805463,0.008930504711275855,25.51686805453835,2.3018515031247544,27.609097938997735,161.87807684297303,2.395118214829247,2.25286202984015,43.85514693494751,113.43990255029831,14.636854798600005,0.0936126432570154,120.0272839061559,14.84037814767114,33.04925460186618,6.233187640771664,2.407461058938445,2.506440695166689,87.05985508240153,2.54282488006491,0.31862706295955046,0.31331523006894835,97.43742481627875,11.949603772607423,158.57931423838085,163.43640272770702,118.31857062367382,4.676697555207276,0
46.965396542799866,0.20013432649198054,3.4060628338132406,0.010815631703756833,28.63362941058283,2.4445199735940615,33.13471159902847,147.51871610397228,3.07257563837564,1.6817781190442578,40.410679656170515,165.43226980980626,28.196616173201008,0.2673500264973602,121.94543425774756,23.842825439957934,37.291303606467054,5.920229181054645,3.1952442435927373,1.6871457773703775,96.76959904359151,0.8636834043251973,0.7844370281460193,0.2501051581373025,90.1634206168925,17.63394740372404,180.83271848852218,151.3999232287694,122.8088636401253,4.841454412770853,0
39.46784472663431,0.2552960258252259,4.577923278770611,0.011251876873503274,21.516234302693295,2.6335895767194857,31.270861388978165,160.36479160599615,3.1012149504515403,1.9483787626678681,49.086399495840766,147.257405712356,19.566016066280916,0.371094295603583,167.350761713522,9.149395018013218,38.81067498852331,4.41842365895937,3.119871496242034,1.7747319954530583,86.7984150937134,1.4222583818327776,1.2607953685746667,0.24301811757877606,76.7082577525968,24.304170819308037,156.43539743031786,166.82331700421253,124.83659730211252,3.0016044889227302,1
37.51196909625018,0.17512725629190487,3.180247380529065,0.013632982829824258,28.739224933878035,2.3326590160356275,29.96091785429667,159.09814162846388,1.8918136158499899,1.8481839290414945,45.15529878468306,130.39619651827766,13.847045774321987,0.31978666260358624,139.2965499541808,16.139279938237554,41.54238606212376,4.665022127823278,3.251658884355106,1.0203216539676887,98.10094592355505,2.9751236529559866,0.40691837022552724,0.22881650509574847,83.3683436534697,24.638093615448383,194.9268105256436,176.58068874439851,117.25002284308644,6.1370325970746915,0
40.33052133212094,0.13877389281685643,4.22450264396029,0.004197211725657531,29.53975378192172,2.349901866511124,30.319549342088607,97.1296065932631,1.6016100121030805,2.0258272943582813,44.06502282122767,130.82201095879483,25.624171598044214,0.5385846495926105,132.4744579948304,13.888492493795342,38.697928526590104,4.883026549098271,2.0922657992549256,1.01914680309447,89.93614102076337,1.4255967953693331,0.8770341828762194,-0.04514664687464723,81.0493466677654,28.060777471371935,150.61344877246773,168.4512424061207,128.7986952042981,4.1059526960408705,0
36.7959261472517,0.28972430085147816,4.332029100245253,0.011224624445858337,32.59364346752939,3.650318378811365,28.046195394521078,156.35771625455826,0.8300384889350754,2.2992341595516517,39.12038843923882,142.78318155535138,22.736653363292824,0.21381417663830216,125.93059575454983,15.714544752136884,38.184547380643046,4.709851337901577,3.172995764881441,0.7857387756373095,92.70080742265311,3.0445408624920898,1.6488140006323018,0.2917711241456378,91.3757146908422,25.249794008278286,156.6087175825973,173.31573568369527,86.8550989206177,0.5683658990590401,1
34.90481001701949,0.16301103478991988,3.566983465453283,0.014894155208681047,29.54030906732965,2.875158171132446,20.347932285864218,150.92574348009887,1.8949519087030446,1.7973273054885668,44.928829974216534,192.73747853640816,16.501305787458175,0.36727797949376206,134.04994665354397,6.2052816944720846,30.669547355698676,4.632259141778262,3.0923858892665876,1.275913605919293,88.82540528320057,2.5240008485653274,0.9966857213885505,0.3758158495397414,75.50946107291358,19.14744453915157,149.93886338795923,188.95352929756956,113.06346710184098,4.420748967199987,1
32.79689352326337,0.17296055714175546,4.0224078203381906,0.018442948631583186,29.09482940741305,2.8525985510925063,30.206500628708575,176.63339444939493,1.4308261413324708,1.6046330854800035,40.8798318555866,176.14109834679084,14.432255293178411,0.2220729300619812,117.83892601564585,8.656942897434217,39.30780037524964,5.120255604946225,2.6935548221412646,1.3601551072497038,90.28062287190511,1.7896182431896794,0.996086169734623,0.2562192258403062,86.42542404887884,23.147457047333734,164.22879637733564,163.71669451818207,103.49303698509317,2.3736779733130935,1
30.280446457326065,0.1306648660886374,3.8590870829615085,0.0017851877746378232,23.20872515724131,2.460044422631862,22.73989052760556,136.74968063188695,2.742364179285846,1.804434813173526,42.9279402778655,159.84842078637323,18.80431654419192,0.3403472790947092,142.34571396249603,18.210432141519686,36.765849824351605,4.735429670846811,1.8638864264558863,0.6109145835091644,90.81085504929139,2.4783994478248115,0.6035577309994713,0.3265424039444068,72.53596405942649,20.63821166761742,174.65565438552102,175.6816038732908,123.42993197356584,4.069427896377384,0
36.49466134317831,0.23979857630973161,3.211170601858475,0.015655286825314692,30.6667307630758,3.228280334734817,17.838060121685615,152.39157835772102,1.9462379294312355,2.304627673948319,47.78048192902734,109.15309445127251,16.567372399693177,0.43749111832940135,103.93484863840276,18.377534808245684,38.99580270890141,5.277642568027958,2.421937719188476,0.9510519248857153,90.09545586463064,2.3909983045737713,0.6275654529073211,0.16011933622871466,77.6690040509024,13.511748388102225,177.47028853822314,171.06689148218842,89.5816031995364,0.7117438866046812,1
28.190944190182023,0.18502006206133215,3.4427038064409574,0.005567496157696455,24.61471988996067,3.706028441006999,32.045976267519805,127.02589062634482,1.9644817882286199,2.08941702540103,50.808417447068535,169.2252174556726,5.6548052274183895,0.3748550193064036,120.97639366253345,11.883695076388964,41.72389648149443,5.28253671072425,2.679909946201111,2.6777890252542376,90.67994588839954,3.3779222357198315,0.8858812137920323,0.26306837350860157,74.97381062197232,23.154144425591497,176.5383256203315,150.18041543897147,133.14489456346982,3.8286370906503118,0
29.748825959925156,0.1520136160849412,4.0194110430136805,0.0141732147404406,29.586954172865113,2.3341777470261302,34.667857139583006,141.2494560341551,2.22793378563766,1.822002441339424,47.6902122611105,163.41718885721335,14.656036981294147,0.43628881229415417,100.98134761138562,22.505395804841477,44.63237705763072,6.366675697837014,3.2486980387315643,0.6607833116693348,89.66757056958929,0.6283758453954917,0.2938796788289526,0.2690794963678629,99.43434716834271,28.315827496700486,147.16695081442631,171.8524185328254,96.02520322231004,2.5257474688538863,1
21.627548548484434,0.21506949857148866,4.206688626717243,0.00537427282010662,27.914255146342995,4.034904832217221,33.746579521796335,157.0469689875482,2.107249472069405,2.516878749292481,45.3268431613169,158.3098219165103,23.28318586618062,0.27237212596345917,98.37450815745038,10.896092733538236,42.114894023417946,4.795572885493886,2.315368014532996,1.1796392137738196,86.0522477883107,1.3076751366568473,0.5289525716066997,-0.02414939085814019,78.87856659694957,29.122521842746746,163.16546550873403,137.11887116914997,129.95218883919475,6.721261284616801,0
28.78107160262362,0.1919830593037291,3.360838046195475,0.012793042305603802,24.000261703595154,2.0405720597743002,27.493491669586835,141.8745056968429,2.894060714888487,2.1517357769578167,43.317918262323836,187.00739391420302,23.604705410444772,0.30024050127164764,115.4522008296037,9.740969267866785,43.95821434249593,5.672219454165827,3.0042986499482223,1.517637437457178,96.58969833117186,1.9783519535683274,1.1609354177890416,0.18513447865922208,95.45741530463964,24.870203459004365,184.76183619000793,168.30352852356475,136.59121095797752,5.160145759920201,1
42.164763303792014,0.15491335195146236,3.438395868603221,0.011009936963991322,29.886092263534785,3.817368010161766,32.711275134128655,145.50760428380423,1.5205677795367225,2.1947514491584976,46.07417398033617,127.57383647763737,18.464839443369492,0.23672383308441575,126.16007566801845,10.716394193940943,34.217961098391235,4.971446361946884,3.634441885618292,1.3590231984400851,94.09666074396655,4.497705515268686,0.4623944999007271,0.05608049025928899,88.18414176467033,18.157679313120518,172.15345344264776,164.89967347242617,127.01325710452534,4.637374786013077,0
35.085478268899045,0.2952600777847859,2.9666814314102363,0.008583194728577319,31.818792155774087,3.0302969505374184,29.833410015104434,110.13709017299144,1.3425860386385629,2.386826137487285,46.98224067761855,133.38184498880003,22.575445142299372,0.3446320620004891,131.11120412476788,19.443073647695016,39.65901352803648,5.2125174792663485,3.068359048857885,1.2835359528098285,89.42888636137639,-1.0404968219026736,0.9276044312640251,-0.02571668340688049,79.97654408603415,12.508355467282776,159.93078988184055,185.04053897878876,81.97094978699539,3.5889795341088995,1
25.955102174260045,0.12402023857880834,3.701713643147013,0.010334663086317725,24.314860155920684,3.03245935695521,31.440904228688897,158.30434073112426,2.42302209394869,2.489788164664544,46.20668228119725,142.2289463159887,22.20227603603913,0.06496572566109896,106.35974750845224,17.833354074736448,29.38343946961556,5.279037586414852,3.0078830310554348,1.540756758256761,93.93470592561269,0.9507954243358232,0.5628334872237304,0.3051138732590246,92.88586404708364,20.139982782032604,169.5504835265325,178.07384218627413,101.22236348055118,2.8160490996506713,1
45.52249643807099,0.11193434213444596,3.5295372038627106,0.01242423450452745,29.73451190118838,3.1292621861729715,40.77361551226127,133.4922635077526,1.3200886254639865,2.188215008376604,46.96618848335407,118.83976267981751,15.946248996596934,0.2583351218550398,75.2762007669311,10.364181549223503,46.54835754440417,3.422031698912539,2.7112709165037985,1.276211717300327,91.94063147809948,2.7206650015207936,0.8352513132348276,0.11226756940387662,67.21500548962932,20.826081577836355,167.6057837444676,186.61068357646482,108.63772542896008,2.693067000190537,1
29.99482442148357,0.1916092195156464,4.237336737146898,0.0034155505929856188,18.632058523553816,3.3070968383632415,34.792004495414616,126.7770460386989,1.9638244561820493,1.9313501133762503,43.43352181593726,168.62980308116744,15.509621563092574,0.39472159482708674,97.34456568570252,13.830279493474947,39.23800779994347,6.603137509997649,3.218353532673915,1.0972994175175834,84.75213313917436,1.972705956836152,1.4873017788599294,0.22801401405087202,96.39356545550083,18.604104337948627,168.67997952517368,162.48810126526806,102.40089689194734,0.6357061893759162,1
35.752449415933484,0.28070953140692545,4.582915868215465,0.013284121638189423,29.330538980022656,3.5867376773051847,30.02360026162687,145.87377607757233,1.7566315827707777,2.1625980774215434,46.831995011868244,156.1887410794792,18.229407709905054,0.23435125284979275,95.6863633448474,14.066562605247261,51.5862350021367,2.364776123501501,2.189917093291842,0.62629950987467,96.61613572811635,0.46743240722717116,0.39175873667501704,0.30213494967034493,69.42848466555483,19.40687039226577,167.66684173323497,171.4517554190518,73.20209720981492,1.1313588827638092,1
35.71345795146676,0.16321603550952699,3.4626727202741825,0.0030944859067394406,25.20661402614921,4.875248684392823,23.35423975660349,138.19050702867506,1.6301717085675713,2.111839769037873,45.807364184760885,174.63545992545448,16.113962943799805,0.43648264055718644,124.26249094166184,21.545619300020732,46.04835899567257,6.168880392565063,2.864117834338598,0.986107017065696,99.06690102870405,2.6719679436875965,0.9919169264977302,0.17673853051350608,74.20041749232234,21.018931154552252,151.71416534274593,149.23767152603344,118.72191911559418,5.914650362439121,0
35.74188345480164,0.18932405770619465,4.350438784915515,0.010005841226961625,23.39343840125742,4.367577554787857,31.63792175672822,122.27291006535245,1.8384032144901727,2.2789360493917723,42.090234420753724,158.4301253749338,13.741888609755135,0.33082786528174263,102.32150709048983,20.291958648112413,33.45824436298144,5.181152253709264,3.0611960902091977,1.5488338814914446,98.83905755445149,1.0670669762513725,0.5561548487519954,0.32358632413732563,93.26546435198085,26.015686653352088,158.47765467611077,174.0529103106311,105.70328717299257,2.323577516627149,1
38.080893059609316,0.2654344130372766,2.6106086959821666,0.009241463742984398,28.63415473218993,2.3097531681501455,26.968619261283358,135.7249324738233,1.14742868733539,1.8616332677690612,45.91443799143712,161.93363193283386,36.34127270509788,0.3138867493963164,101.55331497654346,17.20322301798803,42.13210611833332,4.204519877864908,2.4659151464630638,0.8933538604222777,85.90526695792447,3.618632181221112,0.7336341895333056,0.13348153775105853,71.82849925083806,9.0850843957013,171.71620778009938,158.99559466943728,116.26964535018908,1.595190167112109,1
35.43298878089988,0.1317760336152221,4.042600530409556,0.0020271355829767686,21.470618187073782,3.1806980624124495,33.41354179982018,150.66420932448244,1.961040072279024,1.7493464247425328,41.09880995183904,186.59006334924362,23.598435291070118,0.23358334030973363,116.16673058117618,17.33761548986834,45.0688673685178,5.999402553523862,2.525387969394659,2.2820745892809082,81.18639335547817,0.8842462911832147,1.100396046312255,0.33776369843848797,100.06717258309513,20.171699849453436,144.3333155113825,153.52474591322792,118.43853420725077,6.893654805196258,0
28.50248555006604,0.22204273737311794,3.5858010602874004,0.01142331659058084,25.742084324018197,3.3672593144428524,46.558672957023205,148.6003714827636,1.7391731631207257,2.431235434850115,50.352802106147884,154.38425080063777,22.223314173351014,0.06622070925288706,119.74494219332415,12.766663604612482,43.72847362223585,5.107552230333915,2.9026593724895866,1.5294455674757415,80.25698448038419,2.9404635565427952,0.561094108072036,-0.044798052346555955,77.68813490498,17.529082474671167,142.4922433541611,157.45797837275808,127.49185338693796,1.864821501870511,0
35.06452227953402,0.2040483037821893,3.549393234059366,0.013077132607405131,25.3049694457606,4.078948467043244,27.783932030801083,136.0365881924753,1.6426817810371206,1.9486020324947093,36.81401038188295,163.3438747896766,17.53914861855411,0.2525160602168054,117.27951590356807,14.636820151718258,33.85543297358759,5.783233363946699,2.996515029735577,-0.1498324378040039,86.34746239386061,1.3274578674093807,0.436502898828528,0.23603945024805856,109.28784563450742,16.128895655983122,175.31211432326376,157.41371576639975,126.05554576045165,2.2290095106393424,0
34.17120264518432,0.24500179499156005,3.6890395404808176,0.013960605615570498,24.875500501534784,2.593110266996553,25.572480978834662,125.5115906637459,2.3117232335529434,2.0880411195504296,45.29922881567639,180.1549397442402,19.26422431056509,0.3029074361171408,100.12756825886022,3.6875385875786915,45.0743973263946,5.627473199362334,2.7679585316787056,1.946969867618381,89.81230947792605,1.1576627508781754,0.5996974515362768,0.2826814276365827,84.76629924713832,22.09303931731331,166.15200723714352,163.02763631595715,76.04665733448036,5.630189394076755,0
43.33512893421967,0.20753570553878165,2.6396009551733064,0.005685851112743195,13.971302983355923,3.999489718109884,27.74238161768828,186.28932583762145,1.8785540180365652,2.066545167361883,37.89960900257614,168.5037658677594,17.30087906629,0.1569019557560596,96.59588083468836,9.49965835830389,43.33734924097394,4.283261735718445,2.6969948729060125,0.9551767612495657,89.73394887764523,2.9524181902086033,-0.0008665902182163343,0.12291605260970655,72.14952239030671,13.208754680932252,160.35637938935474,163.57949272870817,87.60837530849929,6.9616100800696366,0
23.6524911333193,0.20933648284628598,3.3227534924468154,0.009489111008180876,19.143237304208668,2.5882885479476188,27.76355552593832,194.1980302890844,2.1431714620286404,1.700241249003187,47.52192444975671,142.77073200246733,18.816814382063505,0.2952580265382195,103.91715425191362,15.817545511604772,37.45706957818869,5.433989024387198,3.1621980083607713,1.3181961091479075,87.40458098706696,1.7058082231079301,0.5888885955172777,0.3514747440824013,96.73213229705237,19.28385890730462,172.7692804557103,182.84356795301304,128.61932143381753,5.69843572101615,0
35.51150701147563,0.18587598844819755,3.656105516263536,0.00920956334785573,19.96532160751064,2.6959186145295435,30.991511843896202,125.18202127923392,1.9804524379542514,2.2733833957818117,50.87857397725243,124.32669193509088,24.15450754429891,0.2598968576619845,110.51991660345693,8.399872951612583,39.99306477426796,5.482043659212298,2.8289368354054423,1.6928144740583737,90.95993510972062,0.5968149797917675,1.6573081220175072,0.2722042237694331,75.29520947594946,22.56219542513181,178.24822806555576,161.75512758481094,128.20878619774547,3.094668717239243,0
29.395927146665727,0.17878727882863046,3.647676491578594,0.010741114370067483,32.48228475608536,3.6987654558281746,31.74085543844847,165.7308763827219,1.9713351351571655,1.8715149266049287,46.22066016170477,145.22677221861193,16.869997370254747,0.11995814549683179,133.06420961014572,19.592781886012368,40.87504009798718,5.2293901148338096,2.521355291392079,2.3983787804960923,94.01432968632227,0.04939673462510252,1.7407968685173074,0.06034412246355367,69.0842797184259,18.313428095424403,159.94495085132132,174.7537401856852,95.61993755844638,2.083935651325069,1
33.35574114160167,0.1892084293696396,4.027001979727077,0.011352163040333142,27.579034036367496,2.8981329665611133,29.069362095912354,147.0966413362491,1.922301295118647,1.4155987585036192,44.2074379161298,151.47186050428036,18.422579361673627,0.27237776852249124,128.08069993870248,17.047116708863488,40.89346807739423,4.073027197520874,2.9126971316340833,1.483478667949143,89.2246020071497,1.301304563637474,0.60027562882143,0.16648860606007893,87.72323394570208,19.915389654961334,171.5287953314536,173.56824025673814,100.6487581434753,2.0424742465791064,1
30.269004635764055,0.19586467910365202,3.7794465620792996,0.013664002329479757,23.26474513573967,1.5825638060264835,21.739543055667415,179.7500454255745,1.2809662860109174,1.6677559848784076,43.02634274923544,156.0821804146959,22.49180835534601,0.4097540293625058,118.95139052356342,28.013103333120085,42.09384948838107,5.142554263348921,2.1578105116684902,1.6764170288164895,97.0991450777592,0.966456662194267,1.2846677844220717,0.16862901599229763,98.70057223006569,25.249245713294094,181.4998477303997,172.30706510249246,116.04877898391028,1.9832081864692368,1
34.15875146828116,0.10909777056197632,3.2968741937840895,0.0071431121019855295,25.509222161675396,3.8496051688999477,32.91232396660889,144.86515120779976,2.6359155845391227,2.2924852412831007,48.851507785284,177.98288409079757,16.10173267211,0.35659872523606023,114.19780908825786,12.781853454320554,45.165996900547356,3.2218772011406145,3.4548335961030867,2.257428284536758,82.00122549441966,1.7413889690341615,0.8920321699032235,0.18173550787726284,83.82831058294936,16.60379708813847,175.87138340097113,172.08493287434635,104.88328244320857,1.1560929833996612,1
33.127207191569305,0.23961715846614862,3.0697854587679876,0.006558424894102941,21.816142959263367,2.853784545366279,24.045837108919486,131.45167596074558,2.283899687829603,2.532144974612633,51.38051890837807,144.34417325256226,15.737510284067554,0.2329528132694062,126.60473406524902,14.549869426944676,40.988248142630546,6.5139987548731035,3.6298911699172614,1.3266877071860945,96.07997315134547,2.624989566618843,0.7449665831336163,0.20760819423957436,78.051918962696,11.004180780544168,175.74460666042222,168.10122520626527,123.60004428428164,5.793052529405847,0
36.60315602997545,0.2008933797717851,4.461523278151989,0.007710952315722655,29.152720522019457,3.0225154411452,21.76134407878392,184.38925835314782,2.9663297924162695,2.3178484299904043,44.164980436630536,155.14990185400939,28.37254637295697,0.3110321480781011,130.86784007276938,9.138232482264971,43.02423548016366,4.363125074772581,3.8369003940722073,1.5075326199053296,90.80382807757245,0.16099284440930628,0.6056855295253911,0.2342358577211279,72.18711136653087,15.726063697221033,164.9205919902487,162.1575290157937,91.88252394421474,8.234128467268004,0
43.44939764678293,0.20437839594516188,3.310388362124899,0.008306339751042256,32.226484970605036,2.8417667392914225,22.837604485126032,152.71863705896334,2.489701750689114,1.7050359989084565,48.72079455372112,184.22723475031182,25.718952616477857,0.5153212077396885,124.7583096230783,7.000380421769433,38.22976136353492,5.0020364504755355,2.565809998384987,1.3120574900019002,82.56776971549925,2.0515591661118537,1.0479219466457332,0.08616843115843614,96.1580757863137,17.90505137040027,173.00847336529716,160.09027717434154,139.99201413634398,6.644385185508527,0
35.928875388087036,0.15843330431209648,3.7412742037272673,0.01736062858941594,20.746657065258233,2.2001707436437603,39.33727337059676,158.95275198265406,1.6324588478465918,2.0970540695368554,47.45396229284221,134.27447564929173,20.114790909607937,0.3042922325065926,113.87558440938481,21.744155061517105,44.727391459087784,6.687937830447374,3.030987550249464,1.2814889867455632,85.99194240404515,0.6193271844392474,1.4443376471618659,0.2025896922231942,86.19205283914309,20.234639898475248,151.1394074612436,164.61211789795047,99.19585809892988,3.4653259471231705,1
32.75749214171819,0.1679151726404986,3.1157494986355054,0.012626182407070675,25.308228235395003,3.402664229707255,29.81154333810439,157.50452737595685,2.2142959381522562,2.1917503953628126,49.554396831888305,157.63009163059735,17.055467990142454,0.5484801668766374,118.67275973752245,15.101015027776144,41.047128753969226,3.8091485097672857,2.611076490054275,1.6741304473855154,87.84726088782051,2.8992641747088843,2.0550477188046576,0.17100664899713677,103.68153662712882,21.156159812913863,174.51996260787107,174.45876983713035,105.82665886570781,8.146761014151785,0
26.521891006065765,0.1950758354904868,3.9047427469533162,0.013145810235336515,31.42587664262457,2.090224403037997,31.28296344494613,151.9123111280138,1.965137073998677,2.2938903617230384,51.41137176425146,132.56014151395027,23.12291705921916,0.1942427560398076,119.58720442973492,11.478246324807841,43.968963300102956,5.941746945403454,3.0262053893669147,1.6547791758164376,89.54450331268113,2.7380932078012252,2.2052055361857406,0.23231350168638346,81.99419603670714,13.846482993328799,185.02854753602398,169.13863081535757,129.0625426107951,5.455315301866173,0
39.352509455000636,0.1537584498257385,3.287401975805283,0.009130071037898481,17.73352368661614,2.3739017898032126,26.94921446731141,110.07670823027529,2.661203426888859,1.7869240730666351,45.78436666953111,132.1978413860193,14.289485185965187,0.3021390931460801,131.57169135349986,19.072255207274104,37.9086683178689,4.481094675621093,3.140548563462031,1.9731155231760567,92.18614865763274,0.13677856463348848,0.4914036013750752,0.2593076371722637,88.49954122181093,22.60835222939957,181.3560360336011,174.04797460741992,87.88450989704273,3.211684006156376,1
37.597387118597275,0.29657331731263686,4.143355944605858,0.008122114024563695,22.3162222235374,1.226855243959714,34.879560905953596,195.3808909897157,1.7475833061760269,2.3315727419982024,44.58175745327273,147.28200957446066,11.002616741662122,0.2527245064943953,117.91911719850329,19.393028320066907,45.01180379223254,3.4945251581723484,2.8811063825384458,2.036563354013326,91.16637682511855,1.45332774332131,0.5432737729940187,0.10779933562772401,100.13229749101575,9.733916431245415,158.79925486341426,182.3736857589624,111.44740771231774,0.9669872757244571,1
23.490173999964068,0.2127518033559253,3.881367834869786,0.019472461849499443,29.86643674027082,2.0700292279556143,24.965523112139834,171.55445462931073,2.0491996127218877,2.1578861116060306,44.00117037685312,160.5149534525576,19.7027865560485,0.319399522897839,94.32886021922019,23.724329610017847,41.58904926334382,4.671735444284743,3.1170800998538932,1.5694156920860356,88.06099695831087,1.9909152498310858,0.5303489977347539,0.04382071104167831,79.61807798740423,15.137231967868875,166.7388701988652,160.9784026492748,115.73585360508784,3.8242769987836764,0
39.41296840977931,0.15671886641445562,3.816612450997653,0.006775422689846546,33.59123504200558,4.217126924993808,31.550998949190515,148.34566361283487,2.2378232795840405,1.5240047557589158,49.29201801126979,158.11565515812163,30.98995144124904,0.30030093719442097,140.2333633032755,9.478478715235571,44.67217052801201,6.901908948954325,2.8843272251049505,1.364983648102537,80.86669629992684,2.2786038649710076,0.7953663529401211,0.06538548043992551,82.39775332059811,22.19346537607861,156.91202627693,163.61317054725154,124.2243911716002,5.518490926223367,0
35.553246720115794,0.22079019866669305,3.780838023733624,0.006506950432361104,34.14468636132098,3.5882338167145895,33.64687759109684,167.83821507507443,1.549987606592314,1.8917610277490555,43.40617401579889,171.24791910822572,22.63334253821906,0.37380904216829436,132.76294213280326,13.684060216121432,35.44797765046996,4.551590970884708,2.264389541572825,1.5531206866287373,101.86413333980778,2.0011544015867346,1.8185232097196136,0.3328420392045571,105.9368325545627,13.894107620289253,166.4682493193618,166.33259597734897,127.92346185747726,4.072274721769522,1
35.34475962259122,0.22469745052328266,3.3228240147530657,0.002593562354155552,25.087596663788826,3.2527967486271145,40.824591218802645,149.44563953197056,2.1219144113713164,1.9581885684669098,45.49882443178841,153.84433349364068,17.52712166515778,0.4285890634570939,113.15299355452645,12.380014410922229,43.424062738602544,3.7987294718427806,3.2654537775096832,1.8160242359047079,101.70920229184273,1.4322254857459034,0.15470334896148885,0.25957351906179016,77.03569449674553,21.753116041680272,154.15183678877085,163.67198825488026,95.02079368755264,6.437353465748394,0
28.88745535632998,0.153785406957855,3.2797063928820753,0.01795700740047831,23.303149934465072,2.526892694671318,26.805457810313253,156.4430609308477,0.7622563764401351,2.2911792219265052,49.99153507134182,181.61454162907455,13.743428309629582,0.23081513979580698,149.99401690658843,10.363531057914415,46.94367106097084,4.926966227530686,2.9134109884327106,2.3569386929949396,91.6491090364476,2.025929435905418,1.0685931004971727,0.20191011787797272,88.76496988722617,12.939225753673007,188.25479269361227,162.27823534312606,131.6583271855194,3.7712759850705098,0
36.03071801342537,0.2219384359590878,4.240396538267652,0.011061236967711517,23.79223523872564,4.707819175396766,31.449299441104,175.8398677071716,2.344710877154747,1.7829446711502537,51.66587056309439,139.52661689450377,20.00528591949099,0.1965797235116185,110.14256756955751,19.41222118432041,41.86954314815155,5.873808216298074,2.3931730667472273,1.2249131760253311,81.56590797705495,2.426421709341885,0.46552284828339263,0.09886029553875064,95.82970644166043,14.886229173045896,155.53528792949618,180.56548704910045,114.39559557021266,1.5464275385344517,1
31.730047262150954,0.2364453784909916,3.8567558573278524,0.01430941902982102,31.13214836294354,4.631271038534107,34.894747436817326,130.14195002472152,1.7794475831389933,1.7377910950586415,42.64767872082008,168.2512501990847,14.350219444358334,0.2964552694070043,116.01339868464207,13.871037279964542,35.66479013383731,5.498235081208969,3.135321500882818,1.636414679986336,83.51607253379306,1.9797706240094959,1.139823422554371,0.23217480366483445,70.19421244624188,22.271193461544154,154.75316881356653,174.9380670713641,135.20938018267424,8.821804675453633,0
35.429003213948114,0.2710112570041426,3.182869841710347,0.007130726234355031,26.01924576109777,3.2674863010127875,28.591387614725246,132.15992536253756,2.1966755562087954,1.9597317326714183,55.915027099021486,133.74937043991494,25.4285286331769,0.1975563534591448,99.57136825502985,15.181344296669666,41.23133192282149,3.892619755009107,3.084258450661083,1.945675015437363,92.80999693358757,2.290417560211495,1.235416405122348,0.3865192045326016,82.44722094770543,23.198566290759086,174.65513665906772,167.6198919678334,109.0483371031727,3.7793801000440475,0
39.742523501393265,0.2390659414120891,4.537856657305738,0.012943349325768438,26.103524876050034,4.513333180220638,27.248489309403585,169.65364516922983,1.3286138987293203,2.5413227771880953,53.726395664651804,176.8700906656139,12.044832784675425,0.22692900309253786,98.55902277668741,14.864325975650747,38.444363416562396,3.8374814890287663,2.572221561289229,2.0539011086104795,87.28078385426193,2.451327558932893,0.6299534941797185,0.22506835165054728,90.12371463170851,20.16818498717275,175.0038879471479,180.9407025523907,109.87926347188416,3.590837191733022,1
33.65925773551336,0.15673863903959567,4.0096540664891345,0.015928543733192687,22.417632780480663,3.2803673912120104,38.748307493347056,136.05205046102003,1.5734833167757907,1.7497556239258178,45.72073975656667,120.7870602157414,23.41832482471925,0.33536948799907323,124.50809632985218,11.059948916286277,41.407795097204335,7.415580691430895,3.424877545744605,1.2958680983634565,93.95991982898673,2.7448993137905013,0.7267786351342485,0.11176329436315918,86.43904431215394,21.124247347055817,145.02077818603667,160.94156624888643,127.79416719799204,6.258069912987157,0
28.122797300929825,0.2531203907660986,4.697340461295404,0.007332430654102039,36.01544249917576,3.720608137332471,31.52931274669901,120.69374798169721,1.3330120056674641,2.428665912892857,58.53892372127867,161.55425975896839,23.194726088413184,0.2472347710065734,126.92458999441018,18.608461056245122,44.799110875250456,6.250459614806436,3.17948320818988,1.2488125196737037,95.55757857164697,2.8982495283039125,0.9542804243800453,0.19364780191177478,96.16562687221437,17.00806848075341,156.23331955703273,170.12982849598725,143.59859444674188,3.923163662279655,0
33.21364373381521,0.2621526490960885,3.140959562746626,0.013759154254490868,23.280961556078676,4.301441744223018,35.26175126918349,133.55392685136655,1.9573875790566204,2.015761326224476,43.00953538761333,134.77126620916,7.29369835036673,0.39734772350198727,136.8728833982794,5.229428461931004,33.76581102553694,4.569845900056049,4.087053988577112,1.5391447034971297,90.9999036479993,2.7625059984603304,0.683013580440238,0.17314425274535547,65.93786984489961,25.600493958706927,163.27296573678848,180.41231297197672,108.08204910438673,4.112065657415331,1
35.896832454650735,0.11090055862201566,3.2866777616953744,0.017400426548632823,27.503092345954627,3.5300189278937473,32.13668110942915,121.73707173969993,3.106423362258347,2.0962061526621967,45.03373281161387,164.94058772830564,13.91535720878808,0.43842758161787276,128.19183808788316,25.490803900991875,43.330476695631184,4.865734991456681,3.4478335545638714,1.7042055786481922,87.25720701946413,2.60162851582552,1.2852654543642263,0.23897015036679753,72.12687469815477,22.9357454421829,181.97026714185392,170.3351081833983,127.57843816660446,4.669873446459152,0
26.956766263942026,0.14806773160950393,3.442094355862494,0.011003158751187427,14.66562441381997,2.5412340065670502,34.44346943258447,182.5347609069322,2.87083820170846,2.041677562715093,47.38083625134087,129.42584172766237,20.177341375667815,0.5002582832536546,116.91691836192108,11.925628914024216,40.36449571933655,4.210628359179079,2.2783004966768776,2.077311246395747,95.56453804770184,1.4826075412697688,1.3914910176964304,0.3045747176527541,105.67226596003198,12.832739383310981,191.486485588327,172.25603426477647,121.31564152552497,2.1650573446643766,1
30.876159258940845,0.26256824252633193,2.899556027764128,0.01753642271788645,20.18212975969601,3.4996372014538752,32.03615713277717,125.60119292244657,2.00169301356886,1.6295548230436112,40.58987650611475,148.83269575212734,13.253678588643826,0.3849012033531806,116.41704808208067,12.686127828979462,38.38855890086268,3.754789713458059,3.050757637276558,0.9734582073768082,87.33614765217226,3.030320897896442,1.261577469391322,0.19158357895206948,85.5330717576147,16.184995026151476,154.3401183033033,161.52035662065074,125.04444517326834,4.539564983376672,0
33.446024666728206,0.22771830503983115,2.8407478590516817,0.009590146424438986,21.494081477468086,4.735420611146656,24.34685956338509,172.75896078152942,1.7412842408422313,1.8567362699799637,46.20354275426743,162.88908426640162,23.097283538511352,0.38994449222978494,113.70144619583562,24.959746335519863,39.44079523827227,4.940231544857942,2.705869620136296,2.5822688386119697,92.05032867377469,1.9730689144371047,1.1910231302622378,0.22768587042673888,95.51251317267145,21.139406205039766,167.21736445195523,155.09725310680517,134.3698491614176,4.829143382616543,0
34.62332568755735,0.32702571310463396,3.623877733620476,0.013936677042361272,17.43639107355243,3.461052751121041,33.37039978899931,191.00858379140698,1.9522924331950207,2.3215500092939636,44.71287815911631,158.8046727352653,21.381849701415504,0.31783781854577026,95.11685207105893,21.90475480896527,44.29694236885468,4.771734285077915,2.620407025196182,2.054099734663515,97.86923809991667,0.5824153344481919,0.9482185382584647,0.13571943439225848,81.77556873683844,26.216173923586883,182.28596198243346,142.68944992080688,109.52144697390284,2.4962141921526695,1
37.33289500324674,0.20887972297291119,3.2224649143306734,0.011049144664539459,26.01387920702321,1.9131862633961776,25.367391001297115,110.92294890705108,2.5004061123676173,1.9290387118242838,50.70372101800044,154.99982410683697,27.844570994348913,0.18464300155266927,147.7123404925171,9.644812126794386,38.06399773969435,3.1694205193734373,3.2812585564487375,1.1060929375848085,89.40493521448704,1.9107546844725831,1.081825236434268,0.1547037380056789,95.42764140398982,16.589897692571057,161.2305652203939,164.01240194133285,118.66254451259528,6.002379942018463,0
36.14012543091397,0.15336762599882164,3.844655766937695,0.006488680011326563,24.188131893595404,3.092184882409732,19.57843143999565,147.1050175685272,2.1452270665810915,2.7701706583790857,41.29958025662234,148.32184954011095,16.87988160248701,0.223869525832045,119.0836392856737,17.427722777347114,36.48704317010114,5.086619604760799,2.420182827919951,1.8329272525580815,86.9949122603564,1.809874546081706,-0.07611943378344765,0.0037104432885086136,97.52306683397626,17.332341322322065,160.53164806517785,184.37850297361706,58.2874408767787,2.701874328992077,1
31.820591951371323,0.20417481280789035,3.3347808611208163,0.015206833337536767,33.83746305461392,3.8372987170024286,34.84819421347327,170.56333134795946,2.3108470716503033,2.0454008445899166,42.42783875115525,183.91332178941903,30.55000338381337,0.41119378127465733,106.86028816686937,19.655242093628303,40.34804471199255,4.072043616703129,3.165460096321031,0.5300904567610826,91.41476142220701,0.7535632450502903,0.9591633907981008,0.2131357707983407,76.38216239270133,24.07561555592779,185.6995186745326,168.1158150338288,128.30661911355867,7.3038763522510655,0
35.27588911972122,0.23732440208154804,3.476749443237477,0.004740509980855991,25.07192534260224,4.086375134591205,26.201134609485408,188.63373781325478,2.1672525244193315,2.4127725094468615,43.13203287074246,143.204197251953,22.384167314682692,0.2842805760398971,105.23413674811987,20.63469771993988,40.923329854951334,5.125731218564446,3.2428977951105455,1.474795046856013,87.7388188790077,0.10607781338156985,0.07606429732878661,0.18350497871522625,101.40107427085212,20.46146624151041,163.99761328470063,172.71846635560763,141.62998723164455,3.1232225897347186,0
28.188559190601964,0.17115201612090777,2.8714099735611915,0.012862542289614068,17.389243939029228,3.204306000722899,28.27548578283555,181.6908199027924,1.853748119256371,2.1703549696392948,44.02773069644682,175.261634252303,24.449510845832133,0.31228249758230514,102.36110642952026,9.672486949563547,46.068602792639,6.357982981753988,2.694374423168849,1.9789703450214937,91.20697499756123,2.2754426016603184,0.5238784636964721,0.1514385690350411,87.68456777311992,26.23044870141369,178.37088625436797,151.00766131390412,128.4429177173593,4.3878277146603635,0
26.88725608856288,0.2118142071128908,4.200253726217733,0.009398006977676718,25.54734768496276,2.7912303514037893,31.70500915220151,133.87109882874648,2.0917247676101614,2.0351828014008126,44.34430385266473,160.79471768344092,17.54206254234363,0.2387596284074787,76.28004756371492,11.667849030871075,39.43312280533305,5.443496324090731,3.6117027563850566,1.93364015446708,95.60558176954248,1.56321045102749,1.0433333632865205,-0.002492421351239338,78.77085781646298,12.5419701384838,190.72822037082133,154.6089561673561,121.97131938675473,3.6275032665647875,0
27.946081856045023,0.25110611927379933,3.420258368029974,0.011114289534284833,26.629925983562323,4.008362844625478,30.159024000809985,147.49696479347728,1.5142050976628485,2.234096873915597,39.659402672336725,152.5547327729463,17.661592445911104,0.6525945491114145,103.90175153145489,16.040143039322853,27.980729635921897,3.725193737477552,2.0536037688223976,1.5190762628982963,93.68003902888795,1.9062314173252755,0.5524837063315051,0.217565978386866,71.44492627848425,16.059290146783976,147.56351677409447,170.72320401876195,99.8761522799822,2.28737226376975,1
